BA,1,0,4,0.021716,0.021429,0.00019
KC,1,0,1,0.004225,0.004014,0.000117
BA,1,0,4,0.020822,0.020527,0.000203
KC,1,0,1,0.003818,0.003613,0.000123
BA,1,0,3,0.011117,0.0109,0.000154
KC,1,0,1,0.002904,0.002684,0.000125
BA,1,0,4,0.02115,0.020854,0.000203
KC,1,0,1,0.003951,0.003722,0.000131
BA,1,0,2,0.005423,0.005288,9.9e-05
KC,1,0,1,0.004062,0.003844,0.000121
BA,1,0,2,0.005201,0.005064,0.000102
KC,1,0,1,0.004199,0.003972,0.000131
BA,1,0,2,0.005832,0.005694,0.000102
KC,1,0,1,0.004268,0.004052,0.00012
BA,1,0,3,0.011368,0.011149,0.000154
KC,1,0,1,0.002557,0.002355,0.000118
BA,1,0,2,0.005475,0.005337,0.000102
KC,1,0,1,0.003978,0.003773,0.00012
BA,1,0,3,0.012079,0.011844,0.000154
KC,1,0,1,0.002882,0.002658,0.00012
BA,1,0,4,0.020123,0.019828,0.000203
KC,1,0,1,0.003595,0.003369,0.000121
BA,1,0,3,0.010046,0.00982,0.000161
KC,1,0,1,0.00295,0.002747,0.000119
BA,1,0,4,0.018941,0.018635,0.000209
KC,1,0,1,0.003719,0.003491,0.00013
BA,1,0,2,0.005121,0.004982,0.000104
KC,1,0,1,0.004068,0.003836,0.000128
BA,1,0,3,0.011268,0.011039,0.000165
KC,1,0,2,0.005173,0.004825,0.000189
BA,1,0,2,0.005828,0.005687,0.000104
KC,1,0,1,0.004002,0.003784,0.000122
BA,1,0,3,0.011757,0.011527,0.000166
KC,1,0,2,0.005413,0.005054,0.000187
BA,1,0,4,0.021596,0.021275,0.000228
KC,1,0,1,0.003669,0.003454,0.000121
BA,1,0,3,0.011933,0.011708,0.000155
KC,1,0,2,0.005282,0.004927,0.000184
BA,1,0,3,0.011535,0.011312,0.000158
KC,1,0,1,0.002909,0.002692,0.00012
BA,1,0,3,0.01268,0.012461,0.000155
KC,1,0,2,0.005338,0.004981,0.000186
BA,1,0,2,0.005406,0.005267,0.000102
KC,1,0,1,0.004198,0.003979,0.000122
BA,1,0,3,0.011722,0.0115,0.000158
KC,1,0,1,0.002995,0.002776,0.000121
BA,1,0,4,0.020304,0.020005,0.000207
KC,1,0,1,0.003741,0.00351,0.000133
BA,1,0,4,0.021133,0.020828,0.000204
KC,1,0,1,0.003931,0.00371,0.000123
BA,1,0,4,0.021453,0.021155,0.000205
KC,1,0,2,0.005193,0.004834,0.000187
BA,1,0,3,0.012278,0.012058,0.000156
KC,1,0,1,0.002741,0.002523,0.00012
BA,1,0,3,0.012203,0.011984,0.000155
KC,1,0,1,0.002652,0.002434,0.000121
BA,1,0,4,0.020732,0.020431,0.000209
KC,1,0,1,0.003882,0.003658,0.000122
BA,1,0,2,0.00541,0.005262,0.000113
KC,1,0,1,0.004078,0.00386,0.000122
BA,1,20,4,0.01923,0.018927,0.000204
KC,1,20,1,0.004046,0.003828,0.000122
BA,1,20,4,0.020659,0.020352,0.000208
KC,1,20,1,0.003753,0.003546,0.000123
BA,1,20,3,0.01117,0.010952,0.000153
KC,1,20,1,0.002917,0.002701,0.00012
BA,1,20,4,0.021135,0.02083,0.000212
KC,1,20,1,0.003912,0.003706,0.000122
BA,1,20,2,0.005438,0.005302,0.000101
KC,1,20,1,0.004068,0.003848,0.000123
BA,1,20,2,0.005203,0.005065,0.000102
KC,1,20,1,0.004202,0.003985,0.00012
BA,1,20,2,0.005845,0.005704,0.000101
KC,1,20,1,0.004245,0.004028,0.000119
BA,1,20,3,0.011325,0.011108,0.000154
KC,1,20,1,0.002564,0.00235,0.000119
BA,1,20,2,0.005468,0.00533,0.000102
KC,1,20,1,0.003995,0.003774,0.000123
BA,1,20,3,0.012018,0.011783,0.000163
KC,1,20,1,0.002871,0.002659,0.000121
BA,1,20,4,0.020131,0.019814,0.000217
KC,1,20,1,0.003612,0.003391,0.000123
BA,1,20,3,0.010016,0.009795,0.000156
KC,1,20,1,0.002951,0.002728,0.000126
BA,1,20,4,0.018881,0.018575,0.000207
KC,1,20,1,0.003729,0.00351,0.000122
BA,1,20,2,0.005124,0.004986,0.000102
KC,1,20,1,0.004046,0.00382,0.000127
BA,1,20,3,0.011237,0.011015,0.000155
KC,1,20,2,0.005143,0.004784,0.000187
BA,1,20,2,0.005818,0.005671,0.000103
KC,1,20,1,0.003994,0.003788,0.00012
BA,1,20,3,0.01179,0.011563,0.000156
KC,1,20,2,0.005454,0.005096,0.000186
BA,1,20,4,0.021508,0.021206,0.000209
KC,1,20,1,0.003654,0.003424,0.000132
BA,1,20,3,0.011862,0.011645,0.000153
KC,1,20,2,0.005201,0.004844,0.000185
BA,1,20,3,0.011485,0.011257,0.000155
KC,1,20,1,0.0029,0.002675,0.00013
BA,1,20,3,0.012629,0.012409,0.000154
KC,1,20,2,0.005336,0.004965,0.000185
BA,1,20,2,0.005362,0.005223,0.000102
KC,1,20,1,0.0042,0.003975,0.000128
BA,1,20,3,0.011704,0.011481,0.000153
KC,1,20,1,0.002973,0.002757,0.00012
BA,1,20,4,0.020262,0.019961,0.000206
KC,1,20,1,0.00372,0.003491,0.000123
BA,1,20,4,0.021186,0.020887,0.000205
KC,1,20,1,0.003919,0.003698,0.000123
BA,1,20,4,0.021433,0.021125,0.000208
KC,1,20,2,0.005218,0.004849,0.000195
BA,1,20,3,0.012314,0.012086,0.000162
KC,1,20,1,0.002743,0.002524,0.000121
BA,1,20,3,0.012117,0.011899,0.000154
KC,1,20,1,0.002655,0.00244,0.000121
BA,1,20,4,0.020859,0.02055,0.000216
KC,1,20,1,0.003883,0.003664,0.000122
BA,1,20,2,0.005421,0.005281,0.000104
KC,1,20,1,0.004059,0.00384,0.000122
BA,1,40,4,0.019238,0.018925,0.000218
KC,1,40,1,0.004051,0.003831,0.000122
BA,1,40,4,0.020381,0.02008,0.000208
KC,1,40,1,0.003698,0.003494,0.00011
BA,1,40,3,0.00897,0.008791,0.000125
KC,1,40,1,0.002332,0.002158,9.6e-05
BA,1,40,4,0.01696,0.016712,0.000165
KC,1,40,1,0.003168,0.00299,9.9e-05
BA,1,40,2,0.004367,0.004231,0.000106
KC,1,40,1,0.003266,0.003099,9.7e-05
BA,1,40,2,0.004172,0.004061,8.2e-05
KC,1,40,1,0.003365,0.003184,0.000103
BA,1,40,2,0.004645,0.004533,8.2e-05
KC,1,40,1,0.003434,0.003258,9.6e-05
BA,1,40,3,0.0091,0.008913,0.000131
KC,1,40,1,0.002073,0.001899,9.6e-05
BA,1,40,2,0.004405,0.004294,8.2e-05
KC,1,40,1,0.003204,0.003038,9.6e-05
BA,1,40,3,0.009697,0.009514,0.000131
KC,1,40,1,0.002308,0.002134,9.7e-05
BA,1,40,4,0.016172,0.015928,0.000166
KC,1,40,1,0.002905,0.00272,9.8e-05
BA,1,40,3,0.008069,0.007887,0.00013
KC,1,40,1,0.002379,0.002206,9.5e-05
BA,1,40,4,0.015193,0.014951,0.000164
KC,1,40,1,0.002983,0.002806,9.8e-05
BA,1,40,2,0.004103,0.00399,8.3e-05
KC,1,40,1,0.003243,0.003065,9.9e-05
BA,1,40,3,0.009054,0.008875,0.000125
KC,1,40,2,0.004131,0.003834,0.000149
BA,1,40,2,0.004663,0.004551,8.3e-05
KC,1,40,1,0.003218,0.003043,9.7e-05
BA,1,40,3,0.009425,0.009246,0.000127
KC,1,40,2,0.004395,0.004104,0.000152
BA,1,40,4,0.017337,0.017087,0.000168
KC,1,40,1,0.00298,0.002811,9.8e-05
BA,1,40,3,0.009574,0.009397,0.000125
KC,1,40,2,0.004191,0.003915,0.000147
BA,1,40,3,0.009279,0.009101,0.000126
KC,1,40,1,0.002335,0.002161,9.6e-05
BA,1,40,3,0.010164,0.009979,0.000132
KC,1,40,2,0.004309,0.004014,0.000158
BA,1,40,2,0.004338,0.004225,8.4e-05
KC,1,40,1,0.003369,0.003193,9.7e-05
BA,1,40,3,0.00941,0.009216,0.000141
KC,1,40,1,0.002425,0.002259,9.7e-05
BA,1,40,4,0.016206,0.015945,0.000178
KC,1,40,1,0.002995,0.002817,9.7e-05
BA,1,40,4,0.016941,0.01669,0.000174
KC,1,40,1,0.003172,0.002993,9.9e-05
BA,1,40,4,0.017131,0.016889,0.000167
KC,1,40,2,0.004174,0.003881,0.000149
BA,1,40,3,0.009953,0.009776,0.000124
KC,1,40,1,0.00219,0.002016,9.7e-05
BA,1,40,3,0.009717,0.009539,0.000126
KC,1,40,1,0.002174,0.001998,9.8e-05
BA,1,40,4,0.016537,0.016289,0.000166
KC,1,40,1,0.00311,0.002928,9.8e-05
BA,1,40,2,0.004314,0.004201,8.4e-05
KC,1,40,1,0.00327,0.003093,9.8e-05
BA,1,60,4,0.015431,0.015186,0.000168
KC,1,60,1,0.003262,0.003085,9.8e-05
BA,1,60,4,0.01664,0.016385,0.000167
KC,1,60,1,0.003053,0.002876,9.8e-05
BA,1,60,3,0.008942,0.008764,0.000125
KC,1,60,1,0.002344,0.002165,9.5e-05
BA,1,60,4,0.016917,0.016676,0.000165
KC,1,60,1,0.003144,0.002968,9.7e-05
BA,1,60,2,0.004498,0.004386,8.2e-05
KC,1,60,1,0.003297,0.003119,9.8e-05
BA,1,60,2,0.004199,0.004087,8.3e-05
KC,1,60,1,0.003391,0.003205,0.000107
BA,1,60,2,0.004691,0.00458,8.2e-05
KC,1,60,1,0.003425,0.003249,9.7e-05
BA,1,60,3,0.009143,0.008958,0.000132
KC,1,60,1,0.002088,0.001898,0.000111
BA,1,60,2,0.00442,0.004295,8.9e-05
KC,1,60,1,0.003209,0.003033,9.8e-05
BA,1,60,3,0.009682,0.009503,0.000125
KC,1,60,1,0.002316,0.002141,9.7e-05
BA,1,60,4,0.016252,0.016009,0.000166
KC,1,60,1,0.0029,0.002724,9.8e-05
BA,1,60,3,0.008064,0.007887,0.000124
KC,1,60,1,0.002385,0.002221,9.6e-05
BA,1,60,4,0.015214,0.014969,0.000166
KC,1,60,1,0.002988,0.00281,9.9e-05
BA,1,60,2,0.004115,0.004002,8.4e-05
KC,1,60,1,0.003235,0.003058,9.8e-05
BA,1,60,3,0.009027,0.008849,0.000125
KC,1,60,2,0.004143,0.003866,0.000148
BA,1,60,2,0.004695,0.004581,8.4e-05
KC,1,60,1,0.003229,0.00305,9.9e-05
BA,1,60,3,0.009453,0.009266,0.000135
KC,1,60,2,0.00439,0.004111,0.000148
BA,1,60,4,0.017276,0.017033,0.000165
KC,1,60,1,0.002978,0.002809,9.9e-05
BA,1,60,3,0.009549,0.009353,0.000142
KC,1,60,2,0.004188,0.003901,0.000147
BA,1,60,3,0.00923,0.009052,0.000125
KC,1,60,1,0.002339,0.002163,9.8e-05
BA,1,60,3,0.010161,0.009982,0.000126
KC,1,60,2,0.004317,0.00403,0.000148
BA,1,60,2,0.004324,0.00421,8.5e-05
KC,1,60,1,0.003384,0.0032,9.8e-05
BA,1,60,3,0.009464,0.009277,0.000134
KC,1,60,1,0.002414,0.002249,9.7e-05
BA,1,60,4,0.016397,0.01615,0.000169
KC,1,60,1,0.003003,0.002834,9.9e-05
BA,1,60,4,0.017012,0.016769,0.000164
KC,1,60,1,0.00315,0.002972,0.0001
BA,1,60,4,0.017331,0.017086,0.000169
KC,1,60,2,0.004209,0.003919,0.000149
BA,1,60,3,0.009924,0.009741,0.000124
KC,1,60,1,0.002233,0.002058,9.8e-05
BA,1,60,3,0.009749,0.00957,0.000125
KC,1,60,1,0.00216,0.001986,9.6e-05
BA,1,60,4,0.016649,0.016406,0.000166
KC,1,60,1,0.00314,0.002964,9.8e-05
BA,1,60,2,0.00435,0.004234,8.2e-05
KC,1,60,1,0.003296,0.00312,9.8e-05
BA,1,80,4,0.01546,0.015218,0.000165
KC,1,80,1,0.003284,0.003106,9.9e-05
BA,1,80,4,0.01657,0.016324,0.000168
KC,1,80,1,0.003082,0.002904,0.0001
BA,1,80,3,0.008972,0.008794,0.000125
KC,1,80,1,0.002357,0.002181,9.7e-05
BA,1,80,4,0.016974,0.016729,0.000167
KC,1,80,1,0.003225,0.003047,9.9e-05
BA,1,80,2,0.004384,0.004272,8.2e-05
KC,1,80,1,0.003262,0.003078,0.000106
BA,1,80,2,0.004183,0.004063,8.2e-05
KC,1,80,1,0.003381,0.003205,9.7e-05
BA,1,80,2,0.004726,0.004613,8.4e-05
KC,1,80,1,0.003431,0.003244,0.000107
BA,1,80,3,0.009078,0.0089,0.000126
KC,1,80,1,0.00207,0.001895,9.7e-05
BA,1,80,2,0.00438,0.004267,8.2e-05
KC,1,80,1,0.003194,0.003017,9.9e-05
BA,1,80,3,0.009652,0.009469,0.000127
KC,1,80,1,0.002354,0.002177,9.8e-05
BA,1,80,4,0.016137,0.015892,0.000167
KC,1,80,1,0.002911,0.002732,0.0001
BA,1,80,3,0.008073,0.00789,0.00013
KC,1,80,1,0.002358,0.002193,9.6e-05
BA,1,80,4,0.015205,0.014956,0.000168
KC,1,80,1,0.002998,0.002814,0.000106
BA,1,80,2,0.00414,0.004026,8.4e-05
KC,1,80,1,0.003256,0.00308,9.8e-05
BA,1,80,3,0.009084,0.00889,0.000141
KC,1,80,2,0.004148,0.003857,0.000151
BA,1,80,2,0.004674,0.004562,8.4e-05
KC,1,80,1,0.003223,0.003046,9.8e-05
BA,1,80,3,0.009442,0.009264,0.000126
KC,1,80,2,0.004437,0.004146,0.00015
BA,1,80,4,0.017269,0.017008,0.000176
KC,1,80,1,0.003012,0.002823,0.000109
BA,1,80,3,0.009636,0.009445,0.000131
KC,1,80,2,0.004239,0.003951,0.000148
BA,1,80,3,0.009255,0.009077,0.000124
KC,1,80,1,0.002322,0.002147,9.8e-05
BA,1,80,3,0.010147,0.00997,0.000124
KC,1,80,2,0.004315,0.004026,0.000149
BA,1,80,2,0.004329,0.004216,8.4e-05
KC,1,80,1,0.003366,0.003184,0.000104
BA,1,80,3,0.009442,0.009265,0.000125
KC,1,80,1,0.002419,0.002246,9.6e-05
BA,1,80,4,0.016284,0.01604,0.000168
KC,1,80,1,0.003034,0.002858,9.8e-05
BA,1,80,4,0.016974,0.016725,0.000167
KC,1,80,1,0.003165,0.002986,0.000109
BA,1,80,4,0.017237,0.016989,0.000171
KC,1,80,2,0.004215,0.003908,0.000158
BA,1,80,3,0.009907,0.009727,0.000126
KC,1,80,1,0.002206,0.002031,9.6e-05
BA,1,80,3,0.010065,0.009882,0.000126
KC,1,80,1,0.002197,0.002023,9.6e-05
BA,1,80,4,0.016671,0.016425,0.000167
KC,1,80,1,0.003175,0.002997,9.9e-05
BA,1,80,2,0.004322,0.004199,8.2e-05
KC,1,80,1,0.003288,0.003111,9.7e-05
BA,1,100,4,0.01556,0.015309,0.000165
KC,1,100,1,0.003275,0.003099,9.7e-05
BA,1,100,4,0.016641,0.016398,0.000166
KC,1,100,1,0.003053,0.002878,9.6e-05
BA,1,100,3,0.008979,0.008803,0.000123
KC,1,100,1,0.002325,0.002151,9.6e-05
BA,1,100,4,0.017033,0.01679,0.000166
KC,1,100,1,0.003156,0.002978,9.8e-05
BA,1,100,2,0.004371,0.004255,8.7e-05
KC,1,100,1,0.003272,0.003096,9.7e-05
BA,1,100,2,0.004181,0.004056,9.6e-05
KC,1,100,1,0.003373,0.003196,9.8e-05
BA,1,100,2,0.004699,0.004582,8.2e-05
KC,1,100,1,0.003456,0.00328,9.8e-05
BA,1,100,3,0.009112,0.008933,0.000126
KC,1,100,1,0.00208,0.001917,9.5e-05
BA,1,100,2,0.004395,0.004282,8.3e-05
KC,1,100,1,0.003217,0.00305,9.8e-05
BA,1,100,3,0.009682,0.009504,0.000125
KC,1,100,1,0.002346,0.002172,9.6e-05
BA,1,100,4,0.016164,0.015915,0.000165
KC,1,100,1,0.002879,0.002714,9.7e-05
BA,1,100,3,0.008045,0.007867,0.000124
KC,1,100,1,0.002375,0.002192,0.000105
BA,1,100,4,0.015201,0.014944,0.000181
KC,1,100,1,0.002977,0.002792,0.0001
BA,1,100,2,0.004099,0.003986,8.3e-05
KC,1,100,1,0.003264,0.003075,9.8e-05
BA,1,100,3,0.009042,0.008864,0.000126
KC,1,100,2,0.004122,0.003843,0.000148
BA,1,100,2,0.0047,0.004586,8.5e-05
KC,1,100,1,0.003249,0.003077,9.8e-05
BA,1,100,3,0.009381,0.009203,0.000125
KC,1,100,2,0.004427,0.004131,0.000149
BA,1,100,4,0.017226,0.016984,0.000166
KC,1,100,1,0.002956,0.002774,0.000103
BA,1,100,3,0.009597,0.009411,0.000128
KC,1,100,2,0.004191,0.0039,0.00015
BA,1,100,3,0.009256,0.009072,0.000126
KC,1,100,1,0.002353,0.002185,9.7e-05
BA,1,100,3,0.010179,0.009991,0.000135
KC,1,100,2,0.004274,0.003997,0.000148
BA,1,100,2,0.004326,0.004211,8.5e-05
KC,1,100,1,0.003373,0.003196,9.8e-05
BA,1,100,3,0.009495,0.009317,0.000126
KC,1,100,1,0.00267,0.002494,9.8e-05
BA,1,100,4,0.0163,0.016054,0.000167
KC,1,100,1,0.003008,0.00283,9.7e-05
BA,1,100,4,0.017026,0.01678,0.000168
KC,1,100,1,0.003161,0.002988,9.7e-05
BA,1,100,4,0.017234,0.016965,0.000185
KC,1,100,2,0.004183,0.003894,0.000158
BA,1,100,3,0.009846,0.009662,0.000125
KC,1,100,1,0.002225,0.00205,9.7e-05
BA,1,100,3,0.009806,0.009622,0.000125
KC,1,100,1,0.002109,0.001944,9.6e-05
BA,1,100,4,0.016755,0.016502,0.000177
KC,1,100,1,0.003122,0.002947,9.6e-05
BA,1,100,2,0.004627,0.004512,8.5e-05
KC,1,100,1,0.003295,0.003111,9.9e-05
BA,11,0,12,0.180779,0.17333,0.00664
KC,11,0,1,0.015711,0.013268,0.001233
BA,11,0,10,0.118883,0.113105,0.005545
KC,11,0,1,0.017321,0.014852,0.001246
BA,11,0,3,0.011088,0.009381,0.001653
KC,11,0,1,0.023476,0.021065,0.001364
BA,11,0,12,0.198408,0.191379,0.006746
KC,11,0,1,0.012856,0.010421,0.001233
BA,11,0,2,0.005589,0.004453,0.001106
KC,11,0,1,0.024864,0.022411,0.001251
BA,11,0,2,0.005344,0.004205,0.00111
KC,11,0,1,0.02338,0.020918,0.001237
BA,11,0,2,0.005724,0.004587,0.001107
KC,11,0,1,0.021477,0.018988,0.001344
BA,11,0,4,0.018918,0.016463,0.002378
KC,11,0,1,0.019853,0.017188,0.001617
BA,11,0,2,0.005592,0.004451,0.001111
KC,11,0,1,0.025332,0.022679,0.001259
BA,11,0,3,0.011627,0.009898,0.001675
KC,11,0,1,0.018902,0.016424,0.001257
BA,11,0,10,0.125326,0.119191,0.005897
KC,11,0,1,0.013756,0.011323,0.001211
BA,11,0,4,0.016779,0.014483,0.002218
KC,11,0,1,0.022922,0.020619,0.001257
BA,11,0,9,0.085764,0.080551,0.00501
KC,11,0,1,0.015528,0.013211,0.001257
BA,11,0,2,0.005331,0.004191,0.001109
KC,11,0,1,0.022676,0.020163,0.001273
BA,11,0,17,0.452168,0.441918,0.009814
KC,11,0,1,0.011735,0.009287,0.001243
BA,11,0,2,0.005802,0.004501,0.001271
KC,11,0,1,0.02688,0.024406,0.001251
BA,11,0,10,0.121389,0.115584,0.005561
KC,11,0,1,0.013229,0.010765,0.001242
BA,11,0,10,0.124761,0.118989,0.005542
KC,11,0,1,0.017281,0.01478,0.001281
BA,11,0,10,0.125033,0.119272,0.005538
KC,11,0,1,0.011777,0.009318,0.001237
BA,11,0,4,0.018831,0.016362,0.002376
KC,11,0,1,0.021431,0.018948,0.001253
BA,11,0,12,0.20058,0.193473,0.00681
KC,11,0,1,0.01008,0.007801,0.001241
BA,11,0,2,0.005543,0.004419,0.001094
KC,11,0,1,0.022383,0.01988,0.001283
BA,11,0,3,0.011516,0.009788,0.001673
KC,11,0,1,0.021013,0.018513,0.001269
BA,11,0,8,0.074234,0.069607,0.004443
KC,11,0,1,0.018264,0.015784,0.001254
BA,11,0,13,0.25084,0.243137,0.00739
KC,11,0,1,0.012555,0.010028,0.001281
BA,11,0,15,0.358464,0.349459,0.00864
KC,11,0,1,0.012562,0.010267,0.00123
BA,11,0,3,0.012179,0.010474,0.001651
KC,11,0,1,0.021982,0.019514,0.001239
BA,11,0,4,0.019923,0.017468,0.002376
KC,11,0,1,0.021817,0.019509,0.001262
BA,11,0,13,0.237649,0.229962,0.007387
KC,11,0,1,0.009466,0.006992,0.001273
BA,11,0,4,0.018294,0.015837,0.002378
KC,11,0,1,0.022729,0.020114,0.00125
BA,11,20,12,0.174943,0.167842,0.00682
KC,11,20,1,0.014822,0.012536,0.001241
BA,11,20,10,0.118172,0.112257,0.005518
KC,11,20,1,0.022236,0.019756,0.001256
BA,11,20,3,0.011101,0.009382,0.001666
KC,11,20,1,0.018799,0.016302,0.001279
BA,11,20,12,0.19812,0.191179,0.006662
KC,11,20,1,0.013667,0.011182,0.001269
BA,11,20,2,0.005592,0.004454,0.001109
KC,11,20,1,0.025326,0.022848,0.001267
BA,11,20,2,0.005504,0.0042,0.001275
KC,11,20,1,0.023747,0.02144,0.001248
BA,11,20,2,0.005734,0.00459,0.001114
KC,11,20,1,0.022635,0.02017,0.001245
BA,11,20,4,0.018948,0.016486,0.002376
KC,11,20,1,0.018761,0.016454,0.001259
BA,11,20,2,0.005597,0.004463,0.001105
KC,11,20,1,0.023524,0.021058,0.001248
BA,11,20,3,0.011543,0.009827,0.001659
KC,11,20,1,0.019978,0.017636,0.001269
BA,11,20,10,0.12616,0.120361,0.005569
KC,11,20,1,0.014113,0.011587,0.001259
BA,11,20,4,0.016768,0.014286,0.002405
KC,11,20,1,0.024985,0.022345,0.001256
BA,11,20,9,0.086479,0.080849,0.00541
KC,11,20,1,0.017048,0.014477,0.001321
BA,11,20,2,0.005358,0.004215,0.001113
KC,11,20,1,0.022552,0.020182,0.001146
BA,11,20,17,0.453158,0.442732,0.010002
KC,11,20,1,0.011859,0.009318,0.001288
BA,11,20,2,0.005815,0.004668,0.001117
KC,11,20,1,0.026389,0.023897,0.001281
BA,11,20,10,0.121006,0.11505,0.005721
KC,11,20,1,0.013049,0.010756,0.001242
BA,11,20,10,0.124798,0.118836,0.005725
KC,11,20,1,0.018256,0.015927,0.001281
BA,11,20,10,0.12482,0.119068,0.00552
KC,11,20,1,0.011719,0.009221,0.001264
BA,11,20,4,0.018577,0.016267,0.002232
KC,11,20,1,0.022538,0.020038,0.001276
BA,11,20,12,0.200099,0.192967,0.006684
KC,11,20,1,0.010113,0.00766,0.001253
BA,11,20,2,0.005576,0.004274,0.001265
KC,11,20,1,0.025234,0.022589,0.001597
BA,11,20,3,0.011368,0.009646,0.001666
KC,11,20,1,0.02113,0.018667,0.00126
BA,11,20,8,0.074346,0.069562,0.004608
KC,11,20,1,0.019984,0.017691,0.001245
BA,11,20,13,0.249379,0.241644,0.007429
KC,11,20,1,0.012325,0.009871,0.001252
BA,11,20,15,0.359924,0.350905,0.008662
KC,11,20,1,0.012222,0.009905,0.001248
BA,11,20,3,0.012091,0.010386,0.001651
KC,11,20,1,0.020445,0.018003,0.001232
BA,11,20,4,0.020189,0.01789,0.002221
KC,11,20,1,0.026507,0.024038,0.001249
BA,11,20,13,0.238996,0.231289,0.007399
KC,11,20,1,0.009578,0.007079,0.001277
BA,11,20,4,0.018364,0.01605,0.002221
KC,11,20,1,0.024418,0.021954,0.00125
BA,11,40,12,0.175623,0.168624,0.006716
KC,11,40,1,0.014031,0.011566,0.001237
BA,11,40,10,0.118657,0.112864,0.005561
KC,11,40,1,0.018317,0.015817,0.001247
BA,11,40,3,0.011345,0.009613,0.00167
KC,11,40,1,0.02097,0.018497,0.001244
BA,11,40,12,0.199231,0.192055,0.006889
KC,11,40,1,0.012865,0.010579,0.001238
BA,11,40,2,0.005831,0.004702,0.001099
KC,11,40,1,0.024526,0.022069,0.001251
BA,11,40,2,0.005343,0.004195,0.001117
KC,11,40,1,0.025899,0.023484,0.001198
BA,11,40,2,0.005725,0.004578,0.001116
KC,11,40,1,0.023291,0.02083,0.001237
BA,11,40,4,0.018962,0.016663,0.002215
KC,11,40,1,0.021266,0.018958,0.001254
BA,11,40,2,0.005572,0.004443,0.001098
KC,11,40,1,0.024271,0.021998,0.001224
BA,11,40,3,0.011589,0.009866,0.001668
KC,11,40,1,0.021884,0.019562,0.001264
BA,11,40,10,0.125974,0.120178,0.005562
KC,11,40,1,0.013153,0.010873,0.001237
BA,11,40,4,0.016774,0.014481,0.002216
KC,11,40,1,0.023408,0.021008,0.001276
BA,11,40,9,0.08558,0.080232,0.005144
KC,11,40,1,0.016098,0.013794,0.001242
BA,11,40,2,0.005346,0.004045,0.001272
KC,11,40,1,0.021187,0.018892,0.001249
BA,11,40,17,0.451756,0.44149,0.009833
KC,11,40,1,0.01182,0.009499,0.001278
BA,11,40,2,0.005843,0.004699,0.00111
KC,11,40,1,0.025668,0.023381,0.001245
BA,11,40,10,0.121489,0.115491,0.005772
KC,11,40,1,0.014567,0.012089,0.001256
BA,11,40,10,0.125509,0.118848,0.005739
KC,11,40,1,0.018576,0.0161,0.001261
BA,11,40,10,0.125407,0.119628,0.005547
KC,11,40,1,0.011651,0.009176,0.001247
BA,11,40,4,0.018636,0.016361,0.002197
KC,11,40,1,0.022347,0.019864,0.001252
BA,11,40,12,0.200289,0.192837,0.007169
KC,11,40,1,0.010162,0.007861,0.00126
BA,11,40,2,0.005575,0.004431,0.001115
KC,11,40,1,0.023994,0.021687,0.001246
BA,11,40,3,0.011334,0.009609,0.001663
KC,11,40,1,0.02115,0.018693,0.001242
BA,11,40,8,0.074166,0.069553,0.004436
KC,11,40,1,0.01908,0.016463,0.001567
BA,11,40,13,0.248648,0.240629,0.007695
KC,11,40,1,0.012567,0.010152,0.001232
BA,11,40,15,0.357047,0.348221,0.008468
KC,11,40,1,0.012365,0.010013,0.001251
BA,11,40,3,0.011921,0.010222,0.001645
KC,11,40,1,0.022409,0.019945,0.001238
BA,11,40,4,0.02004,0.017738,0.002224
KC,11,40,1,0.024932,0.022625,0.001241
BA,11,40,13,0.240002,0.232303,0.007393
KC,11,40,1,0.00935,0.007058,0.001252
BA,11,40,4,0.018276,0.015976,0.002221
KC,11,40,1,0.027912,0.025456,0.001317
BA,11,60,12,0.175903,0.168758,0.006865
KC,11,60,1,0.014063,0.01142,0.001241
BA,11,60,10,0.118543,0.112586,0.00573
KC,11,60,1,0.017216,0.014765,0.00124
BA,11,60,3,0.011135,0.009412,0.001669
KC,11,60,1,0.022192,0.019913,0.001228
BA,11,60,12,0.199909,0.192963,0.006668
KC,11,60,1,0.013216,0.010934,0.001241
BA,11,60,2,0.005579,0.004431,0.001114
KC,11,60,1,0.024257,0.021615,0.001261
BA,11,60,2,0.005347,0.004209,0.001108
KC,11,60,1,0.026872,0.024406,0.001248
BA,11,60,2,0.00577,0.004622,0.001118
KC,11,60,1,0.023013,0.020525,0.001267
BA,11,60,4,0.018986,0.016516,0.002388
KC,11,60,1,0.022256,0.01978,0.001253
BA,11,60,2,0.005589,0.004433,0.001119
KC,11,60,1,0.02596,0.023484,0.001253
BA,11,60,3,0.011553,0.009823,0.001675
KC,11,60,1,0.021307,0.018815,0.001271
BA,11,60,10,0.125754,0.119962,0.005561
KC,11,60,1,0.015517,0.013206,0.001266
BA,11,60,4,0.016749,0.014434,0.002238
KC,11,60,1,0.021871,0.01942,0.001238
BA,11,60,9,0.085503,0.080141,0.005155
KC,11,60,1,0.017564,0.015264,0.001248
BA,11,60,2,0.005459,0.00432,0.001107
KC,11,60,1,0.023203,0.020738,0.001245
BA,11,60,17,0.454147,0.444058,0.009503
KC,11,60,1,0.011799,0.009307,0.001243
BA,11,60,2,0.005796,0.004651,0.001116
KC,11,60,1,0.026491,0.023856,0.001272
BA,11,60,10,0.121313,0.115331,0.005743
KC,11,60,1,0.013214,0.01075,0.001241
BA,11,60,10,0.125069,0.119327,0.005512
KC,11,60,1,0.017184,0.014885,0.001256
BA,11,60,10,0.124424,0.118643,0.005551
KC,11,60,1,0.011705,0.009285,0.00119
BA,11,60,4,0.018654,0.016349,0.002224
KC,11,60,1,0.023543,0.021069,0.001247
BA,11,60,12,0.200118,0.192823,0.007012
KC,11,60,1,0.010235,0.00783,0.001164
BA,11,60,2,0.005588,0.004458,0.0011
KC,11,60,1,0.022343,0.019815,0.001257
BA,11,60,3,0.011323,0.009607,0.001663
KC,11,60,1,0.021417,0.018961,0.001231
BA,11,60,8,0.074145,0.06952,0.004449
KC,11,60,1,0.016083,0.013601,0.001262
BA,11,60,13,0.248457,0.240764,0.007381
KC,11,60,1,0.012213,0.009905,0.001258
BA,11,60,15,0.357971,0.349163,0.00845
KC,11,60,1,0.012528,0.01003,0.001242
BA,11,60,3,0.012188,0.01046,0.001666
KC,11,60,1,0.023891,0.021423,0.001253
BA,11,60,4,0.019935,0.017653,0.002202
KC,11,60,1,0.021146,0.018692,0.00124
BA,11,60,13,0.238573,0.230747,0.007363
KC,11,60,1,0.009319,0.007066,0.001217
BA,11,60,4,0.018218,0.01593,0.002209
KC,11,60,1,0.025917,0.023639,0.001232
BA,11,80,12,0.174808,0.16773,0.006797
KC,11,80,1,0.013516,0.011048,0.00125
BA,11,80,10,0.118096,0.112308,0.005552
KC,11,80,1,0.021774,0.019485,0.001254
BA,11,80,3,0.011081,0.009377,0.001648
KC,11,80,1,0.02236,0.019839,0.001297
BA,11,80,12,0.198706,0.19147,0.006954
KC,11,80,1,0.012837,0.01054,0.00126
BA,11,80,2,0.00558,0.004436,0.001113
KC,11,80,1,0.024855,0.022374,0.001249
BA,11,80,2,0.005333,0.004185,0.001113
KC,11,80,1,0.022079,0.019625,0.001248
BA,11,80,2,0.00574,0.004599,0.00111
KC,11,80,1,0.02557,0.023104,0.001234
BA,11,80,4,0.018946,0.016637,0.002231
KC,11,80,1,0.018024,0.015408,0.001242
BA,11,80,2,0.00557,0.00443,0.00111
KC,11,80,1,0.025492,0.022989,0.001277
BA,11,80,3,0.01165,0.00994,0.001655
KC,11,80,1,0.020642,0.018171,0.001251
BA,11,80,10,0.125238,0.119452,0.005554
KC,11,80,1,0.013679,0.011362,0.001226
BA,11,80,4,0.016703,0.014398,0.002229
KC,11,80,1,0.020614,0.018142,0.001247
BA,11,80,9,0.08554,0.080352,0.004989
KC,11,80,1,0.014759,0.01235,0.00122
BA,11,80,2,0.005285,0.003999,0.001255
KC,11,80,1,0.022307,0.019961,0.001266
BA,11,80,17,0.454861,0.444684,0.009753
KC,11,80,1,0.011889,0.009474,0.001374
BA,11,80,2,0.005819,0.00468,0.001109
KC,11,80,1,0.025063,0.022426,0.00125
BA,11,80,10,0.122138,0.116338,0.005566
KC,11,80,1,0.014627,0.011984,0.001255
BA,11,80,10,0.125063,0.119107,0.005728
KC,11,80,1,0.017345,0.014888,0.001237
BA,11,80,10,0.125196,0.119228,0.005741
KC,11,80,1,0.011541,0.009083,0.001247
BA,11,80,4,0.018606,0.016318,0.002211
KC,11,80,1,0.022698,0.020095,0.001195
BA,11,80,12,0.201259,0.194311,0.006664
KC,11,80,1,0.010225,0.007783,0.001232
BA,11,80,2,0.005572,0.00443,0.001112
KC,11,80,1,0.02347,0.02102,0.001238
BA,11,80,3,0.0114,0.009684,0.001661
KC,11,80,1,0.020532,0.018043,0.001253
BA,11,80,8,0.074408,0.069738,0.004486
KC,11,80,1,0.020009,0.017715,0.001253
BA,11,80,13,0.250704,0.243134,0.00725
KC,11,80,1,0.012538,0.010051,0.001265
BA,11,80,15,0.359737,0.350862,0.008504
KC,11,80,1,0.012392,0.009971,0.001228
BA,11,80,3,0.01195,0.010243,0.001653
KC,11,80,1,0.022486,0.019978,0.001278
BA,11,80,4,0.019982,0.017681,0.002218
KC,11,80,1,0.028187,0.025529,0.001275
BA,11,80,13,0.239548,0.231358,0.007888
KC,11,80,1,0.009294,0.007037,0.001228
BA,11,80,4,0.018201,0.015914,0.002207
KC,11,80,1,0.025791,0.023339,0.001242
BA,11,100,12,0.174875,0.167587,0.006846
KC,11,100,1,0.011306,0.009028,0.001238
BA,11,100,10,0.11862,0.112682,0.005547
KC,11,100,1,0.013018,0.010575,0.001228
BA,11,100,3,0.011123,0.009394,0.001673
KC,11,100,1,0.022174,0.01985,0.001268
BA,11,100,12,0.199205,0.191953,0.006812
KC,11,100,1,0.008669,0.006398,0.001238
BA,11,100,2,0.005589,0.00445,0.001109
KC,11,100,1,0.023451,0.021163,0.001251
BA,11,100,2,0.005345,0.004202,0.001112
KC,11,100,1,0.021818,0.019209,0.001237
BA,11,100,2,0.005706,0.004566,0.001109
KC,11,100,1,0.023293,0.020815,0.001248
BA,11,100,4,0.019084,0.016796,0.00221
KC,11,100,1,0.017999,0.015536,0.001235
BA,11,100,2,0.005567,0.004435,0.001102
KC,11,100,1,0.023726,0.021268,0.001237
BA,11,100,3,0.011542,0.009806,0.00168
KC,11,100,1,0.018127,0.015826,0.001256
BA,11,100,10,0.125588,0.11978,0.005587
KC,11,100,1,0.010748,0.008332,0.001216
BA,11,100,4,0.016733,0.014421,0.002225
KC,11,100,1,0.020277,0.017805,0.001245
BA,11,100,9,0.085246,0.079878,0.005167
KC,11,100,1,0.013154,0.010711,0.001231
BA,11,100,2,0.005346,0.004205,0.001105
KC,11,100,1,0.021369,0.01888,0.001256
BA,11,100,17,0.456265,0.445963,0.009859
KC,11,100,1,0.008003,0.005535,0.001233
BA,11,100,2,0.005787,0.004661,0.001097
KC,11,100,1,0.025355,0.022878,0.001257
BA,11,100,10,0.121652,0.115858,0.005558
KC,11,100,1,0.009971,0.007534,0.001243
BA,11,100,10,0.124775,0.118884,0.005493
KC,11,100,1,0.011327,0.008798,0.001153
BA,11,100,10,0.124863,0.119082,0.005549
KC,11,100,1,0.009742,0.00742,0.001292
BA,11,100,4,0.018623,0.016311,0.00223
KC,11,100,1,0.022801,0.020348,0.001231
BA,11,100,12,0.200398,0.193435,0.006675
KC,11,100,1,0.008207,0.005594,0.001235
BA,11,100,2,0.00559,0.004454,0.001106
KC,11,100,1,0.025982,0.023533,0.001247
BA,11,100,3,0.011388,0.00966,0.001674
KC,11,100,1,0.018286,0.015782,0.001285
BA,11,100,8,0.074668,0.069856,0.004626
KC,11,100,1,0.015822,0.013367,0.001235
BA,11,100,13,0.249525,0.241812,0.007238
KC,11,100,1,0.006989,0.004693,0.001259
BA,11,100,15,0.359205,0.350322,0.008516
KC,11,100,1,0.006468,0.004188,0.001234
BA,11,100,3,0.012191,0.010465,0.001672
KC,11,100,1,0.021296,0.018847,0.00123
BA,11,100,4,0.019955,0.017662,0.002214
KC,11,100,1,0.02259,0.020267,0.001263
BA,11,100,13,0.239089,0.231413,0.007364
KC,11,100,1,0.007354,0.004847,0.001257
BA,11,100,4,0.018235,0.015943,0.002206
KC,11,100,1,0.023297,0.021011,0.00125
BA,21,0,11,0.166234,0.147466,0.018504
KC,21,0,1,0.030138,0.022419,0.004093
BA,21,0,10,0.138032,0.120436,0.017352
KC,21,0,1,0.045323,0.037996,0.003985
BA,21,0,5,0.03741,0.028353,0.008941
KC,21,0,1,0.073713,0.065625,0.004672
BA,21,0,11,0.175502,0.155077,0.020156
KC,21,0,1,0.034025,0.026204,0.004224
BA,21,0,2,0.008537,0.004306,0.004199
KC,21,0,1,0.095968,0.08729,0.004987
BA,21,0,2,0.008346,0.004078,0.004235
KC,21,0,1,0.069078,0.060357,0.005028
BA,21,0,2,0.008717,0.004496,0.004182
KC,21,0,1,0.066177,0.056656,0.005273
BA,21,0,4,0.024315,0.016836,0.007397
KC,21,0,1,0.070265,0.061486,0.005073
BA,21,0,2,0.008632,0.004936,0.003664
KC,21,0,1,0.084495,0.07502,0.005246
BA,21,0,3,0.01626,0.010083,0.006121
KC,21,0,1,0.094824,0.086132,0.004977
BA,21,0,9,0.108884,0.090626,0.017503
KC,21,0,1,0.038321,0.030484,0.00422
BA,21,0,4,0.023209,0.015785,0.007343
KC,21,0,1,0.085964,0.076229,0.006
BA,21,0,8,0.078699,0.063897,0.014612
KC,21,0,1,0.073985,0.06533,0.005021
BA,21,0,2,0.008306,0.00462,0.003654
KC,21,0,1,0.074489,0.064091,0.006667
BA,21,0,17,0.498413,0.464623,0.033304
KC,21,0,1,0.030746,0.022941,0.004141
BA,21,0,3,0.015694,0.009637,0.005999
KC,21,0,1,0.107105,0.098502,0.004926
BA,21,0,12,0.220137,0.197582,0.022245
KC,21,0,1,0.034221,0.025671,0.004258
BA,21,0,10,0.14008,0.121319,0.018514
KC,21,0,1,0.047594,0.039571,0.004312
BA,21,0,11,0.170051,0.149515,0.020267
KC,21,0,1,0.044758,0.036963,0.004187
BA,21,0,9,0.113001,0.095775,0.017018
KC,21,0,1,0.088355,0.078406,0.005751
BA,21,0,12,0.216956,0.194461,0.022199
KC,21,0,1,0.032276,0.024463,0.004084
BA,21,0,2,0.008572,0.004873,0.003667
KC,21,0,1,0.083247,0.074559,0.004955
BA,21,0,3,0.016587,0.010827,0.0057
KC,21,0,1,0.062675,0.053677,0.005232
BA,21,0,8,0.088208,0.07331,0.014707
KC,21,0,1,0.038506,0.03058,0.004253
BA,21,0,14,0.296297,0.269948,0.025972
KC,21,0,1,0.03742,0.02946,0.00423
BA,21,0,15,0.379433,0.351088,0.027957
KC,21,0,1,0.030674,0.022114,0.004188
BA,21,0,3,0.016314,0.010749,0.005484
KC,21,0,1,0.062516,0.05329,0.005522
BA,21,0,4,0.032618,0.023432,0.00909
KC,21,0,1,0.099531,0.088441,0.006562
BA,21,0,13,0.316336,0.285555,0.030391
KC,21,0,1,0.046174,0.035547,0.00522
BA,21,0,3,0.019667,0.012745,0.006853
KC,21,0,1,0.102487,0.091044,0.00619
BA,21,20,11,0.208416,0.182924,0.025165
KC,21,20,1,0.036791,0.026265,0.005237
BA,21,20,10,0.173656,0.149865,0.022826
KC,21,20,1,0.048723,0.038345,0.005204
BA,21,20,5,0.04808,0.035924,0.012028
KC,21,20,1,0.089488,0.078733,0.006275
BA,21,20,11,0.175829,0.155371,0.020204
KC,21,20,1,0.039973,0.032044,0.004258
BA,21,20,2,0.008564,0.004879,0.003654
KC,21,20,1,0.102654,0.092463,0.005899
BA,21,20,2,0.008483,0.004699,0.003753
KC,21,20,1,0.060047,0.051257,0.005102
BA,21,20,2,0.0088,0.005061,0.003709
KC,21,20,1,0.073722,0.064884,0.005163
BA,21,20,4,0.024161,0.016758,0.007323
KC,21,20,1,0.056191,0.047364,0.005192
BA,21,20,2,0.008648,0.004936,0.003682
KC,21,20,1,0.077058,0.067483,0.005228
BA,21,20,3,0.020151,0.013149,0.006934
KC,21,20,1,0.073633,0.062723,0.005622
BA,21,20,9,0.109578,0.092623,0.01674
KC,21,20,1,0.040802,0.032977,0.00421
BA,21,20,4,0.023155,0.015714,0.007361
KC,21,20,1,0.075124,0.066376,0.005114
BA,21,20,8,0.079405,0.064495,0.01473
KC,21,20,1,0.069148,0.059846,0.005092
BA,21,20,2,0.008374,0.004687,0.003655
KC,21,20,1,0.07589,0.066544,0.005114
BA,21,20,17,0.498585,0.464112,0.03348
KC,21,20,1,0.030792,0.022825,0.004173
BA,21,20,3,0.015748,0.010215,0.005476
KC,21,20,1,0.084145,0.07464,0.005301
BA,21,20,12,0.219622,0.197316,0.022004
KC,21,20,1,0.03293,0.025096,0.004196
BA,21,20,10,0.140418,0.120095,0.018894
KC,21,20,1,0.045778,0.037905,0.004261
BA,21,20,11,0.17025,0.149761,0.020197
KC,21,20,1,0.034925,0.02699,0.004211
BA,21,20,9,0.112825,0.096028,0.016585
KC,21,20,1,0.078222,0.069689,0.004886
BA,21,20,12,0.216935,0.194132,0.02252
KC,21,20,1,0.030093,0.022648,0.003862
BA,21,20,2,0.00856,0.004868,0.003647
KC,21,20,1,0.07671,0.068017,0.005024
BA,21,20,3,0.016271,0.010199,0.006016
KC,21,20,1,0.067537,0.059688,0.004262
BA,21,20,8,0.088124,0.072705,0.015235
KC,21,20,1,0.037144,0.029331,0.004193
BA,21,20,14,0.29587,0.268937,0.026591
KC,21,20,1,0.036385,0.02851,0.004343
BA,21,20,15,0.380271,0.350681,0.02919
KC,21,20,1,0.031806,0.02392,0.0042
BA,21,20,3,0.016259,0.010187,0.006017
KC,21,20,1,0.074342,0.065143,0.005478
BA,21,20,4,0.026403,0.018432,0.00788
KC,21,20,1,0.077482,0.068502,0.005305
BA,21,20,13,0.256229,0.23117,0.024742
KC,21,20,1,0.035497,0.027491,0.004297
BA,21,20,3,0.015918,0.010319,0.005519
KC,21,20,1,0.092323,0.082843,0.005237
BA,21,40,11,0.167809,0.147421,0.020134
KC,21,40,1,0.029319,0.020915,0.004239
BA,21,40,10,0.13983,0.121162,0.018438
KC,21,40,1,0.054019,0.046058,0.0043
BA,21,40,5,0.038222,0.028871,0.009207
KC,21,40,1,0.084153,0.074948,0.005494
BA,21,40,11,0.176454,0.155964,0.020213
KC,21,40,1,0.036463,0.028201,0.004532
BA,21,40,2,0.008534,0.004852,0.00365
KC,21,40,1,0.099039,0.09039,0.004975
BA,21,40,2,0.008368,0.004649,0.003688
KC,21,40,1,0.071603,0.062061,0.00514
BA,21,40,2,0.008696,0.005013,0.003651
KC,21,40,1,0.074666,0.065904,0.00513
BA,21,40,4,0.02439,0.016902,0.007407
KC,21,40,1,0.096636,0.087159,0.005211
BA,21,40,2,0.008677,0.00495,0.003691
KC,21,40,1,0.094641,0.085246,0.005159
BA,21,40,3,0.016066,0.010482,0.005528
KC,21,40,1,0.083199,0.074404,0.005066
BA,21,40,9,0.129357,0.092303,0.016979
KC,21,40,1,0.033847,0.025816,0.00438
BA,21,40,4,0.023357,0.015906,0.007371
KC,21,40,1,0.090022,0.080572,0.005188
BA,21,40,8,0.078987,0.064045,0.014745
KC,21,40,1,0.055946,0.046373,0.005337
BA,21,40,2,0.008344,0.004639,0.003675
KC,21,40,1,0.080046,0.071253,0.005087
BA,21,40,17,0.498417,0.46525,0.03271
KC,21,40,1,0.029734,0.021801,0.004226
BA,21,40,3,0.01591,0.010316,0.005537
KC,21,40,1,0.075725,0.065785,0.005684
BA,21,40,12,0.219933,0.196374,0.023261
KC,21,40,1,0.033619,0.025831,0.004103
BA,21,40,10,0.139645,0.120987,0.018426
KC,21,40,1,0.035495,0.027514,0.004299
BA,21,40,11,0.169392,0.148391,0.020727
KC,21,40,1,0.040899,0.032985,0.004253
BA,21,40,9,0.112654,0.095888,0.016552
KC,21,40,1,0.060969,0.051133,0.005633
BA,21,40,12,0.267715,0.239306,0.028041
KC,21,40,1,0.033324,0.022929,0.005156
BA,21,40,2,0.010659,0.006046,0.004574
KC,21,40,1,0.083855,0.072553,0.00606
BA,21,40,3,0.020635,0.01369,0.006874
KC,21,40,1,0.077747,0.065779,0.006754
BA,21,40,8,0.109201,0.090795,0.018171
KC,21,40,1,0.057173,0.046007,0.005994
BA,21,40,14,0.364435,0.330527,0.033469
KC,21,40,1,0.041691,0.031267,0.005191
BA,21,40,15,0.424038,0.391192,0.032406
KC,21,40,1,0.029137,0.021137,0.004169
BA,21,40,3,0.016313,0.010754,0.005503
KC,21,40,1,0.063324,0.053802,0.005288
BA,21,40,4,0.02634,0.018916,0.007331
KC,21,40,1,0.093376,0.0846,0.005113
BA,21,40,13,0.255866,0.230386,0.025132
KC,21,40,1,0.030672,0.022815,0.004164
BA,21,40,3,0.015748,0.010194,0.005497
KC,21,40,1,0.087139,0.07804,0.005464
BA,21,60,11,0.208151,0.182894,0.02493
KC,21,60,1,0.038218,0.028536,0.005194
BA,21,60,10,0.175097,0.150373,0.024434
KC,21,60,1,0.047848,0.038108,0.005243
BA,21,60,5,0.047644,0.036065,0.011451
KC,21,60,1,0.083258,0.072495,0.006266
BA,21,60,11,0.218071,0.192709,0.025025
KC,21,60,1,0.046774,0.036685,0.005516
BA,21,60,2,0.010707,0.006127,0.004541
KC,21,60,1,0.107009,0.096051,0.005752
BA,21,60,2,0.010332,0.005731,0.004562
KC,21,60,1,0.072157,0.061637,0.006031
BA,21,60,2,0.010865,0.006261,0.004567
KC,21,60,1,0.063521,0.053258,0.00574
BA,21,60,4,0.030158,0.020859,0.009203
KC,21,60,1,0.080074,0.069449,0.006118
BA,21,60,2,0.010796,0.006161,0.004597
KC,21,60,1,0.108107,0.097467,0.006104
BA,21,60,3,0.019834,0.011584,0.008175
KC,21,60,1,0.09478,0.083298,0.006205
BA,21,60,9,0.136215,0.113453,0.021691
KC,21,60,1,0.048441,0.038252,0.005438
BA,21,60,4,0.028785,0.019624,0.009062
KC,21,60,1,0.090865,0.080511,0.005828
BA,21,60,8,0.098088,0.078986,0.018886
KC,21,60,1,0.064178,0.053366,0.006345
BA,21,60,2,0.010324,0.005731,0.004556
KC,21,60,1,0.076917,0.065346,0.006293
BA,21,60,17,0.620781,0.579261,0.04093
KC,21,60,1,0.053255,0.042734,0.005152
BA,21,60,3,0.019676,0.012075,0.007532
KC,21,60,1,0.099544,0.089548,0.005409
BA,21,60,12,0.220433,0.197233,0.022886
KC,21,60,1,0.030742,0.022683,0.004362
BA,21,60,10,0.139918,0.120637,0.019037
KC,21,60,1,0.050712,0.04271,0.004356
BA,21,60,11,0.170175,0.14912,0.020789
KC,21,60,1,0.039027,0.030226,0.004602
BA,21,60,9,0.113285,0.095979,0.017086
KC,21,60,1,0.067683,0.058061,0.005938
BA,21,60,12,0.217304,0.192641,0.024351
KC,21,60,1,0.03222,0.024255,0.004261
BA,21,60,2,0.00857,0.004878,0.00366
KC,21,60,1,0.073859,0.065054,0.005138
BA,21,60,3,0.016323,0.01028,0.005986
KC,21,60,1,0.074958,0.066092,0.005189
BA,21,60,8,0.10893,0.08982,0.018878
KC,21,60,1,0.050574,0.040906,0.00521
BA,21,60,14,0.364981,0.33168,0.032872
KC,21,60,1,0.041306,0.030876,0.005158
BA,21,60,15,0.467831,0.431804,0.035578
KC,21,60,1,0.036087,0.026435,0.005147
BA,21,60,3,0.020209,0.012666,0.007477
KC,21,60,1,0.091089,0.07988,0.005999
BA,21,60,4,0.032801,0.023624,0.009082
KC,21,60,1,0.081657,0.070372,0.006101
BA,21,60,13,0.315088,0.284269,0.030429
KC,21,60,1,0.036001,0.025653,0.00585
BA,21,60,3,0.019514,0.012627,0.006819
KC,21,60,1,0.081496,0.069997,0.006279
BA,21,80,11,0.208006,0.182552,0.025113
KC,21,80,1,0.036827,0.027,0.005257
BA,21,80,10,0.1737,0.150584,0.02279
KC,21,80,1,0.056978,0.046429,0.005255
BA,21,80,5,0.047543,0.035394,0.012019
KC,21,80,1,0.087854,0.075894,0.006768
BA,21,80,11,0.212145,0.187193,0.024634
KC,21,80,1,0.037167,0.02921,0.004343
BA,21,80,2,0.008579,0.004868,0.003679
KC,21,80,1,0.083844,0.074483,0.005674
BA,21,80,2,0.008353,0.004649,0.003651
KC,21,80,1,0.060159,0.051931,0.004074
BA,21,80,2,0.008683,0.004453,0.004198
KC,21,80,1,0.067895,0.058862,0.00535
BA,21,80,4,0.024262,0.016772,0.007406
KC,21,80,1,0.068263,0.057943,0.006048
BA,21,80,2,0.008629,0.004939,0.003658
KC,21,80,1,0.078609,0.069786,0.005192
BA,21,80,3,0.016152,0.010576,0.005515
KC,21,80,1,0.093954,0.084945,0.005392
BA,21,80,9,0.109999,0.092586,0.017206
KC,21,80,1,0.04298,0.034487,0.004307
BA,21,80,4,0.023613,0.015675,0.007839
KC,21,80,1,0.079304,0.070509,0.005089
BA,21,80,8,0.079044,0.064187,0.014676
KC,21,80,1,0.048968,0.040537,0.004872
BA,21,80,2,0.008351,0.004082,0.004223
KC,21,80,1,0.062695,0.053849,0.005144
BA,21,80,17,0.500592,0.467904,0.032229
KC,21,80,1,0.03409,0.025859,0.004279
BA,21,80,3,0.015931,0.010373,0.0055
KC,21,80,1,0.116995,0.106936,0.005739
BA,21,80,12,0.220892,0.198255,0.022341
KC,21,80,1,0.033269,0.024235,0.004331
BA,21,80,10,0.139767,0.121198,0.018318
KC,21,80,1,0.043324,0.034727,0.004324
BA,21,80,11,0.170423,0.149284,0.020858
KC,21,80,1,0.042254,0.034343,0.00419
BA,21,80,9,0.11299,0.09572,0.017064
KC,21,80,1,0.062052,0.053013,0.005404
BA,21,80,12,0.217307,0.194781,0.022219
KC,21,80,1,0.029817,0.021737,0.004304
BA,21,80,2,0.008593,0.004866,0.003693
KC,21,80,1,0.062615,0.052353,0.006004
BA,21,80,3,0.016589,0.010953,0.005579
KC,21,80,1,0.067734,0.059121,0.004949
BA,21,80,8,0.088237,0.073276,0.014778
KC,21,80,1,0.043532,0.035576,0.004346
BA,21,80,14,0.365858,0.333321,0.032087
KC,21,80,1,0.048066,0.038361,0.005203
BA,21,80,15,0.467451,0.431806,0.035171
KC,21,80,1,0.039492,0.029674,0.005174
BA,21,80,3,0.020224,0.013325,0.006833
KC,21,80,1,0.082725,0.071128,0.006373
BA,21,80,4,0.032766,0.023512,0.009158
KC,21,80,1,0.101044,0.090658,0.005884
BA,21,80,13,0.316978,0.286592,0.029987
KC,21,80,1,0.039634,0.02993,0.005124
BA,21,80,3,0.019582,0.012708,0.006806
KC,21,80,1,0.089278,0.078581,0.006169
BA,21,100,11,0.208637,0.182552,0.025769
KC,21,100,1,0.030904,0.020588,0.00511
BA,21,100,10,0.173451,0.149761,0.023402
KC,21,100,1,0.049679,0.039431,0.005147
BA,21,100,5,0.04741,0.035856,0.011412
KC,21,100,1,0.058914,0.048536,0.005158
BA,21,100,11,0.175892,0.155382,0.020249
KC,21,100,1,0.026574,0.018901,0.004084
BA,21,100,2,0.008549,0.004871,0.003648
KC,21,100,1,0.053094,0.044378,0.004331
BA,21,100,2,0.008349,0.004636,0.003681
KC,21,100,1,0.046986,0.038615,0.004174
BA,21,100,2,0.008691,0.004468,0.004189
KC,21,100,1,0.045865,0.037964,0.004245
BA,21,100,4,0.024419,0.017008,0.007331
KC,21,100,1,0.062848,0.054975,0.004202
BA,21,100,2,0.008573,0.004884,0.003657
KC,21,100,1,0.054524,0.046084,0.004288
BA,21,100,3,0.016024,0.009915,0.006051
KC,21,100,1,0.048289,0.04043,0.004164
BA,21,100,9,0.109061,0.091173,0.017637
KC,21,100,1,0.032983,0.025178,0.004169
BA,21,100,4,0.023082,0.015154,0.007847
KC,21,100,1,0.046581,0.038708,0.004222
BA,21,100,8,0.078634,0.063265,0.015165
KC,21,100,1,0.038171,0.029868,0.004074
BA,21,100,2,0.008377,0.004653,0.003691
KC,21,100,1,0.048987,0.041125,0.0042
BA,21,100,17,0.499535,0.46735,0.031728
KC,21,100,1,0.020005,0.012173,0.00405
BA,21,100,3,0.015834,0.0097,0.006075
KC,21,100,1,0.080762,0.072838,0.004268
BA,21,100,12,0.218799,0.19613,0.022379
KC,21,100,1,0.029058,0.021288,0.004116
BA,21,100,10,0.139736,0.120162,0.019335
KC,21,100,1,0.031212,0.022872,0.004102
BA,21,100,11,0.18408,0.150522,0.020481
KC,21,100,1,0.028516,0.020585,0.004144
BA,21,100,9,0.11301,0.096308,0.016486
KC,21,100,1,0.044269,0.036414,0.004241
BA,21,100,12,0.217273,0.194862,0.022115
KC,21,100,1,0.023334,0.014756,0.004126
BA,21,100,2,0.008706,0.005003,0.003671
KC,21,100,1,0.049412,0.041434,0.004309
BA,21,100,3,0.016461,0.010879,0.005523
KC,21,100,1,0.046269,0.038305,0.004242
BA,21,100,8,0.088103,0.073168,0.014735
KC,21,100,1,0.034716,0.026389,0.004123
BA,21,100,14,0.295465,0.269261,0.02584
KC,21,100,1,0.026265,0.017984,0.004077
BA,21,100,15,0.379696,0.34901,0.030298
KC,21,100,1,0.021207,0.012949,0.004058
BA,21,100,3,0.01629,0.01075,0.005486
KC,21,100,1,0.037728,0.029213,0.004291
BA,21,100,4,0.026452,0.019009,0.00736
KC,21,100,1,0.051694,0.043199,0.004271
BA,21,100,13,0.254851,0.229891,0.024651
KC,21,100,1,0.024126,0.015724,0.004141
BA,21,100,3,0.015837,0.009768,0.006012
KC,21,100,1,0.066673,0.058667,0.004365
BA,31,0,10,0.167302,0.129559,0.037487
KC,31,0,1,0.092227,0.069785,0.010576
BA,31,0,10,0.162594,0.12444,0.037887
KC,31,0,1,0.122444,0.102304,0.010391
BA,31,0,3,0.030131,0.014635,0.01538
KC,31,0,1,0.20056,0.175412,0.013732
BA,31,0,12,0.302486,0.244438,0.057635
KC,31,0,1,0.096211,0.072252,0.012143
BA,31,0,2,0.017896,0.007035,0.010815
KC,31,0,1,0.223419,0.199759,0.012265
BA,31,0,2,0.016247,0.006841,0.009359
KC,31,0,1,0.220859,0.195888,0.013693
BA,31,0,2,0.0167,0.00584,0.010815
KC,31,0,1,0.191182,0.167284,0.012173
BA,31,0,4,0.042144,0.023333,0.018702
KC,31,0,1,0.191801,0.16561,0.013566
BA,31,0,2,0.017869,0.008253,0.009567
KC,31,0,1,0.235322,0.21133,0.012682
BA,31,0,3,0.030182,0.014648,0.015457
KC,31,0,1,0.189192,0.166053,0.011546
BA,31,0,12,0.295223,0.23838,0.05644
KC,31,0,1,0.119876,0.096422,0.012132
BA,31,0,4,0.042011,0.02316,0.018742
KC,31,0,1,0.230833,0.20706,0.01211
BA,31,0,10,0.187733,0.140101,0.047306
KC,31,0,1,0.169738,0.144781,0.012197
BA,31,0,2,0.016305,0.006746,0.00951
KC,31,0,1,0.202993,0.178952,0.011704
BA,31,0,19,1.31568,1.21418,0.099308
KC,31,0,1,0.112644,0.068895,0.02068
BA,31,0,3,0.061737,0.031118,0.030299
KC,31,0,1,0.333177,0.282283,0.025811
BA,31,0,12,0.479078,0.356056,0.121429
KC,31,0,1,0.156159,0.108135,0.02237
BA,31,0,11,0.362134,0.252568,0.10812
KC,31,0,1,0.231043,0.184891,0.018657
BA,31,0,11,0.351224,0.251272,0.098515
KC,31,0,1,0.145264,0.096061,0.020367
BA,31,0,6,0.14065,0.07831,0.061652
KC,31,0,1,0.287869,0.241704,0.021517
BA,31,0,13,0.472457,0.350965,0.119794
KC,31,0,1,0.131517,0.084808,0.022311
BA,31,0,2,0.033533,0.008679,0.024668
KC,31,0,1,0.314652,0.266706,0.023146
BA,31,0,3,0.05592,0.027855,0.027702
KC,31,0,1,0.274603,0.22117,0.022347
BA,31,0,8,0.202302,0.131907,0.069419
KC,31,0,1,0.273682,0.230485,0.020893
BA,31,0,13,0.454015,0.349866,0.097874
KC,31,0,1,0.141441,0.100452,0.02054
BA,31,0,15,0.652298,0.506645,0.143596
KC,31,0,1,0.126525,0.073094,0.023102
BA,31,0,3,0.04597,0.021518,0.024129
KC,31,0,1,0.308675,0.258877,0.020567
BA,31,0,4,0.079699,0.043059,0.036116
KC,31,0,1,0.322396,0.277046,0.020282
BA,31,0,12,0.424537,0.312935,0.109701
KC,31,0,1,0.11473,0.067767,0.024122
BA,31,0,3,0.059508,0.023982,0.035269
KC,31,0,1,0.344543,0.293989,0.019794
BA,31,20,10,0.331354,0.234948,0.095042
KC,31,20,1,0.133012,0.0921,0.019035
BA,31,20,10,0.291943,0.196906,0.093719
KC,31,20,1,0.195179,0.158622,0.014298
BA,31,20,3,0.0294,0.015179,0.014142
KC,31,20,1,0.209754,0.186303,0.012035
BA,31,20,12,0.305108,0.245969,0.058715
KC,31,20,1,0.114853,0.090522,0.013514
BA,31,20,2,0.016462,0.005647,0.010768
KC,31,20,1,0.224995,0.199922,0.012412
BA,31,20,2,0.016156,0.005279,0.010832
KC,31,20,1,0.231466,0.207424,0.012415
BA,31,20,2,0.016791,0.007322,0.009422
KC,31,20,1,0.215,0.189354,0.014217
BA,31,20,4,0.04212,0.023328,0.018687
KC,31,20,1,0.240651,0.214535,0.014548
BA,31,20,2,0.016413,0.006887,0.009482
KC,31,20,1,0.215062,0.19095,0.013342
BA,31,20,3,0.023837,0.012358,0.011411
KC,31,20,1,0.202288,0.18028,0.011921
BA,31,20,12,0.240895,0.193622,0.046933
KC,31,20,1,0.105641,0.085782,0.010321
BA,31,20,4,0.034037,0.017728,0.0162
KC,31,20,1,0.202866,0.179256,0.013315
BA,31,20,10,0.152518,0.112966,0.039274
KC,31,20,1,0.164503,0.142097,0.012779
BA,31,20,2,0.01627,0.005389,0.010828
KC,31,20,1,0.238204,0.211346,0.013964
BA,31,20,19,0.996164,0.895965,0.09805
KC,31,20,1,0.066317,0.041953,0.011656
BA,31,20,3,0.024431,0.01193,0.012441
KC,31,20,1,0.216576,0.196419,0.00995
BA,31,20,12,0.312357,0.254754,0.057195
KC,31,20,1,0.099815,0.074381,0.013714
BA,31,20,11,0.251919,0.198364,0.053185
KC,31,20,1,0.16821,0.14457,0.012049
BA,31,20,11,0.250941,0.197457,0.053119
KC,31,20,1,0.146837,0.121799,0.012134
BA,31,20,6,0.083325,0.055282,0.027874
KC,31,20,1,0.207446,0.18411,0.011952
BA,31,20,13,0.364671,0.300798,0.063432
KC,31,20,1,0.091088,0.067768,0.012307
BA,31,20,2,0.016532,0.005693,0.010794
KC,31,20,1,0.23201,0.20807,0.012372
BA,31,20,3,0.023572,0.011088,0.012424
KC,31,20,1,0.197234,0.174593,0.012928
BA,31,20,8,0.133656,0.09561,0.037793
KC,31,20,1,0.159616,0.133791,0.014198
BA,31,20,13,0.37606,0.312457,0.063155
KC,31,20,1,0.118955,0.092006,0.014525
BA,31,20,15,0.485009,0.411375,0.071734
KC,31,20,1,0.083706,0.063669,0.010335
BA,31,20,3,0.02926,0.013765,0.01542
KC,31,20,1,0.207011,0.18191,0.011593
BA,31,20,4,0.045597,0.023994,0.021491
KC,31,20,1,0.215956,0.192866,0.011661
BA,31,20,12,0.467508,0.352789,0.113157
KC,31,20,1,0.112317,0.065028,0.021977
BA,31,20,3,0.060195,0.023264,0.036562
KC,31,20,1,0.352661,0.310822,0.016877
BA,31,40,10,0.290974,0.203887,0.085988
KC,31,40,1,0.140041,0.094738,0.021158
BA,31,40,10,0.299169,0.205169,0.092675
KC,31,40,1,0.228807,0.187599,0.018179
BA,31,40,3,0.054304,0.026232,0.027836
KC,31,40,1,0.313256,0.260674,0.023223
BA,31,40,12,0.411788,0.292514,0.117791
KC,31,40,1,0.128934,0.086248,0.017072
BA,31,40,2,0.024806,0.00919,0.015487
KC,31,40,1,0.316904,0.270645,0.02214
BA,31,40,2,0.0289,0.011276,0.017446
KC,31,40,1,0.330514,0.283231,0.0232
BA,31,40,2,0.030699,0.013166,0.017352
KC,31,40,1,0.278525,0.232616,0.022479
BA,31,40,4,0.073443,0.032574,0.040467
KC,31,40,1,0.281386,0.230483,0.021048
BA,31,40,2,0.018571,0.007652,0.010851
KC,31,40,1,0.248771,0.222273,0.01672
BA,31,40,3,0.049169,0.022706,0.026237
KC,31,40,1,0.312198,0.263098,0.025106
BA,31,40,12,0.392099,0.281346,0.109262
KC,31,40,1,0.175367,0.126362,0.023638
BA,31,40,4,0.083385,0.041685,0.041298
KC,31,40,1,0.329705,0.281727,0.023734
BA,31,40,10,0.288999,0.191276,0.096361
KC,31,40,1,0.210065,0.167307,0.018399
BA,31,40,2,0.025046,0.007599,0.017323
KC,31,40,1,0.331816,0.287521,0.024179
BA,31,40,19,1.1025,0.927659,0.172242
KC,31,40,1,0.108504,0.064159,0.019975
BA,31,40,3,0.053124,0.022008,0.030797
KC,31,40,1,0.319376,0.268708,0.025382
BA,31,40,12,0.441336,0.331354,0.10851
KC,31,40,1,0.162808,0.11556,0.022668
BA,31,40,11,0.383927,0.276327,0.106222
KC,31,40,1,0.172488,0.118605,0.023874
BA,31,40,11,0.394304,0.275516,0.117378
KC,31,40,1,0.150418,0.108284,0.020553
BA,31,40,6,0.074318,0.046697,0.027303
KC,31,40,1,0.264961,0.241056,0.014746
BA,31,40,13,0.506039,0.372521,0.131718
KC,31,40,1,0.125938,0.076344,0.0163
BA,31,40,2,0.033619,0.01382,0.019274
KC,31,40,1,0.335993,0.286997,0.022888
BA,31,40,3,0.057588,0.027788,0.029533
KC,31,40,1,0.301189,0.254258,0.016591
BA,31,40,8,0.200218,0.130966,0.068243
KC,31,40,1,0.286658,0.247022,0.023055
BA,31,40,13,0.489059,0.361661,0.123756
KC,31,40,1,0.137312,0.100607,0.015044
BA,31,40,15,0.634632,0.507465,0.125401
KC,31,40,1,0.112854,0.069954,0.017224
BA,31,40,3,0.046974,0.021787,0.024872
KC,31,40,1,0.310637,0.259962,0.02078
BA,31,40,4,0.072579,0.039444,0.032637
KC,31,40,1,0.311172,0.265179,0.022589
BA,31,40,12,0.407649,0.290817,0.115283
KC,31,40,1,0.104293,0.062528,0.018307
BA,31,40,3,0.044155,0.022105,0.021755
KC,31,40,1,0.328015,0.282888,0.021404
BA,31,60,10,0.283561,0.195801,0.086616
KC,31,60,1,0.132482,0.088804,0.022619
BA,31,60,10,0.213949,0.156802,0.056429
KC,31,60,1,0.206045,0.165783,0.019617
BA,31,60,3,0.055336,0.017137,0.037944
KC,31,60,1,0.332196,0.28701,0.022369
BA,31,60,12,0.410275,0.301496,0.10732
KC,31,60,1,0.124091,0.079067,0.02565
BA,31,60,2,0.035129,0.013699,0.021247
KC,31,60,1,0.35269,0.309633,0.021826
BA,31,60,2,0.034763,0.015299,0.01929
KC,31,60,1,0.343207,0.298948,0.02479
BA,31,60,2,0.030259,0.007319,0.022827
KC,31,60,1,0.292112,0.247203,0.022914
BA,31,60,4,0.069098,0.03353,0.035198
KC,31,60,1,0.285151,0.234188,0.022049
BA,31,60,2,0.029539,0.007419,0.02194
KC,31,60,1,0.310461,0.263682,0.023689
BA,31,60,3,0.054704,0.027967,0.026385
KC,31,60,1,0.304906,0.262891,0.019659
BA,31,60,12,0.394355,0.2889,0.103875
KC,31,60,1,0.142846,0.097575,0.019269
BA,31,60,4,0.083866,0.042544,0.04086
KC,31,60,1,0.295414,0.249654,0.021222
BA,31,60,10,0.311751,0.209887,0.100526
KC,31,60,1,0.193644,0.139527,0.02633
BA,31,60,2,0.0134,0.004765,0.00857
KC,31,60,1,0.28251,0.260129,0.014815
BA,31,60,19,1.01774,0.853317,0.162009
KC,31,60,1,0.106241,0.060693,0.021635
BA,31,60,3,0.056463,0.024625,0.031537
KC,31,60,1,0.336147,0.285946,0.022098
BA,31,60,12,0.425321,0.307326,0.11617
KC,31,60,1,0.137352,0.097767,0.017481
BA,31,60,11,0.384351,0.278073,0.105009
KC,31,60,1,0.175701,0.120806,0.025961
BA,31,60,11,0.393775,0.285614,0.106784
KC,31,60,1,0.15851,0.111543,0.021831
BA,31,60,6,0.129543,0.07498,0.053885
KC,31,60,1,0.289338,0.245759,0.019522
BA,31,60,13,0.470204,0.351406,0.117119
KC,31,60,1,0.124497,0.072552,0.025352
BA,31,60,2,0.032747,0.013673,0.018872
KC,31,60,1,0.330501,0.280392,0.021024
BA,31,60,3,0.056166,0.023362,0.032416
KC,31,60,1,0.223161,0.183689,0.018904
BA,31,60,8,0.209592,0.136387,0.072223
KC,31,60,1,0.217287,0.175483,0.01987
BA,31,60,13,0.452048,0.329801,0.120862
KC,31,60,1,0.130368,0.08744,0.018
BA,31,60,15,0.678087,0.521308,0.154851
KC,31,60,1,0.1089,0.06516,0.021406
BA,31,60,3,0.057364,0.026771,0.030248
KC,31,60,1,0.330533,0.278271,0.024354
BA,31,60,4,0.071508,0.037859,0.033295
KC,31,60,1,0.324518,0.276655,0.023583
BA,31,60,12,0.428359,0.30337,0.123442
KC,31,60,1,0.111628,0.06704,0.017043
BA,31,60,3,0.044877,0.020321,0.024339
KC,31,60,1,0.340849,0.294073,0.02196
BA,31,80,10,0.297721,0.201912,0.094608
KC,31,80,1,0.151765,0.103168,0.020848
BA,31,80,10,0.289271,0.192136,0.095891
KC,31,80,1,0.154349,0.110942,0.021142
BA,31,80,3,0.030559,0.016208,0.014266
KC,31,80,1,0.254027,0.22719,0.015115
BA,31,80,12,0.304187,0.245805,0.057983
KC,31,80,1,0.134144,0.109296,0.013552
BA,31,80,2,0.017053,0.007636,0.009372
KC,31,80,1,0.213295,0.18711,0.014757
BA,31,80,2,0.01717,0.007697,0.009424
KC,31,80,1,0.248515,0.223642,0.011949
BA,31,80,2,0.01352,0.004789,0.008692
KC,31,80,1,0.207821,0.188308,0.010135
BA,31,80,4,0.035158,0.019839,0.015222
KC,31,80,1,0.174672,0.151771,0.011863
BA,31,80,2,0.014726,0.006927,0.007742
KC,31,80,1,0.214826,0.196357,0.008846
BA,31,80,3,0.02505,0.013534,0.011449
KC,31,80,1,0.208293,0.185623,0.012194
BA,31,80,12,0.30513,0.238667,0.05838
KC,31,80,1,0.1132,0.086607,0.014286
BA,31,80,4,0.04214,0.020497,0.021504
KC,31,80,1,0.211944,0.186179,0.012741
BA,31,80,10,0.187156,0.139708,0.047139
KC,31,80,1,0.158882,0.131836,0.014167
BA,31,80,2,0.016369,0.006866,0.009458
KC,31,80,1,0.231743,0.207782,0.012579
BA,31,80,19,0.993121,0.902879,0.089514
KC,31,80,1,0.054034,0.034179,0.009633
BA,31,80,3,0.023134,0.011757,0.011311
KC,31,80,1,0.215237,0.191925,0.01233
BA,31,80,12,0.253152,0.206486,0.046312
KC,31,80,1,0.11321,0.092006,0.011373
BA,31,80,11,0.250876,0.196172,0.054356
KC,31,80,1,0.154864,0.130129,0.01226
BA,31,80,11,0.250608,0.194179,0.056077
KC,31,80,1,0.148617,0.124241,0.011604
BA,31,80,6,0.083445,0.055073,0.028197
KC,31,80,1,0.226135,0.201933,0.012335
BA,31,80,13,0.302208,0.24676,0.055053
KC,31,80,1,0.080144,0.058284,0.012258
BA,31,80,2,0.013516,0.005848,0.007623
KC,31,80,1,0.223508,0.203168,0.010365
BA,31,80,3,0.025149,0.013439,0.011638
KC,31,80,1,0.180852,0.157921,0.011777
BA,31,80,8,0.107702,0.077098,0.03037
KC,31,80,1,0.17471,0.153533,0.010119
BA,31,80,13,0.304659,0.250806,0.05348
KC,31,80,1,0.11455,0.09292,0.011146
BA,31,80,15,0.519027,0.442932,0.074166
KC,31,80,1,0.081826,0.058754,0.011899
BA,31,80,3,0.029315,0.015172,0.014071
KC,31,80,1,0.217825,0.191687,0.014969
BA,31,80,4,0.044218,0.022736,0.021378
KC,31,80,1,0.219613,0.195582,0.012117
BA,31,80,12,0.24741,0.199174,0.047881
KC,31,80,1,0.065492,0.046378,0.009882
BA,31,80,3,0.023161,0.011672,0.011425
KC,31,80,1,0.212278,0.188972,0.012961
BA,31,100,10,0.168957,0.130655,0.038029
KC,31,100,1,0.06752,0.046134,0.011211
BA,31,100,10,0.202934,0.154919,0.047694
KC,31,100,1,0.129526,0.10442,0.012281
BA,31,100,3,0.028974,0.013216,0.015678
KC,31,100,1,0.182917,0.159315,0.011809
BA,31,100,12,0.306702,0.248798,0.057494
KC,31,100,1,0.078536,0.054547,0.012305
BA,31,100,2,0.014941,0.005092,0.009796
KC,31,100,1,0.216965,0.195636,0.011674
BA,31,100,2,0.014392,0.006522,0.007827
KC,31,100,1,0.222866,0.200114,0.011389
BA,31,100,2,0.01817,0.00734,0.010785
KC,31,100,1,0.205518,0.180181,0.01396
BA,31,100,4,0.042133,0.02197,0.020056
KC,31,100,1,0.223584,0.19824,0.012058
BA,31,100,2,0.016652,0.005616,0.01099
KC,31,100,1,0.241109,0.218807,0.011203
BA,31,100,3,0.024974,0.013375,0.011526
KC,31,100,1,0.153966,0.131564,0.012174
BA,31,100,12,0.24201,0.19423,0.047433
KC,31,100,1,0.136862,0.116783,0.010351
BA,31,100,4,0.04271,0.023491,0.019107
KC,31,100,1,0.215341,0.191807,0.012158
BA,31,100,10,0.18873,0.139545,0.04885
KC,31,100,1,0.145868,0.12121,0.012186
BA,31,100,2,0.016573,0.006849,0.009681
KC,31,100,1,0.23476,0.209478,0.012283
BA,31,100,19,0.841332,0.738618,0.100612
KC,31,100,1,0.032235,0.012466,0.010367
BA,31,100,3,0.056147,0.026918,0.028897
KC,31,100,1,0.234622,0.195123,0.016684
BA,31,100,12,0.478979,0.351959,0.125327
KC,31,100,1,0.119928,0.079597,0.016037
BA,31,100,11,0.353159,0.251946,0.099825
KC,31,100,1,0.142224,0.095914,0.024333
BA,31,100,11,0.349536,0.240532,0.107772
KC,31,100,1,0.138573,0.089175,0.019738
BA,31,100,6,0.138484,0.083963,0.053796
KC,31,100,1,0.264479,0.218084,0.019878
BA,31,100,13,0.532749,0.403615,0.122854
KC,31,100,1,0.091186,0.051637,0.017563
BA,31,100,2,0.030903,0.013257,0.017431
KC,31,100,1,0.326356,0.275597,0.020129
BA,31,100,3,0.057755,0.029403,0.028051
KC,31,100,1,0.156496,0.117662,0.014566
BA,31,100,8,0.132591,0.093463,0.038868
KC,31,100,1,0.175274,0.14803,0.014651
BA,31,100,13,0.375012,0.312406,0.062169
KC,31,100,1,0.056221,0.034092,0.011217
BA,31,100,15,0.521846,0.448411,0.0729
KC,31,100,1,0.04665,0.024282,0.011084
BA,31,100,3,0.029184,0.01366,0.01545
KC,31,100,1,0.250281,0.226777,0.010905
BA,31,100,4,0.044346,0.02544,0.018765
KC,31,100,1,0.197809,0.172473,0.012183
BA,31,100,12,0.307509,0.25036,0.056761
KC,31,100,1,0.049608,0.026162,0.011215
BA,31,100,3,0.028651,0.014369,0.014206
KC,31,100,1,0.191637,0.167718,0.011715
BA,41,0,10,0.248449,0.163443,0.084591
KC,41,0,1,0.158819,0.111649,0.021028
BA,41,0,10,0.251969,0.164867,0.086698
KC,41,0,1,0.287542,0.239587,0.025162
BA,41,0,5,0.073406,0.037326,0.035925
KC,41,0,1,0.245218,0.202005,0.021487
BA,41,0,13,0.345063,0.248334,0.09621
KC,41,0,1,0.157544,0.115004,0.018236
BA,41,0,2,0.023478,0.008042,0.015383
KC,41,0,1,0.254641,0.204532,0.029883
BA,41,0,2,0.047487,0.017075,0.030205
KC,41,0,1,0.399622,0.314402,0.035697
BA,41,0,2,0.045535,0.015804,0.029528
KC,41,0,1,0.348131,0.277287,0.034675
BA,41,0,4,0.108131,0.04207,0.065598
KC,41,0,1,0.382104,0.308073,0.029206
BA,41,0,2,0.043738,0.01601,0.02761
KC,41,0,1,0.377051,0.301718,0.030948
BA,41,0,3,0.074168,0.031553,0.042325
KC,41,0,1,0.375217,0.305663,0.031579
BA,41,0,10,0.369275,0.234459,0.133643
KC,41,0,1,0.375179,0.294912,0.037262
BA,41,0,4,0.109047,0.050996,0.057662
KC,41,0,1,0.377768,0.303873,0.033893
BA,41,0,8,0.27065,0.143275,0.126354
KC,41,0,1,0.324426,0.239973,0.037111
BA,41,0,2,0.045839,0.015188,0.030451
KC,41,0,1,0.42709,0.344438,0.037558
BA,41,0,17,0.94672,0.695945,0.24074
KC,41,0,1,0.160731,0.089047,0.035194
BA,41,0,3,0.076246,0.032854,0.043066
KC,41,0,1,0.421,0.340474,0.03318
BA,41,0,11,0.447823,0.29179,0.154445
KC,41,0,1,0.22034,0.15127,0.03183
BA,41,0,11,0.452478,0.294161,0.156647
KC,41,0,1,0.346065,0.275457,0.031668
BA,41,0,11,0.473749,0.298112,0.174087
KC,41,0,1,0.203901,0.131518,0.035745
BA,41,0,9,0.368161,0.231441,0.135438
KC,41,0,1,0.410799,0.330725,0.029953
BA,41,0,11,0.457032,0.295099,0.160422
KC,41,0,1,0.192612,0.126118,0.027512
BA,41,0,2,0.029545,0.0072,0.022281
KC,41,0,1,0.298213,0.247226,0.023866
BA,41,0,3,0.044625,0.017782,0.026733
KC,41,0,1,0.281555,0.234821,0.021206
BA,41,0,6,0.118409,0.066589,0.051591
KC,41,0,1,0.263191,0.217277,0.020315
BA,41,0,14,0.419239,0.316243,0.102368
KC,41,0,1,0.138908,0.100821,0.017899
BA,41,0,15,0.594182,0.459861,0.133576
KC,41,0,1,0.147976,0.100642,0.02215
BA,41,0,3,0.046033,0.016126,0.029793
KC,41,0,1,0.281279,0.235644,0.020143
BA,41,0,5,0.089555,0.046191,0.04317
KC,41,0,1,0.2913,0.245943,0.020358
BA,41,0,13,0.356421,0.25949,0.096359
KC,41,0,1,0.126671,0.092331,0.017194
BA,41,0,3,0.036001,0.014347,0.021544
KC,41,0,1,0.280093,0.238896,0.01709
BA,41,20,10,0.208489,0.136454,0.071651
KC,41,20,1,0.161536,0.120789,0.018042
BA,41,20,10,0.204815,0.12906,0.075388
KC,41,20,1,0.232074,0.189425,0.020755
BA,41,20,5,0.073813,0.037186,0.036462
KC,41,20,1,0.253324,0.209744,0.021333
BA,41,20,13,0.354611,0.257907,0.096239
KC,41,20,1,0.156866,0.116855,0.016868
BA,41,20,2,0.024773,0.008495,0.016207
KC,41,20,1,0.300774,0.259102,0.018132
BA,41,20,2,0.024106,0.008826,0.015219
KC,41,20,1,0.266001,0.225631,0.017575
BA,41,20,2,0.025453,0.009723,0.015675
KC,41,20,1,0.239397,0.198873,0.017742
BA,41,20,4,0.054781,0.025123,0.029532
KC,41,20,1,0.255911,0.217714,0.017499
BA,41,20,2,0.024996,0.008479,0.016454
KC,41,20,1,0.297425,0.256756,0.017566
BA,41,20,3,0.037053,0.012222,0.024739
KC,41,20,1,0.27258,0.233885,0.017583
BA,41,20,10,0.219716,0.146075,0.073264
KC,41,20,1,0.266904,0.229552,0.016804
BA,41,20,4,0.05405,0.023636,0.030309
KC,41,20,1,0.301562,0.260424,0.019098
BA,41,20,8,0.136854,0.079528,0.057026
KC,41,20,1,0.22909,0.191649,0.017048
BA,41,20,2,0.024313,0.007943,0.016299
KC,41,20,1,0.275618,0.231916,0.01998
BA,41,20,17,0.73881,0.585197,0.152783
KC,41,20,1,0.152013,0.104149,0.025513
BA,41,20,3,0.035766,0.01409,0.021577
KC,41,20,1,0.249769,0.208764,0.017431
BA,41,20,11,0.264522,0.182697,0.081425
KC,41,20,1,0.159398,0.119483,0.01671
BA,41,20,11,0.312397,0.212906,0.098979
KC,41,20,1,0.219521,0.175872,0.019726
BA,41,20,11,0.303331,0.206595,0.096275
KC,41,20,1,0.150799,0.106731,0.020771
BA,41,20,9,0.233269,0.153768,0.079132
KC,41,20,1,0.25949,0.215088,0.021089
BA,41,20,11,0.321861,0.222498,0.098889
KC,41,20,1,0.13724,0.091879,0.020112
BA,41,20,2,0.026811,0.009004,0.017698
KC,41,20,1,0.280222,0.234183,0.020488
BA,41,20,3,0.037749,0.015909,0.021752
KC,41,20,1,0.265008,0.221208,0.021091
BA,41,20,6,0.09549,0.053528,0.041772
KC,41,20,1,0.247213,0.209894,0.017378
BA,41,20,14,0.424181,0.319225,0.104325
KC,41,20,1,0.156176,0.114319,0.019605
BA,41,20,15,0.594344,0.457343,0.133647
KC,41,20,1,0.150253,0.103072,0.020785
BA,41,20,3,0.045083,0.015626,0.029346
KC,41,20,1,0.31425,0.266782,0.021005
BA,41,20,5,0.075312,0.038604,0.036539
KC,41,20,1,0.286021,0.245216,0.01755
BA,41,20,13,0.361856,0.265341,0.095981
KC,41,20,1,0.174498,0.134391,0.016689
BA,41,20,3,0.045022,0.018118,0.026811
KC,41,20,1,0.236015,0.190047,0.020671
BA,41,40,10,0.255658,0.167447,0.087788
KC,41,40,1,0.158888,0.111958,0.020902
BA,41,40,10,0.218999,0.140669,0.077928
KC,41,40,1,0.26418,0.224168,0.017016
BA,41,40,5,0.074796,0.038002,0.03663
KC,41,40,1,0.267363,0.228497,0.018
BA,41,40,13,0.352993,0.257357,0.09513
KC,41,40,1,0.13714,0.094072,0.01916
BA,41,40,2,0.028018,0.009538,0.018421
KC,41,40,1,0.286908,0.237286,0.023454
BA,41,40,2,0.026763,0.008845,0.017821
KC,41,40,1,0.300996,0.256345,0.020311
BA,41,40,2,0.026124,0.008638,0.017421
KC,41,40,1,0.262251,0.214725,0.021755
BA,41,40,4,0.056189,0.02575,0.030299
KC,41,40,1,0.258705,0.220607,0.018277
BA,41,40,2,0.024566,0.008703,0.015794
KC,41,40,1,0.284266,0.241823,0.021791
BA,41,40,3,0.044729,0.018232,0.026394
KC,41,40,1,0.268931,0.224099,0.020802
BA,41,40,10,0.264971,0.174705,0.089842
KC,41,40,1,0.244626,0.200459,0.020864
BA,41,40,4,0.050846,0.019089,0.031632
KC,41,40,1,0.257013,0.216462,0.017546
BA,41,40,8,0.140221,0.080627,0.059263
KC,41,40,1,0.259536,0.220214,0.017919
BA,41,40,2,0.025972,0.009744,0.016178
KC,41,40,1,0.280804,0.240865,0.017685
BA,41,40,17,0.61224,0.479783,0.131703
KC,41,40,1,0.129314,0.089443,0.019611
BA,41,40,3,0.038973,0.015654,0.023212
KC,41,40,1,0.265168,0.227926,0.01713
BA,41,40,11,0.259805,0.177428,0.081925
KC,41,40,1,0.186996,0.148634,0.01748
BA,41,40,11,0.31359,0.211871,0.10125
KC,41,40,1,0.190107,0.144213,0.020993
BA,41,40,11,0.30245,0.20512,0.09681
KC,41,40,1,0.212794,0.168116,0.021093
BA,41,40,9,0.231369,0.150482,0.080458
KC,41,40,1,0.260411,0.217848,0.019803
BA,41,40,11,0.27185,0.186407,0.084913
KC,41,40,1,0.165604,0.127127,0.017346
BA,41,40,2,0.023771,0.008073,0.015642
KC,41,40,1,0.276989,0.23848,0.017646
BA,41,40,3,0.040215,0.017457,0.022666
KC,41,40,1,0.243036,0.1995,0.020367
BA,41,40,6,0.098652,0.050698,0.047745
KC,41,40,1,0.266704,0.225365,0.020549
BA,41,40,14,0.427896,0.315134,0.112142
KC,41,40,1,0.152168,0.111033,0.020548
BA,41,40,15,0.498288,0.375382,0.119992
KC,41,40,1,0.123086,0.083733,0.019118
BA,41,40,3,0.045413,0.015478,0.029826
KC,41,40,1,0.31526,0.270152,0.022376
BA,41,40,5,0.076934,0.040206,0.036533
KC,41,40,1,0.273478,0.232904,0.017642
BA,41,40,13,0.364606,0.265137,0.098951
KC,41,40,1,0.12892,0.090401,0.017901
BA,41,40,3,0.038511,0.015619,0.022815
KC,41,40,1,0.278415,0.237074,0.020348
BA,41,60,10,0.20954,0.133506,0.075627
KC,41,60,1,0.141855,0.098395,0.021723
BA,41,60,10,0.209271,0.131959,0.074751
KC,41,60,1,0.216538,0.175708,0.02073
BA,41,60,5,0.071471,0.033275,0.038046
KC,41,60,1,0.266472,0.227184,0.017987
BA,41,60,13,0.354102,0.257428,0.096191
KC,41,60,1,0.13465,0.095364,0.02006
BA,41,60,2,0.024196,0.008124,0.01603
KC,41,60,1,0.283734,0.245165,0.017085
BA,41,60,2,0.023975,0.007985,0.015914
KC,41,60,1,0.275922,0.236058,0.01688
BA,41,60,2,0.023672,0.005114,0.018478
KC,41,60,1,0.277334,0.234859,0.021278
BA,41,60,4,0.05245,0.023473,0.028827
KC,41,60,1,0.273167,0.233171,0.016978
BA,41,60,2,0.025158,0.008849,0.016231
KC,41,60,1,0.236466,0.199771,0.016643
BA,41,60,3,0.038141,0.013399,0.02465
KC,41,60,1,0.271969,0.232565,0.016812
BA,41,60,10,0.219146,0.14323,0.075557
KC,41,60,1,0.239866,0.197499,0.020969
BA,41,60,4,0.052742,0.020411,0.032191
KC,41,60,1,0.275066,0.235071,0.017406
BA,41,60,8,0.139172,0.080632,0.058247
KC,41,60,1,0.23118,0.191418,0.017072
BA,41,60,2,0.024048,0.008652,0.015341
KC,41,60,1,0.259684,0.21729,0.021547
BA,41,60,17,0.611785,0.482965,0.128022
KC,41,60,1,0.123072,0.083085,0.019202
BA,41,60,3,0.048244,0.01961,0.02853
KC,41,60,1,0.298354,0.252129,0.020348
BA,41,60,11,0.317818,0.218644,0.098621
KC,41,60,1,0.159657,0.114806,0.021072
BA,41,60,11,0.260621,0.179983,0.080222
KC,41,60,1,0.203066,0.164706,0.017286
BA,41,60,11,0.253272,0.171268,0.081601
KC,41,60,1,0.149104,0.110888,0.017535
BA,41,60,9,0.373076,0.236994,0.134942
KC,41,60,1,0.379839,0.303026,0.036693
BA,41,60,11,0.474362,0.30943,0.163443
KC,41,60,1,0.183011,0.110198,0.03522
BA,41,60,2,0.047157,0.017526,0.029395
KC,41,60,1,0.38233,0.303296,0.031807
BA,41,60,3,0.082967,0.03689,0.045721
KC,41,60,1,0.341727,0.269263,0.033333
BA,41,60,6,0.095991,0.054439,0.041309
KC,41,60,1,0.35624,0.298285,0.028873
BA,41,60,14,0.661565,0.458957,0.200801
KC,41,60,1,0.201203,0.120113,0.038245
BA,41,60,15,0.8999,0.666198,0.231595
KC,41,60,1,0.223704,0.138347,0.035422
BA,41,60,3,0.07469,0.024474,0.049938
KC,41,60,1,0.380698,0.298954,0.030795
BA,41,60,5,0.147874,0.076048,0.071309
KC,41,60,1,0.344201,0.277988,0.029825
BA,41,60,13,0.584306,0.384393,0.198194
KC,41,60,1,0.191817,0.122598,0.030494
BA,41,60,3,0.07411,0.031144,0.042658
KC,41,60,1,0.401179,0.329968,0.034003
BA,41,80,10,0.381585,0.236544,0.143696
KC,41,80,1,0.202243,0.122039,0.033833
BA,41,80,10,0.258392,0.164885,0.092867
KC,41,80,1,0.339683,0.268339,0.030669
BA,41,80,5,0.151159,0.063043,0.087522
KC,41,80,1,0.396227,0.314451,0.033467
BA,41,80,13,0.587201,0.401297,0.184063
KC,41,80,1,0.208371,0.135827,0.025522
BA,41,80,2,0.044171,0.01613,0.027875
KC,41,80,1,0.381566,0.313572,0.029332
BA,41,80,2,0.044798,0.016013,0.028643
KC,41,80,1,0.403122,0.324113,0.03313
BA,41,80,2,0.05127,0.015221,0.035899
KC,41,80,1,0.352092,0.278579,0.035693
BA,41,80,4,0.105679,0.050042,0.055189
KC,41,80,1,0.344574,0.270175,0.035587
BA,41,80,2,0.045838,0.017004,0.02868
KC,41,80,1,0.249642,0.182818,0.02862
BA,41,80,3,0.070247,0.022888,0.047075
KC,41,80,1,0.390979,0.314028,0.030785
BA,41,80,10,0.373345,0.222407,0.149741
KC,41,80,1,0.354691,0.281061,0.031762
BA,41,80,4,0.102573,0.044956,0.057149
KC,41,80,1,0.407678,0.339626,0.027642
BA,41,80,8,0.265387,0.146569,0.117751
KC,41,80,1,0.372192,0.300412,0.030837
BA,41,80,2,0.04119,0.013215,0.027819
KC,41,80,1,0.411954,0.348382,0.029467
BA,41,80,17,0.933059,0.675408,0.255203
KC,41,80,1,0.193127,0.112775,0.033571
BA,41,80,3,0.080586,0.03487,0.045372
KC,41,80,1,0.391686,0.307049,0.036403
BA,41,80,11,0.479524,0.315242,0.162764
KC,41,80,1,0.279634,0.210058,0.024487
BA,41,80,11,0.315855,0.216401,0.098909
KC,41,80,1,0.26441,0.216985,0.020959
BA,41,80,11,0.300368,0.200466,0.099394
KC,41,80,1,0.249449,0.201149,0.021264
BA,41,80,9,0.231398,0.152524,0.078471
KC,41,80,1,0.283577,0.241256,0.01971
BA,41,80,11,0.26433,0.181819,0.082085
KC,41,80,1,0.153976,0.116149,0.017182
BA,41,80,2,0.021702,0.007047,0.014606
KC,41,80,1,0.278514,0.238217,0.019792
BA,41,80,3,0.040821,0.017678,0.023047
KC,41,80,1,0.275925,0.230411,0.02186
BA,41,80,6,0.097178,0.053486,0.043288
KC,41,80,1,0.240321,0.203217,0.017014
BA,41,80,14,0.428949,0.321702,0.104381
KC,41,80,1,0.159052,0.117894,0.017423
BA,41,80,15,0.48938,0.378092,0.110654
KC,41,80,1,0.148747,0.108858,0.017506
BA,41,80,3,0.048032,0.020088,0.027854
KC,41,80,1,0.268701,0.223619,0.022506
BA,41,80,5,0.088798,0.044998,0.043617
KC,41,80,1,0.319378,0.272048,0.021132
BA,41,80,13,0.359697,0.262424,0.096696
KC,41,80,1,0.117864,0.078007,0.019602
BA,41,80,3,0.04469,0.018055,0.026478
KC,41,80,1,0.292508,0.241417,0.025349
BA,41,100,10,0.253855,0.165931,0.087552
KC,41,100,1,0.154947,0.107478,0.020583
BA,41,100,10,0.203776,0.130602,0.072774
KC,41,100,1,0.192141,0.149646,0.020128
BA,41,100,5,0.071884,0.036118,0.035359
KC,41,100,1,0.260762,0.220665,0.017253
BA,41,100,13,0.353027,0.256326,0.09621
KC,41,100,1,0.125298,0.084194,0.01998
BA,41,100,2,0.026517,0.006178,0.020283
KC,41,100,1,0.286982,0.242818,0.020414
BA,41,100,2,0.027183,0.005666,0.021465
KC,41,100,1,0.299618,0.251164,0.021031
BA,41,100,2,0.024356,0.008855,0.015455
KC,41,100,1,0.229014,0.190618,0.017688
BA,41,100,4,0.054128,0.024692,0.029304
KC,41,100,1,0.285043,0.245122,0.019489
BA,41,100,2,0.024345,0.008013,0.016268
KC,41,100,1,0.288092,0.24815,0.019207
BA,41,100,3,0.04345,0.01724,0.026105
KC,41,100,1,0.255993,0.208015,0.022439
BA,41,100,10,0.262963,0.175965,0.086542
KC,41,100,1,0.222008,0.174955,0.023099
BA,41,100,4,0.052966,0.017395,0.035445
KC,41,100,1,0.240192,0.19775,0.01998
BA,41,100,8,0.138752,0.078515,0.059949
KC,41,100,1,0.209435,0.171556,0.017508
BA,41,100,2,0.021335,0.006762,0.01452
KC,41,100,1,0.287413,0.246898,0.017308
BA,41,100,17,0.598856,0.469286,0.128893
KC,41,100,1,0.079848,0.040204,0.019443
BA,41,100,3,0.038005,0.009932,0.02796
KC,41,100,1,0.267935,0.229246,0.017751
BA,41,100,11,0.259301,0.178164,0.080717
KC,41,100,1,0.165464,0.126324,0.018024
BA,41,100,11,0.257636,0.176547,0.078664
KC,41,100,1,0.210363,0.16858,0.018318
BA,41,100,11,0.248345,0.167979,0.079963
KC,41,100,1,0.204106,0.163815,0.018522
BA,41,100,9,0.186896,0.122737,0.063807
KC,41,100,1,0.256133,0.214533,0.020691
BA,41,100,11,0.259509,0.178511,0.080571
KC,41,100,1,0.101862,0.059837,0.021307
BA,41,100,2,0.021614,0.007018,0.01454
KC,41,100,1,0.265841,0.223114,0.020447
BA,41,100,3,0.0381,0.015685,0.022335
KC,41,100,1,0.276389,0.233265,0.020815
BA,41,100,6,0.095835,0.051435,0.044174
KC,41,100,1,0.20513,0.163766,0.017721
BA,41,100,14,0.423179,0.319499,0.103108
KC,41,100,1,0.155541,0.11456,0.017564
BA,41,100,15,0.48672,0.375451,0.11065
KC,41,100,1,0.097553,0.054372,0.020633
BA,41,100,3,0.040852,0.016512,0.024243
KC,41,100,1,0.273308,0.235932,0.020557
BA,41,100,5,0.090755,0.047238,0.04333
KC,41,100,1,0.289798,0.244465,0.023151
BA,41,100,13,0.363759,0.264302,0.098922
KC,41,100,1,0.094018,0.05409,0.017324
BA,41,100,3,0.043318,0.014405,0.028812
KC,41,100,1,0.278814,0.233424,0.020936
BA,51,0,9,0.306798,0.167068,0.139279
KC,51,0,1,0.26945,0.199119,0.031007
BA,51,0,10,0.282476,0.155602,0.126374
KC,51,0,1,0.31705,0.257364,0.02587
BA,51,0,3,0.061757,0.022647,0.038978
KC,51,0,1,0.371151,0.307919,0.028371
BA,51,0,13,0.45072,0.283987,0.165968
KC,51,0,1,0.311449,0.246217,0.034641
BA,51,0,2,0.041345,0.014192,0.027066
KC,51,0,1,0.396724,0.336305,0.026035
BA,51,0,2,0.03953,0.013012,0.026435
KC,51,0,1,0.346263,0.279699,0.031604
BA,51,0,2,0.037882,0.011542,0.026252
KC,51,0,1,0.357026,0.293701,0.030354
BA,51,0,4,0.082937,0.027468,0.055255
KC,51,0,1,0.369994,0.310559,0.029578
BA,51,0,2,0.039844,0.013236,0.026538
KC,51,0,1,0.39719,0.333233,0.031482
BA,51,0,3,0.063385,0.023938,0.039323
KC,51,0,1,0.374055,0.314288,0.0284
BA,51,0,13,0.464654,0.295728,0.163661
KC,51,0,1,0.300392,0.234039,0.030359
BA,51,0,4,0.101378,0.037123,0.064043
KC,51,0,1,0.387766,0.314749,0.038086
BA,51,0,8,0.236655,0.120268,0.115956
KC,51,0,1,0.30558,0.238125,0.031448
BA,51,0,2,0.03751,0.011327,0.026115
KC,51,0,1,0.368989,0.30976,0.02821
BA,51,0,17,0.731472,0.516348,0.214034
KC,51,0,1,0.252784,0.194632,0.027208
BA,51,0,3,0.052436,0.015507,0.036828
KC,51,0,1,0.384003,0.320101,0.03242
BA,51,0,10,0.29367,0.171032,0.122092
KC,51,0,1,0.290026,0.232574,0.027052
BA,51,0,10,0.298042,0.174371,0.12318
KC,51,0,1,0.291994,0.23001,0.031605
BA,51,0,10,0.299503,0.176699,0.122286
KC,51,0,1,0.288129,0.225001,0.031625
BA,51,0,6,0.137524,0.064265,0.07291
KC,51,0,1,0.356916,0.294481,0.031875
BA,51,0,13,0.458814,0.298614,0.159458
KC,51,0,1,0.170797,0.111875,0.027474
BA,51,0,2,0.037727,0.01129,0.026367
KC,51,0,1,0.409074,0.341133,0.032101
BA,51,0,3,0.058687,0.020201,0.03836
KC,51,0,1,0.326679,0.268387,0.027741
BA,51,0,7,0.171281,0.085092,0.085817
KC,51,0,1,0.346502,0.283804,0.031679
BA,51,0,16,0.632599,0.440123,0.191596
KC,51,0,1,0.306293,0.242344,0.033298
BA,51,0,14,0.531342,0.356959,0.173513
KC,51,0,1,0.194287,0.135765,0.02859
BA,51,0,3,0.06166,0.016768,0.044771
KC,51,0,1,0.361005,0.30153,0.02867
BA,51,0,5,0.112299,0.049902,0.062153
KC,51,0,1,0.364482,0.302152,0.030613
BA,51,0,13,0.47881,0.310857,0.167243
KC,51,0,1,0.202126,0.14052,0.030599
BA,51,0,3,0.069161,0.024332,0.044678
KC,51,0,1,0.386522,0.317425,0.034591
BA,51,20,9,0.304498,0.174391,0.129443
KC,51,20,1,0.199095,0.134479,0.03028
BA,51,20,10,0.289113,0.159236,0.129335
KC,51,20,1,0.289438,0.229368,0.029091
BA,51,20,3,0.058794,0.020437,0.038229
KC,51,20,1,0.360754,0.300532,0.029492
BA,51,20,13,0.454877,0.291045,0.163126
KC,51,20,1,0.295184,0.235903,0.03106
BA,51,20,2,0.039479,0.006723,0.032693
KC,51,20,1,0.386353,0.325613,0.03072
BA,51,20,2,0.03753,0.011101,0.026365
KC,51,20,1,0.385684,0.31964,0.028197
BA,51,20,2,0.039229,0.012139,0.027002
KC,51,20,1,0.337559,0.275611,0.029929
BA,51,20,4,0.097496,0.038585,0.058687
KC,51,20,1,0.350053,0.282423,0.03272
BA,51,20,2,0.043896,0.013208,0.030612
KC,51,20,1,0.398134,0.33283,0.030428
BA,51,20,3,0.060319,0.021598,0.038594
KC,51,20,1,0.38714,0.323606,0.032119
BA,51,20,13,0.458625,0.294315,0.163556
KC,51,20,1,0.279222,0.214438,0.033291
BA,51,20,4,0.09496,0.030247,0.064497
KC,51,20,1,0.372267,0.30224,0.035721
BA,51,20,8,0.195957,0.095209,0.10031
KC,51,20,1,0.358287,0.296978,0.028345
BA,51,20,2,0.038518,0.012015,0.02643
KC,51,20,1,0.382599,0.322123,0.029759
BA,51,20,17,0.726994,0.503406,0.22252
KC,51,20,1,0.257192,0.197879,0.028122
BA,51,20,3,0.061928,0.02334,0.038485
KC,51,20,1,0.416488,0.355893,0.028902
BA,51,20,10,0.296196,0.172294,0.123342
KC,51,20,1,0.318415,0.257092,0.030533
BA,51,20,10,0.294449,0.172376,0.121524
KC,51,20,1,0.298615,0.239588,0.028156
BA,51,20,10,0.300794,0.176459,0.12382
KC,51,20,1,0.304606,0.242093,0.031522
BA,51,20,6,0.138016,0.065247,0.072469
KC,51,20,1,0.345552,0.286055,0.028434
BA,51,20,13,0.462423,0.300987,0.160685
KC,51,20,1,0.141299,0.091494,0.02873
BA,51,20,2,0.048995,0.013008,0.03591
KC,51,20,1,0.405343,0.336813,0.032905
BA,51,20,3,0.071141,0.018985,0.051992
KC,51,20,1,0.384406,0.312892,0.031165
BA,51,20,7,0.174893,0.083934,0.090598
KC,51,20,1,0.361473,0.30006,0.031749
BA,51,20,16,0.664963,0.456364,0.207725
KC,51,20,1,0.274062,0.216737,0.026684
BA,51,20,14,0.531495,0.343062,0.182992
KC,51,20,1,0.17182,0.112399,0.028493
BA,51,20,3,0.060097,0.016296,0.043652
KC,51,20,1,0.367422,0.304053,0.031896
BA,51,20,5,0.11673,0.052922,0.063575
KC,51,20,1,0.368872,0.30167,0.03155
BA,51,20,13,0.479449,0.310454,0.168225
KC,51,20,1,0.208122,0.150346,0.026871
BA,51,20,3,0.061914,0.021886,0.039908
KC,51,20,1,0.378848,0.322229,0.031333
BA,51,40,9,0.301119,0.166505,0.134084
KC,51,40,1,0.302907,0.233705,0.029732
BA,51,40,10,0.288801,0.159826,0.123594
KC,51,40,1,0.326394,0.266583,0.028127
BA,51,40,3,0.06045,0.015624,0.044709
KC,51,40,1,0.37603,0.316455,0.028155
BA,51,40,13,0.450531,0.289614,0.160219
KC,51,40,1,0.285266,0.220848,0.028186
BA,51,40,2,0.036097,0.010539,0.025484
KC,51,40,1,0.411298,0.348932,0.030938
BA,51,40,2,0.038264,0.0067,0.031486
KC,51,40,1,0.385987,0.319073,0.030298
BA,51,40,2,0.038166,0.011721,0.026352
KC,51,40,1,0.295908,0.237516,0.027569
BA,51,40,4,0.085204,0.028966,0.056036
KC,51,40,1,0.369603,0.309578,0.028772
BA,51,40,2,0.037079,0.011306,0.025703
KC,51,40,1,0.367952,0.313979,0.022878
BA,51,40,3,0.065015,0.024183,0.040715
KC,51,40,1,0.3878,0.322687,0.032051
BA,51,40,13,0.459837,0.292618,0.166535
KC,51,40,1,0.327983,0.263334,0.032318
BA,51,40,4,0.082845,0.033197,0.049457
KC,51,40,1,0.372784,0.313184,0.02762
BA,51,40,8,0.200316,0.095332,0.104532
KC,51,40,1,0.310286,0.244257,0.031301
BA,51,40,2,0.037105,0.011526,0.025496
KC,51,40,1,0.354513,0.293063,0.030507
BA,51,40,17,0.729172,0.509075,0.219052
KC,51,40,1,0.204947,0.147943,0.025583
BA,51,40,3,0.059714,0.016574,0.043013
KC,51,40,1,0.392865,0.334858,0.026645
BA,51,40,10,0.295842,0.172382,0.122867
KC,51,40,1,0.30995,0.242499,0.030916
BA,51,40,10,0.283778,0.167334,0.115904
KC,51,40,1,0.317542,0.258149,0.027546
BA,51,40,10,0.29895,0.175375,0.123056
KC,51,40,1,0.295795,0.235059,0.030922
BA,51,40,6,0.143532,0.062037,0.0812
KC,51,40,1,0.353713,0.290365,0.032064
BA,51,40,13,0.468709,0.303491,0.164504
KC,51,40,1,0.205463,0.14592,0.027587
BA,51,40,2,0.039077,0.012022,0.026995
KC,51,40,1,0.372105,0.307868,0.031793
BA,51,40,3,0.060529,0.021283,0.039128
KC,51,40,1,0.366166,0.308389,0.026426
BA,51,40,7,0.174493,0.078542,0.095617
KC,51,40,1,0.365556,0.305981,0.027629
BA,51,40,16,0.659226,0.453707,0.199714
KC,51,40,1,0.316675,0.250597,0.031018
BA,51,40,14,0.53577,0.36025,0.174702
KC,51,40,1,0.19046,0.124002,0.030231
BA,51,40,3,0.058758,0.019822,0.038789
KC,51,40,1,0.38916,0.307716,0.041772
BA,51,40,5,0.135135,0.061486,0.073405
KC,51,40,1,0.354622,0.290022,0.030434
BA,51,40,13,0.474837,0.303688,0.170453
KC,51,40,1,0.283763,0.225421,0.027136
BA,51,40,3,0.075191,0.024788,0.050279
KC,51,40,1,0.402655,0.330952,0.036232
BA,51,60,9,0.305589,0.169036,0.135979
KC,51,60,1,0.193913,0.12339,0.033459
BA,51,60,10,0.340174,0.188683,0.150863
KC,51,60,1,0.311382,0.244811,0.032472
BA,51,60,3,0.073647,0.018158,0.055348
KC,51,60,1,0.383713,0.318503,0.030384
BA,51,60,13,0.537737,0.348683,0.188277
KC,51,60,1,0.293703,0.223297,0.03597
BA,51,60,2,0.046705,0.013548,0.033085
KC,51,60,1,0.39478,0.338317,0.025323
BA,51,60,2,0.030229,0.005397,0.02474
KC,51,60,1,0.419746,0.358837,0.027798
BA,51,60,2,0.035119,0.010408,0.024642
KC,51,60,1,0.315089,0.249861,0.033879
BA,51,60,4,0.085967,0.033692,0.05208
KC,51,60,1,0.378715,0.316124,0.030516
BA,51,60,2,0.038519,0.011332,0.027103
KC,51,60,1,0.383266,0.32239,0.027965
BA,51,60,3,0.062034,0.023433,0.038469
KC,51,60,1,0.357498,0.297235,0.029572
BA,51,60,13,0.456396,0.293046,0.162568
KC,51,60,1,0.311579,0.252238,0.028182
BA,51,60,4,0.084934,0.028072,0.056699
KC,51,60,1,0.374014,0.310195,0.032589
BA,51,60,8,0.20241,0.097053,0.104941
KC,51,60,1,0.312427,0.249681,0.031537
BA,51,60,2,0.038973,0.012703,0.026191
KC,51,60,1,0.403478,0.334456,0.032472
BA,51,60,17,0.729038,0.515386,0.212728
KC,51,60,1,0.235765,0.172025,0.027594
BA,51,60,3,0.071006,0.025356,0.045509
KC,51,60,1,0.404733,0.327319,0.03658
BA,51,60,10,0.339991,0.190874,0.14855
KC,51,60,1,0.303028,0.234851,0.031574
BA,51,60,10,0.303412,0.170627,0.132302
KC,51,60,1,0.306269,0.244673,0.031429
BA,51,60,10,0.297457,0.175034,0.121866
KC,51,60,1,0.314748,0.25624,0.027912
BA,51,60,6,0.140802,0.060884,0.079587
KC,51,60,1,0.367791,0.308206,0.028259
BA,51,60,13,0.465277,0.302382,0.162141
KC,51,60,1,0.188539,0.122013,0.030454
BA,51,60,2,0.043427,0.012468,0.030896
KC,51,60,1,0.361005,0.290935,0.035715
BA,51,60,3,0.069509,0.024522,0.044817
KC,51,60,1,0.367386,0.295909,0.037639
BA,51,60,7,0.202476,0.089997,0.112129
KC,51,60,1,0.348702,0.280762,0.03396
BA,51,60,16,0.67038,0.452945,0.216512
KC,51,60,1,0.277941,0.216656,0.030114
BA,51,60,14,0.541932,0.354648,0.186503
KC,51,60,1,0.181102,0.121577,0.027561
BA,51,60,3,0.061659,0.022443,0.039073
KC,51,60,1,0.353856,0.291194,0.032358
BA,51,60,5,0.113089,0.051844,0.060986
KC,51,60,1,0.379419,0.320648,0.028002
BA,51,60,13,0.474193,0.313605,0.159747
KC,51,60,1,0.201758,0.143413,0.027776
BA,51,60,3,0.058883,0.02112,0.037637
KC,51,60,1,0.403244,0.343273,0.028927
BA,51,80,9,0.254465,0.134508,0.119432
KC,51,80,1,0.228083,0.169286,0.028264
BA,51,80,10,0.3398,0.196613,0.142623
KC,51,80,1,0.349938,0.281082,0.036238
BA,51,80,3,0.068939,0.02553,0.04327
KC,51,80,1,0.399231,0.328211,0.036383
BA,51,80,13,0.452649,0.29314,0.158809
KC,51,80,1,0.283761,0.222451,0.029082
BA,51,80,2,0.038924,0.012954,0.025891
KC,51,80,1,0.394476,0.335585,0.027873
BA,51,80,2,0.038668,0.007141,0.031418
KC,51,80,1,0.367249,0.298837,0.032268
BA,51,80,2,0.038026,0.011227,0.026721
KC,51,80,1,0.365875,0.303603,0.031068
BA,51,80,4,0.082371,0.027748,0.054433
KC,51,80,1,0.342464,0.279409,0.031587
BA,51,80,2,0.037418,0.011756,0.025568
KC,51,80,1,0.373771,0.311026,0.031587
BA,51,80,3,0.060311,0.02153,0.038619
KC,51,80,1,0.370297,0.307021,0.03199
BA,51,80,13,0.444206,0.285918,0.157631
KC,51,80,1,0.324377,0.25967,0.032454
BA,51,80,4,0.096617,0.037,0.059436
KC,51,80,1,0.353735,0.285661,0.034099
BA,51,80,8,0.233434,0.108812,0.12412
KC,51,80,1,0.323122,0.26493,0.02779
BA,51,80,2,0.03736,0.010846,0.026429
KC,51,80,1,0.393462,0.334346,0.02739
BA,51,80,17,0.730239,0.512281,0.216869
KC,51,80,1,0.230042,0.171278,0.028363
BA,51,80,3,0.070181,0.019141,0.050884
KC,51,80,1,0.419102,0.348051,0.036465
BA,51,80,10,0.350532,0.20071,0.149205
KC,51,80,1,0.303925,0.243301,0.028312
BA,51,80,10,0.299204,0.174653,0.123972
KC,51,80,1,0.301149,0.239547,0.031227
BA,51,80,10,0.298439,0.170637,0.127209
KC,51,80,1,0.270938,0.214,0.025554
BA,51,80,6,0.148014,0.062146,0.085577
KC,51,80,1,0.344977,0.283539,0.027885
BA,51,80,13,0.468267,0.299309,0.168141
KC,51,80,1,0.203872,0.140777,0.031209
BA,51,80,2,0.038622,0.011834,0.026723
KC,51,80,1,0.386217,0.325981,0.030824
BA,51,80,3,0.057731,0.019462,0.038153
KC,51,80,1,0.356056,0.295612,0.028274
BA,51,80,7,0.177055,0.088902,0.087826
KC,51,80,1,0.33438,0.272454,0.030968
BA,51,80,16,0.657662,0.453595,0.203128
KC,51,80,1,0.300485,0.241506,0.02824
BA,51,80,14,0.531669,0.347873,0.178487
KC,51,80,1,0.189281,0.131208,0.027142
BA,51,80,3,0.070035,0.02504,0.044832
KC,51,80,1,0.382829,0.311659,0.031013
BA,51,80,5,0.129039,0.058112,0.070636
KC,51,80,1,0.405641,0.337209,0.028902
BA,51,80,13,0.472461,0.312003,0.15966
KC,51,80,1,0.219886,0.161894,0.027466
BA,51,80,3,0.059658,0.021265,0.038252
KC,51,80,1,0.365241,0.30226,0.032284
BA,51,100,9,0.25815,0.136699,0.120986
KC,51,100,1,0.175226,0.116554,0.02728
BA,51,100,10,0.292286,0.1665,0.125204
KC,51,100,1,0.282253,0.223185,0.027145
BA,51,100,3,0.058964,0.020749,0.038093
KC,51,100,1,0.331847,0.270237,0.030773
BA,51,100,13,0.455293,0.292619,0.161928
KC,51,100,1,0.191704,0.13011,0.030886
BA,51,100,2,0.037666,0.010934,0.026668
KC,51,100,1,0.367757,0.309625,0.027098
BA,51,100,2,0.037635,0.010919,0.026651
KC,51,100,1,0.358822,0.291873,0.031284
BA,51,100,2,0.038629,0.011569,0.026999
KC,51,100,1,0.332179,0.27235,0.028828
BA,51,100,4,0.082818,0.026649,0.056012
KC,51,100,1,0.348194,0.29229,0.027481
BA,51,100,2,0.037293,0.011182,0.026029
KC,51,100,1,0.377743,0.316091,0.032821
BA,51,100,3,0.069429,0.024806,0.044477
KC,51,100,1,0.358921,0.291432,0.033149
BA,51,100,13,0.52324,0.338643,0.183827
KC,51,100,1,0.285137,0.218813,0.030563
BA,51,100,4,0.082944,0.026619,0.056144
KC,51,100,1,0.37903,0.319906,0.027956
BA,51,100,8,0.201343,0.095625,0.105238
KC,51,100,1,0.268577,0.209345,0.028191
BA,51,100,2,0.036676,0.010777,0.025817
KC,51,100,1,0.344063,0.280303,0.032301
BA,51,100,17,0.731583,0.510273,0.220259
KC,51,100,1,0.195036,0.134738,0.029714
BA,51,100,3,0.069879,0.01867,0.051065
KC,51,100,1,0.374887,0.302053,0.033177
BA,51,100,10,0.294221,0.160593,0.133088
KC,51,100,1,0.255336,0.195116,0.033337
BA,51,100,10,0.295788,0.172532,0.122734
KC,51,100,1,0.258981,0.200511,0.028099
BA,51,100,10,0.300118,0.16715,0.132405
KC,51,100,1,0.217402,0.15772,0.027683
BA,51,100,6,0.144492,0.065287,0.07892
KC,51,100,1,0.33517,0.271837,0.031558
BA,51,100,13,0.466048,0.303323,0.161998
KC,51,100,1,0.146099,0.082941,0.031687
BA,51,100,2,0.041992,0.010886,0.031029
KC,51,100,1,0.339974,0.276123,0.032299
BA,51,100,3,0.066591,0.011464,0.055004
KC,51,100,1,0.343375,0.284484,0.027521
BA,51,100,7,0.175972,0.088299,0.087299
KC,51,100,1,0.259971,0.197684,0.031449
BA,51,100,16,0.665994,0.463476,0.201547
KC,51,100,1,0.200922,0.135982,0.03402
BA,51,100,14,0.625777,0.419098,0.205857
KC,51,100,1,0.135614,0.072047,0.031149
BA,51,100,3,0.067398,0.024873,0.0424
KC,51,100,1,0.361734,0.304622,0.0276
BA,51,100,5,0.115911,0.052478,0.06322
KC,51,100,1,0.350765,0.288254,0.031538
BA,51,100,13,0.47767,0.315922,0.161006
KC,51,100,1,0.163097,0.095567,0.031459
BA,51,100,3,0.070247,0.025366,0.044725
KC,51,100,1,0.376566,0.30554,0.035944
BA,61,0,10,0.44801,0.2358,0.211497
KC,61,0,1,0.358204,0.256154,0.042212
BA,61,0,10,0.445371,0.224194,0.220535
KC,61,0,1,0.461231,0.350855,0.045353
BA,61,0,4,0.120493,0.045496,0.074764
KC,61,0,1,0.490903,0.38655,0.04607
BA,61,0,14,0.678997,0.399899,0.269823
KC,61,0,1,0.403441,0.312812,0.040787
BA,61,0,2,0.055562,0.006613,0.048844
KC,61,0,1,0.429346,0.33212,0.03973
BA,61,0,2,0.053019,0.015476,0.037456
KC,61,0,1,0.514599,0.42289,0.046433
BA,61,0,2,0.052114,0.01486,0.037168
KC,61,0,1,0.510409,0.419918,0.046954
BA,61,0,4,0.119721,0.044444,0.075003
KC,61,0,1,0.518695,0.432479,0.042933
BA,61,0,2,0.054233,0.007109,0.047027
KC,61,0,1,0.537768,0.441478,0.043234
BA,61,0,3,0.083314,0.02834,0.054817
KC,61,0,1,0.521623,0.429393,0.039242
BA,61,0,12,0.499709,0.280546,0.218386
KC,61,0,1,0.407877,0.318531,0.039125
BA,61,0,4,0.120644,0.044082,0.076351
KC,61,0,1,0.509709,0.410941,0.047388
BA,61,0,7,0.238389,0.109526,0.128434
KC,61,0,1,0.441088,0.351778,0.046455
BA,61,0,2,0.053355,0.005259,0.048005
KC,61,0,1,0.532618,0.44669,0.042853
BA,61,0,17,0.914356,0.59943,0.313707
KC,61,0,1,0.292606,0.206832,0.042368
BA,61,0,3,0.086326,0.029587,0.056581
KC,61,0,1,0.507911,0.410432,0.045478
BA,61,0,12,0.520971,0.300753,0.219429
KC,61,0,1,0.379104,0.29688,0.041155
BA,61,0,10,0.416572,0.23019,0.185858
KC,61,0,1,0.407237,0.306967,0.046674
BA,61,0,12,0.519039,0.294179,0.224117
KC,61,0,1,0.393539,0.294437,0.045555
BA,61,0,6,0.22862,0.090042,0.138178
KC,61,0,1,0.53525,0.430472,0.046786
BA,61,0,11,0.536566,0.302683,0.233076
KC,61,0,1,0.37999,0.273859,0.048728
BA,61,0,2,0.053083,0.015066,0.037944
KC,61,0,1,0.518349,0.429112,0.04641
BA,61,0,3,0.085072,0.028618,0.056326
KC,61,0,1,0.432979,0.355874,0.037811
BA,61,0,6,0.198964,0.086966,0.111659
KC,61,0,1,0.447592,0.352813,0.043053
BA,61,0,16,0.828676,0.519282,0.308381
KC,61,0,1,0.408868,0.318952,0.04607
BA,61,0,15,0.761205,0.471417,0.288681
KC,61,0,1,0.3178,0.231808,0.042524
BA,61,0,3,0.087629,0.030202,0.057267
KC,61,0,1,0.512936,0.414658,0.046227
BA,61,0,5,0.161634,0.06806,0.093245
KC,61,0,1,0.526998,0.428265,0.046194
BA,61,0,13,0.587566,0.352046,0.234593
KC,61,0,1,0.34355,0.271309,0.035386
BA,61,0,3,0.085908,0.019757,0.066012
KC,61,0,1,0.523765,0.440685,0.040491
BA,61,20,10,0.389253,0.203357,0.185221
KC,61,20,1,0.29668,0.196981,0.04663
BA,61,20,10,0.453903,0.228321,0.224905
KC,61,20,1,0.414401,0.309366,0.048571
BA,61,20,4,0.121753,0.046049,0.075495
KC,61,20,1,0.488046,0.392993,0.042255
BA,61,20,14,0.673591,0.415386,0.257205
KC,61,20,1,0.397343,0.309291,0.044396
BA,61,20,2,0.051261,0.014117,0.037055
KC,61,20,1,0.575519,0.476798,0.045626
BA,61,20,2,0.057057,0.017116,0.039852
KC,61,20,1,0.489165,0.396368,0.041528
BA,61,20,2,0.055637,0.005649,0.049917
KC,61,20,1,0.445831,0.359251,0.042049
BA,61,20,4,0.123063,0.048151,0.074671
KC,61,20,1,0.477088,0.375521,0.047496
BA,61,20,2,0.062792,0.01873,0.043956
KC,61,20,1,0.553569,0.446357,0.048993
BA,61,20,3,0.097683,0.022093,0.075407
KC,61,20,1,0.528309,0.438978,0.045913
BA,61,20,12,0.505074,0.257789,0.246459
KC,61,20,1,0.41809,0.319138,0.045942
BA,61,20,4,0.123101,0.046645,0.076236
KC,61,20,1,0.4941,0.397123,0.044894
BA,61,20,7,0.233567,0.089859,0.143278
KC,61,20,1,0.440382,0.342546,0.046407
BA,61,20,2,0.066292,0.017424,0.048792
KC,61,20,1,0.535063,0.447709,0.043705
BA,61,20,17,0.924558,0.606166,0.31724
KC,61,20,1,0.288884,0.191107,0.045204
BA,61,20,3,0.086279,0.029553,0.05659
KC,61,20,1,0.517126,0.419805,0.045996
BA,61,20,12,0.528843,0.306434,0.221593
KC,61,20,1,0.412349,0.315321,0.044779
BA,61,20,10,0.409076,0.214366,0.194072
KC,61,20,1,0.417212,0.319083,0.045412
BA,61,20,12,0.515705,0.292606,0.222327
KC,61,20,1,0.375748,0.288663,0.046142
BA,61,20,6,0.203391,0.081258,0.121809
KC,61,20,1,0.522576,0.423538,0.045723
BA,61,20,11,0.467708,0.260012,0.206976
KC,61,20,1,0.390958,0.291395,0.046656
BA,61,20,2,0.060805,0.016824,0.043897
KC,61,20,1,0.515388,0.418697,0.048467
BA,61,20,3,0.085498,0.020225,0.065091
KC,61,20,1,0.495814,0.40923,0.042821
BA,61,20,6,0.202835,0.090344,0.112174
KC,61,20,1,0.449188,0.350958,0.04644
BA,61,20,16,0.803946,0.507012,0.295824
KC,61,20,1,0.364668,0.266351,0.045928
BA,61,20,15,0.748491,0.457215,0.29021
KC,61,20,1,0.322684,0.23569,0.042577
BA,61,20,3,0.088248,0.020495,0.067619
KC,61,20,1,0.541216,0.444391,0.044727
BA,61,20,5,0.166628,0.070716,0.095669
KC,61,20,1,0.528909,0.438388,0.045953
BA,61,20,13,0.593505,0.354459,0.23815
KC,61,20,1,0.397899,0.306029,0.046887
BA,61,20,3,0.097866,0.032022,0.065713
KC,61,20,1,0.803707,0.713946,0.045915
BA,61,40,10,0.381706,0.201972,0.179129
KC,61,40,1,0.340934,0.270061,0.040473
BA,61,40,10,0.383203,0.201598,0.180986
KC,61,40,1,0.422307,0.328545,0.042507
BA,61,40,4,0.121595,0.045817,0.075567
KC,61,40,1,0.477275,0.379231,0.045855
BA,61,40,14,0.679565,0.420272,0.258346
KC,61,40,1,0.408514,0.314287,0.042594
BA,61,40,2,0.052993,0.014914,0.038012
KC,61,40,1,0.586055,0.495779,0.045917
BA,61,40,2,0.054564,0.016087,0.038407
KC,61,40,1,0.484436,0.39152,0.040058
BA,61,40,2,0.0543,0.006932,0.04728
KC,61,40,1,0.458665,0.365475,0.04076
BA,61,40,4,0.121241,0.046346,0.074689
KC,61,40,1,0.492477,0.400825,0.041246
BA,61,40,2,0.054407,0.016258,0.038057
KC,61,40,1,0.538405,0.448737,0.047521
BA,61,40,3,0.103605,0.036243,0.067239
KC,61,40,1,0.556119,0.45241,0.0462
BA,61,40,12,0.505381,0.285188,0.219375
KC,61,40,1,0.415936,0.325895,0.047143
BA,61,40,4,0.121332,0.045715,0.075362
KC,61,40,1,0.504141,0.413865,0.046305
BA,61,40,7,0.236771,0.089929,0.146345
KC,61,40,1,0.45298,0.357625,0.04273
BA,61,40,2,0.054851,0.007041,0.047738
KC,61,40,1,0.540175,0.444657,0.042337
BA,61,40,17,0.919327,0.593289,0.324857
KC,61,40,1,0.271354,0.176494,0.041832
BA,61,40,3,0.097881,0.032748,0.064926
KC,61,40,1,0.52029,0.418755,0.052148
BA,61,40,12,0.522648,0.303291,0.218528
KC,61,40,1,0.390844,0.305047,0.042032
BA,61,40,10,0.407742,0.222708,0.184399
KC,61,40,1,0.456788,0.353774,0.050568
BA,61,40,12,0.509603,0.279354,0.229454
KC,61,40,1,0.436828,0.338534,0.040561
BA,61,40,6,0.202715,0.089619,0.112728
KC,61,40,1,0.496077,0.397862,0.048136
BA,61,40,11,0.458967,0.250041,0.208096
KC,61,40,1,0.306422,0.216393,0.045296
BA,61,40,2,0.06159,0.01737,0.044132
KC,61,40,1,0.523454,0.409932,0.048663
BA,61,40,3,0.090961,0.032569,0.058229
KC,61,40,1,0.493761,0.390899,0.043365
BA,61,40,6,0.199672,0.088412,0.110837
KC,61,40,1,0.479563,0.377228,0.044092
BA,61,40,16,0.829993,0.523438,0.305379
KC,61,40,1,0.391629,0.293134,0.040961
BA,61,40,15,0.760802,0.481696,0.278038
KC,61,40,1,0.35078,0.250953,0.04219
BA,61,40,3,0.082936,0.019716,0.063064
KC,61,40,1,0.52698,0.423548,0.043585
BA,61,40,5,0.158193,0.057925,0.099938
KC,61,40,1,0.524919,0.430842,0.043202
BA,61,40,13,0.604284,0.360902,0.242482
KC,61,40,1,0.354895,0.263029,0.04216
BA,61,40,3,0.087029,0.029883,0.057014
KC,61,40,1,0.574026,0.467088,0.048777
BA,61,60,10,0.388622,0.204989,0.182997
KC,61,60,1,0.333543,0.23869,0.042694
BA,61,60,10,0.385342,0.192664,0.192025
KC,61,60,1,0.430629,0.343378,0.042682
BA,61,60,4,0.113337,0.042476,0.070687
KC,61,60,1,0.506289,0.430116,0.041582
BA,61,60,14,0.676038,0.418246,0.256863
KC,61,60,1,0.408064,0.309849,0.04293
BA,61,60,2,0.0527,0.005607,0.046997
KC,61,60,1,0.562822,0.46711,0.042955
BA,61,60,2,0.054569,0.01581,0.038665
KC,61,60,1,0.485597,0.388909,0.043114
BA,61,60,2,0.054378,0.015606,0.038686
KC,61,60,1,0.478163,0.381923,0.042732
BA,61,60,4,0.1238,0.048584,0.074982
KC,61,60,1,0.471936,0.380634,0.042479
BA,61,60,2,0.05382,0.016464,0.037259
KC,61,60,1,0.53422,0.43886,0.046546
BA,61,60,3,0.08978,0.030913,0.058736
KC,61,60,1,0.535661,0.431951,0.041594
BA,61,60,12,0.513794,0.287479,0.225551
KC,61,60,1,0.410481,0.324833,0.041904
BA,61,60,4,0.123123,0.045931,0.076976
KC,61,60,1,0.521527,0.425055,0.043961
BA,61,60,7,0.238838,0.109535,0.128854
KC,61,60,1,0.448481,0.354628,0.043006
BA,61,60,2,0.055483,0.016454,0.038949
KC,61,60,1,0.513202,0.414214,0.04577
BA,61,60,17,0.915404,0.59689,0.317213
KC,61,60,1,0.297829,0.198001,0.04773
BA,61,60,3,0.086752,0.028228,0.058398
KC,61,60,1,0.536488,0.450948,0.043767
BA,61,60,12,0.529204,0.306389,0.221996
KC,61,60,1,0.39218,0.29233,0.04622
BA,61,60,10,0.41235,0.224952,0.186761
KC,61,60,1,0.431266,0.330887,0.046014
BA,61,60,12,0.511905,0.290837,0.220227
KC,61,60,1,0.378289,0.29429,0.040077
BA,61,60,6,0.200491,0.087689,0.112474
KC,61,60,1,0.512673,0.408104,0.046444
BA,61,60,11,0.459818,0.258532,0.200514
KC,61,60,1,0.382601,0.288647,0.04602
BA,61,60,2,0.05388,0.015242,0.038568
KC,61,60,1,0.503352,0.417678,0.037323
BA,61,60,3,0.088954,0.030714,0.058096
KC,61,60,1,0.477753,0.37799,0.045361
BA,61,60,6,0.202805,0.090909,0.111573
KC,61,60,1,0.439906,0.341292,0.044682
BA,61,60,16,0.826293,0.519586,0.305587
KC,61,60,1,0.386055,0.286553,0.039191
BA,61,60,15,0.752107,0.468639,0.274223
KC,61,60,1,0.31835,0.228601,0.041305
BA,61,60,3,0.085258,0.020967,0.064119
KC,61,60,1,0.590924,0.496513,0.044556
BA,61,60,5,0.190265,0.066959,0.116676
KC,61,60,1,0.550607,0.449018,0.046065
BA,61,60,13,0.591589,0.34519,0.245592
KC,61,60,1,0.328616,0.238292,0.041447
BA,61,60,3,0.088197,0.022438,0.065598
KC,61,60,1,0.6371,0.533702,0.042987
BA,61,80,10,0.388736,0.204839,0.183269
KC,61,80,1,0.340767,0.250652,0.045666
BA,61,80,10,0.384918,0.200903,0.183309
KC,61,80,1,0.426578,0.331401,0.042804
BA,61,80,4,0.124521,0.049144,0.075126
KC,61,80,1,0.514386,0.412899,0.04269
BA,61,80,14,0.677361,0.416593,0.259751
KC,61,80,1,0.408513,0.313638,0.042341
BA,61,80,2,0.050359,0.006501,0.043704
KC,61,80,1,0.567371,0.463233,0.046223
BA,61,80,2,0.053102,0.014059,0.038964
KC,61,80,1,0.52235,0.424823,0.045612
BA,61,80,2,0.05567,0.006987,0.048609
KC,61,80,1,0.482477,0.396726,0.040499
BA,61,80,4,0.123079,0.037096,0.085786
KC,61,80,1,0.496898,0.40091,0.05242
BA,61,80,2,0.053285,0.015756,0.037388
KC,61,80,1,0.533543,0.4347,0.046667
BA,61,80,3,0.087108,0.029935,0.057014
KC,61,80,1,0.517994,0.42218,0.043021
BA,61,80,12,0.506748,0.275204,0.230737
KC,61,80,1,0.424576,0.330369,0.049869
BA,61,80,4,0.126473,0.04966,0.076597
KC,61,80,1,0.495481,0.411227,0.04266
BA,61,80,7,0.240919,0.111285,0.129164
KC,61,80,1,0.457245,0.361483,0.042622
BA,61,80,2,0.054329,0.01501,0.039235
KC,61,80,1,0.51104,0.425115,0.042246
BA,61,80,17,0.912697,0.574126,0.329199
KC,61,80,1,0.281469,0.187095,0.042307
BA,61,80,3,0.084636,0.020186,0.06429
KC,61,80,1,0.505641,0.420723,0.041169
BA,61,80,12,0.516573,0.299888,0.215921
KC,61,80,1,0.39124,0.304906,0.04287
BA,61,80,10,0.364583,0.192236,0.171777
KC,61,80,1,0.40961,0.312059,0.047599
BA,61,80,12,0.509225,0.287945,0.220463
KC,61,80,1,0.386119,0.300223,0.041536
BA,61,80,6,0.198326,0.086677,0.111296
KC,61,80,1,0.484908,0.393818,0.047197
BA,61,80,11,0.460676,0.257978,0.201997
KC,61,80,1,0.297538,0.207889,0.045754
BA,61,80,2,0.062007,0.017263,0.04467
KC,61,80,1,0.56753,0.457126,0.052012
BA,61,80,3,0.086088,0.028825,0.05712
KC,61,80,1,0.366721,0.280295,0.042708
BA,61,80,6,0.20399,0.090528,0.113087
KC,61,80,1,0.435874,0.345713,0.046389
BA,61,80,16,0.819112,0.525564,0.292412
KC,61,80,1,0.380502,0.28062,0.046975
BA,61,80,15,0.763996,0.482887,0.280036
KC,61,80,1,0.337784,0.248571,0.04532
BA,61,80,3,0.101648,0.034592,0.066897
KC,61,80,1,0.535604,0.436419,0.05098
BA,61,80,5,0.161885,0.067298,0.094313
KC,61,80,1,0.529818,0.434682,0.042718
BA,61,80,13,0.594565,0.355388,0.23828
KC,61,80,1,0.365301,0.267565,0.045349
BA,61,80,3,0.084114,0.01978,0.064171
KC,61,80,1,0.527409,0.438118,0.045557
BA,61,100,10,0.379648,0.189219,0.189806
KC,61,100,1,0.240626,0.143366,0.051902
BA,61,100,10,0.447277,0.23494,0.211662
KC,61,100,1,0.371459,0.270761,0.051443
BA,61,100,4,0.141071,0.053673,0.087121
KC,61,100,1,0.494385,0.38595,0.048741
BA,61,100,14,0.671284,0.405098,0.265132
KC,61,100,1,0.226409,0.127771,0.045512
BA,61,100,2,0.060498,0.016596,0.043804
KC,61,100,1,0.53159,0.43183,0.051595
BA,61,100,2,0.052946,0.005327,0.047536
KC,61,100,1,0.488859,0.389594,0.045634
BA,61,100,2,0.053167,0.015165,0.0379
KC,61,100,1,0.418387,0.323014,0.042395
BA,61,100,4,0.122551,0.046032,0.076264
KC,61,100,1,0.450898,0.368628,0.037813
BA,61,100,2,0.055274,0.01722,0.037954
KC,61,100,1,0.504152,0.422504,0.038266
BA,61,100,3,0.088562,0.021122,0.067312
KC,61,100,1,0.454041,0.359186,0.041744
BA,61,100,12,0.50766,0.276255,0.230579
KC,61,100,1,0.361988,0.264309,0.045115
BA,61,100,4,0.1387,0.051564,0.086906
KC,61,100,1,0.502813,0.392162,0.051927
BA,61,100,7,0.240036,0.11052,0.129051
KC,61,100,1,0.382298,0.283247,0.045996
BA,61,100,2,0.060866,0.00497,0.055824
KC,61,100,1,0.484128,0.394266,0.046239
BA,61,100,17,0.920834,0.599529,0.320065
KC,61,100,1,0.209867,0.116247,0.0416
BA,61,100,3,0.087354,0.029164,0.058054
KC,61,100,1,0.482211,0.392412,0.045974
BA,61,100,12,0.529963,0.308812,0.22037
KC,61,100,1,0.340842,0.242206,0.046001
BA,61,100,10,0.408046,0.224598,0.182779
KC,61,100,1,0.350543,0.25216,0.045547
BA,61,100,12,0.509844,0.279963,0.229101
KC,61,100,1,0.336282,0.241568,0.042159
BA,61,100,6,0.196289,0.085457,0.110489
KC,61,100,1,0.460418,0.354083,0.054306
BA,61,100,11,0.44923,0.254428,0.194097
KC,61,100,1,0.207705,0.121243,0.03882
BA,61,100,2,0.059772,0.006547,0.053134
KC,61,100,1,0.499066,0.390251,0.050705
BA,61,100,3,0.08658,0.030006,0.056421
KC,61,100,1,0.441641,0.349025,0.040189
BA,61,100,6,0.201966,0.090686,0.110937
KC,61,100,1,0.380452,0.29271,0.042592
BA,61,100,16,0.829601,0.532104,0.296269
KC,61,100,1,0.30334,0.206903,0.045055
BA,61,100,15,0.760203,0.472207,0.286923
KC,61,100,1,0.213171,0.122855,0.045768
BA,61,100,3,0.097225,0.032619,0.064429
KC,61,100,1,0.514594,0.414411,0.051431
BA,61,100,5,0.160949,0.067442,0.093203
KC,61,100,1,0.523584,0.424295,0.046129
BA,61,100,13,0.597632,0.357634,0.239099
KC,61,100,1,0.220359,0.128374,0.046297
BA,61,100,3,0.088492,0.029712,0.058636
KC,61,100,1,0.531058,0.443817,0.046147
BA,71,0,9,0.444243,0.213147,0.230429
KC,71,0,1,0.485746,0.345869,0.060159
BA,71,0,10,0.498886,0.227992,0.270155
KC,71,0,1,0.536759,0.408404,0.060662
BA,71,0,5,0.208948,0.079377,0.129239
KC,71,0,1,0.8258,0.696877,0.060453
BA,71,0,13,0.721649,0.387059,0.333632
KC,71,0,1,0.467178,0.323395,0.06324
BA,71,0,2,0.084327,0.021981,0.062258
KC,71,0,1,0.790852,0.641971,0.060228
BA,71,0,2,0.081276,0.021457,0.059699
KC,71,0,1,0.69194,0.543096,0.06889
BA,71,0,2,0.071288,0.018271,0.052906
KC,71,0,1,0.696764,0.562419,0.061772
BA,71,0,4,0.161455,0.045174,0.116021
KC,71,0,1,0.615406,0.492298,0.063263
BA,71,0,2,0.073321,0.020458,0.052769
KC,71,0,1,1.01755,0.889758,0.068559
BA,71,0,3,0.116497,0.038149,0.078154
KC,71,0,1,0.991003,0.850832,0.064352
BA,71,0,12,0.630976,0.323716,0.306359
KC,71,0,1,0.516982,0.3829,0.06224
BA,71,0,4,0.160737,0.055907,0.104539
KC,71,0,1,0.621258,0.487787,0.063233
BA,71,0,9,0.418935,0.193249,0.225042
KC,71,0,1,0.536447,0.41964,0.050978
BA,71,0,2,0.071362,0.006989,0.064289
KC,71,0,1,0.657715,0.517524,0.0578
BA,71,0,17,1.10822,0.65765,0.44913
KC,71,0,1,0.40814,0.26506,0.059998
BA,71,0,3,0.116213,0.038555,0.077489
KC,71,0,1,0.795663,0.665276,0.064648
BA,71,0,11,0.592598,0.311555,0.280202
KC,71,0,1,0.520466,0.382042,0.060219
BA,71,0,10,0.5045,0.248068,0.255749
KC,71,0,1,0.53312,0.391138,0.062142
BA,71,0,10,0.508444,0.251108,0.256633
KC,71,0,1,0.499532,0.355258,0.062426
BA,71,0,6,0.268998,0.097703,0.170943
KC,71,0,1,0.691559,0.548977,0.063769
BA,71,0,11,0.573257,0.290921,0.281517
KC,71,0,1,0.472973,0.347839,0.059052
BA,71,0,2,0.078534,0.006712,0.071717
KC,71,0,1,0.79204,0.634027,0.071867
BA,71,0,3,0.113047,0.037202,0.075697
KC,71,0,1,0.619268,0.497187,0.059536
BA,71,0,7,0.323283,0.141225,0.181647
KC,71,0,1,0.598032,0.47226,0.059324
BA,71,0,15,0.953782,0.562449,0.390224
KC,71,0,1,0.487201,0.347009,0.06174
BA,71,0,14,0.836532,0.472982,0.362465
KC,71,0,1,0.441161,0.297055,0.063922
BA,71,0,3,0.117467,0.03914,0.078124
KC,71,0,1,0.631129,0.486995,0.063721
BA,71,0,8,0.330648,0.139793,0.190419
KC,71,0,1,0.66131,0.520912,0.066021
BA,71,0,15,0.933648,0.545389,0.387144
KC,71,0,1,0.506993,0.366832,0.06038
BA,71,0,3,0.115558,0.037127,0.078205
KC,71,0,1,0.781744,0.641067,0.061046
BA,71,20,9,0.507812,0.240724,0.266399
KC,71,20,1,0.512367,0.357714,0.06867
BA,71,20,10,0.539477,0.247542,0.291202
KC,71,20,1,0.567093,0.425683,0.062515
BA,71,20,5,0.214404,0.08327,0.130776
KC,71,20,1,0.72198,0.594788,0.06032
BA,71,20,13,1.08752,0.57179,0.513776
KC,71,20,1,0.670913,0.485278,0.083351
BA,71,20,2,0.101991,0.027895,0.073876
KC,71,20,1,1.78944,1.58093,0.087176
BA,71,20,2,0.080472,0.021816,0.05857
KC,71,20,1,0.940746,0.804138,0.06258
BA,71,20,2,0.084386,0.023447,0.060858
KC,71,20,1,0.693544,0.550266,0.069087
BA,71,20,4,0.161073,0.057359,0.103473
KC,71,20,1,0.631855,0.48902,0.062946
BA,71,20,2,0.084242,0.020258,0.063848
KC,71,20,1,0.774359,0.651599,0.057045
BA,71,20,3,0.115331,0.03697,0.078171
KC,71,20,1,0.659958,0.520956,0.059817
BA,71,20,12,0.641217,0.331249,0.309082
KC,71,20,1,0.528065,0.383151,0.063254
BA,71,20,4,0.165771,0.060292,0.105245
KC,71,20,1,0.649795,0.513881,0.054682
BA,71,20,9,0.43459,0.201729,0.232237
KC,71,20,1,0.591776,0.448767,0.063361
BA,71,20,2,0.071633,0.019166,0.052315
KC,71,20,1,0.778944,0.658776,0.05386
BA,71,20,17,1.08911,0.659021,0.428815
KC,71,20,1,0.421872,0.279279,0.06304
BA,71,20,3,0.116862,0.038167,0.07854
KC,71,20,1,1.31448,1.19098,0.055007
BA,71,20,11,0.687228,0.361372,0.324949
KC,71,20,1,0.52307,0.389161,0.061573
BA,71,20,10,0.511541,0.254279,0.256579
KC,71,20,1,0.513349,0.372133,0.063207
BA,71,20,10,0.504354,0.249097,0.254557
KC,71,20,1,0.461451,0.321544,0.060993
BA,71,20,6,0.262474,0.108406,0.153719
KC,71,20,1,0.70466,0.56352,0.060941
BA,71,20,11,0.582731,0.297231,0.28472
KC,71,20,1,0.460711,0.318185,0.061125
BA,71,20,2,0.070768,0.01856,0.052117
KC,71,20,1,0.638207,0.497938,0.060158
BA,71,20,3,0.128467,0.037437,0.090821
KC,71,20,1,0.845386,0.722542,0.058177
BA,71,20,7,0.319382,0.137732,0.18116
KC,71,20,1,0.633021,0.514647,0.052718
BA,71,20,15,0.940691,0.558792,0.380683
KC,71,20,1,0.494395,0.366102,0.06059
BA,71,20,14,0.844974,0.469521,0.374425
KC,71,20,1,0.400254,0.268706,0.063876
BA,71,20,3,0.131831,0.042678,0.088939
KC,71,20,1,0.686982,0.535492,0.064358
BA,71,20,8,0.376728,0.169717,0.206441
KC,71,20,1,0.694957,0.551968,0.062923
BA,71,20,15,0.921966,0.514186,0.395197
KC,71,20,1,0.47761,0.331867,0.063503
BA,71,20,3,0.117813,0.036811,0.080884
KC,71,20,1,0.82109,0.676641,0.061962
BA,71,40,9,0.447462,0.216064,0.230744
KC,71,40,1,0.502703,0.375132,0.060628
BA,71,40,10,0.498573,0.240325,0.257495
KC,71,40,1,0.537094,0.409785,0.061003
BA,71,40,5,0.212058,0.08098,0.130763
KC,71,40,1,0.796626,0.667641,0.05981
BA,71,40,13,0.84324,0.45624,0.385926
KC,71,40,1,0.455809,0.298236,0.069167
BA,71,40,2,0.084191,0.023538,0.060542
KC,71,40,1,0.730924,0.577962,0.067253
BA,71,40,2,0.07054,0.018197,0.052202
KC,71,40,1,1.16297,1.01544,0.067479
BA,71,40,2,0.07546,0.022116,0.05325
KC,71,40,1,0.937359,0.792599,0.064767
BA,71,40,4,0.158011,0.057269,0.100498
KC,71,40,1,0.633624,0.494896,0.058604
BA,71,40,2,0.070367,0.019941,0.050324
KC,71,40,1,0.761231,0.615513,0.06222
BA,71,40,3,0.173201,0.054583,0.118251
KC,71,40,1,1.48509,1.26234,0.094506
BA,71,40,12,0.861628,0.403269,0.439017
KC,71,40,1,0.77739,0.590806,0.084177
BA,71,40,4,0.195725,0.069351,0.125973
KC,71,40,1,1.11284,0.891124,0.09853
BA,71,40,9,0.593449,0.260543,0.331637
KC,71,40,1,0.939297,0.738233,0.081645
BA,71,40,2,0.099625,0.02646,0.072926
KC,71,40,1,0.964025,0.754204,0.085417
BA,71,40,17,1.40154,0.815353,0.584075
KC,71,40,1,0.618165,0.439523,0.077456
BA,71,40,3,0.165873,0.059278,0.106142
KC,71,40,1,1.09648,0.887251,0.089027
BA,71,40,11,0.802752,0.400986,0.400284
KC,71,40,1,0.771607,0.566281,0.084048
BA,71,40,10,0.694735,0.307751,0.384701
KC,71,40,1,0.611156,0.406889,0.084293
BA,71,40,10,0.704954,0.34014,0.363379
KC,71,40,1,0.57274,0.369108,0.079864
BA,71,40,6,0.375156,0.155929,0.218415
KC,71,40,1,1.29643,1.09174,0.086998
BA,71,40,11,0.594698,0.298084,0.295739
KC,71,40,1,0.461667,0.321583,0.060689
BA,71,40,2,0.074292,0.019598,0.054558
KC,71,40,1,0.616609,0.482836,0.052643
BA,71,40,3,0.119911,0.040473,0.079286
KC,71,40,1,0.64913,0.504838,0.063609
BA,71,40,7,0.318896,0.138075,0.18036
KC,71,40,1,0.590052,0.456442,0.064887
BA,71,40,15,0.940239,0.557615,0.381433
KC,71,40,1,0.49517,0.338942,0.076646
BA,71,40,14,0.836179,0.476224,0.358913
KC,71,40,1,0.473386,0.336421,0.058259
BA,71,40,3,0.11455,0.037068,0.077338
KC,71,40,1,0.552493,0.425738,0.059468
BA,71,40,8,0.384445,0.174692,0.209262
KC,71,40,1,0.752431,0.62445,0.061115
BA,71,40,15,0.924606,0.540933,0.382517
KC,71,40,1,0.510899,0.383869,0.059224
BA,71,40,3,0.117044,0.038374,0.078481
KC,71,40,1,0.720126,0.576919,0.064027
BA,71,60,9,0.396204,0.186757,0.208891
KC,71,60,1,0.52414,0.381252,0.063305
BA,71,60,10,0.50249,0.247009,0.2548
KC,71,60,1,0.545684,0.404048,0.061787
BA,71,60,5,0.212669,0.080614,0.131715
KC,71,60,1,0.720287,0.578299,0.060929
BA,71,60,13,0.720623,0.389906,0.329722
KC,71,60,1,0.401359,0.25978,0.063152
BA,71,60,2,0.079223,0.020016,0.059108
KC,71,60,1,0.892394,0.725607,0.081096
BA,71,60,2,0.075265,0.021245,0.05394
KC,71,60,1,0.691227,0.556173,0.06539
BA,71,60,2,0.073371,0.019371,0.053872
KC,71,60,1,0.834883,0.690633,0.063659
BA,71,60,4,0.162091,0.05834,0.103515
KC,71,60,1,0.642569,0.500533,0.062973
BA,71,60,2,0.084334,0.025452,0.058786
KC,71,60,1,0.786521,0.630422,0.070326
BA,71,60,3,0.115556,0.025667,0.089698
KC,71,60,1,0.993581,0.850257,0.063482
BA,71,60,12,0.628344,0.308494,0.306377
KC,71,60,1,0.530817,0.392928,0.059703
BA,71,60,4,0.163426,0.058646,0.104549
KC,71,60,1,0.680119,0.549491,0.061999
BA,71,60,9,0.42731,0.196953,0.22968
KC,71,60,1,0.575902,0.434105,0.064014
BA,71,60,2,0.071084,0.018838,0.052164
KC,71,60,1,0.663747,0.523522,0.060262
BA,71,60,17,1.06728,0.640816,0.425108
KC,71,60,1,0.419931,0.287628,0.055734
BA,71,60,3,0.115573,0.037864,0.077518
KC,71,60,1,0.740879,0.614963,0.060477
BA,71,60,11,0.600448,0.314736,0.284895
KC,71,60,1,0.525955,0.388928,0.057662
BA,71,60,10,0.51022,0.250838,0.258671
KC,71,60,1,0.522194,0.383046,0.060063
BA,71,60,10,0.506422,0.248448,0.257194
KC,71,60,1,0.493391,0.353172,0.060124
BA,71,60,6,0.22164,0.087567,0.133755
KC,71,60,1,0.632988,0.506949,0.063042
BA,71,60,11,0.583388,0.296708,0.285904
KC,71,60,1,0.445561,0.302993,0.063834
BA,71,60,2,0.071258,0.018658,0.052524
KC,71,60,1,0.844247,0.699315,0.064617
BA,71,60,3,0.127857,0.041037,0.086619
KC,71,60,1,0.645413,0.504729,0.060307
BA,71,60,7,0.319334,0.139077,0.179779
KC,71,60,1,0.609237,0.469477,0.060198
BA,71,60,15,0.895814,0.53545,0.359282
KC,71,60,1,0.491608,0.354605,0.065106
BA,71,60,14,0.843935,0.45646,0.386398
KC,71,60,1,0.37874,0.244213,0.065771
BA,71,60,3,0.133134,0.043213,0.089671
KC,71,60,1,0.776856,0.63639,0.06705
BA,71,60,8,0.383987,0.175751,0.207644
KC,71,60,1,0.69211,0.552155,0.059961
BA,71,60,15,0.887072,0.520479,0.365525
KC,71,60,1,0.451919,0.305069,0.062151
BA,71,60,3,0.119937,0.041263,0.078513
KC,71,60,1,0.661775,0.535915,0.059749
BA,71,80,9,0.447071,0.214638,0.231798
KC,71,80,1,0.493516,0.351006,0.063419
BA,71,80,10,0.499373,0.24282,0.255852
KC,71,80,1,1.03794,0.888634,0.067499
BA,71,80,5,0.238129,0.089671,0.148114
KC,71,80,1,0.67881,0.537541,0.068506
BA,71,80,13,0.7279,0.391546,0.33519
KC,71,80,1,0.405352,0.277818,0.061134
BA,71,80,2,0.073458,0.019718,0.053664
KC,71,80,1,0.870887,0.729972,0.061366
BA,71,80,2,0.073193,0.020982,0.052098
KC,71,80,1,0.821362,0.693623,0.061188
BA,71,80,2,0.081108,0.021151,0.059873
KC,71,80,1,0.905173,0.762527,0.069176
BA,71,80,4,0.137254,0.047107,0.089918
KC,71,80,1,0.676589,0.561958,0.051076
BA,71,80,2,0.074894,0.022843,0.051951
KC,71,80,1,1.13209,0.993631,0.057327
BA,71,80,3,0.11907,0.041926,0.076991
KC,71,80,1,0.679991,0.539627,0.060854
BA,71,80,12,0.633164,0.323952,0.308295
KC,71,80,1,0.522669,0.379352,0.063404
BA,71,80,4,0.161479,0.057033,0.104228
KC,71,80,1,0.654949,0.525706,0.063623
BA,71,80,9,0.426573,0.197472,0.228472
KC,71,80,1,0.789436,0.665403,0.059697
BA,71,80,2,0.072842,0.019246,0.053539
KC,71,80,1,0.711302,0.568146,0.06401
BA,71,80,17,1.2586,0.763903,0.493334
KC,71,80,1,0.393027,0.265781,0.059658
BA,71,80,3,0.116591,0.037565,0.078814
KC,71,80,1,0.675682,0.548807,0.059887
BA,71,80,11,0.5921,0.297606,0.293625
KC,71,80,1,0.461992,0.352916,0.052396
BA,71,80,10,0.501345,0.236632,0.252288
KC,71,80,1,0.509961,0.37212,0.057994
BA,71,80,10,0.507103,0.234803,0.271592
KC,71,80,1,0.495965,0.367568,0.061959
BA,71,80,6,0.262521,0.095661,0.166388
KC,71,80,1,0.668083,0.529001,0.05943
BA,71,80,11,0.574623,0.29218,0.281595
KC,71,80,1,0.478892,0.350499,0.061263
BA,71,80,2,0.072533,0.019227,0.053238
KC,71,80,1,0.608731,0.478243,0.051367
BA,71,80,3,0.114568,0.037042,0.077351
KC,71,80,1,0.653117,0.513943,0.060083
BA,71,80,7,0.474084,0.205117,0.26798
KC,71,80,1,1.09581,0.894315,0.092786
BA,71,80,15,1.26533,0.719752,0.543186
KC,71,80,1,0.769231,0.563956,0.084938
BA,71,80,14,1.1125,0.604317,0.506357
KC,71,80,1,0.682586,0.47599,0.08704
BA,71,80,3,0.171513,0.055351,0.115846
KC,71,80,1,1.25096,1.05982,0.071369
BA,71,80,8,0.384828,0.175436,0.208821
KC,71,80,1,0.668757,0.524962,0.063426
BA,71,80,15,0.93474,0.532725,0.387616
KC,71,80,1,0.394322,0.265234,0.062797
BA,71,80,3,0.133674,0.042479,0.091022
KC,71,80,1,0.895613,0.748855,0.060174
BA,71,100,9,0.45274,0.217301,0.234801
KC,71,100,1,0.302119,0.173702,0.061134
BA,71,100,10,0.572078,0.27606,0.2952
KC,71,100,1,0.468234,0.324411,0.070836
BA,71,100,5,0.211548,0.069538,0.141681
KC,71,100,1,0.71246,0.575382,0.057629
BA,71,100,13,0.698205,0.378299,0.318971
KC,71,100,1,0.312072,0.17806,0.058496
BA,71,100,2,0.069992,0.005414,0.064488
KC,71,100,1,0.659121,0.534088,0.059094
BA,71,100,2,0.072195,0.007136,0.064974
KC,71,100,1,0.683211,0.538465,0.062042
BA,71,100,2,0.071907,0.020143,0.051666
KC,71,100,1,0.56178,0.420712,0.061436
BA,71,100,4,0.186904,0.066636,0.120025
KC,71,100,1,0.663014,0.494937,0.080767
BA,71,100,2,0.080024,0.02217,0.057758
KC,71,100,1,0.896704,0.75499,0.074718
BA,71,100,3,0.157529,0.03721,0.120095
KC,71,100,1,1.03403,0.825148,0.084986
BA,71,100,12,0.857097,0.412281,0.443239
KC,71,100,1,0.642022,0.437877,0.082328
BA,71,100,4,0.229709,0.079848,0.14939
KC,71,100,1,1.08945,0.883949,0.084954
BA,71,100,9,0.599164,0.265823,0.33214
KC,71,100,1,0.616285,0.428218,0.084894
BA,71,100,2,0.117008,0.025919,0.090931
KC,71,100,1,1.1364,0.949259,0.085405
BA,71,100,17,1.47508,0.834478,0.61998
KC,71,100,1,0.449194,0.259268,0.086025
BA,71,100,3,0.162658,0.055916,0.106457
KC,71,100,1,0.776525,0.58923,0.081163
BA,71,100,11,0.825044,0.380218,0.443365
KC,71,100,1,0.573355,0.383002,0.085017
BA,71,100,10,0.69857,0.331128,0.365935
KC,71,100,1,0.621738,0.412883,0.084141
BA,71,100,10,0.696199,0.325911,0.368842
KC,71,100,1,0.582731,0.398015,0.08311
BA,71,100,6,0.353918,0.117385,0.235759
KC,71,100,1,1.07002,0.874004,0.074942
BA,71,100,11,0.821825,0.398339,0.422112
KC,71,100,1,0.372805,0.166415,0.084327
BA,71,100,2,0.100057,0.026292,0.0736
KC,71,100,1,1.0125,0.804152,0.087846
BA,71,100,3,0.180004,0.05226,0.12743
KC,71,100,1,1.27792,1.0973,0.078088
BA,71,100,7,0.324774,0.1397,0.184671
KC,71,100,1,0.543683,0.39982,0.06322
BA,71,100,15,0.95239,0.552398,0.386812
KC,71,100,1,0.394218,0.266644,0.059113
BA,71,100,14,0.835624,0.474791,0.359707
KC,71,100,1,0.289924,0.148064,0.063171
BA,71,100,3,0.13096,0.040547,0.090208
KC,71,100,1,0.615098,0.456799,0.070417
BA,71,100,8,0.378159,0.172426,0.205192
KC,71,100,1,0.779391,0.636543,0.063625
BA,71,100,15,0.939018,0.551003,0.386827
KC,71,100,1,0.306612,0.17826,0.058866
BA,71,100,3,0.115329,0.036802,0.078341
KC,71,100,1,0.606754,0.463503,0.063261
BA,81,0,10,0.628328,0.293796,0.333695
KC,81,0,1,1.04146,0.832481,0.098962
BA,81,0,10,0.819833,0.350645,0.446367
KC,81,0,1,1.76447,1.48757,0.114376
BA,81,0,4,0.230453,0.076841,0.153321
KC,81,0,1,1.6518,1.44431,0.086277
BA,81,0,12,0.740403,0.363826,0.375615
KC,81,0,1,0.562867,0.402736,0.076211
BA,81,0,2,0.102502,0.025587,0.076798
KC,81,0,1,1.72607,1.53583,0.092794
BA,81,0,2,0.092621,0.02256,0.069916
KC,81,0,1,1.04162,0.868919,0.085798
BA,81,0,2,0.089232,0.022315,0.066771
KC,81,0,1,1.40412,1.20913,0.092423
BA,81,0,4,0.210825,0.07364,0.136918
KC,81,0,1,1.07543,0.890399,0.079422
BA,81,0,2,0.091976,0.022923,0.068902
KC,81,0,1,1.38515,1.20651,0.077636
BA,81,0,3,0.146002,0.045029,0.100742
KC,81,0,1,1.16818,0.979522,0.085689
BA,81,0,10,0.711773,0.325971,0.385016
KC,81,0,1,0.868564,0.684486,0.079372
BA,81,0,4,0.234816,0.077912,0.156606
KC,81,0,1,0.891666,0.70741,0.090401
BA,81,0,9,0.603483,0.258794,0.343967
KC,81,0,1,0.919464,0.741354,0.085824
BA,81,0,2,0.093343,0.007378,0.08586
KC,81,0,1,2.33502,2.15449,0.099836
BA,81,0,17,1.71228,0.885558,0.824281
KC,81,0,1,0.719887,0.460994,0.106981
BA,81,0,3,0.215919,0.066786,0.148776
KC,81,0,1,1.49518,1.25025,0.113
BA,81,0,11,0.961525,0.442272,0.517796
KC,81,0,1,1.1072,0.845619,0.111748
BA,81,0,12,1.05046,0.494125,0.554723
KC,81,0,1,1.17209,0.919488,0.095619
BA,81,0,11,0.907091,0.380556,0.525008
KC,81,0,1,1.54975,1.28831,0.110838
BA,81,0,6,0.448969,0.172769,0.27537
KC,81,0,1,2.08427,1.86808,0.087408
BA,81,0,12,0.880552,0.439542,0.439996
KC,81,0,1,0.468399,0.292284,0.075848
BA,81,0,2,0.091495,0.023206,0.068169
KC,81,0,1,2.11157,1.91682,0.089068
BA,81,0,3,0.148362,0.030622,0.117589
KC,81,0,1,1.10958,0.928715,0.078331
BA,81,0,7,0.39352,0.160705,0.23232
KC,81,0,1,0.941177,0.772408,0.083298
BA,81,0,15,1.10269,0.602667,0.498752
KC,81,0,1,0.621271,0.438827,0.080041
BA,81,0,16,1.24091,0.703041,0.536528
KC,81,0,1,0.496234,0.332534,0.07816
BA,81,0,3,0.148291,0.046693,0.101386
KC,81,0,1,1.23479,1.05334,0.080308
BA,81,0,7,0.399102,0.165206,0.23334
KC,81,0,1,1.41913,1.23859,0.078688
BA,81,0,15,1.12151,0.619166,0.501006
KC,81,0,1,0.532361,0.364645,0.081114
BA,81,0,3,0.145932,0.045304,0.100439
KC,81,0,1,1.34519,1.16382,0.080754
BA,81,20,10,0.621224,0.288993,0.331397
KC,81,20,1,0.791989,0.645559,0.071565
BA,81,20,10,0.626122,0.285973,0.339401
KC,81,20,1,1.02081,0.855025,0.078972
BA,81,20,4,0.205615,0.070934,0.134407
KC,81,20,1,1.28456,1.1054,0.07799
BA,81,20,12,0.77079,0.383653,0.386177
KC,81,20,1,0.912982,0.750211,0.065914
BA,81,20,2,0.090229,0.022804,0.067292
KC,81,20,1,1.48496,1.3049,0.076982
BA,81,20,2,0.091594,0.024306,0.067197
KC,81,20,1,1.76228,1.56859,0.09299
BA,81,20,2,0.103353,0.026227,0.077001
KC,81,20,1,1.18157,0.981785,0.088291
BA,81,20,4,0.205472,0.053371,0.15181
KC,81,20,1,1.14614,0.940248,0.10159
BA,81,20,2,0.102699,0.026483,0.07607
KC,81,20,1,1.3568,1.15663,0.087815
BA,81,20,3,0.10871,0.028824,0.079709
KC,81,20,1,1.20355,1.0383,0.08021
BA,81,20,10,0.709517,0.325168,0.383573
KC,81,20,1,1.13692,0.954541,0.0889
BA,81,20,4,0.205381,0.070486,0.134604
KC,81,20,1,1.35646,1.172,0.083164
BA,81,20,9,0.576369,0.247538,0.328176
KC,81,20,1,1.21866,1.01917,0.087001
BA,81,20,2,0.091128,0.005826,0.085194
KC,81,20,1,1.13699,0.958572,0.077871
BA,81,20,17,1.30456,0.7231,0.56345
KC,81,20,1,0.536994,0.375553,0.076927
BA,81,20,3,0.14933,0.048782,0.10035
KC,81,20,1,1.33364,1.15266,0.07829
BA,81,20,11,0.719504,0.34965,0.369063
KC,81,20,1,0.658382,0.47259,0.082732
BA,81,20,12,0.795613,0.391574,0.403133
KC,81,20,1,0.680361,0.498448,0.077721
BA,81,20,11,1.01797,0.4462,0.570149
KC,81,20,1,0.899349,0.632136,0.111795
BA,81,20,6,0.3704,0.140513,0.229446
KC,81,20,1,1.41317,1.23312,0.088142
BA,81,20,12,0.807354,0.392669,0.413626
KC,81,20,1,0.49802,0.341032,0.072704
BA,81,20,2,0.101168,0.024124,0.076902
KC,81,20,1,1.33689,1.15276,0.090637
BA,81,20,3,0.166772,0.050819,0.115745
KC,81,20,1,1.38266,1.18657,0.084435
BA,81,20,7,0.453498,0.164834,0.28811
KC,81,20,1,1.34083,1.14567,0.084642
BA,81,20,15,1.09341,0.596159,0.49597
KC,81,20,1,0.623632,0.440639,0.080692
BA,81,20,16,1.22736,0.692828,0.533191
KC,81,20,1,0.430324,0.252113,0.077031
BA,81,20,3,0.146188,0.046553,0.099425
KC,81,20,1,1.21279,1.02966,0.079414
BA,81,20,7,0.577215,0.230142,0.346141
KC,81,20,1,1.83574,1.56962,0.106158
BA,81,20,15,1.09067,0.599128,0.490225
KC,81,20,1,0.559862,0.374097,0.083584
BA,81,20,3,0.166988,0.049805,0.116936
KC,81,20,1,1.86223,1.65685,0.091668
BA,81,40,10,0.898672,0.408826,0.488349
KC,81,40,1,1.17916,0.917199,0.108471
BA,81,40,10,0.69665,0.319031,0.37679
KC,81,40,1,0.880015,0.677854,0.09205
BA,81,40,4,0.208682,0.07363,0.134769
KC,81,40,1,1.13623,0.954437,0.078545
BA,81,40,12,0.79639,0.398063,0.397264
KC,81,40,1,0.545225,0.377524,0.083741
BA,81,40,2,0.100707,0.023065,0.077525
KC,81,40,1,1.69844,1.49691,0.084369
BA,81,40,2,0.091984,0.023678,0.068175
KC,81,40,1,1.29786,1.1134,0.078533
BA,81,40,2,0.090037,0.022514,0.067374
KC,81,40,1,1.12702,0.946772,0.078189
BA,81,40,4,0.206976,0.072029,0.134629
KC,81,40,1,1.52139,1.36109,0.077377
BA,81,40,2,0.102831,0.009038,0.093657
KC,81,40,1,1.60744,1.41532,0.099303
BA,81,40,3,0.165393,0.033022,0.132149
KC,81,40,1,1.60681,1.41253,0.0827
BA,81,40,10,0.577873,0.261438,0.315742
KC,81,40,1,0.703475,0.527089,0.07807
BA,81,40,4,0.230323,0.075834,0.15423
KC,81,40,1,1.71268,1.51043,0.089154
BA,81,40,9,0.741736,0.311381,0.429211
KC,81,40,1,1.61028,1.3855,0.095572
BA,81,40,2,0.096065,0.025901,0.070026
KC,81,40,1,1.12568,0.94742,0.079625
BA,81,40,17,1.31094,0.742462,0.567082
KC,81,40,1,0.513379,0.347917,0.082301
BA,81,40,3,0.168935,0.052915,0.115848
KC,81,40,1,1.71908,1.53235,0.081809
BA,81,40,11,0.687749,0.335407,0.351472
KC,81,40,1,0.601777,0.434145,0.079642
BA,81,40,12,0.800636,0.397733,0.402044
KC,81,40,1,0.682174,0.498193,0.080667
BA,81,40,11,0.701394,0.335273,0.365232
KC,81,40,1,0.850035,0.694772,0.070583
BA,81,40,6,0.326366,0.110485,0.215423
KC,81,40,1,2.33394,2.17688,0.070786
BA,81,40,12,0.815695,0.417339,0.397375
KC,81,40,1,0.460618,0.293768,0.079097
BA,81,40,2,0.0891,0.022326,0.066629
KC,81,40,1,1.14913,0.98695,0.077453
BA,81,40,3,0.146312,0.045337,0.100775
KC,81,40,1,1.21794,1.03808,0.078359
BA,81,40,7,0.395387,0.162502,0.232335
KC,81,40,1,1.06413,0.880642,0.08178
BA,81,40,15,1.09978,0.602122,0.496463
KC,81,40,1,0.700926,0.534167,0.081608
BA,81,40,16,1.23148,0.700432,0.529663
KC,81,40,1,0.509166,0.329344,0.079132
BA,81,40,3,0.146968,0.045924,0.100825
KC,81,40,1,1.14113,0.960055,0.079767
BA,81,40,7,0.451748,0.184157,0.267016
KC,81,40,1,1.12388,0.940473,0.089274
BA,81,40,15,1.09821,0.602585,0.494359
KC,81,40,1,0.48238,0.322906,0.072818
BA,81,40,3,0.148054,0.046096,0.101748
KC,81,40,1,1.46976,1.30502,0.079337
BA,81,60,10,0.635316,0.298486,0.335996
KC,81,60,1,0.690577,0.50192,0.084794
BA,81,60,10,0.617119,0.285458,0.330847
KC,81,60,1,1.00296,0.822643,0.077666
BA,81,60,4,0.203412,0.070323,0.132832
KC,81,60,1,1.25276,1.06824,0.083883
BA,81,60,12,0.804217,0.402518,0.400713
KC,81,60,1,0.693327,0.529715,0.078574
BA,81,60,2,0.101896,0.024979,0.076729
KC,81,60,1,1.33154,1.13341,0.086923
BA,81,60,2,0.091479,0.023368,0.067975
KC,81,60,1,1.08661,0.906134,0.077655
BA,81,60,2,0.089493,0.006036,0.083357
KC,81,60,1,1.26584,1.08433,0.078764
BA,81,60,4,0.231437,0.077632,0.153495
KC,81,60,1,1.29828,1.08679,0.097517
BA,81,60,2,0.104944,0.028008,0.076786
KC,81,60,1,1.5858,1.37276,0.102633
BA,81,60,3,0.170011,0.053203,0.116625
KC,81,60,1,1.2659,1.07013,0.082458
BA,81,60,10,0.893523,0.397553,0.494567
KC,81,60,1,1.17757,0.914701,0.101169
BA,81,60,4,0.266573,0.094407,0.171722
KC,81,60,1,1.846,1.59003,0.105124
BA,81,60,9,0.71256,0.27428,0.437084
KC,81,60,1,1.30602,1.05018,0.107323
BA,81,60,2,0.123198,0.030903,0.092084
KC,81,60,1,1.72824,1.45802,0.117644
BA,81,60,17,1.73455,0.962328,0.768664
KC,81,60,1,0.735758,0.481949,0.100756
BA,81,60,3,0.198535,0.06345,0.134791
KC,81,60,1,1.15326,0.916741,0.107446
BA,81,60,11,0.936399,0.440222,0.494734
KC,81,60,1,1.2099,0.945745,0.11047
BA,81,60,12,1.05444,0.502352,0.550267
KC,81,60,1,1.25227,1.02832,0.093976
BA,81,60,11,0.701421,0.319157,0.38133
KC,81,60,1,0.597679,0.428787,0.067218
BA,81,60,6,0.371451,0.124562,0.246407
KC,81,60,1,1.84962,1.65277,0.084763
BA,81,60,12,0.843276,0.418715,0.423565
KC,81,60,1,0.509306,0.309683,0.096334
BA,81,60,2,0.121592,0.030421,0.090973
KC,81,60,1,2.33453,2.07998,0.10546
BA,81,60,3,0.150784,0.048905,0.101693
KC,81,60,1,1.09636,0.914038,0.079269
BA,81,60,7,0.398681,0.164483,0.233633
KC,81,60,1,0.830807,0.662678,0.083636
BA,81,60,15,1.09435,0.579303,0.49653
KC,81,60,1,0.605129,0.439694,0.080341
BA,81,60,16,1.23279,0.702691,0.528728
KC,81,60,1,0.538012,0.357558,0.078131
BA,81,60,3,0.167512,0.051281,0.116006
KC,81,60,1,1.47979,1.29578,0.089439
BA,81,60,7,0.571099,0.230687,0.339406
KC,81,60,1,1.34036,1.08948,0.115198
BA,81,60,15,1.22482,0.666006,0.557398
KC,81,60,1,0.585189,0.414333,0.084361
BA,81,60,3,0.166463,0.050789,0.115467
KC,81,60,1,2.79984,2.6018,0.103767
BA,81,80,10,0.801775,0.358457,0.44193
KC,81,80,1,1.40305,1.14171,0.108805
BA,81,80,10,0.703015,0.30582,0.396327
KC,81,80,1,0.871207,0.677422,0.081387
BA,81,80,4,0.228487,0.074632,0.153567
KC,81,80,1,1.31716,1.12139,0.082752
BA,81,80,12,0.835189,0.412646,0.421523
KC,81,80,1,0.884802,0.703189,0.079852
BA,81,80,2,0.090413,0.0231,0.067196
KC,81,80,1,1.24944,1.0665,0.08083
BA,81,80,2,0.089621,0.022237,0.06725
KC,81,80,1,1.35403,1.17333,0.078713
BA,81,80,2,0.093936,0.026397,0.067443
KC,81,80,1,1.43237,1.26984,0.078106
BA,81,80,4,0.206035,0.071142,0.134605
KC,81,80,1,1.18759,1.02347,0.08018
BA,81,80,2,0.105392,0.028379,0.0769
KC,81,80,1,1.72785,1.54081,0.072619
BA,81,80,3,0.150365,0.048518,0.101652
KC,81,80,1,1.14299,0.961755,0.078808
BA,81,80,10,0.623748,0.271955,0.333355
KC,81,80,1,0.721857,0.560803,0.076893
BA,81,80,4,0.227313,0.056344,0.170636
KC,81,80,1,2.23695,2.03635,0.089988
BA,81,80,9,0.583921,0.251078,0.332102
KC,81,80,1,1.08075,0.901324,0.075351
BA,81,80,2,0.090214,0.022515,0.067544
KC,81,80,1,1.63216,1.44954,0.080246
BA,81,80,17,1.81753,0.978999,0.812154
KC,81,80,1,0.653699,0.48912,0.08131
BA,81,80,3,0.216704,0.069341,0.147124
KC,81,80,1,1.31007,1.04194,0.114307
BA,81,80,11,0.813019,0.395116,0.416936
KC,81,80,1,0.749451,0.546187,0.099143
BA,81,80,12,1.00305,0.491096,0.510389
KC,81,80,1,1.84807,1.60085,0.100882
BA,81,80,11,0.802554,0.383248,0.418377
KC,81,80,1,0.657565,0.474001,0.090205
BA,81,80,6,0.373963,0.1436,0.229901
KC,81,80,1,1.5637,1.38859,0.082917
BA,81,80,12,0.814284,0.414744,0.398554
KC,81,80,1,0.423433,0.237131,0.083192
BA,81,80,2,0.103792,0.02527,0.078383
KC,81,80,1,1.29681,1.09629,0.086117
BA,81,80,3,0.166416,0.050936,0.115283
KC,81,80,1,1.46352,1.28738,0.082243
BA,81,80,7,0.358201,0.143261,0.214501
KC,81,80,1,1.11012,0.930302,0.081411
BA,81,80,15,1.21773,0.656534,0.559926
KC,81,80,1,0.655703,0.490487,0.078525
BA,81,80,16,1.22867,0.698946,0.528273
KC,81,80,1,0.519285,0.338999,0.079329
BA,81,80,3,0.146125,0.045576,0.100349
KC,81,80,1,1.41447,1.23598,0.07677
BA,81,80,7,0.396967,0.164292,0.232165
KC,81,80,1,1.5992,1.43305,0.080976
BA,81,80,15,1.13273,0.611366,0.520075
KC,81,80,1,0.494754,0.316759,0.07675
BA,81,80,3,0.146223,0.046114,0.099925
KC,81,80,1,0.966664,0.779992,0.084154
BA,81,100,10,0.910249,0.390972,0.517811
KC,81,100,1,1.249,0.99126,0.099685
BA,81,100,10,0.63153,0.289146,0.34156
KC,81,100,1,0.595444,0.428374,0.080911
BA,81,100,4,0.205028,0.070208,0.134549
KC,81,100,1,0.964273,0.781321,0.098317
BA,81,100,12,1.0573,0.508785,0.546897
KC,81,100,1,0.681184,0.449428,0.1005
BA,81,100,2,0.123431,0.030223,0.093036
KC,81,100,1,1.51584,1.2729,0.092183
BA,81,100,2,0.102064,0.024783,0.077132
KC,81,100,1,0.753521,0.568848,0.072512
BA,81,100,2,0.136782,0.036568,0.099967
KC,81,100,1,1.79019,1.54208,0.113991
BA,81,100,4,0.232788,0.079111,0.153293
KC,81,100,1,0.82062,0.62126,0.087758
BA,81,100,2,0.092181,0.025786,0.06625
KC,81,100,1,1.29248,1.1099,0.079049
BA,81,100,3,0.150043,0.048111,0.101784
KC,81,100,1,0.733123,0.555278,0.076157
BA,81,100,10,0.638468,0.295934,0.341844
KC,81,100,1,0.568303,0.40172,0.081465
BA,81,100,4,0.20354,0.069262,0.134003
KC,81,100,1,0.889692,0.726714,0.078306
BA,81,100,9,0.530957,0.230673,0.299588
KC,81,100,1,0.624781,0.441671,0.080996
BA,81,100,2,0.090373,0.00534,0.084947
KC,81,100,1,0.977074,0.80969,0.080122
BA,81,100,17,1.31474,0.747503,0.565757
KC,81,100,1,0.438438,0.256205,0.078431
BA,81,100,3,0.211382,0.066419,0.144581
KC,81,100,1,1.80483,1.54858,0.101468
BA,81,100,11,0.673269,0.327536,0.344843
KC,81,100,1,0.554625,0.37517,0.079658
BA,81,100,12,0.800198,0.397366,0.401921
KC,81,100,1,0.55711,0.371585,0.082954
BA,81,100,11,0.705271,0.338409,0.365745
KC,81,100,1,0.502004,0.339867,0.077777
BA,81,100,6,0.33599,0.13429,0.201221
KC,81,100,1,0.926108,0.758087,0.080547
BA,81,100,12,0.779426,0.395267,0.383274
KC,81,100,1,0.42419,0.246943,0.076616
BA,81,100,2,0.092149,0.02398,0.068033
KC,81,100,1,1.26251,1.08558,0.074887
BA,81,100,3,0.147845,0.047721,0.099901
KC,81,100,1,0.849446,0.664225,0.079694
BA,81,100,7,0.401442,0.167519,0.233384
KC,81,100,1,0.59096,0.41055,0.077515
BA,81,100,15,1.09991,0.603235,0.495362
KC,81,100,1,0.477862,0.308395,0.072504
BA,81,100,16,1.23809,0.704275,0.532363
KC,81,100,1,0.353736,0.175681,0.072258
BA,81,100,3,0.14989,0.04825,0.101388
KC,81,100,1,0.913166,0.730314,0.078268
BA,81,100,7,0.398955,0.163823,0.234651
KC,81,100,1,1.02262,0.841071,0.0794
BA,81,100,15,1.05621,0.580788,0.474171
KC,81,100,1,0.449479,0.274043,0.078713
BA,81,100,3,0.147706,0.044928,0.102594
KC,81,100,1,1.06563,0.899857,0.078677
BA,91,0,10,0.717773,0.299212,0.417732
KC,91,0,1,1.18731,0.960824,0.096109
BA,91,0,10,0.827861,0.341248,0.485576
KC,91,0,1,1.63382,1.39658,0.104223
BA,91,0,5,0.325471,0.111078,0.21395
KC,91,0,1,1.86689,1.65751,0.10519
BA,91,0,12,1.25736,0.520991,0.734559
KC,91,0,1,1.43428,1.15624,0.12322
BA,91,0,2,0.151196,0.036444,0.114561
KC,91,0,1,3.92888,3.62335,0.113828
BA,91,0,2,0.108925,0.02373,0.085089
KC,91,0,1,1.37219,1.15211,0.094091
BA,91,0,2,0.111184,0.026099,0.084939
KC,91,0,1,1.69972,1.47361,0.097163
BA,91,0,4,0.243837,0.07664,0.166906
KC,91,0,1,1.70726,1.50757,0.097131
BA,91,0,3,0.192975,0.056369,0.136383
KC,91,0,1,2.66225,2.45046,0.10701
BA,91,0,3,0.179215,0.052638,0.126317
KC,91,0,1,1.58374,1.38495,0.094386
BA,91,0,11,0.803622,0.344991,0.457636
KC,91,0,1,1.28955,1.09532,0.095266
BA,91,0,4,0.248264,0.077372,0.1706
KC,91,0,1,2.63069,2.40054,0.124623
BA,91,0,8,0.546359,0.187444,0.358293
KC,91,0,1,1.50775,1.27966,0.106714
BA,91,0,2,0.109824,0.025014,0.084702
KC,91,0,1,2.58248,2.3592,0.100603
BA,91,0,17,1.44764,0.764046,0.682094
KC,91,0,1,0.621176,0.403208,0.095489
BA,91,0,3,0.183117,0.054694,0.128147
KC,91,0,1,2.27249,2.02418,0.121576
BA,91,0,12,0.980512,0.439475,0.539856
KC,91,0,1,0.91901,0.714103,0.081478
BA,91,0,11,0.821978,0.354926,0.46607
KC,91,0,1,1.20777,1.01134,0.090807
BA,91,0,11,0.808029,0.347701,0.459411
KC,91,0,1,1.0804,0.865191,0.09165
BA,91,0,6,0.394631,0.141034,0.253069
KC,91,0,1,2.03807,1.79835,0.116342
BA,91,0,12,1.22693,0.513576,0.688399
KC,91,0,1,1.89439,1.59012,0.120389
BA,91,0,2,0.124596,0.007084,0.117394
KC,91,0,1,1.41521,1.18946,0.089473
BA,91,0,3,0.179781,0.050756,0.128832
KC,91,0,1,2.0878,1.86038,0.097148
BA,91,0,8,0.545481,0.210024,0.334749
KC,91,0,1,1.44394,1.2098,0.105891
BA,91,0,13,1.03794,0.497766,0.538962
KC,91,0,1,0.885985,0.657768,0.098253
BA,91,0,15,1.37688,0.68198,0.693475
KC,91,0,1,0.923955,0.69967,0.095088
BA,91,0,3,0.179964,0.051907,0.127838
KC,91,0,1,2.10937,1.86902,0.130466
BA,91,0,7,0.625826,0.227538,0.397282
KC,91,0,1,2.32028,2.00272,0.129938
BA,91,0,14,1.14268,0.539174,0.60225
KC,91,0,1,0.663649,0.463346,0.094871
BA,91,0,3,0.176784,0.050652,0.125929
KC,91,0,1,3.27506,3.05238,0.095272
BA,91,20,10,0.724172,0.302312,0.420977
KC,91,20,1,1.26827,1.06773,0.097269
BA,91,20,10,0.736749,0.310494,0.425374
KC,91,20,1,1.31715,1.09168,0.095431
BA,91,20,5,0.315253,0.103429,0.211419
KC,91,20,1,1.77049,1.55623,0.086987
BA,91,20,12,0.889822,0.402826,0.485973
KC,91,20,1,1.04208,0.848695,0.093567
BA,91,20,2,0.110432,0.02618,0.084122
KC,91,20,1,3.06636,2.80359,0.133314
BA,91,20,2,0.142363,0.032644,0.109557
KC,91,20,1,2.41972,2.19272,0.102664
BA,91,20,2,0.124492,0.028876,0.095473
KC,91,20,1,1.55638,1.31479,0.118535
BA,91,20,4,0.240511,0.05723,0.183044
KC,91,20,1,2.13558,1.93004,0.102672
BA,91,20,3,0.180208,0.053224,0.126733
KC,91,20,1,1.81723,1.59734,0.09597
BA,91,20,3,0.18137,0.050973,0.130142
KC,91,20,1,2.06886,1.83253,0.133889
BA,91,20,11,0.837002,0.350601,0.485352
KC,91,20,1,1.59307,1.38435,0.101907
BA,91,20,4,0.244248,0.060865,0.183087
KC,91,20,1,2.5328,2.30463,0.106189
BA,91,20,8,0.542201,0.204144,0.337309
KC,91,20,1,1.73786,1.51481,0.099865
BA,91,20,2,0.110183,0.027516,0.082519
KC,91,20,1,2.3456,2.10831,0.108049
BA,91,20,17,1.4907,0.761881,0.7088
KC,91,20,1,0.628339,0.406561,0.095552
BA,91,20,3,0.178053,0.05023,0.127589
KC,91,20,1,1.70641,1.48377,0.096343
BA,91,20,12,0.980372,0.44685,0.532534
KC,91,20,1,1.01531,0.794496,0.09516
BA,91,20,11,0.81472,0.352795,0.460958
KC,91,20,1,1.1047,0.880515,0.102529
BA,91,20,11,0.765517,0.328775,0.435683
KC,91,20,1,1.05629,0.829701,0.117117
BA,91,20,6,0.531771,0.183085,0.347859
KC,91,20,1,1.37326,1.07301,0.119061
BA,91,20,12,0.920308,0.422621,0.496654
KC,91,20,1,1.01489,0.820076,0.08915
BA,91,20,2,0.112884,0.026409,0.086342
KC,91,20,1,1.49515,1.27463,0.095756
BA,91,20,3,0.176268,0.031023,0.145
KC,91,20,1,2.05618,1.83388,0.095467
BA,91,20,8,0.556051,0.195655,0.359612
KC,91,20,1,1.38354,1.15067,0.102709
BA,91,20,13,1.11947,0.524615,0.59351
KC,91,20,1,0.789692,0.56639,0.095874
BA,91,20,15,1.22817,0.609054,0.617661
KC,91,20,1,0.707566,0.481218,0.102259
BA,91,20,3,0.177847,0.048962,0.128687
KC,91,20,1,1.94791,1.72147,0.098199
BA,91,20,7,0.465563,0.171023,0.293979
KC,91,20,1,1.49481,1.29553,0.090729
BA,91,20,14,1.14403,0.557212,0.585594
KC,91,20,1,0.645511,0.415083,0.100666
BA,91,20,3,0.178977,0.051661,0.127026
KC,91,20,1,2.1226,1.89297,0.104787
BA,91,40,10,0.885169,0.329937,0.553703
KC,91,40,1,1.33661,1.05902,0.114466
BA,91,40,10,0.792799,0.324223,0.467652
KC,91,40,1,1.14382,0.891948,0.122359
BA,91,40,5,0.428341,0.141843,0.285818
KC,91,40,1,1.76177,1.43817,0.134816
BA,91,40,12,1.23476,0.531405,0.701681
KC,91,40,1,1.9477,1.62884,0.131812
BA,91,40,2,0.146679,0.033451,0.113005
KC,91,40,1,2.91029,2.60563,0.124694
BA,91,40,2,0.149061,0.033921,0.114907
KC,91,40,1,2.13279,1.80104,0.141111
BA,91,40,2,0.146759,0.033235,0.113346
KC,91,40,1,2.00116,1.77635,0.128109
BA,91,40,4,0.24702,0.078164,0.168565
KC,91,40,1,1.98245,1.7594,0.09787
BA,91,40,3,0.179729,0.052139,0.127379
KC,91,40,1,1.72774,1.5115,0.09386
BA,91,40,3,0.181161,0.052244,0.128698
KC,91,40,1,1.80765,1.57883,0.103119
BA,91,40,11,0.802437,0.325318,0.476153
KC,91,40,1,1.12956,0.919497,0.086602
BA,91,40,4,0.277586,0.082034,0.195257
KC,91,40,1,2.14122,1.89238,0.109715
BA,91,40,8,0.577647,0.216217,0.360706
KC,91,40,1,1.33667,1.12273,0.091067
BA,91,40,2,0.106072,0.024147,0.081785
KC,91,40,1,2.00672,1.78148,0.105913
BA,91,40,17,1.7412,0.921433,0.817931
KC,91,40,1,0.990213,0.653922,0.140371
BA,91,40,3,0.234732,0.06134,0.173069
KC,91,40,1,1.77674,1.47557,0.116819
BA,91,40,12,0.997345,0.451919,0.544334
KC,91,40,1,0.996986,0.774432,0.101758
BA,91,40,11,0.772344,0.330594,0.440775
KC,91,40,1,1.00179,0.784473,0.092228
BA,91,40,11,0.830003,0.35415,0.467815
KC,91,40,1,1.12358,0.900067,0.097404
BA,91,40,6,0.396338,0.14086,0.254945
KC,91,40,1,2.10935,1.88309,0.103141
BA,91,40,12,0.916813,0.398896,0.516903
KC,91,40,1,0.749401,0.52725,0.097661
BA,91,40,2,0.126452,0.026553,0.099761
KC,91,40,1,1.43321,1.19406,0.098888
BA,91,40,3,0.176839,0.048198,0.128355
KC,91,40,1,2.25907,2.03662,0.098629
BA,91,40,8,0.556156,0.215101,0.34028
KC,91,40,1,0.94372,0.723101,0.095561
BA,91,40,13,1.03938,0.493652,0.544386
KC,91,40,1,0.86639,0.666016,0.096537
BA,91,40,15,1.38289,0.685829,0.695628
KC,91,40,1,0.830519,0.604144,0.097004
BA,91,40,3,0.179066,0.050977,0.127858
KC,91,40,1,1.79794,1.57513,0.098348
BA,91,40,7,0.473466,0.175596,0.297273
KC,91,40,1,1.76804,1.54876,0.095906
BA,91,40,14,1.20217,0.582623,0.618281
KC,91,40,1,0.637365,0.413777,0.098217
BA,91,40,3,0.176611,0.048885,0.126853
KC,91,40,1,1.33145,1.11339,0.095588
BA,91,60,10,0.692896,0.292814,0.39927
KC,91,60,1,1.17977,0.970919,0.098175
BA,91,60,10,1.03667,0.423419,0.611935
KC,91,60,1,2.09351,1.77523,0.133029
BA,91,60,5,0.424537,0.135403,0.288475
KC,91,60,1,2.5299,2.22841,0.116892
BA,91,60,12,0.921681,0.418466,0.502154
KC,91,60,1,1.09625,0.894286,0.097559
BA,91,60,2,0.109764,0.023976,0.085608
KC,91,60,1,2.71564,2.49425,0.095231
BA,91,60,2,0.109188,0.02438,0.084708
KC,91,60,1,1.75425,1.54497,0.101621
BA,91,60,2,0.107211,0.024817,0.08224
KC,91,60,1,1.90251,1.69292,0.092837
BA,91,60,4,0.247082,0.078205,0.168519
KC,91,60,1,1.25823,1.02995,0.120556
BA,91,60,3,0.204248,0.062227,0.141718
KC,91,60,1,2.58141,2.2813,0.126062
BA,91,60,3,0.178852,0.03522,0.14344
KC,91,60,1,1.99156,1.76552,0.102664
BA,91,60,11,0.806545,0.345067,0.460381
KC,91,60,1,1.15855,0.943211,0.092016
BA,91,60,4,0.246005,0.07584,0.169826
KC,91,60,1,1.55466,1.32766,0.102453
BA,91,60,8,0.768345,0.291369,0.475791
KC,91,60,1,1.57711,1.26988,0.117238
BA,91,60,2,0.124163,0.027334,0.096703
KC,91,60,1,3.23673,2.98754,0.11215
BA,91,60,17,1.9161,0.959962,0.953897
KC,91,60,1,0.836371,0.574935,0.108479
BA,91,60,3,0.200409,0.053444,0.14673
KC,91,60,1,1.41778,1.21144,0.098191
BA,91,60,12,0.925561,0.423738,0.500733
KC,91,60,1,0.857649,0.637861,0.096571
BA,91,60,11,0.806546,0.349884,0.455665
KC,91,60,1,1.09214,0.871696,0.098826
BA,91,60,11,1.16176,0.431658,0.728641
KC,91,60,1,1.78178,1.46059,0.134855
BA,91,60,6,0.444743,0.155272,0.288971
KC,91,60,1,1.75197,1.47956,0.135642
BA,91,60,12,0.926806,0.422103,0.503419
KC,91,60,1,0.66858,0.445259,0.1013
BA,91,60,2,0.10865,0.005909,0.102614
KC,91,60,1,1.81796,1.58581,0.110053
BA,91,60,3,0.200729,0.05505,0.145475
KC,91,60,1,1.56226,1.31055,0.110601
BA,91,60,8,0.762137,0.284914,0.476084
KC,91,60,1,1.95286,1.63148,0.129476
BA,91,60,13,1.00743,0.463873,0.524842
KC,91,60,1,0.881357,0.677551,0.101152
BA,91,60,15,1.26275,0.632178,0.629145
KC,91,60,1,0.704088,0.478462,0.096453
BA,91,60,3,0.175132,0.01227,0.162658
KC,91,60,1,3.41271,3.19231,0.097727
BA,91,60,7,0.479902,0.181786,0.297551
KC,91,60,1,1.91235,1.68418,0.099589
BA,91,60,14,1.14276,0.557872,0.58366
KC,91,60,1,0.733581,0.524791,0.085795
BA,91,60,3,0.176554,0.049911,0.126433
KC,91,60,1,2.25136,2.02894,0.099799
BA,91,80,10,0.721147,0.302149,0.418027
KC,91,80,1,1.1613,0.959199,0.098148
BA,91,80,10,0.803255,0.330371,0.471873
KC,91,80,1,1.18882,0.973883,0.096895
BA,91,80,5,0.314814,0.10275,0.21165
KC,91,80,1,3.66329,3.446,0.093692
BA,91,80,12,0.930059,0.427788,0.501038
KC,91,80,1,1.19347,0.961481,0.126516
BA,91,80,2,0.146169,0.006963,0.13904
KC,91,80,1,3.00912,2.70789,0.117656
BA,91,80,2,0.159032,0.035434,0.123489
KC,91,80,1,2.13729,1.79678,0.143881
BA,91,80,2,0.149675,0.033539,0.115924
KC,91,80,1,2.19728,1.90303,0.136494
BA,91,80,4,0.2474,0.075062,0.172054
KC,91,80,1,1.40822,1.20012,0.102879
BA,91,80,3,0.181182,0.053977,0.126949
KC,91,80,1,1.49213,1.28849,0.099241
BA,91,80,3,0.261418,0.07734,0.183708
KC,91,80,1,3.63162,3.31729,0.144951
BA,91,80,11,0.80519,0.347446,0.456792
KC,91,80,1,1.62767,1.42628,0.097434
BA,91,80,4,0.242951,0.072509,0.170091
KC,91,80,1,2.09765,1.85074,0.122793
BA,91,80,8,0.535576,0.203742,0.331161
KC,91,80,1,1.91529,1.68817,0.106223
BA,91,80,2,0.109943,0.025277,0.084508
KC,91,80,1,2.48552,2.26649,0.095349
BA,91,80,17,1.48973,0.778018,0.710215
KC,91,80,1,0.621705,0.403372,0.095226
BA,91,80,3,0.181673,0.053881,0.127595
KC,91,80,1,1.48755,1.29406,0.088589
BA,91,80,12,0.924286,0.419041,0.50423
KC,91,80,1,1.04205,0.84312,0.094858
BA,91,80,11,0.815193,0.349909,0.464369
KC,91,80,1,1.30799,1.11454,0.089698
BA,91,80,11,0.812085,0.351497,0.459625
KC,91,80,1,1.12737,0.908489,0.095684
BA,91,80,6,0.392644,0.140102,0.252048
KC,91,80,1,2.09733,1.91687,0.077684
BA,91,80,12,1.28526,0.566197,0.717373
KC,91,80,1,0.932878,0.613265,0.132368
BA,91,80,2,0.123509,0.026873,0.096518
KC,91,80,1,1.46095,1.21466,0.110495
BA,91,80,3,0.202381,0.055516,0.146647
KC,91,80,1,3.20473,2.93836,0.129259
BA,91,80,8,0.585044,0.183814,0.400495
KC,91,80,1,1.51215,1.31364,0.094622
BA,91,80,13,1.04404,0.501276,0.541278
KC,91,80,1,1.1515,0.924505,0.102797
BA,91,80,15,1.37484,0.641654,0.731732
KC,91,80,1,0.660547,0.472002,0.085176
BA,91,80,3,0.177472,0.050431,0.126821
KC,91,80,1,2.60334,2.36753,0.114424
BA,91,80,7,0.469748,0.175066,0.29404
KC,91,80,1,2.96784,2.73905,0.105079
BA,91,80,14,1.15419,0.559913,0.59305
KC,91,80,1,0.612615,0.414871,0.09325
BA,91,80,3,0.176726,0.049267,0.127248
KC,91,80,1,2.22924,1.98763,0.120029
BA,91,100,10,0.71163,0.296743,0.413947
KC,91,100,1,0.628047,0.426109,0.098602
BA,91,100,10,0.730782,0.307447,0.422389
KC,91,100,1,0.836903,0.634026,0.095376
BA,91,100,5,0.316366,0.104739,0.211209
KC,91,100,1,1.98138,1.77298,0.103543
BA,91,100,12,0.915034,0.408708,0.505167
KC,91,100,1,0.558904,0.336092,0.097413
BA,91,100,2,0.125335,0.026968,0.098229
KC,91,100,1,2.26173,1.99965,0.124751
BA,91,100,2,0.10889,0.024083,0.084677
KC,91,100,1,1.1828,0.966817,0.115842
BA,91,100,2,0.150155,0.036103,0.113844
KC,91,100,1,1.82737,1.52962,0.113808
BA,91,100,4,0.280764,0.084599,0.19581
KC,91,100,1,2.02805,1.78976,0.101771
BA,91,100,3,0.178703,0.051625,0.126832
KC,91,100,1,1.73987,1.4959,0.120468
BA,91,100,3,0.266767,0.070205,0.196178
KC,91,100,1,2.11447,1.8267,0.130591
BA,91,100,11,0.849649,0.359591,0.489106
KC,91,100,1,0.651904,0.454651,0.091832
BA,91,100,4,0.245851,0.074224,0.171286
KC,91,100,1,2.26917,2.04365,0.103498
BA,91,100,8,0.593453,0.202143,0.390582
KC,91,100,1,0.758335,0.538215,0.096462
BA,91,100,2,0.114723,0.026284,0.088305
KC,91,100,1,2.12025,1.89666,0.099569
BA,91,100,17,1.49585,0.762527,0.731598
KC,91,100,1,0.49471,0.275775,0.095285
BA,91,100,3,0.176294,0.030564,0.145518
KC,91,100,1,1.08435,0.889309,0.089946
BA,91,100,12,0.935822,0.404438,0.530319
KC,91,100,1,0.760111,0.535946,0.097397
BA,91,100,11,0.812949,0.351026,0.460819
KC,91,100,1,0.62413,0.405209,0.0972
BA,91,100,11,0.812614,0.350546,0.461017
KC,91,100,1,0.62188,0.426592,0.091571
BA,91,100,6,0.393497,0.139807,0.253144
KC,91,100,1,1.25796,1.03979,0.095757
BA,91,100,12,0.912353,0.416806,0.494584
KC,91,100,1,0.426243,0.229707,0.094022
BA,91,100,2,0.1093,0.024593,0.0846
KC,91,100,1,1.4552,1.23911,0.095336
BA,91,100,3,0.177637,0.050075,0.127305
KC,91,100,1,1.83915,1.61225,0.103292
BA,91,100,8,0.546653,0.210952,0.335049
KC,91,100,1,0.6779,0.459134,0.095938
BA,91,100,13,1.04234,0.498238,0.542833
KC,91,100,1,0.577947,0.361842,0.094473
BA,91,100,15,1.24953,0.625093,0.623044
KC,91,100,1,0.425146,0.218348,0.09673
BA,91,100,3,0.177129,0.050133,0.126804
KC,91,100,1,1.81153,1.5834,0.096873
BA,91,100,7,0.470255,0.175789,0.293783
KC,91,100,1,2.85623,2.64373,0.102612
BA,91,100,14,1.14901,0.556685,0.591284
KC,91,100,1,0.597606,0.394374,0.093933
BA,91,100,3,0.176528,0.030906,0.145336
KC,91,100,1,1.2307,1.00215,0.09761
