BA,1,0,4,0.021716,0.021429,0.00019
KCU,1,0,3,0.008136,0.007683,0.000205
BA,1,0,4,0.020822,0.020527,0.000203
KCU,1,0,3,0.007728,0.007262,0.000207
BA,1,0,3,0.011117,0.0109,0.000154
KCU,1,0,1,0.002818,0.002638,9.8e-05
BA,1,0,4,0.02115,0.020854,0.000203
KCU,1,0,3,0.00818,0.007722,0.000207
BA,1,0,2,0.005423,0.005288,9.9e-05
KCU,1,0,1,0.002832,0.002649,9.8e-05
BA,1,0,2,0.005201,0.005064,0.000102
KCU,1,0,1,0.002938,0.002729,0.0001
BA,1,0,2,0.005832,0.005694,0.000102
KCU,1,0,1,0.002841,0.002648,0.000108
BA,1,0,3,0.011368,0.011149,0.000154
KCU,1,0,1,0.002494,0.002311,9.9e-05
BA,1,0,2,0.005475,0.005337,0.000102
KCU,1,0,1,0.002667,0.002459,0.000101
BA,1,0,3,0.012079,0.011844,0.000154
KCU,1,0,1,0.002824,0.002614,0.000101
BA,1,0,4,0.020123,0.019828,0.000203
KCU,1,0,3,0.007155,0.006679,0.000224
BA,1,0,3,0.010046,0.00982,0.000161
KCU,1,0,1,0.002905,0.002699,0.0001
BA,1,0,4,0.018941,0.018635,0.000209
KCU,1,0,3,0.007336,0.00687,0.000208
BA,1,0,2,0.005121,0.004982,0.000104
KCU,1,0,1,0.002885,0.002678,0.0001
BA,1,0,3,0.011268,0.011039,0.000165
KCU,1,0,2,0.004315,0.003976,0.000159
BA,1,0,2,0.005828,0.005687,0.000104
KCU,1,0,1,0.002703,0.002489,0.000102
BA,1,0,3,0.011757,0.011527,0.000166
KCU,1,0,2,0.00479,0.004453,0.000156
BA,1,0,4,0.021596,0.021275,0.000228
KCU,1,0,3,0.007591,0.0071,0.000212
BA,1,0,3,0.011933,0.011708,0.000155
KCU,1,0,2,0.004425,0.00409,0.000156
BA,1,0,3,0.011535,0.011312,0.000158
KCU,1,0,1,0.002844,0.002636,0.000101
BA,1,0,3,0.01268,0.012461,0.000155
KCU,1,0,2,0.0046,0.004268,0.000154
BA,1,0,2,0.005406,0.005267,0.000102
KCU,1,0,1,0.002866,0.002656,0.000101
BA,1,0,3,0.011722,0.0115,0.000158
KCU,1,0,1,0.002912,0.002717,0.000101
BA,1,0,4,0.020304,0.020005,0.000207
KCU,1,0,3,0.007796,0.007336,0.000208
BA,1,0,4,0.021133,0.020828,0.000204
KCU,1,0,3,0.007487,0.007028,0.000206
BA,1,0,4,0.021453,0.021155,0.000205
KCU,1,0,3,0.006918,0.006457,0.000208
BA,1,0,3,0.012278,0.012058,0.000156
KCU,1,0,1,0.002709,0.002491,0.000109
BA,1,0,3,0.012203,0.011984,0.000155
KCU,1,0,1,0.002615,0.002405,0.000102
BA,1,0,4,0.020732,0.020431,0.000209
KCU,1,0,3,0.006463,0.005999,0.00021
BA,1,0,2,0.00541,0.005262,0.000113
KCU,1,0,1,0.002697,0.002489,0.000101
BA,1,20,4,0.01923,0.018927,0.000204
KCU,1,20,3,0.008133,0.007691,0.00021
BA,1,20,4,0.020659,0.020352,0.000208
KCU,1,20,3,0.007682,0.007247,0.000208
BA,1,20,3,0.01117,0.010952,0.000153
KCU,1,20,1,0.002866,0.002647,0.000102
BA,1,20,4,0.021135,0.02083,0.000212
KCU,1,20,3,0.008184,0.007711,0.000209
BA,1,20,2,0.005438,0.005302,0.000101
KCU,1,20,1,0.002833,0.002649,0.0001
BA,1,20,2,0.005203,0.005065,0.000102
KCU,1,20,1,0.002929,0.00272,0.000101
BA,1,20,2,0.005845,0.005704,0.000101
KCU,1,20,1,0.002878,0.002668,9.9e-05
BA,1,20,3,0.011325,0.011108,0.000154
KCU,1,20,1,0.00251,0.002302,0.000101
BA,1,20,2,0.005468,0.00533,0.000102
KCU,1,20,1,0.002676,0.00247,9.9e-05
BA,1,20,3,0.012018,0.011783,0.000163
KCU,1,20,1,0.002813,0.002607,0.0001
BA,1,20,4,0.020131,0.019814,0.000217
KCU,1,20,3,0.007183,0.006721,0.000209
BA,1,20,3,0.010016,0.009795,0.000156
KCU,1,20,1,0.002893,0.002679,0.000105
BA,1,20,4,0.018881,0.018575,0.000207
KCU,1,20,3,0.00736,0.006897,0.00021
BA,1,20,2,0.005124,0.004986,0.000102
KCU,1,20,1,0.002902,0.002693,0.0001
BA,1,20,3,0.011237,0.011015,0.000155
KCU,1,20,2,0.004305,0.003973,0.000152
BA,1,20,2,0.005818,0.005671,0.000103
KCU,1,20,1,0.002681,0.002494,0.000102
BA,1,20,3,0.01179,0.011563,0.000156
KCU,1,20,2,0.004815,0.004477,0.000158
BA,1,20,4,0.021508,0.021206,0.000209
KCU,1,20,3,0.007562,0.007078,0.000215
BA,1,20,3,0.011862,0.011645,0.000153
KCU,1,20,2,0.004438,0.004087,0.000157
BA,1,20,3,0.011485,0.011257,0.000155
KCU,1,20,1,0.002844,0.002636,0.000101
BA,1,20,3,0.012629,0.012409,0.000154
KCU,1,20,2,0.004612,0.00426,0.000155
BA,1,20,2,0.005362,0.005223,0.000102
KCU,1,20,1,0.002833,0.002617,0.000102
BA,1,20,3,0.011704,0.011481,0.000153
KCU,1,20,1,0.002931,0.002723,0.000101
BA,1,20,4,0.020262,0.019961,0.000206
KCU,1,20,3,0.007797,0.007339,0.000207
BA,1,20,4,0.021186,0.020887,0.000205
KCU,1,20,3,0.007508,0.007042,0.000211
BA,1,20,4,0.021433,0.021125,0.000208
KCU,1,20,3,0.006923,0.006437,0.000234
BA,1,20,3,0.012314,0.012086,0.000162
KCU,1,20,1,0.002681,0.002474,9.9e-05
BA,1,20,3,0.012117,0.011899,0.000154
KCU,1,20,1,0.002939,0.002715,0.000112
BA,1,20,4,0.020859,0.02055,0.000216
KCU,1,20,3,0.006404,0.005957,0.000217
BA,1,20,2,0.005421,0.005281,0.000104
KCU,1,20,1,0.002683,0.002485,0.000101
BA,1,40,4,0.019238,0.018925,0.000218
KCU,1,40,3,0.008154,0.007684,0.000208
BA,1,40,4,0.020381,0.02008,0.000208
KCU,1,40,3,0.006177,0.005824,0.000166
BA,1,40,3,0.00897,0.008791,0.000125
KCU,1,40,1,0.002304,0.002135,8.2e-05
BA,1,40,4,0.01696,0.016712,0.000165
KCU,1,40,3,0.006568,0.006186,0.000167
BA,1,40,2,0.004367,0.004231,0.000106
KCU,1,40,1,0.002301,0.002153,8e-05
BA,1,40,2,0.004172,0.004061,8.2e-05
KCU,1,40,1,0.002361,0.002211,8e-05
BA,1,40,2,0.004645,0.004533,8.2e-05
KCU,1,40,1,0.002309,0.002143,7.9e-05
BA,1,40,3,0.0091,0.008913,0.000131
KCU,1,40,1,0.002029,0.001862,8.1e-05
BA,1,40,2,0.004405,0.004294,8.2e-05
KCU,1,40,1,0.002127,0.001969,8e-05
BA,1,40,3,0.009697,0.009514,0.000131
KCU,1,40,1,0.002277,0.002127,8.1e-05
BA,1,40,4,0.016172,0.015928,0.000166
KCU,1,40,3,0.00579,0.005396,0.000183
BA,1,40,3,0.008069,0.007887,0.00013
KCU,1,40,1,0.002351,0.002183,8.1e-05
BA,1,40,4,0.015193,0.014951,0.000164
KCU,1,40,3,0.005899,0.00552,0.000169
BA,1,40,2,0.004103,0.00399,8.3e-05
KCU,1,40,1,0.002305,0.002154,8.1e-05
BA,1,40,3,0.009054,0.008875,0.000125
KCU,1,40,2,0.003443,0.003192,0.000123
BA,1,40,2,0.004663,0.004551,8.3e-05
KCU,1,40,1,0.002156,0.002006,8e-05
BA,1,40,3,0.009425,0.009246,0.000127
KCU,1,40,2,0.00387,0.003588,0.000126
BA,1,40,4,0.017337,0.017087,0.000168
KCU,1,40,3,0.006125,0.005752,0.000167
BA,1,40,3,0.009574,0.009397,0.000125
KCU,1,40,2,0.00361,0.00334,0.000124
BA,1,40,3,0.009279,0.009101,0.000126
KCU,1,40,1,0.002314,0.002145,8e-05
BA,1,40,3,0.010164,0.009979,0.000132
KCU,1,40,2,0.003737,0.003466,0.000125
BA,1,40,2,0.004338,0.004225,8.4e-05
KCU,1,40,1,0.002306,0.002156,8e-05
BA,1,40,3,0.00941,0.009216,0.000141
KCU,1,40,1,0.002376,0.002208,8e-05
BA,1,40,4,0.016206,0.015945,0.000178
KCU,1,40,3,0.006278,0.0059,0.000175
BA,1,40,4,0.016941,0.01669,0.000174
KCU,1,40,3,0.006036,0.005659,0.000171
BA,1,40,4,0.017131,0.016889,0.000167
KCU,1,40,3,0.005524,0.005165,0.000165
BA,1,40,3,0.009953,0.009776,0.000124
KCU,1,40,1,0.00214,0.001991,8.1e-05
BA,1,40,3,0.009717,0.009539,0.000126
KCU,1,40,1,0.002073,0.001907,8e-05
BA,1,40,4,0.016537,0.016289,0.000166
KCU,1,40,3,0.005193,0.004816,0.000169
BA,1,40,2,0.004314,0.004201,8.4e-05
KCU,1,40,1,0.002164,0.001994,8.2e-05
BA,1,60,4,0.015431,0.015186,0.000168
KCU,1,60,3,0.006743,0.006364,0.000167
BA,1,60,4,0.01664,0.016385,0.000167
KCU,1,60,3,0.006194,0.005813,0.00017
BA,1,60,3,0.008942,0.008764,0.000125
KCU,1,60,1,0.002275,0.002125,8.1e-05
BA,1,60,4,0.016917,0.016676,0.000165
KCU,1,60,3,0.006559,0.006207,0.000166
BA,1,60,2,0.004498,0.004386,8.2e-05
KCU,1,60,1,0.002286,0.002135,8.2e-05
BA,1,60,2,0.004199,0.004087,8.3e-05
KCU,1,60,1,0.002296,0.002147,8.2e-05
BA,1,60,2,0.004691,0.00458,8.2e-05
KCU,1,60,1,0.002262,0.002114,8e-05
BA,1,60,3,0.009143,0.008958,0.000132
KCU,1,60,1,0.002025,0.001857,8.1e-05
BA,1,60,2,0.00442,0.004295,8.9e-05
KCU,1,60,1,0.002158,0.001988,8.2e-05
BA,1,60,3,0.009682,0.009503,0.000125
KCU,1,60,1,0.002329,0.002148,8.2e-05
BA,1,60,4,0.016252,0.016009,0.000166
KCU,1,60,3,0.005841,0.005459,0.000169
BA,1,60,3,0.008064,0.007887,0.000124
KCU,1,60,1,0.002337,0.002168,8.2e-05
BA,1,60,4,0.015214,0.014969,0.000166
KCU,1,60,3,0.005931,0.005569,0.000166
BA,1,60,2,0.004115,0.004002,8.4e-05
KCU,1,60,1,0.002314,0.002143,8.3e-05
BA,1,60,3,0.009027,0.008849,0.000125
KCU,1,60,2,0.003479,0.003208,0.000125
BA,1,60,2,0.004695,0.004581,8.4e-05
KCU,1,60,1,0.002178,0.002001,9e-05
BA,1,60,3,0.009453,0.009266,0.000135
KCU,1,60,2,0.00388,0.0036,0.000125
BA,1,60,4,0.017276,0.017033,0.000165
KCU,1,60,3,0.006116,0.005735,0.000169
BA,1,60,3,0.009549,0.009353,0.000142
KCU,1,60,2,0.003568,0.003299,0.000123
BA,1,60,3,0.00923,0.009052,0.000125
KCU,1,60,1,0.002294,0.002124,8.2e-05
BA,1,60,3,0.010161,0.009982,0.000126
KCU,1,60,2,0.003732,0.003461,0.000126
BA,1,60,2,0.004324,0.00421,8.5e-05
KCU,1,60,1,0.002311,0.002143,8e-05
BA,1,60,3,0.009464,0.009277,0.000134
KCU,1,60,1,0.002359,0.002191,8.1e-05
BA,1,60,4,0.016397,0.01615,0.000169
KCU,1,60,3,0.006763,0.00639,0.000167
BA,1,60,4,0.017012,0.016769,0.000164
KCU,1,60,3,0.006095,0.005718,0.000171
BA,1,60,4,0.017331,0.017086,0.000169
KCU,1,60,3,0.005618,0.005246,0.000169
BA,1,60,3,0.009924,0.009741,0.000124
KCU,1,60,1,0.002192,0.002025,8.1e-05
BA,1,60,3,0.009749,0.00957,0.000125
KCU,1,60,1,0.002131,0.001955,8.8e-05
BA,1,60,4,0.016649,0.016406,0.000166
KCU,1,60,3,0.005227,0.004875,0.000168
BA,1,60,2,0.00435,0.004234,8.2e-05
KCU,1,60,1,0.002197,0.002027,8.2e-05
BA,1,80,4,0.01546,0.015218,0.000165
KCU,1,80,3,0.006625,0.006245,0.000175
BA,1,80,4,0.01657,0.016324,0.000168
KCU,1,80,3,0.006267,0.005892,0.00017
BA,1,80,3,0.008972,0.008794,0.000125
KCU,1,80,1,0.002315,0.002144,8.1e-05
BA,1,80,4,0.016974,0.016729,0.000167
KCU,1,80,3,0.006641,0.006266,0.00017
BA,1,80,2,0.004384,0.004272,8.2e-05
KCU,1,80,1,0.002284,0.002115,8.3e-05
BA,1,80,2,0.004183,0.004063,8.2e-05
KCU,1,80,1,0.002349,0.002181,8e-05
BA,1,80,2,0.004726,0.004613,8.4e-05
KCU,1,80,1,0.00228,0.002111,8.1e-05
BA,1,80,3,0.009078,0.0089,0.000126
KCU,1,80,1,0.002009,0.001859,8e-05
BA,1,80,2,0.00438,0.004267,8.2e-05
KCU,1,80,1,0.002132,0.001964,8.1e-05
BA,1,80,3,0.009652,0.009469,0.000127
KCU,1,80,1,0.002343,0.002173,8.2e-05
BA,1,80,4,0.016137,0.015892,0.000167
KCU,1,80,3,0.005818,0.005441,0.000171
BA,1,80,3,0.008073,0.00789,0.00013
KCU,1,80,1,0.002323,0.002173,8.1e-05
BA,1,80,4,0.015205,0.014956,0.000168
KCU,1,80,3,0.005916,0.005538,0.000176
BA,1,80,2,0.00414,0.004026,8.4e-05
KCU,1,80,1,0.002342,0.002186,8.8e-05
BA,1,80,3,0.009084,0.00889,0.000141
KCU,1,80,2,0.003477,0.003204,0.000125
BA,1,80,2,0.004674,0.004562,8.4e-05
KCU,1,80,1,0.002218,0.002046,8.3e-05
BA,1,80,3,0.009442,0.009264,0.000126
KCU,1,80,2,0.003865,0.003591,0.000127
BA,1,80,4,0.017269,0.017008,0.000176
KCU,1,80,3,0.006155,0.005778,0.000173
BA,1,80,3,0.009636,0.009445,0.000131
KCU,1,80,2,0.003584,0.003306,0.000124
BA,1,80,3,0.009255,0.009077,0.000124
KCU,1,80,1,0.002317,0.002139,8.3e-05
BA,1,80,3,0.010147,0.00997,0.000124
KCU,1,80,2,0.003758,0.003486,0.000125
BA,1,80,2,0.004329,0.004216,8.4e-05
KCU,1,80,1,0.00231,0.00214,8.2e-05
BA,1,80,3,0.009442,0.009265,0.000125
KCU,1,80,1,0.002344,0.002194,8.2e-05
BA,1,80,4,0.016284,0.01604,0.000168
KCU,1,80,3,0.006302,0.005949,0.000169
BA,1,80,4,0.016974,0.016725,0.000167
KCU,1,80,3,0.006077,0.005696,0.000171
BA,1,80,4,0.017237,0.016989,0.000171
KCU,1,80,3,0.005549,0.005174,0.00017
BA,1,80,3,0.009907,0.009727,0.000126
KCU,1,80,1,0.002158,0.00199,8.1e-05
BA,1,80,3,0.010065,0.009882,0.000126
KCU,1,80,1,0.00213,0.001979,8.2e-05
BA,1,80,4,0.016671,0.016425,0.000167
KCU,1,80,3,0.005244,0.004888,0.000169
BA,1,80,2,0.004322,0.004199,8.2e-05
KCU,1,80,1,0.002179,0.002009,8.1e-05
BA,1,100,4,0.01556,0.015309,0.000165
KCU,1,100,3,0.006536,0.006152,0.00017
BA,1,100,4,0.016641,0.016398,0.000166
KCU,1,100,3,0.006186,0.005804,0.000172
BA,1,100,3,0.008979,0.008803,0.000123
KCU,1,100,1,0.002318,0.00215,8e-05
BA,1,100,4,0.017033,0.01679,0.000166
KCU,1,100,3,0.006564,0.006182,0.000177
BA,1,100,2,0.004371,0.004255,8.7e-05
KCU,1,100,1,0.002279,0.002128,8.2e-05
BA,1,100,2,0.004181,0.004056,9.6e-05
KCU,1,100,1,0.002335,0.002185,8e-05
BA,1,100,2,0.004699,0.004582,8.2e-05
KCU,1,100,1,0.002341,0.002166,8.9e-05
BA,1,100,3,0.009112,0.008933,0.000126
KCU,1,100,1,0.002028,0.001858,8.2e-05
BA,1,100,2,0.004395,0.004282,8.3e-05
KCU,1,100,1,0.002141,0.001975,8e-05
BA,1,100,3,0.009682,0.009504,0.000125
KCU,1,100,1,0.002395,0.002221,8.6e-05
BA,1,100,4,0.016164,0.015915,0.000165
KCU,1,100,3,0.005798,0.005423,0.000167
BA,1,100,3,0.008045,0.007867,0.000124
KCU,1,100,1,0.002349,0.00219,8.2e-05
BA,1,100,4,0.015201,0.014944,0.000181
KCU,1,100,3,0.005908,0.005534,0.00017
BA,1,100,2,0.004099,0.003986,8.3e-05
KCU,1,100,1,0.002354,0.002179,8.2e-05
BA,1,100,3,0.009042,0.008864,0.000126
KCU,1,100,2,0.003493,0.003214,0.000133
BA,1,100,2,0.0047,0.004586,8.5e-05
KCU,1,100,1,0.002189,0.00202,8.2e-05
BA,1,100,3,0.009381,0.009203,0.000125
KCU,1,100,2,0.003873,0.003616,0.000128
BA,1,100,4,0.017226,0.016984,0.000166
KCU,1,100,3,0.006083,0.005702,0.000173
BA,1,100,3,0.009597,0.009411,0.000128
KCU,1,100,2,0.003567,0.003296,0.000124
BA,1,100,3,0.009256,0.009072,0.000126
KCU,1,100,1,0.002294,0.002141,8.4e-05
BA,1,100,3,0.010179,0.009991,0.000135
KCU,1,100,2,0.003731,0.00345,0.000135
BA,1,100,2,0.004326,0.004211,8.5e-05
KCU,1,100,1,0.002302,0.002134,8.1e-05
BA,1,100,3,0.009495,0.009317,0.000126
KCU,1,100,1,0.002394,0.002224,8.2e-05
BA,1,100,4,0.0163,0.016054,0.000167
KCU,1,100,3,0.006288,0.005912,0.000171
BA,1,100,4,0.017026,0.01678,0.000168
KCU,1,100,3,0.006044,0.005661,0.000176
BA,1,100,4,0.017234,0.016965,0.000185
KCU,1,100,3,0.005572,0.005213,0.000172
BA,1,100,3,0.009846,0.009662,0.000125
KCU,1,100,1,0.002178,0.002008,8.2e-05
BA,1,100,3,0.009806,0.009622,0.000125
KCU,1,100,1,0.002089,0.00192,8.1e-05
BA,1,100,4,0.016755,0.016502,0.000177
KCU,1,100,3,0.00517,0.004791,0.000169
BA,1,100,2,0.004627,0.004512,8.5e-05
KCU,1,100,1,0.00217,0.002,8.1e-05
BA,11,0,12,0.180779,0.17333,0.00664
KCU,11,0,1,0.006062,0.00384,0.001196
BA,11,0,10,0.118883,0.113105,0.005545
KCU,11,0,1,0.006026,0.003763,0.001205
BA,11,0,3,0.011088,0.009381,0.001653
KCU,11,0,1,0.005777,0.003176,0.001199
BA,11,0,12,0.198408,0.191379,0.006746
KCU,11,0,1,0.006505,0.003938,0.001192
BA,11,0,2,0.005589,0.004453,0.001106
KCU,11,0,1,0.005762,0.003174,0.00121
BA,11,0,2,0.005344,0.004205,0.00111
KCU,11,0,1,0.005698,0.003215,0.001211
BA,11,0,2,0.005724,0.004587,0.001107
KCU,11,0,1,0.005463,0.003275,0.001136
BA,11,0,4,0.018918,0.016463,0.002378
KCU,11,0,2,0.008697,0.004829,0.001868
BA,11,0,2,0.005592,0.004451,0.001111
KCU,11,0,1,0.005674,0.00306,0.001216
BA,11,0,3,0.011627,0.009898,0.001675
KCU,11,0,1,0.0058,0.003198,0.001209
BA,11,0,10,0.125326,0.119191,0.005897
KCU,11,0,1,0.006248,0.003656,0.001209
BA,11,0,4,0.016779,0.014483,0.002218
KCU,11,0,2,0.009363,0.005168,0.001865
BA,11,0,9,0.085764,0.080551,0.00501
KCU,11,0,1,0.006253,0.003656,0.001208
BA,11,0,2,0.005331,0.004191,0.001109
KCU,11,0,1,0.005477,0.003217,0.001215
BA,11,0,17,0.452168,0.441918,0.009814
KCU,11,0,2,0.010518,0.006653,0.001869
BA,11,0,2,0.005802,0.004501,0.001271
KCU,11,0,1,0.005319,0.00293,0.001198
BA,11,0,10,0.121389,0.115584,0.005561
KCU,11,0,1,0.006375,0.003758,0.001219
BA,11,0,10,0.124761,0.118989,0.005542
KCU,11,0,1,0.005983,0.003736,0.001211
BA,11,0,10,0.125033,0.119272,0.005538
KCU,11,0,1,0.005958,0.003713,0.001204
BA,11,0,4,0.018831,0.016362,0.002376
KCU,11,0,2,0.009085,0.005233,0.001857
BA,11,0,12,0.20058,0.193473,0.00681
KCU,11,0,1,0.00634,0.003761,0.001204
BA,11,0,2,0.005543,0.004419,0.001094
KCU,11,0,1,0.005788,0.003194,0.001215
BA,11,0,3,0.011516,0.009788,0.001673
KCU,11,0,1,0.005499,0.003095,0.001216
BA,11,0,8,0.074234,0.069607,0.004443
KCU,11,0,1,0.005894,0.00366,0.001201
BA,11,0,13,0.25084,0.243137,0.00739
KCU,11,0,1,0.00627,0.00361,0.001209
BA,11,0,15,0.358464,0.349459,0.00864
KCU,11,0,2,0.010684,0.006566,0.001788
BA,11,0,3,0.012179,0.010474,0.001651
KCU,11,0,1,0.005557,0.003106,0.001209
BA,11,0,4,0.019923,0.017468,0.002376
KCU,11,0,2,0.009041,0.004862,0.001855
BA,11,0,13,0.237649,0.229962,0.007387
KCU,11,0,1,0.006201,0.003942,0.001206
BA,11,0,4,0.018294,0.015837,0.002378
KCU,11,0,3,0.012646,0.006526,0.002686
BA,11,20,12,0.174943,0.167842,0.00682
KCU,11,20,1,0.00609,0.003854,0.001202
BA,11,20,10,0.118172,0.112257,0.005518
KCU,11,20,1,0.006103,0.003676,0.001209
BA,11,20,3,0.011101,0.009382,0.001666
KCU,11,20,1,0.005783,0.003194,0.001204
BA,11,20,12,0.19812,0.191179,0.006662
KCU,11,20,1,0.006171,0.003932,0.001197
BA,11,20,2,0.005592,0.004454,0.001109
KCU,11,20,1,0.005725,0.003488,0.001202
BA,11,20,2,0.005504,0.0042,0.001275
KCU,11,20,1,0.005812,0.003252,0.001181
BA,11,20,2,0.005734,0.00459,0.001114
KCU,11,20,1,0.005461,0.003193,0.001216
BA,11,20,4,0.018948,0.016486,0.002376
KCU,11,20,2,0.008652,0.004804,0.001868
BA,11,20,2,0.005597,0.004463,0.001105
KCU,11,20,1,0.00542,0.003176,0.001206
BA,11,20,3,0.011543,0.009827,0.001659
KCU,11,20,1,0.00549,0.003253,0.001203
BA,11,20,10,0.12616,0.120361,0.005569
KCU,11,20,1,0.006272,0.003664,0.001209
BA,11,20,4,0.016768,0.014286,0.002405
KCU,11,20,2,0.009061,0.005192,0.00187
BA,11,20,9,0.086479,0.080849,0.00541
KCU,11,20,1,0.005946,0.003519,0.001218
BA,11,20,2,0.005358,0.004215,0.001113
KCU,11,20,1,0.005482,0.00322,0.001218
BA,11,20,17,0.453158,0.442732,0.010002
KCU,11,20,2,0.010483,0.006596,0.001863
BA,11,20,2,0.005815,0.004668,0.001117
KCU,11,20,1,0.00533,0.003069,0.001221
BA,11,20,10,0.121006,0.11505,0.005721
KCU,11,20,1,0.006388,0.00377,0.001218
BA,11,20,10,0.124798,0.118836,0.005725
KCU,11,20,1,0.005968,0.003712,0.00122
BA,11,20,10,0.12482,0.119068,0.00552
KCU,11,20,1,0.005946,0.003679,0.001219
BA,11,20,4,0.018577,0.016267,0.002232
KCU,11,20,2,0.009137,0.005239,0.001882
BA,11,20,12,0.200099,0.192967,0.006684
KCU,11,20,1,0.006347,0.003759,0.001205
BA,11,20,2,0.005576,0.004274,0.001265
KCU,11,20,1,0.005694,0.003421,0.001218
BA,11,20,3,0.011368,0.009646,0.001666
KCU,11,20,1,0.00563,0.003365,0.001218
BA,11,20,8,0.074346,0.069562,0.004608
KCU,11,20,1,0.006261,0.003505,0.00121
BA,11,20,13,0.249379,0.241644,0.007429
KCU,11,20,1,0.005902,0.00366,0.001208
BA,11,20,15,0.359924,0.350905,0.008662
KCU,11,20,2,0.010305,0.006344,0.001841
BA,11,20,3,0.012091,0.010386,0.001651
KCU,11,20,1,0.005299,0.003082,0.001189
BA,11,20,4,0.020189,0.01789,0.002221
KCU,11,20,2,0.009009,0.004824,0.001854
BA,11,20,13,0.238996,0.231289,0.007399
KCU,11,20,1,0.006505,0.003903,0.001208
BA,11,20,4,0.018364,0.01605,0.002221
KCU,11,20,3,0.012159,0.006359,0.002546
BA,11,40,12,0.175623,0.168624,0.006716
KCU,11,40,1,0.006432,0.003851,0.001211
BA,11,40,10,0.118657,0.112864,0.005561
KCU,11,40,1,0.006292,0.003684,0.001213
BA,11,40,3,0.011345,0.009613,0.00167
KCU,11,40,1,0.005788,0.003207,0.001198
BA,11,40,12,0.199231,0.192055,0.006889
KCU,11,40,1,0.006646,0.003927,0.001338
BA,11,40,2,0.005831,0.004702,0.001099
KCU,11,40,1,0.00542,0.003025,0.001207
BA,11,40,2,0.005343,0.004195,0.001117
KCU,11,40,1,0.005828,0.003253,0.001188
BA,11,40,2,0.005725,0.004578,0.001116
KCU,11,40,1,0.005483,0.003218,0.001214
BA,11,40,4,0.018962,0.016663,0.002215
KCU,11,40,2,0.009209,0.004838,0.002022
BA,11,40,2,0.005572,0.004443,0.001098
KCU,11,40,1,0.005659,0.002909,0.00122
BA,11,40,3,0.011589,0.009866,0.001668
KCU,11,40,1,0.005475,0.003224,0.001185
BA,11,40,10,0.125974,0.120178,0.005562
KCU,11,40,1,0.005921,0.003688,0.001189
BA,11,40,4,0.016774,0.014481,0.002216
KCU,11,40,2,0.009333,0.005231,0.001796
BA,11,40,9,0.08558,0.080232,0.005144
KCU,11,40,1,0.006287,0.003738,0.00116
BA,11,40,2,0.005346,0.004045,0.001272
KCU,11,40,1,0.005823,0.003228,0.001213
BA,11,40,17,0.451756,0.44149,0.009833
KCU,11,40,2,0.010552,0.006689,0.001939
BA,11,40,2,0.005843,0.004699,0.00111
KCU,11,40,1,0.00555,0.00309,0.001215
BA,11,40,10,0.121489,0.115491,0.005772
KCU,11,40,1,0.006375,0.003602,0.001216
BA,11,40,10,0.125509,0.118848,0.005739
KCU,11,40,1,0.006268,0.003689,0.001203
BA,11,40,10,0.125407,0.119628,0.005547
KCU,11,40,1,0.005934,0.00353,0.001213
BA,11,40,4,0.018636,0.016361,0.002197
KCU,11,40,2,0.009222,0.005262,0.001964
BA,11,40,12,0.200289,0.192837,0.007169
KCU,11,40,1,0.00634,0.003758,0.001213
BA,11,40,2,0.005575,0.004431,0.001115
KCU,11,40,1,0.005439,0.0032,0.001202
BA,11,40,3,0.011334,0.009609,0.001663
KCU,11,40,1,0.005828,0.003334,0.001132
BA,11,40,8,0.074166,0.069553,0.004436
KCU,11,40,1,0.005892,0.003649,0.001207
BA,11,40,13,0.248648,0.240629,0.007695
KCU,11,40,1,0.006241,0.003675,0.001313
BA,11,40,15,0.357047,0.348221,0.008468
KCU,11,40,2,0.010366,0.006356,0.001854
BA,11,40,3,0.011921,0.010222,0.001645
KCU,11,40,1,0.005343,0.003085,0.001212
BA,11,40,4,0.02004,0.017738,0.002224
KCU,11,40,2,0.009181,0.004681,0.002019
BA,11,40,13,0.240002,0.232303,0.007393
KCU,11,40,1,0.006479,0.003867,0.001218
BA,11,40,4,0.018276,0.015976,0.002221
KCU,11,40,3,0.012432,0.006474,0.002502
BA,11,60,12,0.175903,0.168758,0.006865
KCU,11,60,1,0.006468,0.003856,0.001212
BA,11,60,10,0.118543,0.112586,0.00573
KCU,11,60,1,0.006269,0.003664,0.001214
BA,11,60,3,0.011135,0.009412,0.001669
KCU,11,60,1,0.00548,0.003222,0.001211
BA,11,60,12,0.199909,0.192963,0.006668
KCU,11,60,1,0.006542,0.003955,0.001208
BA,11,60,2,0.005579,0.004431,0.001114
KCU,11,60,1,0.005441,0.003046,0.001202
BA,11,60,2,0.005347,0.004209,0.001108
KCU,11,60,1,0.005481,0.003235,0.001207
BA,11,60,2,0.00577,0.004622,0.001118
KCU,11,60,1,0.005426,0.003119,0.001199
BA,11,60,4,0.018986,0.016516,0.002388
KCU,11,60,2,0.008895,0.004784,0.001867
BA,11,60,2,0.005589,0.004433,0.001119
KCU,11,60,1,0.005313,0.003036,0.001217
BA,11,60,3,0.011553,0.009823,0.001675
KCU,11,60,1,0.005809,0.003162,0.001198
BA,11,60,10,0.125754,0.119962,0.005561
KCU,11,60,1,0.005915,0.003654,0.001212
BA,11,60,4,0.016749,0.014434,0.002238
KCU,11,60,2,0.009366,0.005153,0.00187
BA,11,60,9,0.085503,0.080141,0.005155
KCU,11,60,1,0.006272,0.003674,0.001208
BA,11,60,2,0.005459,0.00432,0.001107
KCU,11,60,1,0.005826,0.003232,0.001209
BA,11,60,17,0.454147,0.444058,0.009503
KCU,11,60,2,0.010864,0.006695,0.001859
BA,11,60,2,0.005796,0.004651,0.001116
KCU,11,60,1,0.005675,0.003098,0.001214
BA,11,60,10,0.121313,0.115331,0.005743
KCU,11,60,1,0.006364,0.003765,0.001212
BA,11,60,10,0.125069,0.119327,0.005512
KCU,11,60,1,0.005936,0.003677,0.001291
BA,11,60,10,0.124424,0.118643,0.005551
KCU,11,60,1,0.006289,0.003694,0.001217
BA,11,60,4,0.018654,0.016349,0.002224
KCU,11,60,2,0.009128,0.005279,0.001864
BA,11,60,12,0.200118,0.192823,0.007012
KCU,11,60,1,0.006311,0.003735,0.001208
BA,11,60,2,0.005588,0.004458,0.0011
KCU,11,60,1,0.005804,0.003214,0.001213
BA,11,60,3,0.011323,0.009607,0.001663
KCU,11,60,1,0.005524,0.003108,0.001215
BA,11,60,8,0.074145,0.06952,0.004449
KCU,11,60,1,0.005919,0.003671,0.001209
BA,11,60,13,0.248457,0.240764,0.007381
KCU,11,60,1,0.006253,0.003656,0.001211
BA,11,60,15,0.357971,0.349163,0.00845
KCU,11,60,2,0.010359,0.006376,0.001852
BA,11,60,3,0.012188,0.01046,0.001666
KCU,11,60,1,0.005337,0.00292,0.00121
BA,11,60,4,0.019935,0.017653,0.002202
KCU,11,60,2,0.045748,0.004858,0.002153
BA,11,60,13,0.238573,0.230747,0.007363
KCU,11,60,1,0.00646,0.003826,0.001213
BA,11,60,4,0.018218,0.01593,0.002209
KCU,11,60,3,0.0124,0.006322,0.002489
BA,11,80,12,0.174808,0.16773,0.006797
KCU,11,80,1,0.006058,0.003818,0.001213
BA,11,80,10,0.118096,0.112308,0.005552
KCU,11,80,1,0.00625,0.003498,0.001201
BA,11,80,3,0.011081,0.009377,0.001648
KCU,11,80,1,0.005789,0.003203,0.001204
BA,11,80,12,0.198706,0.19147,0.006954
KCU,11,80,1,0.006497,0.003916,0.001207
BA,11,80,2,0.00558,0.004436,0.001113
KCU,11,80,1,0.005413,0.003162,0.001209
BA,11,80,2,0.005333,0.004185,0.001113
KCU,11,80,1,0.00584,0.003263,0.001203
BA,11,80,2,0.00574,0.004599,0.00111
KCU,11,80,1,0.00577,0.003102,0.001215
BA,11,80,4,0.018946,0.016637,0.002231
KCU,11,80,2,0.008996,0.004668,0.001858
BA,11,80,2,0.00557,0.00443,0.00111
KCU,11,80,1,0.005637,0.003052,0.001211
BA,11,80,3,0.01165,0.00994,0.001655
KCU,11,80,1,0.005769,0.003193,0.001209
BA,11,80,10,0.125238,0.119452,0.005554
KCU,11,80,1,0.005907,0.003663,0.001212
BA,11,80,4,0.016703,0.014398,0.002229
KCU,11,80,2,0.009032,0.005194,0.001857
BA,11,80,9,0.08554,0.080352,0.004989
KCU,11,80,1,0.006225,0.003664,0.001187
BA,11,80,2,0.005285,0.003999,0.001255
KCU,11,80,1,0.005439,0.003052,0.001198
BA,11,80,17,0.454861,0.444684,0.009753
KCU,11,80,2,0.010588,0.006564,0.001882
BA,11,80,2,0.005819,0.00468,0.001109
KCU,11,80,1,0.005354,0.0031,0.001207
BA,11,80,10,0.122138,0.116338,0.005566
KCU,11,80,1,0.006338,0.003755,0.001213
BA,11,80,10,0.125063,0.119107,0.005728
KCU,11,80,1,0.006201,0.003693,0.001215
BA,11,80,10,0.125196,0.119228,0.005741
KCU,11,80,1,0.005931,0.003519,0.001215
BA,11,80,4,0.018606,0.016318,0.002211
KCU,11,80,2,0.009432,0.005248,0.001864
BA,11,80,12,0.201259,0.194311,0.006664
KCU,11,80,1,0.006356,0.003748,0.00121
BA,11,80,2,0.005572,0.00443,0.001112
KCU,11,80,1,0.005476,0.003224,0.001221
BA,11,80,3,0.0114,0.009684,0.001661
KCU,11,80,1,0.005526,0.00328,0.001212
BA,11,80,8,0.074408,0.069738,0.004486
KCU,11,80,1,0.006262,0.00368,0.001197
BA,11,80,13,0.250704,0.243134,0.00725
KCU,11,80,1,0.005917,0.003754,0.001121
BA,11,80,15,0.359737,0.350862,0.008504
KCU,11,80,2,0.010519,0.006662,0.001874
BA,11,80,3,0.01195,0.010243,0.001653
KCU,11,80,1,0.005775,0.003195,0.001201
BA,11,80,4,0.019982,0.017681,0.002218
KCU,11,80,2,0.009091,0.004708,0.001885
BA,11,80,13,0.239548,0.231358,0.007888
KCU,11,80,1,0.006429,0.003854,0.0012
BA,11,80,4,0.018201,0.015914,0.002207
KCU,11,80,3,0.012095,0.006647,0.002525
BA,11,100,12,0.174875,0.167587,0.006846
KCU,11,100,1,0.006477,0.003882,0.001205
BA,11,100,10,0.11862,0.112682,0.005547
KCU,11,100,1,0.006229,0.003649,0.001207
BA,11,100,3,0.011123,0.009394,0.001673
KCU,11,100,1,0.005418,0.003176,0.001207
BA,11,100,12,0.199205,0.191953,0.006812
KCU,11,100,1,0.006185,0.003929,0.001216
BA,11,100,2,0.005589,0.00445,0.001109
KCU,11,100,1,0.00579,0.003193,0.00121
BA,11,100,2,0.005345,0.004202,0.001112
KCU,11,100,1,0.005801,0.00322,0.001197
BA,11,100,2,0.005706,0.004566,0.001109
KCU,11,100,1,0.005453,0.003199,0.001214
BA,11,100,4,0.019084,0.016796,0.00221
KCU,11,100,2,0.008951,0.004471,0.001847
BA,11,100,2,0.005567,0.004435,0.001102
KCU,11,100,1,0.005325,0.002906,0.001207
BA,11,100,3,0.011542,0.009806,0.00168
KCU,11,100,1,0.005847,0.003241,0.001219
BA,11,100,10,0.125588,0.11978,0.005587
KCU,11,100,1,0.005933,0.003675,0.001215
BA,11,100,4,0.016733,0.014421,0.002225
KCU,11,100,2,0.009396,0.004842,0.001877
BA,11,100,9,0.085246,0.079878,0.005167
KCU,11,100,1,0.005931,0.003615,0.001215
BA,11,100,2,0.005346,0.004205,0.001105
KCU,11,100,1,0.005821,0.003273,0.001183
BA,11,100,17,0.456265,0.445963,0.009859
KCU,11,100,2,0.010777,0.006625,0.001864
BA,11,100,2,0.005787,0.004661,0.001097
KCU,11,100,1,0.005735,0.003113,0.001216
BA,11,100,10,0.121652,0.115858,0.005558
KCU,11,100,1,0.006008,0.003745,0.001218
BA,11,100,10,0.124775,0.118884,0.005493
KCU,11,100,1,0.006011,0.00376,0.001214
BA,11,100,10,0.124863,0.119082,0.005549
KCU,11,100,1,0.005961,0.003697,0.001217
BA,11,100,4,0.018623,0.016311,0.00223
KCU,11,100,2,0.009427,0.004902,0.001877
BA,11,100,12,0.200398,0.193435,0.006675
KCU,11,100,1,0.006,0.003772,0.001191
BA,11,100,2,0.00559,0.004454,0.001106
KCU,11,100,1,0.005769,0.003173,0.001217
BA,11,100,3,0.011388,0.00966,0.001674
KCU,11,100,1,0.00574,0.003259,0.001199
BA,11,100,8,0.074668,0.069856,0.004626
KCU,11,100,1,0.006272,0.003666,0.001215
BA,11,100,13,0.249525,0.241812,0.007238
KCU,11,100,1,0.006297,0.003699,0.00121
BA,11,100,15,0.359205,0.350322,0.008516
KCU,11,100,2,0.010827,0.006661,0.001846
BA,11,100,3,0.012191,0.010465,0.001672
KCU,11,100,1,0.005341,0.003086,0.001215
BA,11,100,4,0.019955,0.017662,0.002214
KCU,11,100,2,0.008702,0.004546,0.001864
BA,11,100,13,0.239089,0.231413,0.007364
KCU,11,100,1,0.006117,0.003881,0.001203
BA,11,100,4,0.018235,0.015943,0.002206
KCU,11,100,3,0.01207,0.006497,0.002517
BA,21,0,11,0.166234,0.147466,0.018504
KCU,21,0,1,0.01288,0.00579,0.003762
BA,21,0,10,0.138032,0.120436,0.017352
KCU,21,0,1,0.012566,0.005546,0.003733
BA,21,0,5,0.03741,0.028353,0.008941
KCU,21,0,3,0.03061,0.011948,0.008599
BA,21,0,11,0.175502,0.155077,0.020156
KCU,21,0,1,0.015339,0.006045,0.004551
BA,21,0,2,0.008537,0.004306,0.004199
KCU,21,0,1,0.012987,0.005385,0.003984
BA,21,0,2,0.008346,0.004078,0.004235
KCU,21,0,1,0.012988,0.005408,0.003994
BA,21,0,2,0.008717,0.004496,0.004182
KCU,21,0,1,0.012989,0.00539,0.004021
BA,21,0,4,0.024315,0.016836,0.007397
KCU,21,0,2,0.022114,0.008546,0.006697
BA,21,0,2,0.008632,0.004936,0.003664
KCU,21,0,1,0.01391,0.005155,0.004029
BA,21,0,3,0.01626,0.010083,0.006121
KCU,21,0,1,0.012974,0.005407,0.003978
BA,21,0,9,0.108884,0.090626,0.017503
KCU,21,0,1,0.013255,0.005721,0.003952
BA,21,0,4,0.023209,0.015785,0.007343
KCU,21,0,2,0.02219,0.009076,0.00617
BA,21,0,8,0.078699,0.063897,0.014612
KCU,21,0,1,0.01339,0.005855,0.003966
BA,21,0,2,0.008306,0.00462,0.003654
KCU,21,0,1,0.013053,0.005381,0.003994
BA,21,0,17,0.498413,0.464623,0.033304
KCU,21,0,1,0.013274,0.005723,0.003993
BA,21,0,3,0.015694,0.009637,0.005999
KCU,21,0,2,0.022853,0.008605,0.006179
BA,21,0,12,0.220137,0.197582,0.022245
KCU,21,0,1,0.014828,0.005979,0.004047
BA,21,0,10,0.14008,0.121319,0.018514
KCU,21,0,1,0.014553,0.005748,0.004003
BA,21,0,11,0.170051,0.149515,0.020267
KCU,21,0,1,0.014528,0.005704,0.004003
BA,21,0,9,0.113001,0.095775,0.017018
KCU,21,0,2,0.022199,0.009057,0.00624
BA,21,0,12,0.216956,0.194461,0.022199
KCU,21,0,1,0.013503,0.005837,0.004024
BA,21,0,2,0.008572,0.004873,0.003667
KCU,21,0,1,0.017308,0.00665,0.00491
BA,21,0,3,0.016587,0.010827,0.0057
KCU,21,0,1,0.0133,0.005479,0.004181
BA,21,0,8,0.088208,0.07331,0.014707
KCU,21,0,1,0.01338,0.005719,0.004024
BA,21,0,14,0.296297,0.269948,0.025972
KCU,21,0,1,0.014479,0.005731,0.004024
BA,21,0,15,0.379433,0.351088,0.027957
KCU,21,0,1,0.014013,0.005848,0.004541
BA,21,0,3,0.016314,0.010749,0.005484
KCU,21,0,1,0.016636,0.006703,0.005465
BA,21,0,4,0.032618,0.023432,0.00909
KCU,21,0,2,0.026789,0.010561,0.0077
BA,21,0,13,0.316336,0.285555,0.030391
KCU,21,0,1,0.016886,0.007433,0.005002
BA,21,0,3,0.019667,0.012745,0.006853
KCU,21,0,2,0.027686,0.010639,0.008035
BA,21,20,11,0.208416,0.182924,0.025165
KCU,21,20,1,0.017555,0.007395,0.005689
BA,21,20,10,0.173656,0.149865,0.022826
KCU,21,20,1,0.017153,0.007103,0.005648
BA,21,20,5,0.04808,0.035924,0.012028
KCU,21,20,3,0.038019,0.014791,0.010713
BA,21,20,11,0.175829,0.155371,0.020204
KCU,21,20,1,0.01352,0.005992,0.00398
BA,21,20,2,0.008564,0.004879,0.003654
KCU,21,20,1,0.01421,0.005388,0.004021
BA,21,20,2,0.008483,0.004699,0.003753
KCU,21,20,1,0.013061,0.005434,0.004034
BA,21,20,2,0.0088,0.005061,0.003709
KCU,21,20,1,0.013006,0.005421,0.003987
BA,21,20,4,0.024161,0.016758,0.007323
KCU,21,20,2,0.021619,0.008601,0.006173
BA,21,20,2,0.008648,0.004936,0.003682
KCU,21,20,1,0.014039,0.005193,0.004001
BA,21,20,3,0.020151,0.013149,0.006934
KCU,21,20,1,0.014266,0.005102,0.003828
BA,21,20,9,0.109578,0.092623,0.01674
KCU,21,20,1,0.013264,0.005698,0.003987
BA,21,20,4,0.023155,0.015714,0.007361
KCU,21,20,2,0.023112,0.009058,0.006129
BA,21,20,8,0.079405,0.064495,0.01473
KCU,21,20,1,0.013306,0.005742,0.004005
BA,21,20,2,0.008374,0.004687,0.003655
KCU,21,20,1,0.012851,0.005274,0.004018
BA,21,20,17,0.498585,0.464112,0.03348
KCU,21,20,1,0.013266,0.005749,0.003955
BA,21,20,3,0.015748,0.010215,0.005476
KCU,21,20,2,0.021528,0.00865,0.006096
BA,21,20,12,0.219622,0.197316,0.022004
KCU,21,20,1,0.013365,0.005792,0.004002
BA,21,20,10,0.140418,0.120095,0.018894
KCU,21,20,1,0.013852,0.005735,0.004504
BA,21,20,11,0.17025,0.149761,0.020197
KCU,21,20,1,0.013342,0.005744,0.004002
BA,21,20,9,0.112825,0.096028,0.016585
KCU,21,20,2,0.023098,0.00917,0.006007
BA,21,20,12,0.216935,0.194132,0.02252
KCU,21,20,1,0.013373,0.005812,0.004013
BA,21,20,2,0.00856,0.004868,0.003647
KCU,21,20,1,0.014267,0.005447,0.004019
BA,21,20,3,0.016271,0.010199,0.006016
KCU,21,20,1,0.013383,0.005477,0.004448
BA,21,20,8,0.088124,0.072705,0.015235
KCU,21,20,1,0.013434,0.005755,0.004042
BA,21,20,14,0.29587,0.268937,0.026591
KCU,21,20,1,0.0135,0.005834,0.004009
BA,21,20,15,0.380271,0.350681,0.02919
KCU,21,20,1,0.014552,0.005839,0.003989
BA,21,20,3,0.016259,0.010187,0.006017
KCU,21,20,1,0.015706,0.006417,0.004939
BA,21,20,4,0.026403,0.018432,0.00788
KCU,21,20,2,0.021847,0.008607,0.006225
BA,21,20,13,0.256229,0.23117,0.024742
KCU,21,20,1,0.014727,0.005949,0.004022
BA,21,20,3,0.015918,0.010319,0.005519
KCU,21,20,2,0.021609,0.00801,0.006212
BA,21,40,11,0.167809,0.147421,0.020134
KCU,21,40,1,0.013628,0.006021,0.004019
BA,21,40,10,0.13983,0.121162,0.018438
KCU,21,40,1,0.01331,0.005847,0.003857
BA,21,40,5,0.038222,0.028871,0.009207
KCU,21,40,3,0.030781,0.012259,0.00839
BA,21,40,11,0.176454,0.155964,0.020213
KCU,21,40,1,0.013603,0.006004,0.00401
BA,21,40,2,0.008534,0.004852,0.00365
KCU,21,40,1,0.013016,0.005337,0.004041
BA,21,40,2,0.008368,0.004649,0.003688
KCU,21,40,1,0.014219,0.005496,0.003963
BA,21,40,2,0.008696,0.005013,0.003651
KCU,21,40,1,0.014084,0.005394,0.00398
BA,21,40,4,0.02439,0.016902,0.007407
KCU,21,40,2,0.02262,0.008904,0.005782
BA,21,40,2,0.008677,0.00495,0.003691
KCU,21,40,1,0.013917,0.005136,0.004024
BA,21,40,3,0.016066,0.010482,0.005528
KCU,21,40,1,0.013108,0.005437,0.004035
BA,21,40,9,0.129357,0.092303,0.016979
KCU,21,40,1,0.014515,0.005737,0.004013
BA,21,40,4,0.023357,0.015906,0.007371
KCU,21,40,2,0.02217,0.00895,0.006072
BA,21,40,8,0.078987,0.064045,0.014745
KCU,21,40,1,0.013409,0.005752,0.004045
BA,21,40,2,0.008344,0.004639,0.003675
KCU,21,40,1,0.013194,0.005395,0.004073
BA,21,40,17,0.498417,0.46525,0.03271
KCU,21,40,1,0.014492,0.005731,0.004019
BA,21,40,3,0.01591,0.010316,0.005537
KCU,21,40,2,0.022679,0.008565,0.006182
BA,21,40,12,0.219933,0.196374,0.023261
KCU,21,40,1,0.0146,0.005824,0.004039
BA,21,40,10,0.139645,0.120987,0.018426
KCU,21,40,1,0.013319,0.005758,0.003983
BA,21,40,11,0.169392,0.148391,0.020727
KCU,21,40,1,0.013324,0.005744,0.003994
BA,21,40,9,0.112654,0.095888,0.016552
KCU,21,40,2,0.022065,0.00903,0.006181
BA,21,40,12,0.267715,0.239306,0.028041
KCU,21,40,1,0.016596,0.007198,0.004974
BA,21,40,2,0.010659,0.006046,0.004574
KCU,21,40,1,0.017536,0.006686,0.004969
BA,21,40,3,0.020635,0.01369,0.006874
KCU,21,40,1,0.017661,0.006755,0.005001
BA,21,40,8,0.109201,0.090795,0.018171
KCU,21,40,1,0.017847,0.006781,0.004956
BA,21,40,14,0.364435,0.330527,0.033469
KCU,21,40,1,0.016595,0.007193,0.005005
BA,21,40,15,0.424038,0.391192,0.032406
KCU,21,40,1,0.013344,0.005827,0.003976
BA,21,40,3,0.016313,0.010754,0.005503
KCU,21,40,1,0.012769,0.005247,0.003985
BA,21,40,4,0.02634,0.018916,0.007331
KCU,21,40,2,0.022744,0.008535,0.006177
BA,21,40,13,0.255866,0.230386,0.025132
KCU,21,40,1,0.013542,0.005966,0.003997
BA,21,40,3,0.015748,0.010194,0.005497
KCU,21,40,2,0.026682,0.01062,0.007632
BA,21,60,11,0.208151,0.182894,0.02493
KCU,21,60,1,0.016764,0.007291,0.004949
BA,21,60,10,0.175097,0.150373,0.024434
KCU,21,60,1,0.017965,0.007153,0.004971
BA,21,60,5,0.047644,0.036065,0.011451
KCU,21,60,3,0.037979,0.014917,0.011045
BA,21,60,11,0.218071,0.192709,0.025025
KCU,21,60,1,0.018881,0.007434,0.005609
BA,21,60,2,0.010707,0.006127,0.004541
KCU,21,60,1,0.016131,0.006844,0.004816
BA,21,60,2,0.010332,0.005731,0.004562
KCU,21,60,1,0.016164,0.006979,0.004757
BA,21,60,2,0.010865,0.006261,0.004567
KCU,21,60,1,0.016154,0.006664,0.004991
BA,21,60,4,0.030158,0.020859,0.009203
KCU,21,60,2,0.028284,0.010124,0.007678
BA,21,60,2,0.010796,0.006161,0.004597
KCU,21,60,1,0.0176,0.006727,0.004962
BA,21,60,3,0.019834,0.011584,0.008175
KCU,21,60,1,0.017411,0.006689,0.005618
BA,21,60,9,0.136215,0.113453,0.021691
KCU,21,60,1,0.017048,0.007163,0.005381
BA,21,60,4,0.028785,0.019624,0.009062
KCU,21,60,2,0.028774,0.011189,0.007652
BA,21,60,8,0.098088,0.078986,0.018886
KCU,21,60,1,0.016518,0.007148,0.004961
BA,21,60,2,0.010324,0.005731,0.004556
KCU,21,60,1,0.01621,0.006687,0.005053
BA,21,60,17,0.620781,0.579261,0.04093
KCU,21,60,1,0.017939,0.00712,0.004979
BA,21,60,3,0.019676,0.012075,0.007532
KCU,21,60,2,0.022294,0.008595,0.00622
BA,21,60,12,0.220433,0.197233,0.022886
KCU,21,60,1,0.013484,0.005894,0.004016
BA,21,60,10,0.139918,0.120637,0.019037
KCU,21,60,1,0.013326,0.005728,0.004005
BA,21,60,11,0.170175,0.14912,0.020789
KCU,21,60,1,0.013356,0.005762,0.003997
BA,21,60,9,0.113285,0.095979,0.017086
KCU,21,60,2,0.022056,0.009036,0.006191
BA,21,60,12,0.217304,0.192641,0.024351
KCU,21,60,1,0.01335,0.005781,0.004001
BA,21,60,2,0.00857,0.004878,0.00366
KCU,21,60,1,0.012922,0.005349,0.00402
BA,21,60,3,0.016323,0.01028,0.005986
KCU,21,60,1,0.013623,0.005456,0.004494
BA,21,60,8,0.10893,0.08982,0.018878
KCU,21,60,1,0.016499,0.007096,0.004952
BA,21,60,14,0.364981,0.33168,0.032872
KCU,21,60,1,0.016444,0.007157,0.004922
BA,21,60,15,0.467831,0.431804,0.035578
KCU,21,60,1,0.016545,0.007202,0.004945
BA,21,60,3,0.020209,0.012666,0.007477
KCU,21,60,1,0.015738,0.006377,0.004958
BA,21,60,4,0.032801,0.023624,0.009082
KCU,21,60,2,0.028035,0.010589,0.008295
BA,21,60,13,0.315088,0.284269,0.030429
KCU,21,60,1,0.017131,0.007365,0.005384
BA,21,60,3,0.019514,0.012627,0.006819
KCU,21,60,2,0.028817,0.010839,0.008151
BA,21,80,11,0.208006,0.182552,0.025113
KCU,21,80,1,0.016645,0.007318,0.00494
BA,21,80,10,0.1737,0.150584,0.02279
KCU,21,80,1,0.016499,0.007126,0.004969
BA,21,80,5,0.047543,0.035394,0.012019
KCU,21,80,3,0.039664,0.01483,0.010994
BA,21,80,11,0.212145,0.187193,0.024634
KCU,21,80,1,0.014829,0.006173,0.003868
BA,21,80,2,0.008579,0.004868,0.003679
KCU,21,80,1,0.013094,0.00534,0.004039
BA,21,80,2,0.008353,0.004649,0.003651
KCU,21,80,1,0.012689,0.005318,0.003913
BA,21,80,2,0.008683,0.004453,0.004198
KCU,21,80,1,0.013033,0.005402,0.004016
BA,21,80,4,0.024262,0.016772,0.007406
KCU,21,80,2,0.022813,0.008726,0.006094
BA,21,80,2,0.008629,0.004939,0.003658
KCU,21,80,1,0.01282,0.005165,0.004037
BA,21,80,3,0.016152,0.010576,0.005515
KCU,21,80,1,0.01409,0.005395,0.004014
BA,21,80,9,0.109999,0.092586,0.017206
KCU,21,80,1,0.013328,0.005709,0.004032
BA,21,80,4,0.023613,0.015675,0.007839
KCU,21,80,2,0.022684,0.009239,0.006589
BA,21,80,8,0.079044,0.064187,0.014676
KCU,21,80,1,0.013368,0.005763,0.004006
BA,21,80,2,0.008351,0.004082,0.004223
KCU,21,80,1,0.014155,0.005338,0.004001
BA,21,80,17,0.500592,0.467904,0.032229
KCU,21,80,1,0.014566,0.006002,0.003853
BA,21,80,3,0.015931,0.010373,0.0055
KCU,21,80,2,0.027816,0.010811,0.007689
BA,21,80,12,0.220892,0.198255,0.022341
KCU,21,80,1,0.014651,0.00587,0.004012
BA,21,80,10,0.139767,0.121198,0.018318
KCU,21,80,1,0.013386,0.005987,0.00375
BA,21,80,11,0.170423,0.149284,0.020858
KCU,21,80,1,0.013949,0.00578,0.004573
BA,21,80,9,0.11299,0.09572,0.017064
KCU,21,80,2,0.022623,0.009043,0.006202
BA,21,80,12,0.217307,0.194781,0.022219
KCU,21,80,1,0.014539,0.005818,0.004003
BA,21,80,2,0.008593,0.004866,0.003693
KCU,21,80,1,0.014109,0.005396,0.004004
BA,21,80,3,0.016589,0.010953,0.005579
KCU,21,80,1,0.014648,0.005491,0.004473
BA,21,80,8,0.088237,0.073276,0.014778
KCU,21,80,1,0.013305,0.005744,0.003993
BA,21,80,14,0.365858,0.333321,0.032087
KCU,21,80,1,0.016506,0.007094,0.004966
BA,21,80,15,0.467451,0.431806,0.035171
KCU,21,80,1,0.016548,0.007213,0.004942
BA,21,80,3,0.020224,0.013325,0.006833
KCU,21,80,1,0.015979,0.006473,0.004972
BA,21,80,4,0.032766,0.023512,0.009158
KCU,21,80,2,0.026764,0.010548,0.00769
BA,21,80,13,0.316978,0.286592,0.029987
KCU,21,80,1,0.01671,0.007273,0.004985
BA,21,80,3,0.019582,0.012708,0.006806
KCU,21,80,2,0.02827,0.010659,0.00771
BA,21,100,11,0.208637,0.182552,0.025769
KCU,21,100,1,0.016625,0.007478,0.004736
BA,21,100,10,0.173451,0.149761,0.023402
KCU,21,100,1,0.016492,0.007102,0.004961
BA,21,100,5,0.04741,0.035856,0.011412
KCU,21,100,3,0.032335,0.012057,0.008851
BA,21,100,11,0.175892,0.155382,0.020249
KCU,21,100,1,0.013686,0.006035,0.004027
BA,21,100,2,0.008549,0.004871,0.003648
KCU,21,100,1,0.012989,0.00535,0.004003
BA,21,100,2,0.008349,0.004636,0.003681
KCU,21,100,1,0.012953,0.005384,0.003987
BA,21,100,2,0.008691,0.004468,0.004189
KCU,21,100,1,0.014109,0.005399,0.003979
BA,21,100,4,0.024419,0.017008,0.007331
KCU,21,100,2,0.02278,0.008602,0.006163
BA,21,100,2,0.008573,0.004884,0.003657
KCU,21,100,1,0.012756,0.005173,0.003993
BA,21,100,3,0.016024,0.009915,0.006051
KCU,21,100,1,0.012996,0.005404,0.004009
BA,21,100,9,0.109061,0.091173,0.017637
KCU,21,100,1,0.013328,0.005791,0.003997
BA,21,100,4,0.023082,0.015154,0.007847
KCU,21,100,2,0.023085,0.008981,0.006165
BA,21,100,8,0.078634,0.063265,0.015165
KCU,21,100,1,0.014454,0.005725,0.004008
BA,21,100,2,0.008377,0.004653,0.003691
KCU,21,100,1,0.012829,0.005296,0.003968
BA,21,100,17,0.499535,0.46735,0.031728
KCU,21,100,1,0.01331,0.005712,0.00402
BA,21,100,3,0.015834,0.0097,0.006075
KCU,21,100,2,0.022715,0.008551,0.006744
BA,21,100,12,0.218799,0.19613,0.022379
KCU,21,100,1,0.014498,0.005841,0.003965
BA,21,100,10,0.139736,0.120162,0.019335
KCU,21,100,1,0.014408,0.005736,0.003987
BA,21,100,11,0.18408,0.150522,0.020481
KCU,21,100,1,0.014519,0.005762,0.004011
BA,21,100,9,0.11301,0.096308,0.016486
KCU,21,100,2,0.022764,0.00902,0.006185
BA,21,100,12,0.217273,0.194862,0.022115
KCU,21,100,1,0.013429,0.005861,0.003958
BA,21,100,2,0.008706,0.005003,0.003671
KCU,21,100,1,0.012866,0.005325,0.00399
BA,21,100,3,0.016461,0.010879,0.005523
KCU,21,100,1,0.014196,0.005663,0.003785
BA,21,100,8,0.088103,0.073168,0.014735
KCU,21,100,1,0.0133,0.005716,0.003997
BA,21,100,14,0.295465,0.269261,0.02584
KCU,21,100,1,0.01325,0.005702,0.003979
BA,21,100,15,0.379696,0.34901,0.030298
KCU,21,100,1,0.013421,0.005836,0.004018
BA,21,100,3,0.01629,0.01075,0.005486
KCU,21,100,1,0.013301,0.005159,0.004552
BA,21,100,4,0.026452,0.019009,0.00736
KCU,21,100,2,0.022968,0.00866,0.006254
BA,21,100,13,0.254851,0.229891,0.024651
KCU,21,100,1,0.014066,0.005965,0.004521
BA,21,100,3,0.015837,0.009768,0.006012
KCU,21,100,2,0.021759,0.008723,0.006198
BA,31,0,10,0.167302,0.129559,0.037487
KCU,31,0,1,0.029444,0.010094,0.009339
BA,31,0,10,0.162594,0.12444,0.037887
KCU,31,0,1,0.029402,0.010429,0.008824
BA,31,0,3,0.030131,0.014635,0.01538
KCU,31,0,1,0.03553,0.012807,0.011023
BA,31,0,12,0.302486,0.244438,0.057635
KCU,31,0,1,0.034888,0.012275,0.011163
BA,31,0,2,0.017896,0.007035,0.010815
KCU,31,0,1,0.033857,0.011373,0.011149
BA,31,0,2,0.016247,0.006841,0.009359
KCU,31,0,1,0.033958,0.011538,0.011267
BA,31,0,2,0.0167,0.00584,0.010815
KCU,31,0,1,0.033721,0.011569,0.011214
BA,31,0,4,0.042144,0.023333,0.018702
KCU,31,0,2,0.057288,0.018762,0.017471
BA,31,0,2,0.017869,0.008253,0.009567
KCU,31,0,1,0.03314,0.011309,0.011155
BA,31,0,3,0.030182,0.014648,0.015457
KCU,31,0,1,0.037879,0.01151,0.011388
BA,31,0,12,0.295223,0.23838,0.05644
KCU,31,0,1,0.037936,0.011904,0.010908
BA,31,0,4,0.042011,0.02316,0.018742
KCU,31,0,2,0.057546,0.018921,0.019164
BA,31,0,10,0.187733,0.140101,0.047306
KCU,31,0,1,0.034015,0.012207,0.010921
BA,31,0,2,0.016305,0.006746,0.00951
KCU,31,0,1,0.034126,0.01195,0.010732
BA,31,0,19,1.31568,1.21418,0.099308
KCU,31,0,1,0.080035,0.032755,0.02401
BA,31,0,3,0.061737,0.031118,0.030299
KCU,31,0,2,0.137807,0.052938,0.030133
BA,31,0,12,0.479078,0.356056,0.121429
KCU,31,0,1,0.090008,0.030837,0.022946
BA,31,0,11,0.362134,0.252568,0.10812
KCU,31,0,1,0.076298,0.026984,0.01698
BA,31,0,11,0.351224,0.251272,0.098515
KCU,31,0,1,0.065569,0.027354,0.017892
BA,31,0,6,0.14065,0.07831,0.061652
KCU,31,0,2,0.135158,0.047679,0.032382
BA,31,0,13,0.472457,0.350965,0.119794
KCU,31,0,1,0.070366,0.030181,0.018256
BA,31,0,2,0.033533,0.008679,0.024668
KCU,31,0,1,0.071307,0.029595,0.01967
BA,31,0,3,0.05592,0.027855,0.027702
KCU,31,0,1,0.072598,0.028186,0.021321
BA,31,0,8,0.202302,0.131907,0.069419
KCU,31,0,1,0.072562,0.027499,0.021371
BA,31,0,13,0.454015,0.349866,0.097874
KCU,31,0,1,0.072312,0.028865,0.015263
BA,31,0,15,0.652298,0.506645,0.143596
KCU,31,0,1,0.083603,0.025805,0.021349
BA,31,0,3,0.04597,0.021518,0.024129
KCU,31,0,1,0.072833,0.029911,0.020772
BA,31,0,4,0.079699,0.043059,0.036116
KCU,31,0,2,0.138019,0.052755,0.027392
BA,31,0,12,0.424537,0.312935,0.109701
KCU,31,0,1,0.072129,0.025866,0.018838
BA,31,0,3,0.059508,0.023982,0.035269
KCU,31,0,2,0.127613,0.048623,0.030724
BA,31,20,10,0.331354,0.234948,0.095042
KCU,31,20,1,0.072174,0.029011,0.020156
BA,31,20,10,0.291943,0.196906,0.093719
KCU,31,20,1,0.035255,0.013091,0.011101
BA,31,20,3,0.0294,0.015179,0.014142
KCU,31,20,1,0.033934,0.01153,0.010982
BA,31,20,12,0.305108,0.245969,0.058715
KCU,31,20,1,0.034466,0.012124,0.010951
BA,31,20,2,0.016462,0.005647,0.010768
KCU,31,20,1,0.0354,0.011406,0.012659
BA,31,20,2,0.016156,0.005279,0.010832
KCU,31,20,1,0.038454,0.01143,0.011368
BA,31,20,2,0.016791,0.007322,0.009422
KCU,31,20,1,0.035282,0.011295,0.01258
BA,31,20,4,0.04212,0.023328,0.018687
KCU,31,20,2,0.059047,0.019589,0.018488
BA,31,20,2,0.016413,0.006887,0.009482
KCU,31,20,1,0.028866,0.009759,0.009476
BA,31,20,3,0.023837,0.012358,0.011411
KCU,31,20,1,0.031469,0.009447,0.009245
BA,31,20,12,0.240895,0.193622,0.046933
KCU,31,20,1,0.029076,0.009862,0.009356
BA,31,20,4,0.034037,0.017728,0.0162
KCU,31,20,2,0.049186,0.016074,0.014856
BA,31,20,10,0.152518,0.112966,0.039274
KCU,31,20,1,0.029109,0.009903,0.009616
BA,31,20,2,0.01627,0.005389,0.010828
KCU,31,20,1,0.034497,0.012115,0.011206
BA,31,20,19,0.996164,0.895965,0.09805
KCU,31,20,1,0.031893,0.009885,0.009417
BA,31,20,3,0.024431,0.01193,0.012441
KCU,31,20,2,0.051624,0.016412,0.013972
BA,31,20,12,0.312357,0.254754,0.057195
KCU,31,20,1,0.0378,0.011856,0.011126
BA,31,20,11,0.251919,0.198364,0.053185
KCU,31,20,1,0.037383,0.012037,0.011065
BA,31,20,11,0.250941,0.197457,0.053119
KCU,31,20,1,0.038184,0.011849,0.011266
BA,31,20,6,0.083325,0.055282,0.027874
KCU,31,20,2,0.061226,0.01941,0.017229
BA,31,20,13,0.364671,0.300798,0.063432
KCU,31,20,1,0.034377,0.012169,0.010961
BA,31,20,2,0.016532,0.005693,0.010794
KCU,31,20,1,0.031872,0.010649,0.010307
BA,31,20,3,0.023572,0.011088,0.012424
KCU,31,20,1,0.028416,0.009466,0.009301
BA,31,20,8,0.133656,0.09561,0.037793
KCU,31,20,1,0.03449,0.011974,0.011163
BA,31,20,13,0.37606,0.312457,0.063155
KCU,31,20,1,0.033779,0.011779,0.010999
BA,31,20,15,0.485009,0.411375,0.071734
KCU,31,20,1,0.031789,0.00943,0.008194
BA,31,20,3,0.02926,0.013765,0.01542
KCU,31,20,1,0.03327,0.011817,0.010589
BA,31,20,4,0.045597,0.023994,0.021491
KCU,31,20,2,0.061317,0.019321,0.016679
BA,31,20,12,0.467508,0.352789,0.113157
KCU,31,20,1,0.087853,0.026103,0.020523
BA,31,20,3,0.060195,0.023264,0.036562
KCU,31,20,2,0.130449,0.04829,0.031154
BA,31,40,10,0.290974,0.203887,0.085988
KCU,31,40,1,0.080283,0.022795,0.016887
BA,31,40,10,0.299169,0.205169,0.092675
KCU,31,40,1,0.066679,0.027604,0.018403
BA,31,40,3,0.054304,0.026232,0.027836
KCU,31,40,1,0.072374,0.027811,0.021113
BA,31,40,12,0.411788,0.292514,0.117791
KCU,31,40,1,0.069422,0.029659,0.01811
BA,31,40,2,0.024806,0.00919,0.015487
KCU,31,40,1,0.073692,0.028987,0.021452
BA,31,40,2,0.0289,0.011276,0.017446
KCU,31,40,1,0.07895,0.027653,0.018524
BA,31,40,2,0.030699,0.013166,0.017352
KCU,31,40,1,0.079239,0.027329,0.017614
BA,31,40,4,0.073443,0.032574,0.040467
KCU,31,40,2,0.124322,0.045376,0.031438
BA,31,40,2,0.018571,0.007652,0.010851
KCU,31,40,1,0.071597,0.024847,0.022193
BA,31,40,3,0.049169,0.022706,0.026237
KCU,31,40,1,0.068133,0.024876,0.018476
BA,31,40,12,0.392099,0.281346,0.109262
KCU,31,40,1,0.087131,0.029655,0.020379
BA,31,40,4,0.083385,0.041685,0.041298
KCU,31,40,2,0.128597,0.046557,0.033777
BA,31,40,10,0.288999,0.191276,0.096361
KCU,31,40,1,0.083039,0.028172,0.01916
BA,31,40,2,0.025046,0.007599,0.017323
KCU,31,40,1,0.070999,0.028696,0.018887
BA,31,40,19,1.1025,0.927659,0.172242
KCU,31,40,1,0.066611,0.029818,0.015456
BA,31,40,3,0.053124,0.022008,0.030797
KCU,31,40,2,0.129192,0.046322,0.033555
BA,31,40,12,0.441336,0.331354,0.10851
KCU,31,40,1,0.069531,0.027863,0.019335
BA,31,40,11,0.383927,0.276327,0.106222
KCU,31,40,1,0.0721,0.029548,0.019032
BA,31,40,11,0.394304,0.275516,0.117378
KCU,31,40,1,0.069434,0.02858,0.016951
BA,31,40,6,0.074318,0.046697,0.027303
KCU,31,40,2,0.132283,0.039923,0.036614
BA,31,40,13,0.506039,0.372521,0.131718
KCU,31,40,1,0.085867,0.02999,0.019943
BA,31,40,2,0.033619,0.01382,0.019274
KCU,31,40,1,0.084261,0.029146,0.019938
BA,31,40,3,0.057588,0.027788,0.029533
KCU,31,40,1,0.072297,0.031046,0.021779
BA,31,40,8,0.200218,0.130966,0.068243
KCU,31,40,1,0.069828,0.031591,0.018366
BA,31,40,13,0.489059,0.361661,0.123756
KCU,31,40,1,0.065685,0.02886,0.016488
BA,31,40,15,0.634632,0.507465,0.125401
KCU,31,40,1,0.072424,0.027161,0.02134
BA,31,40,3,0.046974,0.021787,0.024872
KCU,31,40,1,0.073868,0.026226,0.024575
BA,31,40,4,0.072579,0.039444,0.032637
KCU,31,40,2,0.123903,0.045363,0.032368
BA,31,40,12,0.407649,0.290817,0.115283
KCU,31,40,1,0.078669,0.027652,0.017919
BA,31,40,3,0.044155,0.022105,0.021755
KCU,31,40,2,0.135525,0.043908,0.033851
BA,31,60,10,0.283561,0.195801,0.086616
KCU,31,60,1,0.072269,0.028758,0.020458
BA,31,60,10,0.213949,0.156802,0.056429
KCU,31,60,1,0.067258,0.025537,0.022884
BA,31,60,3,0.055336,0.017137,0.037944
KCU,31,60,1,0.079407,0.027062,0.018854
BA,31,60,12,0.410275,0.301496,0.10732
KCU,31,60,1,0.078758,0.030865,0.022211
BA,31,60,2,0.035129,0.013699,0.021247
KCU,31,60,1,0.074312,0.032253,0.022458
BA,31,60,2,0.034763,0.015299,0.01929
KCU,31,60,1,0.085832,0.027162,0.019364
BA,31,60,2,0.030259,0.007319,0.022827
KCU,31,60,1,0.07269,0.028019,0.02027
BA,31,60,4,0.069098,0.03353,0.035198
KCU,31,60,2,0.121361,0.045445,0.03242
BA,31,60,2,0.029539,0.007419,0.02194
KCU,31,60,1,0.078712,0.025901,0.021256
BA,31,60,3,0.054704,0.027967,0.026385
KCU,31,60,1,0.073161,0.02694,0.021907
BA,31,60,12,0.394355,0.2889,0.103875
KCU,31,60,1,0.070379,0.028664,0.018337
BA,31,60,4,0.083866,0.042544,0.04086
KCU,31,60,2,0.13433,0.048126,0.036442
BA,31,60,10,0.311751,0.209887,0.100526
KCU,31,60,1,0.088604,0.032358,0.019641
BA,31,60,2,0.0134,0.004765,0.00857
KCU,31,60,1,0.081142,0.027633,0.017928
BA,31,60,19,1.01774,0.853317,0.162009
KCU,31,60,1,0.083102,0.032021,0.02022
BA,31,60,3,0.056463,0.024625,0.031537
KCU,31,60,2,0.129317,0.043301,0.03417
BA,31,60,12,0.425321,0.307326,0.11617
KCU,31,60,1,0.088738,0.027374,0.022081
BA,31,60,11,0.384351,0.278073,0.105009
KCU,31,60,1,0.075958,0.032408,0.020862
BA,31,60,11,0.393775,0.285614,0.106784
KCU,31,60,1,0.078037,0.026752,0.018386
BA,31,60,6,0.129543,0.07498,0.053885
KCU,31,60,2,0.137198,0.044932,0.030344
BA,31,60,13,0.470204,0.351406,0.117119
KCU,31,60,1,0.070975,0.029212,0.020107
BA,31,60,2,0.032747,0.013673,0.018872
KCU,31,60,1,0.075008,0.028782,0.021315
BA,31,60,3,0.056166,0.023362,0.032416
KCU,31,60,1,0.07007,0.026557,0.020738
BA,31,60,8,0.209592,0.136387,0.072223
KCU,31,60,1,0.070029,0.028451,0.019187
BA,31,60,13,0.452048,0.329801,0.120862
KCU,31,60,1,0.067585,0.029601,0.017408
BA,31,60,15,0.678087,0.521308,0.154851
KCU,31,60,1,0.055463,0.025474,0.01486
BA,31,60,3,0.057364,0.026771,0.030248
KCU,31,60,1,0.066596,0.030062,0.016569
BA,31,60,4,0.071508,0.037859,0.033295
KCU,31,60,2,0.134069,0.041182,0.030529
BA,31,60,12,0.428359,0.30337,0.123442
KCU,31,60,1,0.082008,0.024594,0.020549
BA,31,60,3,0.044877,0.020321,0.024339
KCU,31,60,2,0.123897,0.045645,0.03004
BA,31,80,10,0.297721,0.201912,0.094608
KCU,31,80,1,0.065016,0.027709,0.016028
BA,31,80,10,0.289271,0.192136,0.095891
KCU,31,80,1,0.071137,0.028604,0.020055
BA,31,80,3,0.030559,0.016208,0.014266
KCU,31,80,1,0.037523,0.011311,0.011349
BA,31,80,12,0.304187,0.245805,0.057983
KCU,31,80,1,0.038852,0.012111,0.011366
BA,31,80,2,0.017053,0.007636,0.009372
KCU,31,80,1,0.033948,0.01158,0.011201
BA,31,80,2,0.01717,0.007697,0.009424
KCU,31,80,1,0.033729,0.0114,0.011027
BA,31,80,2,0.01352,0.004789,0.008692
KCU,31,80,1,0.028531,0.009672,0.00925
BA,31,80,4,0.035158,0.019839,0.015222
KCU,31,80,2,0.049101,0.015941,0.015903
BA,31,80,2,0.014726,0.006927,0.007742
KCU,31,80,1,0.027457,0.00961,0.008584
BA,31,80,3,0.02505,0.013534,0.011449
KCU,31,80,1,0.031967,0.010624,0.010604
BA,31,80,12,0.30513,0.238667,0.05838
KCU,31,80,1,0.033925,0.011825,0.011096
BA,31,80,4,0.04214,0.020497,0.021504
KCU,31,80,2,0.063657,0.019017,0.019273
BA,31,80,10,0.187156,0.139708,0.047139
KCU,31,80,1,0.034867,0.012541,0.01146
BA,31,80,2,0.016369,0.006866,0.009458
KCU,31,80,1,0.033853,0.011909,0.01085
BA,31,80,19,0.993121,0.902879,0.089514
KCU,31,80,1,0.028912,0.009884,0.00942
BA,31,80,3,0.023134,0.011757,0.011311
KCU,31,80,2,0.052038,0.015667,0.014423
BA,31,80,12,0.253152,0.206486,0.046312
KCU,31,80,1,0.034756,0.012056,0.011177
BA,31,80,11,0.250876,0.196172,0.054356
KCU,31,80,1,0.034334,0.011966,0.011196
BA,31,80,11,0.250608,0.194179,0.056077
KCU,31,80,1,0.034564,0.012188,0.011289
BA,31,80,6,0.083445,0.055073,0.028197
KCU,31,80,2,0.058082,0.01884,0.01768
BA,31,80,13,0.302208,0.24676,0.055053
KCU,31,80,1,0.028565,0.009885,0.009244
BA,31,80,2,0.013516,0.005848,0.007623
KCU,31,80,1,0.028526,0.009673,0.009297
BA,31,80,3,0.025149,0.013439,0.011638
KCU,31,80,1,0.028546,0.009527,0.009336
BA,31,80,8,0.107702,0.077098,0.03037
KCU,31,80,1,0.028652,0.009658,0.009379
BA,31,80,13,0.304659,0.250806,0.05348
KCU,31,80,1,0.033756,0.011898,0.011083
BA,31,80,15,0.519027,0.442932,0.074166
KCU,31,80,1,0.030388,0.011114,0.010281
BA,31,80,3,0.029315,0.015172,0.014071
KCU,31,80,1,0.034127,0.011194,0.011425
BA,31,80,4,0.044218,0.022736,0.021378
KCU,31,80,2,0.048636,0.015553,0.014699
BA,31,80,12,0.24741,0.199174,0.047881
KCU,31,80,1,0.032271,0.009941,0.009354
BA,31,80,3,0.023161,0.011672,0.011425
KCU,31,80,2,0.052569,0.015743,0.014703
BA,31,100,10,0.168957,0.130655,0.038029
KCU,31,100,1,0.038629,0.012021,0.011072
BA,31,100,10,0.202934,0.154919,0.047694
KCU,31,100,1,0.034233,0.012014,0.011357
BA,31,100,3,0.028974,0.013216,0.015678
KCU,31,100,1,0.037454,0.011312,0.011455
BA,31,100,12,0.306702,0.248798,0.057494
KCU,31,100,1,0.038548,0.012491,0.011037
BA,31,100,2,0.014941,0.005092,0.009796
KCU,31,100,1,0.028055,0.009398,0.009032
BA,31,100,2,0.014392,0.006522,0.007827
KCU,31,100,1,0.037916,0.012001,0.010871
BA,31,100,2,0.01817,0.00734,0.010785
KCU,31,100,1,0.037736,0.011521,0.011301
BA,31,100,4,0.042133,0.02197,0.020056
KCU,31,100,2,0.057925,0.018625,0.017373
BA,31,100,2,0.016652,0.005616,0.01099
KCU,31,100,1,0.027994,0.009338,0.009168
BA,31,100,3,0.024974,0.013375,0.011526
KCU,31,100,1,0.032266,0.009754,0.009311
BA,31,100,12,0.24201,0.19423,0.047433
KCU,31,100,1,0.028769,0.009912,0.009204
BA,31,100,4,0.04271,0.023491,0.019107
KCU,31,100,2,0.060846,0.019901,0.017679
BA,31,100,10,0.18873,0.139545,0.04885
KCU,31,100,1,0.034503,0.011791,0.011337
BA,31,100,2,0.016573,0.006849,0.009681
KCU,31,100,1,0.036613,0.01111,0.011283
BA,31,100,19,0.841332,0.738618,0.100612
KCU,31,100,1,0.078269,0.027895,0.021718
BA,31,100,3,0.056147,0.026918,0.028897
KCU,31,100,2,0.121458,0.046177,0.025824
BA,31,100,12,0.478979,0.351959,0.125327
KCU,31,100,1,0.071107,0.027386,0.019009
BA,31,100,11,0.353159,0.251946,0.099825
KCU,31,100,1,0.073221,0.030696,0.016654
BA,31,100,11,0.349536,0.240532,0.107772
KCU,31,100,1,0.071435,0.025793,0.019888
BA,31,100,6,0.138484,0.083963,0.053796
KCU,31,100,2,0.144828,0.050693,0.032472
BA,31,100,13,0.532749,0.403615,0.122854
KCU,31,100,1,0.07191,0.029405,0.019357
BA,31,100,2,0.030903,0.013257,0.017431
KCU,31,100,1,0.067567,0.030207,0.01395
BA,31,100,3,0.057755,0.029403,0.028051
KCU,31,100,1,0.030862,0.010835,0.010464
BA,31,100,8,0.132591,0.093463,0.038868
KCU,31,100,1,0.038154,0.011839,0.011224
BA,31,100,13,0.375012,0.312406,0.062169
KCU,31,100,1,0.034229,0.012148,0.011047
BA,31,100,15,0.521846,0.448411,0.0729
KCU,31,100,1,0.035469,0.012542,0.011236
BA,31,100,3,0.029184,0.01366,0.01545
KCU,31,100,1,0.028399,0.00937,0.009284
BA,31,100,4,0.044346,0.02544,0.018765
KCU,31,100,2,0.059028,0.018143,0.018943
BA,31,100,12,0.307509,0.25036,0.056761
KCU,31,100,1,0.03326,0.011338,0.010105
BA,31,100,3,0.028651,0.014369,0.014206
KCU,31,100,2,0.058268,0.019063,0.018054
BA,41,0,10,0.248449,0.163443,0.084591
KCU,41,0,1,0.066319,0.023078,0.020727
BA,41,0,10,0.251969,0.164867,0.086698
KCU,41,0,1,0.076106,0.022871,0.020642
BA,41,0,5,0.073406,0.037326,0.035925
KCU,41,0,3,0.15468,0.045671,0.03737
BA,41,0,13,0.345063,0.248334,0.09621
KCU,41,0,1,0.061542,0.021475,0.018772
BA,41,0,2,0.023478,0.008042,0.015383
KCU,41,0,1,0.140962,0.045179,0.03515
BA,41,0,2,0.047487,0.017075,0.030205
KCU,41,0,1,0.132157,0.041616,0.032706
BA,41,0,2,0.045535,0.015804,0.029528
KCU,41,0,1,0.104552,0.041437,0.027213
BA,41,0,4,0.108131,0.04207,0.065598
KCU,41,0,2,0.188506,0.068317,0.043648
BA,41,0,2,0.043738,0.01601,0.02761
KCU,41,0,1,0.105658,0.038965,0.028274
BA,41,0,3,0.074168,0.031553,0.042325
KCU,41,0,1,0.074514,0.023544,0.01951
BA,41,0,10,0.369275,0.234459,0.133643
KCU,41,0,1,0.12305,0.03694,0.030435
BA,41,0,4,0.109047,0.050996,0.057662
KCU,41,0,2,0.210749,0.063143,0.054105
BA,41,0,8,0.27065,0.143275,0.126354
KCU,41,0,1,0.113742,0.03937,0.035927
BA,41,0,2,0.045839,0.015188,0.030451
KCU,41,0,1,0.110829,0.042094,0.032886
BA,41,0,17,0.94672,0.695945,0.24074
KCU,41,0,1,0.105593,0.041551,0.02862
BA,41,0,3,0.076246,0.032854,0.043066
KCU,41,0,2,0.20436,0.067822,0.040251
BA,41,0,11,0.447823,0.29179,0.154445
KCU,41,0,1,0.103944,0.040875,0.025799
BA,41,0,11,0.452478,0.294161,0.156647
KCU,41,0,1,0.044978,0.01575,0.015679
BA,41,0,11,0.473749,0.298112,0.174087
KCU,41,0,1,0.132267,0.041992,0.032791
BA,41,0,9,0.368161,0.231441,0.135438
KCU,41,0,2,0.218752,0.07039,0.047434
BA,41,0,11,0.457032,0.295099,0.160422
KCU,41,0,1,0.129019,0.046671,0.02342
BA,41,0,2,0.029545,0.0072,0.022281
KCU,41,0,1,0.067054,0.023231,0.020413
BA,41,0,3,0.044625,0.017782,0.026733
KCU,41,0,1,0.067758,0.023204,0.021139
BA,41,0,6,0.118409,0.066589,0.051591
KCU,41,0,1,0.065234,0.022846,0.01922
BA,41,0,14,0.419239,0.316243,0.102368
KCU,41,0,1,0.075968,0.023734,0.02059
BA,41,0,15,0.594182,0.459861,0.133576
KCU,41,0,1,0.06806,0.025341,0.019642
BA,41,0,3,0.046033,0.016126,0.029793
KCU,41,0,1,0.076543,0.022992,0.020845
BA,41,0,5,0.089555,0.046191,0.04317
KCU,41,0,3,0.163131,0.04705,0.045468
BA,41,0,13,0.356421,0.25949,0.096359
KCU,41,0,1,0.073048,0.022187,0.018222
BA,41,0,3,0.036001,0.014347,0.021544
KCU,41,0,2,0.113367,0.034451,0.02806
BA,41,20,10,0.208489,0.136454,0.071651
KCU,41,20,1,0.059932,0.020834,0.017745
BA,41,20,10,0.204815,0.12906,0.075388
KCU,41,20,1,0.059755,0.020554,0.017961
BA,41,20,5,0.073813,0.037186,0.036462
KCU,41,20,3,0.154762,0.046215,0.036981
BA,41,20,13,0.354611,0.257907,0.096239
KCU,41,20,1,0.060251,0.021892,0.017257
BA,41,20,2,0.024773,0.008495,0.016207
KCU,41,20,1,0.068827,0.020938,0.018133
BA,41,20,2,0.024106,0.008826,0.015219
KCU,41,20,1,0.060575,0.020808,0.018585
BA,41,20,2,0.025453,0.009723,0.015675
KCU,41,20,1,0.057347,0.01956,0.017205
BA,41,20,4,0.054781,0.025123,0.029532
KCU,41,20,2,0.109576,0.03207,0.026766
BA,41,20,2,0.024996,0.008479,0.016454
KCU,41,20,1,0.05873,0.019881,0.018061
BA,41,20,3,0.037053,0.012222,0.024739
KCU,41,20,1,0.060547,0.021229,0.018729
BA,41,20,10,0.219716,0.146075,0.073264
KCU,41,20,1,0.060514,0.02126,0.01825
BA,41,20,4,0.05405,0.023636,0.030309
KCU,41,20,2,0.107883,0.033577,0.028316
BA,41,20,8,0.136854,0.079528,0.057026
KCU,41,20,1,0.059995,0.020904,0.018391
BA,41,20,2,0.024313,0.007943,0.016299
KCU,41,20,1,0.067924,0.022423,0.021661
BA,41,20,17,0.73881,0.585197,0.152783
KCU,41,20,1,0.076361,0.025369,0.019438
BA,41,20,3,0.035766,0.01409,0.021577
KCU,41,20,2,0.11392,0.036933,0.02821
BA,41,20,11,0.264522,0.182697,0.081425
KCU,41,20,1,0.06027,0.021292,0.017876
BA,41,20,11,0.312397,0.212906,0.098979
KCU,41,20,1,0.068193,0.023314,0.021183
BA,41,20,11,0.303331,0.206595,0.096275
KCU,41,20,1,0.068136,0.023612,0.021545
BA,41,20,9,0.233269,0.153768,0.079132
KCU,41,20,2,0.118289,0.037033,0.028924
BA,41,20,11,0.321861,0.222498,0.098889
KCU,41,20,1,0.068586,0.023825,0.021459
BA,41,20,2,0.026811,0.009004,0.017698
KCU,41,20,1,0.066438,0.022934,0.020333
BA,41,20,3,0.037749,0.015909,0.021752
KCU,41,20,1,0.05867,0.021078,0.016982
BA,41,20,6,0.09549,0.053528,0.041772
KCU,41,20,1,0.056813,0.021554,0.016231
BA,41,20,14,0.424181,0.319225,0.104325
KCU,41,20,1,0.057919,0.021186,0.018012
BA,41,20,15,0.594344,0.457343,0.133647
KCU,41,20,1,0.082715,0.02454,0.02461
BA,41,20,3,0.045083,0.015626,0.029346
KCU,41,20,1,0.067949,0.023101,0.020937
BA,41,20,5,0.075312,0.038604,0.036539
KCU,41,20,3,0.150135,0.047575,0.037512
BA,41,20,13,0.361856,0.265341,0.095981
KCU,41,20,1,0.058833,0.020234,0.017802
BA,41,20,3,0.045022,0.018118,0.026811
KCU,41,20,2,0.125757,0.040825,0.029038
BA,41,40,10,0.255658,0.167447,0.087788
KCU,41,40,1,0.068818,0.024238,0.020846
BA,41,40,10,0.218999,0.140669,0.077928
KCU,41,40,1,0.06031,0.020984,0.018762
BA,41,40,5,0.074796,0.038002,0.03663
KCU,41,40,3,0.150264,0.049526,0.037861
BA,41,40,13,0.352993,0.257357,0.09513
KCU,41,40,1,0.06915,0.024188,0.021657
BA,41,40,2,0.028018,0.009538,0.018421
KCU,41,40,1,0.067978,0.023956,0.020792
BA,41,40,2,0.026763,0.008845,0.017821
KCU,41,40,1,0.069205,0.023782,0.020678
BA,41,40,2,0.026124,0.008638,0.017421
KCU,41,40,1,0.058617,0.020679,0.017397
BA,41,40,4,0.056189,0.02575,0.030299
KCU,41,40,2,0.106875,0.035805,0.028706
BA,41,40,2,0.024566,0.008703,0.015794
KCU,41,40,1,0.078049,0.023162,0.02166
BA,41,40,3,0.044729,0.018232,0.026394
KCU,41,40,1,0.076367,0.023481,0.021115
BA,41,40,10,0.264971,0.174705,0.089842
KCU,41,40,1,0.058444,0.020695,0.017454
BA,41,40,4,0.050846,0.019089,0.031632
KCU,41,40,2,0.116262,0.035943,0.02976
BA,41,40,8,0.140221,0.080627,0.059263
KCU,41,40,1,0.068878,0.021657,0.018406
BA,41,40,2,0.025972,0.009744,0.016178
KCU,41,40,1,0.059079,0.021805,0.016427
BA,41,40,17,0.61224,0.479783,0.131703
KCU,41,40,1,0.058548,0.02071,0.017925
BA,41,40,3,0.038973,0.015654,0.023212
KCU,41,40,2,0.105549,0.036221,0.028148
BA,41,40,11,0.259805,0.177428,0.081925
KCU,41,40,1,0.059401,0.020865,0.017552
BA,41,40,11,0.31359,0.211871,0.10125
KCU,41,40,1,0.063796,0.021812,0.020388
BA,41,40,11,0.30245,0.20512,0.09681
KCU,41,40,1,0.067332,0.022942,0.021005
BA,41,40,9,0.231369,0.150482,0.080458
KCU,41,40,2,0.112445,0.036534,0.035794
BA,41,40,11,0.27185,0.186407,0.084913
KCU,41,40,1,0.06058,0.022226,0.016757
BA,41,40,2,0.023771,0.008073,0.015642
KCU,41,40,1,0.058763,0.020656,0.017804
BA,41,40,3,0.040215,0.017457,0.022666
KCU,41,40,1,0.060495,0.020796,0.018685
BA,41,40,6,0.098652,0.050698,0.047745
KCU,41,40,1,0.061903,0.022516,0.018422
BA,41,40,14,0.427896,0.315134,0.112142
KCU,41,40,1,0.0688,0.021284,0.01824
BA,41,40,15,0.498288,0.375382,0.119992
KCU,41,40,1,0.067518,0.023688,0.020623
BA,41,40,3,0.045413,0.015478,0.029826
KCU,41,40,1,0.05914,0.020334,0.017735
BA,41,40,5,0.076934,0.040206,0.036533
KCU,41,40,3,0.151882,0.04427,0.044436
BA,41,40,13,0.364606,0.265137,0.098951
KCU,41,40,1,0.062076,0.022653,0.018764
BA,41,40,3,0.038511,0.015619,0.022815
KCU,41,40,2,0.117944,0.036789,0.0288
BA,41,60,10,0.20954,0.133506,0.075627
KCU,41,60,1,0.062139,0.022113,0.017531
BA,41,60,10,0.209271,0.131959,0.074751
KCU,41,60,1,0.058484,0.020493,0.018182
BA,41,60,5,0.071471,0.033275,0.038046
KCU,41,60,3,0.155769,0.049106,0.041132
BA,41,60,13,0.354102,0.257428,0.096191
KCU,41,60,1,0.061981,0.021455,0.018597
BA,41,60,2,0.024196,0.008124,0.01603
KCU,41,60,1,0.059783,0.02053,0.018166
BA,41,60,2,0.023975,0.007985,0.015914
KCU,41,60,1,0.071181,0.021242,0.017776
BA,41,60,2,0.023672,0.005114,0.018478
KCU,41,60,1,0.060256,0.021236,0.01727
BA,41,60,4,0.05245,0.023473,0.028827
KCU,41,60,2,0.110213,0.033422,0.026271
BA,41,60,2,0.025158,0.008849,0.016231
KCU,41,60,1,0.059298,0.020282,0.018199
BA,41,60,3,0.038141,0.013399,0.02465
KCU,41,60,1,0.060192,0.020696,0.018206
BA,41,60,10,0.219146,0.14323,0.075557
KCU,41,60,1,0.059683,0.020996,0.017654
BA,41,60,4,0.052742,0.020411,0.032191
KCU,41,60,2,0.113888,0.035609,0.028466
BA,41,60,8,0.139172,0.080632,0.058247
KCU,41,60,1,0.061045,0.021313,0.018765
BA,41,60,2,0.024048,0.008652,0.015341
KCU,41,60,1,0.050397,0.017596,0.015669
BA,41,60,17,0.611785,0.482965,0.128022
KCU,41,60,1,0.066242,0.023263,0.020398
BA,41,60,3,0.048244,0.01961,0.02853
KCU,41,60,2,0.125893,0.038226,0.031999
BA,41,60,11,0.317818,0.218644,0.098621
KCU,41,60,1,0.07532,0.022869,0.019595
BA,41,60,11,0.260621,0.179983,0.080222
KCU,41,60,1,0.070109,0.020691,0.018371
BA,41,60,11,0.253272,0.171268,0.081601
KCU,41,60,1,0.061246,0.020997,0.018839
BA,41,60,9,0.373076,0.236994,0.134942
KCU,41,60,2,0.226531,0.071962,0.055191
BA,41,60,11,0.474362,0.30943,0.163443
KCU,41,60,1,0.115459,0.042396,0.033731
BA,41,60,2,0.047157,0.017526,0.029395
KCU,41,60,1,0.110602,0.042987,0.028504
BA,41,60,3,0.082967,0.03689,0.045721
KCU,41,60,1,0.106871,0.041566,0.02825
BA,41,60,6,0.095991,0.054439,0.041309
KCU,41,60,1,0.105294,0.039403,0.031441
BA,41,60,14,0.661565,0.458957,0.200801
KCU,41,60,1,0.126809,0.042719,0.044976
BA,41,60,15,0.8999,0.666198,0.231595
KCU,41,60,1,0.116212,0.036698,0.037073
BA,41,60,3,0.07469,0.024474,0.049938
KCU,41,60,1,0.109319,0.044325,0.027219
BA,41,60,5,0.147874,0.076048,0.071309
KCU,41,60,3,0.290275,0.098275,0.075865
BA,41,60,13,0.584306,0.384393,0.198194
KCU,41,60,1,0.110405,0.045976,0.02717
BA,41,60,3,0.07411,0.031144,0.042658
KCU,41,60,2,0.193951,0.069475,0.050224
BA,41,80,10,0.381585,0.236544,0.143696
KCU,41,80,1,0.130811,0.043742,0.032878
BA,41,80,10,0.258392,0.164885,0.092867
KCU,41,80,1,0.104066,0.03252,0.027973
BA,41,80,5,0.151159,0.063043,0.087522
KCU,41,80,3,0.301587,0.105674,0.057061
BA,41,80,13,0.587201,0.401297,0.184063
KCU,41,80,1,0.127075,0.045651,0.029971
BA,41,80,2,0.044171,0.01613,0.027875
KCU,41,80,1,0.130022,0.043701,0.027979
BA,41,80,2,0.044798,0.016013,0.028643
KCU,41,80,1,0.104518,0.040527,0.026541
BA,41,80,2,0.05127,0.015221,0.035899
KCU,41,80,1,0.106874,0.041303,0.029802
BA,41,80,4,0.105679,0.050042,0.055189
KCU,41,80,2,0.205746,0.066803,0.043571
BA,41,80,2,0.045838,0.017004,0.02868
KCU,41,80,1,0.102487,0.040166,0.026763
BA,41,80,3,0.070247,0.022888,0.047075
KCU,41,80,1,0.10346,0.042486,0.026677
BA,41,80,10,0.373345,0.222407,0.149741
KCU,41,80,1,0.10529,0.044077,0.025291
BA,41,80,4,0.102573,0.044956,0.057149
KCU,41,80,2,0.213416,0.070855,0.051363
BA,41,80,8,0.265387,0.146569,0.117751
KCU,41,80,1,0.112986,0.040135,0.032467
BA,41,80,2,0.04119,0.013215,0.027819
KCU,41,80,1,0.108453,0.04048,0.03034
BA,41,80,17,0.933059,0.675408,0.255203
KCU,41,80,1,0.121513,0.03946,0.025449
BA,41,80,3,0.080586,0.03487,0.045372
KCU,41,80,2,0.200521,0.069793,0.047957
BA,41,80,11,0.479524,0.315242,0.162764
KCU,41,80,1,0.069768,0.024843,0.021166
BA,41,80,11,0.315855,0.216401,0.098909
KCU,41,80,1,0.067413,0.022857,0.021104
BA,41,80,11,0.300368,0.200466,0.099394
KCU,41,80,1,0.069111,0.02401,0.021527
BA,41,80,9,0.231398,0.152524,0.078471
KCU,41,80,2,0.103866,0.035173,0.028645
BA,41,80,11,0.26433,0.181819,0.082085
KCU,41,80,1,0.059145,0.02029,0.017772
BA,41,80,2,0.021702,0.007047,0.014606
KCU,41,80,1,0.060327,0.020909,0.017722
BA,41,80,3,0.040821,0.017678,0.023047
KCU,41,80,1,0.059041,0.02074,0.018303
BA,41,80,6,0.097178,0.053486,0.043288
KCU,41,80,1,0.059131,0.021083,0.017583
BA,41,80,14,0.428949,0.321702,0.104381
KCU,41,80,1,0.060399,0.021654,0.017668
BA,41,80,15,0.48938,0.378092,0.110654
KCU,41,80,1,0.059379,0.020525,0.017873
BA,41,80,3,0.048032,0.020088,0.027854
KCU,41,80,1,0.066811,0.022893,0.020793
BA,41,80,5,0.088798,0.044998,0.043617
KCU,41,80,3,0.166263,0.052603,0.043293
BA,41,80,13,0.359697,0.262424,0.096696
KCU,41,80,1,0.068004,0.024146,0.020663
BA,41,80,3,0.04469,0.018055,0.026478
KCU,41,80,2,0.11751,0.036861,0.034315
BA,41,100,10,0.253855,0.165931,0.087552
KCU,41,100,1,0.057775,0.019298,0.020256
BA,41,100,10,0.203776,0.130602,0.072774
KCU,41,100,1,0.05871,0.020534,0.01785
BA,41,100,5,0.071884,0.036118,0.035359
KCU,41,100,3,0.15431,0.048961,0.03897
BA,41,100,13,0.353027,0.256326,0.09621
KCU,41,100,1,0.067991,0.023993,0.021401
BA,41,100,2,0.026517,0.006178,0.020283
KCU,41,100,1,0.067497,0.023538,0.021225
BA,41,100,2,0.027183,0.005666,0.021465
KCU,41,100,1,0.068084,0.023704,0.020929
BA,41,100,2,0.024356,0.008855,0.015455
KCU,41,100,1,0.059239,0.020186,0.018262
BA,41,100,4,0.054128,0.024692,0.029304
KCU,41,100,2,0.10758,0.036245,0.028239
BA,41,100,2,0.024345,0.008013,0.016268
KCU,41,100,1,0.077445,0.023102,0.020844
BA,41,100,3,0.04345,0.01724,0.026105
KCU,41,100,1,0.065655,0.022523,0.020442
BA,41,100,10,0.262963,0.175965,0.086542
KCU,41,100,1,0.067791,0.02371,0.021123
BA,41,100,4,0.052966,0.017395,0.035445
KCU,41,100,2,0.113768,0.036477,0.027324
BA,41,100,8,0.138752,0.078515,0.059949
KCU,41,100,1,0.059143,0.020634,0.01767
BA,41,100,2,0.021335,0.006762,0.01452
KCU,41,100,1,0.05657,0.019516,0.017376
BA,41,100,17,0.598856,0.469286,0.128893
KCU,41,100,1,0.058647,0.020337,0.017543
BA,41,100,3,0.038005,0.009932,0.02796
KCU,41,100,2,0.116865,0.036235,0.028766
BA,41,100,11,0.259301,0.178164,0.080717
KCU,41,100,1,0.060781,0.021729,0.018892
BA,41,100,11,0.257636,0.176547,0.078664
KCU,41,100,1,0.061472,0.021808,0.018533
BA,41,100,11,0.248345,0.167979,0.079963
KCU,41,100,1,0.059117,0.021163,0.018106
BA,41,100,9,0.186896,0.122737,0.063807
KCU,41,100,2,0.104167,0.034417,0.028372
BA,41,100,11,0.259509,0.178511,0.080571
KCU,41,100,1,0.059811,0.021344,0.01756
BA,41,100,2,0.021614,0.007018,0.01454
KCU,41,100,1,0.058315,0.020429,0.017433
BA,41,100,3,0.0381,0.015685,0.022335
KCU,41,100,1,0.058483,0.02044,0.017543
BA,41,100,6,0.095835,0.051435,0.044174
KCU,41,100,1,0.059745,0.020866,0.017844
BA,41,100,14,0.423179,0.319499,0.103108
KCU,41,100,1,0.058858,0.020572,0.018128
BA,41,100,15,0.48672,0.375451,0.11065
KCU,41,100,1,0.058212,0.020148,0.017065
BA,41,100,3,0.040852,0.016512,0.024243
KCU,41,100,1,0.068342,0.023298,0.021162
BA,41,100,5,0.090755,0.047238,0.04333
KCU,41,100,3,0.164917,0.052335,0.04567
BA,41,100,13,0.363759,0.264302,0.098922
KCU,41,100,1,0.060413,0.021753,0.017561
BA,41,100,3,0.043318,0.014405,0.028812
KCU,41,100,2,0.130596,0.038542,0.036856
BA,51,0,9,0.306798,0.167068,0.139279
KCU,51,0,1,0.112389,0.037988,0.034761
BA,51,0,10,0.282476,0.155602,0.126374
KCU,51,0,1,0.111628,0.033096,0.028713
BA,51,0,3,0.061757,0.022647,0.038978
KCU,51,0,1,0.094158,0.032369,0.030043
BA,51,0,13,0.45072,0.283987,0.165968
KCU,51,0,1,0.096082,0.033746,0.030473
BA,51,0,2,0.041345,0.014192,0.027066
KCU,51,0,1,0.114108,0.033914,0.028623
BA,51,0,2,0.03953,0.013012,0.026435
KCU,51,0,1,0.103207,0.034256,0.03418
BA,51,0,2,0.037882,0.011542,0.026252
KCU,51,0,1,0.094168,0.031812,0.029787
BA,51,0,4,0.082937,0.027468,0.055255
KCU,51,0,2,0.15554,0.046968,0.043055
BA,51,0,2,0.039844,0.013236,0.026538
KCU,51,0,1,0.091663,0.031806,0.027685
BA,51,0,3,0.063385,0.023938,0.039323
KCU,51,0,1,0.094226,0.032979,0.028323
BA,51,0,13,0.464654,0.295728,0.163661
KCU,51,0,1,0.093152,0.03282,0.029338
BA,51,0,4,0.101378,0.037123,0.064043
KCU,51,0,2,0.194189,0.060657,0.048592
BA,51,0,8,0.236655,0.120268,0.115956
KCU,51,0,1,0.093332,0.032902,0.028971
BA,51,0,2,0.03751,0.011327,0.026115
KCU,51,0,1,0.090075,0.032407,0.027297
BA,51,0,17,0.731472,0.516348,0.214034
KCU,51,0,1,0.094016,0.033156,0.029734
BA,51,0,3,0.052436,0.015507,0.036828
KCU,51,0,2,0.177953,0.054917,0.042706
BA,51,0,10,0.29367,0.171032,0.122092
KCU,51,0,1,0.089532,0.031666,0.026595
BA,51,0,10,0.298042,0.174371,0.12318
KCU,51,0,1,0.088856,0.031126,0.026422
BA,51,0,10,0.299503,0.176699,0.122286
KCU,51,0,1,0.093521,0.033518,0.029424
BA,51,0,6,0.137524,0.064265,0.07291
KCU,51,0,2,0.158076,0.049634,0.042775
BA,51,0,13,0.458814,0.298614,0.159458
KCU,51,0,1,0.089902,0.031194,0.026994
BA,51,0,2,0.037727,0.01129,0.026367
KCU,51,0,1,0.094741,0.033347,0.029809
BA,51,0,3,0.058687,0.020201,0.03836
KCU,51,0,1,0.108267,0.033771,0.028919
BA,51,0,7,0.171281,0.085092,0.085817
KCU,51,0,1,0.092117,0.032292,0.02883
BA,51,0,16,0.632599,0.440123,0.191596
KCU,51,0,1,0.090238,0.031663,0.028592
BA,51,0,14,0.531342,0.356959,0.173513
KCU,51,0,1,0.113067,0.034483,0.030567
BA,51,0,3,0.06166,0.016768,0.044771
KCU,51,0,1,0.090775,0.031108,0.028787
BA,51,0,5,0.112299,0.049902,0.062153
KCU,51,0,3,0.230196,0.0738,0.061301
BA,51,0,13,0.47881,0.310857,0.167243
KCU,51,0,1,0.117668,0.035554,0.033192
BA,51,0,3,0.069161,0.024332,0.044678
KCU,51,0,2,0.192473,0.059681,0.047489
BA,51,20,9,0.304498,0.174391,0.129443
KCU,51,20,1,0.105652,0.036516,0.034038
BA,51,20,10,0.289113,0.159236,0.129335
KCU,51,20,1,0.090823,0.033652,0.025844
BA,51,20,3,0.058794,0.020437,0.038229
KCU,51,20,1,0.091948,0.032181,0.028547
BA,51,20,13,0.454877,0.291045,0.163126
KCU,51,20,1,0.089972,0.032211,0.026536
BA,51,20,2,0.039479,0.006723,0.032693
KCU,51,20,1,0.107403,0.032453,0.027987
BA,51,20,2,0.03753,0.011101,0.026365
KCU,51,20,1,0.10693,0.032514,0.027966
BA,51,20,2,0.039229,0.012139,0.027002
KCU,51,20,1,0.094639,0.033445,0.029331
BA,51,20,4,0.097496,0.038585,0.058687
KCU,51,20,2,0.197558,0.058809,0.058389
BA,51,20,2,0.043896,0.013208,0.030612
KCU,51,20,1,0.090532,0.031783,0.026993
BA,51,20,3,0.060319,0.021598,0.038594
KCU,51,20,1,0.0913,0.03214,0.028566
BA,51,20,13,0.458625,0.294315,0.163556
KCU,51,20,1,0.104463,0.035995,0.033877
BA,51,20,4,0.09496,0.030247,0.064497
KCU,51,20,2,0.193516,0.05825,0.050135
BA,51,20,8,0.195957,0.095209,0.10031
KCU,51,20,1,0.09493,0.033295,0.03008
BA,51,20,2,0.038518,0.012015,0.02643
KCU,51,20,1,0.090681,0.031766,0.027248
BA,51,20,17,0.726994,0.503406,0.22252
KCU,51,20,1,0.092442,0.032836,0.028193
BA,51,20,3,0.061928,0.02334,0.038485
KCU,51,20,2,0.159655,0.053578,0.043311
BA,51,20,10,0.296196,0.172294,0.123342
KCU,51,20,1,0.094718,0.032864,0.030196
BA,51,20,10,0.294449,0.172376,0.121524
KCU,51,20,1,0.105461,0.031758,0.027048
BA,51,20,10,0.300794,0.176459,0.12382
KCU,51,20,1,0.094773,0.033764,0.02971
BA,51,20,6,0.138016,0.065247,0.072469
KCU,51,20,2,0.177753,0.05442,0.044706
BA,51,20,13,0.462423,0.300987,0.160685
KCU,51,20,1,0.100269,0.034171,0.032495
BA,51,20,2,0.048995,0.013008,0.03591
KCU,51,20,1,0.099,0.033193,0.031752
BA,51,20,3,0.071141,0.018985,0.051992
KCU,51,20,1,0.111653,0.03408,0.029681
BA,51,20,7,0.174893,0.083934,0.090598
KCU,51,20,1,0.095644,0.034316,0.030526
BA,51,20,16,0.664963,0.456364,0.207725
KCU,51,20,1,0.093061,0.033043,0.028892
BA,51,20,14,0.531495,0.343062,0.182992
KCU,51,20,1,0.09413,0.033383,0.028714
BA,51,20,3,0.060097,0.016296,0.043652
KCU,51,20,1,0.092839,0.032772,0.028959
BA,51,20,5,0.11673,0.052922,0.063575
KCU,51,20,3,0.227522,0.073876,0.060021
BA,51,20,13,0.479449,0.310454,0.168225
KCU,51,20,1,0.092904,0.035524,0.025656
BA,51,20,3,0.061914,0.021886,0.039908
KCU,51,20,2,0.18774,0.055496,0.046652
BA,51,40,9,0.301119,0.166505,0.134084
KCU,51,40,1,0.091732,0.032442,0.027557
BA,51,40,10,0.288801,0.159826,0.123594
KCU,51,40,1,0.091187,0.035262,0.026264
BA,51,40,3,0.06045,0.015624,0.044709
KCU,51,40,1,0.094514,0.032862,0.030257
BA,51,40,13,0.450531,0.289614,0.160219
KCU,51,40,1,0.095833,0.034257,0.02981
BA,51,40,2,0.036097,0.010539,0.025484
KCU,51,40,1,0.089602,0.031275,0.027323
BA,51,40,2,0.038264,0.0067,0.031486
KCU,51,40,1,0.092519,0.032469,0.028835
BA,51,40,2,0.038166,0.011721,0.026352
KCU,51,40,1,0.091222,0.031673,0.027363
BA,51,40,4,0.085204,0.028966,0.056036
KCU,51,40,2,0.171635,0.053221,0.041165
BA,51,40,2,0.037079,0.011306,0.025703
KCU,51,40,1,0.093743,0.031452,0.02901
BA,51,40,3,0.065015,0.024183,0.040715
KCU,51,40,1,0.092807,0.032381,0.029062
BA,51,40,13,0.459837,0.292618,0.166535
KCU,51,40,1,0.093104,0.034321,0.026862
BA,51,40,4,0.082845,0.033197,0.049457
KCU,51,40,2,0.176626,0.053887,0.043273
BA,51,40,8,0.200316,0.095332,0.104532
KCU,51,40,1,0.088982,0.031952,0.025632
BA,51,40,2,0.037105,0.011526,0.025496
KCU,51,40,1,0.093811,0.032702,0.029978
BA,51,40,17,0.729172,0.509075,0.219052
KCU,51,40,1,0.10863,0.0344,0.026816
BA,51,40,3,0.059714,0.016574,0.043013
KCU,51,40,2,0.170734,0.051556,0.042159
BA,51,40,10,0.295842,0.172382,0.122867
KCU,51,40,1,0.089623,0.031462,0.026721
BA,51,40,10,0.283778,0.167334,0.115904
KCU,51,40,1,0.093692,0.032838,0.028472
BA,51,40,10,0.29895,0.175375,0.123056
KCU,51,40,1,0.090319,0.031794,0.026617
BA,51,40,6,0.143532,0.062037,0.0812
KCU,51,40,2,0.175253,0.053785,0.042728
BA,51,40,13,0.468709,0.303491,0.164504
KCU,51,40,1,0.111759,0.033183,0.029775
BA,51,40,2,0.039077,0.012022,0.026995
KCU,51,40,1,0.093665,0.032921,0.028957
BA,51,40,3,0.060529,0.021283,0.039128
KCU,51,40,1,0.088423,0.031034,0.026718
BA,51,40,7,0.174493,0.078542,0.095617
KCU,51,40,1,0.091446,0.031957,0.028053
BA,51,40,16,0.659226,0.453707,0.199714
KCU,51,40,1,0.111344,0.033799,0.030082
BA,51,40,14,0.53577,0.36025,0.174702
KCU,51,40,1,0.115958,0.03448,0.03195
BA,51,40,3,0.058758,0.019822,0.038789
KCU,51,40,1,0.099001,0.03409,0.029216
BA,51,40,5,0.135135,0.061486,0.073405
KCU,51,40,3,0.254744,0.07545,0.064989
BA,51,40,13,0.474837,0.303688,0.170453
KCU,51,40,1,0.09323,0.033061,0.027717
BA,51,40,3,0.075191,0.024788,0.050279
KCU,51,40,2,0.17755,0.057891,0.051362
BA,51,60,9,0.305589,0.169036,0.135979
KCU,51,60,1,0.094708,0.033318,0.03009
BA,51,60,10,0.340174,0.188683,0.150863
KCU,51,60,1,0.105903,0.036248,0.03414
BA,51,60,3,0.073647,0.018158,0.055348
KCU,51,60,1,0.093265,0.033562,0.027885
BA,51,60,13,0.537737,0.348683,0.188277
KCU,51,60,1,0.10415,0.036227,0.032683
BA,51,60,2,0.046705,0.013548,0.033085
KCU,51,60,1,0.080948,0.028909,0.023988
BA,51,60,2,0.030229,0.005397,0.02474
KCU,51,60,1,0.09054,0.031304,0.02843
BA,51,60,2,0.035119,0.010408,0.024642
KCU,51,60,1,0.092294,0.030999,0.028413
BA,51,60,4,0.085967,0.033692,0.05208
KCU,51,60,2,0.158705,0.055499,0.04064
BA,51,60,2,0.038519,0.011332,0.027103
KCU,51,60,1,0.092421,0.032616,0.028683
BA,51,60,3,0.062034,0.023433,0.038469
KCU,51,60,1,0.090652,0.032497,0.027191
BA,51,60,13,0.456396,0.293046,0.162568
KCU,51,60,1,0.091162,0.031638,0.027833
BA,51,60,4,0.084934,0.028072,0.056699
KCU,51,60,2,0.179924,0.057796,0.043511
BA,51,60,8,0.20241,0.097053,0.104941
KCU,51,60,1,0.107494,0.033116,0.029087
BA,51,60,2,0.038973,0.012703,0.026191
KCU,51,60,1,0.091263,0.031168,0.027921
BA,51,60,17,0.729038,0.515386,0.212728
KCU,51,60,1,0.103859,0.029643,0.027992
BA,51,60,3,0.071006,0.025356,0.045509
KCU,51,60,2,0.181914,0.05916,0.052241
BA,51,60,10,0.339991,0.190874,0.14855
KCU,51,60,1,0.095647,0.035508,0.027607
BA,51,60,10,0.303412,0.170627,0.132302
KCU,51,60,1,0.092928,0.033081,0.029577
BA,51,60,10,0.297457,0.175034,0.121866
KCU,51,60,1,0.093207,0.032786,0.029134
BA,51,60,6,0.140802,0.060884,0.079587
KCU,51,60,2,0.159651,0.05634,0.040667
BA,51,60,13,0.465277,0.302382,0.162141
KCU,51,60,1,0.101019,0.034475,0.031539
BA,51,60,2,0.043427,0.012468,0.030896
KCU,51,60,1,0.10261,0.035337,0.033028
BA,51,60,3,0.069509,0.024522,0.044817
KCU,51,60,1,0.097109,0.032825,0.031395
BA,51,60,7,0.202476,0.089997,0.112129
KCU,51,60,1,0.103799,0.036514,0.032941
BA,51,60,16,0.67038,0.452945,0.216512
KCU,51,60,1,0.097119,0.033549,0.030019
BA,51,60,14,0.541932,0.354648,0.186503
KCU,51,60,1,0.09871,0.034795,0.031072
BA,51,60,3,0.061659,0.022443,0.039073
KCU,51,60,1,0.089806,0.031294,0.027676
BA,51,60,5,0.113089,0.051844,0.060986
KCU,51,60,3,0.2435,0.0745,0.059526
BA,51,60,13,0.474193,0.313605,0.159747
KCU,51,60,1,0.095331,0.03319,0.030143
BA,51,60,3,0.058883,0.02112,0.037637
KCU,51,60,2,0.176899,0.054317,0.045226
BA,51,80,9,0.254465,0.134508,0.119432
KCU,51,80,1,0.091111,0.032205,0.027845
BA,51,80,10,0.3398,0.196613,0.142623
KCU,51,80,1,0.097131,0.032765,0.030743
BA,51,80,3,0.068939,0.02553,0.04327
KCU,51,80,1,0.096362,0.033024,0.030119
BA,51,80,13,0.452649,0.29314,0.158809
KCU,51,80,1,0.109856,0.034062,0.029769
BA,51,80,2,0.038924,0.012954,0.025891
KCU,51,80,1,0.09489,0.03308,0.030228
BA,51,80,2,0.038668,0.007141,0.031418
KCU,51,80,1,0.095765,0.034686,0.029831
BA,51,80,2,0.038026,0.011227,0.026721
KCU,51,80,1,0.092476,0.032186,0.029221
BA,51,80,4,0.082371,0.027748,0.054433
KCU,51,80,2,0.178481,0.056048,0.04379
BA,51,80,2,0.037418,0.011756,0.025568
KCU,51,80,1,0.104607,0.031203,0.027569
BA,51,80,3,0.060311,0.02153,0.038619
KCU,51,80,1,0.107186,0.033061,0.027288
BA,51,80,13,0.444206,0.285918,0.157631
KCU,51,80,1,0.094485,0.033841,0.027243
BA,51,80,4,0.096617,0.037,0.059436
KCU,51,80,2,0.199258,0.063185,0.049022
BA,51,80,8,0.233434,0.108812,0.12412
KCU,51,80,1,0.110286,0.033035,0.028417
BA,51,80,2,0.03736,0.010846,0.026429
KCU,51,80,1,0.095332,0.034389,0.029274
BA,51,80,17,0.730239,0.512281,0.216869
KCU,51,80,1,0.107292,0.033575,0.028919
BA,51,80,3,0.070181,0.019141,0.050884
KCU,51,80,2,0.19211,0.057241,0.050296
BA,51,80,10,0.350532,0.20071,0.149205
KCU,51,80,1,0.093927,0.033027,0.02974
BA,51,80,10,0.299204,0.174653,0.123972
KCU,51,80,1,0.106538,0.032424,0.028074
BA,51,80,10,0.298439,0.170637,0.127209
KCU,51,80,1,0.109466,0.033698,0.03018
BA,51,80,6,0.148014,0.062146,0.085577
KCU,51,80,2,0.158498,0.052893,0.044869
BA,51,80,13,0.468267,0.299309,0.168141
KCU,51,80,1,0.098797,0.034536,0.032217
BA,51,80,2,0.038622,0.011834,0.026723
KCU,51,80,1,0.094699,0.035117,0.028638
BA,51,80,3,0.057731,0.019462,0.038153
KCU,51,80,1,0.093412,0.033146,0.029066
BA,51,80,7,0.177055,0.088902,0.087826
KCU,51,80,1,0.092984,0.032917,0.02861
BA,51,80,16,0.657662,0.453595,0.203128
KCU,51,80,1,0.093584,0.032766,0.028902
BA,51,80,14,0.531669,0.347873,0.178487
KCU,51,80,1,0.090199,0.031431,0.027848
BA,51,80,3,0.070035,0.02504,0.044832
KCU,51,80,1,0.121404,0.03548,0.034173
BA,51,80,5,0.129039,0.058112,0.070636
KCU,51,80,3,0.244927,0.074819,0.060526
BA,51,80,13,0.472461,0.312003,0.15966
KCU,51,80,1,0.11035,0.03386,0.02898
BA,51,80,3,0.059658,0.021265,0.038252
KCU,51,80,2,0.178526,0.054296,0.044411
BA,51,100,9,0.25815,0.136699,0.120986
KCU,51,100,1,0.090554,0.032371,0.02738
BA,51,100,10,0.292286,0.1665,0.125204
KCU,51,100,1,0.093629,0.032143,0.030542
BA,51,100,3,0.058964,0.020749,0.038093
KCU,51,100,1,0.109117,0.032546,0.029313
BA,51,100,13,0.455293,0.292619,0.161928
KCU,51,100,1,0.106006,0.032144,0.027186
BA,51,100,2,0.037666,0.010934,0.026668
KCU,51,100,1,0.092419,0.032536,0.027727
BA,51,100,2,0.037635,0.010919,0.026651
KCU,51,100,1,0.093055,0.032764,0.028998
BA,51,100,2,0.038629,0.011569,0.026999
KCU,51,100,1,0.090943,0.031791,0.027959
BA,51,100,4,0.082818,0.026649,0.056012
KCU,51,100,2,0.18121,0.054635,0.043094
BA,51,100,2,0.037293,0.011182,0.026029
KCU,51,100,1,0.089975,0.031617,0.02729
BA,51,100,3,0.069429,0.024806,0.044477
KCU,51,100,1,0.105093,0.034896,0.033675
BA,51,100,13,0.52324,0.338643,0.183827
KCU,51,100,1,0.094197,0.033706,0.028377
BA,51,100,4,0.082944,0.026619,0.056144
KCU,51,100,2,0.182073,0.056679,0.046357
BA,51,100,8,0.201343,0.095625,0.105238
KCU,51,100,1,0.093745,0.03314,0.029471
BA,51,100,2,0.036676,0.010777,0.025817
KCU,51,100,1,0.106602,0.032134,0.029287
BA,51,100,17,0.731583,0.510273,0.220259
KCU,51,100,1,0.117617,0.035504,0.032989
BA,51,100,3,0.069879,0.01867,0.051065
KCU,51,100,2,0.196024,0.056549,0.054837
BA,51,100,10,0.294221,0.160593,0.133088
KCU,51,100,1,0.106856,0.032835,0.02879
BA,51,100,10,0.295788,0.172532,0.122734
KCU,51,100,1,0.096448,0.034054,0.028787
BA,51,100,10,0.300118,0.16715,0.132405
KCU,51,100,1,0.091719,0.033508,0.027551
BA,51,100,6,0.144492,0.065287,0.07892
KCU,51,100,2,0.17409,0.056831,0.053973
BA,51,100,13,0.466048,0.303323,0.161998
KCU,51,100,1,0.092138,0.032141,0.029332
BA,51,100,2,0.041992,0.010886,0.031029
KCU,51,100,1,0.094221,0.033002,0.029271
BA,51,100,3,0.066591,0.011464,0.055004
KCU,51,100,1,0.092007,0.03237,0.028545
BA,51,100,7,0.175972,0.088299,0.087299
KCU,51,100,1,0.108772,0.033187,0.02975
BA,51,100,16,0.665994,0.463476,0.201547
KCU,51,100,1,0.101545,0.035199,0.031961
BA,51,100,14,0.625777,0.419098,0.205857
KCU,51,100,1,0.11372,0.033735,0.031454
BA,51,100,3,0.067398,0.024873,0.0424
KCU,51,100,1,0.086752,0.028243,0.027388
BA,51,100,5,0.115911,0.052478,0.06322
KCU,51,100,3,0.234144,0.079137,0.059906
BA,51,100,13,0.47767,0.315922,0.161006
KCU,51,100,1,0.094672,0.0345,0.029034
BA,51,100,3,0.070247,0.025366,0.044725
KCU,51,100,2,0.194735,0.060362,0.049342
BA,61,0,10,0.44801,0.2358,0.211497
KCU,61,0,1,0.137237,0.047906,0.039357
BA,61,0,10,0.445371,0.224194,0.220535
KCU,61,0,1,0.157637,0.050594,0.051239
BA,61,0,4,0.120493,0.045496,0.074764
KCU,61,0,3,0.329969,0.103041,0.086398
BA,61,0,14,0.678997,0.399899,0.269823
KCU,61,0,1,0.164819,0.048677,0.044473
BA,61,0,2,0.055562,0.006613,0.048844
KCU,61,0,1,0.154951,0.046193,0.041723
BA,61,0,2,0.053019,0.015476,0.037456
KCU,61,0,1,0.134453,0.045885,0.044585
BA,61,0,2,0.052114,0.01486,0.037168
KCU,61,0,1,0.135289,0.04617,0.044218
BA,61,0,4,0.119721,0.044444,0.075003
KCU,61,0,2,0.225493,0.073868,0.063787
BA,61,0,2,0.054233,0.007109,0.047027
KCU,61,0,1,0.135013,0.0465,0.045301
BA,61,0,3,0.083314,0.02834,0.054817
KCU,61,0,1,0.134225,0.045918,0.044297
BA,61,0,12,0.499709,0.280546,0.218386
KCU,61,0,1,0.134831,0.047065,0.044369
BA,61,0,4,0.120644,0.044082,0.076351
KCU,61,0,2,0.250845,0.073819,0.064324
BA,61,0,7,0.238389,0.109526,0.128434
KCU,61,0,1,0.158477,0.045932,0.044904
BA,61,0,2,0.053355,0.005259,0.048005
KCU,61,0,1,0.13234,0.045411,0.043151
BA,61,0,17,0.914356,0.59943,0.313707
KCU,61,0,1,0.134198,0.046662,0.044635
BA,61,0,3,0.086326,0.029587,0.056581
KCU,61,0,2,0.248161,0.072069,0.064697
BA,61,0,12,0.520971,0.300753,0.219429
KCU,61,0,1,0.152505,0.04515,0.042505
BA,61,0,10,0.416572,0.23019,0.185858
KCU,61,0,1,0.158492,0.047431,0.044341
BA,61,0,12,0.519039,0.294179,0.224117
KCU,61,0,1,0.167783,0.045842,0.054436
BA,61,0,6,0.22862,0.090042,0.138178
KCU,61,0,2,0.252718,0.08109,0.074761
BA,61,0,11,0.536566,0.302683,0.233076
KCU,61,0,1,0.148856,0.050114,0.050409
BA,61,0,2,0.053083,0.015066,0.037944
KCU,61,0,1,0.131052,0.044698,0.042629
BA,61,0,3,0.085072,0.028618,0.056326
KCU,61,0,1,0.132932,0.047097,0.04304
BA,61,0,6,0.198964,0.086966,0.111659
KCU,61,0,1,0.136188,0.047239,0.046226
BA,61,0,16,0.828676,0.519282,0.308381
KCU,61,0,1,0.132492,0.045106,0.042946
BA,61,0,15,0.761205,0.471417,0.288681
KCU,61,0,1,0.154556,0.04595,0.043232
BA,61,0,3,0.087629,0.030202,0.057267
KCU,61,0,1,0.133138,0.045558,0.043357
BA,61,0,5,0.161634,0.06806,0.093245
KCU,61,0,3,0.320058,0.096215,0.085792
BA,61,0,13,0.587566,0.352046,0.234593
KCU,61,0,1,0.127439,0.045816,0.037322
BA,61,0,3,0.085908,0.019757,0.066012
KCU,61,0,2,0.252785,0.07492,0.064619
BA,61,20,10,0.389253,0.203357,0.185221
KCU,61,20,1,0.155555,0.050918,0.055506
BA,61,20,10,0.453903,0.228321,0.224905
KCU,61,20,1,0.136419,0.047154,0.044098
BA,61,20,4,0.121753,0.046049,0.075495
KCU,61,20,3,0.325077,0.103291,0.089828
BA,61,20,14,0.673591,0.415386,0.257205
KCU,61,20,1,0.134315,0.045673,0.04384
BA,61,20,2,0.051261,0.014117,0.037055
KCU,61,20,1,0.091279,0.029184,0.032411
BA,61,20,2,0.057057,0.017116,0.039852
KCU,61,20,1,0.131583,0.045222,0.044228
BA,61,20,2,0.055637,0.005649,0.049917
KCU,61,20,1,0.135172,0.046641,0.043347
BA,61,20,4,0.123063,0.048151,0.074671
KCU,61,20,2,0.279554,0.082873,0.075558
BA,61,20,2,0.062792,0.01873,0.043956
KCU,61,20,1,0.128086,0.044805,0.040639
BA,61,20,3,0.097683,0.022093,0.075407
KCU,61,20,1,0.154808,0.04499,0.043571
BA,61,20,12,0.505074,0.257789,0.246459
KCU,61,20,1,0.133462,0.045968,0.043345
BA,61,20,4,0.123101,0.046645,0.076236
KCU,61,20,2,0.244138,0.066159,0.068771
BA,61,20,7,0.233567,0.089859,0.143278
KCU,61,20,1,0.158026,0.046396,0.043402
BA,61,20,2,0.066292,0.017424,0.048792
KCU,61,20,1,0.132851,0.044662,0.043405
BA,61,20,17,0.924558,0.606166,0.31724
KCU,61,20,1,0.136034,0.046881,0.044687
BA,61,20,3,0.086279,0.029553,0.05659
KCU,61,20,2,0.227459,0.073688,0.066547
BA,61,20,12,0.528843,0.306434,0.221593
KCU,61,20,1,0.133713,0.045759,0.044158
BA,61,20,10,0.409076,0.214366,0.194072
KCU,61,20,1,0.135087,0.046652,0.044566
BA,61,20,12,0.515705,0.292606,0.222327
KCU,61,20,1,0.130741,0.04449,0.043058
BA,61,20,6,0.203391,0.081258,0.121809
KCU,61,20,2,0.230585,0.077078,0.065578
BA,61,20,11,0.467708,0.260012,0.206976
KCU,61,20,1,0.151955,0.045011,0.041153
BA,61,20,2,0.060805,0.016824,0.043897
KCU,61,20,1,0.148936,0.049674,0.050471
BA,61,20,3,0.085498,0.020225,0.065091
KCU,61,20,1,0.13503,0.050264,0.040249
BA,61,20,6,0.202835,0.090344,0.112174
KCU,61,20,1,0.135626,0.046163,0.044517
BA,61,20,16,0.803946,0.507012,0.295824
KCU,61,20,1,0.132342,0.046343,0.044075
BA,61,20,15,0.748491,0.457215,0.29021
KCU,61,20,1,0.156523,0.046804,0.042782
BA,61,20,3,0.088248,0.020495,0.067619
KCU,61,20,1,0.133744,0.046637,0.041968
BA,61,20,5,0.166628,0.070716,0.095669
KCU,61,20,3,0.3248,0.104274,0.089487
BA,61,20,13,0.593505,0.354459,0.23815
KCU,61,20,1,0.135857,0.046798,0.044833
BA,61,20,3,0.097866,0.032022,0.065713
KCU,61,20,2,0.222905,0.072456,0.063273
BA,61,40,10,0.381706,0.201972,0.179129
KCU,61,40,1,0.129972,0.042968,0.042659
BA,61,40,10,0.383203,0.201598,0.180986
KCU,61,40,1,0.158122,0.047614,0.043969
BA,61,40,4,0.121595,0.045817,0.075567
KCU,61,40,3,0.359839,0.102367,0.097966
BA,61,40,14,0.679565,0.420272,0.258346
KCU,61,40,1,0.136865,0.047468,0.045135
BA,61,40,2,0.052993,0.014914,0.038012
KCU,61,40,1,0.127743,0.044187,0.040472
BA,61,40,2,0.054564,0.016087,0.038407
KCU,61,40,1,0.129159,0.045321,0.042084
BA,61,40,2,0.0543,0.006932,0.04728
KCU,61,40,1,0.131446,0.044738,0.041619
BA,61,40,4,0.121241,0.046346,0.074689
KCU,61,40,2,0.241944,0.069864,0.061329
BA,61,40,2,0.054407,0.016258,0.038057
KCU,61,40,1,0.131185,0.044236,0.042273
BA,61,40,3,0.103605,0.036243,0.067239
KCU,61,40,1,0.148468,0.05169,0.048402
BA,61,40,12,0.505381,0.285188,0.219375
KCU,61,40,1,0.132283,0.046058,0.042626
BA,61,40,4,0.121332,0.045715,0.075362
KCU,61,40,2,0.248384,0.067722,0.064424
BA,61,40,7,0.236771,0.089929,0.146345
KCU,61,40,1,0.13176,0.045828,0.041519
BA,61,40,2,0.054851,0.007041,0.047738
KCU,61,40,1,0.135391,0.045921,0.045202
BA,61,40,17,0.919327,0.593289,0.324857
KCU,61,40,1,0.133158,0.047823,0.040852
BA,61,40,3,0.097881,0.032748,0.064926
KCU,61,40,2,0.251649,0.082314,0.075958
BA,61,40,12,0.522648,0.303291,0.218528
KCU,61,40,1,0.135466,0.046915,0.044452
BA,61,40,10,0.407742,0.222708,0.184399
KCU,61,40,1,0.133146,0.04632,0.043394
BA,61,40,12,0.509603,0.279354,0.229454
KCU,61,40,1,0.138123,0.046359,0.042303
BA,61,40,6,0.202715,0.089619,0.112728
KCU,61,40,2,0.230639,0.07131,0.061288
BA,61,40,11,0.458967,0.250041,0.208096
KCU,61,40,1,0.15206,0.052805,0.045538
BA,61,40,2,0.06159,0.01737,0.044132
KCU,61,40,1,0.176895,0.051315,0.049267
BA,61,40,3,0.090961,0.032569,0.058229
KCU,61,40,1,0.160095,0.047564,0.04379
BA,61,40,6,0.199672,0.088412,0.110837
KCU,61,40,1,0.161815,0.048561,0.041191
BA,61,40,16,0.829993,0.523438,0.305379
KCU,61,40,1,0.159868,0.046121,0.042656
BA,61,40,15,0.760802,0.481696,0.278038
KCU,61,40,1,0.138949,0.046703,0.0435
BA,61,40,3,0.082936,0.019716,0.063064
KCU,61,40,1,0.151878,0.044671,0.042878
BA,61,40,5,0.158193,0.057925,0.099938
KCU,61,40,3,0.363783,0.106494,0.089334
BA,61,40,13,0.604284,0.360902,0.242482
KCU,61,40,1,0.134603,0.04597,0.040018
BA,61,40,3,0.087029,0.029883,0.057014
KCU,61,40,2,0.226641,0.07397,0.064348
BA,61,60,10,0.388622,0.204989,0.182997
KCU,61,60,1,0.154916,0.045998,0.044022
BA,61,60,10,0.385342,0.192664,0.192025
KCU,61,60,1,0.156766,0.047742,0.043424
BA,61,60,4,0.113337,0.042476,0.070687
KCU,61,60,3,0.345468,0.101807,0.089242
BA,61,60,14,0.676038,0.418246,0.256863
KCU,61,60,1,0.133175,0.046253,0.043476
BA,61,60,2,0.0527,0.005607,0.046997
KCU,61,60,1,0.138544,0.046436,0.045554
BA,61,60,2,0.054569,0.01581,0.038665
KCU,61,60,1,0.152118,0.04494,0.042101
BA,61,60,2,0.054378,0.015606,0.038686
KCU,61,60,1,0.156566,0.045859,0.044263
BA,61,60,4,0.1238,0.048584,0.074982
KCU,61,60,2,0.258244,0.076013,0.066413
BA,61,60,2,0.05382,0.016464,0.037259
KCU,61,60,1,0.124263,0.040336,0.037641
BA,61,60,3,0.08978,0.030913,0.058736
KCU,61,60,1,0.152022,0.044488,0.043806
BA,61,60,12,0.513794,0.287479,0.225551
KCU,61,60,1,0.135971,0.047912,0.043287
BA,61,60,4,0.123123,0.045931,0.076976
KCU,61,60,2,0.25417,0.076034,0.065157
BA,61,60,7,0.238838,0.109535,0.128854
KCU,61,60,1,0.158496,0.046876,0.044878
BA,61,60,2,0.055483,0.016454,0.038949
KCU,61,60,1,0.156266,0.044456,0.044657
BA,61,60,17,0.915404,0.59689,0.317213
KCU,61,60,1,0.172021,0.050143,0.049156
BA,61,60,3,0.086752,0.028228,0.058398
KCU,61,60,2,0.272794,0.078103,0.07119
BA,61,60,12,0.529204,0.306389,0.221996
KCU,61,60,1,0.133462,0.046157,0.041422
BA,61,60,10,0.41235,0.224952,0.186761
KCU,61,60,1,0.16084,0.047128,0.045374
BA,61,60,12,0.511905,0.290837,0.220227
KCU,61,60,1,0.136655,0.045623,0.042729
BA,61,60,6,0.200491,0.087689,0.112474
KCU,61,60,2,0.258516,0.076801,0.067627
BA,61,60,11,0.459818,0.258532,0.200514
KCU,61,60,1,0.139486,0.045926,0.044333
BA,61,60,2,0.05388,0.015242,0.038568
KCU,61,60,1,0.152659,0.043047,0.043342
BA,61,60,3,0.088954,0.030714,0.058096
KCU,61,60,1,0.159263,0.046483,0.044706
BA,61,60,6,0.202805,0.090909,0.111573
KCU,61,60,1,0.162645,0.048552,0.042284
BA,61,60,16,0.826293,0.519586,0.305587
KCU,61,60,1,0.137208,0.045644,0.042717
BA,61,60,15,0.752107,0.468639,0.274223
KCU,61,60,1,0.159012,0.046238,0.042517
BA,61,60,3,0.085258,0.020967,0.064119
KCU,61,60,1,0.181004,0.051338,0.051429
BA,61,60,5,0.190265,0.066959,0.116676
KCU,61,60,3,0.330652,0.098036,0.091984
BA,61,60,13,0.591589,0.34519,0.245592
KCU,61,60,1,0.141302,0.047482,0.042897
BA,61,60,3,0.088197,0.022438,0.065598
KCU,61,60,2,0.254351,0.074115,0.067572
BA,61,80,10,0.388736,0.204839,0.183269
KCU,61,80,1,0.152082,0.044898,0.041828
BA,61,80,10,0.384918,0.200903,0.183309
KCU,61,80,1,0.135782,0.046024,0.045042
BA,61,80,4,0.124521,0.049144,0.075126
KCU,61,80,3,0.332602,0.103022,0.095968
BA,61,80,14,0.677361,0.416593,0.259751
KCU,61,80,1,0.114676,0.032623,0.031857
BA,61,80,2,0.050359,0.006501,0.043704
KCU,61,80,1,0.129363,0.045049,0.041191
BA,61,80,2,0.053102,0.014059,0.038964
KCU,61,80,1,0.136835,0.046547,0.045572
BA,61,80,2,0.05567,0.006987,0.048609
KCU,61,80,1,0.136732,0.047238,0.044397
BA,61,80,4,0.123079,0.037096,0.085786
KCU,61,80,2,0.245126,0.070873,0.063063
BA,61,80,2,0.053285,0.015756,0.037388
KCU,61,80,1,0.133493,0.044956,0.044328
BA,61,80,3,0.087108,0.029935,0.057014
KCU,61,80,1,0.133294,0.046721,0.042531
BA,61,80,12,0.506748,0.275204,0.230737
KCU,61,80,1,0.129042,0.0443,0.041914
BA,61,80,4,0.126473,0.04966,0.076597
KCU,61,80,2,0.22984,0.074931,0.066192
BA,61,80,7,0.240919,0.111285,0.129164
KCU,61,80,1,0.138112,0.048644,0.044493
BA,61,80,2,0.054329,0.01501,0.039235
KCU,61,80,1,0.13559,0.049757,0.040854
BA,61,80,17,0.912697,0.574126,0.329199
KCU,61,80,1,0.133333,0.045407,0.044215
BA,61,80,3,0.084636,0.020186,0.06429
KCU,61,80,2,0.246641,0.072011,0.063164
BA,61,80,12,0.516573,0.299888,0.215921
KCU,61,80,1,0.155179,0.049881,0.039999
BA,61,80,10,0.364583,0.192236,0.171777
KCU,61,80,1,0.132141,0.044949,0.042974
BA,61,80,12,0.509225,0.287945,0.220463
KCU,61,80,1,0.136365,0.048313,0.045024
BA,61,80,6,0.198326,0.086677,0.111296
KCU,61,80,2,0.251335,0.076121,0.063504
BA,61,80,11,0.460676,0.257978,0.201997
KCU,61,80,1,0.143318,0.05255,0.043234
BA,61,80,2,0.062007,0.017263,0.04467
KCU,61,80,1,0.173732,0.049864,0.050571
BA,61,80,3,0.086088,0.028825,0.05712
KCU,61,80,1,0.157046,0.045868,0.044016
BA,61,80,6,0.20399,0.090528,0.113087
KCU,61,80,1,0.157588,0.048039,0.041842
BA,61,80,16,0.819112,0.525564,0.292412
KCU,61,80,1,0.151671,0.045369,0.041277
BA,61,80,15,0.763996,0.482887,0.280036
KCU,61,80,1,0.172046,0.050846,0.049972
BA,61,80,3,0.101648,0.034592,0.066897
KCU,61,80,1,0.14639,0.04974,0.048935
BA,61,80,5,0.161885,0.067298,0.094313
KCU,61,80,3,0.335352,0.098608,0.098874
BA,61,80,13,0.594565,0.355388,0.23828
KCU,61,80,1,0.1526,0.044449,0.043353
BA,61,80,3,0.084114,0.01978,0.064171
KCU,61,80,2,0.249314,0.077512,0.060459
BA,61,100,10,0.379648,0.189219,0.189806
KCU,61,100,1,0.144686,0.049355,0.047924
BA,61,100,10,0.447277,0.23494,0.211662
KCU,61,100,1,0.16811,0.05426,0.042096
BA,61,100,4,0.141071,0.053673,0.087121
KCU,61,100,3,0.369482,0.113255,0.119112
BA,61,100,14,0.671284,0.405098,0.265132
KCU,61,100,1,0.148991,0.050025,0.050222
BA,61,100,2,0.060498,0.016596,0.043804
KCU,61,100,1,0.168941,0.048856,0.04907
BA,61,100,2,0.052946,0.005327,0.047536
KCU,61,100,1,0.154295,0.046697,0.040573
BA,61,100,2,0.053167,0.015165,0.0379
KCU,61,100,1,0.154067,0.045142,0.043433
BA,61,100,4,0.122551,0.046032,0.076264
KCU,61,100,2,0.245078,0.071716,0.06426
BA,61,100,2,0.055274,0.01722,0.037954
KCU,61,100,1,0.134298,0.047177,0.042724
BA,61,100,3,0.088562,0.021122,0.067312
KCU,61,100,1,0.156425,0.045256,0.043145
BA,61,100,12,0.50766,0.276255,0.230579
KCU,61,100,1,0.147841,0.050483,0.049092
BA,61,100,4,0.1387,0.051564,0.086906
KCU,61,100,2,0.232557,0.076859,0.06813
BA,61,100,7,0.240036,0.11052,0.129051
KCU,61,100,1,0.133085,0.046117,0.043305
BA,61,100,2,0.060866,0.00497,0.055824
KCU,61,100,1,0.130394,0.045405,0.041833
BA,61,100,17,0.920834,0.599529,0.320065
KCU,61,100,1,0.129683,0.044806,0.041822
BA,61,100,3,0.087354,0.029164,0.058054
KCU,61,100,2,0.233637,0.076265,0.068084
BA,61,100,12,0.529963,0.308812,0.22037
KCU,61,100,1,0.134103,0.046398,0.043691
BA,61,100,10,0.408046,0.224598,0.182779
KCU,61,100,1,0.131199,0.05005,0.038181
BA,61,100,12,0.509844,0.279963,0.229101
KCU,61,100,1,0.131457,0.045285,0.042808
BA,61,100,6,0.196289,0.085457,0.110489
KCU,61,100,2,0.228894,0.075887,0.065623
BA,61,100,11,0.44923,0.254428,0.194097
KCU,61,100,1,0.14612,0.048777,0.051335
BA,61,100,2,0.059772,0.006547,0.053134
KCU,61,100,1,0.144579,0.052016,0.044354
BA,61,100,3,0.08658,0.030006,0.056421
KCU,61,100,1,0.130967,0.044643,0.042877
BA,61,100,6,0.201966,0.090686,0.110937
KCU,61,100,1,0.1566,0.046321,0.042772
BA,61,100,16,0.829601,0.532104,0.296269
KCU,61,100,1,0.151272,0.044837,0.040844
BA,61,100,15,0.760203,0.472207,0.286923
KCU,61,100,1,0.147153,0.049426,0.049526
BA,61,100,3,0.097225,0.032619,0.064429
KCU,61,100,1,0.145877,0.048145,0.049425
BA,61,100,5,0.160949,0.067442,0.093203
KCU,61,100,3,0.324249,0.09847,0.094681
BA,61,100,13,0.597632,0.357634,0.239099
KCU,61,100,1,0.132512,0.046822,0.042219
BA,61,100,3,0.088492,0.029712,0.058636
KCU,61,100,2,0.23764,0.073441,0.070103
BA,71,0,9,0.444243,0.213147,0.230429
KCU,71,0,1,0.189712,0.064384,0.056785
BA,71,0,10,0.498886,0.227992,0.270155
KCU,71,0,1,0.190967,0.060991,0.061481
BA,71,0,5,0.208948,0.079377,0.129239
KCU,71,0,3,0.454594,0.137315,0.12469
BA,71,0,13,0.721649,0.387059,0.333632
KCU,71,0,1,0.211874,0.067856,0.068652
BA,71,0,2,0.084327,0.021981,0.062258
KCU,71,0,1,0.18305,0.063172,0.059963
BA,71,0,2,0.081276,0.021457,0.059699
KCU,71,0,1,0.188846,0.064391,0.060281
BA,71,0,2,0.071288,0.018271,0.052906
KCU,71,0,1,0.181172,0.060106,0.060937
BA,71,0,4,0.161455,0.045174,0.116021
KCU,71,0,2,0.287245,0.082197,0.086376
BA,71,0,2,0.073321,0.020458,0.052769
KCU,71,0,1,0.206322,0.074672,0.064239
BA,71,0,3,0.116497,0.038149,0.078154
KCU,71,0,1,0.182466,0.060386,0.061269
BA,71,0,12,0.630976,0.323716,0.306359
KCU,71,0,1,0.183735,0.06147,0.059757
BA,71,0,4,0.160737,0.055907,0.104539
KCU,71,0,2,0.352641,0.101553,0.091373
BA,71,0,9,0.418935,0.193249,0.225042
KCU,71,0,1,0.19956,0.064186,0.062278
BA,71,0,2,0.071362,0.006989,0.064289
KCU,71,0,1,0.193077,0.061612,0.061845
BA,71,0,17,1.10822,0.65765,0.44913
KCU,71,0,1,0.192286,0.061146,0.061783
BA,71,0,3,0.116213,0.038555,0.077489
KCU,71,0,2,0.353784,0.1108,0.103174
BA,71,0,11,0.592598,0.311555,0.280202
KCU,71,0,1,0.188974,0.06371,0.059344
BA,71,0,10,0.5045,0.248068,0.255749
KCU,71,0,1,0.185967,0.060311,0.057468
BA,71,0,10,0.508444,0.251108,0.256633
KCU,71,0,1,0.190501,0.062696,0.060555
BA,71,0,6,0.268998,0.097703,0.170943
KCU,71,0,2,0.348195,0.104598,0.088972
BA,71,0,11,0.573257,0.290921,0.281517
KCU,71,0,1,0.189875,0.061121,0.062127
BA,71,0,2,0.078534,0.006712,0.071717
KCU,71,0,1,0.209467,0.065177,0.070428
BA,71,0,3,0.113047,0.037202,0.075697
KCU,71,0,1,0.215962,0.06146,0.060831
BA,71,0,7,0.323283,0.141225,0.181647
KCU,71,0,1,0.188053,0.059756,0.061238
BA,71,0,15,0.953782,0.562449,0.390224
KCU,71,0,1,0.218083,0.062061,0.060074
BA,71,0,14,0.836532,0.472982,0.362465
KCU,71,0,1,0.221382,0.062836,0.062041
BA,71,0,3,0.117467,0.03914,0.078124
KCU,71,0,1,0.219469,0.06217,0.061875
BA,71,0,8,0.330648,0.139793,0.190419
KCU,71,0,5,0.752773,0.226127,0.184275
BA,71,0,15,0.933648,0.545389,0.387144
KCU,71,0,1,0.189617,0.061325,0.061426
BA,71,0,3,0.115558,0.037127,0.078205
KCU,71,0,2,0.347127,0.101626,0.089127
BA,71,20,9,0.507812,0.240724,0.266399
KCU,71,20,1,0.206721,0.066354,0.067605
BA,71,20,10,0.539477,0.247542,0.291202
KCU,71,20,1,0.18758,0.06064,0.063082
BA,71,20,5,0.214404,0.08327,0.130776
KCU,71,20,3,0.493212,0.143104,0.137295
BA,71,20,13,1.08752,0.57179,0.513776
KCU,71,20,1,0.309797,0.088941,0.081575
BA,71,20,2,0.101991,0.027895,0.073876
KCU,71,20,1,0.307823,0.092146,0.079624
BA,71,20,2,0.080472,0.021816,0.05857
KCU,71,20,1,0.194001,0.065291,0.059709
BA,71,20,2,0.084386,0.023447,0.060858
KCU,71,20,1,0.211094,0.064972,0.070141
BA,71,20,4,0.161073,0.057359,0.103473
KCU,71,20,2,0.349078,0.103947,0.089258
BA,71,20,2,0.084242,0.020258,0.063848
KCU,71,20,1,0.186329,0.060301,0.058655
BA,71,20,3,0.115331,0.03697,0.078171
KCU,71,20,1,0.231667,0.067817,0.064961
BA,71,20,12,0.641217,0.331249,0.309082
KCU,71,20,1,0.223295,0.06257,0.06155
BA,71,20,4,0.165771,0.060292,0.105245
KCU,71,20,2,0.350041,0.099923,0.093613
BA,71,20,9,0.43459,0.201729,0.232237
KCU,71,20,1,0.190553,0.06061,0.062794
BA,71,20,2,0.071633,0.019166,0.052315
KCU,71,20,1,0.219057,0.062672,0.061016
BA,71,20,17,1.08911,0.659021,0.428815
KCU,71,20,1,0.185741,0.064975,0.054322
BA,71,20,3,0.116862,0.038167,0.07854
KCU,71,20,2,0.354443,0.102803,0.092559
BA,71,20,11,0.687228,0.361372,0.324949
KCU,71,20,1,0.188269,0.063389,0.057103
BA,71,20,10,0.511541,0.254279,0.256579
KCU,71,20,1,0.190269,0.060998,0.063136
BA,71,20,10,0.504354,0.249097,0.254557
KCU,71,20,1,0.179359,0.059713,0.054314
BA,71,20,6,0.262474,0.108406,0.153719
KCU,71,20,2,0.354774,0.101183,0.095801
BA,71,20,11,0.582731,0.297231,0.28472
KCU,71,20,1,0.18807,0.06092,0.059456
BA,71,20,2,0.070768,0.01856,0.052117
KCU,71,20,1,0.188888,0.063168,0.058197
BA,71,20,3,0.128467,0.037437,0.090821
KCU,71,20,1,0.193163,0.06561,0.059826
BA,71,20,7,0.319382,0.137732,0.18116
KCU,71,20,1,0.186551,0.061143,0.06424
BA,71,20,15,0.940691,0.558792,0.380683
KCU,71,20,1,0.221527,0.064062,0.062291
BA,71,20,14,0.844974,0.469521,0.374425
KCU,71,20,1,0.236638,0.066534,0.068034
BA,71,20,3,0.131831,0.042678,0.088939
KCU,71,20,1,0.216239,0.062209,0.059694
BA,71,20,8,0.376728,0.169717,0.206441
KCU,71,20,5,0.746313,0.218236,0.189301
BA,71,20,15,0.921966,0.514186,0.395197
KCU,71,20,1,0.19515,0.064061,0.060802
BA,71,20,3,0.117813,0.036811,0.080884
KCU,71,20,2,0.356879,0.101827,0.095985
BA,71,40,9,0.447462,0.216064,0.230744
KCU,71,40,1,0.187042,0.060803,0.061556
BA,71,40,10,0.498573,0.240325,0.257495
KCU,71,40,1,0.220239,0.062637,0.061667
BA,71,40,5,0.212058,0.08098,0.130763
KCU,71,40,3,0.476507,0.139334,0.124454
BA,71,40,13,0.84324,0.45624,0.385926
KCU,71,40,1,0.209424,0.06646,0.067947
BA,71,40,2,0.084191,0.023538,0.060542
KCU,71,40,1,0.193675,0.061497,0.06227
BA,71,40,2,0.07054,0.018197,0.052202
KCU,71,40,1,0.206388,0.065393,0.066439
BA,71,40,2,0.07546,0.022116,0.05325
KCU,71,40,1,0.23916,0.066425,0.06845
BA,71,40,4,0.158011,0.057269,0.100498
KCU,71,40,2,0.357307,0.10382,0.093883
BA,71,40,2,0.070367,0.019941,0.050324
KCU,71,40,1,0.189198,0.060573,0.061908
BA,71,40,3,0.173201,0.054583,0.118251
KCU,71,40,1,0.273225,0.088878,0.082311
BA,71,40,12,0.861628,0.403269,0.439017
KCU,71,40,1,0.292196,0.088442,0.078062
BA,71,40,4,0.195725,0.069351,0.125973
KCU,71,40,2,0.518045,0.154042,0.128303
BA,71,40,9,0.593449,0.260543,0.331637
KCU,71,40,1,0.273993,0.09119,0.081513
BA,71,40,2,0.099625,0.02646,0.072926
KCU,71,40,1,0.309289,0.09584,0.07614
BA,71,40,17,1.40154,0.815353,0.584075
KCU,71,40,1,0.267494,0.088876,0.081618
BA,71,40,3,0.165873,0.059278,0.106142
KCU,71,40,2,0.504588,0.147444,0.12808
BA,71,40,11,0.802752,0.400986,0.400284
KCU,71,40,1,0.308467,0.090708,0.081378
BA,71,40,10,0.694735,0.307751,0.384701
KCU,71,40,1,0.254515,0.095633,0.065151
BA,71,40,10,0.704954,0.34014,0.363379
KCU,71,40,1,0.307601,0.084594,0.085753
BA,71,40,6,0.375156,0.155929,0.218415
KCU,71,40,2,0.510658,0.145302,0.128603
BA,71,40,11,0.594698,0.298084,0.295739
KCU,71,40,1,0.188606,0.061293,0.062711
BA,71,40,2,0.074292,0.019598,0.054558
KCU,71,40,1,0.186096,0.063371,0.055164
BA,71,40,3,0.119911,0.040473,0.079286
KCU,71,40,1,0.193626,0.063535,0.061717
BA,71,40,7,0.318896,0.138075,0.18036
KCU,71,40,1,0.191646,0.061006,0.061962
BA,71,40,15,0.940239,0.557615,0.381433
KCU,71,40,1,0.187603,0.060949,0.058971
BA,71,40,14,0.836179,0.476224,0.358913
KCU,71,40,1,0.192973,0.061335,0.062965
BA,71,40,3,0.11455,0.037068,0.077338
KCU,71,40,1,0.188041,0.060868,0.060366
BA,71,40,8,0.384445,0.174692,0.209262
KCU,71,40,5,0.761555,0.224499,0.191754
BA,71,40,15,0.924606,0.540933,0.382517
KCU,71,40,1,0.221272,0.063609,0.062914
BA,71,40,3,0.117044,0.038374,0.078481
KCU,71,40,2,0.348694,0.098763,0.092851
BA,71,60,9,0.396204,0.186757,0.208891
KCU,71,60,1,0.189544,0.061345,0.061059
BA,71,60,10,0.50249,0.247009,0.2548
KCU,71,60,1,0.182181,0.058354,0.059321
BA,71,60,5,0.212669,0.080614,0.131715
KCU,71,60,3,0.449542,0.139538,0.122942
BA,71,60,13,0.720623,0.389906,0.329722
KCU,71,60,1,0.211669,0.066991,0.070701
BA,71,60,2,0.079223,0.020016,0.059108
KCU,71,60,1,0.195991,0.063178,0.06504
BA,71,60,2,0.075265,0.021245,0.05394
KCU,71,60,1,0.206482,0.064598,0.068946
BA,71,60,2,0.073371,0.019371,0.053872
KCU,71,60,1,0.188453,0.062542,0.059959
BA,71,60,4,0.162091,0.05834,0.103515
KCU,71,60,2,0.346847,0.100448,0.090296
BA,71,60,2,0.084334,0.025452,0.058786
KCU,71,60,1,0.200901,0.061674,0.073042
BA,71,60,3,0.115556,0.025667,0.089698
KCU,71,60,1,0.173594,0.0553,0.056125
BA,71,60,12,0.628344,0.308494,0.306377
KCU,71,60,1,0.235982,0.064252,0.076241
BA,71,60,4,0.163426,0.058646,0.104549
KCU,71,60,2,0.322732,0.101947,0.106993
BA,71,60,9,0.42731,0.196953,0.22968
KCU,71,60,1,0.188309,0.060957,0.063126
BA,71,60,2,0.071084,0.018838,0.052164
KCU,71,60,1,0.221785,0.063055,0.062373
BA,71,60,17,1.06728,0.640816,0.425108
KCU,71,60,1,0.194839,0.062003,0.06226
BA,71,60,3,0.115573,0.037864,0.077518
KCU,71,60,2,0.322221,0.103652,0.091045
BA,71,60,11,0.600448,0.314736,0.284895
KCU,71,60,1,0.187142,0.06128,0.059525
BA,71,60,10,0.51022,0.250838,0.258671
KCU,71,60,1,0.1891,0.06102,0.0613
BA,71,60,10,0.506422,0.248448,0.257194
KCU,71,60,1,0.184863,0.059782,0.059289
BA,71,60,6,0.22164,0.087567,0.133755
KCU,71,60,2,0.349491,0.10156,0.093886
BA,71,60,11,0.583388,0.296708,0.285904
KCU,71,60,1,0.190013,0.061149,0.061601
BA,71,60,2,0.071258,0.018658,0.052524
KCU,71,60,1,0.20914,0.073243,0.063267
BA,71,60,3,0.127857,0.041037,0.086619
KCU,71,60,1,0.217806,0.062049,0.060833
BA,71,60,7,0.319334,0.139077,0.179779
KCU,71,60,1,0.213042,0.061454,0.057172
BA,71,60,15,0.895814,0.53545,0.359282
KCU,71,60,1,0.188214,0.060972,0.060377
BA,71,60,14,0.843935,0.45646,0.386398
KCU,71,60,1,0.210373,0.06606,0.070611
BA,71,60,3,0.133134,0.043213,0.089671
KCU,71,60,1,0.216144,0.062018,0.06023
BA,71,60,8,0.383987,0.175751,0.207644
KCU,71,60,5,0.716063,0.216456,0.188264
BA,71,60,15,0.887072,0.520479,0.365525
KCU,71,60,1,0.217955,0.062532,0.061149
BA,71,60,3,0.119937,0.041263,0.078513
KCU,71,60,2,0.35583,0.104599,0.0919
BA,71,80,9,0.447071,0.214638,0.231798
KCU,71,80,1,0.189546,0.061353,0.061885
BA,71,80,10,0.499373,0.24282,0.255852
KCU,71,80,1,0.239978,0.071723,0.064149
BA,71,80,5,0.238129,0.089671,0.148114
KCU,71,80,3,0.396895,0.120655,0.113604
BA,71,80,13,0.7279,0.391546,0.33519
KCU,71,80,1,0.224667,0.065123,0.062616
BA,71,80,2,0.073458,0.019718,0.053664
KCU,71,80,1,0.22536,0.064393,0.061895
BA,71,80,2,0.073193,0.020982,0.052098
KCU,71,80,1,0.217251,0.062401,0.060314
BA,71,80,2,0.081108,0.021151,0.059873
KCU,71,80,1,0.238769,0.072987,0.062854
BA,71,80,4,0.137254,0.047107,0.089918
KCU,71,80,2,0.34822,0.100507,0.092021
BA,71,80,2,0.074894,0.022843,0.051951
KCU,71,80,1,0.190914,0.062161,0.061096
BA,71,80,3,0.11907,0.041926,0.076991
KCU,71,80,1,0.186359,0.060151,0.059089
BA,71,80,12,0.633164,0.323952,0.308295
KCU,71,80,1,0.191643,0.061113,0.062142
BA,71,80,4,0.161479,0.057033,0.104228
KCU,71,80,2,0.350272,0.100298,0.092664
BA,71,80,9,0.426573,0.197472,0.228472
KCU,71,80,1,0.193181,0.063788,0.062349
BA,71,80,2,0.072842,0.019246,0.053539
KCU,71,80,1,0.193201,0.063181,0.060644
BA,71,80,17,1.2586,0.763903,0.493334
KCU,71,80,1,0.187561,0.060829,0.059856
BA,71,80,3,0.116591,0.037565,0.078814
KCU,71,80,2,0.346274,0.100175,0.091272
BA,71,80,11,0.5921,0.297606,0.293625
KCU,71,80,1,0.189147,0.064026,0.057056
BA,71,80,10,0.501345,0.236632,0.252288
KCU,71,80,1,0.193769,0.062952,0.062864
BA,71,80,10,0.507103,0.234803,0.271592
KCU,71,80,1,0.190863,0.062517,0.061993
BA,71,80,6,0.262521,0.095661,0.166388
KCU,71,80,2,0.344919,0.099536,0.089799
BA,71,80,11,0.574623,0.29218,0.281595
KCU,71,80,1,0.189826,0.061073,0.062625
BA,71,80,2,0.072533,0.019227,0.053238
KCU,71,80,1,0.181426,0.057333,0.059305
BA,71,80,3,0.114568,0.037042,0.077351
KCU,71,80,1,0.194889,0.062371,0.064134
BA,71,80,7,0.474084,0.205117,0.26798
KCU,71,80,1,0.311926,0.089157,0.0826
BA,71,80,15,1.26533,0.719752,0.543186
KCU,71,80,1,0.313188,0.091403,0.082599
BA,71,80,14,1.1125,0.604317,0.506357
KCU,71,80,1,0.2768,0.089745,0.080446
BA,71,80,3,0.171513,0.055351,0.115846
KCU,71,80,1,0.239847,0.074827,0.062206
BA,71,80,8,0.384828,0.175436,0.208821
KCU,71,80,5,0.754384,0.222942,0.182995
BA,71,80,15,0.93474,0.532725,0.387616
KCU,71,80,1,0.233343,0.067986,0.065877
BA,71,80,3,0.133674,0.042479,0.091022
KCU,71,80,2,0.358015,0.103026,0.095298
BA,71,100,9,0.45274,0.217301,0.234801
KCU,71,100,1,0.191395,0.063589,0.060369
BA,71,100,10,0.572078,0.27606,0.2952
KCU,71,100,1,0.239626,0.068287,0.069632
BA,71,100,5,0.211548,0.069538,0.141681
KCU,71,100,3,0.482718,0.142403,0.122493
BA,71,100,13,0.698205,0.378299,0.318971
KCU,71,100,1,0.225997,0.067555,0.055981
BA,71,100,2,0.069992,0.005414,0.064488
KCU,71,100,1,0.218671,0.069189,0.05432
BA,71,100,2,0.072195,0.007136,0.064974
KCU,71,100,1,0.22453,0.063935,0.062401
BA,71,100,2,0.071907,0.020143,0.051666
KCU,71,100,1,0.213156,0.060913,0.057439
BA,71,100,4,0.186904,0.066636,0.120025
KCU,71,100,2,0.534271,0.156777,0.135342
BA,71,100,2,0.080024,0.02217,0.057758
KCU,71,100,1,0.290695,0.088854,0.092837
BA,71,100,3,0.157529,0.03721,0.120095
KCU,71,100,1,0.274091,0.085012,0.084114
BA,71,100,12,0.857097,0.412281,0.443239
KCU,71,100,1,0.273746,0.089346,0.082192
BA,71,100,4,0.229709,0.079848,0.14939
KCU,71,100,2,0.368013,0.117869,0.101426
BA,71,100,9,0.599164,0.265823,0.33214
KCU,71,100,1,0.267314,0.082791,0.085185
BA,71,100,2,0.117008,0.025919,0.090931
KCU,71,100,1,0.271214,0.087417,0.081715
BA,71,100,17,1.47508,0.834478,0.61998
KCU,71,100,1,0.310231,0.090933,0.081466
BA,71,100,3,0.162658,0.055916,0.106457
KCU,71,100,2,0.509413,0.141914,0.147048
BA,71,100,11,0.825044,0.380218,0.443365
KCU,71,100,1,0.264135,0.089412,0.07569
BA,71,100,10,0.69857,0.331128,0.365935
KCU,71,100,1,0.264695,0.086765,0.080941
BA,71,100,10,0.696199,0.325911,0.368842
KCU,71,100,1,0.274956,0.09117,0.081319
BA,71,100,6,0.353918,0.117385,0.235759
KCU,71,100,2,0.541954,0.157128,0.140118
BA,71,100,11,0.821825,0.398339,0.422112
KCU,71,100,1,0.272971,0.090239,0.081698
BA,71,100,2,0.100057,0.026292,0.0736
KCU,71,100,1,0.269947,0.087666,0.079857
BA,71,100,3,0.180004,0.05226,0.12743
KCU,71,100,1,0.164936,0.049034,0.057346
BA,71,100,7,0.324774,0.1397,0.184671
KCU,71,100,1,0.195814,0.063644,0.063081
BA,71,100,15,0.95239,0.552398,0.386812
KCU,71,100,1,0.187921,0.060242,0.061119
BA,71,100,14,0.835624,0.474791,0.359707
KCU,71,100,1,0.187302,0.061225,0.060545
BA,71,100,3,0.13096,0.040547,0.090208
KCU,71,100,1,0.206495,0.064915,0.069436
BA,71,100,8,0.378159,0.172426,0.205192
KCU,71,100,5,0.740029,0.21676,0.187786
BA,71,100,15,0.939018,0.551003,0.386827
KCU,71,100,1,0.195238,0.061431,0.063494
BA,71,100,3,0.115329,0.036802,0.078341
KCU,71,100,2,0.353504,0.102156,0.094017
BA,81,0,10,0.628328,0.293796,0.333695
KCU,81,0,1,0.369658,0.115672,0.110927
BA,81,0,10,0.819833,0.350645,0.446367
KCU,81,0,1,0.345766,0.110081,0.108676
BA,81,0,4,0.230453,0.076841,0.153321
KCU,81,0,4,0.780547,0.222898,0.203462
BA,81,0,12,0.740403,0.363826,0.375615
KCU,81,0,1,0.23832,0.075272,0.077462
BA,81,0,2,0.102502,0.025587,0.076798
KCU,81,0,1,0.270635,0.087329,0.087729
BA,81,0,2,0.092621,0.02256,0.069916
KCU,81,0,1,0.265533,0.0815,0.088804
BA,81,0,2,0.089232,0.022315,0.066771
KCU,81,0,1,0.277494,0.08605,0.092051
BA,81,0,4,0.210825,0.07364,0.136918
KCU,81,0,2,0.453041,0.132601,0.114072
BA,81,0,2,0.091976,0.022923,0.068902
KCU,81,0,1,0.240492,0.076185,0.07652
BA,81,0,3,0.146002,0.045029,0.100742
KCU,81,0,1,0.263488,0.080981,0.088943
BA,81,0,10,0.711773,0.325971,0.385016
KCU,81,0,1,0.248063,0.078568,0.080615
BA,81,0,4,0.234816,0.077912,0.156606
KCU,81,0,2,0.494474,0.13839,0.134865
BA,81,0,9,0.603483,0.258794,0.343967
KCU,81,0,1,0.242319,0.07665,0.079626
BA,81,0,2,0.093343,0.007378,0.08586
KCU,81,0,1,0.357416,0.114843,0.108204
BA,81,0,17,1.71228,0.885558,0.824281
KCU,81,0,1,0.342716,0.107232,0.104416
BA,81,0,3,0.215919,0.066786,0.148776
KCU,81,0,2,0.63171,0.182857,0.157218
BA,81,0,11,0.961525,0.442272,0.517796
KCU,81,0,1,0.342155,0.110277,0.103505
BA,81,0,12,1.05046,0.494125,0.554723
KCU,81,0,1,0.342213,0.107535,0.102282
BA,81,0,11,0.907091,0.380556,0.525008
KCU,81,0,1,0.345899,0.114766,0.104827
BA,81,0,6,0.448969,0.172769,0.27537
KCU,81,0,2,0.483595,0.135317,0.12969
BA,81,0,12,0.880552,0.439542,0.439996
KCU,81,0,1,0.230041,0.072114,0.077922
BA,81,0,2,0.091495,0.023206,0.068169
KCU,81,0,1,0.269404,0.084672,0.091635
BA,81,0,3,0.148362,0.030622,0.117589
KCU,81,0,1,0.241196,0.075837,0.078842
BA,81,0,7,0.39352,0.160705,0.23232
KCU,81,0,1,0.265413,0.084429,0.087232
BA,81,0,15,1.10269,0.602667,0.498752
KCU,81,0,1,0.24103,0.073964,0.081181
BA,81,0,16,1.24091,0.703041,0.536528
KCU,81,0,1,0.241148,0.076542,0.078846
BA,81,0,3,0.148291,0.046693,0.101386
KCU,81,0,1,0.264113,0.081482,0.090206
BA,81,0,7,0.399102,0.165206,0.23334
KCU,81,0,3,0.589756,0.1776,0.162383
BA,81,0,15,1.12151,0.619166,0.501006
KCU,81,0,1,0.252923,0.078945,0.087778
BA,81,0,3,0.145932,0.045304,0.100439
KCU,81,0,2,0.446505,0.127788,0.119118
BA,81,20,10,0.621224,0.288993,0.331397
KCU,81,20,1,0.264094,0.088073,0.082851
BA,81,20,10,0.626122,0.285973,0.339401
KCU,81,20,1,0.244094,0.077893,0.081026
BA,81,20,4,0.205615,0.070934,0.134407
KCU,81,20,4,0.786636,0.226961,0.204466
BA,81,20,12,0.77079,0.383653,0.386177
KCU,81,20,1,0.26476,0.081423,0.089424
BA,81,20,2,0.090229,0.022804,0.067292
KCU,81,20,1,0.241349,0.077113,0.078524
BA,81,20,2,0.091594,0.024306,0.067197
KCU,81,20,1,0.266333,0.081439,0.089127
BA,81,20,2,0.103353,0.026227,0.077001
KCU,81,20,1,0.260849,0.079066,0.08917
BA,81,20,4,0.205472,0.053371,0.15181
KCU,81,20,2,0.674399,0.194477,0.166328
BA,81,20,2,0.102699,0.026483,0.07607
KCU,81,20,1,0.266428,0.082689,0.090456
BA,81,20,3,0.10871,0.028824,0.079709
KCU,81,20,1,0.260959,0.082193,0.085562
BA,81,20,10,0.709517,0.325168,0.383573
KCU,81,20,1,0.284328,0.081769,0.109107
BA,81,20,4,0.205381,0.070486,0.134604
KCU,81,20,2,0.492055,0.140133,0.133279
BA,81,20,9,0.576369,0.247538,0.328176
KCU,81,20,1,0.239963,0.076482,0.077309
BA,81,20,2,0.091128,0.005826,0.085194
KCU,81,20,1,0.241402,0.07707,0.080058
BA,81,20,17,1.30456,0.7231,0.56345
KCU,81,20,1,0.234819,0.078701,0.071509
BA,81,20,3,0.14933,0.048782,0.10035
KCU,81,20,2,0.385795,0.109829,0.107013
BA,81,20,11,0.719504,0.34965,0.369063
KCU,81,20,1,0.242681,0.078285,0.078246
BA,81,20,12,0.795613,0.391574,0.403133
KCU,81,20,1,0.241465,0.076278,0.079058
BA,81,20,11,1.01797,0.4462,0.570149
KCU,81,20,1,0.340496,0.107677,0.102064
BA,81,20,6,0.3704,0.140513,0.229446
KCU,81,20,2,0.495697,0.141868,0.133424
BA,81,20,12,0.807354,0.392669,0.413626
KCU,81,20,1,0.239984,0.075965,0.079542
BA,81,20,2,0.101168,0.024124,0.076902
KCU,81,20,1,0.239109,0.075587,0.078589
BA,81,20,3,0.166772,0.050819,0.115745
KCU,81,20,1,0.24563,0.076991,0.081555
BA,81,20,7,0.453498,0.164834,0.28811
KCU,81,20,1,0.265589,0.082871,0.088544
BA,81,20,15,1.09341,0.596159,0.49597
KCU,81,20,1,0.242343,0.076113,0.080574
BA,81,20,16,1.22736,0.692828,0.533191
KCU,81,20,1,0.238684,0.081068,0.072608
BA,81,20,3,0.146188,0.046553,0.099425
KCU,81,20,1,0.245961,0.077647,0.081545
BA,81,20,7,0.577215,0.230142,0.346141
KCU,81,20,3,0.629654,0.175652,0.167746
BA,81,20,15,1.09067,0.599128,0.490225
KCU,81,20,1,0.269803,0.083531,0.09078
BA,81,20,3,0.166988,0.049805,0.116936
KCU,81,20,2,0.451717,0.127527,0.121268
BA,81,40,10,0.898672,0.408826,0.488349
KCU,81,40,1,0.337393,0.107777,0.10332
BA,81,40,10,0.69665,0.319031,0.37679
KCU,81,40,1,0.269876,0.083197,0.091258
BA,81,40,4,0.208682,0.07363,0.134769
KCU,81,40,4,0.778848,0.224746,0.217392
BA,81,40,12,0.79639,0.398063,0.397264
KCU,81,40,1,0.262597,0.082266,0.088328
BA,81,40,2,0.100707,0.023065,0.077525
KCU,81,40,1,0.242981,0.076412,0.080453
BA,81,40,2,0.091984,0.023678,0.068175
KCU,81,40,1,0.239959,0.076105,0.078629
BA,81,40,2,0.090037,0.022514,0.067374
KCU,81,40,1,0.235464,0.079744,0.072535
BA,81,40,4,0.206976,0.072029,0.134629
KCU,81,40,2,0.44603,0.128401,0.116915
BA,81,40,2,0.102831,0.009038,0.093657
KCU,81,40,1,0.265926,0.083004,0.090562
BA,81,40,3,0.165393,0.033022,0.132149
KCU,81,40,1,0.235094,0.075082,0.076775
BA,81,40,10,0.577873,0.261438,0.315742
KCU,81,40,1,0.243884,0.078321,0.086458
BA,81,40,4,0.230323,0.075834,0.15423
KCU,81,40,2,0.460171,0.131109,0.121018
BA,81,40,9,0.741736,0.311381,0.429211
KCU,81,40,1,0.267712,0.083299,0.090118
BA,81,40,2,0.096065,0.025901,0.070026
KCU,81,40,1,0.241258,0.077041,0.078481
BA,81,40,17,1.31094,0.742462,0.567082
KCU,81,40,1,0.284854,0.083267,0.107486
BA,81,40,3,0.168935,0.052915,0.115848
KCU,81,40,2,0.448915,0.127973,0.120934
BA,81,40,11,0.687749,0.335407,0.351472
KCU,81,40,1,0.238427,0.076472,0.077852
BA,81,40,12,0.800636,0.397733,0.402044
KCU,81,40,1,0.244723,0.077566,0.079415
BA,81,40,11,0.701394,0.335273,0.365232
KCU,81,40,1,0.241838,0.07674,0.08021
BA,81,40,6,0.326366,0.110485,0.215423
KCU,81,40,2,0.452143,0.133872,0.117555
BA,81,40,12,0.815695,0.417339,0.397375
KCU,81,40,1,0.246603,0.079093,0.080229
BA,81,40,2,0.0891,0.022326,0.066629
KCU,81,40,1,0.240954,0.076195,0.079739
BA,81,40,3,0.146312,0.045337,0.100775
KCU,81,40,1,0.254639,0.076012,0.092857
BA,81,40,7,0.395387,0.162502,0.232335
KCU,81,40,1,0.24722,0.077501,0.081457
BA,81,40,15,1.09978,0.602122,0.496463
KCU,81,40,1,0.241858,0.076342,0.079602
BA,81,40,16,1.23148,0.700432,0.529663
KCU,81,40,1,0.241896,0.076096,0.079809
BA,81,40,3,0.146968,0.045924,0.100825
KCU,81,40,1,0.238694,0.073671,0.07827
BA,81,40,7,0.451748,0.184157,0.267016
KCU,81,40,3,0.697301,0.1934,0.196147
BA,81,40,15,1.09821,0.602585,0.494359
KCU,81,40,1,0.238903,0.076084,0.077874
BA,81,40,3,0.148054,0.046096,0.101748
KCU,81,40,2,0.450005,0.127162,0.118537
BA,81,60,10,0.635316,0.298486,0.335996
KCU,81,60,1,0.272282,0.083377,0.091695
BA,81,60,10,0.617119,0.285458,0.330847
KCU,81,60,1,0.23618,0.076472,0.07598
BA,81,60,4,0.203412,0.070323,0.132832
KCU,81,60,4,0.751339,0.21078,0.199433
BA,81,60,12,0.804217,0.402518,0.400713
KCU,81,60,1,0.24086,0.078733,0.076662
BA,81,60,2,0.101896,0.024979,0.076729
KCU,81,60,1,0.264196,0.081895,0.089887
BA,81,60,2,0.091479,0.023368,0.067975
KCU,81,60,1,0.239879,0.07689,0.077802
BA,81,60,2,0.089493,0.006036,0.083357
KCU,81,60,1,0.241541,0.084049,0.069942
BA,81,60,4,0.231437,0.077632,0.153495
KCU,81,60,2,0.67772,0.194189,0.174489
BA,81,60,2,0.104944,0.028008,0.076786
KCU,81,60,1,0.34781,0.102645,0.106291
BA,81,60,3,0.170011,0.053203,0.116625
KCU,81,60,1,0.238987,0.076058,0.079364
BA,81,60,10,0.893523,0.397553,0.494567
KCU,81,60,1,0.342066,0.10939,0.1037
BA,81,60,4,0.266573,0.094407,0.171722
KCU,81,60,2,0.634566,0.183376,0.155981
BA,81,60,9,0.71256,0.27428,0.437084
KCU,81,60,1,0.337175,0.107613,0.101387
BA,81,60,2,0.123198,0.030903,0.092084
KCU,81,60,1,0.324514,0.11495,0.091379
BA,81,60,17,1.73455,0.962328,0.768664
KCU,81,60,1,0.343268,0.108422,0.103256
BA,81,60,3,0.198535,0.06345,0.134791
KCU,81,60,2,0.586461,0.179235,0.157823
BA,81,60,11,0.936399,0.440222,0.494734
KCU,81,60,1,0.337352,0.10578,0.100412
BA,81,60,12,1.05444,0.502352,0.550267
KCU,81,60,1,0.266443,0.083188,0.089525
BA,81,60,11,0.701421,0.319157,0.38133
KCU,81,60,1,0.236462,0.076181,0.073356
BA,81,60,6,0.371451,0.124562,0.246407
KCU,81,60,2,0.456127,0.13077,0.12385
BA,81,60,12,0.843276,0.418715,0.423565
KCU,81,60,1,0.360919,0.121153,0.101777
BA,81,60,2,0.121592,0.030421,0.090973
KCU,81,60,1,0.264084,0.081573,0.089937
BA,81,60,3,0.150784,0.048905,0.101693
KCU,81,60,1,0.239151,0.074317,0.078914
BA,81,60,7,0.398681,0.164483,0.233633
KCU,81,60,1,0.266626,0.083288,0.089479
BA,81,60,15,1.09435,0.579303,0.49653
KCU,81,60,1,0.17915,0.054164,0.065787
BA,81,60,16,1.23279,0.702691,0.528728
KCU,81,60,1,0.246381,0.078942,0.079307
BA,81,60,3,0.167512,0.051281,0.116006
KCU,81,60,1,0.264632,0.080948,0.089752
BA,81,60,7,0.571099,0.230687,0.339406
KCU,81,60,3,0.800333,0.228759,0.202026
BA,81,60,15,1.22482,0.666006,0.557398
KCU,81,60,1,0.271862,0.08503,0.092763
BA,81,60,3,0.166463,0.050789,0.115467
KCU,81,60,2,0.628629,0.180568,0.156479
BA,81,80,10,0.801775,0.358457,0.44193
KCU,81,80,1,0.338262,0.103479,0.106329
BA,81,80,10,0.703015,0.30582,0.396327
KCU,81,80,1,0.24071,0.076167,0.078806
BA,81,80,4,0.228487,0.074632,0.153567
KCU,81,80,4,0.741976,0.203521,0.211516
BA,81,80,12,0.835189,0.412646,0.421523
KCU,81,80,1,0.242157,0.078702,0.077051
BA,81,80,2,0.090413,0.0231,0.067196
KCU,81,80,1,0.240758,0.075845,0.07879
BA,81,80,2,0.089621,0.022237,0.06725
KCU,81,80,1,0.229386,0.071832,0.076516
BA,81,80,2,0.093936,0.026397,0.067443
KCU,81,80,1,0.244841,0.07703,0.079828
BA,81,80,4,0.206035,0.071142,0.134605
KCU,81,80,2,0.445607,0.134545,0.113007
BA,81,80,2,0.105392,0.028379,0.0769
KCU,81,80,1,0.236627,0.074869,0.075229
BA,81,80,3,0.150365,0.048518,0.101652
KCU,81,80,1,0.243244,0.077872,0.079395
BA,81,80,10,0.623748,0.271955,0.333355
KCU,81,80,1,0.241632,0.075949,0.079744
BA,81,80,4,0.227313,0.056344,0.170636
KCU,81,80,2,0.404467,0.121838,0.122158
BA,81,80,9,0.583921,0.251078,0.332102
KCU,81,80,1,0.245507,0.07767,0.080357
BA,81,80,2,0.090214,0.022515,0.067544
KCU,81,80,1,0.241127,0.076441,0.079766
BA,81,80,17,1.81753,0.978999,0.812154
KCU,81,80,1,0.323929,0.10344,0.095031
BA,81,80,3,0.216704,0.069341,0.147124
KCU,81,80,2,0.655232,0.182778,0.17076
BA,81,80,11,0.813019,0.395116,0.416936
KCU,81,80,1,0.357136,0.124069,0.098255
BA,81,80,12,1.00305,0.491096,0.510389
KCU,81,80,1,0.338027,0.111592,0.09783
BA,81,80,11,0.802554,0.383248,0.418377
KCU,81,80,1,0.264592,0.082886,0.088429
BA,81,80,6,0.373963,0.1436,0.229901
KCU,81,80,2,0.444243,0.12679,0.117932
BA,81,80,12,0.814284,0.414744,0.398554
KCU,81,80,1,0.270876,0.083755,0.090748
BA,81,80,2,0.103792,0.02527,0.078383
KCU,81,80,1,0.233801,0.077167,0.073648
BA,81,80,3,0.166416,0.050936,0.115283
KCU,81,80,1,0.243783,0.078649,0.079747
BA,81,80,7,0.358201,0.143261,0.214501
KCU,81,80,1,0.263086,0.082853,0.086635
BA,81,80,15,1.21773,0.656534,0.559926
KCU,81,80,1,0.238576,0.077394,0.076983
BA,81,80,16,1.22867,0.698946,0.528273
KCU,81,80,1,0.255984,0.076411,0.095314
BA,81,80,3,0.146125,0.045576,0.100349
KCU,81,80,1,0.220021,0.066578,0.066094
BA,81,80,7,0.396967,0.164292,0.232165
KCU,81,80,3,0.622708,0.180591,0.163432
BA,81,80,15,1.13273,0.611366,0.520075
KCU,81,80,1,0.238814,0.075844,0.079217
BA,81,80,3,0.146223,0.046114,0.099925
KCU,81,80,2,0.441056,0.122048,0.127451
BA,81,100,10,0.910249,0.390972,0.517811
KCU,81,100,1,0.267964,0.083795,0.089205
BA,81,100,10,0.63153,0.289146,0.34156
KCU,81,100,1,0.237702,0.075086,0.078911
BA,81,100,4,0.205028,0.070208,0.134549
KCU,81,100,4,1.01757,0.289234,0.255906
BA,81,100,12,1.0573,0.508785,0.546897
KCU,81,100,1,0.33463,0.109623,0.101295
BA,81,100,2,0.123431,0.030223,0.093036
KCU,81,100,1,0.266609,0.082422,0.08974
BA,81,100,2,0.102064,0.024783,0.077132
KCU,81,100,1,0.253324,0.076909,0.100987
BA,81,100,2,0.136782,0.036568,0.099967
KCU,81,100,1,0.333682,0.109372,0.101155
BA,81,100,4,0.232788,0.079111,0.153293
KCU,81,100,2,0.446551,0.125898,0.121503
BA,81,100,2,0.092181,0.025786,0.06625
KCU,81,100,1,0.264794,0.081792,0.090141
BA,81,100,3,0.150043,0.048111,0.101784
KCU,81,100,1,0.246992,0.078811,0.08021
BA,81,100,10,0.638468,0.295934,0.341844
KCU,81,100,1,0.240426,0.077823,0.078244
BA,81,100,4,0.20354,0.069262,0.134003
KCU,81,100,2,0.444213,0.132919,0.110927
BA,81,100,9,0.530957,0.230673,0.299588
KCU,81,100,1,0.238477,0.07687,0.077587
BA,81,100,2,0.090373,0.00534,0.084947
KCU,81,100,1,0.247236,0.079777,0.07902
BA,81,100,17,1.31474,0.747503,0.565757
KCU,81,100,1,0.33119,0.099369,0.099287
BA,81,100,3,0.211382,0.066419,0.144581
KCU,81,100,2,0.488237,0.134934,0.136778
BA,81,100,11,0.673269,0.327536,0.344843
KCU,81,100,1,0.237511,0.075077,0.078578
BA,81,100,12,0.800198,0.397366,0.401921
KCU,81,100,1,0.245815,0.077302,0.081253
BA,81,100,11,0.705271,0.338409,0.365745
KCU,81,100,1,0.23785,0.075292,0.078698
BA,81,100,6,0.33599,0.13429,0.201221
KCU,81,100,2,0.407725,0.125704,0.11955
BA,81,100,12,0.779426,0.395267,0.383274
KCU,81,100,1,0.23839,0.075475,0.07893
BA,81,100,2,0.092149,0.02398,0.068033
KCU,81,100,1,0.250046,0.077314,0.083147
BA,81,100,3,0.147845,0.047721,0.099901
KCU,81,100,1,0.244511,0.075937,0.079305
BA,81,100,7,0.401442,0.167519,0.233384
KCU,81,100,1,0.242199,0.07599,0.080702
BA,81,100,15,1.09991,0.603235,0.495362
KCU,81,100,1,0.273781,0.083123,0.072792
BA,81,100,16,1.23809,0.704275,0.532363
KCU,81,100,1,0.285591,0.080317,0.080594
BA,81,100,3,0.14989,0.04825,0.101388
KCU,81,100,1,0.310611,0.089017,0.08963
BA,81,100,7,0.398955,0.163823,0.234651
KCU,81,100,3,0.616016,0.175792,0.162661
BA,81,100,15,1.05621,0.580788,0.474171
KCU,81,100,1,0.240218,0.076762,0.078735
BA,81,100,3,0.147706,0.044928,0.102594
KCU,81,100,2,0.455089,0.128419,0.124358
BA,91,0,10,0.717773,0.299212,0.417732
KCU,91,0,1,0.292546,0.088996,0.094777
BA,91,0,10,0.827861,0.341248,0.485576
KCU,91,0,1,0.291818,0.089177,0.093402
BA,91,0,5,0.325471,0.111078,0.21395
KCU,91,0,2,0.556959,0.148741,0.164243
BA,91,0,12,1.25736,0.520991,0.734559
KCU,91,0,1,0.378564,0.113956,0.119639
BA,91,0,2,0.151196,0.036444,0.114561
KCU,91,0,1,0.290618,0.087659,0.096264
BA,91,0,2,0.108925,0.02373,0.085089
KCU,91,0,1,0.30062,0.088176,0.097911
BA,91,0,2,0.111184,0.026099,0.084939
KCU,91,0,1,0.321382,0.089136,0.092351
BA,91,0,4,0.243837,0.07664,0.166906
KCU,91,0,2,0.530927,0.147209,0.147029
BA,91,0,3,0.192975,0.056369,0.136383
KCU,91,0,2,0.528906,0.146084,0.146244
BA,91,0,3,0.179215,0.052638,0.126317
KCU,91,0,1,0.291394,0.088448,0.097316
BA,91,0,11,0.803622,0.344991,0.457636
KCU,91,0,1,0.330359,0.091386,0.095714
BA,91,0,4,0.248264,0.077372,0.1706
KCU,91,0,2,0.75529,0.212716,0.19605
BA,91,0,8,0.546359,0.187444,0.358293
KCU,91,0,1,0.328358,0.09948,0.109571
BA,91,0,2,0.109824,0.025014,0.084702
KCU,91,0,1,0.285526,0.087255,0.094447
BA,91,0,17,1.44764,0.764046,0.682094
KCU,91,0,1,0.291059,0.090624,0.095655
BA,91,0,3,0.183117,0.054694,0.128147
KCU,91,0,2,0.770454,0.211853,0.216226
BA,91,0,12,0.980512,0.439475,0.539856
KCU,91,0,1,0.284947,0.087692,0.095168
BA,91,0,11,0.821978,0.354926,0.46607
KCU,91,0,1,0.288739,0.102992,0.081613
BA,91,0,11,0.808029,0.347701,0.459411
KCU,91,0,1,0.303388,0.088896,0.110933
BA,91,0,6,0.394631,0.141034,0.253069
KCU,91,0,2,0.736337,0.201396,0.188808
BA,91,0,12,1.22693,0.513576,0.688399
KCU,91,0,1,0.412769,0.12709,0.125862
BA,91,0,2,0.124596,0.007084,0.117394
KCU,91,0,1,0.280664,0.08178,0.093901
BA,91,0,3,0.179781,0.050756,0.128832
KCU,91,0,1,0.294223,0.09021,0.094075
BA,91,0,8,0.545481,0.210024,0.334749
KCU,91,0,1,0.328101,0.104589,0.10039
BA,91,0,13,1.03794,0.497766,0.538962
KCU,91,0,1,0.296648,0.089229,0.097565
BA,91,0,15,1.37688,0.68198,0.693475
KCU,91,0,1,0.293915,0.08806,0.096835
BA,91,0,3,0.179964,0.051907,0.127838
KCU,91,0,1,0.422051,0.125932,0.131946
BA,91,0,7,0.625826,0.227538,0.397282
KCU,91,0,3,0.74291,0.214764,0.210957
BA,91,0,14,1.14268,0.539174,0.60225
KCU,91,0,1,0.28994,0.090056,0.097668
BA,91,0,3,0.176784,0.050652,0.125929
KCU,91,0,2,0.529223,0.148382,0.160552
BA,91,20,10,0.724172,0.302312,0.420977
KCU,91,20,1,0.276896,0.08033,0.093161
BA,91,20,10,0.736749,0.310494,0.425374
KCU,91,20,1,0.296958,0.0963,0.09011
BA,91,20,5,0.315253,0.103429,0.211419
KCU,91,20,2,0.529905,0.147567,0.144404
BA,91,20,12,0.889822,0.402826,0.485973
KCU,91,20,1,0.287848,0.089936,0.094598
BA,91,20,2,0.110432,0.02618,0.084122
KCU,91,20,1,0.406145,0.12623,0.123611
BA,91,20,2,0.142363,0.032644,0.109557
KCU,91,20,1,0.323184,0.102292,0.101421
BA,91,20,2,0.124492,0.028876,0.095473
KCU,91,20,1,0.487993,0.136448,0.137288
BA,91,20,4,0.240511,0.05723,0.183044
KCU,91,20,2,0.50277,0.150691,0.150632
BA,91,20,3,0.180208,0.053224,0.126733
KCU,91,20,2,0.529533,0.146279,0.148539
BA,91,20,3,0.18137,0.050973,0.130142
KCU,91,20,1,0.418979,0.12956,0.124205
BA,91,20,11,0.837002,0.350601,0.485352
KCU,91,20,1,0.326222,0.096271,0.110276
BA,91,20,4,0.244248,0.060865,0.183087
KCU,91,20,2,0.542043,0.149442,0.150316
BA,91,20,8,0.542201,0.204144,0.337309
KCU,91,20,1,0.340309,0.096574,0.127354
BA,91,20,2,0.110183,0.027516,0.082519
KCU,91,20,1,0.294001,0.089901,0.096762
BA,91,20,17,1.4907,0.761881,0.7088
KCU,91,20,1,0.291114,0.088774,0.094332
BA,91,20,3,0.178053,0.05023,0.127589
KCU,91,20,2,0.528046,0.145816,0.144018
BA,91,20,12,0.980372,0.44685,0.532534
KCU,91,20,1,0.288692,0.08876,0.094671
BA,91,20,11,0.81472,0.352795,0.460958
KCU,91,20,1,0.319681,0.096633,0.108193
BA,91,20,11,0.765517,0.328775,0.435683
KCU,91,20,1,0.434688,0.134859,0.134283
BA,91,20,6,0.531771,0.183085,0.347859
KCU,91,20,2,0.763296,0.217455,0.191511
BA,91,20,12,0.920308,0.422621,0.496654
KCU,91,20,1,0.289214,0.088901,0.093165
BA,91,20,2,0.112884,0.026409,0.086342
KCU,91,20,1,0.288915,0.089015,0.095759
BA,91,20,3,0.176268,0.031023,0.145
KCU,91,20,1,0.286838,0.086363,0.096665
BA,91,20,8,0.556051,0.195655,0.359612
KCU,91,20,1,0.328666,0.099002,0.10868
BA,91,20,13,1.11947,0.524615,0.59351
KCU,91,20,1,0.292879,0.088948,0.095986
BA,91,20,15,1.22817,0.609054,0.617661
KCU,91,20,1,0.324349,0.104251,0.09941
BA,91,20,3,0.177847,0.048962,0.128687
KCU,91,20,1,0.292458,0.08806,0.096241
BA,91,20,7,0.465563,0.171023,0.293979
KCU,91,20,3,0.693737,0.201115,0.197498
BA,91,20,14,1.14403,0.557212,0.585594
KCU,91,20,1,0.294198,0.091441,0.096221
BA,91,20,3,0.178977,0.051661,0.127026
KCU,91,20,2,0.528511,0.145785,0.145785
BA,91,40,10,0.885169,0.329937,0.553703
KCU,91,40,1,0.322907,0.097578,0.110089
BA,91,40,10,0.792799,0.324223,0.467652
KCU,91,40,1,0.439337,0.133004,0.13641
BA,91,40,5,0.428341,0.141843,0.285818
KCU,91,40,2,0.776342,0.224168,0.197824
BA,91,40,12,1.23476,0.531405,0.701681
KCU,91,40,1,0.410643,0.126163,0.126949
BA,91,40,2,0.146679,0.033451,0.113005
KCU,91,40,1,0.307927,0.091049,0.101213
BA,91,40,2,0.149061,0.033921,0.114907
KCU,91,40,1,0.409018,0.127217,0.123787
BA,91,40,2,0.146759,0.033235,0.113346
KCU,91,40,1,0.367168,0.099758,0.110442
BA,91,40,4,0.24702,0.078164,0.168565
KCU,91,40,2,0.490382,0.145395,0.145903
BA,91,40,3,0.179729,0.052139,0.127379
KCU,91,40,2,0.524957,0.146545,0.145107
BA,91,40,3,0.181161,0.052244,0.128698
KCU,91,40,1,0.320047,0.096355,0.108553
BA,91,40,11,0.802437,0.325318,0.476153
KCU,91,40,1,0.27063,0.078549,0.090522
BA,91,40,4,0.277586,0.082034,0.195257
KCU,91,40,2,0.54066,0.151075,0.150631
BA,91,40,8,0.577647,0.216217,0.360706
KCU,91,40,1,0.285611,0.088122,0.093944
BA,91,40,2,0.106072,0.024147,0.081785
KCU,91,40,1,0.29744,0.090694,0.095936
BA,91,40,17,1.7412,0.921433,0.817931
KCU,91,40,1,0.407193,0.124606,0.125727
BA,91,40,3,0.234732,0.06134,0.173069
KCU,91,40,2,0.609162,0.164064,0.180658
BA,91,40,12,0.997345,0.451919,0.544334
KCU,91,40,1,0.32341,0.097416,0.109266
BA,91,40,11,0.772344,0.330594,0.440775
KCU,91,40,1,0.286407,0.088778,0.09461
BA,91,40,11,0.830003,0.35415,0.467815
KCU,91,40,1,0.287921,0.088034,0.094892
BA,91,40,6,0.396338,0.14086,0.254945
KCU,91,40,2,0.4913,0.145033,0.147606
BA,91,40,12,0.916813,0.398896,0.516903
KCU,91,40,1,0.291701,0.090748,0.095989
BA,91,40,2,0.126452,0.026553,0.099761
KCU,91,40,1,0.288385,0.088202,0.095384
BA,91,40,3,0.176839,0.048198,0.128355
KCU,91,40,1,0.285374,0.091171,0.099333
BA,91,40,8,0.556156,0.215101,0.34028
KCU,91,40,1,0.291769,0.090463,0.097441
BA,91,40,13,1.03938,0.493652,0.544386
KCU,91,40,1,0.287576,0.087796,0.095637
BA,91,40,15,1.38289,0.685829,0.695628
KCU,91,40,1,0.288873,0.089397,0.0948
BA,91,40,3,0.179066,0.050977,0.127858
KCU,91,40,1,0.287227,0.087389,0.096584
BA,91,40,7,0.473466,0.175596,0.297273
KCU,91,40,3,0.634869,0.18287,0.19072
BA,91,40,14,1.20217,0.582623,0.618281
KCU,91,40,1,0.288816,0.090145,0.093413
BA,91,40,3,0.176611,0.048885,0.126853
KCU,91,40,2,0.528509,0.153279,0.138537
BA,91,60,10,0.692896,0.292814,0.39927
KCU,91,60,1,0.293158,0.089521,0.096667
BA,91,60,10,1.03667,0.423419,0.611935
KCU,91,60,1,0.414691,0.127696,0.124906
BA,91,60,5,0.424537,0.135403,0.288475
KCU,91,60,2,0.545701,0.152483,0.150133
BA,91,60,12,0.921681,0.418466,0.502154
KCU,91,60,1,0.288768,0.089095,0.096016
BA,91,60,2,0.109764,0.023976,0.085608
KCU,91,60,1,0.292797,0.088621,0.096043
BA,91,60,2,0.109188,0.02438,0.084708
KCU,91,60,1,0.290658,0.087545,0.095014
BA,91,60,2,0.107211,0.024817,0.08224
KCU,91,60,1,0.290725,0.092303,0.091207
BA,91,60,4,0.247082,0.078205,0.168519
KCU,91,60,2,0.753261,0.221365,0.209967
BA,91,60,3,0.204248,0.062227,0.141718
KCU,91,60,2,0.535775,0.151341,0.146582
BA,91,60,3,0.178852,0.03522,0.14344
KCU,91,60,1,0.310213,0.092548,0.100781
BA,91,60,11,0.806545,0.345067,0.460381
KCU,91,60,1,0.291157,0.090108,0.096719
BA,91,60,4,0.246005,0.07584,0.169826
KCU,91,60,2,0.515451,0.152027,0.152548
BA,91,60,8,0.768345,0.291369,0.475791
KCU,91,60,1,0.324691,0.097563,0.111428
BA,91,60,2,0.124163,0.027334,0.096703
KCU,91,60,1,0.28126,0.088839,0.089799
BA,91,60,17,1.9161,0.959962,0.953897
KCU,91,60,1,0.326254,0.097881,0.109554
BA,91,60,3,0.200409,0.053444,0.14673
KCU,91,60,2,0.546439,0.146947,0.163771
BA,91,60,12,0.925561,0.423738,0.500733
KCU,91,60,1,0.286979,0.088852,0.093839
BA,91,60,11,0.806546,0.349884,0.455665
KCU,91,60,1,0.293441,0.090639,0.096792
BA,91,60,11,1.16176,0.431658,0.728641
KCU,91,60,1,0.407306,0.12387,0.12569
BA,91,60,6,0.444743,0.155272,0.288971
KCU,91,60,2,0.805689,0.220438,0.211033
BA,91,60,12,0.926806,0.422103,0.503419
KCU,91,60,1,0.32356,0.096672,0.110123
BA,91,60,2,0.10865,0.005909,0.102614
KCU,91,60,1,0.317944,0.096943,0.106563
BA,91,60,3,0.200729,0.05505,0.145475
KCU,91,60,1,0.36812,0.099934,0.110275
BA,91,60,8,0.762137,0.284914,0.476084
KCU,91,60,1,0.323516,0.096607,0.107348
BA,91,60,13,1.00743,0.463873,0.524842
KCU,91,60,1,0.328834,0.096671,0.110685
BA,91,60,15,1.26275,0.632178,0.629145
KCU,91,60,1,0.287754,0.093063,0.087231
BA,91,60,3,0.175132,0.01227,0.162658
KCU,91,60,1,0.286936,0.080862,0.087239
BA,91,60,7,0.479902,0.181786,0.297551
KCU,91,60,3,0.754484,0.207846,0.203928
BA,91,60,14,1.14276,0.557872,0.58366
KCU,91,60,1,0.281659,0.093211,0.082817
BA,91,60,3,0.176554,0.049911,0.126433
KCU,91,60,2,0.497537,0.148367,0.14775
BA,91,80,10,0.721147,0.302149,0.418027
KCU,91,80,1,0.28849,0.087861,0.096285
BA,91,80,10,0.803255,0.330371,0.471873
KCU,91,80,1,0.293053,0.089435,0.096682
BA,91,80,5,0.314814,0.10275,0.21165
KCU,91,80,2,0.534576,0.148698,0.148028
BA,91,80,12,0.930059,0.427788,0.501038
KCU,91,80,1,0.435337,0.129653,0.13862
BA,91,80,2,0.146169,0.006963,0.13904
KCU,91,80,1,0.287185,0.087571,0.096604
BA,91,80,2,0.159032,0.035434,0.123489
KCU,91,80,1,0.410472,0.135193,0.116571
BA,91,80,2,0.149675,0.033539,0.115924
KCU,91,80,1,0.402378,0.132111,0.126927
BA,91,80,4,0.2474,0.075062,0.172054
KCU,91,80,2,0.572442,0.154964,0.162098
BA,91,80,3,0.181182,0.053977,0.126949
KCU,91,80,2,0.554991,0.158959,0.14653
BA,91,80,3,0.261418,0.07734,0.183708
KCU,91,80,1,0.413978,0.126986,0.126061
BA,91,80,11,0.80519,0.347446,0.456792
KCU,91,80,1,0.331024,0.091815,0.097306
BA,91,80,4,0.242951,0.072509,0.170091
KCU,91,80,2,0.729619,0.215424,0.201687
BA,91,80,8,0.535576,0.203742,0.331161
KCU,91,80,1,0.291245,0.089146,0.096796
BA,91,80,2,0.109943,0.025277,0.084508
KCU,91,80,1,0.325806,0.089268,0.094321
BA,91,80,17,1.48973,0.778018,0.710215
KCU,91,80,1,0.336078,0.092281,0.096431
BA,91,80,3,0.181673,0.053881,0.127595
KCU,91,80,2,0.531689,0.146968,0.146744
BA,91,80,12,0.924286,0.419041,0.50423
KCU,91,80,1,0.284343,0.088872,0.092706
BA,91,80,11,0.815193,0.349909,0.464369
KCU,91,80,1,0.292351,0.091133,0.094951
BA,91,80,11,0.812085,0.351497,0.459625
KCU,91,80,1,0.2843,0.088126,0.093824
BA,91,80,6,0.392644,0.140102,0.252048
KCU,91,80,2,0.529428,0.158839,0.136868
BA,91,80,12,1.28526,0.566197,0.717373
KCU,91,80,1,0.40548,0.125512,0.125625
BA,91,80,2,0.123509,0.026873,0.096518
KCU,91,80,1,0.32196,0.096535,0.108371
BA,91,80,3,0.202381,0.055516,0.146647
KCU,91,80,1,0.405105,0.124714,0.125669
BA,91,80,8,0.585044,0.183814,0.400495
KCU,91,80,1,0.28824,0.087871,0.096218
BA,91,80,13,1.04404,0.501276,0.541278
KCU,91,80,1,0.322752,0.102707,0.104328
BA,91,80,15,1.37484,0.641654,0.731732
KCU,91,80,1,0.318755,0.095494,0.10771
BA,91,80,3,0.177472,0.050431,0.126821
KCU,91,80,1,0.41227,0.126487,0.121627
BA,91,80,7,0.469748,0.175066,0.29404
KCU,91,80,3,0.69049,0.202342,0.198654
BA,91,80,14,1.15419,0.559913,0.59305
KCU,91,80,1,0.289645,0.09032,0.094215
BA,91,80,3,0.176726,0.049267,0.127248
KCU,91,80,2,0.796367,0.220974,0.205808
BA,91,100,10,0.71163,0.296743,0.413947
KCU,91,100,1,0.294475,0.089359,0.09871
BA,91,100,10,0.730782,0.307447,0.422389
KCU,91,100,1,0.287827,0.086929,0.09542
BA,91,100,5,0.316366,0.104739,0.211209
KCU,91,100,2,0.534071,0.148508,0.149372
BA,91,100,12,0.915034,0.408708,0.505167
KCU,91,100,1,0.293529,0.089807,0.09818
BA,91,100,2,0.125335,0.026968,0.098229
KCU,91,100,1,0.437421,0.143799,0.124926
BA,91,100,2,0.10889,0.024083,0.084677
KCU,91,100,1,0.405514,0.119155,0.129853
BA,91,100,2,0.150155,0.036103,0.113844
KCU,91,100,1,0.320838,0.096045,0.108156
BA,91,100,4,0.280764,0.084599,0.19581
KCU,91,100,2,0.529805,0.147273,0.145801
BA,91,100,3,0.178703,0.051625,0.126832
KCU,91,100,2,0.788746,0.222452,0.200869
BA,91,100,3,0.266767,0.070205,0.196178
KCU,91,100,1,0.405646,0.126116,0.124775
BA,91,100,11,0.849649,0.359591,0.489106
KCU,91,100,1,0.29023,0.088159,0.097629
BA,91,100,4,0.245851,0.074224,0.171286
KCU,91,100,2,0.532856,0.148545,0.146427
BA,91,100,8,0.593453,0.202143,0.390582
KCU,91,100,1,0.290969,0.087753,0.093093
BA,91,100,2,0.114723,0.026284,0.088305
KCU,91,100,1,0.29388,0.088549,0.098322
BA,91,100,17,1.49585,0.762527,0.731598
KCU,91,100,1,0.286639,0.088829,0.094704
BA,91,100,3,0.176294,0.030564,0.145518
KCU,91,100,2,0.549581,0.148345,0.16357
BA,91,100,12,0.935822,0.404438,0.530319
KCU,91,100,1,0.290727,0.088412,0.096685
BA,91,100,11,0.812949,0.351026,0.460819
KCU,91,100,1,0.28985,0.088118,0.096056
BA,91,100,11,0.812614,0.350546,0.461017
KCU,91,100,1,0.272459,0.084495,0.082543
BA,91,100,6,0.393497,0.139807,0.253144
KCU,91,100,2,0.492919,0.14811,0.147625
BA,91,100,12,0.912353,0.416806,0.494584
KCU,91,100,1,0.28489,0.087152,0.094872
BA,91,100,2,0.1093,0.024593,0.0846
KCU,91,100,1,0.287213,0.087741,0.095094
BA,91,100,3,0.177637,0.050075,0.127305
KCU,91,100,1,0.322309,0.097029,0.108136
BA,91,100,8,0.546653,0.210952,0.335049
KCU,91,100,1,0.287236,0.095428,0.087542
BA,91,100,13,1.04234,0.498238,0.542833
KCU,91,100,1,0.284847,0.088159,0.093183
BA,91,100,15,1.24953,0.625093,0.623044
KCU,91,100,1,0.297261,0.090461,0.094739
BA,91,100,3,0.177129,0.050133,0.126804
KCU,91,100,1,0.290592,0.087724,0.093979
BA,91,100,7,0.470255,0.175789,0.293783
KCU,91,100,3,0.697768,0.203461,0.195662
BA,91,100,14,1.14901,0.556685,0.591284
KCU,91,100,1,0.292813,0.088594,0.094272
BA,91,100,3,0.176528,0.030906,0.145336
KCU,91,100,2,0.494267,0.152261,0.137065
