BA,1,0,3,0.02341,0.023087,0.000216
KCRDK,1,0,1,0.004194,0.003022,0.001055
BA,1,0,2,0.006699,0.00655,0.000109
KCRDK,1,0,1,0.004048,0.003055,0.000873
BA,1,0,3,0.01363,0.013386,0.000165
KCRDK,1,0,1,0.004081,0.003044,0.000918
BA,1,0,2,0.006312,0.006161,0.000112
KCRDK,1,0,1,0.003743,0.002698,0.000924
BA,1,0,3,0.012443,0.012194,0.000178
KCRDK,1,0,1,0.003917,0.002965,0.000831
BA,1,0,3,0.012081,0.011834,0.000175
KCRDK,1,0,1,0.003852,0.002753,0.000979
BA,1,0,2,0.006161,0.006009,0.000112
KCRDK,1,0,1,0.004266,0.003114,0.00103
BA,1,0,2,0.006419,0.006267,0.000113
KCRDK,1,0,1,0.003887,0.002976,0.000788
BA,1,0,3,0.012264,0.012024,0.000169
KCRDK,1,0,1,0.003944,0.003017,0.000821
BA,1,0,3,0.012235,0.011987,0.00017
KCRDK,1,0,1,0.003922,0.002933,0.000868
BA,1,0,3,0.013358,0.013119,0.000167
KCRDK,1,0,1,0.00383,0.002858,0.000868
BA,1,0,2,0.005905,0.005753,0.000112
KCRDK,1,0,1,0.003983,0.002763,0.001098
BA,1,0,4,0.022233,0.021898,0.000225
KCRDK,1,0,3,0.008156,0.007347,0.000521
BA,1,0,3,0.013132,0.01289,0.000171
KCRDK,1,0,1,0.003638,0.002704,0.000802
BA,1,0,2,0.005709,0.005555,0.000114
KCRDK,1,0,1,0.00383,0.002892,0.000816
BA,1,0,2,0.006358,0.006205,0.000113
KCRDK,1,0,1,0.003725,0.002792,0.000809
BA,1,0,3,0.013434,0.013177,0.000184
KCRDK,1,0,2,0.006851,0.005358,0.001286
BA,1,0,4,0.023285,0.022951,0.00023
KCRDK,1,0,3,0.009406,0.008059,0.001057
BA,1,0,2,0.006267,0.006103,0.000119
KCRDK,1,0,1,0.00394,0.002937,0.000879
BA,1,0,4,0.022477,0.022133,0.000238
KCRDK,1,0,3,0.009368,0.007464,0.001601
BA,1,0,3,0.013763,0.013517,0.00017
KCRDK,1,0,1,0.003912,0.003009,0.000781
BA,1,0,2,0.006353,0.006199,0.000114
KCRDK,1,0,1,0.003958,0.003035,0.000824
BA,1,0,4,0.023783,0.02345,0.00023
KCRDK,1,0,3,0.009219,0.007678,0.001245
BA,1,0,4,0.022846,0.02251,0.000228
KCRDK,1,0,3,0.009098,0.00783,0.000953
BA,1,0,2,0.006062,0.005908,0.000115
KCRDK,1,0,1,0.003768,0.002683,0.000965
BA,1,0,2,0.00599,0.005837,0.000113
KCRDK,1,0,1,0.003879,0.002686,0.00106
BA,1,0,2,0.006238,0.006083,0.000115
KCRDK,1,0,1,0.00374,0.002757,0.00086
BA,1,0,3,0.013332,0.01309,0.000171
KCRDK,1,0,2,0.006157,0.004475,0.001474
BA,1,0,3,0.013002,0.012759,0.000169
KCRDK,1,0,2,0.006307,0.004629,0.001459
BA,1,0,2,0.005663,0.005508,0.000115
KCRDK,1,0,1,0.004051,0.003151,0.000803
BA,1,0,3,0.012624,0.01238,0.000171
KCRDK,1,0,1,0.003772,0.003046,0.000605
BA,1,0,2,0.006349,0.006195,0.000115
KCRDK,1,0,1,0.004041,0.002987,0.00093
BA,1,0,4,0.024529,0.024182,0.000238
KCRDK,1,0,3,0.009735,0.007649,0.001788
BA,1,0,4,0.022978,0.022649,0.000226
KCRDK,1,0,3,0.008662,0.006121,0.002247
BA,1,0,2,0.006418,0.006264,0.000113
KCRDK,1,0,1,0.003946,0.002971,0.000853
BA,1,0,3,0.012249,0.011986,0.000169
KCRDK,1,0,1,0.00352,0.002756,0.000642
BA,1,0,3,0.012243,0.012001,0.000169
KCRDK,1,0,1,0.003592,0.00263,0.000866
BA,1,0,3,0.013171,0.012918,0.000182
KCRDK,1,0,1,0.003998,0.003,0.000876
BA,1,0,3,0.012712,0.012464,0.00017
KCRDK,1,0,1,0.003818,0.002966,0.00073
BA,1,0,2,0.006148,0.005994,0.000114
KCRDK,1,0,1,0.004034,0.003003,0.00091
BA,1,0,3,0.012331,0.012074,0.000182
KCRDK,1,0,1,0.004024,0.002999,0.000902
BA,1,0,2,0.006282,0.006129,0.000113
KCRDK,1,0,1,0.00388,0.002966,0.000817
BA,1,0,2,0.005728,0.005575,0.000114
KCRDK,1,0,1,0.003912,0.002891,0.000898
BA,1,0,4,0.021934,0.021603,0.000228
KCRDK,1,0,3,0.008113,0.007195,0.00062
BA,1,0,3,0.012323,0.012082,0.00017
KCRDK,1,0,2,0.00618,0.004669,0.001304
BA,1,0,3,0.012614,0.012372,0.00017
KCRDK,1,0,1,0.003972,0.002997,0.000853
BA,1,0,2,0.006378,0.006225,0.000113
KCRDK,1,0,1,0.003832,0.002806,0.000905
BA,1,0,4,0.024276,0.023944,0.000228
KCRDK,1,0,3,0.008705,0.006586,0.001824
BA,1,0,2,0.005909,0.005746,0.000111
KCRDK,1,0,1,0.004504,0.002957,0.001452
BA,1,0,3,0.01217,0.011935,0.000164
KCRDK,1,0,1,0.003602,0.002662,0.000826
BA,1,0,4,0.021272,0.020945,0.000214
KCRDK,1,0,3,0.007842,0.006063,0.0015
BA,1,0,4,0.019751,0.019451,0.000206
KCRDK,1,0,3,0.008056,0.006938,0.000859
BA,1,0,4,0.019934,0.019606,0.000231
KCRDK,1,0,3,0.008515,0.006529,0.001734
BA,1,0,3,0.010572,0.010361,0.00015
KCRDK,1,0,2,0.005202,0.003759,0.001269
BA,1,0,4,0.019449,0.019177,0.000185
KCRDK,1,0,3,0.007792,0.00598,0.001591
BA,1,0,4,0.018395,0.018119,0.000193
KCRDK,1,0,3,0.007325,0.005919,0.001179
BA,1,0,3,0.009934,0.009753,0.000128
KCRDK,1,0,1,0.002692,0.002186,0.000415
BA,1,0,4,0.017367,0.017121,0.000168
KCRDK,1,0,3,0.006342,0.005749,0.000378
BA,1,0,4,0.01639,0.016137,0.000173
KCRDK,1,0,3,0.006562,0.005432,0.000915
BA,1,0,2,0.004531,0.00442,8.2e-05
KCRDK,1,0,1,0.002715,0.001962,0.000662
BA,1,0,4,0.015528,0.015278,0.000175
KCRDK,1,0,3,0.005742,0.005265,0.000267
BA,1,0,3,0.008529,0.008354,0.000122
KCRDK,1,0,1,0.0028,0.002144,0.000562
BA,1,0,4,0.016651,0.016408,0.000166
KCRDK,1,0,3,0.006784,0.00531,0.00126
BA,1,0,3,0.009271,0.009095,0.000123
KCRDK,1,0,1,0.002708,0.002145,0.000474
BA,1,0,4,0.016941,0.016693,0.000168
KCRDK,1,0,3,0.007096,0.005391,0.001489
BA,1,0,4,0.016296,0.016054,0.000165
KCRDK,1,0,3,0.006249,0.005825,0.000234
BA,1,0,3,0.010091,0.009911,0.000122
KCRDK,1,0,1,0.002661,0.001893,0.000678
BA,1,0,3,0.010058,0.00988,0.000123
KCRDK,1,0,2,0.004446,0.00334,0.000975
BA,1,0,3,0.00879,0.008612,0.000125
KCRDK,1,0,1,0.003033,0.002166,0.000777
BA,1,0,4,0.016511,0.016266,0.000164
KCRDK,1,0,3,0.007124,0.005347,0.001564
BA,1,0,3,0.009297,0.009113,0.000131
KCRDK,1,0,1,0.00256,0.002124,0.000349
BA,1,0,3,0.00917,0.008992,0.000126
KCRDK,1,0,2,0.004385,0.003341,0.000884
BA,1,0,3,0.008924,0.008739,0.000132
KCRDK,1,0,1,0.00297,0.002144,0.000736
BA,1,0,4,0.016557,0.016314,0.000166
KCRDK,1,0,3,0.00739,0.005941,0.001233
BA,1,0,4,0.017605,0.017349,0.000167
KCRDK,1,0,3,0.007111,0.005459,0.001426
BA,1,0,3,0.010069,0.009888,0.000127
KCRDK,1,0,2,0.004401,0.00338,0.000888
BA,1,0,3,0.008718,0.008533,0.000123
KCRDK,1,0,1,0.002706,0.002201,0.000418
BA,1,0,2,0.004384,0.004273,8.2e-05
KCRDK,1,0,1,0.002818,0.002146,0.000583
BA,1,0,4,0.016289,0.016046,0.000166
KCRDK,1,0,3,0.006437,0.005959,0.000259
BA,1,0,2,0.004651,0.004534,8.2e-05
KCRDK,1,0,1,0.002961,0.002188,0.000702
BA,1,0,2,0.003905,0.003794,8e-05
KCRDK,1,0,1,0.003124,0.002216,0.000818
BA,1,0,3,0.009351,0.009173,0.000125
KCRDK,1,0,1,0.002922,0.002186,0.000645
BA,1,0,3,0.010048,0.009867,0.000126
KCRDK,1,0,2,0.00468,0.00338,0.001146
BA,1,0,3,0.008908,0.008732,0.000122
KCRDK,1,0,2,0.004479,0.003679,0.000638
BA,1,0,3,0.009856,0.009668,0.000124
KCRDK,1,0,2,0.004712,0.00392,0.00064
BA,1,0,2,0.00455,0.004434,8.3e-05
KCRDK,1,0,1,0.002872,0.002211,0.000571
BA,1,0,3,0.009217,0.009039,0.000122
KCRDK,1,0,2,0.00422,0.003889,0.000182
BA,1,0,4,0.01714,0.016896,0.000168
KCRDK,1,0,3,0.007282,0.005793,0.001268
BA,1,0,2,0.004308,0.004195,8.2e-05
KCRDK,1,0,1,0.002851,0.002142,0.000621
BA,1,0,4,0.017183,0.016938,0.000167
KCRDK,1,0,3,0.006254,0.004774,0.001283
BA,1,0,4,0.016345,0.016098,0.000166
KCRDK,1,0,3,0.00616,0.004887,0.001049
BA,1,0,3,0.009211,0.009033,0.000124
KCRDK,1,0,1,0.002793,0.002152,0.000562
BA,1,0,4,0.017731,0.017487,0.000166
KCRDK,1,0,3,0.006528,0.005481,0.000822
BA,1,0,3,0.009358,0.00918,0.000124
KCRDK,1,0,1,0.003003,0.002229,0.000684
BA,1,0,4,0.017289,0.017036,0.000176
KCRDK,1,0,3,0.005999,0.005211,0.000576
BA,1,0,2,0.004556,0.004436,9.1e-05
KCRDK,1,0,1,0.002989,0.002059,0.000839
BA,1,0,4,0.016837,0.016594,0.000165
KCRDK,1,0,3,0.006675,0.006202,0.000263
BA,1,0,2,0.004174,0.004063,8.1e-05
KCRDK,1,0,1,0.002688,0.002014,0.000603
BA,1,0,4,0.016749,0.016509,0.000164
KCRDK,1,0,3,0.005806,0.004917,0.000671
BA,1,0,4,0.016709,0.016468,0.000165
KCRDK,1,0,3,0.006434,0.005476,0.000741
BA,1,20,3,0.009059,0.008881,0.000125
KCRDK,1,20,1,0.002832,0.002161,0.000579
BA,1,20,4,0.016658,0.016408,0.000165
KCRDK,1,20,3,0.006075,0.005505,0.000361
BA,1,20,4,0.016289,0.01604,0.000164
KCRDK,1,20,3,0.006743,0.005727,0.000802
BA,1,20,4,0.016198,0.015953,0.000168
KCRDK,1,20,3,0.00683,0.005204,0.001409
BA,1,20,3,0.008745,0.008567,0.000123
KCRDK,1,20,1,0.002682,0.0019,0.000685
BA,1,20,4,0.016361,0.016115,0.000165
KCRDK,1,20,3,0.006987,0.00607,0.000702
BA,1,20,3,0.008837,0.008658,0.000126
KCRDK,1,20,2,0.004271,0.003261,0.000857
BA,1,20,4,0.01649,0.016243,0.000167
KCRDK,1,20,3,0.00661,0.005124,0.001271
BA,1,20,3,0.009473,0.009294,0.000125
KCRDK,1,20,3,0.00694,0.005563,0.001164
BA,1,20,4,0.016164,0.01591,0.000167
KCRDK,1,20,3,0.007323,0.005543,0.001564
BA,1,20,3,0.009565,0.009378,0.000131
KCRDK,1,20,1,0.002395,0.00198,0.000344
BA,1,20,3,0.009741,0.009565,0.000123
KCRDK,1,20,2,0.004676,0.003652,0.000867
BA,1,20,4,0.017179,0.016934,0.000166
KCRDK,1,20,3,0.006722,0.005263,0.001236
BA,1,20,3,0.009191,0.009008,0.000125
KCRDK,1,20,1,0.002821,0.002161,0.000572
BA,1,20,3,0.010055,0.009874,0.000123
KCRDK,1,20,2,0.005044,0.003941,0.000942
BA,1,20,3,0.008738,0.00856,0.000123
KCRDK,1,20,1,0.002727,0.001985,0.000652
BA,1,20,3,0.009397,0.009221,0.000122
KCRDK,1,20,1,0.002758,0.002022,0.000647
BA,1,20,3,0.009983,0.009806,0.000123
KCRDK,1,20,2,0.004365,0.003773,0.000431
BA,1,20,4,0.017117,0.016867,0.000172
KCRDK,1,20,3,0.006737,0.0063,0.000228
BA,1,20,2,0.004566,0.004454,8.3e-05
KCRDK,1,20,1,0.002896,0.002043,0.000762
BA,1,20,3,0.008502,0.008324,0.000124
KCRDK,1,20,1,0.002834,0.002231,0.000514
BA,1,20,3,0.008584,0.008407,0.000123
KCRDK,1,20,2,0.004593,0.003497,0.000963
BA,1,20,4,0.016113,0.015863,0.000166
KCRDK,1,20,3,0.007874,0.006256,0.001403
BA,1,20,3,0.009301,0.009125,0.000123
KCRDK,1,20,1,0.002875,0.002029,0.000755
BA,1,20,4,0.01743,0.017188,0.000166
KCRDK,1,20,3,0.006974,0.005384,0.001365
BA,1,20,2,0.004124,0.004011,8.2e-05
KCRDK,1,20,1,0.002784,0.002029,0.000663
BA,1,20,4,0.01713,0.016888,0.000165
KCRDK,1,20,3,0.006895,0.005482,0.001198
BA,1,20,2,0.004705,0.004588,8.3e-05
KCRDK,1,20,1,0.003134,0.002172,0.000864
BA,1,20,4,0.016354,0.016109,0.000165
KCRDK,1,20,3,0.006027,0.005577,0.00025
BA,1,20,3,0.009493,0.009317,0.000123
KCRDK,1,20,1,0.002942,0.002088,0.000765
BA,1,20,4,0.017439,0.017187,0.000172
KCRDK,1,20,3,0.006707,0.00521,0.001283
BA,1,20,3,0.009449,0.009272,0.000124
KCRDK,1,20,1,0.002953,0.002208,0.000655
BA,1,20,3,0.009245,0.009065,0.000122
KCRDK,1,20,1,0.002816,0.00215,0.000577
BA,1,20,3,0.00988,0.009703,0.000124
KCRDK,1,20,2,0.004336,0.0038,0.000386
BA,1,20,3,0.00943,0.009248,0.000129
KCRDK,1,20,1,0.002899,0.002163,0.000645
BA,1,20,4,0.01577,0.015524,0.000165
KCRDK,1,20,3,0.00685,0.005167,0.001467
BA,1,20,3,0.008946,0.00877,0.000123
KCRDK,1,20,1,0.002956,0.002135,0.000731
BA,1,20,4,0.016965,0.016722,0.000167
KCRDK,1,20,3,0.00629,0.005481,0.000595
BA,1,20,2,0.004384,0.004265,8.8e-05
KCRDK,1,20,1,0.002847,0.002052,0.000706
BA,1,20,3,0.009877,0.009698,0.000125
KCRDK,1,20,1,0.002563,0.001874,0.000599
BA,1,20,3,0.009135,0.008959,0.000124
KCRDK,1,20,2,0.004122,0.00369,0.00028
BA,1,20,2,0.004352,0.00424,8.3e-05
KCRDK,1,20,1,0.002926,0.002054,0.000782
BA,1,20,4,0.017553,0.017308,0.000166
KCRDK,1,20,3,0.00667,0.005997,0.000461
BA,1,20,3,0.009561,0.009377,0.000125
KCRDK,1,20,2,0.004486,0.003346,0.000988
BA,1,20,4,0.017088,0.016846,0.000165
KCRDK,1,20,3,0.006607,0.004954,0.001438
BA,1,20,2,0.004406,0.004293,8.3e-05
KCRDK,1,20,1,0.00267,0.002005,0.000576
BA,1,20,3,0.009591,0.009412,0.000125
KCRDK,1,20,2,0.004411,0.003332,0.000929
BA,1,20,3,0.009042,0.008858,0.000123
KCRDK,1,20,1,0.002707,0.001985,0.000634
BA,1,20,3,0.009581,0.009403,0.000124
KCRDK,1,20,1,0.002858,0.002119,0.000649
BA,1,20,2,0.004716,0.004603,8.3e-05
KCRDK,1,20,1,0.00289,0.002166,0.000634
BA,1,20,3,0.008745,0.008567,0.000124
KCRDK,1,20,1,0.002503,0.001938,0.000475
BA,1,20,2,0.004179,0.004067,8.2e-05
KCRDK,1,20,1,0.002848,0.002197,0.00056
BA,1,20,3,0.009427,0.009246,0.000123
KCRDK,1,20,1,0.00267,0.001996,0.000585
BA,1,20,4,0.015653,0.015411,0.000165
KCRDK,1,20,3,0.007569,0.006132,0.001223
BA,1,20,2,0.004588,0.004475,8.4e-05
KCRDK,1,20,1,0.003089,0.002209,0.00079
BA,1,20,2,0.004392,0.004272,9e-05
KCRDK,1,20,1,0.002778,0.002126,0.000562
BA,1,20,2,0.004422,0.004309,8.3e-05
KCRDK,1,20,1,0.002857,0.002141,0.000627
BA,1,20,3,0.008261,0.008087,0.000123
KCRDK,1,20,2,0.004548,0.003532,0.000864
BA,1,20,4,0.016006,0.015751,0.000173
KCRDK,1,20,3,0.007089,0.005544,0.001328
BA,1,20,4,0.016758,0.016517,0.000165
KCRDK,1,20,3,0.007206,0.005817,0.001174
BA,1,20,4,0.018019,0.017775,0.000163
KCRDK,1,20,2,0.004744,0.004362,0.000226
BA,1,20,3,0.009812,0.009637,0.000123
KCRDK,1,20,1,0.002707,0.002002,0.000616
BA,1,20,4,0.017666,0.017415,0.000166
KCRDK,1,20,3,0.007061,0.005413,0.001435
BA,1,20,3,0.009119,0.008944,0.000122
KCRDK,1,20,1,0.002842,0.001878,0.000875
BA,1,20,4,0.016759,0.016518,0.000164
KCRDK,1,20,3,0.007058,0.005739,0.001103
BA,1,20,3,0.009367,0.009177,0.000124
KCRDK,1,20,1,0.00294,0.00218,0.000669
BA,1,20,4,0.016256,0.016011,0.000168
KCRDK,1,20,3,0.007136,0.005623,0.001298
BA,1,20,4,0.017993,0.017735,0.000174
KCRDK,1,20,3,0.0068,0.0059,0.000686
BA,1,20,3,0.008644,0.008467,0.000125
KCRDK,1,20,1,0.002877,0.002129,0.000659
BA,1,20,3,0.009542,0.009363,0.000125
KCRDK,1,20,1,0.002551,0.001968,0.000494
BA,1,20,4,0.017809,0.017556,0.000167
KCRDK,1,20,3,0.006007,0.004577,0.001233
BA,1,20,4,0.016635,0.016384,0.000168
KCRDK,1,20,3,0.006618,0.00478,0.001614
BA,1,20,2,0.004253,0.004134,8.2e-05
KCRDK,1,20,1,0.002773,0.002131,0.000571
BA,1,20,3,0.009735,0.009557,0.000124
KCRDK,1,20,1,0.002702,0.002181,0.000424
BA,1,20,2,0.0042,0.004087,8.4e-05
KCRDK,1,20,1,0.002892,0.002194,0.000608
BA,1,20,3,0.00914,0.008963,0.000124
KCRDK,1,20,1,0.002662,0.001929,0.000642
BA,1,20,2,0.004532,0.004413,8.9e-05
KCRDK,1,20,1,0.002738,0.002039,0.000609
BA,1,20,3,0.008688,0.008511,0.000124
KCRDK,1,20,1,0.002737,0.002174,0.000474
BA,1,20,2,0.004515,0.004404,8.2e-05
KCRDK,1,20,1,0.002806,0.00203,0.000686
BA,1,20,3,0.008976,0.008792,0.000125
KCRDK,1,20,1,0.00286,0.002149,0.000622
BA,1,20,4,0.015787,0.015535,0.000166
KCRDK,1,20,3,0.006182,0.005478,0.000491
BA,1,20,4,0.017104,0.016856,0.000167
KCRDK,1,20,3,0.006638,0.005183,0.001239
BA,1,20,4,0.016849,0.016606,0.000166
KCRDK,1,20,3,0.005836,0.004882,0.000742
BA,1,20,4,0.016617,0.016358,0.000173
KCRDK,1,20,3,0.006795,0.005319,0.001263
BA,1,20,2,0.00459,0.004479,8.1e-05
KCRDK,1,20,1,0.003283,0.001997,0.001216
BA,1,20,2,0.004507,0.004395,8.2e-05
KCRDK,1,20,1,0.002801,0.002148,0.000563
BA,1,20,3,0.009105,0.00892,0.000131
KCRDK,1,20,2,0.004748,0.003573,0.001013
BA,1,20,2,0.004414,0.004301,8.3e-05
KCRDK,1,20,1,0.002876,0.002176,0.000611
BA,1,20,4,0.017114,0.016868,0.000169
KCRDK,1,20,3,0.007192,0.006039,0.000939
BA,1,20,3,0.009238,0.009053,0.000126
KCRDK,1,20,1,0.002795,0.00213,0.000593
BA,1,20,4,0.01703,0.016781,0.000171
KCRDK,1,20,3,0.006212,0.005618,0.000382
BA,1,20,3,0.008601,0.008422,0.000125
KCRDK,1,20,1,0.002887,0.002183,0.000615
BA,1,20,4,0.016265,0.016021,0.000167
KCRDK,1,20,3,0.006713,0.005175,0.001315
BA,1,20,2,0.004224,0.004111,8.3e-05
KCRDK,1,20,1,0.002955,0.002069,0.000795
BA,1,20,2,0.00424,0.004125,8.3e-05
KCRDK,1,20,1,0.003033,0.002198,0.000746
BA,1,20,4,0.017212,0.016965,0.000169
KCRDK,1,20,3,0.007202,0.005789,0.001197
BA,1,20,3,0.009601,0.009421,0.000125
KCRDK,1,20,2,0.004638,0.003374,0.001111
BA,1,20,3,0.009933,0.009726,0.000132
KCRDK,1,20,1,0.002661,0.002161,0.00043
BA,1,20,2,0.004403,0.00429,8.3e-05
KCRDK,1,20,1,0.00269,0.002019,0.000581
BA,1,20,4,0.016095,0.01585,0.000167
KCRDK,1,20,3,0.006842,0.005077,0.001552
BA,1,40,2,0.004283,0.004172,8.2e-05
KCRDK,1,40,1,0.003247,0.002303,0.000853
BA,1,40,4,0.016663,0.01642,0.000165
KCRDK,1,40,3,0.006064,0.004626,0.001224
BA,1,40,2,0.00415,0.004038,8.2e-05
KCRDK,1,40,1,0.002928,0.00218,0.000677
BA,1,40,4,0.016761,0.016516,0.000166
KCRDK,1,40,3,0.006969,0.005927,0.000826
BA,1,40,3,0.009903,0.009725,0.000123
KCRDK,1,40,2,0.004547,0.003552,0.000836
BA,1,40,4,0.016095,0.015837,0.000174
KCRDK,1,40,3,0.006742,0.005451,0.001071
BA,1,40,4,0.015759,0.01551,0.000171
KCRDK,1,40,3,0.006993,0.004843,0.001935
BA,1,40,4,0.017749,0.017483,0.000185
KCRDK,1,40,3,0.007736,0.006187,0.001334
BA,1,40,3,0.008516,0.008338,0.000126
KCRDK,1,40,1,0.002848,0.002144,0.000615
BA,1,40,3,0.008731,0.008552,0.000125
KCRDK,1,40,2,0.004706,0.003602,0.000962
BA,1,40,2,0.004471,0.004359,8.2e-05
KCRDK,1,40,1,0.00267,0.001961,0.00062
BA,1,40,2,0.004642,0.004529,8.3e-05
KCRDK,1,40,1,0.003098,0.002206,0.000801
BA,1,40,2,0.004563,0.00445,8.2e-05
KCRDK,1,40,1,0.002909,0.002136,0.000702
BA,1,40,2,0.00395,0.003837,8.2e-05
KCRDK,1,40,1,0.002962,0.00222,0.000648
BA,1,40,2,0.004432,0.00432,8.3e-05
KCRDK,1,40,1,0.003003,0.002212,0.000703
BA,1,40,2,0.004307,0.004194,8.2e-05
KCRDK,1,40,1,0.002626,0.001932,0.000624
BA,1,40,4,0.016775,0.016534,0.000163
KCRDK,1,40,3,0.006755,0.005405,0.001131
BA,1,40,2,0.004186,0.004064,8.3e-05
KCRDK,1,40,1,0.002897,0.002069,0.000718
BA,1,40,3,0.009411,0.009232,0.000125
KCRDK,1,40,1,0.002692,0.002016,0.000586
BA,1,40,4,0.017834,0.017581,0.000174
KCRDK,1,40,3,0.006987,0.00563,0.001156
BA,1,40,2,0.004531,0.004417,8.3e-05
KCRDK,1,40,1,0.002974,0.002185,0.0007
BA,1,40,2,0.004182,0.004071,8.2e-05
KCRDK,1,40,1,0.003033,0.002183,0.00076
BA,1,40,3,0.010042,0.009853,0.000134
KCRDK,1,40,2,0.004344,0.003281,0.00091
BA,1,40,2,0.00468,0.004567,8.3e-05
KCRDK,1,40,1,0.002916,0.002157,0.000669
BA,1,40,2,0.004806,0.004693,8.2e-05
KCRDK,1,40,1,0.00299,0.00206,0.00084
BA,1,40,4,0.016936,0.016691,0.000168
KCRDK,1,40,3,0.006102,0.004346,0.001542
BA,1,40,3,0.009448,0.009271,0.000124
KCRDK,1,40,2,0.004054,0.002899,0.001003
BA,1,40,3,0.008976,0.008799,0.000124
KCRDK,1,40,2,0.004975,0.003635,0.001205
BA,1,40,4,0.016495,0.016245,0.000166
KCRDK,1,40,3,0.007227,0.005772,0.00124
BA,1,40,3,0.009489,0.009311,0.000124
KCRDK,1,40,2,0.004595,0.003693,0.000749
BA,1,40,4,0.016358,0.016095,0.000186
KCRDK,1,40,3,0.005917,0.004453,0.001251
BA,1,40,3,0.008563,0.008385,0.000124
KCRDK,1,40,1,0.002892,0.002145,0.000659
BA,1,40,2,0.004161,0.004048,8.2e-05
KCRDK,1,40,1,0.002869,0.002176,0.000604
BA,1,40,2,0.004227,0.004115,8.3e-05
KCRDK,1,40,1,0.002934,0.002198,0.000666
BA,1,40,3,0.009624,0.009446,0.000123
KCRDK,1,40,2,0.004205,0.003037,0.001015
BA,1,40,2,0.004757,0.004644,8.3e-05
KCRDK,1,40,1,0.00303,0.00221,0.000729
BA,1,40,4,0.015912,0.015667,0.000167
KCRDK,1,40,3,0.006137,0.005106,0.000808
BA,1,40,3,0.008368,0.008173,0.000142
KCRDK,1,40,1,0.002852,0.0022,0.000554
BA,1,40,3,0.00909,0.008913,0.000125
KCRDK,1,40,1,0.002679,0.001922,0.000687
BA,1,40,4,0.017523,0.017275,0.000164
KCRDK,1,40,3,0.006516,0.006045,0.000261
BA,1,40,3,0.010291,0.010112,0.000125
KCRDK,1,40,1,0.002671,0.002131,0.000452
BA,1,40,4,0.016397,0.016132,0.000186
KCRDK,1,40,3,0.007116,0.005856,0.001043
BA,1,40,3,0.009014,0.008825,0.000125
KCRDK,1,40,1,0.002916,0.002166,0.000659
BA,1,40,2,0.004216,0.004102,8.3e-05
KCRDK,1,40,1,0.002871,0.00201,0.00077
BA,1,40,4,0.015279,0.01503,0.000172
KCRDK,1,40,3,0.005701,0.004889,0.000601
BA,1,40,3,0.009824,0.009638,0.000133
KCRDK,1,40,1,0.002571,0.00191,0.00057
BA,1,40,2,0.004636,0.004524,8.2e-05
KCRDK,1,40,1,0.00286,0.002174,0.000596
BA,1,40,2,0.004173,0.00406,8.4e-05
KCRDK,1,40,1,0.002994,0.002114,0.000788
BA,1,40,4,0.016717,0.01647,0.000168
KCRDK,1,40,3,0.006956,0.005386,0.001349
BA,1,40,2,0.00439,0.004278,8.2e-05
KCRDK,1,40,1,0.002888,0.002191,0.000625
BA,1,40,3,0.009048,0.008868,0.000125
KCRDK,1,40,1,0.003047,0.00221,0.000739
BA,1,40,2,0.004554,0.004442,8.4e-05
KCRDK,1,40,1,0.002908,0.002205,0.000613
BA,1,40,3,0.009806,0.009627,0.000125
KCRDK,1,40,1,0.00286,0.00219,0.00058
BA,1,40,4,0.016863,0.016621,0.000164
KCRDK,1,40,3,0.006574,0.006003,0.000354
BA,1,40,3,0.009218,0.009041,0.000123
KCRDK,1,40,2,0.004351,0.0033,0.000898
BA,1,40,4,0.017241,0.016982,0.000181
KCRDK,1,40,3,0.006057,0.004633,0.00121
BA,1,40,3,0.008718,0.00854,0.000125
KCRDK,1,40,1,0.003124,0.002208,0.000825
BA,1,40,4,0.016523,0.016279,0.000168
KCRDK,1,40,3,0.00734,0.005947,0.001177
BA,1,40,3,0.009423,0.009235,0.000129
KCRDK,1,40,2,0.004669,0.003502,0.001014
BA,1,40,3,0.009651,0.009472,0.000125
KCRDK,1,40,1,0.002676,0.002007,0.000593
BA,1,40,2,0.004072,0.003956,8.4e-05
KCRDK,1,40,1,0.002752,0.002001,0.000662
BA,1,40,3,0.008158,0.007981,0.000123
KCRDK,1,40,1,0.002853,0.002155,0.000608
BA,1,40,4,0.016675,0.016428,0.000169
KCRDK,1,40,3,0.007066,0.005672,0.001179
BA,1,40,3,0.009691,0.009515,0.000123
KCRDK,1,40,2,0.004633,0.00355,0.00095
BA,1,40,3,0.009396,0.00922,0.000122
KCRDK,1,40,1,0.002701,0.002154,0.000459
BA,1,40,3,0.009446,0.00927,0.000123
KCRDK,1,40,2,0.004767,0.003738,0.000895
BA,1,40,3,0.009526,0.00935,0.000123
KCRDK,1,40,2,0.00381,0.003399,0.000263
BA,1,40,4,0.01752,0.017278,0.000164
KCRDK,1,40,3,0.006512,0.005336,0.000962
BA,1,40,3,0.009267,0.009087,0.000126
KCRDK,1,40,2,0.003942,0.003282,0.000499
BA,1,40,3,0.009201,0.009023,0.000125
KCRDK,1,40,2,0.004252,0.003042,0.001059
BA,1,40,3,0.00875,0.008563,0.000126
KCRDK,1,40,1,0.003086,0.002205,0.000811
BA,1,40,3,0.009971,0.009794,0.000122
KCRDK,1,40,2,0.004693,0.003618,0.000923
BA,1,40,2,0.004549,0.004438,8.2e-05
KCRDK,1,40,1,0.002905,0.002216,0.0006
BA,1,40,3,0.00931,0.009122,0.000134
KCRDK,1,40,2,0.004362,0.003329,0.000875
BA,1,40,3,0.009019,0.008837,0.000124
KCRDK,1,40,2,0.004505,0.003332,0.001019
BA,1,40,4,0.018284,0.018041,0.000167
KCRDK,1,40,3,0.007131,0.005613,0.001305
BA,1,40,4,0.016867,0.016625,0.000164
KCRDK,1,40,3,0.006369,0.004831,0.001325
BA,1,40,3,0.009691,0.009513,0.000123
KCRDK,1,40,1,0.002428,0.001998,0.000343
BA,1,40,4,0.016439,0.016195,0.000167
KCRDK,1,40,3,0.007133,0.005676,0.001243
BA,1,40,2,0.003912,0.003799,8.3e-05
KCRDK,1,40,1,0.003051,0.002018,0.000941
BA,1,40,2,0.004177,0.004063,8.3e-05
KCRDK,1,40,1,0.002857,0.002156,0.00061
BA,1,40,4,0.017547,0.017301,0.000167
KCRDK,1,40,3,0.007395,0.005976,0.001222
BA,1,40,2,0.004531,0.004388,0.000103
KCRDK,1,40,1,0.002725,0.00194,0.000694
BA,1,40,3,0.010452,0.010276,0.000124
KCRDK,1,40,1,0.002857,0.002114,0.000653
BA,1,40,2,0.003993,0.003876,8.8e-05
KCRDK,1,40,1,0.002937,0.002159,0.000687
BA,1,40,2,0.004069,0.003957,8.2e-05
KCRDK,1,40,1,0.002857,0.002213,0.000572
BA,1,40,2,0.004243,0.00413,8.3e-05
KCRDK,1,40,1,0.002909,0.002193,0.000613
BA,1,40,4,0.017852,0.017602,0.000166
KCRDK,1,40,3,0.006252,0.004868,0.00117
BA,1,40,3,0.009968,0.009791,0.000124
KCRDK,1,40,2,0.004554,0.003337,0.001078
BA,1,40,3,0.00946,0.009282,0.000124
KCRDK,1,40,2,0.003878,0.003384,0.000344
BA,1,40,3,0.009798,0.009612,0.000132
KCRDK,1,40,1,0.002792,0.002127,0.000595
BA,1,40,2,0.00455,0.004426,8.8e-05
KCRDK,1,40,1,0.00293,0.002169,0.000669
BA,1,40,3,0.009918,0.009731,0.000134
KCRDK,1,40,2,0.004233,0.0032,0.000881
BA,1,40,4,0.017903,0.017644,0.000181
KCRDK,1,40,3,0.006391,0.005001,0.001172
BA,1,40,3,0.00941,0.009232,0.000124
KCRDK,1,40,1,0.002652,0.001889,0.000672
BA,1,40,4,0.017681,0.017436,0.000166
KCRDK,1,40,3,0.007447,0.00587,0.001359
BA,1,40,3,0.009436,0.009228,0.000124
KCRDK,1,40,2,0.004489,0.003354,0.000982
BA,1,40,2,0.004194,0.004081,8.3e-05
KCRDK,1,40,1,0.002835,0.002177,0.000585
BA,1,40,3,0.009153,0.008965,0.000135
KCRDK,1,40,1,0.003362,0.002114,0.001159
BA,1,40,3,0.009157,0.008966,0.000126
KCRDK,1,40,1,0.002612,0.001898,0.000625
BA,1,60,3,0.009032,0.008843,0.000134
KCRDK,1,60,1,0.002802,0.002179,0.000534
BA,1,60,3,0.009159,0.008973,0.000123
KCRDK,1,60,2,0.00431,0.003267,0.000908
BA,1,60,4,0.017274,0.017025,0.000167
KCRDK,1,60,3,0.007304,0.005968,0.001122
BA,1,60,4,0.016158,0.015908,0.000173
KCRDK,1,60,3,0.00722,0.005665,0.001331
BA,1,60,3,0.008694,0.00851,0.000124
KCRDK,1,60,1,0.002897,0.002145,0.000663
BA,1,60,3,0.009696,0.009519,0.000124
KCRDK,1,60,2,0.004837,0.004027,0.000657
BA,1,60,2,0.004522,0.00441,8.3e-05
KCRDK,1,60,1,0.003138,0.002215,0.000833
BA,1,60,2,0.004769,0.004658,8.1e-05
KCRDK,1,60,1,0.002891,0.002162,0.000659
BA,1,60,4,0.015983,0.015739,0.000165
KCRDK,1,60,3,0.005802,0.004366,0.001226
BA,1,60,2,0.004751,0.004639,8.2e-05
KCRDK,1,60,1,0.002875,0.002138,0.000647
BA,1,60,4,0.016191,0.015943,0.000166
KCRDK,1,60,3,0.006262,0.005519,0.000545
BA,1,60,3,0.008692,0.008514,0.000124
KCRDK,1,60,1,0.002725,0.00197,0.000685
BA,1,60,3,0.008809,0.008629,0.000125
KCRDK,1,60,1,0.002694,0.002159,0.000445
BA,1,60,2,0.004385,0.004273,8.2e-05
KCRDK,1,60,1,0.003199,0.002188,0.000918
BA,1,60,2,0.004328,0.004215,8.3e-05
KCRDK,1,60,1,0.002807,0.002018,0.0007
BA,1,60,2,0.004243,0.004131,8.2e-05
KCRDK,1,60,1,0.002814,0.002023,0.00072
BA,1,60,2,0.004264,0.004152,8.3e-05
KCRDK,1,60,1,0.002985,0.002191,0.000704
BA,1,60,3,0.009397,0.00922,0.000123
KCRDK,1,60,2,0.004176,0.003163,0.000868
BA,1,60,3,0.009203,0.009019,0.000132
KCRDK,1,60,1,0.002883,0.002177,0.000615
BA,1,60,2,0.004639,0.004524,8.4e-05
KCRDK,1,60,1,0.002709,0.002032,0.000588
BA,1,60,4,0.015275,0.015031,0.000166
KCRDK,1,60,3,0.006794,0.005238,0.00134
BA,1,60,4,0.01707,0.016829,0.000163
KCRDK,1,60,2,0.004637,0.004257,0.000226
BA,1,60,4,0.016331,0.016083,0.000167
KCRDK,1,60,3,0.006787,0.005438,0.001153
BA,1,60,4,0.016159,0.015916,0.000164
KCRDK,1,60,3,0.006845,0.00539,0.00124
BA,1,60,3,0.009582,0.009399,0.000125
KCRDK,1,60,1,0.00288,0.002147,0.000645
BA,1,60,3,0.009704,0.009526,0.000124
KCRDK,1,60,2,0.004553,0.003476,0.000915
BA,1,60,3,0.009829,0.009639,0.000135
KCRDK,1,60,1,0.002582,0.001985,0.000527
BA,1,60,2,0.004431,0.004313,8.3e-05
KCRDK,1,60,1,0.002842,0.002194,0.000577
BA,1,60,3,0.01016,0.009977,0.000124
KCRDK,1,60,1,0.002811,0.00214,0.00058
BA,1,60,2,0.004524,0.004411,8.3e-05
KCRDK,1,60,1,0.002828,0.002138,0.000599
BA,1,60,3,0.009118,0.008934,0.000123
KCRDK,1,60,1,0.002784,0.002198,0.000493
BA,1,60,4,0.016868,0.016624,0.000167
KCRDK,1,60,3,0.006285,0.004875,0.001195
BA,1,60,4,0.016125,0.015873,0.000173
KCRDK,1,60,3,0.006482,0.005926,0.000339
BA,1,60,2,0.004506,0.004394,8.2e-05
KCRDK,1,60,1,0.00282,0.002152,0.000577
BA,1,60,3,0.008717,0.00854,0.000124
KCRDK,1,60,1,0.002695,0.002161,0.000446
BA,1,60,3,0.009698,0.009521,0.000124
KCRDK,1,60,2,0.004168,0.003739,0.000278
BA,1,60,2,0.004174,0.004062,8.2e-05
KCRDK,1,60,1,0.002705,0.002007,0.000609
BA,1,60,3,0.008987,0.00881,0.000123
KCRDK,1,60,1,0.002679,0.001913,0.000696
BA,1,60,3,0.009322,0.009142,0.000124
KCRDK,1,60,1,0.002991,0.002161,0.00074
BA,1,60,3,0.008903,0.008709,0.000139
KCRDK,1,60,1,0.002778,0.002121,0.000569
BA,1,60,2,0.004473,0.004362,8.2e-05
KCRDK,1,60,1,0.003135,0.002208,0.000838
BA,1,60,3,0.009131,0.008956,0.000122
KCRDK,1,60,1,0.002652,0.001991,0.000571
BA,1,60,2,0.004748,0.004635,8.3e-05
KCRDK,1,60,1,0.002874,0.002196,0.000588
BA,1,60,3,0.009554,0.009377,0.000123
KCRDK,1,60,1,0.002508,0.001847,0.000572
BA,1,60,4,0.016948,0.016703,0.000166
KCRDK,1,60,3,0.006398,0.004938,0.001245
BA,1,60,3,0.008963,0.00878,0.000124
KCRDK,1,60,1,0.002711,0.001914,0.000696
BA,1,60,2,0.004632,0.004519,8.3e-05
KCRDK,1,60,1,0.002838,0.002159,0.000602
BA,1,60,2,0.004246,0.004132,8.2e-05
KCRDK,1,60,1,0.002906,0.002195,0.000619
BA,1,60,3,0.009501,0.009324,0.000124
KCRDK,1,60,1,0.002685,0.001974,0.000641
BA,1,60,4,0.016542,0.016294,0.000165
KCRDK,1,60,3,0.00663,0.005773,0.000663
BA,1,60,2,0.00466,0.004547,8.3e-05
KCRDK,1,60,1,0.002844,0.002172,0.000577
BA,1,60,4,0.017217,0.016958,0.000175
KCRDK,1,60,3,0.00657,0.006029,0.000329
BA,1,60,4,0.016944,0.016698,0.00017
KCRDK,1,60,3,0.006445,0.005548,0.000692
BA,1,60,4,0.015442,0.015191,0.000167
KCRDK,1,60,3,0.006653,0.00575,0.000682
BA,1,60,3,0.008941,0.008763,0.000124
KCRDK,1,60,1,0.00285,0.002141,0.000619
BA,1,60,4,0.017432,0.017191,0.000165
KCRDK,1,60,3,0.006158,0.005256,0.000707
BA,1,60,3,0.008815,0.008637,0.000124
KCRDK,1,60,2,0.004618,0.00335,0.001115
BA,1,60,4,0.017328,0.017084,0.000167
KCRDK,1,60,3,0.006856,0.005333,0.001296
BA,1,60,3,0.010477,0.010294,0.000125
KCRDK,1,60,2,0.004363,0.003269,0.000943
BA,1,60,2,0.004741,0.00462,9e-05
KCRDK,1,60,1,0.003029,0.00216,0.000779
BA,1,60,3,0.008885,0.008706,0.000126
KCRDK,1,60,1,0.002926,0.002169,0.000679
BA,1,60,2,0.004443,0.0043,9e-05
KCRDK,1,60,1,0.00289,0.002172,0.000638
BA,1,60,3,0.009307,0.009129,0.000125
KCRDK,1,60,2,0.004925,0.003765,0.001008
BA,1,60,4,0.017317,0.017071,0.000168
KCRDK,1,60,3,0.006756,0.005327,0.001203
BA,1,60,2,0.004414,0.004295,8.9e-05
KCRDK,1,60,1,0.002889,0.002041,0.000757
BA,1,60,3,0.009758,0.009581,0.000124
KCRDK,1,60,2,0.004487,0.003941,0.000393
BA,1,60,3,0.009354,0.009174,0.000125
KCRDK,1,60,2,0.005079,0.003924,0.001
BA,1,60,3,0.010282,0.010104,0.000123
KCRDK,1,60,2,0.004715,0.003733,0.00085
BA,1,60,3,0.008672,0.008494,0.000124
KCRDK,1,60,1,0.002681,0.001996,0.000597
BA,1,60,3,0.009975,0.009794,0.000127
KCRDK,1,60,2,0.004567,0.003303,0.00111
BA,1,60,3,0.009819,0.009642,0.000123
KCRDK,1,60,1,0.002879,0.002121,0.000669
BA,1,60,4,0.014995,0.014752,0.000166
KCRDK,1,60,3,0.006471,0.005602,0.000655
BA,1,60,2,0.004395,0.004284,8.2e-05
KCRDK,1,60,1,0.00271,0.002006,0.000631
BA,1,60,3,0.009418,0.009239,0.000126
KCRDK,1,60,1,0.00264,0.001884,0.000678
BA,1,60,3,0.008424,0.008246,0.000123
KCRDK,1,60,1,0.002998,0.002188,0.00072
BA,1,60,2,0.004412,0.004293,8.4e-05
KCRDK,1,60,1,0.002785,0.001959,0.000753
BA,1,60,2,0.004378,0.004265,8.3e-05
KCRDK,1,60,1,0.002889,0.002182,0.000611
BA,1,60,2,0.00436,0.004248,8.2e-05
KCRDK,1,60,1,0.002694,0.00194,0.000684
BA,1,60,3,0.009268,0.009091,0.000123
KCRDK,1,60,1,0.00277,0.002106,0.000574
BA,1,60,4,0.016041,0.0158,0.000164
KCRDK,1,60,3,0.006194,0.005109,0.000872
BA,1,60,3,0.009873,0.009688,0.000122
KCRDK,1,60,2,0.004283,0.003424,0.000706
BA,1,60,3,0.009549,0.009368,0.000122
KCRDK,1,60,1,0.002935,0.002119,0.000727
BA,1,60,2,0.004533,0.004422,8.2e-05
KCRDK,1,60,1,0.002709,0.002044,0.000595
BA,1,60,3,0.009222,0.009046,0.000123
KCRDK,1,60,1,0.002836,0.002225,0.00054
BA,1,60,3,0.008293,0.008116,0.000124
KCRDK,1,60,1,0.002804,0.002144,0.000571
BA,1,60,4,0.016657,0.016394,0.000185
KCRDK,1,60,3,0.007506,0.006047,0.001236
BA,1,60,2,0.004504,0.004391,8.3e-05
KCRDK,1,60,1,0.003159,0.002249,0.00082
BA,1,60,3,0.008803,0.008602,0.000139
KCRDK,1,60,1,0.002932,0.00217,0.000672
BA,1,60,2,0.004888,0.004777,8.2e-05
KCRDK,1,60,1,0.002883,0.002186,0.000626
BA,1,60,3,0.009385,0.009197,0.000135
KCRDK,1,60,2,0.004312,0.003373,0.000787
BA,1,60,3,0.010033,0.009845,0.00013
KCRDK,1,60,2,0.004593,0.003306,0.001135
BA,1,60,2,0.004347,0.004235,8.2e-05
KCRDK,1,60,1,0.002836,0.002146,0.000619
BA,1,60,3,0.009243,0.009066,0.000123
KCRDK,1,60,2,0.004539,0.003664,0.000723
BA,1,60,2,0.004088,0.00397,8.4e-05
KCRDK,1,60,1,0.003162,0.002197,0.000893
BA,1,60,2,0.004192,0.00408,8.2e-05
KCRDK,1,60,1,0.003008,0.002201,0.000725
BA,1,60,4,0.015675,0.015434,0.000164
KCRDK,1,60,3,0.006347,0.004901,0.001242
BA,1,60,2,0.004264,0.004146,8.3e-05
KCRDK,1,60,1,0.002857,0.002145,0.000621
BA,1,60,2,0.004534,0.004422,8.2e-05
KCRDK,1,60,1,0.003113,0.00217,0.000853
BA,1,60,3,0.008772,0.008582,0.000136
KCRDK,1,60,1,0.002612,0.001919,0.000604
BA,1,60,4,0.015764,0.015523,0.000164
KCRDK,1,60,3,0.00711,0.00595,0.000947
BA,1,80,4,0.016634,0.016391,0.000166
KCRDK,1,80,3,0.006699,0.005736,0.000749
BA,1,80,2,0.004342,0.004219,9.4e-05
KCRDK,1,80,1,0.002952,0.002208,0.000653
BA,1,80,2,0.004325,0.004208,8.2e-05
KCRDK,1,80,1,0.002725,0.001952,0.000701
BA,1,80,3,0.009074,0.008899,0.000123
KCRDK,1,80,1,0.002837,0.002216,0.000533
BA,1,80,3,0.008836,0.008651,0.000125
KCRDK,1,80,1,0.002933,0.002212,0.000633
BA,1,80,3,0.009986,0.009792,0.000133
KCRDK,1,80,2,0.004368,0.003315,0.000921
BA,1,80,3,0.008713,0.008536,0.000123
KCRDK,1,80,1,0.002898,0.002215,0.000594
BA,1,80,3,0.009759,0.009584,0.000122
KCRDK,1,80,1,0.002779,0.00199,0.0007
BA,1,80,2,0.004567,0.004455,8.2e-05
KCRDK,1,80,1,0.00297,0.002171,0.00071
BA,1,80,4,0.016653,0.016404,0.000166
KCRDK,1,80,3,0.006685,0.005281,0.001189
BA,1,80,3,0.00917,0.008994,0.000122
KCRDK,1,80,1,0.002843,0.002147,0.000606
BA,1,80,2,0.004392,0.004269,8.1e-05
KCRDK,1,80,1,0.00285,0.002141,0.000619
BA,1,80,2,0.004419,0.004307,8.3e-05
KCRDK,1,80,1,0.00271,0.002019,0.000602
BA,1,80,4,0.017216,0.016971,0.000165
KCRDK,1,80,3,0.006548,0.005814,0.000524
BA,1,80,2,0.004176,0.004059,8.1e-05
KCRDK,1,80,1,0.002713,0.001953,0.00067
BA,1,80,2,0.004481,0.004368,8.3e-05
KCRDK,1,80,1,0.002855,0.002189,0.000594
BA,1,80,4,0.017365,0.017123,0.000165
KCRDK,1,80,3,0.006007,0.004472,0.001339
BA,1,80,3,0.009298,0.009116,0.000124
KCRDK,1,80,2,0.004145,0.003811,0.000184
BA,1,80,3,0.009145,0.008955,0.000135
KCRDK,1,80,1,0.002591,0.002071,0.000431
BA,1,80,3,0.009398,0.009221,0.000123
KCRDK,1,80,1,0.002959,0.002144,0.000724
BA,1,80,3,0.009386,0.009212,0.000122
KCRDK,1,80,2,0.004615,0.003569,0.000893
BA,1,80,2,0.00404,0.003926,8.3e-05
KCRDK,1,80,1,0.002998,0.001967,0.000939
BA,1,80,2,0.004103,0.00399,8.2e-05
KCRDK,1,80,1,0.002815,0.002205,0.000519
BA,1,80,3,0.009708,0.009527,0.000123
KCRDK,1,80,1,0.002752,0.002182,0.000481
BA,1,80,4,0.017146,0.016905,0.000165
KCRDK,1,80,3,0.006094,0.004652,0.001247
BA,1,80,4,0.016621,0.016372,0.000164
KCRDK,1,80,3,0.007059,0.006419,0.000449
BA,1,80,3,0.00931,0.00913,0.000125
KCRDK,1,80,1,0.002866,0.002157,0.000619
BA,1,80,3,0.009516,0.00933,0.000133
KCRDK,1,80,2,0.004768,0.003686,0.000946
BA,1,80,4,0.016275,0.016019,0.000174
KCRDK,1,80,3,0.006173,0.005591,0.000372
BA,1,80,3,0.009397,0.009221,0.000123
KCRDK,1,80,2,0.003644,0.003282,0.000214
BA,1,80,2,0.004154,0.004043,8.1e-05
KCRDK,1,80,1,0.003007,0.002149,0.000766
BA,1,80,2,0.004526,0.004414,8.4e-05
KCRDK,1,80,1,0.002879,0.002196,0.000592
BA,1,80,2,0.004371,0.004259,8.3e-05
KCRDK,1,80,1,0.002878,0.002163,0.000642
BA,1,80,2,0.004387,0.004274,8.2e-05
KCRDK,1,80,1,0.002967,0.002205,0.000691
BA,1,80,3,0.009174,0.008996,0.000124
KCRDK,1,80,2,0.004769,0.003676,0.000933
BA,1,80,2,0.004407,0.004295,8.3e-05
KCRDK,1,80,1,0.002884,0.00217,0.000625
BA,1,80,3,0.009151,0.008973,0.000124
KCRDK,1,80,1,0.002966,0.002156,0.000722
BA,1,80,4,0.016272,0.016026,0.000165
KCRDK,1,80,3,0.006858,0.005964,0.0007
BA,1,80,3,0.010661,0.010485,0.000124
KCRDK,1,80,2,0.004625,0.00349,0.000982
BA,1,80,4,0.016486,0.016236,0.000173
KCRDK,1,80,3,0.00615,0.004689,0.001248
BA,1,80,3,0.009672,0.009486,0.000132
KCRDK,1,80,2,0.004501,0.003354,0.000996
BA,1,80,4,0.01609,0.01584,0.000173
KCRDK,1,80,3,0.006294,0.005741,0.000343
BA,1,80,3,0.008188,0.008005,0.000131
KCRDK,1,80,1,0.002599,0.001916,0.000593
BA,1,80,3,0.009744,0.00956,0.000131
KCRDK,1,80,2,0.00439,0.00326,0.000997
BA,1,80,3,0.009501,0.009322,0.000125
KCRDK,1,80,2,0.0043,0.003749,0.000399
BA,1,80,4,0.015935,0.01569,0.000165
KCRDK,1,80,3,0.00792,0.005768,0.001936
BA,1,80,2,0.004509,0.004396,8.3e-05
KCRDK,1,80,1,0.002656,0.001999,0.000565
BA,1,80,3,0.008366,0.008181,0.000123
KCRDK,1,80,1,0.002513,0.001984,0.00044
BA,1,80,3,0.009434,0.009257,0.000125
KCRDK,1,80,1,0.002909,0.002147,0.000672
BA,1,80,4,0.016526,0.016263,0.000186
KCRDK,1,80,3,0.007042,0.005458,0.001362
BA,1,80,3,0.009458,0.009271,0.000134
KCRDK,1,80,2,0.004878,0.003375,0.001347
BA,1,80,2,0.004557,0.004445,8.3e-05
KCRDK,1,80,1,0.002858,0.002199,0.000587
BA,1,80,3,0.00934,0.009162,0.000125
KCRDK,1,80,1,0.003078,0.002164,0.000825
BA,1,80,3,0.009486,0.009309,0.000123
KCRDK,1,80,1,0.00298,0.002153,0.000737
BA,1,80,3,0.00938,0.009201,0.000125
KCRDK,1,80,1,0.002688,0.002161,0.000456
BA,1,80,3,0.009176,0.008999,0.000123
KCRDK,1,80,1,0.002638,0.001879,0.000669
BA,1,80,3,0.009857,0.009669,0.000125
KCRDK,1,80,2,0.004309,0.00334,0.000818
BA,1,80,2,0.004557,0.004446,8.1e-05
KCRDK,1,80,1,0.002853,0.002177,0.000585
BA,1,80,3,0.008591,0.008405,0.000133
KCRDK,1,80,1,0.003009,0.00217,0.00075
BA,1,80,2,0.004191,0.004078,8.3e-05
KCRDK,1,80,1,0.002868,0.002217,0.00056
BA,1,80,2,0.004384,0.004272,8.2e-05
KCRDK,1,80,1,0.003007,0.002038,0.000877
BA,1,80,3,0.009581,0.009403,0.000124
KCRDK,1,80,2,0.0043,0.003412,0.000753
BA,1,80,2,0.004768,0.004657,8.1e-05
KCRDK,1,80,1,0.002847,0.002152,0.000598
BA,1,80,2,0.004759,0.004647,8.2e-05
KCRDK,1,80,1,0.002805,0.002059,0.000675
BA,1,80,3,0.008935,0.008748,0.000133
KCRDK,1,80,1,0.002706,0.001988,0.000621
BA,1,80,3,0.009712,0.009535,0.000124
KCRDK,1,80,1,0.003288,0.001926,0.001272
BA,1,80,4,0.016005,0.015761,0.000166
KCRDK,1,80,3,0.006173,0.005686,0.000276
BA,1,80,3,0.009965,0.009788,0.000124
KCRDK,1,80,2,0.004596,0.003343,0.001119
BA,1,80,4,0.015901,0.015643,0.000175
KCRDK,1,80,3,0.006762,0.005395,0.001151
BA,1,80,4,0.018155,0.017911,0.000167
KCRDK,1,80,3,0.006907,0.005418,0.001273
BA,1,80,3,0.009641,0.00945,0.000124
KCRDK,1,80,1,0.002698,0.001977,0.000631
BA,1,80,2,0.004387,0.004275,8.2e-05
KCRDK,1,80,1,0.002967,0.00202,0.000877
BA,1,80,4,0.015988,0.015745,0.000166
KCRDK,1,80,3,0.005651,0.005084,0.000375
BA,1,80,4,0.016803,0.016551,0.000166
KCRDK,1,80,3,0.006995,0.005344,0.001437
BA,1,80,3,0.009153,0.008976,0.000123
KCRDK,1,80,1,0.002694,0.002178,0.000427
BA,1,80,3,0.009515,0.00934,0.000123
KCRDK,1,80,1,0.002941,0.002169,0.000677
BA,1,80,2,0.004598,0.004483,8.5e-05
KCRDK,1,80,1,0.002713,0.002002,0.000621
BA,1,80,3,0.009368,0.009191,0.000123
KCRDK,1,80,1,0.002505,0.001864,0.000569
BA,1,80,4,0.016086,0.015842,0.000165
KCRDK,1,80,3,0.007145,0.005879,0.001051
BA,1,80,4,0.017222,0.016979,0.000165
KCRDK,1,80,3,0.0068,0.005855,0.000725
BA,1,80,3,0.009026,0.00885,0.000122
KCRDK,1,80,1,0.002774,0.002148,0.000537
BA,1,80,4,0.017855,0.017608,0.000164
KCRDK,1,80,3,0.006741,0.005492,0.001034
BA,1,80,3,0.008862,0.008684,0.000125
KCRDK,1,80,1,0.002766,0.002115,0.000562
BA,1,80,3,0.009068,0.008891,0.000124
KCRDK,1,80,1,0.002755,0.002161,0.000497
BA,1,80,4,0.016149,0.01589,0.000175
KCRDK,1,80,3,0.006964,0.005794,0.000975
BA,1,80,2,0.004424,0.004313,8.1e-05
KCRDK,1,80,1,0.00299,0.002177,0.000722
BA,1,80,4,0.01613,0.015862,0.000173
KCRDK,1,80,3,0.006307,0.004834,0.001252
BA,1,80,2,0.004514,0.004402,8.2e-05
KCRDK,1,80,1,0.002994,0.002165,0.000739
BA,1,80,2,0.004211,0.004098,8.1e-05
KCRDK,1,80,1,0.00289,0.002207,0.000593
BA,1,80,3,0.009217,0.009035,0.000124
KCRDK,1,80,2,0.004342,0.003287,0.000903
BA,1,80,3,0.008762,0.008584,0.000124
KCRDK,1,80,1,0.002872,0.002147,0.000637
BA,1,80,4,0.016514,0.016272,0.000164
KCRDK,1,80,3,0.007385,0.005892,0.001278
BA,1,80,3,0.009453,0.009276,0.000123
KCRDK,1,80,2,0.004263,0.003439,0.000671
BA,1,80,2,0.004466,0.004355,8.2e-05
KCRDK,1,80,1,0.002929,0.002184,0.000655
BA,1,80,3,0.009906,0.009727,0.000123
KCRDK,1,80,1,0.002788,0.002139,0.000559
BA,1,80,3,0.00965,0.009469,0.000128
KCRDK,1,80,2,0.004227,0.003255,0.00082
BA,1,80,3,0.00901,0.008825,0.000125
KCRDK,1,80,2,0.00477,0.003522,0.001091
BA,1,80,4,0.016605,0.016356,0.000168
KCRDK,1,80,3,0.006975,0.005899,0.000847
BA,1,80,2,0.004837,0.004725,8.2e-05
KCRDK,1,80,1,0.002933,0.002146,0.000696
BA,1,80,2,0.004507,0.004395,8.3e-05
KCRDK,1,80,1,0.002862,0.002159,0.000632
BA,1,100,3,0.009008,0.008825,0.00013
KCRDK,1,100,1,0.002848,0.002154,0.000604
BA,1,100,4,0.016327,0.016087,0.000163
KCRDK,1,100,3,0.006644,0.004929,0.001519
BA,1,100,2,0.00417,0.004048,9.2e-05
KCRDK,1,100,1,0.002672,0.001982,0.0006
BA,1,100,3,0.009337,0.00915,0.000126
KCRDK,1,100,2,0.004517,0.003675,0.000689
BA,1,100,3,0.010029,0.009852,0.000125
KCRDK,1,100,2,0.00453,0.003511,0.000858
BA,1,100,3,0.008892,0.008714,0.000124
KCRDK,1,100,1,0.002686,0.001918,0.000697
BA,1,100,3,0.009329,0.009151,0.000124
KCRDK,1,100,1,0.002655,0.00219,0.000376
BA,1,100,4,0.017573,0.01731,0.000176
KCRDK,1,100,3,0.006931,0.005457,0.001271
BA,1,100,2,0.004154,0.004035,8.2e-05
KCRDK,1,100,1,0.002652,0.001939,0.000622
BA,1,100,4,0.016484,0.016227,0.000181
KCRDK,1,100,3,0.007017,0.005758,0.001036
BA,1,100,2,0.004331,0.004219,8.2e-05
KCRDK,1,100,1,0.002769,0.002048,0.000631
BA,1,100,4,0.016666,0.016417,0.000167
KCRDK,1,100,3,0.006711,0.005182,0.001313
BA,1,100,3,0.009304,0.009124,0.000128
KCRDK,1,100,1,0.002935,0.00214,0.000703
BA,1,100,2,0.00458,0.004467,8.4e-05
KCRDK,1,100,1,0.002933,0.002171,0.000673
BA,1,100,2,0.004242,0.00413,8.3e-05
KCRDK,1,100,1,0.002912,0.002199,0.000622
BA,1,100,4,0.016158,0.015903,0.000177
KCRDK,1,100,3,0.006914,0.00571,0.000985
BA,1,100,3,0.009365,0.009187,0.000125
KCRDK,1,100,2,0.00467,0.003517,0.000999
BA,1,100,3,0.009394,0.009216,0.000123
KCRDK,1,100,2,0.004399,0.003466,0.000773
BA,1,100,3,0.009131,0.008954,0.000126
KCRDK,1,100,1,0.002805,0.001925,0.00079
BA,1,100,2,0.004392,0.00428,8.3e-05
KCRDK,1,100,1,0.002781,0.001945,0.000746
BA,1,100,4,0.016326,0.016074,0.000167
KCRDK,1,100,3,0.006447,0.005798,0.000437
BA,1,100,3,0.009657,0.009473,0.000125
KCRDK,1,100,1,0.002827,0.002154,0.000576
BA,1,100,3,0.009015,0.00883,0.000132
KCRDK,1,100,1,0.00273,0.001998,0.000638
BA,1,100,2,0.004409,0.004297,8.1e-05
KCRDK,1,100,1,0.002923,0.002174,0.000659
BA,1,100,3,0.009321,0.009142,0.000126
KCRDK,1,100,2,0.004478,0.003341,0.000984
BA,1,100,2,0.004478,0.004368,8.1e-05
KCRDK,1,100,1,0.002777,0.001994,0.000685
BA,1,100,3,0.008693,0.008513,0.000123
KCRDK,1,100,1,0.002582,0.001989,0.000503
BA,1,100,3,0.008963,0.008786,0.000124
KCRDK,1,100,1,0.002609,0.001993,0.000527
BA,1,100,3,0.009437,0.00926,0.000124
KCRDK,1,100,1,0.002841,0.002161,0.000591
BA,1,100,2,0.004453,0.00433,8.3e-05
KCRDK,1,100,1,0.002961,0.002214,0.000647
BA,1,100,3,0.009427,0.009244,0.000129
KCRDK,1,100,1,0.002607,0.001885,0.000632
BA,1,100,4,0.017531,0.017281,0.000174
KCRDK,1,100,3,0.006427,0.00507,0.001161
BA,1,100,2,0.004507,0.004393,8.2e-05
KCRDK,1,100,1,0.002694,0.001973,0.00063
BA,1,100,3,0.009396,0.00922,0.000123
KCRDK,1,100,1,0.002781,0.002046,0.000646
BA,1,100,4,0.017378,0.016584,0.000166
KCRDK,1,100,3,0.006869,0.005405,0.001245
BA,1,100,2,0.004445,0.004334,8.1e-05
KCRDK,1,100,1,0.002764,0.002013,0.000661
BA,1,100,3,0.009191,0.009016,0.000123
KCRDK,1,100,1,0.002787,0.002174,0.000544
BA,1,100,4,0.016153,0.015909,0.000166
KCRDK,1,100,3,0.006047,0.00459,0.001243
BA,1,100,3,0.009422,0.009246,0.000123
KCRDK,1,100,2,0.004376,0.003251,0.000973
BA,1,100,3,0.00989,0.009713,0.000123
KCRDK,1,100,1,0.002722,0.002148,0.000504
BA,1,100,4,0.016714,0.016449,0.000167
KCRDK,1,100,3,0.006851,0.005453,0.001183
BA,1,100,4,0.017182,0.016937,0.000167
KCRDK,1,100,3,0.006744,0.006137,0.000395
BA,1,100,2,0.004275,0.004157,9e-05
KCRDK,1,100,1,0.002926,0.002169,0.000666
BA,1,100,2,0.004598,0.004487,8.2e-05
KCRDK,1,100,1,0.002722,0.00201,0.000622
BA,1,100,2,0.004378,0.004266,8.2e-05
KCRDK,1,100,1,0.003028,0.002226,0.000712
BA,1,100,4,0.015622,0.01538,0.000164
KCRDK,1,100,3,0.005825,0.00496,0.000644
BA,1,100,3,0.009028,0.008842,0.000131
KCRDK,1,100,1,0.002851,0.002181,0.000602
BA,1,100,3,0.009327,0.009144,0.00013
KCRDK,1,100,1,0.002799,0.002144,0.000566
BA,1,100,4,0.01764,0.017373,0.000164
KCRDK,1,100,3,0.006458,0.005772,0.000465
BA,1,100,3,0.009395,0.00922,0.000123
KCRDK,1,100,2,0.004597,0.00352,0.000922
BA,1,100,4,0.016948,0.016703,0.000168
KCRDK,1,100,3,0.006621,0.006127,0.000282
BA,1,100,3,0.008942,0.008765,0.000124
KCRDK,1,100,2,0.004899,0.003663,0.001084
BA,1,100,3,0.007843,0.007667,0.000122
KCRDK,1,100,2,0.004422,0.003336,0.000954
BA,1,100,2,0.004661,0.004544,8.2e-05
KCRDK,1,100,1,0.003034,0.002223,0.000721
BA,1,100,4,0.017172,0.016932,0.000165
KCRDK,1,100,3,0.007057,0.005559,0.001276
BA,1,100,3,0.008908,0.008732,0.000123
KCRDK,1,100,2,0.004321,0.003232,0.000939
BA,1,100,3,0.009204,0.009028,0.000122
KCRDK,1,100,1,0.002871,0.00214,0.00064
BA,1,100,2,0.004592,0.004481,8.1e-05
KCRDK,1,100,1,0.002804,0.002155,0.000558
BA,1,100,4,0.017651,0.017405,0.000167
KCRDK,1,100,3,0.006302,0.004647,0.001431
BA,1,100,4,0.017299,0.017056,0.000167
KCRDK,1,100,3,0.007089,0.006619,0.000247
BA,1,100,3,0.009793,0.009614,0.000126
KCRDK,1,100,2,0.004348,0.003301,0.000894
BA,1,100,3,0.009066,0.008876,0.000136
KCRDK,1,100,1,0.002605,0.002012,0.000505
BA,1,100,3,0.00967,0.009493,0.000125
KCRDK,1,100,2,0.004593,0.003482,0.000957
BA,1,100,3,0.009414,0.009222,0.000126
KCRDK,1,100,1,0.002787,0.001979,0.000717
BA,1,100,3,0.010238,0.010058,0.000126
KCRDK,1,100,2,0.00468,0.003539,0.001002
BA,1,100,4,0.017262,0.017015,0.000168
KCRDK,1,100,3,0.007275,0.005752,0.001298
BA,1,100,3,0.009379,0.009193,0.000127
KCRDK,1,100,1,0.002662,0.002055,0.000516
BA,1,100,4,0.017619,0.017375,0.000167
KCRDK,1,100,3,0.006879,0.00593,0.000736
BA,1,100,4,0.018206,0.017957,0.000172
KCRDK,1,100,3,0.007182,0.005626,0.00134
BA,1,100,4,0.017528,0.017276,0.000175
KCRDK,1,100,3,0.007325,0.005611,0.001499
BA,1,100,3,0.008883,0.008708,0.000122
KCRDK,1,100,1,0.00265,0.002037,0.000524
BA,1,100,3,0.009661,0.009484,0.000123
KCRDK,1,100,2,0.004735,0.003677,0.000905
BA,1,100,3,0.009947,0.009761,0.000133
KCRDK,1,100,1,0.002985,0.002191,0.000705
BA,1,100,4,0.017759,0.017511,0.000171
KCRDK,1,100,3,0.007564,0.006141,0.001206
BA,1,100,4,0.017775,0.017518,0.000177
KCRDK,1,100,3,0.00685,0.005985,0.000663
BA,1,100,4,0.016447,0.016201,0.000168
KCRDK,1,100,3,0.007114,0.00555,0.001349
BA,1,100,3,0.010311,0.010134,0.000124
KCRDK,1,100,1,0.002692,0.002172,0.000431
BA,1,100,4,0.017886,0.017636,0.000167
KCRDK,1,100,3,0.006738,0.00524,0.001282
BA,1,100,2,0.004518,0.004394,8.2e-05
KCRDK,1,100,1,0.002975,0.002239,0.000644
BA,1,100,4,0.016275,0.01603,0.000168
KCRDK,1,100,3,0.005762,0.00518,0.000364
BA,1,100,3,0.011103,0.010917,0.000131
KCRDK,1,100,2,0.004533,0.003392,0.00099
BA,1,100,3,0.009598,0.009411,0.000134
KCRDK,1,100,2,0.004411,0.003328,0.000951
BA,1,100,3,0.009236,0.009053,0.000131
KCRDK,1,100,2,0.004662,0.003381,0.001126
BA,1,100,4,0.016547,0.016293,0.000172
KCRDK,1,100,3,0.006862,0.005308,0.001336
BA,1,100,2,0.004268,0.004155,8.3e-05
KCRDK,1,100,1,0.002962,0.002237,0.000634
BA,1,100,4,0.017795,0.017549,0.000169
KCRDK,1,100,3,0.007941,0.006419,0.001306
BA,1,100,2,0.004516,0.0044,8.6e-05
KCRDK,1,100,1,0.003034,0.002219,0.000725
BA,1,100,3,0.009581,0.009392,0.000127
KCRDK,1,100,2,0.004432,0.003324,0.000975
BA,1,100,3,0.009885,0.009702,0.000125
KCRDK,1,100,1,0.002939,0.002338,0.000512
BA,1,100,3,0.009583,0.009395,0.000125
KCRDK,1,100,1,0.002906,0.00204,0.000765
BA,1,100,3,0.010825,0.010645,0.000127
KCRDK,1,100,1,0.002947,0.002147,0.000703
BA,1,100,3,0.010326,0.010137,0.000135
KCRDK,1,100,2,0.004399,0.003308,0.000939
BA,1,100,4,0.016748,0.016501,0.000169
KCRDK,1,100,3,0.007467,0.005549,0.001713
BA,1,100,3,0.008477,0.008297,0.000124
KCRDK,1,100,1,0.002668,0.001995,0.000576
BA,1,100,4,0.017839,0.017585,0.000169
KCRDK,1,100,3,0.006932,0.005137,0.001577
BA,1,100,2,0.004161,0.004043,8.3e-05
KCRDK,1,100,1,0.002857,0.002071,0.000695
BA,1,100,4,0.018101,0.017857,0.000167
KCRDK,1,100,3,0.007255,0.006414,0.000624
BA,1,100,2,0.004532,0.004418,8.3e-05
KCRDK,1,100,1,0.002947,0.002258,0.000599
BA,1,100,2,0.004495,0.004381,8.2e-05
KCRDK,1,100,1,0.002924,0.002034,0.0008
BA,1,100,4,0.018366,0.018118,0.000168
KCRDK,1,100,3,0.007007,0.005779,0.001033
BA,11,0,16,0.394414,0.384901,0.009107
KCRDK,11,0,2,0.012963,0.006756,0.004057
BA,11,0,10,0.135077,0.129226,0.005608
KCRDK,11,0,1,0.007953,0.003882,0.003047
BA,11,0,12,0.198185,0.191011,0.006888
KCRDK,11,0,1,0.007298,0.003766,0.002163
BA,11,0,5,0.031888,0.029056,0.002722
KCRDK,11,0,2,0.010411,0.005165,0.002988
BA,11,0,2,0.005562,0.004436,0.001097
KCRDK,11,0,1,0.006158,0.003076,0.001889
BA,11,0,3,0.010542,0.008848,0.001634
KCRDK,11,0,1,0.006441,0.003316,0.002077
BA,11,0,15,0.340427,0.331208,0.008827
KCRDK,11,0,2,0.012701,0.006809,0.00358
BA,11,0,4,0.018145,0.015724,0.002336
KCRDK,11,0,2,0.009971,0.004669,0.002862
BA,11,0,14,0.297272,0.288576,0.00819
KCRDK,11,0,1,0.007211,0.003745,0.002106
BA,11,0,12,0.185461,0.178103,0.007063
KCRDK,11,0,1,0.006907,0.00374,0.002137
BA,11,0,2,0.005433,0.004146,0.001256
KCRDK,11,0,1,0.005897,0.002929,0.001775
BA,11,0,3,0.012023,0.010349,0.001619
KCRDK,11,0,1,0.006014,0.003268,0.001718
BA,11,0,8,0.074754,0.070203,0.004373
KCRDK,11,0,1,0.00797,0.003701,0.002889
BA,11,0,11,0.178373,0.171804,0.006306
KCRDK,11,0,1,0.007431,0.003779,0.002614
BA,11,0,2,0.005779,0.004648,0.0011
KCRDK,11,0,1,0.006104,0.003,0.001907
BA,11,0,10,0.126414,0.12038,0.005806
KCRDK,11,0,1,0.008253,0.003917,0.002957
BA,11,0,2,0.005561,0.004279,0.001251
KCRDK,11,0,1,0.006342,0.003174,0.001791
BA,11,0,10,0.119958,0.113942,0.005782
KCRDK,11,0,1,0.007541,0.003568,0.002931
BA,11,0,4,0.018585,0.016001,0.002502
KCRDK,11,0,1,0.006324,0.00325,0.002039
BA,11,0,10,0.136659,0.130965,0.005454
KCRDK,11,0,1,0.008079,0.003705,0.002991
BA,11,0,2,0.005753,0.004467,0.001255
KCRDK,11,0,1,0.005992,0.00313,0.001827
BA,11,0,10,0.130326,0.124262,0.005821
KCRDK,11,0,1,0.007813,0.003667,0.002961
BA,11,0,12,0.175407,0.16837,0.006751
KCRDK,11,0,1,0.007689,0.003665,0.002813
BA,11,0,3,0.011266,0.009538,0.001672
KCRDK,11,0,1,0.006506,0.003225,0.001867
BA,11,0,17,0.442389,0.432476,0.009488
KCRDK,11,0,2,0.012381,0.006321,0.004083
BA,11,0,2,0.005592,0.004478,0.001084
KCRDK,11,0,1,0.006059,0.003101,0.001766
BA,11,0,2,0.005486,0.004377,0.001079
KCRDK,11,0,1,0.006287,0.003276,0.001966
BA,11,0,2,0.005609,0.004482,0.001096
KCRDK,11,0,1,0.006097,0.003137,0.001846
BA,11,0,3,0.011617,0.009918,0.001634
KCRDK,11,0,1,0.006079,0.003297,0.001747
BA,11,0,2,0.005386,0.004264,0.001091
KCRDK,11,0,1,0.006316,0.003101,0.001838
BA,11,0,5,0.029343,0.026342,0.002891
KCRDK,11,0,2,0.009739,0.004894,0.002723
BA,11,0,2,0.005749,0.004618,0.0011
KCRDK,11,0,1,0.005966,0.003068,0.001857
BA,11,0,23,29.6449,29.6293,0.014002
KCRDK,11,0,2,0.016078,0.007928,0.005197
BA,11,0,14,0.345476,0.328347,0.015562
KCRDK,11,0,2,0.015406,0.008279,0.004401
BA,11,0,4,0.02503,0.021365,0.003414
KCRDK,11,0,2,0.013459,0.007198,0.00384
BA,11,0,4,0.026044,0.022346,0.003439
KCRDK,11,0,2,0.017218,0.008214,0.005401
BA,11,0,16,0.446847,0.430516,0.01495
KCRDK,11,0,2,0.01434,0.007075,0.004402
BA,11,0,4,0.026153,0.02212,0.003773
KCRDK,11,0,5,0.030976,0.014997,0.009606
BA,11,0,3,0.017404,0.014428,0.00278
KCRDK,11,0,1,0.008503,0.004252,0.002523
BA,11,0,14,0.372275,0.357241,0.013666
KCRDK,11,0,1,0.014372,0.006978,0.004635
BA,11,0,5,0.044759,0.038814,0.005475
KCRDK,11,0,2,0.013752,0.00663,0.004381
BA,11,0,18,0.617908,0.59609,0.019896
KCRDK,11,0,2,0.018205,0.00877,0.005694
BA,11,0,2,0.00841,0.006799,0.001519
KCRDK,11,0,1,0.007568,0.003646,0.002737
BA,11,0,10,0.15902,0.148238,0.009873
KCRDK,11,0,1,0.015859,0.007658,0.006122
BA,11,0,8,0.104844,0.095875,0.00819
KCRDK,11,0,1,0.013074,0.005982,0.004444
BA,11,0,18,0.672994,0.65342,0.017651
KCRDK,11,0,2,0.01839,0.009469,0.006561
BA,11,0,3,0.017634,0.014595,0.00284
KCRDK,11,0,1,0.010371,0.004702,0.002832
BA,11,0,2,0.008656,0.006693,0.001852
KCRDK,11,0,1,0.012359,0.00655,0.003943
BA,11,0,3,0.020444,0.016103,0.004055
KCRDK,11,0,2,0.018365,0.008961,0.005527
BA,11,0,12,0.226613,0.214845,0.010739
KCRDK,11,0,1,0.012166,0.005489,0.004891
BA,11,0,18,0.68587,0.664932,0.019046
KCRDK,11,0,2,0.017956,0.009619,0.005729
BA,11,0,5,0.038697,0.033734,0.004552
KCRDK,11,0,2,0.012825,0.006281,0.003796
BA,11,0,10,0.152689,0.14089,0.010737
KCRDK,11,0,1,0.013391,0.006479,0.00429
BA,11,0,4,0.027057,0.023208,0.003609
KCRDK,11,0,1,0.009181,0.004933,0.002874
BA,11,0,10,0.164878,0.153139,0.010771
KCRDK,11,0,1,0.011689,0.006051,0.004066
BA,11,0,2,0.009004,0.007248,0.001651
KCRDK,11,0,1,0.0102,0.005168,0.00296
BA,11,0,14,0.338195,0.322744,0.014101
KCRDK,11,0,1,0.010548,0.005834,0.003427
BA,11,0,2,0.007193,0.0058,0.001336
KCRDK,11,0,1,0.007601,0.003976,0.002391
BA,11,0,2,0.008378,0.006825,0.001471
KCRDK,11,0,1,0.008196,0.004278,0.002739
BA,11,0,4,0.026343,0.02242,0.00365
KCRDK,11,0,2,0.014276,0.007009,0.004147
BA,11,0,5,0.038567,0.033328,0.00478
KCRDK,11,0,2,0.012845,0.006316,0.003815
BA,11,0,11,0.185616,0.174649,0.01005
KCRDK,11,0,1,0.009617,0.004631,0.003757
BA,11,0,21,7.04082,7.01628,0.022362
KCRDK,11,0,2,0.013952,0.006954,0.004311
BA,11,0,6,0.043702,0.039943,0.003627
KCRDK,11,0,4,0.018357,0.00929,0.004933
BA,11,0,10,0.125487,0.1192,0.006052
KCRDK,11,0,1,0.008227,0.003745,0.002981
BA,11,0,2,0.005613,0.004371,0.001212
KCRDK,11,0,1,0.006527,0.00333,0.002077
BA,11,0,10,0.126175,0.119857,0.006079
KCRDK,11,0,1,0.007992,0.003588,0.003105
BA,11,0,5,0.029896,0.026746,0.003034
KCRDK,11,0,2,0.010689,0.005089,0.003087
BA,11,0,12,0.195354,0.187617,0.00745
KCRDK,11,0,1,0.007699,0.00377,0.002795
BA,11,0,13,0.244603,0.236354,0.00793
KCRDK,11,0,1,0.007687,0.003815,0.002386
BA,11,0,11,0.150495,0.143532,0.006687
KCRDK,11,0,1,0.008147,0.003853,0.002774
BA,11,0,10,0.121781,0.115443,0.006096
KCRDK,11,0,1,0.008437,0.00392,0.003034
BA,11,0,19,2.89353,2.88095,0.012053
KCRDK,11,0,2,0.013074,0.006766,0.004149
BA,11,0,10,0.118576,0.112277,0.006056
KCRDK,11,0,1,0.008385,0.003874,0.003034
BA,11,0,9,0.112194,0.106503,0.00547
KCRDK,11,0,1,0.006602,0.003249,0.001878
BA,11,0,14,0.28679,0.27777,0.008682
KCRDK,11,0,2,0.012674,0.006678,0.003829
BA,11,0,13,0.256151,0.24747,0.008366
KCRDK,11,0,1,0.007074,0.003833,0.002129
BA,11,0,3,0.010981,0.00911,0.001816
KCRDK,11,0,1,0.006445,0.003329,0.001994
BA,11,0,13,0.222176,0.213791,0.00807
KCRDK,11,0,1,0.007025,0.003508,0.002229
BA,11,0,4,0.018525,0.016016,0.002428
KCRDK,11,0,2,0.010566,0.005131,0.002956
BA,11,0,2,0.005772,0.004518,0.001223
KCRDK,11,0,1,0.006532,0.003113,0.001932
BA,11,0,2,0.005846,0.004605,0.001204
KCRDK,11,0,1,0.006947,0.003328,0.002122
BA,11,0,2,0.005808,0.004565,0.001212
KCRDK,11,0,1,0.006104,0.00312,0.001833
BA,11,0,11,0.195145,0.188215,0.006664
KCRDK,11,0,1,0.008446,0.003583,0.003157
BA,11,0,4,0.019061,0.016576,0.002405
KCRDK,11,0,2,0.010894,0.005273,0.003126
BA,11,0,11,0.16836,0.161469,0.006628
KCRDK,11,0,1,0.008679,0.004004,0.003203
BA,11,0,14,0.301968,0.292811,0.008813
KCRDK,11,0,1,0.00735,0.004022,0.002195
BA,11,0,12,0.202676,0.194976,0.007407
KCRDK,11,0,1,0.007996,0.004071,0.002792
BA,11,0,10,0.134974,0.128689,0.006041
KCRDK,11,0,1,0.008259,0.003686,0.003119
BA,11,0,4,0.018612,0.016082,0.002402
KCRDK,11,0,2,0.0103,0.005039,0.002958
BA,11,0,2,0.005517,0.004106,0.001381
KCRDK,11,0,1,0.006567,0.003315,0.001951
BA,11,0,2,0.005505,0.004252,0.001222
KCRDK,11,0,1,0.006323,0.003282,0.001907
BA,11,0,2,0.005876,0.004646,0.0012
KCRDK,11,0,1,0.006252,0.003259,0.001863
BA,11,0,4,0.017604,0.015116,0.002409
KCRDK,11,0,1,0.006812,0.003338,0.001982
BA,11,0,3,0.011717,0.009859,0.001803
KCRDK,11,0,1,0.006365,0.003065,0.002005
BA,11,0,12,0.215119,0.207412,0.007416
KCRDK,11,0,1,0.008034,0.003821,0.002744
BA,11,0,10,0.133367,0.127081,0.006054
KCRDK,11,0,1,0.008076,0.003894,0.003056
BA,11,0,2,0.005684,0.004432,0.001222
KCRDK,11,0,1,0.006135,0.003167,0.00193
BA,11,0,4,0.018498,0.016003,0.00241
KCRDK,11,0,2,0.010519,0.005124,0.002873
BA,11,0,9,0.113075,0.107246,0.005619
KCRDK,11,0,1,0.008253,0.004082,0.003041
BA,11,20,11,0.165488,0.158435,0.006797
KCRDK,11,20,1,0.008494,0.003745,0.003129
BA,11,20,7,0.060646,0.056223,0.004267
KCRDK,11,20,1,0.006632,0.003268,0.001863
BA,11,20,2,0.005692,0.004455,0.001207
KCRDK,11,20,1,0.006455,0.003313,0.002001
BA,11,20,2,0.005872,0.004616,0.001218
KCRDK,11,20,1,0.006391,0.003322,0.001928
BA,11,20,2,0.00588,0.004618,0.001232
KCRDK,11,20,1,0.006382,0.003204,0.00204
BA,11,20,4,0.018299,0.01569,0.002529
KCRDK,11,20,2,0.010171,0.00509,0.002916
BA,11,20,3,0.011405,0.009527,0.001811
KCRDK,11,20,1,0.00699,0.003293,0.002209
BA,11,20,7,0.062027,0.057621,0.00425
KCRDK,11,20,1,0.006463,0.003313,0.002013
BA,11,20,16,0.425445,0.414836,0.010164
KCRDK,11,20,2,0.013109,0.006597,0.004189
BA,11,20,2,0.005942,0.00469,0.001221
KCRDK,11,20,1,0.006703,0.003163,0.002054
BA,11,20,14,0.332829,0.323966,0.008513
KCRDK,11,20,2,0.013352,0.00718,0.003817
BA,11,20,3,0.011542,0.009663,0.001823
KCRDK,11,20,1,0.006727,0.00335,0.001895
BA,11,20,11,0.149682,0.142771,0.006658
KCRDK,11,20,1,0.008644,0.003963,0.003287
BA,11,20,14,0.315823,0.306979,0.008487
KCRDK,11,20,2,0.013119,0.006817,0.003645
BA,11,20,11,0.170777,0.163513,0.00701
KCRDK,11,20,1,0.007794,0.003934,0.002736
BA,11,20,12,0.197429,0.189707,0.007417
KCRDK,11,20,1,0.00718,0.003693,0.002342
BA,11,20,3,0.011597,0.009731,0.001812
KCRDK,11,20,1,0.006429,0.003361,0.001941
BA,11,20,14,0.304813,0.295813,0.008494
KCRDK,11,20,2,0.013397,0.006861,0.003719
BA,11,20,3,0.011521,0.009479,0.001985
KCRDK,11,20,1,0.006541,0.003069,0.001992
BA,11,20,10,0.121595,0.115112,0.006245
KCRDK,11,20,1,0.008061,0.003711,0.003225
BA,11,20,8,0.097025,0.090243,0.006534
KCRDK,11,20,1,0.008883,0.004613,0.002737
BA,11,20,9,0.141743,0.133788,0.007676
KCRDK,11,20,1,0.011598,0.005394,0.004148
BA,11,20,5,0.037398,0.033137,0.00412
KCRDK,11,20,2,0.015012,0.007186,0.004426
BA,11,20,10,0.168192,0.159592,0.008277
KCRDK,11,20,1,0.011345,0.005055,0.004297
BA,11,20,4,0.025957,0.022544,0.003299
KCRDK,11,20,2,0.014382,0.007167,0.00428
BA,11,20,2,0.008007,0.006305,0.001661
KCRDK,11,20,1,0.008482,0.004283,0.002651
BA,11,20,2,0.007328,0.005641,0.001647
KCRDK,11,20,1,0.00838,0.004151,0.002457
BA,11,20,13,0.349601,0.33811,0.011056
KCRDK,11,20,1,0.010136,0.005391,0.003205
BA,11,20,5,0.038931,0.034424,0.004359
KCRDK,11,20,2,0.014918,0.007527,0.003985
BA,11,20,18,0.739123,0.723437,0.014842
KCRDK,11,20,2,0.014687,0.007774,0.004404
BA,11,20,14,0.289801,0.28046,0.008988
KCRDK,11,20,1,0.007028,0.003489,0.00224
BA,11,20,2,0.005538,0.004135,0.001372
KCRDK,11,20,1,0.006666,0.003176,0.001915
BA,11,20,3,0.010976,0.009106,0.001817
KCRDK,11,20,2,0.010829,0.005297,0.002968
BA,11,20,2,0.005552,0.004302,0.001219
KCRDK,11,20,1,0.00611,0.003113,0.001852
BA,11,20,3,0.01089,0.008852,0.001983
KCRDK,11,20,1,0.006166,0.003089,0.001948
BA,11,20,2,0.005757,0.004509,0.001218
KCRDK,11,20,1,0.006136,0.003124,0.001883
BA,11,20,13,0.216383,0.208037,0.008032
KCRDK,11,20,1,0.007784,0.003404,0.002737
BA,11,20,11,0.158518,0.151257,0.006996
KCRDK,11,20,1,0.008221,0.003894,0.003158
BA,11,20,12,0.205564,0.197989,0.007288
KCRDK,11,20,1,0.007723,0.004019,0.002223
BA,11,20,13,0.244936,0.236741,0.007882
KCRDK,11,20,1,0.007567,0.00376,0.002331
BA,11,20,14,0.258165,0.249159,0.008669
KCRDK,11,20,1,0.007075,0.003804,0.002146
BA,11,20,2,0.005677,0.00443,0.001213
KCRDK,11,20,1,0.006341,0.003185,0.002026
BA,11,20,11,0.166395,0.159453,0.006682
KCRDK,11,20,1,0.008354,0.003674,0.0032
BA,11,20,2,0.005708,0.004449,0.001228
KCRDK,11,20,1,0.006638,0.00314,0.00187
BA,11,20,12,0.203731,0.19616,0.007279
KCRDK,11,20,1,0.007968,0.003706,0.002772
BA,11,20,9,0.097947,0.092283,0.005457
KCRDK,11,20,1,0.008212,0.003728,0.003003
BA,11,20,3,0.011443,0.009575,0.0018
KCRDK,11,20,1,0.00648,0.00332,0.00203
BA,11,20,10,0.115988,0.109702,0.006038
KCRDK,11,20,1,0.007767,0.003675,0.002943
BA,11,20,2,0.005735,0.00449,0.001215
KCRDK,11,20,1,0.006635,0.0033,0.001853
BA,11,20,10,0.125915,0.119633,0.006046
KCRDK,11,20,1,0.007951,0.003776,0.003054
BA,11,20,3,0.011277,0.009414,0.001806
KCRDK,11,20,1,0.00616,0.003011,0.001877
BA,11,20,2,0.005641,0.004403,0.001209
KCRDK,11,20,1,0.006464,0.003082,0.001875
BA,11,20,2,0.005732,0.004508,0.001193
KCRDK,11,20,1,0.006715,0.003334,0.001903
BA,11,20,3,0.010254,0.008385,0.001814
KCRDK,11,20,2,0.010293,0.004959,0.003088
BA,11,20,12,0.210983,0.203352,0.007333
KCRDK,11,20,1,0.007257,0.003824,0.002299
BA,11,20,7,0.056166,0.051754,0.004249
KCRDK,11,20,1,0.007777,0.003712,0.002919
BA,11,20,3,0.011009,0.009121,0.001832
KCRDK,11,20,2,0.010031,0.005066,0.002798
BA,11,20,14,0.320293,0.253314,0.008785
KCRDK,11,20,2,0.013047,0.006699,0.003798
BA,11,20,3,0.012157,0.010283,0.001811
KCRDK,11,20,1,0.006639,0.003313,0.001849
BA,11,20,16,0.387919,0.37748,0.010041
KCRDK,11,20,2,0.012614,0.006669,0.003773
BA,11,20,18,0.5777,0.56622,0.011004
KCRDK,11,20,2,0.0134,0.006742,0.004139
BA,11,20,11,0.137695,0.130774,0.00666
KCRDK,11,20,1,0.008569,0.003771,0.003157
BA,11,20,15,0.322597,0.312905,0.009311
KCRDK,11,20,2,0.012646,0.006424,0.003932
BA,11,20,4,0.019046,0.016542,0.002425
KCRDK,11,20,1,0.006785,0.0034,0.001904
BA,11,20,6,0.039712,0.035918,0.003656
KCRDK,11,20,7,0.031679,0.015658,0.008144
BA,11,20,2,0.005596,0.004346,0.001219
KCRDK,11,20,1,0.006406,0.003185,0.002071
BA,11,20,5,0.02894,0.025762,0.003064
KCRDK,11,20,1,0.007923,0.003891,0.002896
BA,11,20,14,0.30277,0.293842,0.008564
KCRDK,11,20,1,0.007517,0.003788,0.002252
BA,11,20,2,0.006042,0.004802,0.001211
KCRDK,11,20,1,0.006744,0.00332,0.001968
BA,11,20,3,0.011136,0.009245,0.001828
KCRDK,11,20,1,0.006899,0.003209,0.002076
BA,11,20,8,0.072621,0.067573,0.004868
KCRDK,11,20,1,0.007767,0.003634,0.002977
BA,11,20,3,0.011304,0.00924,0.002
KCRDK,11,20,2,0.010704,0.005231,0.003247
BA,11,20,2,0.005801,0.004542,0.001228
KCRDK,11,20,1,0.006732,0.003301,0.001941
BA,11,20,3,0.011434,0.009545,0.001834
KCRDK,11,20,2,0.010546,0.005028,0.002998
BA,11,20,2,0.005514,0.004263,0.00122
KCRDK,11,20,1,0.006244,0.003164,0.001945
BA,11,20,3,0.011,0.008962,0.001984
KCRDK,11,20,2,0.010729,0.005213,0.002986
BA,11,20,2,0.005583,0.004332,0.001221
KCRDK,11,20,1,0.006693,0.003155,0.002053
BA,11,20,13,0.230555,0.222165,0.008072
KCRDK,11,20,1,0.007206,0.003742,0.002387
BA,11,20,16,0.371826,0.361684,0.009727
KCRDK,11,20,2,0.013174,0.006796,0.004046
BA,11,20,13,0.245327,0.23693,0.007906
KCRDK,11,20,1,0.00712,0.003775,0.002221
BA,11,20,14,0.288088,0.279235,0.008506
KCRDK,11,20,1,0.007238,0.003803,0.002303
BA,11,20,14,0.298161,0.289003,0.008812
KCRDK,11,20,1,0.007282,0.003911,0.002236
BA,11,20,5,0.027694,0.024407,0.003175
KCRDK,11,20,2,0.010199,0.005165,0.002877
BA,11,20,14,0.278328,0.269496,0.008492
KCRDK,11,20,1,0.007708,0.003783,0.002441
BA,11,20,3,0.011871,0.009811,0.002004
KCRDK,11,20,1,0.006693,0.003331,0.001883
BA,11,20,2,0.006117,0.004877,0.001211
KCRDK,11,20,1,0.006385,0.003297,0.001948
BA,11,20,2,0.005496,0.004253,0.001212
KCRDK,11,20,1,0.006608,0.003347,0.002125
BA,11,20,3,0.010664,0.0088,0.00181
KCRDK,11,20,2,0.010716,0.005094,0.003116
BA,11,20,2,0.00582,0.00456,0.001229
KCRDK,11,20,1,0.006775,0.003298,0.00207
BA,11,20,3,0.011527,0.00959,0.001874
KCRDK,11,20,1,0.006389,0.00323,0.001947
BA,11,20,13,0.229567,0.221333,0.007893
KCRDK,11,20,1,0.007089,0.003678,0.002284
BA,11,20,13,0.223221,0.214857,0.008051
KCRDK,11,20,1,0.007402,0.003792,0.002135
BA,11,20,10,0.129856,0.123574,0.006046
KCRDK,11,20,1,0.008268,0.003727,0.003063
BA,11,20,2,0.005545,0.004309,0.001206
KCRDK,11,20,1,0.006298,0.003188,0.001975
BA,11,20,16,0.373211,0.362916,0.009875
KCRDK,11,20,2,0.013632,0.007279,0.003843
BA,11,20,8,0.078687,0.07364,0.004853
KCRDK,11,20,1,0.007935,0.003796,0.003001
BA,11,20,8,0.074734,0.069542,0.005004
KCRDK,11,20,1,0.008027,0.003571,0.002928
BA,11,20,15,0.376588,0.367129,0.009091
KCRDK,11,20,2,0.012695,0.006662,0.003861
BA,11,20,2,0.006046,0.004811,0.001206
KCRDK,11,20,1,0.006953,0.003326,0.002156
BA,11,20,4,0.018717,0.01619,0.002417
KCRDK,11,20,2,0.010963,0.005554,0.003238
BA,11,40,3,0.01177,0.0099,0.001816
KCRDK,11,40,1,0.006478,0.00333,0.002005
BA,11,40,5,0.029692,0.026549,0.00304
KCRDK,11,40,3,0.014356,0.007086,0.004063
BA,11,40,3,0.011592,0.00972,0.001811
KCRDK,11,40,2,0.010441,0.004991,0.002968
BA,11,40,5,0.028466,0.02532,0.003039
KCRDK,11,40,2,0.010951,0.005467,0.003119
BA,11,40,3,0.011185,0.009297,0.001832
KCRDK,11,40,1,0.006344,0.003329,0.001874
BA,11,40,2,0.005962,0.004713,0.001218
KCRDK,11,40,1,0.00668,0.003166,0.002032
BA,11,40,7,0.059337,0.054922,0.004251
KCRDK,11,40,1,0.00813,0.003698,0.002952
BA,11,40,17,0.509557,0.498767,0.010342
KCRDK,11,40,2,0.012482,0.006542,0.003787
BA,11,40,10,0.132334,0.126005,0.006091
KCRDK,11,40,1,0.007984,0.003882,0.002982
BA,11,40,18,0.535419,0.523824,0.010972
KCRDK,11,40,2,0.013111,0.007009,0.00395
BA,11,40,4,0.018608,0.016126,0.002403
KCRDK,11,40,1,0.006684,0.003339,0.002069
BA,11,40,9,0.103559,0.097725,0.005462
KCRDK,11,40,1,0.008295,0.003879,0.002955
BA,11,40,2,0.005564,0.004169,0.001365
KCRDK,11,40,1,0.006328,0.003324,0.001879
BA,11,40,11,0.156511,0.149063,0.007184
KCRDK,11,40,1,0.008084,0.003774,0.002831
BA,11,40,5,0.029377,0.026244,0.003029
KCRDK,11,40,2,0.010466,0.005439,0.002869
BA,11,40,11,0.158973,0.151892,0.006826
KCRDK,11,40,1,0.008334,0.004074,0.003128
BA,11,40,10,0.130684,0.124399,0.006051
KCRDK,11,40,1,0.00806,0.00392,0.002996
BA,11,40,16,0.455163,0.444863,0.009883
KCRDK,11,40,2,0.013612,0.007054,0.004074
BA,11,40,2,0.005424,0.004178,0.001215
KCRDK,11,40,1,0.006791,0.003307,0.002013
BA,11,40,3,0.011541,0.009693,0.001793
KCRDK,11,40,2,0.010623,0.005309,0.003146
BA,11,40,12,0.210352,0.202778,0.007283
KCRDK,11,40,1,0.007746,0.003949,0.002322
BA,11,40,10,0.126075,0.119775,0.006046
KCRDK,11,40,1,0.008522,0.003943,0.003101
BA,11,40,3,0.011214,0.009342,0.001818
KCRDK,11,40,1,0.006185,0.003163,0.001883
BA,11,40,2,0.005761,0.004524,0.001206
KCRDK,11,40,1,0.006837,0.003327,0.00203
BA,11,40,12,0.194541,0.186946,0.007299
KCRDK,11,40,1,0.007668,0.003695,0.002797
BA,11,40,10,0.120749,0.114446,0.006058
KCRDK,11,40,1,0.008131,0.003646,0.002996
BA,11,40,2,0.00526,0.004021,0.001209
KCRDK,11,40,1,0.006172,0.003156,0.001889
BA,11,40,3,0.011107,0.009241,0.001808
KCRDK,11,40,1,0.006478,0.003101,0.001864
BA,11,40,2,0.006449,0.005037,0.001382
KCRDK,11,40,1,0.006603,0.003234,0.001896
BA,11,40,2,0.005237,0.003992,0.001216
KCRDK,11,40,1,0.006437,0.003241,0.00206
BA,11,40,15,0.334221,0.324714,0.009137
KCRDK,11,40,2,0.012898,0.006846,0.003874
BA,11,40,2,0.005565,0.004322,0.001212
KCRDK,11,40,1,0.006456,0.003341,0.001983
BA,11,40,15,0.298036,0.288348,0.009296
KCRDK,11,40,2,0.012973,0.006809,0.004004
BA,11,40,14,0.28284,0.273536,0.00896
KCRDK,11,40,1,0.007458,0.003663,0.002511
BA,11,40,20,3.32986,3.31685,0.0124
KCRDK,11,40,2,0.013337,0.006718,0.004107
BA,11,40,11,0.167775,0.160669,0.006843
KCRDK,11,40,1,0.008406,0.003601,0.003159
BA,11,40,13,0.245008,0.236802,0.007893
KCRDK,11,40,1,0.007438,0.003929,0.00238
BA,11,40,3,0.011627,0.009749,0.001823
KCRDK,11,40,1,0.006378,0.003198,0.002053
BA,11,40,4,0.018335,0.015841,0.002415
KCRDK,11,40,2,0.0109,0.005023,0.003054
BA,11,40,2,0.005898,0.004646,0.001217
KCRDK,11,40,1,0.006449,0.003166,0.002127
BA,11,40,4,0.019007,0.016478,0.002451
KCRDK,11,40,2,0.010476,0.005169,0.002971
BA,11,40,2,0.005936,0.004692,0.001214
KCRDK,11,40,1,0.006096,0.003097,0.001867
BA,11,40,9,0.103386,0.097705,0.005469
KCRDK,11,40,1,0.008011,0.003783,0.003098
BA,11,40,14,0.294381,0.285369,0.008658
KCRDK,11,40,2,0.013163,0.006868,0.003792
BA,11,40,16,0.409904,0.39956,0.009916
KCRDK,11,40,2,0.012977,0.00679,0.004007
BA,11,40,9,0.102013,0.09635,0.005459
KCRDK,11,40,1,0.008018,0.003759,0.003125
BA,11,40,2,0.005635,0.004395,0.001209
KCRDK,11,40,1,0.006448,0.003296,0.002015
BA,11,40,3,0.011717,0.009842,0.00182
KCRDK,11,40,1,0.006511,0.003132,0.001887
BA,11,40,2,0.005779,0.004542,0.001206
KCRDK,11,40,1,0.006317,0.003109,0.001899
BA,11,40,8,0.078059,0.072869,0.005005
KCRDK,11,40,1,0.007785,0.003682,0.002972
BA,11,40,2,0.006309,0.005068,0.001209
KCRDK,11,40,1,0.006532,0.003323,0.002076
BA,11,40,4,0.019698,0.017182,0.002426
KCRDK,11,40,2,0.010085,0.005062,0.002851
BA,11,40,11,0.143704,0.136743,0.006696
KCRDK,11,40,1,0.008221,0.003678,0.003044
BA,11,40,3,0.010506,0.008625,0.001826
KCRDK,11,40,1,0.006389,0.003304,0.001947
BA,11,40,2,0.005742,0.004499,0.001213
KCRDK,11,40,1,0.00685,0.003174,0.00217
BA,11,40,8,0.080095,0.075047,0.004849
KCRDK,11,40,1,0.008047,0.003552,0.002852
BA,11,40,2,0.0055,0.004255,0.001215
KCRDK,11,40,1,0.006735,0.003296,0.00195
BA,11,40,2,0.005846,0.004594,0.001222
KCRDK,11,40,1,0.006311,0.003149,0.002009
BA,11,40,4,0.018608,0.016106,0.002424
KCRDK,11,40,2,0.010843,0.005108,0.002912
BA,11,40,2,0.005931,0.004686,0.001215
KCRDK,11,40,1,0.006321,0.003241,0.001942
BA,11,40,14,0.286423,0.277534,0.008548
KCRDK,11,40,2,0.013139,0.007255,0.003707
BA,11,40,2,0.005848,0.004604,0.001205
KCRDK,11,40,1,0.006505,0.003117,0.001903
BA,11,40,2,0.006,0.004761,0.001209
KCRDK,11,40,1,0.006602,0.003249,0.001883
BA,11,40,2,0.00555,0.004296,0.001223
KCRDK,11,40,1,0.006334,0.003148,0.002049
BA,11,40,16,0.428256,0.417562,0.010127
KCRDK,11,40,2,0.012921,0.006559,0.004039
BA,11,40,3,0.011167,0.009302,0.001809
KCRDK,11,40,1,0.006776,0.003171,0.001978
BA,11,40,4,0.019769,0.01725,0.002439
KCRDK,11,40,2,0.01004,0.004979,0.002906
BA,11,40,2,0.005541,0.004307,0.001204
KCRDK,11,40,1,0.006215,0.003131,0.00194
BA,11,40,3,0.010745,0.008878,0.001809
KCRDK,11,40,2,0.010281,0.005064,0.003029
BA,11,40,4,0.017914,0.01542,0.002415
KCRDK,11,40,2,0.010465,0.005143,0.003149
BA,11,40,5,0.030147,0.026998,0.003031
KCRDK,11,40,8,0.03628,0.016926,0.010345
BA,11,40,3,0.011375,0.009325,0.001996
KCRDK,11,40,1,0.006359,0.003281,0.001942
BA,11,40,2,0.005363,0.00396,0.001373
KCRDK,11,40,1,0.006544,0.003316,0.002091
BA,11,40,2,0.005992,0.00476,0.001201
KCRDK,11,40,1,0.006404,0.003291,0.001979
BA,11,40,12,0.211913,0.204278,0.007301
KCRDK,11,40,1,0.008291,0.003726,0.003076
BA,11,40,2,0.005802,0.004548,0.001224
KCRDK,11,40,1,0.006574,0.003351,0.002078
BA,11,40,4,0.018716,0.016162,0.002458
KCRDK,11,40,2,0.010354,0.004906,0.002925
BA,11,40,3,0.011871,0.00998,0.001836
KCRDK,11,40,1,0.006735,0.003319,0.001926
BA,11,40,14,0.318641,0.309737,0.008552
KCRDK,11,40,2,0.013448,0.007228,0.003712
BA,11,40,2,0.00567,0.00441,0.001218
KCRDK,11,40,1,0.00646,0.003386,0.001945
BA,11,40,9,0.098797,0.093118,0.005472
KCRDK,11,40,1,0.008729,0.004109,0.003138
BA,11,40,16,0.361933,0.351641,0.009872
KCRDK,11,40,1,0.007699,0.00399,0.002242
BA,11,40,3,0.010606,0.008728,0.001822
KCRDK,11,40,2,0.010349,0.005056,0.002952
BA,11,40,12,0.193127,0.185411,0.007424
KCRDK,11,40,1,0.007493,0.004073,0.002277
BA,11,40,2,0.00579,0.004553,0.001206
KCRDK,11,40,1,0.00649,0.003289,0.00206
BA,11,40,14,0.260385,0.251523,0.00852
KCRDK,11,40,2,0.01288,0.006614,0.003691
BA,11,40,13,0.229642,0.221114,0.00821
KCRDK,11,40,1,0.007591,0.00377,0.002335
BA,11,40,3,0.010921,0.009037,0.001829
KCRDK,11,40,1,0.006239,0.003175,0.00192
BA,11,40,4,0.019338,0.016834,0.002417
KCRDK,11,40,2,0.010548,0.005244,0.002785
BA,11,40,10,0.135997,0.12971,0.006051
KCRDK,11,40,1,0.008215,0.003859,0.003053
BA,11,40,4,0.01814,0.015618,0.002432
KCRDK,11,40,2,0.010673,0.004991,0.003361
BA,11,40,19,0.768713,0.755843,0.012351
KCRDK,11,40,2,0.017793,0.008867,0.005733
BA,11,40,13,0.330204,0.318751,0.011027
KCRDK,11,40,1,0.009835,0.005218,0.00307
BA,11,40,2,0.007999,0.006306,0.001652
KCRDK,11,40,1,0.008509,0.004312,0.002657
BA,11,40,9,0.12534,0.117593,0.007459
KCRDK,11,40,1,0.011179,0.005105,0.004045
BA,11,40,2,0.008657,0.006957,0.001658
KCRDK,11,40,1,0.008962,0.004416,0.002523
BA,11,40,12,0.253637,0.243225,0.009998
KCRDK,11,40,1,0.01123,0.005166,0.004041
BA,11,40,2,0.008246,0.006538,0.001667
KCRDK,11,40,1,0.008902,0.004333,0.002549
BA,11,40,3,0.015291,0.012722,0.002491
KCRDK,11,40,2,0.013706,0.006798,0.003936
BA,11,40,5,0.041717,0.037437,0.004142
KCRDK,11,40,1,0.00946,0.00449,0.002904
BA,11,60,4,0.024368,0.020927,0.003332
KCRDK,11,60,2,0.013916,0.006915,0.004041
BA,11,60,3,0.015258,0.012682,0.002492
KCRDK,11,60,2,0.01462,0.007132,0.004031
BA,11,60,2,0.007657,0.005954,0.001661
KCRDK,11,60,1,0.008457,0.004314,0.002604
BA,11,60,2,0.007705,0.006035,0.001629
KCRDK,11,60,1,0.008505,0.004495,0.002404
BA,11,60,10,0.159232,0.151283,0.007635
KCRDK,11,60,1,0.009544,0.004322,0.003533
BA,11,60,4,0.021203,0.01842,0.002694
KCRDK,11,60,2,0.01175,0.005779,0.003241
BA,11,60,8,0.072821,0.067583,0.005051
KCRDK,11,60,1,0.00814,0.003701,0.002948
BA,11,60,4,0.01924,0.016724,0.002433
KCRDK,11,60,1,0.006831,0.003128,0.002059
BA,11,60,13,0.250039,0.241643,0.007906
KCRDK,11,60,1,0.007704,0.004017,0.002227
BA,11,60,13,0.233179,0.224862,0.007991
KCRDK,11,60,1,0.007689,0.003766,0.002272
BA,11,60,17,0.435889,0.424905,0.010543
KCRDK,11,60,2,0.013134,0.006614,0.004018
BA,11,60,12,0.215815,0.208227,0.007284
KCRDK,11,60,1,0.008558,0.00396,0.003115
BA,11,60,3,0.011126,0.009245,0.001819
KCRDK,11,60,1,0.00678,0.003296,0.001994
BA,11,60,2,0.00534,0.004095,0.001214
KCRDK,11,60,1,0.006777,0.003267,0.001985
BA,11,60,2,0.005514,0.004275,0.001209
KCRDK,11,60,1,0.00648,0.003252,0.002099
BA,11,60,12,0.185403,0.177808,0.007294
KCRDK,11,60,1,0.008431,0.004228,0.002724
BA,11,60,7,0.055082,0.050672,0.00425
KCRDK,11,60,1,0.006867,0.003213,0.002059
BA,11,60,14,0.260922,0.251739,0.00883
KCRDK,11,60,1,0.007449,0.00378,0.002196
BA,11,60,3,0.011177,0.009312,0.001809
KCRDK,11,60,1,0.006647,0.003131,0.001873
BA,11,60,3,0.011691,0.009799,0.001827
KCRDK,11,60,1,0.006827,0.003263,0.002094
BA,11,60,2,0.005839,0.004592,0.001215
KCRDK,11,60,1,0.006732,0.003286,0.00195
BA,11,60,17,0.442668,0.431902,0.010326
KCRDK,11,60,2,0.013433,0.007149,0.004125
BA,11,60,4,0.020059,0.017548,0.00243
KCRDK,11,60,2,0.010419,0.005414,0.002838
BA,11,60,5,0.029196,0.025392,0.0037
KCRDK,11,60,2,0.010771,0.005514,0.002912
BA,11,60,5,0.028338,0.025187,0.00304
KCRDK,11,60,2,0.011063,0.00516,0.003378
BA,11,60,7,0.056397,0.051961,0.004277
KCRDK,11,60,1,0.007921,0.003818,0.002933
BA,11,60,12,0.218463,0.210538,0.007611
KCRDK,11,60,1,0.007328,0.003926,0.002264
BA,11,60,2,0.005672,0.004427,0.001215
KCRDK,11,60,1,0.006415,0.003324,0.001953
BA,11,60,11,0.166224,0.159257,0.006698
KCRDK,11,60,1,0.008031,0.003912,0.002984
BA,11,60,13,0.241797,0.233584,0.007896
KCRDK,11,60,1,0.007693,0.00393,0.002277
BA,11,60,4,0.019829,0.01731,0.002441
KCRDK,11,60,1,0.006801,0.00329,0.002028
BA,11,60,4,0.019452,0.016787,0.002575
KCRDK,11,60,2,0.010452,0.005114,0.00284
BA,11,60,2,0.005794,0.004561,0.001202
KCRDK,11,60,1,0.006219,0.002995,0.00193
BA,11,60,21,4.97856,4.96419,0.013587
KCRDK,11,60,2,0.013351,0.006895,0.004296
BA,11,60,15,0.38466,0.375092,0.009179
KCRDK,11,60,1,0.007745,0.003934,0.002331
BA,11,60,10,0.12863,0.12211,0.006272
KCRDK,11,60,1,0.008206,0.003989,0.003079
BA,11,60,2,0.005692,0.004287,0.001369
KCRDK,11,60,1,0.006658,0.003281,0.002239
BA,11,60,3,0.011244,0.009195,0.001992
KCRDK,11,60,2,0.010773,0.005091,0.003172
BA,11,60,13,0.24958,0.241319,0.007919
KCRDK,11,60,1,0.007584,0.003774,0.002297
BA,11,60,6,0.046151,0.042354,0.003668
KCRDK,11,60,3,0.014361,0.007262,0.003877
BA,11,60,12,0.211049,0.203471,0.007284
KCRDK,11,60,1,0.007936,0.003704,0.002765
BA,11,60,2,0.005995,0.004587,0.001378
KCRDK,11,60,1,0.006289,0.00319,0.001947
BA,11,60,13,0.233515,0.225096,0.008093
KCRDK,11,60,1,0.007412,0.003973,0.002308
BA,11,60,15,0.328734,0.319024,0.009315
KCRDK,11,60,2,0.013399,0.00727,0.003971
BA,11,60,2,0.005711,0.004457,0.001225
KCRDK,11,60,1,0.006553,0.003231,0.001854
BA,11,60,3,0.01102,0.009135,0.001831
KCRDK,11,60,1,0.006935,0.003373,0.002395
BA,11,60,11,0.162049,0.154929,0.006859
KCRDK,11,60,1,0.008011,0.0037,0.003183
BA,11,60,2,0.006018,0.004773,0.001215
KCRDK,11,60,1,0.006705,0.003618,0.001957
BA,11,60,8,0.079157,0.07411,0.004869
KCRDK,11,60,1,0.008243,0.003749,0.003013
BA,11,60,9,0.102651,0.096801,0.005647
KCRDK,11,60,1,0.008256,0.003693,0.00307
BA,11,60,14,0.298307,0.28941,0.008533
KCRDK,11,60,1,0.007756,0.003828,0.002286
BA,11,60,10,0.128058,0.121743,0.006084
KCRDK,11,60,1,0.008534,0.003868,0.003184
BA,11,60,3,0.011373,0.009498,0.001819
KCRDK,11,60,2,0.01068,0.005437,0.003072
BA,11,60,10,0.132167,0.125858,0.006073
KCRDK,11,60,1,0.008533,0.003994,0.003055
BA,11,60,4,0.018184,0.015689,0.002416
KCRDK,11,60,2,0.010306,0.004982,0.002799
BA,11,60,4,0.019322,0.016807,0.002436
KCRDK,11,60,2,0.01006,0.00498,0.002898
BA,11,60,16,0.370631,0.360297,0.00992
KCRDK,11,60,2,0.013261,0.006782,0.00397
BA,11,60,18,0.532891,0.521131,0.011286
KCRDK,11,60,2,0.013412,0.006798,0.004108
BA,11,60,3,0.011813,0.009932,0.001811
KCRDK,11,60,1,0.006897,0.003309,0.002117
BA,11,60,8,0.076828,0.071794,0.004846
KCRDK,11,60,1,0.007935,0.003826,0.00295
BA,11,60,9,0.099168,0.093482,0.005465
KCRDK,11,60,1,0.008215,0.003662,0.00299
BA,11,60,4,0.017964,0.01547,0.002414
KCRDK,11,60,2,0.0105,0.00512,0.002829
BA,11,60,3,0.011443,0.00957,0.001817
KCRDK,11,60,1,0.006605,0.003315,0.002136
BA,11,60,3,0.011653,0.009799,0.001799
KCRDK,11,60,1,0.006684,0.003154,0.00205
BA,11,60,4,0.019297,0.016781,0.002429
KCRDK,11,60,2,0.010961,0.005365,0.003429
BA,11,60,16,0.415681,0.405516,0.009751
KCRDK,11,60,2,0.013436,0.007144,0.003782
BA,11,60,3,0.011577,0.009716,0.001808
KCRDK,11,60,1,0.006318,0.003225,0.001959
BA,11,60,3,0.011551,0.009688,0.001809
KCRDK,11,60,2,0.010513,0.005155,0.002849
BA,11,60,12,0.201075,0.193479,0.007308
KCRDK,11,60,1,0.008241,0.004002,0.002756
BA,11,60,3,0.011004,0.009122,0.001827
KCRDK,11,60,2,0.010917,0.005323,0.00317
BA,11,60,3,0.011876,0.010001,0.001822
KCRDK,11,60,2,0.010536,0.005474,0.002895
BA,11,60,4,0.018253,0.015743,0.002431
KCRDK,11,60,1,0.006497,0.003321,0.002041
BA,11,60,10,0.127609,0.121272,0.006099
KCRDK,11,60,1,0.008681,0.004108,0.003077
BA,11,60,10,0.131737,0.125242,0.006097
KCRDK,11,60,1,0.008785,0.004152,0.003151
BA,11,60,12,0.193325,0.185365,0.007656
KCRDK,11,60,1,0.007728,0.003868,0.002723
BA,11,60,15,0.348749,0.339264,0.009103
KCRDK,11,60,2,0.013023,0.006697,0.003803
BA,11,60,3,0.011629,0.009744,0.001829
KCRDK,11,60,1,0.006357,0.003181,0.002031
BA,11,60,4,0.019373,0.016705,0.002579
KCRDK,11,60,2,0.011048,0.005392,0.003299
BA,11,60,11,0.170654,0.163657,0.006704
KCRDK,11,60,1,0.007972,0.003776,0.003059
BA,11,60,10,0.110932,0.104599,0.006088
KCRDK,11,60,1,0.008025,0.00378,0.003087
BA,11,60,18,0.571102,0.559641,0.011
KCRDK,11,60,2,0.013147,0.006668,0.003974
BA,11,60,2,0.005911,0.004678,0.001204
KCRDK,11,60,1,0.006394,0.003281,0.001959
BA,11,60,13,0.218799,0.210583,0.007903
KCRDK,11,60,1,0.008084,0.00366,0.002865
BA,11,60,9,0.10589,0.100217,0.005462
KCRDK,11,60,1,0.007924,0.003587,0.003046
BA,11,60,7,0.054584,0.050181,0.004244
KCRDK,11,60,2,0.010585,0.00504,0.003045
BA,11,60,5,0.030993,0.027859,0.003032
KCRDK,11,60,1,0.006514,0.003272,0.002115
BA,11,60,4,0.018855,0.016355,0.002422
KCRDK,11,60,2,0.011139,0.00557,0.003039
BA,11,60,2,0.005983,0.00473,0.001221
KCRDK,11,60,1,0.006169,0.003123,0.001912
BA,11,60,8,0.070182,0.065137,0.004861
KCRDK,11,60,1,0.008164,0.003639,0.002883
BA,11,60,8,0.074625,0.069564,0.004859
KCRDK,11,60,1,0.006294,0.003294,0.001874
BA,11,60,2,0.005678,0.004437,0.001211
KCRDK,11,60,1,0.006312,0.003004,0.002021
BA,11,60,2,0.005424,0.004178,0.001216
KCRDK,11,60,1,0.006617,0.003276,0.001871
BA,11,60,2,0.005515,0.004271,0.001212
KCRDK,11,60,1,0.006196,0.003145,0.001921
BA,11,60,2,0.005724,0.004472,0.001213
KCRDK,11,60,1,0.006192,0.002992,0.001911
BA,11,60,2,0.006269,0.005024,0.001215
KCRDK,11,60,1,0.0066,0.0032,0.001917
BA,11,60,9,0.09895,0.09327,0.005464
KCRDK,11,60,1,0.008313,0.003726,0.003098
BA,11,60,9,0.09973,0.093897,0.005625
KCRDK,11,60,1,0.008144,0.004014,0.002994
BA,11,60,14,0.273181,0.263978,0.00886
KCRDK,11,60,2,0.012914,0.006838,0.003906
BA,11,60,2,0.006007,0.004752,0.001224
KCRDK,11,60,1,0.00668,0.003273,0.001931
BA,11,60,4,0.01831,0.015782,0.002446
KCRDK,11,60,2,0.010776,0.005157,0.003095
BA,11,80,2,0.005362,0.003956,0.001369
KCRDK,11,80,1,0.006304,0.003275,0.001871
BA,11,80,5,0.029015,0.025861,0.003046
KCRDK,11,80,2,0.01052,0.005197,0.00298
BA,11,80,2,0.005353,0.004113,0.001209
KCRDK,11,80,1,0.006615,0.003159,0.002307
BA,11,80,10,0.127393,0.121076,0.00608
KCRDK,11,80,1,0.008078,0.003946,0.002997
BA,11,80,3,0.01146,0.009585,0.001814
KCRDK,11,80,2,0.010463,0.004622,0.003173
BA,11,80,17,0.460738,0.449472,0.010837
KCRDK,11,80,2,0.012705,0.006442,0.004095
BA,11,80,4,0.019278,0.016758,0.00244
KCRDK,11,80,3,0.014354,0.00687,0.003957
BA,11,80,19,0.619233,0.606513,0.012189
KCRDK,11,80,2,0.016856,0.008365,0.005285
BA,11,80,3,0.016239,0.013682,0.002471
KCRDK,11,80,1,0.008579,0.004487,0.002532
BA,11,80,14,0.386129,0.374031,0.011635
KCRDK,11,80,2,0.01743,0.009143,0.005329
BA,11,80,15,0.434188,0.421064,0.012605
KCRDK,11,80,2,0.017407,0.00897,0.00547
BA,11,80,2,0.007626,0.005931,0.001655
KCRDK,11,80,1,0.009552,0.004705,0.00281
BA,11,80,4,0.026265,0.02278,0.003318
KCRDK,11,80,2,0.014746,0.007065,0.004254
BA,11,80,9,0.139643,0.131867,0.007491
KCRDK,11,80,1,0.011528,0.004918,0.004371
BA,11,80,5,0.040094,0.035794,0.004148
KCRDK,11,80,1,0.010842,0.004784,0.004019
BA,11,80,12,0.261781,0.251386,0.010004
KCRDK,11,80,1,0.010911,0.005205,0.003749
BA,11,80,3,0.014056,0.011445,0.002541
KCRDK,11,80,1,0.007657,0.00391,0.002348
BA,11,80,17,0.535079,0.522919,0.011517
KCRDK,11,80,2,0.013559,0.006907,0.004152
BA,11,80,4,0.01871,0.016222,0.002405
KCRDK,11,80,2,0.010334,0.005215,0.002949
BA,11,80,11,0.15206,0.145097,0.006691
KCRDK,11,80,1,0.008144,0.003734,0.002938
BA,11,80,13,0.267936,0.259547,0.008064
KCRDK,11,80,1,0.008251,0.003964,0.00279
BA,11,80,9,0.101049,0.095378,0.005452
KCRDK,11,80,1,0.008177,0.003774,0.002921
BA,11,80,8,0.070674,0.065641,0.00484
KCRDK,11,80,1,0.00833,0.00371,0.003086
BA,11,80,9,0.091784,0.086114,0.005452
KCRDK,11,80,1,0.00792,0.003831,0.002955
BA,11,80,11,0.172781,0.165839,0.006669
KCRDK,11,80,1,0.008747,0.003965,0.003213
BA,11,80,4,0.018778,0.016265,0.002432
KCRDK,11,80,2,0.010075,0.004948,0.002803
BA,11,80,15,0.35424,0.344384,0.009284
KCRDK,11,80,2,0.012748,0.006348,0.004077
BA,11,80,4,0.018373,0.015725,0.00256
KCRDK,11,80,1,0.006972,0.003117,0.002147
BA,11,80,16,0.402218,0.391873,0.009924
KCRDK,11,80,2,0.013099,0.006502,0.004236
BA,11,80,4,0.020732,0.018063,0.002587
KCRDK,11,80,2,0.010505,0.005122,0.003048
BA,11,80,2,0.006071,0.004825,0.001216
KCRDK,11,80,1,0.006394,0.003289,0.001968
BA,11,80,3,0.01144,0.009565,0.00182
KCRDK,11,80,1,0.006707,0.003201,0.002024
BA,11,80,2,0.005531,0.004283,0.001218
KCRDK,11,80,1,0.006275,0.003268,0.001864
BA,11,80,12,0.20148,0.193931,0.00727
KCRDK,11,80,1,0.008028,0.003744,0.002803
BA,11,80,4,0.019247,0.016745,0.00242
KCRDK,11,80,2,0.010585,0.005136,0.00343
BA,11,80,13,0.234493,0.226327,0.007847
KCRDK,11,80,1,0.007157,0.003789,0.002232
BA,11,80,2,0.005839,0.004603,0.001205
KCRDK,11,80,1,0.006351,0.003269,0.001948
BA,11,80,3,0.011763,0.009737,0.001972
KCRDK,11,80,1,0.006799,0.003285,0.001995
BA,11,80,2,0.005646,0.004396,0.00122
KCRDK,11,80,1,0.006873,0.003346,0.002036
BA,11,80,2,0.005842,0.004596,0.001216
KCRDK,11,80,1,0.006459,0.003302,0.002023
BA,11,80,7,0.058577,0.054,0.004413
KCRDK,11,80,1,0.008105,0.003695,0.002917
BA,11,80,3,0.01114,0.009277,0.001809
KCRDK,11,80,1,0.00679,0.003368,0.001936
BA,11,80,4,0.018513,0.016004,0.002428
KCRDK,11,80,2,0.011112,0.005335,0.003225
BA,11,80,17,0.491765,0.480796,0.010525
KCRDK,11,80,2,0.01257,0.006399,0.004008
BA,11,80,5,0.027928,0.024648,0.003179
KCRDK,11,80,2,0.010113,0.004931,0.003015
BA,11,80,2,0.006088,0.004843,0.001215
KCRDK,11,80,1,0.006599,0.003236,0.002183
BA,11,80,12,0.190285,0.182534,0.007458
KCRDK,11,80,1,0.008016,0.00374,0.003134
BA,11,80,9,0.097419,0.091594,0.005623
KCRDK,11,80,1,0.007947,0.003865,0.002961
BA,11,80,15,0.327895,0.3181,0.009428
KCRDK,11,80,1,0.007875,0.004034,0.002357
BA,11,80,11,0.157202,0.150258,0.006684
KCRDK,11,80,1,0.007835,0.003728,0.002975
BA,11,80,20,1.67405,1.66057,0.012708
KCRDK,11,80,2,0.012892,0.006079,0.004303
BA,11,80,4,0.020609,0.018103,0.002426
KCRDK,11,80,2,0.010351,0.004998,0.002836
BA,11,80,9,0.089223,0.083532,0.005482
KCRDK,11,80,1,0.008368,0.00398,0.002903
BA,11,80,2,0.005466,0.004061,0.001375
KCRDK,11,80,1,0.006349,0.003243,0.001974
BA,11,80,4,0.018234,0.015723,0.002432
KCRDK,11,80,2,0.010792,0.005015,0.002944
BA,11,80,15,0.328951,0.319234,0.009334
KCRDK,11,80,2,0.012722,0.006717,0.003827
BA,11,80,10,0.132747,0.126421,0.006079
KCRDK,11,80,1,0.008345,0.003704,0.003141
BA,11,80,13,0.254596,0.246228,0.00803
KCRDK,11,80,1,0.00745,0.004029,0.002288
BA,11,80,16,0.433021,0.414687,0.010254
KCRDK,11,80,2,0.01329,0.006764,0.004031
BA,11,80,4,0.01822,0.015714,0.002425
KCRDK,11,80,2,0.011233,0.005305,0.003766
BA,11,80,14,0.28467,0.275774,0.008549
KCRDK,11,80,2,0.012745,0.006846,0.003723
BA,11,80,4,0.018849,0.016358,0.002413
KCRDK,11,80,2,0.010184,0.005131,0.002861
BA,11,80,9,0.0989,0.093036,0.005649
KCRDK,11,80,1,0.008186,0.003948,0.003106
BA,11,80,2,0.005832,0.004577,0.001219
KCRDK,11,80,1,0.006603,0.003224,0.002243
BA,11,80,3,0.011286,0.009406,0.001826
KCRDK,11,80,1,0.006658,0.003325,0.001847
BA,11,80,13,0.239528,0.231303,0.007903
KCRDK,11,80,1,0.007089,0.003704,0.002232
BA,11,80,3,0.012224,0.01034,0.001819
KCRDK,11,80,1,0.006564,0.00325,0.001842
BA,11,80,2,0.006019,0.004603,0.001386
KCRDK,11,80,1,0.006369,0.003104,0.002133
BA,11,80,5,0.025766,0.022513,0.003143
KCRDK,11,80,2,0.010979,0.005447,0.003118
BA,11,80,4,0.018747,0.016252,0.002416
KCRDK,11,80,2,0.010418,0.005341,0.002896
BA,11,80,3,0.011647,0.009771,0.001812
KCRDK,11,80,1,0.006341,0.003183,0.001861
BA,11,80,12,0.188931,0.181366,0.007284
KCRDK,11,80,1,0.008355,0.004167,0.003051
BA,11,80,8,0.075808,0.070778,0.004848
KCRDK,11,80,1,0.008257,0.003903,0.002983
BA,11,80,4,0.019577,0.01706,0.002428
KCRDK,11,80,2,0.010712,0.005164,0.003004
BA,11,80,3,0.011435,0.00956,0.001819
KCRDK,11,80,1,0.006294,0.003034,0.001959
BA,11,80,5,0.027528,0.024387,0.003038
KCRDK,11,80,2,0.010959,0.005518,0.002924
BA,11,80,2,0.005711,0.004464,0.001217
KCRDK,11,80,1,0.006268,0.003073,0.002058
BA,11,80,9,0.094856,0.088856,0.005612
KCRDK,11,80,1,0.007893,0.003599,0.003003
BA,11,80,3,0.010916,0.009046,0.001815
KCRDK,11,80,2,0.01012,0.004927,0.002869
BA,11,80,3,0.011398,0.009524,0.00182
KCRDK,11,80,1,0.006352,0.003188,0.002018
BA,11,80,4,0.018749,0.016231,0.002432
KCRDK,11,80,2,0.010553,0.004971,0.002914
BA,11,80,10,0.120221,0.113722,0.006262
KCRDK,11,80,1,0.008085,0.003884,0.00306
BA,11,80,9,0.090706,0.084854,0.00564
KCRDK,11,80,1,0.008047,0.003781,0.002983
BA,11,80,14,0.274717,0.265658,0.008714
KCRDK,11,80,2,0.013153,0.006762,0.003725
BA,11,80,9,0.093334,0.087665,0.005462
KCRDK,11,80,1,0.008246,0.003593,0.003017
BA,11,80,2,0.005682,0.004442,0.00121
KCRDK,11,80,1,0.006367,0.003309,0.001929
BA,11,80,10,0.120584,0.114295,0.006055
KCRDK,11,80,1,0.008196,0.003955,0.003104
BA,11,80,10,0.136096,0.129823,0.006037
KCRDK,11,80,1,0.008192,0.00402,0.003033
BA,11,80,9,0.092448,0.086309,0.005773
KCRDK,11,80,1,0.008098,0.003913,0.003057
BA,11,80,8,0.074775,0.069754,0.004837
KCRDK,11,80,1,0.007735,0.003607,0.002995
BA,11,80,2,0.005225,0.00398,0.001215
KCRDK,11,80,1,0.006273,0.003163,0.001976
BA,11,80,6,0.045687,0.041747,0.003805
KCRDK,11,80,1,0.006489,0.003422,0.001928
BA,11,80,2,0.005527,0.004276,0.001221
KCRDK,11,80,1,0.006823,0.003301,0.002063
BA,11,80,15,0.374432,0.364915,0.009128
KCRDK,11,80,2,0.013043,0.006904,0.003814
BA,11,80,4,0.019608,0.017104,0.002416
KCRDK,11,80,2,0.010938,0.005373,0.003057
BA,11,80,2,0.005383,0.004143,0.00121
KCRDK,11,80,1,0.006251,0.003265,0.001857
BA,11,80,2,0.005568,0.004256,0.001281
KCRDK,11,80,1,0.006342,0.0033,0.001906
BA,11,80,9,0.100624,0.094924,0.005482
KCRDK,11,80,1,0.008318,0.004098,0.003083
BA,11,80,2,0.00599,0.004577,0.001383
KCRDK,11,80,1,0.006275,0.003133,0.001851
BA,11,80,10,0.123496,0.117053,0.006209
KCRDK,11,80,1,0.008208,0.003693,0.003035
BA,11,100,8,0.072761,0.067724,0.004839
KCRDK,11,100,1,0.007914,0.003528,0.003106
BA,11,100,19,2.23347,2.22064,0.012284
KCRDK,11,100,2,0.017094,0.008604,0.00563
BA,11,100,3,0.015369,0.012813,0.002481
KCRDK,11,100,1,0.008873,0.004395,0.002822
BA,11,100,9,0.14518,0.137293,0.007601
KCRDK,11,100,1,0.011129,0.005415,0.004178
BA,11,100,14,0.344327,0.332806,0.011066
KCRDK,11,100,1,0.007764,0.004299,0.002239
BA,11,100,4,0.020521,0.017825,0.002598
KCRDK,11,100,2,0.010782,0.00539,0.002978
BA,11,100,3,0.011144,0.00924,0.001839
KCRDK,11,100,1,0.006291,0.003294,0.001858
BA,11,100,2,0.005981,0.004745,0.001205
KCRDK,11,100,1,0.006107,0.003133,0.001849
BA,11,100,3,0.011229,0.009364,0.001812
KCRDK,11,100,1,0.006913,0.003289,0.002145
BA,11,100,2,0.005761,0.004365,0.001365
KCRDK,11,100,1,0.006258,0.003107,0.001951
BA,11,100,2,0.006162,0.004903,0.00121
KCRDK,11,100,1,0.006625,0.003181,0.002148
BA,11,100,16,0.384677,0.374333,0.009924
KCRDK,11,100,2,0.012945,0.006688,0.004091
BA,11,100,2,0.005824,0.004592,0.001202
KCRDK,11,100,1,0.006717,0.003272,0.001915
BA,11,100,15,0.358577,0.349046,0.009141
KCRDK,11,100,2,0.01274,0.006665,0.003919
BA,11,100,2,0.005599,0.00435,0.001218
KCRDK,11,100,1,0.006629,0.003169,0.001938
BA,11,100,11,0.143971,0.136961,0.006737
KCRDK,11,100,1,0.008271,0.003885,0.003251
BA,11,100,15,0.331421,0.321904,0.00914
KCRDK,11,100,2,0.012837,0.006939,0.003739
BA,11,100,11,0.160707,0.153778,0.006661
KCRDK,11,100,1,0.008473,0.003793,0.003203
BA,11,100,2,0.005384,0.004149,0.001205
KCRDK,11,100,1,0.006341,0.00323,0.001946
BA,11,100,4,0.017176,0.014671,0.002418
KCRDK,11,100,2,0.010947,0.00499,0.003428
BA,11,100,2,0.005675,0.004437,0.001207
KCRDK,11,100,1,0.006172,0.003095,0.001899
BA,11,100,15,0.333042,0.323565,0.009109
KCRDK,11,100,2,0.013111,0.006845,0.003756
BA,11,100,4,0.019138,0.016639,0.002407
KCRDK,11,100,2,0.010686,0.005126,0.002919
BA,11,100,6,0.042715,0.038978,0.00361
KCRDK,11,100,1,0.006603,0.003247,0.00188
BA,11,100,5,0.028356,0.02523,0.003017
KCRDK,11,100,2,0.010509,0.005401,0.002936
BA,11,100,12,0.19199,0.184235,0.007469
KCRDK,11,100,1,0.008339,0.003757,0.003072
BA,11,100,4,0.019905,0.017389,0.002435
KCRDK,11,100,2,0.010689,0.00538,0.003131
BA,11,100,5,0.0289,0.025742,0.003045
KCRDK,11,100,1,0.008311,0.003669,0.002911
BA,11,100,12,0.208576,0.200793,0.007499
KCRDK,11,100,1,0.008734,0.003819,0.003416
BA,11,100,2,0.005553,0.004311,0.001212
KCRDK,11,100,1,0.006241,0.00319,0.001917
BA,11,100,2,0.005686,0.004442,0.001213
KCRDK,11,100,1,0.006428,0.003287,0.002001
BA,11,100,3,0.011497,0.009612,0.001822
KCRDK,11,100,1,0.006438,0.003342,0.001948
BA,11,100,8,0.076836,0.071754,0.004895
KCRDK,11,100,1,0.007873,0.003827,0.002911
BA,11,100,7,0.061148,0.056395,0.004582
KCRDK,11,100,1,0.007843,0.003859,0.002847
BA,11,100,5,0.02872,0.025411,0.003205
KCRDK,11,100,1,0.006482,0.003318,0.002016
BA,11,100,16,0.376579,0.365907,0.010277
KCRDK,11,100,2,0.013146,0.006555,0.004077
BA,11,100,11,0.154236,0.147292,0.006668
KCRDK,11,100,1,0.008583,0.00372,0.003214
BA,11,100,2,0.005786,0.004544,0.001212
KCRDK,11,100,1,0.006671,0.003166,0.001986
BA,11,100,9,0.100418,0.094757,0.005443
KCRDK,11,100,1,0.007842,0.003792,0.002905
BA,11,100,14,0.26881,0.259617,0.008841
KCRDK,11,100,2,0.012629,0.006839,0.003616
BA,11,100,14,0.279645,0.270473,0.008824
KCRDK,11,100,2,0.012775,0.007077,0.003533
BA,11,100,13,0.263158,0.254963,0.007866
KCRDK,11,100,1,0.00803,0.003751,0.003154
BA,11,100,11,0.164723,0.15777,0.006677
KCRDK,11,100,1,0.008481,0.003723,0.00311
BA,11,100,18,0.544166,0.532561,0.011138
KCRDK,11,100,2,0.012985,0.006723,0.004103
BA,11,100,19,0.671896,0.659462,0.011874
KCRDK,11,100,2,0.013415,0.006826,0.004093
BA,11,100,3,0.01189,0.009835,0.00198
KCRDK,11,100,1,0.006609,0.003178,0.001968
BA,11,100,9,0.092942,0.087192,0.005547
KCRDK,11,100,1,0.008257,0.003655,0.002956
BA,11,100,17,0.483281,0.472538,0.010307
KCRDK,11,100,2,0.012899,0.006934,0.003816
BA,11,100,2,0.005754,0.004518,0.0012
KCRDK,11,100,1,0.006374,0.003294,0.001942
BA,11,100,3,0.012186,0.010329,0.001803
KCRDK,11,100,1,0.006234,0.003123,0.001939
BA,11,100,19,3.53328,3.52092,0.011819
KCRDK,11,100,2,0.013756,0.006786,0.00426
BA,11,100,4,0.019328,0.01666,0.002588
KCRDK,11,100,2,0.010559,0.005308,0.003037
BA,11,100,12,0.204421,0.196702,0.007428
KCRDK,11,100,1,0.008136,0.003791,0.003216
BA,11,100,8,0.07439,0.069043,0.005162
KCRDK,11,100,1,0.007984,0.003822,0.002999
BA,11,100,16,0.437745,0.427291,0.010006
KCRDK,11,100,2,0.013046,0.006627,0.003921
BA,11,100,5,0.028633,0.025505,0.003024
KCRDK,11,100,2,0.011107,0.005541,0.00306
BA,11,100,2,0.005636,0.004392,0.001214
KCRDK,11,100,1,0.006247,0.003155,0.001959
BA,11,100,10,0.114359,0.108066,0.006062
KCRDK,11,100,1,0.008398,0.003721,0.003041
BA,11,100,17,0.502683,0.491717,0.010516
KCRDK,11,100,2,0.013395,0.006759,0.004113
BA,11,100,12,0.20047,0.192798,0.007355
KCRDK,11,100,1,0.008435,0.003854,0.003101
BA,11,100,10,0.124989,0.118691,0.006059
KCRDK,11,100,1,0.008352,0.003858,0.003014
BA,11,100,18,0.510006,0.498594,0.010945
KCRDK,11,100,2,0.01288,0.006393,0.004134
BA,11,100,2,0.005404,0.004176,0.001197
KCRDK,11,100,1,0.006383,0.003298,0.001953
BA,11,100,4,0.019161,0.016654,0.002427
KCRDK,11,100,2,0.010622,0.005243,0.003143
BA,11,100,4,0.019897,0.017398,0.00242
KCRDK,11,100,1,0.006548,0.003401,0.002011
BA,11,100,3,0.010995,0.009111,0.001818
KCRDK,11,100,1,0.006249,0.0032,0.001908
BA,11,100,4,0.01779,0.0153,0.002412
KCRDK,11,100,2,0.010238,0.005125,0.002956
BA,11,100,10,0.132024,0.125222,0.006566
KCRDK,11,100,1,0.0083,0.003693,0.003129
BA,11,100,2,0.005715,0.004486,0.001197
KCRDK,11,100,1,0.006286,0.003114,0.001883
BA,11,100,2,0.005991,0.004747,0.001213
KCRDK,11,100,1,0.006476,0.003148,0.001863
BA,11,100,3,0.010736,0.008854,0.001825
KCRDK,11,100,1,0.006347,0.003336,0.00187
BA,11,100,3,0.011148,0.009268,0.001826
KCRDK,11,100,1,0.006762,0.003333,0.002296
BA,11,100,15,0.343074,0.333564,0.009138
KCRDK,11,100,2,0.012911,0.006675,0.003917
BA,11,100,3,0.011734,0.009866,0.001813
KCRDK,11,100,2,0.011079,0.005432,0.003113
BA,11,100,4,0.017749,0.015004,0.002656
KCRDK,11,100,2,0.010841,0.005302,0.003024
BA,11,100,10,0.116161,0.109841,0.006064
KCRDK,11,100,1,0.008532,0.003931,0.003125
BA,11,100,3,0.010578,0.008705,0.001819
KCRDK,11,100,1,0.006387,0.003321,0.001931
BA,11,100,3,0.010818,0.00892,0.001843
KCRDK,11,100,1,0.00677,0.003185,0.002109
BA,11,100,2,0.006032,0.004783,0.001219
KCRDK,11,100,1,0.006293,0.003323,0.001846
BA,11,100,10,0.118952,0.112646,0.006071
KCRDK,11,100,1,0.007912,0.00373,0.003045
BA,11,100,6,0.041494,0.037715,0.003651
KCRDK,11,100,1,0.007916,0.003718,0.002891
BA,11,100,4,0.020449,0.017777,0.00259
KCRDK,11,100,1,0.006933,0.003311,0.002143
BA,11,100,2,0.005863,0.00463,0.001203
KCRDK,11,100,1,0.00673,0.003345,0.002254
BA,11,100,10,0.126051,0.11975,0.00606
KCRDK,11,100,1,0.008528,0.004033,0.003013
BA,11,100,2,0.005786,0.00454,0.001217
KCRDK,11,100,1,0.006695,0.003329,0.001895
BA,11,100,8,0.079462,0.07428,0.004995
KCRDK,11,100,1,0.008251,0.003735,0.003034
BA,11,100,8,0.071789,0.06659,0.005015
KCRDK,11,100,1,0.007841,0.003657,0.003034
BA,11,100,3,0.011716,0.009839,0.001816
KCRDK,11,100,1,0.006604,0.003388,0.002046
BA,11,100,18,0.519318,0.507698,0.011151
KCRDK,11,100,2,0.013266,0.006952,0.004151
BA,11,100,3,0.011256,0.009374,0.001828
KCRDK,11,100,2,0.010686,0.005124,0.003039
BA,11,100,2,0.005854,0.004606,0.001217
KCRDK,11,100,1,0.006714,0.00332,0.001912
BA,11,100,2,0.005886,0.004633,0.001223
KCRDK,11,100,1,0.006483,0.003136,0.001859
BA,11,100,17,0.440268,0.429505,0.010328
KCRDK,11,100,2,0.013109,0.006752,0.004203
BA,11,100,2,0.005827,0.004579,0.001218
KCRDK,11,100,1,0.006544,0.003155,0.001919
BA,11,100,2,0.006013,0.004765,0.001218
KCRDK,11,100,1,0.006448,0.003052,0.001936
BA,11,100,4,0.017629,0.015118,0.002432
KCRDK,11,100,2,0.010606,0.005343,0.003096
BA,11,100,7,0.058278,0.05371,0.004403
KCRDK,11,100,1,0.008564,0.004187,0.002896
BA,11,100,10,0.124554,0.118079,0.006242
KCRDK,11,100,1,0.007924,0.003816,0.002977
BA,11,100,2,0.005307,0.00406,0.001211
KCRDK,11,100,1,0.006332,0.003279,0.001919
BA,11,100,11,0.164422,0.157512,0.006659
KCRDK,11,100,1,0.008546,0.003972,0.003337
BA,21,0,21,4.22045,4.17824,0.041504
KCRDK,21,0,1,0.016667,0.005795,0.006173
BA,21,0,12,0.208604,0.185904,0.022397
KCRDK,21,0,1,0.015086,0.005956,0.005496
BA,21,0,6,0.058516,0.047443,0.010927
KCRDK,21,0,1,0.018746,0.007405,0.006446
BA,21,0,11,0.255935,0.227361,0.028215
KCRDK,21,0,1,0.020825,0.008149,0.007672
BA,21,0,16,0.615338,0.5736,0.041176
KCRDK,21,0,1,0.018692,0.007604,0.006727
BA,21,0,17,0.554802,0.518497,0.035818
KCRDK,21,0,1,0.01549,0.00579,0.006026
BA,21,0,4,0.024727,0.016831,0.007816
KCRDK,21,0,2,0.03076,0.011934,0.009423
BA,21,0,16,0.688916,0.646707,0.04165
KCRDK,21,0,1,0.021189,0.008091,0.0082
BA,21,0,4,0.033621,0.022842,0.010652
KCRDK,21,0,2,0.032408,0.012453,0.010113
BA,21,0,11,0.256129,0.228354,0.027398
KCRDK,21,0,1,0.020871,0.008199,0.007721
BA,21,0,4,0.03256,0.021795,0.010658
KCRDK,21,0,2,0.033066,0.012807,0.010591
BA,21,0,12,0.313161,0.282154,0.030606
KCRDK,21,0,1,0.020814,0.00813,0.007769
BA,21,0,5,0.049814,0.036493,0.013162
KCRDK,21,0,4,0.058772,0.02303,0.017794
BA,21,0,12,0.272832,0.242784,0.029663
KCRDK,21,0,1,0.015776,0.006085,0.006175
BA,21,0,3,0.016622,0.01109,0.005476
KCRDK,21,0,2,0.032541,0.011674,0.009723
BA,21,0,4,0.036273,0.026109,0.010047
KCRDK,21,0,2,0.027351,0.010317,0.007863
BA,21,0,3,0.016582,0.010791,0.005733
KCRDK,21,0,1,0.019138,0.007241,0.00656
BA,21,0,3,0.021192,0.013644,0.007463
KCRDK,21,0,2,0.036231,0.013325,0.010792
BA,21,0,14,0.45429,0.41704,0.036012
KCRDK,21,0,1,0.020947,0.008172,0.007894
BA,21,0,3,0.022352,0.014852,0.007425
KCRDK,21,0,1,0.019695,0.007769,0.006797
BA,21,0,4,0.033514,0.023373,0.010031
KCRDK,21,0,2,0.032916,0.012873,0.010251
BA,21,0,11,0.236985,0.208291,0.028335
KCRDK,21,0,1,0.02038,0.00789,0.00761
BA,21,0,14,0.40898,0.372811,0.035666
KCRDK,21,0,1,0.020491,0.008057,0.00762
BA,21,0,2,0.011571,0.006578,0.004953
KCRDK,21,0,1,0.019099,0.007628,0.006689
BA,21,0,8,0.129083,0.109088,0.019748
KCRDK,21,0,1,0.019617,0.007497,0.006754
BA,21,0,11,0.235693,0.205813,0.02951
KCRDK,21,0,1,0.020145,0.007705,0.007545
BA,21,0,18,0.777737,0.731196,0.045872
KCRDK,21,0,1,0.018178,0.006462,0.006483
BA,21,0,14,0.394905,0.3674,0.02712
KCRDK,21,0,1,0.015784,0.006142,0.006099
BA,21,0,13,0.250991,0.226162,0.024501
KCRDK,21,0,1,0.015153,0.005758,0.005802
BA,21,0,2,0.008337,0.004635,0.00367
KCRDK,21,0,1,0.014619,0.005675,0.005054
BA,21,0,5,0.03657,0.027365,0.009085
KCRDK,21,0,2,0.03083,0.012205,0.010045
BA,21,0,10,0.203682,0.177784,0.025554
KCRDK,21,0,1,0.020653,0.008228,0.007908
BA,21,0,2,0.011441,0.006448,0.004952
KCRDK,21,0,1,0.020304,0.00777,0.00729
BA,21,0,3,0.02229,0.014735,0.007477
KCRDK,21,0,1,0.022339,0.007787,0.007658
BA,21,0,13,0.347541,0.312973,0.034111
KCRDK,21,0,1,0.020547,0.008131,0.00758
BA,21,0,17,0.635073,0.59361,0.040901
KCRDK,21,0,1,0.016947,0.006259,0.005799
BA,21,0,11,0.178549,0.155952,0.022315
KCRDK,21,0,1,0.015853,0.005836,0.005606
BA,21,0,2,0.008339,0.004681,0.003627
KCRDK,21,0,1,0.014608,0.005697,0.005161
BA,21,0,15,0.357967,0.329607,0.027958
KCRDK,21,0,1,0.01612,0.006204,0.00612
BA,21,0,3,0.015707,0.01006,0.005572
KCRDK,21,0,1,0.018785,0.007439,0.006427
BA,21,0,7,0.09528,0.076619,0.01845
KCRDK,21,0,1,0.021144,0.007874,0.008307
BA,21,0,2,0.01101,0.005277,0.005692
KCRDK,21,0,1,0.019696,0.007592,0.006801
BA,21,0,2,0.011726,0.006715,0.004969
KCRDK,21,0,1,0.019772,0.00772,0.006749
BA,21,0,12,0.291243,0.260747,0.030085
KCRDK,21,0,1,0.020905,0.008468,0.007593
BA,21,0,4,0.035049,0.024272,0.010665
KCRDK,21,0,1,0.019535,0.007778,0.006644
BA,21,0,5,0.055205,0.042525,0.01252
KCRDK,21,0,1,0.019406,0.00772,0.006598
BA,21,0,12,0.272943,0.241094,0.031433
KCRDK,21,0,1,0.020516,0.007775,0.00784
BA,21,0,9,0.167945,0.144619,0.023047
KCRDK,21,0,1,0.020972,0.008226,0.00786
BA,21,0,8,0.123176,0.103059,0.019872
KCRDK,21,0,1,0.02075,0.00792,0.007973
BA,21,0,4,0.032286,0.022785,0.009393
KCRDK,21,0,2,0.027765,0.010678,0.00886
BA,21,0,9,0.12027,0.102179,0.017871
KCRDK,21,0,1,0.015192,0.005855,0.005682
BA,21,0,4,0.025024,0.017074,0.00784
KCRDK,21,0,4,0.042356,0.015825,0.0126
BA,21,0,3,0.01627,0.01018,0.006034
KCRDK,21,0,2,0.023632,0.009158,0.00736
BA,21,0,3,0.01698,0.010849,0.006056
KCRDK,21,0,1,0.022444,0.008405,0.00802
BA,21,0,4,0.045921,0.030696,0.015092
KCRDK,21,0,2,0.034168,0.0131,0.01075
BA,21,0,14,0.562927,0.516154,0.046115
KCRDK,21,0,1,0.029814,0.011059,0.010214
BA,21,0,2,0.015185,0.007522,0.007607
KCRDK,21,0,1,0.023729,0.009138,0.008399
BA,21,0,8,0.155412,0.128574,0.026543
KCRDK,21,0,1,0.023512,0.009053,0.008815
BA,21,0,5,0.05572,0.041712,0.013821
KCRDK,21,0,3,0.043095,0.016554,0.01325
BA,21,0,13,0.293505,0.265233,0.027901
KCRDK,21,0,1,0.015514,0.005916,0.005845
BA,21,0,18,0.545364,0.51003,0.034314
KCRDK,21,0,1,0.018129,0.006628,0.007093
BA,21,0,15,0.389186,0.360525,0.028256
KCRDK,21,0,1,0.015123,0.005838,0.005682
BA,21,0,11,0.177324,0.156941,0.020105
KCRDK,21,0,1,0.015035,0.005778,0.005676
BA,21,0,2,0.008425,0.00476,0.003634
KCRDK,21,0,1,0.014575,0.005798,0.005001
BA,21,0,4,0.025263,0.017874,0.007309
KCRDK,21,0,2,0.032726,0.011608,0.010404
BA,21,0,9,0.154937,0.13221,0.022442
KCRDK,21,0,1,0.022456,0.008188,0.007752
BA,21,0,2,0.011268,0.006245,0.004982
KCRDK,21,0,1,0.020715,0.007829,0.006566
BA,21,0,3,0.021522,0.013356,0.008073
KCRDK,21,0,2,0.034484,0.012403,0.01047
BA,21,0,2,0.01272,0.006971,0.00571
KCRDK,21,0,1,0.021736,0.008706,0.007063
BA,21,0,5,0.047814,0.035279,0.012391
KCRDK,21,0,1,0.019496,0.007697,0.006766
BA,21,0,4,0.034136,0.024069,0.009958
KCRDK,21,0,1,0.023994,0.009135,0.008957
BA,21,0,3,0.02216,0.013835,0.008252
KCRDK,21,0,1,0.021353,0.007721,0.006713
BA,21,0,10,0.195389,0.168648,0.026402
KCRDK,21,0,1,0.020261,0.008247,0.007174
BA,21,0,4,0.034159,0.023879,0.010177
KCRDK,21,0,1,0.019089,0.00695,0.005832
BA,21,0,3,0.018002,0.010886,0.00705
KCRDK,21,0,1,0.015923,0.006246,0.005543
BA,21,0,13,0.244032,0.219395,0.02429
KCRDK,21,0,1,0.015192,0.006,0.005578
BA,21,0,10,0.142603,0.124141,0.018218
KCRDK,21,0,1,0.014371,0.005729,0.004917
BA,21,0,4,0.024486,0.01713,0.007275
KCRDK,21,0,2,0.030359,0.011314,0.009931
BA,21,0,4,0.032724,0.021939,0.010661
KCRDK,21,0,2,0.031505,0.011651,0.010883
BA,21,0,8,0.121234,0.101126,0.019865
KCRDK,21,0,2,0.033546,0.012298,0.010796
BA,21,0,22,8.4723,8.4161,0.055261
KCRDK,21,0,1,0.015815,0.006181,0.004925
BA,21,0,14,0.304277,0.278223,0.025702
KCRDK,21,0,1,0.015591,0.005936,0.005906
BA,21,0,4,0.025129,0.017231,0.007805
KCRDK,21,0,2,0.029204,0.010177,0.008554
BA,21,0,11,0.186211,0.165265,0.020665
KCRDK,21,0,1,0.015212,0.005835,0.005787
BA,21,0,16,0.449106,0.418685,0.029985
KCRDK,21,0,1,0.015532,0.005805,0.00604
BA,21,0,2,0.008609,0.004925,0.003653
KCRDK,21,0,1,0.01617,0.005741,0.005049
BA,21,0,10,0.127221,0.108759,0.018197
KCRDK,21,0,1,0.015468,0.005918,0.005765
BA,21,0,10,0.135655,0.117083,0.018317
KCRDK,21,0,1,0.015179,0.006037,0.005575
BA,21,0,4,0.024062,0.016142,0.00784
KCRDK,21,0,5,0.055335,0.021258,0.01623
BA,21,0,21,5.00051,4.95696,0.042855
KCRDK,21,0,1,0.014903,0.005842,0.005429
BA,21,0,4,0.024721,0.017357,0.007285
KCRDK,21,0,1,0.017211,0.006212,0.005528
BA,21,0,3,0.015946,0.009879,0.006012
KCRDK,21,0,2,0.026143,0.00989,0.008321
BA,21,0,4,0.026643,0.01926,0.007282
KCRDK,21,0,1,0.019346,0.007421,0.007069
BA,21,0,15,0.488064,0.448818,0.038728
KCRDK,21,0,1,0.021048,0.007502,0.007391
BA,21,0,15,0.385923,0.354617,0.030851
KCRDK,21,0,1,0.015138,0.005953,0.005566
BA,21,0,11,0.157911,0.137542,0.020085
KCRDK,21,0,1,0.015317,0.005951,0.005745
BA,21,0,13,0.269725,0.245619,0.023777
KCRDK,21,0,1,0.01583,0.006098,0.005942
BA,21,0,11,0.170964,0.150109,0.020575
KCRDK,21,0,1,0.016278,0.005822,0.005683
BA,21,0,2,0.008581,0.00489,0.00366
KCRDK,21,0,1,0.019563,0.007267,0.006253
BA,21,0,4,0.034991,0.024236,0.010623
KCRDK,21,0,2,0.0302,0.011563,0.009574
BA,21,20,2,0.011319,0.006371,0.004906
KCRDK,21,20,1,0.019747,0.007709,0.006799
BA,21,20,15,0.539062,0.501079,0.037453
KCRDK,21,20,1,0.021316,0.007889,0.008575
BA,21,20,15,0.525885,0.485898,0.039469
KCRDK,21,20,1,0.021506,0.008348,0.008086
BA,21,20,4,0.033735,0.023812,0.009815
KCRDK,21,20,2,0.030869,0.011092,0.009466
BA,21,20,3,0.016979,0.010619,0.006295
KCRDK,21,20,1,0.016166,0.0067,0.005418
BA,21,20,13,0.297848,0.272405,0.024569
KCRDK,21,20,1,0.015462,0.006032,0.005787
BA,21,20,14,0.311054,0.28301,0.027661
KCRDK,21,20,1,0.015363,0.006054,0.005698
BA,21,20,10,0.138682,0.120194,0.018253
KCRDK,21,20,1,0.015589,0.005805,0.006159
BA,21,20,5,0.037692,0.027956,0.009631
KCRDK,21,20,2,0.030837,0.011614,0.010837
BA,21,20,2,0.012134,0.00708,0.004981
KCRDK,21,20,1,0.020017,0.007294,0.006331
BA,21,20,2,0.011677,0.006679,0.004957
KCRDK,21,20,1,0.020385,0.007603,0.007549
BA,21,20,4,0.034638,0.023857,0.010672
KCRDK,21,20,2,0.03184,0.012046,0.010047
BA,21,20,17,0.65566,0.612392,0.042627
KCRDK,21,20,1,0.01872,0.006327,0.006771
BA,21,20,14,0.319208,0.290726,0.027567
KCRDK,21,20,1,0.015701,0.006215,0.005884
BA,21,20,5,0.039041,0.029833,0.009105
KCRDK,21,20,2,0.030375,0.01228,0.00928
BA,21,20,12,0.294083,0.261714,0.031967
KCRDK,21,20,1,0.020621,0.007982,0.007739
BA,21,20,14,0.446479,0.40907,0.03693
KCRDK,21,20,1,0.021355,0.008,0.008442
BA,21,20,6,0.06599,0.05008,0.015711
KCRDK,21,20,1,0.019959,0.007802,0.007379
BA,21,20,3,0.021735,0.013505,0.008154
KCRDK,21,20,1,0.019739,0.00769,0.007086
BA,21,20,10,0.179769,0.15314,0.026288
KCRDK,21,20,1,0.02019,0.00773,0.007569
BA,21,20,4,0.032351,0.021579,0.010664
KCRDK,21,20,2,0.034658,0.01222,0.010989
BA,21,20,7,0.085868,0.068279,0.017378
KCRDK,21,20,1,0.019518,0.007704,0.006827
BA,21,20,16,0.59269,0.550445,0.041656
KCRDK,21,20,1,0.022352,0.008014,0.007905
BA,21,20,4,0.033176,0.023127,0.009942
KCRDK,21,20,2,0.032475,0.012728,0.010245
BA,21,20,15,0.435196,0.399678,0.035028
KCRDK,21,20,1,0.015201,0.005981,0.005662
BA,21,20,2,0.008236,0.00406,0.004146
KCRDK,21,20,1,0.016684,0.006375,0.005198
BA,21,20,9,0.11539,0.098785,0.016392
KCRDK,21,20,1,0.015183,0.005901,0.005697
BA,21,20,10,0.150596,0.132148,0.018202
KCRDK,21,20,1,0.015435,0.006031,0.005754
BA,21,20,22,2.27358,2.22608,0.046672
KCRDK,21,20,1,0.039904,0.017069,0.012792
BA,21,20,9,0.187514,0.147554,0.038994
KCRDK,21,20,1,0.036887,0.014054,0.010378
BA,21,20,16,0.657963,0.580958,0.075185
KCRDK,21,20,1,0.044667,0.017696,0.014105
BA,21,20,4,0.053162,0.033317,0.019489
KCRDK,21,20,2,0.069115,0.026773,0.019588
BA,21,20,3,0.030605,0.015299,0.015066
KCRDK,21,20,2,0.055152,0.020067,0.01385
BA,21,20,8,0.138013,0.100979,0.036207
KCRDK,21,20,1,0.03317,0.013071,0.009657
BA,21,20,14,0.422499,0.369109,0.051972
KCRDK,21,20,1,0.03182,0.013164,0.011168
BA,21,20,5,0.065828,0.045065,0.020344
KCRDK,21,20,3,0.097563,0.036239,0.027391
BA,21,20,3,0.029934,0.018156,0.011527
KCRDK,21,20,2,0.068006,0.023851,0.017041
BA,21,20,3,0.028732,0.018265,0.010305
KCRDK,21,20,2,0.067302,0.026658,0.016626
BA,21,20,13,0.374317,0.292331,0.061042
KCRDK,21,20,1,0.034911,0.012595,0.011348
BA,21,20,4,0.04419,0.027842,0.016096
KCRDK,21,20,2,0.053909,0.021335,0.014682
BA,21,20,3,0.029312,0.017585,0.011528
KCRDK,21,20,1,0.04802,0.016747,0.013031
BA,21,20,14,0.446606,0.384326,0.060758
KCRDK,21,20,1,0.037076,0.015904,0.011678
BA,21,20,8,0.147623,0.110164,0.036536
KCRDK,21,20,3,0.038147,0.01502,0.012051
BA,21,20,16,0.586355,0.518186,0.066314
KCRDK,21,20,1,0.054759,0.018761,0.01386
BA,21,20,2,0.015817,0.007267,0.008376
KCRDK,21,20,1,0.045052,0.016248,0.014915
BA,21,20,3,0.027888,0.015576,0.012117
KCRDK,21,20,1,0.048831,0.01886,0.011664
BA,21,20,11,0.237904,0.191263,0.045473
KCRDK,21,20,1,0.049279,0.01661,0.013554
BA,21,20,16,0.515498,0.439432,0.074214
KCRDK,21,20,1,0.047712,0.01852,0.014822
BA,21,20,3,0.035422,0.016583,0.018543
KCRDK,21,20,1,0.042141,0.019341,0.007621
BA,21,20,2,0.022061,0.010559,0.011291
KCRDK,21,20,1,0.045766,0.016801,0.014713
BA,21,20,14,0.431556,0.359372,0.07034
KCRDK,21,20,1,0.039843,0.017114,0.011451
BA,21,20,2,0.015175,0.007201,0.007823
KCRDK,21,20,1,0.022352,0.00888,0.007891
BA,21,20,16,0.587638,0.509845,0.073214
KCRDK,21,20,1,0.041327,0.013708,0.014214
BA,21,20,5,0.070161,0.048211,0.021443
KCRDK,21,20,2,0.07167,0.026998,0.019469
BA,21,20,2,0.014155,0.007348,0.006741
KCRDK,21,20,1,0.042719,0.016642,0.013883
BA,21,20,17,0.651554,0.575699,0.073765
KCRDK,21,20,1,0.035262,0.014556,0.011127
BA,21,20,5,0.061018,0.038462,0.022113
KCRDK,21,20,1,0.040923,0.018001,0.010623
BA,21,20,14,0.425003,0.359239,0.064193
KCRDK,21,20,1,0.036937,0.016642,0.009826
BA,21,20,3,0.034779,0.019243,0.015262
KCRDK,21,20,1,0.032834,0.014642,0.009595
BA,21,20,7,0.121747,0.08765,0.033395
KCRDK,21,20,1,0.04031,0.01499,0.013994
BA,21,20,3,0.030849,0.019071,0.011579
KCRDK,21,20,2,0.058776,0.022188,0.016395
BA,21,20,11,0.288188,0.231172,0.055696
KCRDK,21,20,1,0.036805,0.016625,0.010087
BA,21,20,15,0.455936,0.394986,0.059298
KCRDK,21,20,1,0.040041,0.014235,0.013676
BA,21,20,16,0.558494,0.488743,0.067976
KCRDK,21,20,1,0.039693,0.014733,0.010166
BA,21,20,2,0.018237,0.009538,0.008611
KCRDK,21,20,1,0.026964,0.011311,0.0093
BA,21,20,9,0.181554,0.137167,0.043427
KCRDK,21,20,8,0.242552,0.083665,0.067158
BA,21,20,12,0.320755,0.255517,0.063918
KCRDK,21,20,1,0.01505,0.006012,0.005527
BA,21,20,4,0.025303,0.01774,0.00748
KCRDK,21,20,2,0.065743,0.024636,0.018983
BA,21,20,12,0.311761,0.261534,0.048836
KCRDK,21,20,1,0.046994,0.018309,0.012545
BA,21,20,12,0.327615,0.277301,0.048789
KCRDK,21,20,1,0.042392,0.014719,0.016085
BA,21,20,5,0.06498,0.04455,0.020021
KCRDK,21,20,2,0.059858,0.020178,0.019709
BA,21,20,15,0.515317,0.443521,0.069909
KCRDK,21,20,1,0.037715,0.014688,0.013782
BA,21,20,4,0.046453,0.030103,0.015935
KCRDK,21,20,2,0.060387,0.022817,0.021275
BA,21,20,3,0.025854,0.014913,0.0108
KCRDK,21,20,2,0.076124,0.024796,0.021065
BA,21,20,3,0.022489,0.012289,0.010067
KCRDK,21,20,1,0.040552,0.018467,0.011139
BA,21,20,3,0.020141,0.011788,0.008264
KCRDK,21,20,2,0.069456,0.02041,0.021108
BA,21,20,4,0.047652,0.0297,0.017455
KCRDK,21,20,3,0.100944,0.032488,0.031677
BA,21,20,2,0.02409,0.008297,0.015601
KCRDK,21,20,1,0.043209,0.017771,0.012657
BA,21,20,4,0.04772,0.03011,0.017288
KCRDK,21,20,4,0.11918,0.044889,0.031226
BA,21,20,4,0.052936,0.033209,0.019359
KCRDK,21,20,2,0.072687,0.023477,0.019395
BA,21,20,12,0.31447,0.264391,0.048796
KCRDK,21,20,1,0.041657,0.017376,0.012509
BA,21,20,13,0.322371,0.274816,0.046352
KCRDK,21,20,1,0.030427,0.011944,0.011523
BA,21,20,3,0.029574,0.018973,0.01038
KCRDK,21,20,1,0.029938,0.013742,0.008725
BA,21,20,18,0.743139,0.660277,0.08028
KCRDK,21,20,1,0.041319,0.014035,0.011984
BA,21,20,4,0.04818,0.028178,0.019688
KCRDK,21,20,1,0.040542,0.016134,0.00998
BA,21,20,19,1.02149,0.926474,0.092644
KCRDK,21,20,1,0.029502,0.011674,0.010231
BA,21,20,4,0.047309,0.030728,0.01632
KCRDK,21,20,2,0.063016,0.025267,0.014437
BA,21,20,2,0.013849,0.007016,0.00673
KCRDK,21,20,1,0.029711,0.012584,0.009257
BA,21,20,10,0.1971,0.152264,0.04316
KCRDK,21,20,7,0.194263,0.070603,0.046748
BA,21,20,15,0.515904,0.44778,0.066497
KCRDK,21,20,1,0.033198,0.012983,0.011675
BA,21,20,18,0.702729,0.626885,0.073755
KCRDK,21,20,1,0.039904,0.016801,0.011641
BA,21,20,10,0.215894,0.174308,0.040421
KCRDK,21,20,1,0.047013,0.020152,0.016291
BA,21,20,15,0.477365,0.419625,0.056388
KCRDK,21,20,1,0.035208,0.013639,0.009296
BA,21,20,19,0.891606,0.814558,0.075188
KCRDK,21,20,1,0.039577,0.016902,0.009964
BA,21,20,4,0.041399,0.026787,0.014312
KCRDK,21,20,2,0.065324,0.026686,0.019385
BA,21,20,3,0.03457,0.019983,0.014334
KCRDK,21,20,1,0.028555,0.009655,0.011955
BA,21,20,16,0.578421,0.504172,0.072281
KCRDK,21,20,1,0.025455,0.010944,0.008205
BA,21,20,5,0.072666,0.049111,0.02305
KCRDK,21,20,1,0.039272,0.015716,0.010048
BA,21,20,2,0.009519,0.005612,0.003856
KCRDK,21,20,1,0.037872,0.015707,0.009809
BA,21,20,2,0.020491,0.010142,0.010227
KCRDK,21,20,1,0.03718,0.015791,0.010988
BA,21,40,17,0.690012,0.607871,0.080131
KCRDK,21,40,1,0.040851,0.01694,0.011634
BA,21,40,13,0.392311,0.337071,0.05385
KCRDK,21,40,1,0.035737,0.015,0.0114
BA,21,40,3,0.02853,0.017096,0.011211
KCRDK,21,40,2,0.061293,0.024679,0.017252
BA,21,40,12,0.292441,0.245709,0.045522
KCRDK,21,40,1,0.039414,0.013574,0.010578
BA,21,40,15,0.515628,0.448763,0.065254
KCRDK,21,40,1,0.037193,0.016713,0.010945
BA,21,40,2,0.019258,0.009673,0.009435
KCRDK,21,40,1,0.03627,0.016023,0.009084
BA,21,40,7,0.100708,0.075117,0.024987
KCRDK,21,40,5,0.158964,0.056337,0.039527
BA,21,40,5,0.066187,0.042625,0.023133
KCRDK,21,40,2,0.067094,0.026022,0.018321
BA,21,40,8,0.144814,0.109382,0.034628
KCRDK,21,40,1,0.041113,0.01747,0.012742
BA,21,40,3,0.034454,0.019938,0.014258
KCRDK,21,40,1,0.027873,0.011138,0.008493
BA,21,40,3,0.032063,0.018048,0.013786
KCRDK,21,40,1,0.040122,0.014977,0.013477
BA,21,40,2,0.019391,0.006761,0.012494
KCRDK,21,40,1,0.032767,0.01229,0.00965
BA,21,40,4,0.049491,0.029483,0.019696
KCRDK,21,40,2,0.062779,0.025589,0.014912
BA,21,40,2,0.017692,0.010396,0.007185
KCRDK,21,40,1,0.035808,0.014548,0.010413
BA,21,40,14,0.463033,0.390334,0.071113
KCRDK,21,40,1,0.038174,0.013635,0.010784
BA,21,40,14,0.40095,0.338367,0.061159
KCRDK,21,40,1,0.042575,0.015502,0.013895
BA,21,40,7,0.109028,0.079085,0.029318
KCRDK,21,40,1,0.039598,0.01496,0.011651
BA,21,40,13,0.371434,0.315902,0.054238
KCRDK,21,40,1,0.046102,0.020275,0.015066
BA,21,40,8,0.148191,0.108481,0.038834
KCRDK,21,40,2,0.030598,0.009425,0.008652
BA,21,40,18,0.789528,0.709866,0.077607
KCRDK,21,40,1,0.027478,0.010989,0.010849
BA,21,40,4,0.045962,0.02956,0.016043
KCRDK,21,40,4,0.125214,0.044395,0.03129
BA,21,40,3,0.025379,0.015305,0.009861
KCRDK,21,40,2,0.056794,0.024918,0.016349
BA,21,40,15,0.466172,0.394357,0.070098
KCRDK,21,40,1,0.045145,0.016938,0.014327
BA,21,40,15,0.494161,0.428396,0.064257
KCRDK,21,40,1,0.042153,0.019884,0.009827
BA,21,40,22,21.9531,21.8503,0.100384
KCRDK,21,40,1,0.016078,0.005969,0.005423
BA,21,40,13,0.254954,0.229831,0.024786
KCRDK,21,40,1,0.015443,0.006081,0.005763
BA,21,40,13,0.261172,0.236913,0.02393
KCRDK,21,40,1,0.015647,0.005993,0.0061
BA,21,40,9,0.11145,0.094836,0.016384
KCRDK,21,40,1,0.015161,0.005906,0.005643
BA,21,40,3,0.015728,0.010228,0.005445
KCRDK,21,40,2,0.024031,0.00942,0.007493
BA,21,40,14,0.304463,0.277637,0.026445
KCRDK,21,40,1,0.015238,0.00576,0.00583
BA,21,40,5,0.037036,0.027797,0.009133
KCRDK,21,40,2,0.0294,0.011225,0.009586
BA,21,40,3,0.022395,0.014943,0.007376
KCRDK,21,40,1,0.014208,0.005504,0.004956
BA,21,40,13,0.252675,0.227034,0.025324
KCRDK,21,40,1,0.015187,0.005787,0.005799
BA,21,40,4,0.024087,0.016783,0.007216
KCRDK,21,40,2,0.027743,0.009408,0.007925
BA,21,40,6,0.057303,0.046146,0.011025
KCRDK,21,40,1,0.015908,0.005742,0.004997
BA,21,40,4,0.0254,0.018057,0.007261
KCRDK,21,40,2,0.025382,0.009406,0.007618
BA,21,40,14,0.272863,0.246832,0.025661
KCRDK,21,40,1,0.016562,0.006019,0.005756
BA,21,40,2,0.008355,0.004706,0.003618
KCRDK,21,40,1,0.014648,0.005749,0.005113
BA,21,40,5,0.038401,0.029095,0.009201
KCRDK,21,40,1,0.017563,0.005887,0.005091
BA,21,40,2,0.00876,0.004993,0.003737
KCRDK,21,40,1,0.017289,0.005601,0.004834
BA,21,40,17,0.494943,0.462872,0.0316
KCRDK,21,40,16,0.160029,0.063986,0.04349
BA,21,40,5,0.03709,0.027364,0.009603
KCRDK,21,40,4,0.057034,0.023172,0.01651
BA,21,40,2,0.012654,0.007,0.00561
KCRDK,21,40,1,0.018901,0.007226,0.006716
BA,21,40,13,0.343689,0.310107,0.033124
KCRDK,21,40,1,0.020738,0.00802,0.007824
BA,21,40,14,0.393403,0.358083,0.034832
KCRDK,21,40,1,0.020296,0.007861,0.007525
BA,21,40,10,0.197086,0.171927,0.024843
KCRDK,21,40,1,0.020703,0.008099,0.007723
BA,21,40,2,0.011643,0.00659,0.005012
KCRDK,21,40,1,0.021233,0.007778,0.006602
BA,21,40,10,0.17113,0.146609,0.024223
KCRDK,21,40,1,0.018331,0.006558,0.006374
BA,21,40,21,1.74122,1.69875,0.041744
KCRDK,21,40,1,0.016103,0.006008,0.005338
BA,21,40,5,0.035741,0.026523,0.009078
KCRDK,21,40,2,0.026018,0.009516,0.008581
BA,21,40,4,0.024469,0.016577,0.00781
KCRDK,21,40,2,0.023571,0.007734,0.007943
BA,21,40,4,0.024875,0.017356,0.007437
KCRDK,21,40,5,0.069556,0.026056,0.021282
BA,21,40,6,0.065276,0.050296,0.014802
KCRDK,21,40,1,0.021181,0.00822,0.007466
BA,21,40,16,0.559686,0.517472,0.040886
KCRDK,21,40,1,0.020879,0.007985,0.008403
BA,21,40,4,0.033821,0.023837,0.009875
KCRDK,21,40,2,0.032588,0.011759,0.01032
BA,21,40,3,0.020851,0.013492,0.007284
KCRDK,21,40,2,0.029524,0.011576,0.009374
BA,21,40,2,0.010108,0.005957,0.004117
KCRDK,21,40,1,0.032676,0.015913,0.010538
BA,21,40,13,0.451381,0.388944,0.060923
KCRDK,21,40,1,0.040981,0.016723,0.010098
BA,21,40,3,0.036537,0.021768,0.014469
KCRDK,21,40,1,0.029599,0.011988,0.010951
BA,21,40,8,0.167967,0.127086,0.039901
KCRDK,21,40,1,0.043933,0.016827,0.01409
BA,21,40,5,0.077829,0.053635,0.023755
KCRDK,21,40,2,0.070634,0.027816,0.024499
BA,21,40,10,0.225602,0.178165,0.046422
KCRDK,21,40,1,0.042517,0.017396,0.012712
BA,21,40,10,0.209788,0.166903,0.041936
KCRDK,21,40,1,0.036233,0.016755,0.011308
BA,21,40,13,0.357031,0.302009,0.053779
KCRDK,21,40,1,0.034329,0.013659,0.010416
BA,21,40,3,0.032028,0.01801,0.013778
KCRDK,21,40,1,0.024533,0.011329,0.007485
BA,21,40,4,0.042534,0.028056,0.014227
KCRDK,21,40,2,0.048933,0.018822,0.014633
BA,21,40,19,0.896777,0.809782,0.084871
KCRDK,21,40,1,0.031948,0.011545,0.010617
BA,21,40,17,0.658646,0.578147,0.078684
KCRDK,21,40,1,0.031015,0.010391,0.008798
BA,21,40,2,0.013958,0.007851,0.006034
KCRDK,21,40,1,0.037161,0.01611,0.010469
BA,21,40,2,0.015036,0.00695,0.007998
KCRDK,21,40,1,0.030545,0.012445,0.010399
BA,21,40,8,0.130633,0.101327,0.028601
KCRDK,21,40,1,0.035793,0.014747,0.010972
BA,21,40,21,4.65344,4.55707,0.094034
KCRDK,21,40,1,0.038515,0.016085,0.009704
BA,21,40,2,0.019591,0.00921,0.010245
KCRDK,21,40,1,0.039666,0.016327,0.014918
BA,21,40,17,0.713545,0.635036,0.076554
KCRDK,21,40,1,0.041425,0.015623,0.01156
BA,21,40,4,0.045967,0.029272,0.016409
KCRDK,21,40,2,0.065509,0.023495,0.02064
BA,21,40,3,0.034167,0.020549,0.013418
KCRDK,21,40,2,0.0601,0.023359,0.020084
BA,21,40,2,0.014999,0.006404,0.008512
KCRDK,21,40,1,0.035034,0.014739,0.012038
BA,21,40,4,0.047044,0.029591,0.017073
KCRDK,21,40,2,0.073671,0.03129,0.018911
BA,21,40,11,0.251353,0.204536,0.04563
KCRDK,21,40,1,0.031504,0.01281,0.012263
BA,21,40,4,0.047379,0.02964,0.017447
KCRDK,21,40,2,0.053161,0.021214,0.014769
BA,21,40,2,0.018423,0.010512,0.007785
KCRDK,21,40,1,0.030742,0.012538,0.010188
BA,21,40,2,0.018792,0.010232,0.008466
KCRDK,21,40,1,0.044341,0.013771,0.012783
BA,21,40,5,0.066827,0.045685,0.020715
KCRDK,21,40,2,0.052751,0.020347,0.01441
BA,21,40,9,0.179638,0.141714,0.037086
KCRDK,21,40,1,0.033924,0.014046,0.012299
BA,21,40,2,0.015135,0.007686,0.007345
KCRDK,21,40,1,0.038267,0.015228,0.013053
BA,21,40,15,0.497884,0.428573,0.06767
KCRDK,21,40,1,0.025784,0.010682,0.008663
BA,21,40,4,0.050604,0.033074,0.017216
KCRDK,21,40,2,0.068584,0.027886,0.017862
BA,21,40,3,0.032756,0.019321,0.013156
KCRDK,21,40,1,0.040822,0.014242,0.012966
BA,21,40,3,0.031254,0.01858,0.012513
KCRDK,21,40,1,0.033522,0.014767,0.011278
BA,21,40,5,0.070288,0.044635,0.025142
KCRDK,21,40,2,0.064548,0.02686,0.016288
BA,21,40,5,0.062222,0.03968,0.022134
KCRDK,21,40,4,0.123948,0.042431,0.031487
BA,21,40,5,0.065926,0.043945,0.021561
KCRDK,21,40,3,0.090804,0.030493,0.023033
BA,21,40,3,0.034581,0.017771,0.016548
KCRDK,21,40,2,0.069144,0.025605,0.018428
BA,21,40,3,0.030371,0.019289,0.010882
KCRDK,21,40,1,0.028418,0.011353,0.009343
BA,21,40,9,0.189422,0.147056,0.041363
KCRDK,21,40,2,0.074629,0.026467,0.01795
BA,21,40,2,0.019658,0.009917,0.009636
KCRDK,21,40,1,0.015464,0.005533,0.005203
BA,21,40,8,0.099755,0.079906,0.019585
KCRDK,21,40,1,0.035327,0.014275,0.010682
BA,21,40,6,0.083912,0.059812,0.02339
KCRDK,21,40,1,0.043076,0.015426,0.011493
BA,21,40,3,0.034741,0.019823,0.014671
KCRDK,21,40,1,0.039759,0.01675,0.00953
BA,21,40,8,0.130957,0.100035,0.030329
KCRDK,21,40,1,0.044372,0.016689,0.013828
BA,21,60,4,0.039732,0.026305,0.013135
KCRDK,21,60,3,0.079871,0.025973,0.02065
BA,21,60,5,0.061194,0.037526,0.023213
KCRDK,21,60,4,0.103397,0.03256,0.02968
BA,21,60,19,0.864404,0.785769,0.076678
KCRDK,21,60,1,0.040947,0.011374,0.01341
BA,21,60,8,0.144528,0.10414,0.039655
KCRDK,21,60,2,0.072283,0.028279,0.02018
BA,21,60,3,0.021353,0.012161,0.009085
KCRDK,21,60,1,0.025069,0.010663,0.007798
BA,21,60,12,0.350239,0.285605,0.063083
KCRDK,21,60,1,0.038706,0.014958,0.010644
BA,21,60,5,0.072188,0.048832,0.022959
KCRDK,21,60,2,0.056938,0.022251,0.011567
BA,21,60,3,0.036439,0.017529,0.018605
KCRDK,21,60,2,0.059865,0.01834,0.01968
BA,21,60,2,0.014867,0.007337,0.007436
KCRDK,21,60,1,0.049286,0.01618,0.013222
BA,21,60,3,0.037183,0.022043,0.014887
KCRDK,21,60,1,0.033864,0.01446,0.010662
BA,21,60,18,0.874821,0.777464,0.09504
KCRDK,21,60,1,0.037921,0.013538,0.012053
BA,21,60,2,0.022476,0.011667,0.010635
KCRDK,21,60,1,0.045116,0.017733,0.013162
BA,21,60,15,0.5476,0.484384,0.061623
KCRDK,21,60,1,0.044045,0.0149,0.013144
BA,21,60,12,0.35607,0.299312,0.0554
KCRDK,21,60,1,0.040392,0.016608,0.012434
BA,21,60,5,0.072922,0.044609,0.027799
KCRDK,21,60,2,0.075904,0.028276,0.019811
BA,21,60,8,0.160082,0.119418,0.039767
KCRDK,21,60,1,0.026174,0.01151,0.00946
BA,21,60,4,0.045065,0.028448,0.016324
KCRDK,21,60,2,0.069751,0.027079,0.019382
BA,21,60,3,0.032192,0.018818,0.013185
KCRDK,21,60,1,0.032183,0.012653,0.010189
BA,21,60,4,0.042231,0.02757,0.014398
KCRDK,21,60,2,0.066322,0.021625,0.018207
BA,21,60,3,0.028277,0.016154,0.011919
KCRDK,21,60,2,0.066503,0.02447,0.017821
BA,21,60,4,0.044836,0.026581,0.017903
KCRDK,21,60,2,0.050116,0.020324,0.013571
BA,21,60,9,0.164906,0.126145,0.037376
KCRDK,21,60,1,0.032093,0.014709,0.010136
BA,21,60,3,0.03159,0.019165,0.012251
KCRDK,21,60,1,0.037658,0.017509,0.010084
BA,21,60,4,0.047952,0.030823,0.016816
KCRDK,21,60,2,0.065693,0.023071,0.018542
BA,21,60,14,0.424877,0.360896,0.062456
KCRDK,21,60,1,0.034757,0.011886,0.011686
BA,21,60,9,0.178391,0.13373,0.043657
KCRDK,21,60,1,0.037599,0.016716,0.011037
BA,21,60,9,0.194093,0.148575,0.044409
KCRDK,21,60,1,0.050645,0.018262,0.014838
BA,21,60,2,0.008885,0.00521,0.003643
KCRDK,21,60,1,0.033435,0.01251,0.009598
BA,21,60,3,0.028325,0.016477,0.011617
KCRDK,21,60,2,0.075067,0.028382,0.019881
BA,21,60,2,0.013709,0.007065,0.006557
KCRDK,21,60,1,0.047761,0.014975,0.0131
BA,21,60,14,0.409152,0.345886,0.061231
KCRDK,21,60,1,0.04311,0.01678,0.014666
BA,21,60,13,0.366926,0.312432,0.053218
KCRDK,21,60,1,0.039041,0.017609,0.010486
BA,21,60,12,0.320133,0.264049,0.054703
KCRDK,21,60,1,0.028972,0.013224,0.010939
BA,21,60,3,0.030543,0.012705,0.017657
KCRDK,21,60,1,0.03408,0.013911,0.009997
BA,21,60,2,0.01222,0.006357,0.005746
KCRDK,21,60,1,0.039081,0.012741,0.009741
BA,21,60,15,0.544564,0.472104,0.070809
KCRDK,21,60,1,0.039108,0.016264,0.012473
BA,21,60,3,0.035679,0.020236,0.01514
KCRDK,21,60,2,0.070458,0.026223,0.020206
BA,21,60,3,0.032063,0.018319,0.013498
KCRDK,21,60,1,0.036842,0.013718,0.011803
BA,21,60,2,0.018162,0.008025,0.010006
KCRDK,21,60,1,0.024669,0.011216,0.007501
BA,21,60,4,0.045688,0.028044,0.017352
KCRDK,21,60,2,0.050145,0.018629,0.015447
BA,21,60,2,0.018132,0.009522,0.008506
KCRDK,21,60,1,0.037945,0.016422,0.010677
BA,21,60,2,0.018998,0.011583,0.007246
KCRDK,21,60,1,0.036414,0.014541,0.011291
BA,21,60,4,0.045564,0.030046,0.015264
KCRDK,21,60,2,0.061726,0.020146,0.016792
BA,21,60,3,0.031413,0.018369,0.012838
KCRDK,21,60,1,0.033414,0.012147,0.009681
BA,21,60,5,0.067288,0.047401,0.019443
KCRDK,21,60,2,0.06409,0.024977,0.016715
BA,21,60,3,0.028932,0.017953,0.010807
KCRDK,21,60,1,0.03851,0.016017,0.011151
BA,21,60,20,1.25948,1.18088,0.076469
KCRDK,21,60,1,0.026855,0.010203,0.010168
BA,21,60,4,0.045723,0.032365,0.013216
KCRDK,21,60,2,0.039636,0.015147,0.01275
BA,21,60,11,0.327927,0.291764,0.035689
KCRDK,21,60,1,0.0273,0.010748,0.010091
BA,21,60,6,0.093578,0.073439,0.019883
KCRDK,21,60,1,0.024102,0.009939,0.008393
BA,21,60,10,0.25498,0.205829,0.032866
KCRDK,21,60,1,0.026601,0.010484,0.009822
BA,21,60,2,0.014965,0.008752,0.006162
KCRDK,21,60,1,0.019537,0.007579,0.006846
BA,21,60,11,0.223009,0.194639,0.027992
KCRDK,21,60,1,0.020451,0.007944,0.007646
BA,21,60,12,0.269449,0.238508,0.030534
KCRDK,21,60,1,0.020955,0.008183,0.007806
BA,21,60,12,0.303543,0.273403,0.02973
KCRDK,21,60,1,0.021458,0.008381,0.007991
BA,21,60,13,0.330925,0.298242,0.032236
KCRDK,21,60,1,0.020679,0.008059,0.008093
BA,21,60,15,0.439227,0.402879,0.035843
KCRDK,21,60,13,0.174776,0.068648,0.050551
BA,21,60,11,0.256676,0.229085,0.027218
KCRDK,21,60,1,0.02016,0.008047,0.006848
BA,21,60,7,0.098595,0.080364,0.018002
KCRDK,21,60,1,0.018936,0.007625,0.006472
BA,21,60,8,0.121323,0.101344,0.019725
KCRDK,21,60,1,0.020135,0.007991,0.007389
BA,21,60,9,0.1567,0.132042,0.024358
KCRDK,21,60,1,0.019977,0.00785,0.007418
BA,21,60,13,0.362119,0.329594,0.032037
KCRDK,21,60,1,0.020571,0.008265,0.007612
BA,21,60,4,0.035359,0.024755,0.010493
KCRDK,21,60,1,0.019816,0.007758,0.007161
BA,21,60,4,0.034415,0.023647,0.010661
KCRDK,21,60,4,0.056219,0.021804,0.017223
BA,21,60,15,0.467978,0.430516,0.036932
KCRDK,21,60,1,0.02027,0.007883,0.00766
BA,21,60,6,0.069592,0.054003,0.015399
KCRDK,21,60,2,0.032622,0.012541,0.010845
BA,21,60,3,0.021814,0.013651,0.008087
KCRDK,21,60,1,0.020297,0.007701,0.007466
BA,21,60,13,0.371393,0.337845,0.033089
KCRDK,21,60,1,0.020479,0.007866,0.007783
BA,21,60,2,0.011389,0.006396,0.004931
KCRDK,21,60,1,0.019119,0.007743,0.006374
BA,21,60,13,0.332906,0.300096,0.032343
KCRDK,21,60,1,0.019247,0.00759,0.007202
BA,21,60,12,0.245587,0.218017,0.026618
KCRDK,21,60,1,0.01546,0.006137,0.005786
BA,21,60,3,0.015271,0.009791,0.005426
KCRDK,21,60,1,0.01683,0.00585,0.005811
BA,21,60,2,0.008786,0.005116,0.003639
KCRDK,21,60,1,0.018368,0.007492,0.006104
BA,21,60,3,0.021078,0.012835,0.008149
KCRDK,21,60,2,0.023321,0.008851,0.00768
BA,21,60,3,0.016052,0.010542,0.005453
KCRDK,21,60,1,0.018271,0.007072,0.006344
BA,21,60,19,0.928226,0.878864,0.048625
KCRDK,21,60,1,0.021731,0.008433,0.00847
BA,21,60,2,0.011377,0.00637,0.004958
KCRDK,21,60,1,0.019635,0.00741,0.007128
BA,21,60,4,0.033069,0.022977,0.009983
KCRDK,21,60,2,0.032709,0.012734,0.010479
BA,21,60,12,0.293198,0.262867,0.029914
KCRDK,21,60,1,0.020436,0.007939,0.007598
BA,21,60,2,0.011895,0.006879,0.004974
KCRDK,21,60,1,0.019719,0.008026,0.006528
BA,21,60,3,0.022266,0.014756,0.007435
KCRDK,21,60,1,0.019274,0.0076,0.006602
BA,21,60,15,0.479202,0.439046,0.038894
KCRDK,21,60,1,0.020854,0.008285,0.007685
BA,21,60,4,0.036102,0.026089,0.009903
KCRDK,21,60,1,0.01958,0.007656,0.006977
BA,21,60,11,0.225247,0.196846,0.028035
KCRDK,21,60,1,0.020199,0.007844,0.007536
BA,21,60,8,0.120875,0.100851,0.019776
KCRDK,21,60,1,0.020949,0.007905,0.008194
BA,21,60,10,0.173809,0.148701,0.024783
KCRDK,21,60,1,0.017193,0.00674,0.006352
BA,21,60,2,0.009224,0.005192,0.003999
KCRDK,21,60,1,0.018185,0.006827,0.006445
BA,21,60,3,0.02225,0.014089,0.008066
KCRDK,21,60,1,0.016165,0.006313,0.005677
BA,21,60,15,0.333907,0.3038,0.029686
KCRDK,21,60,1,0.015221,0.005836,0.00579
BA,21,60,5,0.037852,0.028647,0.0091
KCRDK,21,60,4,0.055307,0.021775,0.016031
BA,21,60,2,0.011495,0.006541,0.004912
KCRDK,21,60,1,0.019811,0.007709,0.006977
BA,21,60,2,0.011589,0.006587,0.004958
KCRDK,21,60,1,0.01938,0.007662,0.006662
BA,21,60,3,0.020933,0.013448,0.007411
KCRDK,21,60,2,0.032724,0.012564,0.010581
BA,21,60,9,0.144975,0.121581,0.023106
KCRDK,21,60,1,0.020546,0.008154,0.007559
BA,21,60,8,0.118195,0.09813,0.019798
KCRDK,21,60,1,0.020263,0.007768,0.008027
BA,21,60,11,0.235294,0.20754,0.027373
KCRDK,21,60,1,0.022301,0.008108,0.007716
BA,21,60,5,0.049689,0.037142,0.012406
KCRDK,21,60,6,0.087117,0.033482,0.024595
BA,21,60,3,0.020929,0.013923,0.006936
KCRDK,21,60,1,0.016192,0.0063,0.005701
BA,21,60,11,0.183296,0.161958,0.021048
KCRDK,21,60,1,0.015486,0.006071,0.00579
BA,21,60,2,0.008817,0.005143,0.003643
KCRDK,21,60,1,0.015709,0.00565,0.004944
BA,21,80,2,0.008846,0.005193,0.003622
KCRDK,21,80,1,0.019469,0.007564,0.007105
BA,21,80,12,0.270562,0.240283,0.029868
KCRDK,21,80,1,0.022434,0.007899,0.007709
BA,21,80,2,0.01163,0.006642,0.004932
KCRDK,21,80,1,0.018825,0.007414,0.006656
BA,21,80,2,0.011817,0.006866,0.004909
KCRDK,21,80,1,0.018714,0.00743,0.006535
BA,21,80,12,0.274853,0.243573,0.03087
KCRDK,21,80,1,0.021841,0.007874,0.007698
BA,21,80,3,0.021455,0.014005,0.007376
KCRDK,21,80,1,0.021425,0.007506,0.006952
BA,21,80,12,0.288645,0.258279,0.029961
KCRDK,21,80,1,0.020813,0.008243,0.007686
BA,21,80,12,0.291252,0.260986,0.029854
KCRDK,21,80,1,0.020333,0.007956,0.007568
BA,21,80,3,0.021087,0.013578,0.007413
KCRDK,21,80,2,0.032232,0.012228,0.01012
BA,21,80,7,0.094973,0.077358,0.0174
KCRDK,21,80,1,0.021478,0.007656,0.007006
BA,21,80,11,0.227363,0.199745,0.027257
KCRDK,21,80,1,0.020955,0.008046,0.008014
BA,21,80,4,0.033395,0.023368,0.009899
KCRDK,21,80,2,0.032628,0.012651,0.010418
BA,21,80,5,0.052077,0.039558,0.012377
KCRDK,21,80,2,0.032624,0.011918,0.011406
BA,21,80,18,0.73405,0.687405,0.045927
KCRDK,21,80,1,0.021712,0.007887,0.007439
BA,21,80,13,0.381057,0.348247,0.032364
KCRDK,21,80,1,0.021039,0.008206,0.007952
BA,21,80,8,0.119926,0.09914,0.020542
KCRDK,21,80,2,0.028384,0.011071,0.008968
BA,21,80,13,0.260944,0.235076,0.025504
KCRDK,21,80,1,0.015304,0.005767,0.005845
BA,21,80,4,0.024555,0.017248,0.007221
KCRDK,21,80,2,0.023704,0.009223,0.007488
BA,21,80,4,0.026118,0.01872,0.007312
KCRDK,21,80,1,0.015297,0.006085,0.005287
BA,21,80,2,0.008478,0.004759,0.003688
KCRDK,21,80,1,0.01523,0.00581,0.005605
BA,21,80,15,0.351556,0.323159,0.027977
KCRDK,21,80,1,0.01555,0.006033,0.005925
BA,21,80,3,0.016185,0.010681,0.005449
KCRDK,21,80,2,0.03081,0.011716,0.0099
BA,21,80,3,0.020885,0.013335,0.007466
KCRDK,21,80,1,0.019424,0.007325,0.007121
BA,21,80,5,0.04848,0.035184,0.013151
KCRDK,21,80,2,0.034669,0.013239,0.010779
BA,21,80,3,0.021752,0.014204,0.007463
KCRDK,21,80,2,0.03225,0.012156,0.010426
BA,21,80,2,0.01212,0.007135,0.004943
KCRDK,21,80,1,0.020196,0.008362,0.006662
BA,21,80,6,0.067813,0.052648,0.014985
KCRDK,21,80,1,0.020919,0.008266,0.007536
BA,21,80,4,0.036885,0.026871,0.009907
KCRDK,21,80,2,0.032823,0.012602,0.010443
BA,21,80,2,0.011256,0.006223,0.004991
KCRDK,21,80,1,0.020444,0.008244,0.006877
BA,21,80,3,0.020835,0.012574,0.008185
KCRDK,21,80,2,0.032385,0.011827,0.010812
BA,21,80,3,0.02202,0.013626,0.00832
KCRDK,21,80,2,0.031982,0.012346,0.010187
BA,21,80,3,0.021259,0.013741,0.007442
KCRDK,21,80,1,0.02285,0.007679,0.006569
BA,21,80,2,0.01225,0.007235,0.004973
KCRDK,21,80,1,0.019509,0.007569,0.006749
BA,21,80,11,0.243741,0.215197,0.028184
KCRDK,21,80,1,0.020386,0.007819,0.007697
BA,21,80,14,0.38705,0.350137,0.036416
KCRDK,21,80,1,0.020806,0.00815,0.007796
BA,21,80,14,0.364883,0.331741,0.031995
KCRDK,21,80,1,0.015237,0.005823,0.005838
BA,21,80,17,0.462139,0.428292,0.033397
KCRDK,21,80,1,0.015757,0.005922,0.006085
BA,21,80,2,0.008845,0.005158,0.003657
KCRDK,21,80,1,0.018899,0.007242,0.006607
BA,21,80,3,0.020568,0.013063,0.007431
KCRDK,21,80,2,0.023114,0.008612,0.007537
BA,21,80,16,0.400347,0.369236,0.030107
KCRDK,21,80,1,0.015297,0.005963,0.005787
BA,21,80,2,0.00854,0.004843,0.003661
KCRDK,21,80,1,0.014486,0.005688,0.005093
BA,21,80,4,0.024493,0.016596,0.007796
KCRDK,21,80,3,0.033823,0.012849,0.010859
BA,21,80,6,0.054515,0.043458,0.010924
KCRDK,21,80,1,0.016092,0.005804,0.00507
BA,21,80,3,0.016106,0.010603,0.005447
KCRDK,21,80,1,0.014525,0.005565,0.00519
BA,21,80,2,0.008728,0.005056,0.003639
KCRDK,21,80,1,0.015038,0.005766,0.005429
BA,21,80,26,44.4949,44.435,0.058629
KCRDK,21,80,2,0.025462,0.01067,0.008002
BA,21,80,2,0.00828,0.004637,0.003611
KCRDK,21,80,1,0.01624,0.00564,0.00536
BA,21,80,13,0.239675,0.215475,0.023874
KCRDK,21,80,1,0.015116,0.005892,0.005633
BA,21,80,3,0.01599,0.010366,0.005568
KCRDK,21,80,1,0.014868,0.005638,0.005196
BA,21,80,19,0.942862,0.900783,0.040883
KCRDK,21,80,1,0.044904,0.016026,0.014664
BA,21,80,3,0.027702,0.015762,0.011738
KCRDK,21,80,1,0.050875,0.018645,0.018262
BA,21,80,12,0.37098,0.305607,0.064005
KCRDK,21,80,1,0.04488,0.018697,0.014372
BA,21,80,4,0.054088,0.034142,0.019626
KCRDK,21,80,2,0.071796,0.024323,0.021508
BA,21,80,3,0.033323,0.019331,0.013752
KCRDK,21,80,2,0.071571,0.023639,0.018371
BA,21,80,5,0.076559,0.054119,0.022035
KCRDK,21,80,3,0.088662,0.032688,0.023194
BA,21,80,2,0.017266,0.009959,0.007205
KCRDK,21,80,1,0.037694,0.015555,0.011756
BA,21,80,17,0.630333,0.546221,0.082176
KCRDK,21,80,1,0.037892,0.013978,0.012022
BA,21,80,2,0.017202,0.008338,0.008755
KCRDK,21,80,1,0.038764,0.017151,0.011241
BA,21,80,10,0.214934,0.167262,0.04651
KCRDK,21,80,1,0.038106,0.015291,0.012029
BA,21,80,3,0.026399,0.015819,0.010402
KCRDK,21,80,1,0.029599,0.011507,0.010355
BA,21,80,2,0.014982,0.00849,0.006402
KCRDK,21,80,1,0.038251,0.016293,0.010845
BA,21,80,4,0.041554,0.027003,0.014282
KCRDK,21,80,2,0.053692,0.018073,0.014748
BA,21,80,5,0.057452,0.036773,0.020312
KCRDK,21,80,3,0.086567,0.032513,0.022269
BA,21,80,10,0.211161,0.166585,0.043591
KCRDK,21,80,1,0.033238,0.012074,0.009061
BA,21,80,2,0.021204,0.010311,0.010744
KCRDK,21,80,1,0.032634,0.01429,0.009126
BA,21,80,4,0.042366,0.028169,0.013951
KCRDK,21,80,2,0.064089,0.024022,0.016505
BA,21,80,11,0.228992,0.179918,0.047903
KCRDK,21,80,1,0.025877,0.010622,0.009421
BA,21,80,3,0.028604,0.016529,0.011917
KCRDK,21,80,1,0.024644,0.011335,0.007316
BA,21,80,10,0.200721,0.160238,0.03962
KCRDK,21,80,1,0.048629,0.018392,0.01381
BA,21,80,13,0.294505,0.254411,0.039206
KCRDK,21,80,1,0.040548,0.017093,0.011979
BA,21,80,4,0.041388,0.026562,0.014572
KCRDK,21,80,2,0.04622,0.014269,0.011382
BA,21,80,12,0.35275,0.297812,0.053529
KCRDK,21,80,1,0.038287,0.013365,0.010031
BA,21,80,2,0.013981,0.006394,0.00751
KCRDK,21,80,1,0.037289,0.012486,0.011648
BA,21,80,3,0.019577,0.01108,0.008393
KCRDK,21,80,2,0.056241,0.020999,0.019916
BA,21,80,9,0.171096,0.124092,0.043029
KCRDK,21,80,1,0.028957,0.011781,0.012104
BA,21,80,8,0.138644,0.10446,0.033398
KCRDK,21,80,1,0.038751,0.014784,0.009007
BA,21,80,3,0.03511,0.017358,0.017472
KCRDK,21,80,1,0.03841,0.015927,0.008896
BA,21,80,2,0.019407,0.009149,0.010103
KCRDK,21,80,1,0.034608,0.012082,0.009812
BA,21,80,3,0.036904,0.024207,0.012438
KCRDK,21,80,1,0.041431,0.01366,0.012443
BA,21,80,5,0.065318,0.042769,0.022124
KCRDK,21,80,1,0.044968,0.013487,0.010598
BA,21,80,2,0.020792,0.010014,0.010614
KCRDK,21,80,1,0.042856,0.014901,0.009284
BA,21,80,15,0.539184,0.466972,0.070008
KCRDK,21,80,1,0.033557,0.014681,0.013964
BA,21,80,2,0.009886,0.005648,0.00418
KCRDK,21,80,1,0.033801,0.01505,0.009406
BA,21,80,13,0.350369,0.288852,0.060157
KCRDK,21,80,1,0.036779,0.013417,0.011451
BA,21,80,10,0.207759,0.160701,0.044229
KCRDK,21,80,1,0.039502,0.014557,0.011311
BA,21,80,15,0.482961,0.413203,0.065617
KCRDK,21,80,1,0.035555,0.013607,0.010876
BA,21,80,18,0.761354,0.680659,0.078708
KCRDK,21,80,1,0.040338,0.014217,0.014055
BA,21,80,15,0.50815,0.438832,0.067567
KCRDK,21,80,1,0.037038,0.015192,0.010973
BA,21,80,9,0.180378,0.130834,0.038372
KCRDK,21,80,1,0.034899,0.014589,0.011826
BA,21,80,3,0.031436,0.017427,0.013791
KCRDK,21,80,2,0.053078,0.020055,0.016521
BA,21,80,5,0.067165,0.043901,0.022815
KCRDK,21,80,8,0.248199,0.08662,0.06063
BA,21,80,14,0.425833,0.364321,0.060083
KCRDK,21,80,1,0.026634,0.010433,0.009768
BA,21,80,3,0.027571,0.017729,0.009681
KCRDK,21,80,1,0.049091,0.016531,0.014097
BA,21,80,7,0.116746,0.084925,0.03114
KCRDK,21,80,1,0.037343,0.014066,0.010971
BA,21,80,3,0.02884,0.015271,0.013365
KCRDK,21,80,1,0.02582,0.011354,0.008546
BA,21,80,10,0.23167,0.182318,0.048324
KCRDK,21,80,1,0.01374,0.005588,0.004654
BA,21,80,2,0.008573,0.004949,0.003592
KCRDK,21,80,1,0.030757,0.012198,0.011987
BA,21,80,8,0.141017,0.10631,0.034056
KCRDK,21,80,1,0.043241,0.014319,0.013851
BA,21,80,2,0.016216,0.006646,0.009399
KCRDK,21,80,1,0.025988,0.00598,0.00903
BA,21,80,10,0.227967,0.175957,0.050885
KCRDK,21,80,1,0.034526,0.013635,0.012326
BA,21,100,10,0.23072,0.185332,0.044306
KCRDK,21,100,1,0.034857,0.013885,0.010318
BA,21,100,3,0.034232,0.01932,0.014611
KCRDK,21,100,1,0.035818,0.014036,0.009905
BA,21,100,3,0.02533,0.01403,0.011116
KCRDK,21,100,1,0.022391,0.01011,0.006604
BA,21,100,2,0.010906,0.006318,0.004516
KCRDK,21,100,1,0.025661,0.011974,0.008213
BA,21,100,12,0.299868,0.258373,0.040314
KCRDK,21,100,1,0.041786,0.014787,0.012958
BA,21,100,2,0.017042,0.009961,0.00695
KCRDK,21,100,1,0.045195,0.015116,0.011429
BA,21,100,3,0.035206,0.017688,0.017302
KCRDK,21,100,1,0.029126,0.010513,0.011722
BA,21,100,4,0.048821,0.03107,0.017414
KCRDK,21,100,4,0.136754,0.048424,0.036106
BA,21,100,8,0.146835,0.111938,0.034047
KCRDK,21,100,1,0.040216,0.013273,0.012352
BA,21,100,3,0.021986,0.011125,0.010709
KCRDK,21,100,2,0.072263,0.024059,0.021105
BA,21,100,4,0.04693,0.02731,0.01926
KCRDK,21,100,3,0.094216,0.02894,0.024214
BA,21,100,17,0.672185,0.583385,0.086567
KCRDK,21,100,1,0.042521,0.013635,0.011078
BA,21,100,2,0.018671,0.010103,0.008463
KCRDK,21,100,1,0.025848,0.010812,0.008731
BA,21,100,2,0.020488,0.009916,0.010401
KCRDK,21,100,1,0.03671,0.015571,0.010783
BA,21,100,5,0.069068,0.045429,0.023209
KCRDK,21,100,2,0.061044,0.02377,0.018313
BA,21,100,3,0.034685,0.018939,0.01542
KCRDK,21,100,2,0.061463,0.022284,0.015702
BA,21,100,4,0.047749,0.028001,0.019441
KCRDK,21,100,2,0.050985,0.019086,0.01404
BA,21,100,2,0.019486,0.010669,0.008705
KCRDK,21,100,1,0.028654,0.011307,0.009692
BA,21,100,13,0.358869,0.297424,0.05989
KCRDK,21,100,1,0.032341,0.012628,0.011261
BA,21,100,21,1.15243,1.05031,0.099666
KCRDK,21,100,1,0.041142,0.017637,0.013009
BA,21,100,8,0.159606,0.122141,0.036491
KCRDK,21,100,1,0.033541,0.014461,0.009501
BA,21,100,3,0.038703,0.020386,0.018022
KCRDK,21,100,1,0.037413,0.012745,0.013226
BA,21,100,2,0.018227,0.010385,0.007742
KCRDK,21,100,1,0.037149,0.014696,0.01186
BA,21,100,11,0.290831,0.236003,0.053507
KCRDK,21,100,1,0.038063,0.015735,0.012037
BA,21,100,17,0.683809,0.604039,0.077788
KCRDK,21,100,1,0.042986,0.015199,0.01282
BA,21,100,5,0.063625,0.04343,0.01984
KCRDK,21,100,4,0.093111,0.032466,0.025681
BA,21,100,4,0.045171,0.026635,0.018193
KCRDK,21,100,1,0.036257,0.015181,0.010661
BA,21,100,3,0.031073,0.018607,0.012255
KCRDK,21,100,1,0.032112,0.012497,0.010269
BA,21,100,10,0.209771,0.163609,0.045043
KCRDK,21,100,1,0.05308,0.017578,0.016117
BA,21,100,4,0.049939,0.030319,0.019265
KCRDK,21,100,2,0.066489,0.027676,0.018574
BA,21,100,14,0.428574,0.370659,0.056424
KCRDK,21,100,1,0.032669,0.014545,0.011328
BA,21,100,3,0.030036,0.015062,0.014721
KCRDK,21,100,1,0.036282,0.01413,0.011041
BA,21,100,3,0.035084,0.020612,0.014227
KCRDK,21,100,2,0.076675,0.029931,0.022032
BA,21,100,3,0.036985,0.019937,0.016742
KCRDK,21,100,2,0.062662,0.024223,0.015043
BA,21,100,14,0.446271,0.382893,0.061853
KCRDK,21,100,1,0.045321,0.014283,0.015537
BA,21,100,4,0.047564,0.028733,0.018421
KCRDK,21,100,2,0.05885,0.026035,0.014632
BA,21,100,3,0.025536,0.014292,0.011076
KCRDK,21,100,2,0.072839,0.028755,0.020625
BA,21,100,15,0.503151,0.436705,0.064763
KCRDK,21,100,1,0.039305,0.014419,0.012352
BA,21,100,12,0.296222,0.25347,0.041672
KCRDK,21,100,1,0.034854,0.01466,0.011393
BA,21,100,16,0.564118,0.491965,0.070343
KCRDK,21,100,1,0.037502,0.014215,0.013396
BA,21,100,3,0.032813,0.019642,0.012958
KCRDK,21,100,2,0.064922,0.023853,0.016623
BA,21,100,3,0.030556,0.016489,0.013839
KCRDK,21,100,1,0.034532,0.015109,0.010464
BA,21,100,8,0.146441,0.103204,0.042366
KCRDK,21,100,1,0.042659,0.015832,0.014167
BA,21,100,4,0.047866,0.031178,0.016386
KCRDK,21,100,3,0.100341,0.039329,0.025008
BA,21,100,2,0.01719,0.00868,0.008389
KCRDK,21,100,1,0.035812,0.014363,0.010154
BA,21,100,11,0.266162,0.213453,0.051238
KCRDK,21,100,1,0.033382,0.012202,0.012733
BA,21,100,9,0.166464,0.123771,0.04169
KCRDK,21,100,1,0.033861,0.013839,0.011695
BA,21,100,4,0.044173,0.029047,0.014829
KCRDK,21,100,2,0.054087,0.021655,0.013993
BA,21,100,11,0.262101,0.209568,0.051318
KCRDK,21,100,1,0.03455,0.013985,0.011737
BA,21,100,3,0.030432,0.018043,0.01216
KCRDK,21,100,1,0.034385,0.015,0.009193
BA,21,100,2,0.017625,0.010522,0.006949
KCRDK,21,100,1,0.035269,0.015449,0.01097
BA,21,100,7,0.119839,0.089589,0.0295
KCRDK,21,100,1,0.03454,0.017133,0.009383
BA,21,100,3,0.029076,0.017145,0.011702
KCRDK,21,100,2,0.05483,0.022374,0.01594
BA,21,100,3,0.030607,0.018988,0.011383
KCRDK,21,100,2,0.06633,0.024727,0.016729
BA,21,100,3,0.03365,0.020154,0.013269
KCRDK,21,100,1,0.040412,0.016019,0.012576
BA,21,100,2,0.019559,0.009495,0.009924
KCRDK,21,100,1,0.026615,0.010628,0.009454
BA,21,100,16,0.57957,0.52073,0.057358
KCRDK,21,100,1,0.041178,0.016209,0.013438
BA,21,100,2,0.016588,0.006964,0.009504
KCRDK,21,100,1,0.035633,0.01618,0.008256
BA,21,100,11,0.218923,0.17851,0.039448
KCRDK,21,100,1,0.039821,0.012712,0.012013
BA,21,100,5,0.062206,0.040852,0.020967
KCRDK,21,100,2,0.06341,0.022963,0.01685
BA,21,100,9,0.162879,0.124967,0.036947
KCRDK,21,100,1,0.040826,0.014439,0.010917
BA,21,100,14,0.472351,0.404682,0.066
KCRDK,21,100,1,0.039518,0.014854,0.014257
BA,21,100,12,0.308718,0.259388,0.047978
KCRDK,21,100,1,0.041658,0.015273,0.010288
BA,21,100,5,0.074768,0.051597,0.022591
KCRDK,21,100,1,0.034294,0.014765,0.008782
BA,21,100,2,0.01813,0.009465,0.008501
KCRDK,21,100,1,0.036401,0.014701,0.012604
BA,21,100,7,0.121359,0.090143,0.030474
KCRDK,21,100,1,0.036562,0.014428,0.0112
BA,21,100,5,0.062545,0.042673,0.019462
KCRDK,21,100,2,0.053669,0.022411,0.015146
BA,21,100,13,0.377644,0.322118,0.054073
KCRDK,21,100,1,0.040421,0.014939,0.013169
BA,21,100,13,0.386402,0.319015,0.065954
KCRDK,21,100,1,0.044336,0.016259,0.014777
BA,21,100,7,0.117382,0.087032,0.029636
KCRDK,21,100,1,0.03532,0.015192,0.010138
BA,21,100,4,0.048924,0.029921,0.018573
KCRDK,21,100,2,0.056116,0.021019,0.015224
BA,21,100,5,0.069856,0.043472,0.025873
KCRDK,21,100,5,0.162602,0.058977,0.042584
BA,21,100,14,0.427113,0.361504,0.063493
KCRDK,21,100,1,0.043058,0.015394,0.014309
BA,21,100,4,0.044974,0.027927,0.016683
KCRDK,21,100,2,0.067942,0.026812,0.017912
BA,21,100,16,0.564017,0.491375,0.07092
KCRDK,21,100,1,0.037742,0.015687,0.012839
BA,21,100,15,0.520224,0.454868,0.063563
KCRDK,21,100,1,0.037704,0.015884,0.012095
BA,21,100,10,0.208063,0.15926,0.04772
KCRDK,21,100,1,0.045115,0.016694,0.015821
BA,21,100,2,0.013553,0.007556,0.005891
KCRDK,21,100,1,0.028363,0.012594,0.008971
BA,21,100,3,0.031093,0.018286,0.012579
KCRDK,21,100,1,0.027143,0.010646,0.009327
BA,21,100,3,0.032777,0.018023,0.014514
KCRDK,21,100,1,0.034732,0.014785,0.010333
BA,21,100,2,0.019038,0.009181,0.009698
KCRDK,21,100,1,0.040004,0.014512,0.012802
BA,21,100,2,0.01994,0.010445,0.009311
KCRDK,21,100,1,0.03421,0.01454,0.009958
BA,21,100,3,0.027491,0.015976,0.01128
KCRDK,21,100,1,0.024445,0.010317,0.008288
BA,21,100,10,0.206039,0.167548,0.037506
KCRDK,21,100,1,0.032021,0.01259,0.010191
BA,21,100,14,0.400517,0.340732,0.058467
KCRDK,21,100,1,0.047309,0.017388,0.013701
BA,21,100,3,0.02587,0.013637,0.011967
KCRDK,21,100,1,0.036889,0.015181,0.01113
BA,21,100,13,0.343335,0.289444,0.052523
KCRDK,21,100,1,0.04347,0.015854,0.015754
BA,21,100,12,0.341068,0.279978,0.057351
KCRDK,21,100,1,0.029878,0.012137,0.012313
BA,21,100,4,0.035141,0.022148,0.012816
KCRDK,21,100,1,0.034688,0.013245,0.011347
BA,21,100,4,0.044627,0.028346,0.015898
KCRDK,21,100,2,0.07114,0.024492,0.021278
BA,21,100,4,0.051141,0.033525,0.017256
KCRDK,21,100,4,0.128025,0.041085,0.036983
BA,21,100,4,0.037482,0.02283,0.014381
KCRDK,21,100,2,0.068043,0.025601,0.02036
BA,21,100,3,0.036061,0.021781,0.014009
KCRDK,21,100,2,0.063689,0.025308,0.014642
BA,21,100,2,0.016289,0.006284,0.009855
KCRDK,21,100,1,0.039863,0.015379,0.011748
BA,21,100,23,17.0052,16.8967,0.105848
KCRDK,21,100,1,0.039715,0.016985,0.01124
BA,21,100,12,0.300369,0.252881,0.046344
KCRDK,21,100,1,0.031735,0.012171,0.011019
BA,21,100,12,0.303318,0.251947,0.050012
KCRDK,21,100,1,0.026185,0.01066,0.009242
BA,21,100,9,0.163116,0.12526,0.036873
KCRDK,21,100,1,0.041672,0.014876,0.012539
BA,21,100,8,0.149451,0.112916,0.03579
KCRDK,21,100,1,0.035808,0.013851,0.013114
BA,21,100,4,0.045238,0.028706,0.016248
KCRDK,21,100,2,0.064074,0.024323,0.017683
BA,31,0,14,0.566229,0.442435,0.122054
KCRDK,31,0,1,0.081121,0.02781,0.023185
BA,31,0,5,0.106788,0.054016,0.052188
KCRDK,31,0,3,0.191106,0.04845,0.05086
BA,31,0,8,0.21917,0.138718,0.079444
KCRDK,31,0,1,0.079642,0.025483,0.026192
BA,31,0,2,0.028971,0.010582,0.018193
KCRDK,31,0,1,0.07069,0.030589,0.021181
BA,31,0,24,23.8498,23.6428,0.20447
KCRDK,31,0,2,0.055404,0.017468,0.01858
BA,31,0,12,0.230242,0.183004,0.046892
KCRDK,31,0,1,0.033561,0.010545,0.01278
BA,31,0,2,0.013833,0.006049,0.007743
KCRDK,31,0,1,0.033974,0.010004,0.01097
BA,31,0,2,0.013727,0.004808,0.008882
KCRDK,31,0,1,0.031687,0.009963,0.011629
BA,31,0,2,0.013515,0.005831,0.007646
KCRDK,31,0,1,0.038565,0.011257,0.011755
BA,31,0,2,0.01411,0.006276,0.007764
KCRDK,31,0,1,0.0302,0.009906,0.010424
BA,31,0,7,0.083876,0.056019,0.027682
KCRDK,31,0,1,0.031933,0.010174,0.011796
BA,31,0,9,0.128034,0.092909,0.03487
KCRDK,31,0,1,0.044658,0.01316,0.015932
BA,31,0,2,0.018132,0.007841,0.010238
KCRDK,31,0,1,0.038066,0.012438,0.013502
BA,31,0,3,0.03087,0.015521,0.01524
KCRDK,31,0,1,0.038659,0.012839,0.013764
BA,31,0,7,0.111363,0.074395,0.03674
KCRDK,31,0,1,0.035763,0.01152,0.013533
BA,31,0,15,0.370042,0.308835,0.060719
KCRDK,31,0,1,0.040575,0.01273,0.015779
BA,31,0,2,0.018356,0.007964,0.010345
KCRDK,31,0,1,0.038622,0.012633,0.014241
BA,31,0,2,0.017881,0.005967,0.011869
KCRDK,31,0,1,0.038788,0.012813,0.014011
BA,31,0,2,0.019853,0.006523,0.013285
KCRDK,31,0,1,0.032954,0.010923,0.011544
BA,31,0,13,0.285257,0.232555,0.052283
KCRDK,31,0,1,0.040316,0.012769,0.015853
BA,31,0,13,0.40921,0.341737,0.066953
KCRDK,31,0,1,0.042175,0.013302,0.017276
BA,31,0,8,0.14498,0.102693,0.04202
KCRDK,31,0,1,0.040972,0.013563,0.015465
BA,31,0,15,0.504569,0.430261,0.073757
KCRDK,31,0,1,0.033349,0.010556,0.013041
BA,31,0,12,0.263385,0.217658,0.045392
KCRDK,31,0,1,0.041644,0.013569,0.016443
BA,31,0,12,0.324989,0.260996,0.063538
KCRDK,31,0,1,0.045628,0.013917,0.016024
BA,31,0,3,0.031141,0.015801,0.015254
KCRDK,31,0,2,0.068494,0.021085,0.024481
BA,31,0,11,0.28075,0.218582,0.061738
KCRDK,31,0,1,0.042696,0.014137,0.016428
BA,31,0,3,0.031437,0.014345,0.017013
KCRDK,31,0,2,0.057225,0.017359,0.020508
BA,31,0,2,0.015308,0.006074,0.009196
KCRDK,31,0,1,0.03077,0.009902,0.010884
BA,31,0,9,0.140714,0.106421,0.034053
KCRDK,31,0,1,0.032375,0.010413,0.011966
BA,31,0,5,0.049731,0.029682,0.019916
KCRDK,31,0,1,0.04277,0.01405,0.015887
BA,31,0,18,1.017,0.896415,0.119611
KCRDK,31,0,1,0.038876,0.013205,0.013976
BA,31,0,5,0.062367,0.038958,0.023238
KCRDK,31,0,4,0.121201,0.035592,0.037638
BA,31,0,3,0.032635,0.015661,0.01689
KCRDK,31,0,1,0.039267,0.01293,0.014165
BA,31,0,12,0.328313,0.260171,0.066186
KCRDK,31,0,1,0.041973,0.013582,0.016581
BA,31,0,5,0.068101,0.042935,0.024999
KCRDK,31,0,3,0.096421,0.028,0.030179
BA,31,0,3,0.031898,0.014347,0.017465
KCRDK,31,0,1,0.042344,0.012392,0.013973
BA,31,0,16,0.622689,0.537848,0.08418
KCRDK,31,0,1,0.043062,0.013771,0.016916
BA,31,0,16,0.641762,0.55639,0.084661
KCRDK,31,0,1,0.040945,0.013162,0.015939
BA,31,0,13,0.397435,0.329784,0.067117
KCRDK,31,0,1,0.04477,0.013533,0.015602
BA,31,0,9,0.166323,0.122953,0.041824
KCRDK,31,0,1,0.032177,0.010079,0.012198
BA,31,0,14,0.337417,0.282703,0.054273
KCRDK,31,0,1,0.032809,0.010447,0.012378
BA,31,0,2,0.013846,0.006151,0.00765
KCRDK,31,0,1,0.031314,0.009809,0.011712
BA,31,0,12,0.238579,0.191022,0.047208
KCRDK,31,0,1,0.039919,0.01246,0.015597
BA,31,0,2,0.017944,0.007484,0.010413
KCRDK,31,0,1,0.037366,0.012927,0.012839
BA,31,0,2,0.017931,0.00622,0.011664
KCRDK,31,0,1,0.040824,0.012773,0.012633
BA,31,0,15,0.479049,0.410398,0.066795
KCRDK,31,0,1,0.032827,0.010398,0.012918
BA,31,0,13,0.287246,0.23637,0.050495
KCRDK,31,0,1,0.039881,0.012832,0.015781
BA,31,0,4,0.047331,0.025197,0.022024
KCRDK,31,0,2,0.066725,0.021051,0.021961
BA,31,0,11,0.274325,0.217028,0.05685
KCRDK,31,0,1,0.04097,0.013494,0.015496
BA,31,0,2,0.017808,0.007547,0.010216
KCRDK,31,0,1,0.041261,0.014091,0.014399
BA,31,0,4,0.049431,0.027203,0.022113
KCRDK,31,0,3,0.095514,0.029154,0.031348
BA,31,0,2,0.018711,0.008234,0.010428
KCRDK,31,0,1,0.041955,0.014246,0.014047
BA,31,0,2,0.019984,0.006543,0.013393
KCRDK,31,0,1,0.040718,0.013721,0.014781
BA,31,0,2,0.017826,0.007534,0.010245
KCRDK,31,0,1,0.033453,0.010497,0.012478
BA,31,0,2,0.015061,0.00487,0.010155
KCRDK,31,0,1,0.030799,0.009839,0.010769
BA,31,0,13,0.266885,0.214837,0.05163
KCRDK,31,0,1,0.032335,0.010422,0.012458
BA,31,0,4,0.032799,0.015404,0.017306
KCRDK,31,0,3,0.072035,0.020978,0.02305
BA,31,0,2,0.013202,0.005462,0.007704
KCRDK,31,0,1,0.030837,0.009996,0.01096
BA,31,0,2,0.014363,0.005587,0.008741
KCRDK,31,0,1,0.031086,0.010205,0.011153
BA,31,0,2,0.013678,0.00492,0.008721
KCRDK,31,0,1,0.030593,0.009927,0.010844
BA,31,0,10,0.175839,0.136074,0.039502
KCRDK,31,0,1,0.040116,0.01281,0.015424
BA,31,0,13,0.375064,0.305878,0.068679
KCRDK,31,0,1,0.04628,0.013543,0.016301
BA,31,0,4,0.047738,0.027212,0.020389
KCRDK,31,0,2,0.065166,0.020805,0.021767
BA,31,0,10,0.19695,0.150228,0.046369
KCRDK,31,0,1,0.039526,0.012151,0.015381
BA,31,0,14,0.457125,0.383782,0.072786
KCRDK,31,0,1,0.04148,0.013523,0.015807
BA,31,0,11,0.279258,0.222045,0.056798
KCRDK,31,0,1,0.04569,0.013322,0.016174
BA,31,0,2,0.017763,0.007432,0.01028
KCRDK,31,0,1,0.038692,0.012676,0.013865
BA,31,0,11,0.291897,0.231978,0.059502
KCRDK,31,0,1,0.04076,0.013134,0.015979
BA,31,0,15,0.563414,0.482164,0.080619
KCRDK,31,0,1,0.046729,0.013763,0.016831
BA,31,0,2,0.018479,0.006667,0.011766
KCRDK,31,0,1,0.038254,0.012567,0.013832
BA,31,0,2,0.017019,0.007483,0.009495
KCRDK,31,0,1,0.041625,0.012271,0.013711
BA,31,0,23,7.6264,7.49277,0.132462
KCRDK,31,0,2,0.057216,0.017961,0.017236
BA,31,0,3,0.023842,0.011796,0.011983
KCRDK,31,0,2,0.057223,0.016584,0.017769
BA,31,0,13,0.322402,0.271254,0.050748
KCRDK,31,0,1,0.032841,0.010259,0.012778
BA,31,0,10,0.170425,0.131742,0.038414
KCRDK,31,0,1,0.03548,0.010444,0.01205
BA,31,0,4,0.034269,0.019105,0.015079
KCRDK,31,0,2,0.052723,0.016263,0.017147
BA,31,0,9,0.132355,0.095476,0.036632
KCRDK,31,0,1,0.040172,0.013853,0.014691
BA,31,0,11,0.298277,0.239644,0.056709
KCRDK,31,0,1,0.046614,0.013697,0.016096
BA,31,0,9,0.192187,0.14556,0.046277
KCRDK,31,0,1,0.04511,0.013187,0.015521
BA,31,0,11,0.270131,0.211099,0.057095
KCRDK,31,0,1,0.041817,0.013405,0.016357
BA,31,0,3,0.032255,0.016881,0.015293
KCRDK,31,0,1,0.039946,0.012659,0.015489
BA,31,0,3,0.031843,0.014738,0.017018
KCRDK,31,0,2,0.066096,0.020455,0.022051
BA,31,0,3,0.034108,0.017095,0.016931
KCRDK,31,0,2,0.054688,0.016584,0.018228
BA,31,0,2,0.013852,0.00614,0.007677
KCRDK,31,0,1,0.031753,0.010232,0.011913
BA,31,0,5,0.04971,0.029628,0.019949
KCRDK,31,0,2,0.068319,0.020769,0.020947
BA,31,0,4,0.047917,0.027271,0.020519
KCRDK,31,0,2,0.070745,0.021495,0.021619
BA,31,0,17,0.650158,0.565874,0.08356
KCRDK,31,0,1,0.032409,0.010481,0.012331
BA,31,0,3,0.023414,0.011391,0.011957
KCRDK,31,0,2,0.051495,0.016558,0.017893
BA,31,0,15,0.400335,0.340628,0.059236
KCRDK,31,0,1,0.045318,0.013544,0.017005
BA,31,0,3,0.041505,0.021213,0.020189
KCRDK,31,0,2,0.079755,0.024956,0.026992
BA,31,0,2,0.023488,0.010128,0.013295
KCRDK,31,0,1,0.046488,0.01552,0.01741
BA,31,0,4,0.045082,0.025061,0.019901
KCRDK,31,0,2,0.052275,0.015893,0.017164
BA,31,0,4,0.035565,0.019766,0.015704
KCRDK,31,0,2,0.052413,0.016228,0.017226
BA,31,0,6,0.067653,0.044725,0.022775
KCRDK,31,0,1,0.045718,0.014287,0.018918
BA,31,0,3,0.042542,0.019534,0.022876
KCRDK,31,0,2,0.079622,0.026213,0.026235
BA,31,0,14,0.472194,0.389578,0.081981
KCRDK,31,0,1,0.034756,0.011033,0.012978
BA,31,0,13,0.281252,0.228063,0.052788
KCRDK,31,0,1,0.040385,0.013061,0.015293
BA,31,0,13,0.398429,0.325105,0.072707
KCRDK,31,0,1,0.045553,0.013474,0.015973
BA,31,0,12,0.345188,0.281269,0.063446
KCRDK,31,0,1,0.044983,0.013616,0.015569
BA,31,20,8,0.145263,0.103948,0.041024
KCRDK,31,20,1,0.041093,0.014065,0.014983
BA,31,20,18,0.810167,0.711338,0.098051
KCRDK,31,20,1,0.041436,0.014286,0.014742
BA,31,20,3,0.031083,0.015697,0.01528
KCRDK,31,20,1,0.039685,0.01314,0.014214
BA,31,20,14,0.478592,0.400042,0.077949
KCRDK,31,20,1,0.041349,0.0132,0.015963
BA,31,20,3,0.031561,0.015941,0.015542
KCRDK,31,20,1,0.04111,0.012692,0.016059
BA,31,20,4,0.0479,0.024454,0.023332
KCRDK,31,20,2,0.071749,0.021373,0.021648
BA,31,20,13,0.402609,0.328234,0.073837
KCRDK,31,20,1,0.037917,0.011689,0.015139
BA,31,20,16,0.488354,0.421918,0.065866
KCRDK,31,20,1,0.035285,0.01034,0.013167
BA,31,20,2,0.013589,0.004613,0.00894
KCRDK,31,20,1,0.02917,0.009451,0.010866
BA,31,20,13,0.314658,0.261391,0.052896
KCRDK,31,20,1,0.040084,0.012984,0.015373
BA,31,20,12,0.339531,0.277349,0.061731
KCRDK,31,20,1,0.041576,0.013177,0.016458
BA,31,20,2,0.018368,0.008042,0.010271
KCRDK,31,20,1,0.039964,0.013291,0.014058
BA,31,20,10,0.244433,0.19119,0.052896
KCRDK,31,20,1,0.045042,0.013847,0.017667
BA,31,20,16,0.612916,0.526129,0.086109
KCRDK,31,20,1,0.045437,0.013283,0.015734
BA,31,20,9,0.175632,0.126099,0.049213
KCRDK,31,20,2,0.067343,0.020756,0.022412
BA,31,20,2,0.018627,0.006353,0.012223
KCRDK,31,20,1,0.039229,0.013247,0.013928
BA,31,20,3,0.031854,0.014693,0.01708
KCRDK,31,20,1,0.03902,0.012833,0.013893
BA,31,20,2,0.01753,0.007427,0.010058
KCRDK,31,20,1,0.030946,0.010084,0.010716
BA,31,20,3,0.023579,0.012113,0.011404
KCRDK,31,20,1,0.039435,0.011981,0.015864
BA,31,20,14,0.498802,0.422481,0.074225
KCRDK,31,20,1,0.042029,0.013301,0.016613
BA,31,20,2,0.01843,0.006641,0.011744
KCRDK,31,20,1,0.043179,0.013376,0.013288
BA,31,20,2,0.018027,0.006253,0.011726
KCRDK,31,20,1,0.038352,0.012348,0.013694
BA,31,20,2,0.018307,0.007975,0.010284
KCRDK,31,20,1,0.031213,0.010246,0.011219
BA,31,20,4,0.034823,0.018499,0.016233
KCRDK,31,20,2,0.053621,0.01615,0.01802
BA,31,20,12,0.25138,0.202149,0.048881
KCRDK,31,20,1,0.044798,0.012725,0.016281
BA,31,20,20,1.0851,0.971937,0.112177
KCRDK,31,20,2,0.06878,0.022872,0.023252
BA,31,20,2,0.016155,0.006625,0.009489
KCRDK,31,20,1,0.037764,0.01319,0.013117
BA,31,20,5,0.06885,0.041841,0.026798
KCRDK,31,20,4,0.143749,0.044732,0.045237
BA,31,20,8,0.159917,0.117899,0.04174
KCRDK,31,20,1,0.033145,0.010404,0.012641
BA,31,20,3,0.023291,0.011805,0.011426
KCRDK,31,20,1,0.031309,0.010043,0.011184
BA,31,20,3,0.023415,0.011858,0.011486
KCRDK,31,20,2,0.053363,0.016095,0.019672
BA,31,20,2,0.013913,0.005914,0.00796
KCRDK,31,20,1,0.032018,0.010253,0.011912
BA,31,20,17,0.544307,0.47711,0.066643
KCRDK,31,20,1,0.031759,0.009905,0.012325
BA,31,20,6,0.071073,0.047486,0.02343
KCRDK,31,20,1,0.037819,0.012256,0.014116
BA,31,20,6,0.096222,0.065548,0.03048
KCRDK,31,20,1,0.033349,0.010892,0.011677
BA,31,20,3,0.025698,0.012221,0.013411
KCRDK,31,20,1,0.034199,0.010259,0.010484
BA,31,20,2,0.014035,0.005008,0.008987
KCRDK,31,20,1,0.039924,0.011982,0.013639
BA,31,20,5,0.069467,0.043697,0.025616
KCRDK,31,20,1,0.045935,0.013851,0.014929
BA,31,20,4,0.048697,0.023777,0.024802
KCRDK,31,20,2,0.053239,0.016127,0.017832
BA,31,20,2,0.01377,0.005969,0.007761
KCRDK,31,20,1,0.030078,0.0098,0.010737
BA,31,20,14,0.348972,0.293872,0.054677
KCRDK,31,20,1,0.044178,0.012675,0.015744
BA,31,20,2,0.019816,0.007983,0.011776
KCRDK,31,20,1,0.030987,0.010305,0.011087
BA,31,20,3,0.023609,0.012221,0.011326
KCRDK,31,20,1,0.030193,0.009994,0.010413
BA,31,20,12,0.23736,0.189146,0.047862
KCRDK,31,20,1,0.032595,0.010321,0.012142
BA,31,20,13,0.302916,0.250812,0.051703
KCRDK,31,20,1,0.043978,0.012855,0.015381
BA,31,20,3,0.032587,0.01409,0.018416
KCRDK,31,20,1,0.038383,0.012587,0.014022
BA,31,20,14,0.464386,0.386585,0.077232
KCRDK,31,20,1,0.045311,0.013631,0.016064
BA,31,20,2,0.018266,0.007971,0.010249
KCRDK,31,20,1,0.039332,0.011163,0.013916
BA,31,20,13,0.29399,0.240003,0.053583
KCRDK,31,20,1,0.048619,0.013861,0.016313
BA,31,20,8,0.149144,0.106369,0.042507
KCRDK,31,20,1,0.041386,0.013059,0.016054
BA,31,20,14,0.4503,0.377385,0.072361
KCRDK,31,20,1,0.041271,0.01322,0.013973
BA,31,20,18,0.876948,0.77791,0.098223
KCRDK,31,20,1,0.040205,0.013059,0.015348
BA,31,20,12,0.331732,0.267984,0.063292
KCRDK,31,20,1,0.045035,0.014867,0.017012
BA,31,20,14,0.43836,0.364228,0.073595
KCRDK,31,20,1,0.041817,0.013443,0.01619
BA,31,20,2,0.017655,0.007415,0.010195
KCRDK,31,20,1,0.044545,0.013097,0.013852
BA,31,20,3,0.031972,0.014844,0.017026
KCRDK,31,20,2,0.065739,0.020988,0.021316
BA,31,20,10,0.236901,0.180891,0.054162
KCRDK,31,20,1,0.038774,0.012587,0.014882
BA,31,20,13,0.310641,0.254548,0.055661
KCRDK,31,20,1,0.032268,0.010242,0.012441
BA,31,20,4,0.036568,0.019185,0.017289
KCRDK,31,20,2,0.051232,0.01627,0.016156
BA,31,20,14,0.35825,0.302078,0.055706
KCRDK,31,20,1,0.045495,0.013231,0.016157
BA,31,20,3,0.031569,0.01618,0.015301
KCRDK,31,20,1,0.038366,0.012372,0.013854
BA,31,20,3,0.031986,0.016449,0.015455
KCRDK,31,20,2,0.06631,0.020823,0.022405
BA,31,20,3,0.031954,0.014901,0.016974
KCRDK,31,20,2,0.05843,0.019167,0.018297
BA,31,20,3,0.02473,0.01151,0.013126
KCRDK,31,20,1,0.031641,0.009881,0.011947
BA,31,20,13,0.297543,0.246558,0.050582
KCRDK,31,20,1,0.039948,0.01271,0.015562
BA,31,20,15,0.581619,0.497296,0.082202
KCRDK,31,20,1,0.046648,0.013191,0.017396
BA,31,20,2,0.017592,0.005757,0.011789
KCRDK,31,20,1,0.040174,0.013507,0.014998
BA,31,20,4,0.046823,0.025463,0.021231
KCRDK,31,20,3,0.096792,0.029842,0.033384
BA,31,20,13,0.340188,0.282089,0.057669
KCRDK,31,20,1,0.032345,0.01018,0.012384
BA,31,20,14,0.322027,0.26553,0.056061
KCRDK,31,20,1,0.032002,0.010632,0.011849
BA,31,20,3,0.024532,0.011842,0.012627
KCRDK,31,20,1,0.031307,0.010012,0.01149
BA,31,20,2,0.013146,0.005414,0.007667
KCRDK,31,20,1,0.031781,0.009869,0.011204
BA,31,20,4,0.035305,0.020066,0.015155
KCRDK,31,20,3,0.072853,0.0224,0.022501
BA,31,20,4,0.036995,0.020646,0.016258
KCRDK,31,20,2,0.052416,0.016744,0.017943
BA,31,20,3,0.023241,0.010818,0.012365
KCRDK,31,20,1,0.030809,0.010041,0.01098
BA,31,20,2,0.013349,0.005724,0.00759
KCRDK,31,20,1,0.030825,0.00992,0.010903
BA,31,20,3,0.023015,0.011622,0.011333
KCRDK,31,20,2,0.052368,0.01655,0.016871
BA,31,20,2,0.014787,0.005987,0.008766
KCRDK,31,20,1,0.030294,0.009753,0.010616
BA,31,20,12,0.236753,0.188336,0.046929
KCRDK,31,20,1,0.032707,0.010451,0.012325
BA,31,20,15,0.390158,0.330315,0.058272
KCRDK,31,20,1,0.031667,0.010006,0.012301
BA,31,20,2,0.014856,0.006221,0.008602
KCRDK,31,20,1,0.030067,0.009747,0.010546
BA,31,20,4,0.036309,0.020219,0.015981
KCRDK,31,20,3,0.097643,0.028539,0.030504
BA,31,20,3,0.031839,0.016356,0.015402
KCRDK,31,20,1,0.045764,0.01524,0.012943
BA,31,20,17,0.697012,0.608457,0.087857
KCRDK,31,20,1,0.033936,0.011267,0.012848
BA,31,20,3,0.02357,0.012117,0.011392
KCRDK,31,20,2,0.051603,0.01613,0.016951
BA,31,20,11,0.196578,0.154409,0.041836
KCRDK,31,20,1,0.037805,0.010909,0.012218
BA,31,20,3,0.023914,0.012678,0.011175
KCRDK,31,20,2,0.053071,0.016245,0.019081
BA,31,20,8,0.108561,0.077296,0.031032
KCRDK,31,20,1,0.032195,0.010319,0.012641
BA,31,20,4,0.033236,0.017969,0.015181
KCRDK,31,20,2,0.042566,0.014175,0.014509
BA,31,20,21,3.21679,3.12077,0.095148
KCRDK,31,20,2,0.053156,0.017118,0.017703
BA,31,20,6,0.066607,0.043901,0.022551
KCRDK,31,20,2,0.057346,0.016407,0.01685
BA,31,20,14,0.35657,0.30192,0.05422
KCRDK,31,20,1,0.033758,0.010769,0.012792
BA,31,20,14,0.338636,0.284256,0.053963
KCRDK,31,20,1,0.033301,0.010547,0.012495
BA,31,20,2,0.013813,0.004854,0.008921
KCRDK,31,20,1,0.033892,0.00987,0.010888
BA,31,20,3,0.023774,0.010788,0.012907
KCRDK,31,20,2,0.134947,0.046384,0.038107
BA,31,20,4,0.078638,0.04265,0.035588
KCRDK,31,20,2,0.140273,0.047346,0.044453
BA,31,20,13,0.510644,0.387316,0.121694
KCRDK,31,20,1,0.083629,0.028279,0.030938
BA,31,20,8,0.231225,0.149291,0.071583
KCRDK,31,20,1,0.070368,0.027875,0.020821
BA,31,20,24,10.2853,10.0718,0.210583
KCRDK,31,20,2,0.056844,0.017021,0.018172
BA,31,20,2,0.013859,0.005892,0.007931
KCRDK,31,20,1,0.081815,0.031191,0.027071
BA,31,40,9,0.27429,0.184236,0.088854
KCRDK,31,40,1,0.082189,0.030533,0.027198
BA,31,40,4,0.07502,0.031852,0.042772
KCRDK,31,40,2,0.148741,0.047883,0.041131
BA,31,40,5,0.096152,0.049417,0.046205
KCRDK,31,40,2,0.128686,0.046069,0.037188
BA,31,40,6,0.136716,0.073922,0.062018
KCRDK,31,40,1,0.078902,0.025987,0.021603
BA,31,40,3,0.045839,0.021042,0.024545
KCRDK,31,40,1,0.087313,0.027459,0.024428
BA,31,40,4,0.077437,0.040047,0.036985
KCRDK,31,40,2,0.118479,0.040847,0.028947
BA,31,40,13,0.436001,0.333204,0.101653
KCRDK,31,40,1,0.07667,0.016584,0.026982
BA,31,40,16,0.727113,0.575995,0.144783
KCRDK,31,40,1,0.085935,0.028393,0.023551
BA,31,40,15,0.645007,0.49724,0.145866
KCRDK,31,40,1,0.091161,0.030181,0.026336
BA,31,40,4,0.078334,0.041086,0.036833
KCRDK,31,40,2,0.118929,0.049539,0.033822
BA,31,40,3,0.054912,0.026963,0.027576
KCRDK,31,40,1,0.07523,0.022902,0.0256
BA,31,40,9,0.246303,0.161606,0.083666
KCRDK,31,40,8,0.476264,0.169545,0.129981
BA,31,40,13,0.443577,0.320763,0.121153
KCRDK,31,40,1,0.078991,0.028779,0.026498
BA,31,40,3,0.048101,0.02298,0.024856
KCRDK,31,40,1,0.06936,0.026698,0.022012
BA,31,40,12,0.400879,0.295692,0.103788
KCRDK,31,40,1,0.072458,0.028524,0.023529
BA,31,40,2,0.025256,0.007447,0.017652
KCRDK,31,40,1,0.06908,0.025804,0.021205
BA,31,40,11,0.335791,0.232993,0.101426
KCRDK,31,40,1,0.072941,0.028178,0.022565
BA,31,40,3,0.050422,0.023453,0.026728
KCRDK,31,40,1,0.084447,0.028311,0.022931
BA,31,40,2,0.030404,0.012572,0.017671
KCRDK,31,40,1,0.066306,0.026114,0.020978
BA,31,40,2,0.030503,0.007591,0.02279
KCRDK,31,40,1,0.068764,0.026961,0.019017
BA,31,40,12,0.393919,0.28184,0.110526
KCRDK,31,40,1,0.072195,0.030115,0.018106
BA,31,40,8,0.121025,0.084842,0.035907
KCRDK,31,40,1,0.072907,0.025369,0.026574
BA,31,40,9,0.246839,0.156378,0.089269
KCRDK,31,40,1,0.076225,0.027534,0.026321
BA,31,40,13,0.470108,0.348103,0.120356
KCRDK,31,40,1,0.075519,0.027405,0.024963
BA,31,40,2,0.020192,0.006752,0.013387
KCRDK,31,40,1,0.071495,0.03052,0.018832
BA,31,40,13,0.453696,0.329961,0.122014
KCRDK,31,40,1,0.071342,0.030762,0.023281
BA,31,40,2,0.027508,0.009444,0.01788
KCRDK,31,40,1,0.081423,0.025557,0.019122
BA,31,40,8,0.182396,0.121205,0.060457
KCRDK,31,40,1,0.075843,0.027357,0.02415
BA,31,40,4,0.072519,0.039441,0.032645
KCRDK,31,40,2,0.124901,0.045824,0.031371
BA,31,40,2,0.02252,0.008619,0.013802
KCRDK,31,40,1,0.070086,0.027475,0.021474
BA,31,40,5,0.096715,0.051555,0.044606
KCRDK,31,40,1,0.071201,0.026523,0.024235
BA,31,40,12,0.382939,0.272371,0.109204
KCRDK,31,40,1,0.073357,0.027857,0.022245
BA,31,40,16,0.679891,0.536801,0.138785
KCRDK,31,40,1,0.074891,0.028076,0.024894
BA,31,40,9,0.249094,0.167383,0.080674
KCRDK,31,40,1,0.087612,0.027895,0.027184
BA,31,40,2,0.032501,0.014493,0.017898
KCRDK,31,40,1,0.077921,0.026995,0.029035
BA,31,40,5,0.093689,0.050026,0.043172
KCRDK,31,40,2,0.128991,0.045858,0.035621
BA,31,40,3,0.04534,0.019638,0.025402
KCRDK,31,40,1,0.066763,0.026533,0.020695
BA,31,40,9,0.2443,0.165942,0.077284
KCRDK,31,40,1,0.076046,0.029348,0.022189
BA,31,40,3,0.053307,0.023491,0.029514
KCRDK,31,40,1,0.075149,0.025919,0.024185
BA,31,40,4,0.039907,0.021326,0.01842
KCRDK,31,40,1,0.069439,0.02543,0.023675
BA,31,40,3,0.051822,0.023325,0.0282
KCRDK,31,40,1,0.060139,0.020006,0.026091
BA,31,40,3,0.054862,0.025528,0.029025
KCRDK,31,40,1,0.075756,0.031922,0.022207
BA,31,40,13,0.431924,0.325556,0.104896
KCRDK,31,40,1,0.064907,0.023133,0.02595
BA,31,40,5,0.107687,0.059988,0.047207
KCRDK,31,40,2,0.141028,0.045351,0.043264
BA,31,40,16,0.72663,0.576881,0.147839
KCRDK,31,40,1,0.08828,0.03146,0.028233
BA,31,40,14,0.525963,0.392782,0.131493
KCRDK,31,40,1,0.071004,0.024308,0.028568
BA,31,40,3,0.051291,0.017843,0.033163
KCRDK,31,40,1,0.068077,0.029672,0.018366
BA,31,40,18,0.84152,0.657624,0.181428
KCRDK,31,40,1,0.087554,0.027664,0.027514
BA,31,40,16,0.743926,0.59173,0.150314
KCRDK,31,40,1,0.078036,0.027351,0.026988
BA,31,40,3,0.056089,0.025511,0.030312
KCRDK,31,40,2,0.123609,0.045515,0.033452
BA,31,40,12,0.398334,0.283136,0.113752
KCRDK,31,40,1,0.074518,0.028677,0.023651
BA,31,40,5,0.104018,0.051139,0.052402
KCRDK,31,40,4,0.244144,0.081875,0.065552
BA,31,40,4,0.07744,0.03905,0.03793
KCRDK,31,40,2,0.129912,0.04698,0.035475
BA,31,40,14,0.638493,0.503001,0.133879
KCRDK,31,40,1,0.034317,0.011885,0.013293
BA,31,40,2,0.035138,0.013696,0.021261
KCRDK,31,40,1,0.078227,0.026927,0.028136
BA,31,40,3,0.058119,0.02293,0.034935
KCRDK,31,40,1,0.077988,0.02831,0.025347
BA,31,40,5,0.120263,0.069958,0.049701
KCRDK,31,40,3,0.19477,0.057042,0.049348
BA,31,40,2,0.032331,0.006681,0.025532
KCRDK,31,40,1,0.083921,0.029776,0.021309
BA,31,40,2,0.029538,0.007369,0.021998
KCRDK,31,40,1,0.069764,0.026358,0.024752
BA,31,40,2,0.03078,0.011295,0.019295
KCRDK,31,40,1,0.07525,0.023905,0.026964
BA,31,40,3,0.05392,0.013453,0.040237
KCRDK,31,40,1,0.079977,0.024503,0.028861
BA,31,40,2,0.032369,0.01359,0.018597
KCRDK,31,40,1,0.079893,0.026993,0.026662
BA,31,40,15,0.618841,0.482378,0.13481
KCRDK,31,40,1,0.07559,0.027456,0.026837
BA,31,40,2,0.02964,0.012286,0.017206
KCRDK,31,40,1,0.075356,0.025803,0.027197
BA,31,40,2,0.027086,0.009678,0.017212
KCRDK,31,40,1,0.071316,0.026353,0.022999
BA,31,40,13,0.425697,0.318226,0.105761
KCRDK,31,40,1,0.074281,0.02811,0.024414
BA,31,40,3,0.051453,0.01931,0.031944
KCRDK,31,40,1,0.086254,0.02921,0.021407
BA,31,40,12,0.38321,0.280553,0.101086
KCRDK,31,40,1,0.072054,0.028108,0.022545
BA,31,40,2,0.032619,0.013758,0.018655
KCRDK,31,40,1,0.071528,0.028623,0.024035
BA,31,40,10,0.286145,0.185973,0.099049
KCRDK,31,40,1,0.085068,0.02897,0.023614
BA,31,40,14,0.564998,0.433254,0.12991
KCRDK,31,40,1,0.091563,0.027744,0.028008
BA,31,40,16,0.711486,0.56657,0.143087
KCRDK,31,40,1,0.034494,0.010413,0.014145
BA,31,40,11,0.335844,0.230265,0.104457
KCRDK,31,40,1,0.091645,0.028929,0.026696
BA,31,40,14,0.566402,0.438362,0.126328
KCRDK,31,40,1,0.074489,0.024865,0.025409
BA,31,40,11,0.348363,0.251174,0.095878
KCRDK,31,40,1,0.072531,0.02721,0.020414
BA,31,40,4,0.075642,0.035369,0.0398
KCRDK,31,40,1,0.088348,0.028306,0.029308
BA,31,40,3,0.056121,0.026762,0.029083
KCRDK,31,40,1,0.085513,0.025104,0.024417
BA,31,40,2,0.027436,0.012099,0.015182
KCRDK,31,40,1,0.080781,0.021583,0.024919
BA,31,40,3,0.053003,0.024482,0.028337
KCRDK,31,40,1,0.070144,0.026666,0.019316
BA,31,40,4,0.071706,0.035621,0.035786
KCRDK,31,40,2,0.127497,0.046265,0.044426
BA,31,40,2,0.032178,0.011489,0.020541
KCRDK,31,40,1,0.073437,0.027995,0.024624
BA,31,40,3,0.049017,0.022372,0.026348
KCRDK,31,40,2,0.125705,0.045068,0.034924
BA,31,40,2,0.030433,0.01195,0.018333
KCRDK,31,40,1,0.072692,0.02811,0.021132
BA,31,40,3,0.050371,0.02056,0.029574
KCRDK,31,40,1,0.067792,0.026445,0.020908
BA,31,40,7,0.168754,0.106255,0.061739
KCRDK,31,40,1,0.075199,0.027061,0.024411
BA,31,40,2,0.028688,0.011871,0.01665
KCRDK,31,40,1,0.065205,0.027143,0.019347
BA,31,40,8,0.197654,0.12625,0.070525
KCRDK,31,40,1,0.086576,0.029541,0.023415
BA,31,40,4,0.07417,0.038194,0.035592
KCRDK,31,40,2,0.128453,0.044545,0.039517
BA,31,40,4,0.083585,0.042929,0.040227
KCRDK,31,40,2,0.124196,0.043738,0.036672
BA,31,40,6,0.136738,0.083367,0.052731
KCRDK,31,40,5,0.297088,0.102545,0.084427
BA,31,40,17,0.793651,0.656305,0.13009
KCRDK,31,40,1,0.073799,0.026124,0.02426
BA,31,40,21,2.49018,2.31451,0.173173
KCRDK,31,40,2,0.093773,0.029204,0.030062
BA,31,40,3,0.041972,0.021073,0.020795
KCRDK,31,40,1,0.081511,0.024908,0.029192
BA,31,40,2,0.032131,0.008961,0.023036
KCRDK,31,40,1,0.080826,0.030112,0.028555
BA,31,40,3,0.049633,0.023909,0.025503
KCRDK,31,40,1,0.085479,0.028366,0.022434
BA,31,40,11,0.397414,0.288694,0.107189
KCRDK,31,40,1,0.078497,0.02838,0.026342
BA,31,40,7,0.170332,0.101941,0.067521
KCRDK,31,40,1,0.078079,0.0271,0.027388
BA,31,40,4,0.078169,0.037222,0.040504
KCRDK,31,40,1,0.071852,0.026514,0.023856
BA,31,40,15,0.614042,0.472344,0.136118
KCRDK,31,40,1,0.076728,0.027084,0.026399
BA,31,40,2,0.030542,0.007011,0.023396
KCRDK,31,40,1,0.068025,0.025936,0.020776
BA,31,60,3,0.04866,0.02402,0.024394
KCRDK,31,60,1,0.066582,0.025741,0.019849
BA,31,60,22,11.3312,11.1168,0.211485
KCRDK,31,60,2,0.14442,0.047394,0.041104
BA,31,60,3,0.050989,0.023639,0.027121
KCRDK,31,60,2,0.126645,0.043717,0.035865
BA,31,60,11,0.339795,0.24068,0.093956
KCRDK,31,60,1,0.09205,0.027986,0.027309
BA,31,60,14,0.556538,0.428736,0.126052
KCRDK,31,60,1,0.051832,0.017674,0.020541
BA,31,60,2,0.028345,0.007027,0.021132
KCRDK,31,60,1,0.084577,0.027699,0.024691
BA,31,60,2,0.02572,0.006769,0.01883
KCRDK,31,60,1,0.070407,0.026186,0.021194
BA,31,60,21,9.66231,9.45591,0.203819
KCRDK,31,60,2,0.134024,0.04901,0.039205
BA,31,60,5,0.11461,0.055479,0.058574
KCRDK,31,60,6,0.368244,0.122664,0.095587
BA,31,60,2,0.032453,0.009344,0.022939
KCRDK,31,60,1,0.074536,0.027351,0.023667
BA,31,60,3,0.054904,0.027698,0.02689
KCRDK,31,60,1,0.082478,0.025394,0.022072
BA,31,60,10,0.281185,0.192242,0.087835
KCRDK,31,60,1,0.085525,0.027946,0.029908
BA,31,60,3,0.053673,0.022514,0.030803
KCRDK,31,60,2,0.132055,0.045962,0.049335
BA,31,60,12,0.39805,0.287114,0.109315
KCRDK,31,60,1,0.084427,0.029126,0.030224
BA,31,60,11,0.319097,0.224084,0.093684
KCRDK,31,60,1,0.073288,0.026434,0.027892
BA,31,60,2,0.032126,0.012824,0.01917
KCRDK,31,60,1,0.076538,0.031104,0.023819
BA,31,60,20,2.81301,2.62867,0.181719
KCRDK,31,60,2,0.069147,0.022945,0.024048
BA,31,60,11,0.297259,0.236099,0.059269
KCRDK,31,60,1,0.035751,0.011439,0.014036
BA,31,60,2,0.014825,0.005431,0.009343
KCRDK,31,60,1,0.030549,0.009973,0.010839
BA,31,60,14,0.362821,0.307232,0.05514
KCRDK,31,60,1,0.032077,0.009982,0.012487
BA,31,60,4,0.034127,0.016889,0.017152
KCRDK,31,60,2,0.051154,0.016674,0.015902
BA,31,60,13,0.31003,0.257138,0.052493
KCRDK,31,60,1,0.04267,0.012625,0.017833
BA,31,60,5,0.066093,0.038765,0.02716
KCRDK,31,60,2,0.047502,0.015508,0.015526
BA,31,60,2,0.014905,0.006699,0.008168
KCRDK,31,60,1,0.030422,0.009894,0.010881
BA,31,60,12,0.23806,0.191559,0.046153
KCRDK,31,60,1,0.040761,0.012917,0.016018
BA,31,60,14,0.424484,0.349556,0.074385
KCRDK,31,60,1,0.0413,0.013212,0.015828
BA,31,60,2,0.018535,0.008115,0.010357
KCRDK,31,60,1,0.043475,0.012867,0.01446
BA,31,60,13,0.386515,0.316249,0.069724
KCRDK,31,60,1,0.046467,0.013817,0.016771
BA,31,60,10,0.235215,0.181455,0.053394
KCRDK,31,60,1,0.042357,0.013774,0.01612
BA,31,60,2,0.018482,0.008051,0.010385
KCRDK,31,60,1,0.082231,0.02932,0.030021
BA,31,60,2,0.042176,0.016225,0.025766
KCRDK,31,60,1,0.079689,0.026888,0.025062
BA,31,60,10,0.338033,0.238257,0.098446
KCRDK,31,60,1,0.081297,0.030865,0.028362
BA,31,60,2,0.024561,0.009018,0.015418
KCRDK,31,60,1,0.073048,0.029192,0.022817
BA,31,60,14,0.549675,0.412808,0.135048
KCRDK,31,60,1,0.073801,0.026084,0.028074
BA,31,60,5,0.110204,0.065601,0.044099
KCRDK,31,60,3,0.194862,0.06465,0.055152
BA,31,60,4,0.078051,0.042728,0.03488
KCRDK,31,60,1,0.076809,0.028797,0.025396
BA,31,60,3,0.05764,0.027536,0.029796
KCRDK,31,60,1,0.079286,0.030339,0.024104
BA,31,60,4,0.082079,0.040394,0.041213
KCRDK,31,60,2,0.129838,0.045522,0.03935
BA,31,60,4,0.071022,0.036126,0.034477
KCRDK,31,60,2,0.13838,0.045515,0.033075
BA,31,60,2,0.032675,0.012676,0.01987
KCRDK,31,60,1,0.075068,0.027137,0.025583
BA,31,60,4,0.078439,0.043601,0.034411
KCRDK,31,60,2,0.126331,0.046047,0.032476
BA,31,60,7,0.165732,0.095524,0.069396
KCRDK,31,60,1,0.025351,0.008862,0.008989
BA,31,60,17,0.775713,0.606518,0.167209
KCRDK,31,60,1,0.0731,0.02638,0.02369
BA,31,60,4,0.078494,0.037083,0.040946
KCRDK,31,60,2,0.107285,0.035258,0.03269
BA,31,60,4,0.071906,0.037301,0.034254
KCRDK,31,60,2,0.131792,0.052065,0.035625
BA,31,60,10,0.29685,0.207267,0.088377
KCRDK,31,60,1,0.092642,0.029464,0.027619
BA,31,60,4,0.079331,0.041813,0.037052
KCRDK,31,60,1,0.075029,0.028732,0.02368
BA,31,60,4,0.077419,0.039605,0.037397
KCRDK,31,60,2,0.135082,0.05042,0.038727
BA,31,60,17,0.846781,0.687933,0.156652
KCRDK,31,60,1,0.07878,0.028126,0.025105
BA,31,60,15,0.562778,0.428736,0.132135
KCRDK,31,60,1,0.072109,0.029156,0.0202
BA,31,60,4,0.076167,0.034263,0.041515
KCRDK,31,60,2,0.136781,0.045088,0.034608
BA,31,60,16,0.676628,0.528845,0.145747
KCRDK,31,60,1,0.068406,0.026138,0.02134
BA,31,60,12,0.391876,0.285948,0.104374
KCRDK,31,60,1,0.090743,0.02826,0.02755
BA,31,60,3,0.044149,0.020084,0.023741
KCRDK,31,60,2,0.127851,0.045037,0.03709
BA,31,60,4,0.075373,0.038166,0.036802
KCRDK,31,60,2,0.136253,0.044816,0.042373
BA,31,60,3,0.052211,0.019936,0.032011
KCRDK,31,60,2,0.140056,0.043907,0.038713
BA,31,60,3,0.053116,0.025126,0.027736
KCRDK,31,60,2,0.115877,0.041256,0.029347
BA,31,60,12,0.371757,0.281928,0.088683
KCRDK,31,60,1,0.081177,0.026674,0.029653
BA,31,60,13,0.451938,0.331122,0.119268
KCRDK,31,60,1,0.075752,0.029872,0.025355
BA,31,60,3,0.028923,0.010848,0.017986
KCRDK,31,60,2,0.125708,0.044291,0.029327
BA,31,60,12,0.375283,0.264153,0.10962
KCRDK,31,60,1,0.085847,0.02768,0.020125
BA,31,60,13,0.469556,0.339134,0.128603
KCRDK,31,60,1,0.085802,0.02846,0.032419
BA,31,60,12,0.405109,0.292477,0.11114
KCRDK,31,60,1,0.068725,0.021345,0.023008
BA,31,60,8,0.208313,0.12779,0.079576
KCRDK,31,60,1,0.070997,0.025303,0.022234
BA,31,60,3,0.045567,0.02194,0.023307
KCRDK,31,60,2,0.127892,0.043562,0.037093
BA,31,60,13,0.482284,0.356119,0.124447
KCRDK,31,60,1,0.075691,0.027677,0.02646
BA,31,60,13,0.443976,0.313248,0.12905
KCRDK,31,60,1,0.069666,0.027196,0.022479
BA,31,60,10,0.281112,0.189436,0.085374
KCRDK,31,60,1,0.075476,0.028053,0.023783
BA,31,60,4,0.076767,0.038717,0.037716
KCRDK,31,60,3,0.180999,0.064738,0.048328
BA,31,60,4,0.07596,0.034775,0.040676
KCRDK,31,60,2,0.125479,0.04643,0.033656
BA,31,60,4,0.076489,0.041256,0.034804
KCRDK,31,60,2,0.132105,0.043767,0.040133
BA,31,60,2,0.030472,0.012859,0.017447
KCRDK,31,60,1,0.0744,0.0266,0.025135
BA,31,60,11,0.32374,0.223675,0.098767
KCRDK,31,60,1,0.030206,0.00912,0.0111
BA,31,60,4,0.074452,0.030504,0.043591
KCRDK,31,60,2,0.12817,0.045238,0.036307
BA,31,60,4,0.084089,0.039694,0.044005
KCRDK,31,60,3,0.182725,0.063387,0.050789
BA,31,60,6,0.13668,0.071041,0.064962
KCRDK,31,60,1,0.071098,0.021548,0.026854
BA,31,60,3,0.045492,0.017425,0.02775
KCRDK,31,60,1,0.073177,0.029119,0.020807
BA,31,60,11,0.346823,0.228628,0.116518
KCRDK,31,60,1,0.079426,0.026078,0.026244
BA,31,60,2,0.03075,0.007338,0.023284
KCRDK,31,60,1,0.072033,0.026857,0.022593
BA,31,60,2,0.03027,0.010316,0.019816
KCRDK,31,60,1,0.074427,0.023845,0.025939
BA,31,60,15,0.649204,0.517265,0.130194
KCRDK,31,60,1,0.077507,0.029431,0.024245
BA,31,60,8,0.190268,0.119176,0.07015
KCRDK,31,60,1,0.073611,0.025835,0.025435
BA,31,60,3,0.052836,0.021719,0.030852
KCRDK,31,60,2,0.130372,0.044735,0.03876
BA,31,60,3,0.043626,0.021575,0.021777
KCRDK,31,60,2,0.130745,0.048347,0.034576
BA,31,60,2,0.031009,0.011926,0.018854
KCRDK,31,60,1,0.070057,0.026812,0.021206
BA,31,60,2,0.028596,0.007589,0.02087
KCRDK,31,60,1,0.069944,0.02785,0.021265
BA,31,60,7,0.161385,0.100934,0.059696
KCRDK,31,60,1,0.07734,0.027726,0.027488
BA,31,60,3,0.04777,0.021179,0.02629
KCRDK,31,60,2,0.129583,0.04505,0.035452
BA,31,60,3,0.054407,0.025091,0.029021
KCRDK,31,60,2,0.125098,0.044687,0.035249
BA,31,60,2,0.033081,0.014143,0.018825
KCRDK,31,60,1,0.077348,0.027644,0.026173
BA,31,60,20,3.0379,2.86388,0.171567
KCRDK,31,60,2,0.06186,0.019138,0.019402
BA,31,60,3,0.025055,0.012131,0.012861
KCRDK,31,60,1,0.036999,0.012073,0.013774
BA,31,60,3,0.031658,0.014597,0.016982
KCRDK,31,60,1,0.078651,0.031804,0.022799
BA,31,60,2,0.034966,0.014892,0.019876
KCRDK,31,60,1,0.094331,0.030575,0.027337
BA,31,60,14,0.588933,0.454381,0.132635
KCRDK,31,60,1,0.092371,0.031442,0.024752
BA,31,60,4,0.082417,0.042934,0.038937
KCRDK,31,60,2,0.128447,0.039052,0.039435
BA,31,60,3,0.05231,0.025413,0.026663
KCRDK,31,60,1,0.075135,0.026654,0.024763
BA,31,60,14,0.538971,0.421173,0.116093
KCRDK,31,60,1,0.076176,0.026895,0.027048
BA,31,60,12,0.379543,0.275448,0.102632
KCRDK,31,60,1,0.096335,0.031228,0.029097
BA,31,60,15,0.689241,0.537479,0.149835
KCRDK,31,60,1,0.094332,0.028497,0.031232
BA,31,80,2,0.031663,0.008249,0.023254
KCRDK,31,80,1,0.084439,0.027107,0.025372
BA,31,80,16,0.747533,0.592685,0.148847
KCRDK,31,80,1,0.088632,0.028446,0.0257
BA,31,80,14,0.516162,0.390002,0.124476
KCRDK,31,80,1,0.087646,0.031144,0.022469
BA,31,80,11,0.242278,0.171842,0.069622
KCRDK,31,80,1,0.078954,0.029753,0.023604
BA,31,80,8,0.191063,0.121599,0.068455
KCRDK,31,80,1,0.075156,0.025988,0.026751
BA,31,80,3,0.046006,0.013099,0.03261
KCRDK,31,80,1,0.051842,0.014918,0.01369
BA,31,80,4,0.067662,0.032888,0.034354
KCRDK,31,80,2,0.130393,0.042725,0.036112
BA,31,80,2,0.028995,0.011587,0.017302
KCRDK,31,80,1,0.071094,0.021693,0.024558
BA,31,80,13,0.473665,0.35789,0.113931
KCRDK,31,80,1,0.093865,0.029151,0.032197
BA,31,80,2,0.02954,0.007381,0.022074
KCRDK,31,80,1,0.075564,0.025398,0.026064
BA,31,80,13,0.447342,0.31855,0.127021
KCRDK,31,80,1,0.088441,0.027119,0.026404
BA,31,80,4,0.073003,0.039129,0.033527
KCRDK,31,80,2,0.132732,0.047462,0.035902
BA,31,80,2,0.029323,0.007395,0.021808
KCRDK,31,80,1,0.076527,0.027281,0.028384
BA,31,80,15,0.592226,0.460856,0.129419
KCRDK,31,80,1,0.076114,0.028585,0.023608
BA,31,80,3,0.047996,0.024718,0.022954
KCRDK,31,80,1,0.066691,0.027695,0.018774
BA,31,80,12,0.37704,0.269917,0.105555
KCRDK,31,80,1,0.073131,0.026297,0.024742
BA,31,80,3,0.05173,0.020337,0.031169
KCRDK,31,80,1,0.07114,0.026892,0.023976
BA,31,80,9,0.232276,0.156987,0.074104
KCRDK,31,80,1,0.075621,0.02858,0.025053
BA,31,80,7,0.161621,0.099276,0.061489
KCRDK,31,80,1,0.081488,0.028294,0.021004
BA,31,80,2,0.02872,0.007308,0.02127
KCRDK,31,80,1,0.073369,0.028427,0.022165
BA,31,80,18,0.888634,0.724205,0.162022
KCRDK,31,80,1,0.09192,0.028323,0.024485
BA,31,80,12,0.396718,0.286411,0.108885
KCRDK,31,80,1,0.072478,0.027693,0.025201
BA,31,80,2,0.028507,0.00715,0.021142
KCRDK,31,80,1,0.066613,0.023559,0.019419
BA,31,80,4,0.039744,0.020601,0.018998
KCRDK,31,80,2,0.124614,0.035196,0.032522
BA,31,80,2,0.024557,0.008398,0.015998
KCRDK,31,80,1,0.071206,0.023257,0.025443
BA,31,80,2,0.030369,0.006927,0.023254
KCRDK,31,80,1,0.082722,0.027403,0.024872
BA,31,80,3,0.052158,0.022946,0.028865
KCRDK,31,80,1,0.061422,0.027811,0.014657
BA,31,80,19,3.39935,3.21951,0.172235
KCRDK,31,80,2,0.079873,0.026518,0.026366
BA,31,80,5,0.06063,0.037208,0.02326
KCRDK,31,80,2,0.054998,0.016856,0.016675
BA,31,80,2,0.01394,0.006162,0.007739
KCRDK,31,80,1,0.033679,0.009968,0.011037
BA,31,80,8,0.107523,0.077125,0.030178
KCRDK,31,80,1,0.035253,0.010096,0.012458
BA,31,80,3,0.023099,0.010623,0.012414
KCRDK,31,80,1,0.029946,0.010128,0.010321
BA,31,80,9,0.134214,0.098737,0.035231
KCRDK,31,80,1,0.03494,0.010599,0.011631
BA,31,80,10,0.173437,0.132624,0.040524
KCRDK,31,80,1,0.035388,0.01048,0.011916
BA,31,80,3,0.023836,0.012435,0.011341
KCRDK,31,80,2,0.051862,0.016672,0.017801
BA,31,80,13,0.318258,0.26455,0.053289
KCRDK,31,80,1,0.032419,0.010215,0.012474
BA,31,80,11,0.208377,0.16485,0.043203
KCRDK,31,80,1,0.043457,0.012875,0.014926
BA,31,80,13,0.392676,0.322226,0.069964
KCRDK,31,80,1,0.037413,0.012627,0.01442
BA,31,80,2,0.017635,0.007477,0.010093
KCRDK,31,80,1,0.038347,0.01261,0.013763
BA,31,80,8,0.148075,0.105086,0.042704
KCRDK,31,80,1,0.045389,0.013493,0.015649
BA,31,80,10,0.229933,0.175064,0.054511
KCRDK,31,80,1,0.045428,0.013507,0.015716
BA,31,80,4,0.050023,0.028038,0.021851
KCRDK,31,80,1,0.039242,0.012773,0.014476
BA,31,80,4,0.049322,0.02729,0.021918
KCRDK,31,80,4,0.120497,0.037289,0.039182
BA,31,80,4,0.047882,0.024348,0.023421
KCRDK,31,80,3,0.076915,0.023352,0.024683
BA,31,80,2,0.013469,0.00478,0.008654
KCRDK,31,80,1,0.041251,0.013259,0.015782
BA,31,80,2,0.022072,0.009245,0.012769
KCRDK,31,80,1,0.04774,0.015893,0.017422
BA,31,80,2,0.023124,0.008194,0.014873
KCRDK,31,80,1,0.035148,0.012218,0.012094
BA,31,80,15,0.421986,0.360724,0.060768
KCRDK,31,80,1,0.039628,0.012601,0.015476
BA,31,80,13,0.413248,0.340425,0.072212
KCRDK,31,80,1,0.041669,0.013776,0.015751
BA,31,80,10,0.232065,0.178998,0.05269
KCRDK,31,80,1,0.046357,0.013657,0.016661
BA,31,80,2,0.01852,0.008124,0.010352
KCRDK,31,80,1,0.03279,0.010649,0.011684
BA,31,80,2,0.013733,0.005887,0.007811
KCRDK,31,80,1,0.030467,0.00994,0.010575
BA,31,80,12,0.244713,0.198665,0.045701
KCRDK,31,80,1,0.032997,0.010648,0.012496
BA,31,80,11,0.219125,0.17654,0.042275
KCRDK,31,80,1,0.040636,0.01277,0.016259
BA,31,80,3,0.031402,0.014511,0.01681
KCRDK,31,80,1,0.035273,0.009865,0.012191
BA,31,80,6,0.067192,0.044172,0.022864
KCRDK,31,80,1,0.031667,0.010192,0.011776
BA,31,80,4,0.035609,0.020465,0.015055
KCRDK,31,80,1,0.034402,0.010333,0.011091
BA,31,80,9,0.142681,0.106954,0.034389
KCRDK,31,80,1,0.039882,0.013058,0.015321
BA,31,80,4,0.047515,0.026966,0.020434
KCRDK,31,80,2,0.071008,0.020729,0.021875
BA,31,80,4,0.047494,0.026981,0.020397
KCRDK,31,80,2,0.068732,0.02165,0.022969
BA,31,80,2,0.016841,0.007299,0.009499
KCRDK,31,80,1,0.03389,0.0102,0.010737
BA,31,80,6,0.069787,0.045878,0.023753
KCRDK,31,80,1,0.030307,0.010014,0.010736
BA,31,80,3,0.023245,0.011709,0.011475
KCRDK,31,80,1,0.030589,0.010345,0.010476
BA,31,80,13,0.306319,0.248415,0.057484
KCRDK,31,80,1,0.032802,0.010583,0.012357
BA,31,80,15,0.425283,0.363539,0.061285
KCRDK,31,80,1,0.044026,0.012686,0.015482
BA,31,80,3,0.031853,0.016109,0.015491
KCRDK,31,80,1,0.030803,0.009987,0.010925
BA,31,80,9,0.130547,0.095162,0.035142
KCRDK,31,80,1,0.042966,0.013336,0.01729
BA,31,80,2,0.02292,0.010099,0.012767
KCRDK,31,80,1,0.054027,0.016249,0.01782
BA,31,80,2,0.027117,0.011211,0.015847
KCRDK,31,80,1,0.039489,0.013543,0.014734
BA,31,80,2,0.018238,0.006391,0.011802
KCRDK,31,80,1,0.042972,0.01278,0.014051
BA,31,80,2,0.018057,0.008066,0.009948
KCRDK,31,80,1,0.030542,0.009928,0.010955
BA,31,80,8,0.10503,0.072396,0.032434
KCRDK,31,80,1,0.045238,0.015682,0.01715
BA,31,80,2,0.022301,0.009487,0.012734
KCRDK,31,80,1,0.043855,0.014397,0.016246
BA,31,80,3,0.038884,0.017989,0.020799
KCRDK,31,80,1,0.035176,0.011445,0.012537
BA,31,80,12,0.245959,0.194581,0.049892
KCRDK,31,80,1,0.043649,0.01272,0.015388
BA,31,80,4,0.047852,0.027189,0.020549
KCRDK,31,80,2,0.071725,0.021755,0.022076
BA,31,80,4,0.045914,0.025276,0.02052
KCRDK,31,80,2,0.062162,0.019918,0.02177
BA,31,80,9,0.153207,0.113625,0.039312
KCRDK,31,80,1,0.045504,0.012753,0.01723
BA,31,80,4,0.047359,0.026833,0.020409
KCRDK,31,80,2,0.061303,0.019693,0.019932
BA,31,80,13,0.345224,0.287144,0.057657
KCRDK,31,80,1,0.032499,0.010311,0.012226
BA,31,80,5,0.049186,0.029248,0.019809
KCRDK,31,80,2,0.067184,0.021198,0.022843
BA,31,80,12,0.327316,0.262714,0.064125
KCRDK,31,80,1,0.043131,0.013621,0.018085
BA,31,80,10,0.239278,0.185987,0.052899
KCRDK,31,80,1,0.047218,0.013548,0.017635
BA,31,80,12,0.324111,0.260981,0.062629
KCRDK,31,80,1,0.045689,0.013445,0.01602
BA,31,80,4,0.048215,0.026004,0.022092
KCRDK,31,80,2,0.071128,0.021237,0.02193
BA,31,80,5,0.064449,0.039015,0.025268
KCRDK,31,80,5,0.118401,0.036798,0.035701
BA,31,80,13,0.282493,0.231455,0.050581
KCRDK,31,80,1,0.03571,0.01065,0.011934
BA,31,80,2,0.014129,0.005117,0.008974
KCRDK,31,80,1,0.038646,0.012966,0.013635
BA,31,80,4,0.046769,0.024585,0.022069
KCRDK,31,80,2,0.065836,0.020519,0.021822
BA,31,80,2,0.018454,0.006467,0.011939
KCRDK,31,80,1,0.042854,0.012427,0.013912
BA,31,80,20,3.98409,3.8798,0.103297
KCRDK,31,80,2,0.131648,0.046819,0.038507
BA,31,80,3,0.054958,0.025282,0.029398
KCRDK,31,80,2,0.127921,0.046069,0.037518
BA,31,80,9,0.166795,0.111263,0.054986
KCRDK,31,80,2,0.124269,0.043734,0.035613
BA,31,80,15,0.595041,0.448123,0.139906
KCRDK,31,80,1,0.083946,0.025501,0.024182
BA,31,80,4,0.06821,0.034206,0.033623
KCRDK,31,80,1,0.080673,0.026486,0.024527
BA,31,80,3,0.055984,0.026581,0.029078
KCRDK,31,80,1,0.072738,0.022077,0.022868
BA,31,80,13,0.484589,0.369681,0.113365
KCRDK,31,80,1,0.069606,0.025772,0.020104
BA,31,80,12,0.406049,0.281085,0.123268
KCRDK,31,80,1,0.072662,0.030883,0.018939
BA,31,80,3,0.055261,0.02637,0.028656
KCRDK,31,80,1,0.072907,0.023221,0.02452
BA,31,80,11,0.332269,0.236352,0.094569
KCRDK,31,80,1,0.077812,0.029889,0.02494
BA,31,100,12,0.364521,0.261525,0.101607
KCRDK,31,100,1,0.07265,0.026952,0.02504
BA,31,100,11,0.336053,0.233299,0.101379
KCRDK,31,100,1,0.082444,0.026919,0.023503
BA,31,100,5,0.107197,0.056444,0.05019
KCRDK,31,100,1,0.069473,0.026838,0.021963
BA,31,100,3,0.054928,0.026085,0.028577
KCRDK,31,100,2,0.131661,0.045166,0.037978
BA,31,100,4,0.074974,0.03988,0.034699
KCRDK,31,100,2,0.124819,0.044694,0.033312
BA,31,100,9,0.242027,0.167093,0.073885
KCRDK,31,100,10,0.588609,0.199068,0.150934
BA,31,100,18,0.880009,0.722973,0.154949
KCRDK,31,100,1,0.078621,0.024779,0.022131
BA,31,100,4,0.062598,0.034473,0.027818
KCRDK,31,100,1,0.071077,0.027048,0.020917
BA,31,100,15,0.625927,0.480551,0.143322
KCRDK,31,100,1,0.07316,0.024877,0.025151
BA,31,100,3,0.043889,0.018043,0.025627
KCRDK,31,100,1,0.068196,0.024564,0.019964
BA,31,100,9,0.241167,0.161923,0.078084
KCRDK,31,100,1,0.087431,0.027277,0.023015
BA,31,100,11,0.3469,0.23826,0.107098
KCRDK,31,100,1,0.077632,0.02962,0.014054
BA,31,100,3,0.054076,0.025892,0.027939
KCRDK,31,100,1,0.087775,0.025908,0.025624
BA,31,100,11,0.329736,0.229166,0.099118
KCRDK,31,100,1,0.075797,0.029909,0.023054
BA,31,100,11,0.327949,0.230045,0.096306
KCRDK,31,100,1,0.076047,0.028832,0.023522
BA,31,100,4,0.077913,0.034265,0.043276
KCRDK,31,100,2,0.132463,0.047616,0.036869
BA,31,100,4,0.075381,0.039198,0.035805
KCRDK,31,100,1,0.077412,0.026155,0.021203
BA,31,100,5,0.105539,0.048844,0.056144
KCRDK,31,100,1,0.066821,0.025712,0.021297
BA,31,100,3,0.051973,0.024437,0.027252
KCRDK,31,100,1,0.081093,0.027401,0.021348
BA,31,100,4,0.071598,0.032236,0.038909
KCRDK,31,100,2,0.129343,0.046402,0.036823
BA,31,100,13,0.488014,0.364882,0.121492
KCRDK,31,100,1,0.078872,0.029108,0.026686
BA,31,100,12,0.387844,0.278335,0.107927
KCRDK,31,100,1,0.076504,0.027026,0.025437
BA,31,100,2,0.023219,0.009444,0.013618
KCRDK,31,100,1,0.074094,0.027748,0.026643
BA,31,100,15,0.609447,0.471804,0.131603
KCRDK,31,100,1,0.027743,0.009159,0.011161
BA,31,100,16,0.709276,0.561061,0.146141
KCRDK,31,100,1,0.0769,0.027269,0.027668
BA,31,100,3,0.053354,0.026678,0.026318
KCRDK,31,100,1,0.080821,0.027964,0.030408
BA,31,100,2,0.014055,0.005044,0.008976
KCRDK,31,100,1,0.069108,0.026039,0.020859
BA,31,100,2,0.033855,0.012983,0.020735
KCRDK,31,100,1,0.067551,0.0231,0.027811
BA,31,100,12,0.377995,0.280098,0.095239
KCRDK,31,100,1,0.083678,0.028872,0.028118
BA,31,100,3,0.05212,0.022628,0.029164
KCRDK,31,100,1,0.0833,0.028033,0.021348
BA,31,100,11,0.347625,0.244136,0.10217
KCRDK,31,100,1,0.081275,0.029196,0.029522
BA,31,100,13,0.408831,0.318643,0.088949
KCRDK,31,100,1,0.094192,0.032204,0.028687
BA,31,100,3,0.057832,0.020876,0.036723
KCRDK,31,100,1,0.086636,0.026262,0.026664
BA,31,100,4,0.078897,0.035214,0.043337
KCRDK,31,100,2,0.134632,0.045389,0.034764
BA,31,100,16,0.699023,0.554438,0.14242
KCRDK,31,100,1,0.080136,0.028851,0.027675
BA,31,100,16,0.733391,0.579391,0.152065
KCRDK,31,100,1,0.082423,0.027833,0.030724
BA,31,100,10,0.289829,0.190649,0.097909
KCRDK,31,100,1,0.072402,0.028139,0.023131
BA,31,100,21,2.91637,2.70921,0.204401
KCRDK,31,100,2,0.133977,0.048383,0.039438
BA,31,100,13,0.472637,0.352809,0.118161
KCRDK,31,100,1,0.082708,0.0288,0.023398
BA,31,100,2,0.014011,0.006063,0.007914
KCRDK,31,100,1,0.084899,0.026594,0.025662
BA,31,100,2,0.030565,0.014335,0.016049
KCRDK,31,100,1,0.07088,0.031469,0.021436
BA,31,100,4,0.073346,0.039482,0.033525
KCRDK,31,100,2,0.127501,0.047852,0.036441
BA,31,100,5,0.104182,0.052212,0.051406
KCRDK,31,100,2,0.123702,0.042846,0.031563
BA,31,100,3,0.056375,0.017859,0.03823
KCRDK,31,100,1,0.066972,0.023979,0.021112
BA,31,100,8,0.209312,0.127118,0.081231
KCRDK,31,100,1,0.080899,0.027679,0.026278
BA,31,100,4,0.072666,0.039931,0.032372
KCRDK,31,100,2,0.148632,0.043782,0.048933
BA,31,100,17,0.842191,0.681952,0.158036
KCRDK,31,100,1,0.080388,0.028717,0.027313
BA,31,100,3,0.053013,0.021331,0.031387
KCRDK,31,100,1,0.079228,0.027216,0.029398
BA,31,100,3,0.052902,0.024913,0.027702
KCRDK,31,100,1,0.070084,0.027933,0.020012
BA,31,100,4,0.07618,0.041723,0.034029
KCRDK,31,100,1,0.07226,0.027085,0.024952
BA,31,100,2,0.030041,0.012762,0.0171
KCRDK,31,100,1,0.075383,0.028171,0.024177
BA,31,100,3,0.05382,0.026226,0.027306
KCRDK,31,100,1,0.076175,0.026508,0.026306
BA,31,100,4,0.076458,0.03328,0.042846
KCRDK,31,100,2,0.132266,0.04795,0.034616
BA,31,100,3,0.051756,0.020284,0.031191
KCRDK,31,100,1,0.073055,0.027303,0.02466
BA,31,100,18,0.890161,0.728134,0.159677
KCRDK,31,100,1,0.028417,0.009351,0.00928
BA,31,100,13,0.482736,0.360763,0.120519
KCRDK,31,100,1,0.094566,0.031317,0.030164
BA,31,100,15,0.667416,0.520566,0.14466
KCRDK,31,100,1,0.082287,0.028525,0.028417
BA,31,100,16,0.723549,0.591201,0.130504
KCRDK,31,100,1,0.068032,0.031025,0.018484
BA,31,100,7,0.163801,0.094825,0.068059
KCRDK,31,100,1,0.066527,0.025126,0.01692
BA,31,100,4,0.080786,0.03843,0.04189
KCRDK,31,100,2,0.128585,0.037972,0.038092
BA,31,100,9,0.254477,0.172392,0.080895
KCRDK,31,100,1,0.081906,0.032089,0.021595
BA,31,100,3,0.056194,0.026429,0.029394
KCRDK,31,100,1,0.085616,0.028317,0.021919
BA,31,100,10,0.281715,0.176737,0.103653
KCRDK,31,100,1,0.079793,0.028405,0.029852
BA,31,100,14,0.530132,0.407564,0.120856
KCRDK,31,100,1,0.074637,0.028815,0.023327
BA,31,100,8,0.209458,0.130164,0.07837
KCRDK,31,100,1,0.075907,0.027132,0.025513
BA,31,100,14,0.522793,0.387845,0.12659
KCRDK,31,100,1,0.071228,0.025813,0.025325
BA,31,100,16,0.697072,0.550944,0.143975
KCRDK,31,100,1,0.078456,0.029122,0.025579
BA,31,100,4,0.07754,0.034912,0.042219
KCRDK,31,100,2,0.130877,0.047482,0.036376
BA,31,100,15,0.605861,0.470822,0.133107
KCRDK,31,100,1,0.078607,0.029132,0.026679
BA,31,100,2,0.0293,0.01249,0.016659
KCRDK,31,100,1,0.069335,0.02719,0.020785
BA,31,100,3,0.050188,0.016664,0.03328
KCRDK,31,100,1,0.07054,0.024724,0.022936
BA,31,100,3,0.047809,0.022497,0.025085
KCRDK,31,100,1,0.057142,0.018436,0.021177
BA,31,100,5,0.113994,0.059431,0.053937
KCRDK,31,100,3,0.187563,0.059139,0.05579
BA,31,100,12,0.385092,0.280632,0.103009
KCRDK,31,100,1,0.082231,0.029308,0.026822
BA,31,100,3,0.046402,0.013853,0.032331
KCRDK,31,100,1,0.083916,0.027695,0.023147
BA,31,100,12,0.393764,0.294892,0.097678
KCRDK,31,100,1,0.07938,0.024931,0.020789
BA,31,100,3,0.052075,0.019119,0.032748
KCRDK,31,100,2,0.134361,0.048409,0.044407
BA,31,100,11,0.365671,0.254145,0.110034
KCRDK,31,100,1,0.086825,0.031971,0.026206
BA,31,100,3,0.054879,0.025086,0.029419
KCRDK,31,100,1,0.085699,0.028697,0.024029
BA,31,100,6,0.129575,0.073771,0.055079
KCRDK,31,100,1,0.069037,0.028773,0.018673
BA,31,100,4,0.071563,0.041948,0.029127
KCRDK,31,100,2,0.129924,0.044462,0.037186
BA,31,100,10,0.287192,0.194215,0.091747
KCRDK,31,100,1,0.085982,0.02632,0.026707
BA,31,100,16,0.699686,0.55736,0.138094
KCRDK,31,100,1,0.075899,0.026959,0.027724
BA,31,100,3,0.056688,0.020277,0.036164
KCRDK,31,100,1,0.078455,0.025756,0.020974
BA,31,100,2,0.032299,0.013778,0.018386
KCRDK,31,100,1,0.075715,0.027426,0.024607
BA,31,100,6,0.127026,0.075184,0.051232
KCRDK,31,100,1,0.076247,0.02821,0.024236
BA,31,100,7,0.165198,0.103214,0.061104
KCRDK,31,100,1,0.074222,0.02771,0.0231
BA,31,100,11,0.32912,0.231672,0.096149
KCRDK,31,100,1,0.076119,0.027578,0.024613
BA,31,100,4,0.075644,0.041613,0.033689
KCRDK,31,100,4,0.265564,0.085776,0.076439
BA,31,100,3,0.060913,0.030825,0.029819
KCRDK,31,100,1,0.077723,0.028152,0.026143
BA,31,100,4,0.085312,0.039179,0.045738
KCRDK,31,100,2,0.122155,0.045847,0.034201
BA,31,100,2,0.033625,0.008471,0.025016
KCRDK,31,100,1,0.076047,0.030114,0.023478
BA,31,100,13,0.421032,0.302282,0.117219
KCRDK,31,100,1,0.083167,0.024401,0.027439
BA,31,100,4,0.075229,0.038724,0.036133
KCRDK,31,100,2,0.141793,0.046896,0.047699
BA,31,100,3,0.049483,0.025526,0.023733
KCRDK,31,100,1,0.075971,0.03041,0.027807
BA,31,100,11,0.352188,0.246237,0.104616
KCRDK,31,100,1,0.081896,0.027671,0.026802
BA,31,100,2,0.031975,0.011766,0.02
KCRDK,31,100,1,0.073926,0.028991,0.021129
BA,31,100,10,0.300386,0.198054,0.100857
KCRDK,31,100,1,0.07349,0.027642,0.023153
BA,31,100,3,0.048744,0.019154,0.029352
KCRDK,31,100,1,0.06888,0.025832,0.02227
BA,31,100,3,0.042221,0.015898,0.026084
KCRDK,31,100,1,0.069539,0.026576,0.022557
BA,41,0,3,0.076906,0.03308,0.043478
KCRDK,41,0,1,0.134343,0.041257,0.036311
BA,41,0,12,0.51331,0.345321,0.166449
KCRDK,41,0,1,0.110279,0.039653,0.034609
BA,41,0,3,0.073058,0.03155,0.041165
KCRDK,41,0,1,0.114531,0.040725,0.035511
BA,41,0,3,0.078364,0.029836,0.048188
KCRDK,41,0,1,0.123886,0.041523,0.043688
BA,41,0,18,1.05675,0.804602,0.249636
KCRDK,41,0,1,0.124424,0.039466,0.035917
BA,41,0,10,0.368151,0.210999,0.15564
KCRDK,41,0,1,0.118903,0.043685,0.03801
BA,41,0,2,0.043022,0.014413,0.028445
KCRDK,41,0,1,0.114855,0.041823,0.037655
BA,41,0,4,0.114491,0.054764,0.059302
KCRDK,41,0,1,0.129554,0.043356,0.029953
BA,41,0,2,0.036383,0.01026,0.025956
KCRDK,41,0,1,0.107515,0.038072,0.035787
BA,41,0,10,0.346663,0.21804,0.127414
KCRDK,41,0,1,0.11798,0.044642,0.037337
BA,41,0,8,0.274166,0.150867,0.122227
KCRDK,41,0,1,0.131032,0.042397,0.035021
BA,41,0,2,0.044947,0.016519,0.028226
KCRDK,41,0,1,0.139663,0.040184,0.044969
BA,41,0,2,0.045707,0.015899,0.029663
KCRDK,41,0,1,0.125887,0.039812,0.039426
BA,41,0,6,0.175744,0.091281,0.083787
KCRDK,41,0,2,0.198814,0.066977,0.055188
BA,41,0,4,0.106959,0.05019,0.056258
KCRDK,41,0,2,0.220269,0.068672,0.055267
BA,41,0,3,0.075175,0.031699,0.043097
KCRDK,41,0,2,0.204976,0.068679,0.058859
BA,41,0,14,0.698845,0.492416,0.204396
KCRDK,41,0,1,0.117557,0.041169,0.038368
BA,41,0,6,0.177439,0.093811,0.082779
KCRDK,41,0,1,0.11089,0.044316,0.030667
BA,41,0,4,0.099734,0.049691,0.049733
KCRDK,41,0,1,0.123036,0.035081,0.035988
BA,41,0,4,0.100884,0.052012,0.048462
KCRDK,41,0,2,0.194012,0.065482,0.053488
BA,41,0,2,0.043477,0.008628,0.034691
KCRDK,41,0,1,0.114365,0.043601,0.034516
BA,41,0,13,0.557717,0.37283,0.183166
KCRDK,41,0,1,0.11667,0.03836,0.041529
BA,41,0,2,0.047048,0.016665,0.030174
KCRDK,41,0,1,0.11085,0.040519,0.037668
BA,41,0,10,0.358921,0.214323,0.143313
KCRDK,41,0,1,0.119793,0.040776,0.040407
BA,41,0,3,0.068463,0.013898,0.054259
KCRDK,41,0,1,0.131772,0.043376,0.032873
BA,41,0,5,0.142293,0.070731,0.070977
KCRDK,41,0,1,0.117181,0.043803,0.035897
BA,41,0,14,0.661195,0.455173,0.204155
KCRDK,41,0,1,0.132173,0.039652,0.036984
BA,41,0,13,0.568866,0.377042,0.189901
KCRDK,41,0,1,0.117449,0.040407,0.038264
BA,41,0,4,0.105702,0.04327,0.061959
KCRDK,41,0,1,0.126715,0.039964,0.034
BA,41,0,2,0.043214,0.014358,0.028647
KCRDK,41,0,1,0.111955,0.039435,0.037134
BA,41,0,7,0.222992,0.122605,0.099425
KCRDK,41,0,1,0.114208,0.042016,0.035556
BA,41,0,4,0.106192,0.047464,0.058388
KCRDK,41,0,3,0.30325,0.093312,0.083112
BA,41,0,4,0.085544,0.039265,0.045969
KCRDK,41,0,1,0.13138,0.040643,0.031325
BA,41,0,3,0.067627,0.029561,0.037827
KCRDK,41,0,1,0.122578,0.043739,0.045805
BA,41,0,2,0.043174,0.017712,0.025279
KCRDK,41,0,1,0.128454,0.043161,0.035169
BA,41,0,2,0.044294,0.016471,0.027682
KCRDK,41,0,1,0.113807,0.040073,0.032443
BA,41,0,2,0.046265,0.017082,0.029034
KCRDK,41,0,1,0.127576,0.044873,0.036498
BA,41,0,10,0.392609,0.232397,0.158954
KCRDK,41,0,1,0.130716,0.04157,0.034808
BA,41,0,16,0.843302,0.605199,0.232205
KCRDK,41,0,1,0.121099,0.040409,0.041531
BA,41,0,3,0.074328,0.024084,0.049979
KCRDK,41,0,1,0.126442,0.040427,0.033622
BA,41,0,7,0.221753,0.123474,0.097317
KCRDK,41,0,1,0.114418,0.040294,0.035545
BA,41,0,3,0.070836,0.03117,0.039326
KCRDK,41,0,1,0.110216,0.039822,0.032656
BA,41,0,10,0.381375,0.231248,0.148824
KCRDK,41,0,1,0.114518,0.04119,0.037174
BA,41,0,11,0.448245,0.295147,0.151517
KCRDK,41,0,1,0.115099,0.03948,0.039389
BA,41,0,14,0.657327,0.456392,0.198999
KCRDK,41,0,1,0.124489,0.037684,0.034156
BA,41,0,5,0.134251,0.060759,0.072954
KCRDK,41,0,2,0.195202,0.065902,0.058626
BA,41,0,4,0.1073,0.044757,0.062064
KCRDK,41,0,2,0.206445,0.068514,0.063177
BA,41,0,3,0.069394,0.027765,0.041338
KCRDK,41,0,1,0.109178,0.035692,0.037377
BA,41,0,2,0.041804,0.011536,0.03011
KCRDK,41,0,1,0.128812,0.037986,0.037963
BA,41,0,11,0.454099,0.284772,0.167896
KCRDK,41,0,1,0.112109,0.04072,0.03386
BA,41,0,2,0.043698,0.015973,0.027567
KCRDK,41,0,1,0.107182,0.040112,0.032378
BA,41,0,2,0.044393,0.016711,0.027496
KCRDK,41,0,1,0.120569,0.039449,0.042073
BA,41,0,3,0.073229,0.023044,0.049926
KCRDK,41,0,2,0.204038,0.052915,0.063532
BA,41,0,4,0.106263,0.050503,0.055302
KCRDK,41,0,3,0.28654,0.094821,0.074935
BA,41,0,8,0.264817,0.145699,0.118193
KCRDK,41,0,1,0.119814,0.040718,0.041055
BA,41,0,13,0.569263,0.378462,0.188909
KCRDK,41,0,1,0.116818,0.037669,0.03789
BA,41,0,7,0.220404,0.120402,0.099183
KCRDK,41,0,1,0.11446,0.039818,0.040393
BA,41,0,14,0.621523,0.428139,0.191626
KCRDK,41,0,1,0.112245,0.043432,0.034239
BA,41,0,3,0.072305,0.020133,0.051904
KCRDK,41,0,1,0.12137,0.038239,0.028783
BA,41,0,21,7.76669,7.47451,0.289269
KCRDK,41,0,1,0.070852,0.020623,0.021545
BA,41,0,12,0.298402,0.207934,0.090014
KCRDK,41,0,1,0.100536,0.034179,0.033412
BA,41,0,4,0.111815,0.052822,0.058571
KCRDK,41,0,2,0.195952,0.065883,0.056068
BA,41,0,14,0.709435,0.494973,0.212586
KCRDK,41,0,1,0.117798,0.041677,0.042168
BA,41,0,3,0.066923,0.026872,0.039737
KCRDK,41,0,1,0.113963,0.04204,0.031985
BA,41,0,4,0.10046,0.041662,0.058487
KCRDK,41,0,2,0.224109,0.070826,0.057039
BA,41,0,14,0.641325,0.443608,0.195899
KCRDK,41,0,1,0.121097,0.041177,0.039209
BA,41,0,13,0.568822,0.377869,0.189187
KCRDK,41,0,1,0.116543,0.03993,0.039383
BA,41,0,3,0.072237,0.031169,0.040739
KCRDK,41,0,2,0.199866,0.071471,0.049978
BA,41,0,14,0.652177,0.455615,0.194581
KCRDK,41,0,1,0.128026,0.040281,0.032378
BA,41,0,3,0.076814,0.03395,0.042545
KCRDK,41,0,1,0.109691,0.0406,0.03101
BA,41,0,5,0.146962,0.077226,0.069131
KCRDK,41,0,1,0.124101,0.040547,0.045291
BA,41,0,5,0.146063,0.075152,0.070253
KCRDK,41,0,2,0.220129,0.068603,0.056868
BA,41,0,2,0.046868,0.01643,0.030218
KCRDK,41,0,1,0.116117,0.038918,0.044375
BA,41,0,2,0.040688,0.014102,0.026421
KCRDK,41,0,1,0.110657,0.04116,0.03932
BA,41,0,13,0.559857,0.382202,0.175933
KCRDK,41,0,1,0.115586,0.035597,0.038898
BA,41,0,4,0.10572,0.047063,0.058307
KCRDK,41,0,1,0.107284,0.029459,0.035699
BA,41,0,5,0.137382,0.067821,0.069098
KCRDK,41,0,2,0.207124,0.061759,0.059558
BA,41,0,18,1.06486,0.813247,0.249229
KCRDK,41,0,1,0.117898,0.040939,0.038821
BA,41,0,17,0.965088,0.706079,0.256572
KCRDK,41,0,1,0.135971,0.041521,0.040064
BA,41,0,3,0.075562,0.034023,0.041207
KCRDK,41,0,1,0.117171,0.041159,0.037195
BA,41,0,5,0.155682,0.071381,0.083826
KCRDK,41,0,2,0.229848,0.071646,0.059545
BA,41,0,8,0.300262,0.169078,0.130139
KCRDK,41,0,1,0.123446,0.04402,0.040998
BA,41,0,18,1.15119,0.873529,0.274962
KCRDK,41,0,1,0.118292,0.041468,0.039433
BA,41,0,15,0.64648,0.472791,0.172351
KCRDK,41,0,1,0.126494,0.038959,0.036133
BA,41,0,13,0.564395,0.38187,0.180982
KCRDK,41,0,1,0.13658,0.042908,0.041894
BA,41,0,9,0.32133,0.178925,0.141223
KCRDK,41,0,1,0.117954,0.041972,0.044112
BA,41,0,19,1.22288,0.964306,0.256088
KCRDK,41,0,1,0.101282,0.028487,0.033629
BA,41,0,2,0.03758,0.01281,0.024693
KCRDK,41,0,1,0.119677,0.041179,0.038013
BA,41,0,4,0.116854,0.056371,0.06005
KCRDK,41,0,2,0.219769,0.065222,0.065933
BA,41,0,18,1.20512,0.92793,0.274518
KCRDK,41,0,1,0.127103,0.041023,0.047503
BA,41,0,12,0.517212,0.342877,0.172743
KCRDK,41,0,1,0.137231,0.04442,0.037452
BA,41,0,7,0.227252,0.128437,0.097881
KCRDK,41,0,2,0.197086,0.065903,0.053974
BA,41,0,4,0.107701,0.050476,0.056803
KCRDK,41,0,2,0.125729,0.032355,0.030735
BA,41,0,8,0.265985,0.144669,0.120266
KCRDK,41,0,3,0.283387,0.094834,0.075709
BA,41,0,12,0.515842,0.324719,0.180429
KCRDK,41,0,1,0.124495,0.043595,0.040497
BA,41,0,12,0.513995,0.336425,0.175979
KCRDK,41,0,1,0.133808,0.042879,0.037588
BA,41,0,3,0.06452,0.025674,0.038564
KCRDK,41,0,2,0.220255,0.067986,0.054286
BA,41,0,2,0.04714,0.006519,0.040515
KCRDK,41,0,1,0.129133,0.039641,0.034592
BA,41,0,4,0.110774,0.053729,0.05651
KCRDK,41,0,1,0.128569,0.039237,0.033841
BA,41,0,4,0.107213,0.050286,0.056473
KCRDK,41,0,2,0.222428,0.067583,0.061799
BA,41,20,2,0.043676,0.016377,0.027089
KCRDK,41,20,1,0.129056,0.039264,0.035203
BA,41,20,2,0.040797,0.014537,0.026077
KCRDK,41,20,1,0.110172,0.038544,0.033955
BA,41,20,2,0.047865,0.018718,0.028961
KCRDK,41,20,1,0.136627,0.041931,0.038731
BA,41,20,16,0.954586,0.710503,0.241687
KCRDK,41,20,1,0.135923,0.042819,0.036456
BA,41,20,4,0.099595,0.038976,0.060223
KCRDK,41,20,2,0.169391,0.046722,0.048361
BA,41,20,2,0.044763,0.007759,0.036843
KCRDK,41,20,1,0.126301,0.035594,0.039367
BA,41,20,13,0.529643,0.354922,0.17304
KCRDK,41,20,1,0.102495,0.035311,0.032765
BA,41,20,2,0.044244,0.015825,0.028193
KCRDK,41,20,1,0.112049,0.035725,0.037784
BA,41,20,4,0.108478,0.031507,0.076577
KCRDK,41,20,2,0.205405,0.07017,0.071038
BA,41,20,2,0.040195,0.011531,0.028522
KCRDK,41,20,1,0.11264,0.035244,0.038727
BA,41,20,4,0.103872,0.044387,0.059119
KCRDK,41,20,2,0.206798,0.067616,0.067096
BA,41,20,7,0.228016,0.132125,0.094955
KCRDK,41,20,1,0.112801,0.040366,0.034382
BA,41,20,11,0.424258,0.270426,0.152403
KCRDK,41,20,1,0.133847,0.041043,0.03713
BA,41,20,4,0.105698,0.049946,0.055209
KCRDK,41,20,2,0.198063,0.065393,0.054697
BA,41,20,20,7.42785,7.12627,0.298768
KCRDK,41,20,1,0.073357,0.021778,0.022559
BA,41,20,3,0.037674,0.015332,0.022253
KCRDK,41,20,1,0.075618,0.022502,0.024058
BA,41,20,4,0.053347,0.024162,0.029031
KCRDK,41,20,1,0.071217,0.021259,0.01965
BA,41,20,3,0.039439,0.013023,0.026335
KCRDK,41,20,2,0.113072,0.03267,0.030894
BA,41,20,12,0.316826,0.227347,0.088877
KCRDK,41,20,1,0.073054,0.022239,0.021558
BA,41,20,2,0.022717,0.0077,0.014953
KCRDK,41,20,1,0.061284,0.021603,0.020187
BA,41,20,3,0.036979,0.014993,0.021873
KCRDK,41,20,1,0.062898,0.020439,0.02221
BA,41,20,19,0.875652,0.728539,0.14612
KCRDK,41,20,1,0.07579,0.024732,0.027048
BA,41,20,7,0.162004,0.095429,0.066236
KCRDK,41,20,1,0.073967,0.025296,0.024542
BA,41,20,10,0.287794,0.18908,0.098196
KCRDK,41,20,1,0.064876,0.022308,0.021669
BA,41,20,15,0.488626,0.37038,0.11756
KCRDK,41,20,1,0.063067,0.021166,0.021527
BA,41,20,14,0.433865,0.331997,0.101284
KCRDK,41,20,1,0.07228,0.01928,0.021368
BA,41,20,10,0.209398,0.137519,0.071443
KCRDK,41,20,8,0.464709,0.155723,0.112825
BA,41,20,14,0.58743,0.45046,0.136227
KCRDK,41,20,1,0.067573,0.022712,0.023195
BA,41,20,3,0.036212,0.014071,0.022051
KCRDK,41,20,1,0.06432,0.021491,0.021448
BA,41,20,14,0.429575,0.322798,0.106119
KCRDK,41,20,1,0.073627,0.019981,0.021785
BA,41,20,4,0.053657,0.024199,0.029334
KCRDK,41,20,2,0.23003,0.071539,0.060738
BA,41,20,2,0.048507,0.017645,0.03068
KCRDK,41,20,1,0.124752,0.042614,0.041981
BA,41,20,2,0.050042,0.018619,0.031236
KCRDK,41,20,1,0.119205,0.041988,0.037747
BA,41,20,13,0.580507,0.389971,0.188647
KCRDK,41,20,1,0.117035,0.040866,0.038352
BA,41,20,11,0.450812,0.290101,0.159119
KCRDK,41,20,1,0.116635,0.040532,0.037076
BA,41,20,2,0.042675,0.015096,0.027401
KCRDK,41,20,1,0.11258,0.040477,0.034035
BA,41,20,17,0.946091,0.706521,0.237268
KCRDK,41,20,1,0.10782,0.037485,0.03748
BA,41,20,13,0.569078,0.38147,0.185743
KCRDK,41,20,1,0.110888,0.041392,0.036034
BA,41,20,2,0.026798,0.00741,0.019336
KCRDK,41,20,1,0.115317,0.041443,0.035731
BA,41,20,3,0.069685,0.030511,0.038865
KCRDK,41,20,2,0.202217,0.063855,0.058229
BA,41,20,14,0.684102,0.477433,0.204687
KCRDK,41,20,1,0.109286,0.038241,0.036855
BA,41,20,4,0.108132,0.051039,0.056649
KCRDK,41,20,3,0.295623,0.093247,0.074538
BA,41,20,13,0.581547,0.393544,0.186183
KCRDK,41,20,1,0.134689,0.041286,0.037618
BA,41,20,14,0.655361,0.442102,0.211499
KCRDK,41,20,1,0.112454,0.039792,0.034301
BA,41,20,11,0.497108,0.326014,0.169744
KCRDK,41,20,1,0.144077,0.044063,0.043603
BA,41,20,6,0.199554,0.107295,0.091344
KCRDK,41,20,1,0.139267,0.044063,0.040425
BA,41,20,9,0.351012,0.208781,0.13371
KCRDK,41,20,1,0.131286,0.039636,0.035659
BA,41,20,2,0.045494,0.016017,0.029245
KCRDK,41,20,1,0.048772,0.013962,0.015949
BA,41,20,16,0.833704,0.603847,0.227813
KCRDK,41,20,1,0.107633,0.041078,0.032627
BA,41,20,3,0.056446,0.02401,0.032214
KCRDK,41,20,1,0.131073,0.040673,0.031625
BA,41,20,4,0.106249,0.039511,0.066387
KCRDK,41,20,2,0.219827,0.073788,0.048069
BA,41,20,11,0.429166,0.280429,0.147375
KCRDK,41,20,1,0.137427,0.036592,0.041518
BA,41,20,4,0.100424,0.047425,0.05252
KCRDK,41,20,2,0.20014,0.070954,0.062692
BA,41,20,10,0.373085,0.233488,0.138322
KCRDK,41,20,1,0.117044,0.040048,0.038856
BA,41,20,16,0.847487,0.622712,0.222511
KCRDK,41,20,1,0.110823,0.039913,0.034162
BA,41,20,4,0.107027,0.051017,0.055451
KCRDK,41,20,5,0.467307,0.150256,0.120234
BA,41,20,8,0.266212,0.155468,0.109707
KCRDK,41,20,2,0.197377,0.065516,0.053747
BA,41,20,12,0.485571,0.314431,0.169567
KCRDK,41,20,1,0.136196,0.047159,0.034422
BA,41,20,14,0.607582,0.445323,0.160757
KCRDK,41,20,1,0.110668,0.038661,0.037477
BA,41,20,2,0.043905,0.012103,0.031617
KCRDK,41,20,1,0.107418,0.038441,0.033957
BA,41,20,5,0.136905,0.069142,0.06721
KCRDK,41,20,2,0.20091,0.060945,0.064413
BA,41,20,12,0.491016,0.313085,0.176326
KCRDK,41,20,1,0.113655,0.041642,0.034686
BA,41,20,3,0.066964,0.029289,0.037304
KCRDK,41,20,1,0.114414,0.040794,0.038038
BA,41,20,5,0.137396,0.060342,0.076484
KCRDK,41,20,3,0.284391,0.096514,0.072155
BA,41,20,7,0.227411,0.128179,0.098301
KCRDK,41,20,1,0.13214,0.040317,0.03612
BA,41,20,10,0.382134,0.238343,0.142456
KCRDK,41,20,1,0.131623,0.040431,0.038404
BA,41,20,4,0.105025,0.04859,0.055922
KCRDK,41,20,5,0.459486,0.146841,0.116558
BA,41,20,4,0.105882,0.042482,0.062965
KCRDK,41,20,2,0.198942,0.065824,0.055706
BA,41,20,11,0.442253,0.275603,0.15406
KCRDK,41,20,1,0.122644,0.038939,0.043722
BA,41,20,14,0.580791,0.413573,0.16561
KCRDK,41,20,1,0.124404,0.036512,0.037387
BA,41,20,12,0.51901,0.345053,0.172259
KCRDK,41,20,1,0.134845,0.035628,0.042406
BA,41,20,2,0.047181,0.016366,0.030644
KCRDK,41,20,1,0.137342,0.041556,0.038952
BA,41,20,5,0.143459,0.071769,0.071027
KCRDK,41,20,2,0.198628,0.071179,0.049873
BA,41,20,2,0.04456,0.018804,0.025566
KCRDK,41,20,1,0.112484,0.042743,0.03521
BA,41,20,4,0.103313,0.04933,0.053511
KCRDK,41,20,2,0.218145,0.067619,0.054057
BA,41,20,5,0.141419,0.065974,0.074785
KCRDK,41,20,2,0.193365,0.069578,0.055652
BA,41,20,3,0.073601,0.032738,0.040574
KCRDK,41,20,2,0.198998,0.071051,0.049425
BA,41,20,6,0.185919,0.101869,0.083291
KCRDK,41,20,1,0.132171,0.041952,0.03406
BA,41,20,2,0.044606,0.016123,0.028283
KCRDK,41,20,1,0.113913,0.040112,0.036783
BA,41,20,17,0.920841,0.670072,0.240081
KCRDK,41,20,1,0.116565,0.041585,0.036713
BA,41,20,2,0.044345,0.006882,0.037338
KCRDK,41,20,1,0.109511,0.039134,0.033011
BA,41,20,3,0.069092,0.028071,0.04072
KCRDK,41,20,2,0.199704,0.060677,0.053542
BA,41,20,17,0.93136,0.691214,0.237824
KCRDK,41,20,1,0.124979,0.039928,0.033763
BA,41,20,14,0.648793,0.440929,0.206036
KCRDK,41,20,1,0.115459,0.040333,0.035806
BA,41,20,3,0.07101,0.02306,0.047732
KCRDK,41,20,2,0.190178,0.067907,0.04965
BA,41,20,2,0.045971,0.01745,0.028334
KCRDK,41,20,1,0.115498,0.041502,0.033404
BA,41,20,12,0.516608,0.344099,0.170961
KCRDK,41,20,1,0.115119,0.040675,0.037109
BA,41,20,10,0.362752,0.224003,0.137288
KCRDK,41,20,1,0.113526,0.038899,0.035986
BA,41,20,10,0.382229,0.241281,0.139652
KCRDK,41,20,1,0.113951,0.039949,0.036075
BA,41,20,8,0.274676,0.159937,0.113799
KCRDK,41,20,2,0.214032,0.066007,0.060363
BA,41,20,2,0.04518,0.015647,0.029219
KCRDK,41,20,1,0.112322,0.043464,0.030708
BA,41,20,4,0.104857,0.043609,0.060745
KCRDK,41,20,1,0.108786,0.039013,0.032124
BA,41,20,3,0.068839,0.022959,0.045575
KCRDK,41,20,1,0.113098,0.039929,0.037216
BA,41,20,10,0.297198,0.181263,0.115141
KCRDK,41,20,1,0.115396,0.041091,0.038057
BA,41,20,3,0.065715,0.017998,0.047406
KCRDK,41,20,2,0.19376,0.072119,0.049393
BA,41,20,5,0.1439,0.074232,0.069157
KCRDK,41,20,1,0.114271,0.041874,0.032234
BA,41,20,3,0.076029,0.023687,0.052036
KCRDK,41,20,1,0.109857,0.041458,0.031407
BA,41,20,9,0.31584,0.189556,0.125113
KCRDK,41,20,1,0.133169,0.043166,0.034876
BA,41,20,2,0.044922,0.014873,0.029916
KCRDK,41,20,1,0.111244,0.034824,0.037547
BA,41,20,15,0.767952,0.548532,0.217285
KCRDK,41,20,1,0.118325,0.041548,0.037876
BA,41,40,3,0.069905,0.028484,0.041172
KCRDK,41,40,1,0.127526,0.03912,0.032341
BA,41,40,7,0.225292,0.120264,0.104233
KCRDK,41,40,1,0.116173,0.042064,0.037023
BA,41,40,11,0.433632,0.280236,0.151972
KCRDK,41,40,1,0.117868,0.042735,0.036334
BA,41,40,8,0.27033,0.156094,0.11318
KCRDK,41,40,2,0.194877,0.068402,0.048375
BA,41,40,8,0.277561,0.163377,0.113251
KCRDK,41,40,1,0.115275,0.040525,0.036559
BA,41,40,3,0.074618,0.023074,0.051246
KCRDK,41,40,1,0.111321,0.041926,0.032169
BA,41,40,12,0.426651,0.304429,0.120981
KCRDK,41,40,1,0.126968,0.040181,0.04448
BA,41,40,11,0.41602,0.255486,0.159175
KCRDK,41,40,1,0.13106,0.039489,0.037086
BA,41,40,12,0.484704,0.319905,0.163301
KCRDK,41,40,1,0.115089,0.037476,0.040909
BA,41,40,12,0.468717,0.30152,0.165664
KCRDK,41,40,2,0.201756,0.065776,0.05369
BA,41,40,15,0.773421,0.552722,0.218679
KCRDK,41,40,1,0.114598,0.040782,0.037063
BA,41,40,14,0.642139,0.446538,0.193543
KCRDK,41,40,1,0.116323,0.041884,0.038289
BA,41,40,2,0.04447,0.015222,0.029024
KCRDK,41,40,1,0.112953,0.040314,0.034294
BA,41,40,2,0.043746,0.016532,0.02701
KCRDK,41,40,1,0.135522,0.041042,0.038154
BA,41,40,3,0.071928,0.020819,0.050855
KCRDK,41,40,1,0.128285,0.039721,0.033581
BA,41,40,13,0.589963,0.404173,0.183913
KCRDK,41,40,1,0.115122,0.039755,0.037089
BA,41,40,10,0.382442,0.241604,0.139463
KCRDK,41,40,1,0.113498,0.040788,0.037652
BA,41,40,2,0.042584,0.015758,0.026656
KCRDK,41,40,1,0.11356,0.039164,0.034325
BA,41,40,15,0.70656,0.508898,0.195693
KCRDK,41,40,1,0.129935,0.03743,0.039997
BA,41,40,2,0.024344,0.006619,0.017671
KCRDK,41,40,1,0.112531,0.036312,0.038373
BA,41,40,2,0.036479,0.009738,0.026629
KCRDK,41,40,1,0.117335,0.038801,0.043418
BA,41,40,12,0.486377,0.308331,0.176504
KCRDK,41,40,1,0.130877,0.038491,0.042018
BA,41,40,6,0.182594,0.097152,0.084775
KCRDK,41,40,11,0.984733,0.308371,0.265593
BA,41,40,3,0.070532,0.022331,0.047912
KCRDK,41,40,1,0.11009,0.040592,0.031698
BA,41,40,3,0.073868,0.021916,0.051703
KCRDK,41,40,1,0.109037,0.039009,0.032941
BA,41,40,11,0.429709,0.264833,0.163425
KCRDK,41,40,1,0.133374,0.04173,0.037661
BA,41,40,5,0.138141,0.064029,0.073562
KCRDK,41,40,2,0.197885,0.059825,0.058958
BA,41,40,2,0.052961,0.007479,0.045345
KCRDK,41,40,1,0.112966,0.03993,0.03494
BA,41,40,13,0.480796,0.333582,0.143773
KCRDK,41,40,1,0.111085,0.035876,0.033338
BA,41,40,13,0.566048,0.386907,0.177433
KCRDK,41,40,1,0.109618,0.036727,0.038988
BA,41,40,15,0.750246,0.52713,0.221345
KCRDK,41,40,1,0.134941,0.043573,0.042955
BA,41,40,17,0.886743,0.655652,0.228789
KCRDK,41,40,1,0.114548,0.042356,0.033277
BA,41,40,17,0.923864,0.675024,0.24647
KCRDK,41,40,1,0.118697,0.039078,0.039458
BA,41,40,3,0.073564,0.030726,0.042475
KCRDK,41,40,2,0.202317,0.068314,0.056889
BA,41,40,8,0.266862,0.146724,0.119184
KCRDK,41,40,1,0.114858,0.04054,0.036819
BA,41,40,15,0.725616,0.515588,0.207883
KCRDK,41,40,1,0.130889,0.040861,0.036213
BA,41,40,15,0.736381,0.523249,0.211105
KCRDK,41,40,1,0.132591,0.041215,0.036557
BA,41,40,3,0.069677,0.028177,0.041184
KCRDK,41,40,2,0.194799,0.067781,0.047707
BA,41,40,2,0.024146,0.007179,0.016916
KCRDK,41,40,1,0.106039,0.036575,0.036388
BA,41,40,11,0.416456,0.254752,0.16036
KCRDK,41,40,1,0.120528,0.040747,0.027163
BA,41,40,4,0.101412,0.04698,0.053995
KCRDK,41,40,2,0.223748,0.069935,0.055853
BA,41,40,2,0.044158,0.015087,0.028898
KCRDK,41,40,1,0.117503,0.03977,0.037314
BA,41,40,2,0.039826,0.010859,0.028767
KCRDK,41,40,1,0.110766,0.04244,0.030396
BA,41,40,2,0.040837,0.014409,0.0261
KCRDK,41,40,1,0.117798,0.039917,0.038708
BA,41,40,8,0.265402,0.148328,0.116089
KCRDK,41,40,1,0.114432,0.042056,0.036777
BA,41,40,2,0.041935,0.006676,0.03513
KCRDK,41,40,1,0.131253,0.039287,0.034178
BA,41,40,8,0.281509,0.167803,0.11282
KCRDK,41,40,1,0.113516,0.04171,0.036412
BA,41,40,4,0.108138,0.051015,0.056688
KCRDK,41,40,2,0.196382,0.066878,0.052738
BA,41,40,10,0.365713,0.220288,0.144103
KCRDK,41,40,1,0.116591,0.041275,0.038145
BA,41,40,17,0.936646,0.692598,0.24157
KCRDK,41,40,1,0.118934,0.039694,0.040868
BA,41,40,2,0.043133,0.015008,0.027959
KCRDK,41,40,1,0.108424,0.039244,0.031396
BA,41,40,3,0.0409,0.015867,0.024921
KCRDK,41,40,1,0.121679,0.038549,0.032668
BA,41,40,4,0.103701,0.049372,0.05383
KCRDK,41,40,2,0.200726,0.06361,0.058106
BA,41,40,28,34.2057,33.8413,0.361135
KCRDK,41,40,2,0.113953,0.033335,0.034249
BA,41,40,2,0.02109,0.004624,0.016404
KCRDK,41,40,1,0.081242,0.023041,0.024189
BA,41,40,2,0.030617,0.010598,0.019967
KCRDK,41,40,1,0.078045,0.026565,0.026786
BA,41,40,3,0.049585,0.020099,0.029382
KCRDK,41,40,1,0.073556,0.023369,0.024737
BA,41,40,3,0.049247,0.016432,0.032714
KCRDK,41,40,2,0.137261,0.045683,0.039914
BA,41,40,15,0.635433,0.487963,0.146724
KCRDK,41,40,1,0.085262,0.024621,0.027219
BA,41,40,3,0.048718,0.017026,0.031591
KCRDK,41,40,2,0.230783,0.072201,0.05987
BA,41,40,3,0.080686,0.025973,0.054397
KCRDK,41,40,1,0.123038,0.04335,0.039992
BA,41,40,16,0.937592,0.690187,0.24504
KCRDK,41,40,1,0.116061,0.04089,0.036863
BA,41,40,4,0.106257,0.043797,0.062039
KCRDK,41,40,2,0.199975,0.066327,0.056011
BA,41,40,15,0.761966,0.535289,0.224751
KCRDK,41,40,1,0.110659,0.039023,0.033958
BA,41,40,10,0.372854,0.215517,0.156087
KCRDK,41,40,1,0.051442,0.015955,0.01678
BA,41,40,11,0.429149,0.273541,0.154107
KCRDK,41,40,1,0.123571,0.048401,0.036473
BA,41,40,16,0.824968,0.601874,0.220855
KCRDK,41,40,1,0.117492,0.0425,0.036185
BA,41,40,9,0.315722,0.19101,0.123493
KCRDK,41,40,1,0.111704,0.039665,0.035945
BA,41,40,12,0.493724,0.335406,0.15686
KCRDK,41,40,1,0.116694,0.041219,0.037402
BA,41,40,11,0.414617,0.266958,0.146348
KCRDK,41,40,1,0.115806,0.040842,0.03796
BA,41,40,15,0.732021,0.514641,0.215212
KCRDK,41,40,1,0.11744,0.042647,0.03844
BA,41,40,10,0.369289,0.219475,0.148367
KCRDK,41,40,1,0.135378,0.04254,0.036925
BA,41,40,6,0.189246,0.103268,0.085244
KCRDK,41,40,1,0.113706,0.040254,0.03479
BA,41,40,8,0.276953,0.16037,0.115581
KCRDK,41,40,7,0.639612,0.204891,0.158731
BA,41,40,15,0.72178,0.51912,0.200855
KCRDK,41,40,1,0.116537,0.041721,0.037466
BA,41,40,12,0.504072,0.330181,0.17234
KCRDK,41,40,1,0.113734,0.045751,0.03024
BA,41,40,19,1.38795,1.1124,0.273067
KCRDK,41,40,1,0.124015,0.039836,0.043977
BA,41,40,5,0.155245,0.076666,0.077954
KCRDK,41,40,1,0.142474,0.043491,0.038387
BA,41,40,5,0.171069,0.083622,0.086932
KCRDK,41,40,2,0.199571,0.069865,0.058995
BA,41,40,15,0.740485,0.515963,0.222344
KCRDK,41,40,1,0.135564,0.040863,0.038753
BA,41,40,12,0.495876,0.318854,0.175385
KCRDK,41,40,1,0.13053,0.039666,0.034505
BA,41,40,4,0.108107,0.052687,0.054935
KCRDK,41,40,1,0.114371,0.041014,0.034187
BA,41,40,2,0.044439,0.006819,0.037479
KCRDK,41,40,1,0.129443,0.04155,0.030759
BA,41,40,9,0.33084,0.196358,0.133152
KCRDK,41,40,1,0.133311,0.041323,0.035418
BA,41,40,11,0.446812,0.283391,0.161866
KCRDK,41,40,1,0.136199,0.041332,0.039059
BA,41,40,9,0.217752,0.12327,0.093831
KCRDK,41,40,1,0.110098,0.038687,0.037722
BA,41,40,12,0.518658,0.33862,0.178429
KCRDK,41,40,1,0.110177,0.032908,0.034491
BA,41,40,14,0.680714,0.486002,0.192947
KCRDK,41,40,1,0.135196,0.041305,0.038813
BA,41,40,4,0.102265,0.043181,0.058601
KCRDK,41,40,2,0.195226,0.07109,0.053656
BA,41,40,10,0.385207,0.233753,0.150107
KCRDK,41,40,1,0.129061,0.041835,0.033915
BA,41,40,3,0.07117,0.029559,0.041312
KCRDK,41,40,1,0.115498,0.045134,0.03473
BA,41,40,2,0.042946,0.015094,0.027704
KCRDK,41,40,1,0.121888,0.040354,0.044643
BA,41,40,8,0.272317,0.160893,0.110271
KCRDK,41,40,2,0.19816,0.065852,0.057234
BA,41,40,3,0.067602,0.026268,0.041005
KCRDK,41,40,2,0.203886,0.068852,0.05865
BA,41,40,2,0.042147,0.014559,0.027437
KCRDK,41,40,1,0.124405,0.040393,0.032752
BA,41,40,3,0.076694,0.032591,0.043796
KCRDK,41,40,2,0.192853,0.067235,0.050229
BA,41,40,6,0.190593,0.0928,0.097062
KCRDK,41,40,1,0.111291,0.040164,0.033642
BA,41,40,15,0.725267,0.521726,0.193826
KCRDK,41,40,1,0.126486,0.036002,0.037507
BA,41,40,5,0.139843,0.066318,0.072939
KCRDK,41,40,2,0.189874,0.057687,0.050366
BA,41,40,14,0.662007,0.44528,0.214905
KCRDK,41,40,1,0.119966,0.039531,0.044245
BA,41,60,14,0.670041,0.472998,0.195174
KCRDK,41,60,1,0.12087,0.044025,0.037064
BA,41,60,10,0.37343,0.220591,0.151572
KCRDK,41,60,1,0.138674,0.042581,0.038051
BA,41,60,12,0.505861,0.333731,0.170491
KCRDK,41,60,1,0.129876,0.040436,0.03533
BA,41,60,3,0.070353,0.023333,0.046758
KCRDK,41,60,1,0.131313,0.041294,0.035617
BA,41,60,4,0.109763,0.052348,0.056974
KCRDK,41,60,1,0.131665,0.039512,0.036372
BA,41,60,2,0.04514,0.01588,0.029051
KCRDK,41,60,1,0.113398,0.039961,0.035736
BA,41,60,4,0.107765,0.051331,0.055997
KCRDK,41,60,1,0.112283,0.040519,0.034598
BA,41,60,3,0.074793,0.033191,0.041289
KCRDK,41,60,2,0.196303,0.062209,0.051919
BA,41,60,14,0.625929,0.42537,0.198465
KCRDK,41,60,1,0.134262,0.041631,0.037481
BA,41,60,5,0.128151,0.052248,0.075432
KCRDK,41,60,2,0.207486,0.054585,0.055386
BA,41,60,13,0.56254,0.371316,0.18957
KCRDK,41,60,1,0.100852,0.03158,0.032491
BA,41,60,7,0.218901,0.123382,0.094793
KCRDK,41,60,1,0.127313,0.042558,0.031732
BA,41,60,17,0.939402,0.690539,0.246416
KCRDK,41,60,1,0.13194,0.038021,0.041046
BA,41,60,3,0.072038,0.029786,0.04195
KCRDK,41,60,2,0.197245,0.065482,0.056315
BA,41,60,5,0.1426,0.059373,0.082409
KCRDK,41,60,1,0.111292,0.041876,0.035157
BA,41,60,5,0.141955,0.071741,0.069587
KCRDK,41,60,2,0.213975,0.065951,0.05254
BA,41,60,10,0.387099,0.247528,0.13813
KCRDK,41,60,1,0.114731,0.039773,0.036409
BA,41,60,4,0.111669,0.054917,0.056186
KCRDK,41,60,1,0.127428,0.038867,0.032405
BA,41,60,12,0.498539,0.319601,0.177323
KCRDK,41,60,1,0.140898,0.040391,0.046472
BA,41,60,13,0.594822,0.396372,0.196573
KCRDK,41,60,1,0.128778,0.041047,0.036442
BA,41,60,11,0.436184,0.27849,0.156249
KCRDK,41,60,1,0.128273,0.035212,0.038776
BA,41,60,15,0.777525,0.553261,0.222023
KCRDK,41,60,1,0.12708,0.044075,0.034755
BA,41,60,21,1.76182,1.4659,0.29312
KCRDK,41,60,1,0.086187,0.024386,0.026666
BA,41,60,6,0.125359,0.066117,0.058955
KCRDK,41,60,3,0.182551,0.055346,0.052357
BA,41,60,13,0.440092,0.313531,0.125872
KCRDK,41,60,1,0.061892,0.020734,0.021363
BA,41,60,10,0.21037,0.136493,0.073452
KCRDK,41,60,1,0.062428,0.020415,0.020782
BA,41,60,2,0.026714,0.008586,0.018078
KCRDK,41,60,1,0.069634,0.021539,0.019129
BA,41,60,15,0.512243,0.395794,0.115622
KCRDK,41,60,1,0.077448,0.024505,0.027995
BA,41,60,19,1.14876,0.956194,0.191353
KCRDK,41,60,1,0.075,0.023259,0.027084
BA,41,60,10,0.276248,0.181352,0.094382
KCRDK,41,60,1,0.078737,0.027008,0.027574
BA,41,60,2,0.03143,0.010874,0.020503
KCRDK,41,60,1,0.071816,0.019853,0.020386
BA,41,60,14,0.414239,0.304118,0.109428
KCRDK,41,60,1,0.071909,0.020047,0.023713
BA,41,60,4,0.069433,0.028354,0.040845
KCRDK,41,60,2,0.111666,0.034006,0.035987
BA,41,60,12,0.386675,0.26899,0.117057
KCRDK,41,60,1,0.06598,0.021131,0.022108
BA,41,60,16,0.524111,0.396372,0.125
KCRDK,41,60,1,0.076482,0.024137,0.027465
BA,41,60,15,0.616841,0.466223,0.149759
KCRDK,41,60,1,0.086975,0.024682,0.027744
BA,41,60,14,0.504843,0.374277,0.129815
KCRDK,41,60,1,0.087736,0.02547,0.027668
BA,41,60,19,1.44418,1.24979,0.193245
KCRDK,41,60,1,0.08157,0.026586,0.030521
BA,41,60,3,0.049872,0.020539,0.029226
KCRDK,41,60,1,0.075162,0.024571,0.025833
BA,41,60,2,0.030005,0.010114,0.019825
KCRDK,41,60,1,0.075018,0.025719,0.025496
BA,41,60,18,0.868384,0.690499,0.176766
KCRDK,41,60,1,0.061675,0.019141,0.021218
BA,41,60,13,0.35862,0.263366,0.094689
KCRDK,41,60,1,0.063389,0.021401,0.021733
BA,41,60,2,0.025096,0.005272,0.019772
KCRDK,41,60,1,0.068653,0.018792,0.0199
BA,41,60,2,0.02398,0.00837,0.015547
KCRDK,41,60,1,0.073386,0.022207,0.020844
BA,41,60,2,0.022906,0.007944,0.01492
KCRDK,41,60,1,0.059147,0.019248,0.018709
BA,41,60,3,0.037454,0.015486,0.021883
KCRDK,41,60,1,0.062176,0.020375,0.021495
BA,41,60,3,0.038916,0.015614,0.0232
KCRDK,41,60,1,0.062073,0.01946,0.020748
BA,41,60,3,0.038999,0.015938,0.022974
KCRDK,41,60,2,0.139733,0.040761,0.038761
BA,41,60,3,0.052463,0.021755,0.0306
KCRDK,41,60,2,0.126048,0.039249,0.039086
BA,41,60,2,0.029613,0.009103,0.020428
KCRDK,41,60,1,0.072616,0.022323,0.024934
BA,41,60,5,0.076833,0.038014,0.038627
KCRDK,41,60,2,0.12886,0.040372,0.03935
BA,41,60,13,0.465575,0.339123,0.125725
KCRDK,41,60,1,0.07367,0.022883,0.026181
BA,41,60,2,0.025702,0.006084,0.019534
KCRDK,41,60,1,0.059767,0.019027,0.0196
BA,41,60,2,0.022259,0.007135,0.015071
KCRDK,41,60,1,0.073342,0.023329,0.025373
BA,41,60,4,0.069016,0.031018,0.037839
KCRDK,41,60,2,0.141937,0.04318,0.039478
BA,41,60,2,0.028459,0.009464,0.018926
KCRDK,41,60,1,0.075289,0.025774,0.025096
BA,41,60,3,0.049862,0.020422,0.029313
KCRDK,41,60,1,0.07509,0.023181,0.026238
BA,41,60,10,0.269094,0.176084,0.092505
KCRDK,41,60,1,0.074097,0.022431,0.022859
BA,41,60,14,0.418466,0.307446,0.10841
KCRDK,41,60,1,0.070448,0.018719,0.02223
BA,41,60,12,0.306283,0.219383,0.086377
KCRDK,41,60,1,0.060395,0.019637,0.020703
BA,41,60,21,11.9746,11.8021,0.17135
KCRDK,41,60,1,0.073585,0.019075,0.021806
BA,41,60,15,0.467069,0.353441,0.112962
KCRDK,41,60,1,0.069797,0.021301,0.026827
BA,41,60,12,0.312862,0.220351,0.092022
KCRDK,41,60,1,0.072291,0.020317,0.021562
BA,41,60,15,0.523105,0.406034,0.116376
KCRDK,41,60,1,0.063179,0.02135,0.021538
BA,41,60,16,0.520856,0.395557,0.124541
KCRDK,41,60,1,0.063273,0.020311,0.021223
BA,41,60,11,0.240896,0.160125,0.080332
KCRDK,41,60,1,0.076486,0.024869,0.027575
BA,41,60,15,0.644128,0.494817,0.145868
KCRDK,41,60,1,0.075874,0.023538,0.026983
BA,41,60,8,0.205307,0.129259,0.075692
KCRDK,41,60,1,0.075579,0.02361,0.026859
BA,41,60,8,0.202833,0.126225,0.076181
KCRDK,41,60,1,0.07803,0.025224,0.028604
BA,41,60,18,0.908942,0.73702,0.170816
KCRDK,41,60,1,0.063498,0.021482,0.021842
BA,41,60,5,0.073078,0.036407,0.036512
KCRDK,41,60,4,0.233403,0.068458,0.066727
BA,41,60,13,0.477228,0.349822,0.126686
KCRDK,41,60,1,0.082694,0.023677,0.026707
BA,41,60,12,0.34914,0.248012,0.100493
KCRDK,41,60,1,0.077765,0.025712,0.026988
BA,41,60,2,0.028871,0.009452,0.019335
KCRDK,41,60,1,0.073906,0.024853,0.024623
BA,41,60,2,0.031164,0.010597,0.020504
KCRDK,41,60,1,0.083976,0.023555,0.024533
BA,41,60,4,0.069029,0.03107,0.037786
KCRDK,41,60,2,0.126235,0.03876,0.039397
BA,41,60,14,0.387869,0.279034,0.108131
KCRDK,41,60,1,0.072956,0.019872,0.021434
BA,41,60,13,0.3715,0.274395,0.096575
KCRDK,41,60,1,0.065762,0.022519,0.023242
BA,41,60,14,0.439006,0.331408,0.10697
KCRDK,41,60,1,0.091573,0.024518,0.029002
BA,41,60,7,0.162884,0.09585,0.066751
KCRDK,41,60,1,0.083053,0.023817,0.024377
BA,41,60,10,0.291509,0.196062,0.094936
KCRDK,41,60,1,0.07895,0.021616,0.02446
BA,41,60,3,0.037957,0.012946,0.024888
KCRDK,41,60,1,0.069816,0.021242,0.019346
BA,41,60,2,0.023855,0.008012,0.015784
KCRDK,41,60,1,0.060697,0.019102,0.019976
BA,41,60,10,0.214816,0.139066,0.075304
KCRDK,41,60,1,0.088032,0.026234,0.028275
BA,41,60,4,0.072394,0.029513,0.042729
KCRDK,41,60,2,0.125977,0.03835,0.038351
BA,41,60,5,0.093642,0.046098,0.04729
KCRDK,41,60,2,0.13036,0.038733,0.037292
BA,41,60,3,0.047668,0.016728,0.03083
KCRDK,41,60,1,0.077474,0.025361,0.026635
BA,41,60,2,0.028729,0.009483,0.019182
KCRDK,41,60,1,0.07175,0.020417,0.022417
BA,41,60,5,0.072878,0.033088,0.039606
KCRDK,41,60,2,0.125922,0.038998,0.040239
BA,41,60,20,3.01933,2.82117,0.196948
KCRDK,41,60,1,0.07485,0.024612,0.027296
BA,41,60,13,0.37931,0.275708,0.103015
KCRDK,41,60,1,0.077809,0.026289,0.027881
BA,41,60,4,0.072567,0.033616,0.038792
KCRDK,41,60,2,0.128429,0.042909,0.036607
BA,41,60,3,0.053243,0.020368,0.032744
KCRDK,41,60,1,0.072663,0.023807,0.024574
BA,41,60,3,0.048231,0.019524,0.028572
KCRDK,41,60,1,0.084735,0.024121,0.025495
BA,41,60,10,0.306825,0.205447,0.100942
KCRDK,41,60,1,0.079049,0.026456,0.02864
BA,41,60,5,0.099668,0.050831,0.048635
KCRDK,41,60,3,0.191292,0.057091,0.05144
BA,41,60,4,0.070025,0.032565,0.037287
KCRDK,41,60,1,0.042529,0.014229,0.014949
BA,41,60,3,0.03422,0.013166,0.02097
KCRDK,41,60,2,0.099906,0.029788,0.029653
BA,41,60,8,0.1524,0.08968,0.062444
KCRDK,41,60,1,0.119294,0.039579,0.038561
BA,41,60,3,0.077111,0.024953,0.051844
KCRDK,41,60,1,0.116286,0.044408,0.035758
BA,41,80,4,0.11331,0.049649,0.063178
KCRDK,41,80,1,0.114849,0.038961,0.038833
BA,41,80,3,0.079089,0.035743,0.042983
KCRDK,41,80,1,0.111514,0.035909,0.037744
BA,41,80,3,0.073498,0.023617,0.049554
KCRDK,41,80,1,0.129757,0.038951,0.03563
BA,41,80,3,0.077461,0.034816,0.042319
KCRDK,41,80,1,0.111716,0.039843,0.034263
BA,41,80,3,0.076616,0.03375,0.042486
KCRDK,41,80,1,0.113534,0.039993,0.034872
BA,41,80,2,0.043055,0.01447,0.028406
KCRDK,41,80,1,0.126917,0.039098,0.03314
BA,41,80,2,0.043685,0.015932,0.027608
KCRDK,41,80,1,0.116216,0.039638,0.037491
BA,41,80,4,0.108869,0.038436,0.069934
KCRDK,41,80,2,0.196031,0.066546,0.051596
BA,41,80,4,0.100794,0.045214,0.055129
KCRDK,41,80,2,0.198875,0.065792,0.0566
BA,41,80,7,0.223743,0.125365,0.097453
KCRDK,41,80,3,0.298798,0.091528,0.083994
BA,41,80,4,0.107411,0.05116,0.055797
KCRDK,41,80,2,0.109527,0.031307,0.03511
BA,41,80,13,0.597,0.40337,0.191806
KCRDK,41,80,1,0.122712,0.040099,0.045616
BA,41,80,5,0.146675,0.055305,0.090751
KCRDK,41,80,3,0.290035,0.097513,0.080387
BA,41,80,4,0.108296,0.050259,0.057615
KCRDK,41,80,5,0.477909,0.154298,0.115034
BA,41,80,2,0.045718,0.01569,0.029848
KCRDK,41,80,1,0.11669,0.044355,0.035927
BA,41,80,8,0.277302,0.150398,0.126011
KCRDK,41,80,1,0.10889,0.039823,0.032152
BA,41,80,16,0.786168,0.561183,0.222818
KCRDK,41,80,1,0.137844,0.042736,0.040687
BA,41,80,14,0.665317,0.462148,0.201333
KCRDK,41,80,1,0.115401,0.041211,0.037427
BA,41,80,3,0.074828,0.031866,0.04264
KCRDK,41,80,1,0.108152,0.039595,0.03093
BA,41,80,3,0.074439,0.033287,0.040848
KCRDK,41,80,2,0.217434,0.06564,0.056261
BA,41,80,5,0.145317,0.067188,0.077539
KCRDK,41,80,2,0.206155,0.069913,0.059966
BA,41,80,9,0.288873,0.17462,0.113281
KCRDK,41,80,1,0.125521,0.04008,0.03651
BA,41,80,14,0.621261,0.427835,0.1897
KCRDK,41,80,1,0.131232,0.03773,0.038662
BA,41,80,7,0.215134,0.111528,0.102749
KCRDK,41,80,1,0.114951,0.036017,0.039882
BA,41,80,10,0.370784,0.21967,0.14987
KCRDK,41,80,1,0.11504,0.042143,0.035202
BA,41,80,14,0.61969,0.420592,0.19729
KCRDK,41,80,1,0.114159,0.036455,0.038346
BA,41,80,12,0.514699,0.33675,0.175895
KCRDK,41,80,1,0.134532,0.042134,0.038852
BA,41,80,20,4.44956,4.16643,0.280359
KCRDK,41,80,1,0.065246,0.021527,0.023027
BA,41,80,12,0.301281,0.212699,0.088106
KCRDK,41,80,1,0.062669,0.019344,0.021959
BA,41,80,2,0.023614,0.007976,0.015594
KCRDK,41,80,1,0.06717,0.022076,0.022851
BA,41,80,12,0.413498,0.29861,0.11432
KCRDK,41,80,1,0.077239,0.024039,0.027684
BA,41,80,2,0.028966,0.009565,0.019339
KCRDK,41,80,1,0.082104,0.023492,0.023489
BA,41,80,14,0.547782,0.405381,0.141661
KCRDK,41,80,1,0.086365,0.02354,0.027509
BA,41,80,2,0.02927,0.010193,0.01903
KCRDK,41,80,1,0.073052,0.023079,0.025631
BA,41,80,4,0.068017,0.027782,0.040068
KCRDK,41,80,2,0.136918,0.042909,0.036465
BA,41,80,7,0.153508,0.08695,0.06625
KCRDK,41,80,1,0.086568,0.024533,0.027362
BA,41,80,13,0.470677,0.344088,0.125936
KCRDK,41,80,1,0.077944,0.023146,0.028306
BA,41,80,7,0.157023,0.090738,0.065974
KCRDK,41,80,1,0.075251,0.024835,0.026144
BA,41,80,2,0.030387,0.010219,0.020105
KCRDK,41,80,1,0.060588,0.019056,0.020173
BA,41,80,3,0.037694,0.012509,0.025108
KCRDK,41,80,2,0.115236,0.033548,0.030328
BA,41,80,12,0.299617,0.211989,0.087091
KCRDK,41,80,1,0.140119,0.043873,0.039529
BA,41,80,15,0.864046,0.626796,0.235101
KCRDK,41,80,1,0.14443,0.045583,0.042776
BA,41,80,20,1.40932,1.11176,0.292532
KCRDK,41,80,1,0.139459,0.043645,0.042463
BA,41,80,16,0.941604,0.705586,0.233782
KCRDK,41,80,1,0.143511,0.039572,0.043795
BA,41,80,12,0.503111,0.326563,0.17489
KCRDK,41,80,1,0.107415,0.038163,0.034129
BA,41,80,2,0.042174,0.014761,0.027247
KCRDK,41,80,1,0.114984,0.036786,0.038462
BA,41,80,9,0.323558,0.195966,0.126293
KCRDK,41,80,1,0.121099,0.03667,0.033967
BA,41,80,16,0.836953,0.59446,0.240188
KCRDK,41,80,1,0.130473,0.039952,0.037121
BA,41,80,3,0.071741,0.03148,0.03995
KCRDK,41,80,2,0.197583,0.066362,0.053445
BA,41,80,3,0.075511,0.033495,0.041705
KCRDK,41,80,2,0.197891,0.065247,0.054231
BA,41,80,2,0.04632,0.016622,0.029485
KCRDK,41,80,1,0.114449,0.041107,0.035307
BA,41,80,3,0.072242,0.031226,0.040762
KCRDK,41,80,2,0.222067,0.071701,0.055131
BA,41,80,2,0.047974,0.015645,0.032122
KCRDK,41,80,1,0.121382,0.039628,0.04447
BA,41,80,2,0.043347,0.01437,0.028827
KCRDK,41,80,1,0.110459,0.034774,0.035899
BA,41,80,3,0.035203,0.014838,0.020234
KCRDK,41,80,2,0.194831,0.058165,0.053979
BA,41,80,10,0.362885,0.225276,0.136323
KCRDK,41,80,1,0.122095,0.035891,0.035583
BA,41,80,4,0.101544,0.047718,0.053387
KCRDK,41,80,2,0.199095,0.062374,0.061109
BA,41,80,7,0.220919,0.122961,0.097147
KCRDK,41,80,1,0.112858,0.045498,0.032217
BA,41,80,15,0.726862,0.524313,0.200598
KCRDK,41,80,1,0.119759,0.03974,0.044178
BA,41,80,4,0.105235,0.048179,0.05667
KCRDK,41,80,2,0.219739,0.068925,0.059119
BA,41,80,5,0.141623,0.063619,0.077342
KCRDK,41,80,3,0.288452,0.097776,0.074954
BA,41,80,3,0.073113,0.030522,0.042291
KCRDK,41,80,1,0.112159,0.040385,0.034219
BA,41,80,17,0.931471,0.670356,0.258753
KCRDK,41,80,1,0.116878,0.044764,0.032668
BA,41,80,11,0.455498,0.290803,0.16315
KCRDK,41,80,1,0.119064,0.041591,0.039057
BA,41,80,14,0.653867,0.447218,0.204617
KCRDK,41,80,1,0.070815,0.025494,0.031221
BA,41,80,3,0.073284,0.029712,0.043315
KCRDK,41,80,2,0.226462,0.069802,0.056537
BA,41,80,8,0.266981,0.153557,0.112411
KCRDK,41,80,7,0.658063,0.20207,0.149666
BA,41,80,12,0.494182,0.324085,0.168568
KCRDK,41,80,1,0.136188,0.042696,0.04237
BA,41,80,3,0.073651,0.024692,0.048674
KCRDK,41,80,1,0.112721,0.038659,0.033811
BA,41,80,10,0.377661,0.236976,0.139373
KCRDK,41,80,1,0.129221,0.038643,0.034384
BA,41,80,9,0.321623,0.188804,0.131805
KCRDK,41,80,1,0.119277,0.041162,0.039852
BA,41,80,6,0.179006,0.094855,0.083511
KCRDK,41,80,6,0.549897,0.174033,0.142246
BA,41,80,8,0.278121,0.164404,0.112622
KCRDK,41,80,1,0.116487,0.042787,0.036203
BA,41,80,4,0.103522,0.047847,0.055208
KCRDK,41,80,2,0.196551,0.066677,0.056256
BA,41,80,13,0.504928,0.345964,0.157298
KCRDK,41,80,1,0.133817,0.038996,0.04029
BA,41,80,3,0.056672,0.021033,0.035355
KCRDK,41,80,1,0.108602,0.043401,0.029926
BA,41,80,5,0.146292,0.06138,0.084306
KCRDK,41,80,2,0.200801,0.068653,0.060343
BA,41,80,4,0.100916,0.046887,0.05368
KCRDK,41,80,2,0.21051,0.062108,0.05458
BA,41,80,3,0.075525,0.029588,0.045666
KCRDK,41,80,1,0.112719,0.041303,0.03298
BA,41,80,6,0.181727,0.087821,0.093289
KCRDK,41,80,1,0.114026,0.044561,0.029653
BA,41,80,12,0.493212,0.312265,0.179483
KCRDK,41,80,1,0.119492,0.041828,0.039602
BA,41,80,5,0.14116,0.063578,0.077035
KCRDK,41,80,1,0.129817,0.039375,0.037391
BA,41,80,2,0.045095,0.017174,0.027772
KCRDK,41,80,1,0.127988,0.040337,0.033296
BA,41,80,3,0.071036,0.029016,0.041679
KCRDK,41,80,1,0.108523,0.039928,0.033047
BA,41,80,4,0.103416,0.047133,0.055812
KCRDK,41,80,4,0.376638,0.121979,0.107192
BA,41,80,3,0.07363,0.024937,0.048441
KCRDK,41,80,1,0.126517,0.038905,0.033325
BA,41,80,3,0.072631,0.032002,0.040272
KCRDK,41,80,2,0.201102,0.066114,0.057654
BA,41,80,3,0.035209,0.013619,0.021494
KCRDK,41,80,2,0.191179,0.058912,0.056346
BA,41,80,3,0.080826,0.033604,0.046885
KCRDK,41,80,1,0.113385,0.042563,0.033374
BA,41,80,2,0.038773,0.014514,0.024096
KCRDK,41,80,1,0.114732,0.045449,0.032344
BA,41,80,19,1.18201,0.910482,0.268954
KCRDK,41,80,1,0.110293,0.037541,0.037788
BA,41,80,12,0.527562,0.354154,0.171718
KCRDK,41,80,1,0.111457,0.043207,0.036584
BA,41,80,13,0.575593,0.385574,0.188237
KCRDK,41,80,1,0.115173,0.040788,0.038978
BA,41,80,16,0.891419,0.665547,0.223525
KCRDK,41,80,1,0.126976,0.039072,0.031801
BA,41,80,2,0.04373,0.016221,0.027284
KCRDK,41,80,1,0.109949,0.041012,0.03135
BA,41,80,10,0.379044,0.2322,0.145473
KCRDK,41,80,1,0.114966,0.039989,0.037085
BA,41,80,16,0.858556,0.606478,0.249732
KCRDK,41,80,1,0.116265,0.041564,0.038264
BA,41,80,3,0.072059,0.031265,0.040419
KCRDK,41,80,1,0.109018,0.039187,0.032626
BA,41,80,4,0.102232,0.041204,0.060653
KCRDK,41,80,2,0.186937,0.063151,0.058317
BA,41,80,2,0.042735,0.012268,0.030339
KCRDK,41,80,1,0.111923,0.039781,0.034371
BA,41,100,8,0.240751,0.133245,0.106527
KCRDK,41,100,2,0.195841,0.072988,0.046431
BA,41,100,14,0.651111,0.459127,0.19019
KCRDK,41,100,1,0.113994,0.04298,0.035371
BA,41,100,2,0.050772,0.016406,0.034206
KCRDK,41,100,1,0.11533,0.048979,0.030146
BA,41,100,4,0.10319,0.045646,0.057189
KCRDK,41,100,2,0.20002,0.063893,0.060999
BA,41,100,17,0.972357,0.720061,0.241251
KCRDK,41,100,1,0.11407,0.039313,0.036217
BA,41,100,11,0.457573,0.300922,0.155369
KCRDK,41,100,1,0.110835,0.038727,0.035214
BA,41,100,14,0.660277,0.451729,0.206484
KCRDK,41,100,1,0.110408,0.0406,0.031976
BA,41,100,2,0.04255,0.016319,0.026013
KCRDK,41,100,1,0.113281,0.041371,0.033364
BA,41,100,2,0.042134,0.014133,0.027814
KCRDK,41,100,1,0.116223,0.041115,0.036551
BA,41,100,4,0.103669,0.040137,0.063137
KCRDK,41,100,2,0.199077,0.067642,0.052948
BA,41,100,4,0.109909,0.052025,0.057391
KCRDK,41,100,2,0.209036,0.065796,0.057334
BA,41,100,3,0.065109,0.023907,0.040916
KCRDK,41,100,1,0.120346,0.042665,0.038183
BA,41,100,2,0.040182,0.014701,0.025329
KCRDK,41,100,1,0.101631,0.037237,0.03073
BA,41,100,14,0.662327,0.455092,0.205253
KCRDK,41,100,1,0.132215,0.042079,0.037218
BA,41,100,3,0.073145,0.023413,0.049334
KCRDK,41,100,2,0.201802,0.071538,0.054547
BA,41,100,4,0.098032,0.043541,0.054065
KCRDK,41,100,2,0.199257,0.075396,0.050856
BA,41,100,11,0.444644,0.285248,0.158149
KCRDK,41,100,1,0.132126,0.039971,0.036602
BA,41,100,3,0.078726,0.030396,0.047947
KCRDK,41,100,1,0.128642,0.043141,0.030394
BA,41,100,5,0.139791,0.070001,0.069151
KCRDK,41,100,3,0.29083,0.099632,0.076142
BA,41,100,5,0.14508,0.073383,0.070998
KCRDK,41,100,2,0.194748,0.066074,0.051485
BA,41,100,2,0.044206,0.015459,0.028572
KCRDK,41,100,1,0.115898,0.039239,0.038001
BA,41,100,18,1.04964,0.798574,0.248506
KCRDK,41,100,1,0.112634,0.039735,0.036257
BA,41,100,15,0.662973,0.483629,0.17782
KCRDK,41,100,1,0.116709,0.04376,0.033284
BA,41,100,16,0.810274,0.586652,0.221516
KCRDK,41,100,1,0.11492,0.034643,0.041144
BA,41,100,2,0.040839,0.015954,0.024713
KCRDK,41,100,1,0.1306,0.039496,0.036163
BA,41,100,3,0.083054,0.032657,0.04998
KCRDK,41,100,2,0.196142,0.071244,0.047937
BA,41,100,17,0.968769,0.719274,0.247122
KCRDK,41,100,1,0.114314,0.041868,0.033745
BA,41,100,3,0.069917,0.030348,0.039239
KCRDK,41,100,2,0.216593,0.066876,0.054847
BA,41,100,10,0.366736,0.221471,0.136361
KCRDK,41,100,1,0.114142,0.040504,0.035355
BA,41,100,12,0.489274,0.31999,0.167618
KCRDK,41,100,1,0.113097,0.04056,0.035279
BA,41,100,4,0.103437,0.048974,0.053958
KCRDK,41,100,1,0.133198,0.039101,0.037823
BA,41,100,19,1.3922,1.12337,0.266077
KCRDK,41,100,1,0.115356,0.039654,0.037253
BA,41,100,5,0.144629,0.073804,0.070239
KCRDK,41,100,9,0.791183,0.251377,0.200563
BA,41,100,8,0.264503,0.149108,0.114426
KCRDK,41,100,2,0.195217,0.06138,0.060279
BA,41,100,6,0.183778,0.096744,0.086399
KCRDK,41,100,1,0.12783,0.039263,0.031948
BA,41,100,3,0.071745,0.022081,0.049344
KCRDK,41,100,2,0.189799,0.068076,0.058827
BA,41,100,3,0.070073,0.020278,0.049595
KCRDK,41,100,1,0.107449,0.039156,0.03113
BA,41,100,6,0.185851,0.101748,0.083188
KCRDK,41,100,6,0.554674,0.178436,0.1406
BA,41,100,7,0.226347,0.127185,0.098088
KCRDK,41,100,1,0.113623,0.040252,0.034905
BA,41,100,20,2.22922,1.93912,0.28723
KCRDK,41,100,1,0.137699,0.042612,0.040207
BA,41,100,13,0.553701,0.387155,0.164946
KCRDK,41,100,1,0.10704,0.035964,0.038234
BA,41,100,12,0.522267,0.351849,0.168908
KCRDK,41,100,1,0.109417,0.02931,0.032545
BA,41,100,2,0.040149,0.013751,0.026214
KCRDK,41,100,1,0.111438,0.038031,0.035667
BA,41,100,2,0.046708,0.012848,0.033725
KCRDK,41,100,1,0.132834,0.039229,0.034203
BA,41,100,16,0.864043,0.640705,0.221299
KCRDK,41,100,1,0.114671,0.043325,0.034089
BA,41,100,14,0.663779,0.468435,0.193473
KCRDK,41,100,1,0.112047,0.039063,0.035584
BA,41,100,15,0.749201,0.53265,0.214296
KCRDK,41,100,1,0.123796,0.041881,0.043593
BA,41,100,2,0.041,0.012866,0.027997
KCRDK,41,100,1,0.130986,0.040319,0.036734
BA,41,100,4,0.108999,0.042779,0.065781
KCRDK,41,100,1,0.113675,0.039458,0.035922
BA,41,100,17,0.92541,0.684655,0.23845
KCRDK,41,100,1,0.1178,0.045439,0.034699
BA,41,100,7,0.223153,0.117062,0.105258
KCRDK,41,100,3,0.286016,0.092764,0.075852
BA,41,100,4,0.105542,0.049931,0.055185
KCRDK,41,100,2,0.206644,0.062988,0.053983
BA,41,100,2,0.040592,0.014099,0.026349
KCRDK,41,100,1,0.10801,0.036202,0.036557
BA,41,100,2,0.045251,0.006629,0.038507
KCRDK,41,100,1,0.107786,0.038336,0.03429
BA,41,100,2,0.043534,0.015125,0.028246
KCRDK,41,100,1,0.113318,0.035458,0.038065
BA,41,100,10,0.374677,0.221462,0.152017
KCRDK,41,100,1,0.120097,0.037289,0.046555
BA,41,100,4,0.112235,0.051023,0.060654
KCRDK,41,100,1,0.12468,0.041865,0.042025
BA,41,100,5,0.157795,0.080216,0.077011
KCRDK,41,100,2,0.231816,0.072632,0.06322
BA,41,100,15,0.849462,0.622897,0.224522
KCRDK,41,100,1,0.145063,0.046188,0.042433
BA,41,100,2,0.045646,0.015211,0.030275
KCRDK,41,100,1,0.122861,0.042352,0.04036
BA,41,100,3,0.080548,0.034113,0.04612
KCRDK,41,100,1,0.139553,0.043552,0.039257
BA,41,100,16,0.862244,0.599309,0.260617
KCRDK,41,100,1,0.114384,0.040469,0.035942
BA,41,100,3,0.073713,0.032426,0.040944
KCRDK,41,100,1,0.111275,0.04147,0.033929
BA,41,100,8,0.267813,0.146602,0.120114
KCRDK,41,100,2,0.1944,0.061509,0.054062
BA,41,100,3,0.061376,0.027193,0.033966
KCRDK,41,100,1,0.109981,0.036521,0.03776
BA,41,100,3,0.069451,0.028537,0.040622
KCRDK,41,100,2,0.202483,0.065911,0.056669
BA,41,100,2,0.040951,0.007043,0.033734
KCRDK,41,100,1,0.108956,0.038652,0.032827
BA,41,100,2,0.043795,0.00658,0.03712
KCRDK,41,100,1,0.116049,0.046815,0.033451
BA,41,100,17,0.99225,0.741614,0.248586
KCRDK,41,100,1,0.123713,0.040613,0.04644
BA,41,100,9,0.311077,0.179115,0.13066
KCRDK,41,100,1,0.114818,0.044242,0.035236
BA,41,100,3,0.074976,0.030956,0.043714
KCRDK,41,100,2,0.211646,0.065063,0.051818
BA,41,100,3,0.071538,0.028831,0.042435
KCRDK,41,100,1,0.128026,0.039938,0.034695
BA,41,100,3,0.072021,0.029667,0.041996
KCRDK,41,100,1,0.126135,0.039364,0.031498
BA,41,100,4,0.107572,0.04202,0.065146
KCRDK,41,100,2,0.216821,0.067344,0.05386
BA,41,100,7,0.22285,0.116568,0.105519
KCRDK,41,100,1,0.111395,0.041382,0.031562
BA,41,100,6,0.186198,0.102858,0.08258
KCRDK,41,100,5,0.476372,0.150788,0.125318
BA,41,100,13,0.567667,0.37556,0.190527
KCRDK,41,100,1,0.129464,0.037857,0.039039
BA,41,100,8,0.235808,0.131557,0.103224
KCRDK,41,100,2,0.198698,0.064649,0.060314
BA,41,100,3,0.075397,0.030459,0.044616
KCRDK,41,100,1,0.115936,0.041494,0.031988
BA,41,100,16,0.861694,0.620713,0.238791
KCRDK,41,100,1,0.129324,0.040997,0.036862
BA,41,100,4,0.102813,0.048521,0.053885
KCRDK,41,100,2,0.195984,0.065536,0.053164
BA,41,100,4,0.108298,0.043559,0.06432
KCRDK,41,100,2,0.202399,0.067447,0.05854
BA,41,100,17,0.99065,0.744465,0.24359
KCRDK,41,100,1,0.134462,0.041463,0.037697
BA,41,100,11,0.486697,0.29382,0.155976
KCRDK,41,100,1,0.135747,0.041529,0.038012
BA,41,100,2,0.04387,0.016421,0.027224
KCRDK,41,100,1,0.128354,0.03982,0.033403
BA,41,100,15,0.744257,0.521929,0.220367
KCRDK,41,100,1,0.119119,0.041491,0.039544
BA,41,100,16,0.772469,0.546504,0.223771
KCRDK,41,100,1,0.113078,0.040622,0.036372
BA,41,100,3,0.059806,0.019393,0.040214
KCRDK,41,100,2,0.188058,0.0659,0.050276
BA,41,100,3,0.070784,0.029753,0.04076
KCRDK,41,100,2,0.222615,0.071954,0.053207
BA,41,100,6,0.194842,0.102421,0.091712
KCRDK,41,100,1,0.113756,0.03868,0.038346
BA,41,100,10,0.366314,0.223905,0.141117
KCRDK,41,100,1,0.108803,0.04104,0.030398
BA,41,100,8,0.27736,0.157371,0.119103
KCRDK,41,100,2,0.204205,0.068243,0.055424
BA,41,100,12,0.525799,0.34526,0.17871
KCRDK,41,100,1,0.113878,0.040868,0.035955
BA,41,100,13,0.57067,0.383131,0.185717
KCRDK,41,100,1,0.118204,0.041906,0.0376
BA,41,100,5,0.147268,0.076374,0.070216
KCRDK,41,100,4,0.363437,0.124635,0.082559
BA,41,100,4,0.104679,0.041833,0.062466
KCRDK,41,100,2,0.213533,0.068749,0.049258
BA,41,100,10,0.376362,0.218695,0.156216
KCRDK,41,100,1,0.113773,0.039132,0.037294
BA,41,100,3,0.072785,0.025093,0.047434
KCRDK,41,100,2,0.191721,0.060116,0.056964
BA,41,100,3,0.072512,0.022741,0.049526
KCRDK,41,100,2,0.20945,0.073321,0.055456
BA,41,100,10,0.346844,0.20907,0.136577
KCRDK,41,100,1,0.138162,0.04163,0.039207
BA,51,0,12,0.59046,0.353679,0.235252
KCRDK,51,0,1,0.158484,0.055602,0.048186
BA,51,0,8,0.331402,0.147338,0.182974
KCRDK,51,0,1,0.154685,0.053373,0.048997
BA,51,0,20,1.56994,1.14159,0.42555
KCRDK,51,0,1,0.153166,0.051201,0.051454
BA,51,0,4,0.136295,0.055652,0.080251
KCRDK,51,0,1,0.153364,0.053181,0.048764
BA,51,0,2,0.057529,0.016579,0.040812
KCRDK,51,0,1,0.152928,0.053263,0.049432
BA,51,0,4,0.13745,0.055646,0.081365
KCRDK,51,0,1,0.17374,0.050766,0.052445
BA,51,0,20,3.41529,3.00585,0.406593
KCRDK,51,0,1,0.165636,0.053571,0.059366
BA,51,0,3,0.096843,0.036265,0.06026
KCRDK,51,0,1,0.158076,0.049755,0.052162
BA,51,0,14,0.782479,0.500854,0.279727
KCRDK,51,0,1,0.173612,0.053983,0.047777
BA,51,0,2,0.052705,0.017765,0.034762
KCRDK,51,0,1,0.150765,0.05314,0.046188
BA,51,0,3,0.09637,0.034226,0.06179
KCRDK,51,0,1,0.177445,0.052584,0.05067
BA,51,0,4,0.146256,0.054428,0.091438
KCRDK,51,0,5,0.628541,0.194028,0.14908
BA,51,0,10,0.45379,0.253879,0.198491
KCRDK,51,0,1,0.154531,0.053052,0.051148
BA,51,0,14,0.780511,0.498369,0.280132
KCRDK,51,0,1,0.164465,0.049513,0.048722
BA,51,0,13,0.696786,0.436854,0.258298
KCRDK,51,0,1,0.172468,0.051739,0.053195
BA,51,0,9,0.378319,0.194953,0.182302
KCRDK,51,0,1,0.181935,0.05105,0.060844
BA,51,0,11,0.516942,0.301464,0.214108
KCRDK,51,0,1,0.159389,0.050599,0.05551
BA,51,0,2,0.057953,0.015943,0.04188
KCRDK,51,0,1,0.161708,0.055805,0.052478
BA,51,0,2,0.057709,0.006518,0.051046
KCRDK,51,0,1,0.154536,0.050357,0.052453
BA,51,0,10,0.450914,0.24855,0.200995
KCRDK,51,0,1,0.175788,0.052603,0.051125
BA,51,0,4,0.138302,0.056467,0.081407
KCRDK,51,0,2,0.266136,0.086031,0.076165
BA,51,0,2,0.056695,0.016213,0.040339
KCRDK,51,0,1,0.151867,0.053873,0.049046
BA,51,0,13,0.671834,0.390803,0.279153
KCRDK,51,0,1,0.177463,0.051646,0.052524
BA,51,0,26,37.6934,37.2021,0.488411
KCRDK,51,0,2,0.264052,0.087104,0.083812
BA,51,0,16,0.991455,0.663834,0.325643
KCRDK,51,0,1,0.17327,0.047869,0.05224
BA,51,0,16,0.990862,0.672865,0.31587
KCRDK,51,0,1,0.155492,0.053025,0.052555
BA,51,0,4,0.133641,0.056709,0.076476
KCRDK,51,0,3,0.400585,0.1277,0.094231
BA,51,0,4,0.135608,0.056062,0.079135
KCRDK,51,0,2,0.26506,0.086143,0.075932
BA,51,0,2,0.057237,0.016469,0.040556
KCRDK,51,0,1,0.177818,0.05357,0.052748
BA,51,0,12,0.601677,0.35727,0.242823
KCRDK,51,0,1,0.145849,0.047392,0.052238
BA,51,0,4,0.133981,0.057258,0.076096
KCRDK,51,0,3,0.359081,0.103823,0.100405
BA,51,0,2,0.062511,0.017959,0.044333
KCRDK,51,0,1,0.151553,0.044728,0.055762
BA,51,0,13,0.706032,0.423733,0.269851
KCRDK,51,0,1,0.155705,0.048722,0.058096
BA,51,0,15,0.864341,0.572735,0.28972
KCRDK,51,0,1,0.157299,0.05163,0.052585
BA,51,0,15,0.877745,0.577582,0.298025
KCRDK,51,0,1,0.155973,0.052971,0.052305
BA,51,0,4,0.148552,0.058043,0.090094
KCRDK,51,0,2,0.261935,0.079631,0.073827
BA,51,0,4,0.136491,0.056521,0.079566
KCRDK,51,0,1,0.150716,0.052811,0.047033
BA,51,0,18,1.22057,0.860068,0.357975
KCRDK,51,0,1,0.143074,0.047171,0.049077
BA,51,0,13,0.677576,0.41001,0.265828
KCRDK,51,0,1,0.133345,0.045182,0.045082
BA,51,0,5,0.170776,0.078793,0.091328
KCRDK,51,0,1,0.154648,0.050368,0.05369
BA,51,0,11,0.506688,0.283775,0.221438
KCRDK,51,0,1,0.177464,0.057423,0.047635
BA,51,0,13,0.710207,0.452607,0.255799
KCRDK,51,0,1,0.15952,0.054758,0.049595
BA,51,0,2,0.058246,0.016814,0.041232
KCRDK,51,0,1,0.154496,0.053539,0.049638
BA,51,0,4,0.144456,0.05071,0.093305
KCRDK,51,0,2,0.268708,0.085065,0.080278
BA,51,0,5,0.177054,0.067341,0.108944
KCRDK,51,0,1,0.176285,0.052094,0.0524
BA,51,0,2,0.057845,0.016735,0.040957
KCRDK,51,0,1,0.17482,0.052181,0.051427
BA,51,0,3,0.096102,0.03745,0.058274
KCRDK,51,0,1,0.14961,0.054665,0.044295
BA,51,0,3,0.097852,0.036083,0.061411
KCRDK,51,0,1,0.14952,0.045423,0.04872
BA,51,0,15,0.829946,0.543921,0.284034
KCRDK,51,0,1,0.1453,0.048442,0.049357
BA,51,0,2,0.054091,0.007668,0.046224
KCRDK,51,0,1,0.153393,0.048831,0.055102
BA,51,0,2,0.054515,0.015104,0.039303
KCRDK,51,0,1,0.172776,0.051025,0.049434
BA,51,0,15,0.916584,0.61261,0.301856
KCRDK,51,0,1,0.153006,0.049656,0.053922
BA,51,0,3,0.095347,0.025096,0.069896
KCRDK,51,0,2,0.269908,0.085287,0.078665
BA,51,0,5,0.182212,0.079933,0.101639
KCRDK,51,0,1,0.155065,0.052534,0.050874
BA,51,0,4,0.137529,0.055728,0.08137
KCRDK,51,0,2,0.262366,0.08565,0.072653
BA,51,0,13,0.724618,0.463755,0.25903
KCRDK,51,0,1,0.159661,0.054969,0.053711
BA,51,0,10,0.449152,0.245441,0.202165
KCRDK,51,0,1,0.153586,0.052545,0.049665
BA,51,0,11,0.438786,0.259839,0.177975
KCRDK,51,0,1,0.175083,0.059786,0.049464
BA,51,0,16,0.924352,0.633267,0.288942
KCRDK,51,0,1,0.17826,0.048493,0.059095
BA,51,0,11,0.528582,0.3053,0.222043
KCRDK,51,0,1,0.157869,0.055182,0.052212
BA,51,0,14,0.810865,0.503532,0.305358
KCRDK,51,0,1,0.157622,0.051812,0.053037
BA,51,0,3,0.094397,0.032938,0.06111
KCRDK,51,0,1,0.154322,0.052297,0.05029
BA,51,0,5,0.180148,0.082249,0.097259
KCRDK,51,0,2,0.278318,0.0818,0.086631
BA,51,0,2,0.056115,0.007633,0.048323
KCRDK,51,0,1,0.154727,0.053585,0.049885
BA,51,0,12,0.607308,0.364953,0.240659
KCRDK,51,0,1,0.154181,0.050492,0.052903
BA,51,0,13,0.686435,0.417931,0.2666
KCRDK,51,0,1,0.084764,0.02571,0.037173
BA,51,0,4,0.131151,0.04403,0.086695
KCRDK,51,0,2,0.268488,0.086853,0.079463
BA,51,0,3,0.087676,0.03469,0.052648
KCRDK,51,0,1,0.174392,0.046951,0.058126
BA,51,0,12,0.616824,0.380111,0.234998
KCRDK,51,0,1,0.168801,0.048318,0.051758
BA,51,0,15,0.845389,0.542385,0.300907
KCRDK,51,0,1,0.158867,0.054825,0.05141
BA,51,0,2,0.068395,0.019109,0.049082
KCRDK,51,0,1,0.15148,0.052498,0.047592
BA,51,0,14,0.80909,0.530487,0.276485
KCRDK,51,0,1,0.156122,0.0529,0.053165
BA,51,0,3,0.096174,0.034563,0.061312
KCRDK,51,0,1,0.161776,0.055577,0.054987
BA,51,0,2,0.0575,0.016966,0.040362
KCRDK,51,0,1,0.172774,0.051277,0.050672
BA,51,0,13,0.681716,0.419806,0.260057
KCRDK,51,0,1,0.157449,0.053956,0.052064
BA,51,0,12,0.510148,0.318124,0.19091
KCRDK,51,0,1,0.167439,0.055913,0.060503
BA,51,0,3,0.09571,0.035436,0.059947
KCRDK,51,0,1,0.144269,0.050492,0.045922
BA,51,0,16,1.0018,0.702376,0.297154
KCRDK,51,0,1,0.181594,0.05471,0.054593
BA,51,0,4,0.134911,0.052712,0.081824
KCRDK,51,0,2,0.271795,0.084627,0.078468
BA,51,0,14,0.788071,0.504158,0.282013
KCRDK,51,0,1,0.153426,0.052015,0.049722
BA,51,0,3,0.09811,0.035176,0.062634
KCRDK,51,0,1,0.150342,0.05276,0.04576
BA,51,0,18,1.20159,0.843949,0.355039
KCRDK,51,0,1,0.155537,0.052119,0.052229
BA,51,0,3,0.095555,0.033835,0.061408
KCRDK,51,0,1,0.157956,0.052968,0.052568
BA,51,0,7,0.277351,0.134754,0.141748
KCRDK,51,0,3,0.250581,0.076349,0.078178
BA,51,0,8,0.314951,0.164901,0.149078
KCRDK,51,0,2,0.243601,0.07861,0.072821
BA,51,0,3,0.093918,0.037629,0.056013
KCRDK,51,0,1,0.170562,0.0444,0.059001
BA,51,0,14,0.746745,0.473638,0.271202
KCRDK,51,0,1,0.178238,0.055969,0.049903
BA,51,0,3,0.089631,0.037243,0.052059
KCRDK,51,0,2,0.289367,0.085357,0.077179
BA,51,0,5,0.181119,0.082695,0.09776
KCRDK,51,0,1,0.156376,0.048959,0.053671
BA,51,0,13,0.704658,0.447305,0.255505
KCRDK,51,0,1,0.154234,0.052422,0.052647
BA,51,0,2,0.058736,0.017046,0.041459
KCRDK,51,0,1,0.149096,0.051999,0.045975
BA,51,0,12,0.572122,0.330833,0.23972
KCRDK,51,0,1,0.157331,0.053852,0.053557
BA,51,0,20,1.54943,1.1644,0.382234
KCRDK,51,0,1,0.145003,0.052684,0.047257
BA,51,0,10,0.430559,0.22991,0.199438
KCRDK,51,0,1,0.155473,0.050447,0.054099
BA,51,0,2,0.062455,0.017337,0.044952
KCRDK,51,0,1,0.150705,0.052554,0.045775
BA,51,0,14,0.757524,0.474116,0.281335
KCRDK,51,0,1,0.177154,0.053078,0.050331
BA,51,0,13,0.714184,0.444626,0.267863
KCRDK,51,0,1,0.176768,0.051155,0.052139
BA,51,0,2,0.057496,0.007462,0.049859
KCRDK,51,0,1,0.175963,0.052063,0.051312
BA,51,0,4,0.146445,0.056971,0.08904
KCRDK,51,0,2,0.26753,0.088554,0.085511
BA,51,0,4,0.134244,0.053198,0.080567
KCRDK,51,0,2,0.294975,0.087347,0.081169
BA,51,20,13,0.670022,0.407329,0.260808
KCRDK,51,20,1,0.155661,0.052471,0.051602
BA,51,20,4,0.087738,0.036028,0.051507
KCRDK,51,20,3,0.38079,0.118997,0.115962
BA,51,20,13,0.623744,0.382833,0.239289
KCRDK,51,20,1,0.174868,0.055132,0.053082
BA,51,20,4,0.138364,0.051156,0.086824
KCRDK,51,20,5,0.610127,0.190142,0.172649
BA,51,20,11,0.526529,0.305125,0.219911
KCRDK,51,20,1,0.178368,0.051639,0.052603
BA,51,20,8,0.327775,0.155052,0.171634
KCRDK,51,20,1,0.151,0.053465,0.047545
BA,51,20,3,0.09392,0.032679,0.060939
KCRDK,51,20,1,0.172105,0.051981,0.047731
BA,51,20,10,0.453718,0.241282,0.211014
KCRDK,51,20,1,0.155164,0.055963,0.048613
BA,51,20,3,0.093648,0.0327,0.06065
KCRDK,51,20,2,0.268522,0.085403,0.08076
BA,51,20,3,0.096864,0.038563,0.057996
KCRDK,51,20,2,0.282214,0.079056,0.084102
BA,51,20,8,0.321651,0.166977,0.153726
KCRDK,51,20,1,0.140138,0.048626,0.046058
BA,51,20,2,0.052578,0.017096,0.035325
KCRDK,51,20,1,0.16036,0.052686,0.055246
BA,51,20,3,0.096802,0.033344,0.063204
KCRDK,51,20,1,0.157289,0.051483,0.055538
BA,51,20,11,0.5111,0.291716,0.218016
KCRDK,51,20,1,0.157317,0.051553,0.054662
BA,51,20,13,0.689859,0.416745,0.271321
KCRDK,51,20,1,0.156754,0.052775,0.053079
BA,51,20,3,0.095202,0.035316,0.059563
KCRDK,51,20,1,0.154774,0.052458,0.051067
BA,51,20,4,0.137905,0.057516,0.079914
KCRDK,51,20,2,0.295952,0.086497,0.083722
BA,51,20,13,0.6844,0.416484,0.266083
KCRDK,51,20,1,0.178614,0.052299,0.05268
BA,51,20,14,0.745139,0.452145,0.280908
KCRDK,51,20,1,0.167232,0.045967,0.052628
BA,51,20,4,0.12742,0.050136,0.076812
KCRDK,51,20,2,0.254928,0.080692,0.078273
BA,51,20,13,0.686651,0.438638,0.246343
KCRDK,51,20,1,0.157477,0.057754,0.04927
BA,51,20,2,0.054989,0.020038,0.034733
KCRDK,51,20,1,0.149807,0.054387,0.043947
BA,51,20,3,0.10095,0.037731,0.062891
KCRDK,51,20,1,0.148704,0.051735,0.051709
BA,51,20,4,0.138946,0.059817,0.078672
KCRDK,51,20,1,0.174948,0.052839,0.051129
BA,51,20,10,0.471773,0.273461,0.196919
KCRDK,51,20,1,0.176474,0.055868,0.048251
BA,51,20,13,0.668205,0.395075,0.271441
KCRDK,51,20,1,0.178826,0.05322,0.054259
BA,51,20,15,0.918687,0.620692,0.295685
KCRDK,51,20,1,0.15217,0.05552,0.045949
BA,51,20,15,0.879396,0.583572,0.293597
KCRDK,51,20,1,0.168103,0.047922,0.048884
BA,51,20,4,0.126432,0.056474,0.069535
KCRDK,51,20,1,0.141648,0.050129,0.046058
BA,51,20,2,0.040857,0.009766,0.030994
KCRDK,51,20,1,0.153927,0.053005,0.051259
BA,51,20,17,1.00051,0.663647,0.334536
KCRDK,51,20,1,0.16466,0.059474,0.050174
BA,51,20,17,1.12266,0.749183,0.363294
KCRDK,51,20,1,0.158987,0.05364,0.054844
BA,51,20,18,1.21317,0.851457,0.359085
KCRDK,51,20,1,0.155982,0.052212,0.052879
BA,51,20,8,0.329272,0.167862,0.16041
KCRDK,51,20,2,0.293917,0.088101,0.079418
BA,51,20,3,0.096809,0.036557,0.059932
KCRDK,51,20,1,0.151815,0.053556,0.047695
BA,51,20,3,0.09817,0.035461,0.062329
KCRDK,51,20,1,0.15568,0.053614,0.050516
BA,51,20,19,1.39294,1.05762,0.333036
KCRDK,51,20,1,0.138007,0.044968,0.046071
BA,51,20,12,0.586796,0.349929,0.235357
KCRDK,51,20,1,0.18367,0.053258,0.054371
BA,51,20,17,1.12275,0.784613,0.335764
KCRDK,51,20,1,0.156532,0.057219,0.049197
BA,51,20,9,0.396474,0.205471,0.189841
KCRDK,51,20,1,0.15507,0.053645,0.050237
BA,51,20,4,0.13493,0.057041,0.077468
KCRDK,51,20,5,0.637731,0.193307,0.162018
BA,51,20,2,0.057716,0.007197,0.050398
KCRDK,51,20,1,0.176614,0.052144,0.051251
BA,51,20,9,0.399042,0.218795,0.179074
KCRDK,51,20,1,0.151723,0.05366,0.047635
BA,51,20,14,0.734509,0.453055,0.279483
KCRDK,51,20,9,1.04218,0.316608,0.278481
BA,51,20,4,0.138174,0.051071,0.086568
KCRDK,51,20,5,0.633152,0.193417,0.186716
BA,51,20,6,0.239038,0.116224,0.122099
KCRDK,51,20,1,0.151603,0.052967,0.048213
BA,51,20,9,0.400749,0.219425,0.180147
KCRDK,51,20,1,0.154571,0.052876,0.051526
BA,51,20,12,0.593667,0.341893,0.250126
KCRDK,51,20,1,0.178289,0.05224,0.052476
BA,51,20,13,0.682415,0.413633,0.263233
KCRDK,51,20,1,0.155263,0.05146,0.052107
BA,51,20,15,0.862198,0.550067,0.309804
KCRDK,51,20,1,0.177739,0.054425,0.05148
BA,51,20,16,0.887122,0.581471,0.303888
KCRDK,51,20,1,0.17472,0.046683,0.056753
BA,51,20,25,32.6528,32.1529,0.496617
KCRDK,51,20,2,0.185514,0.055852,0.053297
BA,51,20,4,0.082584,0.033421,0.049002
KCRDK,51,20,2,0.161011,0.053984,0.051245
BA,51,20,18,0.851034,0.623584,0.22629
KCRDK,51,20,1,0.116219,0.034937,0.034732
BA,51,20,4,0.087153,0.0352,0.051762
KCRDK,51,20,2,0.171469,0.05756,0.051373
BA,51,20,2,0.037221,0.010998,0.026157
KCRDK,51,20,1,0.11863,0.039894,0.042145
BA,51,20,2,0.046139,0.013921,0.032134
KCRDK,51,20,1,0.137366,0.039727,0.043493
BA,51,20,12,0.520011,0.327972,0.19126
KCRDK,51,20,1,0.099551,0.033351,0.034811
BA,51,20,4,0.084602,0.034287,0.050125
KCRDK,51,20,2,0.179094,0.053943,0.048655
BA,51,20,13,0.448404,0.285903,0.161635
KCRDK,51,20,1,0.105078,0.035416,0.037515
BA,51,20,12,0.400635,0.251727,0.148184
KCRDK,51,20,1,0.132497,0.038457,0.042066
BA,51,20,4,0.104934,0.042187,0.062539
KCRDK,51,20,2,0.21333,0.063479,0.059913
BA,51,20,3,0.070209,0.0253,0.044756
KCRDK,51,20,1,0.13164,0.038718,0.040519
BA,51,20,4,0.103205,0.040905,0.062089
KCRDK,51,20,2,0.272483,0.088477,0.079113
BA,51,20,11,0.579533,0.338922,0.239176
KCRDK,51,20,1,0.177644,0.052817,0.05454
BA,51,20,20,2.74378,2.30762,0.422055
KCRDK,51,20,1,0.122185,0.040735,0.045117
BA,51,20,4,0.104508,0.036146,0.068142
KCRDK,51,20,2,0.212525,0.066879,0.056928
BA,51,20,5,0.137517,0.059015,0.07821
KCRDK,51,20,2,0.180349,0.056677,0.055799
BA,51,20,6,0.139672,0.060827,0.078476
KCRDK,51,20,1,0.097518,0.033617,0.033238
BA,51,20,8,0.21009,0.112957,0.096735
KCRDK,51,20,1,0.098534,0.032926,0.034814
BA,51,20,14,0.538294,0.366106,0.171345
KCRDK,51,20,1,0.117064,0.03931,0.040665
BA,51,20,3,0.073077,0.019945,0.052994
KCRDK,51,20,2,0.209085,0.060308,0.060577
BA,51,20,2,0.046472,0.014343,0.03206
KCRDK,51,20,1,0.114904,0.038272,0.038677
BA,51,20,14,0.69927,0.477297,0.221042
KCRDK,51,20,1,0.109436,0.035979,0.038626
BA,51,20,13,0.492811,0.32688,0.165259
KCRDK,51,20,1,0.133047,0.039658,0.040673
BA,51,20,17,0.899136,0.632516,0.265359
KCRDK,51,20,1,0.099896,0.033233,0.035379
BA,51,20,12,0.411876,0.263198,0.148021
KCRDK,51,20,1,0.114855,0.038318,0.040345
BA,51,20,15,0.766414,0.521258,0.244184
KCRDK,51,20,1,0.112696,0.038127,0.039915
BA,51,20,11,0.334158,0.198659,0.134877
KCRDK,51,20,1,0.102726,0.034832,0.036438
BA,51,20,2,0.037655,0.011216,0.02638
KCRDK,51,20,1,0.08437,0.027049,0.028404
BA,51,20,5,0.111476,0.05026,0.06101
KCRDK,51,20,2,0.165143,0.053459,0.049973
BA,51,20,14,0.530005,0.354917,0.174321
KCRDK,51,20,1,0.119661,0.040016,0.043063
BA,51,20,2,0.049565,0.013002,0.036483
KCRDK,51,20,1,0.117684,0.038903,0.041329
BA,51,20,2,0.045545,0.013706,0.031768
KCRDK,51,20,1,0.120485,0.039533,0.043258
BA,51,20,2,0.04653,0.013761,0.03269
KCRDK,51,20,1,0.106407,0.035612,0.036594
BA,51,20,3,0.057699,0.021224,0.036369
KCRDK,51,20,1,0.116527,0.038055,0.041093
BA,51,20,4,0.100347,0.039675,0.060451
KCRDK,51,20,2,0.188676,0.05517,0.053157
BA,51,20,8,0.20837,0.105198,0.102739
KCRDK,51,20,1,0.101312,0.0339,0.035973
BA,51,20,14,0.523574,0.350093,0.172743
KCRDK,51,20,1,0.101472,0.035524,0.033573
BA,51,20,5,0.109374,0.047357,0.061778
KCRDK,51,20,2,0.198107,0.064736,0.060381
BA,51,20,16,0.868423,0.613731,0.253601
KCRDK,51,20,1,0.108546,0.036156,0.037426
BA,51,20,3,0.059627,0.022105,0.037375
KCRDK,51,20,2,0.20065,0.066804,0.061469
BA,51,20,2,0.047441,0.014942,0.032414
KCRDK,51,20,1,0.116528,0.039801,0.039608
BA,51,20,15,0.775522,0.539374,0.235093
KCRDK,51,20,1,0.103367,0.034983,0.036037
BA,51,20,15,0.641855,0.457022,0.183955
KCRDK,51,20,1,0.101922,0.03457,0.036508
BA,51,20,5,0.108161,0.047341,0.060596
KCRDK,51,20,2,0.198907,0.063906,0.061907
BA,51,20,9,0.310092,0.171842,0.137689
KCRDK,51,20,1,0.118054,0.039526,0.041619
BA,51,20,2,0.047144,0.014168,0.032912
KCRDK,51,20,1,0.111491,0.03758,0.039127
BA,51,20,5,0.111864,0.048588,0.06298
KCRDK,51,20,3,0.247792,0.077279,0.074351
BA,51,20,2,0.03861,0.011865,0.026676
KCRDK,51,20,1,0.071689,0.024007,0.026382
BA,51,40,13,0.480199,0.320957,0.158539
KCRDK,51,40,1,0.097612,0.033685,0.034251
BA,51,40,3,0.061556,0.016933,0.044513
KCRDK,51,40,2,0.20364,0.065407,0.064129
BA,51,40,5,0.145008,0.05525,0.089254
KCRDK,51,40,2,0.18341,0.059771,0.055718
BA,51,40,4,0.084667,0.034458,0.05002
KCRDK,51,40,2,0.202362,0.06331,0.06426
BA,51,40,2,0.047723,0.014465,0.033184
KCRDK,51,40,1,0.112165,0.036636,0.039519
BA,51,40,4,0.085361,0.03527,0.049896
KCRDK,51,40,2,0.168026,0.054251,0.050855
BA,51,40,15,0.578983,0.381263,0.196791
KCRDK,51,40,1,0.119247,0.040961,0.041926
BA,51,40,4,0.102885,0.035251,0.067396
KCRDK,51,40,4,0.364736,0.111962,0.106713
BA,51,40,8,0.203818,0.099734,0.103639
KCRDK,51,40,1,0.099771,0.033564,0.034515
BA,51,40,15,0.578825,0.390536,0.187321
KCRDK,51,40,1,0.102558,0.036504,0.035252
BA,51,40,2,0.036863,0.01092,0.02589
KCRDK,51,40,1,0.099629,0.032573,0.033663
BA,51,40,16,0.685098,0.48327,0.200842
KCRDK,51,40,1,0.104794,0.036526,0.035377
BA,51,40,14,0.528036,0.345607,0.1816
KCRDK,51,40,1,0.099647,0.032973,0.03371
BA,51,40,2,0.039792,0.01213,0.027602
KCRDK,51,40,1,0.116138,0.039064,0.03987
BA,51,40,4,0.105365,0.041977,0.063161
KCRDK,51,40,2,0.196826,0.061566,0.060921
BA,51,40,16,0.679353,0.466598,0.211555
KCRDK,51,40,1,0.101241,0.033467,0.035798
BA,51,40,8,0.20783,0.108742,0.098647
KCRDK,51,40,1,0.099446,0.034443,0.033379
BA,51,40,13,0.476952,0.306913,0.169138
KCRDK,51,40,1,0.112899,0.033213,0.034125
BA,51,40,4,0.083807,0.033602,0.049984
KCRDK,51,40,4,0.322453,0.096526,0.090563
BA,51,40,14,0.506566,0.313354,0.18539
KCRDK,51,40,1,0.08911,0.02572,0.034987
BA,51,40,4,0.100037,0.039033,0.060837
KCRDK,51,40,2,0.277591,0.093065,0.078569
BA,51,40,14,0.827934,0.532131,0.293973
KCRDK,51,40,1,0.188295,0.056996,0.054768
BA,51,40,7,0.273221,0.139697,0.132641
KCRDK,51,40,1,0.158056,0.048355,0.06157
BA,51,40,4,0.144073,0.05505,0.088579
KCRDK,51,40,2,0.28904,0.082252,0.087604
BA,51,40,12,0.617773,0.379755,0.236201
KCRDK,51,40,1,0.180917,0.054187,0.059836
BA,51,40,14,0.794907,0.508619,0.284146
KCRDK,51,40,1,0.154969,0.053224,0.050725
BA,51,40,16,0.985577,0.660156,0.323144
KCRDK,51,40,1,0.154671,0.051985,0.050493
BA,51,40,13,0.691915,0.431567,0.258611
KCRDK,51,40,1,0.123744,0.028955,0.035553
BA,51,40,2,0.060237,0.018026,0.042057
KCRDK,51,40,1,0.155461,0.048281,0.057426
BA,51,40,8,0.338285,0.179014,0.158337
KCRDK,51,40,1,0.159283,0.05265,0.039552
BA,51,40,2,0.060672,0.016835,0.043641
KCRDK,51,40,1,0.17462,0.052652,0.050632
BA,51,40,6,0.2371,0.102526,0.133757
KCRDK,51,40,1,0.171814,0.054404,0.047387
BA,51,40,2,0.057425,0.006202,0.051099
KCRDK,51,40,1,0.159666,0.049284,0.05405
BA,51,40,2,0.052814,0.016089,0.036625
KCRDK,51,40,1,0.1647,0.049881,0.062145
BA,51,40,4,0.136539,0.059298,0.076811
KCRDK,51,40,3,0.404499,0.123443,0.112863
BA,51,40,16,0.982863,0.659042,0.321397
KCRDK,51,40,1,0.155462,0.051971,0.052099
BA,51,40,3,0.097057,0.023959,0.072796
KCRDK,51,40,1,0.152481,0.05353,0.049456
BA,51,40,3,0.096204,0.035589,0.060296
KCRDK,51,40,2,0.263215,0.081248,0.073508
BA,51,40,2,0.053572,0.019236,0.034222
KCRDK,51,40,1,0.172709,0.053026,0.050063
BA,51,40,5,0.180562,0.083546,0.096426
KCRDK,51,40,2,0.275516,0.078217,0.08972
BA,51,40,16,0.985157,0.648526,0.334555
KCRDK,51,40,1,0.149658,0.052386,0.051337
BA,51,40,11,0.509252,0.278255,0.226921
KCRDK,51,40,1,0.155954,0.051028,0.052646
BA,51,40,14,0.788978,0.507764,0.279262
KCRDK,51,40,1,0.181212,0.052194,0.05543
BA,51,40,2,0.058006,0.01795,0.0399
KCRDK,51,40,1,0.154067,0.051596,0.053596
BA,51,40,12,0.59337,0.352661,0.238952
KCRDK,51,40,1,0.177811,0.05338,0.052482
BA,51,40,8,0.336625,0.178244,0.157362
KCRDK,51,40,1,0.156408,0.052992,0.052774
BA,51,40,13,0.700685,0.427898,0.270832
KCRDK,51,40,1,0.106009,0.037696,0.040659
BA,51,40,3,0.093483,0.036015,0.057098
KCRDK,51,40,2,0.263779,0.086229,0.078047
BA,51,40,4,0.126003,0.054923,0.070676
KCRDK,51,40,1,0.157829,0.057698,0.046608
BA,51,40,4,0.137284,0.055436,0.081407
KCRDK,51,40,1,0.144429,0.051382,0.044666
BA,51,40,11,0.53968,0.313035,0.225166
KCRDK,51,40,1,0.149996,0.051602,0.049932
BA,51,40,18,1.21534,0.857491,0.355335
KCRDK,51,40,1,0.182846,0.052134,0.056256
BA,51,40,14,0.795828,0.517418,0.276493
KCRDK,51,40,1,0.180367,0.05409,0.053725
BA,51,40,13,0.698128,0.438554,0.257571
KCRDK,51,40,1,0.179363,0.053318,0.053289
BA,51,40,12,0.587481,0.341302,0.244603
KCRDK,51,40,1,0.154364,0.054349,0.051227
BA,51,40,13,0.568725,0.333031,0.230676
KCRDK,51,40,2,0.26377,0.081851,0.077787
BA,51,40,3,0.083514,0.031234,0.052031
KCRDK,51,40,1,0.149337,0.052788,0.048444
BA,51,40,4,0.139923,0.042083,0.097407
KCRDK,51,40,2,0.287614,0.080885,0.083473
BA,51,40,2,0.053853,0.019241,0.034393
KCRDK,51,40,1,0.154287,0.04683,0.059364
BA,51,40,7,0.288824,0.147949,0.140058
KCRDK,51,40,1,0.147646,0.050727,0.046883
BA,51,40,2,0.05718,0.016907,0.040123
KCRDK,51,40,1,0.150234,0.054896,0.045619
BA,51,40,21,3.88568,3.45316,0.42953
KCRDK,51,40,1,0.157632,0.054432,0.051777
BA,51,40,9,0.284398,0.158717,0.124883
KCRDK,51,40,2,0.273806,0.088592,0.080611
BA,51,40,4,0.125808,0.0418,0.083631
KCRDK,51,40,2,0.290676,0.088555,0.075611
BA,51,40,14,0.801231,0.513716,0.285631
KCRDK,51,40,1,0.158025,0.051088,0.053963
BA,51,40,14,0.787156,0.501977,0.283175
KCRDK,51,40,1,0.155775,0.052874,0.051422
BA,51,40,14,0.796236,0.517963,0.276095
KCRDK,51,40,1,0.156317,0.053156,0.051933
BA,51,40,14,0.779275,0.487014,0.290309
KCRDK,51,40,1,0.15693,0.050845,0.05416
BA,51,40,4,0.135791,0.054865,0.080427
KCRDK,51,40,1,0.156472,0.052747,0.05114
BA,51,40,5,0.177926,0.066596,0.110774
KCRDK,51,40,3,0.381757,0.121088,0.10208
BA,51,40,3,0.049946,0.017359,0.03246
KCRDK,51,40,2,0.257177,0.073281,0.081316
BA,51,40,3,0.093385,0.039302,0.053747
KCRDK,51,40,2,0.259423,0.083481,0.081782
BA,51,40,14,0.739936,0.462058,0.275869
KCRDK,51,40,1,0.186049,0.053698,0.057432
BA,51,40,14,0.761484,0.462676,0.296779
KCRDK,51,40,1,0.159244,0.056346,0.0524
BA,51,40,5,0.179719,0.080436,0.098616
KCRDK,51,40,2,0.288931,0.086592,0.075535
BA,51,40,8,0.326581,0.155247,0.170343
KCRDK,51,40,1,0.157409,0.054063,0.052358
BA,51,40,9,0.4102,0.217436,0.191604
KCRDK,51,40,1,0.154732,0.052307,0.051623
BA,51,40,2,0.059051,0.019173,0.039687
KCRDK,51,40,1,0.173624,0.053385,0.047795
BA,51,40,3,0.096715,0.025983,0.070406
KCRDK,51,40,2,0.272276,0.089176,0.081365
BA,51,40,3,0.095097,0.034857,0.059985
KCRDK,51,40,1,0.173467,0.051923,0.054175
BA,51,40,3,0.09881,0.037749,0.060699
KCRDK,51,40,2,0.232042,0.083865,0.071916
BA,51,40,3,0.097591,0.036098,0.061161
KCRDK,51,40,1,0.151272,0.051254,0.055443
BA,51,40,4,0.145995,0.056896,0.088613
KCRDK,51,40,4,0.506272,0.169326,0.127981
BA,51,40,15,0.861089,0.556289,0.302467
KCRDK,51,40,1,0.158589,0.053391,0.05377
BA,51,40,13,0.727579,0.447976,0.277748
KCRDK,51,40,1,0.15776,0.054313,0.052993
BA,51,40,2,0.059622,0.018191,0.041251
KCRDK,51,40,1,0.14824,0.050886,0.047322
BA,51,40,14,0.794273,0.50319,0.289097
KCRDK,51,40,1,0.157037,0.053935,0.052254
BA,51,40,4,0.134924,0.042824,0.091596
KCRDK,51,40,2,0.228631,0.072587,0.060776
BA,51,40,5,0.169714,0.075817,0.093334
KCRDK,51,40,2,0.263541,0.081762,0.081481
BA,51,40,3,0.083641,0.028524,0.054859
KCRDK,51,40,2,0.268557,0.09192,0.076004
BA,51,40,11,0.524313,0.300419,0.222323
KCRDK,51,40,1,0.157696,0.048324,0.05581
BA,51,40,2,0.05664,0.017218,0.039276
KCRDK,51,40,1,0.152125,0.054931,0.043478
BA,51,40,18,1.31738,0.95188,0.362869
KCRDK,51,40,1,0.158214,0.058048,0.050053
BA,51,40,10,0.449719,0.248604,0.199801
KCRDK,51,40,1,0.178614,0.052517,0.053879
BA,51,40,11,0.527392,0.306103,0.21987
KCRDK,51,40,1,0.156945,0.052887,0.054303
BA,51,40,6,0.224381,0.095795,0.127865
KCRDK,51,40,1,0.177222,0.053911,0.047468
BA,51,40,2,0.057635,0.017226,0.04022
KCRDK,51,40,1,0.111129,0.030594,0.03491
BA,51,40,2,0.058476,0.018827,0.039491
KCRDK,51,40,1,0.168503,0.047675,0.048747
BA,51,40,14,0.758925,0.494738,0.262331
KCRDK,51,40,1,0.158627,0.050278,0.057808
BA,51,40,13,0.698179,0.446086,0.25029
KCRDK,51,40,1,0.160473,0.052905,0.053189
BA,51,60,3,0.097745,0.024694,0.072725
KCRDK,51,60,2,0.269876,0.085211,0.074802
BA,51,60,5,0.175043,0.076393,0.098123
KCRDK,51,60,1,0.151557,0.051396,0.049895
BA,51,60,11,0.51983,0.299154,0.21909
KCRDK,51,60,1,0.15381,0.056003,0.046482
BA,51,60,3,0.09394,0.032355,0.061319
KCRDK,51,60,1,0.157651,0.052501,0.052197
BA,51,60,2,0.058282,0.018143,0.039965
KCRDK,51,60,1,0.152624,0.053743,0.047525
BA,51,60,3,0.098243,0.036277,0.061646
KCRDK,51,60,1,0.152448,0.052273,0.049037
BA,51,60,7,0.281971,0.138019,0.142988
KCRDK,51,60,1,0.155068,0.050276,0.04987
BA,51,60,15,0.820595,0.515781,0.302831
KCRDK,51,60,1,0.161183,0.04771,0.04808
BA,51,60,15,0.84837,0.558619,0.287839
KCRDK,51,60,1,0.156679,0.048099,0.060242
BA,51,60,2,0.060732,0.007298,0.053283
KCRDK,51,60,1,0.1471,0.053127,0.045336
BA,51,60,11,0.50799,0.290563,0.21599
KCRDK,51,60,1,0.162413,0.054028,0.056415
BA,51,60,3,0.093573,0.032523,0.060756
KCRDK,51,60,1,0.15143,0.051709,0.049781
BA,51,60,13,0.697959,0.438305,0.257767
KCRDK,51,60,1,0.156631,0.05243,0.052674
BA,51,60,3,0.093587,0.033394,0.059871
KCRDK,51,60,2,0.266219,0.087919,0.075373
BA,51,60,9,0.391639,0.213626,0.176761
KCRDK,51,60,1,0.158544,0.054828,0.053717
BA,51,60,2,0.064095,0.020245,0.043695
KCRDK,51,60,1,0.163472,0.054433,0.056223
BA,51,60,12,0.590413,0.374254,0.214853
KCRDK,51,60,1,0.175627,0.051003,0.052844
BA,51,60,12,0.557694,0.342824,0.213383
KCRDK,51,60,1,0.155775,0.056549,0.049873
BA,51,60,11,0.522032,0.307898,0.212483
KCRDK,51,60,1,0.172641,0.053816,0.047361
BA,51,60,3,0.095967,0.025477,0.070171
KCRDK,51,60,1,0.1489,0.055406,0.047873
BA,51,60,16,0.944005,0.627692,0.31396
KCRDK,51,60,1,0.173982,0.050679,0.050061
BA,51,60,2,0.05898,0.018797,0.040004
KCRDK,51,60,1,0.152321,0.052082,0.04972
BA,51,60,3,0.096212,0.025832,0.070101
KCRDK,51,60,2,0.273505,0.083236,0.084889
BA,51,60,10,0.458135,0.239633,0.217184
KCRDK,51,60,1,0.155671,0.052244,0.052816
BA,51,60,10,0.477272,0.268366,0.207476
KCRDK,51,60,1,0.152472,0.052971,0.048675
BA,51,60,11,0.432256,0.266182,0.165225
KCRDK,51,60,1,0.152514,0.057471,0.044436
BA,51,60,3,0.097384,0.032648,0.064368
KCRDK,51,60,1,0.141492,0.047358,0.04737
BA,51,60,14,0.72489,0.454682,0.268472
KCRDK,51,60,1,0.157146,0.05396,0.054181
BA,51,60,2,0.0613,0.016965,0.0441
KCRDK,51,60,1,0.152143,0.053966,0.04679
BA,51,60,2,0.058995,0.017524,0.041284
KCRDK,51,60,1,0.178948,0.048367,0.052359
BA,51,60,16,1.00625,0.677698,0.325944
KCRDK,51,60,1,0.157934,0.053185,0.05357
BA,51,60,14,0.790757,0.486591,0.302156
KCRDK,51,60,1,0.156587,0.05152,0.053169
BA,51,60,2,0.057344,0.016344,0.04081
KCRDK,51,60,1,0.175569,0.052911,0.04862
BA,51,60,2,0.068547,0.017413,0.050971
KCRDK,51,60,1,0.176716,0.053448,0.05
BA,51,60,5,0.18359,0.08125,0.10163
KCRDK,51,60,2,0.145112,0.041044,0.049441
BA,51,60,9,0.372339,0.190001,0.181201
KCRDK,51,60,1,0.160617,0.054938,0.054389
BA,51,60,6,0.20418,0.099895,0.103638
KCRDK,51,60,1,0.16771,0.047274,0.056623
BA,51,60,17,1.1462,0.802967,0.34093
KCRDK,51,60,1,0.177781,0.052251,0.054878
BA,51,60,3,0.096292,0.033124,0.06282
KCRDK,51,60,2,0.267744,0.082716,0.079257
BA,51,60,3,0.098433,0.03551,0.062534
KCRDK,51,60,2,0.265339,0.085802,0.075101
BA,51,60,5,0.177685,0.0758,0.101286
KCRDK,51,60,3,0.385314,0.121812,0.108007
BA,51,60,18,1.20363,0.827314,0.373536
KCRDK,51,60,1,0.158374,0.054382,0.053955
BA,51,60,14,0.798285,0.518109,0.278112
KCRDK,51,60,1,0.140559,0.04962,0.043547
BA,51,60,6,0.220993,0.103736,0.116555
KCRDK,51,60,2,0.258908,0.086562,0.068247
BA,51,60,3,0.0862,0.029423,0.056479
KCRDK,51,60,1,0.152663,0.053402,0.05462
BA,51,60,4,0.133352,0.044532,0.08851
KCRDK,51,60,2,0.289856,0.082826,0.076259
BA,51,60,3,0.095768,0.033235,0.062268
KCRDK,51,60,1,0.145837,0.046562,0.049245
BA,51,60,4,0.134083,0.05687,0.076718
KCRDK,51,60,2,0.27052,0.087125,0.077677
BA,51,60,6,0.223797,0.083479,0.13954
KCRDK,51,60,1,0.17229,0.050891,0.048451
BA,51,60,4,0.137348,0.056887,0.079953
KCRDK,51,60,2,0.267347,0.087319,0.075984
BA,51,60,15,0.875871,0.573815,0.299738
KCRDK,51,60,1,0.177186,0.053019,0.053028
BA,51,60,10,0.45991,0.26054,0.197963
KCRDK,51,60,1,0.105843,0.033867,0.031609
BA,51,60,14,0.771685,0.497066,0.272833
KCRDK,51,60,1,0.140608,0.044905,0.050266
BA,51,60,4,0.126878,0.053577,0.072896
KCRDK,51,60,2,0.265804,0.086276,0.082235
BA,51,60,12,0.641706,0.387517,0.243031
KCRDK,51,60,1,0.161044,0.053796,0.057242
BA,51,60,2,0.057129,0.019141,0.037796
KCRDK,51,60,1,0.156238,0.046354,0.060404
BA,51,60,4,0.136445,0.052653,0.083317
KCRDK,51,60,2,0.282927,0.086593,0.082556
BA,51,60,5,0.187316,0.074976,0.111796
KCRDK,51,60,3,0.378526,0.122767,0.102706
BA,51,60,3,0.093339,0.033867,0.05912
KCRDK,51,60,2,0.268907,0.090311,0.077529
BA,51,60,16,0.938195,0.607381,0.317383
KCRDK,51,60,1,0.158676,0.053896,0.054333
BA,51,60,6,0.22253,0.099547,0.122216
KCRDK,51,60,1,0.152056,0.052148,0.047928
BA,51,60,2,0.044839,0.012747,0.031982
KCRDK,51,60,1,0.134483,0.045474,0.047359
BA,51,60,19,1.36339,0.989561,0.371172
KCRDK,51,60,1,0.161099,0.063446,0.047566
BA,51,60,10,0.509548,0.290966,0.217269
KCRDK,51,60,1,0.169931,0.05832,0.057911
BA,51,60,8,0.342401,0.169685,0.171697
KCRDK,51,60,2,0.264866,0.090397,0.072397
BA,51,60,9,0.379026,0.19817,0.179769
KCRDK,51,60,1,0.153542,0.051516,0.052994
BA,51,60,2,0.057893,0.016954,0.040765
KCRDK,51,60,1,0.153056,0.052115,0.051534
BA,51,60,3,0.093966,0.033575,0.060103
KCRDK,51,60,2,0.261754,0.085792,0.07309
BA,51,60,10,0.453597,0.246353,0.205829
KCRDK,51,60,1,0.155206,0.05224,0.05135
BA,51,60,13,0.628442,0.39539,0.231608
KCRDK,51,60,1,0.167741,0.060446,0.056129
BA,51,60,2,0.057085,0.017644,0.039087
KCRDK,51,60,1,0.15258,0.05279,0.049576
BA,51,60,11,0.506876,0.283756,0.221692
KCRDK,51,60,1,0.160903,0.053547,0.053262
BA,51,60,2,0.063426,0.018751,0.044474
KCRDK,51,60,1,0.161888,0.058338,0.048384
BA,51,60,2,0.0671,0.019043,0.047829
KCRDK,51,60,1,0.158251,0.054759,0.053256
BA,51,60,2,0.054882,0.01522,0.03956
KCRDK,51,60,1,0.180242,0.053691,0.053531
BA,51,60,6,0.227916,0.104795,0.12236
KCRDK,51,60,6,0.733906,0.23252,0.183561
BA,51,60,7,0.283802,0.134086,0.148799
KCRDK,51,60,5,0.624566,0.194988,0.16527
BA,51,60,4,0.139551,0.061622,0.077455
KCRDK,51,60,4,0.472395,0.160691,0.132648
BA,51,60,14,0.75786,0.484643,0.271363
KCRDK,51,60,1,0.160547,0.059114,0.047054
BA,51,60,3,0.093852,0.034581,0.058964
KCRDK,51,60,2,0.274571,0.088173,0.090811
BA,51,60,15,0.873185,0.581347,0.290106
KCRDK,51,60,1,0.175006,0.052773,0.051009
BA,51,60,12,0.594989,0.335223,0.24761
KCRDK,51,60,1,0.153912,0.053191,0.049898
BA,51,60,3,0.094362,0.02625,0.067833
KCRDK,51,60,2,0.271104,0.086154,0.078078
BA,51,60,8,0.345452,0.187731,0.156634
KCRDK,51,60,1,0.154382,0.054211,0.048778
BA,51,60,5,0.178086,0.067503,0.110044
KCRDK,51,60,2,0.270408,0.086699,0.077769
BA,51,60,17,1.02907,0.734835,0.292181
KCRDK,51,60,1,0.15697,0.052151,0.05556
BA,51,60,13,0.64173,0.412563,0.227556
KCRDK,51,60,1,0.154749,0.053106,0.056553
BA,51,60,14,0.801323,0.503982,0.285006
KCRDK,51,60,1,0.152266,0.053389,0.048112
BA,51,60,12,0.624065,0.378117,0.244316
KCRDK,51,60,1,0.152838,0.051138,0.050854
BA,51,60,2,0.057418,0.015733,0.041551
KCRDK,51,60,1,0.148469,0.051091,0.046027
BA,51,60,5,0.182342,0.071455,0.11024
KCRDK,51,60,2,0.270404,0.087477,0.079781
BA,51,60,3,0.094554,0.034424,0.059796
KCRDK,51,60,2,0.263228,0.087315,0.072891
BA,51,60,6,0.226509,0.08701,0.138618
KCRDK,51,60,1,0.155963,0.051027,0.051984
BA,51,60,12,0.602788,0.361752,0.23933
KCRDK,51,60,1,0.07666,0.023133,0.032394
BA,51,60,16,1.01946,0.698809,0.318554
KCRDK,51,60,1,0.146152,0.049259,0.050539
BA,51,60,6,0.224319,0.106143,0.117389
KCRDK,51,60,2,0.292347,0.084848,0.078648
BA,51,60,4,0.141882,0.044859,0.096663
KCRDK,51,60,2,0.252832,0.081622,0.075555
BA,51,60,4,0.137558,0.063079,0.074086
KCRDK,51,60,1,0.156641,0.052992,0.052021
BA,51,60,4,0.136175,0.057484,0.07815
KCRDK,51,60,2,0.2696,0.084911,0.078427
BA,51,60,6,0.222656,0.102855,0.119043
KCRDK,51,60,4,0.502608,0.156842,0.134897
BA,51,80,14,0.752719,0.473337,0.277385
KCRDK,51,80,1,0.165927,0.055412,0.055839
BA,51,80,16,1.0748,0.743355,0.329163
KCRDK,51,80,1,0.17207,0.058317,0.058529
BA,51,80,15,0.822365,0.534337,0.28599
KCRDK,51,80,1,0.154971,0.052467,0.048512
BA,51,80,9,0.383017,0.212003,0.169827
KCRDK,51,80,2,0.261619,0.082987,0.076736
BA,51,80,2,0.054381,0.019101,0.035048
KCRDK,51,80,1,0.166086,0.046969,0.051801
BA,51,80,13,0.690941,0.418343,0.270704
KCRDK,51,80,1,0.178993,0.053913,0.052104
BA,51,80,3,0.094163,0.023702,0.070221
KCRDK,51,80,1,0.176018,0.052834,0.049849
BA,51,80,2,0.057848,0.016612,0.041088
KCRDK,51,80,1,0.154121,0.0514,0.052192
BA,51,80,3,0.094642,0.033384,0.060964
KCRDK,51,80,1,0.15665,0.059467,0.047207
BA,51,80,13,0.693409,0.428137,0.263478
KCRDK,51,80,1,0.153268,0.052256,0.049594
BA,51,80,2,0.056572,0.006015,0.050398
KCRDK,51,80,1,0.14857,0.050954,0.048604
BA,51,80,9,0.396009,0.208881,0.186016
KCRDK,51,80,1,0.166459,0.04709,0.052401
BA,51,80,3,0.091294,0.03441,0.056558
KCRDK,51,80,2,0.295229,0.086184,0.086392
BA,51,80,12,0.604505,0.35715,0.245589
KCRDK,51,80,1,0.1605,0.052705,0.057603
BA,51,80,11,0.537678,0.306324,0.229976
KCRDK,51,80,1,0.154537,0.051208,0.053001
BA,51,80,2,0.057541,0.016858,0.040512
KCRDK,51,80,1,0.157392,0.052802,0.053787
BA,51,80,12,0.626131,0.388031,0.236288
KCRDK,51,80,1,0.159465,0.055175,0.053422
BA,51,80,4,0.139341,0.057938,0.080954
KCRDK,51,80,2,0.267968,0.086563,0.076847
BA,51,80,12,0.61156,0.357408,0.252309
KCRDK,51,80,1,0.15619,0.051629,0.053031
BA,51,80,14,0.802398,0.519634,0.280769
KCRDK,51,80,1,0.145704,0.052193,0.04944
BA,51,80,11,0.495415,0.268426,0.225729
KCRDK,51,80,1,0.144476,0.044348,0.046122
BA,51,80,5,0.165133,0.064563,0.100048
KCRDK,51,80,4,0.497312,0.157357,0.13574
BA,51,80,4,0.132416,0.046768,0.08531
KCRDK,51,80,1,0.156905,0.049476,0.057574
BA,51,80,4,0.139373,0.056617,0.082241
KCRDK,51,80,2,0.263469,0.086032,0.072251
BA,51,80,10,0.451147,0.251095,0.198714
KCRDK,51,80,1,0.179691,0.053935,0.054975
BA,51,80,8,0.327685,0.166442,0.160224
KCRDK,51,80,1,0.155413,0.052846,0.053065
BA,51,80,3,0.092479,0.022522,0.069733
KCRDK,51,80,2,0.270067,0.089359,0.078328
BA,51,80,12,0.59402,0.35786,0.234387
KCRDK,51,80,1,0.175459,0.052452,0.051377
BA,51,80,14,0.650407,0.386629,0.262052
KCRDK,51,80,1,0.150986,0.048986,0.054436
BA,51,80,4,0.136274,0.055715,0.079993
KCRDK,51,80,6,0.716037,0.22999,0.206254
BA,51,80,14,0.808074,0.529846,0.276297
KCRDK,51,80,1,0.159076,0.051459,0.054978
BA,51,80,12,0.602478,0.346051,0.254878
KCRDK,51,80,1,0.157381,0.054203,0.052504
BA,51,80,14,0.788807,0.512763,0.27399
KCRDK,51,80,1,0.156915,0.053969,0.053014
BA,51,80,10,0.467794,0.270009,0.196381
KCRDK,51,80,1,0.172945,0.052898,0.048582
BA,51,80,11,0.526118,0.310411,0.214156
KCRDK,51,80,1,0.153672,0.056636,0.045864
BA,51,80,22,1.88662,1.42856,0.455169
KCRDK,51,80,1,0.155305,0.055646,0.050433
BA,51,80,2,0.053664,0.016095,0.037367
KCRDK,51,80,1,0.153865,0.051935,0.049053
BA,51,80,14,0.767664,0.476453,0.289257
KCRDK,51,80,1,0.147815,0.052152,0.048045
BA,51,80,9,0.416525,0.233977,0.181289
KCRDK,51,80,1,0.152637,0.057586,0.046625
BA,51,80,17,1.13433,0.77997,0.341064
KCRDK,51,80,1,0.156137,0.052848,0.052647
BA,51,80,18,1.23422,0.87399,0.357502
KCRDK,51,80,1,0.156347,0.052609,0.052164
BA,51,80,10,0.445222,0.234754,0.209209
KCRDK,51,80,1,0.157125,0.052498,0.051854
BA,51,80,8,0.326058,0.166262,0.158666
KCRDK,51,80,1,0.157516,0.053555,0.051886
BA,51,80,4,0.139401,0.049091,0.089814
KCRDK,51,80,2,0.260053,0.08442,0.075925
BA,51,80,4,0.138777,0.042541,0.095805
KCRDK,51,80,1,0.141566,0.048047,0.047862
BA,51,80,2,0.056381,0.017619,0.038592
KCRDK,51,80,1,0.146257,0.052124,0.049085
BA,51,80,3,0.100001,0.036397,0.063312
KCRDK,51,80,2,0.274723,0.091135,0.077732
BA,51,80,16,0.953083,0.610298,0.34053
KCRDK,51,80,1,0.155024,0.052989,0.050152
BA,51,80,2,0.058445,0.018242,0.040057
KCRDK,51,80,1,0.154809,0.052708,0.050252
BA,51,80,3,0.096054,0.014606,0.081167
KCRDK,51,80,1,0.157842,0.054582,0.052456
BA,51,80,4,0.134452,0.054055,0.079932
KCRDK,51,80,1,0.158042,0.053947,0.053476
BA,51,80,4,0.135833,0.045255,0.090189
KCRDK,51,80,2,0.269295,0.088501,0.077186
BA,51,80,7,0.282376,0.145514,0.135922
KCRDK,51,80,1,0.158559,0.054326,0.051969
BA,51,80,5,0.176031,0.07159,0.103916
KCRDK,51,80,2,0.253588,0.084071,0.074837
BA,51,80,2,0.056263,0.007292,0.048819
KCRDK,51,80,1,0.14109,0.045961,0.047561
BA,51,80,17,1.08908,0.744492,0.342342
KCRDK,51,80,1,0.150022,0.046713,0.053019
BA,51,80,10,0.439575,0.254345,0.183866
KCRDK,51,80,1,0.145274,0.049484,0.045445
BA,51,80,2,0.064793,0.006379,0.058243
KCRDK,51,80,1,0.15551,0.051256,0.053104
BA,51,80,2,0.058958,0.020088,0.038668
KCRDK,51,80,1,0.157511,0.052838,0.053655
BA,51,80,15,0.956209,0.65152,0.302372
KCRDK,51,80,1,0.15802,0.053524,0.051989
BA,51,80,4,0.135055,0.056407,0.078145
KCRDK,51,80,1,0.154142,0.052706,0.049576
BA,51,80,3,0.097352,0.036428,0.060612
KCRDK,51,80,1,0.154137,0.053259,0.048981
BA,51,80,14,0.783568,0.498074,0.283467
KCRDK,51,80,1,0.145115,0.052708,0.048048
BA,51,80,10,0.440508,0.238181,0.201074
KCRDK,51,80,1,0.131679,0.043946,0.038897
BA,51,80,10,0.451579,0.253923,0.196409
KCRDK,51,80,1,0.160729,0.056152,0.050493
BA,51,80,3,0.100739,0.036708,0.063699
KCRDK,51,80,1,0.155199,0.055452,0.049678
BA,51,80,16,0.966764,0.66491,0.299586
KCRDK,51,80,1,0.15655,0.051172,0.054486
BA,51,80,4,0.136286,0.057768,0.078054
KCRDK,51,80,2,0.268634,0.091718,0.073389
BA,51,80,5,0.182593,0.084622,0.097363
KCRDK,51,80,9,1.09039,0.338139,0.284411
BA,51,80,7,0.281405,0.119479,0.161046
KCRDK,51,80,1,0.174401,0.057863,0.043599
BA,51,80,10,0.410988,0.225286,0.184533
KCRDK,51,80,1,0.144993,0.047616,0.049687
BA,51,80,13,0.705692,0.44332,0.260693
KCRDK,51,80,1,0.159504,0.055551,0.052281
BA,51,80,4,0.140468,0.043475,0.096654
KCRDK,51,80,2,0.294556,0.09218,0.077193
BA,51,80,3,0.102188,0.034917,0.066894
KCRDK,51,80,1,0.176006,0.046559,0.058778
BA,51,80,2,0.056254,0.018396,0.037696
KCRDK,51,80,1,0.158327,0.055455,0.05029
BA,51,80,4,0.138276,0.057308,0.080526
KCRDK,51,80,1,0.152617,0.053462,0.048417
BA,51,80,2,0.058626,0.017712,0.040736
KCRDK,51,80,1,0.151738,0.053864,0.047428
BA,51,80,3,0.098459,0.025301,0.072857
KCRDK,51,80,2,0.270756,0.089352,0.075795
BA,51,80,10,0.444818,0.24063,0.202829
KCRDK,51,80,1,0.156292,0.053657,0.050858
BA,51,80,8,0.338766,0.181298,0.156341
KCRDK,51,80,1,0.073623,0.024732,0.026119
BA,51,80,5,0.166378,0.064112,0.101751
KCRDK,51,80,2,0.263562,0.082999,0.077576
BA,51,80,3,0.077769,0.012375,0.065179
KCRDK,51,80,1,0.156378,0.053018,0.051341
BA,51,80,2,0.065643,0.013624,0.051885
KCRDK,51,80,1,0.177101,0.049216,0.051365
BA,51,80,3,0.10054,0.036439,0.063799
KCRDK,51,80,1,0.148355,0.054535,0.047633
BA,51,80,12,0.592529,0.344264,0.246657
KCRDK,51,80,1,0.157581,0.05152,0.053368
BA,51,80,4,0.149452,0.060452,0.088494
KCRDK,51,80,1,0.17672,0.055471,0.047861
BA,51,80,3,0.09513,0.034856,0.059931
KCRDK,51,80,1,0.174764,0.053871,0.048743
BA,51,80,5,0.180869,0.081262,0.098988
KCRDK,51,80,4,0.504061,0.159281,0.136472
BA,51,80,12,0.620204,0.380429,0.237882
KCRDK,51,80,1,0.156164,0.052982,0.052078
BA,51,80,12,0.569018,0.337732,0.22672
KCRDK,51,80,1,0.129127,0.038471,0.051921
BA,51,80,16,0.947494,0.627538,0.307875
KCRDK,51,80,1,0.184671,0.061219,0.051836
BA,51,80,13,0.680918,0.42448,0.254651
KCRDK,51,80,1,0.156719,0.052526,0.054314
BA,51,80,15,0.879165,0.574782,0.302112
KCRDK,51,80,1,0.149835,0.050408,0.050169
BA,51,80,3,0.097887,0.027989,0.069579
KCRDK,51,80,2,0.295319,0.087465,0.081244
BA,51,80,3,0.096033,0.034849,0.060883
KCRDK,51,80,2,0.276695,0.088966,0.081434
BA,51,80,3,0.099734,0.037424,0.061984
KCRDK,51,80,1,0.155403,0.053255,0.051024
BA,51,80,16,0.967968,0.645711,0.319863
KCRDK,51,80,1,0.182284,0.052933,0.054415
BA,51,80,22,7.27928,6.87061,0.405863
KCRDK,51,80,1,0.104985,0.034505,0.037475
BA,51,80,2,0.038613,0.011645,0.026902
KCRDK,51,80,1,0.102435,0.03484,0.035663
BA,51,80,2,0.035735,0.010652,0.025027
KCRDK,51,80,1,0.116351,0.038629,0.041786
BA,51,100,10,0.359649,0.204724,0.15429
KCRDK,51,100,2,0.180428,0.052822,0.053242
BA,51,100,4,0.083823,0.033815,0.049774
KCRDK,51,100,4,0.363107,0.110737,0.112111
BA,51,100,15,0.733375,0.493482,0.238827
KCRDK,51,100,1,0.13451,0.040299,0.042301
BA,51,100,9,0.303294,0.164589,0.138162
KCRDK,51,100,1,0.121846,0.040996,0.043813
BA,51,100,2,0.04811,0.014868,0.033154
KCRDK,51,100,1,0.12034,0.039746,0.042654
BA,51,100,14,0.57411,0.390764,0.182384
KCRDK,51,100,1,0.123247,0.041293,0.045044
BA,51,100,12,0.531701,0.342994,0.187919
KCRDK,51,100,1,0.118841,0.038953,0.043066
BA,51,100,14,0.701382,0.478689,0.221639
KCRDK,51,100,1,0.115401,0.037171,0.041811
BA,51,100,19,4.02985,3.72775,0.300614
KCRDK,51,100,1,0.08627,0.028996,0.031867
BA,51,100,5,0.108938,0.044316,0.064402
KCRDK,51,100,2,0.192995,0.056075,0.062225
BA,51,100,13,0.618607,0.414803,0.202701
KCRDK,51,100,1,0.122244,0.039431,0.044892
BA,51,100,20,3.36312,3.03639,0.3251
KCRDK,51,100,1,0.09905,0.032747,0.034811
BA,51,100,18,0.847714,0.618563,0.227917
KCRDK,51,100,1,0.120857,0.040328,0.043781
BA,51,100,3,0.076313,0.028106,0.048037
KCRDK,51,100,1,0.115762,0.037893,0.040754
BA,51,100,4,0.105926,0.04352,0.062201
KCRDK,51,100,2,0.196789,0.061648,0.061648
BA,51,100,2,0.046444,0.013982,0.032385
KCRDK,51,100,1,0.133122,0.040679,0.04139
BA,51,100,9,0.247727,0.136115,0.111065
KCRDK,51,100,1,0.113145,0.035887,0.041528
BA,51,100,9,0.307913,0.168596,0.138565
KCRDK,51,100,1,0.116764,0.038773,0.041538
BA,51,100,9,0.26456,0.144113,0.119884
KCRDK,51,100,1,0.122469,0.041261,0.043178
BA,51,100,15,0.782769,0.541634,0.24007
KCRDK,51,100,1,0.121069,0.038385,0.045429
BA,51,100,13,0.605862,0.395037,0.204725
KCRDK,51,100,1,0.123229,0.04141,0.044468
BA,51,100,13,0.513658,0.329588,0.183232
KCRDK,51,100,1,0.097984,0.032411,0.033494
BA,51,100,13,0.460333,0.297907,0.161614
KCRDK,51,100,1,0.099753,0.032975,0.035006
BA,51,100,2,0.038435,0.011781,0.026597
KCRDK,51,100,1,0.099312,0.034011,0.033756
BA,51,100,3,0.058921,0.020826,0.037991
KCRDK,51,100,2,0.18559,0.057257,0.049502
BA,51,100,2,0.038171,0.011625,0.026478
KCRDK,51,100,1,0.11598,0.039456,0.039936
BA,51,100,2,0.046017,0.01332,0.032632
KCRDK,51,100,1,0.12859,0.037497,0.039073
BA,51,100,3,0.072523,0.02617,0.046182
KCRDK,51,100,1,0.132666,0.039274,0.04228
BA,51,100,2,0.046851,0.013789,0.032995
KCRDK,51,100,1,0.128856,0.03741,0.039806
BA,51,100,16,0.671461,0.459324,0.211127
KCRDK,51,100,1,0.123057,0.039376,0.045798
BA,51,100,13,0.624557,0.419096,0.20445
KCRDK,51,100,1,0.121468,0.040135,0.044446
BA,51,100,5,0.130526,0.05805,0.072155
KCRDK,51,100,2,0.218189,0.066579,0.062367
BA,51,100,11,0.438891,0.265563,0.172582
KCRDK,51,100,1,0.110881,0.036505,0.039433
BA,51,100,10,0.294194,0.167554,0.126069
KCRDK,51,100,1,0.119606,0.040531,0.041997
BA,51,100,9,0.321723,0.182075,0.139073
KCRDK,51,100,1,0.137441,0.039903,0.044691
BA,51,100,3,0.071311,0.024218,0.046904
KCRDK,51,100,1,0.116058,0.039894,0.039117
BA,51,100,8,0.273095,0.151013,0.121599
KCRDK,51,100,9,0.725467,0.217833,0.20749
BA,51,100,12,0.454175,0.278148,0.175294
KCRDK,51,100,1,0.113052,0.033577,0.034326
BA,51,100,2,0.04501,0.01235,0.032603
KCRDK,51,100,1,0.119211,0.040266,0.04124
BA,51,100,11,0.443949,0.265328,0.177844
KCRDK,51,100,1,0.134254,0.039121,0.041428
BA,51,100,11,0.362356,0.21263,0.149069
KCRDK,51,100,1,0.104342,0.035437,0.036259
BA,51,100,2,0.040218,0.010677,0.029463
KCRDK,51,100,1,0.118302,0.039119,0.041911
BA,51,100,4,0.105105,0.042147,0.062732
KCRDK,51,100,2,0.198543,0.063796,0.062228
BA,51,100,2,0.038777,0.011641,0.027068
KCRDK,51,100,1,0.116265,0.039644,0.040193
BA,51,100,4,0.102323,0.04069,0.061399
KCRDK,51,100,2,0.197739,0.06189,0.061485
BA,51,100,11,0.456276,0.281986,0.173408
KCRDK,51,100,1,0.098094,0.032921,0.033757
BA,51,100,9,0.242179,0.127457,0.114258
KCRDK,51,100,1,0.11995,0.039991,0.043335
BA,51,100,3,0.072133,0.025927,0.046075
KCRDK,51,100,1,0.113374,0.037038,0.038428
BA,51,100,4,0.100102,0.039013,0.060863
KCRDK,51,100,2,0.166771,0.054972,0.048378
BA,51,100,11,0.346372,0.209357,0.136423
KCRDK,51,100,1,0.101367,0.033479,0.034923
BA,51,100,2,0.035818,0.010738,0.025008
KCRDK,51,100,1,0.116729,0.034821,0.034515
BA,51,100,7,0.175963,0.082815,0.092785
KCRDK,51,100,1,0.114802,0.034672,0.033966
BA,51,100,3,0.062085,0.022598,0.039358
KCRDK,51,100,1,0.133573,0.038913,0.041168
BA,51,100,3,0.074849,0.026796,0.047927
KCRDK,51,100,1,0.131657,0.037466,0.041023
BA,51,100,16,0.759825,0.538177,0.220555
KCRDK,51,100,1,0.112253,0.032705,0.034623
BA,51,100,3,0.058228,0.021484,0.03661
KCRDK,51,100,1,0.097721,0.032195,0.033644
BA,51,100,2,0.035964,0.010387,0.025512
KCRDK,51,100,1,0.131586,0.037985,0.041438
BA,51,100,4,0.107544,0.043532,0.063795
KCRDK,51,100,2,0.193832,0.061591,0.060877
BA,51,100,19,1.11987,0.831567,0.286782
KCRDK,51,100,1,0.114222,0.038082,0.041258
BA,51,100,9,0.249586,0.137017,0.11203
KCRDK,51,100,1,0.101517,0.035337,0.035448
BA,51,100,6,0.143709,0.067573,0.075843
KCRDK,51,100,5,0.44772,0.139506,0.132055
BA,51,100,2,0.04523,0.013314,0.031852
KCRDK,51,100,1,0.113687,0.037736,0.038999
BA,51,100,4,0.106003,0.042647,0.063148
KCRDK,51,100,2,0.211098,0.061263,0.061428
BA,51,100,2,0.046261,0.013513,0.032669
KCRDK,51,100,1,0.130102,0.038429,0.03989
BA,51,100,3,0.075262,0.02693,0.048215
KCRDK,51,100,2,0.193683,0.057291,0.056418
BA,51,100,3,0.065627,0.021233,0.044195
KCRDK,51,100,1,0.11586,0.03785,0.040764
BA,51,100,11,0.451851,0.268273,0.182848
KCRDK,51,100,1,0.12076,0.040139,0.04292
BA,51,100,3,0.066316,0.024338,0.041852
KCRDK,51,100,2,0.173276,0.057525,0.052176
BA,51,100,3,0.06016,0.022079,0.03795
KCRDK,51,100,1,0.137378,0.04431,0.039343
BA,51,100,6,0.174698,0.082948,0.091403
KCRDK,51,100,4,0.388154,0.115197,0.116466
BA,51,100,12,0.461011,0.265779,0.19447
KCRDK,51,100,1,0.117585,0.034757,0.036217
BA,51,100,18,0.844554,0.61038,0.232879
KCRDK,51,100,1,0.118986,0.035334,0.037072
BA,51,100,18,0.903038,0.672089,0.229722
KCRDK,51,100,1,0.100105,0.033403,0.034758
BA,51,100,5,0.112558,0.050532,0.061766
KCRDK,51,100,2,0.171734,0.05478,0.052409
BA,51,100,12,0.392973,0.240286,0.15196
KCRDK,51,100,1,0.102222,0.034268,0.036222
BA,51,100,19,1.00897,0.756876,0.246242
KCRDK,51,100,1,0.136013,0.038946,0.043023
BA,51,100,2,0.04572,0.013218,0.032417
KCRDK,51,100,1,0.132227,0.038665,0.041762
BA,51,100,3,0.072379,0.025485,0.046698
KCRDK,51,100,2,0.176844,0.054296,0.05756
BA,51,100,2,0.036413,0.011062,0.025281
KCRDK,51,100,1,0.115952,0.039238,0.040458
BA,51,100,2,0.045268,0.013682,0.031492
KCRDK,51,100,1,0.12071,0.040707,0.043088
BA,51,100,3,0.073423,0.020656,0.052639
KCRDK,51,100,2,0.202008,0.064717,0.062183
BA,51,100,7,0.225344,0.108883,0.115956
KCRDK,51,100,1,0.1336,0.038174,0.042207
BA,51,100,4,0.088685,0.03572,0.052765
KCRDK,51,100,2,0.214807,0.063392,0.063116
BA,51,100,5,0.138974,0.060372,0.078315
KCRDK,51,100,2,0.215608,0.062888,0.063791
BA,51,100,14,0.669698,0.454761,0.213994
KCRDK,51,100,1,0.115107,0.036431,0.033643
BA,51,100,4,0.084949,0.034348,0.050422
KCRDK,51,100,2,0.170181,0.057704,0.050471
BA,51,100,3,0.064554,0.021059,0.043365
KCRDK,51,100,2,0.18347,0.054031,0.052564
BA,51,100,3,0.061137,0.021861,0.03911
KCRDK,51,100,2,0.167011,0.052567,0.051138
BA,51,100,18,0.858193,0.622343,0.234506
KCRDK,51,100,1,0.132922,0.038789,0.043139
BA,51,100,2,0.046273,0.014124,0.032083
KCRDK,51,100,1,0.117703,0.041824,0.038831
BA,51,100,12,0.503997,0.317092,0.186155
KCRDK,51,100,1,0.103004,0.036237,0.034245
BA,51,100,16,0.688228,0.484215,0.202998
KCRDK,51,100,1,0.117972,0.037961,0.043087
BA,51,100,4,0.105826,0.03113,0.074491
KCRDK,51,100,1,0.118262,0.039908,0.041342
BA,51,100,10,0.389562,0.235821,0.153136
KCRDK,51,100,1,0.107221,0.035857,0.037465
BA,51,100,2,0.035296,0.010135,0.0251
KCRDK,51,100,1,0.118185,0.041796,0.039452
BA,51,100,2,0.045623,0.013612,0.031935
KCRDK,51,100,1,0.132458,0.03896,0.039853
BA,51,100,2,0.046174,0.013819,0.032247
KCRDK,51,100,1,0.114665,0.03735,0.040159
BA,51,100,2,0.047588,0.014689,0.032814
KCRDK,51,100,1,0.118531,0.039248,0.042197
BA,51,100,2,0.040064,0.012463,0.027545
KCRDK,51,100,1,0.110793,0.033714,0.033841
BA,51,100,13,0.483421,0.319258,0.16342
KCRDK,51,100,1,0.112798,0.033182,0.034394
BA,61,0,12,0.511608,0.290995,0.219772
KCRDK,61,0,1,0.174125,0.053451,0.061698
BA,61,0,9,0.418472,0.202318,0.215514
KCRDK,61,0,1,0.160161,0.051068,0.054688
BA,61,0,3,0.084134,0.029122,0.054852
KCRDK,61,0,2,0.238582,0.076553,0.070502
BA,61,0,3,0.08654,0.021383,0.064972
KCRDK,61,0,1,0.162824,0.05247,0.05955
BA,61,0,15,0.93016,0.587532,0.341345
KCRDK,61,0,1,0.166593,0.053749,0.06084
BA,61,0,11,0.55774,0.306595,0.250288
KCRDK,61,0,1,0.188219,0.053481,0.060701
BA,61,0,2,0.065399,0.018739,0.04659
KCRDK,61,0,1,0.163607,0.046817,0.052744
BA,61,0,16,0.834393,0.5414,0.291793
KCRDK,61,0,1,0.170674,0.054102,0.065385
BA,61,0,12,0.664384,0.386489,0.276943
KCRDK,61,0,1,0.145608,0.048623,0.052482
BA,61,0,7,0.24426,0.113693,0.130145
KCRDK,61,0,1,0.159262,0.050039,0.045967
BA,61,0,2,0.05404,0.007595,0.046343
KCRDK,61,0,1,0.163596,0.047335,0.052117
BA,61,0,2,0.055501,0.017069,0.038358
KCRDK,61,0,1,0.164515,0.053502,0.059563
BA,61,0,9,0.42173,0.207211,0.213863
KCRDK,61,0,1,0.141486,0.048105,0.04911
BA,61,0,3,0.089669,0.032843,0.056667
KCRDK,61,0,1,0.152057,0.048237,0.054011
BA,61,0,12,0.643206,0.368491,0.273812
KCRDK,61,0,1,0.204024,0.068908,0.070922
BA,61,0,2,0.083875,0.023134,0.060558
KCRDK,61,0,1,0.190305,0.053339,0.059284
BA,61,0,15,0.960949,0.60395,0.355746
KCRDK,61,0,1,0.170076,0.05472,0.063247
BA,61,0,6,0.244464,0.107728,0.136315
KCRDK,61,0,2,0.276375,0.081861,0.084286
BA,61,0,19,1.3792,0.970162,0.407297
KCRDK,61,0,1,0.16829,0.055187,0.061179
BA,61,0,12,0.582341,0.316622,0.264739
KCRDK,61,0,1,0.138891,0.046311,0.050015
BA,61,0,2,0.051057,0.005211,0.045755
KCRDK,61,0,1,0.159859,0.050393,0.058381
BA,61,0,5,0.189657,0.077065,0.112307
KCRDK,61,0,4,0.466865,0.121625,0.124135
BA,61,0,3,0.088427,0.03081,0.057488
KCRDK,61,0,1,0.160491,0.053779,0.05407
BA,61,0,12,0.648018,0.365607,0.281423
KCRDK,61,0,1,0.16415,0.05271,0.059209
BA,61,0,3,0.120966,0.039981,0.080728
KCRDK,61,0,1,0.1558,0.051357,0.056224
BA,61,0,3,0.087867,0.022805,0.064916
KCRDK,61,0,2,0.26174,0.075918,0.075307
BA,61,0,11,0.468239,0.265397,0.20208
KCRDK,61,0,1,0.162246,0.04718,0.050652
BA,61,0,12,0.534598,0.303751,0.23
KCRDK,61,0,1,0.140071,0.046009,0.049926
BA,61,0,15,0.760602,0.465155,0.294246
KCRDK,61,0,1,0.142002,0.046881,0.0528
BA,61,0,18,1.07991,0.718976,0.35944
KCRDK,61,0,1,0.14784,0.049761,0.052295
BA,61,0,5,0.16107,0.065378,0.095384
KCRDK,61,0,2,0.281403,0.087488,0.088872
BA,61,0,18,1.18594,0.789786,0.394565
KCRDK,61,0,1,0.185134,0.052609,0.059544
BA,61,0,3,0.103038,0.034262,0.068578
KCRDK,61,0,1,0.183506,0.051568,0.058804
BA,61,0,17,1.06909,0.708744,0.358944
KCRDK,61,0,1,0.181543,0.053787,0.077174
BA,61,0,9,0.401437,0.204044,0.196759
KCRDK,61,0,1,0.236183,0.067997,0.067172
BA,61,0,2,0.080267,0.026288,0.053815
KCRDK,61,0,1,0.214319,0.074387,0.07454
BA,61,0,8,0.431472,0.192038,0.238469
KCRDK,61,0,1,0.234725,0.064204,0.072376
BA,61,0,2,0.075029,0.007306,0.067486
KCRDK,61,0,1,0.196363,0.066976,0.064834
BA,61,0,15,1.04207,0.633007,0.407013
KCRDK,61,0,1,0.208995,0.068458,0.072151
BA,61,0,3,0.121454,0.027936,0.093245
KCRDK,61,0,2,0.363798,0.110054,0.110826
BA,61,0,13,0.838936,0.481884,0.35519
KCRDK,61,0,1,0.208394,0.068623,0.07074
BA,61,0,11,0.53773,0.297639,0.238795
KCRDK,61,0,1,0.212357,0.069826,0.073844
BA,61,0,4,0.151301,0.058326,0.092527
KCRDK,61,0,2,0.371002,0.104405,0.105327
BA,61,0,3,0.122127,0.046299,0.075512
KCRDK,61,0,1,0.208028,0.067395,0.069067
BA,61,0,3,0.122943,0.048826,0.073785
KCRDK,61,0,1,0.234372,0.07098,0.062906
BA,61,0,7,0.352931,0.161872,0.190027
KCRDK,61,0,3,0.548241,0.156647,0.150294
BA,61,0,3,0.127712,0.046656,0.080733
KCRDK,61,0,2,0.391797,0.110884,0.111202
BA,61,0,10,0.557249,0.282909,0.272927
KCRDK,61,0,2,0.35216,0.105665,0.108917
BA,61,0,9,0.48248,0.24449,0.23686
KCRDK,61,0,1,0.231787,0.066868,0.070794
BA,61,0,11,0.652303,0.338562,0.295938
KCRDK,61,0,1,0.211221,0.069826,0.074843
BA,61,0,4,0.181813,0.066125,0.115138
KCRDK,61,0,3,0.520212,0.156815,0.147675
BA,61,0,12,0.725242,0.397833,0.325674
KCRDK,61,0,1,0.207302,0.068195,0.0705
BA,61,0,16,1.12088,0.681127,0.437515
KCRDK,61,0,1,0.209205,0.068796,0.071414
BA,61,0,2,0.077413,0.022165,0.054985
KCRDK,61,0,1,0.173583,0.057763,0.053588
BA,61,0,26,31.7733,31.1277,0.626561
KCRDK,61,0,2,0.242734,0.081081,0.072886
BA,61,0,15,0.731,0.44733,0.274141
KCRDK,61,0,1,0.188911,0.0528,0.062687
BA,61,0,12,0.646309,0.382422,0.262921
KCRDK,61,0,1,0.154939,0.044483,0.049436
BA,61,0,2,0.051811,0.005731,0.045999
KCRDK,61,0,1,0.219408,0.071853,0.075585
BA,61,0,2,0.079582,0.019415,0.060014
KCRDK,61,0,1,0.247739,0.070531,0.076904
BA,61,0,10,0.585029,0.301961,0.281725
KCRDK,61,0,1,0.208678,0.065652,0.073055
BA,61,0,13,0.839439,0.469965,0.367575
KCRDK,61,0,1,0.208432,0.067186,0.070589
BA,61,0,3,0.129073,0.046437,0.082273
KCRDK,61,0,2,0.278678,0.085912,0.090063
BA,61,0,2,0.063338,0.017648,0.04559
KCRDK,61,0,1,0.219398,0.07047,0.074821
BA,61,0,4,0.185471,0.054945,0.130067
KCRDK,61,0,2,0.339585,0.11573,0.09366
BA,61,0,4,0.166877,0.070515,0.095956
KCRDK,61,0,3,0.508532,0.148499,0.147856
BA,61,0,18,1.4216,0.916487,0.502464
KCRDK,61,0,1,0.208596,0.068998,0.071432
BA,61,0,12,0.713636,0.385476,0.32665
KCRDK,61,0,1,0.206896,0.067369,0.071875
BA,61,0,2,0.078236,0.02324,0.054802
KCRDK,61,0,1,0.211134,0.068804,0.071594
BA,61,0,13,0.844217,0.460988,0.3664
KCRDK,61,0,1,0.211255,0.067548,0.073762
BA,61,0,3,0.125065,0.042708,0.082006
KCRDK,61,0,2,0.376921,0.111208,0.114504
BA,61,0,5,0.22249,0.095304,0.126359
KCRDK,61,0,2,0.363477,0.120052,0.108695
BA,61,0,3,0.124029,0.031088,0.09261
KCRDK,61,0,1,0.20671,0.07016,0.068182
BA,61,0,4,0.175753,0.060714,0.114563
KCRDK,61,0,2,0.39485,0.111576,0.111389
BA,61,0,11,0.642383,0.327986,0.312879
KCRDK,61,0,1,0.210906,0.06849,0.07034
BA,61,0,3,0.126604,0.02975,0.096515
KCRDK,61,0,1,0.211809,0.07126,0.071801
BA,61,0,11,0.66023,0.359365,0.299289
KCRDK,61,0,1,0.210495,0.069838,0.073001
BA,61,0,2,0.076307,0.021827,0.054272
KCRDK,61,0,1,0.096449,0.028927,0.037165
BA,61,0,2,0.071013,0.019964,0.050941
KCRDK,61,0,1,0.202201,0.065541,0.068658
BA,61,0,4,0.150029,0.031293,0.118328
KCRDK,61,0,2,0.348098,0.107846,0.108585
BA,61,0,23,15.0908,14.4639,0.623864
KCRDK,61,0,1,0.153403,0.050431,0.054864
BA,61,0,15,0.734517,0.453079,0.280316
KCRDK,61,0,1,0.166537,0.053983,0.062111
BA,61,0,16,1.21773,0.789151,0.426912
KCRDK,61,0,1,0.145661,0.047822,0.053837
BA,61,0,13,0.560322,0.321785,0.237527
KCRDK,61,0,1,0.13092,0.037356,0.047594
BA,61,0,7,0.239952,0.113278,0.126285
KCRDK,61,0,1,0.161367,0.047733,0.048462
BA,61,0,13,0.586934,0.335036,0.250962
KCRDK,61,0,1,0.167916,0.054963,0.06022
BA,61,0,3,0.105025,0.034965,0.069939
KCRDK,61,0,2,0.378437,0.125502,0.125255
BA,61,0,3,0.137285,0.04856,0.088353
KCRDK,61,0,2,0.364995,0.11154,0.112622
BA,61,0,3,0.128076,0.046781,0.080926
KCRDK,61,0,1,0.211798,0.06692,0.073815
BA,61,0,11,0.645435,0.345072,0.298833
KCRDK,61,0,1,0.213185,0.067034,0.074186
BA,61,0,13,0.830422,0.477003,0.351607
KCRDK,61,0,1,0.225476,0.0641,0.067758
BA,61,0,7,0.343024,0.147451,0.19472
KCRDK,61,0,3,0.506201,0.155061,0.151023
BA,61,0,4,0.175143,0.071047,0.103569
KCRDK,61,0,2,0.347264,0.109162,0.105067
BA,61,0,10,0.559061,0.274254,0.283432
KCRDK,61,0,1,0.23817,0.067535,0.071109
BA,61,0,3,0.124463,0.042361,0.081778
KCRDK,61,0,1,0.21008,0.06812,0.071587
BA,61,0,4,0.18088,0.056003,0.124384
KCRDK,61,0,2,0.395377,0.113194,0.110747
BA,61,0,2,0.092754,0.023527,0.069052
KCRDK,61,0,1,0.205287,0.070489,0.063449
BA,61,0,4,0.178993,0.069169,0.109268
KCRDK,61,0,4,0.657398,0.208696,0.181604
BA,61,0,2,0.079494,0.022929,0.056393
KCRDK,61,0,1,0.203889,0.06913,0.069992
BA,61,0,4,0.173588,0.054574,0.118637
KCRDK,61,0,2,0.370922,0.123032,0.105728
BA,61,0,3,0.1284,0.045129,0.082917
KCRDK,61,0,1,0.238264,0.066481,0.070813
BA,61,20,5,0.233804,0.097619,0.135612
KCRDK,61,20,2,0.360473,0.111199,0.121034
BA,61,20,4,0.183061,0.073278,0.109208
KCRDK,61,20,2,0.368782,0.114755,0.111391
BA,61,20,5,0.230182,0.093931,0.135615
KCRDK,61,20,6,0.937374,0.286229,0.267205
BA,61,20,7,0.352256,0.155988,0.195237
KCRDK,61,20,1,0.205994,0.062788,0.072761
BA,61,20,13,0.788729,0.42794,0.359005
KCRDK,61,20,1,0.206393,0.064796,0.070954
BA,61,20,11,0.648425,0.347496,0.299215
KCRDK,61,20,1,0.210468,0.068494,0.073224
BA,61,20,3,0.126684,0.045571,0.080755
KCRDK,61,20,1,0.204903,0.069333,0.067666
BA,61,20,2,0.080184,0.024938,0.055075
KCRDK,61,20,1,0.20268,0.06676,0.068118
BA,61,20,19,1.61442,1.07862,0.533147
KCRDK,61,20,1,0.187843,0.063185,0.064074
BA,61,20,16,1.1636,0.748609,0.412791
KCRDK,61,20,1,0.203436,0.066842,0.071432
BA,61,20,2,0.075392,0.018557,0.056687
KCRDK,61,20,1,0.205385,0.064239,0.071355
BA,61,20,11,0.627817,0.329596,0.296649
KCRDK,61,20,1,0.210571,0.067013,0.07529
BA,61,20,13,0.836857,0.481162,0.353797
KCRDK,61,20,1,0.238426,0.066936,0.072727
BA,61,20,10,0.565845,0.294586,0.269855
KCRDK,61,20,1,0.236884,0.06736,0.071441
BA,61,20,14,0.914501,0.524727,0.381554
KCRDK,61,20,1,0.237528,0.067922,0.07104
BA,61,20,3,0.121737,0.040451,0.080954
KCRDK,61,20,1,0.1972,0.07033,0.067567
BA,61,20,2,0.068639,0.018982,0.049512
KCRDK,61,20,1,0.204064,0.068568,0.068966
BA,61,20,18,1.37988,0.864633,0.512697
KCRDK,61,20,1,0.212262,0.073234,0.070821
BA,61,20,8,0.466029,0.241125,0.223915
KCRDK,61,20,1,0.224477,0.072641,0.078096
BA,61,20,2,0.084422,0.025615,0.058553
KCRDK,61,20,1,0.21883,0.065789,0.082958
BA,61,20,12,0.739647,0.410377,0.327442
KCRDK,61,20,1,0.210946,0.070547,0.071331
BA,61,20,4,0.177326,0.055414,0.121439
KCRDK,61,20,2,0.359576,0.109138,0.107608
BA,61,20,5,0.170352,0.065931,0.104049
KCRDK,61,20,1,0.200063,0.072118,0.06493
BA,61,20,5,0.212048,0.09173,0.11976
KCRDK,61,20,2,0.385976,0.115583,0.10544
BA,61,20,12,0.721241,0.392859,0.326821
KCRDK,61,20,1,0.230679,0.067681,0.068227
BA,61,20,18,1.40803,0.885148,0.507828
KCRDK,61,20,1,0.211652,0.069396,0.073724
BA,61,20,5,0.233685,0.095876,0.137167
KCRDK,61,20,2,0.392153,0.111166,0.1111
BA,61,20,3,0.121578,0.028731,0.09251
KCRDK,61,20,2,0.392449,0.113379,0.111659
BA,61,20,4,0.180614,0.071142,0.108962
KCRDK,61,20,1,0.205751,0.060678,0.072432
BA,61,20,6,0.279348,0.127635,0.150864
KCRDK,61,20,1,0.188085,0.064067,0.064528
BA,61,20,2,0.081317,0.026172,0.054975
KCRDK,61,20,1,0.228084,0.065901,0.06728
BA,61,20,9,0.489927,0.234748,0.253624
KCRDK,61,20,1,0.209234,0.070922,0.069595
BA,61,20,4,0.172223,0.06412,0.107711
KCRDK,61,20,2,0.356997,0.110594,0.107642
BA,61,20,2,0.077251,0.022221,0.054737
KCRDK,61,20,1,0.239027,0.066091,0.072932
BA,61,20,11,0.647767,0.329974,0.316332
KCRDK,61,20,1,0.212285,0.068703,0.074394
BA,61,20,4,0.17463,0.049962,0.124248
KCRDK,61,20,2,0.386355,0.109333,0.107278
BA,61,20,4,0.167935,0.068124,0.099441
KCRDK,61,20,1,0.209838,0.070381,0.072092
BA,61,20,2,0.077573,0.02305,0.054327
KCRDK,61,20,1,0.250875,0.070813,0.075449
BA,61,20,3,0.140687,0.046471,0.093879
KCRDK,61,20,1,0.23969,0.073015,0.068455
BA,61,20,10,0.577959,0.295688,0.280842
KCRDK,61,20,1,0.215018,0.068479,0.076446
BA,61,20,2,0.078394,0.022635,0.055496
KCRDK,61,20,1,0.249951,0.072385,0.073512
BA,61,20,3,0.135793,0.033119,0.102417
KCRDK,61,20,1,0.250007,0.071398,0.075061
BA,61,20,2,0.07745,0.023428,0.053815
KCRDK,61,20,1,0.219475,0.072543,0.073823
BA,61,20,13,0.879289,0.494885,0.382376
KCRDK,61,20,1,0.224308,0.065137,0.066133
BA,61,20,4,0.168741,0.068724,0.099615
KCRDK,61,20,2,0.324055,0.100661,0.100038
BA,61,20,13,0.833514,0.472161,0.359557
KCRDK,61,20,1,0.206841,0.0636,0.072781
BA,61,20,3,0.11976,0.044076,0.075317
KCRDK,61,20,2,0.394674,0.111712,0.109657
BA,61,20,2,0.079242,0.024358,0.05468
KCRDK,61,20,1,0.24298,0.071041,0.072383
BA,61,20,4,0.174382,0.053631,0.12032
KCRDK,61,20,2,0.376928,0.111511,0.125153
BA,61,20,4,0.178458,0.056369,0.12156
KCRDK,61,20,2,0.36194,0.111324,0.108598
BA,61,20,12,0.676204,0.381591,0.293187
KCRDK,61,20,1,0.195034,0.068629,0.064076
BA,61,20,2,0.074787,0.024468,0.050088
KCRDK,61,20,1,0.210637,0.07063,0.073862
BA,61,20,4,0.178021,0.073951,0.103629
KCRDK,61,20,2,0.361978,0.113164,0.112518
BA,61,20,2,0.075527,0.018357,0.05706
KCRDK,61,20,1,0.204866,0.068758,0.067696
BA,61,20,4,0.179623,0.05756,0.121533
KCRDK,61,20,4,0.677094,0.203684,0.188754
BA,61,20,3,0.143925,0.046905,0.096692
KCRDK,61,20,1,0.209877,0.067882,0.070986
BA,61,20,3,0.12704,0.043855,0.08287
KCRDK,61,20,2,0.256249,0.07245,0.082062
BA,61,20,3,0.115191,0.034443,0.080451
KCRDK,61,20,2,0.339374,0.109581,0.100827
BA,61,20,3,0.129055,0.041127,0.087573
KCRDK,61,20,1,0.226796,0.064033,0.063266
BA,61,20,2,0.071756,0.024304,0.04727
KCRDK,61,20,1,0.210861,0.071911,0.071056
BA,61,20,10,0.572443,0.294431,0.276685
KCRDK,61,20,1,0.210975,0.067189,0.07123
BA,61,20,2,0.077567,0.022443,0.054924
KCRDK,61,20,1,0.236298,0.066639,0.06988
BA,61,20,9,0.490292,0.245027,0.243925
KCRDK,61,20,1,0.240948,0.068263,0.072486
BA,61,20,2,0.076712,0.02239,0.054104
KCRDK,61,20,1,0.210886,0.069144,0.073591
BA,61,20,16,1.07052,0.684342,0.384215
KCRDK,61,20,1,0.209784,0.058978,0.064817
BA,61,20,14,0.929331,0.555552,0.371967
KCRDK,61,20,1,0.207815,0.066327,0.075382
BA,61,20,13,0.838778,0.476396,0.360603
KCRDK,61,20,1,0.211133,0.068902,0.071607
BA,61,20,15,1.01069,0.589616,0.419061
KCRDK,61,20,1,0.240765,0.06795,0.072469
BA,61,20,3,0.125156,0.028102,0.096796
KCRDK,61,20,2,0.385102,0.113165,0.122624
BA,61,20,2,0.080964,0.008848,0.07196
KCRDK,61,20,1,0.207089,0.068075,0.07054
BA,61,20,14,0.840848,0.510492,0.328773
KCRDK,61,20,1,0.214793,0.062061,0.068164
BA,61,20,12,0.714252,0.393688,0.31915
KCRDK,61,20,1,0.207014,0.066695,0.071921
BA,61,20,16,1.13115,0.700381,0.428529
KCRDK,61,20,1,0.202394,0.065269,0.072758
BA,61,20,5,0.23393,0.097644,0.135522
KCRDK,61,20,6,0.973289,0.302008,0.259645
BA,61,20,4,0.175946,0.067419,0.107987
KCRDK,61,20,3,0.550953,0.155703,0.151814
BA,61,20,2,0.07839,0.023275,0.054875
KCRDK,61,20,1,0.194983,0.070483,0.06164
BA,61,20,13,0.842721,0.492978,0.347818
KCRDK,61,20,1,0.206845,0.068166,0.070149
BA,61,20,14,0.898166,0.50312,0.393352
KCRDK,61,20,1,0.215309,0.068759,0.078182
BA,61,20,19,1.58908,1.04438,0.540412
KCRDK,61,20,1,0.223099,0.068554,0.085047
BA,61,20,2,0.075436,0.020971,0.054263
KCRDK,61,20,1,0.208719,0.06604,0.071588
BA,61,20,2,0.079088,0.025011,0.053893
KCRDK,61,20,1,0.242515,0.069646,0.072666
BA,61,20,4,0.178123,0.068888,0.108681
KCRDK,61,20,2,0.364855,0.116459,0.105419
BA,61,20,14,0.919105,0.55913,0.358124
KCRDK,61,20,1,0.181232,0.060276,0.058057
BA,61,20,12,0.729688,0.401119,0.315628
KCRDK,61,20,1,0.202773,0.074075,0.062956
BA,61,20,14,0.92549,0.537131,0.386539
KCRDK,61,20,1,0.230534,0.064773,0.068023
BA,61,20,16,1.14344,0.705522,0.435551
KCRDK,61,20,1,0.23908,0.069346,0.072111
BA,61,20,2,0.077055,0.02246,0.054403
KCRDK,61,20,1,0.207282,0.068023,0.069898
BA,61,20,14,0.92168,0.523556,0.3961
KCRDK,61,20,1,0.206346,0.067211,0.070257
BA,61,20,2,0.075404,0.020831,0.054351
KCRDK,61,20,1,0.196823,0.075281,0.072962
BA,61,20,11,0.637646,0.337128,0.285589
KCRDK,61,20,1,0.224869,0.067409,0.086702
BA,61,20,11,0.649881,0.350105,0.298128
KCRDK,61,20,1,0.248115,0.069027,0.079049
BA,61,20,3,0.128338,0.040712,0.087243
KCRDK,61,20,2,0.366939,0.113058,0.1093
BA,61,20,2,0.076147,0.007303,0.068715
KCRDK,61,20,1,0.222802,0.068217,0.084295
BA,61,20,2,0.080291,0.010431,0.069689
KCRDK,61,20,1,0.240808,0.06958,0.069925
BA,61,20,3,0.12937,0.045919,0.083045
KCRDK,61,20,1,0.210259,0.069231,0.069214
BA,61,20,13,0.843963,0.46592,0.376241
KCRDK,61,20,1,0.201497,0.068932,0.071722
BA,61,20,4,0.172991,0.066158,0.10644
KCRDK,61,20,2,0.400017,0.11725,0.112601
BA,61,20,3,0.13617,0.051636,0.084146
KCRDK,61,20,2,0.370083,0.117133,0.113746
BA,61,20,16,1.17862,0.726161,0.450137
KCRDK,61,20,1,0.204681,0.066647,0.068888
BA,61,20,3,0.124771,0.042246,0.082193
KCRDK,61,20,1,0.212166,0.069557,0.070295
BA,61,40,5,0.240686,0.086466,0.153579
KCRDK,61,40,1,0.237164,0.067265,0.070907
BA,61,40,4,0.178302,0.069385,0.10843
KCRDK,61,40,2,0.395455,0.118997,0.105376
BA,61,40,10,0.470703,0.235932,0.233761
KCRDK,61,40,1,0.231302,0.079322,0.081001
BA,61,40,8,0.391667,0.194229,0.196322
KCRDK,61,40,1,0.243245,0.068533,0.080333
BA,61,40,14,0.979485,0.591347,0.386157
KCRDK,61,40,1,0.21404,0.073281,0.073919
BA,61,40,3,0.130924,0.043456,0.087142
KCRDK,61,40,1,0.206841,0.068457,0.068397
BA,61,40,3,0.126867,0.042781,0.083721
KCRDK,61,40,1,0.213225,0.068664,0.072419
BA,61,40,4,0.179785,0.069117,0.110152
KCRDK,61,40,2,0.398092,0.112461,0.109982
BA,61,40,14,0.920834,0.503043,0.415746
KCRDK,61,40,1,0.214364,0.07097,0.072253
BA,61,40,16,1.12497,0.735515,0.387542
KCRDK,61,40,1,0.181075,0.063687,0.059666
BA,61,40,6,0.273299,0.124638,0.147969
KCRDK,61,40,1,0.247939,0.071062,0.075482
BA,61,40,2,0.070444,0.007554,0.062705
KCRDK,61,40,1,0.213648,0.066838,0.075695
BA,61,40,16,1.18388,0.733636,0.447963
KCRDK,61,40,1,0.21118,0.068404,0.072131
BA,61,40,10,0.555839,0.278388,0.275922
KCRDK,61,40,1,0.208926,0.068652,0.071299
BA,61,40,13,0.824957,0.470144,0.352851
KCRDK,61,40,1,0.210251,0.066387,0.075658
BA,61,40,8,0.413491,0.182661,0.229826
KCRDK,61,40,2,0.27705,0.078507,0.086733
BA,61,40,9,0.475396,0.228581,0.245722
KCRDK,61,40,1,0.216487,0.063529,0.062475
BA,61,40,2,0.075084,0.008727,0.066133
KCRDK,61,40,1,0.208447,0.068253,0.070789
BA,61,40,9,0.485026,0.232066,0.251565
KCRDK,61,40,1,0.21051,0.07128,0.068864
BA,61,40,4,0.177113,0.067343,0.109421
KCRDK,61,40,4,0.679436,0.206965,0.185613
BA,61,40,3,0.13892,0.041744,0.096859
KCRDK,61,40,2,0.392476,0.110514,0.10982
BA,61,40,7,0.35063,0.14529,0.20447
KCRDK,61,40,1,0.238628,0.070233,0.067582
BA,61,40,15,0.968177,0.601326,0.364859
KCRDK,61,40,1,0.214573,0.072579,0.073696
BA,61,40,3,0.112874,0.040421,0.072147
KCRDK,61,40,2,0.359832,0.105315,0.113784
BA,61,40,4,0.172379,0.054669,0.117185
KCRDK,61,40,2,0.396717,0.110654,0.115951
BA,61,40,3,0.127214,0.046333,0.080538
KCRDK,61,40,1,0.208204,0.069746,0.06776
BA,61,40,9,0.49323,0.245054,0.246725
KCRDK,61,40,1,0.209633,0.068249,0.069467
BA,61,40,11,0.637709,0.336549,0.299607
KCRDK,61,40,1,0.244562,0.069585,0.074678
BA,61,40,5,0.228465,0.078641,0.149237
KCRDK,61,40,2,0.397984,0.113582,0.123142
BA,61,40,11,0.614478,0.333077,0.280045
KCRDK,61,40,1,0.216881,0.065541,0.065446
BA,61,40,4,0.177628,0.071103,0.105975
KCRDK,61,40,2,0.401213,0.114979,0.114455
BA,61,40,15,1.03626,0.603575,0.430601
KCRDK,61,40,1,0.208432,0.067751,0.071807
BA,61,40,16,1.201,0.760492,0.437972
KCRDK,61,40,1,0.239252,0.068429,0.072691
BA,61,40,2,0.078316,0.023333,0.054725
KCRDK,61,40,1,0.240366,0.066971,0.073476
BA,61,40,5,0.231491,0.081879,0.149023
KCRDK,61,40,2,0.358156,0.110468,0.106894
BA,61,40,13,0.771209,0.457161,0.312553
KCRDK,61,40,1,0.205702,0.066076,0.074444
BA,61,40,9,0.451432,0.23517,0.21523
KCRDK,61,40,1,0.218098,0.070827,0.079448
BA,61,40,9,0.480079,0.22147,0.257453
KCRDK,61,40,1,0.221436,0.069149,0.079934
BA,61,40,15,1.04704,0.626149,0.418788
KCRDK,61,40,1,0.212429,0.068198,0.072563
BA,61,40,5,0.238419,0.098122,0.139537
KCRDK,61,40,2,0.401481,0.11405,0.112793
BA,61,40,12,0.7174,0.383666,0.332006
KCRDK,61,40,1,0.213095,0.067319,0.07441
BA,61,40,9,0.494393,0.244583,0.248393
KCRDK,61,40,1,0.157661,0.045313,0.053582
BA,61,40,8,0.410677,0.202564,0.20705
KCRDK,61,40,4,0.697816,0.198095,0.207969
BA,61,40,16,1.20825,0.768646,0.437357
KCRDK,61,40,1,0.252188,0.074246,0.077402
BA,61,40,2,0.076587,0.022107,0.054259
KCRDK,61,40,1,0.209876,0.066126,0.072508
BA,61,40,15,1.00632,0.5932,0.410874
KCRDK,61,40,1,0.209726,0.067274,0.072652
BA,61,40,2,0.07669,0.020911,0.0556
KCRDK,61,40,1,0.237309,0.067113,0.069339
BA,61,40,8,0.424466,0.204694,0.218619
KCRDK,61,40,1,0.209243,0.066021,0.073093
BA,61,40,4,0.172769,0.067617,0.104742
KCRDK,61,40,2,0.369971,0.103558,0.101095
BA,61,40,3,0.116248,0.030719,0.08522
KCRDK,61,40,1,0.210427,0.068067,0.070227
BA,61,40,2,0.080451,0.025181,0.055075
KCRDK,61,40,1,0.209573,0.066814,0.069737
BA,61,40,11,0.668502,0.362051,0.305022
KCRDK,61,40,1,0.211811,0.066354,0.07519
BA,61,40,3,0.12853,0.044613,0.083508
KCRDK,61,40,1,0.2125,0.067835,0.075179
BA,61,40,11,0.646051,0.337121,0.307268
KCRDK,61,40,1,0.213057,0.070484,0.071119
BA,61,40,11,0.649512,0.329515,0.318299
KCRDK,61,40,1,0.207904,0.074661,0.063238
BA,61,40,12,0.662585,0.369405,0.291746
KCRDK,61,40,1,0.206238,0.072299,0.069421
BA,61,40,11,0.589089,0.324665,0.263101
KCRDK,61,40,1,0.206067,0.0659,0.071841
BA,61,40,3,0.125338,0.02702,0.097966
KCRDK,61,40,1,0.214873,0.068111,0.077249
BA,61,40,8,0.430684,0.203432,0.226173
KCRDK,61,40,1,0.239232,0.069529,0.06959
BA,61,40,11,0.659583,0.353673,0.304368
KCRDK,61,40,1,0.211889,0.068571,0.072866
BA,61,40,4,0.17939,0.068931,0.109969
KCRDK,61,40,2,0.364979,0.11328,0.110605
BA,61,40,5,0.234833,0.095683,0.1385
KCRDK,61,40,2,0.397869,0.113931,0.112443
BA,61,40,15,0.924113,0.557965,0.364376
KCRDK,61,40,1,0.208088,0.058568,0.065603
BA,61,40,2,0.068684,0.020463,0.048045
KCRDK,61,40,1,0.23785,0.064201,0.067669
BA,61,40,17,1.23703,0.768442,0.466327
KCRDK,61,40,1,0.201555,0.071018,0.070676
BA,61,40,4,0.182059,0.070672,0.110864
KCRDK,61,40,2,0.362828,0.104935,0.110752
BA,61,40,6,0.287368,0.122266,0.16433
KCRDK,61,40,2,0.372031,0.11541,0.114893
BA,61,40,3,0.127043,0.04343,0.083209
KCRDK,61,40,2,0.368278,0.113461,0.111987
BA,61,40,14,0.88867,0.524368,0.362441
KCRDK,61,40,1,0.208053,0.066455,0.075232
BA,61,40,13,0.782939,0.436976,0.344368
KCRDK,61,40,1,0.21059,0.065103,0.073355
BA,61,40,14,0.894787,0.513051,0.379765
KCRDK,61,40,1,0.215558,0.064836,0.077628
BA,61,40,2,0.073943,0.020647,0.053155
KCRDK,61,40,1,0.213304,0.070647,0.073463
BA,61,40,13,0.847645,0.486224,0.359609
KCRDK,61,40,1,0.213198,0.069037,0.07407
BA,61,40,4,0.17765,0.067667,0.109473
KCRDK,61,40,2,0.361511,0.113859,0.099512
BA,61,40,10,0.569538,0.292319,0.275665
KCRDK,61,40,1,0.176458,0.056834,0.057355
BA,61,40,3,0.120036,0.042669,0.077082
KCRDK,61,40,1,0.181084,0.059522,0.062018
BA,61,40,2,0.072655,0.021304,0.051145
KCRDK,61,40,1,0.208614,0.068343,0.068607
BA,61,40,2,0.078874,0.006804,0.071973
KCRDK,61,40,1,0.245824,0.072353,0.074841
BA,61,40,2,0.073522,0.007321,0.066036
KCRDK,61,40,1,0.210195,0.065946,0.073512
BA,61,40,13,0.844789,0.480673,0.362234
KCRDK,61,40,1,0.241441,0.067409,0.074399
BA,61,40,3,0.128322,0.045663,0.082193
KCRDK,61,40,2,0.392105,0.113241,0.108758
BA,61,40,3,0.125997,0.030187,0.095481
KCRDK,61,40,2,0.36559,0.111211,0.111411
BA,61,40,11,0.550841,0.298167,0.25137
KCRDK,61,40,1,0.198788,0.068826,0.06721
BA,61,40,16,1.12802,0.709718,0.416018
KCRDK,61,40,1,0.245766,0.072693,0.072075
BA,61,40,11,0.65826,0.348205,0.308612
KCRDK,61,40,1,0.24363,0.075395,0.067968
BA,61,40,19,3.62014,3.09671,0.520727
KCRDK,61,40,1,0.188121,0.053963,0.060874
BA,61,40,16,0.969709,0.623128,0.345229
KCRDK,61,40,1,0.188599,0.053084,0.062775
BA,61,40,4,0.128964,0.047035,0.081681
KCRDK,61,40,2,0.2955,0.086723,0.083027
BA,61,40,8,0.35984,0.167297,0.191952
KCRDK,61,40,7,1.24697,0.364469,0.332675
BA,61,40,3,0.13011,0.046071,0.083669
KCRDK,61,40,2,0.369151,0.112847,0.11058
BA,61,40,2,0.078268,0.022434,0.055664
KCRDK,61,40,1,0.185672,0.052401,0.060606
BA,61,40,3,0.103025,0.034435,0.06842
KCRDK,61,40,2,0.23508,0.074254,0.074837
BA,61,40,4,0.116716,0.048472,0.067968
KCRDK,61,40,2,0.272857,0.08361,0.087954
BA,61,40,2,0.06554,0.01919,0.046276
KCRDK,61,40,1,0.184103,0.053572,0.057005
BA,61,40,8,0.362179,0.180086,0.181514
KCRDK,61,40,1,0.167747,0.054173,0.062071
BA,61,40,12,0.66357,0.390694,0.271835
KCRDK,61,40,1,0.191967,0.054238,0.063267
BA,61,40,2,0.064322,0.017987,0.046251
KCRDK,61,40,1,0.187741,0.056999,0.056039
BA,61,40,9,0.418851,0.214077,0.204061
KCRDK,61,40,1,0.143392,0.047487,0.052767
BA,61,40,12,0.499695,0.270428,0.219956
KCRDK,61,40,1,0.140714,0.046505,0.050621
BA,61,40,10,0.390023,0.207116,0.182154
KCRDK,61,40,1,0.142626,0.051115,0.045182
BA,61,60,3,0.089636,0.032359,0.057098
KCRDK,61,60,1,0.136572,0.045961,0.048613
BA,61,60,3,0.085225,0.029454,0.055615
KCRDK,61,60,1,0.18289,0.051813,0.058516
BA,61,60,3,0.106855,0.036287,0.070381
KCRDK,61,60,1,0.138044,0.047305,0.047806
BA,61,60,18,1.02083,0.665492,0.353968
KCRDK,61,60,1,0.141505,0.046404,0.051564
BA,61,60,18,1.04923,0.702392,0.345325
KCRDK,61,60,1,0.142827,0.047997,0.051572
BA,61,60,2,0.052424,0.015043,0.037309
KCRDK,61,60,1,0.182806,0.051102,0.057238
BA,61,60,2,0.063653,0.017348,0.046228
KCRDK,61,60,1,0.143039,0.047041,0.052121
BA,61,60,13,0.566698,0.337346,0.228507
KCRDK,61,60,1,0.169413,0.054126,0.061148
BA,61,60,12,0.643659,0.371255,0.271441
KCRDK,61,60,1,0.138896,0.045283,0.048398
BA,61,60,13,0.604339,0.35487,0.248549
KCRDK,61,60,1,0.169696,0.056302,0.060877
BA,61,60,2,0.063645,0.017552,0.046002
KCRDK,61,60,1,0.161469,0.052536,0.058453
BA,61,60,13,0.582457,0.340802,0.240693
KCRDK,61,60,1,0.167768,0.053027,0.063743
BA,61,60,3,0.102965,0.034175,0.068611
KCRDK,61,60,1,0.151706,0.050115,0.054194
BA,61,60,13,0.590693,0.353002,0.236798
KCRDK,61,60,1,0.188845,0.053521,0.061932
BA,61,60,2,0.063327,0.016746,0.046475
KCRDK,61,60,1,0.131683,0.038961,0.053978
BA,61,60,2,0.061012,0.015808,0.04512
KCRDK,61,60,1,0.136028,0.045213,0.047217
BA,61,60,11,0.438775,0.237932,0.200086
KCRDK,61,60,1,0.142631,0.049213,0.047708
BA,61,60,3,0.089119,0.032559,0.056433
KCRDK,61,60,1,0.141253,0.049388,0.047139
BA,61,60,4,0.119569,0.044825,0.074549
KCRDK,61,60,2,0.282875,0.089282,0.089832
BA,61,60,4,0.14827,0.057434,0.090535
KCRDK,61,60,1,0.162668,0.052462,0.058565
BA,61,60,11,0.557998,0.30907,0.248015
KCRDK,61,60,1,0.17545,0.053192,0.072632
BA,61,60,2,0.065242,0.018303,0.046865
KCRDK,61,60,1,0.134716,0.045706,0.045614
BA,61,60,12,0.511663,0.290726,0.220015
KCRDK,61,60,1,0.185419,0.053448,0.059141
BA,61,60,10,0.49453,0.267333,0.226416
KCRDK,61,60,1,0.164348,0.046704,0.052246
BA,61,60,14,0.659567,0.391157,0.267363
KCRDK,61,60,1,0.145322,0.048524,0.052827
BA,61,60,2,0.055509,0.016425,0.039018
KCRDK,61,60,1,0.137127,0.045974,0.048019
BA,61,60,16,0.791472,0.494763,0.29535
KCRDK,61,60,1,0.167184,0.053654,0.06267
BA,61,60,3,0.103213,0.024212,0.078829
KCRDK,61,60,2,0.279888,0.079726,0.09252
BA,61,60,13,0.669781,0.400604,0.268179
KCRDK,61,60,1,0.162709,0.051951,0.059883
BA,61,60,14,0.86298,0.54441,0.3174
KCRDK,61,60,1,0.147899,0.049616,0.051386
BA,61,60,8,0.284125,0.135275,0.148321
KCRDK,61,60,2,0.276667,0.085583,0.086571
BA,61,60,16,0.961325,0.607157,0.352891
KCRDK,61,60,2,0.284129,0.086864,0.090485
BA,61,60,4,0.147837,0.056676,0.090895
KCRDK,61,60,3,0.399214,0.120408,0.122583
BA,61,60,4,0.13224,0.04141,0.090603
KCRDK,61,60,1,0.164609,0.053325,0.060459
BA,61,60,10,0.493332,0.255692,0.236885
KCRDK,61,60,1,0.141119,0.04721,0.049925
BA,61,60,11,0.456009,0.236543,0.210242
KCRDK,61,60,1,0.158592,0.050122,0.05791
BA,61,60,7,0.303487,0.141939,0.161034
KCRDK,61,60,1,0.161737,0.051762,0.059212
BA,61,60,9,0.347088,0.17859,0.167961
KCRDK,61,60,1,0.186373,0.052754,0.056564
BA,61,60,3,0.104163,0.035615,0.068379
KCRDK,61,60,1,0.161594,0.051868,0.058235
BA,61,60,4,0.149033,0.056778,0.09201
KCRDK,61,60,2,0.257839,0.075068,0.073775
BA,61,60,10,0.391356,0.20646,0.184115
KCRDK,61,60,1,0.139953,0.045673,0.050501
BA,61,60,8,0.292878,0.144111,0.148227
KCRDK,61,60,2,0.273201,0.077165,0.083269
BA,61,60,3,0.087402,0.032111,0.055115
KCRDK,61,60,1,0.145227,0.048685,0.05123
BA,61,60,2,0.053788,0.01538,0.038283
KCRDK,61,60,1,0.136934,0.033357,0.039989
BA,61,60,2,0.052566,0.014978,0.037535
KCRDK,61,60,1,0.182147,0.054882,0.055733
BA,61,60,11,0.562962,0.313942,0.248156
KCRDK,61,60,1,0.144475,0.04746,0.053032
BA,61,60,3,0.086098,0.030476,0.055462
KCRDK,61,60,2,0.243901,0.076852,0.079099
BA,61,60,2,0.056333,0.018291,0.037949
KCRDK,61,60,1,0.137943,0.044963,0.047936
BA,61,60,11,0.454882,0.252571,0.201505
KCRDK,61,60,1,0.13905,0.047123,0.049294
BA,61,60,4,0.120638,0.046308,0.074117
KCRDK,61,60,2,0.234858,0.07621,0.070029
BA,61,60,4,0.121414,0.047591,0.073558
KCRDK,61,60,2,0.281226,0.089297,0.088243
BA,61,60,19,1.38653,0.980158,0.404624
KCRDK,61,60,1,0.151526,0.050641,0.053765
BA,61,60,3,0.087455,0.021197,0.06608
KCRDK,61,60,1,0.190428,0.05625,0.061151
BA,61,60,12,0.649639,0.375494,0.273184
KCRDK,61,60,1,0.167522,0.054038,0.060681
BA,61,60,4,0.149585,0.056874,0.092437
KCRDK,61,60,3,0.388662,0.120462,0.113955
BA,61,60,2,0.066755,0.020121,0.046555
KCRDK,61,60,1,0.13607,0.045909,0.046946
BA,61,60,11,0.454888,0.251773,0.202354
KCRDK,61,60,1,0.190451,0.053994,0.06304
BA,61,60,2,0.064584,0.018052,0.046427
KCRDK,61,60,1,0.187037,0.053074,0.060224
BA,61,60,7,0.298641,0.137483,0.160613
KCRDK,61,60,1,0.136255,0.050948,0.049651
BA,61,60,2,0.057356,0.01418,0.043069
KCRDK,61,60,1,0.165277,0.053193,0.061215
BA,61,60,2,0.0643,0.018853,0.045369
KCRDK,61,60,1,0.136588,0.048259,0.046256
BA,61,60,12,0.528719,0.303387,0.224446
KCRDK,61,60,1,0.164818,0.054193,0.059394
BA,61,60,11,0.675114,0.367127,0.307103
KCRDK,61,60,1,0.141461,0.047066,0.049428
BA,61,60,3,0.089456,0.022997,0.066307
KCRDK,61,60,2,0.282235,0.086406,0.092521
BA,61,60,14,0.819785,0.497973,0.320528
KCRDK,61,60,1,0.166613,0.054823,0.059443
BA,61,60,15,0.9244,0.580386,0.34279
KCRDK,61,60,1,0.139548,0.047087,0.05187
BA,61,60,12,0.509754,0.279362,0.229604
KCRDK,61,60,1,0.138843,0.050623,0.045627
BA,61,60,14,0.689847,0.427095,0.261551
KCRDK,61,60,1,0.146135,0.048651,0.053234
BA,61,60,3,0.085392,0.020553,0.064632
KCRDK,61,60,1,0.161122,0.054676,0.042186
BA,61,60,2,0.054833,0.015347,0.039411
KCRDK,61,60,1,0.223367,0.073401,0.075997
BA,61,60,3,0.138952,0.049653,0.088981
KCRDK,61,60,2,0.399565,0.113786,0.111701
BA,61,60,3,0.126427,0.043605,0.082504
KCRDK,61,60,2,0.369945,0.112018,0.111043
BA,61,60,4,0.179586,0.06891,0.110185
KCRDK,61,60,2,0.344172,0.115305,0.10099
BA,61,60,8,0.41321,0.191583,0.220401
KCRDK,61,60,1,0.193149,0.06567,0.066061
BA,61,60,6,0.301503,0.111747,0.188932
KCRDK,61,60,1,0.23708,0.065698,0.073252
BA,61,60,9,0.500567,0.242949,0.256309
KCRDK,61,60,1,0.212034,0.068482,0.071791
BA,61,60,18,1.51597,0.992655,0.520847
KCRDK,61,60,1,0.214089,0.068217,0.074868
BA,61,60,12,0.725091,0.377573,0.345843
KCRDK,61,60,1,0.210289,0.069096,0.071342
BA,61,60,2,0.079516,0.024013,0.055291
KCRDK,61,60,1,0.205548,0.071709,0.063546
BA,61,60,17,1.2173,0.775785,0.439099
KCRDK,61,60,1,0.208314,0.067758,0.071108
BA,61,60,15,1.01652,0.621669,0.392835
KCRDK,61,60,1,0.208473,0.071826,0.066342
BA,61,60,21,5.68889,5.09002,0.595946
KCRDK,61,60,1,0.214067,0.069504,0.07519
BA,61,60,2,0.077461,0.021772,0.055523
KCRDK,61,60,1,0.21273,0.069777,0.07099
BA,61,60,24,26.651,26.0627,0.585312
KCRDK,61,60,2,0.37085,0.112052,0.120025
BA,61,60,3,0.127646,0.045672,0.081671
KCRDK,61,60,1,0.212321,0.068314,0.072234
BA,61,60,14,0.931899,0.543604,0.386229
KCRDK,61,60,1,0.214637,0.070222,0.071941
BA,61,60,10,0.569726,0.280117,0.288203
KCRDK,61,60,1,0.246894,0.069359,0.077418
BA,61,60,14,0.931271,0.528018,0.401195
KCRDK,61,60,1,0.244955,0.069158,0.074751
BA,61,60,10,0.505874,0.272008,0.232924
KCRDK,61,60,1,0.19658,0.06667,0.066831
BA,61,60,14,0.905875,0.533919,0.370067
KCRDK,61,60,1,0.246238,0.071816,0.075615
BA,61,60,16,1.17265,0.736871,0.433475
KCRDK,61,60,1,0.214983,0.068386,0.076391
BA,61,60,3,0.12606,0.029693,0.096036
KCRDK,61,60,2,0.370357,0.110568,0.116875
BA,61,60,19,1.5602,1.03495,0.522569
KCRDK,61,60,1,0.218309,0.069601,0.077014
BA,61,60,12,0.738422,0.40785,0.328887
KCRDK,61,60,1,0.187245,0.045829,0.048906
BA,61,60,3,0.119598,0.04245,0.07674
KCRDK,61,60,2,0.357392,0.105812,0.101757
BA,61,60,12,0.735555,0.402783,0.331339
KCRDK,61,60,1,0.202967,0.068379,0.072183
BA,61,60,3,0.136225,0.046983,0.088876
KCRDK,61,60,1,0.251325,0.067366,0.082447
BA,61,60,4,0.181805,0.07172,0.109579
KCRDK,61,60,2,0.369891,0.116613,0.107936
BA,61,60,15,1.03446,0.608883,0.423587
KCRDK,61,60,1,0.244517,0.068534,0.074752
BA,61,60,8,0.419929,0.198763,0.220066
KCRDK,61,60,1,0.216288,0.069,0.075894
BA,61,80,2,0.081796,0.02714,0.054516
KCRDK,61,80,1,0.096529,0.030878,0.035828
BA,61,80,3,0.125579,0.031975,0.09333
KCRDK,61,80,2,0.312525,0.097331,0.096803
BA,61,80,15,1.10636,0.664911,0.43933
KCRDK,61,80,1,0.214501,0.078993,0.067109
BA,61,80,2,0.080957,0.022768,0.058002
KCRDK,61,80,1,0.234716,0.068551,0.07017
BA,61,80,12,0.735333,0.402051,0.331604
KCRDK,61,80,1,0.211686,0.06897,0.07175
BA,61,80,2,0.076539,0.021184,0.055157
KCRDK,61,80,1,0.21248,0.069821,0.071507
BA,61,80,15,1.05174,0.632903,0.416692
KCRDK,61,80,1,0.24776,0.07173,0.073319
BA,61,80,11,0.642386,0.344422,0.296555
KCRDK,61,80,1,0.195049,0.062152,0.068927
BA,61,80,2,0.072959,0.021502,0.051338
KCRDK,61,80,1,0.18944,0.064467,0.062029
BA,61,80,3,0.13012,0.043667,0.086116
KCRDK,61,80,2,0.43153,0.12409,0.13073
BA,61,80,14,0.945092,0.529872,0.413159
KCRDK,61,80,1,0.211452,0.066807,0.074354
BA,61,80,14,0.920769,0.521801,0.396857
KCRDK,61,80,1,0.229175,0.068997,0.089457
BA,61,80,3,0.126906,0.043738,0.08282
KCRDK,61,80,1,0.243783,0.069348,0.074425
BA,61,80,15,1.02509,0.609222,0.413563
KCRDK,61,80,1,0.212924,0.062187,0.052844
BA,61,80,16,1.13496,0.710361,0.422422
KCRDK,61,80,1,0.227657,0.066191,0.070175
BA,61,80,3,0.128254,0.048775,0.079068
KCRDK,61,80,1,0.240634,0.066838,0.072228
BA,61,80,4,0.185495,0.067102,0.117841
KCRDK,61,80,1,0.208655,0.06798,0.074005
BA,61,80,2,0.078633,0.019925,0.058595
KCRDK,61,80,1,0.21017,0.067657,0.072776
BA,61,80,4,0.178911,0.068502,0.109954
KCRDK,61,80,2,0.364699,0.112,0.110403
BA,61,80,9,0.503764,0.253727,0.248772
KCRDK,61,80,1,0.241875,0.068351,0.071906
BA,61,80,2,0.076311,0.020784,0.055361
KCRDK,61,80,1,0.208601,0.066322,0.071936
BA,61,80,14,0.843748,0.503005,0.339125
KCRDK,61,80,1,0.241977,0.065789,0.073942
BA,61,80,15,1.02271,0.612669,0.408034
KCRDK,61,80,1,0.218222,0.074621,0.075187
BA,61,80,9,0.504263,0.238455,0.264548
KCRDK,61,80,1,0.226449,0.063126,0.067586
BA,61,80,19,1.53005,0.98538,0.541679
KCRDK,61,80,1,0.216186,0.070782,0.075217
BA,61,80,12,0.725008,0.389807,0.333487
KCRDK,61,80,1,0.210782,0.068722,0.071114
BA,61,80,12,0.740973,0.409332,0.329977
KCRDK,61,80,1,0.212524,0.068706,0.073076
BA,61,80,9,0.42353,0.195171,0.227258
KCRDK,61,80,1,0.221576,0.068062,0.088886
BA,61,80,8,0.386725,0.175317,0.210367
KCRDK,61,80,1,0.211001,0.07107,0.070719
BA,61,80,3,0.134631,0.049869,0.084426
KCRDK,61,80,2,0.363879,0.11446,0.107311
BA,61,80,2,0.077366,0.023132,0.054105
KCRDK,61,80,1,0.212424,0.06854,0.074447
BA,61,80,3,0.129169,0.044824,0.08394
KCRDK,61,80,2,0.365786,0.112604,0.111555
BA,61,80,3,0.127227,0.043892,0.08295
KCRDK,61,80,1,0.209446,0.068419,0.071615
BA,61,80,11,0.666656,0.360776,0.30422
KCRDK,61,80,1,0.212677,0.068597,0.075001
BA,61,80,3,0.125962,0.043528,0.082109
KCRDK,61,80,2,0.358923,0.11391,0.115035
BA,61,80,5,0.20967,0.091762,0.117316
KCRDK,61,80,2,0.354775,0.115115,0.106451
BA,61,80,26,33.6975,32.9438,0.749872
KCRDK,61,80,2,0.242732,0.076818,0.073353
BA,61,80,13,0.609797,0.365374,0.243519
KCRDK,61,80,1,0.142941,0.046935,0.051884
BA,61,80,10,0.397919,0.21041,0.186849
KCRDK,61,80,1,0.139955,0.046995,0.048971
BA,61,80,4,0.122984,0.03889,0.083847
KCRDK,61,80,2,0.299444,0.085447,0.088065
BA,61,80,4,0.14555,0.054298,0.090951
KCRDK,61,80,3,0.392097,0.119658,0.118193
BA,61,80,16,0.864038,0.567574,0.29523
KCRDK,61,80,1,0.112983,0.033245,0.040677
BA,61,80,13,0.603949,0.367853,0.235134
KCRDK,61,80,1,0.188331,0.053523,0.060813
BA,61,80,2,0.065723,0.018773,0.046866
KCRDK,61,80,1,0.164309,0.052392,0.058455
BA,61,80,3,0.106836,0.035985,0.070706
KCRDK,61,80,1,0.187224,0.053826,0.060968
BA,61,80,16,1.05185,0.688951,0.361485
KCRDK,61,80,1,0.142166,0.046287,0.052986
BA,61,80,2,0.053043,0.01461,0.038355
KCRDK,61,80,1,0.14342,0.048096,0.050636
BA,61,80,2,0.054944,0.01586,0.039032
KCRDK,61,80,1,0.164515,0.053207,0.059586
BA,61,80,11,0.553277,0.304287,0.248055
KCRDK,61,80,1,0.141594,0.046608,0.049539
BA,61,80,5,0.159058,0.066625,0.092143
KCRDK,61,80,2,0.275285,0.085058,0.089022
BA,61,80,12,0.650559,0.38149,0.268121
KCRDK,61,80,1,0.137906,0.046839,0.048396
BA,61,80,6,0.203229,0.092815,0.110009
KCRDK,61,80,1,0.161647,0.052014,0.057218
BA,61,80,5,0.195243,0.080611,0.114324
KCRDK,61,80,2,0.306334,0.087736,0.090865
BA,61,80,5,0.193214,0.068421,0.124437
KCRDK,61,80,3,0.339669,0.104781,0.099445
BA,61,80,12,0.507047,0.286528,0.219605
KCRDK,61,80,1,0.16308,0.054208,0.058286
BA,61,80,10,0.496014,0.268858,0.226269
KCRDK,61,80,1,0.174918,0.049873,0.053971
BA,61,80,7,0.244342,0.106133,0.137773
KCRDK,61,80,3,0.377614,0.113266,0.123311
BA,61,80,6,0.244116,0.107895,0.135863
KCRDK,61,80,1,0.198159,0.053201,0.07054
BA,61,80,4,0.147297,0.035549,0.111498
KCRDK,61,80,2,0.283162,0.088433,0.089736
BA,61,80,8,0.357093,0.172301,0.184196
KCRDK,61,80,1,0.162629,0.044517,0.049538
BA,61,80,2,0.05483,0.016365,0.038409
KCRDK,61,80,1,0.178117,0.0538,0.071195
BA,61,80,3,0.104858,0.03732,0.067364
KCRDK,61,80,1,0.14363,0.047758,0.050395
BA,61,80,13,0.601886,0.35846,0.242509
KCRDK,61,80,1,0.162557,0.052589,0.058507
BA,61,80,3,0.104143,0.02465,0.079302
KCRDK,61,80,1,0.161372,0.052433,0.057128
BA,61,80,12,0.595927,0.326818,0.268244
KCRDK,61,80,1,0.163823,0.053196,0.059454
BA,61,80,15,0.889358,0.546039,0.341937
KCRDK,61,80,1,0.143738,0.048244,0.050847
BA,61,80,13,0.604068,0.34853,0.254598
KCRDK,61,80,1,0.167425,0.052849,0.063571
BA,61,80,2,0.065755,0.019367,0.04629
KCRDK,61,80,1,0.161811,0.046285,0.050977
BA,61,80,3,0.08947,0.032512,0.056818
KCRDK,61,80,1,0.160273,0.05474,0.054597
BA,61,80,13,0.73127,0.436714,0.293573
KCRDK,61,80,1,0.144048,0.047739,0.053235
BA,61,80,3,0.08636,0.029738,0.056468
KCRDK,61,80,2,0.239819,0.07488,0.074744
BA,61,80,13,0.568652,0.342572,0.225216
KCRDK,61,80,1,0.163539,0.053723,0.059778
BA,61,80,2,0.063047,0.016868,0.046108
KCRDK,61,80,1,0.185678,0.054024,0.056882
BA,61,80,13,0.655137,0.383038,0.261905
KCRDK,61,80,1,0.146676,0.047886,0.053177
BA,61,80,4,0.120265,0.046335,0.073741
KCRDK,61,80,3,0.364283,0.104359,0.101324
BA,61,80,3,0.08544,0.029959,0.055324
KCRDK,61,80,1,0.162286,0.052122,0.059549
BA,61,80,11,0.570809,0.321631,0.24832
KCRDK,61,80,1,0.137074,0.046183,0.048168
BA,61,80,11,0.441207,0.231774,0.208595
KCRDK,61,80,1,0.190055,0.0537,0.062268
BA,61,80,4,0.126719,0.045942,0.080561
KCRDK,61,80,3,0.357416,0.104463,0.096846
BA,61,80,2,0.052806,0.005767,0.046912
KCRDK,61,80,1,0.159257,0.053792,0.056417
BA,61,80,11,0.585601,0.333351,0.25141
KCRDK,61,80,1,0.142586,0.047658,0.050098
BA,61,80,11,0.456974,0.236402,0.211336
KCRDK,61,80,1,0.140028,0.047347,0.049932
BA,61,80,3,0.085925,0.029345,0.056443
KCRDK,61,80,1,0.137106,0.045584,0.048143
BA,61,80,3,0.086437,0.029409,0.056905
KCRDK,61,80,1,0.186037,0.053255,0.058861
BA,61,80,2,0.067583,0.020505,0.046994
KCRDK,61,80,1,0.142167,0.047177,0.048945
BA,61,80,15,0.732725,0.453399,0.278207
KCRDK,61,80,1,0.138001,0.040821,0.054028
BA,61,80,14,0.803697,0.478589,0.324061
KCRDK,61,80,1,0.166472,0.05366,0.061237
BA,61,80,2,0.063194,0.017944,0.04516
KCRDK,61,80,1,0.18557,0.054329,0.056867
BA,61,80,15,0.882894,0.542208,0.339384
KCRDK,61,80,1,0.164281,0.052994,0.061193
BA,61,80,12,0.619177,0.335919,0.272593
KCRDK,61,80,1,0.151675,0.050815,0.052561
BA,61,80,2,0.053222,0.015092,0.037972
KCRDK,61,80,1,0.136675,0.046693,0.047425
BA,61,80,9,0.339364,0.172927,0.165867
KCRDK,61,80,1,0.139232,0.045467,0.050221
BA,61,80,2,0.054551,0.016112,0.038374
KCRDK,61,80,1,0.138613,0.046444,0.049512
BA,61,80,3,0.087573,0.021959,0.06545
KCRDK,61,80,1,0.162235,0.050579,0.062156
BA,61,80,10,0.496366,0.267129,0.228469
KCRDK,61,80,1,0.142271,0.0464,0.052468
BA,61,80,3,0.09241,0.033093,0.059182
KCRDK,61,80,2,0.384391,0.124115,0.113616
BA,61,80,11,0.759787,0.412191,0.346275
KCRDK,61,80,1,0.214857,0.070847,0.071916
BA,61,80,7,0.358038,0.149418,0.207662
KCRDK,61,80,7,1.19264,0.342679,0.313404
BA,61,80,15,1.02827,0.609075,0.416973
KCRDK,61,80,1,0.213688,0.068776,0.074416
BA,61,80,10,0.502663,0.271831,0.229913
KCRDK,61,80,1,0.197511,0.069637,0.065709
BA,61,100,2,0.06971,0.020968,0.048546
KCRDK,61,100,1,0.210518,0.068771,0.071063
BA,61,100,3,0.127327,0.047016,0.079957
KCRDK,61,100,1,0.209731,0.066043,0.073669
BA,61,100,3,0.131912,0.050738,0.080877
KCRDK,61,100,1,0.210665,0.066613,0.071108
BA,61,100,9,0.495358,0.245261,0.248706
KCRDK,61,100,1,0.242381,0.067723,0.075306
BA,61,100,8,0.413867,0.193426,0.219491
KCRDK,61,100,1,0.212794,0.067138,0.075374
BA,61,100,2,0.076516,0.021691,0.054666
KCRDK,61,100,1,0.243274,0.06932,0.074741
BA,61,100,7,0.357067,0.165222,0.190845
KCRDK,61,100,6,0.848752,0.238227,0.245099
BA,61,100,14,0.969952,0.590412,0.377629
KCRDK,61,100,1,0.243693,0.070846,0.071033
BA,61,100,18,1.50106,0.996366,0.501874
KCRDK,61,100,1,0.243509,0.069268,0.075899
BA,61,100,7,0.355807,0.162002,0.192818
KCRDK,61,100,2,0.371335,0.114585,0.114439
BA,61,100,7,0.354149,0.146875,0.206368
KCRDK,61,100,6,1.034,0.301895,0.284728
BA,61,100,3,0.127058,0.043615,0.083084
KCRDK,61,100,2,0.329871,0.107047,0.096715
BA,61,100,3,0.114823,0.041532,0.072947
KCRDK,61,100,1,0.208404,0.066349,0.073566
BA,61,100,3,0.13448,0.04706,0.087112
KCRDK,61,100,2,0.403246,0.117327,0.114922
BA,61,100,3,0.124779,0.027766,0.096797
KCRDK,61,100,2,0.369207,0.118799,0.108744
BA,61,100,2,0.07751,0.021795,0.055465
KCRDK,61,100,1,0.237555,0.06752,0.069057
BA,61,100,6,0.292403,0.127277,0.164339
KCRDK,61,100,5,0.841817,0.252749,0.23349
BA,61,100,15,1.04723,0.631685,0.413443
KCRDK,61,100,1,0.189723,0.055508,0.065368
BA,61,100,13,0.837449,0.470847,0.364942
KCRDK,61,100,1,0.191023,0.065309,0.064964
BA,61,100,18,1.46346,0.957501,0.503374
KCRDK,61,100,1,0.207224,0.069821,0.075713
BA,61,100,9,0.501641,0.256029,0.244338
KCRDK,61,100,1,0.216025,0.069558,0.074307
BA,61,100,17,1.25299,0.77691,0.473555
KCRDK,61,100,1,0.214486,0.070605,0.072809
BA,61,100,3,0.126909,0.043269,0.083297
KCRDK,61,100,1,0.211926,0.068389,0.070882
BA,61,100,2,0.079675,0.024482,0.055029
KCRDK,61,100,1,0.215122,0.070965,0.074322
BA,61,100,11,0.660126,0.357396,0.301205
KCRDK,61,100,1,0.202794,0.063502,0.068359
BA,61,100,4,0.188256,0.065614,0.122192
KCRDK,61,100,2,0.354503,0.110771,0.113396
BA,61,100,4,0.183755,0.050589,0.132655
KCRDK,61,100,2,0.403976,0.121494,0.112988
BA,61,100,6,0.302951,0.13398,0.168303
KCRDK,61,100,1,0.208717,0.068697,0.07044
BA,61,100,14,0.930009,0.539763,0.388222
KCRDK,61,100,1,0.21168,0.068172,0.072057
BA,61,100,2,0.078161,0.022187,0.055775
KCRDK,61,100,1,0.210575,0.070202,0.072084
BA,61,100,2,0.075805,0.007846,0.067818
KCRDK,61,100,1,0.238021,0.069787,0.065351
BA,61,100,8,0.427825,0.206585,0.220198
KCRDK,61,100,1,0.234995,0.063647,0.06619
BA,61,100,5,0.218192,0.089949,0.127852
KCRDK,61,100,2,0.313065,0.102519,0.09244
BA,61,100,2,0.079465,0.019411,0.059892
KCRDK,61,100,1,0.244303,0.067401,0.073997
BA,61,100,3,0.130437,0.047153,0.08295
KCRDK,61,100,1,0.216182,0.076935,0.068462
BA,61,100,6,0.298973,0.118336,0.179765
KCRDK,61,100,1,0.211401,0.068483,0.072004
BA,61,100,13,0.831727,0.45549,0.374394
KCRDK,61,100,1,0.213151,0.068524,0.073068
BA,61,100,28,54.1883,53.4426,0.742144
KCRDK,61,100,2,0.376987,0.111532,0.117737
BA,61,100,4,0.180209,0.052887,0.126843
KCRDK,61,100,2,0.366055,0.116094,0.109554
BA,61,100,11,0.649531,0.345889,0.302012
KCRDK,61,100,1,0.21097,0.068514,0.072389
BA,61,100,4,0.176912,0.067704,0.108667
KCRDK,61,100,3,0.533536,0.160592,0.158441
BA,61,100,15,1.04404,0.599211,0.428259
KCRDK,61,100,1,0.114728,0.040652,0.04129
BA,61,100,6,0.287288,0.125039,0.161507
KCRDK,61,100,1,0.18437,0.0622,0.062717
BA,61,100,4,0.169165,0.069452,0.099299
KCRDK,61,100,1,0.220959,0.071118,0.080689
BA,61,100,4,0.183691,0.056294,0.126954
KCRDK,61,100,1,0.209523,0.066154,0.070482
BA,61,100,3,0.139718,0.033824,0.10557
KCRDK,61,100,1,0.221177,0.071157,0.077277
BA,61,100,2,0.084536,0.024547,0.059784
KCRDK,61,100,1,0.211205,0.067531,0.073523
BA,61,100,4,0.190485,0.07078,0.119231
KCRDK,61,100,1,0.209807,0.074158,0.063978
BA,61,100,4,0.17816,0.067349,0.110369
KCRDK,61,100,1,0.211453,0.073594,0.066604
BA,61,100,5,0.239248,0.099002,0.139621
KCRDK,61,100,2,0.368633,0.112683,0.110886
BA,61,100,15,1.02225,0.625842,0.394235
KCRDK,61,100,1,0.246161,0.070366,0.077238
BA,61,100,2,0.077324,0.021864,0.055294
KCRDK,61,100,1,0.220085,0.068763,0.078207
BA,61,100,3,0.141508,0.052674,0.088427
KCRDK,61,100,2,0.404216,0.126428,0.123194
BA,61,100,15,1.04656,0.616141,0.413892
KCRDK,61,100,1,0.216373,0.069746,0.076234
BA,61,100,14,0.958664,0.569726,0.386724
KCRDK,61,100,1,0.215848,0.06903,0.074864
BA,61,100,15,1.0463,0.618274,0.425914
KCRDK,61,100,1,0.215264,0.068892,0.075349
BA,61,100,2,0.059466,0.018822,0.040549
KCRDK,61,100,1,0.211161,0.070667,0.067668
BA,61,100,4,0.182107,0.072786,0.108887
KCRDK,61,100,2,0.370952,0.113176,0.116314
BA,61,100,15,1.08017,0.644906,0.432992
KCRDK,61,100,1,0.249901,0.075364,0.075176
BA,61,100,4,0.181338,0.072532,0.108351
KCRDK,61,100,2,0.371594,0.111007,0.114908
BA,61,100,8,0.42291,0.199394,0.222357
KCRDK,61,100,1,0.211507,0.066997,0.073074
BA,61,100,20,2.30903,1.7582,0.547839
KCRDK,61,100,1,0.167106,0.053345,0.061777
BA,61,100,30,40.4377,39.7743,0.650532
KCRDK,61,100,2,0.370636,0.11831,0.109405
BA,61,100,20,3.30626,2.75557,0.547667
KCRDK,61,100,1,0.165506,0.053209,0.060784
BA,61,100,4,0.146625,0.04453,0.101854
KCRDK,61,100,2,0.236837,0.074035,0.071925
BA,61,100,11,0.420652,0.236862,0.183098
KCRDK,61,100,1,0.1561,0.045794,0.052949
BA,61,100,2,0.049472,0.014213,0.035182
KCRDK,61,100,1,0.185861,0.05327,0.057495
BA,61,100,11,0.578027,0.32622,0.250918
KCRDK,61,100,1,0.155766,0.050747,0.05645
BA,61,100,17,0.860772,0.54621,0.313267
KCRDK,61,100,1,0.187443,0.052629,0.061701
BA,61,100,3,0.101273,0.0233,0.077816
KCRDK,61,100,1,0.158342,0.050944,0.057395
BA,61,100,2,0.062097,0.018769,0.043254
KCRDK,61,100,1,0.162424,0.053063,0.058618
BA,61,100,4,0.148104,0.055814,0.092015
KCRDK,61,100,2,0.27974,0.085974,0.091283
BA,61,100,2,0.064033,0.018112,0.045828
KCRDK,61,100,1,0.185192,0.052938,0.058301
BA,61,100,31,73.7996,73.1092,0.687531
KCRDK,61,100,2,0.287098,0.09334,0.088688
BA,61,100,4,0.141381,0.054798,0.08635
KCRDK,61,100,2,0.302606,0.087755,0.091502
BA,61,100,8,0.357729,0.17607,0.181046
KCRDK,61,100,1,0.163115,0.047937,0.050645
BA,61,100,10,0.397594,0.211771,0.185135
KCRDK,61,100,1,0.187517,0.053231,0.061354
BA,61,100,2,0.063563,0.017755,0.045707
KCRDK,61,100,1,0.256659,0.076935,0.073286
BA,61,100,2,0.083884,0.024789,0.05887
KCRDK,61,100,1,0.223083,0.072434,0.074982
BA,61,100,3,0.136126,0.047357,0.088486
KCRDK,61,100,2,0.341412,0.106902,0.102027
BA,61,100,4,0.193921,0.069634,0.123789
KCRDK,61,100,2,0.365562,0.107633,0.107927
BA,61,100,14,0.919408,0.515471,0.40201
KCRDK,61,100,1,0.217558,0.072443,0.073186
BA,61,100,18,1.45215,0.963381,0.486288
KCRDK,61,100,1,0.215415,0.069034,0.075597
BA,61,100,2,0.078059,0.02171,0.056078
KCRDK,61,100,1,0.210773,0.070582,0.069701
BA,61,100,4,0.179281,0.069108,0.109623
KCRDK,61,100,2,0.364514,0.111917,0.110614
BA,61,100,15,1.0351,0.605955,0.42705
KCRDK,61,100,1,0.203686,0.065696,0.066097
BA,61,100,14,0.928588,0.554004,0.37278
KCRDK,61,100,1,0.176291,0.06126,0.05636
BA,61,100,11,0.649498,0.343402,0.304386
KCRDK,61,100,1,0.24309,0.074818,0.067703
BA,61,100,3,0.128314,0.045023,0.082944
KCRDK,61,100,2,0.368469,0.114983,0.112909
BA,61,100,8,0.42301,0.198946,0.222917
KCRDK,61,100,1,0.213337,0.068774,0.07216
BA,61,100,5,0.234586,0.081309,0.152662
KCRDK,61,100,8,1.32331,0.392849,0.348902
BA,61,100,2,0.07513,0.024058,0.050938
KCRDK,61,100,1,0.227203,0.060093,0.069717
BA,61,100,16,1.12118,0.723685,0.395448
KCRDK,61,100,1,0.216561,0.070864,0.074514
BA,61,100,12,0.734202,0.399067,0.333533
KCRDK,61,100,1,0.217989,0.075414,0.075174
BA,61,100,14,0.929079,0.544565,0.382368
KCRDK,61,100,1,0.213294,0.070472,0.072302
BA,61,100,11,0.638483,0.320925,0.316096
KCRDK,61,100,1,0.211576,0.068827,0.072392
BA,61,100,3,0.130232,0.045712,0.08407
KCRDK,61,100,2,0.36653,0.113433,0.110886
BA,61,100,12,0.742833,0.413311,0.327796
KCRDK,61,100,1,0.197299,0.060272,0.067589
BA,61,100,16,1.09159,0.661604,0.427812
KCRDK,61,100,1,0.215195,0.074217,0.068707
BA,61,100,2,0.078106,0.022002,0.05588
KCRDK,61,100,1,0.203951,0.070955,0.064118
BA,71,0,16,1.36401,0.771883,0.589738
KCRDK,71,0,1,0.287079,0.08859,0.097369
BA,71,0,2,0.100611,0.02721,0.073155
KCRDK,71,0,1,0.300347,0.091589,0.100862
BA,71,0,10,0.751335,0.358592,0.391311
KCRDK,71,0,1,0.283318,0.09099,0.099414
BA,71,0,3,0.166322,0.057406,0.108559
KCRDK,71,0,1,0.326264,0.083157,0.100984
BA,71,0,3,0.166777,0.052398,0.114096
KCRDK,71,0,2,0.523291,0.147524,0.152773
BA,71,0,6,0.374204,0.148987,0.224393
KCRDK,71,0,1,0.216829,0.069085,0.078489
BA,71,0,3,0.137901,0.042654,0.095012
KCRDK,71,0,1,0.249941,0.069657,0.078745
BA,71,0,10,0.600898,0.281786,0.318227
KCRDK,71,0,1,0.21715,0.062306,0.069786
BA,71,0,8,0.377624,0.172059,0.20496
KCRDK,71,0,1,0.218908,0.063261,0.066622
BA,71,0,15,0.919122,0.524779,0.392985
KCRDK,71,0,1,0.252648,0.069218,0.084139
BA,71,0,4,0.192748,0.051696,0.140813
KCRDK,71,0,4,0.608887,0.179563,0.182892
BA,71,0,3,0.116917,0.038308,0.078389
KCRDK,71,0,2,0.370318,0.113684,0.118204
BA,71,0,9,0.433869,0.205699,0.227442
KCRDK,71,0,1,0.219301,0.060503,0.070185
BA,71,0,2,0.070007,0.01816,0.051749
KCRDK,71,0,1,0.246594,0.071662,0.0765
BA,71,0,5,0.252432,0.096475,0.15563
KCRDK,71,0,2,0.347992,0.102038,0.100669
BA,71,0,2,0.071626,0.006164,0.065374
KCRDK,71,0,1,0.186328,0.060323,0.065988
BA,71,0,2,0.072478,0.019707,0.052649
KCRDK,71,0,1,0.250239,0.069201,0.080252
BA,71,0,13,0.718964,0.364104,0.34058
KCRDK,71,0,1,0.250782,0.068918,0.082808
BA,71,0,4,0.193007,0.066973,0.125735
KCRDK,71,0,2,0.337588,0.094875,0.096825
BA,71,0,3,0.128285,0.038667,0.089467
KCRDK,71,0,1,0.320481,0.096401,0.096553
BA,71,0,12,0.990078,0.513789,0.474772
KCRDK,71,0,1,0.312567,0.08465,0.103367
BA,71,0,12,0.891243,0.448936,0.440544
KCRDK,71,0,1,0.311405,0.087464,0.096552
BA,71,0,2,0.099477,0.024614,0.074708
KCRDK,71,0,1,0.31279,0.087472,0.095547
BA,71,0,19,1.81514,1.11425,0.698056
KCRDK,71,0,1,0.289652,0.084083,0.094552
BA,71,0,16,1.26235,0.712903,0.547307
KCRDK,71,0,1,0.304432,0.08334,0.093182
BA,71,0,2,0.097698,0.024771,0.072708
KCRDK,71,0,1,0.313485,0.088838,0.096413
BA,71,0,18,1.75945,1.07369,0.683096
KCRDK,71,0,1,0.31539,0.089981,0.096767
BA,71,0,2,0.097999,0.023908,0.073953
KCRDK,71,0,1,0.327563,0.093338,0.099147
BA,71,0,9,0.655751,0.302513,0.351999
KCRDK,71,0,1,0.264931,0.080464,0.100777
BA,71,0,3,0.154375,0.03554,0.118563
KCRDK,71,0,1,0.220936,0.068573,0.082422
BA,71,0,5,0.256476,0.097263,0.158926
KCRDK,71,0,3,0.759428,0.215603,0.212648
BA,71,0,2,0.10038,0.025441,0.074799
KCRDK,71,0,1,0.292011,0.088585,0.109596
BA,71,0,3,0.160675,0.050284,0.110142
KCRDK,71,0,1,0.317394,0.089627,0.098978
BA,71,0,4,0.201249,0.076999,0.123897
KCRDK,71,0,2,0.487209,0.142381,0.137355
BA,71,0,2,0.100895,0.006273,0.094479
KCRDK,71,0,1,0.275743,0.085811,0.099042
BA,71,0,2,0.098165,0.028333,0.06962
KCRDK,71,0,1,0.309383,0.087193,0.093927
BA,71,0,2,0.103983,0.029295,0.074536
KCRDK,71,0,1,0.321876,0.090049,0.093665
BA,71,0,6,0.360402,0.123901,0.235769
KCRDK,71,0,4,0.969961,0.274182,0.267204
BA,71,0,18,1.70757,1.07039,0.634723
KCRDK,71,0,1,0.283957,0.088937,0.106078
BA,71,0,12,0.906644,0.459674,0.445171
KCRDK,71,0,1,0.307905,0.089141,0.090178
BA,71,0,16,1.38027,0.793415,0.584471
KCRDK,71,0,1,0.309669,0.090491,0.090002
BA,71,0,2,0.098392,0.0077,0.090492
KCRDK,71,0,1,0.326962,0.100835,0.090576
BA,71,0,2,0.105356,0.02801,0.077012
KCRDK,71,0,1,0.148305,0.051597,0.053306
BA,71,0,2,0.102759,0.026922,0.07566
KCRDK,71,0,1,0.260905,0.080989,0.078813
BA,71,0,8,0.514591,0.204894,0.308497
KCRDK,71,0,2,0.514418,0.144757,0.143277
BA,71,0,3,0.158719,0.051314,0.107116
KCRDK,71,0,2,0.4825,0.147407,0.148937
BA,71,0,5,0.29565,0.111865,0.183207
KCRDK,71,0,6,1.29276,0.373445,0.354203
BA,71,0,6,0.352785,0.138929,0.213198
KCRDK,71,0,1,0.245215,0.081638,0.082785
BA,71,0,12,0.898748,0.448083,0.449079
KCRDK,71,0,1,0.314008,0.09133,0.093122
BA,71,0,15,1.22332,0.680387,0.540969
KCRDK,71,0,1,0.311657,0.088803,0.097056
BA,71,0,2,0.114839,0.02425,0.090448
KCRDK,71,0,1,0.310956,0.087139,0.096126
BA,71,0,22,4.94953,4.14149,0.804981
KCRDK,71,0,1,0.219575,0.063367,0.070564
BA,71,0,15,0.933261,0.544693,0.387221
KCRDK,71,0,1,0.221433,0.061221,0.072438
BA,71,0,4,0.162059,0.058857,0.102943
KCRDK,71,0,2,0.344916,0.099491,0.100769
BA,71,0,13,0.735352,0.402062,0.332202
KCRDK,71,0,1,0.192903,0.06272,0.069157
BA,71,0,3,0.116126,0.038789,0.077192
KCRDK,71,0,1,0.217177,0.074367,0.072708
BA,71,0,3,0.133867,0.041348,0.092303
KCRDK,71,0,1,0.217409,0.068955,0.078785
BA,71,0,4,0.192807,0.066947,0.125531
KCRDK,71,0,2,0.326521,0.100947,0.101969
BA,71,0,13,0.761992,0.427093,0.333846
KCRDK,71,0,1,0.221,0.06992,0.082204
BA,71,0,17,1.33984,0.83143,0.506797
KCRDK,71,0,1,0.245406,0.069403,0.080237
BA,71,0,4,0.194143,0.068537,0.125328
KCRDK,71,0,2,0.367576,0.103969,0.108605
BA,71,0,13,0.697728,0.371077,0.325681
KCRDK,71,0,1,0.188366,0.059705,0.069268
BA,71,0,13,0.753292,0.416269,0.336002
KCRDK,71,0,1,0.189393,0.060316,0.070065
BA,71,0,3,0.118033,0.037383,0.080459
KCRDK,71,0,2,0.377228,0.118379,0.120118
BA,71,0,2,0.08119,0.021047,0.060033
KCRDK,71,0,1,0.219103,0.068897,0.081411
BA,71,0,3,0.132443,0.027615,0.104588
KCRDK,71,0,1,0.252156,0.070136,0.078505
BA,71,0,2,0.084473,0.021852,0.062542
KCRDK,71,0,1,0.178223,0.059467,0.062784
BA,71,0,14,0.836325,0.482203,0.352974
KCRDK,71,0,1,0.22371,0.073132,0.081125
BA,71,0,4,0.194214,0.068316,0.12565
KCRDK,71,0,2,0.358706,0.106394,0.105184
BA,71,0,15,0.915404,0.518855,0.395173
KCRDK,71,0,1,0.192266,0.061813,0.06992
BA,71,0,17,1.08073,0.644706,0.434625
KCRDK,71,0,1,0.218324,0.069145,0.080142
BA,71,0,4,0.191976,0.066251,0.125425
KCRDK,71,0,2,0.324953,0.105828,0.101446
BA,71,0,15,0.930851,0.550268,0.379244
KCRDK,71,0,1,0.223273,0.062434,0.070725
BA,71,0,16,1.02005,0.596764,0.422048
KCRDK,71,0,1,0.212813,0.061026,0.066479
BA,71,0,3,0.114444,0.024859,0.089339
KCRDK,71,0,1,0.221182,0.068581,0.082464
BA,71,0,17,1.22337,0.73745,0.484316
KCRDK,71,0,1,0.190414,0.061853,0.068782
BA,71,0,17,1.12124,0.686159,0.433606
KCRDK,71,0,1,0.217242,0.069843,0.080972
BA,71,0,5,0.256919,0.096103,0.160462
KCRDK,71,0,2,0.32868,0.101834,0.105741
BA,71,0,4,0.165496,0.061168,0.104061
KCRDK,71,0,1,0.190662,0.064663,0.067299
BA,71,0,2,0.070209,0.018,0.052095
KCRDK,71,0,1,0.18858,0.063997,0.065077
BA,71,0,26,29.6176,28.8941,0.720851
KCRDK,71,0,2,0.37968,0.117154,0.123892
BA,71,0,15,0.946608,0.538186,0.4072
KCRDK,71,0,1,0.227306,0.072077,0.083462
BA,71,0,12,0.801257,0.427267,0.372938
KCRDK,71,0,1,0.296421,0.093336,0.105391
BA,71,0,11,0.853741,0.425794,0.426437
KCRDK,71,0,1,0.279176,0.090103,0.098872
BA,71,0,2,0.098352,0.024399,0.073811
KCRDK,71,0,1,0.258323,0.086492,0.079135
BA,71,0,14,1.09396,0.585587,0.506482
KCRDK,71,0,1,0.281345,0.084688,0.104841
BA,71,0,4,0.228382,0.060612,0.167296
KCRDK,71,0,2,0.475445,0.138674,0.149085
BA,71,0,8,0.514854,0.225883,0.287915
KCRDK,71,0,1,0.277324,0.088793,0.096365
BA,71,0,2,0.099083,0.007498,0.09141
KCRDK,71,0,1,0.276334,0.093211,0.090202
BA,71,0,13,1.00062,0.522377,0.476337
KCRDK,71,0,1,0.278931,0.089243,0.098485
BA,71,0,9,0.498823,0.229143,0.268679
KCRDK,71,0,1,0.29846,0.083421,0.090769
BA,71,0,9,0.57514,0.266573,0.307537
KCRDK,71,0,1,0.318871,0.089085,0.103433
BA,71,0,3,0.159197,0.054199,0.104674
KCRDK,71,0,1,0.274636,0.085731,0.097493
BA,71,0,15,1.2532,0.703817,0.547099
KCRDK,71,0,1,0.277124,0.088047,0.097461
BA,71,0,2,0.099827,0.025379,0.074307
KCRDK,71,0,1,0.307435,0.08941,0.090295
BA,71,0,2,0.100383,0.027761,0.07239
KCRDK,71,0,1,0.324972,0.089015,0.107736
BA,71,0,2,0.088863,0.006444,0.082293
KCRDK,71,0,1,0.2729,0.077578,0.086297
BA,71,0,2,0.091258,0.025466,0.065618
KCRDK,71,0,1,0.270979,0.086703,0.100728
BA,71,0,13,1.00812,0.492487,0.497444
KCRDK,71,0,1,0.27612,0.087496,0.095814
BA,71,0,13,0.993973,0.48081,0.51123
KCRDK,71,0,1,0.310463,0.087751,0.093648
BA,71,20,2,0.100254,0.026239,0.073842
KCRDK,71,20,1,0.275476,0.090177,0.093451
BA,71,20,12,0.874603,0.432687,0.440381
KCRDK,71,20,1,0.258389,0.086853,0.090268
BA,71,20,12,0.819839,0.416708,0.40154
KCRDK,71,20,1,0.282338,0.095835,0.095204
BA,71,20,26,34.8131,33.8888,0.920195
KCRDK,71,20,1,0.192641,0.062517,0.068201
BA,71,20,12,0.666515,0.33011,0.322367
KCRDK,71,20,1,0.186927,0.061415,0.067103
BA,71,20,2,0.071861,0.006316,0.065409
KCRDK,71,20,1,0.291131,0.093838,0.100408
BA,71,20,9,0.647336,0.294153,0.351751
KCRDK,71,20,1,0.278946,0.089823,0.0968
BA,71,20,4,0.224494,0.076267,0.147839
KCRDK,71,20,2,0.330335,0.098609,0.098776
BA,71,20,8,0.512438,0.218298,0.293102
KCRDK,71,20,2,0.474164,0.141185,0.150249
BA,71,20,3,0.186137,0.051716,0.134117
KCRDK,71,20,1,0.287031,0.092954,0.098164
BA,71,20,8,0.551915,0.240614,0.31006
KCRDK,71,20,1,0.290016,0.091633,0.100839
BA,71,20,5,0.313578,0.119999,0.192831
KCRDK,71,20,2,0.476173,0.147537,0.142183
BA,71,20,15,1.17313,0.655278,0.51581
KCRDK,71,20,1,0.26649,0.088838,0.091309
BA,71,20,3,0.135615,0.044586,0.090737
KCRDK,71,20,1,0.234881,0.06645,0.07792
BA,71,20,2,0.083991,0.021529,0.062378
KCRDK,71,20,1,0.215013,0.073331,0.074009
BA,71,20,4,0.195379,0.056387,0.138685
KCRDK,71,20,2,0.501101,0.157288,0.149633
BA,71,20,2,0.105808,0.027994,0.077556
KCRDK,71,20,1,0.308138,0.087099,0.091386
BA,71,20,4,0.225384,0.078809,0.146092
KCRDK,71,20,2,0.442387,0.149046,0.128658
BA,71,20,3,0.140554,0.046072,0.094197
KCRDK,71,20,1,0.280653,0.085509,0.104699
BA,71,20,2,0.098353,0.026678,0.071525
KCRDK,71,20,1,0.314293,0.086464,0.10044
BA,71,20,3,0.162099,0.035155,0.126621
KCRDK,71,20,1,0.307642,0.0927,0.085156
BA,71,20,9,0.602312,0.270269,0.330876
KCRDK,71,20,1,0.312125,0.087885,0.095422
BA,71,20,14,1.07662,0.562312,0.512189
KCRDK,71,20,1,0.275364,0.087263,0.096879
BA,71,20,3,0.153417,0.048039,0.105098
KCRDK,71,20,2,0.449884,0.136363,0.140337
BA,71,20,16,1.37172,0.800864,0.568474
KCRDK,71,20,1,0.279631,0.085714,0.101153
BA,71,20,4,0.22682,0.078874,0.147508
KCRDK,71,20,2,0.504758,0.153394,0.156058
BA,71,20,12,0.938477,0.475818,0.460965
KCRDK,71,20,1,0.280025,0.088682,0.098873
BA,71,20,17,1.44329,0.824307,0.616589
KCRDK,71,20,1,0.27012,0.087259,0.088849
BA,71,20,3,0.150041,0.050606,0.099143
KCRDK,71,20,1,0.274158,0.088467,0.090336
BA,71,20,4,0.226902,0.085562,0.140773
KCRDK,71,20,2,0.479794,0.144148,0.148677
BA,71,20,19,4.87077,4.16853,0.699308
KCRDK,71,20,1,0.255481,0.083846,0.093597
BA,71,20,4,0.228875,0.063007,0.165448
KCRDK,71,20,2,0.512258,0.1391,0.150558
BA,71,20,11,0.775881,0.37735,0.397051
KCRDK,71,20,1,0.308549,0.085388,0.097724
BA,71,20,11,0.790794,0.386471,0.40272
KCRDK,71,20,1,0.278352,0.088599,0.09777
BA,71,20,11,0.785803,0.381591,0.402767
KCRDK,71,20,1,0.281391,0.089919,0.099868
BA,71,20,2,0.098867,0.025593,0.07309
KCRDK,71,20,1,0.27315,0.088602,0.092646
BA,71,20,2,0.057709,0.013968,0.043651
KCRDK,71,20,1,0.236885,0.081805,0.080206
BA,71,20,10,0.68983,0.324404,0.364051
KCRDK,71,20,1,0.272942,0.098915,0.084363
BA,71,20,17,1.51578,0.894036,0.619326
KCRDK,71,20,1,0.277275,0.087993,0.096482
BA,71,20,14,1.12012,0.606734,0.511232
KCRDK,71,20,1,0.279572,0.089208,0.098418
BA,71,20,3,0.162165,0.05122,0.110611
KCRDK,71,20,2,0.477163,0.143609,0.147321
BA,71,20,2,0.091413,0.025594,0.065675
KCRDK,71,20,1,0.262124,0.069485,0.07741
BA,71,20,3,0.160509,0.050669,0.109567
KCRDK,71,20,2,0.504465,0.148243,0.159609
BA,71,20,14,1.1637,0.622771,0.539012
KCRDK,71,20,1,0.277139,0.089321,0.096184
BA,71,20,3,0.161395,0.034239,0.126828
KCRDK,71,20,1,0.274655,0.0871,0.09265
BA,71,20,3,0.165226,0.052787,0.112167
KCRDK,71,20,2,0.483398,0.147939,0.150169
BA,71,20,10,0.640056,0.313394,0.325349
KCRDK,71,20,1,0.297198,0.083669,0.08881
BA,71,20,15,1.21711,0.696435,0.518507
KCRDK,71,20,1,0.317722,0.090247,0.09872
BA,71,20,8,0.507805,0.218927,0.287844
KCRDK,71,20,4,0.880543,0.263472,0.237303
BA,71,20,3,0.1584,0.047934,0.110116
KCRDK,71,20,1,0.274913,0.087656,0.094563
BA,71,20,2,0.099196,0.024876,0.074082
KCRDK,71,20,1,0.20296,0.064467,0.071915
BA,71,20,4,0.189223,0.064813,0.124154
KCRDK,71,20,2,0.516576,0.147606,0.147958
BA,71,20,5,0.32241,0.124277,0.197477
KCRDK,71,20,3,0.664817,0.199464,0.188885
BA,71,20,2,0.099845,0.025935,0.073755
KCRDK,71,20,1,0.313501,0.088287,0.095982
BA,71,20,11,0.790363,0.386799,0.401992
KCRDK,71,20,1,0.31728,0.09001,0.097866
BA,71,20,15,1.25926,0.706774,0.550253
KCRDK,71,20,1,0.294343,0.087146,0.079027
BA,71,20,15,1.18048,0.672707,0.505739
KCRDK,71,20,1,0.273673,0.085041,0.095716
BA,71,20,2,0.103101,0.025387,0.077541
KCRDK,71,20,1,0.275895,0.094474,0.086573
BA,71,20,3,0.161355,0.033875,0.127181
KCRDK,71,20,2,0.517354,0.143965,0.149521
BA,71,20,4,0.242517,0.086156,0.155795
KCRDK,71,20,4,0.80482,0.242813,0.237663
BA,71,20,4,0.194884,0.068031,0.126616
KCRDK,71,20,2,0.362389,0.103386,0.103568
BA,71,20,14,0.837922,0.462666,0.374044
KCRDK,71,20,1,0.190708,0.063217,0.067666
BA,71,20,4,0.163642,0.058493,0.104842
KCRDK,71,20,2,0.546972,0.152428,0.158081
BA,71,20,8,0.552017,0.22306,0.327847
KCRDK,71,20,2,0.509249,0.146285,0.142818
BA,71,20,13,1.00818,0.494739,0.511566
KCRDK,71,20,1,0.229524,0.066593,0.074031
BA,71,20,15,1.22021,0.688117,0.530123
KCRDK,71,20,1,0.274582,0.09225,0.093383
BA,71,20,9,0.595793,0.269841,0.324735
KCRDK,71,20,1,0.277072,0.093144,0.092145
BA,71,20,2,0.106665,0.012554,0.093919
KCRDK,71,20,1,0.273848,0.089379,0.092524
BA,71,20,2,0.119056,0.027185,0.091673
KCRDK,71,20,1,0.316647,0.090278,0.096118
BA,71,20,9,0.588221,0.260829,0.326142
KCRDK,71,20,1,0.278055,0.089137,0.097179
BA,71,20,3,0.160917,0.050607,0.110058
KCRDK,71,20,1,0.25629,0.08404,0.078155
BA,71,20,6,0.35782,0.125618,0.231511
KCRDK,71,20,1,0.308157,0.08329,0.089748
BA,71,20,12,0.884069,0.438865,0.443568
KCRDK,71,20,1,0.277397,0.090366,0.093917
BA,71,20,13,1.00185,0.514349,0.485571
KCRDK,71,20,1,0.274416,0.095582,0.086979
BA,71,20,11,0.792345,0.391604,0.399253
KCRDK,71,20,1,0.272993,0.086709,0.095034
BA,71,20,6,0.364453,0.12803,0.235581
KCRDK,71,20,5,1.04227,0.288365,0.285723
BA,71,20,13,0.978057,0.509548,0.466758
KCRDK,71,20,1,0.270359,0.082151,0.095146
BA,71,20,14,1.10962,0.603094,0.504633
KCRDK,71,20,1,0.27774,0.087096,0.098418
BA,71,20,9,0.613118,0.265631,0.346387
KCRDK,71,20,1,0.294143,0.092908,0.103005
BA,71,20,3,0.17385,0.056757,0.116729
KCRDK,71,20,1,0.244832,0.073193,0.076328
BA,71,20,11,0.68656,0.336059,0.349512
KCRDK,71,20,1,0.219623,0.061681,0.069482
BA,71,20,2,0.06928,0.018675,0.050487
KCRDK,71,20,1,0.220661,0.070081,0.081796
BA,71,20,5,0.258536,0.086085,0.172075
KCRDK,71,20,2,0.375802,0.115374,0.121262
BA,71,20,18,1.27141,0.788455,0.481304
KCRDK,71,20,1,0.222736,0.069719,0.084561
BA,71,20,10,0.603095,0.288906,0.313195
KCRDK,71,20,1,0.189511,0.061875,0.068929
BA,71,20,4,0.16037,0.045528,0.114553
KCRDK,71,20,2,0.373108,0.099333,0.118333
BA,71,20,9,0.426159,0.184231,0.241248
KCRDK,71,20,1,0.193159,0.062925,0.069149
BA,71,20,7,0.324247,0.141129,0.182704
KCRDK,71,20,1,0.22304,0.071631,0.081962
BA,71,20,5,0.250805,0.093805,0.15656
KCRDK,71,20,4,0.684731,0.200938,0.204755
BA,71,20,2,0.073007,0.02162,0.051293
KCRDK,71,20,1,0.216256,0.070342,0.077643
BA,71,20,2,0.084618,0.021835,0.062664
KCRDK,71,20,1,0.209049,0.068072,0.072353
BA,71,20,13,0.834339,0.462408,0.37081
KCRDK,71,20,1,0.19236,0.061555,0.069518
BA,71,20,5,0.212167,0.070322,0.141481
KCRDK,71,20,2,0.375716,0.116477,0.118539
BA,71,20,14,0.962791,0.547934,0.413669
KCRDK,71,20,1,0.220629,0.070291,0.081682
BA,71,20,23,9.98402,9.27335,0.708213
KCRDK,71,20,1,0.279732,0.096017,0.090942
BA,71,20,12,0.870116,0.433905,0.434543
KCRDK,71,20,1,0.312277,0.092793,0.091352
BA,71,20,13,1.02084,0.548828,0.469219
KCRDK,71,20,1,0.27958,0.088364,0.099006
BA,71,20,4,0.229184,0.082457,0.146339
KCRDK,71,20,1,0.255752,0.084058,0.080287
BA,71,20,4,0.22115,0.079169,0.141532
KCRDK,71,20,3,0.719502,0.204054,0.199059
BA,71,20,5,0.297768,0.119795,0.177469
KCRDK,71,20,1,0.292074,0.091685,0.10236
BA,71,40,12,0.962436,0.493174,0.467421
KCRDK,71,40,1,0.275389,0.087987,0.097038
BA,71,40,3,0.161782,0.04989,0.111603
KCRDK,71,40,2,0.375369,0.111835,0.122398
BA,71,40,3,0.115808,0.039031,0.07664
KCRDK,71,40,1,0.259287,0.08791,0.087723
BA,71,40,4,0.235369,0.069311,0.165648
KCRDK,71,40,2,0.509097,0.138945,0.150875
BA,71,40,15,1.23746,0.694613,0.540864
KCRDK,71,40,1,0.319498,0.090964,0.099691
BA,71,40,5,0.29539,0.112432,0.182383
KCRDK,71,40,2,0.48089,0.146422,0.145983
BA,71,40,13,0.955716,0.462902,0.491049
KCRDK,71,40,1,0.275256,0.087688,0.094522
BA,71,40,2,0.0675,0.014374,0.053031
KCRDK,71,40,1,0.257689,0.085025,0.084424
BA,71,40,11,0.762976,0.368581,0.392955
KCRDK,71,40,1,0.310571,0.091287,0.089705
BA,71,40,17,1.51706,0.89395,0.620647
KCRDK,71,40,1,0.278517,0.089203,0.096565
BA,71,40,14,1.09741,0.586157,0.50934
KCRDK,71,40,1,0.279523,0.088833,0.098715
BA,71,40,4,0.225183,0.077221,0.147587
KCRDK,71,40,1,0.312782,0.088745,0.096095
BA,71,40,3,0.162159,0.053956,0.107783
KCRDK,71,40,1,0.254089,0.082336,0.091001
BA,71,40,16,1.37013,0.812837,0.555135
KCRDK,71,40,1,0.332309,0.093322,0.104798
BA,71,40,2,0.110531,0.028276,0.075476
KCRDK,71,40,1,0.27535,0.089486,0.094449
BA,71,40,9,0.601033,0.269825,0.329946
KCRDK,71,40,1,0.315913,0.091277,0.099205
BA,71,40,15,1.24091,0.692477,0.546257
KCRDK,71,40,1,0.280481,0.090154,0.097558
BA,71,40,13,0.947146,0.505608,0.439737
KCRDK,71,40,1,0.2632,0.082102,0.087502
BA,71,40,5,0.27339,0.108241,0.164552
KCRDK,71,40,4,0.925562,0.2705,0.245123
BA,71,40,10,0.692473,0.323876,0.367135
KCRDK,71,40,1,0.295453,0.093448,0.102832
BA,71,40,21,4.39085,3.58469,0.802972
KCRDK,71,40,1,0.257531,0.084991,0.092059
BA,71,40,4,0.216116,0.080707,0.134965
KCRDK,71,40,2,0.479739,0.149398,0.145578
BA,71,40,5,0.296513,0.112131,0.183788
KCRDK,71,40,2,0.476188,0.146191,0.14404
BA,71,40,20,1.97907,1.2268,0.730671
KCRDK,71,40,1,0.291751,0.092381,0.101407
BA,71,40,13,1.10818,0.598197,0.508118
KCRDK,71,40,1,0.252238,0.081291,0.088399
BA,71,40,4,0.227758,0.085807,0.141464
KCRDK,71,40,2,0.484043,0.143481,0.15136
BA,71,40,10,0.71246,0.344583,0.366346
KCRDK,71,40,1,0.276669,0.086177,0.098413
BA,71,40,16,1.36328,0.775161,0.585903
KCRDK,71,40,1,0.280977,0.090681,0.098254
BA,71,40,15,1.21876,0.66394,0.552678
KCRDK,71,40,1,0.282468,0.090595,0.097662
BA,71,40,13,0.958875,0.499612,0.457627
KCRDK,71,40,1,0.275808,0.084543,0.092374
BA,71,40,3,0.143138,0.049173,0.093707
KCRDK,71,40,1,0.278905,0.092309,0.096129
BA,71,40,2,0.098712,0.00896,0.089532
KCRDK,71,40,1,0.274919,0.098859,0.08021
BA,71,40,5,0.299738,0.115679,0.183444
KCRDK,71,40,2,0.478426,0.152232,0.136621
BA,71,40,20,4.16636,3.43393,0.729618
KCRDK,71,40,1,0.276334,0.077846,0.103477
BA,71,40,4,0.207747,0.075659,0.131629
KCRDK,71,40,2,0.485786,0.147033,0.154911
BA,71,40,17,1.51178,0.882792,0.626594
KCRDK,71,40,1,0.281651,0.089523,0.099401
BA,71,40,3,0.161813,0.050119,0.111344
KCRDK,71,40,1,0.27272,0.093883,0.085112
BA,71,40,6,0.363644,0.126322,0.236621
KCRDK,71,40,4,0.890612,0.263803,0.252464
BA,71,40,6,0.345629,0.120526,0.224353
KCRDK,71,40,4,0.88994,0.26217,0.250368
BA,71,40,10,0.706279,0.319989,0.384928
KCRDK,71,40,1,0.278864,0.092135,0.094698
BA,71,40,6,0.358704,0.141946,0.215912
KCRDK,71,40,1,0.309488,0.087805,0.093963
BA,71,40,11,0.787965,0.352163,0.434323
KCRDK,71,40,1,0.282107,0.090445,0.099819
BA,71,40,3,0.1588,0.050909,0.107476
KCRDK,71,40,1,0.183149,0.050194,0.076963
BA,71,40,4,0.213577,0.076591,0.136544
KCRDK,71,40,2,0.453452,0.137072,0.143333
BA,71,40,4,0.224507,0.077452,0.14656
KCRDK,71,40,2,0.46618,0.147583,0.137685
BA,71,40,12,0.879508,0.447135,0.43039
KCRDK,71,40,1,0.314563,0.089608,0.096483
BA,71,40,3,0.16556,0.053592,0.111665
KCRDK,71,40,1,0.324237,0.085308,0.111852
BA,71,40,4,0.226147,0.079207,0.146556
KCRDK,71,40,2,0.504049,0.155281,0.148896
BA,71,40,2,0.106291,0.026378,0.079649
KCRDK,71,40,1,0.274849,0.078148,0.07741
BA,71,40,11,0.769594,0.385339,0.382892
KCRDK,71,40,1,0.305703,0.088914,0.094536
BA,71,40,2,0.116366,0.010567,0.105593
KCRDK,71,40,1,0.310808,0.089176,0.093133
BA,71,40,7,0.443592,0.188961,0.25363
KCRDK,71,40,1,0.272336,0.087132,0.092652
BA,71,40,5,0.292733,0.110059,0.182138
KCRDK,71,40,2,0.471696,0.142895,0.140562
BA,71,40,16,1.17575,0.640235,0.533412
KCRDK,71,40,1,0.236405,0.072915,0.087313
BA,71,40,4,0.219218,0.08227,0.136316
KCRDK,71,40,2,0.475114,0.135925,0.160952
BA,71,40,10,0.685538,0.335899,0.34809
KCRDK,71,40,1,0.282612,0.096103,0.088776
BA,71,40,9,0.646376,0.294331,0.35076
KCRDK,71,40,1,0.272573,0.086744,0.093777
BA,71,40,11,0.779943,0.359365,0.400021
KCRDK,71,40,1,0.313323,0.094765,0.0943
BA,71,40,17,1.33748,0.793638,0.541669
KCRDK,71,40,1,0.301611,0.08935,0.092989
BA,71,40,4,0.225173,0.076702,0.147785
KCRDK,71,40,2,0.496466,0.151742,0.143516
BA,71,40,11,0.811904,0.373455,0.436795
KCRDK,71,40,1,0.274237,0.087965,0.093614
BA,71,40,17,1.52165,0.86632,0.652779
KCRDK,71,40,1,0.28418,0.08748,0.094657
BA,71,40,3,0.162969,0.052654,0.110034
KCRDK,71,40,2,0.451563,0.128009,0.140067
BA,71,40,5,0.285313,0.110022,0.174603
KCRDK,71,40,2,0.494233,0.141527,0.140064
BA,71,40,12,0.903039,0.461154,0.440302
KCRDK,71,40,1,0.276131,0.084015,0.093331
BA,71,40,11,0.784398,0.384283,0.398548
KCRDK,71,40,1,0.28561,0.086671,0.096543
BA,71,40,12,0.873199,0.416164,0.455478
KCRDK,71,40,1,0.319424,0.088409,0.093284
BA,71,40,3,0.161872,0.051777,0.109813
KCRDK,71,40,2,0.44322,0.140149,0.142879
BA,71,40,4,0.218101,0.08266,0.134994
KCRDK,71,40,2,0.445514,0.135593,0.134603
BA,71,40,2,0.114401,0.021557,0.092658
KCRDK,71,40,1,0.282426,0.087452,0.107175
BA,71,40,4,0.223874,0.065026,0.158447
KCRDK,71,40,1,0.309888,0.08726,0.09398
BA,71,40,15,1.1964,0.646552,0.547601
KCRDK,71,40,1,0.32438,0.089382,0.096818
BA,71,40,7,0.446855,0.187586,0.25844
KCRDK,71,40,1,0.245385,0.075762,0.068061
BA,71,40,15,1.26477,0.741462,0.521271
KCRDK,71,40,1,0.285465,0.087708,0.098878
BA,71,40,14,1.06254,0.560355,0.500083
KCRDK,71,40,1,0.287753,0.083978,0.103822
BA,71,40,13,0.999016,0.522816,0.474092
KCRDK,71,40,1,0.285797,0.088289,0.096038
BA,71,40,6,0.360599,0.139406,0.220527
KCRDK,71,40,1,0.304482,0.088837,0.113442
BA,71,40,4,0.225461,0.077261,0.147808
KCRDK,71,40,2,0.394852,0.120646,0.125533
BA,71,40,3,0.170459,0.041435,0.128721
KCRDK,71,40,2,0.480609,0.148278,0.143731
BA,71,40,18,1.64626,0.978785,0.664769
KCRDK,71,40,1,0.276318,0.08739,0.097787
BA,71,40,2,0.103691,0.029467,0.074084
KCRDK,71,40,1,0.28297,0.093816,0.08809
BA,71,40,20,5.05154,4.29324,0.755478
KCRDK,71,40,1,0.277162,0.085806,0.093021
BA,71,40,15,1.24827,0.712288,0.533784
KCRDK,71,40,1,0.309602,0.086408,0.096149
BA,71,40,4,0.226328,0.080403,0.145497
KCRDK,71,40,2,0.519143,0.147518,0.149801
BA,71,40,13,0.992181,0.513209,0.477256
KCRDK,71,40,1,0.276591,0.087382,0.098003
BA,71,40,2,0.100547,0.026654,0.073742
KCRDK,71,40,1,0.255278,0.088212,0.083526
BA,71,40,20,6.28463,5.55807,0.72389
KCRDK,71,40,1,0.289354,0.088246,0.098456
BA,71,40,7,0.440492,0.185736,0.253808
KCRDK,71,40,1,0.313068,0.094853,0.088974
BA,71,40,4,0.229065,0.082448,0.146191
KCRDK,71,40,2,0.496607,0.143613,0.1514
BA,71,40,13,0.922308,0.494109,0.426344
KCRDK,71,40,1,0.290245,0.083476,0.116522
BA,71,40,4,0.232227,0.082774,0.148966
KCRDK,71,40,2,0.482089,0.151897,0.143119
BA,71,40,12,0.891382,0.454811,0.434759
KCRDK,71,40,1,0.314874,0.088465,0.098181
BA,71,40,2,0.100641,0.026785,0.073627
KCRDK,71,40,1,0.316253,0.088527,0.098263
BA,71,40,3,0.166333,0.055403,0.110656
KCRDK,71,40,1,0.262075,0.080275,0.095924
BA,71,40,14,1.03889,0.559711,0.460243
KCRDK,71,40,1,0.26709,0.082311,0.09605
BA,71,40,4,0.232399,0.081367,0.150542
KCRDK,71,40,2,0.474175,0.144883,0.148861
BA,71,40,3,0.163623,0.053351,0.109946
KCRDK,71,40,1,0.312767,0.088032,0.096988
BA,71,40,12,0.899251,0.459075,0.438563
KCRDK,71,40,1,0.279632,0.089217,0.097705
BA,71,40,19,1.94412,1.25528,0.686115
KCRDK,71,40,1,0.249741,0.070403,0.082377
BA,71,40,3,0.137532,0.042892,0.094422
KCRDK,71,40,1,0.185368,0.060821,0.065652
BA,71,60,3,0.117678,0.039897,0.077648
KCRDK,71,60,1,0.219258,0.061184,0.068355
BA,71,60,8,0.376839,0.171546,0.204714
KCRDK,71,60,7,1.09245,0.321557,0.304863
BA,71,60,8,0.367182,0.166759,0.199865
KCRDK,71,60,7,1.03344,0.30724,0.270788
BA,71,60,20,5.92017,5.38506,0.533184
KCRDK,71,60,1,0.2206,0.061446,0.071102
BA,71,60,10,0.453001,0.222812,0.229433
KCRDK,71,60,1,0.219185,0.069392,0.080599
BA,71,60,2,0.082906,0.021264,0.061559
KCRDK,71,60,1,0.218837,0.0706,0.079692
BA,71,60,5,0.235711,0.092651,0.142646
KCRDK,71,60,3,0.729335,0.219372,0.204889
BA,71,60,15,1.20194,0.649253,0.550477
KCRDK,71,60,1,0.311065,0.097508,0.083594
BA,71,60,4,0.225193,0.077597,0.147109
KCRDK,71,60,2,0.507719,0.154415,0.134501
BA,71,60,4,0.209355,0.07559,0.13329
KCRDK,71,60,2,0.432151,0.134638,0.133698
BA,71,60,3,0.166762,0.052045,0.114394
KCRDK,71,60,1,0.222584,0.070047,0.083424
BA,71,60,13,0.895337,0.488634,0.405535
KCRDK,71,60,1,0.190764,0.061606,0.069866
BA,71,60,21,10.3253,9.73017,0.580759
KCRDK,71,60,1,0.214254,0.061244,0.068113
BA,71,60,15,0.89584,0.513603,0.381006
KCRDK,71,60,1,0.219669,0.061331,0.06998
BA,71,60,5,0.213168,0.082488,0.130331
KCRDK,71,60,4,0.619657,0.175155,0.174728
BA,71,60,14,0.820404,0.484038,0.335332
KCRDK,71,60,1,0.187514,0.06136,0.069419
BA,71,60,4,0.166512,0.061258,0.105063
KCRDK,71,60,2,0.526784,0.15231,0.147222
BA,71,60,3,0.173994,0.058795,0.114804
KCRDK,71,60,2,0.48305,0.148046,0.145977
BA,71,60,3,0.160912,0.050502,0.110114
KCRDK,71,60,1,0.311074,0.092701,0.09067
BA,71,60,2,0.099463,0.025298,0.074017
KCRDK,71,60,1,0.219046,0.068599,0.081915
BA,71,60,4,0.196605,0.069834,0.126425
KCRDK,71,60,2,0.332487,0.10141,0.100387
BA,71,60,16,0.990186,0.582832,0.405994
KCRDK,71,60,1,0.264886,0.081549,0.099172
BA,71,60,14,1.11667,0.616498,0.49886
KCRDK,71,60,1,0.188606,0.061212,0.069748
BA,71,60,4,0.160056,0.057769,0.102006
KCRDK,71,60,1,0.219828,0.068842,0.082246
BA,71,60,2,0.085222,0.021445,0.063693
KCRDK,71,60,1,0.188869,0.061226,0.068281
BA,71,60,4,0.163911,0.059546,0.104149
KCRDK,71,60,2,0.361624,0.096456,0.11195
BA,71,60,15,0.966383,0.527212,0.437785
KCRDK,71,60,1,0.192178,0.061859,0.07039
BA,71,60,15,0.954736,0.568642,0.384831
KCRDK,71,60,1,0.222043,0.063435,0.070486
BA,71,60,4,0.162055,0.057087,0.10471
KCRDK,71,60,2,0.376279,0.112676,0.121169
BA,71,60,15,0.93948,0.545046,0.393147
KCRDK,71,60,1,0.21885,0.079017,0.07143
BA,71,60,13,0.898011,0.491927,0.404916
KCRDK,71,60,1,0.193559,0.061466,0.070432
BA,71,60,2,0.055074,0.012859,0.042121
KCRDK,71,60,1,0.183452,0.064715,0.060861
BA,71,60,8,0.369153,0.16461,0.203911
KCRDK,71,60,2,0.379229,0.116151,0.121102
BA,71,60,5,0.253968,0.098421,0.155149
KCRDK,71,60,2,0.346361,0.09939,0.101116
BA,71,60,6,0.260685,0.09484,0.165343
KCRDK,71,60,2,0.410665,0.114751,0.122241
BA,71,60,13,0.804553,0.424928,0.378474
KCRDK,71,60,1,0.219552,0.062573,0.06756
BA,71,60,12,0.680951,0.351018,0.328916
KCRDK,71,60,1,0.24708,0.078063,0.074451
BA,71,60,2,0.084037,0.00765,0.076294
KCRDK,71,60,1,0.232179,0.064955,0.071632
BA,71,60,3,0.115708,0.038269,0.07733
KCRDK,71,60,2,0.324661,0.10089,0.103421
BA,71,60,5,0.208907,0.081274,0.127294
KCRDK,71,60,2,0.400951,0.112811,0.123254
BA,71,60,14,0.884436,0.493203,0.389984
KCRDK,71,60,1,0.189689,0.062265,0.0673
BA,71,60,15,0.909882,0.525472,0.383033
KCRDK,71,60,1,0.224074,0.075446,0.078405
BA,71,60,4,0.194356,0.067376,0.12673
KCRDK,71,60,2,0.351129,0.098279,0.101965
BA,71,60,2,0.071099,0.005698,0.065278
KCRDK,71,60,1,0.186439,0.060103,0.066899
BA,71,60,15,0.929748,0.531484,0.396903
KCRDK,71,60,1,0.21869,0.06085,0.070314
BA,71,60,4,0.159552,0.045079,0.114209
KCRDK,71,60,4,0.589669,0.176581,0.185633
BA,71,60,2,0.071797,0.019682,0.05202
KCRDK,71,60,1,0.212976,0.062445,0.080282
BA,71,60,3,0.13506,0.029179,0.10563
KCRDK,71,60,2,0.32415,0.101058,0.101515
BA,71,60,3,0.113318,0.038162,0.074998
KCRDK,71,60,2,0.372097,0.11172,0.119985
BA,71,60,11,0.575607,0.295154,0.279535
KCRDK,71,60,1,0.191017,0.06154,0.070273
BA,71,60,11,0.570587,0.277927,0.291776
KCRDK,71,60,1,0.221576,0.070062,0.081212
BA,71,60,3,0.139629,0.030944,0.108522
KCRDK,71,60,1,0.185931,0.060147,0.066414
BA,71,60,14,0.830038,0.474606,0.35429
KCRDK,71,60,1,0.188574,0.060824,0.066578
BA,71,60,4,0.162632,0.059458,0.102917
KCRDK,71,60,2,0.329897,0.100812,0.104941
BA,71,60,4,0.163386,0.045696,0.117392
KCRDK,71,60,2,0.406741,0.11993,0.115281
BA,71,60,8,0.454061,0.211565,0.241847
KCRDK,71,60,1,0.18739,0.062876,0.065882
BA,71,60,13,0.728879,0.3875,0.340235
KCRDK,71,60,7,1.15003,0.340727,0.326899
BA,71,60,16,1.00003,0.591854,0.406804
KCRDK,71,60,1,0.248854,0.071029,0.080158
BA,71,60,2,0.083679,0.02235,0.061251
KCRDK,71,60,1,0.187757,0.062194,0.067463
BA,71,60,14,0.814662,0.456081,0.357422
KCRDK,71,60,1,0.189934,0.061784,0.068638
BA,71,60,3,0.115097,0.024268,0.090662
KCRDK,71,60,1,0.187814,0.060865,0.068176
BA,71,60,3,0.115246,0.023957,0.091137
KCRDK,71,60,2,0.318062,0.098857,0.100624
BA,71,60,13,0.767498,0.432061,0.334417
KCRDK,71,60,1,0.194713,0.064125,0.069298
BA,71,60,5,0.215118,0.084493,0.130321
KCRDK,71,60,2,0.322421,0.09918,0.103159
BA,71,60,10,0.510219,0.254899,0.254581
KCRDK,71,60,1,0.249083,0.069043,0.0809
BA,71,60,4,0.189153,0.065359,0.123512
KCRDK,71,60,2,0.406939,0.117672,0.117975
BA,71,60,3,0.128945,0.027598,0.101158
KCRDK,71,60,2,0.319087,0.098938,0.100195
BA,71,60,3,0.114028,0.036957,0.076874
KCRDK,71,60,1,0.2923,0.093045,0.100755
BA,71,60,11,0.872609,0.445936,0.424841
KCRDK,71,60,1,0.312111,0.088407,0.095264
BA,71,60,5,0.291648,0.106824,0.184305
KCRDK,71,60,2,0.475182,0.144161,0.144979
BA,71,60,26,32.6399,31.6979,0.920421
KCRDK,71,60,1,0.19126,0.062892,0.066309
BA,71,60,15,0.907071,0.524904,0.380886
KCRDK,71,60,1,0.189947,0.061248,0.070646
BA,71,60,7,0.321223,0.142599,0.178096
KCRDK,71,60,1,0.216207,0.063308,0.066463
BA,71,60,3,0.115984,0.037655,0.07818
KCRDK,71,60,1,0.213272,0.059845,0.064901
BA,71,60,8,0.334098,0.136599,0.196965
KCRDK,71,60,1,0.213925,0.061789,0.066753
BA,71,60,3,0.117115,0.0386,0.078364
KCRDK,71,60,1,0.250918,0.070443,0.081645
BA,71,60,3,0.139257,0.043768,0.09529
KCRDK,71,60,2,0.507485,0.154343,0.157145
BA,71,60,2,0.10693,0.028633,0.07805
KCRDK,71,60,1,0.314926,0.08855,0.096576
BA,71,60,3,0.163477,0.052847,0.11028
KCRDK,71,60,1,0.311427,0.095044,0.087339
BA,71,60,2,0.099249,0.025281,0.073799
KCRDK,71,60,1,0.255576,0.074349,0.090359
BA,71,60,6,0.366408,0.149996,0.215605
KCRDK,71,60,3,0.675725,0.201118,0.193099
BA,71,60,14,1.10477,0.588111,0.514496
KCRDK,71,60,1,0.274678,0.088154,0.094586
BA,71,60,13,0.994356,0.52124,0.471082
KCRDK,71,60,1,0.274351,0.085928,0.095328
BA,71,60,13,0.98917,0.496766,0.490461
KCRDK,71,60,1,0.273325,0.087146,0.093728
BA,71,60,4,0.224537,0.078425,0.14571
KCRDK,71,60,2,0.474238,0.147601,0.148192
BA,71,60,15,1.19985,0.656919,0.540608
KCRDK,71,60,1,0.27648,0.090438,0.094204
BA,71,60,17,1.54293,0.931494,0.609031
KCRDK,71,60,1,0.28148,0.089844,0.09946
BA,71,60,16,1.34723,0.761042,0.583893
KCRDK,71,60,1,0.283248,0.090464,0.100118
BA,71,60,2,0.099394,0.025458,0.073787
KCRDK,71,60,1,0.213409,0.068997,0.077679
BA,71,60,2,0.073418,0.01563,0.057647
KCRDK,71,60,1,0.216666,0.064797,0.062815
BA,71,60,10,0.511575,0.249627,0.261147
KCRDK,71,60,1,0.189626,0.062139,0.068408
BA,71,60,18,1.16332,0.684284,0.477336
KCRDK,71,60,1,0.220176,0.069616,0.082148
BA,71,60,3,0.139038,0.045404,0.093445
KCRDK,71,60,1,0.327229,0.092191,0.101029
BA,71,60,3,0.172759,0.035853,0.136595
KCRDK,71,60,1,0.275462,0.087652,0.097595
BA,71,60,14,1.09185,0.598596,0.491525
KCRDK,71,60,1,0.26606,0.08034,0.099381
BA,71,60,2,0.090336,0.02614,0.06405
KCRDK,71,60,1,0.276444,0.08623,0.099844
BA,71,60,2,0.105144,0.028403,0.076519
KCRDK,71,60,1,0.301707,0.087027,0.086796
BA,71,60,5,0.296058,0.11316,0.182309
KCRDK,71,60,2,0.543321,0.155439,0.157678
BA,71,60,15,1.29069,0.705484,0.583075
KCRDK,71,60,1,0.279169,0.088949,0.097692
BA,71,60,3,0.161801,0.050642,0.110891
KCRDK,71,60,2,0.457369,0.145645,0.145627
BA,71,80,13,0.928135,0.46506,0.444207
KCRDK,71,80,1,0.31477,0.08551,0.10137
BA,71,80,13,1.02493,0.542318,0.48065
KCRDK,71,80,1,0.27914,0.089324,0.097629
BA,71,80,2,0.099852,0.025715,0.074004
KCRDK,71,80,1,0.219697,0.06992,0.079194
BA,71,80,3,0.136941,0.042016,0.094756
KCRDK,71,80,2,0.380126,0.11381,0.124043
BA,71,80,3,0.13112,0.04225,0.088701
KCRDK,71,80,2,0.409393,0.114624,0.120225
BA,71,80,3,0.122859,0.038948,0.083742
KCRDK,71,80,2,0.54035,0.154734,0.149918
BA,71,80,4,0.245851,0.090991,0.154389
KCRDK,71,80,2,0.518367,0.146214,0.149522
BA,71,80,2,0.099471,0.026835,0.072455
KCRDK,71,80,1,0.314253,0.09021,0.097332
BA,71,80,4,0.227709,0.06131,0.165965
KCRDK,71,80,2,0.484791,0.145986,0.151636
BA,71,80,23,15.9243,15.1417,0.779626
KCRDK,71,80,1,0.195487,0.063809,0.072524
BA,71,80,12,0.651238,0.304923,0.332228
KCRDK,71,80,1,0.193793,0.062552,0.070713
BA,71,80,16,1.01365,0.605708,0.4065
KCRDK,71,80,1,0.249293,0.069943,0.081817
BA,71,80,2,0.084252,0.021552,0.062563
KCRDK,71,80,1,0.190766,0.061617,0.067206
BA,71,80,3,0.116895,0.039273,0.077387
KCRDK,71,80,2,0.370516,0.117026,0.114831
BA,71,80,5,0.208196,0.080867,0.12701
KCRDK,71,80,4,0.932583,0.273727,0.273608
BA,71,80,4,0.227113,0.079761,0.146892
KCRDK,71,80,2,0.518078,0.151852,0.143087
BA,71,80,13,1.00581,0.528908,0.475048
KCRDK,71,80,1,0.316577,0.087573,0.0977
BA,71,80,17,1.49228,0.869673,0.620214
KCRDK,71,80,1,0.282638,0.095948,0.09392
BA,71,80,4,0.215166,0.083316,0.131384
KCRDK,71,80,2,0.500452,0.151231,0.136645
BA,71,80,5,0.299839,0.1155,0.183771
KCRDK,71,80,2,0.518431,0.145446,0.148642
BA,71,80,12,0.905589,0.432824,0.471089
KCRDK,71,80,1,0.275081,0.088376,0.094862
BA,71,80,3,0.161814,0.053382,0.108032
KCRDK,71,80,2,0.482426,0.156266,0.139022
BA,71,80,4,0.128578,0.02807,0.100299
KCRDK,71,80,1,0.264394,0.086938,0.089567
BA,71,80,6,0.348462,0.137676,0.210006
KCRDK,71,80,1,0.276727,0.088111,0.095865
BA,71,80,14,1.12033,0.6039,0.514762
KCRDK,71,80,1,0.315013,0.088436,0.098928
BA,71,80,13,0.992255,0.515625,0.474649
KCRDK,71,80,1,0.314071,0.086796,0.097067
BA,71,80,3,0.163122,0.053268,0.109531
KCRDK,71,80,1,0.27291,0.088166,0.09937
BA,71,80,2,0.100004,0.026055,0.073811
KCRDK,71,80,1,0.14608,0.039225,0.065597
BA,71,80,2,0.099186,0.031306,0.067725
KCRDK,71,80,1,0.217348,0.069099,0.080341
BA,71,80,2,0.086877,0.022291,0.064511
KCRDK,71,80,1,0.250334,0.070652,0.081525
BA,71,80,4,0.166033,0.060936,0.104838
KCRDK,71,80,2,0.375749,0.114363,0.122969
BA,71,80,3,0.115233,0.035854,0.079156
KCRDK,71,80,2,0.325213,0.099223,0.103691
BA,71,80,9,0.437652,0.207086,0.229814
KCRDK,71,80,1,0.221223,0.070169,0.082027
BA,71,80,3,0.139861,0.044363,0.095359
KCRDK,71,80,2,0.366812,0.112726,0.120196
BA,71,80,12,0.673568,0.358079,0.314512
KCRDK,71,80,1,0.221866,0.063526,0.071591
BA,71,80,12,0.64863,0.339723,0.308056
KCRDK,71,80,1,0.189362,0.061497,0.068006
BA,71,80,15,0.880165,0.497152,0.381737
KCRDK,71,80,1,0.186729,0.060071,0.067596
BA,71,80,2,0.070189,0.018042,0.052011
KCRDK,71,80,1,0.217298,0.061213,0.069523
BA,71,80,2,0.0723,0.019059,0.053181
KCRDK,71,80,1,0.177923,0.052785,0.072205
BA,71,80,14,0.93538,0.527638,0.406517
KCRDK,71,80,1,0.189017,0.060303,0.06988
BA,71,80,4,0.164413,0.047699,0.116396
KCRDK,71,80,2,0.323171,0.101984,0.100451
BA,71,80,8,0.365616,0.148363,0.216711
KCRDK,71,80,1,0.253705,0.070683,0.082893
BA,71,80,4,0.194505,0.069012,0.125234
KCRDK,71,80,2,0.351311,0.100931,0.115395
BA,71,80,2,0.081974,0.018846,0.063035
KCRDK,71,80,1,0.212168,0.060688,0.066721
BA,71,80,17,1.07768,0.65974,0.416484
KCRDK,71,80,1,0.248287,0.06836,0.083846
BA,71,80,3,0.14233,0.03259,0.109541
KCRDK,71,80,2,0.380041,0.114194,0.120274
BA,71,80,11,0.568514,0.287358,0.280229
KCRDK,71,80,1,0.251363,0.069608,0.085089
BA,71,80,4,0.197223,0.056495,0.140425
KCRDK,71,80,2,0.371941,0.115909,0.117643
BA,71,80,18,1.29143,0.80583,0.483949
KCRDK,71,80,1,0.291202,0.09273,0.10005
BA,71,80,4,0.233293,0.084485,0.148419
KCRDK,71,80,2,0.496065,0.140003,0.142773
BA,71,80,2,0.100904,0.027048,0.073652
KCRDK,71,80,1,0.291609,0.092381,0.102843
BA,71,80,8,0.568345,0.247376,0.319838
KCRDK,71,80,1,0.30828,0.090949,0.089831
BA,71,80,11,0.803627,0.380641,0.421402
KCRDK,71,80,1,0.278115,0.089262,0.09729
BA,71,80,3,0.159914,0.049547,0.109943
KCRDK,71,80,2,0.475858,0.145054,0.14399
BA,71,80,2,0.086265,0.025591,0.06055
KCRDK,71,80,1,0.274882,0.082218,0.083914
BA,71,80,5,0.289658,0.116126,0.172961
KCRDK,71,80,2,0.543813,0.152678,0.155074
BA,71,80,9,0.639668,0.287231,0.351194
KCRDK,71,80,1,0.277199,0.087695,0.097426
BA,71,80,2,0.100222,0.027791,0.072268
KCRDK,71,80,1,0.274036,0.088283,0.093132
BA,71,80,2,0.102694,0.030247,0.072288
KCRDK,71,80,1,0.272371,0.087921,0.093661
BA,71,80,14,1.03372,0.540711,0.491292
KCRDK,71,80,1,0.28027,0.077888,0.09104
BA,71,80,12,0.900168,0.452107,0.446463
KCRDK,71,80,1,0.311176,0.088094,0.091681
BA,71,80,4,0.221702,0.081807,0.139483
KCRDK,71,80,2,0.480907,0.145128,0.149209
BA,71,80,11,0.771505,0.364497,0.405518
KCRDK,71,80,1,0.278089,0.089265,0.097115
BA,71,80,16,1.38374,0.792157,0.589384
KCRDK,71,80,1,0.312585,0.08815,0.09673
BA,71,80,21,14.2755,13.5632,0.709403
KCRDK,71,80,1,0.222278,0.069532,0.083476
BA,71,80,10,0.561802,0.258068,0.302865
KCRDK,71,80,1,0.193094,0.062099,0.07017
BA,71,80,4,0.163621,0.045327,0.118029
KCRDK,71,80,2,0.344252,0.099439,0.101046
BA,71,80,13,0.732388,0.400645,0.330662
KCRDK,71,80,1,0.191687,0.062332,0.069662
BA,71,80,19,1.41419,0.92381,0.488655
KCRDK,71,80,1,0.191779,0.059455,0.072707
BA,71,80,2,0.071205,0.005995,0.065107
KCRDK,71,80,1,0.214644,0.068386,0.077653
BA,71,80,7,0.391928,0.1729,0.218509
KCRDK,71,80,1,0.194062,0.062215,0.070533
BA,71,80,2,0.071248,0.018564,0.052603
KCRDK,71,80,1,0.207999,0.067684,0.073326
BA,71,80,3,0.120646,0.040909,0.079548
KCRDK,71,80,1,0.188678,0.060583,0.066415
BA,71,80,3,0.117464,0.039052,0.078272
KCRDK,71,80,1,0.249446,0.071114,0.079416
BA,71,80,15,1.05056,0.595927,0.453255
KCRDK,71,80,1,0.1637,0.04879,0.061127
BA,71,80,3,0.117307,0.037863,0.07927
KCRDK,71,80,2,0.376911,0.115315,0.120236
BA,71,80,3,0.124282,0.041224,0.082869
KCRDK,71,80,1,0.221137,0.063903,0.070016
BA,71,80,2,0.074265,0.022581,0.051609
KCRDK,71,80,1,0.247684,0.074531,0.073345
BA,71,80,11,0.582099,0.287595,0.281624
KCRDK,71,80,1,0.218344,0.061759,0.068237
BA,71,80,18,1.25424,0.792471,0.460146
KCRDK,71,80,1,0.190606,0.063076,0.068838
BA,71,80,4,0.14333,0.050694,0.092393
KCRDK,71,80,2,0.319432,0.099319,0.101121
BA,71,80,11,0.592443,0.308588,0.282986
KCRDK,71,80,1,0.223037,0.070663,0.083059
BA,71,80,3,0.136961,0.043647,0.093103
KCRDK,71,80,2,0.322243,0.10038,0.100723
BA,71,80,8,0.368379,0.150069,0.217653
KCRDK,71,80,1,0.246108,0.072623,0.07739
BA,71,80,4,0.197771,0.070215,0.12732
KCRDK,71,80,1,0.218935,0.071054,0.076918
BA,71,80,2,0.082115,0.022944,0.059083
KCRDK,71,80,1,0.179456,0.061555,0.061001
BA,71,80,12,0.661596,0.348733,0.311957
KCRDK,71,80,1,0.188381,0.066,0.063394
BA,71,80,8,0.37962,0.172288,0.206755
KCRDK,71,80,1,0.185923,0.063005,0.063418
BA,71,80,3,0.116986,0.038907,0.077912
KCRDK,71,80,1,0.245479,0.069218,0.079059
BA,71,80,3,0.139701,0.045587,0.09389
KCRDK,71,80,2,0.369616,0.114721,0.116801
BA,71,80,10,0.509479,0.234882,0.273719
KCRDK,71,80,1,0.250992,0.071878,0.078945
BA,71,80,11,0.698663,0.362653,0.335066
KCRDK,71,80,1,0.222843,0.06038,0.070202
BA,71,80,17,1.13324,0.696689,0.434927
KCRDK,71,80,1,0.220222,0.063036,0.068321
BA,71,80,14,0.855325,0.492857,0.361278
KCRDK,71,80,1,0.194123,0.0625,0.070208
BA,71,80,6,0.261729,0.094495,0.166792
KCRDK,71,80,1,0.217606,0.06864,0.08058
BA,71,80,12,0.799516,0.424169,0.374243
KCRDK,71,80,1,0.188368,0.062656,0.067398
BA,71,80,3,0.116823,0.026508,0.090164
KCRDK,71,80,1,0.189517,0.060595,0.069449
BA,71,80,13,0.712686,0.392745,0.318953
KCRDK,71,80,1,0.182577,0.058438,0.067086
BA,71,80,15,0.916504,0.523799,0.391487
KCRDK,71,80,1,0.225878,0.071405,0.084759
BA,71,80,15,1.16946,0.689528,0.478594
KCRDK,71,80,1,0.188335,0.062021,0.066804
BA,71,100,13,0.715549,0.383305,0.331174
KCRDK,71,100,1,0.222764,0.069047,0.084544
BA,71,100,14,0.997485,0.55755,0.438651
KCRDK,71,100,1,0.238531,0.070186,0.097863
BA,71,100,19,1.61712,1.04129,0.574092
KCRDK,71,100,1,0.185324,0.062927,0.066118
BA,71,100,16,1.00326,0.595255,0.406615
KCRDK,71,100,1,0.19215,0.061397,0.070976
BA,71,100,14,0.857447,0.497241,0.358947
KCRDK,71,100,1,0.194415,0.063541,0.07031
BA,71,100,12,0.668536,0.356614,0.310962
KCRDK,71,100,1,0.236075,0.069827,0.097572
BA,71,100,13,0.948904,0.541783,0.405968
KCRDK,71,100,1,0.194545,0.062266,0.072831
BA,71,100,17,1.1388,0.701345,0.436051
KCRDK,71,100,1,0.223548,0.070474,0.084763
BA,71,100,11,0.714722,0.372431,0.341347
KCRDK,71,100,1,0.220086,0.069752,0.08263
BA,71,100,2,0.08462,0.021305,0.063234
KCRDK,71,100,1,0.189425,0.060113,0.067991
BA,71,100,12,0.663817,0.350808,0.312009
KCRDK,71,100,1,0.190512,0.061229,0.069354
BA,71,100,4,0.162113,0.057822,0.104012
KCRDK,71,100,1,0.251892,0.072544,0.078117
BA,71,100,2,0.099224,0.022006,0.077138
KCRDK,71,100,1,0.214121,0.060783,0.068639
BA,71,100,4,0.161411,0.058062,0.103114
KCRDK,71,100,2,0.352604,0.100738,0.10403
BA,71,100,2,0.07134,0.019166,0.052014
KCRDK,71,100,1,0.215804,0.071243,0.074195
BA,71,100,2,0.085539,0.020858,0.06452
KCRDK,71,100,1,0.179273,0.06228,0.05795
BA,71,100,13,0.713565,0.384673,0.327815
KCRDK,71,100,1,0.254016,0.073569,0.080368
BA,71,100,6,0.318499,0.114384,0.203683
KCRDK,71,100,2,0.327238,0.102908,0.103443
BA,71,100,3,0.120316,0.041434,0.078723
KCRDK,71,100,2,0.325654,0.09914,0.104832
BA,71,100,4,0.161536,0.058668,0.102628
KCRDK,71,100,1,0.220215,0.063217,0.068787
BA,71,100,2,0.070351,0.018976,0.05129
KCRDK,71,100,1,0.211175,0.064422,0.061479
BA,71,100,5,0.208073,0.080564,0.127162
KCRDK,71,100,2,0.484943,0.130056,0.148178
BA,71,100,14,1.22349,0.681499,0.539894
KCRDK,71,100,1,0.315626,0.086658,0.098242
BA,71,100,15,1.232,0.683428,0.546444
KCRDK,71,100,1,0.316091,0.088986,0.098048
BA,71,100,16,1.34291,0.755581,0.585067
KCRDK,71,100,1,0.313395,0.087567,0.097456
BA,71,100,2,0.099233,0.024634,0.074448
KCRDK,71,100,1,0.273794,0.090378,0.090784
BA,71,100,8,0.418275,0.183148,0.234117
KCRDK,71,100,1,0.26917,0.085785,0.094813
BA,71,100,12,0.881219,0.467455,0.412188
KCRDK,71,100,1,0.282427,0.089492,0.10403
BA,71,100,3,0.158993,0.053838,0.104812
KCRDK,71,100,2,0.515562,0.141199,0.16917
BA,71,100,2,0.099455,0.024968,0.074346
KCRDK,71,100,1,0.312101,0.088554,0.093975
BA,71,100,2,0.10228,0.028348,0.073776
KCRDK,71,100,1,0.316269,0.089571,0.098049
BA,71,100,4,0.227585,0.078648,0.148478
KCRDK,71,100,2,0.482423,0.149224,0.145418
BA,71,100,11,0.747498,0.34225,0.40391
KCRDK,71,100,10,2.20388,0.634788,0.580409
BA,71,100,2,0.101402,0.027396,0.07383
KCRDK,71,100,1,0.275212,0.087724,0.094177
BA,71,100,5,0.296966,0.113004,0.183379
KCRDK,71,100,1,0.286554,0.099614,0.089341
BA,71,100,4,0.170654,0.059156,0.111081
KCRDK,71,100,3,0.623444,0.188139,0.190616
BA,71,100,18,1.71013,1.03471,0.653849
KCRDK,71,100,1,0.283705,0.087814,0.099242
BA,71,100,3,0.163602,0.051891,0.111332
KCRDK,71,100,1,0.315136,0.089721,0.095612
BA,71,100,4,0.228001,0.083799,0.143607
KCRDK,71,100,2,0.541355,0.152277,0.156262
BA,71,100,3,0.174097,0.038107,0.135707
KCRDK,71,100,1,0.269893,0.094009,0.084306
BA,71,100,7,0.417162,0.174482,0.241668
KCRDK,71,100,1,0.268686,0.078468,0.077147
BA,71,100,8,0.506123,0.217997,0.287299
KCRDK,71,100,1,0.275126,0.089331,0.097872
BA,71,100,4,0.228315,0.06249,0.165338
KCRDK,71,100,2,0.472459,0.149106,0.140909
BA,71,100,15,1.26132,0.69672,0.562465
KCRDK,71,100,1,0.273598,0.088053,0.095885
BA,71,100,3,0.162149,0.051274,0.110581
KCRDK,71,100,1,0.313698,0.087509,0.096503
BA,71,100,2,0.101954,0.027876,0.073901
KCRDK,71,100,1,0.206407,0.060463,0.07981
BA,71,100,5,0.248192,0.079159,0.168635
KCRDK,71,100,2,0.328502,0.100408,0.104572
BA,71,100,2,0.071511,0.020135,0.05126
KCRDK,71,100,1,0.330828,0.097202,0.097322
BA,71,100,4,0.244899,0.088428,0.155965
KCRDK,71,100,3,0.650893,0.180751,0.192324
BA,71,100,5,0.219029,0.085419,0.133218
KCRDK,71,100,2,0.324644,0.101566,0.100753
BA,71,100,2,0.070862,0.006787,0.063933
KCRDK,71,100,1,0.18348,0.063873,0.060687
BA,71,100,4,0.159626,0.058019,0.101347
KCRDK,71,100,3,0.493062,0.139656,0.140222
BA,71,100,2,0.071278,0.01953,0.051661
KCRDK,71,100,1,0.220984,0.069861,0.079604
BA,71,100,11,0.690156,0.345302,0.343836
KCRDK,71,100,1,0.187922,0.060173,0.067742
BA,71,100,3,0.117181,0.03847,0.078524
KCRDK,71,100,2,0.322803,0.098914,0.10345
BA,71,100,15,0.897609,0.513494,0.382861
KCRDK,71,100,1,0.133956,0.043584,0.050389
BA,71,100,6,0.259387,0.105409,0.153622
KCRDK,71,100,9,2.06624,0.585131,0.559469
BA,71,100,4,0.230516,0.082267,0.147776
KCRDK,71,100,2,0.520711,0.14591,0.15027
BA,71,100,3,0.162715,0.052156,0.110179
KCRDK,71,100,1,0.274288,0.091591,0.089096
BA,71,100,3,0.166726,0.057393,0.108965
KCRDK,71,100,1,0.152576,0.052687,0.058884
BA,71,100,3,0.159867,0.054449,0.105246
KCRDK,71,100,2,0.477781,0.15049,0.141269
BA,71,100,4,0.226502,0.057986,0.168053
KCRDK,71,100,1,0.310454,0.081735,0.095525
BA,71,100,15,1.26024,0.703642,0.5542
KCRDK,71,100,1,0.315031,0.094398,0.093639
BA,71,100,17,1.56614,0.923568,0.639879
KCRDK,71,100,1,0.276957,0.088523,0.096153
BA,71,100,3,0.162526,0.051202,0.111014
KCRDK,71,100,1,0.310819,0.088616,0.092717
BA,71,100,15,1.2471,0.702583,0.542528
KCRDK,71,100,1,0.288297,0.080135,0.091879
BA,71,100,12,0.893175,0.454977,0.436545
KCRDK,71,100,1,0.276011,0.081255,0.099065
BA,71,100,4,0.215231,0.080647,0.134213
KCRDK,71,100,2,0.47506,0.144972,0.143509
BA,71,100,13,1.02639,0.547262,0.477136
KCRDK,71,100,1,0.280107,0.089701,0.097961
BA,71,100,2,0.100128,0.025937,0.074029
KCRDK,71,100,1,0.312778,0.089378,0.096094
BA,71,100,4,0.230427,0.084387,0.145419
KCRDK,71,100,2,0.464272,0.141176,0.134819
BA,71,100,17,1.50217,0.890126,0.594244
KCRDK,71,100,1,0.284694,0.091047,0.100627
BA,71,100,15,1.27069,0.727226,0.541371
KCRDK,71,100,1,0.316361,0.091103,0.098869
BA,71,100,15,1.24533,0.693541,0.549692
KCRDK,71,100,1,0.315792,0.098037,0.090013
BA,71,100,2,0.100664,0.026313,0.074204
KCRDK,71,100,1,0.322708,0.091734,0.094688
BA,71,100,3,0.160015,0.034309,0.125348
KCRDK,71,100,1,0.260324,0.0847,0.091401
BA,71,100,17,1.5309,0.90705,0.621675
KCRDK,71,100,1,0.274953,0.087066,0.093469
BA,71,100,17,1.56124,0.899551,0.659185
KCRDK,71,100,1,0.281043,0.092611,0.097856
BA,71,100,3,0.163242,0.051683,0.11129
KCRDK,71,100,1,0.27893,0.088863,0.097692
BA,71,100,3,0.16757,0.055398,0.111839
KCRDK,71,100,2,0.515598,0.148987,0.146316
BA,71,100,5,0.292992,0.112817,0.179561
KCRDK,71,100,2,0.495548,0.145264,0.13732
BA,71,100,4,0.229778,0.087249,0.142101
KCRDK,71,100,1,0.328497,0.093214,0.10351
BA,71,100,2,0.106556,0.028869,0.077505
KCRDK,71,100,1,0.271766,0.084537,0.093164
BA,71,100,14,1.0961,0.58072,0.513257
KCRDK,71,100,1,0.296112,0.094803,0.103652
BA,71,100,4,0.245525,0.08936,0.155651
KCRDK,71,100,2,0.518945,0.147324,0.148928
BA,71,100,5,0.289379,0.072878,0.215897
KCRDK,71,100,5,0.993238,0.319873,0.255511
BA,71,100,2,0.100872,0.02724,0.07343
KCRDK,71,100,1,0.26861,0.084482,0.091707
BA,71,100,16,1.41286,0.824172,0.586355
KCRDK,71,100,1,0.281976,0.09104,0.09928
BA,71,100,8,0.522784,0.229527,0.292219
KCRDK,71,100,1,0.27573,0.087133,0.095457
BA,71,100,12,0.896387,0.454616,0.43995
KCRDK,71,100,1,0.310038,0.088483,0.093413
BA,71,100,4,0.208313,0.08086,0.127017
KCRDK,71,100,1,0.259591,0.089877,0.077678
BA,71,100,3,0.159967,0.035355,0.124261
KCRDK,71,100,1,0.313749,0.089694,0.093403
BA,71,100,4,0.234531,0.087911,0.146144
KCRDK,71,100,2,0.459319,0.138268,0.136263
BA,71,100,6,0.367181,0.147966,0.218454
KCRDK,71,100,5,0.879968,0.25056,0.249214
BA,71,100,13,0.722371,0.391705,0.329038
KCRDK,71,100,1,0.186961,0.060849,0.067529
BA,71,100,14,0.764057,0.417234,0.345766
KCRDK,71,100,1,0.218367,0.061362,0.070706
BA,71,100,3,0.113559,0.036647,0.076742
KCRDK,71,100,1,0.190816,0.06251,0.068795
BA,71,100,4,0.169469,0.063253,0.105981
KCRDK,71,100,1,0.289186,0.09418,0.096882
BA,71,100,16,1.48455,0.843568,0.62133
KCRDK,71,100,1,0.283466,0.090567,0.10068
BA,71,100,10,0.69098,0.323654,0.366
KCRDK,71,100,1,0.280773,0.089546,0.099418
BA,81,0,2,0.122,0.030673,0.091118
KCRDK,81,0,1,0.283421,0.092548,0.090835
BA,81,0,2,0.104852,0.025428,0.079277
KCRDK,81,0,1,0.413878,0.124724,0.112512
BA,81,0,2,0.13221,0.034748,0.097272
KCRDK,81,0,1,0.366654,0.10872,0.124432
BA,81,0,9,0.724915,0.313223,0.410431
KCRDK,81,0,1,0.427346,0.115769,0.128801
BA,81,0,3,0.21824,0.071904,0.145902
KCRDK,81,0,1,0.368457,0.107474,0.120548
BA,81,0,11,0.901565,0.421304,0.478899
KCRDK,81,0,1,0.407305,0.110975,0.122922
BA,81,0,6,0.443041,0.175482,0.266909
KCRDK,81,0,1,0.355579,0.11234,0.114748
BA,81,0,16,1.58507,0.851643,0.729974
KCRDK,81,0,1,0.408005,0.111607,0.12095
BA,81,0,4,0.27761,0.072162,0.20497
KCRDK,81,0,2,0.638459,0.181925,0.16911
BA,81,0,3,0.184908,0.038664,0.145983
KCRDK,81,0,2,0.495757,0.145312,0.156013
BA,81,0,4,0.209133,0.076141,0.132644
KCRDK,81,0,2,0.418714,0.127272,0.129996
BA,81,0,4,0.204718,0.070537,0.13383
KCRDK,81,0,2,0.451693,0.14292,0.141587
BA,81,0,7,0.394829,0.16023,0.234004
KCRDK,81,0,1,0.248512,0.076775,0.085579
BA,81,0,5,0.271945,0.105264,0.166287
KCRDK,81,0,1,0.284607,0.086524,0.098527
BA,81,0,6,0.329704,0.12868,0.200484
KCRDK,81,0,1,0.24848,0.075913,0.088526
BA,81,0,4,0.202385,0.069812,0.13231
KCRDK,81,0,2,0.414185,0.124318,0.129667
BA,81,0,10,0.63206,0.300992,0.330149
KCRDK,81,0,1,0.290071,0.087163,0.104525
BA,81,0,10,0.678225,0.307325,0.370068
KCRDK,81,0,1,0.28931,0.086602,0.102622
BA,81,0,9,0.632376,0.279451,0.352027
KCRDK,81,0,1,0.253448,0.076624,0.090277
BA,81,0,16,1.18895,0.645602,0.52508
KCRDK,81,0,1,0.240878,0.068227,0.088508
BA,81,0,3,0.160274,0.045184,0.114802
KCRDK,81,0,1,0.246135,0.077645,0.085419
BA,81,0,10,0.628104,0.292882,0.334385
KCRDK,81,0,1,0.245331,0.076582,0.08529
BA,81,0,12,0.795277,0.398426,0.395793
KCRDK,81,0,1,0.293647,0.091974,0.097389
BA,81,0,2,0.111839,0.029582,0.08216
KCRDK,81,0,1,0.282943,0.083204,0.086257
BA,81,0,13,0.855881,0.410932,0.443878
KCRDK,81,0,1,0.293663,0.090405,0.104676
BA,81,0,11,0.714806,0.346933,0.366943
KCRDK,81,0,1,0.381817,0.11566,0.127813
BA,81,0,7,0.582352,0.23698,0.344382
KCRDK,81,0,1,0.383497,0.116037,0.127122
BA,81,0,4,0.289769,0.100446,0.188741
KCRDK,81,0,2,0.594061,0.169728,0.19102
BA,81,0,2,0.122521,0.027493,0.09484
KCRDK,81,0,1,0.290447,0.087145,0.103511
BA,81,0,9,0.557466,0.227915,0.328819
KCRDK,81,0,1,0.284501,0.079376,0.08767
BA,81,0,12,0.792929,0.397185,0.394725
KCRDK,81,0,1,0.29799,0.081592,0.099817
BA,81,0,3,0.176161,0.056909,0.119025
KCRDK,81,0,2,0.461081,0.129639,0.129396
BA,81,0,12,0.798564,0.384921,0.412516
KCRDK,81,0,1,0.289168,0.086926,0.104455
BA,81,0,3,0.17371,0.051525,0.122027
KCRDK,81,0,1,0.289428,0.086049,0.100879
BA,81,0,18,1.43842,0.83785,0.598903
KCRDK,81,0,1,0.291664,0.087642,0.106276
BA,81,0,3,0.174903,0.034118,0.140586
KCRDK,81,0,1,0.378637,0.110932,0.12666
BA,81,0,17,1.81485,1.00264,0.809547
KCRDK,81,0,1,0.36079,0.108754,0.121402
BA,81,0,8,0.628787,0.263172,0.364521
KCRDK,81,0,1,0.290442,0.077237,0.088689
BA,81,0,3,0.192884,0.057856,0.134664
KCRDK,81,0,1,0.346221,0.110091,0.117729
BA,81,0,4,0.277038,0.096771,0.1798
KCRDK,81,0,2,0.485349,0.142978,0.154979
BA,81,0,3,0.171745,0.054288,0.117236
KCRDK,81,0,1,0.377206,0.118666,0.119746
BA,81,0,6,0.484773,0.167358,0.316696
KCRDK,81,0,1,0.261277,0.0684,0.085986
BA,81,0,3,0.194953,0.064414,0.13014
KCRDK,81,0,2,0.660421,0.185953,0.182367
BA,81,0,4,0.275352,0.093609,0.181271
KCRDK,81,0,3,0.872773,0.253238,0.253128
BA,81,0,18,2.07272,1.17894,0.890968
KCRDK,81,0,1,0.352839,0.114385,0.109815
BA,81,0,4,0.244447,0.069691,0.174369
KCRDK,81,0,2,0.604947,0.176243,0.178796
BA,81,0,2,0.126306,0.035692,0.090483
KCRDK,81,0,1,0.378703,0.114115,0.127198
BA,81,0,15,1.51017,0.794659,0.713331
KCRDK,81,0,1,0.364691,0.110014,0.124338
BA,81,0,3,0.217337,0.067377,0.149622
KCRDK,81,0,2,0.591846,0.173062,0.18878
BA,81,0,4,0.254072,0.091603,0.162012
KCRDK,81,0,2,0.606414,0.183908,0.178963
BA,81,0,2,0.124214,0.013874,0.110107
KCRDK,81,0,1,0.281551,0.077826,0.084309
BA,81,0,4,0.206002,0.073428,0.132315
KCRDK,81,0,2,0.483168,0.139572,0.152939
BA,81,0,3,0.14686,0.050404,0.096233
KCRDK,81,0,1,0.287451,0.086225,0.10138
BA,81,0,12,0.817102,0.403965,0.412194
KCRDK,81,0,1,0.254205,0.076573,0.089908
BA,81,0,3,0.151625,0.03542,0.115987
KCRDK,81,0,1,0.248322,0.081191,0.078434
BA,81,0,6,0.325059,0.125891,0.198722
KCRDK,81,0,2,0.453103,0.133785,0.143025
BA,81,0,9,0.535081,0.241077,0.293276
KCRDK,81,0,1,0.289664,0.087239,0.104341
BA,81,0,2,0.109868,0.027274,0.082419
KCRDK,81,0,1,0.246995,0.075793,0.084505
BA,81,0,2,0.091905,0.024292,0.067526
KCRDK,81,0,1,0.290098,0.080787,0.08501
BA,81,0,7,0.396834,0.148913,0.247391
KCRDK,81,0,1,0.322959,0.088705,0.100839
BA,81,0,3,0.172029,0.035709,0.136156
KCRDK,81,0,1,0.433434,0.130315,0.117844
BA,81,0,9,0.750623,0.320874,0.428474
KCRDK,81,0,1,0.434117,0.130957,0.119586
BA,81,0,8,0.658082,0.271428,0.385573
KCRDK,81,0,1,0.405764,0.113186,0.121064
BA,81,0,11,0.910673,0.404526,0.503468
KCRDK,81,0,1,0.426568,0.114773,0.128277
BA,81,0,18,1.91965,1.05165,0.843781
KCRDK,81,0,1,0.405617,0.113785,0.122514
BA,81,0,2,0.128327,0.031135,0.097026
KCRDK,81,0,1,0.432007,0.120774,0.126087
BA,81,0,3,0.208523,0.067584,0.140551
KCRDK,81,0,1,0.332991,0.089112,0.103475
BA,81,0,2,0.109887,0.028731,0.081033
KCRDK,81,0,1,0.402651,0.113539,0.103411
BA,81,0,16,1.61907,0.888488,0.728299
KCRDK,81,0,1,0.397668,0.112248,0.11637
BA,81,0,5,0.36382,0.135369,0.227921
KCRDK,81,0,6,1.65567,0.470293,0.450008
BA,81,0,11,0.939243,0.435182,0.502392
KCRDK,81,0,1,0.351792,0.109259,0.12718
BA,81,0,2,0.104366,0.025137,0.079085
KCRDK,81,0,1,0.408545,0.127622,0.106791
BA,81,0,10,0.865517,0.394432,0.469778
KCRDK,81,0,1,0.409233,0.11183,0.12074
BA,81,0,3,0.198879,0.062572,0.135938
KCRDK,81,0,1,0.407894,0.114014,0.12032
BA,81,0,25,18.7501,17.5287,1.19571
KCRDK,81,0,1,0.406791,0.110679,0.120085
BA,81,0,3,0.202113,0.066368,0.135367
KCRDK,81,0,1,0.42437,0.115662,0.123788
BA,81,0,13,1.19694,0.590128,0.604809
KCRDK,81,0,1,0.328489,0.093397,0.111785
BA,81,0,17,1.69626,0.963094,0.730741
KCRDK,81,0,1,0.410934,0.119948,0.117499
BA,81,0,2,0.120576,0.034285,0.086129
KCRDK,81,0,1,0.4256,0.117993,0.124363
BA,81,0,8,0.637637,0.264167,0.372369
KCRDK,81,0,2,0.445386,0.124202,0.12702
BA,81,0,3,0.147328,0.04758,0.099564
KCRDK,81,0,2,0.651117,0.18704,0.196699
BA,81,0,2,0.133343,0.038364,0.094851
KCRDK,81,0,1,0.290103,0.085762,0.102987
BA,81,0,2,0.128483,0.027798,0.100545
KCRDK,81,0,1,0.190825,0.054721,0.075837
BA,81,0,2,0.092842,0.02728,0.065502
KCRDK,81,0,1,0.28669,0.081216,0.084833
BA,81,0,17,1.33588,0.754563,0.563462
KCRDK,81,0,1,0.249114,0.077394,0.088421
BA,81,0,12,0.801159,0.40586,0.394126
KCRDK,81,0,1,0.285602,0.080528,0.085827
BA,81,0,3,0.150076,0.033272,0.116544
KCRDK,81,0,2,0.462791,0.126973,0.132368
BA,81,0,6,0.326726,0.115071,0.211214
KCRDK,81,0,4,0.757961,0.221645,0.233544
BA,81,0,5,0.271982,0.106126,0.165465
KCRDK,81,0,2,0.423584,0.125204,0.131548
BA,81,0,15,1.14351,0.648101,0.493938
KCRDK,81,0,1,0.259442,0.0807,0.086275
BA,81,0,17,1.30204,0.74455,0.555904
KCRDK,81,0,1,0.254315,0.076615,0.090423
BA,81,0,14,0.999127,0.537765,0.460168
KCRDK,81,0,1,0.285816,0.077497,0.087414
BA,81,0,9,0.536671,0.238814,0.297094
KCRDK,81,0,1,0.248647,0.076519,0.085607
BA,81,0,8,0.474846,0.208704,0.265388
KCRDK,81,0,1,0.252959,0.077653,0.0891
BA,81,0,6,0.313254,0.125003,0.187841
KCRDK,81,0,1,0.402087,0.10927,0.123902
BA,81,0,3,0.21536,0.0665,0.148552
KCRDK,81,0,2,0.660323,0.186539,0.180284
BA,81,0,16,1.58935,0.863305,0.723568
KCRDK,81,0,1,0.354503,0.107758,0.120049
BA,81,0,4,0.279858,0.098032,0.181163
KCRDK,81,0,2,0.534514,0.145966,0.147528
BA,81,0,3,0.20118,0.060001,0.14086
KCRDK,81,0,1,0.37169,0.112499,0.129043
BA,81,0,13,1.2055,0.601327,0.602064
KCRDK,81,0,1,0.351634,0.106664,0.117522
BA,81,20,3,0.20074,0.062912,0.137538
KCRDK,81,20,1,0.358094,0.107642,0.120039
BA,81,20,3,0.204601,0.06761,0.136631
KCRDK,81,20,1,0.281668,0.089446,0.089328
BA,81,20,9,0.719985,0.314327,0.404452
KCRDK,81,20,1,0.35271,0.112119,0.111259
BA,81,20,5,0.365936,0.134892,0.230455
KCRDK,81,20,2,0.656362,0.189587,0.175086
BA,81,20,10,0.829385,0.375787,0.452011
KCRDK,81,20,2,0.603038,0.176956,0.182619
BA,81,20,16,1.53162,0.845038,0.684402
KCRDK,81,20,1,0.365383,0.102745,0.107569
BA,81,20,10,0.82875,0.362846,0.46441
KCRDK,81,20,1,0.390011,0.110436,0.118836
BA,81,20,2,0.121774,0.010227,0.1114
KCRDK,81,20,1,0.352808,0.107393,0.11636
BA,81,20,7,0.531294,0.214606,0.31569
KCRDK,81,20,1,0.373653,0.109185,0.133751
BA,81,20,9,0.644966,0.26306,0.380801
KCRDK,81,20,2,0.528881,0.148592,0.148869
BA,81,20,3,0.148869,0.050274,0.098402
KCRDK,81,20,2,0.692822,0.190463,0.194149
BA,81,20,13,1.1803,0.588679,0.589719
KCRDK,81,20,1,0.357648,0.109312,0.121635
BA,81,20,3,0.200881,0.066154,0.134357
KCRDK,81,20,1,0.329165,0.105638,0.106286
BA,81,20,3,0.190153,0.067717,0.122163
KCRDK,81,20,1,0.358829,0.117087,0.114887
BA,81,20,2,0.126619,0.032758,0.093655
KCRDK,81,20,1,0.400324,0.116905,0.119862
BA,81,20,6,0.443531,0.17124,0.271439
KCRDK,81,20,2,0.691651,0.191369,0.193447
BA,81,20,2,0.124935,0.033624,0.091094
KCRDK,81,20,1,0.325415,0.095674,0.110768
BA,81,20,14,1.24537,0.656763,0.586567
KCRDK,81,20,1,0.406621,0.111335,0.122064
BA,81,20,11,0.9379,0.433817,0.502683
KCRDK,81,20,1,0.405638,0.110421,0.120437
BA,81,20,2,0.128104,0.036531,0.091324
KCRDK,81,20,1,0.330223,0.089825,0.100874
BA,81,20,7,0.409019,0.171577,0.236876
KCRDK,81,20,1,0.287114,0.078946,0.088799
BA,81,20,4,0.206944,0.072224,0.134441
KCRDK,81,20,2,0.691302,0.189594,0.193916
BA,81,20,3,0.205567,0.040726,0.164543
KCRDK,81,20,1,0.429142,0.11493,0.130759
BA,81,20,12,1.05982,0.501644,0.556305
KCRDK,81,20,1,0.406209,0.10878,0.123267
BA,81,20,7,0.443274,0.178843,0.263683
KCRDK,81,20,1,0.394939,0.105817,0.111387
BA,81,20,7,0.529106,0.215615,0.312602
KCRDK,81,20,1,0.344104,0.10333,0.11598
BA,81,20,7,0.537182,0.21899,0.317022
KCRDK,81,20,1,0.404723,0.113476,0.118589
BA,81,20,6,0.441367,0.127343,0.313163
KCRDK,81,20,1,0.40391,0.107767,0.119703
BA,81,20,3,0.203097,0.067043,0.135707
KCRDK,81,20,2,0.648526,0.180106,0.188777
BA,81,20,5,0.360016,0.132664,0.22684
KCRDK,81,20,2,0.482545,0.14043,0.155811
BA,81,20,2,0.1209,0.02689,0.09391
KCRDK,81,20,1,0.277964,0.078611,0.08299
BA,81,20,4,0.202613,0.072315,0.130075
KCRDK,81,20,1,0.384291,0.107535,0.1145
BA,81,20,2,0.156514,0.036241,0.120031
KCRDK,81,20,1,0.404341,0.107516,0.117513
BA,81,20,3,0.200142,0.064319,0.135434
KCRDK,81,20,1,0.330177,0.088342,0.103731
BA,81,20,2,0.109757,0.028445,0.081148
KCRDK,81,20,1,0.333064,0.089333,0.103204
BA,81,20,5,0.234049,0.085857,0.147902
KCRDK,81,20,4,1.21211,0.344624,0.325135
BA,81,20,12,1.048,0.496513,0.549727
KCRDK,81,20,1,0.353067,0.106133,0.120203
BA,81,20,11,0.936001,0.434478,0.49984
KCRDK,81,20,1,0.403844,0.111966,0.119869
BA,81,20,2,0.083612,0.015835,0.067686
KCRDK,81,20,1,0.342784,0.087915,0.101282
BA,81,20,12,1.03721,0.438096,0.597399
KCRDK,81,20,1,0.397149,0.109151,0.111712
BA,81,20,5,0.361785,0.126838,0.234395
KCRDK,81,20,2,0.524211,0.147002,0.173659
BA,81,20,3,0.173109,0.054754,0.118134
KCRDK,81,20,1,0.372902,0.11385,0.123794
BA,81,20,3,0.216481,0.070491,0.145617
KCRDK,81,20,1,0.376763,0.101612,0.112698
BA,81,20,13,1.09538,0.53271,0.560832
KCRDK,81,20,1,0.389076,0.121692,0.09829
BA,81,20,3,0.203163,0.064946,0.137861
KCRDK,81,20,1,0.422645,0.12461,0.114578
BA,81,20,2,0.156212,0.036346,0.11966
KCRDK,81,20,1,0.396612,0.109142,0.113815
BA,81,20,10,0.812052,0.355857,0.454804
KCRDK,81,20,1,0.321478,0.075799,0.085306
BA,81,20,10,0.835264,0.3784,0.455524
KCRDK,81,20,1,0.408937,0.112855,0.125739
BA,81,20,15,1.44458,0.757712,0.684837
KCRDK,81,20,1,0.359141,0.112498,0.120016
BA,81,20,4,0.280818,0.09808,0.182127
KCRDK,81,20,2,0.656205,0.189915,0.175278
BA,81,20,16,1.57874,0.854124,0.722132
KCRDK,81,20,1,0.363544,0.123214,0.110803
BA,81,20,12,0.978802,0.481024,0.496227
KCRDK,81,20,1,0.404297,0.111025,0.124208
BA,81,20,10,0.821552,0.366672,0.453576
KCRDK,81,20,1,0.400155,0.118402,0.109935
BA,81,20,5,0.356545,0.132579,0.223225
KCRDK,81,20,2,0.69598,0.190722,0.196313
BA,81,20,5,0.367192,0.136505,0.230038
KCRDK,81,20,2,0.569279,0.173384,0.163298
BA,81,20,3,0.199196,0.063431,0.135416
KCRDK,81,20,1,0.360878,0.108377,0.121662
BA,81,20,9,0.730905,0.297726,0.431929
KCRDK,81,20,4,0.966248,0.276335,0.30244
BA,81,20,12,1.02366,0.508644,0.513396
KCRDK,81,20,1,0.347967,0.103464,0.123899
BA,81,20,2,0.12193,0.007744,0.114041
KCRDK,81,20,1,0.399613,0.111464,0.117271
BA,81,20,3,0.20214,0.040869,0.160926
KCRDK,81,20,2,0.659698,0.182247,0.183048
BA,81,20,4,0.276396,0.074214,0.201644
KCRDK,81,20,2,0.585851,0.181055,0.164327
BA,81,20,4,0.270324,0.09147,0.178489
KCRDK,81,20,2,0.580315,0.169856,0.185698
BA,81,20,18,1.49852,0.890676,0.606091
KCRDK,81,20,1,0.247159,0.075793,0.087132
BA,81,20,2,0.088725,0.02254,0.066056
KCRDK,81,20,1,0.323228,0.08831,0.100415
BA,81,20,13,0.832231,0.419544,0.411653
KCRDK,81,20,1,0.244677,0.073947,0.086146
BA,81,20,3,0.145083,0.043341,0.101524
KCRDK,81,20,1,0.252497,0.075426,0.089701
BA,81,20,11,0.703678,0.326419,0.359851
KCRDK,81,20,1,0.35023,0.088736,0.124917
BA,81,20,2,0.109583,0.02908,0.080372
KCRDK,81,20,1,0.282815,0.077696,0.087343
BA,81,20,11,0.657908,0.300806,0.356254
KCRDK,81,20,1,0.321214,0.09156,0.095919
BA,81,20,9,0.652152,0.294603,0.356745
KCRDK,81,20,1,0.431572,0.117491,0.133934
BA,81,20,2,0.132065,0.03275,0.099145
KCRDK,81,20,1,0.322676,0.087576,0.099929
BA,81,20,4,0.251827,0.08942,0.162052
KCRDK,81,20,2,0.637539,0.186962,0.192559
BA,81,20,10,0.88112,0.401304,0.47823
KCRDK,81,20,1,0.285572,0.08903,0.097597
BA,81,20,3,0.173528,0.052362,0.120931
KCRDK,81,20,1,0.412006,0.118295,0.114744
BA,81,20,4,0.300143,0.099781,0.199788
KCRDK,81,20,1,0.351944,0.106725,0.117818
BA,81,20,16,1.59262,0.866887,0.723288
KCRDK,81,20,1,0.407252,0.111516,0.121634
BA,81,20,10,0.828475,0.377696,0.449167
KCRDK,81,20,4,1.16327,0.340111,0.303461
BA,81,20,4,0.284336,0.097319,0.186517
KCRDK,81,20,2,0.641105,0.184801,0.194756
BA,81,20,3,0.20377,0.066548,0.136887
KCRDK,81,20,1,0.397741,0.10983,0.114668
BA,81,20,5,0.358802,0.133676,0.224475
KCRDK,81,20,2,0.608483,0.177951,0.170459
BA,81,20,18,1.93549,1.08317,0.849605
KCRDK,81,20,1,0.357814,0.106862,0.122921
BA,81,20,7,0.529451,0.213691,0.314788
KCRDK,81,20,8,2.1127,0.595104,0.565551
BA,81,20,18,1.93132,1.08197,0.84664
KCRDK,81,20,1,0.34968,0.108854,0.120889
BA,81,20,2,0.121412,0.029515,0.091702
KCRDK,81,20,1,0.330091,0.09974,0.113318
BA,81,20,12,0.809306,0.406662,0.401611
KCRDK,81,20,1,0.330949,0.09318,0.100633
BA,81,20,7,0.455111,0.181677,0.272867
KCRDK,81,20,2,0.463966,0.131505,0.135985
BA,81,20,4,0.207152,0.07423,0.132591
KCRDK,81,20,2,0.691096,0.190276,0.195013
BA,81,20,10,0.860696,0.384928,0.474173
KCRDK,81,20,1,0.29229,0.087083,0.102731
BA,81,20,2,0.109079,0.027362,0.081545
KCRDK,81,20,1,0.349187,0.105746,0.119162
BA,81,20,3,0.237553,0.066525,0.17068
KCRDK,81,20,2,0.674642,0.193417,0.185519
BA,81,20,15,1.41238,0.728664,0.681372
KCRDK,81,20,1,0.35274,0.108358,0.116471
BA,81,20,12,1.03849,0.495531,0.54116
KCRDK,81,20,1,0.335061,0.104563,0.105391
BA,81,20,4,0.28796,0.098202,0.189359
KCRDK,81,20,2,0.649388,0.200147,0.19992
BA,81,20,12,1.06781,0.524104,0.541999
KCRDK,81,20,1,0.355454,0.111399,0.118831
BA,81,20,2,0.123059,0.032071,0.090816
KCRDK,81,20,1,0.425985,0.12737,0.114645
BA,81,20,2,0.133745,0.035438,0.098067
KCRDK,81,20,1,0.324246,0.099366,0.098914
BA,81,20,3,0.138516,0.039811,0.098467
KCRDK,81,20,2,0.621728,0.178911,0.176581
BA,81,20,17,1.30432,0.731335,0.571441
KCRDK,81,20,1,0.248736,0.076622,0.088096
BA,81,20,10,0.614221,0.26782,0.345537
KCRDK,81,20,1,0.427478,0.117243,0.127868
BA,81,20,2,0.13382,0.035333,0.098306
KCRDK,81,20,1,0.357806,0.108323,0.120576
BA,81,40,3,0.204665,0.063681,0.140615
KCRDK,81,40,1,0.302216,0.082743,0.0913
BA,81,40,4,0.204256,0.071426,0.132578
KCRDK,81,40,2,0.698162,0.195456,0.193172
BA,81,40,14,1.29953,0.662382,0.635042
KCRDK,81,40,1,0.351668,0.115711,0.110284
BA,81,40,3,0.19574,0.061358,0.134004
KCRDK,81,40,2,0.478856,0.149123,0.159541
BA,81,40,7,0.530528,0.218775,0.310837
KCRDK,81,40,1,0.352348,0.107799,0.119708
BA,81,40,3,0.200511,0.058692,0.141412
KCRDK,81,40,1,0.389782,0.110449,0.151505
BA,81,40,16,1.65997,0.895093,0.7623
KCRDK,81,40,1,0.358637,0.11049,0.120802
BA,81,40,5,0.360759,0.129237,0.230918
KCRDK,81,40,3,0.888282,0.265697,0.267892
BA,81,40,14,1.30877,0.679714,0.627028
KCRDK,81,40,1,0.354571,0.11017,0.118727
BA,81,40,10,0.828639,0.372745,0.454532
KCRDK,81,40,1,0.350771,0.106227,0.118604
BA,81,40,3,0.19389,0.038237,0.155401
KCRDK,81,40,1,0.353275,0.106487,0.119707
BA,81,40,2,0.121695,0.0323,0.089202
KCRDK,81,40,1,0.345203,0.103659,0.113911
BA,81,40,14,1.26477,0.65248,0.610336
KCRDK,81,40,1,0.405276,0.113946,0.120204
BA,81,40,2,0.130375,0.038212,0.091989
KCRDK,81,40,1,0.398567,0.116766,0.106401
BA,81,40,3,0.201079,0.043794,0.156975
KCRDK,81,40,2,0.694118,0.191531,0.194412
BA,81,40,7,0.447988,0.180435,0.266837
KCRDK,81,40,1,0.37184,0.105643,0.138351
BA,81,40,4,0.280981,0.103675,0.176858
KCRDK,81,40,2,0.602008,0.181658,0.175055
BA,81,40,15,1.38508,0.701021,0.681856
KCRDK,81,40,1,0.3565,0.108781,0.11903
BA,81,40,3,0.197763,0.060938,0.136458
KCRDK,81,40,1,0.364985,0.101144,0.085868
BA,81,40,15,1.41158,0.759308,0.650029
KCRDK,81,40,1,0.403444,0.107873,0.119458
BA,81,40,13,1.21162,0.607264,0.602493
KCRDK,81,40,1,0.407332,0.110931,0.12419
BA,81,40,18,1.87885,1.05552,0.820562
KCRDK,81,40,1,0.404585,0.109285,0.124658
BA,81,40,4,0.280204,0.099714,0.179867
KCRDK,81,40,1,0.311292,0.09427,0.115774
BA,81,40,20,2.26347,1.33555,0.924545
KCRDK,81,40,1,0.425033,0.11444,0.130755
BA,81,40,12,1.03845,0.480181,0.556524
KCRDK,81,40,1,0.405098,0.109446,0.120932
BA,81,40,5,0.365096,0.138106,0.22631
KCRDK,81,40,2,0.505429,0.137256,0.145264
BA,81,40,11,0.912398,0.436104,0.474914
KCRDK,81,40,1,0.358109,0.113083,0.118206
BA,81,40,4,0.275379,0.07375,0.20108
KCRDK,81,40,2,0.526118,0.150559,0.148505
BA,81,40,4,0.242104,0.082296,0.159456
KCRDK,81,40,2,0.416107,0.123037,0.131039
BA,81,40,2,0.092969,0.02658,0.066292
KCRDK,81,40,1,0.281558,0.081439,0.102455
BA,81,40,2,0.096178,0.025676,0.070396
KCRDK,81,40,1,0.425314,0.115935,0.131491
BA,81,40,3,0.215057,0.064371,0.150316
KCRDK,81,40,1,0.289678,0.089879,0.09872
BA,81,40,3,0.174321,0.034662,0.139493
KCRDK,81,40,2,0.685303,0.193505,0.18648
BA,81,40,3,0.210836,0.070167,0.140312
KCRDK,81,40,2,0.568365,0.16929,0.185004
BA,81,40,9,0.693627,0.29444,0.39788
KCRDK,81,40,1,0.360507,0.109467,0.123871
BA,81,40,3,0.197906,0.060863,0.13672
KCRDK,81,40,2,0.654005,0.192677,0.172229
BA,81,40,2,0.146155,0.03318,0.112764
KCRDK,81,40,1,0.351261,0.107605,0.114548
BA,81,40,15,1.37416,0.720665,0.65137
KCRDK,81,40,1,0.401594,0.109008,0.12815
BA,81,40,2,0.125772,0.031893,0.093689
KCRDK,81,40,1,0.400317,0.112354,0.118221
BA,81,40,2,0.123019,0.031504,0.09123
KCRDK,81,40,1,0.402667,0.109132,0.118678
BA,81,40,7,0.536956,0.216472,0.319547
KCRDK,81,40,1,0.403734,0.109654,0.121598
BA,81,40,5,0.351934,0.139935,0.211344
KCRDK,81,40,4,1.15034,0.314422,0.307979
BA,81,40,2,0.125425,0.032175,0.093096
KCRDK,81,40,1,0.33507,0.089149,0.103095
BA,81,40,11,0.711206,0.346256,0.363904
KCRDK,81,40,1,0.335152,0.092995,0.103117
BA,81,40,2,0.07112,0.01575,0.055227
KCRDK,81,40,1,0.288595,0.08575,0.101083
BA,81,40,12,0.789561,0.390322,0.398153
KCRDK,81,40,1,0.288386,0.076828,0.089482
BA,81,40,4,0.206289,0.072848,0.133128
KCRDK,81,40,2,0.52599,0.143555,0.157177
BA,81,40,8,0.470953,0.206496,0.263871
KCRDK,81,40,1,0.369877,0.122237,0.111795
BA,81,40,4,0.29194,0.099987,0.191546
KCRDK,81,40,2,0.649239,0.179946,0.181689
BA,81,40,11,0.958561,0.42785,0.52915
KCRDK,81,40,1,0.35615,0.107794,0.120321
BA,81,40,3,0.203471,0.067625,0.135445
KCRDK,81,40,2,0.660179,0.193445,0.173157
BA,81,40,8,0.593155,0.237024,0.355073
KCRDK,81,40,2,0.579342,0.1916,0.153998
BA,81,40,14,1.29043,0.660431,0.628077
KCRDK,81,40,1,0.352953,0.110035,0.115605
BA,81,40,14,1.30848,0.676295,0.630031
KCRDK,81,40,1,0.399598,0.115786,0.109478
BA,81,40,4,0.284677,0.103098,0.181062
KCRDK,81,40,2,0.635537,0.180259,0.17264
BA,81,40,3,0.224635,0.067899,0.156438
KCRDK,81,40,1,0.351218,0.108067,0.11537
BA,81,40,17,1.73897,0.972724,0.76347
KCRDK,81,40,1,0.405883,0.111661,0.119341
BA,81,40,2,0.122267,0.008247,0.113862
KCRDK,81,40,1,0.39689,0.1104,0.112443
BA,81,40,8,0.49848,0.198311,0.299328
KCRDK,81,40,1,0.370334,0.105688,0.142664
BA,81,40,12,1.02457,0.483592,0.53943
KCRDK,81,40,1,0.410961,0.122695,0.116037
BA,81,40,5,0.356739,0.131535,0.224571
KCRDK,81,40,1,0.352685,0.109308,0.116934
BA,81,40,2,0.123434,0.034511,0.088684
KCRDK,81,40,1,0.403328,0.109273,0.118132
BA,81,40,3,0.150078,0.045801,0.104085
KCRDK,81,40,1,0.319154,0.086873,0.098165
BA,81,40,12,0.900276,0.43885,0.460295
KCRDK,81,40,1,0.336209,0.090687,0.104873
BA,81,40,19,1.75175,1.04765,0.702202
KCRDK,81,40,1,0.430145,0.116791,0.129534
BA,81,40,3,0.214675,0.066735,0.147576
KCRDK,81,40,2,0.502493,0.142089,0.138044
BA,81,40,16,1.57352,0.867449,0.703982
KCRDK,81,40,1,0.354921,0.103802,0.125322
BA,81,40,3,0.194222,0.059468,0.134385
KCRDK,81,40,1,0.402333,0.109062,0.117472
BA,81,40,2,0.123931,0.031719,0.092024
KCRDK,81,40,1,0.42559,0.115636,0.140031
BA,81,40,3,0.218047,0.071264,0.146399
KCRDK,81,40,1,0.261679,0.06926,0.087932
BA,81,40,5,0.357356,0.129866,0.226872
KCRDK,81,40,2,0.664216,0.174487,0.207044
BA,81,40,5,0.374922,0.140702,0.233557
KCRDK,81,40,1,0.350544,0.106363,0.116843
BA,81,40,5,0.354641,0.128275,0.22568
KCRDK,81,40,3,0.906064,0.258503,0.240315
BA,81,40,14,1.24923,0.638313,0.608877
KCRDK,81,40,1,0.33484,0.103368,0.115303
BA,81,40,12,1.0235,0.486003,0.53599
KCRDK,81,40,1,0.421475,0.117468,0.125585
BA,81,40,13,1.23621,0.61009,0.624165
KCRDK,81,40,1,0.399896,0.109344,0.116982
BA,81,40,17,1.73095,0.956163,0.772207
KCRDK,81,40,1,0.407803,0.108287,0.124609
BA,81,40,12,0.939562,0.448768,0.489331
KCRDK,81,40,1,0.377164,0.103964,0.115716
BA,81,40,11,0.935634,0.431609,0.502624
KCRDK,81,40,1,0.408426,0.112331,0.119251
BA,81,40,5,0.358251,0.131417,0.226209
KCRDK,81,40,1,0.431157,0.115867,0.131657
BA,81,40,10,0.851111,0.379295,0.470318
KCRDK,81,40,1,0.406737,0.107759,0.124679
BA,81,40,2,0.115968,0.032861,0.082811
KCRDK,81,40,1,0.404654,0.113937,0.120238
BA,81,40,3,0.201202,0.069303,0.13164
KCRDK,81,40,1,0.40191,0.108813,0.115941
BA,81,40,15,1.44698,0.766669,0.678048
KCRDK,81,40,1,0.404453,0.110393,0.119921
BA,81,40,11,0.927651,0.427381,0.498666
KCRDK,81,40,1,0.406552,0.11028,0.12253
BA,81,40,3,0.14876,0.047357,0.101187
KCRDK,81,40,2,0.61828,0.17648,0.172367
BA,81,40,5,0.358544,0.131935,0.226078
KCRDK,81,40,1,0.395928,0.118029,0.106641
BA,81,40,2,0.121619,0.032647,0.088758
KCRDK,81,40,1,0.425537,0.115687,0.125839
BA,81,40,14,1.32693,0.660049,0.664619
KCRDK,81,40,1,0.399895,0.107879,0.118397
BA,81,40,6,0.34942,0.120569,0.228315
KCRDK,81,40,7,1.34061,0.393311,0.347884
BA,81,40,4,0.204253,0.055561,0.148335
KCRDK,81,40,3,0.918698,0.258666,0.276952
BA,81,40,4,0.281664,0.096473,0.184714
KCRDK,81,40,2,0.595643,0.177345,0.180161
BA,81,40,12,1.04387,0.48535,0.556913
KCRDK,81,40,1,0.288812,0.087971,0.103777
BA,81,40,13,1.00075,0.503119,0.496173
KCRDK,81,40,1,0.28174,0.077816,0.085164
BA,81,40,18,1.49755,0.906817,0.588965
KCRDK,81,40,1,0.427513,0.115188,0.130454
BA,81,40,19,2.06939,1.23534,0.831346
KCRDK,81,40,1,0.422925,0.115636,0.128858
BA,81,40,6,0.477112,0.188297,0.288002
KCRDK,81,40,1,0.39654,0.108972,0.113768
BA,81,40,14,1.31847,0.686719,0.629749
KCRDK,81,40,1,0.39682,0.111967,0.113909
BA,81,40,18,1.9106,1.09098,0.816765
KCRDK,81,40,1,0.373275,0.108518,0.109866
BA,81,40,12,1.16536,0.553532,0.610064
KCRDK,81,40,1,0.402829,0.10908,0.116051
BA,81,60,2,0.121341,0.030206,0.090977
KCRDK,81,60,1,0.403218,0.110931,0.11925
BA,81,60,23,7.50659,6.46137,1.04157
KCRDK,81,60,1,0.39865,0.111246,0.124905
BA,81,60,16,1.55201,0.808309,0.741374
KCRDK,81,60,1,0.405996,0.110011,0.122466
BA,81,60,3,0.198956,0.042399,0.156264
KCRDK,81,60,1,0.405892,0.112021,0.120422
BA,81,60,11,0.853805,0.394277,0.458196
KCRDK,81,60,1,0.351338,0.091872,0.103464
BA,81,60,2,0.125394,0.030966,0.094228
KCRDK,81,60,1,0.34159,0.101008,0.113334
BA,81,60,6,0.447534,0.177522,0.269195
KCRDK,81,60,5,1.44032,0.404328,0.376328
BA,81,60,2,0.12476,0.033073,0.091438
KCRDK,81,60,1,0.357618,0.09842,0.136692
BA,81,60,3,0.18973,0.065596,0.123761
KCRDK,81,60,2,0.649132,0.176576,0.1804
BA,81,60,15,1.39909,0.715671,0.681183
KCRDK,81,60,1,0.400034,0.11291,0.116418
BA,81,60,11,0.911408,0.408407,0.501509
KCRDK,81,60,1,0.350797,0.108506,0.115792
BA,81,60,4,0.26143,0.093776,0.167213
KCRDK,81,60,2,0.486301,0.14366,0.154836
BA,81,60,3,0.148435,0.04403,0.104165
KCRDK,81,60,1,0.247688,0.076035,0.085041
BA,81,60,2,0.093889,0.02706,0.066756
KCRDK,81,60,1,0.250683,0.075611,0.087185
BA,81,60,3,0.148648,0.049762,0.098681
KCRDK,81,60,1,0.273442,0.077535,0.082876
BA,81,60,6,0.334531,0.135191,0.198928
KCRDK,81,60,1,0.325444,0.095802,0.093466
BA,81,60,4,0.240661,0.085035,0.155349
KCRDK,81,60,2,0.455181,0.128574,0.129176
BA,81,60,2,0.094081,0.028502,0.065455
KCRDK,81,60,1,0.287583,0.08121,0.08618
BA,81,60,2,0.090924,0.023637,0.06717
KCRDK,81,60,1,0.421338,0.113602,0.12415
BA,81,60,14,1.45438,0.785177,0.667234
KCRDK,81,60,1,0.35881,0.108382,0.120692
BA,81,60,8,0.626688,0.269626,0.355886
KCRDK,81,60,2,0.652387,0.183115,0.183505
BA,81,60,12,1.0415,0.496165,0.543539
KCRDK,81,60,1,0.343983,0.111742,0.119219
BA,81,60,9,0.688804,0.281872,0.38385
KCRDK,81,60,1,0.401855,0.111536,0.124396
BA,81,60,7,0.545453,0.22208,0.322503
KCRDK,81,60,1,0.40139,0.11145,0.119119
BA,81,60,3,0.198883,0.061862,0.136689
KCRDK,81,60,2,0.525352,0.150548,0.148281
BA,81,60,3,0.147195,0.04811,0.09885
KCRDK,81,60,2,0.423873,0.126793,0.132141
BA,81,60,11,0.721052,0.35577,0.364266
KCRDK,81,60,1,0.24988,0.077115,0.089965
BA,81,60,10,0.620526,0.27411,0.345551
KCRDK,81,60,1,0.289178,0.079468,0.089472
BA,81,60,2,0.089069,0.022819,0.066152
KCRDK,81,60,1,0.23809,0.076034,0.080956
BA,81,60,10,0.618502,0.269918,0.34774
KCRDK,81,60,1,0.288325,0.085264,0.102679
BA,81,60,3,0.176761,0.05482,0.121707
KCRDK,81,60,2,0.422273,0.127765,0.131992
BA,81,60,3,0.144068,0.04493,0.098876
KCRDK,81,60,1,0.285531,0.089925,0.094447
BA,81,60,4,0.178726,0.057473,0.121031
KCRDK,81,60,2,0.517476,0.144166,0.149901
BA,81,60,11,0.718618,0.336648,0.380984
KCRDK,81,60,1,0.286558,0.089407,0.09776
BA,81,60,4,0.249446,0.084946,0.164131
KCRDK,81,60,2,0.453048,0.128693,0.124311
BA,81,60,21,8.64101,7.68637,0.952216
KCRDK,81,60,1,0.245797,0.080573,0.080159
BA,81,60,17,1.35674,0.797348,0.557676
KCRDK,81,60,1,0.281415,0.077228,0.084316
BA,81,60,2,0.091361,0.025096,0.066143
KCRDK,81,60,1,0.276425,0.077099,0.086316
BA,81,60,2,0.091651,0.026092,0.065477
KCRDK,81,60,1,0.24914,0.077156,0.088091
BA,81,60,3,0.152489,0.051363,0.100941
KCRDK,81,60,2,0.456346,0.124138,0.131101
BA,81,60,7,0.400521,0.169951,0.230027
KCRDK,81,60,3,0.615209,0.181539,0.170775
BA,81,60,3,0.151027,0.05099,0.099851
KCRDK,81,60,2,0.417099,0.123844,0.131516
BA,81,60,11,0.698976,0.338743,0.359241
KCRDK,81,60,1,0.246252,0.075249,0.087841
BA,81,60,4,0.205162,0.072508,0.132401
KCRDK,81,60,2,0.444173,0.121939,0.124029
BA,81,60,13,1.35388,0.711376,0.641184
KCRDK,81,60,1,0.248487,0.078163,0.087816
BA,81,60,4,0.20482,0.072284,0.132205
KCRDK,81,60,2,0.6396,0.188433,0.19498
BA,81,60,14,1.32423,0.667576,0.654454
KCRDK,81,60,1,0.399061,0.111318,0.120407
BA,81,60,14,1.29034,0.654569,0.633726
KCRDK,81,60,1,0.328233,0.106139,0.10542
BA,81,60,8,0.571846,0.24737,0.323422
KCRDK,81,60,1,0.354052,0.104402,0.128377
BA,81,60,3,0.208789,0.066581,0.141832
KCRDK,81,60,1,0.375437,0.114349,0.124684
BA,81,60,16,1.5821,0.832321,0.74742
KCRDK,81,60,1,0.353144,0.107553,0.119862
BA,81,60,6,0.454865,0.179789,0.274305
KCRDK,81,60,1,0.399895,0.113806,0.11297
BA,81,60,4,0.295005,0.103718,0.190855
KCRDK,81,60,2,0.639332,0.187598,0.19265
BA,81,60,11,0.93806,0.439703,0.496551
KCRDK,81,60,1,0.399787,0.111274,0.115646
BA,81,60,4,0.280029,0.097871,0.181723
KCRDK,81,60,3,0.694251,0.196132,0.207289
BA,81,60,20,5.3603,4.49918,0.858304
KCRDK,81,60,1,0.289573,0.095597,0.095857
BA,81,60,2,0.107939,0.026807,0.081013
KCRDK,81,60,1,0.24584,0.074788,0.083581
BA,81,60,13,0.864931,0.446763,0.416975
KCRDK,81,60,1,0.24439,0.075459,0.0866
BA,81,60,12,0.785362,0.389061,0.395184
KCRDK,81,60,1,0.286416,0.077247,0.088342
BA,81,60,16,1.20183,0.659236,0.541131
KCRDK,81,60,1,0.243711,0.075958,0.084032
BA,81,60,13,0.881152,0.451823,0.42822
KCRDK,81,60,1,0.346062,0.089795,0.118206
BA,81,60,3,0.176182,0.054195,0.121716
KCRDK,81,60,1,0.243012,0.075183,0.086539
BA,81,60,7,0.400585,0.170988,0.229098
KCRDK,81,60,1,0.29375,0.080383,0.091538
BA,81,60,17,1.31601,0.756402,0.557934
KCRDK,81,60,1,0.377603,0.111659,0.132282
BA,81,60,12,1.12898,0.541104,0.585995
KCRDK,81,60,1,0.377769,0.111625,0.130168
BA,81,60,3,0.214361,0.044392,0.169676
KCRDK,81,60,2,0.614423,0.181319,0.193001
BA,81,60,10,0.820704,0.357327,0.461897
KCRDK,81,60,1,0.350606,0.104606,0.118915
BA,81,60,15,1.4165,0.739068,0.675067
KCRDK,81,60,1,0.355869,0.110379,0.120142
BA,81,60,2,0.122471,0.031364,0.090944
KCRDK,81,60,1,0.351876,0.10959,0.116999
BA,81,60,9,0.603628,0.272406,0.330271
KCRDK,81,60,1,0.291479,0.086161,0.105806
BA,81,60,2,0.107485,0.007813,0.099555
KCRDK,81,60,1,0.293009,0.086264,0.107923
BA,81,60,2,0.099084,0.02549,0.073458
KCRDK,81,60,1,0.246826,0.076375,0.084857
BA,81,60,4,0.20195,0.054403,0.147222
KCRDK,81,60,2,0.460301,0.131259,0.145744
BA,81,60,12,0.782945,0.397621,0.384234
KCRDK,81,60,1,0.249933,0.078637,0.086726
BA,81,60,17,1.32961,0.764045,0.564057
KCRDK,81,60,1,0.246537,0.076292,0.087214
BA,81,60,10,0.61334,0.282532,0.329969
KCRDK,81,60,1,0.253747,0.076341,0.09049
BA,81,60,14,0.991238,0.528294,0.46162
KCRDK,81,60,1,0.290782,0.091949,0.097775
BA,81,60,4,0.247343,0.066383,0.180669
KCRDK,81,60,2,0.488205,0.149835,0.150078
BA,81,60,3,0.149355,0.047773,0.101357
KCRDK,81,60,1,0.281279,0.086788,0.097524
BA,81,60,15,1.11472,0.622046,0.491335
KCRDK,81,60,1,0.249424,0.075886,0.089286
BA,81,60,3,0.146189,0.047447,0.09857
KCRDK,81,60,1,0.291943,0.08677,0.104174
BA,81,60,3,0.152213,0.030216,0.121778
KCRDK,81,60,1,0.238152,0.072645,0.082875
BA,81,60,3,0.147365,0.028474,0.118668
KCRDK,81,60,1,0.250708,0.07527,0.088709
BA,81,60,2,0.092445,0.02539,0.066958
KCRDK,81,60,1,0.244628,0.075465,0.086207
BA,81,60,16,1.18305,0.656293,0.525221
KCRDK,81,60,1,0.243368,0.075624,0.08375
BA,81,60,5,0.260399,0.095033,0.164961
KCRDK,81,60,2,0.617162,0.179913,0.215597
BA,81,60,26,33.9762,32.7981,1.17433
KCRDK,81,60,2,0.423987,0.128134,0.132754
BA,81,60,13,0.909611,0.479061,0.429407
KCRDK,81,60,1,0.379647,0.120577,0.122827
BA,81,60,3,0.214215,0.069143,0.144644
KCRDK,81,60,1,0.375625,0.111862,0.12626
BA,81,60,2,0.132903,0.034279,0.098368
KCRDK,81,60,1,0.346425,0.112115,0.110413
BA,81,60,16,1.51393,0.809614,0.702167
KCRDK,81,60,1,0.356114,0.117874,0.112725
BA,81,60,11,0.929245,0.426305,0.501437
KCRDK,81,60,1,0.358286,0.109578,0.120212
BA,81,60,2,0.124217,0.032418,0.091613
KCRDK,81,60,1,0.356727,0.108274,0.119297
BA,81,60,2,0.123411,0.032351,0.090834
KCRDK,81,60,1,0.354094,0.111867,0.127947
BA,81,60,3,0.175566,0.052916,0.122371
KCRDK,81,60,1,0.371785,0.113202,0.124806
BA,81,60,13,1.1941,0.597545,0.594739
KCRDK,81,60,1,0.357954,0.1084,0.122174
BA,81,60,3,0.200451,0.062253,0.137848
KCRDK,81,60,1,0.358003,0.109033,0.12016
BA,81,60,5,0.358094,0.131572,0.225846
KCRDK,81,60,7,1.84056,0.526133,0.487621
BA,81,60,11,0.913873,0.41746,0.494797
KCRDK,81,60,1,0.353504,0.116341,0.109969
BA,81,60,3,0.196618,0.062194,0.13404
KCRDK,81,60,1,0.344668,0.088013,0.083173
BA,81,80,16,1.50792,0.807604,0.698047
KCRDK,81,80,1,0.355619,0.107431,0.125704
BA,81,80,3,0.199633,0.059755,0.139548
KCRDK,81,80,1,0.356065,0.114369,0.110455
BA,81,80,2,0.123253,0.029754,0.093337
KCRDK,81,80,1,0.356723,0.107895,0.119242
BA,81,80,3,0.197822,0.061889,0.135619
KCRDK,81,80,1,0.280275,0.07903,0.096714
BA,81,80,4,0.241622,0.081774,0.159558
KCRDK,81,80,2,0.676048,0.1832,0.189805
BA,81,80,14,1.30002,0.656977,0.640818
KCRDK,81,80,1,0.403808,0.110088,0.11922
BA,81,80,2,0.122163,0.033315,0.088644
KCRDK,81,80,1,0.354984,0.109072,0.117562
BA,81,80,3,0.203278,0.063515,0.139382
KCRDK,81,80,1,0.371428,0.116203,0.11851
BA,81,80,2,0.121301,0.031384,0.089739
KCRDK,81,80,1,0.276512,0.083838,0.096148
BA,81,80,13,0.907125,0.480222,0.425895
KCRDK,81,80,1,0.247148,0.07598,0.085692
BA,81,80,4,0.20315,0.071802,0.131082
KCRDK,81,80,2,0.484808,0.140775,0.153895
BA,81,80,4,0.207858,0.076127,0.131466
KCRDK,81,80,1,0.236063,0.071758,0.08389
BA,81,80,20,8.02963,7.33726,0.690431
KCRDK,81,80,1,0.356425,0.108282,0.120506
BA,81,80,3,0.197322,0.063919,0.13304
KCRDK,81,80,2,0.492046,0.151193,0.150186
BA,81,80,3,0.149917,0.031344,0.118339
KCRDK,81,80,2,0.637561,0.185675,0.19395
BA,81,80,3,0.210854,0.066646,0.143886
KCRDK,81,80,1,0.282703,0.084726,0.098962
BA,81,80,4,0.208645,0.07553,0.13285
KCRDK,81,80,2,0.466761,0.130902,0.131231
BA,81,80,12,0.790478,0.394333,0.395023
KCRDK,81,80,1,0.25163,0.077714,0.088328
BA,81,80,5,0.266716,0.099592,0.166836
KCRDK,81,80,2,0.63724,0.186842,0.193602
BA,81,80,13,1.21591,0.612102,0.601805
KCRDK,81,80,1,0.353277,0.109152,0.118646
BA,81,80,13,1.1445,0.583719,0.55896
KCRDK,81,80,1,0.356226,0.11365,0.120084
BA,81,80,13,1.17981,0.581202,0.596863
KCRDK,81,80,1,0.355614,0.109053,0.121133
BA,81,80,15,1.43401,0.724707,0.707162
KCRDK,81,80,1,0.353978,0.108126,0.121143
BA,81,80,7,0.541653,0.221648,0.318991
KCRDK,81,80,1,0.28954,0.083467,0.09027
BA,81,80,2,0.127419,0.031215,0.096007
KCRDK,81,80,1,0.365222,0.107223,0.140356
BA,81,80,4,0.282676,0.095613,0.186583
KCRDK,81,80,2,0.60231,0.189688,0.16993
BA,81,80,10,0.846093,0.369766,0.47486
KCRDK,81,80,1,0.359745,0.107546,0.123771
BA,81,80,5,0.358271,0.1092,0.248439
KCRDK,81,80,2,0.595336,0.175708,0.18252
BA,81,80,10,0.808591,0.373465,0.433626
KCRDK,81,80,1,0.36205,0.111122,0.119262
BA,81,80,16,1.52417,0.804364,0.717499
KCRDK,81,80,1,0.357633,0.11014,0.120713
BA,81,80,12,1.06945,0.527018,0.540584
KCRDK,81,80,1,0.377416,0.114343,0.127753
BA,81,80,18,1.86728,1.06101,0.803697
KCRDK,81,80,1,0.355033,0.105831,0.119527
BA,81,80,2,0.121454,0.031785,0.089485
KCRDK,81,80,1,0.37549,0.110776,0.128842
BA,81,80,2,0.131071,0.032799,0.098059
KCRDK,81,80,1,0.348293,0.106669,0.113292
BA,81,80,3,0.198665,0.062405,0.135933
KCRDK,81,80,2,0.607864,0.180963,0.184126
BA,81,80,2,0.11722,0.033656,0.083411
KCRDK,81,80,1,0.329465,0.096374,0.114635
BA,81,80,7,0.533893,0.221779,0.311167
KCRDK,81,80,1,0.37147,0.112847,0.128979
BA,81,80,2,0.13521,0.037871,0.097123
KCRDK,81,80,1,0.424601,0.114355,0.126474
BA,81,80,12,1.10191,0.514636,0.585496
KCRDK,81,80,1,0.35466,0.110068,0.115166
BA,81,80,6,0.434394,0.16707,0.266717
KCRDK,81,80,1,0.377093,0.10954,0.125621
BA,81,80,3,0.211937,0.065859,0.145732
KCRDK,81,80,1,0.368198,0.115344,0.117013
BA,81,80,15,1.45447,0.760407,0.691564
KCRDK,81,80,1,0.35814,0.110195,0.119727
BA,81,80,4,0.274976,0.095086,0.179368
KCRDK,81,80,2,0.598142,0.175999,0.176856
BA,81,80,2,0.115307,0.032401,0.082729
KCRDK,81,80,1,0.362145,0.106825,0.123175
BA,81,80,8,0.620612,0.244383,0.37515
KCRDK,81,80,2,0.603424,0.186334,0.17531
BA,81,80,7,0.533905,0.19963,0.333314
KCRDK,81,80,1,0.373599,0.111996,0.127288
BA,81,80,3,0.175354,0.052515,0.122574
KCRDK,81,80,2,0.597764,0.174027,0.183782
BA,81,80,13,1.19181,0.586574,0.603395
KCRDK,81,80,1,0.354054,0.11218,0.11653
BA,81,80,3,0.20019,0.066421,0.133356
KCRDK,81,80,1,0.25022,0.075245,0.087565
BA,81,80,15,1.073,0.581561,0.490033
KCRDK,81,80,1,0.242183,0.077077,0.087712
BA,81,80,4,0.208324,0.075138,0.132925
KCRDK,81,80,2,0.421453,0.126907,0.125571
BA,81,80,5,0.273034,0.108888,0.163748
KCRDK,81,80,2,0.645263,0.19019,0.195949
BA,81,80,4,0.298068,0.079615,0.217934
KCRDK,81,80,2,0.601843,0.176556,0.179591
BA,81,80,7,0.508082,0.207874,0.299543
KCRDK,81,80,1,0.329651,0.107072,0.11198
BA,81,80,2,0.122432,0.031927,0.090355
KCRDK,81,80,1,0.40352,0.108392,0.116921
BA,81,80,3,0.19558,0.06276,0.132545
KCRDK,81,80,2,0.645991,0.190767,0.194575
BA,81,80,3,0.200499,0.063812,0.136279
KCRDK,81,80,1,0.352351,0.116031,0.108389
BA,81,80,5,0.268083,0.087045,0.180612
KCRDK,81,80,2,0.607655,0.177543,0.188719
BA,81,80,11,0.935024,0.431356,0.502251
KCRDK,81,80,1,0.353381,0.106482,0.120307
BA,81,80,16,1.63221,0.907351,0.72228
KCRDK,81,80,1,0.354529,0.107257,0.121205
BA,81,80,14,1.30975,0.647865,0.659736
KCRDK,81,80,1,0.33441,0.108984,0.107697
BA,81,80,5,0.331451,0.124754,0.206113
KCRDK,81,80,5,1.34765,0.39386,0.38789
BA,81,80,13,1.20102,0.607405,0.591591
KCRDK,81,80,1,0.350509,0.117921,0.104814
BA,81,80,7,0.532949,0.217327,0.314772
KCRDK,81,80,1,0.334136,0.094756,0.113895
BA,81,80,14,1.23624,0.629093,0.605008
KCRDK,81,80,1,0.349361,0.107112,0.116593
BA,81,80,2,0.117205,0.030724,0.086309
KCRDK,81,80,1,0.357268,0.10928,0.118469
BA,81,80,12,1.05288,0.505627,0.545495
KCRDK,81,80,1,0.360209,0.111809,0.120834
BA,81,80,14,1.29684,0.659212,0.635508
KCRDK,81,80,1,0.333193,0.106345,0.106675
BA,81,80,14,1.24658,0.647718,0.597017
KCRDK,81,80,1,0.351168,0.109415,0.119465
BA,81,80,4,0.279089,0.093389,0.18512
KCRDK,81,80,2,0.436478,0.131145,0.133531
BA,81,80,12,0.823838,0.429901,0.392849
KCRDK,81,80,1,0.248925,0.076492,0.087603
BA,81,80,10,0.622303,0.291744,0.329664
KCRDK,81,80,1,0.281907,0.090621,0.095229
BA,81,80,3,0.171265,0.05289,0.118138
KCRDK,81,80,1,0.363611,0.123133,0.104795
BA,81,80,4,0.294015,0.100525,0.192969
KCRDK,81,80,2,0.634978,0.195623,0.178989
BA,81,80,13,1.17307,0.581335,0.589814
KCRDK,81,80,1,0.354734,0.106009,0.122471
BA,81,80,5,0.339257,0.126374,0.212351
KCRDK,81,80,1,0.355351,0.107319,0.116793
BA,81,80,2,0.124432,0.033213,0.091083
KCRDK,81,80,1,0.376311,0.112273,0.127544
BA,81,80,2,0.123585,0.033368,0.090014
KCRDK,81,80,1,0.349585,0.112038,0.110022
BA,81,80,10,0.8253,0.353315,0.470447
KCRDK,81,80,1,0.356046,0.109717,0.118759
BA,81,80,12,1.0078,0.489376,0.516847
KCRDK,81,80,1,0.347469,0.107448,0.122503
BA,81,80,13,1.14596,0.53503,0.60898
KCRDK,81,80,1,0.353354,0.108392,0.117547
BA,81,80,15,1.45931,0.777014,0.680007
KCRDK,81,80,1,0.351526,0.106292,0.118213
BA,81,80,2,0.121634,0.033673,0.08774
KCRDK,81,80,1,0.340255,0.107397,0.114965
BA,81,80,11,0.889889,0.409707,0.478724
KCRDK,81,80,1,0.341886,0.109208,0.115824
BA,81,80,5,0.356734,0.133488,0.222604
KCRDK,81,80,2,0.638985,0.187993,0.193491
BA,81,80,2,0.13375,0.035088,0.098483
KCRDK,81,80,1,0.399528,0.112644,0.114797
BA,81,80,12,0.962906,0.455708,0.505558
KCRDK,81,80,1,0.334382,0.101999,0.111493
BA,81,80,3,0.183985,0.062533,0.121131
KCRDK,81,80,2,0.641476,0.18255,0.196296
BA,81,80,4,0.274655,0.094945,0.179191
KCRDK,81,80,2,0.454072,0.136075,0.139614
BA,81,80,4,0.206297,0.07358,0.132367
KCRDK,81,80,2,0.41487,0.122327,0.130036
BA,81,80,2,0.090321,0.02471,0.065501
KCRDK,81,80,1,0.363336,0.113702,0.112963
BA,81,80,4,0.301881,0.10288,0.198489
KCRDK,81,80,2,0.609361,0.178824,0.183004
BA,81,80,16,1.57402,0.843399,0.728076
KCRDK,81,80,1,0.358753,0.108374,0.122417
BA,81,80,14,1.18102,0.581067,0.578474
KCRDK,81,80,1,0.354679,0.107925,0.115251
BA,81,80,5,0.35933,0.135934,0.22286
KCRDK,81,80,1,0.35155,0.10673,0.115609
BA,81,80,2,0.119806,0.031564,0.088035
KCRDK,81,80,1,0.359733,0.109056,0.120644
BA,81,80,13,1.18837,0.600789,0.585541
KCRDK,81,80,1,0.349259,0.112871,0.110928
BA,81,80,12,1.0175,0.506747,0.509049
KCRDK,81,80,1,0.356488,0.11009,0.120272
BA,81,80,4,0.268859,0.072952,0.195609
KCRDK,81,80,2,0.521167,0.1455,0.149497
BA,81,80,2,0.101731,0.009089,0.092496
KCRDK,81,80,1,0.244377,0.076311,0.083802
BA,81,100,3,0.144686,0.029189,0.115294
KCRDK,81,100,1,0.276686,0.079906,0.095443
BA,81,100,13,1.32239,0.70884,0.611701
KCRDK,81,100,1,0.354318,0.107055,0.12047
BA,81,100,2,0.128314,0.031493,0.09659
KCRDK,81,100,1,0.351244,0.105553,0.119641
BA,81,100,4,0.282661,0.097141,0.185045
KCRDK,81,100,2,0.607238,0.18005,0.18113
BA,81,100,4,0.285946,0.103333,0.182118
KCRDK,81,100,1,0.350662,0.107572,0.115147
BA,81,100,10,0.741311,0.322452,0.397442
KCRDK,81,100,1,0.335951,0.103425,0.12
BA,81,100,3,0.209707,0.063281,0.146021
KCRDK,81,100,2,0.631625,0.187734,0.189859
BA,81,100,19,2.12357,1.23052,0.889977
KCRDK,81,100,1,0.359921,0.108959,0.121687
BA,81,100,3,0.198784,0.063192,0.135195
KCRDK,81,100,2,0.606477,0.178688,0.179348
BA,81,100,15,1.37392,0.722575,0.649264
KCRDK,81,100,1,0.358965,0.106203,0.124391
BA,81,100,3,0.19508,0.060879,0.133859
KCRDK,81,100,2,0.602116,0.173659,0.183854
BA,81,100,11,0.93802,0.439903,0.495754
KCRDK,81,100,1,0.356093,0.108888,0.121193
BA,81,100,4,0.279678,0.099,0.18022
KCRDK,81,100,2,0.602247,0.178051,0.181152
BA,81,100,8,0.627446,0.267506,0.358876
KCRDK,81,100,7,1.31962,0.386038,0.343598
BA,81,100,4,0.205425,0.072455,0.132675
KCRDK,81,100,4,1.1746,0.339617,0.328783
BA,81,100,4,0.262994,0.091453,0.171086
KCRDK,81,100,2,0.588414,0.173502,0.184884
BA,81,100,13,1.1778,0.586775,0.589267
KCRDK,81,100,1,0.348406,0.111318,0.1113
BA,81,100,15,1.45582,0.774247,0.67917
KCRDK,81,100,1,0.399149,0.113214,0.115995
BA,81,100,11,0.917324,0.413117,0.502633
KCRDK,81,100,1,0.353963,0.107036,0.120972
BA,81,100,3,0.156834,0.048553,0.108027
KCRDK,81,100,1,0.305216,0.097944,0.101428
BA,81,100,11,0.930516,0.424796,0.504295
KCRDK,81,100,1,0.400634,0.112548,0.122124
BA,81,100,4,0.27656,0.093784,0.182446
KCRDK,81,100,2,0.609935,0.180174,0.185662
BA,81,100,2,0.122599,0.009918,0.112466
KCRDK,81,100,1,0.348565,0.10759,0.115755
BA,81,100,10,0.822455,0.368264,0.452791
KCRDK,81,100,1,0.329635,0.098494,0.116463
BA,81,100,13,1.11683,0.561044,0.553944
KCRDK,81,100,1,0.391752,0.100874,0.121675
BA,81,100,4,0.283059,0.09955,0.182991
KCRDK,81,100,4,1.16353,0.330031,0.306078
BA,81,100,9,0.724395,0.310724,0.412333
KCRDK,81,100,1,0.349815,0.107116,0.118511
BA,81,100,4,0.276499,0.095698,0.180262
KCRDK,81,100,1,0.32776,0.103266,0.117277
BA,81,100,5,0.331293,0.123033,0.207675
KCRDK,81,100,2,0.637263,0.185843,0.191279
BA,81,100,5,0.365665,0.137742,0.227369
KCRDK,81,100,2,0.649034,0.188653,0.17388
BA,81,100,4,0.281483,0.099698,0.181252
KCRDK,81,100,2,0.655963,0.184269,0.186118
BA,81,100,3,0.201033,0.059181,0.14163
KCRDK,81,100,1,0.369491,0.105864,0.110222
BA,81,100,11,0.951884,0.467028,0.48342
KCRDK,81,100,1,0.402291,0.105919,0.124399
BA,81,100,3,0.217021,0.063571,0.153034
KCRDK,81,100,2,0.481672,0.140241,0.1556
BA,81,100,4,0.24617,0.084702,0.161194
KCRDK,81,100,2,0.419117,0.124553,0.131129
BA,81,100,3,0.151864,0.050951,0.100674
KCRDK,81,100,2,0.409734,0.12101,0.127268
BA,81,100,5,0.26226,0.083199,0.178667
KCRDK,81,100,4,0.819076,0.241367,0.233798
BA,81,100,14,1.0052,0.543135,0.460709
KCRDK,81,100,1,0.288481,0.086098,0.105504
BA,81,100,2,0.106539,0.025804,0.080601
KCRDK,81,100,1,0.431597,0.117094,0.128984
BA,81,100,3,0.214233,0.066179,0.147651
KCRDK,81,100,2,0.487452,0.147889,0.15109
BA,81,100,18,1.52906,0.915021,0.612388
KCRDK,81,100,1,0.248823,0.078014,0.088201
BA,81,100,11,0.718861,0.354756,0.363047
KCRDK,81,100,1,0.24701,0.075926,0.0881
BA,81,100,5,0.27098,0.103278,0.167255
KCRDK,81,100,2,0.488452,0.140774,0.154482
BA,81,100,11,0.701139,0.320926,0.379152
KCRDK,81,100,1,0.283321,0.085417,0.101059
BA,81,100,3,0.175881,0.05598,0.119629
KCRDK,81,100,2,0.458535,0.125955,0.135664
BA,81,100,4,0.204135,0.072741,0.131094
KCRDK,81,100,2,0.416762,0.123321,0.148304
BA,81,100,16,1.2133,0.690094,0.521638
KCRDK,81,100,1,0.28341,0.077705,0.086107
BA,81,100,2,0.091947,0.024125,0.067682
KCRDK,81,100,1,0.284966,0.085707,0.101264
BA,81,100,4,0.242053,0.078719,0.163
KCRDK,81,100,2,0.515915,0.140443,0.152611
BA,81,100,3,0.172552,0.052896,0.119407
KCRDK,81,100,1,0.289055,0.086478,0.103723
BA,81,100,9,0.629277,0.285793,0.34266
KCRDK,81,100,1,0.273819,0.082119,0.096243
BA,81,100,10,0.622918,0.29453,0.327511
KCRDK,81,100,1,0.245527,0.075974,0.087008
BA,81,100,10,0.620047,0.288455,0.33073
KCRDK,81,100,1,0.237061,0.071459,0.08554
BA,81,100,13,0.865877,0.43755,0.427189
KCRDK,81,100,1,0.2517,0.078375,0.089139
BA,81,100,10,0.628616,0.302275,0.325538
KCRDK,81,100,1,0.293217,0.089065,0.10605
BA,81,100,5,0.324783,0.12317,0.201186
KCRDK,81,100,1,0.286146,0.086056,0.10285
BA,81,100,2,0.107998,0.027261,0.080639
KCRDK,81,100,1,0.375566,0.121407,0.119709
BA,81,100,9,0.77842,0.310779,0.442862
KCRDK,81,100,1,0.263955,0.090223,0.090515
BA,81,100,20,4.65769,3.76962,0.885344
KCRDK,81,100,1,0.358052,0.112025,0.118554
BA,81,100,3,0.201821,0.065409,0.13597
KCRDK,81,100,1,0.337809,0.104943,0.113762
BA,81,100,12,0.868131,0.43003,0.436979
KCRDK,81,100,1,0.364905,0.116794,0.115285
BA,81,100,3,0.207276,0.064174,0.142642
KCRDK,81,100,2,0.59676,0.183452,0.169256
BA,81,100,2,0.130121,0.036133,0.093777
KCRDK,81,100,1,0.285491,0.085869,0.099965
BA,81,100,2,0.109558,0.02711,0.082321
KCRDK,81,100,1,0.373358,0.119733,0.11875
BA,81,100,2,0.135633,0.036785,0.098669
KCRDK,81,100,1,0.355738,0.109141,0.120333
BA,81,100,11,0.810092,0.366631,0.441794
KCRDK,81,100,1,0.322186,0.100518,0.110704
BA,81,100,17,1.79534,0.9917,0.801307
KCRDK,81,100,1,0.351756,0.108502,0.115979
BA,81,100,13,1.15569,0.568219,0.585532
KCRDK,81,100,2,0.476575,0.14427,0.146752
BA,81,100,2,0.112376,0.031127,0.081066
KCRDK,81,100,1,0.245736,0.077035,0.08419
BA,81,100,4,0.198407,0.066926,0.131302
KCRDK,81,100,2,0.485481,0.149341,0.147236
BA,81,100,5,0.299263,0.113231,0.185615
KCRDK,81,100,2,0.64017,0.185511,0.193414
BA,81,100,19,2.49627,1.59835,0.895039
KCRDK,81,100,1,0.378222,0.112595,0.130101
BA,81,100,2,0.131606,0.033104,0.098312
KCRDK,81,100,1,0.376755,0.118597,0.112628
BA,81,100,11,0.954816,0.452664,0.500592
KCRDK,81,100,1,0.347072,0.102877,0.117034
BA,81,100,12,1.04672,0.507422,0.537654
KCRDK,81,100,1,0.35777,0.1083,0.120305
BA,81,100,4,0.273883,0.094184,0.179153
KCRDK,81,100,2,0.604192,0.17953,0.182966
BA,81,100,11,0.925369,0.422549,0.501229
KCRDK,81,100,1,0.332898,0.108497,0.121029
BA,81,100,5,0.341137,0.12634,0.214271
KCRDK,81,100,2,0.64923,0.191221,0.192618
BA,81,100,2,0.128921,0.03638,0.092328
KCRDK,81,100,1,0.353501,0.110836,0.116591
BA,81,100,4,0.276689,0.093288,0.182919
KCRDK,81,100,2,0.600748,0.182317,0.172866
BA,81,100,3,0.198902,0.063372,0.13508
KCRDK,81,100,2,0.606073,0.189891,0.183472
BA,81,100,16,1.55678,0.858779,0.695748
KCRDK,81,100,1,0.361958,0.114163,0.12255
BA,81,100,17,1.69711,0.926297,0.768237
KCRDK,81,100,1,0.354796,0.108729,0.117892
BA,81,100,4,0.277799,0.096182,0.181066
KCRDK,81,100,1,0.351672,0.109206,0.116769
BA,81,100,11,0.937346,0.440818,0.494891
KCRDK,81,100,1,0.329089,0.102668,0.114435
BA,81,100,4,0.250194,0.090985,0.158745
KCRDK,81,100,2,0.598688,0.169868,0.184262
BA,81,100,4,0.282589,0.096155,0.185905
KCRDK,81,100,4,1.17786,0.339247,0.332872
BA,81,100,3,0.198209,0.038469,0.159427
KCRDK,81,100,2,0.62849,0.186775,0.19415
BA,81,100,2,0.121094,0.034371,0.086558
KCRDK,81,100,1,0.35549,0.108293,0.123091
BA,81,100,2,0.133665,0.035377,0.09806
KCRDK,81,100,1,0.362948,0.107415,0.130178
BA,81,100,4,0.279278,0.094889,0.18389
KCRDK,81,100,2,0.642689,0.190539,0.19486
BA,81,100,16,1.53259,0.802125,0.727874
KCRDK,81,100,1,0.306047,0.092394,0.087259
BA,81,100,13,1.12697,0.57442,0.550841
KCRDK,81,100,1,0.360815,0.114645,0.121178
BA,81,100,14,1.34748,0.707094,0.638401
KCRDK,81,100,1,0.35625,0.108736,0.126073
BA,81,100,3,0.198286,0.06323,0.134663
KCRDK,81,100,1,0.350251,0.107289,0.113866
BA,81,100,5,0.362883,0.13579,0.226475
KCRDK,81,100,5,1.2212,0.34824,0.357853
BA,81,100,18,1.89779,1.08849,0.80675
KCRDK,81,100,1,0.350855,0.108389,0.120926
BA,81,100,4,0.27831,0.052826,0.224917
KCRDK,81,100,2,0.605553,0.177355,0.18486
BA,81,100,2,0.125618,0.035086,0.09036
KCRDK,81,100,1,0.371654,0.119443,0.114151
BA,81,100,7,0.494282,0.201279,0.292132
KCRDK,81,100,1,0.279312,0.084519,0.100503
BA,91,0,4,0.293763,0.088116,0.205287
KCRDK,91,0,2,0.50499,0.143389,0.158201
BA,91,0,11,0.81478,0.356258,0.45738
KCRDK,91,0,1,0.297008,0.09513,0.096693
BA,91,0,16,1.34313,0.694425,0.647059
KCRDK,91,0,1,0.304893,0.088849,0.106231
BA,91,0,14,1.1511,0.564756,0.584933
KCRDK,91,0,1,0.455583,0.133047,0.157258
BA,91,0,3,0.253092,0.070798,0.181939
KCRDK,91,0,1,0.301821,0.088859,0.102366
BA,91,0,12,0.917798,0.383163,0.515654
KCRDK,91,0,1,0.296146,0.086724,0.103329
BA,91,0,15,1.22696,0.604751,0.620796
KCRDK,91,0,1,0.358125,0.102996,0.128578
BA,91,0,5,0.382238,0.124849,0.256921
KCRDK,91,0,6,1.33157,0.374134,0.381997
BA,91,0,2,0.108192,0.025693,0.082345
KCRDK,91,0,1,0.302706,0.089605,0.104148
BA,91,0,3,0.176538,0.049764,0.126541
KCRDK,91,0,1,0.303662,0.087741,0.106094
BA,91,0,13,1.00407,0.444892,0.540168
KCRDK,91,0,1,0.295951,0.084886,0.103462
BA,91,0,3,0.178049,0.05131,0.126473
KCRDK,91,0,2,0.780224,0.220095,0.23526
BA,91,0,5,0.327412,0.087061,0.239996
KCRDK,91,0,4,1.40864,0.390459,0.419501
BA,91,0,9,0.844224,0.335309,0.507522
KCRDK,91,0,1,0.452446,0.133284,0.153217
BA,91,0,3,0.25755,0.072559,0.184593
KCRDK,91,0,2,0.644263,0.18589,0.207054
BA,91,0,17,1.9333,0.94822,0.982597
KCRDK,91,0,1,0.42529,0.125253,0.143767
BA,91,0,3,0.234126,0.065087,0.16861
KCRDK,91,0,1,0.431096,0.132715,0.141418
BA,91,0,12,1.1849,0.499742,0.683363
KCRDK,91,0,1,0.420782,0.110897,0.144919
BA,91,0,13,1.30452,0.601396,0.701368
KCRDK,91,0,1,0.43442,0.131937,0.14504
BA,91,0,16,1.78275,0.879555,0.900604
KCRDK,91,0,1,0.455857,0.133839,0.155636
BA,91,0,3,0.253777,0.07085,0.182572
KCRDK,91,0,2,0.681033,0.189177,0.214987
BA,91,0,2,0.137525,0.034156,0.103166
KCRDK,91,0,1,0.419008,0.123986,0.141768
BA,91,0,13,1.36735,0.626583,0.738946
KCRDK,91,0,1,0.430657,0.126823,0.143811
BA,91,0,8,0.728727,0.27593,0.451627
KCRDK,91,0,2,0.559177,0.160598,0.179403
BA,91,0,3,0.175622,0.050423,0.124906
KCRDK,91,0,1,0.341226,0.097007,0.097793
BA,91,0,14,1.14459,0.554547,0.58854
KCRDK,91,0,1,0.45862,0.134999,0.15442
BA,91,0,3,0.255759,0.070796,0.184557
KCRDK,91,0,2,0.481634,0.131482,0.153126
BA,91,0,11,0.811176,0.362241,0.44791
KCRDK,91,0,1,0.301686,0.089125,0.108585
BA,91,0,2,0.109299,0.025841,0.083311
KCRDK,91,0,1,0.293235,0.095513,0.093454
BA,91,0,5,0.316899,0.107539,0.208878
KCRDK,91,0,3,0.708751,0.207474,0.208972
BA,91,0,5,0.319989,0.109918,0.209614
KCRDK,91,0,2,0.500132,0.143578,0.160222
BA,91,0,12,0.937125,0.435482,0.500442
KCRDK,91,0,1,0.298939,0.088494,0.10793
BA,91,0,4,0.245721,0.075987,0.169343
KCRDK,91,0,2,0.47721,0.131685,0.152481
BA,91,0,4,0.236383,0.055524,0.180557
KCRDK,91,0,2,0.504765,0.144986,0.158044
BA,91,0,3,0.177805,0.032505,0.145041
KCRDK,91,0,2,0.506154,0.147042,0.157026
BA,91,0,13,1.01854,0.477196,0.539939
KCRDK,91,0,1,0.299781,0.087423,0.108003
BA,91,0,4,0.243197,0.077193,0.165648
KCRDK,91,0,2,0.513535,0.148184,0.160426
BA,91,0,15,1.26536,0.636685,0.62736
KCRDK,91,0,1,0.350562,0.100607,0.126729
BA,91,0,4,0.295372,0.093006,0.201928
KCRDK,91,0,2,0.450716,0.12716,0.15262
BA,91,0,12,0.92236,0.426166,0.495021
KCRDK,91,0,1,0.299775,0.090226,0.103688
BA,91,0,11,0.829204,0.346838,0.476443
KCRDK,91,0,1,0.351717,0.102642,0.126508
BA,91,0,2,0.129086,0.030999,0.097918
KCRDK,91,0,1,0.299308,0.089041,0.102462
BA,91,0,3,0.174357,0.049568,0.124499
KCRDK,91,0,1,0.293239,0.08674,0.101068
BA,91,0,12,0.889244,0.41089,0.477323
KCRDK,91,0,1,0.299675,0.088915,0.105882
BA,91,0,3,0.176742,0.051471,0.125022
KCRDK,91,0,2,0.55515,0.153439,0.160368
BA,91,0,4,0.246675,0.076832,0.169525
KCRDK,91,0,1,0.296753,0.08692,0.104771
BA,91,0,17,1.54561,0.840601,0.703062
KCRDK,91,0,1,0.298554,0.088499,0.104689
BA,91,0,15,1.23453,0.626523,0.606658
KCRDK,91,0,1,0.303239,0.090735,0.106351
BA,91,0,3,0.180055,0.05244,0.127386
KCRDK,91,0,1,0.508894,0.14076,0.147587
BA,91,0,22,8.38149,7.07426,1.30344
KCRDK,91,0,1,0.42022,0.125352,0.14806
BA,91,0,18,2.24019,1.22791,1.00949
KCRDK,91,0,1,0.428991,0.126839,0.144197
BA,91,0,11,1.07159,0.449035,0.620955
KCRDK,91,0,1,0.452393,0.132546,0.152959
BA,91,0,2,0.151542,0.032733,0.118677
KCRDK,91,0,1,0.448971,0.127883,0.156684
BA,91,0,16,1.81363,0.916054,0.895177
KCRDK,91,0,1,0.423958,0.124368,0.144291
BA,91,0,3,0.237306,0.067214,0.169756
KCRDK,91,0,2,0.513364,0.146197,0.161765
BA,91,0,4,0.241387,0.077437,0.163582
KCRDK,91,0,2,0.50731,0.15366,0.155483
BA,91,0,14,1.10666,0.492093,0.613102
KCRDK,91,0,1,0.297631,0.08764,0.105208
BA,91,0,12,0.928383,0.428255,0.499012
KCRDK,91,0,1,0.350017,0.101435,0.127375
BA,91,0,7,0.460397,0.150635,0.309127
KCRDK,91,0,1,0.307227,0.089408,0.108679
BA,91,0,2,0.112467,0.025747,0.086567
KCRDK,91,0,1,0.295292,0.086933,0.102982
BA,91,0,11,0.825675,0.367918,0.456638
KCRDK,91,0,1,0.459235,0.134905,0.157202
BA,91,0,4,0.350743,0.104576,0.245707
KCRDK,91,0,2,0.720403,0.21119,0.218923
BA,91,0,14,1.49383,0.691949,0.799754
KCRDK,91,0,1,0.433258,0.131197,0.147248
BA,91,0,2,0.147988,0.035938,0.111772
KCRDK,91,0,1,0.433586,0.127067,0.143913
BA,91,0,3,0.144524,0.035442,0.108877
KCRDK,91,0,2,0.729481,0.213944,0.22378
BA,91,0,12,1.23154,0.546365,0.683238
KCRDK,91,0,1,0.430082,0.127702,0.14409
BA,91,0,17,1.99801,1.03282,0.962452
KCRDK,91,0,1,0.430964,0.128744,0.146958
BA,91,0,11,0.986269,0.417714,0.567088
KCRDK,91,0,1,0.434418,0.127453,0.147813
BA,91,0,15,1.62651,0.77713,0.84725
KCRDK,91,0,1,0.430396,0.127323,0.144674
BA,91,0,19,4.89217,3.80712,1.08209
KCRDK,91,0,1,0.433882,0.128883,0.142465
BA,91,0,23,16.4039,15.1384,1.2623
KCRDK,91,0,1,0.354203,0.101122,0.130378
BA,91,0,3,0.20492,0.05638,0.148309
KCRDK,91,0,2,0.490468,0.1428,0.147221
BA,91,0,8,0.546822,0.19624,0.349919
KCRDK,91,0,1,0.46322,0.133307,0.165434
BA,91,0,3,0.24727,0.071054,0.175803
KCRDK,91,0,1,0.454239,0.132793,0.152663
BA,91,0,2,0.14719,0.034965,0.112018
KCRDK,91,0,1,0.384183,0.100827,0.125816
BA,91,0,3,0.224377,0.062863,0.161228
KCRDK,91,0,2,0.72969,0.207192,0.225299
BA,91,0,3,0.237784,0.068145,0.16933
KCRDK,91,0,2,0.831212,0.223955,0.239553
BA,91,0,11,0.987261,0.394575,0.591387
KCRDK,91,0,4,1.31842,0.364595,0.394577
BA,91,0,12,1.20323,0.495417,0.706091
KCRDK,91,0,1,0.42135,0.124495,0.140531
BA,91,0,2,0.146553,0.034733,0.1116
KCRDK,91,0,1,0.378701,0.116384,0.124918
BA,91,0,15,1.58246,0.752532,0.827777
KCRDK,91,0,1,0.413192,0.128922,0.141785
BA,91,0,14,1.45579,0.64017,0.813385
KCRDK,91,0,1,0.428909,0.126985,0.145848
BA,91,0,4,0.331225,0.104365,0.226334
KCRDK,91,0,2,0.7226,0.205328,0.216436
BA,91,0,15,1.5993,0.796121,0.801183
KCRDK,91,0,1,0.459967,0.133575,0.162747
BA,91,0,17,2.0183,1.03187,0.983712
KCRDK,91,0,1,0.433329,0.12977,0.146375
BA,91,0,4,0.330979,0.10284,0.227621
KCRDK,91,0,1,0.421663,0.123897,0.141146
BA,91,0,4,0.312587,0.071778,0.240375
KCRDK,91,0,2,0.757153,0.204535,0.235449
BA,91,0,4,0.334792,0.10454,0.22972
KCRDK,91,0,3,1.0297,0.286093,0.301448
BA,91,0,16,1.76433,0.854987,0.907047
KCRDK,91,0,1,0.376406,0.113967,0.128289
BA,91,0,4,0.335338,0.108366,0.226495
KCRDK,91,0,2,0.726164,0.206722,0.219518
BA,91,0,2,0.150582,0.011727,0.138677
KCRDK,91,0,1,0.455981,0.132492,0.155141
BA,91,0,5,0.422482,0.138055,0.283771
KCRDK,91,0,2,0.712211,0.203142,0.216198
BA,91,0,11,1.09083,0.444873,0.644241
KCRDK,91,0,1,0.424294,0.12337,0.142988
BA,91,0,14,1.45793,0.664794,0.790947
KCRDK,91,0,1,0.425349,0.13515,0.128749
BA,91,0,17,1.88479,0.959399,0.922991
KCRDK,91,0,1,0.438719,0.128799,0.150085
BA,91,0,13,1.32965,0.606868,0.721071
KCRDK,91,0,1,0.461283,0.133161,0.155421
BA,91,0,2,0.156804,0.036635,0.119959
KCRDK,91,0,1,0.342058,0.092192,0.104485
BA,91,0,4,0.240685,0.059878,0.180513
KCRDK,91,0,1,0.516022,0.140175,0.15255
BA,91,0,3,0.260277,0.077304,0.182569
KCRDK,91,0,1,0.480782,0.132318,0.144273
BA,91,0,4,0.327857,0.079705,0.24769
KCRDK,91,0,2,0.758485,0.210613,0.211596
BA,91,20,3,0.245407,0.080578,0.164461
KCRDK,91,20,1,0.434278,0.128049,0.143304
BA,91,20,11,1.0654,0.446463,0.617296
KCRDK,91,20,1,0.449807,0.131696,0.152995
BA,91,20,19,6.29789,5.25104,1.04404
KCRDK,91,20,1,0.396759,0.104755,0.128026
BA,91,20,14,1.1442,0.52309,0.619587
KCRDK,91,20,1,0.342678,0.095,0.105219
BA,91,20,3,0.178346,0.051855,0.126225
KCRDK,91,20,2,0.530535,0.146628,0.157792
BA,91,20,16,1.36709,0.69209,0.673292
KCRDK,91,20,1,0.455818,0.137438,0.152959
BA,91,20,3,0.258716,0.075095,0.183262
KCRDK,91,20,2,0.535742,0.15212,0.166362
BA,91,20,2,0.111118,0.027685,0.083303
KCRDK,91,20,1,0.294326,0.092633,0.096615
BA,91,20,3,0.173633,0.048743,0.124637
KCRDK,91,20,2,0.759374,0.215353,0.23124
BA,91,20,10,0.921681,0.380532,0.539868
KCRDK,91,20,1,0.355921,0.10257,0.128804
BA,91,20,15,1.28863,0.656906,0.630204
KCRDK,91,20,1,0.45532,0.132392,0.155944
BA,91,20,2,0.158585,0.035752,0.122681
KCRDK,91,20,1,0.296062,0.095296,0.117226
BA,91,20,15,1.55026,0.721611,0.804621
KCRDK,91,20,1,0.462427,0.133291,0.161853
BA,91,20,4,0.35443,0.112106,0.241769
KCRDK,91,20,2,0.733439,0.222754,0.21071
BA,91,20,3,0.237755,0.042911,0.194524
KCRDK,91,20,1,0.354184,0.091813,0.132785
BA,91,20,5,0.419255,0.141107,0.277517
KCRDK,91,20,4,1.33549,0.372958,0.380106
BA,91,20,2,0.14875,0.036826,0.111718
KCRDK,91,20,1,0.426969,0.126038,0.144183
BA,91,20,9,0.84091,0.33014,0.509485
KCRDK,91,20,1,0.389653,0.11749,0.129643
BA,91,20,5,0.414089,0.143454,0.269943
KCRDK,91,20,2,0.50255,0.142477,0.158523
BA,91,20,13,1.01999,0.460787,0.539575
KCRDK,91,20,1,0.298207,0.087093,0.107472
BA,91,20,2,0.109602,0.027069,0.08236
KCRDK,91,20,1,0.419003,0.12229,0.145832
BA,91,20,2,0.149279,0.036836,0.112272
KCRDK,91,20,1,0.456764,0.13065,0.153177
BA,91,20,7,0.624023,0.22753,0.395515
KCRDK,91,20,1,0.45413,0.133167,0.153681
BA,91,20,4,0.330993,0.100964,0.229568
KCRDK,91,20,1,0.422876,0.123959,0.142031
BA,91,20,14,1.40922,0.665842,0.741774
KCRDK,91,20,1,0.450299,0.13857,0.145643
BA,91,20,12,1.27245,0.557515,0.713071
KCRDK,91,20,1,0.429426,0.127456,0.144028
BA,91,20,3,0.236874,0.066842,0.169662
KCRDK,91,20,1,0.410485,0.119434,0.149304
BA,91,20,4,0.290419,0.096738,0.193245
KCRDK,91,20,2,0.502355,0.143056,0.161388
BA,91,20,14,1.15379,0.572107,0.580232
KCRDK,91,20,1,0.453799,0.132465,0.154686
BA,91,20,3,0.257898,0.073002,0.18449
KCRDK,91,20,1,0.429921,0.130749,0.1386
BA,91,20,17,2.00483,1.02264,0.9558
KCRDK,91,20,1,0.443493,0.128582,0.148352
BA,91,20,4,0.327642,0.099671,0.227435
KCRDK,91,20,2,0.732428,0.207701,0.221917
BA,91,20,16,1.74599,0.898558,0.845289
KCRDK,91,20,1,0.432962,0.121406,0.154566
BA,91,20,5,0.431606,0.140875,0.290055
KCRDK,91,20,3,1.08837,0.30262,0.314224
BA,91,20,11,1.06692,0.443055,0.622106
KCRDK,91,20,1,0.4023,0.114209,0.135208
BA,91,20,14,1.40211,0.662022,0.738122
KCRDK,91,20,1,0.438125,0.123917,0.146506
BA,91,20,9,0.842883,0.336863,0.504829
KCRDK,91,20,1,0.470329,0.13482,0.15646
BA,91,20,12,1.20505,0.517312,0.685981
KCRDK,91,20,1,0.337507,0.081867,0.108105
BA,91,20,4,0.324941,0.09044,0.234052
KCRDK,91,20,2,0.784506,0.219011,0.242498
BA,91,20,4,0.329665,0.101603,0.227588
KCRDK,91,20,1,0.433301,0.129688,0.143321
BA,91,20,3,0.236835,0.064971,0.171505
KCRDK,91,20,2,0.74757,0.209458,0.229865
BA,91,20,14,1.48432,0.691932,0.790139
KCRDK,91,20,1,0.430968,0.127294,0.14457
BA,91,20,3,0.236008,0.06374,0.171952
KCRDK,91,20,2,0.59426,0.165828,0.191674
BA,91,20,4,0.240525,0.057921,0.182255
KCRDK,91,20,1,0.459835,0.135734,0.149467
BA,91,20,9,0.868476,0.342561,0.524642
KCRDK,91,20,1,0.349773,0.101305,0.125742
BA,91,20,4,0.299976,0.095697,0.203913
KCRDK,91,20,2,0.765653,0.207149,0.213742
BA,91,20,8,0.742503,0.281793,0.459537
KCRDK,91,20,1,0.418765,0.128075,0.144025
BA,91,20,4,0.332698,0.102203,0.230015
KCRDK,91,20,2,0.733889,0.212131,0.224572
BA,91,20,5,0.426147,0.137938,0.287603
KCRDK,91,20,2,0.641135,0.194575,0.198406
BA,91,20,10,0.968275,0.397355,0.569361
KCRDK,91,20,1,0.490791,0.134567,0.182578
BA,91,20,3,0.236778,0.063829,0.172637
KCRDK,91,20,2,0.591925,0.1674,0.192938
BA,91,20,2,0.112104,0.027112,0.084883
KCRDK,91,20,1,0.460836,0.133973,0.153375
BA,91,20,14,1.51432,0.685264,0.827031
KCRDK,91,20,1,0.427272,0.126019,0.142781
BA,91,20,10,0.954249,0.389296,0.563568
KCRDK,91,20,1,0.362549,0.104119,0.125145
BA,91,20,12,1.20386,0.537723,0.664445
KCRDK,91,20,1,0.42095,0.121344,0.148459
BA,91,20,4,0.329446,0.102431,0.226423
KCRDK,91,20,2,0.794566,0.219824,0.220263
BA,91,20,4,0.333762,0.105904,0.22739
KCRDK,91,20,2,0.682544,0.194269,0.217474
BA,91,20,12,1.15694,0.498809,0.656393
KCRDK,91,20,1,0.431263,0.130817,0.145082
BA,91,20,3,0.234255,0.066705,0.167276
KCRDK,91,20,1,0.343342,0.103749,0.118198
BA,91,20,5,0.336764,0.112299,0.223947
KCRDK,91,20,4,0.924543,0.259243,0.291018
BA,91,20,2,0.111604,0.028016,0.083461
KCRDK,91,20,1,0.30248,0.088878,0.103675
BA,91,20,2,0.112982,0.025831,0.086961
KCRDK,91,20,1,0.288415,0.086707,0.10004
BA,91,20,3,0.171264,0.047215,0.123808
KCRDK,91,20,1,0.456942,0.132979,0.152206
BA,91,20,13,1.34841,0.600035,0.746398
KCRDK,91,20,1,0.431035,0.129695,0.146376
BA,91,20,2,0.147596,0.031899,0.115513
KCRDK,91,20,1,0.378889,0.100674,0.120029
BA,91,20,11,0.847449,0.383638,0.462719
KCRDK,91,20,1,0.304821,0.096717,0.099013
BA,91,20,4,0.241766,0.075477,0.165905
KCRDK,91,20,2,0.770197,0.230368,0.225485
BA,91,20,2,0.151566,0.036415,0.114958
KCRDK,91,20,1,0.404823,0.115727,0.127284
BA,91,20,4,0.328415,0.103189,0.22473
KCRDK,91,20,1,0.419948,0.122634,0.141907
BA,91,20,15,1.64709,0.76905,0.875795
KCRDK,91,20,1,0.42905,0.128706,0.144633
BA,91,20,15,1.58149,0.72672,0.852529
KCRDK,91,20,1,0.405482,0.114835,0.146533
BA,91,20,11,1.0316,0.451323,0.578695
KCRDK,91,20,1,0.431905,0.124473,0.152198
BA,91,20,4,0.32834,0.102311,0.225493
KCRDK,91,20,2,0.755299,0.215036,0.229021
BA,91,20,21,8.65768,7.50337,1.15113
KCRDK,91,20,1,0.301538,0.08921,0.108044
BA,91,20,3,0.175334,0.04953,0.125546
KCRDK,91,20,2,0.773507,0.222831,0.234097
BA,91,20,3,0.244531,0.071826,0.172293
KCRDK,91,20,2,0.820305,0.219401,0.236842
BA,91,20,2,0.151565,0.036355,0.114996
KCRDK,91,20,1,0.423749,0.125145,0.14335
BA,91,20,11,0.978412,0.422433,0.554513
KCRDK,91,20,1,0.435109,0.129608,0.152526
BA,91,20,9,0.838431,0.338386,0.498976
KCRDK,91,20,1,0.460368,0.133857,0.154295
BA,91,20,10,0.956578,0.388779,0.566369
KCRDK,91,20,1,0.427775,0.127763,0.143054
BA,91,20,2,0.082485,0.016913,0.065463
KCRDK,91,20,1,0.356511,0.101116,0.12659
BA,91,20,3,0.179479,0.050923,0.12831
KCRDK,91,20,1,0.300415,0.088597,0.103484
BA,91,20,3,0.175473,0.048589,0.12665
KCRDK,91,20,2,0.774304,0.220293,0.236725
BA,91,20,3,0.187217,0.049436,0.137567
KCRDK,91,20,1,0.447263,0.148885,0.138442
BA,91,20,4,0.331895,0.105975,0.225423
KCRDK,91,20,2,0.73171,0.211633,0.224186
BA,91,20,4,0.332917,0.103514,0.228856
KCRDK,91,20,2,0.609612,0.16465,0.197932
BA,91,20,10,0.880857,0.36116,0.518399
KCRDK,91,20,1,0.426726,0.12004,0.150232
BA,91,20,2,0.146661,0.036312,0.110219
KCRDK,91,20,1,0.431598,0.126328,0.143189
BA,91,20,2,0.147669,0.034464,0.112984
KCRDK,91,20,1,0.348899,0.101658,0.124187
BA,91,20,6,0.428406,0.147771,0.280003
KCRDK,91,20,1,0.312518,0.086052,0.123715
BA,91,20,2,0.108541,0.025433,0.082958
KCRDK,91,20,1,0.457001,0.134756,0.153395
BA,91,20,3,0.257363,0.07369,0.183341
KCRDK,91,20,1,0.369879,0.102175,0.107721
BA,91,20,3,0.221495,0.061452,0.159767
KCRDK,91,20,2,0.770627,0.227182,0.229705
BA,91,20,13,1.3375,0.597998,0.737502
KCRDK,91,20,1,0.429204,0.126179,0.144713
BA,91,20,13,1.34692,0.611357,0.733693
KCRDK,91,20,1,0.305229,0.101078,0.109504
BA,91,20,3,0.238354,0.042986,0.195082
KCRDK,91,20,2,0.780697,0.219213,0.240926
BA,91,20,7,0.6276,0.232086,0.394557
KCRDK,91,20,1,0.453879,0.132704,0.155294
BA,91,20,3,0.23694,0.03945,0.197157
KCRDK,91,20,2,0.714086,0.191794,0.211825
BA,91,20,3,0.244688,0.044059,0.200296
KCRDK,91,20,2,0.594685,0.169917,0.189524
BA,91,20,16,1.37945,0.714554,0.663256
KCRDK,91,20,1,0.300551,0.089342,0.108032
BA,91,40,3,0.174086,0.049119,0.124689
KCRDK,91,40,2,0.68307,0.201176,0.207775
BA,91,40,4,0.339119,0.082937,0.255557
KCRDK,91,40,4,1.33289,0.380032,0.391476
BA,91,40,11,1.07887,0.454461,0.622606
KCRDK,91,40,1,0.312035,0.082433,0.122068
BA,91,40,10,0.891563,0.382329,0.508194
KCRDK,91,40,1,0.462492,0.134516,0.160201
BA,91,40,3,0.256779,0.071994,0.184493
KCRDK,91,40,1,0.42645,0.129011,0.138662
BA,91,40,3,0.24005,0.068738,0.170931
KCRDK,91,40,1,0.337971,0.097017,0.109707
BA,91,40,4,0.328078,0.104072,0.223396
KCRDK,91,40,2,0.705265,0.199496,0.23328
BA,91,40,10,0.952312,0.396607,0.554286
KCRDK,91,40,1,0.428997,0.127873,0.145861
BA,91,40,8,0.73469,0.283199,0.450353
KCRDK,91,40,2,0.549285,0.147238,0.177195
BA,91,40,15,1.25697,0.640635,0.614859
KCRDK,91,40,1,0.355658,0.102083,0.128546
BA,91,40,3,0.216185,0.061275,0.154694
KCRDK,91,40,2,0.833983,0.224725,0.236512
BA,91,40,2,0.149356,0.035767,0.113387
KCRDK,91,40,1,0.524807,0.133475,0.175918
BA,91,40,13,1.31747,0.601664,0.714011
KCRDK,91,40,1,0.428891,0.128901,0.144817
BA,91,40,3,0.240709,0.069311,0.171022
KCRDK,91,40,2,0.733083,0.2083,0.22174
BA,91,40,6,0.521606,0.183749,0.337039
KCRDK,91,40,5,1.66918,0.462102,0.468117
BA,91,40,7,0.626792,0.228793,0.396975
KCRDK,91,40,6,1.83815,0.497144,0.498651
BA,91,40,4,0.321704,0.079997,0.241078
KCRDK,91,40,2,0.779647,0.217672,0.214043
BA,91,40,13,1.36458,0.600726,0.737243
KCRDK,91,40,1,0.40074,0.105483,0.12609
BA,91,40,12,1.02453,0.459737,0.563313
KCRDK,91,40,1,0.291128,0.080972,0.108873
BA,91,40,3,0.173078,0.048056,0.124757
KCRDK,91,40,2,0.757772,0.219101,0.241067
BA,91,40,2,0.150809,0.036458,0.114151
KCRDK,91,40,1,0.348552,0.101668,0.123591
BA,91,40,5,0.380363,0.124751,0.255135
KCRDK,91,40,1,0.300843,0.088562,0.106438
BA,91,40,17,1.56726,0.854141,0.711345
KCRDK,91,40,1,0.298068,0.087966,0.106066
BA,91,40,2,0.1093,0.02518,0.083934
KCRDK,91,40,1,0.294755,0.08623,0.10495
BA,91,40,2,0.11004,0.007,0.102908
KCRDK,91,40,1,0.301553,0.095342,0.096498
BA,91,40,2,0.10956,0.025408,0.083975
KCRDK,91,40,1,0.291838,0.090699,0.096938
BA,91,40,4,0.243098,0.07639,0.166255
KCRDK,91,40,1,0.442966,0.128804,0.150437
BA,91,40,3,0.238029,0.069493,0.16813
KCRDK,91,40,2,0.551487,0.156626,0.17555
BA,91,40,3,0.176596,0.052028,0.124329
KCRDK,91,40,1,0.29368,0.087107,0.102846
BA,91,40,5,0.321331,0.111017,0.209814
KCRDK,91,40,1,0.452135,0.13665,0.150735
BA,91,40,3,0.238928,0.071361,0.167276
KCRDK,91,40,2,0.504882,0.143548,0.158969
BA,91,40,4,0.248821,0.08067,0.167819
KCRDK,91,40,2,0.55967,0.165532,0.169181
BA,91,40,2,0.108268,0.026497,0.081626
KCRDK,91,40,1,0.301298,0.093248,0.100363
BA,91,40,20,2.21352,1.32254,0.888852
KCRDK,91,40,1,0.453516,0.134422,0.15499
BA,91,40,2,0.146153,0.03285,0.113106
KCRDK,91,40,1,0.29244,0.088035,0.099901
BA,91,40,2,0.110618,0.025032,0.08543
KCRDK,91,40,1,0.299072,0.088577,0.101948
BA,91,40,3,0.178084,0.050674,0.127159
KCRDK,91,40,1,0.301633,0.08922,0.104377
BA,91,40,3,0.176424,0.049065,0.127018
KCRDK,91,40,2,0.775004,0.227505,0.231693
BA,91,40,16,1.69446,0.830486,0.86195
KCRDK,91,40,1,0.428363,0.125723,0.150469
BA,91,40,16,1.81863,0.89069,0.900256
KCRDK,91,40,1,0.42916,0.126288,0.145336
BA,91,40,14,1.4831,0.687246,0.79386
KCRDK,91,40,1,0.42694,0.125902,0.142463
BA,91,40,5,0.421107,0.114873,0.305586
KCRDK,91,40,11,3.42763,0.957426,0.929726
BA,91,40,17,1.90277,0.977556,0.922781
KCRDK,91,40,1,0.387291,0.119711,0.132438
BA,91,40,2,0.148891,0.036955,0.111837
KCRDK,91,40,1,0.433189,0.137962,0.132385
BA,91,40,6,0.525708,0.187587,0.337267
KCRDK,91,40,1,0.423018,0.122433,0.141598
BA,91,40,14,1.35962,0.636099,0.721776
KCRDK,91,40,1,0.430759,0.120094,0.152455
BA,91,40,4,0.323394,0.075023,0.24794
KCRDK,91,40,2,0.727587,0.207102,0.217733
BA,91,40,4,0.331562,0.104617,0.22637
KCRDK,91,40,2,0.454856,0.133484,0.142806
BA,91,40,6,0.395438,0.145064,0.2499
KCRDK,91,40,5,1.13249,0.320758,0.321007
BA,91,40,2,0.101967,0.006044,0.095831
KCRDK,91,40,1,0.515645,0.138283,0.159958
BA,91,40,22,18.4425,17.159,1.2803
KCRDK,91,40,1,0.416498,0.114282,0.129026
BA,91,40,3,0.235882,0.065234,0.170297
KCRDK,91,40,2,0.76327,0.210479,0.211573
BA,91,40,2,0.148589,0.036652,0.11172
KCRDK,91,40,1,0.30821,0.089654,0.107895
BA,91,40,4,0.244748,0.077129,0.1672
KCRDK,91,40,2,0.507206,0.146548,0.160693
BA,91,40,4,0.244402,0.05783,0.186229
KCRDK,91,40,2,0.768108,0.226855,0.229012
BA,91,40,20,4.32976,3.18785,1.11805
KCRDK,91,40,1,0.40941,0.121003,0.129269
BA,91,40,5,0.427987,0.140463,0.286816
KCRDK,91,40,4,0.998685,0.283128,0.31222
BA,91,40,14,1.09982,0.517809,0.580534
KCRDK,91,40,1,0.290655,0.085169,0.104694
BA,91,40,3,0.173546,0.047779,0.125523
KCRDK,91,40,2,0.505711,0.145007,0.159762
BA,91,40,16,1.35072,0.685541,0.663566
KCRDK,91,40,1,0.461611,0.136226,0.159001
BA,91,40,12,1.25601,0.51621,0.713917
KCRDK,91,40,1,0.314018,0.10169,0.105754
BA,91,40,16,1.7241,0.864935,0.85702
KCRDK,91,40,1,0.435401,0.127733,0.150173
BA,91,40,15,1.62424,0.775745,0.846477
KCRDK,91,40,1,0.431877,0.127758,0.146756
BA,91,40,2,0.146321,0.031857,0.114282
KCRDK,91,40,1,0.430983,0.126054,0.145275
BA,91,40,2,0.147223,0.036048,0.111024
KCRDK,91,40,1,0.443825,0.135672,0.146619
BA,91,40,17,1.96233,1.0138,0.946311
KCRDK,91,40,1,0.430027,0.130039,0.145799
BA,91,40,15,1.60925,0.764196,0.842893
KCRDK,91,40,1,0.427862,0.127823,0.142815
BA,91,40,4,0.32695,0.076892,0.249573
KCRDK,91,40,2,0.644074,0.185025,0.2051
BA,91,40,18,2.20095,1.16442,1.03379
KCRDK,91,40,1,0.457779,0.136011,0.155439
BA,91,40,4,0.357119,0.111282,0.245302
KCRDK,91,40,2,0.722005,0.214102,0.207619
BA,91,40,2,0.142047,0.033712,0.108152
KCRDK,91,40,1,0.425294,0.127396,0.145404
BA,91,40,14,1.5044,0.70802,0.794522
KCRDK,91,40,1,0.430195,0.129264,0.145955
BA,91,40,9,0.824122,0.290085,0.532623
KCRDK,91,40,1,0.430445,0.130333,0.146809
BA,91,40,4,0.329262,0.101148,0.227615
KCRDK,91,40,2,0.687905,0.203926,0.214524
BA,91,40,4,0.333619,0.078466,0.254781
KCRDK,91,40,1,0.430189,0.124061,0.148403
BA,91,40,3,0.237713,0.069436,0.167973
KCRDK,91,40,1,0.338322,0.097288,0.118536
BA,91,40,4,0.24224,0.075163,0.166776
KCRDK,91,40,1,0.329526,0.089039,0.104706
BA,91,40,13,1.02395,0.481461,0.541085
KCRDK,91,40,1,0.349468,0.108518,0.118202
BA,91,40,4,0.297235,0.092472,0.204341
KCRDK,91,40,2,0.495081,0.151902,0.149447
BA,91,40,5,0.308423,0.10331,0.204621
KCRDK,91,40,2,0.544407,0.14721,0.159879
BA,91,40,6,0.391436,0.141563,0.249266
KCRDK,91,40,5,1.79239,0.492509,0.512766
BA,91,40,16,1.81389,0.886132,0.9252
KCRDK,91,40,1,0.431151,0.128939,0.144191
BA,91,40,16,1.74931,0.889641,0.857353
KCRDK,91,40,1,0.453931,0.133675,0.168954
BA,91,40,2,0.14596,0.012058,0.133755
KCRDK,91,40,1,0.299485,0.089423,0.104178
BA,91,40,9,0.642134,0.266323,0.374918
KCRDK,91,40,1,0.350609,0.09303,0.148428
BA,91,40,12,1.23569,0.557817,0.67625
KCRDK,91,40,1,0.356131,0.105843,0.124702
BA,91,40,2,0.131929,0.03014,0.101639
KCRDK,91,40,1,0.298455,0.089065,0.101901
BA,91,40,3,0.173678,0.046873,0.1265
KCRDK,91,40,1,0.297215,0.086863,0.104241
BA,91,40,2,0.109504,0.024669,0.084659
KCRDK,91,40,1,0.454654,0.134481,0.152153
BA,91,40,10,0.954888,0.383203,0.57026
KCRDK,91,40,1,0.424171,0.11893,0.149423
BA,91,40,4,0.357499,0.114811,0.242196
KCRDK,91,40,2,0.729439,0.212348,0.221097
BA,91,40,3,0.256683,0.073332,0.182975
KCRDK,91,40,2,0.556569,0.169714,0.170862
BA,91,40,16,1.33986,0.681697,0.65645
KCRDK,91,40,1,0.353763,0.102465,0.127072
BA,91,40,14,1.29745,0.630203,0.665681
KCRDK,91,40,1,0.298349,0.089252,0.106083
BA,91,40,5,0.316553,0.088063,0.228051
KCRDK,91,40,4,0.912342,0.263715,0.280263
BA,91,40,2,0.109284,0.025273,0.083838
KCRDK,91,40,1,0.250844,0.082936,0.091859
BA,91,40,13,0.995191,0.45839,0.535569
KCRDK,91,40,1,0.302073,0.090623,0.106491
BA,91,40,13,1.03296,0.489533,0.542099
KCRDK,91,40,1,0.298271,0.088218,0.105188
BA,91,40,2,0.107403,0.024311,0.082912
KCRDK,91,40,1,0.309318,0.092365,0.102865
BA,91,40,3,0.174288,0.049993,0.124036
KCRDK,91,40,1,0.450425,0.136299,0.155576
BA,91,60,3,0.247461,0.044937,0.202161
KCRDK,91,60,2,0.589998,0.167274,0.189655
BA,91,60,18,1.62992,0.86285,0.765141
KCRDK,91,60,1,0.345202,0.101979,0.120036
BA,91,60,7,0.567472,0.204038,0.362759
KCRDK,91,60,7,1.52854,0.432088,0.44977
BA,91,60,16,1.39788,0.697171,0.698966
KCRDK,91,60,1,0.344064,0.088794,0.107858
BA,91,60,3,0.174372,0.0491,0.124998
KCRDK,91,60,2,0.799333,0.213315,0.220492
BA,91,60,4,0.330134,0.08049,0.24921
KCRDK,91,60,1,0.449094,0.13616,0.147466
BA,91,60,4,0.34857,0.10765,0.240407
KCRDK,91,60,1,0.301153,0.084116,0.110961
BA,91,60,3,0.222164,0.063521,0.158298
KCRDK,91,60,2,0.721413,0.209345,0.208819
BA,91,60,2,0.153247,0.040567,0.112502
KCRDK,91,60,1,0.351814,0.101132,0.123916
BA,91,60,13,1.07937,0.509813,0.568136
KCRDK,91,60,1,0.341012,0.099111,0.115713
BA,91,60,10,0.757788,0.312513,0.444339
KCRDK,91,60,1,0.297773,0.091169,0.100074
BA,91,60,4,0.248166,0.075342,0.17246
KCRDK,91,60,2,0.771111,0.218349,0.237072
BA,91,60,14,1.40837,0.666775,0.739647
KCRDK,91,60,1,0.42587,0.133329,0.140352
BA,91,60,2,0.142957,0.035093,0.107679
KCRDK,91,60,1,0.480235,0.13005,0.143592
BA,91,60,9,0.850621,0.338244,0.511166
KCRDK,91,60,1,0.430572,0.124626,0.141095
BA,91,60,7,0.621554,0.209136,0.411475
KCRDK,91,60,1,0.337919,0.097794,0.119484
BA,91,60,20,2.69986,1.82439,0.873362
KCRDK,91,60,1,0.435267,0.130988,0.149814
BA,91,60,3,0.235418,0.0429,0.19224
KCRDK,91,60,1,0.397827,0.10786,0.119571
BA,91,60,2,0.157343,0.031448,0.125712
KCRDK,91,60,1,0.30156,0.090647,0.104496
BA,91,60,3,0.178725,0.049992,0.128466
KCRDK,91,60,1,0.350345,0.102227,0.125458
BA,91,60,7,0.468401,0.175287,0.292458
KCRDK,91,60,1,0.296341,0.088848,0.103914
BA,91,60,9,0.632206,0.256881,0.374456
KCRDK,91,60,1,0.294992,0.087243,0.104526
BA,91,60,17,1.47749,0.762725,0.712886
KCRDK,91,60,1,0.300109,0.088603,0.108018
BA,91,60,9,0.635757,0.261985,0.372809
KCRDK,91,60,1,0.453735,0.133395,0.154729
BA,91,60,13,1.40184,0.630122,0.76962
KCRDK,91,60,1,0.411859,0.116954,0.144749
BA,91,60,3,0.212921,0.061801,0.150824
KCRDK,91,60,1,0.421356,0.122383,0.146306
BA,91,60,2,0.148251,0.035315,0.112732
KCRDK,91,60,1,0.424519,0.124416,0.143797
BA,91,60,2,0.145897,0.03596,0.109744
KCRDK,91,60,1,0.461244,0.132037,0.15532
BA,91,60,17,1.8545,0.941562,0.910721
KCRDK,91,60,1,0.425652,0.126253,0.141863
BA,91,60,2,0.14868,0.035104,0.113454
KCRDK,91,60,1,0.45392,0.132766,0.154341
BA,91,60,4,0.331116,0.103938,0.226537
KCRDK,91,60,2,0.671826,0.209181,0.210924
BA,91,60,3,0.231865,0.069136,0.162451
KCRDK,91,60,1,0.317465,0.093535,0.109166
BA,91,60,5,0.31781,0.107205,0.210114
KCRDK,91,60,2,0.448363,0.131508,0.149558
BA,91,60,17,1.52816,0.825231,0.700871
KCRDK,91,60,1,0.359975,0.106482,0.1289
BA,91,60,4,0.285153,0.06829,0.21654
KCRDK,91,60,2,0.492923,0.144303,0.152208
BA,91,60,5,0.315842,0.10738,0.208027
KCRDK,91,60,1,0.300335,0.091982,0.102469
BA,91,60,5,0.320158,0.109152,0.210486
KCRDK,91,60,4,0.918381,0.261922,0.271698
BA,91,60,24,24.6514,23.5593,1.08931
KCRDK,91,60,1,0.298284,0.086769,0.106134
BA,91,60,4,0.235885,0.072425,0.163068
KCRDK,91,60,1,0.295342,0.090022,0.100615
BA,91,60,11,0.825634,0.365658,0.45886
KCRDK,91,60,1,0.29516,0.094019,0.096962
BA,91,60,15,1.27476,0.650087,0.623081
KCRDK,91,60,1,0.355767,0.104977,0.130761
BA,91,60,23,10.4553,9.40123,1.05148
KCRDK,91,60,1,0.435717,0.131436,0.146036
BA,91,60,14,1.53053,0.692025,0.836321
KCRDK,91,60,1,0.433466,0.124997,0.145469
BA,91,60,13,1.32488,0.593299,0.729677
KCRDK,91,60,1,0.430914,0.128162,0.146147
BA,91,60,13,1.32986,0.600184,0.727867
KCRDK,91,60,1,0.34949,0.100708,0.125437
BA,91,60,2,0.132019,0.029241,0.10262
KCRDK,91,60,1,0.303841,0.08942,0.106057
BA,91,60,10,0.723703,0.305558,0.417131
KCRDK,91,60,1,0.300277,0.088385,0.106074
BA,91,60,4,0.243627,0.076707,0.166583
KCRDK,91,60,2,0.779752,0.220749,0.248037
BA,91,60,17,1.88643,0.950163,0.910594
KCRDK,91,60,1,0.431085,0.130132,0.142098
BA,91,60,16,1.80596,0.877785,0.925583
KCRDK,91,60,1,0.428619,0.12642,0.144595
BA,91,60,6,0.522353,0.184128,0.337358
KCRDK,91,60,7,1.56516,0.432823,0.44197
BA,91,60,2,0.111354,0.026626,0.084597
KCRDK,91,60,1,0.454617,0.13339,0.151025
BA,91,60,2,0.147344,0.034521,0.112612
KCRDK,91,60,1,0.430922,0.132102,0.14295
BA,91,60,9,0.817225,0.320782,0.495429
KCRDK,91,60,1,0.448807,0.125343,0.16746
BA,91,60,4,0.332835,0.106538,0.225904
KCRDK,91,60,2,0.501591,0.155341,0.149548
BA,91,60,2,0.111161,0.025883,0.085116
KCRDK,91,60,1,0.293837,0.087308,0.102064
BA,91,60,13,1.03277,0.495372,0.536027
KCRDK,91,60,1,0.315058,0.0926,0.118625
BA,91,60,2,0.110646,0.025904,0.084603
KCRDK,91,60,1,0.296302,0.096692,0.093562
BA,91,60,3,0.177159,0.0485,0.128475
KCRDK,91,60,2,0.513036,0.15408,0.153315
BA,91,60,4,0.247102,0.081392,0.165404
KCRDK,91,60,1,0.264248,0.073659,0.0862
BA,91,60,5,0.308013,0.100396,0.207216
KCRDK,91,60,2,0.511676,0.145677,0.162208
BA,91,60,3,0.176489,0.03271,0.143531
KCRDK,91,60,2,0.512347,0.148249,0.163425
BA,91,60,14,1.15168,0.57159,0.57876
KCRDK,91,60,1,0.362066,0.10248,0.129101
BA,91,60,3,0.176495,0.048854,0.127354
KCRDK,91,60,1,0.291894,0.087405,0.100926
BA,91,60,13,0.96299,0.439798,0.52211
KCRDK,91,60,1,0.396927,0.105386,0.127366
BA,91,60,13,1.02994,0.479071,0.54963
KCRDK,91,60,1,0.336577,0.092853,0.10283
BA,91,60,11,0.812826,0.352413,0.459303
KCRDK,91,60,1,0.395331,0.10425,0.126158
BA,91,60,22,8.84464,7.85357,0.9887
KCRDK,91,60,1,0.336463,0.089615,0.106259
BA,91,60,3,0.178626,0.052147,0.126263
KCRDK,91,60,1,0.505595,0.137314,0.15099
BA,91,60,14,1.43681,0.67988,0.755121
KCRDK,91,60,1,0.476851,0.133373,0.141691
BA,91,60,14,1.537,0.731215,0.803683
KCRDK,91,60,1,0.5129,0.13787,0.157355
BA,91,60,16,1.83567,0.882457,0.926613
KCRDK,91,60,1,0.477362,0.128068,0.143243
BA,91,60,4,0.314904,0.099724,0.21477
KCRDK,91,60,2,0.779979,0.223522,0.204411
BA,91,60,15,1.62497,0.764667,0.857962
KCRDK,91,60,1,0.433414,0.128455,0.147964
BA,91,60,4,0.325625,0.101441,0.223612
KCRDK,91,60,2,0.591941,0.169102,0.191977
BA,91,60,4,0.256165,0.080906,0.174914
KCRDK,91,60,2,0.774464,0.223318,0.232247
BA,91,60,14,1.48723,0.696702,0.788432
KCRDK,91,60,1,0.423543,0.125213,0.143432
BA,91,60,17,1.95112,0.985501,0.962831
KCRDK,91,60,1,0.418103,0.122146,0.151948
BA,91,60,4,0.335304,0.10605,0.228811
KCRDK,91,60,1,0.431577,0.12425,0.146179
BA,91,60,2,0.148078,0.034333,0.113519
KCRDK,91,60,1,0.449505,0.134891,0.150816
BA,91,60,3,0.252223,0.071376,0.180494
KCRDK,91,60,1,0.427232,0.120387,0.151184
BA,91,60,15,1.59948,0.73764,0.837209
KCRDK,91,60,1,0.455877,0.133978,0.153097
BA,91,60,11,1.12518,0.465346,0.658237
KCRDK,91,60,1,0.43156,0.128969,0.146884
BA,91,60,5,0.422236,0.140408,0.281162
KCRDK,91,60,3,0.959751,0.278731,0.282278
BA,91,60,4,0.33003,0.105803,0.223745
KCRDK,91,60,3,1.08081,0.308498,0.308658
BA,91,60,2,0.150176,0.035144,0.114822
KCRDK,91,60,1,0.297409,0.085872,0.106207
BA,91,60,6,0.387427,0.139919,0.246992
KCRDK,91,60,1,0.298928,0.09559,0.095039
BA,91,60,6,0.391416,0.140349,0.250542
KCRDK,91,60,1,0.320604,0.087727,0.123236
BA,91,60,23,10.8269,9.77972,1.04455
KCRDK,91,60,1,0.486709,0.130322,0.14532
BA,91,60,3,0.239566,0.068419,0.170837
KCRDK,91,60,1,0.374915,0.101433,0.115145
BA,91,60,16,1.36136,0.688374,0.671349
KCRDK,91,60,1,0.341797,0.093994,0.106136
BA,91,60,15,1.24279,0.619574,0.621707
KCRDK,91,60,1,0.333744,0.090815,0.103528
BA,91,60,3,0.176317,0.034198,0.141824
KCRDK,91,60,1,0.338853,0.090542,0.103896
BA,91,60,2,0.107724,0.024597,0.083
KCRDK,91,60,1,0.340474,0.093593,0.10279
BA,91,60,2,0.112165,0.02629,0.085709
KCRDK,91,60,1,0.337956,0.091042,0.103877
BA,91,60,2,0.11095,0.026012,0.084807
KCRDK,91,60,1,0.262921,0.079794,0.090922
BA,91,60,16,1.35471,0.687694,0.66542
KCRDK,91,60,1,0.346082,0.092391,0.108509
BA,91,60,11,0.82325,0.361027,0.461184
KCRDK,91,60,1,0.336232,0.091964,0.102523
BA,91,60,10,0.734864,0.320187,0.413602
KCRDK,91,60,1,0.397213,0.104801,0.127503
BA,91,60,13,1.04217,0.495124,0.545601
KCRDK,91,60,1,0.387708,0.099771,0.126816
BA,91,80,3,0.186727,0.037262,0.149263
KCRDK,91,80,1,0.296943,0.088366,0.101376
BA,91,80,12,0.919598,0.422927,0.495434
KCRDK,91,80,1,0.401238,0.114241,0.116107
BA,91,80,3,0.1834,0.053635,0.12949
KCRDK,91,80,2,0.758134,0.229831,0.214833
BA,91,80,2,0.151175,0.035763,0.115258
KCRDK,91,80,1,0.458434,0.135297,0.152405
BA,91,80,12,1.22081,0.516608,0.702342
KCRDK,91,80,1,0.431532,0.128235,0.14572
BA,91,80,9,0.727966,0.299766,0.42726
KCRDK,91,80,1,0.433948,0.133187,0.144269
BA,91,80,7,0.625774,0.227962,0.396922
KCRDK,91,80,2,0.583481,0.16406,0.184753
BA,91,80,3,0.177038,0.051774,0.125018
KCRDK,91,80,1,0.292918,0.087219,0.100819
BA,91,80,5,0.322954,0.111614,0.210925
KCRDK,91,80,3,0.713841,0.208975,0.208052
BA,91,80,7,0.470345,0.161955,0.307694
KCRDK,91,80,1,0.294214,0.094831,0.09428
BA,91,80,19,1.8214,1.00644,0.794554
KCRDK,91,80,1,0.353881,0.102547,0.127547
BA,91,80,16,1.356,0.705585,0.648789
KCRDK,91,80,1,0.291579,0.084122,0.103426
BA,91,80,2,0.111279,0.025282,0.085876
KCRDK,91,80,1,0.293302,0.092935,0.094537
BA,91,80,4,0.223831,0.069497,0.153983
KCRDK,91,80,1,0.3028,0.090824,0.104493
BA,91,80,5,0.31497,0.106166,0.208436
KCRDK,91,80,3,0.689672,0.199795,0.205412
BA,91,80,14,1.12002,0.539154,0.579325
KCRDK,91,80,1,0.300316,0.09004,0.106368
BA,91,80,2,0.110085,0.025709,0.08423
KCRDK,91,80,1,0.294931,0.086491,0.104231
BA,91,80,11,0.813181,0.353059,0.458961
KCRDK,91,80,1,0.354132,0.103471,0.12756
BA,91,80,10,0.765092,0.322564,0.441586
KCRDK,91,80,1,0.451845,0.130243,0.156893
BA,91,80,2,0.150428,0.03622,0.114044
KCRDK,91,80,1,0.31945,0.092599,0.109411
BA,91,80,16,1.3852,0.717903,0.665546
KCRDK,91,80,1,0.300321,0.088257,0.107115
BA,91,80,3,0.174118,0.049751,0.12409
KCRDK,91,80,2,0.512887,0.154148,0.152554
BA,91,80,6,0.395281,0.142793,0.251908
KCRDK,91,80,1,0.289994,0.087254,0.101393
BA,91,80,12,0.916658,0.410139,0.505384
KCRDK,91,80,1,0.316314,0.088707,0.121148
BA,91,80,3,0.177624,0.049979,0.127433
KCRDK,91,80,1,0.291251,0.089683,0.097137
BA,91,80,3,0.174316,0.04924,0.124807
KCRDK,91,80,2,0.772445,0.220541,0.237891
BA,91,80,4,0.360515,0.088908,0.27114
KCRDK,91,80,1,0.431747,0.129959,0.146803
BA,91,80,15,1.55639,0.74254,0.789669
KCRDK,91,80,1,0.349706,0.102118,0.124483
BA,91,80,3,0.209708,0.05755,0.151827
KCRDK,91,80,2,0.509139,0.145589,0.160717
BA,91,80,7,0.465795,0.173555,0.291617
KCRDK,91,80,6,1.81798,0.527535,0.52371
BA,91,80,2,0.150892,0.036702,0.113985
KCRDK,91,80,1,0.300609,0.089856,0.105047
BA,91,80,3,0.175337,0.049551,0.125492
KCRDK,91,80,1,0.30443,0.088871,0.104841
BA,91,80,11,0.810205,0.349465,0.459696
KCRDK,91,80,2,0.500228,0.142947,0.160815
BA,91,80,4,0.249841,0.080285,0.169228
KCRDK,91,80,2,0.493346,0.136797,0.157054
BA,91,80,15,1.27052,0.655037,0.613968
KCRDK,91,80,1,0.356561,0.102796,0.129718
BA,91,80,16,1.509,0.759591,0.747781
KCRDK,91,80,1,0.298717,0.087889,0.106671
BA,91,80,22,12.7556,11.8111,0.942146
KCRDK,91,80,1,0.35335,0.101019,0.128827
BA,91,80,12,0.948029,0.417336,0.529408
KCRDK,91,80,1,0.299404,0.088885,0.105746
BA,91,80,15,1.28001,0.65445,0.623979
KCRDK,91,80,1,0.298515,0.087772,0.105317
BA,91,80,3,0.175924,0.050314,0.125332
KCRDK,91,80,1,0.299819,0.096561,0.096076
BA,91,80,27,31.5231,30.3625,1.15755
KCRDK,91,80,2,0.50737,0.147715,0.162984
BA,91,80,4,0.244136,0.058695,0.185132
KCRDK,91,80,2,0.529315,0.14766,0.179426
BA,91,80,6,0.394727,0.141084,0.253118
KCRDK,91,80,5,1.1334,0.318926,0.330696
BA,91,80,3,0.176813,0.049596,0.126996
KCRDK,91,80,2,0.766337,0.229541,0.223927
BA,91,80,3,0.235905,0.040109,0.195465
KCRDK,91,80,2,0.509706,0.147463,0.162408
BA,91,80,7,0.468595,0.176797,0.291214
KCRDK,91,80,1,0.296583,0.094306,0.098843
BA,91,80,3,0.177026,0.050556,0.126237
KCRDK,91,80,1,0.293249,0.083347,0.102446
BA,91,80,11,0.807328,0.33895,0.467324
KCRDK,91,80,1,0.298375,0.088706,0.103938
BA,91,80,3,0.176633,0.028932,0.147489
KCRDK,91,80,1,0.294365,0.087509,0.102051
BA,91,80,5,0.318295,0.110076,0.207802
KCRDK,91,80,2,0.506273,0.144856,0.157591
BA,91,80,5,0.314508,0.109365,0.20477
KCRDK,91,80,2,0.784844,0.219771,0.246338
BA,91,80,8,0.741223,0.265255,0.474804
KCRDK,91,80,2,0.590772,0.168392,0.191333
BA,91,80,16,1.33724,0.663467,0.672217
KCRDK,91,80,1,0.299567,0.094975,0.099261
BA,91,80,2,0.109206,0.024965,0.084091
KCRDK,91,80,1,0.302078,0.087469,0.105497
BA,91,80,4,0.241182,0.05861,0.182279
KCRDK,91,80,2,0.779591,0.239884,0.218527
BA,91,80,10,0.953238,0.390871,0.560938
KCRDK,91,80,1,0.355631,0.102541,0.124889
BA,91,80,2,0.131156,0.02845,0.102565
KCRDK,91,80,1,0.444383,0.131264,0.164009
BA,91,80,5,0.394173,0.131513,0.262043
KCRDK,91,80,3,1.05077,0.289776,0.313935
BA,91,80,4,0.327428,0.10358,0.223372
KCRDK,91,80,2,0.578626,0.165112,0.184082
BA,91,80,3,0.176222,0.051651,0.124322
KCRDK,91,80,2,0.510077,0.147032,0.161419
BA,91,80,3,0.17853,0.049865,0.128469
KCRDK,91,80,2,0.507326,0.145292,0.160146
BA,91,80,11,0.828184,0.354171,0.454692
KCRDK,91,80,1,0.270652,0.081174,0.091001
BA,91,80,3,0.175752,0.052064,0.123429
KCRDK,91,80,2,0.508254,0.148545,0.159936
BA,91,80,3,0.17946,0.053789,0.125435
KCRDK,91,80,1,0.453235,0.13265,0.154436
BA,91,80,15,1.64099,0.774124,0.864543
KCRDK,91,80,1,0.426904,0.135896,0.135138
BA,91,80,4,0.326713,0.075766,0.250435
KCRDK,91,80,2,0.735551,0.212161,0.228989
BA,91,80,9,0.855155,0.349282,0.504363
KCRDK,91,80,1,0.351539,0.101777,0.126887
BA,91,80,2,0.132245,0.028913,0.103143
KCRDK,91,80,1,0.296359,0.088335,0.099424
BA,91,80,2,0.107425,0.022778,0.084523
KCRDK,91,80,1,0.4355,0.124666,0.151018
BA,91,80,5,0.43783,0.15016,0.286978
KCRDK,91,80,2,0.596261,0.167641,0.190524
BA,91,80,5,0.315057,0.107053,0.207536
KCRDK,91,80,2,0.722448,0.202962,0.218838
BA,91,80,13,1.37798,0.646748,0.729471
KCRDK,91,80,1,0.428205,0.128837,0.139255
BA,91,80,4,0.331786,0.105428,0.225866
KCRDK,91,80,3,1.05582,0.292412,0.320548
BA,91,80,7,0.556161,0.207388,0.347799
KCRDK,91,80,1,0.415323,0.118266,0.138482
BA,91,80,3,0.235645,0.068454,0.166815
KCRDK,91,80,1,0.347185,0.099631,0.121365
BA,91,80,4,0.243733,0.075546,0.167808
KCRDK,91,80,2,0.75821,0.216549,0.231432
BA,91,80,14,1.3831,0.667176,0.713683
KCRDK,91,80,1,0.422721,0.129305,0.146986
BA,91,80,6,0.527024,0.189665,0.336736
KCRDK,91,80,5,1.24006,0.341686,0.361589
BA,91,80,11,0.811943,0.337109,0.473809
KCRDK,91,80,1,0.40268,0.120671,0.140805
BA,91,80,17,2.05246,1.05039,0.999376
KCRDK,91,80,1,0.426463,0.128548,0.140422
BA,91,80,9,0.842669,0.329504,0.51186
KCRDK,91,80,2,0.757614,0.225145,0.219926
BA,91,80,8,0.694687,0.26763,0.426059
KCRDK,91,80,1,0.425461,0.126885,0.150052
BA,91,80,13,1.35594,0.628104,0.726
KCRDK,91,80,1,0.42725,0.125725,0.1444
BA,91,80,4,0.334882,0.10625,0.228124
KCRDK,91,80,2,0.782798,0.222797,0.237085
BA,91,80,3,0.222819,0.067724,0.154771
KCRDK,91,80,1,0.435083,0.138263,0.141076
BA,91,80,3,0.240793,0.042037,0.198503
KCRDK,91,80,1,0.305336,0.090146,0.105954
BA,91,80,12,0.921923,0.424372,0.496376
KCRDK,91,80,1,0.298089,0.087741,0.106106
BA,91,80,5,0.316352,0.08881,0.227136
KCRDK,91,80,1,0.446354,0.138311,0.15797
BA,91,80,2,0.148669,0.034772,0.113753
KCRDK,91,80,1,0.316108,0.092833,0.105894
BA,91,80,12,0.944379,0.407274,0.535965
KCRDK,91,80,1,0.455683,0.136187,0.152297
BA,91,80,3,0.255083,0.07272,0.182023
KCRDK,91,80,1,0.428072,0.128254,0.145545
BA,91,80,8,0.711186,0.273968,0.436274
KCRDK,91,80,2,0.710942,0.206716,0.212263
BA,91,80,8,0.73451,0.284402,0.448972
KCRDK,91,80,1,0.42888,0.128476,0.145044
BA,91,80,3,0.237445,0.06876,0.168379
KCRDK,91,80,2,0.613208,0.165096,0.183843
BA,91,80,3,0.237941,0.068534,0.169073
KCRDK,91,80,1,0.355585,0.104354,0.123975
BA,91,80,11,0.868673,0.37001,0.497489
KCRDK,91,80,1,0.347516,0.102963,0.121383
BA,91,80,9,0.662283,0.264703,0.396677
KCRDK,91,80,1,0.301416,0.097253,0.09662
BA,91,80,16,1.37444,0.703955,0.669003
KCRDK,91,80,1,0.457772,0.133425,0.155114
BA,91,80,3,0.256412,0.07292,0.183105
KCRDK,91,80,1,0.456912,0.136182,0.15257
BA,91,80,12,1.13503,0.492974,0.640511
KCRDK,91,80,1,0.420416,0.120047,0.149498
BA,91,100,4,0.364681,0.115852,0.248266
KCRDK,91,100,2,0.59677,0.16851,0.190445
BA,91,100,9,0.632559,0.25918,0.372557
KCRDK,91,100,1,0.297884,0.087336,0.106614
BA,91,100,4,0.2443,0.07684,0.167084
KCRDK,91,100,2,0.497101,0.143623,0.156843
BA,91,100,11,0.822758,0.366712,0.454941
KCRDK,91,100,1,0.354737,0.103078,0.127909
BA,91,100,15,1.4353,0.725413,0.708296
KCRDK,91,100,1,0.296902,0.08698,0.105565
BA,91,100,4,0.245399,0.078776,0.166247
KCRDK,91,100,2,0.592225,0.166622,0.190701
BA,91,100,2,0.110073,0.026965,0.082998
KCRDK,91,100,1,0.303704,0.099013,0.098545
BA,91,100,2,0.115947,0.03026,0.08557
KCRDK,91,100,1,0.297514,0.088581,0.101247
BA,91,100,12,0.894285,0.39394,0.499105
KCRDK,91,100,1,0.294085,0.089552,0.10078
BA,91,100,4,0.245279,0.077244,0.167674
KCRDK,91,100,1,0.314336,0.084213,0.111555
BA,91,100,3,0.191,0.058432,0.132322
KCRDK,91,100,2,0.515083,0.146516,0.163544
BA,91,100,4,0.247512,0.080292,0.166882
KCRDK,91,100,2,0.511356,0.146996,0.161744
BA,91,100,11,0.787272,0.330167,0.456111
KCRDK,91,100,1,0.291793,0.084188,0.102589
BA,91,100,4,0.246234,0.078229,0.167639
KCRDK,91,100,2,0.517015,0.148281,0.163244
BA,91,100,5,0.319224,0.109918,0.208824
KCRDK,91,100,2,0.502514,0.14545,0.159942
BA,91,100,5,0.319525,0.11085,0.208219
KCRDK,91,100,2,0.57427,0.162436,0.182571
BA,91,100,14,1.16049,0.559514,0.599506
KCRDK,91,100,1,0.296961,0.091704,0.10196
BA,91,100,16,1.39503,0.727653,0.665622
KCRDK,91,100,1,0.298502,0.088293,0.105919
BA,91,100,12,0.913392,0.414185,0.498007
KCRDK,91,100,1,0.296515,0.089058,0.105098
BA,91,100,9,0.595878,0.242858,0.352263
KCRDK,91,100,1,0.34541,0.09899,0.124691
BA,91,100,10,0.859072,0.3536,0.50444
KCRDK,91,100,1,0.352867,0.102235,0.127208
BA,91,100,17,1.61512,0.835616,0.777704
KCRDK,91,100,1,0.35141,0.10174,0.126282
BA,91,100,3,0.207878,0.035376,0.172262
KCRDK,91,100,1,0.353451,0.110737,0.113813
BA,91,100,2,0.109003,0.024284,0.084546
KCRDK,91,100,1,0.43736,0.132953,0.150794
BA,91,100,6,0.575793,0.204608,0.370316
KCRDK,91,100,1,0.428119,0.128808,0.142509
BA,91,100,3,0.23692,0.068788,0.167824
KCRDK,91,100,2,0.723837,0.210088,0.213944
BA,91,100,13,1.28442,0.587375,0.695392
KCRDK,91,100,1,0.386106,0.115252,0.130433
BA,91,100,20,2.61055,1.47296,1.13442
KCRDK,91,100,1,0.426199,0.125004,0.144551
BA,91,100,11,1.08002,0.453793,0.624559
KCRDK,91,100,1,0.430699,0.127301,0.143981
BA,91,100,3,0.237913,0.065912,0.171666
KCRDK,91,100,2,0.689674,0.187969,0.219442
BA,91,100,3,0.239427,0.068819,0.170255
KCRDK,91,100,2,0.732628,0.217521,0.208739
BA,91,100,3,0.241258,0.070194,0.1707
KCRDK,91,100,2,0.782792,0.227013,0.239791
BA,91,100,3,0.188941,0.049862,0.138891
KCRDK,91,100,1,0.382483,0.116723,0.127541
BA,91,100,8,0.741655,0.276774,0.463635
KCRDK,91,100,1,0.422741,0.127239,0.140038
BA,91,100,3,0.240749,0.071289,0.169183
KCRDK,91,100,2,0.73511,0.207986,0.224698
BA,91,100,4,0.33741,0.111437,0.225458
KCRDK,91,100,2,0.696619,0.208266,0.21712
BA,91,100,7,0.622052,0.226407,0.394622
KCRDK,91,100,4,1.0743,0.306306,0.3346
BA,91,100,6,0.394178,0.144702,0.249005
KCRDK,91,100,1,0.346708,0.101074,0.121775
BA,91,100,3,0.17515,0.049629,0.125273
KCRDK,91,100,2,0.585649,0.164735,0.193391
BA,91,100,14,1.14084,0.548532,0.591026
KCRDK,91,100,1,0.353184,0.106745,0.122671
BA,91,100,13,1.16877,0.539218,0.627841
KCRDK,91,100,1,0.353456,0.102221,0.127093
BA,91,100,12,1.0546,0.473954,0.579382
KCRDK,91,100,1,0.299883,0.089792,0.10686
BA,91,100,11,0.803489,0.345898,0.456563
KCRDK,91,100,1,0.300591,0.086539,0.104747
BA,91,100,13,1.03389,0.470212,0.562384
KCRDK,91,100,1,0.352469,0.105505,0.122648
BA,91,100,4,0.270756,0.083798,0.186614
KCRDK,91,100,2,0.548875,0.155175,0.173252
BA,91,100,3,0.179069,0.052275,0.126561
KCRDK,91,100,1,0.298802,0.087214,0.10539
BA,91,100,2,0.10725,0.024272,0.082826
KCRDK,91,100,1,0.487274,0.135304,0.177916
BA,91,100,4,0.329911,0.10577,0.223665
KCRDK,91,100,2,0.72605,0.206196,0.222336
BA,91,100,4,0.332565,0.108491,0.223564
KCRDK,91,100,2,0.72034,0.203094,0.223868
BA,91,100,6,0.533023,0.189875,0.342357
KCRDK,91,100,4,1.34065,0.373836,0.392149
BA,91,100,13,1.32707,0.592129,0.732955
KCRDK,91,100,1,0.427923,0.125456,0.143452
BA,91,100,15,1.59331,0.752336,0.838748
KCRDK,91,100,1,0.430983,0.13449,0.147632
BA,91,100,3,0.216812,0.072372,0.144081
KCRDK,91,100,1,0.42293,0.120884,0.144986
BA,91,100,11,1.09203,0.465873,0.624582
KCRDK,91,100,1,0.459544,0.134138,0.158224
BA,91,100,2,0.158498,0.034677,0.12363
KCRDK,91,100,1,0.425686,0.125319,0.142462
BA,91,100,2,0.149805,0.035223,0.11425
KCRDK,91,100,1,0.343723,0.098911,0.121826
BA,91,100,4,0.298514,0.091786,0.206411
KCRDK,91,100,3,1.0952,0.320224,0.307767
BA,91,100,15,1.63424,0.736688,0.895289
KCRDK,91,100,1,0.42786,0.128341,0.144728
BA,91,100,2,0.147973,0.033763,0.114002
KCRDK,91,100,1,0.348316,0.101228,0.125239
BA,91,100,10,0.729201,0.294098,0.434223
KCRDK,91,100,1,0.30185,0.089754,0.104593
BA,91,100,2,0.109521,0.025283,0.084087
KCRDK,91,100,1,0.455879,0.134952,0.153313
BA,91,100,19,3.32362,2.22885,1.08352
KCRDK,91,100,1,0.359857,0.114694,0.118438
BA,91,100,6,0.464221,0.14396,0.319696
KCRDK,91,100,5,1.11939,0.317574,0.323202
BA,91,100,15,1.25503,0.629816,0.623705
KCRDK,91,100,1,0.298004,0.089515,0.105379
BA,91,100,14,1.13433,0.555872,0.577031
KCRDK,91,100,1,0.346314,0.100615,0.127338
BA,91,100,3,0.207984,0.054708,0.152995
KCRDK,91,100,2,0.508135,0.145048,0.161945
BA,91,100,6,0.394519,0.142189,0.251843
KCRDK,91,100,1,0.464856,0.135252,0.154223
BA,91,100,3,0.255595,0.072803,0.182455
KCRDK,91,100,2,0.74238,0.211197,0.233263
BA,91,100,3,0.227688,0.070075,0.157238
KCRDK,91,100,1,0.426173,0.129267,0.143644
BA,91,100,3,0.236853,0.069204,0.167322
KCRDK,91,100,2,0.780053,0.223587,0.235609
BA,91,100,2,0.148818,0.035587,0.113028
KCRDK,91,100,1,0.480281,0.130075,0.143701
BA,91,100,12,1.12896,0.518251,0.609234
KCRDK,91,100,1,0.402499,0.125361,0.137176
BA,91,100,5,0.428095,0.147467,0.279938
KCRDK,91,100,3,0.827509,0.228705,0.265418
BA,91,100,12,0.92139,0.424222,0.495962
KCRDK,91,100,1,0.352581,0.103031,0.126426
BA,91,100,14,1.22652,0.570888,0.635844
KCRDK,91,100,1,0.293813,0.088329,0.102669
BA,91,100,16,1.39736,0.720981,0.674821
KCRDK,91,100,1,0.374415,0.102529,0.150027
BA,91,100,11,0.985269,0.383403,0.600639
KCRDK,91,100,1,0.297677,0.087868,0.105263
BA,91,100,4,0.243046,0.077225,0.165396
KCRDK,91,100,2,0.500008,0.152948,0.1487
BA,91,100,19,1.84565,1.0545,0.789275
KCRDK,91,100,1,0.359022,0.103702,0.130512
BA,91,100,12,0.943568,0.42646,0.515933
KCRDK,91,100,1,0.35676,0.102155,0.125347
BA,91,100,6,0.387711,0.138524,0.248662
KCRDK,91,100,4,0.914056,0.261841,0.286228
BA,91,100,14,1.11188,0.534972,0.575626
KCRDK,91,100,1,0.301917,0.091272,0.106472
BA,91,100,4,0.248048,0.07639,0.171392
KCRDK,91,100,5,1.1203,0.320447,0.335522
BA,91,100,18,1.61404,0.852721,0.759356
KCRDK,91,100,1,0.254123,0.068445,0.092287
BA,91,100,3,0.173451,0.048387,0.124809
KCRDK,91,100,2,0.755788,0.220685,0.226071
BA,91,100,3,0.251641,0.021972,0.229337
KCRDK,91,100,2,0.731041,0.210233,0.222047
BA,91,100,11,1.0688,0.375206,0.667553
KCRDK,91,100,1,0.423389,0.123646,0.140776
BA,91,100,2,0.144528,0.009964,0.134319
KCRDK,91,100,1,0.393703,0.117657,0.133668
BA,91,100,3,0.263746,0.080937,0.182559
KCRDK,91,100,1,0.429992,0.13099,0.133644
BA,91,100,5,0.425081,0.140197,0.284236
KCRDK,91,100,2,0.732311,0.212421,0.224021
BA,91,100,4,0.335985,0.108218,0.227249
KCRDK,91,100,4,1.32472,0.377619,0.392789
BA,91,100,4,0.330473,0.099865,0.230224
KCRDK,91,100,2,0.73589,0.217731,0.217073
BA,91,100,2,0.15274,0.039338,0.113205
KCRDK,91,100,1,0.406881,0.127331,0.131349
BA,91,100,12,1.17097,0.466288,0.702863
KCRDK,91,100,1,0.427067,0.128292,0.143618
BA,91,100,2,0.14407,0.037227,0.106654
KCRDK,91,100,1,0.457887,0.134222,0.152238
BA,91,100,15,1.64205,0.794578,0.845293
KCRDK,91,100,1,0.455738,0.136431,0.151493
BA,91,100,7,0.67833,0.251699,0.425407
KCRDK,91,100,1,0.427397,0.126717,0.14519
BA,91,100,4,0.332763,0.100364,0.231946
KCRDK,91,100,2,0.733556,0.212799,0.221747
BA,91,100,4,0.336337,0.107135,0.228704
KCRDK,91,100,2,0.772428,0.222472,0.234639
BA,91,100,4,0.305012,0.100825,0.2038
KCRDK,91,100,2,0.601245,0.167641,0.195833
