Gamma, tau, nb_path_to_select, limit_number_paths, time_master_KCRDKL, time_subproblem_KCRDKL, time_master_KCUD, time_subproblem_KCUD, time_master_KCHOGL, time_subproblem_KCHOGL
1,100,500,500,0.00655,0.001582,0.006492,0.00032,0.004501,2.91081
1,100,1000,500,0.005042,0.000938,0.00549,0.000261,0.004717,2.90516
1,100,1500,500,0.005768,0.000954,0.00519,0.000329,0.005128,2.99716
11,100,500,500,0.007409,0.002428,0.009077,0.004132,0.00755,1.06078
11,100,1000,500,0.007119,0.00306,0.007185,0.001727,0.006694,1.04609
11,100,1500,500,0.006364,0.002586,0.005507,0.001701,0.006119,0.994572
21,100,500,500,0.015701,0.007441,0.009993,0.007247,0.008153,1.96918
21,100,1000,500,0.01077,0.00764,0.008675,0.005576,0.008802,1.96019
21,100,1500,500,0.009522,0.007272,0.010302,0.004504,0.007912,1.9342
31,100,500,500,0.013591,0.013604,0.010446,0.010762,0.013574,1.93778
31,100,1000,500,0.012221,0.013071,0.010424,0.011033,0.013437,1.92754
31,100,1500,500,0.014714,0.012132,0.011874,0.010587,0.01207,1.93996
41,100,500,500,0.019288,0.024176,0.017102,0.018573,0.017076,2.0603
41,100,1000,500,0.020691,0.033156,0.016039,0.020047,0.016862,2.1974
41,100,1500,500,0.020937,0.022769,0.01484,0.018352,0.019013,2.00922
51,100,500,500,0.028885,0.037581,0.026729,0.030454,0.025456,2.19677
51,100,1000,500,0.023867,0.034792,0.025905,0.027501,0.035562,2.20798
51,100,1500,500,0.036256,0.043546,0.023189,0.033737,0.023468,2.18839
61,100,500,500,0.047038,0.06521,0.028575,0.039699,0.043788,2.22789
61,100,1000,500,0.034156,0.048001,0.030216,0.038194,0.030459,2.05895
61,100,1500,500,0.035124,0.053399,0.046254,0.067856,0.041608,2.32294
71,100,500,500,0.04421,0.067533,0.048959,0.054237,0.040535,2.16922
71,100,1000,500,0.054408,0.073723,0.057033,0.071648,0.047431,2.27643
71,100,1500,500,0.056528,0.083547,0.037816,0.053803,0.058171,2.24118
81,100,500,500,0.07166,0.088273,0.05923,0.072814,0.046511,2.09924
81,100,1000,500,0.06657,0.093729,0.058631,0.090998,0.048701,2.31532
81,100,1500,500,0.049234,0.064808,0.057066,0.112942,0.064405,2.54269
91,100,500,500,0.084722,0.12293,0.065807,0.115015,0.0568,2.2973
91,100,1000,500,0.057755,0.092916,0.083799,0.119239,0.077711,2.36247
91,100,1500,500,0.056886,0.091202,0.05353,0.085084,0.061967,2.34103
1,100,500,500,0.003142,0.00211,0.002664,0.000214,0.003718,2.4609
1,100,1000,500,0.00321,0.00079,0.003269,0.000133,0.003138,2.23177
1,100,1500,500,0.002889,0.000929,0.002589,0.000164,0.002569,2.27421
11,100,500,500,0.009058,0.005141,0.011613,0.005015,0.010963,3.4211
11,100,1000,500,0.008463,0.004278,0.010566,0.004618,0.008813,3.39382
11,100,1500,500,0.008502,0.003948,0.010058,0.002636,0.007476,3.3123
21,100,500,500,0.049065,0.037647,0.024436,0.018041,0.034973,7.83635
21,100,1000,500,0.041436,0.030597,0.016272,0.008504,0.041598,7.91088
21,100,1500,500,0.056999,0.043495,0.027671,0.015049,0.042953,7.92455
31,100,500,500,0.023935,0.018795,0.022315,0.017945,0.01763,3.16626
31,100,1000,500,0.022513,0.022833,0.028398,0.022306,0.023324,3.38306
31,100,1500,500,0.020245,0.020374,0.021981,0.017659,0.018871,3.1103
41,100,500,500,0.077417,0.087169,0.029684,0.030563,0.065631,7.15567
41,100,1000,500,0.070553,0.094749,0.029555,0.027777,0.089863,8.25443
41,100,1500,500,0.095095,0.113649,0.04017,0.04474,0.095502,8.33316
51,100,500,500,0.133723,0.156061,0.052482,0.068142,0.129971,8.36505
51,100,1000,500,0.128506,0.171347,0.06036,0.063371,0.0955,7.12783
51,100,1500,500,0.091248,0.131663,0.036744,0.045284,0.096209,6.94021
61,100,500,500,0.047885,0.068208,0.047393,0.061585,0.045899,2.97743
61,100,1000,500,0.050305,0.063762,0.046835,0.060794,0.046484,2.97243
61,100,1500,500,0.048668,0.064276,0.048854,0.060534,0.046886,2.97503
71,100,500,500,0.059646,0.083144,0.06323,0.079834,0.061417,2.98148
71,100,1000,500,0.059842,0.084861,0.059795,0.088398,0.063336,3.05204
71,100,1500,500,0.064659,0.086053,0.083184,0.09974,0.07434,3.17127
81,100,500,500,0.079031,0.104716,0.072966,0.100787,0.102686,3.26694
81,100,1000,500,0.0717,0.104026,0.083452,0.112431,0.074588,3.14614
81,100,1500,500,0.071978,0.103974,0.079168,0.101119,0.072578,3.02304
91,100,500,500,0.087775,0.125959,0.089324,0.129874,0.083857,3.05907
91,100,1000,500,0.087783,0.12949,0.088287,0.120674,0.084324,3.03482
91,100,1500,500,0.085512,0.127939,0.113654,0.123443,0.084776,3.04454
1,100,500,500,0.005695,0.001154,0.004541,0.000195,0.002969,0.114824
1,100,1000,500,0.004028,0.000386,0.005756,0.000296,0.003596,0.113952
1,100,1500,500,0.003803,0.000381,0.006172,0.000305,0.003175,0.113994
11,100,500,500,0.006586,0.004012,0.005052,0.001832,0.005709,1.95216
11,100,1000,500,0.006346,0.003232,0.005823,0.001719,0.005493,1.95021
11,100,1500,500,0.006368,0.003278,0.004859,0.0018,0.00602,1.95066
21,100,500,500,0.009324,0.006776,0.008782,0.005548,0.007356,1.96019
21,100,1000,500,0.009551,0.007525,0.009662,0.00587,0.007843,1.95132
21,100,1500,500,0.010717,0.006551,0.00876,0.005804,0.007525,1.94378
31,100,500,500,0.01425,0.013792,0.010617,0.010177,0.011878,1.96072
31,100,1000,500,0.014603,0.013687,0.010995,0.010109,0.014144,1.95116
31,100,1500,500,0.013274,0.013315,0.011624,0.011376,0.012454,1.95548
41,100,500,500,0.018036,0.023505,0.014877,0.017106,0.016764,1.98381
41,100,1000,500,0.016947,0.022562,0.015953,0.018307,0.018207,2.11457
41,100,1500,500,0.019429,0.022824,0.018742,0.021272,0.017652,2.07714
51,100,500,500,0.025247,0.034232,0.023954,0.029922,0.029895,1.96561
51,100,1000,500,0.02552,0.034238,0.022592,0.028855,0.022484,1.95401
51,100,1500,500,0.023963,0.033651,0.022988,0.02935,0.023281,1.95146
61,100,500,500,0.03186,0.043316,0.028881,0.041048,0.030036,1.96584
61,100,1000,500,0.041828,0.044214,0.029854,0.038328,0.029327,1.95135
61,100,1500,500,0.034622,0.043933,0.028642,0.038033,0.033922,1.95254
71,100,500,500,0.038783,0.055068,0.037041,0.052441,0.041389,1.96279
71,100,1000,500,0.041434,0.051374,0.038849,0.050671,0.04105,1.96845
71,100,1500,500,0.03706,0.054413,0.039986,0.048207,0.037922,1.96441
81,100,500,500,0.048428,0.072455,0.044024,0.064003,0.045735,1.99446
81,100,1000,500,0.047433,0.068604,0.056298,0.080067,0.043846,2.0094
81,100,1500,500,0.045314,0.070335,0.045753,0.067813,0.043527,2.00453
91,100,500,500,0.055853,0.094161,0.05253,0.080342,0.052781,2.01327
91,100,1000,500,0.054446,0.082842,0.051548,0.080134,0.053685,2.01522
91,100,1500,500,0.059324,0.085144,0.052537,0.078422,0.053469,2.01804
1,100,500,500,0.005577,0.003061,0.005677,0.000216,0.004281,2.92458
1,100,1000,500,0.00538,0.001133,0.005106,0.000348,0.004422,2.89845
1,100,1500,500,0.006643,0.001388,0.004407,0.000258,0.004255,2.92093
11,100,500,500,0.005949,0.002716,0.005752,0.001814,0.005999,0.976559
11,100,1000,500,0.00606,0.002787,0.005268,0.001533,0.006687,0.973153
11,100,1500,500,0.006304,0.002459,0.005596,0.001456,0.006497,0.977715
21,100,500,500,0.009689,0.006395,0.009547,0.005225,0.008095,1.96876
21,100,1000,500,0.009236,0.006983,0.008138,0.006584,0.007317,1.95798
21,100,1500,500,0.009329,0.00706,0.010054,0.00455,0.007679,1.95896
31,100,500,500,0.01434,0.013471,0.010905,0.011047,0.011891,1.98899
31,100,1000,500,0.0182,0.014316,0.011966,0.010827,0.012698,2.13457
31,100,1500,500,0.013912,0.012588,0.012659,0.011306,0.01304,2.01374
41,100,500,500,0.018075,0.022628,0.017061,0.022139,0.015901,1.94877
41,100,1000,500,0.018609,0.024302,0.01592,0.01913,0.017766,1.95151
41,100,1500,500,0.018332,0.025864,0.01986,0.021744,0.01579,1.96888
51,100,500,500,0.023149,0.034146,0.023133,0.029155,0.023462,1.95758
51,100,1000,500,0.024592,0.032189,0.025017,0.027542,0.023382,1.95901
51,100,1500,500,0.023126,0.033068,0.023747,0.029728,0.025156,1.95114
61,100,500,500,0.031829,0.043683,0.028971,0.038462,0.029686,1.9686
61,100,1000,500,0.031813,0.047764,0.028876,0.038447,0.030123,1.97259
61,100,1500,500,0.032021,0.042784,0.028642,0.03807,0.028939,1.97044
71,100,500,500,0.039383,0.055057,0.037403,0.050987,0.039322,1.99411
71,100,1000,500,0.044497,0.054697,0.03683,0.050073,0.036511,1.98354
71,100,1500,500,0.039076,0.056701,0.040414,0.047999,0.03786,2.00399
81,100,500,500,0.050581,0.067358,0.043105,0.067596,0.04411,2.00588
81,100,1000,500,0.047037,0.067408,0.046656,0.066852,0.043853,1.99537
81,100,1500,500,0.04718,0.069689,0.043092,0.063127,0.044418,2.00572
91,100,500,500,0.059129,0.093191,0.052132,0.078779,0.053309,2.02668
91,100,1000,500,0.055964,0.081946,0.056048,0.079979,0.053358,2.01518
91,100,1500,500,0.055461,0.082091,0.052428,0.078257,0.054264,2.01385
1,100,500,500,0.002957,0.000773,0.003162,0.000191,0.002367,1.94669
1,100,1000,500,0.005429,0.000874,0.003105,0.000242,0.002452,1.95873
1,100,1500,500,0.002827,0.000782,0.002996,0.000133,0.002184,1.93835
11,100,500,500,0.004297,0.002466,0.004366,0.001581,0.00337,1.90852
11,100,1000,500,0.003815,0.003398,0.004367,0.001683,0.003331,1.92049
11,100,1500,500,0.003889,0.002314,0.004216,0.001739,0.003809,2.08069
21,100,500,500,0.010789,0.009132,0.013173,0.009288,0.009164,2.90573
21,100,1000,500,0.010662,0.008898,0.014003,0.007281,0.009249,2.8976
21,100,1500,500,0.012873,0.00859,0.014469,0.007788,0.009814,2.86236
31,100,500,500,0.012579,0.014953,0.013092,0.008849,0.009653,1.91164
31,100,1000,500,0.01156,0.010947,0.009662,0.010668,0.009266,1.91929
31,100,1500,500,0.011072,0.012517,0.013724,0.012709,0.009823,1.92505
41,100,500,500,0.026021,0.03243,0.026949,0.031082,0.026023,2.91839
41,100,1000,500,0.027536,0.032084,0.026222,0.02904,0.025443,2.89552
41,100,1500,500,0.027387,0.038668,0.025853,0.029808,0.024599,2.87669
51,100,500,500,0.033745,0.048443,0.034012,0.045273,0.032693,2.91241
51,100,1000,500,0.034352,0.048343,0.034651,0.045955,0.033618,2.91734
51,100,1500,500,0.035972,0.053766,0.036,0.043374,0.033599,2.90274
61,100,500,500,0.044059,0.06741,0.049913,0.058052,0.04412,2.92983
61,100,1000,500,0.047023,0.061605,0.045484,0.059394,0.047412,2.94537
61,100,1500,500,0.047464,0.066267,0.047621,0.059202,0.04634,2.91603
71,100,500,500,0.057473,0.081378,0.058643,0.078954,0.058507,2.93478
71,100,1000,500,0.057671,0.081883,0.059622,0.075915,0.058614,2.93386
71,100,1500,500,0.057242,0.081321,0.05898,0.077423,0.058113,2.9556
81,100,500,500,0.070077,0.103841,0.068161,0.097785,0.067705,2.94998
81,100,1000,500,0.071112,0.106853,0.068713,0.098644,0.070872,2.97621
81,100,1500,500,0.071397,0.103874,0.071998,0.099878,0.067171,2.97305
91,100,500,500,0.083538,0.127887,0.088057,0.12705,0.082026,2.97986
91,100,1000,500,0.088846,0.126546,0.088599,0.121465,0.086367,2.9839
91,100,1500,500,0.085373,0.126791,0.087877,0.122597,0.084553,2.99878
1,100,500,500,0.008086,0.001775,0.004422,0.000217,0.004343,2.09041
1,100,1000,500,0.005271,0.001092,0.005058,0.000272,0.004324,2.09216
1,100,1500,500,0.004816,0.00107,0.005873,0.000341,0.004875,2.0872
11,100,500,500,0.006787,0.003064,0.00472,0.001383,0.005558,1.93717
11,100,1000,500,0.006136,0.003714,0.005474,0.001913,0.005528,1.95287
11,100,1500,500,0.006314,0.003069,0.005651,0.001715,0.00544,1.93464
21,100,500,500,0.008867,0.008179,0.009391,0.005399,0.007556,1.94148
21,100,1000,500,0.008873,0.007197,0.009245,0.006144,0.00736,1.96981
21,100,1500,500,0.009439,0.006293,0.011448,0.006972,0.008049,1.97211
31,100,500,500,0.0156,0.013744,0.009944,0.011647,0.01216,1.94122
31,100,1000,500,0.014991,0.012928,0.010593,0.009531,0.01139,1.97163
31,100,1500,500,0.01389,0.011669,0.010246,0.012756,0.01223,1.93425
41,100,500,500,0.017275,0.022551,0.017311,0.02295,0.018169,1.95932
41,100,1000,500,0.018744,0.022299,0.018063,0.017963,0.017685,1.96166
41,100,1500,500,0.017943,0.022134,0.018564,0.018059,0.017115,1.98466
51,100,500,500,0.025148,0.032777,0.022653,0.02936,0.023075,1.9745
51,100,1000,500,0.024498,0.03595,0.022524,0.031849,0.023098,1.9562
51,100,1500,500,0.024906,0.031907,0.021994,0.029924,0.023324,1.96656
61,100,500,500,0.034106,0.039567,0.029741,0.036873,0.029947,1.99106
61,100,1000,500,0.030726,0.042579,0.028654,0.038275,0.031759,1.96281
61,100,1500,500,0.032731,0.043989,0.030965,0.039276,0.031155,1.97695
71,100,500,500,0.039913,0.055468,0.036736,0.05033,0.038237,1.97649
71,100,1000,500,0.039385,0.057401,0.036574,0.050148,0.040743,2.01061
71,100,1500,500,0.041182,0.055397,0.036227,0.050534,0.039175,1.97721
81,100,500,500,0.046012,0.067181,0.045686,0.059929,0.044234,2.0023
81,100,1000,500,0.046615,0.066842,0.043578,0.061749,0.04349,1.99745
81,100,1500,500,0.04697,0.066915,0.046153,0.064768,0.047939,2.2088
91,100,500,500,0.07858,0.098566,0.056986,0.09988,0.061942,2.09114
91,100,1000,500,0.055458,0.086913,0.051704,0.080846,0.054791,2.02796
91,100,1500,500,0.055768,0.08234,0.051989,0.077802,0.05387,2.01537
1,100,500,500,0.002907,0.000649,0.003407,0.000241,0.002946,1.97546
1,100,1000,500,0.003168,0.000774,0.004019,0.000255,0.003098,1.95501
1,100,1500,500,0.003103,0.000924,0.003492,0.000153,0.003057,1.9397
11,100,500,500,0.007084,0.003917,0.009359,0.002468,0.005219,2.88049
11,100,1000,500,0.00735,0.004632,0.008916,0.002612,0.005282,2.92155
11,100,1500,500,0.006997,0.00335,0.008952,0.002803,0.005603,2.92324
21,100,500,500,0.011936,0.008809,0.014931,0.007554,0.009888,2.90363
21,100,1000,500,0.011733,0.009643,0.01529,0.010027,0.010034,2.9051
21,100,1500,500,0.012767,0.009282,0.013564,0.007795,0.010526,2.90515
31,100,500,500,0.019531,0.018881,0.020182,0.016731,0.017014,2.87743
31,100,1000,500,0.019015,0.019332,0.021205,0.018012,0.017228,2.8852
31,100,1500,500,0.018875,0.018198,0.021507,0.018615,0.01569,2.89928
41,100,500,500,0.025763,0.035931,0.027138,0.030386,0.02493,2.89532
41,100,1000,500,0.026545,0.033802,0.027778,0.03334,0.025908,2.91633
41,100,1500,500,0.027057,0.031112,0.029304,0.035256,0.023605,2.90018
51,100,500,500,0.060291,0.090567,0.03599,0.045297,0.073846,5.19325
51,100,1000,500,0.062964,0.086487,0.036459,0.044513,0.058484,4.82488
51,100,1500,500,0.058579,0.085989,0.034047,0.047236,0.061757,4.84057
61,100,500,500,0.081907,0.108895,0.047809,0.060408,0.080475,4.87495
61,100,1000,500,0.081937,0.107914,0.046339,0.061273,0.078945,4.84582
61,100,1500,500,0.080985,0.112557,0.045555,0.059447,0.081853,4.91773
71,100,500,500,0.103406,0.138979,0.063823,0.079764,0.102269,4.90445
71,100,1000,500,0.102694,0.169918,0.059992,0.078719,0.102811,4.89994
71,100,1500,500,0.105629,0.143484,0.058769,0.077894,0.101765,4.91001
81,100,500,500,0.099264,0.140661,0.071041,0.098669,0.094598,3.95804
81,100,1000,500,0.096568,0.149693,0.073169,0.099843,0.099058,3.96441
81,100,1500,500,0.097149,0.139343,0.07468,0.100645,0.097654,3.96291
91,100,500,500,0.119767,0.177481,0.090232,0.12311,0.128675,4.24128
91,100,1000,500,0.117996,0.166543,0.09406,0.144992,0.124369,4.02059
91,100,1500,500,0.120973,0.168873,0.084705,0.12554,0.119637,3.95274
1,100,500,500,0.005271,0.001046,0.005708,0.000328,0.004588,2.10177
1,100,1000,500,0.0051,0.00097,0.006038,0.000289,0.004646,2.07153
1,100,1500,500,0.005408,0.001097,0.005071,0.000157,0.004474,2.07169
11,100,500,500,0.007192,0.002712,0.006103,0.002028,0.005753,1.93766
11,100,1000,500,0.006992,0.003009,0.005584,0.001731,0.00581,1.95871
11,100,1500,500,0.006666,0.003346,0.005024,0.001512,0.005745,1.93714
21,100,500,500,0.009325,0.006224,0.008429,0.005452,0.008686,1.938
21,100,1000,500,0.00995,0.006703,0.009508,0.005275,0.008398,1.93642
21,100,1500,500,0.009548,0.006896,0.008765,0.005874,0.007717,1.97187
31,100,500,500,0.014172,0.013261,0.012264,0.013124,0.012554,1.95281
31,100,1000,500,0.015024,0.013216,0.011148,0.009815,0.011348,1.95172
31,100,1500,500,0.015534,0.014119,0.011138,0.012111,0.01345,1.95041
41,100,500,500,0.017492,0.022199,0.016603,0.020606,0.016087,1.95495
41,100,1000,500,0.016734,0.022181,0.016905,0.019502,0.020052,1.97248
41,100,1500,500,0.018509,0.0237,0.01907,0.018775,0.017765,1.96595
51,100,500,500,0.024549,0.032716,0.02277,0.029899,0.023609,1.96388
51,100,1000,500,0.023446,0.033935,0.022189,0.029908,0.022475,1.96283
51,100,1500,500,0.022974,0.032153,0.021977,0.028776,0.022932,1.97549
61,100,500,500,0.034224,0.041948,0.029006,0.03891,0.032514,1.96806
61,100,1000,500,0.032998,0.043655,0.031153,0.0389,0.029949,1.97448
61,100,1500,500,0.030927,0.043845,0.029397,0.038218,0.03006,1.96986
71,100,500,500,0.038578,0.054471,0.037815,0.051614,0.037175,1.99726
71,100,1000,500,0.039416,0.055661,0.03631,0.050882,0.037229,1.98919
71,100,1500,500,0.039187,0.054733,0.036548,0.049633,0.037816,1.98149
81,100,500,500,0.047094,0.066799,0.044296,0.063257,0.044705,2.03969
81,100,1000,500,0.045528,0.068236,0.044414,0.06559,0.044458,2.0151
81,100,1500,500,0.047013,0.070658,0.043151,0.063217,0.04618,2.01231
91,100,500,500,0.055279,0.081846,0.052431,0.078243,0.05722,2.00862
91,100,1000,500,0.056858,0.096251,0.052101,0.07819,0.059007,2.02718
91,100,1500,500,0.056867,0.083623,0.051773,0.081835,0.057664,2.01508
1,100,500,500,0.006428,0.001514,0.005968,0.000299,0.005853,3.91539
1,100,1000,500,0.006304,0.00171,0.006206,0.000232,0.005706,3.90647
1,100,1500,500,0.00647,0.001566,0.005335,0.000264,0.005679,3.93428
11,100,500,500,0.005547,0.002537,0.005588,0.001716,0.005202,2.00056
11,100,1000,500,0.005912,0.002417,0.005757,0.001666,0.005137,2.10742
11,100,1500,500,0.006285,0.002978,0.005574,0.002029,0.005533,2.06901
21,100,500,500,0.009261,0.008312,0.010888,0.005099,0.007476,2.01775
21,100,1000,500,0.009424,0.006708,0.009024,0.005964,0.007669,1.97997
21,100,1500,500,0.008656,0.008363,0.008847,0.005074,0.006895,1.97273
31,100,500,500,0.014579,0.014322,0.010988,0.01156,0.012708,1.94664
31,100,1000,500,0.013849,0.012798,0.011577,0.011724,0.012298,1.94107
31,100,1500,500,0.012358,0.01496,0.010931,0.012744,0.011891,1.96049
41,100,500,500,0.020406,0.02266,0.016895,0.018457,0.018023,1.93632
41,100,1000,500,0.019072,0.023615,0.016018,0.01999,0.017253,1.94108
41,100,1500,500,0.01797,0.024416,0.018112,0.018077,0.016094,1.94607
51,100,500,500,0.027872,0.033907,0.021668,0.029862,0.024654,1.97561
51,100,1000,500,0.024871,0.035528,0.022264,0.029012,0.024399,1.97591
51,100,1500,500,0.024985,0.033023,0.021963,0.029674,0.02328,1.97497
61,100,500,500,0.035287,0.042879,0.029059,0.042531,0.031751,1.99621
61,100,1000,500,0.033765,0.045581,0.029126,0.038229,0.031338,2.00329
61,100,1500,500,0.034052,0.040482,0.030574,0.041629,0.03149,1.99323
71,100,500,500,0.038387,0.0547,0.038116,0.050582,0.037571,1.99022
71,100,1000,500,0.038702,0.05595,0.038421,0.05061,0.036921,1.99248
71,100,1500,500,0.04148,0.05215,0.037009,0.05169,0.040648,1.99635
81,100,500,500,0.049001,0.067069,0.044382,0.06285,0.044022,1.99613
81,100,1000,500,0.047963,0.068157,0.042573,0.06467,0.044494,1.99902
81,100,1500,500,0.047603,0.067302,0.04324,0.063328,0.044802,2.02137
91,100,500,500,0.055701,0.083245,0.05279,0.077791,0.053703,2.00827
91,100,1000,500,0.056707,0.08617,0.055567,0.073685,0.053355,2.01347
91,100,1500,500,0.055341,0.082161,0.051157,0.076687,0.051979,1.99451
1,100,500,500,0.005545,0.00113,0.004913,0.000287,0.004524,2.10198
1,100,1000,500,0.005699,0.001072,0.004823,0.000267,0.004586,2.08144
1,100,1500,500,0.005351,0.000885,0.004754,0.000301,0.004416,2.0831
11,100,500,500,0.006005,0.003492,0.004938,0.001765,0.005498,1.94755
11,100,1000,500,0.006007,0.003058,0.005558,0.001665,0.005414,1.98944
11,100,1500,500,0.006194,0.003418,0.005487,0.001755,0.005087,1.94823
21,100,500,500,0.008834,0.006589,0.008305,0.005366,0.007503,1.94417
21,100,1000,500,0.008682,0.006453,0.008272,0.005352,0.00724,1.94923
21,100,1500,500,0.009825,0.006688,0.008601,0.004848,0.008119,1.97093
31,100,500,500,0.014368,0.012987,0.011632,0.011472,0.012889,1.94311
31,100,1000,500,0.013631,0.011664,0.010542,0.010333,0.011662,1.94391
31,100,1500,500,0.014256,0.01172,0.010651,0.010411,0.011668,1.9396
41,100,500,500,0.017643,0.021994,0.01666,0.022051,0.01708,2.10885
41,100,1000,500,0.019196,0.026858,0.022963,0.024149,0.016721,2.09991
41,100,1500,500,0.019885,0.022672,0.018443,0.023786,0.016141,2.04375
51,100,500,500,0.02384,0.03413,0.024089,0.027313,0.02299,1.95862
51,100,1000,500,0.025782,0.033493,0.022617,0.02994,0.023353,1.97564
51,100,1500,500,0.023827,0.034027,0.023382,0.028383,0.023278,1.96198
61,100,500,500,0.032059,0.044692,0.029209,0.038592,0.030098,1.98338
61,100,1000,500,0.03397,0.044398,0.029231,0.038609,0.030422,1.96704
61,100,1500,500,0.033376,0.041072,0.029702,0.038629,0.030299,1.96572
71,100,500,500,0.037262,0.05554,0.036062,0.049443,0.037166,1.99339
71,100,1000,500,0.041872,0.057507,0.035953,0.050553,0.03761,1.99275
71,100,1500,500,0.042498,0.054928,0.037156,0.05125,0.038554,2.00068
81,100,500,500,0.046233,0.069361,0.04919,0.060207,0.044945,1.99787
81,100,1000,500,0.048511,0.068126,0.04412,0.072838,0.044229,2.01609
81,100,1500,500,0.049327,0.064661,0.045842,0.063112,0.045862,1.99232
91,100,500,500,0.056136,0.08277,0.05224,0.078343,0.052115,1.99796
91,100,1000,500,0.055286,0.083875,0.051275,0.078907,0.052744,2.03245
91,100,1500,500,0.057975,0.082697,0.051962,0.080371,0.053834,2.00887
1,100,500,500,0.003307,0.000691,0.002521,0.00017,0.002612,1.93975
1,100,1000,500,0.003362,0.000802,0.002577,0.000161,0.002712,1.96629
1,100,1500,500,0.002858,0.000821,0.002654,0.00015,0.00266,1.96472
11,100,500,500,0.006904,0.003815,0.009182,0.002614,0.005383,2.87084
11,100,1000,500,0.007002,0.004523,0.009246,0.002906,0.00542,2.8715
11,100,1500,500,0.007697,0.003836,0.008832,0.002844,0.00529,2.86667
21,100,500,500,0.023149,0.01756,0.017193,0.007538,0.018149,4.80073
21,100,1000,500,0.023739,0.01827,0.015589,0.010952,0.018413,5.07565
21,100,1500,500,0.025297,0.016923,0.016034,0.008014,0.018577,4.84215
31,100,500,500,0.020983,0.018494,0.021418,0.018857,0.016107,2.87524
31,100,1000,500,0.019503,0.018513,0.021578,0.017149,0.015827,2.89172
31,100,1500,500,0.018397,0.018922,0.021419,0.016823,0.015708,2.87631
41,100,500,500,0.036691,0.048296,0.02838,0.031851,0.035935,3.84865
41,100,1000,500,0.045374,0.055139,0.028154,0.033043,0.033915,3.84281
41,100,1500,500,0.035435,0.047842,0.028217,0.026742,0.034784,3.84713
51,100,500,500,0.060609,0.092131,0.039175,0.045783,0.06016,4.8769
51,100,1000,500,0.061147,0.084868,0.038555,0.045745,0.06044,4.80258
51,100,1500,500,0.061522,0.087111,0.042771,0.05677,0.062002,4.82289
61,100,500,500,0.064778,0.085815,0.048427,0.06379,0.061417,3.8688
61,100,1000,500,0.06367,0.086474,0.049025,0.068611,0.063539,3.90986
61,100,1500,500,0.063413,0.092668,0.048623,0.060105,0.061096,3.89551
71,100,500,500,0.105128,0.142264,0.059445,0.076471,0.102729,4.92123
71,100,1000,500,0.104532,0.145233,0.058832,0.078614,0.102844,4.92245
71,100,1500,500,0.102771,0.14318,0.062552,0.078578,0.102946,4.88557
81,100,500,500,0.12332,0.174875,0.07493,0.098754,0.125493,4.95139
81,100,1000,500,0.125472,0.177347,0.070695,0.100244,0.121762,4.93427
81,100,1500,500,0.127672,0.178901,0.072148,0.09902,0.122976,4.96515
91,100,500,500,0.152962,0.217965,0.086376,0.121601,0.158749,4.9869
91,100,1000,500,0.150401,0.216865,0.092434,0.125496,0.150254,4.96258
91,100,1500,500,0.150497,0.219966,0.086503,0.122435,0.146808,5.00745
1,100,500,500,0.00806,0.001116,0.004062,0.000286,0.004193,2.91528
1,100,1000,500,0.005681,0.001339,0.005416,0.000362,0.004832,2.92733
1,100,1500,500,0.004908,0.001155,0.005401,0.000255,0.004573,2.90935
11,100,500,500,0.006417,0.002976,0.005595,0.001766,0.006096,0.973545
11,100,1000,500,0.00583,0.002714,0.00545,0.001992,0.006687,0.966916
11,100,1500,500,0.00787,0.002821,0.005378,0.001865,0.005781,0.972775
21,100,500,500,0.01069,0.008588,0.009651,0.004299,0.008412,1.94313
21,100,1000,500,0.010824,0.006632,0.008478,0.006318,0.014059,1.96968
21,100,1500,500,0.009578,0.006988,0.011018,0.004474,0.007434,1.92732
31,100,500,500,0.014012,0.012875,0.010785,0.01194,0.0123,1.92929
31,100,1000,500,0.012217,0.013509,0.010302,0.009896,0.010815,1.93252
31,100,1500,500,0.013638,0.01298,0.010369,0.009563,0.010612,1.93045
41,100,500,500,0.017615,0.022297,0.023021,0.029581,0.023374,1.94951
41,100,1000,500,0.01758,0.025185,0.015728,0.018788,0.017845,1.94849
41,100,1500,500,0.017932,0.023793,0.016029,0.018233,0.01677,1.94673
51,100,500,500,0.023901,0.032999,0.021748,0.029599,0.022651,1.9494
51,100,1000,500,0.024228,0.033767,0.032129,0.043495,0.024438,1.94811
51,100,1500,500,0.024238,0.033335,0.022889,0.032045,0.02657,1.94722
61,100,500,500,0.032683,0.042768,0.02853,0.037838,0.030722,1.96176
61,100,1000,500,0.031487,0.04463,0.027914,0.0389,0.029973,1.98167
61,100,1500,500,0.030746,0.043775,0.028719,0.038459,0.030387,1.96651
71,100,500,500,0.039759,0.054807,0.035606,0.050184,0.037706,2.0023
71,100,1000,500,0.038607,0.054941,0.03525,0.049908,0.036921,1.97928
71,100,1500,500,0.041018,0.0514,0.036501,0.05037,0.038753,1.99965
81,100,500,500,0.046386,0.067614,0.04239,0.062295,0.044812,1.9981
81,100,1000,500,0.045951,0.066689,0.042891,0.065687,0.045275,2.00164
81,100,1500,500,0.048266,0.070005,0.044243,0.064431,0.04529,2.05587
91,100,500,500,0.057891,0.088245,0.054399,0.099383,0.057057,2.06405
91,100,1000,500,0.058682,0.084901,0.054206,0.079495,0.054966,2.06025
91,100,1500,500,0.057355,0.083983,0.053715,0.080689,0.054933,2.06747
1,100,500,500,0.005404,0.000757,0.006625,0.000296,0.005291,0.197243
1,100,1000,500,0.005931,0.000749,0.005927,0.000184,0.004572,0.197321
1,100,1500,500,0.005399,0.000551,0.005976,0.000261,0.005492,0.197631
11,100,500,500,0.00654,0.003562,0.005394,0.001967,0.005827,2.01751
11,100,1000,500,0.006901,0.003463,0.005837,0.001637,0.00598,1.9895
11,100,1500,500,0.006761,0.003221,0.005333,0.001532,0.005586,1.99558
21,100,500,500,0.009778,0.010072,0.009571,0.004372,0.007384,1.99671
21,100,1000,500,0.010046,0.006601,0.008755,0.005883,0.009835,2.02082
21,100,1500,500,0.00969,0.007159,0.009394,0.005148,0.007685,1.9929
31,100,500,500,0.014459,0.01463,0.011171,0.012392,0.014696,1.98692
31,100,1000,500,0.015522,0.014938,0.011815,0.011738,0.012442,1.99342
31,100,1500,500,0.014688,0.014951,0.011329,0.011188,0.012314,2.01799
41,100,500,500,0.019141,0.02291,0.016802,0.018356,0.018154,2.00808
41,100,1000,500,0.019053,0.023719,0.016804,0.018053,0.018538,2.01864
41,100,1500,500,0.017772,0.025707,0.017473,0.018427,0.018936,1.95749
51,100,500,500,0.024247,0.037741,0.023392,0.028375,0.024243,1.95548
51,100,1000,500,0.023449,0.03758,0.02865,0.032225,0.025289,1.93876
51,100,1500,500,0.024213,0.032678,0.026329,0.028276,0.022702,1.94517
61,100,500,500,0.031535,0.041584,0.030544,0.036963,0.028924,1.95999
61,100,1000,500,0.030942,0.042565,0.029474,0.037916,0.031674,1.95479
61,100,1500,500,0.030984,0.042993,0.028962,0.03794,0.030308,1.99099
71,100,500,500,0.038642,0.063435,0.035904,0.050179,0.037449,1.97298
71,100,1000,500,0.038627,0.054211,0.034626,0.054354,0.037518,1.98438
71,100,1500,500,0.040887,0.05309,0.036874,0.05266,0.037743,1.97741
81,100,500,500,0.045857,0.067396,0.044111,0.063008,0.044627,2.01273
81,100,1000,500,0.047023,0.066106,0.043251,0.062883,0.043092,1.98398
81,100,1500,500,0.04802,0.066687,0.043378,0.0634,0.04674,1.98836
91,100,500,500,0.054442,0.084269,0.055563,0.073902,0.059691,2.00036
91,100,1000,500,0.055905,0.086847,0.051519,0.078397,0.063723,2.01121
91,100,1500,500,0.054757,0.08381,0.051716,0.080002,0.052805,2.02029
1,100,500,500,0.003016,0.000877,0.002663,0.000213,0.003824,2.08401
1,100,1000,500,0.003327,0.000875,0.002832,0.000105,0.002643,2.0762
1,100,1500,500,0.00286,0.000874,0.002717,0.000149,0.002697,2.03739
11,100,500,500,0.007369,0.003909,0.00917,0.002363,0.00583,2.86184
11,100,1000,500,0.007528,0.004037,0.008865,0.002896,0.005676,2.83932
11,100,1500,500,0.007598,0.004037,0.009742,0.002996,0.005505,2.88688
21,100,500,500,0.020443,0.014386,0.013865,0.009654,0.014707,3.84297
21,100,1000,500,0.018787,0.014312,0.016484,0.00838,0.014493,3.87874
21,100,1500,500,0.019657,0.012214,0.013827,0.008349,0.014381,3.92038
31,100,500,500,0.018538,0.020902,0.020816,0.017994,0.015631,2.96342
31,100,1000,500,0.020601,0.020008,0.02047,0.017895,0.016874,2.99506
31,100,1500,500,0.017562,0.019782,0.025676,0.025077,0.017369,2.97474
41,100,500,500,0.037779,0.047961,0.027214,0.031567,0.036562,3.97054
41,100,1000,500,0.036548,0.050051,0.02517,0.031363,0.036636,3.97475
41,100,1500,500,0.036392,0.047399,0.028809,0.032031,0.03738,4.17132
51,100,500,500,0.041749,0.053491,0.041172,0.046865,0.036986,3.05939
51,100,1000,500,0.03497,0.049451,0.038295,0.046391,0.034408,2.9359
51,100,1500,500,0.033681,0.047504,0.037261,0.044793,0.0342,2.90033
61,100,500,500,0.048474,0.062757,0.049874,0.059791,0.04445,2.91397
61,100,1000,500,0.046261,0.063922,0.04676,0.060765,0.043791,2.93671
61,100,1500,500,0.046474,0.063242,0.048431,0.058668,0.046885,2.90735
71,100,500,500,0.057245,0.087993,0.060043,0.079259,0.056278,2.93343
71,100,1000,500,0.057128,0.080428,0.062705,0.076392,0.055813,2.95087
71,100,1500,500,0.061328,0.079359,0.060529,0.082897,0.057707,2.93745
81,100,500,500,0.070795,0.103271,0.074993,0.094831,0.069066,2.97033
81,100,1000,500,0.069038,0.103853,0.072779,0.098903,0.070934,2.95687
81,100,1500,500,0.071063,0.103293,0.071532,0.099159,0.06956,2.94931
91,100,500,500,0.085774,0.127486,0.087154,0.129068,0.084292,3.00099
91,100,1000,500,0.088907,0.12147,0.088793,0.127447,0.084479,2.97967
91,100,1500,500,0.084867,0.126619,0.087003,0.119687,0.0864,2.98312
1,100,500,500,0.005678,0.000584,0.002796,0.000153,0.002351,1.95032
1,100,1000,500,0.003136,0.000686,0.003294,0.000182,0.002685,1.94497
1,100,1500,500,0.002912,0.000789,0.003542,0.000152,0.002604,2.17564
11,100,500,500,0.004882,0.002959,0.006698,0.001958,0.006682,2.0268
11,100,1000,500,0.003943,0.002083,0.004418,0.001811,0.003831,1.98762
11,100,1500,500,0.004324,0.002236,0.004459,0.001421,0.003454,1.94415
21,100,500,500,0.007693,0.006805,0.009459,0.006761,0.005916,1.95431
21,100,1000,500,0.009182,0.006727,0.013181,0.008032,0.011185,2.39012
21,100,1500,500,0.008393,0.007126,0.008263,0.005893,0.006554,2.10726
31,100,500,500,0.012196,0.014149,0.015323,0.014213,0.015577,2.29809
31,100,1000,500,0.010706,0.011273,0.010736,0.010565,0.009921,2.13692
31,100,1500,500,0.012281,0.013002,0.011667,0.010146,0.009309,2.16945
41,100,500,500,0.023095,0.027641,0.024738,0.02617,0.021759,2.36654
41,100,1000,500,0.020514,0.026436,0.020848,0.024751,0.02303,2.39559
41,100,1500,500,0.022102,0.026864,0.025652,0.02465,0.022816,2.24202
51,100,500,500,0.021592,0.030404,0.022124,0.026974,0.020884,2.04843
51,100,1000,500,0.020203,0.03026,0.022076,0.027339,0.02087,1.89044
51,100,1500,500,0.020846,0.032165,0.020572,0.027353,0.025949,1.91928
61,100,500,500,0.026448,0.040884,0.027859,0.035933,0.026673,1.96912
61,100,1000,500,0.027835,0.042354,0.026883,0.035402,0.029109,1.95603
61,100,1500,500,0.030296,0.037485,0.037535,0.04928,0.028959,1.96398
71,100,500,500,0.039013,0.054909,0.034156,0.048464,0.038255,2.21395
71,100,1000,500,0.041166,0.057455,0.063305,0.073709,0.036877,1.93826
71,100,1500,500,0.036979,0.056019,0.036952,0.050491,0.054914,2.39702
81,100,500,500,0.049756,0.067841,0.044427,0.070032,0.043764,1.97115
81,100,1000,500,0.048902,0.077472,0.051907,0.06763,0.052412,2.10358
81,100,1500,500,0.045237,0.06785,0.046658,0.071618,0.042641,2.04587
91,100,500,500,0.058988,0.08508,0.052184,0.079351,0.059608,2.06427
91,100,1000,500,0.056147,0.100389,0.055421,0.083581,0.053942,2.06745
91,100,1500,500,0.054118,0.094224,0.052013,0.080351,0.059289,2.05225
1,100,500,500,0.005138,0.000706,0.005751,0.000291,0.005165,0.18823
1,100,1000,500,0.005195,0.000869,0.004489,0.000235,0.004244,0.196085
1,100,1500,500,0.005206,0.000613,0.005289,0.000196,0.004735,0.196275
11,100,500,500,0.006578,0.002951,0.005171,0.001629,0.005131,2.04361
11,100,1000,500,0.006207,0.002688,0.004702,0.001442,0.005629,2.00046
11,100,1500,500,0.00614,0.003384,0.005201,0.001608,0.006659,1.99761
21,100,500,500,0.010046,0.0103,0.009279,0.008481,0.007273,2.00742
21,100,1000,500,0.011065,0.008443,0.01194,0.007288,0.008473,1.95843
21,100,1500,500,0.00956,0.006723,0.008874,0.004499,0.008532,2.02238
31,100,500,500,0.01353,0.01408,0.01355,0.014479,0.012746,2.02066
31,100,1000,500,0.014069,0.015767,0.014735,0.011616,0.011354,1.9779
31,100,1500,500,0.014981,0.013146,0.011321,0.011206,0.012496,2.28033
41,100,500,500,0.024122,0.030189,0.024531,0.027956,0.02084,2.33707
41,100,1000,500,0.018975,0.019727,0.0166,0.019497,0.015612,1.95174
41,100,1500,500,0.01805,0.020254,0.015658,0.02149,0.017793,1.95859
51,100,500,500,0.023002,0.032464,0.021046,0.028436,0.022145,2.01043
51,100,1000,500,0.024028,0.032231,0.021931,0.030017,0.022886,2.01264
51,100,1500,500,0.026097,0.034217,0.022931,0.03259,0.023582,2.02032
61,100,500,500,0.034021,0.043284,0.029906,0.038882,0.032134,2.02478
61,100,1000,500,0.035088,0.042994,0.028617,0.039534,0.029623,2.02128
61,100,1500,500,0.033003,0.045614,0.028984,0.038565,0.030143,2.01882
71,100,500,500,0.040445,0.054796,0.036789,0.050745,0.037694,2.04956
71,100,1000,500,0.03862,0.056126,0.0369,0.052297,0.0388,2.18057
71,100,1500,500,0.039812,0.062401,0.042796,0.052888,0.037422,2.0868
81,100,500,500,0.048578,0.076448,0.043633,0.065403,0.04576,2.07793
81,100,1000,500,0.04842,0.074796,0.044477,0.064277,0.048341,2.07126
81,100,1500,500,0.047237,0.072673,0.044566,0.065861,0.059961,2.36161
91,100,500,500,0.074042,0.105262,0.072121,0.11046,0.088143,2.65091
91,100,1000,500,0.08889,0.143853,0.067004,0.092084,0.056329,2.1103
91,100,1500,500,0.064121,0.081303,0.053961,0.08177,0.066947,2.40449
1,100,500,500,0.004486,0.00145,0.005977,0.000415,0.00613,3.50056
1,100,1000,500,0.004347,0.00116,0.00549,0.000303,0.006105,3.42168
1,100,1500,500,0.004491,0.001094,0.005315,0.000314,0.004745,3.30185
11,100,500,500,0.010577,0.004974,0.006175,0.001635,0.009819,3.4872
11,100,1000,500,0.011155,0.004482,0.006511,0.00213,0.011126,3.37489
11,100,1500,500,0.013577,0.005139,0.008016,0.002605,0.010788,3.27185
21,100,500,500,0.010379,0.008143,0.009038,0.005617,0.008984,2.3117
21,100,1000,500,0.010301,0.006711,0.008239,0.005566,0.011509,2.17954
21,100,1500,500,0.008739,0.006071,0.008369,0.00604,0.009105,2.04255
31,100,500,500,0.014102,0.0139,0.01261,0.012601,0.017825,2.33187
31,100,1000,500,0.014593,0.013338,0.013087,0.010965,0.014172,2.19506
31,100,1500,500,0.014953,0.01282,0.012465,0.012458,0.012024,2.01679
41,100,500,500,0.018334,0.022619,0.017608,0.022424,0.03763,2.43312
41,100,1000,500,0.019407,0.026526,0.023969,0.033444,0.018241,2.23023
41,100,1500,500,0.024199,0.031179,0.02153,0.026881,0.019379,2.06098
51,100,500,500,0.023566,0.033028,0.022613,0.034207,0.023336,2.09562
51,100,1000,500,0.026727,0.039611,0.027502,0.038875,0.029153,2.38705
51,100,1500,500,0.0299,0.038592,0.028988,0.033703,0.025541,2.06912
61,100,500,500,0.037304,0.040817,0.027936,0.040563,0.040674,2.42979
61,100,1000,500,0.063768,0.069475,0.047371,0.053091,0.033471,2.2755
61,100,1500,500,0.031622,0.042405,0.028836,0.037814,0.031341,1.98077
71,100,500,500,0.044175,0.06463,0.043425,0.057296,0.037068,2.02317
71,100,1000,500,0.042384,0.050565,0.042175,0.05818,0.040734,2.09045
71,100,1500,500,0.039203,0.054692,0.034755,0.050729,0.03665,2.01998
81,100,500,500,0.07487,0.132926,0.071657,0.126415,0.050613,2.35503
81,100,1000,500,0.082864,0.09874,0.050067,0.083629,0.066086,2.05857
81,100,1500,500,0.047322,0.06414,0.042582,0.062231,0.043342,1.98708
91,100,500,500,0.053822,0.081319,0.054359,0.078103,0.060394,2.04886
91,100,1000,500,0.053963,0.083429,0.051299,0.091209,0.059469,2.04883
91,100,1500,500,0.054525,0.082593,0.052484,0.086625,0.059253,2.02757
1,100,500,500,0.003932,0.000544,0.003535,0.000155,0.003905,0.153493
1,100,1000,500,0.003877,0.000526,0.003987,0.00014,0.004064,0.147795
1,100,1500,500,0.003885,0.000482,0.003325,0.000152,0.003564,0.148088
11,100,500,500,0.005533,0.002519,0.004613,0.001797,0.005343,2.06541
11,100,1000,500,0.004945,0.002789,0.004912,0.001715,0.004481,2.04591
11,100,1500,500,0.005068,0.002621,0.004616,0.001843,0.004523,2.06098
21,100,500,500,0.008554,0.006213,0.008135,0.005217,0.00721,2.04935
21,100,1000,500,0.007932,0.005617,0.008409,0.006308,0.00626,2.0304
21,100,1500,500,0.007316,0.006694,0.008201,0.00612,0.006331,2.03579
31,100,500,500,0.012175,0.01294,0.011644,0.01017,0.009886,2.03671
31,100,1000,500,0.012225,0.014382,0.011871,0.011357,0.010953,2.03537
31,100,1500,500,0.012238,0.013646,0.012208,0.010186,0.01082,2.03806
41,100,500,500,0.017417,0.021511,0.017992,0.019566,0.014271,2.05074
41,100,1000,500,0.01629,0.021605,0.017462,0.02296,0.014691,2.04573
41,100,1500,500,0.01765,0.020124,0.01655,0.020125,0.014099,2.04759
51,100,500,500,0.021841,0.031876,0.021735,0.03039,0.024588,2.32052
51,100,1000,500,0.025225,0.034739,0.025176,0.029703,0.029325,2.31267
51,100,1500,500,0.022627,0.033008,0.022472,0.030864,0.022485,2.19182
61,100,500,500,0.029864,0.044083,0.030315,0.040109,0.031874,2.19393
61,100,1000,500,0.035335,0.048263,0.03683,0.060756,0.036731,2.18443
61,100,1500,500,0.0391,0.052024,0.031797,0.042055,0.038204,2.28987
71,100,500,500,0.038709,0.055479,0.036068,0.052811,0.042,2.21495
71,100,1000,500,0.037787,0.056985,0.036819,0.050383,0.038989,2.2286
71,100,1500,500,0.040537,0.064077,0.04487,0.062639,0.040634,2.19623
81,100,500,500,0.047205,0.068132,0.055797,0.075899,0.046724,2.15445
81,100,1000,500,0.046609,0.07012,0.044969,0.065198,0.043978,2.2605
81,100,1500,500,0.04716,0.067591,0.046893,0.065319,0.04882,2.2607
91,100,500,500,0.058296,0.089809,0.056147,0.08389,0.05514,2.25733
91,100,1000,500,0.05644,0.084909,0.061446,0.08421,0.053975,2.22832
91,100,1500,500,0.057793,0.100542,0.054374,0.085315,0.055685,2.27217
1,100,500,500,0.003168,0.000759,0.002452,0.000177,0.00282,1.09518
1,100,1000,500,0.003233,0.00056,0.002509,0.000144,0.002394,1.06915
1,100,1500,500,0.003277,0.000547,0.002784,0.000182,0.002762,1.07592
11,100,500,500,0.006959,0.003723,0.008828,0.002468,0.005726,3.21107
11,100,1000,500,0.007685,0.004594,0.007981,0.003443,0.006035,3.25728
11,100,1500,500,0.009324,0.004312,0.008778,0.003158,0.006203,3.14494
21,100,500,500,0.01089,0.009995,0.012372,0.007698,0.011499,3.12438
21,100,1000,500,0.010971,0.010401,0.013664,0.007776,0.01104,3.09032
21,100,1500,500,0.013293,0.008835,0.014292,0.008218,0.011097,3.17568
31,100,500,500,0.020254,0.018211,0.021717,0.017468,0.019644,3.28018
31,100,1000,500,0.018881,0.021309,0.021489,0.018131,0.016924,3.12446
31,100,1500,500,0.022648,0.021024,0.022676,0.020838,0.017585,3.10758
41,100,500,500,0.027048,0.043986,0.026603,0.034725,0.025597,3.02405
41,100,1000,500,0.028797,0.03782,0.027221,0.035578,0.02358,3.12557
41,100,1500,500,0.030661,0.042357,0.028238,0.031959,0.025609,3.0679
51,100,500,500,0.034517,0.050633,0.036493,0.046408,0.0352,3.11272
51,100,1000,500,0.036676,0.051442,0.040929,0.051355,0.035892,3.12676
51,100,1500,500,0.037574,0.050644,0.036896,0.047066,0.033333,3.02253
61,100,500,500,0.049723,0.069047,0.046507,0.061785,0.045682,3.12819
61,100,1000,500,0.048709,0.06722,0.046892,0.061675,0.050096,3.16093
61,100,1500,500,0.051032,0.066423,0.046966,0.062088,0.044264,3.13807
71,100,500,500,0.062058,0.082162,0.074173,0.08524,0.063998,3.15447
71,100,1000,500,0.060253,0.085077,0.062815,0.082376,0.057654,3.13411
71,100,1500,500,0.065959,0.087408,0.059815,0.08616,0.060399,3.22828
81,100,500,500,0.076977,0.1144,0.080274,0.120846,0.069876,3.10221
81,100,1000,500,0.072395,0.108912,0.077175,0.102498,0.072227,3.13147
81,100,1500,500,0.080924,0.132344,0.080964,0.116783,0.096895,3.15733
91,100,500,500,0.089252,0.132179,0.09,0.125467,0.086195,3.10438
91,100,1000,500,0.09003,0.132828,0.088609,0.134856,0.089322,3.08825
91,100,1500,500,0.089763,0.131736,0.088214,0.126261,0.089507,3.1281
1,100,500,500,0.007616,0.000406,0.004037,0.000198,0.004489,0.019043
1,100,1000,500,0.005575,0.000571,0.004337,0.000244,0.006837,0.019824
1,100,1500,500,0.004418,0.000341,0.006053,0.000218,0.005866,0.018853
11,100,500,500,0.007735,0.002915,0.004655,0.001663,0.007325,2.00582
11,100,1000,500,0.006663,0.002973,0.004925,0.001888,0.005828,2.14252
11,100,1500,500,0.007239,0.00318,0.006156,0.001621,0.005628,2.03768
21,100,500,500,0.009507,0.006999,0.008883,0.005114,0.007469,1.98845
21,100,1000,500,0.009344,0.006765,0.00842,0.005321,0.007843,2.02208
21,100,1500,500,0.009906,0.008211,0.008286,0.005616,0.007917,2.05746
31,100,500,500,0.014883,0.013049,0.013179,0.012724,0.013722,2.09592
31,100,1000,500,0.014623,0.013163,0.012556,0.010723,0.012502,2.0283
31,100,1500,500,0.014853,0.011722,0.011899,0.011769,0.013511,2.05966
41,100,500,500,0.021766,0.024236,0.018346,0.0196,0.01703,2.08498
41,100,1000,500,0.016906,0.023384,0.018217,0.021773,0.01759,2.05203
41,100,1500,500,0.017725,0.024514,0.017354,0.020105,0.019086,2.02823
51,100,500,500,0.026214,0.033198,0.02564,0.031289,0.027228,2.06251
51,100,1000,500,0.024571,0.033918,0.027227,0.029339,0.026548,2.07623
51,100,1500,500,0.024089,0.034799,0.028025,0.030825,0.029612,2.15964
61,100,500,500,0.035588,0.052907,0.033271,0.039518,0.029983,2.0984
61,100,1000,500,0.031364,0.045904,0.0306,0.039757,0.030588,2.05354
61,100,1500,500,0.032693,0.045339,0.029361,0.039261,0.029578,2.01866
71,100,500,500,0.038314,0.0584,0.037497,0.051007,0.040929,2.11042
71,100,1000,500,0.051564,0.080485,0.042398,0.061065,0.037556,2.15984
71,100,1500,500,0.03744,0.055,0.03876,0.049983,0.037216,1.95006
81,100,500,500,0.044714,0.066633,0.043121,0.06232,0.04292,1.97129
81,100,1000,500,0.046004,0.067003,0.043097,0.061909,0.042851,1.95992
81,100,1500,500,0.044556,0.066633,0.045502,0.062637,0.043234,1.97343
91,100,500,500,0.053859,0.080304,0.051284,0.076364,0.05253,1.99431
91,100,1000,500,0.055033,0.082207,0.05159,0.07774,0.052406,2.00504
91,100,1500,500,0.05531,0.080949,0.051684,0.078279,0.052323,1.99836
1,100,500,500,0.002869,0.001002,0.003051,0.000173,0.002546,1.92255
1,100,1000,500,0.002939,0.000596,0.003376,0.00019,0.002707,1.92029
1,100,1500,500,0.002712,0.00056,0.003011,0.000156,0.002554,1.93562
11,100,500,500,0.004011,0.002587,0.003757,0.001649,0.00442,1.89097
11,100,1000,500,0.004002,0.002448,0.004251,0.001401,0.003289,1.89051
11,100,1500,500,0.00425,0.002361,0.00421,0.001553,0.003328,1.89941
21,100,500,500,0.006998,0.005288,0.007375,0.00573,0.005688,1.89746
21,100,1000,500,0.006949,0.00779,0.008146,0.004918,0.006018,1.88916
21,100,1500,500,0.007384,0.007329,0.007378,0.005647,0.00576,1.92569
31,100,500,500,0.01247,0.013109,0.010209,0.011025,0.009939,2.13566
31,100,1000,500,0.01253,0.012386,0.011669,0.011257,0.014565,2.07358
31,100,1500,500,0.012938,0.012315,0.010859,0.011323,0.011499,2.11663
41,100,500,500,0.016651,0.022395,0.01816,0.023209,0.014771,2.10473
41,100,1000,500,0.018802,0.026975,0.016113,0.020671,0.015094,1.93862
41,100,1500,500,0.015019,0.019128,0.015469,0.020857,0.015502,1.90845
51,100,500,500,0.021734,0.028591,0.020375,0.028197,0.0205,1.90009
51,100,1000,500,0.022054,0.029353,0.020724,0.028736,0.020578,1.90516
51,100,1500,500,0.021491,0.029864,0.021418,0.026887,0.019898,1.91532
61,100,500,500,0.030501,0.040029,0.02966,0.036959,0.027384,1.92387
61,100,1000,500,0.028005,0.042456,0.02752,0.038564,0.026969,1.9177
61,100,1500,500,0.027626,0.042501,0.027577,0.039235,0.027182,1.91676
71,100,500,500,0.036343,0.052561,0.036115,0.047035,0.033176,1.92561
71,100,1000,500,0.034855,0.051896,0.035204,0.049859,0.034769,1.93867
71,100,1500,500,0.035067,0.054459,0.03978,0.050874,0.034809,1.93106
81,100,500,500,0.047345,0.061505,0.04338,0.063414,0.041929,1.94064
81,100,1000,500,0.043094,0.066045,0.042881,0.061917,0.042587,1.94538
81,100,1500,500,0.042974,0.066353,0.042674,0.062358,0.04138,1.99616
91,100,500,500,0.056683,0.075207,0.051232,0.083044,0.050748,1.96067
91,100,1000,500,0.053189,0.079648,0.050952,0.076917,0.050251,1.97208
91,100,1500,500,0.052733,0.080425,0.052614,0.075624,0.051313,1.95795
1,100,500,500,0.005182,0.001057,0.005335,0.000256,0.00441,2.89782
1,100,1000,500,0.005027,0.001084,0.005013,0.000247,0.005049,2.89595
1,100,1500,500,0.004914,0.00121,0.004794,0.000294,0.004404,2.89243
11,100,500,500,0.005866,0.002379,0.004824,0.001712,0.005918,0.963685
11,100,1000,500,0.005939,0.002394,0.004733,0.001579,0.006191,0.968295
11,100,1500,500,0.005739,0.002235,0.004981,0.001824,0.005954,0.960532
21,100,500,500,0.008638,0.006201,0.009158,0.006089,0.007278,1.9259
21,100,1000,500,0.008427,0.006737,0.008509,0.005071,0.007493,1.91381
21,100,1500,500,0.008679,0.006856,0.008814,0.005252,0.007713,1.91561
31,100,500,500,0.014396,0.01247,0.011205,0.009978,0.011123,1.91346
31,100,1000,500,0.013693,0.012406,0.011658,0.01179,0.011133,1.91489
31,100,1500,500,0.013899,0.012443,0.010777,0.010874,0.010943,1.91
41,100,500,500,0.017822,0.022814,0.016262,0.019155,0.015571,1.93045
41,100,1000,500,0.017715,0.019434,0.015941,0.020517,0.015629,1.93034
41,100,1500,500,0.017722,0.02048,0.016509,0.02068,0.019695,2.07462
51,100,500,500,0.023857,0.036191,0.023512,0.02914,0.02405,2.04678
51,100,1000,500,0.025951,0.030713,0.021807,0.029048,0.02255,1.93644
51,100,1500,500,0.023535,0.032775,0.022116,0.032649,0.022131,1.93839
61,100,500,500,0.031487,0.040722,0.029011,0.038914,0.028664,1.94741
61,100,1000,500,0.032142,0.039453,0.028894,0.03749,0.028935,1.94817
61,100,1500,500,0.030435,0.041196,0.028472,0.038403,0.029128,1.9449
71,100,500,500,0.036928,0.05381,0.034898,0.050091,0.037612,1.96319
71,100,1000,500,0.038397,0.053559,0.035788,0.049632,0.036749,1.95658
71,100,1500,500,0.037938,0.053651,0.035455,0.049105,0.038403,1.95701
81,100,500,500,0.045873,0.06775,0.046453,0.058111,0.043551,1.98047
81,100,1000,500,0.045877,0.066747,0.042988,0.062396,0.043266,1.98734
81,100,1500,500,0.04616,0.066136,0.043381,0.062835,0.044212,1.99528
91,100,500,500,0.055988,0.082311,0.052545,0.077907,0.052956,2.01507
91,100,1000,500,0.055205,0.082931,0.051382,0.080568,0.053601,1.99221
91,100,1500,500,0.054227,0.082386,0.052415,0.084549,0.052054,1.99579
1,100,500,500,0.004401,0.000387,0.002944,0.000177,0.004112,0.020263
1,100,1000,500,0.004552,0.000407,0.003054,0.000166,0.003979,0.019689
1,100,1500,500,0.00409,0.000374,0.002909,0.000108,0.003902,0.020267
11,100,500,500,0.00489,0.002754,0.004374,0.001441,0.004626,2.02191
11,100,1000,500,0.005586,0.002639,0.004392,0.00207,0.004837,2.03054
11,100,1500,500,0.005135,0.002638,0.004342,0.001682,0.004542,2.00883
21,100,500,500,0.007957,0.005971,0.007556,0.005119,0.006669,2.00156
21,100,1000,500,0.007918,0.005749,0.007003,0.005254,0.007422,2.00009
21,100,1500,500,0.007676,0.007444,0.007845,0.005492,0.006664,1.99938
31,100,500,500,0.012955,0.012646,0.010442,0.010246,0.012633,2.00346
31,100,1000,500,0.012668,0.012084,0.01177,0.010124,0.010066,2.00478
31,100,1500,500,0.013173,0.012281,0.013169,0.009001,0.012161,2.01868
41,100,500,500,0.017583,0.018927,0.015109,0.0207,0.016723,1.99792
41,100,1000,500,0.016324,0.022705,0.014892,0.016994,0.015525,2.00711
41,100,1500,500,0.017274,0.020613,0.015641,0.020978,0.015021,2.01159
51,100,500,500,0.021965,0.035115,0.020759,0.028087,0.020998,2.01283
51,100,1000,500,0.022318,0.032594,0.020942,0.032314,0.021172,2.01587
51,100,1500,500,0.022,0.033879,0.020696,0.028225,0.020338,2.01462
61,100,500,500,0.029686,0.042002,0.02639,0.038226,0.027745,2.02394
61,100,1000,500,0.031243,0.039064,0.028112,0.037895,0.027766,2.11135
61,100,1500,500,0.032431,0.054608,0.028981,0.042369,0.028837,2.16738
71,100,500,500,0.04055,0.054255,0.036599,0.05151,0.040145,2.05043
71,100,1000,500,0.040635,0.050759,0.037703,0.046042,0.035774,2.03233
71,100,1500,500,0.03637,0.054398,0.034589,0.049032,0.035838,2.03665
81,100,500,500,0.044535,0.067274,0.042093,0.062002,0.043052,2.05655
81,100,1000,500,0.045912,0.064744,0.04188,0.062484,0.042471,2.05594
81,100,1500,500,0.044786,0.067573,0.043442,0.06222,0.042613,2.05255
91,100,500,500,0.053633,0.079787,0.054317,0.075282,0.053065,2.06747
91,100,1000,500,0.05369,0.086989,0.051646,0.076548,0.050924,2.07041
91,100,1500,500,0.053356,0.080125,0.050798,0.07654,0.05106,2.06529
1,100,500,500,0.003915,0.000206,0.005676,0.000275,0.003125,0.000205
1,100,1000,500,0.00327,0.000122,0.005599,0.000159,0.003755,0.000218
1,100,1500,500,0.003284,0.000156,0.005329,0.00022,0.003961,0.000199
11,100,500,500,0.00559,0.002484,0.006239,0.001725,0.00513,1.89869
11,100,1000,500,0.006515,0.002756,0.004746,0.001428,0.005652,1.90845
11,100,1500,500,0.006648,0.003517,0.004828,0.001888,0.005125,1.92075
21,100,500,500,0.009187,0.006687,0.007963,0.005651,0.007564,1.91053
21,100,1000,500,0.008677,0.006449,0.008859,0.006222,0.007284,1.89567
21,100,1500,500,0.008445,0.006445,0.008369,0.005997,0.007488,1.90631
31,100,500,500,0.013909,0.013032,0.010779,0.009453,0.011104,1.90787
31,100,1000,500,0.013542,0.012336,0.011206,0.011085,0.011373,1.90199
31,100,1500,500,0.01388,0.012981,0.011514,0.009488,0.010994,1.91888
41,100,500,500,0.016787,0.020952,0.015728,0.020897,0.01518,1.91489
41,100,1000,500,0.017302,0.020242,0.015988,0.020135,0.016334,1.92526
41,100,1500,500,0.017052,0.021429,0.015969,0.020396,0.01713,1.92523
51,100,500,500,0.023797,0.031177,0.021017,0.028413,0.02153,1.93666
51,100,1000,500,0.022696,0.032517,0.021964,0.028309,0.02192,1.93263
51,100,1500,500,0.022528,0.032781,0.021244,0.02953,0.021852,1.93138
61,100,500,500,0.02937,0.043768,0.028547,0.042121,0.028707,1.9324
61,100,1000,500,0.030523,0.039884,0.027963,0.036968,0.028617,1.93656
61,100,1500,500,0.030251,0.040005,0.027992,0.036993,0.028717,1.93879
71,100,500,500,0.036841,0.053447,0.035743,0.049353,0.036362,1.95628
71,100,1000,500,0.037249,0.053881,0.036062,0.049457,0.036039,1.95567
71,100,1500,500,0.036898,0.054053,0.03578,0.049323,0.036628,1.95322
81,100,500,500,0.044987,0.06615,0.042262,0.062032,0.044506,1.96559
81,100,1000,500,0.045062,0.066764,0.043099,0.061901,0.043759,1.96481
81,100,1500,500,0.044585,0.066815,0.042982,0.062028,0.043631,1.97602
91,100,500,500,0.053867,0.080164,0.054819,0.071972,0.053307,2.0015
91,100,1000,500,0.053722,0.081074,0.053142,0.077863,0.054444,2.19102
91,100,1500,500,0.057264,0.085103,0.064404,0.104593,0.057145,2.06994
1,100,500,500,0.002375,0.000398,0.002597,0.000137,0.002429,1.03627
1,100,1000,500,0.002486,0.0004,0.002644,0.000113,0.002759,1.04476
1,100,1500,500,0.00267,0.000512,0.002617,0.000115,0.002711,1.04998
11,100,500,500,0.006525,0.003817,0.008957,0.002291,0.006367,3.01251
11,100,1000,500,0.007552,0.004418,0.009285,0.002704,0.006505,2.92834
11,100,1500,500,0.007096,0.003875,0.009081,0.002294,0.006066,2.90538
21,100,500,500,0.011384,0.008741,0.013691,0.008145,0.009898,3.0032
21,100,1000,500,0.012342,0.008148,0.013659,0.007352,0.010691,3.03336
21,100,1500,500,0.01121,0.010484,0.017634,0.009581,0.009702,2.9745
31,100,500,500,0.016828,0.018715,0.017938,0.015619,0.019532,3.07102
31,100,1000,500,0.020632,0.024521,0.024539,0.018622,0.018434,3.00613
31,100,1500,500,0.018545,0.018267,0.019283,0.016226,0.01614,2.97773
41,100,500,500,0.029053,0.043513,0.025456,0.032457,0.026803,3.06848
41,100,1000,500,0.025271,0.035751,0.028889,0.027604,0.025733,3.03139
41,100,1500,500,0.02652,0.036915,0.026671,0.029984,0.025372,3.06477
51,100,500,500,0.034573,0.047914,0.049156,0.048678,0.035227,3.0876
51,100,1000,500,0.041188,0.057867,0.035827,0.045547,0.036431,3.07618
51,100,1500,500,0.042507,0.051371,0.037343,0.045305,0.032899,2.95393
61,100,500,500,0.046516,0.062785,0.045157,0.059158,0.045245,2.93871
61,100,1000,500,0.047913,0.063164,0.044645,0.059009,0.044644,2.94046
61,100,1500,500,0.052939,0.060089,0.047963,0.06319,0.047175,3.25362
71,100,500,500,0.081738,0.114538,0.066163,0.087768,0.064101,3.30121
71,100,1000,500,0.061446,0.083315,0.062256,0.081171,0.059943,3.21161
71,100,1500,500,0.082184,0.120215,0.069604,0.088452,0.073602,3.28601
81,100,500,500,0.085693,0.12325,0.087317,0.123325,0.102375,3.49674
81,100,1000,500,0.071499,0.102592,0.071966,0.101739,0.073976,3.30588
81,100,1500,500,0.076643,0.119578,0.078834,0.120067,0.077961,3.20397
91,100,500,500,0.09494,0.144854,0.095679,0.130532,0.088463,3.16444
91,100,1000,500,0.089678,0.124788,0.089151,0.126077,0.095934,3.1121
91,100,1500,500,0.087071,0.130963,0.091555,0.118837,0.087607,3.06563
1,100,500,500,0.00646,0.000793,0.004047,0.000184,0.003565,2.98908
1,100,1000,500,0.004867,0.00115,0.005934,0.000278,0.00397,3.00716
1,100,1500,500,0.004292,0.00098,0.005023,0.000194,0.0039,3.14231
11,100,500,500,0.009638,0.00481,0.005114,0.00184,0.008296,3.17122
11,100,1000,500,0.009722,0.005262,0.006387,0.001728,0.008117,3.06576
11,100,1500,500,0.00957,0.004279,0.005114,0.00179,0.008665,3.11528
21,100,500,500,0.008678,0.007499,0.011872,0.005605,0.007788,1.04092
21,100,1000,500,0.008226,0.006457,0.009691,0.004964,0.008695,1.04959
21,100,1500,500,0.008223,0.006128,0.007575,0.006266,0.009179,1.02626
31,100,500,500,0.01636,0.011848,0.013413,0.012618,0.012606,2.10906
31,100,1000,500,0.015764,0.013863,0.01442,0.012002,0.0159,2.11215
31,100,1500,500,0.014461,0.012316,0.012768,0.01088,0.014702,2.016
41,100,500,500,0.021565,0.025577,0.018442,0.019139,0.017883,2.03182
41,100,1000,500,0.019436,0.021861,0.018318,0.021002,0.017504,2.00508
41,100,1500,500,0.019484,0.026463,0.017531,0.021995,0.0189,2.05946
51,100,500,500,0.025133,0.03724,0.022845,0.033774,0.025087,2.07806
51,100,1000,500,0.024776,0.037383,0.023222,0.02877,0.023018,2.01711
51,100,1500,500,0.024194,0.03364,0.022877,0.027846,0.023827,2.09015
61,100,500,500,0.035376,0.046918,0.041525,0.053796,0.033421,2.07746
61,100,1000,500,0.031039,0.043564,0.028846,0.039872,0.031148,1.99434
61,100,1500,500,0.031642,0.042046,0.029187,0.03853,0.030404,1.99416
71,100,500,500,0.03932,0.054674,0.038516,0.046737,0.038047,1.99791
71,100,1000,500,0.045626,0.059833,0.03675,0.05146,0.043767,2.05062
71,100,1500,500,0.039475,0.05692,0.037283,0.055121,0.043146,2.1683
81,100,500,500,0.049222,0.068592,0.045099,0.064303,0.046681,2.03867
81,100,1000,500,0.05054,0.072294,0.046824,0.067748,0.048795,2.05842
81,100,1500,500,0.048686,0.070355,0.043787,0.065536,0.045753,2.05015
91,100,500,500,0.056958,0.086784,0.055301,0.080327,0.0546,2.06094
91,100,1000,500,0.058679,0.084321,0.061715,0.089523,0.056992,2.07406
91,100,1500,500,0.063155,0.093967,0.053952,0.084147,0.058713,2.19766
1,100,500,500,0.003192,0.000936,0.002533,0.000118,0.002815,1.13272
1,100,1000,500,0.003255,0.000949,0.002505,0.00015,0.002509,1.12777
1,100,1500,500,0.003181,0.000918,0.002765,0.000151,0.002801,1.12144
11,100,500,500,0.0055,0.002724,0.00524,0.001972,0.004711,2.30063
11,100,1000,500,0.006684,0.002342,0.006489,0.001817,0.004945,2.11832
11,100,1500,500,0.005521,0.00298,0.004689,0.001649,0.004921,2.08867
21,100,500,500,0.007362,0.005904,0.007444,0.005518,0.006757,2.17081
21,100,1000,500,0.012181,0.007556,0.008669,0.005218,0.008185,2.08123
21,100,1500,500,0.008126,0.006978,0.00845,0.005581,0.006932,2.0927
31,100,500,500,0.014038,0.011402,0.011698,0.010737,0.010636,2.0327
31,100,1000,500,0.012422,0.011623,0.013826,0.010582,0.010601,2.04463
31,100,1500,500,0.013687,0.011391,0.012396,0.009703,0.010216,2.03525
41,100,500,500,0.015909,0.021181,0.017212,0.02087,0.016203,2.05135
41,100,1000,500,0.01693,0.019731,0.016778,0.020348,0.016558,2.04418
41,100,1500,500,0.017161,0.022384,0.018603,0.019279,0.017948,2.17904
51,100,500,500,0.024126,0.034008,0.031043,0.047943,0.026827,2.3748
51,100,1000,500,0.022961,0.03276,0.025018,0.030698,0.024641,2.08676
51,100,1500,500,0.022478,0.038399,0.023208,0.029635,0.02731,2.33536
61,100,500,500,0.035406,0.050212,0.03318,0.043215,0.030207,2.09103
61,100,1000,500,0.029819,0.044284,0.0289,0.03842,0.029321,2.08305
61,100,1500,500,0.029283,0.040073,0.033868,0.046685,0.030791,2.13528
71,100,500,500,0.039421,0.053376,0.037038,0.056267,0.040243,2.17003
71,100,1000,500,0.038584,0.058334,0.045851,0.071206,0.044044,2.39156
71,100,1500,500,0.050764,0.083399,0.050792,0.072347,0.050717,2.23413
81,100,500,500,0.047247,0.068254,0.045144,0.065031,0.043749,2.10466
81,100,1000,500,0.049857,0.069414,0.044383,0.064674,0.048574,2.07263
81,100,1500,500,0.045807,0.065806,0.045062,0.065877,0.045968,2.04078
91,100,500,500,0.055596,0.083813,0.05216,0.078719,0.05144,2.05655
91,100,1000,500,0.053299,0.08389,0.053493,0.081764,0.055064,2.07166
91,100,1500,500,0.05458,0.080904,0.05316,0.078599,0.053723,2.05717
1,100,500,500,0.006669,0.002019,0.005107,0.000193,0.005749,4.07677
1,100,1000,500,0.00606,0.00151,0.004911,0.00024,0.005903,4.11616
1,100,1500,500,0.006417,0.001644,0.005111,0.000209,0.005867,4.06317
11,100,500,500,0.006441,0.002613,0.004892,0.00196,0.005973,1.12234
11,100,1000,500,0.006476,0.002678,0.005139,0.001677,0.005851,1.12858
11,100,1500,500,0.006773,0.002437,0.006228,0.001708,0.00571,1.25451
21,100,500,500,0.0104,0.006864,0.008504,0.005641,0.007691,1.96569
21,100,1000,500,0.008638,0.006975,0.00852,0.005694,0.007939,1.9949
21,100,1500,500,0.009646,0.007088,0.009584,0.005439,0.00778,1.9465
31,100,500,500,0.012692,0.01294,0.012398,0.0104,0.011564,1.94103
31,100,1000,500,0.013801,0.012687,0.010989,0.009159,0.01054,1.94176
31,100,1500,500,0.012813,0.013163,0.012837,0.010967,0.011402,1.94355
41,100,500,500,0.01901,0.021956,0.017215,0.020118,0.015373,1.95087
41,100,1000,500,0.017212,0.021067,0.017432,0.02056,0.015829,1.9349
41,100,1500,500,0.017399,0.021781,0.016475,0.019994,0.016638,1.95112
51,100,500,500,0.0221,0.031213,0.022013,0.028374,0.022182,1.96434
51,100,1000,500,0.024152,0.035129,0.024536,0.030053,0.022405,1.96753
51,100,1500,500,0.022937,0.032993,0.022159,0.029864,0.024465,1.96015
61,100,500,500,0.031529,0.04243,0.028491,0.03731,0.029642,1.97412
61,100,1000,500,0.033221,0.044182,0.029037,0.038149,0.03195,1.96115
61,100,1500,500,0.032064,0.042846,0.029303,0.039675,0.028617,1.95937
71,100,500,500,0.038496,0.055555,0.037723,0.050777,0.037416,1.99911
71,100,1000,500,0.054603,0.072846,0.039561,0.051065,0.039253,2.29438
71,100,1500,500,0.039115,0.058659,0.036467,0.052567,0.038503,2.05778
81,100,500,500,0.050071,0.073455,0.046595,0.069756,0.045696,2.04521
81,100,1000,500,0.050239,0.072448,0.046799,0.068773,0.0483,2.07542
81,100,1500,500,0.045991,0.067381,0.044454,0.063619,0.045245,2.14
91,100,500,500,0.058624,0.084638,0.055053,0.080462,0.058148,2.08866
91,100,1000,500,0.057749,0.084497,0.053239,0.078906,0.054873,2.05511
91,100,1500,500,0.055958,0.084888,0.052942,0.079201,0.055096,2.07421
1,100,500,500,0.004322,0.001307,0.005062,0.000271,0.004267,2.99438
1,100,1000,500,0.004694,0.000997,0.005422,0.0003,0.003915,3.08779
1,100,1500,500,0.004848,0.00114,0.005607,0.000238,0.004036,3.08083
11,100,500,500,0.004483,0.002715,0.004494,0.001583,0.005165,1.01745
11,100,1000,500,0.00504,0.002365,0.004372,0.001785,0.005217,1.01728
11,100,1500,500,0.005176,0.002681,0.004829,0.001474,0.006455,1.01095
21,100,500,500,0.010014,0.007041,0.009577,0.005477,0.008543,2.01055
21,100,1000,500,0.009425,0.006533,0.008979,0.006245,0.007835,2.03394
21,100,1500,500,0.010731,0.007556,0.011256,0.006463,0.007926,2.01942
31,100,500,500,0.014679,0.014943,0.011317,0.010681,0.012467,2.02464
31,100,1000,500,0.016531,0.015043,0.013922,0.011139,0.01297,2.02585
31,100,1500,500,0.014131,0.013913,0.012202,0.012521,0.013858,2.01144
41,100,500,500,0.018169,0.022854,0.016685,0.019562,0.019775,2.01419
41,100,1000,500,0.017923,0.023787,0.017197,0.019977,0.018702,2.03246
41,100,1500,500,0.019102,0.024036,0.018655,0.018792,0.019042,2.03176
51,100,500,500,0.02399,0.031674,0.0227,0.028933,0.023346,2.04351
51,100,1000,500,0.025526,0.034706,0.023441,0.028948,0.024567,2.08812
51,100,1500,500,0.024202,0.032581,0.024224,0.030377,0.025132,2.05403
61,100,500,500,0.032497,0.047239,0.029343,0.037575,0.032237,2.04977
61,100,1000,500,0.033667,0.043236,0.029902,0.038345,0.03146,2.03812
61,100,1500,500,0.03094,0.045527,0.031041,0.039359,0.030995,2.04368
71,100,500,500,0.040006,0.05672,0.036717,0.05052,0.038392,2.06494
71,100,1000,500,0.044481,0.06131,0.036872,0.054367,0.040425,2.06135
71,100,1500,500,0.041575,0.059043,0.037678,0.059086,0.038423,2.07351
81,100,500,500,0.049284,0.076322,0.047613,0.06533,0.051639,2.08476
81,100,1000,500,0.05187,0.071037,0.047493,0.066698,0.047287,2.08116
81,100,1500,500,0.048899,0.070372,0.045302,0.066139,0.04691,2.10462
91,100,500,500,0.056427,0.086771,0.058467,0.081357,0.056799,2.09866
91,100,1000,500,0.058357,0.087312,0.06027,0.07598,0.055784,2.11087
91,100,1500,500,0.064955,0.093067,0.056174,0.083971,0.067965,2.14867
1,100,500,500,0.005335,0.001141,0.005551,0.000289,0.005742,1.79682
1,100,1000,500,0.005455,0.000812,0.005483,0.000179,0.005022,1.78484
1,100,1500,500,0.005152,0.000866,0.005424,0.000251,0.004804,1.78954
11,100,500,500,0.008169,0.003017,0.005622,0.001857,0.006163,2.10209
11,100,1000,500,0.007845,0.002991,0.005021,0.001715,0.006203,2.12616
11,100,1500,500,0.006643,0.003229,0.006043,0.001756,0.005926,2.11987
21,100,500,500,0.010372,0.0075,0.009048,0.004867,0.008668,2.10659
21,100,1000,500,0.009351,0.006937,0.008883,0.005065,0.007744,2.03429
21,100,1500,500,0.009018,0.007839,0.010785,0.005334,0.008567,2.02001
31,100,500,500,0.014496,0.013079,0.011362,0.010737,0.012523,2.0307
31,100,1000,500,0.016215,0.012493,0.012291,0.011842,0.012491,2.01865
31,100,1500,500,0.014191,0.014693,0.012282,0.010766,0.013018,2.01227
41,100,500,500,0.018244,0.022185,0.016427,0.01756,0.017846,2.10072
41,100,1000,500,0.020214,0.027343,0.01608,0.02214,0.017782,2.11322
41,100,1500,500,0.020583,0.025314,0.016296,0.020333,0.016969,2.0681
51,100,500,500,0.028757,0.041372,0.027582,0.030467,0.025189,2.08505
51,100,1000,500,0.025132,0.040142,0.034192,0.04509,0.032165,2.14176
51,100,1500,500,0.025655,0.038034,0.026238,0.031006,0.029192,2.14694
61,100,500,500,0.031887,0.043467,0.029432,0.039621,0.034766,2.12391
61,100,1000,500,0.03465,0.04784,0.030557,0.047617,0.030856,2.13494
61,100,1500,500,0.033464,0.046525,0.033717,0.044905,0.029938,2.14083
71,100,500,500,0.042313,0.056372,0.040933,0.049823,0.038108,2.08618
71,100,1000,500,0.03972,0.055785,0.037512,0.057182,0.038736,2.08538
71,100,1500,500,0.043358,0.058858,0.0403,0.052967,0.03982,2.11184
81,100,500,500,0.054317,0.077403,0.052571,0.066239,0.049639,2.10829
81,100,1000,500,0.050678,0.071276,0.053957,0.066321,0.051501,2.16751
81,100,1500,500,0.052173,0.074026,0.044062,0.06683,0.045736,2.14507
91,100,500,500,0.05865,0.087735,0.064239,0.09661,0.091174,2.27258
91,100,1000,500,0.083987,0.114594,0.061619,0.095392,0.076224,2.21865
91,100,1500,500,0.06548,0.092191,0.053251,0.082889,0.055505,2.14469
1,100,500,500,0.003577,0.000707,0.003021,0.000157,0.0028,2.14443
1,100,1000,500,0.003036,0.000693,0.002873,0.000161,0.003093,2.12906
1,100,1500,500,0.003555,0.000963,0.00379,0.000155,0.002913,2.21154
11,100,500,500,0.005706,0.002812,0.00534,0.001778,0.003812,2.10942
11,100,1000,500,0.005935,0.003156,0.006662,0.002195,0.004413,1.99889
11,100,1500,500,0.004795,0.002839,0.005095,0.002123,0.00429,2.05893
21,100,500,500,0.007959,0.006127,0.007343,0.005374,0.00619,2.03034
21,100,1000,500,0.007134,0.006838,0.00744,0.005311,0.006453,2.04558
21,100,1500,500,0.007873,0.006947,0.007427,0.005093,0.006861,2.06761
31,100,500,500,0.012569,0.01477,0.013433,0.012822,0.012624,2.11436
31,100,1000,500,0.012945,0.012316,0.01088,0.009369,0.010303,2.09481
31,100,1500,500,0.013855,0.015515,0.011178,0.011357,0.010199,2.1431
41,100,500,500,0.018844,0.027834,0.01585,0.021197,0.018191,2.07602
41,100,1000,500,0.019131,0.023873,0.016657,0.020934,0.016244,2.13661
41,100,1500,500,0.016871,0.024018,0.018263,0.021504,0.019099,2.13356
51,100,500,500,0.021788,0.032905,0.022828,0.03387,0.024064,2.09451
51,100,1000,500,0.02661,0.045408,0.024441,0.032876,0.024486,2.12374
51,100,1500,500,0.023889,0.032248,0.028617,0.031923,0.024353,2.06193
61,100,500,500,0.033287,0.046739,0.033423,0.041162,0.031778,2.14339
61,100,1000,500,0.033858,0.045308,0.031488,0.043023,0.032595,2.07347
61,100,1500,500,0.03174,0.055063,0.038081,0.044823,0.04636,2.20123
71,100,500,500,0.042994,0.06056,0.039869,0.052788,0.045338,2.17487
71,100,1000,500,0.039557,0.063475,0.040336,0.054252,0.043609,2.128
71,100,1500,500,0.041359,0.064687,0.040698,0.057558,0.039834,2.11867
81,100,500,500,0.045301,0.074496,0.05015,0.069161,0.049196,2.13941
81,100,1000,500,0.050781,0.069995,0.045244,0.066613,0.048764,2.18534
81,100,1500,500,0.051977,0.067601,0.043669,0.070723,0.045725,2.235
91,100,500,500,0.058809,0.112391,0.061095,0.10149,0.059176,2.35801
91,100,1000,500,0.081807,0.104809,0.053463,0.080458,0.069009,2.11592
91,100,1500,500,0.054988,0.083222,0.054054,0.08079,0.054799,2.14017
1,100,500,500,0.004031,0.000601,0.003412,0.000144,0.004301,1.15805
1,100,1000,500,0.003989,0.000722,0.003785,0.000173,0.003845,1.18106
1,100,1500,500,0.004205,0.000554,0.003477,0.00014,0.003955,1.15236
11,100,500,500,0.005512,0.002535,0.005438,0.001664,0.004546,2.0952
11,100,1000,500,0.004666,0.002766,0.005469,0.001476,0.00459,2.07011
11,100,1500,500,0.005589,0.002623,0.005315,0.002204,0.005076,2.07399
21,100,500,500,0.007518,0.00675,0.008649,0.005497,0.00688,2.13118
21,100,1000,500,0.008243,0.007059,0.008889,0.005402,0.007209,2.06606
21,100,1500,500,0.00779,0.005739,0.008608,0.005217,0.00723,2.10916
31,100,500,500,0.012893,0.013189,0.012019,0.010569,0.011604,2.12609
31,100,1000,500,0.013002,0.01195,0.01225,0.012172,0.011493,2.17792
31,100,1500,500,0.012348,0.01425,0.014357,0.016363,0.010454,2.11126
41,100,500,500,0.019142,0.023211,0.018779,0.018216,0.017682,2.12709
41,100,1000,500,0.023288,0.026579,0.018371,0.021296,0.01854,2.16318
41,100,1500,500,0.016448,0.021341,0.017676,0.02173,0.015142,2.09829
51,100,500,500,0.024749,0.037486,0.025669,0.032378,0.024461,2.15227
51,100,1000,500,0.023662,0.03316,0.025445,0.030851,0.023534,2.18332
51,100,1500,500,0.022288,0.034475,0.023919,0.030655,0.024076,2.12414
61,100,500,500,0.031801,0.043784,0.03328,0.041996,0.032504,2.1588
61,100,1000,500,0.031989,0.042268,0.030773,0.048562,0.029888,2.12221
61,100,1500,500,0.030596,0.040219,0.030694,0.036785,0.029361,2.12299
71,100,500,500,0.038232,0.053166,0.040259,0.05197,0.038819,2.20745
71,100,1000,500,0.03842,0.058109,0.037276,0.05196,0.038119,2.20349
71,100,1500,500,0.041498,0.059622,0.039013,0.053117,0.040275,2.19741
81,100,500,500,0.056056,0.073253,0.04693,0.083516,0.062797,2.21643
81,100,1000,500,0.049284,0.071109,0.046026,0.068173,0.046794,2.26533
81,100,1500,500,0.045932,0.078741,0.048856,0.065591,0.047171,2.18729
91,100,500,500,0.06513,0.09458,0.05626,0.088074,0.061601,2.19424
91,100,1000,500,0.061483,0.079352,0.054588,0.084235,0.054789,2.18142
91,100,1500,500,0.061359,0.08382,0.053258,0.084995,0.057957,2.22998
1,100,500,500,0.004057,0.000408,0.006191,0.000261,0.003454,0.11586
1,100,1000,500,0.004058,0.000399,0.006248,0.000274,0.003242,0.115587
1,100,1500,500,0.005746,0.000516,0.008637,0.000327,0.003272,0.132084
11,100,500,500,0.006458,0.002982,0.00498,0.002028,0.005853,2.08674
11,100,1000,500,0.00613,0.003321,0.005181,0.001548,0.006347,2.04825
11,100,1500,500,0.007174,0.004929,0.00669,0.001895,0.005893,2.16263
21,100,500,500,0.008918,0.007406,0.009221,0.005134,0.007968,2.0233
21,100,1000,500,0.008976,0.007525,0.009701,0.005183,0.007645,2.04653
21,100,1500,500,0.010072,0.007094,0.011662,0.008484,0.009948,2.07198
31,100,500,500,0.015299,0.013392,0.012383,0.013634,0.01257,2.09242
31,100,1000,500,0.015163,0.013862,0.012891,0.012226,0.011627,2.00353
31,100,1500,500,0.013644,0.012913,0.014993,0.014636,0.013047,2.01169
41,100,500,500,0.01855,0.02173,0.018281,0.019988,0.019453,2.02585
41,100,1000,500,0.018184,0.024468,0.017819,0.019455,0.018523,2.01843
41,100,1500,500,0.019324,0.02316,0.01674,0.019511,0.017651,2.05886
51,100,500,500,0.024084,0.033513,0.025095,0.029526,0.024696,2.16791
51,100,1000,500,0.040206,0.044264,0.026452,0.034205,0.03224,2.22775
51,100,1500,500,0.031649,0.038942,0.024641,0.036243,0.024891,2.03191
61,100,500,500,0.032604,0.045995,0.030089,0.038781,0.030844,2.05063
61,100,1000,500,0.034002,0.044334,0.028408,0.038682,0.029553,2.04828
61,100,1500,500,0.035062,0.045493,0.02832,0.039065,0.030309,2.04445
71,100,500,500,0.041633,0.058601,0.037921,0.052128,0.037508,2.07872
71,100,1000,500,0.042719,0.056756,0.03631,0.052202,0.037922,2.11487
71,100,1500,500,0.040119,0.058687,0.038302,0.051977,0.037534,2.13917
81,100,500,500,0.060173,0.068498,0.047823,0.065974,0.049621,2.13479
81,100,1000,500,0.053229,0.074007,0.047907,0.070552,0.04836,2.16055
81,100,1500,500,0.048987,0.070252,0.067943,0.068322,0.049631,2.20245
91,100,500,500,0.061916,0.090329,0.056799,0.089561,0.058992,2.17249
91,100,1000,500,0.056208,0.085812,0.054151,0.083246,0.061973,2.19353
91,100,1500,500,0.073063,0.090917,0.057843,0.092686,0.062117,2.2297
1,100,500,500,0.003582,0.000187,0.006236,0.000293,0.004138,0.000195
1,100,1000,500,0.003305,0.000123,0.00541,0.000259,0.005009,0.00023
1,100,1500,500,0.003545,0.000201,0.007273,0.000263,0.004838,0.000301
11,100,500,500,0.006726,0.005947,0.006563,0.001788,0.008972,2.10805
11,100,1000,500,0.006615,0.003256,0.006107,0.001894,0.005897,2.01923
11,100,1500,500,0.006282,0.003149,0.00689,0.002451,0.00669,2.14744
21,100,500,500,0.008245,0.006718,0.009131,0.005678,0.007874,2.07941
21,100,1000,500,0.009085,0.006909,0.008999,0.005407,0.007955,2.06452
21,100,1500,500,0.009636,0.007245,0.010258,0.0064,0.010421,2.07119
31,100,500,500,0.014412,0.01402,0.011376,0.010203,0.011954,2.10593
31,100,1000,500,0.0136,0.015055,0.013653,0.012064,0.011973,2.14152
31,100,1500,500,0.015301,0.012189,0.014457,0.013494,0.01583,2.18018
41,100,500,500,0.021055,0.025375,0.018747,0.018792,0.018011,2.12543
41,100,1000,500,0.017214,0.022826,0.017726,0.021122,0.017854,2.08785
41,100,1500,500,0.018349,0.025054,0.016616,0.020386,0.01873,2.09479
51,100,500,500,0.02606,0.037832,0.028758,0.031102,0.024299,2.06747
51,100,1000,500,0.024427,0.033638,0.027095,0.031307,0.025695,2.10719
51,100,1500,500,0.023449,0.031612,0.022363,0.028785,0.029196,2.15777
61,100,500,500,0.034985,0.046238,0.030552,0.040285,0.032552,2.18637
61,100,1000,500,0.038469,0.047304,0.030235,0.04609,0.033647,2.13058
61,100,1500,500,0.034559,0.048369,0.031634,0.041239,0.034207,2.14027
71,100,500,500,0.044756,0.064695,0.038498,0.054544,0.039833,2.1223
71,100,1000,500,0.048782,0.061867,0.042905,0.05421,0.038604,2.15727
71,100,1500,500,0.054069,0.084444,0.045647,0.051184,0.039467,2.17692
81,100,500,500,0.057666,0.07329,0.054396,0.073021,0.048718,2.14662
81,100,1000,500,0.049617,0.069609,0.046163,0.065315,0.045451,2.13036
81,100,1500,500,0.050594,0.07331,0.045621,0.065389,0.046881,2.07522
91,100,500,500,0.061132,0.080779,0.05396,0.086061,0.062136,2.15605
91,100,1000,500,0.078772,0.107774,0.061232,0.084866,0.064338,2.2034
91,100,1500,500,0.057008,0.085788,0.061812,0.083099,0.056409,2.18675
1,100,500,500,0.003164,0.000891,0.002763,0.00017,0.00246,2.0251
1,100,1000,500,0.002769,0.000582,0.003035,0.000139,0.002388,2.12093
1,100,1500,500,0.002908,0.000816,0.003034,0.000134,0.002509,2.11566
11,100,500,500,0.004398,0.003075,0.004707,0.001925,0.004063,2.08235
11,100,1000,500,0.004257,0.003274,0.006433,0.001644,0.003432,2.08199
11,100,1500,500,0.004338,0.002561,0.004078,0.001393,0.004209,1.99476
21,100,500,500,0.010625,0.009951,0.01258,0.008156,0.010533,3.06656
21,100,1000,500,0.011785,0.009756,0.013512,0.007291,0.01002,3.0017
21,100,1500,500,0.017059,0.013142,0.01485,0.010815,0.01017,3.13475
31,100,500,500,0.021949,0.024183,0.022733,0.017743,0.019026,3.02163
31,100,1000,500,0.020002,0.021363,0.020636,0.018502,0.015593,3.02086
31,100,1500,500,0.019111,0.016667,0.021399,0.017542,0.01609,2.97448
41,100,500,500,0.027463,0.029349,0.03284,0.035893,0.026959,3.05347
41,100,1000,500,0.027257,0.035772,0.028043,0.036734,0.026667,3.05149
41,100,1500,500,0.029554,0.034287,0.027234,0.03243,0.028063,3.05289
51,100,500,500,0.040902,0.058569,0.040857,0.047115,0.040763,3.06129
51,100,1000,500,0.039387,0.053363,0.036919,0.041952,0.03521,3.05955
51,100,1500,500,0.035779,0.049086,0.038256,0.046556,0.033094,3.07912
61,100,500,500,0.053145,0.075438,0.047261,0.066817,0.046294,3.09661
61,100,1000,500,0.045429,0.068768,0.056725,0.065142,0.048052,3.22253
61,100,1500,500,0.050067,0.070683,0.050085,0.065427,0.048088,3.03753
71,100,500,500,0.059081,0.080752,0.059149,0.080557,0.056133,3.10899
71,100,1000,500,0.059082,0.085585,0.059874,0.089108,0.059069,3.00634
71,100,1500,500,0.067196,0.087574,0.058811,0.083154,0.058038,3.05411
81,100,500,500,0.075068,0.12123,0.073069,0.102295,0.072677,3.13421
81,100,1000,500,0.071218,0.108677,0.074037,0.102057,0.074854,3.16645
81,100,1500,500,0.077384,0.117982,0.073929,0.102835,0.07107,3.20588
91,100,500,500,0.094234,0.142802,0.091093,0.136303,0.089366,3.2318
91,100,1000,500,0.100777,0.143853,0.102293,0.144865,0.093089,3.20695
91,100,1500,500,0.092445,0.156948,0.090226,0.14536,0.09567,3.16639
1,100,500,500,0.005555,0.000376,0.002334,9.4e-05,0.002187,1.02347
1,100,1000,500,0.002774,0.000446,0.002775,0.00014,0.0028,1.03455
1,100,1500,500,0.003205,0.000591,0.002398,0.000193,0.002701,1.03008
11,100,500,500,0.007056,0.003685,0.00832,0.002599,0.006065,3.19523
11,100,1000,500,0.007807,0.003586,0.007864,0.002672,0.006433,3.13497
11,100,1500,500,0.007181,0.00397,0.009772,0.00513,0.006615,3.08664
21,100,500,500,0.012453,0.011786,0.017058,0.012582,0.011562,3.00323
21,100,1000,500,0.012201,0.009458,0.012574,0.007841,0.012369,3.10206
21,100,1500,500,0.01354,0.011894,0.013105,0.008044,0.011803,3.07862
31,100,500,500,0.018278,0.019803,0.020516,0.017827,0.018169,3.09445
31,100,1000,500,0.021345,0.021509,0.021033,0.021421,0.019006,3.13085
31,100,1500,500,0.019504,0.020479,0.020698,0.016786,0.018207,3.06829
41,100,500,500,0.029583,0.040762,0.02986,0.036455,0.029253,3.10953
41,100,1000,500,0.025906,0.038567,0.028433,0.043728,0.027257,3.07195
41,100,1500,500,0.032522,0.034985,0.029225,0.031389,0.025472,3.0801
51,100,500,500,0.040134,0.061156,0.041079,0.048233,0.038931,3.23029
51,100,1000,500,0.041183,0.052946,0.040682,0.05007,0.043706,3.08223
51,100,1500,500,0.0375,0.052214,0.037296,0.050598,0.041926,3.18092
61,100,500,500,0.05082,0.071489,0.060449,0.089507,0.052027,3.27626
61,100,1000,500,0.056408,0.080969,0.050973,0.067611,0.048508,3.0819
61,100,1500,500,0.047245,0.064605,0.049126,0.060403,0.046028,3.16469
71,100,500,500,0.060738,0.083286,0.062093,0.080334,0.059462,3.18571
71,100,1000,500,0.063753,0.085965,0.063948,0.085356,0.058928,3.1457
71,100,1500,500,0.060284,0.091549,0.059919,0.088535,0.064709,3.20942
81,100,500,500,0.077935,0.118223,0.071934,0.102817,0.070941,3.15524
81,100,1000,500,0.073572,0.113991,0.076739,0.107009,0.074851,3.14595
81,100,1500,500,0.076622,0.112511,0.078083,0.106761,0.073907,3.14604
91,100,500,500,0.092855,0.137731,0.120008,0.130819,0.088119,3.10038
91,100,1000,500,0.091493,0.127746,0.091599,0.126763,0.087992,3.10779
91,100,1500,500,0.08881,0.130332,0.096125,0.122925,0.094964,3.1815
1,100,500,500,0.008639,0.001022,0.004701,0.00017,0.004855,3.09039
1,100,1000,500,0.005381,0.001155,0.007003,0.000222,0.004671,3.03094
1,100,1500,500,0.005385,0.001182,0.006549,0.000276,0.00513,3.09677
11,100,500,500,0.006421,0.002645,0.005748,0.001651,0.005966,1.05166
11,100,1000,500,0.006181,0.002979,0.005649,0.001729,0.006472,1.00718
11,100,1500,500,0.006197,0.002441,0.005701,0.001665,0.00634,1.02316
21,100,500,500,0.009692,0.006958,0.008666,0.005327,0.010296,2.03479
21,100,1000,500,0.00941,0.007494,0.009175,0.005626,0.008597,2.08354
21,100,1500,500,0.01121,0.00695,0.010304,0.004979,0.009718,2.09917
31,100,500,500,0.013943,0.013072,0.014971,0.015174,0.012215,2.06831
31,100,1000,500,0.014565,0.013473,0.012658,0.01123,0.011938,2.06812
31,100,1500,500,0.013557,0.01421,0.012509,0.012139,0.012099,2.12792
41,100,500,500,0.01955,0.024814,0.018305,0.018992,0.018224,2.0992
41,100,1000,500,0.019118,0.023701,0.016902,0.018731,0.019781,2.12093
41,100,1500,500,0.020114,0.023387,0.017095,0.018815,0.01948,2.0374
51,100,500,500,0.02414,0.035261,0.024247,0.030136,0.025401,2.03966
51,100,1000,500,0.026666,0.037588,0.02376,0.030219,0.02475,2.20974
51,100,1500,500,0.030641,0.041578,0.031446,0.036385,0.032835,2.27062
61,100,500,500,0.065443,0.076774,0.045608,0.057511,0.032475,2.24582
61,100,1000,500,0.037521,0.051534,0.036549,0.046625,0.035763,2.1812
61,100,1500,500,0.042285,0.050605,0.030575,0.037439,0.031805,2.04587
71,100,500,500,0.038043,0.05463,0.044834,0.058306,0.042178,2.12335
71,100,1000,500,0.041196,0.057509,0.039373,0.054577,0.041585,2.22004
71,100,1500,500,0.039243,0.057094,0.0373,0.05118,0.037769,2.033
81,100,500,500,0.046797,0.06945,0.044461,0.06433,0.044441,2.05503
81,100,1000,500,0.047253,0.069205,0.044322,0.063882,0.049496,2.15647
81,100,1500,500,0.049533,0.072174,0.046992,0.063619,0.04499,2.03949
91,100,500,500,0.058776,0.086274,0.056367,0.083892,0.057352,2.08372
91,100,1000,500,0.057232,0.085165,0.05514,0.082292,0.056048,2.06403
91,100,1500,500,0.056543,0.092136,0.058904,0.085433,0.060077,2.17022
1,100,500,500,0.003079,0.00079,0.003424,0.00023,0.002716,2.13654
1,100,1000,500,0.003651,0.000753,0.003903,0.000188,0.003157,2.2143
1,100,1500,500,0.00303,0.000644,0.00318,0.000202,0.003239,2.01188
11,100,500,500,0.004006,0.002993,0.004644,0.001413,0.003976,1.98509
11,100,1000,500,0.003995,0.002912,0.005153,0.001659,0.003725,1.99012
11,100,1500,500,0.004266,0.002373,0.004799,0.00155,0.0044,1.98466
21,100,500,500,0.007049,0.006357,0.009564,0.006734,0.00644,2.01999
21,100,1000,500,0.007543,0.006209,0.008212,0.005355,0.006245,1.97059
21,100,1500,500,0.007337,0.006585,0.008044,0.006072,0.006247,1.97631
31,100,500,500,0.012308,0.014101,0.0116,0.010035,0.009831,1.98148
31,100,1000,500,0.012895,0.014381,0.012291,0.009093,0.009726,1.98874
31,100,1500,500,0.012539,0.012449,0.011038,0.011103,0.009655,1.98062
41,100,500,500,0.018949,0.021567,0.017497,0.019086,0.016615,1.99637
41,100,1000,500,0.017679,0.021475,0.017674,0.02025,0.020946,2.01031
41,100,1500,500,0.016822,0.02027,0.017652,0.022553,0.014577,1.98492
51,100,500,500,0.023018,0.033381,0.02277,0.029896,0.02167,2.00038
51,100,1000,500,0.022868,0.035084,0.022753,0.029282,0.021361,2.03992
51,100,1500,500,0.029857,0.044989,0.028314,0.034985,0.030272,2.48753
61,100,500,500,0.03378,0.048919,0.047868,0.051425,0.040719,2.52029
61,100,1000,500,0.035798,0.052499,0.03905,0.043542,0.038739,2.31805
61,100,1500,500,0.031502,0.050659,0.033316,0.046791,0.035489,2.11923
71,100,500,500,0.038733,0.060212,0.039436,0.052289,0.038587,2.26092
71,100,1000,500,0.05539,0.081313,0.051182,0.061804,0.039685,2.23985
71,100,1500,500,0.040027,0.054903,0.036606,0.058972,0.056049,2.21062
81,100,500,500,0.062489,0.088405,0.070401,0.091226,0.052786,2.22145
81,100,1000,500,0.053665,0.085044,0.073173,0.092728,0.050955,2.19533
81,100,1500,500,0.049104,0.074054,0.052075,0.07268,0.045375,2.08593
91,100,500,500,0.061141,0.105152,0.063502,0.082242,0.057838,2.15655
91,100,1000,500,0.057967,0.083339,0.055576,0.081497,0.073708,2.19419
91,100,1500,500,0.061441,0.088243,0.061279,0.086331,0.056945,2.11449
1,100,500,500,0.006907,0.001479,0.006319,0.000322,0.006375,4.13087
1,100,1000,500,0.007828,0.001756,0.005108,0.000148,0.00624,4.12456
1,100,1500,500,0.007048,0.001671,0.006115,0.000243,0.005903,4.13758
11,100,500,500,0.005514,0.002249,0.004893,0.001944,0.005847,1.09184
11,100,1000,500,0.006117,0.002278,0.004343,0.002087,0.005332,1.04476
11,100,1500,500,0.005885,0.002198,0.004391,0.001969,0.00531,1.05707
21,100,500,500,0.01124,0.007305,0.010712,0.006375,0.009995,2.11072
21,100,1000,500,0.011564,0.00892,0.009775,0.006088,0.007956,2.10882
21,100,1500,500,0.009617,0.00682,0.008605,0.005446,0.008221,2.11508
31,100,500,500,0.016707,0.013809,0.015752,0.015109,0.013281,2.19488
31,100,1000,500,0.014954,0.013857,0.010677,0.01114,0.011789,2.06833
31,100,1500,500,0.014464,0.012739,0.01277,0.012523,0.012369,2.02992
41,100,500,500,0.017358,0.023855,0.01663,0.020708,0.019906,2.03763
41,100,1000,500,0.01798,0.023303,0.016277,0.019605,0.017957,2.06728
41,100,1500,500,0.018928,0.025857,0.020985,0.024642,0.018919,2.16643
51,100,500,500,0.023923,0.034712,0.025233,0.031785,0.025452,2.11162
51,100,1000,500,0.024289,0.033723,0.024309,0.032989,0.023902,2.02818
51,100,1500,500,0.024284,0.035694,0.028248,0.040239,0.026132,2.12631
61,100,500,500,0.032101,0.045015,0.030398,0.039918,0.030397,2.23148
61,100,1000,500,0.033341,0.044148,0.032253,0.042463,0.032462,2.14027
61,100,1500,500,0.031568,0.04831,0.028644,0.040739,0.029252,2.03835
71,100,500,500,0.041932,0.055027,0.03664,0.054299,0.039725,2.0952
71,100,1000,500,0.039949,0.055945,0.03697,0.051099,0.039501,2.06386
71,100,1500,500,0.039688,0.056436,0.036749,0.051904,0.037928,2.03618
81,100,500,500,0.04734,0.069183,0.044068,0.064629,0.047974,2.0661
81,100,1000,500,0.047936,0.069931,0.046235,0.066358,0.045886,2.05039
81,100,1500,500,0.048023,0.074836,0.045139,0.06476,0.046866,2.11027
91,100,500,500,0.058916,0.084559,0.05343,0.083353,0.055471,2.07885
91,100,1000,500,0.058222,0.093852,0.055712,0.080772,0.056326,2.08029
91,100,1500,500,0.057536,0.085716,0.05771,0.07677,0.053688,2.07225
1,100,500,500,0.003209,0.000675,0.002538,0.000157,0.002732,2.01032
1,100,1000,500,0.002901,0.000733,0.002562,0.000147,0.002875,2.00917
1,100,1500,500,0.002727,0.000608,0.0025,0.000164,0.002665,2.05508
11,100,500,500,0.004326,0.002523,0.005578,0.001978,0.00351,1.99085
11,100,1000,500,0.00424,0.002484,0.005313,0.001739,0.004102,1.99232
11,100,1500,500,0.004103,0.002666,0.005181,0.002145,0.005251,1.98427
21,100,500,500,0.007098,0.007134,0.008408,0.005722,0.005816,1.98636
21,100,1000,500,0.007075,0.006545,0.008738,0.005348,0.00672,1.97912
21,100,1500,500,0.006717,0.006639,0.008689,0.00556,0.008983,2.29238
31,100,500,500,0.012696,0.013247,0.013015,0.012302,0.012461,2.04738
31,100,1000,500,0.017395,0.017117,0.014323,0.010259,0.009526,1.98649
31,100,1500,500,0.011615,0.013374,0.011788,0.011351,0.010223,1.98415
41,100,500,500,0.018214,0.024975,0.016566,0.020222,0.017113,1.99094
41,100,1000,500,0.01681,0.023169,0.018674,0.018632,0.015472,1.99343
41,100,1500,500,0.015733,0.021311,0.01766,0.019598,0.015929,2.01971
51,100,500,500,0.030185,0.035316,0.023906,0.026618,0.02342,2.16324
51,100,1000,500,0.026264,0.034733,0.032656,0.033988,0.023943,2.12667
51,100,1500,500,0.02707,0.033086,0.028465,0.029347,0.022425,2.13561
61,100,500,500,0.031129,0.046335,0.033155,0.041206,0.045357,2.04116
61,100,1000,500,0.030044,0.043192,0.03003,0.038743,0.031054,2.01299
61,100,1500,500,0.028373,0.05073,0.032571,0.047354,0.032885,2.23549
71,100,500,500,0.051838,0.089978,0.046614,0.054493,0.045924,2.16935
71,100,1000,500,0.040709,0.065727,0.039172,0.063667,0.039,2.17825
71,100,1500,500,0.04127,0.058223,0.039227,0.054776,0.043371,2.09439
81,100,500,500,0.046807,0.074569,0.044731,0.066937,0.050448,2.1231
81,100,1000,500,0.050407,0.064153,0.047838,0.066838,0.063091,2.06435
81,100,1500,500,0.046919,0.072121,0.045017,0.065413,0.045659,2.11814
91,100,500,500,0.059932,0.094287,0.055076,0.084358,0.056496,2.06842
91,100,1000,500,0.055125,0.083452,0.053767,0.07949,0.057697,2.17098
91,100,1500,500,0.06023,0.090924,0.059115,0.08864,0.063595,2.13202
1,100,500,500,0.004084,0.000866,0.003567,0.000198,0.00378,2.20594
1,100,1000,500,0.003914,0.000836,0.00385,0.000153,0.003198,2.16784
1,100,1500,500,0.003588,0.000829,0.003636,0.000139,0.004074,2.19636
11,100,500,500,0.005123,0.003359,0.005595,0.002212,0.004487,2.09334
11,100,1000,500,0.005378,0.002376,0.005565,0.001583,0.005647,2.20127
11,100,1500,500,0.004885,0.002544,0.005081,0.001954,0.004485,2.11834
21,100,500,500,0.007347,0.006098,0.009853,0.007043,0.00758,2.0635
21,100,1000,500,0.007516,0.007431,0.010574,0.005831,0.006563,2.08472
21,100,1500,500,0.007773,0.00803,0.008484,0.006146,0.006927,2.06579
31,100,500,500,0.0145,0.014228,0.012937,0.011522,0.010551,2.06107
31,100,1000,500,0.016663,0.019203,0.01531,0.015258,0.01145,2.08097
31,100,1500,500,0.012026,0.013141,0.013633,0.012793,0.011023,2.10332
41,100,500,500,0.017423,0.022151,0.020796,0.021061,0.017538,2.07698
41,100,1000,500,0.018485,0.023273,0.018857,0.023044,0.018862,2.11938
41,100,1500,500,0.019625,0.026718,0.028605,0.031457,0.024572,2.15267
51,100,500,500,0.025464,0.036058,0.025377,0.032331,0.024845,2.11033
51,100,1000,500,0.023724,0.035511,0.024661,0.030188,0.023317,2.04603
51,100,1500,500,0.024799,0.037339,0.025424,0.028051,0.023589,2.0337
61,100,500,500,0.031619,0.042607,0.032743,0.042146,0.031175,2.04043
61,100,1000,500,0.030816,0.043637,0.030335,0.041062,0.028984,2.07669
61,100,1500,500,0.030713,0.043015,0.032148,0.037729,0.028583,2.04198
71,100,500,500,0.038254,0.056068,0.040046,0.049991,0.040178,2.05568
71,100,1000,500,0.036844,0.057734,0.038382,0.057998,0.036659,2.05546
71,100,1500,500,0.042865,0.057534,0.038277,0.049444,0.036137,2.05402
81,100,500,500,0.048009,0.071425,0.047152,0.062498,0.044367,2.06939
81,100,1000,500,0.045745,0.07101,0.050176,0.073081,0.044455,2.26041
81,100,1500,500,0.066813,0.073134,0.053533,0.06852,0.052039,2.1927
91,100,500,500,0.067294,0.091489,0.055208,0.086805,0.055015,2.13062
91,100,1000,500,0.056594,0.085414,0.053845,0.081967,0.054734,2.14374
91,100,1500,500,0.059104,0.085411,0.05849,0.081052,0.052795,2.20055
1,100,500,500,0.002768,0.000922,0.003376,0.000143,0.002782,2.14776
1,100,1000,500,0.002794,0.000626,0.003738,0.000197,0.003425,2.09699
1,100,1500,500,0.003023,0.000763,0.004039,0.000213,0.003567,2.15522
11,100,500,500,0.004255,0.002498,0.004888,0.001399,0.004304,2.02093
11,100,1000,500,0.004097,0.002599,0.004661,0.001773,0.00555,2.09793
11,100,1500,500,0.004321,0.00255,0.005009,0.001661,0.005019,2.17094
21,100,500,500,0.006714,0.005781,0.008263,0.005574,0.006496,2.12038
21,100,1000,500,0.006755,0.005469,0.009239,0.00651,0.005973,2.05641
21,100,1500,500,0.007648,0.012007,0.010324,0.005422,0.007209,2.07638
31,100,500,500,0.012284,0.013941,0.019438,0.012083,0.01052,2.04114
31,100,1000,500,0.012426,0.012097,0.014201,0.012469,0.009927,2.05471
31,100,1500,500,0.012756,0.012214,0.012043,0.009989,0.01096,1.98269
41,100,500,500,0.017229,0.023902,0.016346,0.019327,0.01836,2.09194
41,100,1000,500,0.015948,0.024625,0.01961,0.023507,0.014528,2.09023
41,100,1500,500,0.01806,0.024638,0.017747,0.02179,0.014703,2.07588
51,100,500,500,0.027935,0.033897,0.023814,0.032753,0.02463,2.04301
51,100,1000,500,0.024705,0.034733,0.024338,0.030089,0.024354,2.05987
51,100,1500,500,0.021994,0.031179,0.023319,0.028092,0.0256,2.00671
61,100,500,500,0.030356,0.049593,0.030793,0.039348,0.028574,2.08599
61,100,1000,500,0.030186,0.042343,0.03296,0.052681,0.030992,2.12717
61,100,1500,500,0.030297,0.043207,0.030485,0.040783,0.034218,2.22326
71,100,500,500,0.040889,0.075728,0.043699,0.058264,0.038895,2.15478
71,100,1000,500,0.042485,0.059011,0.03659,0.052266,0.046598,2.12367
71,100,1500,500,0.040285,0.061714,0.038439,0.053533,0.036686,2.05411
81,100,500,500,0.047465,0.08669,0.052314,0.071291,0.047351,2.1036
81,100,1000,500,0.047811,0.073542,0.045706,0.065839,0.047482,2.11847
81,100,1500,500,0.045753,0.068921,0.054566,0.069744,0.044571,2.1231
91,100,500,500,0.060449,0.088279,0.056868,0.083677,0.05535,2.1609
91,100,1000,500,0.059568,0.098198,0.063987,0.090645,0.052202,2.13716
91,100,1500,500,0.059049,0.090336,0.053871,0.086917,0.055986,2.19395
1,100,500,500,0.003305,0.000811,0.003585,0.000196,0.003187,2.12028
1,100,1000,500,0.002944,0.000698,0.003231,0.000133,0.002903,2.07254
1,100,1500,500,0.003148,0.000742,0.003455,0.000144,0.002855,2.08582
11,100,500,500,0.007123,0.003548,0.009276,0.002505,0.0057,3.03599
11,100,1000,500,0.007819,0.004102,0.008959,0.002524,0.00611,3.02782
11,100,1500,500,0.007072,0.003655,0.008947,0.002993,0.006945,3.19206
21,100,500,500,0.021071,0.016143,0.018684,0.014628,0.013176,3.25164
21,100,1000,500,0.012132,0.010716,0.014397,0.008874,0.010681,2.9983
21,100,1500,500,0.013271,0.009597,0.015644,0.008287,0.012197,3.37802
31,100,500,500,0.018863,0.019272,0.02088,0.019049,0.018213,3.15896
31,100,1000,500,0.025024,0.023079,0.030157,0.022881,0.023467,2.97271
31,100,1500,500,0.019045,0.018385,0.0206,0.01773,0.016106,2.9163
41,100,500,500,0.02801,0.032263,0.026918,0.03038,0.024825,2.92243
41,100,1000,500,0.026309,0.033556,0.027829,0.036234,0.023683,2.95757
41,100,1500,500,0.025561,0.033678,0.024386,0.033623,0.021222,2.92612
51,100,500,500,0.03481,0.04671,0.036245,0.052177,0.034136,2.94913
51,100,1000,500,0.041585,0.051231,0.037456,0.050346,0.033599,2.92883
51,100,1500,500,0.035759,0.048605,0.036078,0.043124,0.034307,2.95812
61,100,500,500,0.046026,0.07023,0.046954,0.063092,0.044812,2.93232
61,100,1000,500,0.046579,0.063081,0.04766,0.063745,0.046348,2.93573
61,100,1500,500,0.045904,0.062834,0.044571,0.06107,0.041518,2.95116
71,100,500,500,0.059524,0.084247,0.061179,0.078983,0.082916,3.32998
71,100,1000,500,0.057714,0.083332,0.068095,0.09019,0.059124,3.21573
71,100,1500,500,0.056593,0.080031,0.065333,0.083306,0.086042,3.63832
81,100,500,500,0.080811,0.11288,0.091698,0.125383,0.089659,3.23325
81,100,1000,500,0.071155,0.104807,0.072121,0.099239,0.067307,2.90114
81,100,1500,500,0.067579,0.109474,0.068559,0.098961,0.071341,2.89831
91,100,500,500,0.082186,0.126707,0.084436,0.11751,0.084837,2.90876
91,100,1000,500,0.086526,0.120214,0.087166,0.118841,0.085315,2.94268
91,100,1500,500,0.084027,0.123221,0.085876,0.120903,0.086381,3.06371
1,100,500,500,0.004879,0.000595,0.002821,0.000152,0.002435,1.94882
1,100,1000,500,0.003,0.000716,0.003446,0.000171,0.00268,2.0212
1,100,1500,500,0.002886,0.00093,0.003919,0.000196,0.00278,2.03536
11,100,500,500,0.004211,0.002554,0.005849,0.001645,0.003871,2.05769
11,100,1000,500,0.003994,0.002639,0.004884,0.001676,0.003677,1.98444
11,100,1500,500,0.005566,0.002739,0.005374,0.001885,0.005147,2.06403
21,100,500,500,0.007016,0.006447,0.008238,0.005557,0.006498,2.0006
21,100,1000,500,0.009527,0.006763,0.016392,0.006377,0.008337,2.09066
21,100,1500,500,0.007131,0.007448,0.008342,0.004749,0.005933,1.99202
31,100,500,500,0.012011,0.01389,0.010724,0.010668,0.010627,2.01343
31,100,1000,500,0.012926,0.011473,0.012269,0.010548,0.011523,2.02027
31,100,1500,500,0.014032,0.014718,0.016338,0.01535,0.012838,2.14853
41,100,500,500,0.019398,0.027175,0.015849,0.020065,0.015273,2.11062
41,100,1000,500,0.017011,0.021879,0.015665,0.017378,0.014771,2.11473
41,100,1500,500,0.01809,0.023595,0.017226,0.018805,0.015432,2.34724
51,100,500,500,0.033259,0.034375,0.023229,0.026501,0.024947,2.07087
51,100,1000,500,0.027635,0.033663,0.025568,0.031306,0.023178,1.99289
51,100,1500,500,0.021745,0.030228,0.021702,0.027948,0.020518,2.02898
61,100,500,500,0.028821,0.040641,0.030751,0.039445,0.031274,1.98424
61,100,1000,500,0.03079,0.040465,0.028729,0.03836,0.026437,1.90984
61,100,1500,500,0.028519,0.041755,0.027629,0.037408,0.027641,1.91662
71,100,500,500,0.034803,0.054078,0.03814,0.04585,0.035457,1.94531
71,100,1000,500,0.035277,0.055104,0.035017,0.048706,0.034458,1.92862
71,100,1500,500,0.036482,0.052708,0.035593,0.049399,0.035703,1.91244
81,100,500,500,0.044804,0.070873,0.046467,0.078156,0.047675,2.33702
81,100,1000,500,0.044787,0.069014,0.05965,0.084242,0.064544,2.2579
81,100,1500,500,0.044089,0.065288,0.059437,0.078232,0.047053,2.01081
91,100,500,500,0.061025,0.084363,0.055482,0.080795,0.05826,2.30172
91,100,1000,500,0.05587,0.084621,0.052898,0.079197,0.084535,2.12699
91,100,1500,500,0.065315,0.097557,0.059896,0.084501,0.052868,2.08436
1,100,500,500,0.00289,0.00075,0.002594,0.000138,0.002838,2.02123
1,100,1000,500,0.002992,0.000749,0.002337,0.00018,0.002644,2.0613
1,100,1500,500,0.002625,0.00072,0.002712,0.000192,0.002475,2.06999
11,100,500,500,0.006442,0.00399,0.00928,0.002625,0.005262,2.94581
11,100,1000,500,0.006937,0.004235,0.008891,0.002441,0.005712,3.00047
11,100,1500,500,0.006507,0.003379,0.007888,0.002656,0.005347,2.97492
21,100,500,500,0.012118,0.008562,0.013975,0.00759,0.009633,2.97671
21,100,1000,500,0.012388,0.010217,0.013814,0.008214,0.011456,2.92188
21,100,1500,500,0.011367,0.010952,0.014122,0.007781,0.009215,2.91695
31,100,500,500,0.015663,0.021277,0.019479,0.01598,0.016339,2.91592
31,100,1000,500,0.019747,0.019414,0.019861,0.015813,0.014052,2.95272
31,100,1500,500,0.023036,0.019711,0.021212,0.016606,0.014633,3.0015
41,100,500,500,0.026922,0.033302,0.025299,0.027967,0.024944,2.98835
41,100,1000,500,0.025643,0.031804,0.02519,0.031255,0.025378,3.02118
41,100,1500,500,0.025877,0.035145,0.028019,0.032638,0.023256,3.021
51,100,500,500,0.039421,0.055589,0.040599,0.053997,0.040043,3.07351
51,100,1000,500,0.035981,0.052927,0.036723,0.045919,0.033166,2.93312
51,100,1500,500,0.034426,0.046349,0.037991,0.0457,0.033118,2.96411
61,100,500,500,0.050672,0.065888,0.047056,0.060281,0.044121,2.9547
61,100,1000,500,0.047735,0.068243,0.049091,0.062999,0.050327,3.20668
61,100,1500,500,0.055106,0.095402,0.069219,0.075328,0.05492,3.50745
71,100,500,500,0.069509,0.119165,0.069127,0.094988,0.05879,3.20475
71,100,1000,500,0.056925,0.083123,0.057833,0.078852,0.056873,2.90516
71,100,1500,500,0.059974,0.078716,0.056407,0.077709,0.055185,2.96704
81,100,500,500,0.070009,0.098856,0.072873,0.094763,0.06798,2.95489
81,100,1000,500,0.068329,0.103808,0.070176,0.099012,0.072286,2.94344
81,100,1500,500,0.068444,0.102221,0.073015,0.09391,0.067979,2.9912
91,100,500,500,0.091195,0.134029,0.090297,0.127239,0.100684,3.35427
91,100,1000,500,0.087039,0.13082,0.088922,0.122126,0.093296,3.08626
91,100,1500,500,0.088694,0.150827,0.100977,0.140451,0.088018,3.16282
1,100,500,500,0.005652,0.000618,0.002447,0.000106,0.002769,2.1206
1,100,1000,500,0.003472,0.001015,0.003125,0.000204,0.002979,2.11115
1,100,1500,500,0.003292,0.000692,0.00281,0.000105,0.003075,2.05441
11,100,500,500,0.004215,0.002712,0.004129,0.002707,0.003864,2.09501
11,100,1000,500,0.004482,0.002585,0.004755,0.001796,0.003694,2.16753
11,100,1500,500,0.004659,0.002901,0.005213,0.00179,0.004165,2.02105
21,100,500,500,0.008311,0.005975,0.007715,0.005461,0.00729,2.20496
21,100,1000,500,0.00754,0.006245,0.008898,0.006505,0.006268,2.0959
21,100,1500,500,0.006893,0.007634,0.009122,0.005527,0.007258,2.07649
31,100,500,500,0.01189,0.012831,0.011244,0.010785,0.01036,2.00035
31,100,1000,500,0.012135,0.016456,0.015427,0.018815,0.01385,2.04818
31,100,1500,500,0.013794,0.014272,0.011065,0.012188,0.01128,1.97841
41,100,500,500,0.01755,0.022818,0.021533,0.021885,0.015471,2.03582
41,100,1000,500,0.016357,0.021456,0.017127,0.021926,0.014721,1.97671
41,100,1500,500,0.015824,0.02128,0.016099,0.023523,0.01672,2.02187
51,100,500,500,0.021137,0.032976,0.02142,0.028514,0.021464,2.02246
51,100,1000,500,0.022321,0.032645,0.02122,0.030291,0.027794,2.02331
51,100,1500,500,0.022788,0.033833,0.02317,0.032618,0.024104,2.0736
61,100,500,500,0.036003,0.041376,0.031639,0.038369,0.028439,2.09567
61,100,1000,500,0.029755,0.055731,0.030653,0.040076,0.029993,2.05303
61,100,1500,500,0.03098,0.043812,0.028882,0.039039,0.029617,2.01483
71,100,500,500,0.044216,0.059185,0.037084,0.051735,0.036068,2.02973
71,100,1000,500,0.037681,0.059155,0.035154,0.053886,0.035439,1.98567
71,100,1500,500,0.039168,0.056453,0.03535,0.049135,0.035756,1.99837
81,100,500,500,0.047904,0.068178,0.042642,0.063002,0.041926,2.01312
81,100,1000,500,0.048097,0.071954,0.043631,0.06366,0.046731,2.09918
81,100,1500,500,0.049446,0.067267,0.044583,0.062306,0.04408,2.00186
91,100,500,500,0.058949,0.08065,0.051354,0.079635,0.051818,2.01385
91,100,1000,500,0.05504,0.081899,0.051677,0.081339,0.051354,2.04549
91,100,1500,500,0.067707,0.098646,0.061156,0.08363,0.052412,2.2328
1,100,500,500,0.003653,0.000938,0.00293,0.000202,0.002947,1.9966
1,100,1000,500,0.003322,0.000994,0.002559,0.000186,0.002628,2.03164
1,100,1500,500,0.002877,0.000682,0.002856,0.000245,0.003448,2.04581
11,100,500,500,0.009803,0.005245,0.011438,0.003311,0.006421,2.95431
11,100,1000,500,0.006377,0.003741,0.00993,0.002342,0.006245,3.05897
11,100,1500,500,0.007673,0.005353,0.012746,0.004842,0.008934,3.29545
21,100,500,500,0.012462,0.008822,0.014941,0.009767,0.01119,3.12841
21,100,1000,500,0.012108,0.007933,0.014505,0.007554,0.010908,3.02892
21,100,1500,500,0.015326,0.017496,0.017547,0.007382,0.011124,2.97941
31,100,500,500,0.020255,0.01757,0.02248,0.01786,0.018148,2.96347
31,100,1000,500,0.019319,0.020952,0.021019,0.016522,0.016307,2.97837
31,100,1500,500,0.01968,0.020433,0.020866,0.017663,0.018835,3.02469
41,100,500,500,0.030138,0.037987,0.029445,0.032054,0.026103,2.98257
41,100,1000,500,0.026447,0.032128,0.029401,0.028621,0.025271,3.00912
41,100,1500,500,0.044123,0.044885,0.053583,0.054225,0.040753,3.41423
51,100,500,500,0.045195,0.054504,0.046527,0.062044,0.049443,3.5372
51,100,1000,500,0.036459,0.047093,0.037927,0.045373,0.042041,3.16579
51,100,1500,500,0.048428,0.057575,0.047447,0.058876,0.039915,2.9867
61,100,500,500,0.046236,0.06795,0.053864,0.06231,0.04409,2.96629
61,100,1000,500,0.045912,0.065535,0.046276,0.063343,0.045318,2.9677
61,100,1500,500,0.048523,0.062495,0.046761,0.059974,0.045244,2.9084
71,100,500,500,0.055976,0.083015,0.060315,0.0779,0.056623,2.94485
71,100,1000,500,0.05835,0.083432,0.055569,0.085639,0.05518,2.93456
71,100,1500,500,0.057499,0.08102,0.058227,0.079001,0.055701,2.93391
81,100,500,500,0.072605,0.099409,0.072411,0.099934,0.069505,2.95077
81,100,1000,500,0.07079,0.105044,0.071386,0.099518,0.069766,2.9579
81,100,1500,500,0.070484,0.107218,0.07279,0.101226,0.068872,2.94475
91,100,500,500,0.08676,0.130521,0.087774,0.12374,0.084893,2.96881
91,100,1000,500,0.085928,0.128432,0.087723,0.123185,0.084679,2.96741
91,100,1500,500,0.089115,0.126755,0.088385,0.123557,0.086088,2.97646
1,100,500,500,0.00538,0.000351,0.00222,0.000125,0.002192,0.995321
1,100,1000,500,0.003073,0.000654,0.002758,0.000121,0.002873,0.992602
1,100,1500,500,0.003082,0.000448,0.002673,0.000144,0.003057,1.08244
11,100,500,500,0.008856,0.004038,0.012942,0.003492,0.009319,3.17699
11,100,1000,500,0.008695,0.003565,0.010214,0.002543,0.008242,2.98787
11,100,1500,500,0.009077,0.003754,0.010475,0.002633,0.008069,2.96723
21,100,500,500,0.013058,0.009124,0.016224,0.008685,0.01151,2.98037
21,100,1000,500,0.014616,0.011285,0.016151,0.009468,0.011783,2.99126
21,100,1500,500,0.014936,0.010632,0.016314,0.009106,0.010646,2.99409
31,100,500,500,0.019243,0.019486,0.021371,0.017272,0.017594,2.97144
31,100,1000,500,0.020155,0.018681,0.021839,0.016629,0.01724,2.98953
31,100,1500,500,0.021147,0.018289,0.021851,0.016887,0.017065,2.973
41,100,500,500,0.028499,0.034119,0.028055,0.031881,0.027308,3.01038
41,100,1000,500,0.027582,0.039254,0.027358,0.033574,0.025511,3.00436
41,100,1500,500,0.027104,0.036676,0.029128,0.030205,0.026057,2.99205
51,100,500,500,0.034186,0.049241,0.03809,0.046443,0.035743,2.99554
51,100,1000,500,0.034199,0.051718,0.036482,0.045866,0.03392,2.99777
51,100,1500,500,0.035404,0.049874,0.044836,0.060377,0.035869,3.03984
61,100,500,500,0.050025,0.069688,0.050524,0.066181,0.067338,3.56826
61,100,1000,500,0.050695,0.071632,0.048391,0.057125,0.047967,3.23389
61,100,1500,500,0.048474,0.066888,0.047327,0.06038,0.063484,3.54925
71,100,500,500,0.075528,0.101577,0.078369,0.115437,0.06633,3.50359
71,100,1000,500,0.076662,0.122804,0.075886,0.101776,0.05974,3.14008
71,100,1500,500,0.071681,0.094318,0.061551,0.086149,0.061553,3.0734
81,100,500,500,0.07439,0.10033,0.071246,0.109436,0.070178,3.03195
81,100,1000,500,0.072301,0.105132,0.071657,0.097897,0.069531,3.04524
81,100,1500,500,0.075443,0.104176,0.074804,0.093846,0.069128,3.08125
91,100,500,500,0.08908,0.127403,0.090902,0.126382,0.085187,3.08039
91,100,1000,500,0.090714,0.127362,0.088372,0.121828,0.086048,3.10078
91,100,1500,500,0.087712,0.126743,0.094007,0.132004,0.090504,3.19947
1,100,500,500,0.006096,0.000597,0.002457,9.3e-05,0.002494,2.00547
1,100,1000,500,0.002529,0.000718,0.002957,0.000186,0.002573,1.97106
1,100,1500,500,0.002599,0.000717,0.002876,0.000198,0.002365,2.19083
11,100,500,500,0.005882,0.003838,0.007116,0.002627,0.005591,3.13781
11,100,1000,500,0.007997,0.004815,0.009832,0.003186,0.006424,2.95111
11,100,1500,500,0.00619,0.004234,0.007905,0.002474,0.005158,2.94702
21,100,500,500,0.018808,0.018031,0.011945,0.009539,0.016167,4.98303
21,100,1000,500,0.021611,0.016951,0.013909,0.008288,0.017523,5.00238
21,100,1500,500,0.024517,0.017217,0.014959,0.008138,0.017573,5.18363
31,100,500,500,0.018524,0.021341,0.018649,0.016762,0.01513,3.05178
31,100,1000,500,0.021424,0.020144,0.019896,0.018709,0.017512,3.11234
31,100,1500,500,0.01879,0.023112,0.022064,0.018941,0.018264,2.97401
41,100,500,500,0.03745,0.046704,0.025536,0.032535,0.036839,3.98306
41,100,1000,500,0.040016,0.050478,0.026991,0.03136,0.043539,4.05419
41,100,1500,500,0.037247,0.050884,0.029598,0.032195,0.033131,4.01962
51,100,500,500,0.060303,0.091093,0.036949,0.046904,0.059856,5.06059
51,100,1000,500,0.065763,0.092403,0.037794,0.05072,0.068238,5.07561
51,100,1500,500,0.069139,0.092086,0.039811,0.049501,0.060643,5.20555
61,100,500,500,0.062966,0.087083,0.046008,0.060331,0.073935,4.11634
61,100,1000,500,0.064494,0.094468,0.048629,0.059754,0.061392,4.0365
61,100,1500,500,0.065169,0.099247,0.048275,0.062842,0.066605,4.08319
71,100,500,500,0.154609,0.228499,0.051255,0.084977,0.143289,7.14112
71,100,1000,500,0.145221,0.198764,0.054016,0.077084,0.138651,6.95464
71,100,1500,500,0.148177,0.205245,0.055369,0.080673,0.140971,7.09307
81,100,500,500,0.176704,0.249367,0.070867,0.105321,0.176772,6.99729
81,100,1000,500,0.178186,0.25423,0.070316,0.098964,0.195424,7.28953
81,100,1500,500,0.188821,0.289827,0.074126,0.114294,0.18419,7.29653
91,100,500,500,0.299499,0.427597,0.090738,0.137595,0.290992,9.40502
91,100,1000,500,0.301069,0.429069,0.08961,0.141983,0.285009,9.09421
91,100,1500,500,0.287092,0.396697,0.085197,0.125536,0.288088,9.1237
1,100,500,500,0.005588,0.00036,0.004699,0.000173,0.004824,0.018429
1,100,1000,500,0.005119,0.00052,0.004669,0.000175,0.005687,0.01764
1,100,1500,500,0.005033,0.000363,0.005429,0.000196,0.004826,0.017183
11,100,500,500,0.006453,0.003091,0.005378,0.00174,0.005218,1.98625
11,100,1000,500,0.005891,0.003882,0.004624,0.00164,0.005569,1.98519
11,100,1500,500,0.006322,0.003007,0.004968,0.001964,0.006948,2.02809
21,100,500,500,0.013073,0.011547,0.010551,0.00508,0.010823,2.08421
21,100,1000,500,0.011885,0.010762,0.009791,0.005082,0.00837,2.03234
21,100,1500,500,0.010277,0.010158,0.008749,0.005927,0.007892,2.06531
31,100,500,500,0.018885,0.020172,0.016434,0.011612,0.012149,1.98854
31,100,1000,500,0.012669,0.013195,0.01116,0.013512,0.012226,1.97378
31,100,1500,500,0.014169,0.012528,0.011238,0.009511,0.012252,1.9867
41,100,500,500,0.018871,0.025383,0.018841,0.023932,0.017883,2.10081
41,100,1000,500,0.01754,0.023607,0.019186,0.020103,0.016712,2.12178
41,100,1500,500,0.022703,0.02679,0.020354,0.022892,0.019733,2.04567
51,100,500,500,0.0257,0.037752,0.023949,0.03133,0.024281,2.06887
51,100,1000,500,0.02421,0.031911,0.022417,0.029279,0.023607,2.01762
51,100,1500,500,0.025074,0.034284,0.026179,0.029206,0.025631,2.0604
61,100,500,500,0.031845,0.047616,0.029436,0.038179,0.033488,2.09017
61,100,1000,500,0.035283,0.045007,0.030015,0.039949,0.030706,2.04171
61,100,1500,500,0.031018,0.049168,0.028763,0.04175,0.033535,2.09834
71,100,500,500,0.047077,0.057604,0.040698,0.063176,0.038599,2.11872
71,100,1000,500,0.038933,0.057609,0.037065,0.055765,0.037874,2.04274
71,100,1500,500,0.043163,0.054763,0.036405,0.052542,0.037344,2.07474
81,100,500,500,0.051637,0.075284,0.04551,0.071929,0.047776,2.1239
81,100,1000,500,0.055226,0.075808,0.04614,0.077268,0.049277,2.18506
81,100,1500,500,0.049722,0.068344,0.044592,0.064802,0.053328,2.17501
91,100,500,500,0.063144,0.088522,0.053313,0.078806,0.055066,2.10515
91,100,1000,500,0.060243,0.101925,0.055885,0.088205,0.059745,2.14904
91,100,1500,500,0.060046,0.088667,0.059388,0.087138,0.060319,2.20656
