Gamma, tau, nb_path_to_select, limit_number_paths, time_master_BA, time_subproblem_BA, time_master_BAN, time_subproblem_BAN, time_master_BAUD, time_subproblem_BAUD, time_master_KCA, time_subproblem_KCA, time_master_KCF, time_subproblem_KCF, time_master_KCRDK, time_subproblem_KCRDK, time_master_KCRDKL, time_subproblem_KCRDKL, time_master_KCU, time_subproblem_KCU, time_master_KCUD, time_subproblem_KCUD, time_master_KCOG, time_subproblem_KCOG, time_master_KCOGL, time_subproblem_KCOGL
1,90,2,600,0.125002,0.000502,0.147076,0.000303,0.154108,0.000203,0.039121,0.001762,0.035885,0.001761,0.118371,0.00456,0.151971,0.003881,0.18842,0.000464,0.069296,0.000382,0.055129,0.002589,0.061244,0.002852
21,90,2,600,0.88761,0.05283,1.61389,0.032238,2.04881,0.030649,0.263922,0.034426,0.34177,0.025298,0.064209,0.033222,0.096529,0.0303,0.117655,0.00945,0.094222,0.010039,0.107155,0.031368,0.109853,0.03501
41,90,2,600,1.5607,0.19171,0.929018,0.073798,1.31962,0.072377,0.641373,0.060841,0.572535,0.069266,0.046355,0.068602,0.04395,0.073597,0.042692,0.024754,0.06043,0.024212,0.042298,0.068099,0.04266,0.064597
61,90,2,600,0.7123,0.305564,1.14407,0.171201,1.34378,0.167788,1.03892,0.130752,1.14866,0.131977,0.06422,0.141061,0.11471,0.133899,0.058199,0.051814,0.065008,0.052715,0.056919,0.127259,0.06203,0.112497
81,90,2,600,0.758622,0.499129,0.907305,0.242126,0.850609,0.205196,2.52246,0.190747,2.06815,0.227238,0.079757,0.214337,0.079894,0.224667,0.077255,0.08968,0.083079,0.089441,0.07691,0.176078,0.077492,0.176467
101,90,2,600,0.817767,0.765651,0.903259,0.41357,0.977685,0.352153,4.06053,0.287213,3.19479,0.314064,0.107031,0.281612,0.104998,0.298132,0.102433,0.135881,0.10727,0.135974,0.102198,0.272208,0.103615,0.255841
1,90,2,600,0.098031,0.000483,0.104503,0.000263,0.096232,0.000151,0.032971,0.002541,0.028493,0.001878,0.047488,0.003574,0.054313,0.003232,0.065152,0.00043,0.053623,0.000325,0.056123,0.00249,0.048034,0.003103
21,90,2,600,0.668342,0.040873,0.517041,0.016084,0.823998,0.017545,0.181237,0.033821,0.164428,0.02443,0.048053,0.0294,0.033872,0.023241,0.031802,0.008141,0.039473,0.007899,0.036971,0.02143,0.03376,0.021387
41,90,2,600,0.71008,0.128263,0.809274,0.071081,0.864138,0.060934,0.564975,0.072441,0.511198,0.062494,0.049186,0.074587,0.047445,0.068556,0.041788,0.024834,0.048644,0.02495,0.041861,0.077166,0.045602,0.071045
61,90,2,600,0.5486,0.237452,1.21125,0.177047,0.64497,0.10667,1.06697,0.139721,1.04593,0.13554,0.065235,0.140327,0.059141,0.129709,0.057227,0.052287,0.06003,0.051446,0.058224,0.141279,0.056857,0.141228
81,90,2,600,0.917673,0.50054,1.02078,0.271714,0.648488,0.177766,1.97509,0.206257,1.70785,0.200146,0.082935,0.218904,0.080632,0.196132,0.077469,0.089309,0.08229,0.089507,0.075999,0.212236,0.077534,0.206194
101,90,2,600,0.682578,0.691229,0.643493,0.32581,1.01354,0.310883,3.00731,0.320583,2.53457,0.330269,0.152238,0.359694,0.104904,0.311996,0.104098,0.13722,0.113053,0.136886,0.101772,0.309875,0.103116,0.337207
1,90,2,600,0.061867,0.000335,0.070231,0.000204,0.066203,0.00015,0.061468,0.002641,0.072988,0.002044,0.09512,0.003258,0.074612,0.002612,0.085228,0.000173,0.041778,0.000209,0.024724,0.002107,0.026006,0.001915
21,90,2,600,0.06693,0.014493,0.077625,0.006165,0.081463,0.006475,0.199321,0.028516,0.204741,0.029402,0.034009,0.025609,0.034595,0.023145,0.030207,0.00752,0.034971,0.007575,0.03547,0.022349,0.034454,0.025182
41,90,2,600,0.067109,0.042656,0.073705,0.023732,0.120379,0.022603,1.25081,0.068166,0.737644,0.072144,0.039025,0.052388,0.038408,0.058659,0.03858,0.024582,0.095668,0.032494,0.038936,0.074096,0.038478,0.067766
61,90,2,600,0.06032,0.08864,0.073198,0.046901,0.092582,0.045867,2.25727,0.134784,1.40956,0.13912,0.054304,0.133078,0.053601,0.121201,0.067427,0.052014,0.058836,0.052277,0.053483,0.13067,0.057131,0.124475
81,90,2,600,0.161934,0.253294,0.18232,0.133949,0.106137,0.075965,4.49436,0.223995,6.76551,0.225679,0.15446,0.425778,0.155562,0.417992,0.153965,0.190003,0.13775,0.139765,0.153552,0.461713,0.115349,0.297284
101,90,2,600,0.151557,0.381865,0.174348,0.204563,0.083289,0.115945,6.48816,0.318276,6.25508,0.29187,0.20585,0.572508,0.205174,0.62659,0.204354,0.289742,0.177649,0.214635,0.203916,0.632411,0.153419,0.386739
1,90,2,600,0.109316,0.000375,0.117696,0.00024,0.080342,0.000195,0.049735,0.0037,0.044811,0.00282,0.053959,0.00551,0.047481,0.004255,0.058212,0.000348,0.038793,0.000238,0.046525,0.005931,0.050759,0.004839
21,90,2,600,2.62542,0.075162,2.8966,0.039506,4.16324,0.032429,0.178083,0.02671,0.193851,0.025586,0.036154,0.027539,0.037757,0.024195,0.086665,0.010202,0.060618,0.008046,0.039603,0.025316,0.045401,0.028548
41,90,2,600,2.43524,0.225509,2.91484,0.125913,4.99793,0.121805,0.374589,0.074954,0.363738,0.068254,0.043085,0.069311,0.0433,0.074073,0.0415,0.025851,0.051727,0.025372,0.042258,0.076658,0.043106,0.055218
61,90,2,600,2.39439,0.48441,2.69128,0.269635,4.12247,0.229349,0.842169,0.142067,0.695202,0.149196,0.058711,0.135438,0.057936,0.128991,0.057912,0.052038,0.065057,0.053466,0.056213,0.135629,0.056256,0.139914
81,90,2,600,2.77602,0.805684,3.2834,0.455514,6.56803,0.469339,1.53127,0.218243,1.39881,0.213641,0.080226,0.220886,0.0793,0.210795,0.076452,0.089684,0.08128,0.090368,0.076638,0.194261,0.077543,0.202666
101,90,2,600,2.54054,1.14429,2.95684,0.63952,5.74289,0.657458,2.57845,0.298284,2.43093,0.318976,0.104361,0.303291,0.104299,0.314776,0.101784,0.136251,0.112143,0.135416,0.101486,0.293169,0.102137,0.311828
1,90,2,600,0.066409,0.00038,0.066623,0.000157,0.071915,0.000163,0.042946,0.003366,0.042346,0.002398,0.040802,0.003262,0.032359,0.002903,0.040766,0.000389,0.041406,0.000288,0.032077,0.003758,0.039984,0.002662
21,90,2,600,4.29865,0.078788,6.024,0.044149,8.04478,0.040245,0.144408,0.036159,0.129333,0.030175,0.032912,0.027876,0.034594,0.022221,0.037723,0.006834,0.049856,0.00761,0.032257,0.028142,0.032358,0.028431
41,90,2,600,5.13199,0.273071,7.09598,0.145125,6.78686,0.124614,0.315501,0.068422,0.30895,0.064685,0.044542,0.072385,0.04119,0.069698,0.041956,0.02455,0.048526,0.025085,0.04136,0.067212,0.041057,0.065678
61,90,2,600,4.37902,0.52818,8.07244,0.293855,9.60467,0.2856,0.593966,0.155021,0.617014,0.135161,0.060248,0.141965,0.057853,0.125883,0.055732,0.052138,0.064891,0.052064,0.05481,0.119155,0.057029,0.132171
81,90,2,600,4.79631,0.873901,6.15693,0.487615,9.3421,0.476345,0.888812,0.224331,0.875367,0.181454,0.075175,0.228273,0.079778,0.194714,0.075375,0.089808,0.079997,0.089807,0.075483,0.226138,0.07521,0.197341
101,90,2,600,4.06586,1.3032,6.81029,0.750513,11.7577,0.753147,2.02751,0.328015,1.58628,0.334185,0.104116,0.310362,0.102049,0.31591,0.100373,0.136155,0.099743,0.136538,0.100249,0.306292,0.101871,0.326057
1,90,2,600,0.037074,0.000242,0.038659,0.000123,0.035846,0.000163,0.032428,0.00192,0.039678,0.001805,0.0337,0.001856,0.040771,0.002142,0.025787,0.000178,0.033602,0.000152,0.031681,0.002595,0.028493,0.002193
21,90,2,600,0.034296,0.008103,0.045882,0.004673,0.04365,0.004297,0.232338,0.027391,0.197277,0.027445,0.040704,0.029795,0.032677,0.025796,0.031293,0.007734,0.041918,0.007996,0.030556,0.026265,0.031124,0.019098
41,90,2,600,0.095358,0.04586,0.073775,0.014589,0.03997,0.015688,1.05425,0.063782,0.742641,0.062586,0.039267,0.070937,0.038943,0.069019,0.039251,0.024872,0.047862,0.025013,0.041326,0.060895,0.039603,0.071463
61,90,2,600,0.033861,0.058544,0.036884,0.030953,0.042274,0.029655,2.38615,0.123969,2.15531,0.142365,0.05443,0.115304,0.05391,0.123856,0.054489,0.051966,0.065329,0.051898,0.054151,0.140121,0.055908,0.138531
81,90,2,600,0.033577,0.100394,0.035566,0.053368,0.037031,0.050868,3.80466,0.194902,3.66658,0.204071,0.077938,0.213264,0.074296,0.183225,0.074391,0.089626,0.08086,0.089076,0.075367,0.222712,0.07424,0.225378
101,90,2,600,0.033734,0.152684,0.037166,0.080558,0.036966,0.07841,10.9167,0.303841,6.69243,0.311628,0.100333,0.352233,0.102703,0.307981,0.099512,0.135731,0.107736,0.136476,0.099671,0.297335,0.100363,0.332091
1,90,2,600,0.065924,0.000417,0.071153,0.000151,0.074142,0.000214,0.02822,0.002225,0.029753,0.002109,0.031357,0.00241,0.029394,0.001882,0.028603,0.000135,0.029632,0.000208,0.031416,0.002581,0.029144,0.002224
21,90,2,600,0.063946,0.01463,0.081306,0.007277,0.1641,0.007812,0.324907,0.023579,0.170244,0.027154,0.033353,0.019665,0.041736,0.019066,0.032907,0.008403,0.040848,0.007361,0.032285,0.027787,0.032744,0.019969
41,90,2,600,0.074332,0.04313,0.081872,0.023959,0.089789,0.023655,0.693836,0.069766,0.583332,0.057071,0.04197,0.06144,0.042465,0.06291,0.04173,0.025033,0.051745,0.026876,0.045635,0.063936,0.041544,0.053725
61,90,2,600,0.064959,0.088158,0.070643,0.047438,0.0956,0.045022,1.67988,0.139149,1.5666,0.119549,0.06025,0.110777,0.059253,0.115772,0.056713,0.052922,0.064229,0.052466,0.057628,0.117092,0.056348,0.113431
81,90,2,600,0.100243,0.202476,0.114957,0.109092,0.085159,0.075789,2.75419,0.194079,2.68779,0.19667,0.121653,0.290047,0.078115,0.176869,0.116892,0.140281,0.131459,0.139334,0.119213,0.29456,0.07669,0.180061
101,90,2,600,0.101103,0.307623,0.112919,0.162068,0.105895,0.116322,4.27664,0.287278,2.97715,0.277097,0.158993,0.460777,0.157326,0.433855,0.155896,0.213978,0.165076,0.213425,0.153816,0.434176,0.156192,0.419409
1,90,2,600,0.06311,0.000356,0.067884,0.000193,0.078788,0.000183,0.024495,0.002463,0.024538,0.001261,0.024151,0.001936,0.027089,0.002416,0.025337,0.000216,0.023194,0.000212,0.024387,0.002059,0.024148,0.002323
21,90,2,600,0.149811,0.021928,0.181589,0.011434,0.140538,0.006471,0.220848,0.027632,0.181357,0.022493,0.056692,0.030866,0.048821,0.034271,0.054163,0.012062,0.066864,0.013162,0.047485,0.033671,0.051761,0.034253
41,90,2,600,0.178588,0.070619,0.215785,0.039879,0.145414,0.02228,0.873454,0.057466,0.705697,0.052907,0.060957,0.102301,0.060987,0.100641,0.061763,0.040272,0.083702,0.038815,0.062582,0.085907,0.065553,0.092815
61,90,2,600,0.189038,0.148298,0.215326,0.079023,0.134428,0.046923,2.46579,0.141597,1.79598,0.143917,0.084963,0.188908,0.084572,0.180023,0.086351,0.082002,0.106923,0.082322,0.0851,0.166439,0.08648,0.207799
81,90,2,600,0.132383,0.201043,0.148472,0.108136,0.278737,0.101248,3.27719,0.213925,3.03329,0.199824,0.115289,0.273761,0.114689,0.294075,0.11536,0.140862,0.134125,0.140164,0.115113,0.30476,0.142931,0.334675
101,90,2,600,0.139103,0.306188,0.150533,0.162657,0.198901,0.153726,8.77987,0.295809,5.15222,0.32576,0.152592,0.495241,0.155448,0.422215,0.153084,0.213645,0.169851,0.213773,0.151966,0.50217,0.161637,0.464966
1,90,2,600,0.068149,0.000306,0.080474,0.000176,0.074935,0.000146,0.045542,0.003128,0.050572,0.002783,0.043628,0.00352,0.03832,0.00275,0.038108,0.000332,0.046176,0.000289,0.041256,0.004587,0.038898,0.003912
21,90,2,600,4.00893,0.079251,4.67219,0.043222,7.83807,0.040601,0.141952,0.027108,0.141468,0.029665,0.03454,0.027229,0.039825,0.021501,0.038131,0.007684,0.044532,0.007571,0.041086,0.024935,0.033907,0.026679
41,90,2,600,4.89763,0.259477,5.11745,0.143552,8.25589,0.121533,0.277967,0.078238,0.296684,0.07654,0.043173,0.074407,0.050162,0.072279,0.042303,0.026698,0.050597,0.025949,0.101141,0.078227,0.07027,0.073951
61,90,2,600,5.26438,0.533552,5.27047,0.29099,9.45211,0.26606,0.568298,0.131311,0.551138,0.148085,0.056483,0.122862,0.058297,0.117657,0.056767,0.051735,0.068072,0.051913,0.056175,0.124219,0.059886,0.118393
81,90,2,600,5.00786,0.873326,5.18281,0.489606,8.91108,0.453208,1.2821,0.229768,1.08084,0.201405,0.080609,0.197541,0.091545,0.197674,0.077182,0.090645,0.095125,0.089456,0.077209,0.196274,0.078191,0.222212
101,90,2,600,4.39349,1.30015,5.22204,0.740671,7.8829,0.713533,2.31722,0.307332,1.95824,0.32705,0.105375,0.296174,0.107785,0.327855,0.10342,0.136134,0.111998,0.135897,0.10125,0.301433,0.101706,0.276287
1,90,2,600,0.071978,0.000378,0.083301,0.000213,0.08295,0.000144,0.04659,0.003186,0.046629,0.002864,0.037372,0.003848,0.037353,0.003106,0.038881,0.000314,0.046729,0.0003,0.042017,0.00497,0.044903,0.003069
21,90,2,600,2.53098,0.061139,2.92866,0.036682,4.66412,0.035528,0.151414,0.024465,0.153616,0.024536,0.035429,0.030126,0.035679,0.026362,0.045181,0.008031,0.061887,0.007558,0.036598,0.02635,0.036314,0.022193
41,90,2,600,2.23479,0.196722,2.43378,0.111331,3.93725,0.098383,0.406012,0.077624,0.398959,0.066119,0.053542,0.06375,0.048223,0.064121,0.042702,0.026202,0.055348,0.026274,0.048657,0.067333,0.045106,0.060684
61,90,2,600,2.94984,0.426935,2.58773,0.225836,5.0774,0.217317,0.809433,0.133807,0.694345,0.112603,0.059397,0.139506,0.059978,0.131578,0.05915,0.051915,0.064933,0.053252,0.062212,0.131883,0.057611,0.135421
81,90,2,600,3.2767,0.7183,3.54155,0.407722,5.46539,0.360027,1.51133,0.222061,1.25689,0.197159,0.085753,0.201447,0.08073,0.192255,0.077735,0.090872,0.154511,0.090892,0.082092,0.231034,0.078583,0.207286
101,90,2,600,2.92638,1.02468,3.15041,0.553932,9.04727,0.669556,1.54183,0.313891,1.18681,0.304109,0.108686,0.304798,0.10605,0.321274,0.103916,0.136259,0.111304,0.135495,0.109812,0.323139,0.104919,0.292073
1,90,2,600,0.032056,0.000165,0.041298,0.000103,0.036865,9.2e-05,0.029858,0.002318,0.029548,0.001862,0.023193,0.002425,0.022464,0.002644,0.022504,0.000221,0.030129,0.000181,0.023187,0.002842,0.025035,0.00258
21,90,2,600,0.028712,0.008627,0.030442,0.004094,0.042975,0.00378,0.182274,0.025075,0.157524,0.027439,0.028606,0.018597,0.028534,0.022324,0.037791,0.007794,0.033456,0.008734,0.026816,0.022085,0.033625,0.018884
41,90,2,600,0.037159,0.027954,0.030314,0.015029,0.045065,0.015882,0.677164,0.061469,0.575608,0.067436,0.036693,0.073024,0.037699,0.072767,0.036166,0.024923,0.040352,0.025113,0.036628,0.066499,0.036411,0.052366
61,90,2,600,0.028558,0.058023,0.038135,0.03108,0.043,0.031111,1.59785,0.122614,1.45591,0.123102,0.054454,0.136844,0.052604,0.12872,0.052032,0.051859,0.058474,0.052573,0.06118,0.134835,0.051516,0.115898
81,90,2,600,0.028941,0.102298,0.030407,0.054025,0.042663,0.050082,3.44921,0.196619,2.05886,0.202037,0.079232,0.230475,0.072502,0.208182,0.071467,0.089131,0.076359,0.089596,0.071205,0.185509,0.073251,0.2118
101,90,2,600,0.02853,0.153358,0.030388,0.082197,0.042151,0.076797,4.59547,0.314397,4.06026,0.359674,0.099402,0.299926,0.097856,0.271255,0.098782,0.136658,0.102836,0.137199,0.097059,0.323859,0.097285,0.30955
1,90,2,600,0.063313,0.000309,0.070122,0.000242,0.085191,0.000147,0.024328,0.002428,0.024918,0.001667,0.024304,0.00172,0.025705,0.002003,0.025315,0.000216,0.025472,0.000158,0.023699,0.002286,0.023372,0.002083
21,90,2,600,0.110719,0.020848,0.116521,0.008934,0.096163,0.006612,0.179351,0.028835,0.164216,0.029307,0.047343,0.037344,0.049112,0.042332,0.054329,0.01201,0.062645,0.012589,0.046743,0.043617,0.055719,0.030492
41,90,2,600,0.099831,0.056441,0.109891,0.031232,0.097483,0.022902,0.728879,0.069422,0.515224,0.063181,0.063406,0.090427,0.061406,0.097191,0.058441,0.039468,0.080814,0.039395,0.068991,0.097272,0.063955,0.110541
61,90,2,600,0.108085,0.119596,0.153094,0.0652,0.083307,0.046088,1.28291,0.127042,0.992504,0.13942,0.08654,0.1758,0.086614,0.176567,0.083117,0.082299,0.104822,0.08139,0.084744,0.181947,0.089276,0.196881
81,90,2,600,0.106865,0.200066,0.121432,0.108108,0.089391,0.076752,2.14199,0.215834,2.14049,0.231811,0.118933,0.293869,0.118594,0.345407,0.113872,0.140784,0.127593,0.139725,0.116309,0.336432,0.11422,0.297689
101,90,2,600,0.101921,0.305057,0.117423,0.162793,0.090919,0.11563,3.01523,0.289335,2.98197,0.293742,0.153422,0.426162,0.155581,0.434516,0.152535,0.216795,0.168581,0.213348,0.154197,0.476228,0.152528,0.462836
1,90,2,600,0.067222,0.000349,0.080586,0.000195,0.081854,0.0002,0.05383,0.003273,0.054442,0.003011,0.048959,0.004567,0.051525,0.003534,0.056182,0.000291,0.051263,0.000233,0.047827,0.003722,0.044791,0.002517
21,90,2,600,8.0354,0.105378,8.19797,0.055454,16.0106,0.056639,0.061349,0.025762,0.066398,0.023087,0.042211,0.027735,0.08927,0.029044,0.041822,0.008018,0.050963,0.008743,0.050046,0.031298,0.136846,0.04766
41,90,2,600,8.92183,0.334609,8.68301,0.180588,15.6992,0.165255,0.073562,0.074078,0.071131,0.068082,0.052166,0.073346,0.045671,0.074614,0.044729,0.025864,0.04944,0.025669,0.056577,0.074284,0.045002,0.060568
61,90,2,600,8.76026,0.648604,10.2223,0.377981,16.0683,0.32139,0.150137,0.134052,0.161619,0.147381,0.070346,0.126732,0.06162,0.121287,0.06077,0.052209,0.064767,0.052103,0.066533,0.137116,0.067889,0.145883
81,90,2,600,9.65016,1.16605,10.0871,0.639121,22.7526,0.616416,0.253218,0.20387,0.235125,0.212667,0.087543,0.169873,0.087193,0.196582,0.081004,0.090234,0.085637,0.091557,0.083274,0.172864,0.087446,0.210224
101,90,2,600,8.66975,1.64901,9.4254,0.913886,20.7998,0.887717,0.518171,0.30768,0.456479,0.274024,0.110941,0.275285,0.111924,0.318805,0.105699,0.136563,0.114714,0.143665,0.159897,0.306033,0.106139,0.269302
1,90,2,600,0.034807,0.000197,0.044012,0.000132,0.037215,0.000128,0.028381,0.00265,0.034296,0.001218,0.0176,0.002709,0.019488,0.002418,0.018404,0.000172,0.027418,0.000185,0.02628,0.002746,0.018592,0.002376
21,90,2,600,0.036589,0.009384,0.039318,0.004875,0.059405,0.004765,0.184047,0.028056,0.176103,0.020182,0.028183,0.0215,0.026775,0.024018,0.028013,0.007776,0.039715,0.006656,0.027894,0.02366,0.028823,0.026717
41,90,2,600,0.033396,0.028142,0.041804,0.015941,0.050246,0.014828,0.808837,0.060437,0.672606,0.069166,0.035783,0.068083,0.04389,0.06163,0.035685,0.025193,0.046822,0.025638,0.036071,0.068967,0.036033,0.058395
61,90,2,600,0.039521,0.057482,0.037011,0.031993,0.042949,0.030322,1.85867,0.124347,1.61599,0.118543,0.052537,0.128499,0.051295,0.130984,0.056235,0.051979,0.059346,0.051793,0.051322,0.131704,0.050919,0.123087
81,90,2,600,0.035536,0.100958,0.035636,0.053521,0.045046,0.051707,3.05856,0.187617,3.55217,0.220106,0.071416,0.180076,0.071825,0.209732,0.072023,0.089199,0.079602,0.089616,0.07144,0.213049,0.07185,0.218772
101,90,2,600,0.03361,0.152998,0.035621,0.080877,0.040513,0.076769,6.60752,0.296664,5.13732,0.291112,0.097908,0.289857,0.097206,0.31278,0.101184,0.137579,0.104489,0.136146,0.096661,0.278795,0.097834,0.267425
1,90,2,600,0.067503,0.000333,0.070806,0.000216,0.06623,0.000144,0.046961,0.003086,0.04947,0.001822,0.048188,0.004303,0.039968,0.002331,0.03843,0.000296,0.041058,0.000279,0.048098,0.002925,0.040916,0.003216
21,90,2,600,2.77453,0.07414,3.99861,0.04322,4.33435,0.034154,0.14678,0.025869,0.149683,0.023296,0.034451,0.027949,0.051083,0.027689,0.033527,0.007671,0.042427,0.008049,0.034106,0.02832,0.033622,0.028894
41,90,2,600,3.7515,0.246389,3.78242,0.133015,4.24391,0.119916,0.379231,0.075513,0.349926,0.074384,0.041617,0.078267,0.051396,0.058225,0.042931,0.025352,0.054972,0.024956,0.040664,0.070898,0.043098,0.070142
61,90,2,600,4.09786,0.528023,3.1446,0.259786,3.54352,0.216796,0.622303,0.161056,0.734382,0.131973,0.059186,0.154887,0.059862,0.133647,0.057723,0.052665,0.063347,0.051581,0.057716,0.124094,0.065807,0.139059
81,90,2,600,2.89942,0.805793,3.34749,0.460039,3.38176,0.361482,1.15865,0.23473,0.890535,0.221899,0.077419,0.201907,0.078675,0.195065,0.07743,0.089088,0.081972,0.089161,0.077753,0.224615,0.076706,0.207293
101,90,2,600,1.80955,1.21816,2.07764,0.6592,4.02865,0.639001,2.34954,0.337405,2.35745,0.321394,0.104034,0.268123,0.104895,0.254749,0.102414,0.140639,0.10764,0.13593,0.101309,0.288713,0.102484,0.299076
1,90,2,600,0.028431,0.000176,0.031081,0.000132,0.03607,0.000101,0.035285,0.002302,0.033259,0.001578,0.032158,0.00255,0.023567,0.002549,0.024535,0.000185,0.03865,0.000194,0.034618,0.002653,0.025016,0.002134
21,90,2,600,0.029208,0.008493,0.031611,0.004181,0.035252,0.003959,0.201711,0.026152,0.206902,0.023284,0.028421,0.02734,0.028614,0.027847,0.027872,0.008015,0.034386,0.007611,0.029399,0.028391,0.029502,0.029991
41,90,2,600,0.027663,0.028871,0.030905,0.015291,0.043183,0.016166,0.852638,0.070457,0.732269,0.060566,0.037438,0.06235,0.093187,0.065128,0.038612,0.024679,0.051746,0.024996,0.06089,0.068493,0.05514,0.066396
61,90,2,600,0.0312,0.058576,0.033471,0.031625,0.042167,0.030188,2.0999,0.138794,2.91503,0.12044,0.055886,0.109829,0.052901,0.133521,0.052653,0.051915,0.068106,0.052477,0.053404,0.132596,0.052765,0.122258
81,90,2,600,0.027901,0.099844,0.035742,0.053798,0.04347,0.051504,3.68403,0.203842,6.19833,0.21855,0.072645,0.206872,0.072926,0.206446,0.075824,0.089832,0.078605,0.088941,0.072723,0.206207,0.072963,0.172124
101,90,2,600,0.028133,0.152311,0.030413,0.081281,0.043161,0.078168,6.15836,0.29509,5.75826,0.308921,0.098972,0.304981,0.09836,0.327334,0.098525,0.13736,0.105227,0.136778,0.10004,0.290955,0.099307,0.278637
1,90,2,600,0.032414,0.000194,0.040799,0.000128,0.040886,0.000111,0.033408,0.002519,0.032038,0.001789,0.025566,0.002753,0.02669,0.002538,0.025968,0.000208,0.029231,0.000183,0.041465,0.003283,0.030716,0.002269
21,90,2,600,0.063982,0.013131,0.072912,0.006706,0.103222,0.006889,0.188299,0.025822,0.18,0.025229,0.049541,0.035945,0.049457,0.042437,0.050034,0.011722,0.061138,0.013197,0.055714,0.031119,0.044973,0.042964
41,90,2,600,0.063155,0.041907,0.075783,0.023531,0.102153,0.022473,0.617885,0.070336,0.546434,0.067394,0.06216,0.09651,0.062636,0.098238,0.062641,0.04036,0.091262,0.040113,0.064091,0.108936,0.059351,0.107656
61,90,2,600,0.060517,0.092192,0.067817,0.048069,0.108824,0.046204,1.77713,0.137294,1.40819,0.139485,0.087599,0.21508,0.086217,0.195229,0.082752,0.083342,0.098893,0.083261,0.086394,0.18679,0.082563,0.196667
81,90,2,600,0.062681,0.15376,0.06855,0.082308,0.10899,0.076267,2.31693,0.192293,2.4926,0.201038,0.117917,0.344045,0.118319,0.347508,0.113662,0.141778,0.1304,0.138861,0.125737,0.285159,0.119095,0.285859
101,90,2,600,0.06825,0.228921,0.074252,0.122802,0.095856,0.116762,4.77602,0.309575,3.46358,0.294831,0.206695,0.505085,0.167417,0.471231,0.151108,0.217992,0.168674,0.215414,0.156389,0.484482,0.152585,0.445847
1,90,2,600,0.03114,0.000227,0.039572,0.000143,0.036771,0.0001,0.035203,0.002285,0.036497,0.001892,0.024422,0.002763,0.023901,0.002179,0.031428,0.000147,0.036984,0.000175,0.027335,0.002678,0.026818,0.001912
21,90,2,600,0.030949,0.007793,0.033108,0.004737,0.042444,0.003749,0.211,0.017647,0.194548,0.021609,0.033277,0.025436,0.03083,0.02127,0.029829,0.007739,0.040344,0.007797,0.029961,0.0234,0.031439,0.023307
41,90,2,600,0.032293,0.028071,0.035622,0.015677,0.048349,0.016334,0.832716,0.056431,0.617975,0.067936,0.039667,0.061484,0.040527,0.061532,0.047473,0.024795,0.046175,0.024817,0.03987,0.062565,0.039303,0.063352
61,90,2,600,0.034034,0.058734,0.036769,0.030873,0.046443,0.03054,1.63678,0.105238,1.66518,0.138622,0.055476,0.124926,0.055745,0.118921,0.055534,0.052026,0.06112,0.052133,0.054226,0.110814,0.054875,0.141944
81,90,2,600,0.032062,0.101047,0.035273,0.05347,0.04392,0.052339,2.47004,0.23518,1.54555,0.220788,0.0753,0.208528,0.075231,0.226074,0.075687,0.089749,0.081039,0.089009,0.075304,0.182261,0.075735,0.175982
101,90,2,600,0.033179,0.151906,0.035109,0.080562,0.0469,0.076643,4.44777,0.315755,3.57773,0.299384,0.10184,0.337124,0.101191,0.30616,0.102575,0.135996,0.106223,0.13619,0.099594,0.273376,0.100897,0.330663
1,90,2,600,0.070794,0.000295,0.074948,0.000188,0.073583,0.00015,0.024396,0.002511,0.024733,0.001852,0.026899,0.002621,0.025279,0.002391,0.024217,0.000142,0.025768,0.000202,0.025664,0.002956,0.028586,0.002039
21,90,2,600,0.204045,0.0231,0.225002,0.0119,0.113953,0.007307,0.217322,0.028017,0.183502,0.026085,0.047993,0.044024,0.055078,0.040848,0.050688,0.012642,0.071942,0.012537,0.046654,0.044592,0.050407,0.041026
41,90,2,600,0.187576,0.071086,0.209821,0.039933,0.103803,0.022761,0.825451,0.065941,0.664803,0.061085,0.061607,0.111198,0.061887,0.111671,0.061335,0.040129,0.084126,0.038891,0.062889,0.097265,0.062383,0.108473
61,90,2,600,0.167113,0.146807,0.192145,0.079829,0.12898,0.045464,2.40704,0.143571,1.9606,0.13113,0.089688,0.197665,0.083337,0.194609,0.088319,0.081775,0.102189,0.08169,0.089436,0.178202,0.090066,0.17556
81,90,2,600,0.186372,0.251362,0.204693,0.133421,0.105401,0.075694,3.22735,0.220444,5.56822,0.183887,0.122829,0.31808,0.122062,0.279629,0.114943,0.140629,0.139719,0.138921,0.114549,0.33932,0.115409,0.316949
101,90,2,600,0.225366,0.384235,0.220645,0.204166,0.111886,0.115642,6.94223,0.281243,6.27866,0.306755,0.15384,0.445118,0.160015,0.518511,0.152069,0.213021,0.16832,0.213286,0.151576,0.444908,0.15316,0.401165
1,90,2,600,0.034275,0.000223,0.044074,0.000152,0.035285,0.000104,0.033956,0.002483,0.032632,0.001678,0.024321,0.002717,0.03501,0.00229,0.024694,0.000208,0.035459,0.000177,0.026011,0.002468,0.024944,0.00244
21,90,2,600,0.079614,0.01456,0.076087,0.007103,0.154814,0.006489,0.220949,0.02475,0.238336,0.026716,0.054146,0.031351,0.049793,0.039282,0.052487,0.011962,0.067808,0.012176,0.061158,0.046168,0.049952,0.042544
41,90,2,600,0.069102,0.04187,0.073797,0.026196,0.149391,0.024419,1.00398,0.062679,0.785067,0.056119,0.064647,0.106587,0.065701,0.099156,0.065296,0.038631,0.08764,0.039258,0.065267,0.100613,0.080333,0.099685
61,90,2,600,0.065516,0.090309,0.071622,0.046595,0.14265,0.045009,3.53812,0.124097,1.8795,0.125638,0.087773,0.194495,0.105272,0.202128,0.085031,0.082536,0.106065,0.083217,0.089034,0.216811,0.104475,0.192853
81,90,2,600,0.066121,0.152048,0.072474,0.079999,0.143439,0.076026,3.48376,0.182854,6.18177,0.227337,0.118768,0.343649,0.117985,0.299931,0.11754,0.14064,0.164676,0.13946,0.117222,0.309666,0.11813,0.298922
101,90,2,600,0.066439,0.230326,0.072807,0.123142,0.14059,0.115788,9.38892,0.312293,5.60525,0.299825,0.15655,0.464477,0.157155,0.468146,0.155014,0.213424,0.184271,0.212536,0.155594,0.485343,0.156934,0.43545
1,90,2,600,0.109441,0.000391,0.117127,0.000258,0.097919,0.000145,0.029224,0.002405,0.030864,0.001767,0.05216,0.004072,0.049194,0.003135,0.059577,0.000359,0.04885,0.000242,0.044858,0.004379,0.041303,0.003837
21,90,2,600,1.64347,0.059633,1.86559,0.0336,2.17725,0.029456,0.166038,0.029782,0.167994,0.025148,0.035616,0.027845,0.035265,0.021929,0.035269,0.007622,0.044384,0.007454,0.037057,0.020595,0.034126,0.028706
41,90,2,600,2.45707,0.230692,2.70823,0.126764,1.81578,0.092914,0.348334,0.076667,0.466344,0.07421,0.044812,0.078354,0.046005,0.068671,0.041711,0.024628,0.051823,0.025973,0.042593,0.075733,0.043026,0.06421
61,90,2,600,1.94292,0.425175,2.17695,0.237218,3.21639,0.198811,0.890153,0.145874,0.958791,0.158662,0.05666,0.138146,0.056757,0.138274,0.055625,0.051977,0.059926,0.052028,0.054943,0.129455,0.055286,0.12197
81,90,2,600,1.28562,0.546494,1.41462,0.296411,3.7472,0.360969,2.0246,0.228373,1.59749,0.221334,0.076011,0.191652,0.07608,0.21239,0.075381,0.08908,0.083624,0.08919,0.075297,0.195388,0.088335,0.18731
101,90,2,600,2.11572,1.06292,2.30672,0.572713,4.09384,0.571915,3.11577,0.316734,2.72772,0.323701,0.104197,0.295871,0.106639,0.290995,0.102163,0.135622,0.108975,0.136124,0.102188,0.286608,0.102456,0.271138
1,90,2,600,0.060756,0.000314,0.067384,0.000182,0.072474,0.000173,0.044611,0.00345,0.043921,0.002737,0.041151,0.003835,0.037698,0.002461,0.04056,0.00023,0.04184,0.000357,0.037041,0.003771,0.044976,0.003392
21,90,2,600,1.77969,0.057881,1.85603,0.031937,3.52769,0.030593,0.140247,0.029821,0.173,0.029978,0.039627,0.02378,0.043979,0.022407,0.037122,0.007899,0.03735,0.008514,0.034559,0.028318,0.040946,0.028375
41,90,2,600,1.89473,0.193528,2.07156,0.109733,3.72234,0.108091,0.365088,0.077619,0.345136,0.071702,0.045397,0.07645,0.10522,0.080318,0.042244,0.025309,0.059905,0.025772,0.041156,0.071403,0.041119,0.060764
61,90,2,600,2.11419,0.397478,2.51703,0.221384,3.39427,0.217558,0.787583,0.13332,0.743555,0.153478,0.061427,0.108487,0.058389,0.113861,0.057627,0.052713,0.064942,0.054023,0.060094,0.123388,0.055503,0.13003
81,90,2,600,1.85228,0.654093,2.26108,0.362229,4.11922,0.388436,1.10008,0.21108,1.006,0.215843,0.082791,0.228606,0.080544,0.196983,0.077353,0.089815,0.080282,0.089797,0.138957,0.218186,0.089958,0.17464
101,90,2,600,1.90466,0.989099,2.64011,0.586295,3.95895,0.542908,1.68537,0.338925,1.43593,0.307014,0.106676,0.296861,0.104328,0.303746,0.101599,0.137308,0.106317,0.136604,0.105916,0.336775,0.102479,0.270694
1,90,2,600,0.036733,0.000188,0.040323,9.9e-05,0.04216,0.000117,0.032816,0.002961,0.033262,0.001874,0.028752,0.002636,0.028304,0.001556,0.04156,0.000145,0.03169,0.00018,0.026391,0.001857,0.032128,0.002809
21,90,2,600,0.034558,0.008124,0.043077,0.004528,0.047828,0.005173,0.192799,0.023936,0.185412,0.03009,0.03369,0.027982,0.029887,0.022993,0.037716,0.007464,0.037503,0.007546,0.028159,0.022717,0.029318,0.027978
41,90,2,600,0.039168,0.027566,0.047128,0.015451,0.04924,0.014831,0.867506,0.067758,0.761481,0.067628,0.038831,0.069003,0.038836,0.062096,0.038579,0.025447,0.042871,0.025426,0.038788,0.071308,0.038585,0.056376
61,90,2,600,0.036323,0.058979,0.038462,0.031496,0.042335,0.029835,2.82119,0.122448,1.7355,0.126196,0.055183,0.120988,0.053883,0.134305,0.055383,0.051897,0.058716,0.051807,0.054686,0.136756,0.054648,0.131421
81,90,2,600,0.035017,0.100253,0.037362,0.053186,0.041289,0.050773,4.48434,0.224097,4.18285,0.192836,0.07323,0.203847,0.075122,0.211619,0.072796,0.08952,0.080248,0.089699,0.072797,0.222572,0.07307,0.177872
101,90,2,600,0.034998,0.153734,0.036876,0.080578,0.050919,0.076417,7.39391,0.293259,5.10154,0.297829,0.101388,0.330577,0.099666,0.308597,0.11476,0.138832,0.103314,0.136114,0.098996,0.320121,0.0998,0.335153
1,90,2,600,0.063576,0.000334,0.06913,0.000199,0.074745,0.000153,0.048946,0.003321,0.046848,0.002554,0.065855,0.003703,0.049183,0.002231,0.053203,0.00027,0.050249,0.000309,0.058213,0.003477,0.051356,0.00249
21,90,2,600,0.974901,0.04797,0.927819,0.023135,1.08682,0.022364,0.172671,0.027202,0.171851,0.026455,0.040164,0.022124,0.037656,0.027979,0.033958,0.007504,0.047248,0.007442,0.041713,0.028562,0.035976,0.029675
41,90,2,600,0.537549,0.132104,0.601777,0.072187,1.07968,0.07021,0.377033,0.071097,0.432688,0.062127,0.04534,0.05763,0.05361,0.075659,0.043815,0.025729,0.052411,0.024869,0.043861,0.0567,0.048236,0.065739
61,90,2,600,0.695107,0.264727,0.775904,0.144929,1.12184,0.144836,1.23653,0.153189,1.12041,0.14109,0.064406,0.14021,0.062577,0.1426,0.058562,0.052028,0.063596,0.052077,0.059386,0.134571,0.06067,0.123868
81,90,2,600,0.782954,0.501015,0.898942,0.27066,1.1947,0.233646,2.56475,0.206586,1.35266,0.182771,0.081463,0.171337,0.079394,0.179636,0.079393,0.089321,0.084963,0.089457,0.078292,0.207813,0.079037,0.178561
101,90,2,600,0.697593,0.68309,0.774019,0.370135,0.923537,0.313425,2.15589,0.317553,2.87289,0.323595,0.112437,0.339499,0.109384,0.273775,0.104783,0.136589,0.115266,0.136552,0.104414,0.308,0.104842,0.309541
1,90,2,600,0.137762,0.000385,0.143189,0.00023,0.121623,0.000155,0.026866,0.002392,0.027494,0.001152,0.041089,0.002801,0.048845,0.003068,0.058172,0.000454,0.056605,0.000283,0.052217,0.00315,0.044575,0.002407
21,90,2,600,0.837716,0.04915,0.950669,0.027036,1.50605,0.026825,0.159696,0.023671,0.161119,0.027586,0.035467,0.026486,0.03476,0.027728,0.032021,0.007604,0.038564,0.008127,0.030476,0.022588,0.030246,0.026857
41,90,2,600,1.38418,0.194482,1.55275,0.104538,1.21291,0.072073,0.44561,0.082555,0.392892,0.076565,0.043888,0.076107,0.043573,0.075267,0.039572,0.024792,0.054947,0.024972,0.038794,0.0721,0.039453,0.068779
61,90,2,600,1.25732,0.383709,1.43717,0.212183,1.73868,0.179897,1.14658,0.138621,1.09098,0.159468,0.058364,0.139133,0.0553,0.126746,0.053155,0.051985,0.056647,0.051819,0.056613,0.127753,0.053613,0.133716
81,90,2,600,1.23848,0.608839,1.23579,0.324085,2.02351,0.31409,1.5758,0.230399,1.52503,0.229181,0.082203,0.203802,0.075054,0.222954,0.074256,0.089744,0.077854,0.090326,0.076922,0.222615,0.073944,0.195015
101,90,2,600,0.672589,0.68622,0.753612,0.370935,1.60702,0.429204,2.45503,0.27828,2.42708,0.323586,0.10449,0.301102,0.098901,0.321101,0.098613,0.136604,0.101767,0.135933,0.101778,0.269709,0.098774,0.27416
1,90,2,600,0.035599,0.000194,0.052766,0.00017,0.046086,0.000112,0.033283,0.002364,0.032256,0.001242,0.025493,0.002397,0.030809,0.001885,0.024094,0.000166,0.032116,0.00019,0.026764,0.002831,0.025539,0.001644
21,90,2,600,0.032331,0.008379,0.037265,0.004613,0.041525,0.00497,0.231473,0.025185,0.191941,0.025502,0.033493,0.027215,0.029623,0.026698,0.029317,0.007745,0.033981,0.007238,0.028267,0.023312,0.032022,0.027404
41,90,2,600,0.033852,0.027558,0.046035,0.015064,0.040932,0.01581,0.76578,0.076158,0.867991,0.075259,0.042644,0.067742,0.038989,0.061617,0.038907,0.025168,0.042841,0.025254,0.045423,0.064276,0.038646,0.06974
61,90,2,600,0.03262,0.058555,0.036019,0.031363,0.037512,0.030236,2.11127,0.138899,1.77929,0.14385,0.060295,0.123152,0.056487,0.116193,0.056268,0.051979,0.060008,0.052234,0.054985,0.108595,0.054634,0.116588
81,90,2,600,0.032335,0.102243,0.033877,0.052977,0.038535,0.050804,3.39833,0.199724,4.27035,0.231247,0.080336,0.218072,0.075133,0.227789,0.074421,0.08974,0.078607,0.090089,0.074319,0.22891,0.074613,0.169502
101,90,2,600,0.032328,0.152924,0.03532,0.081895,0.044553,0.076674,5.51443,0.294731,4.64297,0.296437,0.099353,0.347261,0.100738,0.330822,0.099723,0.137112,0.103355,0.136314,0.099868,0.321909,0.100378,0.263414
1,90,2,600,0.110933,0.000395,0.111139,0.00029,0.083146,0.000181,0.036284,0.001896,0.029053,0.001909,0.047361,0.00341,0.065193,0.003272,0.06192,0.000327,0.052976,0.000263,0.050764,0.00356,0.049839,0.003383
21,90,2,600,0.915847,0.051943,0.861973,0.025409,0.700278,0.019982,0.16937,0.027956,0.155075,0.026751,0.035892,0.029817,0.037566,0.028171,0.03224,0.009054,0.036586,0.006616,0.032281,0.022613,0.032708,0.028881
41,90,2,600,1.0692,0.186584,1.23483,0.101271,0.918003,0.072679,0.503724,0.07772,0.458016,0.070395,0.048443,0.066277,0.04459,0.07048,0.041131,0.025115,0.056161,0.026847,0.042076,0.075815,0.041924,0.066203
61,90,2,600,0.90227,0.346583,0.959327,0.180098,1.02924,0.147184,1.18636,0.163889,1.14894,0.136877,0.058653,0.137552,0.058352,0.11364,0.055471,0.052554,0.059838,0.053402,0.055213,0.108751,0.055423,0.130614
81,90,2,600,0.704724,0.503006,0.970412,0.296221,1.12267,0.229781,2.33579,0.227557,2.30008,0.19461,0.078319,0.185919,0.078145,0.179501,0.075619,0.090626,0.080634,0.090513,0.077738,0.194227,0.076478,0.183287
101,90,2,600,0.95444,0.918463,1.10821,0.489605,1.08252,0.351324,2.76098,0.26667,2.82999,0.296126,0.105051,0.281263,0.107356,0.252365,0.102557,0.138539,0.107012,0.136353,0.100621,0.295435,0.101731,0.27526
1,90,2,600,0.069231,0.000292,0.067921,0.000187,0.070626,0.000161,0.025571,0.002695,0.027395,0.001486,0.026693,0.002467,0.030103,0.002191,0.026324,0.000157,0.027304,0.000212,0.027453,0.002966,0.036796,0.002448
21,90,2,600,0.766778,0.041542,0.840978,0.022542,0.451265,0.012553,0.278114,0.023934,0.338798,0.028473,0.034812,0.024488,0.035137,0.021323,0.034396,0.007962,0.04377,0.009236,0.039918,0.022528,0.036311,0.029376
41,90,2,600,0.95856,0.126723,1.05794,0.07244,0.867246,0.047721,1.38552,0.079403,1.2359,0.07423,0.04394,0.059244,0.049885,0.06008,0.041657,0.025537,0.073341,0.024964,0.047263,0.066273,0.044977,0.070357
61,90,2,600,1.62824,0.329083,0.955421,0.150168,0.279135,0.063906,3.81469,0.138743,2.28648,0.133255,0.062346,0.133127,0.056886,0.108864,0.057304,0.052143,0.071443,0.052459,0.058248,0.132046,0.056875,0.12789
81,90,2,600,1.72769,0.550103,1.29321,0.2748,0.125136,0.077741,11.4115,0.228644,4.64156,0.217434,0.074845,0.208273,0.072645,0.202228,0.074689,0.09019,0.083232,0.089933,0.071805,0.210882,0.072512,0.213826
101,90,2,600,0.996963,0.76629,1.09658,0.40926,0.264527,0.155273,8.45149,0.295558,3.55906,0.2786,0.098314,0.294093,0.098029,0.290912,0.098536,0.136777,0.115006,0.1358,0.096924,0.283511,0.099666,0.275075
1,90,2,600,0.03355,0.000203,0.045407,0.000135,0.037101,0.000142,0.031555,0.002314,0.031054,0.001904,0.022273,0.002625,0.021567,0.002132,0.020968,0.000152,0.03024,0.000194,0.020945,0.003369,0.023461,0.002292
21,90,2,600,0.032457,0.008367,0.03511,0.004122,0.040282,0.005535,0.2413,0.026088,0.183721,0.02537,0.027497,0.024845,0.028079,0.026303,0.02853,0.008107,0.035646,0.008243,0.028406,0.028416,0.029064,0.028665
41,90,2,600,0.030918,0.028699,0.034221,0.014762,0.043212,0.014659,0.773392,0.071683,0.777746,0.074138,0.037881,0.07356,0.037408,0.062086,0.037933,0.025511,0.044289,0.025022,0.039947,0.073016,0.037778,0.061315
61,90,2,600,0.069504,0.089339,0.077883,0.048281,0.046843,0.029585,3.09836,0.125404,1.43817,0.116183,0.056283,0.13357,0.054197,0.113724,0.053334,0.053234,0.057965,0.051922,0.052682,0.137116,0.084065,0.126831
81,90,2,600,0.065472,0.151351,0.071789,0.081346,0.102455,0.076328,4.0697,0.207792,7.06161,0.222248,0.073338,0.200087,0.073531,0.195423,0.073227,0.089432,0.083819,0.089264,0.072414,0.245821,0.072713,0.215732
101,90,2,600,0.063249,0.227965,0.070436,0.121901,0.046186,0.076917,5.92096,0.328304,3.8083,0.30858,0.098576,0.320612,0.097083,0.259079,0.097667,0.137082,0.103148,0.137554,0.096332,0.285642,0.100662,0.30007
1,90,2,600,0.035047,0.000183,0.038991,0.000132,0.037243,9.5e-05,0.031373,0.0027,0.031491,0.002041,0.022584,0.002751,0.023607,0.002156,0.027072,0.000145,0.028083,0.000183,0.027497,0.002518,0.023852,0.003366
21,90,2,600,0.037477,0.009491,0.036984,0.004513,0.038189,0.004725,0.201013,0.023213,0.165469,0.030555,0.029123,0.023872,0.028673,0.027439,0.028745,0.007137,0.040124,0.007581,0.027823,0.027241,0.028898,0.026312
41,90,2,600,0.03313,0.028594,0.037579,0.015395,0.036093,0.017161,0.826615,0.069387,0.881144,0.072385,0.037966,0.073573,0.038067,0.059426,0.052945,0.025361,0.043032,0.025179,0.039074,0.054946,0.037428,0.064518
61,90,2,600,0.034601,0.057996,0.037985,0.031101,0.03771,0.030519,1.97497,0.134313,1.89138,0.12675,0.05405,0.136066,0.053074,0.13683,0.054692,0.052751,0.057482,0.053081,0.053347,0.122847,0.053338,0.105184
81,90,2,600,0.036123,0.102417,0.036027,0.054508,0.037287,0.051181,3.217,0.227338,5.14112,0.225022,0.075204,0.225541,0.072965,0.170187,0.07314,0.089195,0.077702,0.089233,0.072902,0.227144,0.073291,0.217303
101,90,2,600,0.034413,0.153674,0.036216,0.08058,0.04611,0.07644,5.61973,0.294697,6.36671,0.298707,0.102795,0.346185,0.099227,0.315845,0.098086,0.136106,0.102936,0.136221,0.098003,0.312617,0.098317,0.331146
1,90,2,600,0.070485,0.000277,0.070389,0.000176,0.082479,0.000147,0.046815,0.003471,0.054272,0.002689,0.040495,0.003174,0.04725,0.002833,0.049137,0.000257,0.046283,0.000261,0.050394,0.003916,0.041967,0.003244
21,90,2,600,0.850382,0.043629,0.698393,0.020836,1.51824,0.024454,0.195957,0.033922,0.154154,0.025751,0.033172,0.026526,0.033388,0.019985,0.033308,0.008129,0.041567,0.007623,0.030874,0.023552,0.036563,0.021715
41,90,2,600,0.688764,0.1461,0.78838,0.080277,1.30258,0.082175,0.469873,0.073491,0.375565,0.061789,0.046833,0.077887,0.043863,0.068789,0.040828,0.026147,0.046159,0.026199,0.041172,0.05806,0.041026,0.064766
61,90,2,600,0.910159,0.301082,1.0059,0.166344,1.98005,0.182434,1.26424,0.13679,0.871601,0.125438,0.05777,0.132405,0.056798,0.137226,0.055043,0.052238,0.061244,0.052358,0.054956,0.136255,0.05626,0.124413
81,90,2,600,0.62629,0.454787,0.70932,0.243536,1.14545,0.234007,2.03639,0.227485,1.54608,0.210881,0.082367,0.228508,0.0783,0.209754,0.075484,0.089788,0.079207,0.089215,0.075392,0.206497,0.075768,0.197038
101,90,2,600,0.611384,0.681834,0.689604,0.366747,1.14132,0.347789,2.08142,0.325175,1.95694,0.282604,0.103636,0.305548,0.104177,0.304793,0.100606,0.136243,0.105049,0.136055,0.101298,0.290916,0.102634,0.270636
1,90,2,600,0.127697,0.000476,0.136065,0.000258,0.092232,0.000218,0.032506,0.002099,0.032403,0.001396,0.070063,0.00427,0.071494,0.003925,0.067025,0.000312,0.05366,0.00022,0.059866,0.005588,0.062455,0.004706
21,90,2,600,4.84992,0.081237,7.11682,0.044256,8.30147,0.03882,0.133814,0.026809,0.152778,0.026866,0.08762,0.030792,0.046411,0.020029,0.040411,0.00907,0.099628,0.010334,0.043924,0.025065,0.036379,0.025589
41,90,2,600,5.43512,0.263397,6.78225,0.135572,9.17241,0.135253,0.215554,0.072873,0.208048,0.072375,0.048707,0.076261,0.050702,0.071706,0.043492,0.025294,0.050127,0.025142,0.049347,0.073083,0.043772,0.068284
61,90,2,600,5.96854,0.547625,8.71473,0.293814,7.66223,0.251375,0.389507,0.15134,0.395867,0.11388,0.063013,0.114131,0.060354,0.131048,0.064343,0.052438,0.063624,0.052641,0.062567,0.135853,0.060098,0.138215
81,90,2,600,5.94622,0.896393,9.23275,0.467526,10.6432,0.482168,0.834734,0.212316,0.628225,0.190941,0.086255,0.198918,0.087523,0.213196,0.080196,0.089713,0.08355,0.090758,0.078399,0.173533,0.07987,0.196206
101,90,2,600,5.1782,1.24444,9.14911,0.758822,11.0491,0.728059,1.14542,0.315326,1.36527,0.3406,0.106616,0.294137,0.106051,0.301103,0.104021,0.136416,0.109655,0.135899,0.124492,0.299564,0.105642,0.289431
1,90,2,600,0.12593,0.00046,0.125298,0.000236,0.077385,0.000166,0.044501,0.003469,0.049244,0.002453,0.067103,0.006116,0.056087,0.004653,0.069527,0.00047,0.060183,0.000234,0.059129,0.005749,0.072348,0.004482
21,90,2,600,7.2622,0.09446,7.61874,0.05101,12.0634,0.045115,0.151515,0.029771,0.151453,0.028839,0.034879,0.030385,0.036883,0.026019,0.043576,0.007413,0.041641,0.007774,0.045274,0.030643,0.033994,0.029013
41,90,2,600,7.77122,0.306343,7.29572,0.161786,14.7151,0.156849,0.326098,0.080879,0.350673,0.0673,0.052285,0.068932,0.043292,0.066391,0.05066,0.025289,0.051902,0.025162,0.042249,0.07663,0.042615,0.075965
61,90,2,600,8.27102,0.628487,8.60105,0.349039,18.8129,0.336366,0.62579,0.160538,0.574743,0.155875,0.057014,0.110417,0.060161,0.142463,0.05633,0.05229,0.07328,0.052925,0.056069,0.126395,0.057453,0.119321
81,90,2,600,8.25663,1.04561,9.32632,0.590935,19.0096,0.573035,1.15731,0.209103,0.973921,0.212322,0.081722,0.188712,0.082245,0.218034,0.077307,0.0897,0.087832,0.089767,0.079125,0.213612,0.12621,0.231703
101,90,2,600,8.35805,1.56946,9.63674,0.877863,16.4431,0.80483,1.30281,0.314666,1.00978,0.28227,0.116573,0.307961,0.159177,0.313695,0.104587,0.137739,0.111735,0.136771,0.107199,0.326039,0.111835,0.332105
1,90,2,600,0.072288,0.000407,0.072127,0.000194,0.072854,0.000158,0.043304,0.00348,0.057039,0.002749,0.040765,0.004128,0.038618,0.003507,0.040044,0.000273,0.044879,0.000225,0.038438,0.004001,0.038462,0.003084
21,90,2,600,5.58826,0.085055,6.37696,0.047601,11.1168,0.042593,0.151668,0.029825,0.14478,0.021908,0.036316,0.021755,0.039,0.031198,0.033767,0.007592,0.050734,0.007796,0.03603,0.030462,0.035621,0.028886
41,90,2,600,12.3648,0.388553,12.9838,0.220391,21.5394,0.183746,0.476608,0.080794,0.426348,0.075572,0.045726,0.07017,0.044728,0.064932,0.046719,0.026127,0.053287,0.025497,0.043276,0.07068,0.044038,0.067905
61,90,2,600,15.6286,0.824059,17.8668,0.471154,57.9521,0.499128,0.705348,0.135233,0.636644,0.144491,0.059561,0.119084,0.061389,0.115048,0.060799,0.051155,0.064781,0.051661,0.063382,0.135426,0.057974,0.13574
81,90,2,600,14.703,1.2524,19.9375,0.79215,30.3301,0.665755,0.998621,0.178262,1.00465,0.196884,0.08125,0.193434,0.084332,0.191564,0.081131,0.088661,0.088937,0.089427,0.081066,0.212675,0.083669,0.213024
101,90,2,600,11.1831,1.73079,15.9999,1.06143,23.5012,0.92281,1.42795,0.267814,1.19385,0.275028,0.108585,0.290756,0.127884,0.323773,0.103049,0.135042,0.110217,0.134722,0.103582,0.308365,0.104383,0.282299
1,90,2,600,0.103933,0.000452,0.118149,0.000269,0.087063,0.000189,0.027695,0.002198,0.029641,0.00179,0.047194,0.003259,0.052323,0.002958,0.057236,0.000372,0.044647,0.000241,0.04336,0.003247,0.04671,0.00357
21,90,2,600,0.479915,0.036902,0.554727,0.020968,0.838597,0.018663,0.169879,0.027,0.160358,0.018097,0.035609,0.020635,0.03183,0.028188,0.0303,0.007869,0.038762,0.008435,0.030399,0.02189,0.035436,0.028458
41,90,2,600,0.369413,0.116823,0.43768,0.065736,0.839691,0.070675,0.50824,0.066918,0.414322,0.064436,0.044424,0.068729,0.042396,0.062362,0.043613,0.025751,0.055108,0.024676,0.040142,0.072213,0.040888,0.059349
61,90,2,600,0.633118,0.293267,0.730881,0.157807,1.00517,0.136337,1.20512,0.13744,1.07557,0.136838,0.058762,0.120949,0.057173,0.113954,0.056343,0.051682,0.057547,0.051502,0.055382,0.124238,0.054779,0.107196
81,90,2,600,0.900463,0.543894,1.03003,0.296229,1.14386,0.255593,2.45464,0.239386,1.87131,0.234582,0.079459,0.183258,0.075291,0.186917,0.074104,0.088328,0.078597,0.088248,0.074238,0.217109,0.075034,0.186455
101,90,2,600,0.868117,0.828466,0.995123,0.444078,0.892555,0.346457,2.88971,0.297121,2.20841,0.30129,0.104823,0.291265,0.101943,0.324793,0.099596,0.136327,0.106625,0.135238,0.099101,0.282256,0.099447,0.318648
1,90,2,600,0.028412,0.000165,0.029817,0.000169,0.03281,0.000103,0.031656,0.00185,0.034119,0.001805,0.023385,0.001882,0.022861,0.001731,0.02363,0.000192,0.032547,0.000173,0.02328,0.002698,0.024893,0.001818
21,90,2,600,0.031979,0.008132,0.036084,0.004033,0.038385,0.00415,0.191172,0.025166,0.179021,0.02083,0.028701,0.02863,0.02926,0.027396,0.028287,0.006889,0.038326,0.007718,0.028445,0.027002,0.028198,0.024687
41,90,2,600,0.027904,0.027974,0.030067,0.014751,0.043524,0.014481,0.697685,0.076532,0.741583,0.066343,0.037572,0.053627,0.039136,0.065778,0.037234,0.024572,0.046544,0.025329,0.079532,0.07427,0.048524,0.070599
61,90,2,600,0.028794,0.057401,0.034665,0.03188,0.040445,0.031019,1.57967,0.119508,1.11189,0.129406,0.055131,0.118091,0.053067,0.131943,0.05397,0.052701,0.05879,0.05114,0.052812,0.132011,0.05292,0.137182
81,90,2,600,0.027943,0.098726,0.031377,0.052848,0.038298,0.050165,2.73385,0.203979,2.47296,0.206686,0.075336,0.226472,0.073244,0.223713,0.073054,0.088439,0.0769,0.088694,0.072851,0.217373,0.073406,0.181491
101,90,2,600,0.028761,0.151679,0.030688,0.080934,0.037929,0.0793,4.86397,0.326203,2.58994,0.312796,0.099046,0.26877,0.098376,0.315163,0.097288,0.134738,0.111696,0.133678,0.097235,0.309803,0.097647,0.319127
1,90,2,600,0.074164,0.000245,0.067689,0.000153,0.069676,0.000187,0.018566,0.002262,0.019627,0.00126,0.017887,0.002478,0.019313,0.002056,0.022533,0.000184,0.018773,0.000208,0.017924,0.002148,0.030003,0.001862
21,90,2,600,0.068459,0.012541,0.069637,0.006498,0.095184,0.00587,0.207586,0.027622,0.170995,0.025157,0.035126,0.024014,0.024426,0.028678,0.028461,0.007588,0.035402,0.007632,0.026182,0.023278,0.028425,0.022684
41,90,2,600,0.071149,0.041246,0.069753,0.024301,0.097453,0.021878,0.741606,0.070799,0.536696,0.058464,0.039637,0.062026,0.036115,0.065116,0.035552,0.024266,0.044645,0.024218,0.037803,0.072775,0.036026,0.071975
61,90,2,600,0.063298,0.086598,0.070355,0.04635,0.095779,0.043768,1.44668,0.133865,1.3382,0.13948,0.051751,0.125899,0.051523,0.118075,0.051314,0.052601,0.056571,0.051706,0.051349,0.107549,0.05138,0.129089
81,90,2,600,0.063843,0.149223,0.068967,0.079061,0.089467,0.075673,2.28964,0.208717,2.6232,0.186393,0.073188,0.215878,0.071779,0.195301,0.07108,0.088228,0.077871,0.089744,0.070842,0.225297,0.072535,0.253644
101,90,2,600,0.062688,0.227937,0.069765,0.122066,0.098846,0.11619,4.42624,0.316783,3.65735,0.322193,0.097407,0.26735,0.107563,0.327471,0.095997,0.135349,0.100444,0.13524,0.095686,0.275317,0.097351,0.276813
1,90,2,600,0.118984,0.000391,0.164224,0.000254,0.100166,0.000162,0.031094,0.002004,0.031493,0.001766,0.066053,0.005312,0.074364,0.004563,0.068038,0.000394,0.047974,0.000281,0.064964,0.004084,0.063194,0.00397
21,90,2,600,3.24619,0.06848,3.69687,0.041176,5.42951,0.037256,0.17561,0.029089,0.196346,0.024052,0.033299,0.025925,0.04561,0.028119,0.110528,0.010975,0.048674,0.008999,0.036631,0.027154,0.037611,0.027815
41,90,2,600,3.74481,0.240015,3.84623,0.136624,4.9362,0.121743,0.411513,0.083977,0.39172,0.061276,0.043317,0.071973,0.045879,0.066464,0.040786,0.026283,0.055266,0.024035,0.041711,0.07148,0.041491,0.056577
61,90,2,600,2.80509,0.424728,3.04367,0.236432,6.04941,0.22613,0.699591,0.166011,0.65674,0.140809,0.056602,0.119374,0.059628,0.135384,0.055912,0.052462,0.066987,0.051472,0.056652,0.1159,0.056243,0.125294
81,90,2,600,4.46281,0.908905,4.84229,0.510349,7.05208,0.446072,1.30261,0.208284,1.31823,0.206638,0.075765,0.17787,0.077234,0.218269,0.076898,0.087958,0.085626,0.088334,0.075382,0.206724,0.075977,0.2064
101,90,2,600,4.55648,1.38782,4.90569,0.768555,8.50035,0.664848,2.48608,0.310687,2.31296,0.297734,0.106833,0.289889,0.104435,0.30309,0.101644,0.13589,0.109947,0.135603,0.100685,0.286616,0.106216,0.26574
1,90,2,600,0.062811,0.000269,0.073503,0.000165,0.062813,0.000162,0.041408,0.003262,0.040618,0.002461,0.041134,0.00353,0.04008,0.003169,0.041467,0.000243,0.049427,0.00027,0.041712,0.002919,0.038934,0.002786
21,90,2,600,0.434854,0.039346,0.511316,0.021871,0.930672,0.019099,0.150631,0.023001,0.151325,0.02555,0.036064,0.025876,0.037579,0.027412,0.046175,0.006981,0.042405,0.008062,0.04245,0.02909,0.032407,0.025703
41,90,2,600,0.78177,0.158511,0.90317,0.08784,1.3101,0.074386,0.382999,0.070757,0.436079,0.077549,0.045594,0.076301,0.041695,0.066035,0.041635,0.024403,0.045857,0.024606,0.040277,0.06247,0.040955,0.06418
61,90,2,600,0.481246,0.264033,0.554757,0.141852,1.19467,0.15122,0.995475,0.135944,0.889608,0.144129,0.060827,0.123715,0.066289,0.129465,0.058499,0.052475,0.059979,0.051535,0.060844,0.129501,0.055466,0.12976
81,90,2,600,0.491773,0.44812,0.580542,0.241466,1.22787,0.257853,1.00152,0.23051,1.37025,0.202734,0.07505,0.216106,0.076686,0.192801,0.079171,0.08906,0.07909,0.08874,0.075197,0.200717,0.075188,0.173546
101,90,2,600,0.634108,0.758526,0.740982,0.402212,0.976937,0.344766,1.70488,0.292326,1.48791,0.309766,0.119829,0.31602,0.102808,0.298619,0.09993,0.136493,0.10401,0.136011,0.099957,0.296392,0.100723,0.298726
1,90,2,600,0.174642,0.000466,0.167575,0.000265,0.075064,0.000177,0.045976,0.003266,0.046485,0.002097,0.053697,0.004855,0.055553,0.004876,0.055196,0.000299,0.050155,0.000274,0.053367,0.00563,0.056818,0.004702
21,90,2,600,4.66182,0.080003,5.00516,0.042555,7.46791,0.037337,0.123232,0.026238,0.113818,0.028708,0.035265,0.03085,0.035266,0.029485,0.035801,0.00758,0.049067,0.007745,0.034413,0.027332,0.034106,0.028276
41,90,2,600,5.20138,0.256502,6.39515,0.150042,8.75877,0.129202,0.278337,0.07487,0.259924,0.067109,0.042863,0.063554,0.044357,0.0639,0.042742,0.02491,0.049849,0.025446,0.042717,0.058305,0.044982,0.056511
61,90,2,600,5.19524,0.522403,5.52667,0.293983,9.64364,0.270638,0.585256,0.127916,0.523901,0.136057,0.059991,0.126243,0.061381,0.132603,0.058745,0.052147,0.06166,0.052077,0.058306,0.139856,0.060428,0.140536
81,90,2,600,5.2076,0.877232,5.40526,0.486939,12.9639,0.502712,0.898873,0.231534,0.943339,0.219724,0.079157,0.207537,0.082304,0.201228,0.078845,0.089775,0.081966,0.089433,0.078684,0.189906,0.082662,0.196022
101,90,2,600,5.39321,1.30487,5.7396,0.730494,13.972,0.761566,1.85148,0.329124,1.80505,0.288975,0.104391,0.27762,0.10494,0.327889,0.102965,0.136459,0.106616,0.136965,0.102319,0.326776,0.104036,0.327673
1,90,2,600,0.117074,0.00041,0.129613,0.000218,0.112898,0.000153,0.044614,0.002372,0.03639,0.001281,0.067104,0.004975,0.062129,0.004608,0.064984,0.000407,0.050004,0.000239,0.064009,0.004467,0.071198,0.004362
21,90,2,600,3.806,0.075019,8.00438,0.058786,6.99668,0.042257,0.147572,0.029025,0.157483,0.02785,0.040661,0.027936,0.037998,0.020837,0.034578,0.007994,0.040081,0.007671,0.045939,0.028224,0.035145,0.027116
41,90,2,600,4.26006,0.266664,4.61485,0.14657,7.22945,0.132542,0.343479,0.069593,0.352109,0.067295,0.043821,0.078616,0.043437,0.060333,0.046389,0.024264,0.047662,0.0244,0.042548,0.057794,0.042193,0.070598
61,90,2,600,4.61813,0.572872,4.98786,0.305294,7.05263,0.274516,0.889944,0.147122,0.686652,0.129588,0.090257,0.129801,0.060081,0.120527,0.057713,0.051423,0.066004,0.051926,0.056631,0.13576,0.058118,0.133979
81,90,2,600,4.15711,0.922904,4.25922,0.484049,6.34514,0.439771,1.15656,0.211166,1.03625,0.215205,0.07732,0.200747,0.08006,0.178527,0.077998,0.090413,0.086934,0.088936,0.077001,0.193757,0.077413,0.194134
101,90,2,600,4.36565,1.44599,4.30369,0.739956,7.91545,0.749076,1.49925,0.289411,1.46326,0.295608,0.161777,0.340368,0.108712,0.296471,0.102151,0.136621,0.110825,0.136512,0.101818,0.295594,0.105853,0.296876
1,90,2,600,0.11176,0.000389,0.118764,0.000216,0.099356,0.000155,0.028334,0.002122,0.027523,0.001766,0.04221,0.003634,0.048635,0.003073,0.055353,0.000396,0.044406,0.00033,0.0535,0.003147,0.041389,0.002872
21,90,2,600,1.02036,0.049875,1.51443,0.033236,1.90813,0.025393,0.147803,0.027455,0.147102,0.026935,0.03665,0.029695,0.033004,0.028659,0.033503,0.007521,0.038493,0.00782,0.030397,0.025478,0.034069,0.029062
41,90,2,600,1.31654,0.187804,2.13588,0.1184,1.22196,0.074788,0.368758,0.08162,0.364029,0.067414,0.04393,0.073221,0.043093,0.06391,0.039759,0.024826,0.057337,0.025303,0.043547,0.06155,0.045694,0.068511
61,90,2,600,1.27145,0.355095,0.907901,0.161232,2.11027,0.204917,0.995526,0.120516,0.864139,0.150276,0.072007,0.119877,0.057783,0.131454,0.055387,0.051787,0.061905,0.051838,0.05929,0.112278,0.055098,0.125205
81,90,2,600,1.15727,0.549786,1.25563,0.294298,2.82486,0.364851,1.38775,0.246512,1.48618,0.219477,0.074289,0.192892,0.075252,0.207962,0.074691,0.089954,0.079541,0.089385,0.074776,0.208432,0.075066,0.205863
101,90,2,600,1.13939,0.833637,1.36074,0.45128,2.19825,0.504954,2.28908,0.344996,2.3941,0.305009,0.100385,0.293617,0.1027,0.320013,0.100487,0.136142,0.103649,0.135297,0.099885,0.287598,0.100209,0.333292
1,90,2,600,0.100651,0.000388,0.116371,0.000208,0.084179,0.000145,0.031554,0.002226,0.029528,0.001812,0.057351,0.004796,0.058958,0.003021,0.063051,0.000433,0.048434,0.000253,0.043851,0.003956,0.047892,0.003566
21,90,2,600,0.941588,0.051495,1.5586,0.031706,1.68152,0.027906,0.154031,0.023484,0.205796,0.027363,0.044231,0.025963,0.038937,0.023079,0.093514,0.008519,0.04803,0.008854,0.050295,0.025455,0.032313,0.023536
41,90,2,600,1.33562,0.187527,1.30173,0.095631,1.87153,0.102656,0.380098,0.079041,0.348051,0.068157,0.043282,0.072479,0.049877,0.066639,0.048662,0.024594,0.045799,0.024949,0.043726,0.070574,0.042117,0.061829
61,90,2,600,0.924256,0.34999,1.53204,0.202646,1.89912,0.201565,1.01972,0.159176,0.838218,0.120552,0.058055,0.116279,0.056541,0.138788,0.055533,0.05185,0.058601,0.053764,0.056181,0.129039,0.063977,0.139397
81,90,2,600,1.56799,0.692934,1.75496,0.376271,1.95366,0.34053,1.8943,0.228026,1.61489,0.23997,0.076008,0.226993,0.076893,0.207906,0.074909,0.088348,0.079107,0.089933,0.075282,0.226184,0.07488,0.201722
101,90,2,600,0.99728,0.907409,1.24027,0.48671,2.02417,0.501899,2.1307,0.315959,2.06733,0.299715,0.109789,0.309514,0.102996,0.312181,0.103855,0.13457,0.104795,0.13536,0.099199,0.301935,0.100924,0.291781
1,90,2,600,0.064141,0.000315,0.066023,0.00019,0.067095,0.000169,0.041711,0.003218,0.043336,0.002468,0.042829,0.004177,0.040355,0.003375,0.043797,0.000225,0.041834,0.000354,0.04264,0.003546,0.042783,0.002422
21,90,2,600,1.30401,0.052969,2.4112,0.034224,3.32449,0.035925,0.154664,0.025556,0.149814,0.023807,0.038711,0.020402,0.03556,0.023503,0.033636,0.007471,0.039934,0.007373,0.033446,0.02211,0.033887,0.02511
41,90,2,600,1.53688,0.174774,1.70117,0.097323,2.89727,0.109183,0.392083,0.077397,0.40315,0.055646,0.043893,0.057981,0.046481,0.07259,0.101899,0.028582,0.051849,0.025603,0.041999,0.07695,0.07277,0.06556
61,90,2,600,1.43524,0.365761,1.77371,0.202634,2.84167,0.228624,1.00297,0.154186,0.803744,0.121903,0.057283,0.132575,0.102494,0.148404,0.056891,0.051862,0.065165,0.051536,0.056144,0.131014,0.056874,0.10668
81,90,2,600,1.31656,0.605302,1.47551,0.327709,2.81262,0.369828,2.07085,0.208333,1.65871,0.233424,0.077011,0.222117,0.084271,0.228849,0.076383,0.088317,0.083477,0.088621,0.076174,0.191626,0.076582,0.190114
101,90,2,600,1.2681,0.903882,1.41415,0.488649,2.72271,0.539216,2.36356,0.287316,2.45725,0.297271,0.106252,0.336563,0.103137,0.336901,0.101717,0.135805,0.1045,0.135333,0.100116,0.312983,0.101324,0.312762
1,90,2,600,0.132337,0.000431,0.138557,0.000228,0.092963,0.000202,0.026958,0.002385,0.026962,0.001291,0.040668,0.002926,0.050166,0.002868,0.054565,0.00043,0.043323,0.000297,0.048841,0.00325,0.040493,0.003059
21,90,2,600,1.10767,0.048637,1.25886,0.026648,1.79485,0.022611,0.146424,0.019486,0.15865,0.02812,0.036647,0.029442,0.034716,0.022588,0.030733,0.007836,0.035374,0.007735,0.032546,0.025758,0.037342,0.024211
41,90,2,600,1.57784,0.204431,1.7815,0.112843,1.0314,0.068429,0.468279,0.076274,0.470295,0.073967,0.042888,0.06731,0.040695,0.075963,0.038382,0.025181,0.04487,0.024607,0.039521,0.072329,0.038887,0.066014
61,90,2,600,1.02861,0.35061,1.18465,0.189902,2.23414,0.190988,0.919042,0.135644,0.958924,0.142843,0.061288,0.134,0.055061,0.105028,0.054467,0.051516,0.058025,0.051447,0.053862,0.11781,0.05473,0.11803
81,90,2,600,1.63884,0.714882,1.7352,0.37873,1.54898,0.263363,1.4603,0.227026,1.66687,0.208143,0.075731,0.199948,0.077153,0.205023,0.073449,0.089393,0.084528,0.088686,0.073893,0.214282,0.073947,0.205092
101,90,2,600,1.35125,0.983567,1.53233,0.524907,1.45106,0.389307,2.60006,0.334547,2.83402,0.340742,0.099681,0.315977,0.10252,0.298728,0.098798,0.134834,0.102456,0.134426,0.099059,0.318945,0.099813,0.294318
1,90,2,600,0.030039,0.000177,0.032949,0.000146,0.03732,0.000114,0.036257,0.002435,0.033481,0.001736,0.026936,0.002613,0.024863,0.002063,0.024459,0.00017,0.030829,0.000159,0.030681,0.003165,0.026204,0.001597
21,90,2,600,0.062284,0.012607,0.068991,0.006796,0.122708,0.00624,0.202743,0.017762,0.191548,0.026596,0.050901,0.039887,0.057775,0.037732,0.050811,0.012626,0.058623,0.011695,0.053402,0.035843,0.053226,0.033663
41,90,2,600,0.071431,0.043023,0.069252,0.025121,0.091792,0.023292,0.865155,0.057646,0.802255,0.059438,0.068301,0.108431,0.063615,0.098299,0.062963,0.038316,0.073014,0.0386,0.063192,0.092768,0.06265,0.093549
61,90,2,600,0.061783,0.088173,0.06395,0.046332,0.103833,0.044159,1.93467,0.142876,1.6006,0.139657,0.088002,0.196296,0.086753,0.20106,0.085086,0.081769,0.100497,0.082406,0.086089,0.187866,0.086921,0.192971
81,90,2,600,0.055013,0.150586,0.061627,0.079106,0.08988,0.076685,2.2386,0.207668,4.42815,0.207706,0.119138,0.316027,0.119535,0.295435,0.1165,0.138834,0.130728,0.138164,0.116511,0.321319,0.11521,0.269342
101,90,2,600,0.057992,0.226306,0.063838,0.120107,0.091214,0.113417,6.73934,0.272715,3.66995,0.348258,0.214583,0.468509,0.157106,0.391698,0.15364,0.212362,0.163208,0.212334,0.152099,0.425892,0.157738,0.414617
1,90,2,600,0.152699,0.000416,0.166785,0.000239,0.123504,0.000186,0.04107,0.00278,0.034038,0.001719,0.068439,0.005535,0.066638,0.005028,0.065057,0.000376,0.053233,0.000229,0.062639,0.004985,0.07024,0.004688
21,90,2,600,3.15798,0.066301,3.0911,0.034633,3.75647,0.029331,0.163194,0.026891,0.188319,0.025993,0.036909,0.025314,0.041655,0.022261,0.037483,0.007946,0.044341,0.006848,0.036941,0.025949,0.036152,0.023121
41,90,2,600,2.92151,0.224585,3.13883,0.122033,5.93657,0.121102,0.393139,0.08167,0.360733,0.067262,0.043921,0.077425,0.043829,0.063808,0.041329,0.025178,0.04934,0.024562,0.041466,0.069549,0.041841,0.063061
61,90,2,600,2.96606,0.45624,3.22785,0.253202,5.51616,0.234233,0.722334,0.135713,0.699421,0.139566,0.059206,0.128635,0.061695,0.131647,0.056881,0.052515,0.060703,0.052399,0.058623,0.111284,0.057622,0.113997
81,90,2,600,3.67426,0.87041,3.59723,0.459628,6.45948,0.412084,1.10805,0.202907,0.975004,0.194289,0.080133,0.210605,0.076359,0.199144,0.076231,0.089179,0.089206,0.090778,0.087221,0.219607,0.076515,0.199808
101,90,2,600,3.90396,1.30204,3.89295,0.686116,9.33402,0.714055,2.01056,0.30945,1.60058,0.30617,0.106231,0.315068,0.10477,0.317715,0.101838,0.13562,0.109778,0.135273,0.106003,0.274356,0.102913,0.26362
1,90,2,600,0.062352,0.000328,0.068664,0.00025,0.080337,0.000182,0.02486,0.002553,0.030737,0.001433,0.025561,0.002134,0.027229,0.002327,0.028138,0.000181,0.026283,0.00017,0.031451,0.002634,0.028913,0.002314
21,90,2,600,0.069414,0.012725,0.088828,0.007112,0.082333,0.006416,0.232678,0.025323,0.188494,0.028679,0.031654,0.02852,0.033388,0.025841,0.031869,0.006797,0.039835,0.007789,0.033476,0.027795,0.0333,0.026206
41,90,2,600,0.061256,0.042811,0.071213,0.022453,0.08183,0.021117,0.79876,0.074938,0.643563,0.068851,0.039549,0.061489,0.039275,0.062368,0.039016,0.025128,0.047255,0.025206,0.03877,0.0665,0.038889,0.061297
61,90,2,600,0.061256,0.088288,0.067515,0.047723,0.096765,0.045458,1.89422,0.11795,1.83443,0.132198,0.0549,0.11234,0.054142,0.106711,0.054311,0.051344,0.060631,0.05196,0.054392,0.126787,0.060044,0.103556
81,90,2,600,0.061813,0.149359,0.068738,0.081023,0.083017,0.07851,2.44702,0.207635,2.61926,0.228439,0.07556,0.190665,0.075497,0.175978,0.075514,0.090889,0.080363,0.088878,0.075079,0.202601,0.076535,0.209131
101,90,2,600,0.061428,0.227812,0.068519,0.122825,0.082878,0.115221,5.91992,0.292493,5.4999,0.338368,0.102622,0.320347,0.101559,0.294048,0.099697,0.135422,0.102084,0.135498,0.099593,0.250436,0.100606,0.270994
1,90,2,600,0.073951,0.000272,0.0756,0.000173,0.078365,0.000147,0.025905,0.002823,0.025748,0.001959,0.029833,0.002348,0.025719,0.002292,0.025347,0.000153,0.025548,0.000152,0.02591,0.002894,0.028262,0.002243
21,90,2,600,0.426867,0.029829,0.468399,0.016325,0.123922,0.00678,0.198198,0.022623,0.208879,0.027026,0.063744,0.032273,0.072005,0.038315,0.051018,0.011408,0.06864,0.011865,0.051232,0.040805,0.06796,0.035618
41,90,2,600,0.190271,0.068981,0.223045,0.038208,0.202345,0.029147,0.808497,0.066087,0.622742,0.072613,0.064687,0.104354,0.07695,0.09721,0.074343,0.040197,0.083325,0.039296,0.064664,0.110716,0.06443,0.101432
61,90,2,600,0.167837,0.144605,0.188655,0.079553,0.187215,0.060666,2.23467,0.128748,2.01742,0.142035,0.126758,0.20332,0.092644,0.191986,0.092315,0.081422,0.103914,0.081484,0.087906,0.179435,0.090804,0.16464
81,90,2,600,0.173273,0.248541,0.189275,0.133504,0.209517,0.103104,2.35319,0.189625,2.44485,0.196575,0.12126,0.313866,0.123388,0.321463,0.132587,0.139045,0.133642,0.139606,0.132196,0.324037,0.124224,0.301184
101,90,2,600,0.164429,0.377387,0.185387,0.20286,0.167127,0.153847,3.91494,0.309828,2.67726,0.291118,0.157136,0.47531,0.157538,0.479934,0.15746,0.212015,0.175264,0.212127,0.156987,0.397772,0.155745,0.386246
1,90,2,600,0.077141,0.000259,0.071422,0.000183,0.073017,0.000194,0.026699,0.002386,0.046289,0.00195,0.041346,0.002108,0.025658,0.002177,0.025792,0.000176,0.026517,0.000156,0.028291,0.002798,0.048314,0.002196
21,90,2,600,0.115158,0.017237,0.133036,0.009358,0.145131,0.006592,0.251136,0.02297,0.196424,0.019686,0.054166,0.030061,0.051544,0.036305,0.043138,0.011503,0.079855,0.011637,0.044094,0.033805,0.046314,0.035591
41,90,2,600,0.113117,0.055058,0.126287,0.030936,0.139609,0.022874,0.666102,0.065862,0.720345,0.065666,0.057514,0.093126,0.058893,0.099945,0.064654,0.03916,0.074752,0.039022,0.057761,0.094049,0.059017,0.104488
61,90,2,600,0.134287,0.11576,0.139317,0.060429,0.17182,0.043644,2.00005,0.13678,1.99298,0.124679,0.084508,0.212391,0.146396,0.199935,0.083173,0.080995,0.117846,0.081411,0.087095,0.183215,0.083446,0.170706
81,90,2,600,0.128369,0.201305,0.137852,0.10816,0.174448,0.078151,2.61027,0.189319,3.4182,0.217379,0.117046,0.312963,0.117039,0.323943,0.113458,0.139411,0.136141,0.13896,0.113664,0.30458,0.114705,0.272214
101,90,2,600,0.117347,0.305243,0.122341,0.162779,0.256309,0.152539,4.56216,0.304469,3.43367,0.319536,0.15988,0.466961,0.157855,0.446018,0.150244,0.211614,0.171606,0.211657,0.149761,0.414134,0.151083,0.422216
1,90,2,600,0.064233,0.000374,0.065359,0.00017,0.063198,0.00021,0.038709,0.003626,0.04216,0.002866,0.057302,0.002617,0.064348,0.00285,0.047573,0.000263,0.043844,0.000252,0.052334,0.002741,0.039521,0.002996
21,90,2,600,0.448845,0.03434,0.661176,0.02106,0.77644,0.019029,0.154645,0.026828,0.209343,0.026741,0.029461,0.028695,0.032634,0.028744,0.031437,0.007866,0.033861,0.00733,0.03053,0.024626,0.031823,0.021699
41,90,2,600,0.605564,0.128901,0.531061,0.06247,0.883909,0.058668,0.50913,0.055479,0.410363,0.064971,0.047611,0.072491,0.04409,0.068162,0.040011,0.024288,0.044133,0.02444,0.048229,0.066347,0.043673,0.070183
61,90,2,600,0.368547,0.232711,0.429363,0.126885,0.932053,0.124667,1.22471,0.123081,0.915569,0.122038,0.061209,0.128131,0.054682,0.13284,0.054923,0.052284,0.060629,0.051377,0.053997,0.116458,0.054178,0.109873
81,90,2,600,0.436169,0.394554,0.49636,0.215073,0.802936,0.206633,1.75628,0.209982,1.6792,0.201679,0.078932,0.220349,0.076017,0.21315,0.074278,0.089557,0.087456,0.089778,0.074698,0.211574,0.07462,0.196602
101,90,2,600,0.451745,0.606349,0.514769,0.322297,0.805192,0.308167,3.25909,0.281227,2.73885,0.281135,0.099421,0.370076,0.119199,0.322721,0.098972,0.134899,0.104676,0.134587,0.107826,0.282457,0.101183,0.254781
1,90,2,600,0.030648,0.000196,0.042557,0.000127,0.03968,0.00012,0.031444,0.002231,0.035623,0.001942,0.022505,0.002938,0.023163,0.001519,0.024045,0.000227,0.029796,0.000171,0.023229,0.00229,0.021448,0.001644
21,90,2,600,0.063482,0.012981,0.072346,0.007005,0.099467,0.006623,0.213485,0.026009,0.28655,0.020902,0.072715,0.040349,0.04843,0.040567,0.043709,0.011509,0.059647,0.011502,0.042156,0.031864,0.053459,0.035797
41,90,2,600,0.163535,0.07021,0.190511,0.03954,0.093823,0.02353,0.897833,0.070934,0.714451,0.071308,0.106836,0.180011,0.105648,0.172967,0.130452,0.067085,0.078292,0.038482,0.160693,0.187726,0.104517,0.176953
61,90,2,600,0.058642,0.089905,0.146317,0.064234,0.101479,0.04625,1.76416,0.114957,1.50309,0.137254,0.081444,0.206743,0.111903,0.247157,0.080668,0.081288,0.099112,0.080282,0.080332,0.192043,0.111751,0.224778
81,90,2,600,0.063329,0.14818,0.068304,0.080379,0.097026,0.07689,3.82465,0.20569,2.60292,0.229307,0.112346,0.28415,0.112633,0.292924,0.110724,0.139898,0.127789,0.137968,0.11101,0.33497,0.112154,0.311892
101,90,2,600,0.062658,0.226111,0.063422,0.122415,0.095342,0.114717,5.84642,0.303847,4.52591,0.274322,0.149156,0.442001,0.151124,0.465611,0.147417,0.211118,0.162301,0.210492,0.147292,0.489037,0.149598,0.462255
1,90,2,600,0.032266,0.000198,0.03814,0.000126,0.041603,0.00012,0.032945,0.002066,0.041061,0.001531,0.025349,0.001921,0.024637,0.001527,0.035113,0.000156,0.033966,0.000178,0.025013,0.002075,0.024747,0.001876
21,90,2,600,0.035201,0.008044,0.038187,0.004325,0.047717,0.004019,0.226746,0.022732,0.19348,0.023613,0.031658,0.027259,0.038432,0.024385,0.030257,0.006781,0.035778,0.00723,0.02921,0.022206,0.029377,0.027268
41,90,2,600,0.043757,0.026901,0.042876,0.015312,0.040684,0.015349,0.907174,0.063099,0.773904,0.062058,0.038958,0.071674,0.04022,0.071576,0.038898,0.024783,0.047057,0.024771,0.039407,0.070246,0.039658,0.067982
61,90,2,600,0.033425,0.056943,0.035816,0.030872,0.040861,0.030778,2.47247,0.118313,1.70109,0.118997,0.055272,0.117256,0.054178,0.126665,0.054494,0.051596,0.063112,0.05151,0.054023,0.12073,0.054003,0.128787
81,90,2,600,0.03193,0.099798,0.033987,0.053201,0.040482,0.050455,4.11157,0.224075,5.7577,0.238328,0.07812,0.227701,0.077822,0.216607,0.073626,0.08897,0.079345,0.089069,0.07392,0.196452,0.073573,0.182961
101,90,2,600,0.034878,0.150708,0.037217,0.080243,0.041671,0.076671,6.72085,0.288126,5.95787,0.328824,0.098751,0.312239,0.099078,0.303347,0.09907,0.136633,0.106751,0.136833,0.098628,0.327115,0.099018,0.329256
1,90,2,600,0.06797,0.000398,0.066388,0.00022,0.082497,0.000173,0.024355,0.00209,0.02667,0.001214,0.027825,0.003307,0.035598,0.002003,0.025451,0.000194,0.024862,0.000216,0.02451,0.00253,0.025039,0.002609
21,90,2,600,0.096091,0.015729,0.114067,0.009532,0.085011,0.00674,0.223817,0.02348,0.191645,0.026604,0.044501,0.034631,0.054226,0.043643,0.053807,0.011907,0.073672,0.012438,0.044332,0.039903,0.059475,0.038969
41,90,2,600,0.209971,0.084131,0.263177,0.04716,0.103616,0.023133,0.787873,0.067991,0.715704,0.062982,0.11827,0.172114,0.065464,0.106573,0.115228,0.067591,0.072481,0.039106,0.111542,0.185883,0.060682,0.102011
61,90,2,600,0.209503,0.172998,0.244058,0.091039,0.089068,0.044274,2.46103,0.126216,1.9286,0.120018,0.1533,0.306174,0.088275,0.167598,0.158434,0.140707,0.104475,0.081401,0.158272,0.308739,0.083854,0.162395
81,90,2,600,0.189832,0.298328,0.226056,0.159748,0.107804,0.076323,3.2722,0.213463,2.28256,0.214132,0.19885,0.563954,0.165755,0.404056,0.20378,0.241635,0.131572,0.140553,0.210222,0.557809,0.118606,0.265638
101,90,2,600,0.186114,0.45449,0.222347,0.242551,0.157458,0.152069,6.03123,0.322043,3.44657,0.282998,0.329276,0.987805,0.273848,0.771224,0.345048,0.444108,0.174887,0.211456,0.317898,0.839769,0.155353,0.40834
1,90,2,600,0.079664,0.000271,0.085239,0.000195,0.073633,0.000172,0.025171,0.002241,0.025664,0.0019,0.0316,0.002803,0.02627,0.002644,0.026089,0.000172,0.026366,0.000183,0.024812,0.002296,0.026498,0.002494
21,90,2,600,0.113543,0.01691,0.134096,0.008447,0.103765,0.007054,0.21682,0.019136,0.180722,0.023953,0.053398,0.029998,0.049063,0.027995,0.049873,0.012432,0.076344,0.01202,0.048222,0.038394,0.052531,0.039369
41,90,2,600,0.112912,0.056373,0.126061,0.03008,0.106367,0.02336,0.842293,0.068851,0.751019,0.06004,0.069988,0.092858,0.061603,0.092174,0.061377,0.038697,0.09014,0.03855,0.061021,0.099488,0.061928,0.098761
61,90,2,600,0.17,0.145674,0.193129,0.077753,0.103549,0.044905,1.62443,0.127389,1.67956,0.109907,0.116494,0.277384,0.085678,0.203642,0.11648,0.111076,0.108739,0.080465,0.114563,0.264801,0.085535,0.174902
81,90,2,600,0.120892,0.198583,0.132485,0.10656,0.106041,0.077021,4.40627,0.207185,5.46953,0.232265,0.171169,0.453523,0.200265,0.538095,0.197,0.241022,0.135655,0.139855,0.199055,0.496106,0.124576,0.292939
101,90,2,600,0.165439,0.376339,0.187074,0.202641,0.10426,0.115759,6.95466,0.291548,5.57877,0.278575,0.159668,0.49673,0.153897,0.439769,0.153468,0.213236,0.173065,0.211707,0.153129,0.488291,0.15391,0.441116
1,90,2,600,0.077436,0.000341,0.077197,0.000163,0.066149,0.000193,0.044805,0.003275,0.049989,0.002699,0.036686,0.00395,0.039122,0.003677,0.037732,0.000282,0.044003,0.000301,0.036693,0.003984,0.037569,0.003448
21,90,2,600,2.84834,0.067716,2.77999,0.034547,3.73164,0.030164,0.154312,0.02704,0.181868,0.030341,0.036888,0.020315,0.038013,0.023328,0.034968,0.007922,0.078308,0.009737,0.040683,0.028248,0.035043,0.024444
41,90,2,600,2.96531,0.240439,3.57012,0.123893,5.06332,0.108326,0.352121,0.066459,0.41307,0.066565,0.044328,0.063699,0.043913,0.073753,0.04154,0.02429,0.047751,0.025177,0.041674,0.069783,0.042045,0.057407
61,90,2,600,3.18174,0.48943,3.42928,0.265386,4.99865,0.2293,0.681889,0.130959,0.664494,0.116509,0.058073,0.116975,0.058886,0.137295,0.065046,0.051393,0.061779,0.051983,0.05729,0.12373,0.057014,0.109224
81,90,2,600,3.66181,0.815772,3.73497,0.455732,3.70643,0.361629,1.1042,0.219902,0.854058,0.236717,0.077768,0.193337,0.081802,0.22375,0.077494,0.089504,0.082415,0.088933,0.076682,0.232368,0.077502,0.217464
101,90,2,600,3.85512,1.28955,4.02825,0.706213,3.52267,0.544317,1.7505,0.278634,1.61715,0.298267,0.108589,0.279667,0.105715,0.290002,0.102295,0.137355,0.108474,0.135203,0.104405,0.323061,0.101679,0.288216
1,90,2,600,0.033892,0.000252,0.043007,0.00011,0.03895,0.00012,0.02957,0.002192,0.030156,0.001593,0.023226,0.002327,0.022326,0.002145,0.022643,0.000212,0.026359,0.00018,0.021351,0.003165,0.024264,0.002314
21,90,2,600,0.034026,0.008166,0.035867,0.004176,0.045786,0.00502,0.228411,0.027724,0.184396,0.025521,0.027433,0.018124,0.027121,0.023104,0.027943,0.007593,0.033664,0.007529,0.026497,0.027045,0.029557,0.025973
41,90,2,600,0.03112,0.028319,0.036058,0.015433,0.037889,0.016207,0.641941,0.067475,0.648791,0.060032,0.036338,0.057643,0.037077,0.063459,0.036208,0.024436,0.043019,0.024674,0.040791,0.061551,0.03613,0.069667
61,90,2,600,0.032421,0.058304,0.04035,0.03105,0.037009,0.030139,1.85273,0.12163,1.952,0.140749,0.052196,0.141339,0.051191,0.139931,0.05137,0.052051,0.058073,0.052259,0.051427,0.118405,0.051409,0.129823
81,90,2,600,0.031175,0.100453,0.03482,0.05354,0.041382,0.050449,2.22727,0.190507,3.00522,0.218189,0.07605,0.176627,0.071695,0.191071,0.070997,0.088976,0.078297,0.089542,0.071344,0.220231,0.073138,0.214455
101,90,2,600,0.031446,0.152924,0.033357,0.081697,0.036998,0.076938,6.3489,0.289406,2.8694,0.294766,0.096664,0.289024,0.097338,0.289646,0.096457,0.134978,0.101918,0.135726,0.095979,0.309116,0.096512,0.321865
1,90,2,600,0.063961,0.000324,0.069943,0.000198,0.066622,0.000167,0.028949,0.002184,0.031517,0.001892,0.03458,0.002258,0.033027,0.002308,0.035502,0.000187,0.029222,0.000146,0.030008,0.002615,0.037209,0.002145
21,90,2,600,0.094911,0.017159,0.123538,0.011892,0.106645,0.007072,0.2034,0.025406,0.194461,0.027933,0.032767,0.024186,0.03225,0.018941,0.032943,0.007019,0.045117,0.007771,0.033533,0.025303,0.03275,0.024067
41,90,2,600,0.101196,0.056434,0.109948,0.031292,0.10988,0.022723,0.642623,0.06994,0.593054,0.071776,0.046767,0.058881,0.041932,0.065372,0.046602,0.024692,0.053539,0.025162,0.047407,0.06387,0.042111,0.054567
61,90,2,600,0.094562,0.116409,0.109704,0.064746,0.110549,0.045343,1.36845,0.130174,1.14106,0.137199,0.056761,0.140588,0.061252,0.136003,0.057319,0.052008,0.062349,0.051506,0.057552,0.111876,0.057758,0.105023
81,90,2,600,0.094381,0.19999,0.107625,0.108303,0.096415,0.077835,1.71869,0.230928,2.5198,0.233342,0.083087,0.218558,0.119498,0.216622,0.07724,0.089228,0.081723,0.089193,0.081866,0.213014,0.078834,0.216726
101,90,2,600,0.092664,0.302961,0.122134,0.162854,0.107959,0.115486,5.52806,0.295468,4.14227,0.28715,0.102969,0.268875,0.108385,0.322022,0.101757,0.136048,0.109063,0.135453,0.101828,0.303579,0.102173,0.275836
1,90,2,600,0.058534,0.000273,0.06602,0.000181,0.072747,0.000148,0.024516,0.002529,0.024965,0.001547,0.044999,0.002182,0.028515,0.002231,0.026478,0.000192,0.028561,0.000175,0.028743,0.002458,0.02453,0.001718
21,90,2,600,0.141828,0.02268,0.1833,0.012071,0.099844,0.00707,0.188618,0.020544,0.200359,0.022281,0.097276,0.044214,0.065649,0.041612,0.06983,0.015596,0.068573,0.012334,0.080281,0.049318,0.051351,0.040082
41,90,2,600,0.102672,0.055115,0.118988,0.029548,0.122294,0.02329,0.862496,0.070845,0.689761,0.068601,0.065882,0.099901,0.09511,0.126939,0.060874,0.039155,0.081002,0.039326,0.061258,0.101118,0.089081,0.147376
61,90,2,600,0.108568,0.117773,0.121307,0.062409,0.096098,0.045257,2.06339,0.125012,2.08085,0.118147,0.084251,0.171629,0.119132,0.236406,0.082925,0.081211,0.105232,0.080897,0.08248,0.205299,0.118184,0.256649
81,90,2,600,0.10094,0.199996,0.117983,0.106289,0.093251,0.075399,3.57022,0.197717,3.14259,0.195551,0.112683,0.300041,0.117264,0.28857,0.11208,0.139889,0.134633,0.138356,0.111702,0.268796,0.117088,0.293259
101,90,2,600,0.127579,0.301963,0.140133,0.16194,0.081822,0.116449,7.11546,0.318586,5.37854,0.2897,0.160183,0.414882,0.156467,0.477961,0.159349,0.214229,0.179318,0.212997,0.153946,0.484839,0.155041,0.47527
1,90,2,600,0.032,0.00019,0.038669,0.000123,0.040585,0.000136,0.031221,0.002516,0.036942,0.00169,0.027157,0.002675,0.0257,0.001586,0.020385,0.000227,0.067854,0.000201,0.096164,0.003261,0.091541,0.002618
21,90,2,600,0.080016,0.007902,0.048664,0.00461,0.047061,0.004032,0.20601,0.026732,0.173931,0.018912,0.033466,0.023656,0.029724,0.02852,0.027821,0.007302,0.034658,0.007877,0.02646,0.029124,0.027025,0.026278
41,90,2,600,0.03047,0.027753,0.034747,0.015286,0.038085,0.015291,0.762791,0.072461,0.660617,0.073801,0.037146,0.07225,0.039714,0.062297,0.042873,0.024809,0.047415,0.024662,0.037151,0.069057,0.043643,0.067733
61,90,2,600,0.031305,0.058955,0.035108,0.031169,0.050784,0.030318,1.43382,0.137698,1.53527,0.136308,0.053174,0.133407,0.052486,0.125693,0.062357,0.051859,0.058782,0.051392,0.051474,0.122476,0.052316,0.119406
81,90,2,600,0.030776,0.099908,0.033065,0.052604,0.042853,0.050655,2.61309,0.206904,2.83246,0.231191,0.072909,0.23106,0.073301,0.21432,0.071245,0.088974,0.071815,0.088226,0.071937,0.194623,0.072814,0.213986
101,90,2,600,0.030901,0.152277,0.033494,0.081232,0.042528,0.077188,4.19391,0.305614,3.82946,0.306822,0.108822,0.269999,0.098276,0.325421,0.095664,0.135626,0.101309,0.135212,0.095717,0.294339,0.096995,0.334479
1,90,2,600,0.112548,0.000367,0.121522,0.000214,0.097764,0.000155,0.040789,0.002554,0.029613,0.001505,0.053038,0.004605,0.050697,0.003778,0.04838,0.000382,0.04876,0.000261,0.049276,0.004598,0.063383,0.004513
21,90,2,600,4.28558,0.077248,6.10289,0.054593,7.29168,0.039796,0.168521,0.027965,0.141391,0.023432,0.031983,0.031187,0.035332,0.021601,0.03463,0.008093,0.036887,0.008628,0.037788,0.024083,0.031452,0.021538
41,90,2,600,5.42082,0.271177,5.03665,0.140327,8.6511,0.144369,0.340098,0.07782,0.39639,0.066635,0.042052,0.059204,0.041636,0.060062,0.040435,0.025073,0.046862,0.024692,0.041088,0.068739,0.041317,0.068743
61,90,2,600,4.9854,0.559709,3.89112,0.270044,8.76388,0.27812,0.642023,0.129986,0.719512,0.118048,0.056198,0.139384,0.063459,0.127215,0.059893,0.051864,0.060481,0.053311,0.054668,0.115554,0.055694,0.117639
81,90,2,600,4.47939,0.870966,4.77425,0.48603,8.41575,0.468622,1.25294,0.247539,1.15216,0.190802,0.076065,0.196757,0.080177,0.192212,0.074742,0.088847,0.085637,0.089474,0.074544,0.215688,0.07773,0.246259
101,90,2,600,4.60466,1.32724,6.20909,0.744375,7.02421,0.698966,1.83972,0.326118,1.6571,0.310392,0.101934,0.299218,0.105687,0.334828,0.099196,0.135353,0.109117,0.135907,0.101371,0.271348,0.100451,0.273036
1,90,2,600,0.071215,0.000338,0.074844,0.000181,0.073078,0.000186,0.023997,0.002401,0.024842,0.001356,0.025721,0.002494,0.025677,0.001867,0.023361,0.000171,0.035492,0.000143,0.023633,0.002268,0.023237,0.001594
21,90,2,600,0.235323,0.027494,0.275282,0.01259,0.197648,0.008559,0.21054,0.026213,0.188622,0.022903,0.03057,0.023628,0.031625,0.025538,0.03104,0.007635,0.037753,0.007992,0.037096,0.026182,0.030605,0.020361
41,90,2,600,0.360382,0.097255,0.301327,0.046366,0.192908,0.029788,0.87222,0.066647,0.662749,0.065969,0.040851,0.06673,0.040338,0.068662,0.04054,0.025157,0.045126,0.025123,0.04084,0.059356,0.040292,0.065584
61,90,2,600,0.44859,0.236978,0.520627,0.125828,0.126177,0.046326,2.30627,0.126445,1.6386,0.129609,0.055329,0.130523,0.057279,0.119102,0.056557,0.051578,0.06285,0.051495,0.05519,0.131472,0.055053,0.128324
81,90,2,600,0.348396,0.35077,0.403704,0.189603,0.370513,0.129848,2.86429,0.20731,6.17148,0.23396,0.074719,0.203391,0.074559,0.170497,0.074596,0.089085,0.082046,0.089086,0.074388,0.176354,0.074921,0.189983
101,90,2,600,0.318048,0.525995,0.350095,0.285049,0.113871,0.114518,6.87442,0.284403,5.55191,0.315533,0.100392,0.288185,0.099785,0.322209,0.098955,0.136144,0.108647,0.135422,0.100477,0.267499,0.100506,0.255304
1,90,2,600,0.03671,0.000163,0.03794,0.000121,0.041129,9.4e-05,0.035267,0.002301,0.032476,0.001823,0.032933,0.001841,0.025058,0.001918,0.031377,0.000185,0.033483,0.000181,0.02567,0.002123,0.027666,0.002828
21,90,2,600,0.037936,0.008544,0.035076,0.004062,0.054254,0.00499,0.2093,0.02355,0.18015,0.026956,0.031359,0.027986,0.031415,0.027138,0.031438,0.007045,0.039027,0.007547,0.03471,0.025098,0.03477,0.024725
41,90,2,600,0.032543,0.027581,0.043703,0.014822,0.059118,0.014944,1.02737,0.06089,0.775172,0.060122,0.039226,0.056242,0.039332,0.054926,0.038898,0.02454,0.046897,0.024706,0.038889,0.064587,0.039435,0.063076
61,90,2,600,0.035281,0.058836,0.044597,0.031075,0.041849,0.029625,2.24072,0.139472,2.0611,0.130155,0.054524,0.119975,0.053933,0.114376,0.054402,0.051278,0.059793,0.051948,0.055562,0.138415,0.053971,0.104995
81,90,2,600,0.245024,0.251869,0.267166,0.135867,0.129744,0.076006,4.68273,0.177593,7.23536,0.220059,0.074421,0.224938,0.074524,0.218671,0.074486,0.089123,0.079849,0.089624,0.074136,0.191471,0.075106,0.205622
101,90,2,600,0.174198,0.306294,0.183996,0.163373,0.194078,0.153729,7.25037,0.308372,5.37386,0.300051,0.10003,0.318278,0.150134,0.290446,0.106417,0.136007,0.10337,0.13686,0.099012,0.282382,0.099638,0.275312
1,90,2,600,0.075576,0.000318,0.078668,0.000186,0.078135,0.000178,0.023467,0.002235,0.023885,0.001925,0.024271,0.002621,0.026677,0.00185,0.023556,0.000138,0.023394,0.000198,0.029207,0.002091,0.023301,0.002303
21,90,2,600,0.117699,0.017286,0.130412,0.009874,0.099653,0.007454,0.212727,0.022791,0.188691,0.021636,0.063457,0.038301,0.052227,0.036389,0.048433,0.012599,0.084046,0.011451,0.047666,0.044049,0.051951,0.029553
41,90,2,600,0.120696,0.055918,0.13026,0.030476,0.103432,0.022105,0.836227,0.062353,0.730052,0.069001,0.076685,0.106756,0.106387,0.116735,0.120067,0.048219,0.214848,0.046439,0.061868,0.103024,0.061368,0.097936
61,90,2,600,0.119788,0.120296,0.128349,0.065061,0.105805,0.044565,5.87205,0.136249,2.2121,0.137867,0.086793,0.174264,0.083638,0.200051,0.090816,0.081262,0.105978,0.080773,0.091215,0.175964,0.082786,0.18064
81,90,2,600,0.113344,0.200506,0.129062,0.108291,0.10774,0.075862,5.00113,0.19715,4.52754,0.201574,0.115609,0.327455,0.11676,0.326093,0.115575,0.140437,0.137569,0.140086,0.115245,0.327401,0.115861,0.335392
101,90,2,600,0.113461,0.300474,0.125566,0.161813,0.110544,0.115605,7.50554,0.323187,5.72793,0.284661,0.152588,0.486127,0.150563,0.475254,0.150626,0.212065,0.179021,0.212262,0.150943,0.473957,0.150645,0.453991
1,90,2,600,0.029472,0.000183,0.03288,0.000139,0.042491,9.9e-05,0.030099,0.002401,0.029699,0.001378,0.024509,0.002246,0.023552,0.002294,0.021791,0.000171,0.025708,0.000144,0.021712,0.002837,0.025471,0.001901
21,90,2,600,0.04197,0.008364,0.037979,0.004642,0.044869,0.004155,0.198276,0.027542,0.189261,0.027374,0.027261,0.028438,0.028262,0.026767,0.027848,0.007467,0.034811,0.007979,0.027673,0.022486,0.02824,0.025255
41,90,2,600,0.029843,0.027245,0.03313,0.014876,0.043688,0.015182,0.81354,0.069718,0.708703,0.070775,0.036869,0.074871,0.036689,0.06665,0.036497,0.024947,0.042417,0.02588,0.036947,0.073675,0.036777,0.07011
61,90,2,600,0.03184,0.058618,0.033292,0.030829,0.043915,0.029727,1.95012,0.104884,1.6823,0.120247,0.052046,0.122199,0.052014,0.122474,0.057134,0.052169,0.05742,0.052321,0.053555,0.133269,0.051958,0.110794
81,90,2,600,0.029451,0.101618,0.032271,0.052736,0.036829,0.050481,2.89759,0.202153,3.39357,0.183123,0.072354,0.212569,0.089443,0.204295,0.072043,0.089937,0.076838,0.091143,0.071241,0.219289,0.071619,0.184022
101,90,2,600,0.029401,0.151142,0.031696,0.08041,0.04229,0.077002,5.26926,0.29817,4.31,0.27048,0.107382,0.257221,0.097695,0.280619,0.096731,0.136625,0.101197,0.136515,0.09632,0.285021,0.097137,0.263257
1,90,2,600,0.070431,0.000311,0.066213,0.000218,0.064552,0.000156,0.017262,0.002746,0.018988,0.002029,0.022718,0.003006,0.019204,0.002253,0.015682,0.000166,0.019728,0.000173,0.017383,0.002392,0.017442,0.002253
21,90,2,600,0.105047,0.015844,0.119081,0.008618,0.100248,0.007085,0.221914,0.020905,0.205417,0.022103,0.052059,0.037287,0.05675,0.041273,0.046949,0.01204,0.059546,0.011696,0.044081,0.042152,0.044621,0.036684
41,90,2,600,0.096447,0.057057,0.11135,0.031076,0.090681,0.022393,0.865381,0.058879,0.698131,0.0637,0.06274,0.100579,0.062869,0.090926,0.062617,0.040009,0.080632,0.038976,0.062369,0.095618,0.062134,0.085087
61,90,2,600,0.107491,0.117664,0.129777,0.064253,0.08609,0.045244,2.45168,0.122895,1.60536,0.137579,0.08126,0.197705,0.080804,0.183369,0.080805,0.081768,0.102534,0.081755,0.080397,0.179419,0.080711,0.193114
81,90,2,600,0.095743,0.199134,0.109727,0.106397,0.103944,0.0762,2.76421,0.208711,5.93845,0.210643,0.112388,0.321976,0.118995,0.276143,0.112093,0.139498,0.142666,0.139266,0.113385,0.316814,0.110823,0.323382
101,90,2,600,0.10278,0.303488,0.110654,0.161047,0.088834,0.116209,6.61031,0.297891,5.60359,0.300569,0.153249,0.511131,0.148695,0.45509,0.148092,0.213448,0.174126,0.212272,0.158549,0.476433,0.153922,0.490953
1,90,2,600,0.063134,0.000336,0.072543,0.000186,0.063224,0.000155,0.022396,0.00219,0.021942,0.001179,0.023049,0.001747,0.026712,0.001806,0.023097,0.000182,0.024318,0.000152,0.026687,0.00271,0.029937,0.002119
21,90,2,600,0.061166,0.012135,0.066803,0.006687,0.089263,0.006924,0.181632,0.02801,0.172605,0.026985,0.028544,0.020144,0.029484,0.018901,0.02775,0.006928,0.03224,0.007101,0.028551,0.021392,0.031258,0.024639
41,90,2,600,0.063686,0.040957,0.073484,0.023503,0.081583,0.022501,0.721763,0.071183,0.655458,0.06734,0.037646,0.065766,0.037568,0.054126,0.037174,0.024441,0.041661,0.024284,0.03861,0.05915,0.037296,0.06381
61,90,2,600,0.058367,0.086524,0.067679,0.045995,0.083803,0.044336,1.40203,0.122032,1.32672,0.135813,0.052229,0.132046,0.052296,0.11203,0.053018,0.05211,0.056882,0.052162,0.053424,0.132468,0.052225,0.135933
81,90,2,600,0.058093,0.149751,0.065112,0.07935,0.089832,0.07628,3.1324,0.214089,2.45061,0.234819,0.071859,0.180453,0.073051,0.197289,0.072176,0.088873,0.07674,0.088973,0.072116,0.223161,0.071634,0.215088
101,90,2,600,0.057021,0.228447,0.06346,0.121775,0.087555,0.113843,4.88733,0.277525,3.95588,0.283289,0.09731,0.298183,0.097285,0.314555,0.096876,0.136079,0.101343,0.136108,0.096934,0.287449,0.0977,0.270943
1,90,2,600,0.112146,0.000475,0.12139,0.000263,0.098524,0.000147,0.030511,0.002477,0.027025,0.001844,0.061631,0.003962,0.046244,0.002914,0.057896,0.00036,0.043113,0.000308,0.042747,0.002579,0.050137,0.002467
21,90,2,600,0.549331,0.042406,0.625676,0.023277,0.885816,0.01692,0.163691,0.026026,0.15907,0.017249,0.037375,0.026142,0.030734,0.029128,0.029869,0.007351,0.036582,0.007313,0.029474,0.027599,0.037107,0.027579
41,90,2,600,0.339686,0.100878,0.374711,0.053662,0.755373,0.06031,0.480367,0.072414,0.393432,0.071749,0.045074,0.066048,0.04128,0.066689,0.041246,0.024654,0.046466,0.024856,0.041782,0.062,0.041088,0.063098
61,90,2,600,0.527107,0.261072,0.603836,0.143658,0.796768,0.122394,1.22413,0.120543,1.07672,0.127278,0.059939,0.135404,0.055797,0.123129,0.054053,0.051527,0.059732,0.052732,0.053934,0.131539,0.053878,0.138325
81,90,2,600,0.588129,0.44983,0.675904,0.242629,0.927497,0.205891,2.21013,0.212284,1.82555,0.192567,0.07916,0.182162,0.076329,0.21129,0.074742,0.089487,0.079833,0.089234,0.074853,0.201051,0.075317,0.194029
101,90,2,600,0.544085,0.681599,0.626461,0.369066,0.884644,0.315725,3.16684,0.336558,2.41956,0.308081,0.103172,0.258685,0.101028,0.258546,0.099715,0.136757,0.1028,0.136208,0.099411,0.290557,0.101023,0.307742
1,90,2,600,0.06896,0.00029,0.06767,0.000191,0.073864,0.000202,0.01796,0.001998,0.018913,0.001793,0.02417,0.001784,0.018114,0.001727,0.026583,0.000149,0.017995,0.000216,0.019223,0.002284,0.023672,0.001922
21,90,2,600,0.109103,0.016376,0.124373,0.009094,0.0964,0.006248,0.1694,0.02546,0.163165,0.027299,0.044632,0.043851,0.049472,0.04272,0.044009,0.011284,0.055315,0.012106,0.047445,0.042009,0.040238,0.039224
41,90,2,600,0.113144,0.055084,0.124697,0.030183,0.101839,0.022757,0.725269,0.070104,0.579986,0.066143,0.062438,0.111235,0.061637,0.107299,0.059123,0.03819,0.06852,0.038342,0.055839,0.101869,0.058856,0.098887
61,90,2,600,0.10997,0.117008,0.113339,0.06194,0.100255,0.045278,1.36107,0.130011,1.03274,0.114343,0.087034,0.198653,0.088631,0.198178,0.107741,0.090426,0.086835,0.081865,0.081212,0.178708,0.078125,0.184531
81,90,2,600,0.102121,0.199435,0.114103,0.108134,0.136141,0.07552,2.2494,0.201292,2.76113,0.199449,0.105893,0.335492,0.115684,0.304868,0.118254,0.139304,0.120013,0.138063,0.117142,0.311052,0.111513,0.271603
101,90,2,600,0.106006,0.302481,0.124283,0.166294,0.118563,0.114725,4.07338,0.261617,4.8473,0.325027,0.143348,0.518078,0.152723,0.48339,0.149879,0.213918,0.170872,0.213812,0.151526,0.390149,0.14982,0.392791
1,90,2,600,0.039969,0.000265,0.036274,0.000128,0.033599,0.000104,0.032251,0.00232,0.03732,0.001964,0.02767,0.00283,0.023932,0.001946,0.03118,0.000166,0.028847,0.000179,0.030718,0.003031,0.026528,0.00251
21,90,2,600,0.038698,0.007859,0.038596,0.004924,0.052053,0.004302,0.203791,0.027012,0.186962,0.024743,0.032601,0.027745,0.031942,0.028597,0.032119,0.007372,0.048946,0.007049,0.037074,0.01836,0.031193,0.027937
41,90,2,600,0.039862,0.027266,0.034823,0.014882,0.036879,0.017519,0.703697,0.068219,0.565625,0.059119,0.041495,0.073636,0.040719,0.064566,0.041926,0.024531,0.048268,0.024552,0.040713,0.070659,0.040267,0.067722
61,90,2,600,0.03247,0.058772,0.03561,0.030785,0.039645,0.030068,1.96154,0.135423,1.39125,0.119335,0.055309,0.12183,0.057788,0.122126,0.056062,0.052475,0.063701,0.052254,0.054737,0.118595,0.055099,0.140828
81,90,2,600,0.093802,0.201158,0.108391,0.108767,0.081503,0.077046,2.92689,0.17099,3.40791,0.208858,0.168791,0.432022,0.11887,0.328477,0.15145,0.190402,0.133695,0.140252,0.156803,0.450533,0.114299,0.302444
101,90,2,600,0.115243,0.303885,0.128505,0.163389,0.081408,0.115149,5.81159,0.299774,4.5295,0.289436,0.209783,0.656687,0.21251,0.652755,0.201367,0.287655,0.17066,0.210581,0.205546,0.639319,0.15135,0.448823
1,90,2,600,0.110236,0.000371,0.121272,0.000241,0.068471,0.000152,0.051444,0.003111,0.053039,0.002381,0.05382,0.005409,0.055905,0.004789,0.057372,0.000466,0.054132,0.000298,0.059152,0.004676,0.054732,0.003752
21,90,2,600,3.63739,0.070003,5.26904,0.03759,10.9051,0.050104,0.104779,0.028015,0.10285,0.023102,0.045444,0.020462,0.049733,0.023764,0.036187,0.007503,0.0424,0.007916,0.03829,0.029605,0.035014,0.025164
41,90,2,600,4.35102,0.251771,5.08252,0.132717,12.5241,0.165556,0.18328,0.077865,0.224584,0.077151,0.095422,0.081441,0.046145,0.071507,0.044213,0.025784,0.048446,0.025476,0.048146,0.062039,0.045532,0.07066
61,90,2,600,4.26019,0.517763,5.79228,0.293315,12.4745,0.331669,0.358733,0.143102,0.333664,0.12257,0.063971,0.119298,0.060143,0.13014,0.058866,0.052741,0.063084,0.052158,0.063072,0.113474,0.059518,0.121481
81,90,2,600,4.35541,0.854638,5.14094,0.47618,12.216,0.526906,0.816081,0.220058,0.740656,0.221787,0.085131,0.196747,0.081983,0.174745,0.085185,0.090409,0.085074,0.089287,0.085286,0.200901,0.079517,0.199568
101,90,2,600,4.26349,1.31346,5.45841,0.715348,8.7541,0.704607,1.32622,0.286813,1.02821,0.317689,0.109604,0.311542,0.106165,0.303293,0.104648,0.136137,0.112771,0.135707,0.106096,0.293171,0.105525,0.257961
1,90,2,600,0.114474,0.000485,0.123575,0.000251,0.068334,0.000162,0.046525,0.003052,0.043292,0.002501,0.038591,0.003235,0.041915,0.00246,0.057071,0.000384,0.042148,0.000316,0.050955,0.002958,0.040257,0.002365
21,90,2,600,0.448057,0.033761,0.569681,0.019249,0.768639,0.01899,0.16031,0.022205,0.149473,0.027509,0.034052,0.028845,0.032194,0.024203,0.031155,0.006974,0.035642,0.007915,0.029707,0.023218,0.030478,0.028013
41,90,2,600,0.387942,0.11081,0.48861,0.063596,0.786625,0.06012,0.517289,0.063483,0.416976,0.061299,0.046288,0.061765,0.040356,0.06633,0.039762,0.024394,0.052345,0.024743,0.039638,0.067285,0.040608,0.071996
61,90,2,600,0.448854,0.235274,0.594993,0.126789,0.861076,0.122677,1.10202,0.124833,1.08925,0.134478,0.058725,0.124071,0.056439,0.13406,0.055347,0.052963,0.059514,0.052216,0.055625,0.139198,0.054559,0.131579
81,90,2,600,0.508871,0.398187,0.673442,0.21427,1.25159,0.235882,1.95272,0.201961,1.60927,0.196451,0.073988,0.207652,0.077656,0.212658,0.07382,0.089078,0.076003,0.089832,0.074143,0.210046,0.075208,0.215354
101,90,2,600,0.456043,0.608878,0.694079,0.327745,0.916511,0.311717,2.726,0.302247,2.84976,0.277624,0.100504,0.32646,0.10087,0.322597,0.099904,0.137132,0.104287,0.136359,0.099565,0.308379,0.101023,0.330854
1,90,2,600,0.033412,0.000252,0.03803,0.000137,0.042985,9.4e-05,0.036498,0.002659,0.036428,0.001342,0.024847,0.002518,0.024099,0.002037,0.026535,0.000159,0.030832,0.000214,0.028559,0.002091,0.024215,0.001607
21,90,2,600,0.04039,0.008288,0.036298,0.004328,0.039846,0.004922,0.241004,0.019794,0.21227,0.023135,0.032867,0.026017,0.029285,0.023313,0.029486,0.007499,0.035565,0.008059,0.031319,0.021512,0.029454,0.021586
41,90,2,600,0.044905,0.02774,0.036909,0.015334,0.046296,0.015191,1.12888,0.066689,0.855743,0.067777,0.038851,0.060364,0.038657,0.057566,0.038044,0.024564,0.04358,0.025066,0.039047,0.063268,0.037542,0.065591
61,90,2,600,0.034873,0.058239,0.036187,0.030575,0.044852,0.028935,6.37676,0.145754,4.94429,0.146206,0.05457,0.134393,0.053231,0.113357,0.053801,0.052616,0.057572,0.052237,0.053978,0.117443,0.053554,0.12953
81,90,2,600,0.035006,0.102448,0.034888,0.053945,0.045642,0.05089,6.70234,0.213944,8.36924,0.203212,0.072989,0.221063,0.073127,0.169744,0.073205,0.090214,0.078015,0.090276,0.074183,0.209146,0.073268,0.190137
101,90,2,600,0.032696,0.153514,0.034664,0.081661,0.042235,0.076013,10.1046,0.335017,7.53216,0.28602,0.099974,0.347705,0.099786,0.29722,0.099303,0.137704,0.103898,0.136622,0.0977,0.278102,0.104812,0.316246
1,90,2,600,0.067523,0.000344,0.070954,0.000166,0.068389,0.000181,0.044676,0.003141,0.044202,0.002671,0.044337,0.003857,0.040692,0.002912,0.038245,0.000325,0.044959,0.000251,0.037882,0.004459,0.045015,0.002441
21,90,2,600,1.47273,0.04879,1.40166,0.024877,2.23418,0.023799,0.155901,0.027964,0.188563,0.024273,0.034871,0.023948,0.03645,0.02715,0.034887,0.007029,0.041569,0.008061,0.037128,0.029425,0.04037,0.027298
41,90,2,600,1.08098,0.159974,1.21131,0.090881,2.36343,0.085721,0.40977,0.077967,0.39778,0.077568,0.045341,0.070287,0.048027,0.062953,0.043664,0.024896,0.050213,0.025153,0.043901,0.070272,0.045067,0.070005
61,90,2,600,1.24753,0.328711,1.37469,0.18123,2.38341,0.178668,1.10605,0.140143,0.995574,0.136607,0.05921,0.139358,0.059247,0.133468,0.058515,0.051885,0.064011,0.051164,0.058666,0.131574,0.05879,0.118661
81,90,2,600,1.2145,0.557935,1.34274,0.298065,2.32694,0.288535,1.96511,0.233901,1.73458,0.208789,0.081583,0.206565,0.080147,0.203644,0.087766,0.089796,0.083547,0.089215,0.078067,0.195283,0.0789,0.190339
101,90,2,600,1.37379,0.907202,1.53129,0.497045,2.29781,0.432972,2.89456,0.297625,2.29137,0.282158,0.103299,0.340993,0.107129,0.339646,0.10395,0.137327,0.109675,0.136195,0.103109,0.33984,0.103736,0.335023
1,90,2,600,0.129323,0.00043,0.136998,0.000243,0.115057,0.000165,0.035994,0.001744,0.033233,0.001402,0.032441,0.002587,0.03155,0.002054,0.059345,0.000374,0.053172,0.000298,0.058762,0.003682,0.047077,0.002385
21,90,2,600,1.26082,0.054389,1.27445,0.0296,2.44377,0.028281,0.174347,0.02634,0.1738,0.022426,0.038502,0.027336,0.03874,0.027804,0.033843,0.007953,0.046654,0.00812,0.034523,0.030467,0.035129,0.022029
41,90,2,600,2.03293,0.216512,2.27363,0.117988,2.19092,0.087648,0.546802,0.072965,0.42758,0.069363,0.045918,0.078125,0.04682,0.073266,0.0433,0.025798,0.056202,0.02534,0.044758,0.074523,0.043078,0.064365
61,90,2,600,1.35585,0.35708,1.51555,0.192731,2.63017,0.191009,0.871117,0.156513,0.93385,0.147517,0.062856,0.110153,0.060598,0.142663,0.057941,0.052344,0.064179,0.052419,0.057951,0.14403,0.058631,0.141791
81,90,2,600,1.09088,0.556851,1.23153,0.303117,1.63244,0.262175,1.96612,0.217271,1.78386,0.239267,0.078805,0.213578,0.07999,0.212258,0.0783,0.089137,0.086071,0.089722,0.079055,0.193958,0.078685,0.198162
101,90,2,600,0.818451,0.764513,0.914849,0.408587,2.13552,0.433484,2.0672,0.311246,2.83596,0.26893,0.112699,0.265526,0.107394,0.28158,0.102807,0.135884,0.111,0.135342,0.102987,0.295667,0.103962,0.303489
1,90,2,600,0.10453,0.00038,0.115953,0.000252,0.080995,0.000146,0.033864,0.002306,0.029664,0.001745,0.045375,0.003438,0.044925,0.002618,0.059129,0.000343,0.045468,0.000324,0.043878,0.003982,0.042962,0.003028
21,90,2,600,0.671071,0.046847,0.796615,0.024626,1.30693,0.026029,0.158621,0.022774,0.149602,0.021483,0.041676,0.027311,0.037584,0.027754,0.034982,0.007644,0.036334,0.007283,0.040969,0.025869,0.040003,0.024579
41,90,2,600,0.804875,0.173826,0.954538,0.09196,0.753788,0.066579,0.452914,0.06296,0.384725,0.054308,0.050812,0.075006,0.044329,0.067139,0.041657,0.024833,0.047168,0.024297,0.041805,0.067997,0.042393,0.070782
61,90,2,600,1.0682,0.389655,1.26783,0.207431,1.2149,0.170913,1.04703,0.117906,1.06785,0.12346,0.063676,0.109538,0.06032,0.112964,0.0568,0.052781,0.065425,0.053207,0.059104,0.117156,0.057469,0.112528
81,90,2,600,1.18385,0.70413,0.718218,0.271415,1.34471,0.291039,1.87938,0.205809,1.86929,0.221633,0.079308,0.18333,0.080838,0.19314,0.076276,0.090476,0.081391,0.089426,0.07601,0.203299,0.077661,0.19068
101,90,2,600,0.679566,0.757706,0.761083,0.407741,1.01201,0.382571,3.34701,0.340281,3.00613,0.343697,0.104958,0.30177,0.101979,0.300512,0.101005,0.136434,0.107953,0.136088,0.10371,0.311363,0.101417,0.271356
1,90,2,600,0.073212,0.000288,0.073318,0.000212,0.081488,0.000189,0.028009,0.002426,0.026853,0.002027,0.030098,0.002963,0.026615,0.001871,0.031073,0.000182,0.027006,0.000182,0.030618,0.002647,0.026293,0.002137
21,90,2,600,0.261385,0.025031,0.291172,0.013125,0.20272,0.008118,0.211777,0.025834,0.182099,0.026794,0.029169,0.02643,0.034213,0.02716,0.02919,0.007225,0.039417,0.007023,0.030794,0.020004,0.029154,0.024432
41,90,2,600,0.269131,0.096909,0.317707,0.055666,0.289272,0.038539,0.592042,0.069986,0.549069,0.069606,0.039946,0.063768,0.038063,0.059459,0.042393,0.024666,0.047755,0.024556,0.039796,0.057001,0.037685,0.063436
61,90,2,600,0.435426,0.233567,0.507018,0.128148,0.138421,0.046186,1.67438,0.137305,1.5784,0.120941,0.058639,0.134321,0.056855,0.113797,0.057548,0.05223,0.057805,0.052523,0.056749,0.128354,0.05649,0.122954
81,90,2,600,0.401202,0.351661,0.450138,0.190079,0.218378,0.102632,3.67061,0.217776,3.67766,0.188263,0.072923,0.230428,0.073482,0.220465,0.073134,0.08907,0.080935,0.089294,0.072945,0.222931,0.072893,0.200137
101,90,2,600,0.312507,0.532534,0.363561,0.286272,0.331774,0.194544,3.87368,0.295331,3.76307,0.334863,0.100342,0.289689,0.099361,0.319337,0.098744,0.13678,0.109279,0.13593,0.097506,0.283344,0.098985,0.287905
1,90,2,600,0.113937,0.000415,0.126742,0.00024,0.0852,0.000142,0.033514,0.00236,0.031654,0.001801,0.061086,0.005769,0.043667,0.003143,0.068333,0.000376,0.061504,0.000318,0.066338,0.004298,0.044059,0.003472
21,90,2,600,1.3757,0.05902,1.61347,0.032601,2.84741,0.036363,0.161932,0.022293,0.157586,0.025463,0.040066,0.027446,0.048752,0.024197,0.046443,0.007247,0.053252,0.00698,0.040459,0.019488,0.039851,0.022451
41,90,2,600,1.3744,0.19573,2.21982,0.131892,3.66181,0.127318,0.472987,0.065776,0.449249,0.06577,0.061279,0.068009,0.047822,0.05721,0.044547,0.0262,0.054482,0.025645,0.049988,0.062611,0.045634,0.067765
61,90,2,600,1.21352,0.389291,2.01188,0.244966,2.92291,0.237097,0.913039,0.155106,0.854924,0.139366,0.060378,0.116579,0.061244,0.129122,0.062462,0.051709,0.065278,0.053337,0.059615,0.114398,0.064132,0.124769
81,90,2,600,1.91377,0.704387,1.97162,0.383079,3.60577,0.417031,1.8578,0.218462,1.98723,0.186158,0.078034,0.215326,0.080487,0.210514,0.081796,0.08984,0.086161,0.089977,0.077304,0.195649,0.080985,0.19445
101,90,2,600,2.20238,1.15137,2.4558,0.616603,3.4852,0.633449,2.99963,0.32724,2.16438,0.298657,0.104788,0.278789,0.107202,0.303825,0.103729,0.137376,0.108994,0.136794,0.102524,0.296095,0.102865,0.307282
1,90,2,600,0.116681,0.00041,0.135535,0.000243,0.094659,0.000192,0.029574,0.002296,0.02822,0.001713,0.059715,0.005729,0.046906,0.002399,0.058433,0.000408,0.052008,0.000345,0.065591,0.004432,0.041905,0.002847
21,90,2,600,1.77525,0.073621,2.05947,0.038835,2.44959,0.034946,0.150497,0.024151,0.164607,0.024585,0.033689,0.02328,0.034978,0.022014,0.031752,0.007455,0.038576,0.007531,0.139167,0.031796,0.033148,0.030387
41,90,2,600,1.25758,0.18753,1.43733,0.102362,3.02031,0.106252,0.410066,0.078928,0.392256,0.071726,0.043675,0.057907,0.046809,0.068781,0.040586,0.025024,0.050723,0.024704,0.039975,0.072755,0.041346,0.059957
61,90,2,600,2.10371,0.510989,2.4139,0.272835,3.88413,0.239329,0.915134,0.135993,0.670863,0.137703,0.051212,0.124444,0.055767,0.136499,0.050866,0.052328,0.059348,0.052073,0.051468,0.139235,0.055404,0.140212
81,90,2,600,1.59618,0.757272,1.83906,0.403978,3.7427,0.387563,1.62289,0.234522,1.52312,0.213405,0.075061,0.219863,0.086424,0.208763,0.075077,0.088784,0.078236,0.089358,0.074835,0.219738,0.07476,0.213456
101,90,2,600,1.87148,1.21366,1.84402,0.615139,4.15473,0.625624,2.89661,0.315986,2.69172,0.293231,0.100708,0.259646,0.10105,0.334274,0.100734,0.1375,0.103203,0.136318,0.099761,0.33616,0.101372,0.31392
1,90,2,600,0.102012,0.00044,0.109711,0.000219,0.066932,0.000152,0.045082,0.003104,0.040459,0.00242,0.053951,0.004449,0.043893,0.002623,0.049207,0.000437,0.040524,0.00029,0.062209,0.004864,0.036971,0.00346
21,90,2,600,1.19567,0.048297,1.34104,0.026334,2.78642,0.028393,0.15576,0.024721,0.144747,0.027734,0.032092,0.02345,0.036273,0.024718,0.041007,0.008059,0.035901,0.007077,0.032138,0.027837,0.031931,0.028172
41,90,2,600,1.48865,0.176422,1.58559,0.103795,3.74386,0.116471,0.340041,0.078991,0.356916,0.062533,0.041731,0.05808,0.04341,0.066596,0.040411,0.024815,0.046033,0.025552,0.040625,0.073039,0.04081,0.063647
61,90,2,600,2.27244,0.423184,2.48635,0.233305,5.80838,0.269916,0.83356,0.137202,0.8613,0.130656,0.056163,0.110507,0.058745,0.134996,0.062829,0.05202,0.060436,0.052995,0.056302,0.13434,0.056757,0.126369
81,90,2,600,2.29993,0.713868,2.51111,0.386997,5.5196,0.410743,1.26135,0.204821,1.45856,0.202883,0.075774,0.219582,0.075276,0.195728,0.074888,0.090048,0.078858,0.088966,0.075138,0.215521,0.088911,0.234221
101,90,2,600,1.82928,1.07187,2.04277,0.572965,4.62944,0.559273,2.08352,0.348101,2.1612,0.319052,0.101712,0.321633,0.104682,0.277557,0.100715,0.136803,0.104684,0.136253,0.100448,0.295789,0.100664,0.30341
1,90,2,600,0.127335,0.000382,0.134566,0.000254,0.092392,0.000139,0.030533,0.002518,0.034677,0.00212,0.054138,0.00262,0.059707,0.00214,0.062143,0.000368,0.049637,0.000336,0.051473,0.002453,0.045723,0.002267
21,90,2,600,0.254159,0.027256,0.27678,0.012612,0.384766,0.012559,0.182084,0.032786,0.174663,0.028305,0.037422,0.030428,0.053693,0.028894,0.042133,0.007004,0.045033,0.00772,0.044638,0.026685,0.043953,0.019043
41,90,2,600,0.228788,0.08458,0.252861,0.046787,0.23039,0.037713,0.414933,0.068711,0.468155,0.067172,0.044474,0.061479,0.051419,0.072496,0.041176,0.024367,0.050765,0.024994,0.042457,0.06253,0.051523,0.062985
61,90,2,600,0.141354,0.146658,0.169182,0.078839,0.412763,0.092454,1.3153,0.12787,1.20635,0.133492,0.062604,0.129676,0.06051,0.14313,0.058115,0.052061,0.069238,0.05211,0.057874,0.131562,0.05854,0.120205
81,90,2,600,0.176698,0.250752,0.199696,0.133602,0.428211,0.153996,1.92132,0.223087,1.96399,0.212587,0.079727,0.207586,0.081963,0.194714,0.080982,0.088533,0.084165,0.088722,0.08105,0.204124,0.081988,0.24759
101,90,2,600,0.310783,0.528728,0.359494,0.283285,0.373729,0.229241,3.72871,0.293646,2.77919,0.27478,0.106605,0.288168,0.10568,0.290135,0.102757,0.136592,0.106324,0.136289,0.102515,0.308966,0.104002,0.330556
1,90,2,600,0.030243,0.000186,0.041521,0.000142,0.030594,9.7e-05,0.034703,0.002185,0.033608,0.001294,0.031072,0.002342,0.037353,0.002168,0.030606,0.000152,0.04009,0.000177,0.031504,0.001924,0.037459,0.00161
21,90,2,600,0.064548,0.011763,0.069251,0.006426,0.089588,0.006172,0.19576,0.025567,0.185422,0.027718,0.053245,0.043431,0.057255,0.036826,0.054135,0.012679,0.064569,0.011327,0.05768,0.030209,0.058908,0.036472
41,90,2,600,0.061175,0.041947,0.068549,0.02412,0.085928,0.024795,0.43731,0.062685,0.577679,0.064256,0.076644,0.094467,0.084057,0.109838,0.064977,0.039186,0.085042,0.040196,0.068729,0.10634,0.064405,0.092598
61,90,2,600,0.059596,0.089427,0.070322,0.047938,0.088921,0.044496,1.93396,0.117273,1.57393,0.138122,0.094938,0.194932,0.091369,0.203026,0.113621,0.084937,0.105817,0.082263,0.091058,0.189204,0.087326,0.183258
81,90,2,600,0.062636,0.150776,0.069592,0.079092,0.088006,0.077243,1.66724,0.212284,2.86276,0.204043,0.138303,0.296345,0.128767,0.281278,0.124224,0.141445,0.131496,0.139978,0.13221,0.312814,0.125174,0.290439
101,90,2,600,0.073108,0.228296,0.06991,0.123377,0.090738,0.115206,4.81966,0.296885,2.39172,0.284038,0.166905,0.43839,0.161588,0.422723,0.154093,0.213131,0.183522,0.211125,0.163332,0.429577,0.154613,0.409526
1,90,2,600,0.074429,0.000253,0.069321,0.00019,0.082816,0.000164,0.025828,0.002464,0.02933,0.00126,0.031478,0.002282,0.027887,0.002372,0.026259,0.000153,0.032069,0.000189,0.03086,0.003124,0.028075,0.002408
21,90,2,600,0.095903,0.016719,0.112878,0.009325,0.087315,0.006035,0.16483,0.022949,0.165689,0.025062,0.027973,0.027657,0.034126,0.027902,0.031678,0.007366,0.048234,0.007997,0.029412,0.027548,0.029984,0.023213
41,90,2,600,0.155761,0.055953,0.158228,0.031703,0.090766,0.023586,0.496042,0.06249,0.461496,0.062751,0.041558,0.065567,0.041315,0.056824,0.040733,0.02562,0.055177,0.025248,0.041506,0.067598,0.043406,0.057257
61,90,2,600,0.102909,0.115868,0.111745,0.063955,0.099968,0.045391,1.22266,0.133608,1.34037,0.119494,0.057408,0.131034,0.055824,0.125811,0.056458,0.05149,0.063893,0.051385,0.05611,0.127618,0.052868,0.103673
81,90,2,600,0.108722,0.198851,0.126697,0.106805,0.103232,0.075621,1.85177,0.18323,3.0062,0.217141,0.076166,0.219521,0.075931,0.228776,0.075689,0.088875,0.080673,0.089475,0.075286,0.225131,0.076188,0.203777
101,90,2,600,0.096322,0.30613,0.110039,0.162331,0.098059,0.116269,4.47991,0.306795,3.04847,0.27722,0.101924,0.310164,0.100705,0.294174,0.100697,0.135577,0.107292,0.135617,0.100953,0.326362,0.098626,0.282037
1,90,2,600,0.03405,0.00018,0.040464,0.000116,0.036141,0.000106,0.034821,0.00247,0.035088,0.001932,0.026535,0.002726,0.024489,0.002051,0.025075,0.000138,0.030694,0.000235,0.028296,0.002809,0.025981,0.002549
21,90,2,600,0.070155,0.010913,0.039166,0.00505,0.046465,0.00446,0.227135,0.026023,0.189235,0.018413,0.031478,0.019341,0.030976,0.019067,0.041364,0.007088,0.037175,0.007124,0.031799,0.021112,0.030581,0.025653
41,90,2,600,0.041727,0.027873,0.040552,0.015286,0.048106,0.014532,0.850341,0.070983,0.96952,0.062103,0.039403,0.064747,0.039183,0.062527,0.040697,0.024546,0.043016,0.025426,0.03991,0.070241,0.039088,0.060706
61,90,2,600,0.034131,0.057122,0.040083,0.030623,0.048085,0.029772,2.34704,0.141826,2.02444,0.134666,0.05665,0.128779,0.055019,0.125516,0.055076,0.051656,0.05826,0.052082,0.055045,0.137284,0.055934,0.130683
81,90,2,600,0.033609,0.100489,0.036134,0.053567,0.040467,0.050904,4.42697,0.211099,2.73197,0.212934,0.0777,0.204666,0.074974,0.207062,0.074144,0.08988,0.079794,0.089326,0.073486,0.198164,0.075153,0.200561
101,90,2,600,0.033768,0.152499,0.035914,0.080734,0.039291,0.075819,6.67127,0.299829,7.03843,0.291476,0.100249,0.308226,0.101009,0.306191,0.09971,0.137138,0.104324,0.136272,0.099035,0.289464,0.099637,0.285735
1,90,2,600,0.138043,0.000382,0.151554,0.00025,0.115823,0.000157,0.030802,0.002217,0.031143,0.001327,0.048328,0.002564,0.048396,0.003268,0.073341,0.000403,0.050317,0.000226,0.053405,0.003108,0.051545,0.002875
21,90,2,600,0.794603,0.041999,0.877772,0.024733,1.76087,0.026435,0.183785,0.026566,0.173369,0.026651,0.045229,0.028419,0.036197,0.019354,0.03657,0.007045,0.046593,0.007643,0.039927,0.02851,0.035317,0.028651
41,90,2,600,0.622787,0.124232,0.707459,0.068679,1.77855,0.087707,0.53977,0.069591,0.480185,0.067872,0.045036,0.069691,0.046192,0.07339,0.043408,0.025517,0.050566,0.025203,0.043296,0.075166,0.044147,0.064663
61,90,2,600,0.490011,0.231911,0.551957,0.128847,0.865667,0.121851,1.10464,0.156423,1.00842,0.136972,0.059708,0.13031,0.061213,0.129549,0.05883,0.051619,0.063933,0.05181,0.058506,0.116142,0.058598,0.112921
81,90,2,600,0.476518,0.399933,0.554174,0.214088,1.16682,0.231887,1.85374,0.219457,1.79715,0.201661,0.085446,0.194861,0.082731,0.215094,0.077379,0.088691,0.08178,0.089661,0.077076,0.225149,0.078116,0.204227
101,90,2,600,0.486262,0.604263,0.661438,0.343017,1.09604,0.352896,2.49529,0.308005,2.19617,0.310508,0.108552,0.287158,0.105033,0.305436,0.103925,0.136199,0.106812,0.135253,0.102402,0.286664,0.102501,0.300749
1,90,2,600,0.034127,0.000203,0.041564,0.000136,0.05052,0.000117,0.030708,0.002047,0.034324,0.00183,0.029426,0.002647,0.024674,0.002325,0.025049,0.000192,0.035705,0.00014,0.025511,0.002227,0.022886,0.001722
21,90,2,600,0.036786,0.008849,0.03527,0.004317,0.052011,0.00457,0.18138,0.027525,0.184385,0.027003,0.02832,0.024782,0.029567,0.027508,0.027853,0.007632,0.032466,0.008491,0.027132,0.028412,0.03165,0.026613
41,90,2,600,0.033642,0.027229,0.036437,0.015202,0.053606,0.015976,0.762163,0.08419,0.721802,0.066586,0.03751,0.059781,0.039941,0.064369,0.037517,0.025237,0.042978,0.02464,0.041597,0.067608,0.037862,0.067558
61,90,2,600,0.045542,0.057866,0.035004,0.032316,0.05199,0.03077,1.90088,0.108977,1.95312,0.124254,0.052604,0.135318,0.052789,0.132629,0.052986,0.051756,0.05652,0.051695,0.052678,0.114692,0.052568,0.116298
81,90,2,600,0.032517,0.101543,0.03439,0.05344,0.052603,0.05074,4.17452,0.223903,5.00779,0.228399,0.072559,0.212866,0.072626,0.211965,0.072487,0.089612,0.076399,0.089306,0.072491,0.186628,0.071854,0.187172
101,90,2,600,0.033011,0.152081,0.034172,0.081351,0.055152,0.07619,5.42155,0.268432,5.39704,0.296642,0.098609,0.283595,0.098683,0.276551,0.097695,0.137796,0.102073,0.136271,0.097593,0.294799,0.098011,0.283644
1,90,2,600,0.037663,0.000162,0.040822,0.000128,0.046263,0.000115,0.032655,0.002237,0.036368,0.001493,0.025072,0.002452,0.023951,0.001865,0.024333,0.000178,0.025522,0.000179,0.027914,0.002088,0.033737,0.002431
21,90,2,600,0.071831,0.012309,0.076351,0.007493,0.091567,0.007422,0.222019,0.022212,0.209447,0.024087,0.05515,0.03673,0.04692,0.02927,0.046104,0.012703,0.072738,0.011103,0.045395,0.041698,0.046918,0.037977
41,90,2,600,0.069723,0.040187,0.082115,0.02398,0.084242,0.022253,1.22473,0.070748,1.01027,0.066244,0.065425,0.092437,0.076416,0.092782,0.060693,0.039404,0.086264,0.038478,0.060098,0.108726,0.059848,0.10265
61,90,2,600,0.067551,0.0883,0.075516,0.046483,0.091836,0.045337,2.66965,0.139185,2.29868,0.144243,0.082758,0.193388,0.082618,0.188419,0.083244,0.081575,0.096797,0.081636,0.091182,0.188394,0.098221,0.20157
81,90,2,600,0.067153,0.150587,0.074648,0.079297,0.100463,0.075669,5.9692,0.216402,5.89163,0.214331,0.113006,0.322843,0.112776,0.27877,0.112908,0.139967,0.130914,0.13921,0.113371,0.33342,0.113035,0.307154
101,90,2,600,0.074355,0.227084,0.075197,0.122248,0.096783,0.114437,9.11939,0.308655,7.13284,0.313167,0.150301,0.476054,0.150553,0.452101,0.149736,0.212235,0.168324,0.212033,0.15007,0.496342,0.149741,0.486042
1,90,2,600,0.068836,0.000291,0.068837,0.000181,0.074407,0.000166,0.026807,0.002294,0.036818,0.001378,0.028386,0.00226,0.027403,0.002329,0.031292,0.000174,0.028405,0.000199,0.026519,0.002441,0.02736,0.002079
21,90,2,600,0.102994,0.01643,0.121353,0.008813,0.099943,0.006328,0.189943,0.02655,0.183313,0.026348,0.051542,0.02906,0.04909,0.033448,0.047405,0.011364,0.069069,0.011575,0.050135,0.042246,0.046862,0.042267
41,90,2,600,0.115729,0.0555,0.114323,0.030578,0.109726,0.024841,0.729686,0.06893,0.631421,0.063546,0.061833,0.101367,0.062231,0.110368,0.06203,0.039057,0.082473,0.03885,0.067749,0.100922,0.061313,0.106776
61,90,2,600,0.100029,0.117434,0.114764,0.064191,0.111285,0.045752,1.04729,0.119898,1.48746,0.136709,0.083451,0.181924,0.083194,0.164103,0.083043,0.081697,0.101513,0.081314,0.08212,0.20162,0.082296,0.16977
81,90,2,600,0.10015,0.202221,0.114682,0.107651,0.093454,0.077536,3.33981,0.208142,4.0362,0.232887,0.115799,0.338541,0.116397,0.298506,0.115172,0.140986,0.133871,0.138322,0.114546,0.293398,0.114826,0.28224
101,90,2,600,0.10084,0.303858,0.115197,0.161967,0.093832,0.114389,5.65349,0.298399,3.92179,0.307038,0.152058,0.453335,0.153691,0.462153,0.151887,0.213818,0.17221,0.212445,0.151336,0.392261,0.153402,0.440386
1,90,2,600,0.028562,0.000199,0.034985,0.000134,0.036059,9.9e-05,0.028696,0.002635,0.028587,0.001541,0.023216,0.002091,0.022755,0.001776,0.022038,0.000198,0.031768,0.000151,0.022383,0.002024,0.024534,0.001919
21,90,2,600,0.027652,0.008058,0.029655,0.004773,0.034563,0.005461,0.185634,0.023707,0.19222,0.024252,0.027979,0.02442,0.028687,0.022197,0.033133,0.007141,0.037639,0.0073,0.036354,0.024001,0.02799,0.018471
41,90,2,600,0.027049,0.028745,0.030003,0.015405,0.036475,0.015399,0.691004,0.064729,0.548107,0.072265,0.037536,0.073384,0.037366,0.065007,0.036699,0.025608,0.045369,0.02538,0.036786,0.057455,0.037077,0.063445
61,90,2,600,0.028299,0.057629,0.039325,0.030704,0.034478,0.029961,1.00711,0.108906,1.35182,0.133191,0.052275,0.129452,0.053655,0.135667,0.05244,0.052937,0.059353,0.051952,0.054172,0.132235,0.051597,0.108583
81,90,2,600,0.05361,0.139738,0.03578,0.052965,0.035247,0.049898,1.76213,0.219188,2.61347,0.215025,0.076936,0.204449,0.072702,0.209177,0.071485,0.088683,0.078712,0.088574,0.071372,0.210826,0.079221,0.191426
101,90,2,600,0.033324,0.151664,0.036168,0.081016,0.042348,0.076666,2.9171,0.30688,2.21023,0.303298,0.098323,0.300241,0.098646,0.291124,0.096648,0.136599,0.103538,0.135962,0.096683,0.336704,0.098247,0.299318
1,90,2,600,0.116443,0.000462,0.1271,0.000254,0.102232,0.000157,0.034031,0.002239,0.02993,0.001566,0.049831,0.002727,0.030052,0.002042,0.054452,0.000419,0.045692,0.00032,0.05212,0.00346,0.046048,0.002336
21,90,2,600,0.827363,0.048214,0.946547,0.024601,1.79306,0.026534,0.155024,0.032105,0.171772,0.022758,0.0396,0.022606,0.03643,0.02334,0.034538,0.007171,0.050827,0.007247,0.036234,0.028634,0.035925,0.020836
41,90,2,600,1.14418,0.183353,1.11191,0.091555,1.97973,0.099394,0.634403,0.065469,0.46714,0.062667,0.047586,0.069953,0.043784,0.067612,0.099012,0.024914,0.055446,0.026111,0.069583,0.07523,0.044959,0.076055
61,90,2,600,1.11639,0.384517,1.32834,0.210715,1.83035,0.189181,0.995187,0.132378,0.887836,0.143667,0.062329,0.139109,0.063979,0.115993,0.057228,0.051306,0.06182,0.052003,0.057039,0.129911,0.057608,0.13333
81,90,2,600,1.1205,0.657795,1.31036,0.352135,1.47648,0.285911,1.72257,0.213784,1.7953,0.204871,0.082913,0.212987,0.080706,0.1895,0.078016,0.089921,0.090693,0.090143,0.077836,0.206261,0.07718,0.209645
101,90,2,600,1.06404,0.919052,1.22404,0.487208,1.11627,0.394124,3.51395,0.325691,2.1194,0.295803,0.10483,0.330084,0.102938,0.331849,0.101806,0.134996,0.107096,0.135282,0.101773,0.306988,0.102506,0.312449
1,90,2,600,0.027432,0.000234,0.03068,0.000134,0.0394,0.000126,0.035421,0.002174,0.031443,0.001178,0.027005,0.002406,0.027233,0.00208,0.026247,0.000206,0.037555,0.000153,0.026366,0.001869,0.038983,0.002205
21,90,2,600,0.027951,0.007809,0.03503,0.004195,0.052494,0.005306,0.17417,0.027365,0.183283,0.026529,0.046692,0.029079,0.034878,0.025715,0.032703,0.008377,0.035345,0.007476,0.032462,0.020018,0.033842,0.020479
41,90,2,600,0.029458,0.027996,0.029469,0.015332,0.04141,0.0154,0.689196,0.069043,0.56709,0.055953,0.042203,0.063471,0.039157,0.056028,0.038902,0.024496,0.047541,0.024899,0.038837,0.0719,0.039924,0.064288
61,90,2,600,0.027687,0.057665,0.038146,0.030953,0.03958,0.030059,1.7538,0.123282,1.56481,0.123323,0.055208,0.1065,0.05475,0.137359,0.05389,0.05259,0.059117,0.051727,0.054656,0.131383,0.053983,0.126956
81,90,2,600,0.02668,0.097686,0.030569,0.052897,0.040306,0.050631,2.66657,0.217922,3.31229,0.22741,0.07357,0.202179,0.074232,0.206098,0.074044,0.088474,0.077406,0.088458,0.073337,0.209604,0.073878,0.225403
101,90,2,600,0.026521,0.151766,0.029074,0.081263,0.039491,0.075795,4.82677,0.272388,4.31346,0.289747,0.09912,0.364849,0.099638,0.302832,0.099733,0.137573,0.105107,0.136256,0.201224,0.311963,0.098891,0.27275
1,90,2,600,0.108191,0.000413,0.121407,0.000238,0.07657,0.000177,0.112475,0.003444,0.125111,0.00264,0.113099,0.003631,0.091226,0.003811,0.064104,0.000375,0.052268,0.000281,0.044409,0.002356,0.04256,0.002342
21,90,2,600,0.851599,0.042845,0.951435,0.021395,1.16598,0.020556,0.151644,0.025024,0.147416,0.024492,0.037381,0.025056,0.036078,0.018732,0.034796,0.007843,0.042531,0.007228,0.035014,0.024756,0.035337,0.024413
41,90,2,600,0.795339,0.143231,0.899586,0.079006,1.34206,0.07108,0.41593,0.079019,0.398257,0.075363,0.048115,0.076485,0.044826,0.060331,0.043007,0.025707,0.048327,0.025613,0.043949,0.058538,0.04387,0.070391
61,90,2,600,0.690341,0.269125,0.773865,0.144249,1.55425,0.153708,0.9511,0.129968,0.862111,0.137449,0.059938,0.109981,0.062877,0.118787,0.059623,0.052107,0.067444,0.052981,0.060646,0.11387,0.058561,0.110576
81,90,2,600,0.665559,0.444657,0.745233,0.244126,1.05683,0.233926,2.05597,0.214388,1.74745,0.22273,0.08209,0.198001,0.081295,0.190648,0.077999,0.088939,0.08392,0.089257,0.077503,0.18611,0.078263,0.216407
101,90,2,600,0.997436,0.829718,1.12961,0.447845,1.55005,0.387741,2.58582,0.307048,2.92442,0.286949,0.105745,0.313739,0.10554,0.304715,0.102761,0.13648,0.106175,0.136739,0.103262,0.262571,0.104465,0.269471
1,90,2,600,0.031412,0.000208,0.038607,0.000144,0.045964,0.000111,0.038086,0.002096,0.044437,0.002136,0.024086,0.002549,0.024703,0.002082,0.024385,0.000187,0.030958,0.000201,0.025378,0.002736,0.024201,0.001796
21,90,2,600,0.061817,0.012005,0.071027,0.006808,0.105208,0.006704,0.195431,0.026201,0.191366,0.026687,0.05277,0.037347,0.056318,0.034162,0.069262,0.012106,0.077657,0.011936,0.056123,0.03449,0.049196,0.04301
41,90,2,600,0.05913,0.042533,0.084517,0.023314,0.101759,0.022987,0.848857,0.063079,0.751199,0.069616,0.06294,0.102608,0.063551,0.09073,0.062039,0.039339,0.086877,0.038072,0.061772,0.098039,0.063204,0.104192
61,90,2,600,0.05833,0.089221,0.065023,0.047026,0.096622,0.044892,1.85023,0.140905,1.53836,0.134899,0.091082,0.207981,0.086529,0.188248,0.086585,0.083217,0.105307,0.083414,0.084936,0.179193,0.122581,0.202425
81,90,2,600,0.059014,0.149495,0.064807,0.080306,0.096372,0.076765,2.35137,0.214615,4.74111,0.233957,0.115958,0.319495,0.116776,0.279333,0.114629,0.141848,0.137123,0.140199,0.116016,0.287774,0.115421,0.309889
101,90,2,600,0.058604,0.228191,0.065698,0.120822,0.095144,0.114958,6.59666,0.27272,4.79888,0.304038,0.153319,0.411353,0.153282,0.496842,0.159391,0.212145,0.170896,0.210965,0.151072,0.43171,0.152485,0.468376
1,90,2,600,0.057846,0.00035,0.069509,0.000206,0.069964,0.000193,0.026398,0.002789,0.035437,0.00162,0.026787,0.002527,0.027204,0.002187,0.027716,0.000149,0.025202,0.000134,0.033374,0.002907,0.025232,0.002074
21,90,2,600,0.108585,0.016349,0.122857,0.00934,0.096442,0.006229,0.210963,0.027996,0.179809,0.023734,0.05578,0.039324,0.053718,0.040553,0.053947,0.012426,0.070896,0.012833,0.048897,0.043484,0.048532,0.036613
41,90,2,600,0.106729,0.054674,0.119238,0.030032,0.136003,0.022248,0.894043,0.063041,0.556518,0.067149,0.062696,0.095622,0.062093,0.103398,0.062843,0.037909,0.081312,0.039784,0.067892,0.105398,0.062996,0.098638
61,90,2,600,0.106356,0.118431,0.124604,0.062056,0.105699,0.044966,1.70682,0.123295,1.59435,0.133052,0.086242,0.184138,0.08527,0.189413,0.085243,0.081708,0.102286,0.081663,0.085431,0.174259,0.085312,0.198071
81,90,2,600,0.10215,0.19899,0.117077,0.107103,0.08559,0.076131,3.75185,0.208303,5.78746,0.215278,0.115853,0.317885,0.116463,0.311451,0.11489,0.140641,0.13054,0.139901,0.115429,0.309047,0.115858,0.31229
101,90,2,600,0.105775,0.300675,0.118326,0.161322,0.086869,0.113881,6.41649,0.268971,5.64361,0.34622,0.159713,0.475372,0.152913,0.486966,0.161122,0.211556,0.168312,0.212584,0.153779,0.413731,0.154225,0.462791
1,90,2,600,0.066518,0.000312,0.066862,0.00021,0.067455,0.000142,0.043142,0.003427,0.050035,0.002594,0.04181,0.00354,0.037137,0.002906,0.042838,0.000299,0.0547,0.000293,0.051267,0.004338,0.045771,0.003418
21,90,2,600,1.93022,0.063625,2.92025,0.038915,3.49541,0.036977,0.155565,0.026548,0.143373,0.026565,0.037369,0.028954,0.033469,0.027377,0.032952,0.008475,0.038538,0.007357,0.032837,0.029066,0.033291,0.028437
41,90,2,600,1.46855,0.215682,2.11362,0.128561,4.53978,0.119556,0.365633,0.064933,0.351424,0.071994,0.046086,0.073131,0.045806,0.066493,0.04322,0.024867,0.05585,0.025158,0.044954,0.072301,0.045304,0.071207
61,90,2,600,2.68294,0.449793,3.10588,0.25221,4.10143,0.256168,0.797264,0.13324,0.772406,0.136434,0.058575,0.124989,0.059551,0.108601,0.058818,0.052434,0.067294,0.052312,0.060201,0.109869,0.057995,0.134607
81,90,2,600,3.35881,0.860512,3.31129,0.465686,3.59819,0.400295,1.57358,0.205885,1.28048,0.221829,0.079878,0.210107,0.083255,0.20583,0.178242,0.093144,0.088814,0.087999,0.077418,0.236207,0.078927,0.191778
101,90,2,600,2.82051,1.22248,3.07785,0.660863,5.34227,0.637925,2.64241,0.298009,2.42698,0.320083,0.104515,0.294356,0.107172,0.316732,0.104241,0.137581,0.110437,0.136583,0.10315,0.28394,0.103316,0.280467
1,90,2,600,0.036329,0.000216,0.040135,0.000119,0.035983,0.000116,0.034118,0.002539,0.033728,0.00168,0.025045,0.002619,0.029053,0.002008,0.025098,0.000175,0.03167,0.000219,0.032829,0.002573,0.029356,0.002408
21,90,2,600,0.036887,0.008623,0.036576,0.003933,0.042485,0.004876,0.232587,0.02761,0.181481,0.02228,0.03129,0.027234,0.041748,0.026251,0.031027,0.007218,0.040644,0.00746,0.031956,0.026577,0.031675,0.029093
41,90,2,600,0.03332,0.028506,0.038211,0.01582,0.040652,0.016423,1.00219,0.069601,0.798152,0.062163,0.044465,0.060605,0.040175,0.063394,0.040502,0.024956,0.053419,0.025029,0.040683,0.058027,0.040555,0.065447
61,90,2,600,0.0347,0.058479,0.03857,0.031652,0.050432,0.029884,2.38374,0.132119,2.03534,0.142247,0.056047,0.125114,0.056124,0.116705,0.056451,0.052793,0.064305,0.052001,0.055382,0.131442,0.055132,0.105867
81,90,2,600,0.069802,0.150552,0.075618,0.081925,0.093851,0.076501,4.48696,0.214877,5.60508,0.18014,0.118144,0.316666,0.113811,0.267286,0.114891,0.139926,0.128357,0.139468,0.113166,0.329139,0.114983,0.307678
101,90,2,600,0.064644,0.230749,0.070557,0.122165,0.095073,0.116811,7.39099,0.2784,6.32735,0.340151,0.153473,0.4919,0.154013,0.442988,0.152525,0.214936,0.168414,0.213364,0.150911,0.469274,0.151908,0.474111
1,90,2,600,0.117532,0.000532,0.124359,0.000226,0.090625,0.000168,0.02726,0.002184,0.028207,0.001209,0.048592,0.00334,0.051354,0.002727,0.058016,0.000372,0.044074,0.000315,0.047173,0.003696,0.039822,0.003547
21,90,2,600,1.77843,0.064299,2.02149,0.03287,2,0.028551,0.178097,0.02511,0.14961,0.028356,0.035905,0.028545,0.03253,0.026571,0.031026,0.007146,0.037471,0.007525,0.030167,0.028698,0.033716,0.022114
41,90,2,600,1.30891,0.186107,1.47238,0.100042,1.96036,0.095098,0.40307,0.070377,0.353564,0.067939,0.040291,0.062667,0.042462,0.059716,0.040119,0.024647,0.044192,0.024566,0.040963,0.060337,0.039804,0.059205
61,90,2,600,1.19422,0.387103,1.36881,0.203593,1.51329,0.175505,1.14576,0.139594,0.985713,0.12964,0.055672,0.144505,0.057541,0.140505,0.054855,0.051826,0.060128,0.052762,0.055312,0.126841,0.054889,0.139042
81,90,2,600,1.78619,0.79854,2.07785,0.429878,1.70521,0.282721,1.53102,0.24069,1.6153,0.225989,0.078527,0.189936,0.07868,0.188223,0.07526,0.091377,0.080447,0.089628,0.075334,0.200989,0.075074,0.177897
101,90,2,600,1.75274,1.22328,1.26926,0.532998,1.75798,0.430818,2.41324,0.30025,2.32652,0.32745,0.104541,0.30021,0.121865,0.30443,0.10063,0.137612,0.107649,0.136598,0.099828,0.271421,0.100846,0.283184
1,90,2,600,0.111013,0.000407,0.116964,0.000292,0.087078,0.000185,0.040077,0.002235,0.034459,0.00205,0.062352,0.003753,0.058701,0.002612,0.056465,0.000369,0.051499,0.000274,0.047564,0.003776,0.04145,0.003105
21,90,2,600,1.50604,0.055618,2.11066,0.028019,2.25669,0.025952,0.182268,0.022246,0.185623,0.02341,0.035024,0.028758,0.037649,0.028581,0.047703,0.007153,0.040867,0.008221,0.034639,0.027222,0.034764,0.027912
41,90,2,600,2.27352,0.190088,3.05571,0.120129,3.21673,0.107309,0.406186,0.063485,0.383137,0.066866,0.047207,0.068576,0.043442,0.065903,0.041524,0.024996,0.05706,0.024703,0.042972,0.054568,0.044533,0.071105
61,90,2,600,2.49009,0.421457,2.76545,0.217776,2.54676,0.179635,1.28877,0.141035,0.997363,0.153796,0.057707,0.142271,0.058963,0.121736,0.058635,0.051716,0.064344,0.051671,0.057622,0.127006,0.059598,0.127366
81,90,2,600,2.62372,0.704062,2.83084,0.382663,2.33474,0.299895,1.92779,0.239499,1.6635,0.226522,0.07822,0.212017,0.082645,0.21063,0.077396,0.089319,0.086533,0.089706,0.077835,0.191426,0.077659,0.178948
101,90,2,600,1.80152,0.918428,1.94525,0.489177,4.09784,0.558193,2.51962,0.272094,2.84934,0.299058,0.106724,0.284113,0.106692,0.301497,0.103433,0.137177,0.10681,0.135672,0.119131,0.310356,0.103681,0.297383
1,90,2,600,0.036709,0.000187,0.040118,0.00013,0.040431,9.6e-05,0.030193,0.002204,0.031032,0.001161,0.028873,0.002285,0.030208,0.001565,0.027453,0.00015,0.029199,0.000186,0.027777,0.002428,0.023989,0.002267
21,90,2,600,0.078493,0.011716,0.077369,0.007453,0.100793,0.007001,0.209732,0.026889,0.182068,0.022723,0.051993,0.040699,0.050214,0.040656,0.051067,0.01177,0.069177,0.011924,0.053649,0.039672,0.049918,0.039794
41,90,2,600,0.06915,0.042228,0.074851,0.025983,0.092247,0.022946,1.17473,0.062709,0.614777,0.064773,0.062701,0.100419,0.063002,0.106322,0.063037,0.038885,0.080211,0.038472,0.061793,0.103178,0.071884,0.099022
61,90,2,600,0.064942,0.08943,0.071232,0.047344,0.096526,0.045387,2.49616,0.127718,2.22872,0.140488,0.131656,0.193858,0.087186,0.194255,0.086197,0.080601,0.10023,0.082599,0.085168,0.196268,0.086924,0.194362
81,90,2,600,0.064395,0.149788,0.070308,0.080005,0.098941,0.078278,3.18797,0.223968,3.43478,0.210857,0.119731,0.338539,0.117089,0.327108,0.119491,0.139284,0.135843,0.140364,0.121246,0.338429,0.12467,0.323184
101,90,2,600,0.061993,0.226935,0.067981,0.122584,0.084769,0.114936,7.48333,0.277894,5.40933,0.278808,0.165344,0.438717,0.161099,0.458789,0.160638,0.213415,0.176151,0.2131,0.159527,0.475657,0.154787,0.489533
1,90,2,600,0.06122,0.000278,0.066719,0.000161,0.080912,0.000168,0.024255,0.002376,0.02131,0.001163,0.020953,0.001819,0.019996,0.001635,0.02902,0.000197,0.024331,0.000206,0.023544,0.001925,0.025355,0.002094
21,90,2,600,0.099981,0.016459,0.124527,0.009943,0.103799,0.00706,0.19086,0.028286,0.161896,0.026574,0.046791,0.035161,0.046789,0.029545,0.046439,0.011385,0.073651,0.011421,0.044651,0.0401,0.046494,0.036178
41,90,2,600,0.100664,0.056525,0.111657,0.031865,0.128608,0.02165,0.879858,0.071274,0.64242,0.071693,0.065738,0.087822,0.060395,0.088438,0.061499,0.03984,0.096992,0.038883,0.059971,0.085673,0.060919,0.098792
61,90,2,600,0.152378,0.117209,0.193146,0.069535,0.11617,0.045674,1.8235,0.126655,1.61883,0.113242,0.084611,0.181319,0.082885,0.20654,0.08523,0.08219,0.117043,0.082368,0.081971,0.206251,0.079004,0.200162
81,90,2,600,0.1124,0.200052,0.12667,0.107907,0.180837,0.102048,1.89552,0.20188,2.73011,0.200505,0.11925,0.291335,0.117537,0.331949,0.116323,0.14093,0.136788,0.140951,0.115732,0.299269,0.112557,0.270184
101,90,2,600,0.100725,0.303769,0.115119,0.161893,0.155472,0.15222,4.73191,0.279088,4.64815,0.328945,0.154179,0.480283,0.153658,0.419708,0.152867,0.212658,0.175803,0.214231,0.152608,0.420064,0.155042,0.476545
