KCUD,1,100,2,500,1,0.004117,0.003865,0.000131
KCHOGL,1,100,2,500,1,0.004786,0.003919,0.000702
KCUD,1,100,2,1000,1,0.00437,0.00408,0.000142
KCHOGL,1,100,2,1000,1,0.005201,0.003805,0.001251
KCUD,1,100,2,1500,1,0.00394,0.003677,0.000136
KCHOGL,1,100,2,1500,1,0.006206,0.003824,0.002235
KCUD,11,100,2,500,1,0.013489,0.008434,0.00193
KCHOGL,11,100,2,500,1,0.010983,0.006329,0.002932
KCUD,11,100,2,1000,1,0.012149,0.007885,0.001877
KCHOGL,11,100,2,1000,1,0.012457,0.006361,0.003469
KCUD,11,100,2,1500,1,0.012146,0.008231,0.002076
KCHOGL,11,100,2,1500,1,0.012934,0.006393,0.004509
KCUD,21,100,2,500,1,0.03117,0.014598,0.008066
KCHOGL,21,100,2,500,1,0.031648,0.013644,0.009492
KCUD,21,100,2,1000,1,0.030838,0.014861,0.007706
KCHOGL,21,100,2,1000,1,0.030372,0.012564,0.009795
KCUD,21,100,2,1500,1,0.028812,0.014005,0.007617
KCHOGL,21,100,2,1500,1,0.029927,0.012512,0.010327
KCUD,31,100,2,500,1,0.062868,0.024625,0.018167
KCHOGL,31,100,2,500,1,0.064965,0.023204,0.020576
KCUD,31,100,2,1000,1,0.061764,0.024675,0.017395
KCHOGL,31,100,2,1000,1,0.064343,0.022617,0.02132
KCUD,31,100,2,1500,1,0.062294,0.023754,0.01821
KCHOGL,31,100,2,1500,1,0.057471,0.020536,0.018826
KCUD,41,100,2,500,1,0.091789,0.032172,0.028632
KCHOGL,41,100,2,500,1,0.094498,0.030958,0.031558
KCUD,41,100,2,1000,1,0.092157,0.031364,0.029592
KCHOGL,41,100,2,1000,1,0.093305,0.029998,0.031146
KCUD,41,100,2,1500,1,0.052624,0.01914,0.016441
KCHOGL,41,100,2,1500,1,0.042255,0.012668,0.014261
KCUD,51,100,2,500,1,0.12512,0.048366,0.037803
KCHOGL,51,100,2,500,1,0.132525,0.042544,0.045447
KCUD,51,100,2,1000,1,0.132135,0.04388,0.041554
KCHOGL,51,100,2,1000,1,0.142815,0.043428,0.050003
KCUD,51,100,2,1500,1,0.143683,0.046615,0.044517
KCHOGL,51,100,2,1500,1,0.141212,0.042798,0.049452
KCUD,61,100,2,500,1,0.194633,0.065112,0.05808
KCHOGL,61,100,2,500,1,0.191492,0.058585,0.063659
KCUD,61,100,2,1000,1,0.182284,0.056122,0.060211
KCHOGL,61,100,2,1000,1,0.197011,0.063518,0.070597
KCUD,61,100,2,1500,1,0.196618,0.061982,0.062668
KCHOGL,61,100,2,1500,1,0.20387,0.0633,0.072414
KCUD,71,100,2,500,1,0.257277,0.078555,0.08089
KCHOGL,71,100,2,500,1,0.264114,0.076024,0.089672
KCUD,71,100,2,1000,1,0.231835,0.064428,0.080967
KCHOGL,71,100,2,1000,1,0.251548,0.07646,0.080208
KCUD,71,100,2,1500,1,0.257252,0.082495,0.078042
KCHOGL,71,100,2,1500,1,0.267201,0.076498,0.09339
KCUD,81,100,2,500,1,0.272532,0.079399,0.075958
KCHOGL,81,100,2,500,1,0.283161,0.068611,0.105584
KCUD,81,100,2,1000,1,0.326146,0.107341,0.094797
KCHOGL,81,100,2,1000,1,0.333839,0.094477,0.11697
KCUD,81,100,2,1500,1,0.307584,0.089921,0.094631
KCHOGL,81,100,2,1500,1,0.250281,0.077446,0.077407
KCUD,91,100,2,500,1,0.406198,0.121759,0.129107
KCHOGL,91,100,2,500,1,0.419021,0.120686,0.144384
KCUD,91,100,2,1000,1,0.294158,0.09186,0.088967
KCHOGL,91,100,2,1000,1,0.403093,0.1115,0.136622
KCUD,91,100,2,1500,1,0.40622,0.117731,0.132333
KCHOGL,91,100,2,1500,1,0.414758,0.120976,0.138314
KCUD,101,100,2,500,1,0.477282,0.145322,0.152847
KCHOGL,101,100,2,500,1,0.501549,0.147166,0.168727
KCUD,101,100,2,1000,1,0.379389,0.104452,0.126657
KCHOGL,101,100,2,1000,1,0.494024,0.14279,0.171381
KCUD,101,100,2,1500,1,0.490401,0.149864,0.150099
KCHOGL,101,100,2,1500,1,0.391482,0.125417,0.1284
KCUD,1,100,2,500,1,0.003973,0.003677,0.000128
KCHOGL,1,100,2,500,1,0.003977,0.003227,0.000604
KCUD,1,100,2,1000,1,0.003441,0.003174,0.000109
KCHOGL,1,100,2,1000,1,0.004155,0.003122,0.000914
KCUD,1,100,2,1500,1,0.002871,0.002659,0.0001
KCHOGL,1,100,2,1500,1,0.003665,0.00243,0.001129
KCUD,11,100,2,500,2,0.014615,0.009486,0.002371
KCHOGL,11,100,2,500,2,0.013412,0.007955,0.003078
KCUD,11,100,2,1000,2,0.014674,0.010106,0.002172
KCHOGL,11,100,2,1000,2,0.014609,0.007452,0.004254
KCUD,11,100,2,1500,2,0.015002,0.009772,0.002276
KCHOGL,11,100,2,1500,2,0.015643,0.007286,0.005206
KCUD,21,100,2,500,2,0.041327,0.019185,0.009203
KCHOGL,21,100,2,500,3,0.05494,0.023069,0.015001
KCUD,21,100,2,1000,2,0.042466,0.018764,0.010634
KCHOGL,21,100,2,1000,3,0.059159,0.024758,0.017884
KCUD,21,100,2,1500,2,0.043376,0.020767,0.010107
KCHOGL,21,100,2,1500,3,0.062138,0.023938,0.018832
KCUD,31,100,2,500,2,0.09194,0.039024,0.022139
KCHOGL,31,100,2,500,2,0.097697,0.03251,0.026121
KCUD,31,100,2,1000,2,0.09269,0.036367,0.027559
KCHOGL,31,100,2,1000,2,0.099214,0.034741,0.033025
KCUD,31,100,2,1500,2,0.095225,0.037761,0.021352
KCHOGL,31,100,2,1500,2,0.092486,0.03389,0.031212
KCUD,41,100,2,500,2,0.086028,0.026197,0.021611
KCHOGL,41,100,2,500,3,0.167061,0.05335,0.052218
KCUD,41,100,2,1000,2,0.168718,0.053963,0.043148
KCHOGL,41,100,2,1000,3,0.23482,0.070631,0.066218
KCUD,41,100,2,1500,2,0.173555,0.055688,0.044434
KCHOGL,41,100,2,1500,3,0.242708,0.073285,0.075992
KCUD,51,100,2,500,2,0.251179,0.077955,0.067248
KCHOGL,51,100,2,500,2,0.224434,0.062629,0.057995
KCUD,51,100,2,1000,2,0.21725,0.072058,0.056903
KCHOGL,51,100,2,1000,2,0.232244,0.073347,0.069972
KCUD,51,100,2,1500,2,0.251014,0.081481,0.062307
KCHOGL,51,100,2,1500,2,0.256532,0.070947,0.077181
KCUD,61,100,2,500,2,0.358681,0.105715,0.09757
KCHOGL,61,100,2,500,2,0.202751,0.056983,0.083563
KCUD,61,100,2,1000,2,0.321708,0.100548,0.095444
KCHOGL,61,100,2,1000,2,0.371154,0.10339,0.110497
KCUD,61,100,2,1500,2,0.36092,0.106888,0.10974
KCHOGL,61,100,2,1500,2,0.326253,0.086885,0.088079
KCUD,71,100,2,500,2,0.413125,0.121791,0.125298
KCHOGL,71,100,2,500,2,0.46994,0.128449,0.141321
KCUD,71,100,2,1000,2,0.415265,0.122806,0.124389
KCHOGL,71,100,2,1000,2,0.324864,0.093269,0.112641
KCUD,71,100,2,1500,2,0.457398,0.129757,0.127549
KCHOGL,71,100,2,1500,2,0.473244,0.13111,0.138359
KCUD,81,100,2,500,2,0.518989,0.147077,0.158403
KCHOGL,81,100,2,500,2,0.586787,0.159726,0.189401
KCUD,81,100,2,1000,2,0.483281,0.126371,0.128463
KCHOGL,81,100,2,1000,2,0.575563,0.165822,0.189229
KCUD,81,100,2,1500,2,0.581952,0.163196,0.158237
KCHOGL,81,100,2,1500,2,0.471431,0.123733,0.143741
KCUD,91,100,2,500,2,0.747198,0.207665,0.203983
KCHOGL,91,100,2,500,2,0.703721,0.190903,0.185399
KCUD,91,100,2,1000,2,0.688373,0.198755,0.202666
KCHOGL,91,100,2,1000,2,0.74535,0.208393,0.204731
KCUD,91,100,2,1500,2,0.682658,0.201166,0.196818
KCHOGL,91,100,2,1500,2,0.758414,0.202707,0.223008
KCUD,101,100,2,500,2,0.894609,0.246589,0.246261
KCHOGL,101,100,2,500,2,0.734455,0.188976,0.246654
KCUD,101,100,2,1000,2,0.887311,0.257557,0.255697
KCHOGL,101,100,2,1000,2,0.754849,0.193308,0.23956
KCUD,101,100,2,1500,2,0.795436,0.233073,0.216356
KCHOGL,101,100,2,1500,2,0.824098,0.224908,0.255942
KCUD,1,100,2,500,1,0.003609,0.003336,0.000115
KCHOGL,1,100,2,500,1,0.002952,0.002495,0.000366
KCUD,1,100,2,1000,1,0.002701,0.002473,9.7e-05
KCHOGL,1,100,2,1000,1,0.003153,0.002519,0.000527
KCUD,1,100,2,1500,1,0.002366,0.002169,9.5e-05
KCHOGL,1,100,2,1500,1,0.003184,0.002227,0.000845
KCUD,11,100,2,500,2,0.014301,0.009606,0.00229
KCHOGL,11,100,2,500,2,0.012692,0.007371,0.002961
KCUD,11,100,2,1000,2,0.013687,0.008985,0.002229
KCHOGL,11,100,2,1000,2,0.014298,0.007003,0.004173
KCUD,11,100,2,1500,2,0.013971,0.008838,0.002082
KCHOGL,11,100,2,1500,2,0.015138,0.007665,0.004831
KCUD,21,100,2,500,2,0.040491,0.019626,0.010603
KCHOGL,21,100,2,500,2,0.043018,0.017032,0.01201
KCUD,21,100,2,1000,2,0.037792,0.018612,0.008061
KCHOGL,21,100,2,1000,2,0.044486,0.016253,0.011756
KCUD,21,100,2,1500,2,0.042452,0.018333,0.009952
KCHOGL,21,100,2,1500,2,0.042351,0.018874,0.012359
KCUD,31,100,2,500,2,0.098226,0.035933,0.023183
KCHOGL,31,100,2,500,2,0.101629,0.033551,0.027904
KCUD,31,100,2,1000,2,0.088374,0.034035,0.023906
KCHOGL,31,100,2,1000,2,0.091789,0.034808,0.026577
KCUD,31,100,2,1500,2,0.069644,0.024003,0.016702
KCHOGL,31,100,2,1500,2,0.041055,0.012794,0.013544
KCUD,41,100,2,500,2,0.147104,0.04481,0.046861
KCHOGL,41,100,2,500,2,0.169164,0.046656,0.048822
KCUD,41,100,2,1000,2,0.165911,0.054855,0.043339
KCHOGL,41,100,2,1000,2,0.175925,0.053093,0.048589
KCUD,41,100,2,1500,2,0.171129,0.056472,0.043235
KCHOGL,41,100,2,1500,2,0.175606,0.054144,0.052503
KCUD,51,100,2,500,2,0.247988,0.074303,0.073384
KCHOGL,51,100,2,500,2,0.218016,0.057723,0.05687
KCUD,51,100,2,1000,2,0.218765,0.070289,0.062269
KCHOGL,51,100,2,1000,2,0.245873,0.072986,0.067833
KCUD,51,100,2,1500,2,0.251228,0.077348,0.066741
KCHOGL,51,100,2,1500,2,0.255734,0.073844,0.07525
KCUD,61,100,2,500,2,0.359683,0.105568,0.098652
KCHOGL,61,100,2,500,2,0.225024,0.056695,0.084774
KCUD,61,100,2,1000,2,0.351019,0.101455,0.095476
KCHOGL,61,100,2,1000,2,0.368267,0.103809,0.108296
KCUD,61,100,2,1500,2,0.36169,0.11025,0.093567
KCHOGL,61,100,2,1500,2,0.334123,0.099073,0.085658
KCUD,71,100,2,500,2,0.404249,0.115928,0.119998
KCHOGL,71,100,2,500,2,0.463946,0.120543,0.138938
KCUD,71,100,2,1000,2,0.428703,0.115509,0.137908
KCHOGL,71,100,2,1000,2,0.305822,0.078101,0.110349
KCUD,71,100,2,1500,2,0.422703,0.118988,0.126474
KCHOGL,71,100,2,1500,2,0.459073,0.118232,0.142164
KCUD,81,100,2,500,2,0.471675,0.132367,0.130203
KCHOGL,81,100,2,500,2,0.592668,0.160063,0.176479
KCUD,81,100,2,1000,2,0.539319,0.147129,0.137288
KCHOGL,81,100,2,1000,2,0.533601,0.125003,0.184823
KCUD,81,100,2,1500,2,0.549708,0.171147,0.153254
KCHOGL,81,100,2,1500,2,0.535367,0.130415,0.149302
KCUD,91,100,2,500,2,0.740692,0.207219,0.196885
KCHOGL,91,100,2,500,2,0.750382,0.19915,0.213873
KCUD,91,100,2,1000,2,0.733294,0.205446,0.198314
KCHOGL,91,100,2,1000,2,0.758176,0.202304,0.222164
KCUD,91,100,2,1500,2,0.674477,0.207365,0.186279
KCHOGL,91,100,2,1500,2,0.759781,0.200086,0.225068
KCUD,101,100,2,500,2,0.886636,0.24106,0.239973
KCHOGL,101,100,2,500,2,0.835074,0.216027,0.222406
KCUD,101,100,2,1000,2,0.89359,0.244217,0.242259
KCHOGL,101,100,2,1000,2,0.775208,0.183941,0.226033
KCUD,101,100,2,1500,2,0.877027,0.25008,0.223846
KCHOGL,101,100,2,1500,2,0.772416,0.194686,0.229678
KCUD,1,100,2,500,1,0.004719,0.004448,0.000123
KCHOGL,1,100,2,500,1,0.004147,0.003367,0.000664
KCUD,1,100,2,1000,1,0.003715,0.003461,0.00013
KCHOGL,1,100,2,1000,1,0.003998,0.003096,0.000782
KCUD,1,100,2,1500,1,0.00335,0.003147,0.000102
KCHOGL,1,100,2,1500,1,0.003407,0.00257,0.00069
KCUD,11,100,2,500,1,0.008432,0.005733,0.001236
KCHOGL,11,100,2,500,1,0.009198,0.005103,0.002272
KCUD,11,100,2,1000,1,0.011967,0.008645,0.001398
KCHOGL,11,100,2,1000,1,0.009737,0.005004,0.002868
KCUD,11,100,2,1500,1,0.008672,0.005732,0.001361
KCHOGL,11,100,2,1500,1,0.01021,0.005015,0.00352
KCUD,21,100,2,500,1,0.022732,0.01163,0.005917
KCHOGL,21,100,2,500,1,0.022941,0.010468,0.007198
KCUD,21,100,2,1000,1,0.026057,0.011515,0.005508
KCHOGL,21,100,2,1000,1,0.024003,0.010507,0.008409
KCUD,21,100,2,1500,1,0.026374,0.011516,0.005906
KCHOGL,21,100,2,1500,1,0.024671,0.010698,0.008718
KCUD,31,100,2,500,1,0.060859,0.021975,0.016042
KCHOGL,31,100,2,500,1,0.051795,0.019532,0.016586
KCUD,31,100,2,1000,1,0.051264,0.021029,0.016574
KCHOGL,31,100,2,1000,1,0.052415,0.019669,0.018664
KCUD,31,100,2,1500,1,0.050983,0.02061,0.016035
KCHOGL,31,100,2,1500,1,0.053276,0.020468,0.017616
KCUD,41,100,2,500,1,0.089425,0.031649,0.028638
KCHOGL,41,100,2,500,1,0.092498,0.030722,0.032269
KCUD,41,100,2,1000,1,0.077293,0.028426,0.020926
KCHOGL,41,100,2,1000,1,0.040383,0.012857,0.01469
KCUD,41,100,2,1500,1,0.081657,0.026641,0.027501
KCHOGL,41,100,2,1500,1,0.08098,0.029357,0.02569
KCUD,51,100,2,500,1,0.129834,0.042248,0.04374
KCHOGL,51,100,2,500,1,0.130169,0.043222,0.045991
KCUD,51,100,2,1000,1,0.135998,0.047818,0.044413
KCHOGL,51,100,2,1000,1,0.143229,0.043443,0.053541
KCUD,51,100,2,1500,1,0.136274,0.046882,0.043637
KCHOGL,51,100,2,1500,1,0.145593,0.045704,0.054956
KCUD,61,100,2,500,1,0.188995,0.061174,0.062219
KCHOGL,61,100,2,500,1,0.133478,0.035399,0.04719
KCUD,61,100,2,1000,1,0.17835,0.067558,0.056835
KCHOGL,61,100,2,1000,1,0.190477,0.057313,0.069293
KCUD,61,100,2,1500,1,0.190891,0.066134,0.061437
KCHOGL,61,100,2,1500,1,0.209591,0.06326,0.082462
KCUD,71,100,2,500,1,0.274974,0.07679,0.083263
KCHOGL,71,100,2,500,1,0.279048,0.076804,0.087586
KCUD,71,100,2,1000,1,0.216434,0.061867,0.080942
KCHOGL,71,100,2,1000,1,0.270212,0.076482,0.080561
KCUD,71,100,2,1500,1,0.276415,0.077302,0.084226
KCHOGL,71,100,2,1500,1,0.280443,0.076103,0.092745
KCUD,81,100,2,500,1,0.302928,0.092426,0.092458
KCHOGL,81,100,2,500,1,0.239908,0.067378,0.084654
KCUD,81,100,2,1000,1,0.309606,0.094762,0.099952
KCHOGL,81,100,2,1000,1,0.326081,0.093883,0.114674
KCUD,81,100,2,1500,1,0.317257,0.096089,0.104186
KCHOGL,81,100,2,1500,1,0.215301,0.06278,0.08961
KCUD,91,100,2,500,1,0.398077,0.120201,0.128353
KCHOGL,91,100,2,500,1,0.411635,0.126436,0.131732
KCUD,91,100,2,1000,1,0.294755,0.078082,0.101492
KCHOGL,91,100,2,1000,1,0.386542,0.110614,0.128382
KCUD,91,100,2,1500,1,0.404932,0.118805,0.132012
KCHOGL,91,100,2,1500,1,0.419632,0.122085,0.143704
KCUD,101,100,2,500,1,0.501337,0.144504,0.176848
KCHOGL,101,100,2,500,1,0.537549,0.146853,0.200533
KCUD,101,100,2,1000,1,0.379595,0.093536,0.138314
KCHOGL,101,100,2,1000,1,0.484183,0.140628,0.158155
KCUD,101,100,2,1500,1,0.521703,0.146277,0.186923
KCHOGL,101,100,2,1500,1,0.402673,0.093963,0.129557
KCUD,1,100,2,500,1,0.003014,0.002798,0.000102
KCHOGL,1,100,2,500,1,0.003262,0.002696,0.000423
KCUD,1,100,2,1000,1,0.003265,0.003025,0.000105
KCHOGL,1,100,2,1000,1,0.003425,0.002776,0.000554
KCUD,1,100,2,1500,1,0.002483,0.002278,9.6e-05
KCHOGL,1,100,2,1500,1,0.003518,0.002339,0.001093
KCUD,11,100,2,500,2,0.014304,0.008995,0.002124
KCHOGL,11,100,2,500,2,0.013543,0.0079,0.003335
KCUD,11,100,2,1000,2,0.013703,0.008558,0.002168
KCHOGL,11,100,2,1000,2,0.010754,0.005534,0.003046
KCUD,11,100,2,1500,2,0.010593,0.006614,0.001777
KCHOGL,11,100,2,1500,2,0.010414,0.005144,0.00312
KCUD,21,100,2,500,2,0.038782,0.016899,0.00971
KCHOGL,21,100,2,500,2,0.038981,0.016336,0.011639
KCUD,21,100,2,1000,2,0.038186,0.015592,0.008955
KCHOGL,21,100,2,1000,2,0.040542,0.016462,0.013497
KCUD,21,100,2,1500,2,0.039905,0.019189,0.009384
KCHOGL,21,100,2,1500,2,0.041463,0.016246,0.014665
KCUD,31,100,2,500,2,0.085803,0.033352,0.022973
KCHOGL,31,100,2,500,2,0.099611,0.033918,0.026763
KCUD,31,100,2,1000,2,0.098267,0.034899,0.02357
KCHOGL,31,100,2,1000,2,0.101288,0.033445,0.027081
KCUD,31,100,2,1500,2,0.09451,0.032867,0.026378
KCHOGL,31,100,2,1500,2,0.100966,0.03443,0.027379
KCUD,41,100,2,500,2,0.189295,0.063097,0.060264
KCHOGL,41,100,2,500,2,0.181902,0.059614,0.057614
KCUD,41,100,2,1000,2,0.096039,0.032368,0.034486
KCHOGL,41,100,2,1000,2,0.139146,0.045474,0.041558
KCUD,41,100,2,1500,2,0.162407,0.043205,0.042237
KCHOGL,41,100,2,1500,2,0.152336,0.05018,0.04865
KCUD,51,100,2,500,2,0.232225,0.074207,0.067409
KCHOGL,51,100,2,500,2,0.252421,0.072828,0.07534
KCUD,51,100,2,1000,2,0.229945,0.075584,0.064644
KCHOGL,51,100,2,1000,2,0.209833,0.052913,0.055779
KCUD,51,100,2,1500,2,0.156397,0.043526,0.051879
KCHOGL,51,100,2,1500,2,0.252655,0.073401,0.07565
KCUD,61,100,2,500,2,0.328347,0.106241,0.087421
KCHOGL,61,100,2,500,2,0.371721,0.104165,0.108853
KCUD,61,100,2,1000,2,0.267845,0.076866,0.075657
KCHOGL,61,100,2,1000,2,0.274545,0.076936,0.090458
KCUD,61,100,2,1500,2,0.32493,0.107613,0.0906
KCHOGL,61,100,2,1500,2,0.37863,0.102966,0.119664
KCUD,71,100,2,500,2,0.371544,0.097852,0.102167
KCHOGL,71,100,2,500,2,0.391053,0.115039,0.11227
KCUD,71,100,2,1000,2,0.424839,0.135151,0.117847
KCHOGL,71,100,2,1000,2,0.484526,0.133578,0.149037
KCUD,71,100,2,1500,2,0.377511,0.103245,0.120551
KCHOGL,71,100,2,1500,2,0.438298,0.115897,0.162862
KCUD,81,100,2,500,2,0.58792,0.161926,0.164725
KCHOGL,81,100,2,500,2,0.460081,0.117095,0.138907
KCUD,81,100,2,1000,2,0.607041,0.163082,0.182503
KCHOGL,81,100,2,1000,2,0.566273,0.158123,0.182997
KCUD,81,100,2,1500,2,0.559554,0.157337,0.163159
KCHOGL,81,100,2,1500,2,0.601965,0.158098,0.182368
KCUD,91,100,2,500,2,0.603858,0.165341,0.159808
KCHOGL,91,100,2,500,2,0.751843,0.203267,0.219441
KCUD,91,100,2,1000,2,0.550615,0.181881,0.171666
KCHOGL,91,100,2,1000,2,0.698993,0.211005,0.209013
KCUD,91,100,2,1500,2,0.591783,0.147135,0.161965
KCHOGL,91,100,2,1500,2,0.738048,0.196135,0.240631
KCUD,101,100,2,500,2,0.68544,0.204853,0.224887
KCHOGL,101,100,2,500,2,0.845895,0.23523,0.262884
KCUD,101,100,2,1000,2,0.836248,0.226513,0.233839
KCHOGL,101,100,2,1000,2,0.848655,0.235024,0.268914
KCUD,101,100,2,1500,2,0.865962,0.252003,0.230167
KCHOGL,101,100,2,1500,2,0.922932,0.239716,0.283874
KCUD,1,100,2,500,2,0.004635,0.00435,0.000145
KCHOGL,1,100,2,500,2,0.004552,0.004164,0.000245
KCUD,1,100,2,1000,2,0.004579,0.004298,0.000143
KCHOGL,1,100,2,1000,2,0.004512,0.004103,0.00024
KCUD,1,100,2,1500,2,0.004522,0.004231,0.000143
KCHOGL,1,100,2,1500,2,0.004487,0.004101,0.000241
KCUD,11,100,2,500,1,0.006844,0.004594,0.0012
KCHOGL,11,100,2,500,1,0.00695,0.00372,0.002079
KCUD,11,100,2,1000,1,0.008756,0.005998,0.001481
KCHOGL,11,100,2,1000,1,0.009623,0.005166,0.003111
KCUD,11,100,2,1500,1,0.009002,0.006076,0.001492
KCHOGL,11,100,2,1500,1,0.01148,0.005099,0.004028
KCUD,21,100,2,500,1,0.024666,0.01062,0.005613
KCHOGL,21,100,2,500,1,0.027184,0.009929,0.007467
KCUD,21,100,2,1000,1,0.014921,0.007554,0.004008
KCHOGL,21,100,2,1000,1,0.01816,0.006857,0.006045
KCUD,21,100,2,1500,1,0.023206,0.011539,0.005954
KCHOGL,21,100,2,1500,1,0.02704,0.011814,0.008334
KCUD,31,100,2,500,1,0.047831,0.018442,0.014839
KCHOGL,31,100,2,500,1,0.060495,0.019537,0.017219
KCUD,31,100,2,1000,1,0.055565,0.019101,0.014282
KCHOGL,31,100,2,1000,1,0.059491,0.018481,0.018475
KCUD,31,100,2,1500,1,0.059915,0.021285,0.013536
KCHOGL,31,100,2,1500,1,0.064066,0.019588,0.019711
KCUD,41,100,2,500,1,0.091612,0.033225,0.029433
KCHOGL,41,100,2,500,1,0.107305,0.033938,0.031132
KCUD,41,100,2,1000,1,0.102255,0.03348,0.028222
KCHOGL,41,100,2,1000,1,0.093586,0.032008,0.032733
KCUD,41,100,2,1500,1,0.090283,0.033719,0.027407
KCHOGL,41,100,2,1500,1,0.095354,0.032839,0.03334
KCUD,51,100,2,500,1,0.125292,0.042538,0.042667
KCHOGL,51,100,2,500,1,0.062773,0.019578,0.022651
KCUD,51,100,2,1000,1,0.11378,0.03656,0.035919
KCHOGL,51,100,2,1000,1,0.146712,0.040534,0.045275
KCUD,51,100,2,1500,1,0.125136,0.041353,0.040286
KCHOGL,51,100,2,1500,1,0.140654,0.047959,0.047427
KCUD,61,100,2,500,1,0.215938,0.063782,0.060609
KCHOGL,61,100,2,500,1,0.224101,0.062727,0.07024
KCUD,61,100,2,1000,1,0.219447,0.062628,0.062873
KCHOGL,61,100,2,1000,1,0.180667,0.046402,0.046479
KCUD,61,100,2,1500,1,0.194704,0.065291,0.060376
KCHOGL,61,100,2,1500,1,0.218474,0.059847,0.067976
KCUD,71,100,2,500,1,0.247627,0.077454,0.082549
KCHOGL,71,100,2,500,1,0.280862,0.075559,0.089977
KCUD,71,100,2,1000,1,0.276082,0.077792,0.08376
KCHOGL,71,100,2,1000,1,0.19512,0.051561,0.06533
KCUD,71,100,2,1500,1,0.237286,0.079205,0.0753
KCHOGL,71,100,2,1500,1,0.25766,0.07795,0.097708
KCUD,81,100,2,500,1,0.316013,0.098603,0.105242
KCHOGL,81,100,2,500,1,0.325531,0.095463,0.115431
KCUD,81,100,2,1000,1,0.254729,0.075458,0.081003
KCHOGL,81,100,2,1000,1,0.313446,0.104537,0.096779
KCUD,81,100,2,1500,1,0.315602,0.100007,0.100632
KCHOGL,81,100,2,1500,1,0.328453,0.096771,0.11743
KCUD,91,100,2,500,1,0.321733,0.085598,0.102149
KCHOGL,91,100,2,500,1,0.395606,0.110914,0.140916
KCUD,91,100,2,1000,1,0.40021,0.122091,0.128858
KCHOGL,91,100,2,1000,1,0.402928,0.116397,0.135393
KCUD,91,100,2,1500,1,0.383793,0.113667,0.125967
KCHOGL,91,100,2,1500,1,0.417311,0.119782,0.14586
KCUD,101,100,2,500,1,0.381641,0.094489,0.117942
KCHOGL,101,100,2,500,1,0.474735,0.139238,0.15709
KCUD,101,100,2,1000,1,0.485546,0.143037,0.154548
KCHOGL,101,100,2,1000,1,0.42064,0.111321,0.131041
KCUD,101,100,2,1500,1,0.483988,0.142255,0.153977
KCHOGL,101,100,2,1500,1,0.501228,0.143601,0.179725
KCUD,1,100,2,500,1,0.004226,0.00396,0.000124
KCHOGL,1,100,2,500,1,0.003544,0.002856,0.000574
KCUD,1,100,2,1000,1,0.004084,0.00379,0.000134
KCHOGL,1,100,2,1000,1,0.004275,0.003113,0.001045
KCUD,1,100,2,1500,1,0.003965,0.003709,0.000109
KCHOGL,1,100,2,1500,1,0.004792,0.003009,0.001644
KCUD,11,100,2,500,1,0.007815,0.005157,0.001465
KCHOGL,11,100,2,500,1,0.00925,0.005492,0.002245
KCUD,11,100,2,1000,1,0.008904,0.005527,0.00137
KCHOGL,11,100,2,1000,1,0.009518,0.005255,0.002461
KCUD,11,100,2,1500,1,0.008754,0.005713,0.001412
KCHOGL,11,100,2,1500,1,0.010009,0.004887,0.003249
KCUD,21,100,2,500,1,0.022459,0.010467,0.00542
KCHOGL,21,100,2,500,1,0.027124,0.01039,0.006749
KCUD,21,100,2,1000,1,0.021692,0.009344,0.006126
KCHOGL,21,100,2,1000,1,0.023556,0.009754,0.00804
KCUD,21,100,2,1500,1,0.018804,0.008631,0.005594
KCHOGL,21,100,2,1500,1,0.024042,0.010284,0.008739
KCUD,31,100,2,500,1,0.024681,0.0091,0.007688
KCHOGL,31,100,2,500,1,0.022785,0.008083,0.007995
KCUD,31,100,2,1000,1,0.037549,0.016093,0.011543
KCHOGL,31,100,2,1000,1,0.054376,0.016712,0.016849
KCUD,31,100,2,1500,1,0.047777,0.014803,0.011838
KCHOGL,31,100,2,1500,1,0.0512,0.019613,0.019262
KCUD,41,100,2,500,1,0.087607,0.0335,0.026136
KCHOGL,41,100,2,500,1,0.08726,0.03225,0.026876
KCUD,41,100,2,1000,1,0.087963,0.030229,0.028261
KCHOGL,41,100,2,1000,1,0.107245,0.031306,0.032658
KCUD,41,100,2,1500,1,0.090181,0.033285,0.028179
KCHOGL,41,100,2,1500,1,0.108373,0.032581,0.033946
KCUD,51,100,2,500,1,0.149629,0.045338,0.042454
KCHOGL,51,100,2,500,1,0.155565,0.044129,0.049698
KCUD,51,100,2,1000,1,0.133757,0.045479,0.044489
KCHOGL,51,100,2,1000,1,0.145406,0.044799,0.044772
KCUD,51,100,2,1500,1,0.115336,0.032601,0.035459
KCHOGL,51,100,2,1500,1,0.136968,0.035191,0.04992
KCUD,61,100,2,500,1,0.180234,0.061322,0.060031
KCHOGL,61,100,2,500,1,0.196549,0.062544,0.068392
KCUD,61,100,2,1000,1,0.188498,0.061991,0.061791
KCHOGL,61,100,2,1000,1,0.196843,0.063017,0.069253
KCUD,61,100,2,1500,1,0.190484,0.063057,0.06295
KCHOGL,61,100,2,1500,1,0.126616,0.037357,0.050481
KCUD,71,100,2,500,1,0.238791,0.074411,0.084956
KCHOGL,71,100,2,500,1,0.245002,0.073657,0.089978
KCUD,71,100,2,1000,1,0.24399,0.076707,0.08128
KCHOGL,71,100,2,1000,1,0.253457,0.075385,0.091594
KCUD,71,100,2,1500,1,0.222017,0.07518,0.06708
KCHOGL,71,100,2,1500,1,0.181771,0.059156,0.067122
KCUD,81,100,2,500,1,0.30671,0.095719,0.102749
KCHOGL,81,100,2,500,1,0.326566,0.098488,0.116082
KCUD,81,100,2,1000,1,0.318597,0.098186,0.105557
KCHOGL,81,100,2,1000,1,0.228236,0.061609,0.080742
KCUD,81,100,2,1500,1,0.301254,0.098523,0.091889
KCHOGL,81,100,2,1500,1,0.343872,0.096552,0.132259
KCUD,91,100,2,500,1,0.400325,0.120999,0.129932
KCHOGL,91,100,2,500,1,0.286577,0.082013,0.122021
KCUD,91,100,2,1000,1,0.447517,0.122103,0.127755
KCHOGL,91,100,2,1000,1,0.410835,0.126366,0.136694
KCUD,91,100,2,1500,1,0.368231,0.102109,0.119597
KCHOGL,91,100,2,1500,1,0.402639,0.116803,0.144533
KCUD,101,100,2,500,1,0.488848,0.145377,0.15595
KCHOGL,101,100,2,500,1,0.383154,0.127933,0.147485
KCUD,101,100,2,1000,1,0.487699,0.146488,0.153074
KCHOGL,101,100,2,1000,1,0.506445,0.144783,0.173101
KCUD,101,100,2,1500,1,0.473152,0.145234,0.146818
KCHOGL,101,100,2,1500,1,0.509642,0.14584,0.175599
KCUD,1,100,2,500,1,0.0034,0.003147,0.00012
KCHOGL,1,100,2,500,1,0.003449,0.002949,0.000389
KCUD,1,100,2,1000,1,0.002848,0.002599,9.5e-05
KCHOGL,1,100,2,1000,1,0.003382,0.002714,0.00054
KCUD,1,100,2,1500,1,0.002624,0.00241,9.4e-05
KCHOGL,1,100,2,1500,1,0.003252,0.002625,0.000478
KCUD,11,100,2,500,2,0.015798,0.01101,0.002088
KCHOGL,11,100,2,500,2,0.014158,0.007869,0.003202
KCUD,11,100,2,1000,2,0.015626,0.010885,0.002192
KCHOGL,11,100,2,1000,2,0.015794,0.00815,0.004458
KCUD,11,100,2,1500,2,0.016034,0.010682,0.002136
KCHOGL,11,100,2,1500,2,0.015707,0.007856,0.005012
KCUD,21,100,2,500,2,0.041407,0.017904,0.00989
KCHOGL,21,100,2,500,2,0.042655,0.016989,0.010761
KCUD,21,100,2,1000,2,0.043094,0.018119,0.009786
KCHOGL,21,100,2,1000,2,0.044822,0.019338,0.011074
KCUD,21,100,2,1500,2,0.041216,0.020468,0.009857
KCHOGL,21,100,2,1500,2,0.043122,0.016241,0.014398
KCUD,31,100,2,500,2,0.088513,0.033362,0.020293
KCHOGL,31,100,2,500,2,0.05512,0.016759,0.015115
KCUD,31,100,2,1000,2,0.05925,0.023988,0.016722
KCHOGL,31,100,2,1000,2,0.090392,0.031925,0.024671
KCUD,31,100,2,1500,2,0.100965,0.036724,0.02503
KCHOGL,31,100,2,1500,2,0.094666,0.029937,0.027559
KCUD,41,100,2,500,2,0.166512,0.055155,0.043576
KCHOGL,41,100,2,500,2,0.174985,0.055305,0.047282
KCUD,41,100,2,1000,2,0.171565,0.057748,0.041116
KCHOGL,41,100,2,1000,2,0.173751,0.055164,0.045006
KCUD,41,100,2,1500,2,0.171211,0.05735,0.043076
KCHOGL,41,100,2,1500,2,0.176027,0.056382,0.046682
KCUD,51,100,2,500,2,0.158607,0.043504,0.04802
KCHOGL,51,100,2,500,2,0.234588,0.067766,0.068265
KCUD,51,100,2,1000,2,0.229462,0.078307,0.065254
KCHOGL,51,100,2,1000,2,0.256808,0.073085,0.076268
KCUD,51,100,2,1500,2,0.248042,0.077598,0.065716
KCHOGL,51,100,2,1500,2,0.241675,0.07376,0.078018
KCUD,61,100,2,500,2,0.27253,0.08217,0.07431
KCHOGL,61,100,2,500,2,0.35638,0.105439,0.101911
KCUD,61,100,2,1000,2,0.356136,0.109463,0.091371
KCHOGL,61,100,2,1000,2,0.369529,0.108194,0.102901
KCUD,61,100,2,1500,2,0.226688,0.07691,0.064503
KCHOGL,61,100,2,1500,2,0.33494,0.100994,0.106457
KCUD,71,100,2,500,2,0.454274,0.125857,0.127089
KCHOGL,71,100,2,500,2,0.465217,0.12556,0.139993
KCUD,71,100,2,1000,2,0.393601,0.120076,0.108255
KCHOGL,71,100,2,1000,2,0.454499,0.122329,0.139596
KCUD,71,100,2,1500,2,0.455102,0.127664,0.12995
KCHOGL,71,100,2,1500,2,0.380483,0.102929,0.115818
KCUD,81,100,2,500,2,0.573804,0.161474,0.160188
KCHOGL,81,100,2,500,2,0.557228,0.162674,0.176209
KCUD,81,100,2,1000,2,0.510153,0.132792,0.159492
KCHOGL,81,100,2,1000,2,0.585426,0.156471,0.17564
KCUD,81,100,2,1500,2,0.506619,0.135045,0.127701
KCHOGL,81,100,2,1500,2,0.526591,0.150471,0.164018
KCUD,91,100,2,500,2,0.734822,0.204046,0.201506
KCHOGL,91,100,2,500,2,0.619153,0.197547,0.178696
KCUD,91,100,2,1000,2,0.737107,0.200981,0.204073
KCHOGL,91,100,2,1000,2,0.567966,0.138694,0.206221
KCUD,91,100,2,1500,2,0.682632,0.202355,0.199028
KCHOGL,91,100,2,1500,2,0.609085,0.157163,0.167897
KCUD,101,100,2,500,2,0.899696,0.247252,0.241043
KCHOGL,101,100,2,500,2,0.786322,0.22145,0.221426
KCUD,101,100,2,1000,2,0.762478,0.193937,0.220811
KCHOGL,101,100,2,1000,2,0.876082,0.227616,0.263122
KCUD,101,100,2,1500,2,0.740847,0.200574,0.224463
KCHOGL,101,100,2,1500,2,0.898279,0.24103,0.258949
KCUD,1,100,2,500,2,0.012213,0.011742,0.000227
KCHOGL,1,100,2,500,2,0.007067,0.006299,0.000486
KCUD,1,100,2,1000,2,0.006352,0.005896,0.00021
KCHOGL,1,100,2,1000,2,0.006168,0.005582,0.000362
KCUD,1,100,2,1500,2,0.005609,0.005284,0.000146
KCHOGL,1,100,2,1500,2,0.006458,0.005815,0.000384
KCUD,11,100,2,500,1,0.00992,0.006755,0.001453
KCHOGL,11,100,2,500,1,0.009916,0.005414,0.002353
KCUD,11,100,2,1000,1,0.009238,0.005791,0.001458
KCHOGL,11,100,2,1000,1,0.009406,0.004864,0.003157
KCUD,11,100,2,1500,1,0.010232,0.006831,0.001392
KCHOGL,11,100,2,1500,1,0.011173,0.00541,0.003908
KCUD,21,100,2,500,1,0.022248,0.010323,0.005729
KCHOGL,21,100,2,500,1,0.023651,0.010127,0.00804
KCUD,21,100,2,1000,1,0.022329,0.011036,0.00608
KCHOGL,21,100,2,1000,1,0.024899,0.010412,0.008876
KCUD,21,100,2,1500,1,0.027825,0.01161,0.005983
KCHOGL,21,100,2,1500,1,0.029825,0.009893,0.009702
KCUD,31,100,2,500,1,0.059535,0.021192,0.013857
KCHOGL,31,100,2,500,1,0.060349,0.020426,0.015767
KCUD,31,100,2,1000,1,0.050479,0.022565,0.013958
KCHOGL,31,100,2,1000,1,0.031176,0.009151,0.009136
KCUD,31,100,2,1500,1,0.025435,0.009271,0.007739
KCHOGL,31,100,2,1500,1,0.029805,0.009273,0.013859
KCUD,41,100,2,500,1,0.083793,0.022147,0.021803
KCHOGL,41,100,2,500,1,0.112701,0.036005,0.030384
KCUD,41,100,2,1000,1,0.088495,0.032497,0.027904
KCHOGL,41,100,2,1000,1,0.101172,0.029628,0.030925
KCUD,41,100,2,1500,1,0.105906,0.032611,0.029154
KCHOGL,41,100,2,1500,1,0.095381,0.032213,0.033849
KCUD,51,100,2,500,1,0.149275,0.045244,0.042091
KCHOGL,51,100,2,500,1,0.138973,0.044048,0.047896
KCUD,51,100,2,1000,1,0.135218,0.04491,0.043114
KCHOGL,51,100,2,1000,1,0.141066,0.045308,0.049683
KCUD,51,100,2,1500,1,0.088814,0.029092,0.031227
KCHOGL,51,100,2,1500,1,0.071813,0.018446,0.033094
KCUD,61,100,2,500,1,0.210267,0.066435,0.061362
KCHOGL,61,100,2,500,1,0.187983,0.060844,0.066986
KCUD,61,100,2,1000,1,0.218094,0.062825,0.061931
KCHOGL,61,100,2,1000,1,0.222715,0.061952,0.070771
KCUD,61,100,2,1500,1,0.191279,0.063505,0.062295
KCHOGL,61,100,2,1500,1,0.224896,0.062096,0.071726
KCUD,71,100,2,500,1,0.222643,0.064161,0.07812
KCHOGL,71,100,2,500,1,0.243824,0.073283,0.08641
KCUD,71,100,2,1000,1,0.247579,0.078294,0.083609
KCHOGL,71,100,2,1000,1,0.251634,0.079014,0.088745
KCUD,71,100,2,1500,1,0.246764,0.079394,0.081768
KCHOGL,71,100,2,1500,1,0.18386,0.049414,0.063863
KCUD,81,100,2,500,1,0.303409,0.090599,0.098929
KCHOGL,81,100,2,500,1,0.32549,0.097166,0.115795
KCUD,81,100,2,1000,1,0.317691,0.098246,0.104817
KCHOGL,81,100,2,1000,1,0.321764,0.099889,0.109376
KCUD,81,100,2,1500,1,0.304639,0.095898,0.103712
KCHOGL,81,100,2,1500,1,0.317215,0.100652,0.106497
KCUD,91,100,2,500,1,0.403359,0.122971,0.128908
KCHOGL,91,100,2,500,1,0.343608,0.095527,0.105925
KCUD,91,100,2,1000,1,0.390455,0.120696,0.126177
KCHOGL,91,100,2,1000,1,0.415193,0.120801,0.143757
KCUD,91,100,2,1500,1,0.328748,0.088217,0.098084
KCHOGL,91,100,2,1500,1,0.391411,0.121843,0.133173
KCUD,101,100,2,500,1,0.491995,0.148629,0.158469
KCHOGL,101,100,2,500,1,0.500907,0.144517,0.166411
KCUD,101,100,2,1000,1,0.47192,0.152799,0.13797
KCHOGL,101,100,2,1000,1,0.504784,0.144165,0.175022
KCUD,101,100,2,1500,1,0.38942,0.102821,0.130385
KCHOGL,101,100,2,1500,1,0.494385,0.143385,0.172664
KCUD,1,100,2,500,2,0.005561,0.00515,0.00017
KCHOGL,1,100,2,500,2,0.005482,0.004906,0.000309
KCUD,1,100,2,1000,2,0.004814,0.004454,0.000148
KCHOGL,1,100,2,1000,2,0.005546,0.005004,0.000305
KCUD,1,100,2,1500,2,0.005487,0.005077,0.000166
KCHOGL,1,100,2,1500,2,0.005055,0.004589,0.000255
KCUD,11,100,2,500,1,0.009102,0.006281,0.001438
KCHOGL,11,100,2,500,1,0.010061,0.005436,0.002748
KCUD,11,100,2,1000,1,0.009064,0.006279,0.001384
KCHOGL,11,100,2,1000,1,0.010235,0.005443,0.003382
KCUD,11,100,2,1500,1,0.009039,0.005922,0.001306
KCHOGL,11,100,2,1500,1,0.011354,0.005188,0.004623
KCUD,21,100,2,500,1,0.024089,0.011017,0.006072
KCHOGL,21,100,2,500,1,0.025079,0.010547,0.007935
KCUD,21,100,2,1000,1,0.023611,0.011382,0.006843
KCHOGL,21,100,2,1000,1,0.024762,0.011365,0.008554
KCUD,21,100,2,1500,1,0.023366,0.011146,0.007103
KCHOGL,21,100,2,1500,1,0.025181,0.011201,0.008807
KCUD,31,100,2,500,1,0.059112,0.021676,0.014235
KCHOGL,31,100,2,500,1,0.051814,0.020623,0.016374
KCUD,31,100,2,1000,1,0.050654,0.021169,0.014042
KCHOGL,31,100,2,1000,1,0.055033,0.020028,0.019781
KCUD,31,100,2,1500,1,0.04989,0.020663,0.015241
KCHOGL,31,100,2,1500,1,0.055872,0.020861,0.019712
KCUD,41,100,2,500,1,0.08131,0.030356,0.026724
KCHOGL,41,100,2,500,1,0.063971,0.018628,0.015923
KCUD,41,100,2,1000,1,0.073121,0.025651,0.021124
KCHOGL,41,100,2,1000,1,0.086892,0.03196,0.029815
KCUD,41,100,2,1500,1,0.083937,0.031966,0.025286
KCHOGL,41,100,2,1500,1,0.093674,0.032136,0.03301
KCUD,51,100,2,500,1,0.146243,0.044373,0.043187
KCHOGL,51,100,2,500,1,0.156294,0.044783,0.048634
KCUD,51,100,2,1000,1,0.150857,0.045319,0.044799
KCHOGL,51,100,2,1000,1,0.153835,0.044395,0.047877
KCUD,51,100,2,1500,1,0.150818,0.045184,0.043166
KCHOGL,51,100,2,1500,1,0.158928,0.044352,0.051773
KCUD,61,100,2,500,1,0.087977,0.027624,0.030742
KCHOGL,61,100,2,500,1,0.176988,0.060427,0.062784
KCUD,61,100,2,1000,1,0.183481,0.058893,0.061076
KCHOGL,61,100,2,1000,1,0.196751,0.060504,0.070989
KCUD,61,100,2,1500,1,0.190963,0.062934,0.061461
KCHOGL,61,100,2,1500,1,0.198997,0.063258,0.070306
KCUD,71,100,2,500,1,0.272171,0.077003,0.079948
KCHOGL,71,100,2,500,1,0.139609,0.035395,0.063796
KCUD,71,100,2,1000,1,0.238321,0.074599,0.078856
KCHOGL,71,100,2,1000,1,0.25277,0.076407,0.089541
KCUD,71,100,2,1500,1,0.24547,0.079318,0.079081
KCHOGL,71,100,2,1500,1,0.25873,0.077789,0.093576
KCUD,81,100,2,500,1,0.223086,0.074784,0.080396
KCHOGL,81,100,2,500,1,0.314921,0.09478,0.115631
KCUD,81,100,2,1000,1,0.318586,0.100006,0.104881
KCHOGL,81,100,2,1000,1,0.327581,0.096583,0.116796
KCUD,81,100,2,1500,1,0.206013,0.058045,0.081447
KCHOGL,81,100,2,1500,1,0.297424,0.095792,0.104069
KCUD,91,100,2,500,1,0.400524,0.123685,0.12536
KCHOGL,91,100,2,500,1,0.416016,0.121544,0.142322
KCUD,91,100,2,1000,1,0.35971,0.113328,0.124212
KCHOGL,91,100,2,1000,1,0.403112,0.119345,0.141808
KCUD,91,100,2,1500,1,0.403397,0.121356,0.1303
KCHOGL,91,100,2,1500,1,0.3639,0.111881,0.109146
KCUD,101,100,2,500,1,0.479898,0.14063,0.153021
KCHOGL,101,100,2,500,1,0.504556,0.145186,0.172811
KCUD,101,100,2,1000,1,0.418012,0.124025,0.137756
KCHOGL,101,100,2,1000,1,0.499277,0.14483,0.169957
KCUD,101,100,2,1500,1,0.484582,0.145642,0.151207
KCHOGL,101,100,2,1500,1,0.41819,0.101945,0.14998
KCUD,1,100,2,500,2,0.005625,0.005216,0.000181
KCHOGL,1,100,2,500,2,0.005993,0.004944,0.000842
KCUD,1,100,2,1000,2,0.005583,0.005178,0.000172
KCHOGL,1,100,2,1000,2,0.006405,0.004818,0.001371
KCUD,1,100,2,1500,2,0.005265,0.004873,0.000161
KCHOGL,1,100,2,1500,2,0.006469,0.004487,0.001752
KCUD,11,100,2,500,1,0.008525,0.005763,0.00141
KCHOGL,11,100,2,500,1,0.008477,0.005272,0.001868
KCUD,11,100,2,1000,1,0.008642,0.005751,0.001296
KCHOGL,11,100,2,1000,1,0.009839,0.005604,0.002397
KCUD,11,100,2,1500,1,0.008849,0.005965,0.001411
KCHOGL,11,100,2,1500,1,0.009968,0.005472,0.002657
KCUD,21,100,2,500,1,0.021915,0.010901,0.005724
KCHOGL,21,100,2,500,1,0.023292,0.011286,0.006874
KCUD,21,100,2,1000,1,0.022542,0.010905,0.006527
KCHOGL,21,100,2,1000,1,0.025373,0.011052,0.009016
KCUD,21,100,2,1500,1,0.02535,0.010763,0.005897
KCHOGL,21,100,2,1500,1,0.028629,0.011984,0.010156
KCUD,31,100,2,500,1,0.050367,0.02028,0.014896
KCHOGL,31,100,2,500,1,0.060775,0.020029,0.018022
KCUD,31,100,2,1000,1,0.060302,0.021546,0.014519
KCHOGL,31,100,2,1000,1,0.054161,0.020538,0.01877
KCUD,31,100,2,1500,1,0.048449,0.021189,0.012098
KCHOGL,31,100,2,1500,1,0.055691,0.020262,0.020241
KCUD,41,100,2,500,1,0.090496,0.033657,0.029031
KCHOGL,41,100,2,500,1,0.092728,0.032611,0.032214
KCUD,41,100,2,1000,1,0.090797,0.034188,0.028319
KCHOGL,41,100,2,1000,1,0.093664,0.034699,0.031704
KCUD,41,100,2,1500,1,0.041236,0.014281,0.013901
KCHOGL,41,100,2,1500,1,0.04514,0.013453,0.015721
KCUD,51,100,2,500,1,0.123509,0.038532,0.04255
KCHOGL,51,100,2,500,1,0.150508,0.043002,0.048109
KCUD,51,100,2,1000,1,0.143827,0.043254,0.042411
KCHOGL,51,100,2,1000,1,0.158589,0.046164,0.049577
KCUD,51,100,2,1500,1,0.148992,0.045775,0.042254
KCHOGL,51,100,2,1500,1,0.138153,0.044388,0.051293
KCUD,61,100,2,500,1,0.194264,0.063213,0.064363
KCHOGL,61,100,2,500,1,0.195026,0.062092,0.068897
KCUD,61,100,2,1000,1,0.141195,0.04816,0.039065
KCHOGL,61,100,2,1000,1,0.186218,0.063893,0.059046
KCUD,61,100,2,1500,1,0.185261,0.061893,0.06187
KCHOGL,61,100,2,1500,1,0.200328,0.062971,0.071791
KCUD,71,100,2,500,1,0.274944,0.078995,0.081324
KCHOGL,71,100,2,500,1,0.26025,0.078228,0.090974
KCUD,71,100,2,1000,1,0.177102,0.05836,0.057191
KCHOGL,71,100,2,1000,1,0.24171,0.06993,0.078492
KCUD,71,100,2,1500,1,0.247729,0.077601,0.082733
KCHOGL,71,100,2,1500,1,0.288583,0.078026,0.094636
KCUD,81,100,2,500,1,0.318582,0.100652,0.102908
KCHOGL,81,100,2,500,1,0.215937,0.059469,0.090776
KCUD,81,100,2,1000,1,0.31069,0.096163,0.103018
KCHOGL,81,100,2,1000,1,0.3307,0.096111,0.117263
KCUD,81,100,2,1500,1,0.316773,0.097093,0.10507
KCHOGL,81,100,2,1500,1,0.297626,0.090795,0.096392
KCUD,91,100,2,500,1,0.386807,0.11705,0.126659
KCHOGL,91,100,2,500,1,0.414496,0.121834,0.142106
KCUD,91,100,2,1000,1,0.37949,0.113554,0.116553
KCHOGL,91,100,2,1000,1,0.345297,0.084677,0.128504
KCUD,91,100,2,1500,1,0.402793,0.123163,0.129187
KCHOGL,91,100,2,1500,1,0.417174,0.121882,0.14484
KCUD,101,100,2,500,1,0.456199,0.12796,0.149669
KCHOGL,101,100,2,500,1,0.496681,0.141203,0.167475
KCUD,101,100,2,1000,1,0.450329,0.137728,0.125754
KCHOGL,101,100,2,1000,1,0.460626,0.128869,0.159189
KCUD,101,100,2,1500,1,0.489481,0.144171,0.159895
KCHOGL,101,100,2,1500,1,0.472936,0.135792,0.149884
KCUD,1,100,2,500,2,0.005606,0.005317,0.000147
KCHOGL,1,100,2,500,2,0.005503,0.005154,0.000204
KCUD,1,100,2,1000,2,0.005609,0.005321,0.000144
KCHOGL,1,100,2,1000,2,0.005563,0.005219,0.000178
KCUD,1,100,2,1500,2,0.005567,0.005244,0.000148
KCHOGL,1,100,2,1500,2,0.006075,0.005592,0.000238
KCUD,11,100,2,500,1,0.00886,0.005947,0.001369
KCHOGL,11,100,2,500,1,0.009587,0.005656,0.00252
KCUD,11,100,2,1000,1,0.008377,0.005773,0.001304
KCHOGL,11,100,2,1000,1,0.010803,0.00549,0.003465
KCUD,11,100,2,1500,1,0.008689,0.005489,0.00133
KCHOGL,11,100,2,1500,1,0.011287,0.005385,0.004165
KCUD,21,100,2,500,1,0.022719,0.011288,0.005558
KCHOGL,21,100,2,500,1,0.020812,0.007652,0.005759
KCUD,21,100,2,1000,1,0.025537,0.011554,0.005594
KCHOGL,21,100,2,1000,1,0.023466,0.009202,0.008626
KCUD,21,100,2,1500,1,0.022863,0.010584,0.00582
KCHOGL,21,100,2,1500,1,0.028692,0.010389,0.009432
KCUD,31,100,2,500,1,0.058917,0.020651,0.014815
KCHOGL,31,100,2,500,1,0.061117,0.020686,0.016772
KCUD,31,100,2,1000,1,0.048584,0.019777,0.014973
KCHOGL,31,100,2,1000,1,0.050981,0.019311,0.01783
KCUD,31,100,2,1500,1,0.059253,0.021273,0.015225
KCHOGL,31,100,2,1500,1,0.063945,0.01893,0.020732
KCUD,41,100,2,500,1,0.103792,0.032243,0.028711
KCHOGL,41,100,2,500,1,0.106825,0.031919,0.032468
KCUD,41,100,2,1000,1,0.104332,0.034252,0.028587
KCHOGL,41,100,2,1000,1,0.107045,0.032787,0.032516
KCUD,41,100,2,1500,1,0.088644,0.032022,0.028117
KCHOGL,41,100,2,1500,1,0.109034,0.031859,0.032967
KCUD,51,100,2,500,1,0.107431,0.03428,0.028848
KCHOGL,51,100,2,500,1,0.06065,0.018134,0.022676
KCUD,51,100,2,1000,1,0.11756,0.043775,0.041787
KCHOGL,51,100,2,1000,1,0.128259,0.044029,0.04677
KCUD,51,100,2,1500,1,0.127698,0.042751,0.042823
KCHOGL,51,100,2,1500,1,0.139423,0.045201,0.048397
KCUD,61,100,2,500,1,0.187665,0.057506,0.063461
KCHOGL,61,100,2,500,1,0.195584,0.061656,0.068576
KCUD,61,100,2,1000,1,0.189154,0.062407,0.062082
KCHOGL,61,100,2,1000,1,0.132289,0.035558,0.048684
KCUD,61,100,2,1500,1,0.179564,0.063845,0.052415
KCHOGL,61,100,2,1500,1,0.193665,0.062296,0.069174
KCUD,71,100,2,500,1,0.247068,0.078767,0.082224
KCHOGL,71,100,2,500,1,0.251646,0.076765,0.091838
KCUD,71,100,2,1000,1,0.246545,0.078169,0.08133
KCHOGL,71,100,2,1000,1,0.174451,0.049999,0.060959
KCUD,71,100,2,1500,1,0.237536,0.077344,0.082738
KCHOGL,71,100,2,1500,1,0.242255,0.076088,0.084266
KCUD,81,100,2,500,1,0.312004,0.096193,0.103729
KCHOGL,81,100,2,500,1,0.326036,0.098923,0.112865
KCUD,81,100,2,1000,1,0.263006,0.067832,0.096345
KCHOGL,81,100,2,1000,1,0.311845,0.092089,0.107912
KCUD,81,100,2,1500,1,0.313019,0.095935,0.103702
KCHOGL,81,100,2,1500,1,0.326311,0.099988,0.113259
KCUD,91,100,2,500,1,0.337941,0.085607,0.12041
KCHOGL,91,100,2,500,1,0.398858,0.115725,0.139962
KCUD,91,100,2,1000,1,0.400025,0.121652,0.12902
KCHOGL,91,100,2,1000,1,0.381492,0.112395,0.120921
KCUD,91,100,2,1500,1,0.386856,0.11564,0.127424
KCHOGL,91,100,2,1500,1,0.415162,0.120204,0.145013
KCUD,101,100,2,500,1,0.378777,0.096683,0.128807
KCHOGL,101,100,2,500,1,0.482402,0.135873,0.159691
KCUD,101,100,2,1000,1,0.485314,0.143959,0.156375
KCHOGL,101,100,2,1000,1,0.398589,0.094585,0.12799
KCUD,101,100,2,1500,1,0.486927,0.153168,0.14388
KCHOGL,101,100,2,1500,1,0.506576,0.143563,0.174657
KCUD,1,100,2,500,2,0.005379,0.004979,0.000177
KCHOGL,1,100,2,500,2,0.006021,0.004976,0.000809
KCUD,1,100,2,1000,2,0.005428,0.005018,0.000175
KCHOGL,1,100,2,1000,2,0.005988,0.004681,0.001102
KCUD,1,100,2,1500,2,0.005136,0.00479,0.000152
KCHOGL,1,100,2,1500,2,0.006019,0.004215,0.001587
KCUD,11,100,2,500,1,0.009218,0.006433,0.0014
KCHOGL,11,100,2,500,1,0.009804,0.006065,0.001916
KCUD,11,100,2,1000,1,0.009134,0.005998,0.00132
KCHOGL,11,100,2,1000,1,0.009666,0.005594,0.002154
KCUD,11,100,2,1500,1,0.008671,0.00611,0.001298
KCHOGL,11,100,2,1500,1,0.009836,0.005732,0.002583
KCUD,21,100,2,500,1,0.027292,0.011561,0.006533
KCHOGL,21,100,2,500,1,0.023508,0.011277,0.00677
KCUD,21,100,2,1000,1,0.025259,0.011161,0.005366
KCHOGL,21,100,2,1000,1,0.024066,0.008858,0.007866
KCUD,21,100,2,1500,1,0.020633,0.010147,0.004667
KCHOGL,21,100,2,1500,1,0.014864,0.006092,0.005517
KCUD,31,100,2,500,1,0.025144,0.009174,0.007521
KCHOGL,31,100,2,500,1,0.024233,0.008513,0.008928
KCUD,31,100,2,1000,1,0.049129,0.019467,0.013515
KCHOGL,31,100,2,1000,1,0.048675,0.019221,0.016771
KCUD,31,100,2,1500,1,0.061632,0.020168,0.016156
KCHOGL,31,100,2,1500,1,0.050076,0.01927,0.016846
KCUD,41,100,2,500,1,0.088405,0.032875,0.027132
KCHOGL,41,100,2,500,1,0.088986,0.030529,0.031171
KCUD,41,100,2,1000,1,0.089845,0.031455,0.028381
KCHOGL,41,100,2,1000,1,0.094245,0.031079,0.034051
KCUD,41,100,2,1500,1,0.105097,0.034813,0.028101
KCHOGL,41,100,2,1500,1,0.09142,0.031796,0.033163
KCUD,51,100,2,500,1,0.13575,0.047345,0.043481
KCHOGL,51,100,2,500,1,0.139899,0.044896,0.050092
KCUD,51,100,2,1000,1,0.127083,0.042826,0.04042
KCHOGL,51,100,2,1000,1,0.071481,0.024871,0.024436
KCUD,51,100,2,1500,1,0.116549,0.040273,0.034068
KCHOGL,51,100,2,1500,1,0.141656,0.043388,0.047111
KCUD,61,100,2,500,1,0.185621,0.06181,0.062322
KCHOGL,61,100,2,500,1,0.196243,0.062935,0.069223
KCUD,61,100,2,1000,1,0.189851,0.062594,0.062564
KCHOGL,61,100,2,1000,1,0.198832,0.062377,0.070985
KCUD,61,100,2,1500,1,0.179539,0.054426,0.062682
KCHOGL,61,100,2,1500,1,0.09776,0.027525,0.040558
KCUD,71,100,2,500,1,0.238345,0.075576,0.077731
KCHOGL,71,100,2,500,1,0.250016,0.075872,0.091294
KCUD,71,100,2,1000,1,0.259829,0.078663,0.097923
KCHOGL,71,100,2,1000,1,0.256822,0.076759,0.091207
KCUD,71,100,2,1500,1,0.162386,0.047142,0.05851
KCHOGL,71,100,2,1500,1,0.216377,0.063429,0.080328
KCUD,81,100,2,500,1,0.314699,0.097038,0.103191
KCHOGL,81,100,2,500,1,0.326987,0.099669,0.112959
KCUD,81,100,2,1000,1,0.316448,0.098771,0.10264
KCHOGL,81,100,2,1000,1,0.213486,0.067457,0.08647
KCUD,81,100,2,1500,1,0.30534,0.096138,0.102367
KCHOGL,81,100,2,1500,1,0.330761,0.097636,0.11898
KCUD,91,100,2,500,1,0.392794,0.120675,0.121822
KCHOGL,91,100,2,500,1,0.323992,0.090799,0.122954
KCUD,91,100,2,1000,1,0.405453,0.120932,0.132451
KCHOGL,91,100,2,1000,1,0.422144,0.122882,0.147137
KCUD,91,100,2,1500,1,0.305164,0.092163,0.097909
KCHOGL,91,100,2,1500,1,0.404981,0.112894,0.141489
KCUD,101,100,2,500,1,0.499443,0.146522,0.159079
KCHOGL,101,100,2,500,1,0.392527,0.096466,0.157425
KCUD,101,100,2,1000,1,0.510295,0.152532,0.155436
KCHOGL,101,100,2,1000,1,0.536047,0.146777,0.191073
KCUD,101,100,2,1500,1,0.484368,0.141424,0.155224
KCHOGL,101,100,2,1500,1,0.4657,0.134889,0.148974
KCUD,1,100,2,500,2,0.005,0.004672,0.00015
KCHOGL,1,100,2,500,2,0.004597,0.003812,0.000635
KCUD,1,100,2,1000,2,0.005764,0.005341,0.00017
KCHOGL,1,100,2,1000,2,0.004979,0.003622,0.00117
KCUD,1,100,2,1500,2,0.004749,0.004456,0.000152
KCHOGL,1,100,2,1500,2,0.005792,0.003814,0.001746
KCUD,11,100,2,500,1,0.009378,0.006458,0.001493
KCHOGL,11,100,2,500,3,0.023507,0.013729,0.005261
KCUD,11,100,2,1000,1,0.008976,0.005775,0.001433
KCHOGL,11,100,2,1000,4,0.031945,0.019208,0.008036
KCUD,11,100,2,1500,1,0.008378,0.005506,0.00129
KCHOGL,11,100,2,1500,4,0.034586,0.019154,0.010526
KCUD,21,100,2,500,1,0.018416,0.009219,0.005093
KCHOGL,21,100,2,500,1,0.020346,0.010629,0.005405
KCUD,21,100,2,1000,1,0.020955,0.009888,0.005869
KCHOGL,21,100,2,1000,1,0.023727,0.010605,0.007445
KCUD,21,100,2,1500,1,0.022184,0.012084,0.0056
KCHOGL,21,100,2,1500,1,0.023276,0.007941,0.00983
KCUD,31,100,2,500,1,0.050528,0.019664,0.015478
KCHOGL,31,100,2,500,1,0.050715,0.019287,0.016969
KCUD,31,100,2,1000,1,0.046636,0.019847,0.012643
KCHOGL,31,100,2,1000,1,0.057453,0.020388,0.021767
KCUD,31,100,2,1500,1,0.052003,0.023051,0.015209
KCHOGL,31,100,2,1500,1,0.062553,0.021372,0.018495
KCUD,41,100,2,500,1,0.065149,0.018903,0.016585
KCHOGL,41,100,2,500,1,0.041547,0.012209,0.013954
KCUD,41,100,2,1000,1,0.091962,0.028565,0.025445
KCHOGL,41,100,2,1000,1,0.087535,0.023353,0.033825
KCUD,41,100,2,1500,1,0.085587,0.030333,0.026153
KCHOGL,41,100,2,1500,1,0.106993,0.03224,0.032379
KCUD,51,100,2,500,1,0.136092,0.047147,0.044285
KCHOGL,51,100,2,500,1,0.13764,0.043295,0.04855
KCUD,51,100,2,1000,1,0.130646,0.044387,0.040738
KCHOGL,51,100,2,1000,1,0.137877,0.047255,0.045127
KCUD,51,100,2,1500,1,0.135031,0.045799,0.043212
KCHOGL,51,100,2,1500,1,0.143114,0.046109,0.051322
KCUD,61,100,2,500,1,0.105815,0.027121,0.039244
KCHOGL,61,100,2,500,1,0.167832,0.047969,0.058683
KCUD,61,100,2,1000,1,0.181926,0.062043,0.060583
KCHOGL,61,100,2,1000,1,0.199414,0.06985,0.064061
KCUD,61,100,2,1500,1,0.188816,0.067109,0.057483
KCHOGL,61,100,2,1500,1,0.212201,0.062548,0.083999
KCUD,71,100,2,500,1,0.232699,0.07087,0.076159
KCHOGL,71,100,2,500,1,0.157485,0.052608,0.064522
KCUD,71,100,2,1000,1,0.241605,0.07681,0.078721
KCHOGL,71,100,2,1000,1,0.255848,0.076585,0.093322
KCUD,71,100,2,1500,1,0.24286,0.075855,0.080622
KCHOGL,71,100,2,1500,1,0.258293,0.076707,0.093636
KCUD,81,100,2,500,1,0.224297,0.070663,0.079283
KCHOGL,81,100,2,500,1,0.316992,0.09696,0.118012
KCUD,81,100,2,1000,1,0.317014,0.101884,0.100734
KCHOGL,81,100,2,1000,1,0.327815,0.093785,0.11794
KCUD,81,100,2,1500,1,0.205026,0.058752,0.081539
KCHOGL,81,100,2,1500,1,0.300407,0.095478,0.106747
KCUD,91,100,2,500,1,0.401048,0.122137,0.127634
KCHOGL,91,100,2,500,1,0.415377,0.121546,0.142522
KCUD,91,100,2,1000,1,0.345094,0.105685,0.110768
KCHOGL,91,100,2,1000,1,0.402522,0.116013,0.143575
KCUD,91,100,2,1500,1,0.401754,0.12069,0.130574
KCHOGL,91,100,2,1500,1,0.377625,0.114544,0.11505
KCUD,101,100,2,500,1,0.482135,0.143032,0.153611
KCHOGL,101,100,2,500,1,0.510184,0.145835,0.174993
KCUD,101,100,2,1000,1,0.411667,0.123967,0.123648
KCHOGL,101,100,2,1000,1,0.496481,0.145997,0.168155
KCUD,101,100,2,1500,1,0.484433,0.146516,0.148177
KCHOGL,101,100,2,1500,1,0.412498,0.106145,0.135162
KCUD,1,100,2,500,2,0.005335,0.004966,0.000161
KCHOGL,1,100,2,500,2,0.00582,0.004816,0.000796
KCUD,1,100,2,1000,2,0.005165,0.004805,0.000145
KCHOGL,1,100,2,1000,2,0.005396,0.004239,0.000974
KCUD,1,100,2,1500,2,0.005047,0.004674,0.000158
KCHOGL,1,100,2,1500,2,0.006429,0.004482,0.001715
KCUD,11,100,2,500,1,0.00892,0.006274,0.001386
KCHOGL,11,100,2,500,1,0.00922,0.005473,0.001833
KCUD,11,100,2,1000,1,0.009152,0.005926,0.00144
KCHOGL,11,100,2,1000,1,0.009112,0.00489,0.002283
KCUD,11,100,2,1500,1,0.008661,0.00598,0.001402
KCHOGL,11,100,2,1500,1,0.009604,0.005362,0.00276
KCUD,21,100,2,500,1,0.02252,0.010659,0.005559
KCHOGL,21,100,2,500,1,0.022939,0.010041,0.007613
KCUD,21,100,2,1000,1,0.025867,0.01073,0.005766
KCHOGL,21,100,2,1000,1,0.027876,0.010627,0.008928
KCUD,21,100,2,1500,1,0.023953,0.013045,0.005833
KCHOGL,21,100,2,1500,1,0.029837,0.010001,0.010069
KCUD,31,100,2,500,1,0.060788,0.020516,0.016169
KCHOGL,31,100,2,500,1,0.061222,0.019571,0.017728
KCUD,31,100,2,1000,1,0.05105,0.020907,0.01514
KCHOGL,31,100,2,1000,1,0.063301,0.019774,0.01915
KCUD,31,100,2,1500,1,0.047023,0.018456,0.015553
KCHOGL,31,100,2,1500,1,0.054811,0.02003,0.020346
KCUD,41,100,2,500,1,0.089321,0.031628,0.029747
KCHOGL,41,100,2,500,1,0.092768,0.031871,0.032507
KCUD,41,100,2,1000,1,0.090705,0.033089,0.029269
KCHOGL,41,100,2,1000,1,0.093325,0.031755,0.034044
KCUD,41,100,2,1500,1,0.047486,0.018682,0.01455
KCHOGL,41,100,2,1500,1,0.041407,0.01265,0.016256
KCUD,51,100,2,500,1,0.130123,0.038135,0.040362
KCHOGL,51,100,2,500,1,0.148498,0.041721,0.047522
KCUD,51,100,2,1000,1,0.126142,0.043134,0.0402
KCHOGL,51,100,2,1000,1,0.157934,0.044851,0.049151
KCUD,51,100,2,1500,1,0.150775,0.046069,0.041791
KCHOGL,51,100,2,1500,1,0.155867,0.044667,0.051812
KCUD,61,100,2,500,1,0.218794,0.063087,0.062363
KCHOGL,61,100,2,500,1,0.222978,0.060437,0.070636
KCUD,61,100,2,1000,1,0.148584,0.046923,0.044951
KCHOGL,61,100,2,1000,1,0.22477,0.063604,0.070293
KCUD,61,100,2,1500,1,0.214137,0.062906,0.062806
KCHOGL,61,100,2,1500,1,0.240471,0.06217,0.083879
KCUD,71,100,2,500,1,0.275999,0.079199,0.082083
KCHOGL,71,100,2,500,1,0.286544,0.077634,0.091902
KCUD,71,100,2,1000,1,0.176541,0.059074,0.056733
KCHOGL,71,100,2,1000,1,0.275807,0.070234,0.086852
KCUD,71,100,2,1500,1,0.277067,0.077923,0.082982
KCHOGL,71,100,2,1500,1,0.286308,0.077572,0.092729
KCUD,81,100,2,500,1,0.317797,0.098386,0.104849
KCHOGL,81,100,2,500,1,0.209259,0.057934,0.090554
KCUD,81,100,2,1000,1,0.305749,0.096515,0.101784
KCHOGL,81,100,2,1000,1,0.331816,0.099586,0.117618
KCUD,81,100,2,1500,1,0.320618,0.09986,0.105801
KCHOGL,81,100,2,1500,1,0.279851,0.086533,0.08831
KCUD,91,100,2,500,1,0.38923,0.117236,0.12826
KCHOGL,91,100,2,500,1,0.414651,0.120189,0.143547
KCUD,91,100,2,1000,1,0.372718,0.111365,0.112437
KCHOGL,91,100,2,1000,1,0.352805,0.083159,0.137479
KCUD,91,100,2,1500,1,0.402652,0.120516,0.130332
KCHOGL,91,100,2,1500,1,0.418789,0.122551,0.150335
KCUD,101,100,2,500,1,0.45657,0.130337,0.148261
KCHOGL,101,100,2,500,1,0.500171,0.1437,0.168837
KCUD,101,100,2,1000,1,0.449185,0.140107,0.121075
KCHOGL,101,100,2,1000,1,0.473711,0.134068,0.168001
KCUD,101,100,2,1500,1,0.489186,0.146194,0.156619
KCHOGL,101,100,2,1500,1,0.473396,0.136142,0.148972
KCUD,1,100,2,500,1,0.003358,0.003186,9.1e-05
KCHOGL,1,100,2,500,1,0.002797,0.002421,0.000282
KCUD,1,100,2,1000,1,0.0034,0.003203,9.5e-05
KCHOGL,1,100,2,1000,1,0.002758,0.002392,0.00027
KCUD,1,100,2,1500,1,0.003353,0.003163,9.3e-05
KCHOGL,1,100,2,1500,1,0.002752,0.002381,0.000273
KCUD,11,100,2,500,1,0.007683,0.005057,0.001389
KCHOGL,11,100,2,500,1,0.008639,0.004843,0.002006
KCUD,11,100,2,1000,1,0.008652,0.005842,0.001285
KCHOGL,11,100,2,1000,1,0.009663,0.004926,0.002853
KCUD,11,100,2,1500,1,0.008295,0.005514,0.001536
KCHOGL,11,100,2,1500,1,0.010112,0.005019,0.003609
KCUD,21,100,2,500,1,0.022128,0.009892,0.006157
KCHOGL,21,100,2,500,1,0.022517,0.010604,0.006112
KCUD,21,100,2,1000,1,0.013539,0.006664,0.003671
KCHOGL,21,100,2,1000,1,0.022998,0.009409,0.007498
KCUD,21,100,2,1500,1,0.021778,0.0102,0.006867
KCHOGL,21,100,2,1500,1,0.024583,0.009567,0.008974
KCUD,31,100,2,500,1,0.050102,0.0205,0.015141
KCHOGL,31,100,2,500,1,0.05115,0.019275,0.017377
KCUD,31,100,2,1000,1,0.047255,0.019201,0.014099
KCHOGL,31,100,2,1000,1,0.059019,0.01864,0.018144
KCUD,31,100,2,1500,1,0.050281,0.020824,0.014554
KCHOGL,31,100,2,1500,1,0.064406,0.020271,0.019189
KCUD,41,100,2,500,1,0.105384,0.035052,0.027632
KCHOGL,41,100,2,500,1,0.108045,0.032692,0.031019
KCUD,41,100,2,1000,1,0.104249,0.032625,0.028463
KCHOGL,41,100,2,1000,1,0.092892,0.031699,0.032765
KCUD,41,100,2,1500,1,0.105088,0.031544,0.029394
KCHOGL,41,100,2,1500,1,0.110664,0.032619,0.03341
KCUD,51,100,2,500,1,0.123802,0.041363,0.042719
KCHOGL,51,100,2,500,1,0.061488,0.018726,0.022359
KCUD,51,100,2,1000,1,0.111457,0.036536,0.035246
KCHOGL,51,100,2,1000,1,0.132408,0.043112,0.042121
KCUD,51,100,2,1500,1,0.125734,0.042216,0.041081
KCHOGL,51,100,2,1500,1,0.139296,0.045016,0.050545
KCUD,61,100,2,500,1,0.190426,0.064597,0.061502
KCHOGL,61,100,2,500,1,0.19596,0.06129,0.069231
KCUD,61,100,2,1000,1,0.193728,0.065149,0.064227
KCHOGL,61,100,2,1000,1,0.167229,0.05915,0.050804
KCUD,61,100,2,1500,1,0.169086,0.046953,0.062165
KCHOGL,61,100,2,1500,1,0.188766,0.066184,0.06256
KCUD,71,100,2,500,1,0.24904,0.07706,0.083982
KCHOGL,71,100,2,500,1,0.250689,0.075003,0.089575
KCUD,71,100,2,1000,1,0.247121,0.07886,0.081813
KCHOGL,71,100,2,1000,1,0.222321,0.074884,0.067693
KCUD,71,100,2,1500,1,0.230347,0.065628,0.072513
KCHOGL,71,100,2,1500,1,0.246648,0.074065,0.090211
KCUD,81,100,2,500,1,0.314357,0.098976,0.106094
KCHOGL,81,100,2,500,1,0.329229,0.100013,0.115649
KCUD,81,100,2,1000,1,0.226186,0.06848,0.078337
KCHOGL,81,100,2,1000,1,0.319064,0.098801,0.117333
KCUD,81,100,2,1500,1,0.318575,0.098208,0.105851
KCHOGL,81,100,2,1500,1,0.330465,0.0973,0.118248
KCUD,91,100,2,500,1,0.288939,0.091549,0.090077
KCHOGL,91,100,2,500,1,0.398958,0.111868,0.135432
KCUD,91,100,2,1000,1,0.398888,0.119897,0.127655
KCHOGL,91,100,2,1000,1,0.406254,0.120984,0.134651
KCUD,91,100,2,1500,1,0.385844,0.111849,0.124156
KCHOGL,91,100,2,1500,1,0.414694,0.121591,0.143757
KCUD,101,100,2,500,1,0.417946,0.116882,0.120634
KCHOGL,101,100,2,500,1,0.470531,0.12962,0.163259
KCUD,101,100,2,1000,1,0.490706,0.144923,0.157878
KCHOGL,101,100,2,1000,1,0.456251,0.139579,0.134632
KCUD,101,100,2,1500,1,0.481797,0.143165,0.15335
KCHOGL,101,100,2,1500,1,0.50611,0.145317,0.174534
KCUD,1,100,2,500,1,0.003378,0.003163,0.000113
KCHOGL,1,100,2,500,1,0.003049,0.002413,0.000537
KCUD,1,100,2,1000,1,0.003596,0.003365,0.000114
KCHOGL,1,100,2,1000,1,0.003816,0.002619,0.001066
KCUD,1,100,2,1500,1,0.003312,0.00309,9.8e-05
KCHOGL,1,100,2,1500,1,0.003809,0.002211,0.001487
KCUD,11,100,2,500,2,0.013208,0.008554,0.001982
KCHOGL,11,100,2,500,2,0.012863,0.007037,0.003129
KCUD,11,100,2,1000,2,0.013318,0.008058,0.002202
KCHOGL,11,100,2,1000,2,0.014063,0.007083,0.004164
KCUD,11,100,2,1500,2,0.01281,0.008248,0.002072
KCHOGL,11,100,2,1500,2,0.014836,0.00733,0.005126
KCUD,21,100,2,500,2,0.037144,0.016095,0.009534
KCHOGL,21,100,2,500,4,0.063787,0.024872,0.019268
KCUD,21,100,2,1000,2,0.039556,0.016068,0.009699
KCHOGL,21,100,2,1000,4,0.037736,0.014631,0.011426
KCUD,21,100,2,1500,2,0.021709,0.009557,0.006358
KCHOGL,21,100,2,1500,4,0.07352,0.026515,0.023494
KCUD,31,100,2,500,2,0.077684,0.025342,0.018392
KCHOGL,31,100,2,500,2,0.099981,0.032815,0.026439
KCUD,31,100,2,1000,2,0.095834,0.032466,0.024632
KCHOGL,31,100,2,1000,2,0.084281,0.030096,0.02595
KCUD,31,100,2,1500,2,0.087121,0.031204,0.02429
KCHOGL,31,100,2,1500,2,0.102738,0.033701,0.028561
KCUD,41,100,2,500,2,0.166768,0.054172,0.043034
KCHOGL,41,100,2,500,3,0.241597,0.074501,0.066728
KCUD,41,100,2,1000,2,0.156142,0.055325,0.044088
KCHOGL,41,100,2,1000,3,0.189319,0.059519,0.047375
KCUD,41,100,2,1500,2,0.144486,0.040007,0.045318
KCHOGL,41,100,2,1500,3,0.233202,0.068608,0.067709
KCUD,51,100,2,500,2,0.24962,0.075225,0.068155
KCHOGL,51,100,2,500,4,0.437126,0.133523,0.125829
KCUD,51,100,2,1000,2,0.152123,0.039867,0.041569
KCHOGL,51,100,2,1000,4,0.377807,0.1184,0.108634
KCUD,51,100,2,1500,2,0.257849,0.075721,0.076836
KCHOGL,51,100,2,1500,5,0.548506,0.163705,0.160597
KCUD,61,100,2,500,2,0.229452,0.068301,0.078771
KCHOGL,61,100,2,500,3,0.488461,0.137035,0.149181
KCUD,61,100,2,1000,2,0.32729,0.108543,0.103207
KCHOGL,61,100,2,1000,3,0.510972,0.146921,0.142391
KCUD,61,100,2,1500,2,0.332779,0.094426,0.093964
KCHOGL,61,100,2,1500,3,0.50424,0.139058,0.146501
KCUD,71,100,2,500,2,0.325328,0.096253,0.101243
KCHOGL,71,100,2,500,6,1.17411,0.316247,0.348063
KCUD,71,100,2,1000,2,0.40581,0.120954,0.122939
KCHOGL,71,100,2,1000,2,0.467898,0.127801,0.139237
KCUD,71,100,2,1500,2,0.385835,0.102386,0.121504
KCHOGL,71,100,2,1500,2,0.454929,0.121965,0.138798
KCUD,81,100,2,500,2,0.548255,0.157339,0.149543
KCHOGL,81,100,2,500,6,1.52476,0.413478,0.423717
KCUD,81,100,2,1000,2,0.580156,0.159843,0.157907
KCHOGL,81,100,2,1000,2,0.465241,0.137291,0.150511
KCUD,81,100,2,1500,2,0.408695,0.126097,0.131001
KCHOGL,81,100,2,1500,2,0.561295,0.143202,0.182545
KCUD,91,100,2,500,2,0.73253,0.200838,0.203681
KCHOGL,91,100,2,500,8,2.33385,0.646873,0.637419
KCUD,91,100,2,1000,2,0.642698,0.192753,0.183957
KCHOGL,91,100,2,1000,2,0.751741,0.201549,0.22284
KCUD,91,100,2,1500,2,0.662177,0.165811,0.171643
KCHOGL,91,100,2,1500,2,0.697844,0.19467,0.233433
KCUD,101,100,2,500,2,0.863803,0.23588,0.220528
KCHOGL,101,100,2,500,8,2.80033,0.744572,0.823458
KCUD,101,100,2,1000,2,0.823124,0.225906,0.203454
KCHOGL,101,100,2,1000,2,0.832538,0.233461,0.248996
KCUD,101,100,2,1500,2,0.89107,0.243025,0.2447
KCHOGL,101,100,2,1500,2,0.77809,0.222262,0.226125
KCUD,1,100,2,500,2,0.007039,0.006591,0.000196
KCHOGL,1,100,2,500,2,0.007657,0.006954,0.000471
KCUD,1,100,2,1000,2,0.007031,0.006563,0.000201
KCHOGL,1,100,2,1000,2,0.00744,0.006812,0.000411
KCUD,1,100,2,1500,2,0.005832,0.005496,0.000143
KCHOGL,1,100,2,1500,2,0.006273,0.005677,0.000357
KCUD,11,100,2,500,1,0.008718,0.005943,0.001298
KCHOGL,11,100,2,500,1,0.010189,0.005879,0.002388
KCUD,11,100,2,1000,1,0.008813,0.005926,0.001394
KCHOGL,11,100,2,1000,1,0.010241,0.005805,0.003043
KCUD,11,100,2,1500,1,0.009418,0.006289,0.001538
KCHOGL,11,100,2,1500,1,0.011911,0.00553,0.004506
KCUD,21,100,2,500,1,0.022364,0.011195,0.005818
KCHOGL,21,100,2,500,1,0.023326,0.010706,0.007
KCUD,21,100,2,1000,1,0.022229,0.011302,0.005792
KCHOGL,21,100,2,1000,1,0.024729,0.011193,0.00795
KCUD,21,100,2,1500,1,0.02243,0.011768,0.005537
KCHOGL,21,100,2,1500,1,0.027172,0.011313,0.01002
KCUD,31,100,2,500,1,0.051808,0.020333,0.016193
KCHOGL,31,100,2,500,1,0.061026,0.021284,0.017314
KCUD,31,100,2,1000,1,0.060602,0.020737,0.015897
KCHOGL,31,100,2,1000,1,0.063663,0.020932,0.017256
KCUD,31,100,2,1500,1,0.050567,0.021332,0.014767
KCHOGL,31,100,2,1500,1,0.063143,0.020225,0.018382
KCUD,41,100,2,500,1,0.104592,0.033713,0.027919
KCHOGL,41,100,2,500,1,0.108683,0.033458,0.030939
KCUD,41,100,2,1000,1,0.105331,0.033432,0.02809
KCHOGL,41,100,2,1000,1,0.114279,0.032501,0.037328
KCUD,41,100,2,1500,1,0.082097,0.030753,0.023596
KCHOGL,41,100,2,1500,1,0.046702,0.013701,0.015298
KCUD,51,100,2,500,1,0.12038,0.038806,0.040745
KCHOGL,51,100,2,500,1,0.138118,0.045875,0.044633
KCUD,51,100,2,1000,1,0.132542,0.042538,0.048043
KCHOGL,51,100,2,1000,1,0.138598,0.044082,0.048483
KCUD,51,100,2,1500,1,0.135004,0.0456,0.044579
KCHOGL,51,100,2,1500,1,0.138995,0.045547,0.049564
KCUD,61,100,2,500,1,0.22001,0.063495,0.065229
KCHOGL,61,100,2,500,1,0.229081,0.067088,0.069349
KCUD,61,100,2,1000,1,0.109835,0.034038,0.046719
KCHOGL,61,100,2,1000,1,0.194307,0.050698,0.070291
KCUD,61,100,2,1500,1,0.180082,0.060424,0.058157
KCHOGL,61,100,2,1500,1,0.202189,0.06359,0.072584
KCUD,71,100,2,500,1,0.246722,0.075043,0.083006
KCHOGL,71,100,2,500,1,0.260207,0.07809,0.094085
KCUD,71,100,2,1000,1,0.134633,0.036989,0.055196
KCHOGL,71,100,2,1000,1,0.233437,0.070531,0.093883
KCUD,71,100,2,1500,1,0.242715,0.083294,0.073385
KCHOGL,71,100,2,1500,1,0.258983,0.078394,0.093281
KCUD,81,100,2,500,1,0.308472,0.097887,0.10321
KCHOGL,81,100,2,500,1,0.252581,0.069518,0.080478
KCUD,81,100,2,1000,1,0.294418,0.094785,0.093261
KCHOGL,81,100,2,1000,1,0.316498,0.091911,0.11475
KCUD,81,100,2,1500,1,0.314004,0.097793,0.10491
KCHOGL,81,100,2,1500,1,0.323242,0.098637,0.114082
KCUD,91,100,2,500,1,0.421107,0.124294,0.12249
KCHOGL,91,100,2,500,1,0.410735,0.120329,0.142144
KCUD,91,100,2,1000,1,0.447566,0.124841,0.129057
KCHOGL,91,100,2,1000,1,0.340943,0.111662,0.108325
KCUD,91,100,2,1500,1,0.445592,0.123928,0.129587
KCHOGL,91,100,2,1500,1,0.460945,0.122505,0.145641
KCUD,101,100,2,500,1,0.39681,0.102685,0.126156
KCHOGL,101,100,2,500,1,0.493189,0.144251,0.173913
KCUD,101,100,2,1000,1,0.489302,0.147334,0.155737
KCHOGL,101,100,2,1000,1,0.382447,0.109838,0.13093
KCUD,101,100,2,1500,1,0.483405,0.140567,0.155757
KCHOGL,101,100,2,1500,1,0.505914,0.143598,0.175191
KCUD,1,100,2,500,1,0.002697,0.002481,0.000104
KCHOGL,1,100,2,500,1,0.003068,0.002445,0.000494
KCUD,1,100,2,1000,1,0.002635,0.002406,0.000102
KCHOGL,1,100,2,1000,1,0.003483,0.002434,0.000925
KCUD,1,100,2,1500,1,0.002651,0.002436,9.3e-05
KCHOGL,1,100,2,1500,1,0.004195,0.002521,0.00153
KCUD,11,100,2,500,2,0.013837,0.009043,0.002143
KCHOGL,11,100,2,500,2,0.010901,0.006022,0.002657
KCUD,11,100,2,1000,2,0.010911,0.00688,0.001815
KCHOGL,11,100,2,1000,2,0.009921,0.005017,0.002886
KCUD,11,100,2,1500,2,0.010868,0.006827,0.001837
KCHOGL,11,100,2,1500,2,0.010177,0.004877,0.003214
KCUD,21,100,2,500,2,0.02985,0.013962,0.007262
KCHOGL,21,100,2,500,2,0.036541,0.01378,0.011283
KCUD,21,100,2,1000,2,0.038334,0.018259,0.008259
KCHOGL,21,100,2,1000,2,0.03569,0.01673,0.009435
KCUD,21,100,2,1500,2,0.035297,0.016663,0.009622
KCHOGL,21,100,2,1500,2,0.043726,0.0157,0.014376
KCUD,31,100,2,500,2,0.096424,0.034867,0.02297
KCHOGL,31,100,2,500,2,0.094196,0.030953,0.025852
KCUD,31,100,2,1000,2,0.096109,0.034563,0.023291
KCHOGL,31,100,2,1000,2,0.100151,0.035013,0.026841
KCUD,31,100,2,1500,2,0.096815,0.032419,0.023471
KCHOGL,31,100,2,1500,2,0.092314,0.032397,0.032926
KCUD,41,100,2,500,2,0.16965,0.060154,0.038552
KCHOGL,41,100,2,500,2,0.17291,0.053689,0.048134
KCUD,41,100,2,1000,2,0.168145,0.056448,0.040471
KCHOGL,41,100,2,1000,2,0.118145,0.042882,0.03269
KCUD,41,100,2,1500,2,0.143338,0.049255,0.040247
KCHOGL,41,100,2,1500,2,0.153049,0.051193,0.04497
KCUD,51,100,2,500,2,0.23732,0.071534,0.064653
KCHOGL,51,100,2,500,2,0.254803,0.073091,0.075139
KCUD,51,100,2,1000,2,0.24704,0.073969,0.068714
KCHOGL,51,100,2,1000,2,0.264739,0.075036,0.081679
KCUD,51,100,2,1500,2,0.147575,0.041909,0.041686
KCHOGL,51,100,2,1500,2,0.206057,0.056878,0.060959
KCUD,61,100,2,500,2,0.323153,0.103064,0.09414
KCHOGL,61,100,2,500,2,0.365383,0.105459,0.102381
KCUD,61,100,2,1000,2,0.3572,0.10412,0.097162
KCHOGL,61,100,2,1000,2,0.233431,0.056722,0.062784
KCUD,61,100,2,1500,2,0.339885,0.102029,0.0936
KCHOGL,61,100,2,1500,2,0.368074,0.106376,0.103481
KCUD,71,100,2,500,2,0.456223,0.135785,0.119492
KCHOGL,71,100,2,500,2,0.324638,0.094112,0.103142
KCUD,71,100,2,1000,2,0.450272,0.126489,0.126724
KCHOGL,71,100,2,1000,2,0.465462,0.125181,0.1398
KCUD,71,100,2,1500,2,0.320105,0.073898,0.102045
KCHOGL,71,100,2,1500,2,0.431295,0.123912,0.138453
KCUD,81,100,2,500,2,0.540667,0.162806,0.161009
KCHOGL,81,100,2,500,2,0.525843,0.134307,0.146649
KCUD,81,100,2,1000,2,0.533337,0.157349,0.1629
KCHOGL,81,100,2,1000,2,0.607116,0.158754,0.196621
KCUD,81,100,2,1500,2,0.496175,0.128054,0.153039
KCHOGL,81,100,2,1500,2,0.584054,0.155493,0.17935
KCUD,91,100,2,500,2,0.609023,0.167545,0.16361
KCHOGL,91,100,2,500,2,0.73216,0.199183,0.206842
KCUD,91,100,2,1000,2,0.600964,0.156895,0.185368
KCHOGL,91,100,2,1000,2,0.710988,0.186179,0.237197
KCUD,91,100,2,1500,2,0.636684,0.159817,0.165426
KCHOGL,91,100,2,1500,2,0.700036,0.186574,0.209336
KCUD,101,100,2,500,2,0.772014,0.227107,0.219203
KCHOGL,101,100,2,500,2,0.89809,0.242773,0.259596
KCUD,101,100,2,1000,2,0.75774,0.220891,0.20413
KCHOGL,101,100,2,1000,2,0.965112,0.2467,0.292811
KCUD,101,100,2,1500,2,0.681423,0.184757,0.204108
KCHOGL,101,100,2,1500,2,0.759912,0.212476,0.244311
KCUD,1,100,2,500,2,0.005959,0.005558,0.000189
KCHOGL,1,100,2,500,2,0.005672,0.004708,0.000718
KCUD,1,100,2,1000,2,0.006526,0.006068,0.000195
KCHOGL,1,100,2,1000,2,0.005286,0.004484,0.000608
KCUD,1,100,2,1500,2,0.006186,0.005773,0.000169
KCHOGL,1,100,2,1500,2,0.00582,0.004902,0.00068
KCUD,11,100,2,500,1,0.009406,0.00662,0.001443
KCHOGL,11,100,2,500,1,0.011252,0.006668,0.002951
KCUD,11,100,2,1000,1,0.011202,0.007153,0.001594
KCHOGL,11,100,2,1000,1,0.013445,0.007052,0.004207
KCUD,11,100,2,1500,1,0.010364,0.006993,0.001787
KCHOGL,11,100,2,1500,1,0.013115,0.006221,0.004897
KCUD,21,100,2,500,1,0.021862,0.01125,0.004753
KCHOGL,21,100,2,500,1,0.021959,0.008438,0.007998
KCUD,21,100,2,1000,1,0.022635,0.010155,0.007508
KCHOGL,21,100,2,1000,1,0.022073,0.009718,0.008102
KCUD,21,100,2,1500,1,0.023334,0.012554,0.004296
KCHOGL,21,100,2,1500,1,0.021881,0.008962,0.009077
KCUD,31,100,2,500,1,0.041858,0.012924,0.015957
KCHOGL,31,100,2,500,1,0.043389,0.019465,0.013811
KCUD,31,100,2,1000,1,0.042137,0.018633,0.013323
KCHOGL,31,100,2,1000,1,0.042612,0.014639,0.015501
KCUD,31,100,2,1500,1,0.039902,0.017378,0.012207
KCHOGL,31,100,2,1500,1,0.045186,0.019942,0.01492
KCUD,41,100,2,500,1,0.072369,0.025863,0.028217
KCHOGL,41,100,2,500,1,0.07313,0.029353,0.025947
KCUD,41,100,2,1000,1,0.074457,0.026953,0.022184
KCHOGL,41,100,2,1000,1,0.074973,0.026643,0.022401
KCUD,41,100,2,1500,1,0.066214,0.021913,0.022356
KCHOGL,41,100,2,1500,1,0.081063,0.026044,0.026336
KCUD,51,100,2,500,1,0.09647,0.034596,0.031298
KCHOGL,51,100,2,500,1,0.106711,0.032619,0.038658
KCUD,51,100,2,1000,1,0.06597,0.02102,0.022922
KCHOGL,51,100,2,1000,1,0.101671,0.029305,0.041561
KCUD,51,100,2,1500,1,0.096585,0.033637,0.033343
KCHOGL,51,100,2,1500,1,0.099615,0.038734,0.031454
KCUD,61,100,2,500,1,0.149853,0.048922,0.055756
KCHOGL,61,100,2,500,1,0.143723,0.043661,0.049826
KCUD,61,100,2,1000,1,0.154671,0.051634,0.052275
KCHOGL,61,100,2,1000,1,0.147456,0.046317,0.05174
KCUD,61,100,2,1500,1,0.152558,0.045901,0.051724
KCHOGL,61,100,2,1500,1,0.163521,0.04951,0.06443
KCUD,71,100,2,500,1,0.209727,0.063702,0.068801
KCHOGL,71,100,2,500,1,0.21625,0.06484,0.078741
KCUD,71,100,2,1000,1,0.188021,0.06059,0.066628
KCHOGL,71,100,2,1000,1,0.209203,0.056487,0.076924
KCUD,71,100,2,1500,1,0.184327,0.058103,0.064744
KCHOGL,71,100,2,1500,1,0.218039,0.06438,0.079302
KCUD,81,100,2,500,1,0.296584,0.091185,0.098342
KCHOGL,81,100,2,500,1,0.319789,0.096085,0.114687
KCUD,81,100,2,1000,1,0.262063,0.083624,0.084227
KCHOGL,81,100,2,1000,1,0.315774,0.093312,0.11042
KCUD,81,100,2,1500,1,0.314178,0.099239,0.10239
KCHOGL,81,100,2,1500,1,0.328935,0.098426,0.12021
KCUD,91,100,2,500,1,0.323952,0.087223,0.101851
KCHOGL,91,100,2,500,1,0.398038,0.113709,0.140102
KCUD,91,100,2,1000,1,0.401501,0.121849,0.130896
KCHOGL,91,100,2,1000,1,0.412321,0.120784,0.141439
KCUD,91,100,2,1500,1,0.386164,0.113701,0.138868
KCHOGL,91,100,2,1500,1,0.421447,0.123347,0.146472
KCUD,101,100,2,500,1,0.398786,0.099032,0.119878
KCHOGL,101,100,2,500,1,0.480112,0.137732,0.158628
KCUD,101,100,2,1000,1,0.493119,0.148811,0.156248
KCHOGL,101,100,2,1000,1,0.459966,0.130869,0.143579
KCUD,101,100,2,1500,1,0.48722,0.146089,0.153595
KCHOGL,101,100,2,1500,1,0.508192,0.14745,0.175397
KCUD,1,100,2,500,1,0.003027,0.002793,0.000114
KCHOGL,1,100,2,500,1,0.003665,0.00292,0.000605
KCUD,1,100,2,1000,1,0.002723,0.002524,0.000105
KCHOGL,1,100,2,1000,1,0.003262,0.002418,0.000754
KCUD,1,100,2,1500,1,0.0026,0.00243,8.7e-05
KCHOGL,1,100,2,1500,1,0.003404,0.002275,0.00103
KCUD,11,100,2,500,2,0.015237,0.010202,0.002269
KCHOGL,11,100,2,500,2,0.014291,0.008325,0.003535
KCUD,11,100,2,1000,2,0.015261,0.010531,0.002203
KCHOGL,11,100,2,1000,2,0.015116,0.007914,0.004082
KCUD,11,100,2,1500,2,0.015337,0.010607,0.002335
KCHOGL,11,100,2,1500,2,0.016547,0.008121,0.005296
KCUD,21,100,2,500,2,0.037272,0.017818,0.008626
KCHOGL,21,100,2,500,6,0.100415,0.043387,0.025942
KCUD,21,100,2,1000,2,0.023005,0.011206,0.005703
KCHOGL,21,100,2,1000,6,0.083138,0.033144,0.022621
KCUD,21,100,2,1500,2,0.026008,0.013591,0.006301
KCHOGL,21,100,2,1500,6,0.115352,0.042638,0.035269
KCUD,31,100,2,500,2,0.089504,0.035152,0.025296
KCHOGL,31,100,2,500,2,0.094711,0.034265,0.0225
KCUD,31,100,2,1000,2,0.098203,0.034765,0.024274
KCHOGL,31,100,2,1000,2,0.104336,0.028171,0.032129
KCUD,31,100,2,1500,2,0.099959,0.036636,0.023788
KCHOGL,31,100,2,1500,2,0.097678,0.029263,0.039016
KCUD,41,100,2,500,2,0.159433,0.055976,0.044385
KCHOGL,41,100,2,500,6,0.391959,0.121166,0.101185
KCUD,41,100,2,1000,2,0.151084,0.054837,0.041138
KCHOGL,41,100,2,1000,6,0.443547,0.14223,0.123095
KCUD,41,100,2,1500,2,0.17265,0.054865,0.04505
KCHOGL,41,100,2,1500,6,0.4564,0.140818,0.126594
KCUD,51,100,2,500,2,0.231284,0.080676,0.065504
KCHOGL,51,100,2,500,6,0.651497,0.192278,0.185574
KCUD,51,100,2,1000,2,0.251637,0.076012,0.068905
KCHOGL,51,100,2,1000,6,0.46437,0.130541,0.147815
KCUD,51,100,2,1500,2,0.250489,0.077845,0.065646
KCHOGL,51,100,2,1500,6,0.661859,0.193831,0.182898
KCUD,61,100,2,500,2,0.208535,0.065416,0.063244
KCHOGL,61,100,2,500,2,0.318778,0.11126,0.086121
KCUD,61,100,2,1000,2,0.338776,0.108961,0.099132
KCHOGL,61,100,2,1000,2,0.371704,0.107791,0.106707
KCUD,61,100,2,1500,2,0.250066,0.079299,0.073818
KCHOGL,61,100,2,1500,2,0.289137,0.078877,0.102315
KCUD,71,100,2,500,2,0.460636,0.129787,0.129882
KCHOGL,71,100,2,500,2,0.467129,0.132654,0.132437
KCUD,71,100,2,1000,2,0.297863,0.08525,0.091269
KCHOGL,71,100,2,1000,2,0.4583,0.129237,0.136447
KCUD,71,100,2,1500,2,0.458087,0.132675,0.130023
KCHOGL,71,100,2,1500,2,0.473628,0.134755,0.133638
KCUD,81,100,2,500,2,0.563374,0.156707,0.157313
KCHOGL,81,100,2,500,2,0.599084,0.165922,0.178011
KCUD,81,100,2,1000,2,0.46349,0.111143,0.158006
KCHOGL,81,100,2,1000,2,0.547606,0.152733,0.177444
KCUD,81,100,2,1500,2,0.586866,0.16592,0.162299
KCHOGL,81,100,2,1500,2,0.459344,0.112548,0.153916
KCUD,91,100,2,500,2,0.746229,0.208553,0.202877
KCHOGL,91,100,2,500,2,0.626613,0.175988,0.174803
KCUD,91,100,2,1000,2,0.688654,0.202304,0.201754
KCHOGL,91,100,2,1000,2,0.62943,0.158896,0.205863
KCUD,91,100,2,1500,2,0.745213,0.208835,0.205314
KCHOGL,91,100,2,1500,2,0.670701,0.161344,0.187555
KCUD,101,100,2,500,2,0.905855,0.248302,0.244233
KCHOGL,101,100,2,500,2,0.776917,0.200145,0.212032
KCUD,101,100,2,1000,2,0.830661,0.249059,0.236671
KCHOGL,101,100,2,1000,2,0.78241,0.201732,0.226618
KCUD,101,100,2,1500,2,0.695705,0.193967,0.225259
KCHOGL,101,100,2,1500,2,0.866174,0.235913,0.251445
KCUD,1,100,2,500,1,0.004704,0.004399,0.000131
KCHOGL,1,100,2,500,1,0.004059,0.003271,0.00063
KCUD,1,100,2,1000,1,0.003608,0.003364,0.000111
KCHOGL,1,100,2,1000,1,0.003963,0.002826,0.000998
KCUD,1,100,2,1500,1,0.0035,0.003263,0.000104
KCHOGL,1,100,2,1500,1,0.005013,0.003138,0.001731
KCUD,11,100,2,500,2,0.014784,0.009745,0.002279
KCHOGL,11,100,2,500,2,0.014662,0.00865,0.003274
KCUD,11,100,2,1000,2,0.014793,0.009755,0.002419
KCHOGL,11,100,2,1000,2,0.013565,0.007475,0.003743
KCUD,11,100,2,1500,2,0.015234,0.009988,0.002241
KCHOGL,11,100,2,1500,2,0.014063,0.007011,0.004582
KCUD,21,100,2,500,2,0.038701,0.018714,0.009007
KCHOGL,21,100,2,500,2,0.042091,0.01757,0.011955
KCUD,21,100,2,1000,2,0.038311,0.018814,0.009997
KCHOGL,21,100,2,1000,2,0.040979,0.018663,0.011505
KCUD,21,100,2,1500,2,0.040883,0.019816,0.009546
KCHOGL,21,100,2,1500,2,0.042833,0.01772,0.014662
KCUD,31,100,2,500,2,0.087168,0.029932,0.023326
KCHOGL,31,100,2,500,2,0.098556,0.031895,0.027461
KCUD,31,100,2,1000,2,0.081318,0.030271,0.024282
KCHOGL,31,100,2,1000,2,0.04929,0.015309,0.012962
KCUD,31,100,2,1500,2,0.061684,0.022709,0.019364
KCHOGL,31,100,2,1500,2,0.090562,0.029096,0.022415
KCUD,41,100,2,500,2,0.163983,0.040718,0.048421
KCHOGL,41,100,2,500,2,0.151766,0.050959,0.045848
KCUD,41,100,2,1000,2,0.156183,0.054017,0.044743
KCHOGL,41,100,2,1000,2,0.175446,0.058395,0.045898
KCUD,41,100,2,1500,2,0.174725,0.057981,0.045074
KCHOGL,41,100,2,1500,2,0.165111,0.052808,0.053273
KCUD,51,100,2,500,2,0.224087,0.066384,0.051474
KCHOGL,51,100,2,500,2,0.144186,0.046959,0.041727
KCUD,51,100,2,1000,2,0.23574,0.075968,0.059221
KCHOGL,51,100,2,1000,2,0.25091,0.071448,0.074963
KCUD,51,100,2,1500,2,0.24551,0.075804,0.06386
KCHOGL,51,100,2,1500,2,0.263584,0.076794,0.079829
KCUD,61,100,2,500,2,0.254231,0.078413,0.065317
KCHOGL,61,100,2,500,2,0.311039,0.09708,0.103062
KCUD,61,100,2,1000,2,0.354158,0.103936,0.10718
KCHOGL,61,100,2,1000,2,0.368411,0.104253,0.108785
KCUD,61,100,2,1500,2,0.33032,0.100522,0.097048
KCHOGL,61,100,2,1500,2,0.2364,0.058675,0.06929
KCUD,71,100,2,500,2,0.439334,0.121394,0.12654
KCHOGL,71,100,2,500,2,0.473158,0.135024,0.151583
KCUD,71,100,2,1000,2,0.412707,0.123665,0.121397
KCHOGL,71,100,2,1000,2,0.311582,0.0896,0.108046
KCUD,71,100,2,1500,2,0.422693,0.13501,0.120369
KCHOGL,71,100,2,1500,2,0.460453,0.131778,0.132357
KCUD,81,100,2,500,2,0.485121,0.131595,0.139712
KCHOGL,81,100,2,500,2,0.584822,0.160068,0.174935
KCUD,81,100,2,1000,2,0.52598,0.143353,0.136066
KCHOGL,81,100,2,1000,2,0.508582,0.123178,0.17007
KCUD,81,100,2,1500,2,0.577921,0.167776,0.153665
KCHOGL,81,100,2,1500,2,0.494666,0.133932,0.149329
KCUD,91,100,2,500,2,0.731009,0.198879,0.203493
KCHOGL,91,100,2,500,2,0.748358,0.198575,0.216968
KCUD,91,100,2,1000,2,0.728107,0.201319,0.199101
KCHOGL,91,100,2,1000,2,0.757745,0.213639,0.208901
KCUD,91,100,2,1500,2,0.719378,0.198733,0.197964
KCHOGL,91,100,2,1500,2,0.755065,0.200332,0.22319
KCUD,101,100,2,500,2,0.915396,0.253125,0.238672
KCHOGL,101,100,2,500,2,0.842131,0.225027,0.221635
KCUD,101,100,2,1000,2,0.817656,0.249659,0.227855
KCHOGL,101,100,2,1000,2,0.703141,0.197038,0.217198
KCUD,101,100,2,1500,2,0.822284,0.240178,0.240554
KCHOGL,101,100,2,1500,2,0.680111,0.187436,0.188308
KCUD,1,100,2,500,2,0.006216,0.005791,0.000187
KCHOGL,1,100,2,500,2,0.00598,0.005351,0.000421
KCUD,1,100,2,1000,2,0.005774,0.005365,0.000176
KCHOGL,1,100,2,1000,2,0.00581,0.005184,0.000408
KCUD,1,100,2,1500,2,0.005701,0.005294,0.000164
KCHOGL,1,100,2,1500,2,0.00556,0.004976,0.000366
KCUD,11,100,2,500,1,0.009044,0.006091,0.00142
KCHOGL,11,100,2,500,1,0.010147,0.005816,0.002369
KCUD,11,100,2,1000,1,0.009249,0.006054,0.00147
KCHOGL,11,100,2,1000,1,0.010853,0.005366,0.003582
KCUD,11,100,2,1500,1,0.009011,0.005702,0.001526
KCHOGL,11,100,2,1500,1,0.011137,0.005524,0.004264
KCUD,21,100,2,500,1,0.023306,0.011564,0.00634
KCHOGL,21,100,2,500,1,0.024728,0.011005,0.007642
KCUD,21,100,2,1000,1,0.023449,0.010305,0.006292
KCHOGL,21,100,2,1000,1,0.029727,0.011406,0.008234
KCUD,21,100,2,1500,1,0.028045,0.012358,0.005519
KCHOGL,21,100,2,1500,1,0.026751,0.010615,0.009731
KCUD,31,100,2,500,1,0.049272,0.018952,0.015382
KCHOGL,31,100,2,500,1,0.052906,0.020775,0.017897
KCUD,31,100,2,1000,1,0.05111,0.020072,0.015993
KCHOGL,31,100,2,1000,1,0.051088,0.019846,0.016446
KCUD,31,100,2,1500,1,0.051384,0.021853,0.014854
KCHOGL,31,100,2,1500,1,0.064548,0.019539,0.020838
KCUD,41,100,2,500,1,0.090449,0.033031,0.028433
KCHOGL,41,100,2,500,1,0.110138,0.032835,0.032891
KCUD,41,100,2,1000,1,0.106594,0.032998,0.029606
KCHOGL,41,100,2,1000,1,0.093571,0.027494,0.022878
KCUD,41,100,2,1500,1,0.043191,0.012444,0.015486
KCHOGL,41,100,2,1500,1,0.098437,0.028822,0.031997
KCUD,51,100,2,500,1,0.146578,0.050252,0.036566
KCHOGL,51,100,2,500,1,0.153715,0.045086,0.045767
KCUD,51,100,2,1000,1,0.155208,0.048059,0.044246
KCHOGL,51,100,2,1000,1,0.160936,0.046268,0.050486
KCUD,51,100,2,1500,1,0.146119,0.045096,0.043317
KCHOGL,51,100,2,1500,1,0.156435,0.045267,0.048355
KCUD,61,100,2,500,1,0.216731,0.062991,0.060662
KCHOGL,61,100,2,500,1,0.162464,0.056353,0.048479
KCUD,61,100,2,1000,1,0.163649,0.044085,0.061122
KCHOGL,61,100,2,1000,1,0.186455,0.060168,0.066486
KCUD,61,100,2,1500,1,0.189726,0.063499,0.062369
KCHOGL,61,100,2,1500,1,0.19948,0.068235,0.065698
KCUD,71,100,2,500,1,0.245535,0.077207,0.081976
KCHOGL,71,100,2,500,1,0.279914,0.077547,0.088421
KCUD,71,100,2,1000,1,0.215439,0.069039,0.069449
KCHOGL,71,100,2,1000,1,0.274333,0.079965,0.085395
KCUD,71,100,2,1500,1,0.278782,0.080498,0.082245
KCHOGL,71,100,2,1500,1,0.252729,0.079647,0.088123
KCUD,81,100,2,500,1,0.31358,0.095713,0.103162
KCHOGL,81,100,2,500,1,0.224979,0.072391,0.087485
KCUD,81,100,2,1000,1,0.304542,0.094948,0.101449
KCHOGL,81,100,2,1000,1,0.328424,0.09812,0.11703
KCUD,81,100,2,1500,1,0.315422,0.106431,0.094873
KCHOGL,81,100,2,1500,1,0.21416,0.058714,0.090417
KCUD,91,100,2,500,1,0.392293,0.11946,0.126259
KCHOGL,91,100,2,500,1,0.415454,0.120521,0.144168
KCUD,91,100,2,1000,1,0.299577,0.078635,0.096527
KCHOGL,91,100,2,1000,1,0.378252,0.104706,0.134315
KCUD,91,100,2,1500,1,0.402593,0.120515,0.131541
KCHOGL,91,100,2,1500,1,0.420132,0.12187,0.147319
KCUD,101,100,2,500,1,0.466566,0.129625,0.157096
KCHOGL,101,100,2,500,1,0.531825,0.143757,0.199167
KCUD,101,100,2,1000,1,0.381551,0.093776,0.12459
KCHOGL,101,100,2,1000,1,0.512275,0.141025,0.188051
KCUD,101,100,2,1500,1,0.484898,0.154405,0.141251
KCHOGL,101,100,2,1500,1,0.416945,0.105336,0.129538
KCUD,1,100,2,500,2,0.005405,0.005046,0.000169
KCHOGL,1,100,2,500,2,0.006059,0.004994,0.000835
KCUD,1,100,2,1000,2,0.005181,0.004836,0.000164
KCHOGL,1,100,2,1000,2,0.006186,0.004711,0.00123
KCUD,1,100,2,1500,2,0.005392,0.005012,0.000167
KCHOGL,1,100,2,1500,2,0.005906,0.004334,0.001364
KCUD,11,100,2,500,1,0.008943,0.006088,0.001307
KCHOGL,11,100,2,500,1,0.009577,0.005727,0.002512
KCUD,11,100,2,1000,1,0.009159,0.00623,0.001326
KCHOGL,11,100,2,1000,1,0.011104,0.005996,0.003025
KCUD,11,100,2,1500,1,0.007109,0.004734,0.001167
KCHOGL,11,100,2,1500,1,0.008899,0.004474,0.003131
KCUD,21,100,2,500,1,0.022108,0.010675,0.005134
KCHOGL,21,100,2,500,1,0.023112,0.009125,0.007846
KCUD,21,100,2,1000,1,0.02232,0.010976,0.00585
KCHOGL,21,100,2,1000,1,0.023838,0.010518,0.007542
KCUD,21,100,2,1500,1,0.023302,0.011152,0.005967
KCHOGL,21,100,2,1500,1,0.028384,0.01054,0.009643
KCUD,31,100,2,500,1,0.056688,0.01952,0.013799
KCHOGL,31,100,2,500,1,0.058727,0.019312,0.016596
KCUD,31,100,2,1000,1,0.057885,0.020792,0.015213
KCHOGL,31,100,2,1000,1,0.063429,0.020816,0.018384
KCUD,31,100,2,1500,1,0.051284,0.02089,0.015055
KCHOGL,31,100,2,1500,1,0.062807,0.019136,0.019406
KCUD,41,100,2,500,1,0.10454,0.03276,0.028864
KCHOGL,41,100,2,500,1,0.105474,0.033127,0.032147
KCUD,41,100,2,1000,1,0.090238,0.034078,0.028691
KCHOGL,41,100,2,1000,1,0.093818,0.032452,0.032759
KCUD,41,100,2,1500,1,0.08772,0.032836,0.027159
KCHOGL,41,100,2,1500,1,0.093894,0.031237,0.034095
KCUD,51,100,2,500,1,0.072548,0.019464,0.022204
KCHOGL,51,100,2,500,1,0.103342,0.035491,0.030803
KCUD,51,100,2,1000,1,0.126896,0.042532,0.04176
KCHOGL,51,100,2,1000,1,0.155604,0.043755,0.049693
KCUD,51,100,2,1500,1,0.150171,0.047369,0.042257
KCHOGL,51,100,2,1500,1,0.158956,0.045647,0.049455
KCUD,61,100,2,500,1,0.18889,0.061471,0.061601
KCHOGL,61,100,2,500,1,0.198122,0.064626,0.0681
KCUD,61,100,2,1000,1,0.178441,0.059153,0.057411
KCHOGL,61,100,2,1000,1,0.092231,0.027107,0.035696
KCUD,61,100,2,1500,1,0.18314,0.060232,0.065465
KCHOGL,61,100,2,1500,1,0.188883,0.060354,0.069517
KCUD,71,100,2,500,1,0.277083,0.076948,0.082951
KCHOGL,71,100,2,500,1,0.254474,0.077811,0.089754
KCUD,71,100,2,1000,1,0.270125,0.075224,0.079499
KCHOGL,71,100,2,1000,1,0.168152,0.035952,0.064251
KCUD,71,100,2,1500,1,0.237305,0.074551,0.077233
KCHOGL,71,100,2,1500,1,0.255033,0.077191,0.090289
KCUD,81,100,2,500,1,0.312708,0.094878,0.104082
KCHOGL,81,100,2,500,1,0.323021,0.104804,0.105269
KCUD,81,100,2,1000,1,0.289197,0.096618,0.096606
KCHOGL,81,100,2,1000,1,0.314047,0.094024,0.112505
KCUD,81,100,2,1500,1,0.314954,0.097743,0.105688
KCHOGL,81,100,2,1500,1,0.328979,0.095044,0.118061
KCUD,91,100,2,500,1,0.373676,0.120957,0.115988
KCHOGL,91,100,2,500,1,0.400767,0.12014,0.138768
KCUD,91,100,2,1000,1,0.400271,0.122352,0.127481
KCHOGL,91,100,2,1000,1,0.341026,0.090695,0.106872
KCUD,91,100,2,1500,1,0.390484,0.121859,0.126604
KCHOGL,91,100,2,1500,1,0.417205,0.122822,0.144972
KCUD,101,100,2,500,1,0.37614,0.110804,0.142654
KCHOGL,101,100,2,500,1,0.484529,0.140639,0.164475
KCUD,101,100,2,1000,1,0.489852,0.145429,0.156445
KCHOGL,101,100,2,1000,1,0.389188,0.092975,0.15489
KCUD,101,100,2,1500,1,0.491112,0.150316,0.150764
KCHOGL,101,100,2,1500,1,0.506876,0.144084,0.175403
KCUD,1,100,2,500,2,0.006381,0.006002,0.000175
KCHOGL,1,100,2,500,3,0.008346,0.00686,0.001162
KCUD,1,100,2,1000,2,0.005739,0.005379,0.000141
KCHOGL,1,100,2,1000,3,0.007878,0.00602,0.001566
KCUD,1,100,2,1500,2,0.005836,0.00545,0.000169
KCHOGL,1,100,2,1500,3,0.009695,0.006766,0.002563
KCUD,11,100,2,500,1,0.009467,0.006487,0.001445
KCHOGL,11,100,2,500,1,0.009243,0.005454,0.001886
KCUD,11,100,2,1000,1,0.009675,0.006306,0.00166
KCHOGL,11,100,2,1000,1,0.009443,0.005678,0.002631
KCUD,11,100,2,1500,1,0.009501,0.006295,0.001435
KCHOGL,11,100,2,1500,1,0.010853,0.005782,0.003804
KCUD,21,100,2,500,1,0.021737,0.008753,0.004613
KCHOGL,21,100,2,500,1,0.013713,0.005956,0.004487
KCUD,21,100,2,1000,1,0.013183,0.006292,0.003698
KCHOGL,21,100,2,1000,1,0.014062,0.005842,0.005095
KCUD,21,100,2,1500,1,0.013173,0.006318,0.003697
KCHOGL,21,100,2,1500,1,0.022367,0.008549,0.008347
KCUD,31,100,2,500,1,0.054966,0.019349,0.014739
KCHOGL,31,100,2,500,1,0.052657,0.01917,0.0126
KCUD,31,100,2,1000,1,0.060311,0.023154,0.012907
KCHOGL,31,100,2,1000,1,0.047466,0.018862,0.014702
KCUD,31,100,2,1500,1,0.05796,0.020704,0.014757
KCHOGL,31,100,2,1500,1,0.053924,0.019976,0.019433
KCUD,41,100,2,500,1,0.088161,0.032466,0.027812
KCHOGL,41,100,2,500,1,0.093652,0.031551,0.033466
KCUD,41,100,2,1000,1,0.097009,0.03189,0.0354
KCHOGL,41,100,2,1000,1,0.095658,0.031848,0.034165
KCUD,41,100,2,1500,1,0.090754,0.033689,0.027492
KCHOGL,41,100,2,1500,1,0.095577,0.032268,0.034073
KCUD,51,100,2,500,1,0.150168,0.046502,0.041745
KCHOGL,51,100,2,500,1,0.156396,0.044353,0.048885
KCUD,51,100,2,1000,1,0.061426,0.019383,0.021452
KCHOGL,51,100,2,1000,1,0.118436,0.031434,0.03922
KCUD,51,100,2,1500,1,0.144767,0.043228,0.042993
KCHOGL,51,100,2,1500,1,0.13827,0.045701,0.048561
KCUD,61,100,2,500,1,0.219542,0.064549,0.062544
KCHOGL,61,100,2,500,1,0.199018,0.062522,0.069423
KCUD,61,100,2,1000,1,0.217708,0.063104,0.06233
KCHOGL,61,100,2,1000,1,0.199405,0.061241,0.073138
KCUD,61,100,2,1500,1,0.09178,0.027439,0.034686
KCHOGL,61,100,2,1500,1,0.17401,0.051887,0.06214
KCUD,71,100,2,500,1,0.263706,0.074113,0.080629
KCHOGL,71,100,2,500,1,0.286219,0.076207,0.092843
KCUD,71,100,2,1000,1,0.275967,0.076141,0.083291
KCHOGL,71,100,2,1000,1,0.284026,0.079584,0.089811
KCUD,71,100,2,1500,1,0.214347,0.059246,0.069587
KCHOGL,71,100,2,1500,1,0.270202,0.080469,0.092246
KCUD,81,100,2,500,1,0.315799,0.097652,0.104852
KCHOGL,81,100,2,500,1,0.323285,0.096187,0.112968
KCUD,81,100,2,1000,1,0.230897,0.062415,0.073834
KCHOGL,81,100,2,1000,1,0.29447,0.080703,0.111859
KCUD,81,100,2,1500,1,0.317185,0.097557,0.105303
KCHOGL,81,100,2,1500,1,0.328652,0.094514,0.121295
KCUD,91,100,2,500,1,0.296997,0.079345,0.095611
KCHOGL,91,100,2,500,1,0.38216,0.107733,0.135404
KCUD,91,100,2,1000,1,0.40224,0.120687,0.131604
KCHOGL,91,100,2,1000,1,0.418375,0.11982,0.146513
KCUD,91,100,2,1500,1,0.367944,0.106033,0.124201
KCHOGL,91,100,2,1500,1,0.406075,0.119867,0.141783
KCUD,101,100,2,500,1,0.489036,0.14515,0.156045
KCHOGL,101,100,2,500,1,0.386959,0.107664,0.133137
KCUD,101,100,2,1000,1,0.486691,0.142295,0.156508
KCHOGL,101,100,2,1000,1,0.509979,0.147068,0.173862
KCUD,101,100,2,1500,1,0.470306,0.146353,0.143909
KCHOGL,101,100,2,1500,1,0.507446,0.144254,0.175133
KCUD,1,100,2,500,1,0.00283,0.002624,0.0001
KCHOGL,1,100,2,500,1,0.00326,0.002573,0.000577
KCUD,1,100,2,1000,1,0.002775,0.00257,0.000102
KCHOGL,1,100,2,1000,1,0.003492,0.002523,0.000854
KCUD,1,100,2,1500,1,0.003311,0.003056,0.000103
KCHOGL,1,100,2,1500,1,0.004516,0.002694,0.001679
KCUD,11,100,2,500,2,0.014113,0.009654,0.001977
KCHOGL,11,100,2,500,2,0.012947,0.007544,0.003007
KCUD,11,100,2,1000,2,0.015321,0.010267,0.00232
KCHOGL,11,100,2,1000,2,0.014239,0.007883,0.003954
KCUD,11,100,2,1500,2,0.015531,0.010105,0.002196
KCHOGL,11,100,2,1500,2,0.015229,0.007519,0.004995
KCUD,21,100,2,500,2,0.042778,0.019177,0.008522
KCHOGL,21,100,2,500,4,0.07871,0.030531,0.021327
KCUD,21,100,2,1000,2,0.039808,0.017967,0.01026
KCHOGL,21,100,2,1000,4,0.070305,0.030526,0.01927
KCUD,21,100,2,1500,2,0.037803,0.017268,0.00841
KCHOGL,21,100,2,1500,4,0.040901,0.016424,0.011933
KCUD,31,100,2,500,2,0.071572,0.029599,0.018171
KCHOGL,31,100,2,500,2,0.086331,0.031063,0.027489
KCUD,31,100,2,1000,2,0.098938,0.037116,0.023631
KCHOGL,31,100,2,1000,2,0.095279,0.032289,0.030868
KCUD,31,100,2,1500,2,0.082519,0.032813,0.021743
KCHOGL,31,100,2,1500,2,0.097749,0.033619,0.02699
KCUD,41,100,2,500,2,0.17959,0.055708,0.050802
KCHOGL,41,100,2,500,3,0.225514,0.071563,0.074955
KCUD,41,100,2,1000,2,0.173133,0.05759,0.042936
KCHOGL,41,100,2,1000,3,0.244229,0.077426,0.068241
KCUD,41,100,2,1500,2,0.105527,0.03594,0.027382
KCHOGL,41,100,2,1500,3,0.225274,0.066263,0.069668
KCUD,51,100,2,500,2,0.256359,0.077112,0.070876
KCHOGL,51,100,2,500,4,0.44155,0.130006,0.135181
KCUD,51,100,2,1000,2,0.249682,0.079462,0.06313
KCHOGL,51,100,2,1000,2,0.21441,0.054662,0.059729
KCUD,51,100,2,1500,2,0.232186,0.067463,0.065085
KCHOGL,51,100,2,1500,2,0.246189,0.069342,0.081366
KCUD,61,100,2,500,2,0.333754,0.108341,0.095516
KCHOGL,61,100,2,500,3,0.511069,0.147427,0.141778
KCUD,61,100,2,1000,2,0.308567,0.101157,0.09846
KCHOGL,61,100,2,1000,3,0.499921,0.143618,0.143002
KCUD,61,100,2,1500,2,0.365877,0.108534,0.0981
KCHOGL,61,100,2,1500,3,0.367797,0.1168,0.102229
KCUD,71,100,2,500,2,0.456996,0.136327,0.122773
KCHOGL,71,100,2,500,4,0.833003,0.224483,0.238341
KCUD,71,100,2,1000,2,0.445407,0.12609,0.12489
KCHOGL,71,100,2,1000,4,0.837172,0.230343,0.253625
KCUD,71,100,2,1500,2,0.443077,0.137708,0.115326
KCHOGL,71,100,2,1500,4,0.836496,0.235176,0.23802
KCUD,81,100,2,500,2,0.526924,0.160551,0.179412
KCHOGL,81,100,2,500,4,1.05305,0.288534,0.329548
KCUD,81,100,2,1000,2,0.570404,0.158263,0.1607
KCHOGL,81,100,2,1000,4,1.05313,0.285315,0.299033
KCUD,81,100,2,1500,2,0.580887,0.163246,0.164046
KCHOGL,81,100,2,1500,4,0.897909,0.251165,0.287133
KCUD,91,100,2,500,2,0.711246,0.197132,0.183615
KCHOGL,91,100,2,500,4,1.23232,0.332894,0.372315
KCUD,91,100,2,1000,2,0.700437,0.211364,0.191253
KCHOGL,91,100,2,1000,4,1.30677,0.353747,0.351722
KCUD,91,100,2,1500,2,0.73288,0.197702,0.203716
KCHOGL,91,100,2,1500,4,1.17045,0.307142,0.363715
KCUD,101,100,2,500,2,0.864756,0.261203,0.216301
KCHOGL,101,100,2,500,4,1.42602,0.401033,0.433551
KCUD,101,100,2,1000,2,0.866406,0.23055,0.238024
KCHOGL,101,100,2,1000,4,1.46795,0.374252,0.399006
KCUD,101,100,2,1500,2,0.731491,0.203546,0.227539
KCHOGL,101,100,2,1500,4,1.59678,0.428484,0.472055
KCUD,1,100,2,500,1,0.003272,0.003096,9.1e-05
KCHOGL,1,100,2,500,1,0.002822,0.002398,0.000345
KCUD,1,100,2,1000,1,0.00325,0.003062,9.3e-05
KCHOGL,1,100,2,1000,1,0.003134,0.002477,0.000562
KCUD,1,100,2,1500,1,0.003276,0.00308,9.8e-05
KCHOGL,1,100,2,1500,1,0.003316,0.002455,0.000783
KCUD,11,100,2,500,1,0.006379,0.004112,0.001215
KCHOGL,11,100,2,500,1,0.005895,0.003252,0.001509
KCUD,11,100,2,1000,1,0.006309,0.004096,0.001187
KCHOGL,11,100,2,1000,1,0.006292,0.00342,0.00186
KCUD,11,100,2,1500,1,0.006447,0.004005,0.001317
KCHOGL,11,100,2,1500,1,0.006594,0.003374,0.002087
KCUD,21,100,2,500,1,0.021998,0.009882,0.005995
KCHOGL,21,100,2,500,1,0.022239,0.009452,0.006862
KCUD,21,100,2,1000,1,0.019525,0.008747,0.005316
KCHOGL,21,100,2,1000,1,0.023088,0.009605,0.007503
KCUD,21,100,2,1500,1,0.019749,0.010229,0.004188
KCHOGL,21,100,2,1500,1,0.015316,0.005523,0.00512
KCUD,31,100,2,500,1,0.053693,0.022481,0.013488
KCHOGL,31,100,2,500,1,0.045649,0.018008,0.014069
KCUD,31,100,2,1000,1,0.058194,0.019817,0.015191
KCHOGL,31,100,2,1000,1,0.050819,0.020043,0.016234
KCUD,31,100,2,1500,1,0.04782,0.019606,0.014325
KCHOGL,31,100,2,1500,1,0.052427,0.020053,0.018278
KCUD,41,100,2,500,1,0.091229,0.033452,0.030144
KCHOGL,41,100,2,500,1,0.092997,0.032802,0.032293
KCUD,41,100,2,1000,1,0.102797,0.033214,0.028058
KCHOGL,41,100,2,1000,1,0.097255,0.030477,0.038607
KCUD,41,100,2,1500,1,0.088543,0.031082,0.029091
KCHOGL,41,100,2,1500,1,0.092179,0.029702,0.034291
KCUD,51,100,2,500,1,0.135764,0.046047,0.045082
KCHOGL,51,100,2,500,1,0.124481,0.044073,0.040703
KCUD,51,100,2,1000,1,0.102952,0.03336,0.031014
KCHOGL,51,100,2,1000,1,0.117205,0.033998,0.042303
KCUD,51,100,2,1500,1,0.130883,0.04525,0.041123
KCHOGL,51,100,2,1500,1,0.131215,0.041978,0.046564
KCUD,61,100,2,500,1,0.220186,0.065023,0.062414
KCHOGL,61,100,2,500,1,0.220265,0.061624,0.070072
KCUD,61,100,2,1000,1,0.220056,0.063555,0.064308
KCHOGL,61,100,2,1000,1,0.219939,0.061185,0.066966
KCUD,61,100,2,1500,1,0.151986,0.046682,0.047272
KCHOGL,61,100,2,1500,1,0.209123,0.055499,0.061739
KCUD,71,100,2,500,1,0.269363,0.078348,0.079152
KCHOGL,71,100,2,500,1,0.284698,0.078662,0.091108
KCUD,71,100,2,1000,1,0.276387,0.079253,0.081619
KCHOGL,71,100,2,1000,1,0.287121,0.079607,0.093964
KCUD,71,100,2,1500,1,0.243701,0.058381,0.079465
KCHOGL,71,100,2,1500,1,0.259273,0.072504,0.098632
KCUD,81,100,2,500,1,0.314013,0.097671,0.102894
KCHOGL,81,100,2,500,1,0.324858,0.10234,0.10958
KCUD,81,100,2,1000,1,0.203887,0.062341,0.082215
KCHOGL,81,100,2,1000,1,0.304137,0.09525,0.103713
KCUD,81,100,2,1500,1,0.317111,0.097509,0.105219
KCHOGL,81,100,2,1500,1,0.322976,0.095967,0.113439
KCUD,91,100,2,500,1,0.277338,0.079721,0.11541
KCHOGL,91,100,2,500,1,0.390523,0.122561,0.122924
KCUD,91,100,2,1000,1,0.401765,0.124711,0.129186
KCHOGL,91,100,2,1000,1,0.418915,0.121257,0.145636
KCUD,91,100,2,1500,1,0.379367,0.110443,0.125332
KCHOGL,91,100,2,1500,1,0.413745,0.116739,0.143442
KCUD,101,100,2,500,1,0.48624,0.142787,0.154942
KCHOGL,101,100,2,500,1,0.422239,0.104776,0.148644
KCUD,101,100,2,1000,1,0.485792,0.159028,0.142367
KCHOGL,101,100,2,1000,1,0.499556,0.144154,0.166588
KCUD,101,100,2,1500,1,0.478696,0.143688,0.156946
KCHOGL,101,100,2,1500,1,0.503537,0.139143,0.173847
KCUD,1,100,2,500,1,0.003781,0.003543,0.000117
KCHOGL,1,100,2,500,1,0.003525,0.002785,0.000611
KCUD,1,100,2,1000,1,0.003289,0.003061,0.000105
KCHOGL,1,100,2,1000,1,0.003761,0.002669,0.00096
KCUD,1,100,2,1500,1,0.003524,0.003299,0.000101
KCHOGL,1,100,2,1500,1,0.004185,0.002627,0.001444
KCUD,11,100,2,500,1,0.008426,0.00543,0.001265
KCHOGL,11,100,2,500,1,0.008115,0.004474,0.001994
KCUD,11,100,2,1000,1,0.00825,0.005458,0.001385
KCHOGL,11,100,2,1000,1,0.009112,0.004502,0.00291
KCUD,11,100,2,1500,1,0.00806,0.005474,0.001276
KCHOGL,11,100,2,1500,1,0.009653,0.00463,0.003378
KCUD,21,100,2,500,1,0.022445,0.00963,0.006698
KCHOGL,21,100,2,500,1,0.026675,0.009519,0.007527
KCUD,21,100,2,1000,1,0.022755,0.010557,0.006272
KCHOGL,21,100,2,1000,1,0.024081,0.010404,0.008643
KCUD,21,100,2,1500,1,0.021793,0.010384,0.005704
KCHOGL,21,100,2,1500,1,0.025302,0.01045,0.009563
KCUD,31,100,2,500,1,0.048888,0.020056,0.014445
KCHOGL,31,100,2,500,1,0.05841,0.018428,0.017086
KCUD,31,100,2,1000,1,0.035293,0.011911,0.008571
KCHOGL,31,100,2,1000,1,0.022728,0.008103,0.007972
KCUD,31,100,2,1500,1,0.022624,0.008358,0.007545
KCHOGL,31,100,2,1500,1,0.045398,0.016881,0.015412
KCUD,41,100,2,500,1,0.084202,0.024953,0.027823
KCHOGL,41,100,2,500,1,0.105129,0.02959,0.030345
KCUD,41,100,2,1000,1,0.087544,0.03179,0.026787
KCHOGL,41,100,2,1000,1,0.088379,0.029333,0.031585
KCUD,41,100,2,1500,1,0.103876,0.033159,0.029241
KCHOGL,41,100,2,1500,1,0.109483,0.034427,0.03314
KCUD,51,100,2,500,1,0.13025,0.044166,0.04367
KCHOGL,51,100,2,500,1,0.153932,0.047458,0.044277
KCUD,51,100,2,1000,1,0.133084,0.046058,0.042163
KCHOGL,51,100,2,1000,1,0.145109,0.046988,0.052802
KCUD,51,100,2,1500,1,0.06686,0.018516,0.022097
KCHOGL,51,100,2,1500,1,0.115507,0.034478,0.03986
KCUD,61,100,2,500,1,0.209718,0.059636,0.060033
KCHOGL,61,100,2,500,1,0.213496,0.057996,0.067215
KCUD,61,100,2,1000,1,0.220552,0.065261,0.063642
KCHOGL,61,100,2,1000,1,0.223186,0.064391,0.067222
KCUD,61,100,2,1500,1,0.218825,0.06218,0.062319
KCHOGL,61,100,2,1500,1,0.190263,0.060573,0.065988
KCUD,71,100,2,500,1,0.222723,0.069215,0.083478
KCHOGL,71,100,2,500,1,0.241872,0.071037,0.086488
KCUD,71,100,2,1000,1,0.249016,0.085128,0.076545
KCHOGL,71,100,2,1000,1,0.251587,0.07852,0.091264
KCUD,71,100,2,1500,1,0.244534,0.077911,0.080826
KCHOGL,71,100,2,1500,1,0.162835,0.044824,0.066384
KCUD,81,100,2,500,1,0.304664,0.087756,0.101967
KCHOGL,81,100,2,500,1,0.330326,0.098023,0.115561
KCUD,81,100,2,1000,1,0.319244,0.095885,0.105656
KCHOGL,81,100,2,1000,1,0.318198,0.088594,0.113793
KCUD,81,100,2,1500,1,0.311447,0.098718,0.107493
KCHOGL,81,100,2,1500,1,0.320202,0.093451,0.114337
KCUD,91,100,2,500,1,0.404508,0.123199,0.130025
KCHOGL,91,100,2,500,1,0.333598,0.083573,0.104851
KCUD,91,100,2,1000,1,0.390864,0.119654,0.127533
KCHOGL,91,100,2,1000,1,0.411151,0.128152,0.128414
KCUD,91,100,2,1500,1,0.340952,0.099843,0.09744
KCHOGL,91,100,2,1500,1,0.402624,0.122906,0.150026
KCUD,101,100,2,500,1,0.488291,0.145464,0.156604
KCHOGL,101,100,2,500,1,0.497013,0.143437,0.164405
KCUD,101,100,2,1000,1,0.479634,0.143036,0.158669
KCHOGL,101,100,2,1000,1,0.508642,0.145664,0.175316
KCUD,101,100,2,1500,1,0.372194,0.10752,0.121526
KCHOGL,101,100,2,1500,1,0.492642,0.141432,0.172535
KCUD,1,100,2,500,1,0.00347,0.003259,0.000112
KCHOGL,1,100,2,500,1,0.003103,0.0025,0.000502
KCUD,1,100,2,1000,1,0.003617,0.003383,0.000112
KCHOGL,1,100,2,1000,1,0.003459,0.002456,0.000883
KCUD,1,100,2,1500,1,0.003171,0.002958,9.5e-05
KCHOGL,1,100,2,1500,1,0.003918,0.002416,0.001385
KCUD,11,100,2,500,1,0.007503,0.004708,0.00127
KCHOGL,11,100,2,500,1,0.008211,0.004583,0.001967
KCUD,11,100,2,1000,1,0.007867,0.005251,0.001381
KCHOGL,11,100,2,1000,1,0.008745,0.004323,0.002541
KCUD,11,100,2,1500,1,0.007823,0.004681,0.001437
KCHOGL,11,100,2,1500,1,0.01,0.004816,0.003208
KCUD,21,100,2,500,2,0.041238,0.017829,0.009589
KCHOGL,21,100,2,500,2,0.037671,0.016737,0.01206
KCUD,21,100,2,1000,2,0.037831,0.018543,0.008152
KCHOGL,21,100,2,1000,2,0.039007,0.01674,0.010721
KCUD,21,100,2,1500,2,0.039788,0.018114,0.009581
KCHOGL,21,100,2,1500,2,0.041413,0.016017,0.014569
KCUD,31,100,2,500,2,0.087495,0.031898,0.023501
KCHOGL,31,100,2,500,2,0.092678,0.031061,0.031274
KCUD,31,100,2,1000,2,0.096909,0.03473,0.023087
KCHOGL,31,100,2,1000,2,0.098036,0.032306,0.028206
KCUD,31,100,2,1500,2,0.064595,0.021645,0.0151
KCHOGL,31,100,2,1500,2,0.038181,0.012502,0.013466
KCUD,41,100,2,500,2,0.1485,0.043186,0.05081
KCHOGL,41,100,2,500,2,0.149898,0.045609,0.045795
KCUD,41,100,2,1000,2,0.151045,0.051078,0.045094
KCHOGL,41,100,2,1000,2,0.174173,0.051236,0.050964
KCUD,41,100,2,1500,2,0.168462,0.054809,0.041625
KCHOGL,41,100,2,1500,2,0.158705,0.05151,0.048774
KCUD,51,100,2,500,2,0.248515,0.074502,0.0665
KCHOGL,51,100,2,500,2,0.234408,0.070637,0.062144
KCUD,51,100,2,1000,2,0.219968,0.070622,0.061214
KCHOGL,51,100,2,1000,2,0.225302,0.074309,0.067469
KCUD,51,100,2,1500,2,0.249472,0.078712,0.064161
KCHOGL,51,100,2,1500,2,0.258868,0.075263,0.081755
KCUD,61,100,2,500,2,0.329327,0.104644,0.096482
KCHOGL,61,100,2,500,2,0.223165,0.053149,0.061637
KCUD,61,100,2,1000,2,0.340798,0.101685,0.092872
KCHOGL,61,100,2,1000,2,0.366368,0.104043,0.107686
KCUD,61,100,2,1500,2,0.357597,0.108795,0.093418
KCHOGL,61,100,2,1500,2,0.333548,0.097286,0.089354
KCUD,71,100,2,500,2,0.43248,0.120077,0.12338
KCHOGL,71,100,2,500,2,0.462234,0.130255,0.133789
KCUD,71,100,2,1000,2,0.446376,0.121967,0.13942
KCHOGL,71,100,2,1000,2,0.317445,0.089765,0.103441
KCUD,71,100,2,1500,2,0.458669,0.127526,0.128668
KCHOGL,71,100,2,1500,2,0.467974,0.127,0.142626
KCUD,81,100,2,500,2,0.499489,0.134745,0.143454
KCHOGL,81,100,2,500,2,0.592475,0.159605,0.177606
KCUD,81,100,2,1000,2,0.489193,0.14098,0.132243
KCHOGL,81,100,2,1000,2,0.517256,0.123977,0.172733
KCUD,81,100,2,1500,2,0.561146,0.169035,0.16825
KCHOGL,81,100,2,1500,2,0.498324,0.134503,0.14598
KCUD,91,100,2,500,2,0.741503,0.205206,0.203815
KCHOGL,91,100,2,500,2,0.749605,0.197391,0.215291
KCUD,91,100,2,1000,2,0.726859,0.200324,0.197103
KCHOGL,91,100,2,1000,2,0.756695,0.200829,0.221505
KCUD,91,100,2,1500,2,0.728098,0.199168,0.199815
KCHOGL,91,100,2,1500,2,0.755781,0.207211,0.216382
KCUD,101,100,2,500,2,0.895309,0.241892,0.245286
KCHOGL,101,100,2,500,2,0.817293,0.197098,0.224281
KCUD,101,100,2,1000,2,0.826736,0.241139,0.243695
KCHOGL,101,100,2,1000,2,0.763281,0.173292,0.241291
KCUD,101,100,2,1500,2,0.818196,0.238965,0.232107
KCHOGL,101,100,2,1500,2,0.749496,0.192029,0.243627
KCUD,1,100,2,500,1,0.004231,0.003967,0.000121
KCHOGL,1,100,2,500,1,0.003349,0.002743,0.000489
KCUD,1,100,2,1000,1,0.003661,0.003369,0.000138
KCHOGL,1,100,2,1000,1,0.004017,0.003051,0.000854
KCUD,1,100,2,1500,1,0.003609,0.00339,0.000113
KCHOGL,1,100,2,1500,1,0.004733,0.003002,0.001579
KCUD,11,100,2,500,2,0.014345,0.00958,0.002064
KCHOGL,11,100,2,500,2,0.013374,0.007503,0.003216
KCUD,11,100,2,1000,2,0.013795,0.009316,0.002026
KCHOGL,11,100,2,1000,2,0.01381,0.007403,0.003803
KCUD,11,100,2,1500,2,0.014616,0.009764,0.002225
KCHOGL,11,100,2,1500,2,0.01481,0.007682,0.004631
KCUD,21,100,2,500,2,0.040063,0.018591,0.009757
KCHOGL,21,100,2,500,2,0.040705,0.018539,0.01192
KCUD,21,100,2,1000,2,0.041366,0.019275,0.008888
KCHOGL,21,100,2,1000,2,0.041438,0.015726,0.013414
KCUD,21,100,2,1500,2,0.043247,0.018958,0.009727
KCHOGL,21,100,2,1500,2,0.044732,0.017035,0.013491
KCUD,31,100,2,500,2,0.101393,0.035875,0.02677
KCHOGL,31,100,2,500,2,0.090239,0.032729,0.02703
KCUD,31,100,2,1000,2,0.098679,0.034887,0.024178
KCHOGL,31,100,2,1000,2,0.0993,0.034166,0.025013
KCUD,31,100,2,1500,2,0.089925,0.03382,0.019696
KCHOGL,31,100,2,1500,2,0.057408,0.01688,0.016936
KCUD,41,100,2,500,2,0.1593,0.052502,0.038345
KCHOGL,41,100,2,500,2,0.161432,0.049404,0.040695
KCUD,41,100,2,1000,2,0.161797,0.053392,0.040895
KCHOGL,41,100,2,1000,2,0.176586,0.053668,0.050593
KCUD,41,100,2,1500,2,0.157165,0.05439,0.043164
KCHOGL,41,100,2,1500,2,0.173299,0.050235,0.051183
KCUD,51,100,2,500,2,0.235853,0.077818,0.067145
KCHOGL,51,100,2,500,4,0.282368,0.080974,0.103841
KCUD,51,100,2,1000,2,0.241167,0.073515,0.064398
KCHOGL,51,100,2,1000,4,0.442528,0.135626,0.129867
KCUD,51,100,2,1500,2,0.251929,0.075751,0.069128
KCHOGL,51,100,2,1500,4,0.305795,0.085407,0.099678
KCUD,61,100,2,500,2,0.358092,0.106792,0.094451
KCHOGL,61,100,2,500,4,0.631176,0.18959,0.186293
KCUD,61,100,2,1000,2,0.140165,0.040657,0.041217
KCHOGL,61,100,2,1000,4,0.246672,0.066743,0.074056
KCUD,61,100,2,1500,2,0.130623,0.039039,0.041578
KCHOGL,61,100,2,1500,4,0.249885,0.066371,0.078461
KCUD,71,100,2,500,2,0.451015,0.126926,0.12863
KCHOGL,71,100,2,500,4,0.830681,0.23257,0.233843
KCUD,71,100,2,1000,2,0.429868,0.114117,0.12894
KCHOGL,71,100,2,1000,4,0.845841,0.23029,0.262494
KCUD,71,100,2,1500,2,0.382797,0.113341,0.113633
KCHOGL,71,100,2,1500,4,0.824825,0.222347,0.24259
KCUD,81,100,2,500,2,0.428464,0.113274,0.129731
KCHOGL,81,100,2,500,3,0.829061,0.230254,0.260839
KCUD,81,100,2,1000,2,0.535516,0.146471,0.155018
KCHOGL,81,100,2,1000,3,0.859101,0.236575,0.252011
KCUD,81,100,2,1500,2,0.608313,0.170152,0.177301
KCHOGL,81,100,2,1500,3,0.730548,0.186301,0.239487
KCUD,91,100,2,500,2,0.679483,0.198459,0.197071
KCHOGL,91,100,2,500,3,1.08869,0.273937,0.351682
KCUD,91,100,2,1000,2,0.714049,0.195389,0.216259
KCHOGL,91,100,2,1000,3,1.06466,0.280416,0.328146
KCUD,91,100,2,1500,2,0.64729,0.191643,0.210017
KCHOGL,91,100,2,1500,3,0.984971,0.250206,0.304619
KCUD,101,100,2,500,2,0.761516,0.224394,0.238383
KCHOGL,101,100,2,500,4,1.53566,0.426002,0.480572
KCUD,101,100,2,1000,2,0.820532,0.237481,0.258197
KCHOGL,101,100,2,1000,4,1.58904,0.443815,0.4828
KCUD,101,100,2,1500,2,0.901333,0.230219,0.284775
KCHOGL,101,100,2,1500,4,1.60033,0.444067,0.491762
KCUD,1,100,2,500,2,0.00633,0.005914,0.00019
KCHOGL,1,100,2,500,2,0.00696,0.006116,0.000504
KCUD,1,100,2,1000,2,0.007262,0.006713,0.000221
KCHOGL,1,100,2,1000,2,0.006502,0.005763,0.000451
KCUD,1,100,2,1500,2,0.006374,0.00588,0.000207
KCHOGL,1,100,2,1500,2,0.006422,0.005733,0.00044
KCUD,11,100,2,500,1,0.011962,0.008271,0.001552
KCHOGL,11,100,2,500,1,0.01024,0.006119,0.002711
KCUD,11,100,2,1000,1,0.009773,0.006643,0.001533
KCHOGL,11,100,2,1000,1,0.009672,0.004913,0.003145
KCUD,11,100,2,1500,1,0.008246,0.005555,0.001428
KCHOGL,11,100,2,1500,1,0.010545,0.005011,0.00393
KCUD,21,100,2,500,1,0.016629,0.008019,0.004561
KCHOGL,21,100,2,500,1,0.01838,0.007575,0.005438
KCUD,21,100,2,1000,1,0.022114,0.010649,0.006358
KCHOGL,21,100,2,1000,1,0.026535,0.012003,0.008956
KCUD,21,100,2,1500,1,0.024396,0.011646,0.00711
KCHOGL,21,100,2,1500,1,0.030272,0.012305,0.011236
KCUD,31,100,2,500,1,0.062642,0.017837,0.016787
KCHOGL,31,100,2,500,1,0.052634,0.016181,0.019245
KCUD,31,100,2,1000,1,0.058197,0.018799,0.018873
KCHOGL,31,100,2,1000,1,0.058517,0.020682,0.021542
KCUD,31,100,2,1500,1,0.053966,0.022783,0.014632
KCHOGL,31,100,2,1500,1,0.057357,0.019615,0.023576
KCUD,41,100,2,500,1,0.112734,0.03221,0.031921
KCHOGL,41,100,2,500,1,0.117124,0.037901,0.045633
KCUD,41,100,2,1000,1,0.096548,0.029457,0.034581
KCHOGL,41,100,2,1000,1,0.094289,0.03222,0.03217
KCUD,41,100,2,1500,1,0.093235,0.032209,0.031629
KCHOGL,41,100,2,1500,1,0.112812,0.0328,0.03435
KCUD,51,100,2,500,1,0.140349,0.046419,0.04959
KCHOGL,51,100,2,500,1,0.15973,0.04732,0.053969
KCUD,51,100,2,1000,1,0.137729,0.044511,0.045863
KCHOGL,51,100,2,1000,1,0.161006,0.046356,0.049422
KCUD,51,100,2,1500,1,0.146693,0.053648,0.044303
KCHOGL,51,100,2,1500,1,0.152544,0.05378,0.047136
KCUD,61,100,2,500,1,0.21764,0.0613,0.063248
KCHOGL,61,100,2,500,1,0.207295,0.061178,0.063055
KCUD,61,100,2,1000,1,0.206945,0.05204,0.063155
KCHOGL,61,100,2,1000,1,0.214548,0.060407,0.067841
KCUD,61,100,2,1500,1,0.201749,0.058673,0.060323
KCHOGL,61,100,2,1500,1,0.210092,0.061504,0.065901
KCUD,71,100,2,500,1,0.233047,0.073252,0.079696
KCHOGL,71,100,2,500,1,0.259085,0.076568,0.090714
KCUD,71,100,2,1000,1,0.24466,0.07363,0.086951
KCHOGL,71,100,2,1000,1,0.250992,0.077406,0.089705
KCUD,71,100,2,1500,1,0.236609,0.081198,0.071951
KCHOGL,71,100,2,1500,1,0.254854,0.074456,0.095505
KCUD,81,100,2,500,1,0.335197,0.093315,0.09609
KCHOGL,81,100,2,500,1,0.333281,0.091064,0.107877
KCUD,81,100,2,1000,1,0.345499,0.088013,0.109472
KCHOGL,81,100,2,1000,1,0.367745,0.0941,0.122383
KCUD,81,100,2,1500,1,0.304058,0.10221,0.091289
KCHOGL,81,100,2,1500,1,0.294126,0.066063,0.09478
KCUD,91,100,2,500,1,0.38188,0.112071,0.129103
KCHOGL,91,100,2,500,1,0.405671,0.127746,0.126291
KCUD,91,100,2,1000,1,0.392895,0.117213,0.124779
KCHOGL,91,100,2,1000,1,0.40726,0.115159,0.14369
KCUD,91,100,2,1500,1,0.38783,0.113281,0.125279
KCHOGL,91,100,2,1500,1,0.333534,0.093051,0.121835
KCUD,101,100,2,500,1,0.47239,0.141344,0.150672
KCHOGL,101,100,2,500,1,0.492306,0.137016,0.170999
KCUD,101,100,2,1000,1,0.505597,0.134545,0.183847
KCHOGL,101,100,2,1000,1,0.456256,0.130162,0.149738
KCUD,101,100,2,1500,1,0.486199,0.141874,0.154249
KCHOGL,101,100,2,1500,1,0.51889,0.140105,0.185513
KCUD,1,100,2,500,1,0.004201,0.00388,0.000143
KCHOGL,1,100,2,500,1,0.004538,0.003724,0.000636
KCUD,1,100,2,1000,1,0.003033,0.002807,0.000112
KCHOGL,1,100,2,1000,1,0.004089,0.003076,0.000869
KCUD,1,100,2,1500,1,0.003661,0.003357,0.00013
KCHOGL,1,100,2,1500,1,0.005344,0.003602,0.001551
KCUD,11,100,2,500,1,0.011592,0.007851,0.001755
KCHOGL,11,100,2,500,1,0.00808,0.004777,0.001959
KCUD,11,100,2,1000,1,0.010028,0.006358,0.001613
KCHOGL,11,100,2,1000,1,0.011568,0.006386,0.003366
KCUD,11,100,2,1500,1,0.009796,0.006376,0.001678
KCHOGL,11,100,2,1500,1,0.012287,0.005991,0.0038
KCUD,21,100,2,500,1,0.025866,0.011984,0.005384
KCHOGL,21,100,2,500,1,0.02811,0.011073,0.007419
KCUD,21,100,2,1000,1,0.022252,0.010533,0.005601
KCHOGL,21,100,2,1000,1,0.023926,0.009442,0.008092
KCUD,21,100,2,1500,1,0.024592,0.011463,0.006266
KCHOGL,21,100,2,1500,1,0.025956,0.010304,0.009943
KCUD,31,100,2,500,1,0.056567,0.018739,0.015317
KCHOGL,31,100,2,500,1,0.048456,0.019216,0.016578
KCUD,31,100,2,1000,1,0.051738,0.018739,0.016374
KCHOGL,31,100,2,1000,1,0.059135,0.018658,0.018536
KCUD,31,100,2,1500,1,0.049821,0.019878,0.013811
KCHOGL,31,100,2,1500,1,0.062732,0.021567,0.022059
KCUD,41,100,2,500,1,0.101194,0.032034,0.029098
KCHOGL,41,100,2,500,1,0.116302,0.035879,0.033754
KCUD,41,100,2,1000,1,0.091932,0.032018,0.030259
KCHOGL,41,100,2,1000,1,0.092766,0.030293,0.032539
KCUD,41,100,2,1500,1,0.103083,0.036191,0.026343
KCHOGL,41,100,2,1500,1,0.105396,0.029394,0.031062
KCUD,51,100,2,500,1,0.111906,0.030535,0.034842
KCHOGL,51,100,2,500,1,0.093363,0.027623,0.039464
KCUD,51,100,2,1000,1,0.114188,0.038687,0.033673
KCHOGL,51,100,2,1000,1,0.143761,0.045641,0.056412
KCUD,51,100,2,1500,1,0.12543,0.041433,0.040332
KCHOGL,51,100,2,1500,1,0.13495,0.045008,0.045418
KCUD,61,100,2,500,1,0.203461,0.058576,0.063281
KCHOGL,61,100,2,500,1,0.213035,0.06017,0.066519
KCUD,61,100,2,1000,1,0.178521,0.064778,0.056372
KCHOGL,61,100,2,1000,1,0.190726,0.056048,0.068411
KCUD,61,100,2,1500,1,0.19224,0.062693,0.070966
KCHOGL,61,100,2,1500,1,0.196427,0.063742,0.066032
KCUD,71,100,2,500,1,0.245906,0.077496,0.081017
KCHOGL,71,100,2,500,1,0.209037,0.059583,0.070404
KCUD,71,100,2,1000,1,0.22914,0.071444,0.082395
KCHOGL,71,100,2,1000,1,0.238377,0.072092,0.089522
KCUD,71,100,2,1500,1,0.245414,0.074331,0.088159
KCHOGL,71,100,2,1500,1,0.265708,0.073757,0.100092
KCUD,81,100,2,500,1,0.310486,0.096075,0.104979
KCHOGL,81,100,2,500,1,0.326366,0.101009,0.11033
KCUD,81,100,2,1000,1,0.299097,0.090849,0.098014
KCHOGL,81,100,2,1000,1,0.231462,0.064146,0.088803
KCUD,81,100,2,1500,1,0.303397,0.096243,0.09942
KCHOGL,81,100,2,1500,1,0.329709,0.10004,0.109916
KCUD,91,100,2,500,1,0.405683,0.116336,0.134912
KCHOGL,91,100,2,500,1,0.424778,0.115328,0.152298
KCUD,91,100,2,1000,1,0.394159,0.116188,0.128736
KCHOGL,91,100,2,1000,1,0.371291,0.105739,0.112465
KCUD,91,100,2,1500,1,0.403474,0.116176,0.13579
KCHOGL,91,100,2,1500,1,0.427627,0.120684,0.150611
KCUD,101,100,2,500,1,0.529368,0.156757,0.17136
KCHOGL,101,100,2,500,1,0.44324,0.157527,0.153661
KCUD,101,100,2,1000,1,0.493749,0.145041,0.15709
KCHOGL,101,100,2,1000,1,0.558943,0.156414,0.193166
KCUD,101,100,2,1500,1,0.508922,0.14743,0.159165
KCHOGL,101,100,2,1500,1,0.470563,0.109978,0.178603
KCUD,1,100,2,500,2,0.007644,0.007116,0.000225
KCHOGL,1,100,2,500,2,0.007454,0.006212,0.000944
KCUD,1,100,2,1000,2,0.006813,0.006305,0.000209
KCHOGL,1,100,2,1000,2,0.007032,0.005422,0.001333
KCUD,1,100,2,1500,2,0.007109,0.006581,0.000218
KCHOGL,1,100,2,1500,2,0.00721,0.005593,0.001323
KCUD,11,100,2,500,1,0.010123,0.007116,0.001648
KCHOGL,11,100,2,500,1,0.011548,0.00631,0.00269
KCUD,11,100,2,1000,1,0.010074,0.007031,0.001619
KCHOGL,11,100,2,1000,1,0.011737,0.006026,0.004013
KCUD,11,100,2,1500,1,0.011277,0.007321,0.001829
KCHOGL,11,100,2,1500,1,0.011813,0.00634,0.004071
KCUD,21,100,2,500,1,0.026275,0.01283,0.006399
KCHOGL,21,100,2,500,1,0.026565,0.010726,0.009334
KCUD,21,100,2,1000,1,0.024506,0.012429,0.005387
KCHOGL,21,100,2,1000,1,0.027934,0.012386,0.009563
KCUD,21,100,2,1500,1,0.027374,0.013748,0.006698
KCHOGL,21,100,2,1500,1,0.029362,0.01223,0.009585
KCUD,31,100,2,500,1,0.057818,0.024685,0.01741
KCHOGL,31,100,2,500,1,0.06025,0.02323,0.022472
KCUD,31,100,2,1000,1,0.056195,0.022262,0.015896
KCHOGL,31,100,2,1000,1,0.07399,0.02288,0.022685
KCUD,31,100,2,1500,1,0.056802,0.020989,0.018567
KCHOGL,31,100,2,1500,1,0.067804,0.02393,0.020736
KCUD,41,100,2,500,1,0.098954,0.037758,0.030972
KCHOGL,41,100,2,500,1,0.102563,0.036516,0.035564
KCUD,41,100,2,1000,1,0.110787,0.03335,0.03205
KCHOGL,41,100,2,1000,1,0.111109,0.033073,0.035277
KCUD,41,100,2,1500,1,0.110758,0.032818,0.032884
KCHOGL,41,100,2,1500,1,0.122075,0.03673,0.038537
KCUD,51,100,2,500,1,0.145447,0.051257,0.046565
KCHOGL,51,100,2,500,1,0.11291,0.034502,0.041411
KCUD,51,100,2,1000,1,0.14415,0.047502,0.048842
KCHOGL,51,100,2,1000,1,0.13367,0.03866,0.047271
KCUD,51,100,2,1500,1,0.138456,0.047744,0.045612
KCHOGL,51,100,2,1500,1,0.144753,0.04647,0.050332
KCUD,61,100,2,500,1,0.20652,0.063718,0.069255
KCHOGL,61,100,2,500,1,0.213448,0.06602,0.077445
KCUD,61,100,2,1000,1,0.196398,0.061222,0.065691
KCHOGL,61,100,2,1000,1,0.220352,0.067777,0.082099
KCUD,61,100,2,1500,1,0.187127,0.059489,0.05955
KCHOGL,61,100,2,1500,1,0.199288,0.065558,0.072266
KCUD,71,100,2,500,1,0.199883,0.068701,0.067292
KCHOGL,71,100,2,500,1,0.251651,0.07215,0.100759
KCUD,71,100,2,1000,1,0.249653,0.077777,0.082231
KCHOGL,71,100,2,1000,1,0.269299,0.078455,0.100177
KCUD,71,100,2,1500,1,0.252245,0.075282,0.085626
KCHOGL,71,100,2,1500,1,0.256267,0.076764,0.092472
KCUD,81,100,2,500,1,0.328982,0.095779,0.111778
KCHOGL,81,100,2,500,1,0.250821,0.066306,0.09422
KCUD,81,100,2,1000,1,0.332446,0.103251,0.111876
KCHOGL,81,100,2,1000,1,0.323605,0.090976,0.117865
KCUD,81,100,2,1500,1,0.319277,0.094308,0.107231
KCHOGL,81,100,2,1500,1,0.332451,0.096598,0.12166
KCUD,91,100,2,500,1,0.399019,0.120448,0.124254
KCHOGL,91,100,2,500,1,0.328878,0.088836,0.116779
KCUD,91,100,2,1000,1,0.406929,0.124806,0.128785
KCHOGL,91,100,2,1000,1,0.434274,0.121186,0.153688
KCUD,91,100,2,1500,1,0.402087,0.11942,0.132142
KCHOGL,91,100,2,1500,1,0.440188,0.120313,0.155456
KCUD,101,100,2,500,1,0.471274,0.147988,0.140197
KCHOGL,101,100,2,500,1,0.515428,0.141015,0.174673
KCUD,101,100,2,1000,1,0.54522,0.156455,0.17564
KCHOGL,101,100,2,1000,1,0.441526,0.106713,0.147269
KCUD,101,100,2,1500,1,0.496485,0.145526,0.161917
KCHOGL,101,100,2,1500,1,0.537224,0.150818,0.18659
KCUD,1,100,2,500,1,0.003501,0.003226,0.000126
KCHOGL,1,100,2,500,1,0.003152,0.002629,0.000406
KCUD,1,100,2,1000,1,0.003103,0.002857,0.000115
KCHOGL,1,100,2,1000,1,0.003587,0.002784,0.000681
KCUD,1,100,2,1500,1,0.002698,0.002457,0.000115
KCHOGL,1,100,2,1500,1,0.003609,0.00268,0.000792
KCUD,11,100,2,500,2,0.01754,0.011333,0.002729
KCHOGL,11,100,2,500,2,0.013355,0.007358,0.003417
KCUD,11,100,2,1000,2,0.014874,0.009591,0.002373
KCHOGL,11,100,2,1000,2,0.016548,0.008677,0.004601
KCUD,11,100,2,1500,2,0.015762,0.009921,0.002479
KCHOGL,11,100,2,1500,2,0.017705,0.008585,0.006314
KCUD,21,100,2,500,2,0.042381,0.020091,0.007922
KCHOGL,21,100,2,500,2,0.041549,0.018454,0.009942
KCUD,21,100,2,1000,2,0.044365,0.020741,0.009085
KCHOGL,21,100,2,1000,2,0.039629,0.015622,0.01486
KCUD,21,100,2,1500,2,0.040311,0.016018,0.009361
KCHOGL,21,100,2,1500,2,0.040612,0.017251,0.013583
KCUD,31,100,2,500,2,0.091223,0.032659,0.023571
KCHOGL,31,100,2,500,2,0.095778,0.02383,0.029332
KCUD,31,100,2,1000,2,0.097165,0.033405,0.025119
KCHOGL,31,100,2,1000,2,0.087489,0.031516,0.034087
KCUD,31,100,2,1500,2,0.088042,0.03427,0.021946
KCHOGL,31,100,2,1500,2,0.056461,0.018182,0.01757
KCUD,41,100,2,500,2,0.160844,0.049587,0.050416
KCHOGL,41,100,2,500,2,0.172658,0.055615,0.051096
KCUD,41,100,2,1000,2,0.175695,0.055615,0.04769
KCHOGL,41,100,2,1000,2,0.171485,0.055198,0.047184
KCUD,41,100,2,1500,2,0.173887,0.052104,0.048012
KCHOGL,41,100,2,1500,2,0.161859,0.055289,0.049405
KCUD,51,100,2,500,2,0.249345,0.077909,0.065354
KCHOGL,51,100,2,500,2,0.250957,0.077701,0.072415
KCUD,51,100,2,1000,2,0.252074,0.077599,0.073015
KCHOGL,51,100,2,1000,2,0.251336,0.06989,0.078756
KCUD,51,100,2,1500,2,0.206693,0.068293,0.056495
KCHOGL,51,100,2,1500,2,0.251734,0.067262,0.082176
KCUD,61,100,2,500,2,0.359707,0.107018,0.108602
KCHOGL,61,100,2,500,2,0.368057,0.102962,0.111788
KCUD,61,100,2,1000,2,0.347425,0.094712,0.097157
KCHOGL,61,100,2,1000,2,0.361214,0.095909,0.113483
KCUD,61,100,2,1500,2,0.263033,0.086929,0.087017
KCHOGL,61,100,2,1500,2,0.30978,0.084649,0.090505
KCUD,71,100,2,500,2,0.443785,0.125934,0.130738
KCHOGL,71,100,2,500,2,0.486394,0.131151,0.15028
KCUD,71,100,2,1000,2,0.446894,0.126111,0.125012
KCHOGL,71,100,2,1000,2,0.47509,0.127973,0.147371
KCUD,71,100,2,1500,2,0.410949,0.129716,0.121438
KCHOGL,71,100,2,1500,2,0.472234,0.126765,0.161497
KCUD,81,100,2,500,2,0.602894,0.164409,0.169506
KCHOGL,81,100,2,500,2,0.617961,0.161659,0.182626
KCUD,81,100,2,1000,2,0.56743,0.167249,0.174601
KCHOGL,81,100,2,1000,2,0.62592,0.166536,0.191431
KCUD,81,100,2,1500,2,0.550684,0.161601,0.163455
KCHOGL,81,100,2,1500,2,0.488237,0.14136,0.145877
KCUD,91,100,2,500,2,0.786796,0.20844,0.220191
KCHOGL,91,100,2,500,2,0.7825,0.202524,0.233876
KCUD,91,100,2,1000,2,0.66859,0.177783,0.203847
KCHOGL,91,100,2,1000,2,0.729015,0.20965,0.230831
KCUD,91,100,2,1500,2,0.751952,0.213529,0.213346
KCHOGL,91,100,2,1500,2,0.712443,0.183265,0.23241
KCUD,101,100,2,500,2,0.927883,0.253172,0.257489
KCHOGL,101,100,2,500,2,0.831688,0.234408,0.235695
KCUD,101,100,2,1000,2,0.868993,0.227344,0.250378
KCHOGL,101,100,2,1000,2,0.872907,0.224896,0.264675
KCUD,101,100,2,1500,2,0.876592,0.22521,0.251699
KCHOGL,101,100,2,1500,2,0.917801,0.242402,0.271396
KCUD,1,100,2,500,1,0.004595,0.00427,0.00014
KCHOGL,1,100,2,500,1,0.003746,0.003289,0.00031
KCUD,1,100,2,1000,1,0.004641,0.004349,0.000135
KCHOGL,1,100,2,1000,1,0.003085,0.002701,0.000254
KCUD,1,100,2,1500,1,0.003741,0.003483,0.000122
KCHOGL,1,100,2,1500,1,0.003106,0.002692,0.000278
KCUD,11,100,2,500,1,0.008388,0.005629,0.001418
KCHOGL,11,100,2,500,1,0.009922,0.005621,0.002473
KCUD,11,100,2,1000,1,0.008674,0.005435,0.001639
KCHOGL,11,100,2,1000,1,0.011276,0.005272,0.00367
KCUD,11,100,2,1500,1,0.010296,0.006412,0.001794
KCHOGL,11,100,2,1500,1,0.010384,0.005161,0.003855
KCUD,21,100,2,500,1,0.027131,0.009538,0.006666
KCHOGL,21,100,2,500,1,0.025631,0.01013,0.008563
KCUD,21,100,2,1000,1,0.022562,0.010533,0.006803
KCHOGL,21,100,2,1000,1,0.026937,0.012436,0.006925
KCUD,21,100,2,1500,1,0.024749,0.011768,0.007418
KCHOGL,21,100,2,1500,1,0.027154,0.011032,0.009565
KCUD,31,100,2,500,1,0.052158,0.017987,0.018833
KCHOGL,31,100,2,500,1,0.060373,0.022033,0.016259
KCUD,31,100,2,1000,1,0.050926,0.020538,0.015224
KCHOGL,31,100,2,1000,1,0.050984,0.021907,0.01563
KCUD,31,100,2,1500,1,0.0315,0.012325,0.010049
KCHOGL,31,100,2,1500,1,0.032403,0.01128,0.012135
KCUD,41,100,2,500,1,0.100598,0.033239,0.027588
KCHOGL,41,100,2,500,1,0.105625,0.033032,0.032442
KCUD,41,100,2,1000,1,0.105266,0.032468,0.027358
KCHOGL,41,100,2,1000,1,0.089845,0.029178,0.03151
KCUD,41,100,2,1500,1,0.094163,0.035635,0.028941
KCHOGL,41,100,2,1500,1,0.090674,0.032788,0.030021
KCUD,51,100,2,500,1,0.147941,0.044636,0.054479
KCHOGL,51,100,2,500,1,0.141329,0.046447,0.04923
KCUD,51,100,2,1000,1,0.134993,0.043354,0.049473
KCHOGL,51,100,2,1000,1,0.143195,0.047955,0.049677
KCUD,51,100,2,1500,1,0.133214,0.043818,0.041124
KCHOGL,51,100,2,1500,1,0.139666,0.043867,0.048781
KCUD,61,100,2,500,1,0.215037,0.057369,0.066946
KCHOGL,61,100,2,500,1,0.193967,0.061062,0.067954
KCUD,61,100,2,1000,1,0.119324,0.034287,0.04692
KCHOGL,61,100,2,1000,1,0.1796,0.055433,0.064971
KCUD,61,100,2,1500,1,0.191071,0.06263,0.060661
KCHOGL,61,100,2,1500,1,0.190127,0.059014,0.070714
KCUD,71,100,2,500,1,0.267445,0.070893,0.087649
KCHOGL,71,100,2,500,1,0.277913,0.07385,0.09603
KCUD,71,100,2,1000,1,0.278563,0.073366,0.08698
KCHOGL,71,100,2,1000,1,0.280306,0.081861,0.080827
KCUD,71,100,2,1500,1,0.234933,0.069487,0.084247
KCHOGL,71,100,2,1500,1,0.188144,0.044287,0.068888
KCUD,81,100,2,500,1,0.294767,0.08613,0.10349
KCHOGL,81,100,2,500,1,0.305303,0.090357,0.110841
KCUD,81,100,2,1000,1,0.309532,0.095941,0.106713
KCHOGL,81,100,2,1000,1,0.312892,0.091324,0.116074
KCUD,81,100,2,1500,1,0.308442,0.092679,0.105417
KCHOGL,81,100,2,1500,1,0.310614,0.091129,0.113153
KCUD,91,100,2,500,1,0.364343,0.097839,0.130074
KCHOGL,91,100,2,500,1,0.425135,0.122995,0.164393
KCUD,91,100,2,1000,1,0.407566,0.117995,0.137132
KCHOGL,91,100,2,1000,1,0.436901,0.115928,0.169797
KCUD,91,100,2,1500,1,0.309982,0.08472,0.10771
KCHOGL,91,100,2,1500,1,0.373807,0.113523,0.136973
KCUD,101,100,2,500,1,0.463566,0.131746,0.152191
KCHOGL,101,100,2,500,1,0.470974,0.133301,0.161497
KCUD,101,100,2,1000,1,0.436642,0.121976,0.140082
KCHOGL,101,100,2,1000,1,0.385337,0.106879,0.132499
KCUD,101,100,2,1500,1,0.445126,0.126383,0.147778
KCHOGL,101,100,2,1500,1,0.474029,0.127459,0.168822
KCUD,1,100,2,500,1,0.003892,0.003622,0.000131
KCHOGL,1,100,2,500,1,0.003691,0.002923,0.00066
KCUD,1,100,2,1000,1,0.003934,0.00364,0.000139
KCHOGL,1,100,2,1000,1,0.004663,0.003254,0.001202
KCUD,1,100,2,1500,1,0.003145,0.002955,9.6e-05
KCHOGL,1,100,2,1500,1,0.004085,0.002537,0.00142
KCUD,11,100,2,500,1,0.01032,0.007549,0.001562
KCHOGL,11,100,2,500,1,0.008347,0.004744,0.001798
KCUD,11,100,2,1000,1,0.009087,0.00587,0.001464
KCHOGL,11,100,2,1000,1,0.007889,0.00402,0.002492
KCUD,11,100,2,1500,1,0.008352,0.0055,0.001544
KCHOGL,11,100,2,1500,1,0.011127,0.005315,0.003345
KCUD,21,100,2,500,1,0.020023,0.010147,0.005765
KCHOGL,21,100,2,500,1,0.022204,0.008464,0.00795
KCUD,21,100,2,1000,1,0.023769,0.011641,0.005333
KCHOGL,21,100,2,1000,1,0.023966,0.010559,0.006049
KCUD,21,100,2,1500,1,0.023661,0.012497,0.006725
KCHOGL,21,100,2,1500,1,0.024623,0.009944,0.010022
KCUD,31,100,2,500,1,0.047406,0.020114,0.014753
KCHOGL,31,100,2,500,1,0.047993,0.021946,0.01502
KCUD,31,100,2,1000,1,0.043843,0.013375,0.014754
KCHOGL,31,100,2,1000,1,0.049139,0.017217,0.015291
KCUD,31,100,2,1500,1,0.048834,0.021455,0.013153
KCHOGL,31,100,2,1500,1,0.049933,0.019578,0.019615
KCUD,41,100,2,500,1,0.094341,0.032031,0.025399
KCHOGL,41,100,2,500,1,0.084942,0.027618,0.031873
KCUD,41,100,2,1000,1,0.075818,0.021008,0.021192
KCHOGL,41,100,2,1000,1,0.052908,0.017238,0.019577
KCUD,41,100,2,1500,1,0.076509,0.026409,0.025595
KCHOGL,41,100,2,1500,1,0.084975,0.031803,0.02909
KCUD,51,100,2,500,1,0.118026,0.038772,0.041618
KCHOGL,51,100,2,500,1,0.143508,0.040387,0.047376
KCUD,51,100,2,1000,1,0.115421,0.037443,0.038955
KCHOGL,51,100,2,1000,1,0.14418,0.042371,0.046072
KCUD,51,100,2,1500,1,0.133939,0.039123,0.04044
KCHOGL,51,100,2,1500,1,0.146466,0.043064,0.048087
KCUD,61,100,2,500,1,0.200556,0.059389,0.060253
KCHOGL,61,100,2,500,1,0.218372,0.057555,0.073986
KCUD,61,100,2,1000,1,0.202921,0.062298,0.055561
KCHOGL,61,100,2,1000,1,0.208952,0.05658,0.066995
KCUD,61,100,2,1500,1,0.16982,0.059032,0.055066
KCHOGL,61,100,2,1500,1,0.133298,0.032907,0.051939
KCUD,71,100,2,500,1,0.225219,0.073178,0.073488
KCHOGL,71,100,2,500,1,0.235038,0.068802,0.084137
KCUD,71,100,2,1000,1,0.229234,0.078197,0.068868
KCHOGL,71,100,2,1000,1,0.241528,0.067827,0.089947
KCUD,71,100,2,1500,1,0.228911,0.073838,0.074832
KCHOGL,71,100,2,1500,1,0.236119,0.064378,0.088364
KCUD,81,100,2,500,1,0.289681,0.085276,0.096103
KCHOGL,81,100,2,500,1,0.217933,0.059412,0.091445
KCUD,81,100,2,1000,1,0.290391,0.084737,0.100503
KCHOGL,81,100,2,1000,1,0.296571,0.087296,0.101407
KCUD,81,100,2,1500,1,0.299706,0.08872,0.104102
KCHOGL,81,100,2,1500,1,0.306421,0.091559,0.107047
KCUD,91,100,2,500,1,0.368395,0.102938,0.122266
KCHOGL,91,100,2,500,1,0.324325,0.075269,0.141248
KCUD,91,100,2,1000,1,0.361777,0.104831,0.115828
KCHOGL,91,100,2,1000,1,0.384518,0.116155,0.124082
KCUD,91,100,2,1500,1,0.369035,0.127803,0.101742
KCHOGL,91,100,2,1500,1,0.3716,0.105822,0.130026
KCUD,101,100,2,500,1,0.370589,0.104391,0.120166
KCHOGL,101,100,2,500,1,0.44026,0.127257,0.152281
KCUD,101,100,2,1000,1,0.449595,0.127695,0.151462
KCHOGL,101,100,2,1000,1,0.465325,0.125701,0.163979
KCUD,101,100,2,1500,1,0.416583,0.128042,0.125499
KCHOGL,101,100,2,1500,1,0.428168,0.105756,0.161486
KCUD,1,100,2,500,2,0.007224,0.00672,0.000217
KCHOGL,1,100,2,500,2,0.007375,0.006799,0.000278
KCUD,1,100,2,1000,2,0.007286,0.006778,0.000204
KCHOGL,1,100,2,1000,2,0.007172,0.006663,0.000223
KCUD,1,100,2,1500,2,0.007273,0.006768,0.000221
KCHOGL,1,100,2,1500,2,0.007088,0.006621,0.000247
KCUD,11,100,2,500,1,0.009198,0.006306,0.001441
KCHOGL,11,100,2,500,1,0.009015,0.005244,0.002342
KCUD,11,100,2,1000,1,0.008998,0.005635,0.001712
KCHOGL,11,100,2,1000,1,0.011165,0.006258,0.003146
KCUD,11,100,2,1500,1,0.009952,0.006498,0.001458
KCHOGL,11,100,2,1500,1,0.012389,0.005525,0.005185
KCUD,21,100,2,500,1,0.02295,0.010481,0.006018
KCHOGL,21,100,2,500,1,0.022531,0.011158,0.007508
KCUD,21,100,2,1000,1,0.025447,0.011137,0.006423
KCHOGL,21,100,2,1000,1,0.022997,0.010399,0.00604
KCUD,21,100,2,1500,1,0.017546,0.00904,0.004532
KCHOGL,21,100,2,1500,1,0.023745,0.009724,0.009716
KCUD,31,100,2,500,1,0.054088,0.019594,0.015048
KCHOGL,31,100,2,500,1,0.058547,0.018148,0.019589
KCUD,31,100,2,1000,1,0.05057,0.022219,0.014112
KCHOGL,31,100,2,1000,1,0.05125,0.02009,0.016455
KCUD,31,100,2,1500,1,0.048326,0.019744,0.017168
KCHOGL,31,100,2,1500,1,0.053252,0.018089,0.018251
KCUD,41,100,2,500,1,0.095242,0.032536,0.026408
KCHOGL,41,100,2,500,1,0.08431,0.026397,0.034135
KCUD,41,100,2,1000,1,0.082444,0.028846,0.026915
KCHOGL,41,100,2,1000,1,0.083336,0.027838,0.03222
KCUD,41,100,2,1500,1,0.094735,0.031814,0.024543
KCHOGL,41,100,2,1500,1,0.099947,0.030835,0.030049
KCUD,51,100,2,500,1,0.129424,0.039248,0.039795
KCHOGL,51,100,2,500,1,0.134877,0.037602,0.042201
KCUD,51,100,2,1000,1,0.135791,0.03849,0.041752
KCHOGL,51,100,2,1000,1,0.133532,0.040388,0.042134
KCUD,51,100,2,1500,1,0.083671,0.024628,0.026997
KCHOGL,51,100,2,1500,1,0.119188,0.033231,0.045653
KCUD,61,100,2,500,1,0.177287,0.05343,0.05728
KCHOGL,61,100,2,500,1,0.173436,0.053378,0.060868
KCUD,61,100,2,1000,1,0.170412,0.052559,0.061284
KCHOGL,61,100,2,1000,1,0.176269,0.055626,0.061744
KCUD,61,100,2,1500,1,0.1765,0.057762,0.062212
KCHOGL,61,100,2,1500,1,0.183014,0.056101,0.066856
KCUD,71,100,2,500,1,0.220815,0.068646,0.074316
KCHOGL,71,100,2,500,1,0.225659,0.067069,0.081291
KCUD,71,100,2,1000,1,0.217593,0.068777,0.076463
KCHOGL,71,100,2,1000,1,0.155637,0.045458,0.060896
KCUD,71,100,2,1500,1,0.211744,0.063063,0.070185
KCHOGL,71,100,2,1500,1,0.234699,0.074574,0.081586
KCUD,81,100,2,500,1,0.290839,0.086306,0.098241
KCHOGL,81,100,2,500,1,0.302262,0.086657,0.109356
KCUD,81,100,2,1000,1,0.288534,0.085984,0.098555
KCHOGL,81,100,2,1000,1,0.298808,0.081587,0.112645
KCUD,81,100,2,1500,1,0.206816,0.059965,0.07528
KCHOGL,81,100,2,1500,1,0.27662,0.08291,0.094562
KCUD,91,100,2,500,1,0.340562,0.097128,0.1138
KCHOGL,91,100,2,500,1,0.364906,0.101287,0.124193
KCUD,91,100,2,1000,1,0.348302,0.098715,0.114045
KCHOGL,91,100,2,1000,1,0.371677,0.10432,0.130584
KCUD,91,100,2,1500,1,0.305558,0.085302,0.102608
KCHOGL,91,100,2,1500,1,0.372455,0.098146,0.135555
KCUD,101,100,2,500,1,0.441021,0.126578,0.143364
KCHOGL,101,100,2,500,1,0.453084,0.124358,0.153852
KCUD,101,100,2,1000,1,0.432796,0.125822,0.137519
KCHOGL,101,100,2,1000,1,0.408129,0.104553,0.142642
KCUD,101,100,2,1500,1,0.443038,0.128181,0.140546
KCHOGL,101,100,2,1500,1,0.457482,0.129013,0.160494
KCUD,1,100,2,500,1,0.004043,0.00374,0.000153
KCHOGL,1,100,2,500,1,0.003684,0.003053,0.000503
KCUD,1,100,2,1000,1,0.004362,0.004085,0.000122
KCHOGL,1,100,2,1000,1,0.003725,0.003118,0.000468
KCUD,1,100,2,1500,1,0.003668,0.003412,0.000109
KCHOGL,1,100,2,1500,1,0.003437,0.002791,0.000499
KCUD,11,100,2,500,1,0.008782,0.005669,0.001497
KCHOGL,11,100,2,500,1,0.009932,0.005621,0.002031
KCUD,11,100,2,1000,1,0.008819,0.005497,0.001415
KCHOGL,11,100,2,1000,1,0.008873,0.004472,0.002849
KCUD,11,100,2,1500,1,0.008317,0.005277,0.001277
KCHOGL,11,100,2,1500,1,0.011164,0.005757,0.003913
KCUD,21,100,2,500,1,0.020046,0.008311,0.006567
KCHOGL,21,100,2,500,1,0.020135,0.007872,0.006698
KCUD,21,100,2,1000,1,0.019159,0.009834,0.0051
KCHOGL,21,100,2,1000,1,0.026662,0.010432,0.005784
KCUD,21,100,2,1500,1,0.020129,0.009795,0.005813
KCHOGL,21,100,2,1500,1,0.022455,0.008247,0.008407
KCUD,31,100,2,500,1,0.053463,0.017003,0.017494
KCHOGL,31,100,2,500,1,0.046019,0.015767,0.01715
KCUD,31,100,2,1000,1,0.04404,0.018606,0.01558
KCHOGL,31,100,2,1000,1,0.053003,0.018174,0.017142
KCUD,31,100,2,1500,1,0.044895,0.022176,0.011884
KCHOGL,31,100,2,1500,1,0.05592,0.019467,0.016777
KCUD,41,100,2,500,1,0.088369,0.027875,0.025822
KCHOGL,41,100,2,500,1,0.077114,0.027653,0.026129
KCUD,41,100,2,1000,1,0.076644,0.018654,0.020825
KCHOGL,41,100,2,1000,1,0.049319,0.016158,0.018177
KCUD,41,100,2,1500,1,0.071696,0.023982,0.025047
KCHOGL,41,100,2,1500,1,0.078821,0.026702,0.027609
KCUD,51,100,2,500,1,0.116658,0.039016,0.038852
KCHOGL,51,100,2,500,1,0.123765,0.039574,0.043651
KCUD,51,100,2,1000,1,0.108953,0.040188,0.035975
KCHOGL,51,100,2,1000,1,0.116834,0.038979,0.039072
KCUD,51,100,2,1500,1,0.115834,0.036673,0.040913
KCHOGL,51,100,2,1500,1,0.124442,0.041996,0.045417
KCUD,61,100,2,500,1,0.169564,0.055331,0.056127
KCHOGL,61,100,2,500,1,0.169377,0.051938,0.061084
KCUD,61,100,2,1000,1,0.1628,0.056129,0.052814
KCHOGL,61,100,2,1000,1,0.175281,0.055268,0.066926
KCUD,61,100,2,1500,1,0.166362,0.053805,0.053852
KCHOGL,61,100,2,1500,1,0.167665,0.05518,0.061851
KCUD,71,100,2,500,1,0.199629,0.062645,0.064761
KCHOGL,71,100,2,500,1,0.214566,0.057359,0.078239
KCUD,71,100,2,1000,1,0.206204,0.062607,0.072163
KCHOGL,71,100,2,1000,1,0.222071,0.06885,0.077464
KCUD,71,100,2,1500,1,0.219916,0.068184,0.076452
KCHOGL,71,100,2,1500,1,0.221972,0.064762,0.081966
KCUD,81,100,2,500,1,0.293498,0.085725,0.101043
KCHOGL,81,100,2,500,1,0.289203,0.084087,0.103052
KCUD,81,100,2,1000,1,0.261154,0.078295,0.087288
KCHOGL,81,100,2,1000,1,0.281655,0.078367,0.10924
KCUD,81,100,2,1500,1,0.28015,0.080288,0.098975
KCHOGL,81,100,2,1500,1,0.2915,0.082338,0.104502
KCUD,91,100,2,500,1,0.349661,0.103099,0.114474
KCHOGL,91,100,2,500,1,0.359118,0.099515,0.125429
KCUD,91,100,2,1000,1,0.298106,0.082427,0.099435
KCHOGL,91,100,2,1000,1,0.355944,0.092746,0.134088
KCUD,91,100,2,1500,1,0.361718,0.104958,0.116997
KCHOGL,91,100,2,1500,1,0.376322,0.108532,0.130132
KCUD,101,100,2,500,1,0.452782,0.130969,0.144782
KCHOGL,101,100,2,500,1,0.375782,0.091348,0.14844
KCUD,101,100,2,1000,1,0.423369,0.120373,0.140967
KCHOGL,101,100,2,1000,1,0.468019,0.141834,0.150537
KCUD,101,100,2,1500,1,0.463657,0.131514,0.146947
KCHOGL,101,100,2,1500,1,0.444715,0.123343,0.156652
KCUD,1,100,2,500,2,0.005104,0.004779,0.000159
KCHOGL,1,100,2,500,3,0.007093,0.006007,0.000843
KCUD,1,100,2,1000,2,0.005073,0.004752,0.000164
KCHOGL,1,100,2,1000,3,0.007486,0.005871,0.001366
KCUD,1,100,2,1500,2,0.005032,0.004711,0.000156
KCHOGL,1,100,2,1500,3,0.009142,0.006371,0.002438
KCUD,11,100,2,500,1,0.010705,0.007142,0.001621
KCHOGL,11,100,2,500,1,0.01047,0.00586,0.002337
KCUD,11,100,2,1000,1,0.009778,0.006687,0.001447
KCHOGL,11,100,2,1000,1,0.009347,0.005526,0.002443
KCUD,11,100,2,1500,1,0.009377,0.006658,0.001532
KCHOGL,11,100,2,1500,1,0.009935,0.005171,0.003178
KCUD,21,100,2,500,1,0.021897,0.012055,0.005841
KCHOGL,21,100,2,500,1,0.023105,0.010891,0.007672
KCUD,21,100,2,1000,1,0.017369,0.008687,0.004106
KCHOGL,21,100,2,1000,1,0.018763,0.007938,0.006946
KCUD,21,100,2,1500,1,0.021744,0.010484,0.006346
KCHOGL,21,100,2,1500,1,0.025175,0.008164,0.009983
KCUD,31,100,2,500,1,0.053168,0.022249,0.016282
KCHOGL,31,100,2,500,1,0.053276,0.019764,0.018155
KCUD,31,100,2,1000,1,0.056326,0.023358,0.018661
KCHOGL,31,100,2,1000,1,0.065842,0.02344,0.020923
KCUD,31,100,2,1500,1,0.056495,0.022236,0.017508
KCHOGL,31,100,2,1500,1,0.056589,0.022616,0.019754
KCUD,41,100,2,500,1,0.09378,0.03225,0.032659
KCHOGL,41,100,2,500,1,0.09496,0.031805,0.034395
KCUD,41,100,2,1000,1,0.084171,0.03021,0.026242
KCHOGL,41,100,2,1000,1,0.084924,0.025283,0.032654
KCUD,41,100,2,1500,1,0.080115,0.028617,0.022945
KCHOGL,41,100,2,1500,1,0.083108,0.028634,0.029557
KCUD,51,100,2,500,1,0.1193,0.040391,0.03929
KCHOGL,51,100,2,500,1,0.125614,0.039565,0.044952
KCUD,51,100,2,1000,1,0.113327,0.036418,0.036914
KCHOGL,51,100,2,1000,1,0.119322,0.039947,0.041042
KCUD,51,100,2,1500,1,0.113349,0.036453,0.038447
KCHOGL,51,100,2,1500,1,0.120917,0.036149,0.047467
KCUD,61,100,2,500,1,0.136687,0.054627,0.041647
KCHOGL,61,100,2,500,1,0.164892,0.050261,0.057684
KCUD,61,100,2,1000,1,0.161362,0.05512,0.046758
KCHOGL,61,100,2,1000,1,0.173085,0.053073,0.063098
KCUD,61,100,2,1500,1,0.171979,0.056569,0.056445
KCHOGL,61,100,2,1500,1,0.174064,0.050354,0.065563
KCUD,71,100,2,500,1,0.215235,0.066852,0.073825
KCHOGL,71,100,2,500,1,0.21571,0.061958,0.080982
KCUD,71,100,2,1000,1,0.217092,0.063271,0.076077
KCHOGL,71,100,2,1000,1,0.220113,0.062021,0.0837
KCUD,71,100,2,1500,1,0.165355,0.055262,0.062693
KCHOGL,71,100,2,1500,1,0.199763,0.055295,0.074058
KCUD,81,100,2,500,1,0.259067,0.070254,0.091061
KCHOGL,81,100,2,500,1,0.27418,0.080537,0.096006
KCUD,81,100,2,1000,1,0.277327,0.082576,0.093655
KCHOGL,81,100,2,1000,1,0.287545,0.086371,0.096319
KCUD,81,100,2,1500,1,0.271362,0.084615,0.09152
KCHOGL,81,100,2,1500,1,0.28735,0.07779,0.112939
KCUD,91,100,2,500,1,0.33164,0.091498,0.108103
KCHOGL,91,100,2,500,1,0.3549,0.10357,0.12533
KCUD,91,100,2,1000,1,0.352952,0.101342,0.120391
KCHOGL,91,100,2,1000,1,0.360979,0.09981,0.125933
KCUD,91,100,2,1500,1,0.353008,0.102858,0.113142
KCHOGL,91,100,2,1500,1,0.299878,0.096814,0.108186
KCUD,101,100,2,500,1,0.404708,0.12508,0.130585
KCHOGL,101,100,2,500,1,0.44369,0.120358,0.154155
KCUD,101,100,2,1000,1,0.439325,0.124268,0.14583
KCHOGL,101,100,2,1000,1,0.43575,0.115354,0.153916
KCUD,101,100,2,1500,1,0.436549,0.130352,0.140172
KCHOGL,101,100,2,1500,1,0.456458,0.137048,0.14919
KCUD,1,100,2,500,2,0.006239,0.005782,0.000181
KCHOGL,1,100,2,500,2,0.005521,0.004432,0.000818
KCUD,1,100,2,1000,2,0.005491,0.005113,0.000164
KCHOGL,1,100,2,1000,2,0.005882,0.004374,0.001299
KCUD,1,100,2,1500,2,0.00672,0.006219,0.0002
KCHOGL,1,100,2,1500,2,0.006726,0.00457,0.001929
KCUD,11,100,2,500,1,0.010158,0.006574,0.001863
KCHOGL,11,100,2,500,6,0.055528,0.036308,0.010275
KCUD,11,100,2,1000,1,0.008135,0.005232,0.001489
KCHOGL,11,100,2,1000,6,0.057164,0.035657,0.012765
KCUD,11,100,2,1500,1,0.010269,0.006924,0.001517
KCHOGL,11,100,2,1500,7,0.068204,0.040725,0.017153
KCUD,21,100,2,500,1,0.023437,0.013208,0.006088
KCHOGL,21,100,2,500,1,0.023113,0.009497,0.00558
KCUD,21,100,2,1000,1,0.023682,0.010241,0.005001
KCHOGL,21,100,2,1000,1,0.020994,0.009721,0.006851
KCUD,21,100,2,1500,1,0.021855,0.010406,0.004831
KCHOGL,21,100,2,1500,1,0.025741,0.008738,0.009473
KCUD,31,100,2,500,1,0.052215,0.020401,0.011499
KCHOGL,31,100,2,500,1,0.054751,0.020603,0.016157
KCUD,31,100,2,1000,1,0.054339,0.018561,0.013534
KCHOGL,31,100,2,1000,1,0.04736,0.022095,0.013125
KCUD,31,100,2,1500,1,0.04894,0.019011,0.013436
KCHOGL,31,100,2,1500,1,0.045083,0.018056,0.013892
KCUD,41,100,2,500,1,0.07948,0.026598,0.025189
KCHOGL,41,100,2,500,1,0.094944,0.02796,0.030988
KCUD,41,100,2,1000,1,0.074577,0.026685,0.021789
KCHOGL,41,100,2,1000,1,0.073903,0.02043,0.023949
KCUD,41,100,2,1500,1,0.073269,0.024716,0.021987
KCHOGL,41,100,2,1500,1,0.086292,0.025987,0.02847
KCUD,51,100,2,500,1,0.118279,0.037676,0.038799
KCHOGL,51,100,2,500,1,0.112015,0.032204,0.041741
KCUD,51,100,2,1000,1,0.111324,0.036049,0.035962
KCHOGL,51,100,2,1000,1,0.114383,0.037607,0.037382
KCUD,51,100,2,1500,1,0.115027,0.040421,0.037863
KCHOGL,51,100,2,1500,1,0.125311,0.04001,0.046603
KCUD,61,100,2,500,1,0.163688,0.056604,0.054639
KCHOGL,61,100,2,500,1,0.170477,0.05947,0.056182
KCUD,61,100,2,1000,1,0.167211,0.053034,0.061093
KCHOGL,61,100,2,1000,1,0.171499,0.053575,0.063147
KCUD,61,100,2,1500,1,0.16013,0.057772,0.048845
KCHOGL,61,100,2,1500,1,0.169104,0.051608,0.068149
KCUD,71,100,2,500,1,0.199644,0.050492,0.066332
KCHOGL,71,100,2,500,1,0.229052,0.06423,0.077438
KCUD,71,100,2,1000,1,0.22917,0.057967,0.072987
KCHOGL,71,100,2,1000,1,0.236962,0.061787,0.082099
KCUD,71,100,2,1500,1,0.244123,0.063209,0.081269
KCHOGL,71,100,2,1500,1,0.219919,0.061128,0.083173
KCUD,81,100,2,500,1,0.267408,0.079845,0.085852
KCHOGL,81,100,2,500,1,0.288652,0.082068,0.100148
KCUD,81,100,2,1000,1,0.20639,0.057612,0.078112
KCHOGL,81,100,2,1000,1,0.269896,0.069087,0.104989
KCUD,81,100,2,1500,1,0.264148,0.079771,0.088139
KCHOGL,81,100,2,1500,1,0.287902,0.078095,0.10815
KCUD,91,100,2,500,1,0.345082,0.10135,0.110337
KCHOGL,91,100,2,500,1,0.357627,0.094197,0.123966
KCUD,91,100,2,1000,1,0.315074,0.085757,0.095559
KCHOGL,91,100,2,1000,1,0.349217,0.09688,0.127725
KCUD,91,100,2,1500,1,0.342393,0.095042,0.114929
KCHOGL,91,100,2,1500,1,0.377254,0.104576,0.135382
KCUD,101,100,2,500,1,0.425262,0.119849,0.139905
KCHOGL,101,100,2,500,1,0.449924,0.123948,0.157326
KCUD,101,100,2,1000,1,0.432264,0.128796,0.139514
KCHOGL,101,100,2,1000,1,0.438623,0.123049,0.149424
KCUD,101,100,2,1500,1,0.428499,0.124443,0.136903
KCHOGL,101,100,2,1500,1,0.483358,0.12717,0.183708
KCUD,1,100,2,500,2,0.006415,0.005955,0.000214
KCHOGL,1,100,2,500,2,0.007403,0.006171,0.000938
KCUD,1,100,2,1000,2,0.0068,0.006389,0.000167
KCHOGL,1,100,2,1000,2,0.006912,0.005373,0.001299
KCUD,1,100,2,1500,2,0.007589,0.007083,0.000219
KCHOGL,1,100,2,1500,2,0.007677,0.005384,0.002025
KCUD,11,100,2,500,1,0.009585,0.006875,0.001514
KCHOGL,11,100,2,500,1,0.008738,0.005564,0.001877
KCUD,11,100,2,1000,1,0.010439,0.006788,0.001354
KCHOGL,11,100,2,1000,1,0.009491,0.005313,0.00257
KCUD,11,100,2,1500,1,0.010049,0.006749,0.001559
KCHOGL,11,100,2,1500,1,0.009189,0.005247,0.002521
KCUD,21,100,2,500,1,0.022444,0.01046,0.005689
KCHOGL,21,100,2,500,1,0.022369,0.010113,0.007732
KCUD,21,100,2,1000,1,0.019367,0.008963,0.005489
KCHOGL,21,100,2,1000,1,0.026503,0.010903,0.00668
KCUD,21,100,2,1500,1,0.023801,0.010106,0.00511
KCHOGL,21,100,2,1500,1,0.021405,0.008632,0.007648
KCUD,31,100,2,500,1,0.029518,0.012031,0.009277
KCHOGL,31,100,2,500,1,0.034137,0.011679,0.010391
KCUD,31,100,2,1000,1,0.049865,0.018746,0.011191
KCHOGL,31,100,2,1000,1,0.050585,0.015329,0.017764
KCUD,31,100,2,1500,1,0.048883,0.018096,0.014359
KCHOGL,31,100,2,1500,1,0.044002,0.016674,0.012818
KCUD,41,100,2,500,1,0.078536,0.033495,0.02012
KCHOGL,41,100,2,500,1,0.089802,0.027289,0.030861
KCUD,41,100,2,1000,1,0.087966,0.025833,0.02784
KCHOGL,41,100,2,1000,1,0.07872,0.021083,0.029684
KCUD,41,100,2,1500,1,0.077166,0.029311,0.023189
KCHOGL,41,100,2,1500,1,0.086856,0.028523,0.030315
KCUD,51,100,2,500,1,0.123095,0.042299,0.041068
KCHOGL,51,100,2,500,1,0.118541,0.036895,0.041055
KCUD,51,100,2,1000,1,0.115951,0.038993,0.039903
KCHOGL,51,100,2,1000,1,0.126358,0.042626,0.047858
KCUD,51,100,2,1500,1,0.117515,0.039329,0.037747
KCHOGL,51,100,2,1500,1,0.124207,0.039603,0.043883
KCUD,61,100,2,500,1,0.168694,0.054483,0.055712
KCHOGL,61,100,2,500,1,0.173813,0.056584,0.062811
KCUD,61,100,2,1000,1,0.109163,0.034669,0.037708
KCHOGL,61,100,2,1000,1,0.165701,0.050293,0.06534
KCUD,61,100,2,1500,1,0.161241,0.054104,0.058173
KCHOGL,61,100,2,1500,1,0.179011,0.055027,0.067028
KCUD,71,100,2,500,1,0.221074,0.066656,0.077042
KCHOGL,71,100,2,500,1,0.230754,0.066136,0.083888
KCUD,71,100,2,1000,1,0.218905,0.065445,0.076101
KCHOGL,71,100,2,1000,1,0.233616,0.067857,0.086563
KCUD,71,100,2,1500,1,0.214599,0.065605,0.073842
KCHOGL,71,100,2,1500,1,0.22309,0.074046,0.074911
KCUD,81,100,2,500,1,0.265551,0.083921,0.087106
KCHOGL,81,100,2,500,1,0.279515,0.078858,0.108178
KCUD,81,100,2,1000,1,0.278096,0.085209,0.089632
KCHOGL,81,100,2,1000,1,0.293377,0.08685,0.107749
KCUD,81,100,2,1500,1,0.281646,0.081596,0.096138
KCHOGL,81,100,2,1500,1,0.298427,0.083689,0.109898
KCUD,91,100,2,500,1,0.28326,0.07448,0.093998
KCHOGL,91,100,2,500,1,0.338838,0.089894,0.122746
KCUD,91,100,2,1000,1,0.350438,0.101234,0.117014
KCHOGL,91,100,2,1000,1,0.367066,0.105325,0.127084
KCUD,91,100,2,1500,1,0.357125,0.107879,0.113595
KCHOGL,91,100,2,1500,1,0.369135,0.10227,0.133462
KCUD,101,100,2,500,1,0.414813,0.121861,0.132691
KCHOGL,101,100,2,500,1,0.42896,0.11961,0.15251
KCUD,101,100,2,1000,1,0.436878,0.119232,0.146283
KCHOGL,101,100,2,1000,1,0.450329,0.118738,0.158533
KCUD,101,100,2,1500,1,0.349259,0.092113,0.133327
KCHOGL,101,100,2,1500,1,0.42008,0.118849,0.146309
KCUD,1,100,2,500,2,0.005964,0.005555,0.000176
KCHOGL,1,100,2,500,2,0.005171,0.004254,0.000739
KCUD,1,100,2,1000,2,0.005632,0.005227,0.000172
KCHOGL,1,100,2,1000,2,0.005452,0.004234,0.001016
KCUD,1,100,2,1500,2,0.005587,0.005187,0.000163
KCHOGL,1,100,2,1500,2,0.005868,0.004247,0.001429
KCUD,11,100,2,500,1,0.007247,0.004864,0.001254
KCHOGL,11,100,2,500,1,0.009097,0.005451,0.002122
KCUD,11,100,2,1000,1,0.008391,0.005518,0.001563
KCHOGL,11,100,2,1000,1,0.008904,0.004945,0.002049
KCUD,11,100,2,1500,1,0.007752,0.005018,0.001415
KCHOGL,11,100,2,1500,1,0.009132,0.004875,0.002912
KCUD,21,100,2,500,1,0.021779,0.010602,0.005508
KCHOGL,21,100,2,500,1,0.020724,0.009116,0.005922
KCUD,21,100,2,1000,1,0.019477,0.010985,0.004687
KCHOGL,21,100,2,1000,1,0.022701,0.008571,0.007466
KCUD,21,100,2,1500,1,0.019372,0.009461,0.005177
KCHOGL,21,100,2,1500,1,0.023631,0.010027,0.007838
KCUD,31,100,2,500,1,0.054688,0.018575,0.017372
KCHOGL,31,100,2,500,1,0.042659,0.017737,0.012347
KCUD,31,100,2,1000,1,0.050277,0.021703,0.014686
KCHOGL,31,100,2,1000,1,0.046709,0.016353,0.017257
KCUD,31,100,2,1500,1,0.052122,0.01588,0.013613
KCHOGL,31,100,2,1500,1,0.051208,0.013999,0.019034
KCUD,41,100,2,500,1,0.075867,0.027941,0.02416
KCHOGL,41,100,2,500,1,0.089917,0.025404,0.028474
KCUD,41,100,2,1000,1,0.093416,0.028156,0.026371
KCHOGL,41,100,2,1000,1,0.093922,0.028405,0.028878
KCUD,41,100,2,1500,1,0.0767,0.026625,0.027679
KCHOGL,41,100,2,1500,1,0.081417,0.026898,0.0261
KCUD,51,100,2,500,1,0.12454,0.034798,0.036836
KCHOGL,51,100,2,500,1,0.136965,0.038141,0.046581
KCUD,51,100,2,1000,1,0.133161,0.042922,0.03898
KCHOGL,51,100,2,1000,1,0.135483,0.038891,0.045884
KCUD,51,100,2,1500,1,0.075533,0.024285,0.026395
KCHOGL,51,100,2,1500,1,0.108254,0.031714,0.035899
KCUD,61,100,2,500,1,0.176766,0.048206,0.057113
KCHOGL,61,100,2,500,1,0.184838,0.053693,0.060642
KCUD,61,100,2,1000,1,0.159356,0.050412,0.054568
KCHOGL,61,100,2,1000,1,0.165464,0.049299,0.065254
KCUD,61,100,2,1500,1,0.182273,0.051341,0.057758
KCHOGL,61,100,2,1500,1,0.187002,0.052681,0.060529
KCUD,71,100,2,500,1,0.216782,0.065691,0.076568
KCHOGL,71,100,2,500,1,0.218701,0.063817,0.081178
KCUD,71,100,2,1000,1,0.210919,0.064209,0.074527
KCHOGL,71,100,2,1000,1,0.229524,0.06257,0.078346
KCUD,71,100,2,1500,1,0.198899,0.063917,0.063336
KCHOGL,71,100,2,1500,1,0.243255,0.059223,0.085353
KCUD,81,100,2,500,1,0.271763,0.078864,0.094243
KCHOGL,81,100,2,500,1,0.285438,0.083949,0.099065
KCUD,81,100,2,1000,1,0.276347,0.080645,0.097055
KCHOGL,81,100,2,1000,1,0.288514,0.08239,0.102583
KCUD,81,100,2,1500,1,0.264356,0.0841,0.080436
KCHOGL,81,100,2,1500,1,0.2194,0.061936,0.088284
KCUD,91,100,2,500,1,0.349763,0.10238,0.113764
KCHOGL,91,100,2,500,1,0.36292,0.099158,0.125544
KCUD,91,100,2,1000,1,0.357905,0.107642,0.113063
KCHOGL,91,100,2,1000,1,0.363821,0.099242,0.12877
KCUD,91,100,2,1500,1,0.313342,0.084158,0.094879
KCHOGL,91,100,2,1500,1,0.33055,0.092487,0.115461
KCUD,101,100,2,500,1,0.436764,0.115787,0.158206
KCHOGL,101,100,2,500,1,0.43965,0.12179,0.157949
KCUD,101,100,2,1000,1,0.427578,0.122656,0.141792
KCHOGL,101,100,2,1000,1,0.421725,0.11102,0.149276
KCUD,101,100,2,1500,1,0.4166,0.117281,0.132265
KCHOGL,101,100,2,1500,1,0.441446,0.122052,0.15403
KCUD,1,100,2,500,1,0.003258,0.003042,0.0001
KCHOGL,1,100,2,500,1,0.002939,0.002417,0.000407
KCUD,1,100,2,1000,1,0.003419,0.00318,0.000108
KCHOGL,1,100,2,1000,1,0.004103,0.002779,0.001152
KCUD,1,100,2,1500,1,0.004036,0.003745,0.000124
KCHOGL,1,100,2,1500,1,0.003814,0.002529,0.001145
KCUD,11,100,2,500,1,0.008264,0.005495,0.00146
KCHOGL,11,100,2,500,1,0.008072,0.004252,0.002066
KCUD,11,100,2,1000,1,0.008361,0.005034,0.001582
KCHOGL,11,100,2,1000,1,0.009948,0.005176,0.002576
KCUD,11,100,2,1500,1,0.008903,0.005588,0.001623
KCHOGL,11,100,2,1500,1,0.008693,0.003976,0.002929
KCUD,21,100,2,500,1,0.024403,0.010499,0.008255
KCHOGL,21,100,2,500,1,0.019516,0.007554,0.007002
KCUD,21,100,2,1000,1,0.023177,0.007848,0.00576
KCHOGL,21,100,2,1000,1,0.02059,0.00754,0.007763
KCUD,21,100,2,1500,1,0.024297,0.009347,0.005903
KCHOGL,21,100,2,1500,1,0.022259,0.007408,0.007893
KCUD,31,100,2,500,1,0.043915,0.018395,0.01453
KCHOGL,31,100,2,500,1,0.044363,0.018049,0.012341
KCUD,31,100,2,1000,1,0.050634,0.019503,0.01378
KCHOGL,31,100,2,1000,1,0.054178,0.016375,0.015523
KCUD,31,100,2,1500,1,0.043474,0.01937,0.012449
KCHOGL,31,100,2,1500,1,0.045669,0.017173,0.013265
KCUD,41,100,2,500,1,0.078233,0.02812,0.025573
KCHOGL,41,100,2,500,1,0.088908,0.027608,0.025225
KCUD,41,100,2,1000,1,0.089428,0.027847,0.026056
KCHOGL,41,100,2,1000,1,0.079963,0.02709,0.029506
KCUD,41,100,2,1500,1,0.078873,0.027002,0.029288
KCHOGL,41,100,2,1500,1,0.076174,0.025978,0.027367
KCUD,51,100,2,500,1,0.084099,0.025562,0.029961
KCHOGL,51,100,2,500,1,0.080127,0.023506,0.03219
KCUD,51,100,2,1000,1,0.107938,0.034768,0.035891
KCHOGL,51,100,2,1000,1,0.112888,0.03088,0.045923
KCUD,51,100,2,1500,1,0.120912,0.041669,0.042939
KCHOGL,51,100,2,1500,1,0.118915,0.037011,0.044122
KCUD,61,100,2,500,1,0.167258,0.055227,0.058948
KCHOGL,61,100,2,500,1,0.175108,0.051657,0.065315
KCUD,61,100,2,1000,1,0.169024,0.051315,0.059417
KCHOGL,61,100,2,1000,1,0.174675,0.058404,0.062242
KCUD,61,100,2,1500,1,0.168629,0.05642,0.058027
KCHOGL,61,100,2,1500,1,0.173704,0.04872,0.065607
KCUD,71,100,2,500,1,0.213023,0.065914,0.072136
KCHOGL,71,100,2,500,1,0.161469,0.049827,0.062089
KCUD,71,100,2,1000,1,0.21555,0.067626,0.072798
KCHOGL,71,100,2,1000,1,0.228649,0.069084,0.081532
KCUD,71,100,2,1500,1,0.228213,0.068221,0.078997
KCHOGL,71,100,2,1500,1,0.23084,0.06482,0.085124
KCUD,81,100,2,500,1,0.280973,0.087246,0.088812
KCHOGL,81,100,2,500,1,0.29464,0.084261,0.108406
KCUD,81,100,2,1000,1,0.251931,0.08052,0.077561
KCHOGL,81,100,2,1000,1,0.248739,0.066356,0.086272
KCUD,81,100,2,1500,1,0.282618,0.082294,0.099688
KCHOGL,81,100,2,1500,1,0.287445,0.084438,0.10253
KCUD,91,100,2,500,1,0.358497,0.107171,0.115571
KCHOGL,91,100,2,500,1,0.364857,0.10128,0.124975
KCUD,91,100,2,1000,1,0.34125,0.104482,0.103602
KCHOGL,91,100,2,1000,1,0.306127,0.080035,0.107006
KCUD,91,100,2,1500,1,0.344305,0.105562,0.108999
KCHOGL,91,100,2,1500,1,0.369518,0.102157,0.130293
KCUD,101,100,2,500,1,0.446592,0.128803,0.145382
KCHOGL,101,100,2,500,1,0.452039,0.122952,0.155096
KCUD,101,100,2,1000,1,0.419391,0.115759,0.14108
KCHOGL,101,100,2,1000,1,0.428135,0.116314,0.155625
KCUD,101,100,2,1500,1,0.437737,0.125752,0.146398
KCHOGL,101,100,2,1500,1,0.46353,0.124902,0.161493
KCUD,1,100,2,500,1,0.003308,0.003074,0.000107
KCHOGL,1,100,2,500,1,0.003134,0.00253,0.00049
KCUD,1,100,2,1000,1,0.003822,0.003496,0.000147
KCHOGL,1,100,2,1000,1,0.004333,0.003112,0.001056
KCUD,1,100,2,1500,1,0.003362,0.003091,0.000117
KCHOGL,1,100,2,1500,1,0.004451,0.002664,0.001622
KCUD,11,100,2,500,1,0.006523,0.004071,0.00137
KCHOGL,11,100,2,500,1,0.007905,0.004388,0.001926
KCUD,11,100,2,1000,1,0.008755,0.005555,0.001509
KCHOGL,11,100,2,1000,1,0.007101,0.003731,0.002186
KCUD,11,100,2,1500,1,0.009841,0.00606,0.001589
KCHOGL,11,100,2,1500,1,0.008352,0.00362,0.003014
KCUD,21,100,2,500,2,0.036132,0.016839,0.008058
KCHOGL,21,100,2,500,2,0.03673,0.014484,0.010765
KCUD,21,100,2,1000,2,0.035164,0.015776,0.008468
KCHOGL,21,100,2,1000,2,0.036205,0.013525,0.010292
KCUD,21,100,2,1500,2,0.038044,0.017542,0.01052
KCHOGL,21,100,2,1500,2,0.029345,0.010727,0.008463
KCUD,31,100,2,500,1,0.029229,0.011091,0.009629
KCHOGL,31,100,2,500,1,0.033063,0.010543,0.013459
KCUD,31,100,2,1000,1,0.050635,0.015176,0.014915
KCHOGL,31,100,2,1000,1,0.045078,0.015196,0.016334
KCUD,31,100,2,1500,1,0.044908,0.018147,0.015242
KCHOGL,31,100,2,1500,1,0.044462,0.020227,0.01331
KCUD,41,100,2,500,2,0.148702,0.046933,0.042827
KCHOGL,41,100,2,500,2,0.158741,0.048794,0.045509
KCUD,41,100,2,1000,2,0.150879,0.049472,0.036002
KCHOGL,41,100,2,1000,2,0.160316,0.053379,0.041285
KCUD,41,100,2,1500,2,0.153543,0.048096,0.042128
KCHOGL,41,100,2,1500,2,0.157772,0.047642,0.04901
KCUD,51,100,2,500,2,0.207293,0.064949,0.066552
KCHOGL,51,100,2,500,2,0.208449,0.064402,0.064217
KCUD,51,100,2,1000,2,0.216687,0.060342,0.063423
KCHOGL,51,100,2,1000,2,0.215216,0.065432,0.068745
KCUD,51,100,2,1500,2,0.160881,0.04715,0.050263
KCHOGL,51,100,2,1500,2,0.203309,0.053745,0.060386
KCUD,61,100,2,500,2,0.289489,0.094095,0.083585
KCHOGL,61,100,2,500,2,0.32364,0.090678,0.098901
KCUD,61,100,2,1000,2,0.292468,0.093965,0.088826
KCHOGL,61,100,2,1000,2,0.311033,0.086785,0.090965
KCUD,61,100,2,1500,2,0.30521,0.0878,0.086684
KCHOGL,61,100,2,1500,2,0.297963,0.083169,0.091815
KCUD,71,100,2,500,2,0.366467,0.100194,0.110856
KCHOGL,71,100,2,500,2,0.386484,0.108416,0.11983
KCUD,71,100,2,1000,2,0.402597,0.113028,0.116786
KCHOGL,71,100,2,1000,2,0.406448,0.107854,0.124853
KCUD,71,100,2,1500,2,0.396575,0.113031,0.115463
KCHOGL,71,100,2,1500,2,0.349903,0.085713,0.108765
KCUD,81,100,2,500,2,0.501897,0.13584,0.144085
KCHOGL,81,100,2,500,2,0.516817,0.139287,0.154161
KCUD,81,100,2,1000,2,0.512464,0.140111,0.142874
KCHOGL,81,100,2,1000,2,0.529129,0.140029,0.163168
KCUD,81,100,2,1500,2,0.515357,0.139563,0.148638
KCHOGL,81,100,2,1500,2,0.528148,0.134319,0.168202
KCUD,91,100,2,500,2,0.65398,0.171695,0.186244
KCHOGL,91,100,2,500,2,0.581571,0.143089,0.175035
KCUD,91,100,2,1000,2,0.630078,0.176104,0.173854
KCHOGL,91,100,2,1000,2,0.645535,0.169048,0.206556
KCUD,91,100,2,1500,2,0.585405,0.1539,0.156885
KCHOGL,91,100,2,1500,2,0.597531,0.158767,0.191706
KCUD,101,100,2,500,2,0.807845,0.213684,0.232279
KCHOGL,101,100,2,500,2,0.813309,0.200829,0.24404
KCUD,101,100,2,1000,2,0.678783,0.201332,0.203399
KCHOGL,101,100,2,1000,2,0.776615,0.196514,0.240863
KCUD,101,100,2,1500,2,0.631691,0.167087,0.189246
KCHOGL,101,100,2,1500,2,0.688362,0.19234,0.219676
KCUD,1,100,2,500,1,0.00452,0.004235,0.000122
KCHOGL,1,100,2,500,1,0.00365,0.00298,0.000533
KCUD,1,100,2,1000,1,0.004016,0.00376,0.000125
KCHOGL,1,100,2,1000,1,0.004693,0.003391,0.001121
KCUD,1,100,2,1500,1,0.003841,0.003611,0.000104
KCHOGL,1,100,2,1500,1,0.004549,0.002789,0.001625
KCUD,11,100,2,500,1,0.008759,0.005909,0.00162
KCHOGL,11,100,2,500,1,0.007758,0.004575,0.001953
KCUD,11,100,2,1000,1,0.008394,0.005717,0.001499
KCHOGL,11,100,2,1000,1,0.009138,0.004812,0.002727
KCUD,11,100,2,1500,1,0.008865,0.006039,0.001584
KCHOGL,11,100,2,1500,1,0.009164,0.004463,0.002965
KCUD,21,100,2,500,1,0.021557,0.011223,0.005756
KCHOGL,21,100,2,500,1,0.019216,0.00982,0.005507
KCUD,21,100,2,1000,1,0.022811,0.010802,0.005306
KCHOGL,21,100,2,1000,1,0.023567,0.009648,0.009886
KCUD,21,100,2,1500,1,0.0186,0.008597,0.004979
KCHOGL,21,100,2,1500,1,0.021935,0.007377,0.008399
KCUD,31,100,2,500,1,0.039877,0.017904,0.010195
KCHOGL,31,100,2,500,1,0.045995,0.020332,0.015036
KCUD,31,100,2,1000,1,0.043931,0.018821,0.011519
KCHOGL,31,100,2,1000,1,0.052013,0.021031,0.015584
KCUD,31,100,2,1500,1,0.045648,0.016559,0.014242
KCHOGL,31,100,2,1500,1,0.04562,0.01552,0.016686
KCUD,41,100,2,500,1,0.078372,0.02861,0.025958
KCHOGL,41,100,2,500,1,0.077108,0.025173,0.027151
KCUD,41,100,2,1000,1,0.079893,0.030003,0.025772
KCHOGL,41,100,2,1000,1,0.084117,0.030662,0.029121
KCUD,41,100,2,1500,1,0.077438,0.026712,0.027055
KCHOGL,41,100,2,1500,1,0.079477,0.024325,0.03053
KCUD,51,100,2,500,1,0.116628,0.038476,0.036925
KCHOGL,51,100,2,500,1,0.119618,0.039609,0.041018
KCUD,51,100,2,1000,1,0.114722,0.034715,0.04244
KCHOGL,51,100,2,1000,1,0.082437,0.02763,0.028897
KCUD,51,100,2,1500,1,0.112195,0.03726,0.039335
KCHOGL,51,100,2,1500,1,0.10402,0.030949,0.038713
KCUD,61,100,2,500,1,0.184467,0.050856,0.056403
KCHOGL,61,100,2,500,1,0.165703,0.044762,0.063925
KCUD,61,100,2,1000,1,0.168354,0.056036,0.058382
KCHOGL,61,100,2,1000,1,0.172243,0.056579,0.060596
KCUD,61,100,2,1500,1,0.191903,0.052067,0.05619
KCHOGL,61,100,2,1500,1,0.187545,0.050555,0.061377
KCUD,71,100,2,500,1,0.217907,0.067679,0.072082
KCHOGL,71,100,2,500,1,0.222418,0.064876,0.081121
KCUD,71,100,2,1000,1,0.17727,0.047946,0.061351
KCHOGL,71,100,2,1000,1,0.190574,0.055574,0.065521
KCUD,71,100,2,1500,1,0.208645,0.067154,0.073702
KCHOGL,71,100,2,1500,1,0.214539,0.060609,0.079643
KCUD,81,100,2,500,1,0.27712,0.085047,0.095209
KCHOGL,81,100,2,500,1,0.287129,0.084563,0.099903
KCUD,81,100,2,1000,1,0.28262,0.08671,0.097595
KCHOGL,81,100,2,1000,1,0.290842,0.084342,0.10442
KCUD,81,100,2,1500,1,0.218194,0.073172,0.077845
KCHOGL,81,100,2,1500,1,0.276196,0.076913,0.103069
KCUD,91,100,2,500,1,0.369837,0.106385,0.127117
KCHOGL,91,100,2,500,1,0.393832,0.111484,0.138824
KCUD,91,100,2,1000,1,0.354698,0.109652,0.111779
KCHOGL,91,100,2,1000,1,0.368052,0.115864,0.117867
KCUD,91,100,2,1500,1,0.337222,0.095778,0.112972
KCHOGL,91,100,2,1500,1,0.355075,0.095384,0.129684
KCUD,101,100,2,500,1,0.458169,0.123743,0.167853
KCHOGL,101,100,2,500,1,0.448744,0.125899,0.151609
KCUD,101,100,2,1000,1,0.360435,0.090731,0.128448
KCHOGL,101,100,2,1000,1,0.426222,0.131737,0.137827
KCUD,101,100,2,1500,1,0.446622,0.130372,0.139573
KCHOGL,101,100,2,1500,1,0.458015,0.134632,0.152234
KCUD,1,100,2,500,1,0.003929,0.003705,0.000109
KCHOGL,1,100,2,500,1,0.003978,0.003303,0.00055
KCUD,1,100,2,1000,1,0.003556,0.003314,0.000113
KCHOGL,1,100,2,1000,1,0.004088,0.002927,0.00099
KCUD,1,100,2,1500,1,0.003939,0.003691,0.000107
KCHOGL,1,100,2,1500,1,0.00367,0.002613,0.000935
KCUD,11,100,2,500,1,0.010284,0.006942,0.001544
KCHOGL,11,100,2,500,1,0.007315,0.00373,0.001753
KCUD,11,100,2,1000,1,0.008445,0.005414,0.001319
KCHOGL,11,100,2,1000,1,0.009087,0.005077,0.002411
KCUD,11,100,2,1500,1,0.009311,0.006049,0.00177
KCHOGL,11,100,2,1500,1,0.008687,0.004366,0.002638
KCUD,21,100,2,500,1,0.019343,0.009643,0.005816
KCHOGL,21,100,2,500,1,0.022218,0.010735,0.007466
KCUD,21,100,2,1000,1,0.019526,0.009102,0.005538
KCHOGL,21,100,2,1000,1,0.020201,0.007552,0.008259
KCUD,21,100,2,1500,1,0.021726,0.01007,0.007226
KCHOGL,21,100,2,1500,1,0.020654,0.008629,0.007908
KCUD,31,100,2,500,1,0.045528,0.019657,0.012886
KCHOGL,31,100,2,500,1,0.049086,0.016494,0.0156
KCUD,31,100,2,1000,1,0.044392,0.019158,0.01298
KCHOGL,31,100,2,1000,1,0.055109,0.015033,0.017688
KCUD,31,100,2,1500,1,0.05591,0.015246,0.01875
KCHOGL,31,100,2,1500,1,0.047727,0.018655,0.017992
KCUD,41,100,2,500,1,0.091961,0.030662,0.02518
KCHOGL,41,100,2,500,1,0.058731,0.016572,0.017644
KCUD,41,100,2,1000,1,0.08584,0.031764,0.025184
KCHOGL,41,100,2,1000,1,0.074798,0.025437,0.026955
KCUD,41,100,2,1500,1,0.072157,0.021261,0.02386
KCHOGL,41,100,2,1500,1,0.083703,0.021873,0.030829
KCUD,51,100,2,500,1,0.116723,0.037279,0.039217
KCHOGL,51,100,2,500,1,0.133195,0.031387,0.043867
KCUD,51,100,2,1000,1,0.121997,0.040795,0.04003
KCHOGL,51,100,2,1000,1,0.141331,0.039895,0.043989
KCUD,51,100,2,1500,1,0.125775,0.04424,0.039335
KCHOGL,51,100,2,1500,1,0.124427,0.039035,0.043727
KCUD,61,100,2,500,1,0.176854,0.064729,0.051004
KCHOGL,61,100,2,500,1,0.181233,0.057604,0.067629
KCUD,61,100,2,1000,1,0.179376,0.057501,0.063595
KCHOGL,61,100,2,1000,1,0.175581,0.054289,0.059039
KCUD,61,100,2,1500,1,0.117602,0.039982,0.040176
KCHOGL,61,100,2,1500,1,0.159921,0.044914,0.059338
KCUD,71,100,2,500,1,0.205306,0.065907,0.071341
KCHOGL,71,100,2,500,1,0.21565,0.069778,0.074666
KCUD,71,100,2,1000,1,0.215613,0.062744,0.074529
KCHOGL,71,100,2,1000,1,0.215934,0.062416,0.080969
KCUD,71,100,2,1500,1,0.216931,0.070323,0.070211
KCHOGL,71,100,2,1500,1,0.21823,0.064933,0.080233
KCUD,81,100,2,500,1,0.273457,0.085725,0.092275
KCHOGL,81,100,2,500,1,0.257715,0.078489,0.086479
KCUD,81,100,2,1000,1,0.270416,0.082744,0.085305
KCHOGL,81,100,2,1000,1,0.29216,0.086469,0.10398
KCUD,81,100,2,1500,1,0.288096,0.087074,0.096597
KCHOGL,81,100,2,1500,1,0.293024,0.087176,0.104025
KCUD,91,100,2,500,1,0.354942,0.108282,0.113973
KCHOGL,91,100,2,500,1,0.359455,0.106377,0.122024
KCUD,91,100,2,1000,1,0.354862,0.109483,0.120287
KCHOGL,91,100,2,1000,1,0.378787,0.105442,0.133232
KCUD,91,100,2,1500,1,0.3664,0.116576,0.110178
KCHOGL,91,100,2,1500,1,0.370778,0.101033,0.134685
KCUD,101,100,2,500,1,0.435165,0.123881,0.138439
KCHOGL,101,100,2,500,1,0.390984,0.114208,0.1235
KCUD,101,100,2,1000,1,0.442017,0.129961,0.143383
KCHOGL,101,100,2,1000,1,0.47323,0.13023,0.164527
KCUD,101,100,2,1500,1,0.466492,0.144856,0.133747
KCHOGL,101,100,2,1500,1,0.373524,0.090223,0.146466
KCUD,1,100,2,500,2,0.006511,0.006082,0.000199
KCHOGL,1,100,2,500,2,0.006369,0.005259,0.000814
KCUD,1,100,2,1000,2,0.006485,0.006021,0.000191
KCHOGL,1,100,2,1000,2,0.005535,0.004432,0.000905
KCUD,1,100,2,1500,2,0.005921,0.00551,0.00016
KCHOGL,1,100,2,1500,2,0.006505,0.004648,0.001629
KCUD,11,100,2,500,1,0.00918,0.00656,0.001366
KCHOGL,11,100,2,500,1,0.008816,0.005693,0.001862
KCUD,11,100,2,1000,1,0.009134,0.005667,0.001465
KCHOGL,11,100,2,1000,1,0.010541,0.006399,0.002181
KCUD,11,100,2,1500,1,0.007824,0.005201,0.001499
KCHOGL,11,100,2,1500,1,0.009129,0.004898,0.002414
KCUD,21,100,2,500,1,0.023181,0.011,0.005529
KCHOGL,21,100,2,500,1,0.020713,0.010319,0.006404
KCUD,21,100,2,1000,1,0.025299,0.011024,0.006283
KCHOGL,21,100,2,1000,1,0.020623,0.008828,0.007787
KCUD,21,100,2,1500,1,0.025923,0.01104,0.006025
KCHOGL,21,100,2,1500,1,0.023908,0.010121,0.007971
KCUD,31,100,2,500,1,0.042374,0.017108,0.012091
KCHOGL,31,100,2,500,1,0.044362,0.017465,0.013938
KCUD,31,100,2,1000,1,0.042498,0.01855,0.0125
KCHOGL,31,100,2,1000,1,0.052001,0.014511,0.017092
KCUD,31,100,2,1500,1,0.051835,0.019415,0.013533
KCHOGL,31,100,2,1500,1,0.056817,0.019776,0.017115
KCUD,41,100,2,500,1,0.084913,0.02935,0.028139
KCHOGL,41,100,2,500,1,0.080037,0.027657,0.02664
KCUD,41,100,2,1000,1,0.08095,0.02724,0.031537
KCHOGL,41,100,2,1000,1,0.086538,0.02839,0.034323
KCUD,41,100,2,1500,1,0.08172,0.029449,0.026832
KCHOGL,41,100,2,1500,1,0.088312,0.026893,0.032726
KCUD,51,100,2,500,1,0.130882,0.041889,0.038908
KCHOGL,51,100,2,500,1,0.143082,0.034624,0.054586
KCUD,51,100,2,1000,1,0.13153,0.042581,0.037122
KCHOGL,51,100,2,1000,1,0.137818,0.043967,0.04503
KCUD,51,100,2,1500,1,0.118455,0.041466,0.037199
KCHOGL,51,100,2,1500,1,0.130644,0.03745,0.043145
KCUD,61,100,2,500,1,0.161801,0.043388,0.064787
KCHOGL,61,100,2,500,1,0.164358,0.048355,0.060836
KCUD,61,100,2,1000,1,0.163976,0.054307,0.052853
KCHOGL,61,100,2,1000,1,0.166392,0.049396,0.062795
KCUD,61,100,2,1500,1,0.171315,0.050936,0.055661
KCHOGL,61,100,2,1500,1,0.178073,0.055714,0.069561
KCUD,71,100,2,500,1,0.216212,0.069829,0.072515
KCHOGL,71,100,2,500,1,0.226628,0.0713,0.079097
KCUD,71,100,2,1000,1,0.218695,0.069034,0.074844
KCHOGL,71,100,2,1000,1,0.224241,0.069092,0.079315
KCUD,71,100,2,1500,1,0.200282,0.05413,0.074179
KCHOGL,71,100,2,1500,1,0.222751,0.065517,0.085337
KCUD,81,100,2,500,1,0.269366,0.08074,0.089584
KCHOGL,81,100,2,500,1,0.289302,0.084078,0.103943
KCUD,81,100,2,1000,1,0.278265,0.086961,0.089314
KCHOGL,81,100,2,1000,1,0.295562,0.085511,0.105397
KCUD,81,100,2,1500,1,0.285388,0.082741,0.099099
KCHOGL,81,100,2,1500,1,0.226803,0.067156,0.089405
KCUD,91,100,2,500,1,0.356778,0.101347,0.119568
KCHOGL,91,100,2,500,1,0.361079,0.105857,0.117708
KCUD,91,100,2,1000,1,0.362335,0.107352,0.116553
KCHOGL,91,100,2,1000,1,0.373356,0.107599,0.130007
KCUD,91,100,2,1500,1,0.294463,0.076537,0.095578
KCHOGL,91,100,2,1500,1,0.346845,0.086024,0.129564
KCUD,101,100,2,500,1,0.437025,0.122578,0.138424
KCHOGL,101,100,2,500,1,0.47071,0.124342,0.176184
KCUD,101,100,2,1000,1,0.434723,0.130259,0.135714
KCHOGL,101,100,2,1000,1,0.374884,0.088251,0.143672
KCUD,101,100,2,1500,1,0.420301,0.117418,0.138606
KCHOGL,101,100,2,1500,1,0.475771,0.122319,0.182597
KCUD,1,100,2,500,2,0.005418,0.005044,0.000173
KCHOGL,1,100,2,500,2,0.005907,0.005064,0.000645
KCUD,1,100,2,1000,2,0.005169,0.004831,0.000155
KCHOGL,1,100,2,1000,2,0.005827,0.004591,0.001014
KCUD,1,100,2,1500,2,0.0057,0.005336,0.000167
KCHOGL,1,100,2,1500,2,0.006336,0.004757,0.001347
KCUD,11,100,2,500,1,0.007959,0.005327,0.001424
KCHOGL,11,100,2,500,1,0.009265,0.005177,0.002531
KCUD,11,100,2,1000,1,0.008583,0.005954,0.001301
KCHOGL,11,100,2,1000,1,0.010598,0.005535,0.003396
KCUD,11,100,2,1500,1,0.007926,0.005487,0.001322
KCHOGL,11,100,2,1500,1,0.011187,0.005597,0.003959
KCUD,21,100,2,500,1,0.020593,0.008962,0.00606
KCHOGL,21,100,2,500,1,0.021747,0.008757,0.008604
KCUD,21,100,2,1000,1,0.022547,0.009303,0.004737
KCHOGL,21,100,2,1000,1,0.023566,0.010413,0.007763
KCUD,21,100,2,1500,1,0.020222,0.010027,0.005505
KCHOGL,21,100,2,1500,1,0.024231,0.010442,0.007976
KCUD,31,100,2,500,1,0.044342,0.019483,0.015132
KCHOGL,31,100,2,500,1,0.047764,0.017974,0.017433
KCUD,31,100,2,1000,1,0.045508,0.022128,0.012977
KCHOGL,31,100,2,1000,1,0.047651,0.020062,0.01556
KCUD,31,100,2,1500,1,0.048326,0.021295,0.013313
KCHOGL,31,100,2,1500,1,0.051879,0.018172,0.019351
KCUD,41,100,2,500,1,0.079675,0.030483,0.026272
KCHOGL,41,100,2,500,1,0.08026,0.029375,0.025427
KCUD,41,100,2,1000,1,0.080222,0.034048,0.019031
KCHOGL,41,100,2,1000,1,0.084797,0.032357,0.027869
KCUD,41,100,2,1500,1,0.069337,0.027361,0.017958
KCHOGL,41,100,2,1500,1,0.053422,0.017336,0.020304
KCUD,51,100,2,500,1,0.11407,0.039353,0.037884
KCHOGL,51,100,2,500,1,0.108835,0.033499,0.046602
KCUD,51,100,2,1000,1,0.112807,0.04148,0.033683
KCHOGL,51,100,2,1000,1,0.1253,0.03966,0.046976
KCUD,51,100,2,1500,1,0.115015,0.038568,0.03797
KCHOGL,51,100,2,1500,1,0.138516,0.04021,0.045246
KCUD,61,100,2,500,1,0.165789,0.05355,0.055894
KCHOGL,61,100,2,500,1,0.171778,0.058182,0.057497
KCUD,61,100,2,1000,1,0.171297,0.055983,0.061946
KCHOGL,61,100,2,1000,1,0.179843,0.055008,0.06728
KCUD,61,100,2,1500,1,0.16771,0.052077,0.057621
KCHOGL,61,100,2,1500,1,0.185332,0.060755,0.067206
KCUD,71,100,2,500,1,0.15995,0.049522,0.062938
KCHOGL,71,100,2,500,1,0.212119,0.065785,0.074649
KCUD,71,100,2,1000,1,0.216366,0.063178,0.074994
KCHOGL,71,100,2,1000,1,0.224206,0.066156,0.082033
KCUD,71,100,2,1500,1,0.219422,0.076105,0.070725
KCHOGL,71,100,2,1500,1,0.237227,0.069811,0.090596
KCUD,81,100,2,500,1,0.28883,0.088252,0.092234
KCHOGL,81,100,2,500,1,0.301802,0.085357,0.110347
KCUD,81,100,2,1000,1,0.246171,0.067414,0.07932
KCHOGL,81,100,2,1000,1,0.278823,0.079401,0.096223
KCUD,81,100,2,1500,1,0.282567,0.091724,0.085568
KCHOGL,81,100,2,1500,1,0.301561,0.085581,0.1097
KCUD,91,100,2,500,1,0.360787,0.101769,0.122436
KCHOGL,91,100,2,500,1,0.379075,0.106561,0.134783
KCUD,91,100,2,1000,1,0.319657,0.09439,0.097461
KCHOGL,91,100,2,1000,1,0.372548,0.107322,0.130533
KCUD,91,100,2,1500,1,0.377301,0.110925,0.121307
KCHOGL,91,100,2,1500,1,0.382725,0.105175,0.136058
KCUD,101,100,2,500,1,0.466566,0.130504,0.165147
KCHOGL,101,100,2,500,1,0.394069,0.129996,0.1321
KCUD,101,100,2,1000,1,0.430922,0.11807,0.142371
KCHOGL,101,100,2,1000,1,0.44854,0.124455,0.153772
KCUD,101,100,2,1500,1,0.443051,0.135267,0.134858
KCHOGL,101,100,2,1500,1,0.418979,0.122024,0.132895
KCUD,1,100,2,500,1,0.002946,0.002743,0.000108
KCHOGL,1,100,2,500,1,0.00321,0.002632,0.000457
KCUD,1,100,2,1000,1,0.002946,0.00272,0.000101
KCHOGL,1,100,2,1000,1,0.003746,0.002737,0.000883
KCUD,1,100,2,1500,1,0.002859,0.002644,0.000118
KCHOGL,1,100,2,1500,1,0.004557,0.002847,0.001548
KCUD,11,100,2,500,2,0.016502,0.011163,0.002468
KCHOGL,11,100,2,500,2,0.01306,0.007064,0.002823
KCUD,11,100,2,1000,2,0.015296,0.010318,0.00226
KCHOGL,11,100,2,1000,2,0.014808,0.007793,0.004173
KCUD,11,100,2,1500,2,0.016089,0.01057,0.002424
KCHOGL,11,100,2,1500,2,0.014479,0.007029,0.004246
KCUD,21,100,2,500,2,0.040039,0.016349,0.008686
KCHOGL,21,100,2,500,2,0.035481,0.01507,0.009213
KCUD,21,100,2,1000,2,0.037545,0.019103,0.007772
KCHOGL,21,100,2,1000,2,0.036163,0.013586,0.011527
KCUD,21,100,2,1500,2,0.037843,0.017123,0.009653
KCHOGL,21,100,2,1500,2,0.038252,0.014913,0.012372
KCUD,31,100,2,500,2,0.086018,0.028602,0.021971
KCHOGL,31,100,2,500,2,0.078599,0.031862,0.020563
KCUD,31,100,2,1000,2,0.083002,0.028614,0.02064
KCHOGL,31,100,2,1000,2,0.08461,0.029466,0.025591
KCUD,31,100,2,1500,2,0.089512,0.03275,0.020166
KCHOGL,31,100,2,1500,2,0.086207,0.031648,0.024682
KCUD,41,100,2,500,2,0.150941,0.046426,0.037938
KCHOGL,41,100,2,500,2,0.149981,0.044652,0.043405
KCUD,41,100,2,1000,2,0.150436,0.044583,0.039936
KCHOGL,41,100,2,1000,2,0.14411,0.04506,0.043541
KCUD,41,100,2,1500,2,0.164686,0.052646,0.050033
KCHOGL,41,100,2,1500,2,0.144559,0.047325,0.048212
KCUD,51,100,2,500,2,0.204055,0.065773,0.061768
KCHOGL,51,100,2,500,2,0.160101,0.04911,0.049777
KCUD,51,100,2,1000,2,0.207672,0.067989,0.059371
KCHOGL,51,100,2,1000,2,0.208141,0.057197,0.069055
KCUD,51,100,2,1500,2,0.211274,0.065725,0.0593
KCHOGL,51,100,2,1500,2,0.215596,0.070717,0.066605
KCUD,61,100,2,500,2,0.314583,0.094717,0.084493
KCHOGL,61,100,2,500,2,0.3233,0.089669,0.098205
KCUD,61,100,2,1000,2,0.322601,0.097411,0.094127
KCHOGL,61,100,2,1000,2,0.304624,0.086605,0.0817
KCUD,61,100,2,1500,2,0.309015,0.094795,0.082432
KCHOGL,61,100,2,1500,2,0.3086,0.090453,0.103751
KCUD,71,100,2,500,2,0.414265,0.11502,0.11822
KCHOGL,71,100,2,500,2,0.413958,0.113053,0.126887
KCUD,71,100,2,1000,2,0.38961,0.117398,0.107007
KCHOGL,71,100,2,1000,2,0.348012,0.086984,0.113054
KCUD,71,100,2,1500,2,0.382503,0.108547,0.117011
KCHOGL,71,100,2,1500,2,0.389467,0.1048,0.122134
KCUD,81,100,2,500,2,0.502192,0.134401,0.141002
KCHOGL,81,100,2,500,2,0.516766,0.138674,0.154234
KCUD,81,100,2,1000,2,0.428611,0.124062,0.128346
KCHOGL,81,100,2,1000,2,0.472925,0.128339,0.162759
KCUD,81,100,2,1500,2,0.500523,0.143012,0.139902
KCHOGL,81,100,2,1500,2,0.481838,0.134818,0.160617
KCUD,91,100,2,500,2,0.557115,0.141393,0.161326
KCHOGL,91,100,2,500,2,0.596278,0.168166,0.185072
KCUD,91,100,2,1000,2,0.589833,0.17965,0.16646
KCHOGL,91,100,2,1000,2,0.659039,0.169677,0.203855
KCUD,91,100,2,1500,2,0.62113,0.174668,0.18209
KCHOGL,91,100,2,1500,2,0.666188,0.170218,0.202785
KCUD,101,100,2,500,2,0.817336,0.221198,0.224461
KCHOGL,101,100,2,500,2,0.718166,0.184619,0.209278
KCUD,101,100,2,1000,2,0.809312,0.217177,0.224788
KCHOGL,101,100,2,1000,2,0.808849,0.215768,0.244105
KCUD,101,100,2,1500,2,0.797396,0.217829,0.225802
KCHOGL,101,100,2,1500,2,0.827172,0.209341,0.252667
KCUD,1,100,2,500,2,0.006085,0.005721,0.000166
KCHOGL,1,100,2,500,3,0.009706,0.007984,0.001313
KCUD,1,100,2,1000,2,0.00714,0.006622,0.000207
KCHOGL,1,100,2,1000,3,0.009012,0.007108,0.00156
KCUD,1,100,2,1500,2,0.005863,0.005529,0.000164
KCHOGL,1,100,2,1500,2,0.007339,0.004991,0.002074
KCUD,11,100,2,500,1,0.007999,0.005299,0.001285
KCHOGL,11,100,2,500,1,0.009407,0.005883,0.002102
KCUD,11,100,2,1000,1,0.008547,0.005562,0.001417
KCHOGL,11,100,2,1000,1,0.008512,0.005109,0.002025
KCUD,11,100,2,1500,1,0.008539,0.005417,0.001512
KCHOGL,11,100,2,1500,1,0.009865,0.005213,0.003039
KCUD,21,100,2,500,1,0.023064,0.011367,0.004945
KCHOGL,21,100,2,500,1,0.0258,0.008451,0.010275
KCUD,21,100,2,1000,1,0.019306,0.00909,0.005233
KCHOGL,21,100,2,1000,1,0.021134,0.008223,0.008478
KCUD,21,100,2,1500,1,0.02126,0.011403,0.005521
KCHOGL,21,100,2,1500,1,0.020615,0.0078,0.007601
KCUD,31,100,2,500,1,0.049126,0.018333,0.012425
KCHOGL,31,100,2,500,1,0.045563,0.016138,0.016509
KCUD,31,100,2,1000,1,0.030055,0.011445,0.009005
KCHOGL,31,100,2,1000,1,0.031198,0.011502,0.011376
KCUD,31,100,2,1500,1,0.042021,0.017516,0.012564
KCHOGL,31,100,2,1500,1,0.055191,0.01845,0.016591
KCUD,41,100,2,500,1,0.087847,0.026991,0.023767
KCHOGL,41,100,2,500,1,0.080667,0.02332,0.028074
KCUD,41,100,2,1000,1,0.0752,0.026594,0.024019
KCHOGL,41,100,2,1000,1,0.082742,0.028707,0.03093
KCUD,41,100,2,1500,1,0.079148,0.032585,0.023243
KCHOGL,41,100,2,1500,1,0.080491,0.030776,0.026574
KCUD,51,100,2,500,1,0.119667,0.040182,0.043078
KCHOGL,51,100,2,500,1,0.121567,0.041286,0.041604
KCUD,51,100,2,1000,1,0.122603,0.044955,0.035157
KCHOGL,51,100,2,1000,1,0.127474,0.040407,0.046622
KCUD,51,100,2,1500,1,0.12477,0.044524,0.040363
KCHOGL,51,100,2,1500,1,0.138655,0.040895,0.044863
KCUD,61,100,2,500,1,0.166985,0.057275,0.055332
KCHOGL,61,100,2,500,1,0.176925,0.056523,0.067621
KCUD,61,100,2,1000,1,0.159123,0.053611,0.054176
KCHOGL,61,100,2,1000,1,0.109753,0.032496,0.041911
KCUD,61,100,2,1500,1,0.173596,0.052684,0.055411
KCHOGL,61,100,2,1500,1,0.196371,0.054754,0.063887
KCUD,71,100,2,500,1,0.213315,0.070484,0.070551
KCHOGL,71,100,2,500,1,0.224891,0.066789,0.081684
KCUD,71,100,2,1000,1,0.215404,0.068338,0.072586
KCHOGL,71,100,2,1000,1,0.218613,0.06619,0.075904
KCUD,71,100,2,1500,1,0.219974,0.064179,0.077095
KCHOGL,71,100,2,1500,1,0.224901,0.069592,0.084469
KCUD,81,100,2,500,1,0.213932,0.072751,0.073591
KCHOGL,81,100,2,500,1,0.291128,0.08752,0.108131
KCUD,81,100,2,1000,1,0.28312,0.09403,0.087928
KCHOGL,81,100,2,1000,1,0.311571,0.090517,0.112223
KCUD,81,100,2,1500,1,0.30052,0.083232,0.110954
KCHOGL,81,100,2,1500,1,0.303938,0.084638,0.113247
KCUD,91,100,2,500,1,0.300417,0.079061,0.096993
KCHOGL,91,100,2,500,1,0.354158,0.098328,0.122482
KCUD,91,100,2,1000,1,0.357539,0.106479,0.114576
KCHOGL,91,100,2,1000,1,0.371675,0.103063,0.130525
KCUD,91,100,2,1500,1,0.363456,0.107238,0.118985
KCHOGL,91,100,2,1500,1,0.370868,0.101685,0.13362
KCUD,101,100,2,500,1,0.423913,0.125677,0.139488
KCHOGL,101,100,2,500,1,0.4376,0.118843,0.155154
KCUD,101,100,2,1000,1,0.457878,0.124432,0.163437
KCHOGL,101,100,2,1000,1,0.472868,0.119739,0.17922
KCUD,101,100,2,1500,1,0.376937,0.102829,0.121744
KCHOGL,101,100,2,1500,1,0.453721,0.126896,0.159685
