BA,1,90,2,600,0.13659,4
BAN,1,90,2,600,0.149277,4
BAUl,1,90,2,600,0.175663,4
BAUe,1,90,2,600,0.127695,4
BAUD,1,90,2,600,0.116312,3
KCA,1,90,2,600,0.044769,1
KCF,1,90,2,600,0.037974,1
KCRDK,1,90,2,600,0.085403,3
KCRDKL,1,90,2,600,0.059662,2
KCUl,1,90,2,600,0.158887,3
KCUe,1,90,2,600,0.067662,3
KCUD,1,90,2,600,0.052179,2
KCOG,1,90,2,600,0.056681,2
KCOGL,1,90,2,600,0.059987,2
BA,21,90,2,600,0.695373,10
BAN,21,90,2,600,1.01286,11
BAUl,21,90,2,600,0.668868,10
BAUe,21,90,2,600,0.555986,9
BAUD,21,90,2,600,1.53127,9
KCA,21,90,2,600,0.249641,1
KCF,21,90,2,600,0.231973,1
KCRDK,21,90,2,600,0.067458,1
KCRDKL,21,90,2,600,0.068765,1
KCUl,21,90,2,600,0.053498,1
KCUe,21,90,2,600,0.050255,1
KCUD,21,90,2,600,0.062423,1
KCOG,21,90,2,600,0.07293,1
KCOGL,21,90,2,600,0.070558,1
BA,41,90,2,600,0.818794,10
BAN,41,90,2,600,0.801572,9
BAUl,41,90,2,600,0.752638,10
BAUe,41,90,2,600,0.869708,11
BAUD,41,90,2,600,1.35393,10
KCA,41,90,2,600,0.731672,1
KCF,41,90,2,600,0.669974,1
KCRDK,41,90,2,600,0.140229,1
KCRDKL,41,90,2,600,0.144083,1
KCUl,41,90,2,600,0.094288,1
KCUe,41,90,2,600,0.098256,1
KCUD,41,90,2,600,0.101216,1
KCOG,41,90,2,600,0.141939,1
KCOGL,41,90,2,600,0.141897,1
BA,61,90,2,600,0.929989,10
BAN,61,90,2,600,1.03338,10
BAUl,61,90,2,600,0.777902,10
BAUe,61,90,2,600,0.944456,11
BAUD,61,90,2,600,1.40112,10
KCA,61,90,2,600,1.25032,1
KCF,61,90,2,600,1.34575,1
KCRDK,61,90,2,600,0.242668,1
KCRDKL,61,90,2,600,0.252535,1
KCUl,61,90,2,600,0.158882,1
KCUe,61,90,2,600,0.158553,1
KCUD,61,90,2,600,0.166366,1
KCOG,61,90,2,600,0.225912,1
KCOGL,61,90,2,600,0.230223,1
BA,81,90,2,600,1.26516,10
BAN,81,90,2,600,1.14479,9
BAUl,81,90,2,600,1.02154,10
BAUe,81,90,2,600,0.971464,10
BAUD,81,90,2,600,1.07699,8
KCA,81,90,2,600,2.89538,1
KCF,81,90,2,600,2.35016,1
KCRDK,81,90,2,600,0.389184,1
KCRDKL,81,90,2,600,0.380605,1
KCUl,81,90,2,600,0.251039,1
KCUe,81,90,2,600,0.250431,1
KCUD,81,90,2,600,0.258126,1
KCOG,81,90,2,600,0.390132,1
KCOGL,81,90,2,600,0.355596,1
BA,101,90,2,600,1.58688,10
BAN,101,90,2,600,1.31237,10
BAUl,101,90,2,600,1.21167,10
BAUe,101,90,2,600,1.02279,10
BAUD,101,90,2,600,1.32646,9
KCA,101,90,2,600,4.60434,1
KCF,101,90,2,600,3.6755,1
KCRDK,101,90,2,600,0.569471,1
KCRDKL,101,90,2,600,0.545747,1
KCUl,101,90,2,600,0.378606,1
KCUe,101,90,2,600,0.381862,1
KCUD,101,90,2,600,0.382356,1
KCOG,101,90,2,600,0.581974,1
KCOGL,101,90,2,600,0.563492,1
BA,1,90,2,600,0.175871,4
BAN,1,90,2,600,0.175357,4
BAUl,1,90,2,600,0.102689,4
BAUe,1,90,2,600,0.117499,4
BAUD,1,90,2,600,0.108463,3
KCA,1,90,2,600,0.03568,1
KCF,1,90,2,600,0.034268,1
KCRDK,1,90,2,600,0.052106,2
KCRDKL,1,90,2,600,0.054654,2
KCUl,1,90,2,600,0.079047,3
KCUe,1,90,2,600,0.079668,3
KCUD,1,90,2,600,0.051447,2
KCOG,1,90,2,600,0.053738,2
KCOGL,1,90,2,600,0.063504,2
BA,21,90,2,600,0.71341,9
BAN,21,90,2,600,0.533258,7
BAUl,21,90,2,600,0.694636,9
BAUe,21,90,2,600,0.580375,8
BAUD,21,90,2,600,0.869543,8
KCA,21,90,2,600,0.208452,1
KCF,21,90,2,600,0.196543,1
KCRDK,21,90,2,600,0.073608,1
KCRDKL,21,90,2,600,0.072103,1
KCUl,21,90,2,600,0.049563,1
KCUe,21,90,2,600,0.049498,1
KCUD,21,90,2,600,0.054197,1
KCOG,21,90,2,600,0.072152,1
KCOGL,21,90,2,600,0.067555,1
BA,41,90,2,600,0.840309,9
BAN,41,90,2,600,0.878607,9
BAUl,41,90,2,600,0.796509,9
BAUe,41,90,2,600,0.564942,8
BAUD,41,90,2,600,0.967913,8
KCA,41,90,2,600,0.700788,1
KCF,41,90,2,600,0.617037,1
KCRDK,41,90,2,600,0.14397,1
KCRDKL,41,90,2,600,0.131231,1
KCUl,41,90,2,600,0.091639,1
KCUe,41,90,2,600,0.095562,1
KCUD,41,90,2,600,0.09642,1
KCOG,41,90,2,600,0.122427,1
KCOGL,41,90,2,600,0.138631,1
BA,61,90,2,600,0.796646,8
BAN,61,90,2,600,1.40287,11
BAUl,61,90,2,600,0.691135,8
BAUe,61,90,2,600,0.611261,7
BAUD,61,90,2,600,0.779457,7
KCA,61,90,2,600,1.27202,1
KCF,61,90,2,600,1.23632,1
KCRDK,61,90,2,600,0.244148,1
KCRDKL,61,90,2,600,0.243882,1
KCUl,61,90,2,600,0.160307,1
KCUe,61,90,2,600,0.160439,1
KCUD,61,90,2,600,0.163979,1
KCOG,61,90,2,600,0.235438,1
KCOGL,61,90,2,600,0.236302,1
BA,81,90,2,600,1.42609,10
BAN,81,90,2,600,1.28037,10
BAUl,81,90,2,600,1.17732,10
BAUe,81,90,2,600,0.664114,7
BAUD,81,90,2,600,0.830742,7
KCA,81,90,2,600,2.39889,1
KCF,81,90,2,600,2.02338,1
KCRDK,81,90,2,600,0.342144,1
KCRDKL,81,90,2,600,0.378156,1
KCUl,81,90,2,600,0.253422,1
KCUe,81,90,2,600,0.25314,1
KCUD,81,90,2,600,0.259838,1
KCOG,81,90,2,600,0.396362,1
KCOGL,81,90,2,600,0.363311,1
BA,101,90,2,600,1.3616,9
BAN,101,90,2,600,0.957035,8
BAUl,101,90,2,600,1.03837,9
BAUe,101,90,2,600,1.75534,11
BAUD,101,90,2,600,1.33548,8
KCA,101,90,2,600,3.5403,1
KCF,101,90,2,600,2.75422,1
KCRDK,101,90,2,600,0.573425,1
KCRDKL,101,90,2,600,0.57516,1
KCUl,101,90,2,600,0.373228,1
KCUe,101,90,2,600,0.369421,1
KCUD,101,90,2,600,0.381584,1
KCOG,101,90,2,600,0.525038,1
KCOGL,101,90,2,600,0.502611,1
BA,1,90,2,600,0.0646,3
BAN,1,90,2,600,0.068712,3
BAUl,1,90,2,600,0.067074,3
BAUe,1,90,2,600,0.061843,3
BAUD,1,90,2,600,0.067496,3
KCA,1,90,2,600,0.029257,1
KCF,1,90,2,600,0.026943,1
KCRDK,1,90,2,600,0.027872,1
KCRDKL,1,90,2,600,0.027563,1
KCUl,1,90,2,600,0.02542,1
KCUe,1,90,2,600,0.029953,1
KCUD,1,90,2,600,0.026948,1
KCOG,1,90,2,600,0.029528,1
KCOGL,1,90,2,600,0.029503,1
BA,21,90,2,600,0.077561,3
BAN,21,90,2,600,0.079409,3
BAUl,21,90,2,600,0.075034,3
BAUe,21,90,2,600,0.548541,9
BAUD,21,90,2,600,0.088858,3
KCA,21,90,2,600,0.23045,1
KCF,21,90,2,600,0.23595,1
KCRDK,21,90,2,600,0.067425,1
KCRDKL,21,90,2,600,0.058149,1
KCUl,21,90,2,600,0.044357,1
KCUe,21,90,2,600,0.392156,9
KCUD,21,90,2,600,0.050824,1
KCOG,21,90,2,600,0.060658,1
KCOGL,21,90,2,600,0.070474,1
BA,41,90,2,600,0.115031,3
BAN,41,90,2,600,0.099629,3
BAUl,41,90,2,600,0.08533,3
BAUe,41,90,2,600,0.605113,9
BAUD,41,90,2,600,0.142317,3
KCA,41,90,2,600,1.32705,1
KCF,41,90,2,600,0.837896,1
KCRDK,41,90,2,600,0.130566,1
KCRDKL,41,90,2,600,0.135254,1
KCUl,41,90,2,600,0.095471,1
KCUe,41,90,2,600,0.422635,5
KCUD,41,90,2,600,0.09798,1
KCOG,41,90,2,600,0.144708,1
KCOGL,41,90,2,600,0.121831,1
BA,61,90,2,600,0.153968,3
BAN,61,90,2,600,0.117692,3
BAUl,61,90,2,600,0.11546,3
BAUe,61,90,2,600,0.734157,9
BAUD,61,90,2,600,0.138529,3
KCA,61,90,2,600,2.60869,1
KCF,61,90,2,600,1.68655,1
KCRDK,61,90,2,600,0.232422,1
KCRDKL,61,90,2,600,0.240827,1
KCUl,61,90,2,600,0.156555,1
KCUe,61,90,2,600,1.09871,9
KCUD,61,90,2,600,0.161996,1
KCOG,61,90,2,600,0.250862,1
KCOGL,61,90,2,600,0.237213,1
BA,81,90,2,600,0.411617,5
BAN,81,90,2,600,0.315046,5
BAUl,81,90,2,600,0.287677,5
BAUe,81,90,2,600,0.386278,6
BAUD,81,90,2,600,0.180986,3
KCA,81,90,2,600,4.88617,1
KCF,81,90,2,600,7.16203,1
KCRDK,81,90,2,600,0.90955,3
KCRDKL,81,90,2,600,0.628946,2
KCUl,81,90,2,600,0.576942,3
KCUe,81,90,2,600,0.778387,4
KCUD,81,90,2,600,0.434643,2
KCOG,81,90,2,600,0.819873,3
KCOGL,81,90,2,600,0.595907,2
BA,101,90,2,600,0.533974,5
BAN,101,90,2,600,0.368186,5
BAUl,101,90,2,600,0.346174,5
BAUe,101,90,2,600,0.468031,6
BAUD,101,90,2,600,0.200229,3
KCA,101,90,2,600,7.22394,1
KCF,101,90,2,600,6.82627,1
KCRDK,101,90,2,600,1.23522,3
KCRDKL,101,90,2,600,0.875827,2
KCUl,101,90,2,600,0.850436,3
KCUe,101,90,2,600,1.13182,4
KCUD,101,90,2,600,0.632878,2
KCOG,101,90,2,600,1.17202,3
KCOGL,101,90,2,600,0.853274,2
BA,1,90,2,600,0.114831,4
BAN,1,90,2,600,0.124303,4
BAUl,1,90,2,600,0.107434,4
BAUe,1,90,2,600,0.105253,4
BAUD,1,90,2,600,0.084134,3
KCA,1,90,2,600,0.052621,2
KCF,1,90,2,600,0.046097,2
KCRDK,1,90,2,600,0.053455,3
KCRDKL,1,90,2,600,0.059672,3
KCUl,1,90,2,600,0.04889,3
KCUe,1,90,2,600,0.087141,3
KCUD,1,90,2,600,0.042411,2
KCOG,1,90,2,600,0.060586,3
KCOGL,1,90,2,600,0.058661,3
BA,21,90,2,600,2.69784,16
BAN,21,90,2,600,2.94324,16
BAUl,21,90,2,600,2.74332,16
BAUe,21,90,2,600,2.44739,15
BAUD,21,90,2,600,4.2622,14
KCA,21,90,2,600,0.21616,1
KCF,21,90,2,600,0.245179,1
KCRDK,21,90,2,600,0.071333,1
KCRDKL,21,90,2,600,0.070819,1
KCUl,21,90,2,600,0.059413,1
KCUe,21,90,2,600,0.048738,1
KCUD,21,90,2,600,0.062873,1
KCOG,21,90,2,600,0.070728,1
KCOGL,21,90,2,600,0.065662,1
BA,41,90,2,600,2.72397,15
BAN,41,90,2,600,3.17405,15
BAUl,41,90,2,600,2.57404,15
BAUe,41,90,2,600,2.69433,15
BAUD,41,90,2,600,5.16698,15
KCA,41,90,2,600,0.485023,1
KCF,41,90,2,600,0.463271,1
KCRDK,41,90,2,600,0.142367,1
KCRDKL,41,90,2,600,0.144014,1
KCUl,41,90,2,600,0.089281,1
KCUe,41,90,2,600,0.090425,1
KCUD,41,90,2,600,0.10517,1
KCOG,41,90,2,600,0.140176,1
KCOGL,41,90,2,600,0.137964,1
BA,61,90,2,600,2.89776,16
BAN,61,90,2,600,2.97825,16
BAUl,61,90,2,600,2.71769,16
BAUe,61,90,2,600,2.70427,15
BAUD,61,90,2,600,4.37489,14
KCA,61,90,2,600,1.0421,1
KCF,61,90,2,600,0.904485,1
KCRDK,61,90,2,600,0.245602,1
KCRDKL,61,90,2,600,0.24077,1
KCUl,61,90,2,600,0.158366,1
KCUe,61,90,2,600,0.158551,1
KCUD,61,90,2,600,0.165966,1
KCOG,61,90,2,600,0.242736,1
KCOGL,61,90,2,600,0.235583,1
BA,81,90,2,600,3.60795,16
BAN,81,90,2,600,3.78,16
BAUl,81,90,2,600,3.31512,16
BAUe,81,90,2,600,2.93532,15
BAUD,81,90,2,600,7.10363,17
KCA,81,90,2,600,1.89316,1
KCF,81,90,2,600,1.74987,1
KCRDK,81,90,2,600,0.364094,1
KCRDKL,81,90,2,600,0.36886,1
KCUl,81,90,2,600,0.280943,1
KCUe,81,90,2,600,0.262424,1
KCUD,81,90,2,600,0.26474,1
KCOG,81,90,2,600,0.378419,1
KCOGL,81,90,2,600,0.337735,1
BA,101,90,2,600,3.70158,15
BAN,101,90,2,600,3.516,15
BAUl,101,90,2,600,3.25442,15
BAUe,101,90,2,600,2.87601,15
BAUD,101,90,2,600,6.51222,16
KCA,101,90,2,600,3.03891,1
KCF,101,90,2,600,2.9191,1
KCRDK,101,90,2,600,0.599911,1
KCRDKL,101,90,2,600,0.558797,1
KCUl,101,90,2,600,0.364767,1
KCUe,101,90,2,600,0.364483,1
KCUD,101,90,2,600,0.374679,1
KCOG,101,90,2,600,0.538853,1
KCOGL,101,90,2,600,0.491497,1
BA,1,90,2,600,0.067845,3
BAN,1,90,2,600,0.06762,3
BAUl,1,90,2,600,0.061741,3
BAUe,1,90,2,600,0.062183,3
BAUD,1,90,2,600,0.072603,3
KCA,1,90,2,600,0.050503,2
KCF,1,90,2,600,0.044886,2
KCRDK,1,90,2,600,0.047273,2
KCRDKL,1,90,2,600,0.034889,2
KCUl,1,90,2,600,0.033697,2
KCUe,1,90,2,600,0.047394,2
KCUD,1,90,2,600,0.044551,2
KCOG,1,90,2,600,0.040062,2
KCOGL,1,90,2,600,0.048462,2
BA,21,90,2,600,4.43256,17
BAN,21,90,2,600,6.12119,17
BAUl,21,90,2,600,4.53469,17
BAUe,21,90,2,600,4.25746,17
BAUD,21,90,2,600,8.15271,16
KCA,21,90,2,600,0.182919,1
KCF,21,90,2,600,0.258028,1
KCRDK,21,90,2,600,0.071051,1
KCRDKL,21,90,2,600,0.072367,1
KCUl,21,90,2,600,0.046675,1
KCUe,21,90,2,600,0.046406,1
KCUD,21,90,2,600,0.055485,1
KCOG,21,90,2,600,0.067485,1
KCOGL,21,90,2,600,0.067959,1
BA,41,90,2,600,5.72741,18
BAN,41,90,2,600,7.29318,17
BAUl,41,90,2,600,5.334,18
BAUe,41,90,2,600,4.76803,17
BAUD,41,90,2,600,6.96639,15
KCA,41,90,2,600,0.417457,1
KCF,41,90,2,600,0.413238,1
KCRDK,41,90,2,600,0.142674,1
KCRDKL,41,90,2,600,0.142433,1
KCUl,41,90,2,600,0.091414,1
KCUe,41,90,2,600,0.091666,1
KCUD,41,90,2,600,0.098743,1
KCOG,41,90,2,600,0.131481,1
KCOGL,41,90,2,600,0.129193,1
BA,61,90,2,600,4.94645,17
BAN,61,90,2,600,8.40916,17
BAUl,61,90,2,600,4.70944,17
BAUe,61,90,2,600,5.17628,17
BAUD,61,90,2,600,9.98217,17
KCA,61,90,2,600,0.808089,1
KCF,61,90,2,600,0.821666,1
KCRDK,61,90,2,600,0.241722,1
KCRDKL,61,90,2,600,0.243008,1
KCUl,61,90,2,600,0.160185,1
KCUe,61,90,2,600,0.156691,1
KCUD,61,90,2,600,0.174549,1
KCOG,61,90,2,600,0.234565,1
KCOGL,61,90,2,600,0.25409,1
BA,81,90,2,600,5.82881,17
BAN,81,90,2,600,6.67507,17
BAUl,81,90,2,600,5.24193,17
BAUe,81,90,2,600,5.1966,17
BAUD,81,90,2,600,9.92565,17
KCA,81,90,2,600,1.20608,1
KCF,81,90,2,600,1.19028,1
KCRDK,81,90,2,600,0.38091,1
KCRDKL,81,90,2,600,0.395555,1
KCUl,81,90,2,600,0.249838,1
KCUe,81,90,2,600,0.250994,1
KCUD,81,90,2,600,0.253827,1
KCOG,81,90,2,600,0.40193,1
KCOGL,81,90,2,600,0.391243,1
BA,101,90,2,600,5.4147,17
BAN,101,90,2,600,7.47943,17
BAUl,101,90,2,600,4.9677,17
BAUe,101,90,2,600,5.12408,17
BAUD,101,90,2,600,12.5845,18
KCA,101,90,2,600,2.57611,1
KCF,101,90,2,600,2.11942,1
KCRDK,101,90,2,600,0.544553,1
KCRDKL,101,90,2,600,0.576693,1
KCUl,101,90,2,600,0.365069,1
KCUe,101,90,2,600,0.365284,1
KCUD,101,90,2,600,0.364911,1
KCOG,101,90,2,600,0.521096,1
KCOGL,101,90,2,600,0.499145,1
BA,1,90,2,600,0.035789,2
BAN,1,90,2,600,0.040159,2
BAUl,1,90,2,600,0.053091,2
BAUe,1,90,2,600,0.034463,2
BAUD,1,90,2,600,0.036661,2
KCA,1,90,2,600,0.035617,1
KCF,1,90,2,600,0.033232,1
KCRDK,1,90,2,600,0.027712,1
KCRDKL,1,90,2,600,0.032037,1
KCUl,1,90,2,600,0.042503,1
KCUe,1,90,2,600,0.029938,1
KCUD,1,90,2,600,0.033206,1
KCOG,1,90,2,600,0.030707,1
KCOGL,1,90,2,600,0.040005,1
BA,21,90,2,600,0.044951,2
BAN,21,90,2,600,0.040592,2
BAUl,21,90,2,600,0.053302,2
BAUe,21,90,2,600,1.11237,12
BAUD,21,90,2,600,0.040239,2
KCA,21,90,2,600,0.263648,1
KCF,21,90,2,600,0.234641,1
KCRDK,21,90,2,600,0.065339,1
KCRDKL,21,90,2,600,0.064398,1
KCUl,21,90,2,600,0.046595,1
KCUe,21,90,2,600,0.450012,11
KCUD,21,90,2,600,0.06291,1
KCOG,21,90,2,600,0.068672,1
KCOGL,21,90,2,600,0.060282,1
BA,41,90,2,600,0.064079,2
BAN,41,90,2,600,0.054911,2
BAUl,41,90,2,600,0.04998,2
BAUe,41,90,2,600,0.851171,11
BAUD,41,90,2,600,0.050414,2
KCA,41,90,2,600,1.03562,1
KCF,41,90,2,600,0.841106,1
KCRDK,41,90,2,600,0.144385,1
KCRDKL,41,90,2,600,0.133293,1
KCUl,41,90,2,600,0.087831,1
KCUe,41,90,2,600,0.71988,10
KCUD,41,90,2,600,0.095249,1
KCOG,41,90,2,600,0.127973,1
KCOGL,41,90,2,600,0.128458,1
BA,61,90,2,600,0.102005,2
BAN,61,90,2,600,0.16461,2
BAUl,61,90,2,600,0.086029,2
BAUe,61,90,2,600,1.06317,12
BAUD,61,90,2,600,0.073055,2
KCA,61,90,2,600,2.58133,1
KCF,61,90,2,600,2.3807,1
KCRDK,61,90,2,600,0.255747,1
KCRDKL,61,90,2,600,0.263258,1
KCUl,61,90,2,600,0.168854,1
KCUe,61,90,2,600,1.07492,9
KCUD,61,90,2,600,0.166589,1
KCOG,61,90,2,600,0.217934,1
KCOGL,61,90,2,600,0.234717,1
BA,81,90,2,600,0.135074,2
BAN,81,90,2,600,0.087356,2
BAUl,81,90,2,600,0.089734,2
BAUe,81,90,2,600,0.138021,3
BAUD,81,90,2,600,0.088394,2
KCA,81,90,2,600,4.08901,1
KCF,81,90,2,600,4.40109,1
KCRDK,81,90,2,600,0.407779,1
KCRDKL,81,90,2,600,0.388538,1
KCUl,81,90,2,600,0.249999,1
KCUe,81,90,2,600,0.421763,2
KCUD,81,90,2,600,0.255353,1
KCOG,81,90,2,600,0.334603,1
KCOGL,81,90,2,600,0.360243,1
BA,101,90,2,600,0.187894,2
BAN,101,90,2,600,0.113274,2
BAUl,101,90,2,600,0.110785,2
BAUe,101,90,2,600,0.17683,3
BAUD,101,90,2,600,0.114882,2
KCA,101,90,2,600,11.3785,1
KCF,101,90,2,600,7.00652,1
KCRDK,101,90,2,600,0.56848,1
KCRDKL,101,90,2,600,0.520346,1
KCUl,101,90,2,600,0.368488,1
KCUe,101,90,2,600,0.621425,2
KCUD,101,90,2,600,0.38038,1
KCOG,101,90,2,600,0.526228,1
KCOGL,101,90,2,600,0.501069,1
BA,1,90,2,600,0.068204,3
BAN,1,90,2,600,0.069336,3
BAUl,1,90,2,600,0.071565,3
BAUe,1,90,2,600,0.072359,3
BAUD,1,90,2,600,0.074867,3
KCA,1,90,2,600,0.045736,1
KCF,1,90,2,600,0.032043,1
KCRDK,1,90,2,600,0.040498,1
KCRDKL,1,90,2,600,0.030835,1
KCUl,1,90,2,600,0.027787,1
KCUe,1,90,2,600,0.030114,1
KCUD,1,90,2,600,0.038251,1
KCOG,1,90,2,600,0.032932,1
KCOGL,1,90,2,600,0.031968,1
BA,21,90,2,600,0.080832,3
BAN,21,90,2,600,0.082832,3
BAUl,21,90,2,600,0.073078,3
BAUe,21,90,2,600,0.349056,7
BAUD,21,90,2,600,0.114486,3
KCA,21,90,2,600,0.223302,1
KCF,21,90,2,600,0.20303,1
KCRDK,21,90,2,600,0.059642,1
KCRDKL,21,90,2,600,0.066402,1
KCUl,21,90,2,600,0.048052,1
KCUe,21,90,2,600,0.089095,2
KCUD,21,90,2,600,0.056381,1
KCOG,21,90,2,600,0.067358,1
KCOGL,21,90,2,600,0.068233,1
BA,41,90,2,600,0.11275,3
BAN,41,90,2,600,0.09384,3
BAUl,41,90,2,600,0.093603,3
BAUe,41,90,2,600,0.377555,7
BAUD,41,90,2,600,0.1139,3
KCA,41,90,2,600,0.780253,1
KCF,41,90,2,600,0.669588,1
KCRDK,41,90,2,600,0.142077,1
KCRDKL,41,90,2,600,0.1394,1
KCUl,41,90,2,600,0.090557,1
KCUe,41,90,2,600,0.235524,3
KCUD,41,90,2,600,0.099782,1
KCOG,41,90,2,600,0.140934,1
KCOGL,41,90,2,600,0.135367,1
BA,61,90,2,600,0.160533,3
BAN,61,90,2,600,0.118376,3
BAUl,61,90,2,600,0.113315,3
BAUe,61,90,2,600,0.401484,7
BAUD,61,90,2,600,0.132383,3
KCA,61,90,2,600,1.96852,1
KCF,61,90,2,600,1.74034,1
KCRDK,61,90,2,600,0.248629,1
KCRDKL,61,90,2,600,0.247721,1
KCUl,61,90,2,600,0.159871,1
KCUe,61,90,2,600,0.378313,3
KCUD,61,90,2,600,0.166681,1
KCOG,61,90,2,600,0.250922,1
KCOGL,61,90,2,600,0.246291,1
BA,81,90,2,600,0.300386,4
BAN,81,90,2,600,0.222609,4
BAUl,81,90,2,600,0.202476,4
BAUe,81,90,2,600,0.387236,6
BAUD,81,90,2,600,0.164783,3
KCA,81,90,2,600,3.1402,1
KCF,81,90,2,600,3.06463,1
KCRDK,81,90,2,600,0.630965,2
KCRDKL,81,90,2,600,0.38027,1
KCUl,81,90,2,600,0.435534,2
KCUe,81,90,2,600,0.432967,2
KCUD,81,90,2,600,0.426043,2
KCOG,81,90,2,600,0.607335,2
KCOGL,81,90,2,600,0.388575,1
BA,101,90,2,600,0.41325,4
BAN,101,90,2,600,0.267874,4
BAUl,101,90,2,600,0.255178,4
BAUe,101,90,2,600,0.477468,6
BAUD,101,90,2,600,0.230336,3
KCA,101,90,2,600,4.76265,1
KCF,101,90,2,600,3.72832,1
KCRDK,101,90,2,600,1.00679,2
KCRDKL,101,90,2,600,0.886093,2
KCUl,101,90,2,600,0.610901,2
KCUe,101,90,2,600,0.86267,3
KCUD,101,90,2,600,0.621702,2
KCOG,101,90,2,600,0.880071,2
KCOGL,101,90,2,600,0.87945,2
BA,1,90,2,600,0.062056,3
BAN,1,90,2,600,0.06969,3
BAUl,1,90,2,600,0.062949,3
BAUe,1,90,2,600,0.06309,3
BAUD,1,90,2,600,0.076163,3
KCA,1,90,2,600,0.0272,1
KCF,1,90,2,600,0.027823,1
KCRDK,1,90,2,600,0.035595,1
KCRDKL,1,90,2,600,0.027965,1
KCUl,1,90,2,600,0.0252,1
KCUe,1,90,2,600,0.023856,1
KCUD,1,90,2,600,0.024394,1
KCOG,1,90,2,600,0.028978,1
KCOGL,1,90,2,600,0.029225,1
BA,21,90,2,600,0.175595,5
BAN,21,90,2,600,0.189891,5
BAUl,21,90,2,600,0.167871,5
BAUe,21,90,2,600,0.341806,6
BAUD,21,90,2,600,0.149057,3
KCA,21,90,2,600,0.245015,1
KCF,21,90,2,600,0.212171,1
KCRDK,21,90,2,600,0.094208,2
KCRDKL,21,90,2,600,0.103128,2
KCUl,21,90,2,600,0.072065,2
KCUe,21,90,2,600,0.261819,6
KCUD,21,90,2,600,0.09224,2
KCOG,21,90,2,600,0.108048,2
KCOGL,21,90,2,600,0.101497,2
BA,41,90,2,600,0.254586,5
BAN,41,90,2,600,0.251737,5
BAUl,41,90,2,600,0.215594,5
BAUe,41,90,2,600,0.636252,7
BAUD,41,90,2,600,0.165552,3
KCA,41,90,2,600,0.950903,1
KCF,41,90,2,600,0.807972,1
KCRDK,41,90,2,600,0.210502,2
KCRDKL,41,90,2,600,0.211124,2
KCUl,41,90,2,600,0.145667,2
KCUe,41,90,2,600,0.225902,3
KCUD,41,90,2,600,0.168367,2
KCOG,41,90,2,600,0.217826,2
KCOGL,41,90,2,600,0.193071,2
BA,61,90,2,600,0.341693,5
BAN,61,90,2,600,0.284243,5
BAUl,61,90,2,600,0.266018,5
BAUe,61,90,2,600,2.03652,12
BAUD,61,90,2,600,0.185482,3
KCA,61,90,2,600,2.93511,1
KCF,61,90,2,600,2.03812,1
KCRDK,61,90,2,600,0.380398,2
KCRDKL,61,90,2,600,0.376393,2
KCUl,61,90,2,600,0.259816,2
KCUe,61,90,2,600,0.389581,3
KCUD,61,90,2,600,0.277126,2
KCOG,61,90,2,600,0.367152,2
KCOGL,61,90,2,600,0.370098,2
BA,81,90,2,600,0.336301,4
BAN,81,90,2,600,0.250707,4
BAUl,81,90,2,600,0.234439,4
BAUe,81,90,2,600,1.11123,9
BAUD,81,90,2,600,0.390614,4
KCA,81,90,2,600,3.6304,1
KCF,81,90,2,600,3.20725,1
KCRDK,81,90,2,600,0.643559,2
KCRDKL,81,90,2,600,0.591272,2
KCUl,81,90,2,600,0.411521,2
KCUe,81,90,2,600,0.599931,3
KCUD,81,90,2,600,0.428483,2
KCOG,81,90,2,600,0.593647,2
KCOGL,81,90,2,600,0.546987,2
BA,101,90,2,600,0.444246,4
BAN,101,90,2,600,0.30794,4
BAUl,101,90,2,600,0.292147,4
BAUe,101,90,2,600,1.79768,11
BAUD,101,90,2,600,0.357976,4
KCA,101,90,2,600,9.2371,1
KCF,101,90,2,600,5.72363,1
KCRDK,101,90,2,600,0.908817,2
KCRDKL,101,90,2,600,0.894888,2
KCUl,101,90,2,600,0.626482,2
KCUe,101,90,2,600,0.873776,3
KCUD,101,90,2,600,0.635786,2
KCOG,101,90,2,600,0.886531,2
KCOGL,101,90,2,600,0.886391,2
BA,1,90,2,600,0.072458,3
BAN,1,90,2,600,0.073998,3
BAUl,1,90,2,600,0.063619,3
BAUe,1,90,2,600,0.067746,3
BAUD,1,90,2,600,0.082384,3
KCA,1,90,2,600,0.048686,2
KCF,1,90,2,600,0.051853,2
KCRDK,1,90,2,600,0.042764,2
KCRDKL,1,90,2,600,0.044846,2
KCUl,1,90,2,600,0.043855,2
KCUe,1,90,2,600,0.046921,2
KCUD,1,90,2,600,0.049184,2
KCOG,1,90,2,600,0.043654,2
KCOGL,1,90,2,600,0.043107,2
BA,21,90,2,600,4.11869,17
BAN,21,90,2,600,4.77345,17
BAUl,21,90,2,600,4.29381,17
BAUe,21,90,2,600,4.51901,17
BAUD,21,90,2,600,7.91779,16
KCA,21,90,2,600,0.175157,1
KCF,21,90,2,600,0.17685,1
KCRDK,21,90,2,600,0.071234,1
KCRDKL,21,90,2,600,0.074697,1
KCUl,21,90,2,600,0.050576,1
KCUe,21,90,2,600,0.052177,1
KCUD,21,90,2,600,0.05978,1
KCOG,21,90,2,600,0.069836,1
KCOGL,21,90,2,600,0.070638,1
BA,41,90,2,600,5.2052,17
BAN,41,90,2,600,5.31007,17
BAUl,41,90,2,600,5.08767,17
BAUe,41,90,2,600,4.78729,17
BAUD,41,90,2,600,8.4392,15
KCA,41,90,2,600,0.468268,1
KCF,41,90,2,600,0.396044,1
KCRDK,41,90,2,600,0.146584,1
KCRDKL,41,90,2,600,0.144139,1
KCUl,41,90,2,600,0.093679,1
KCUe,41,90,2,600,0.096269,1
KCUD,41,90,2,600,0.102837,1
KCOG,41,90,2,600,0.135583,1
KCOGL,41,90,2,600,0.136301,1
BA,61,90,2,600,5.91249,17
BAN,61,90,2,600,5.58087,17
BAUl,61,90,2,600,5.39062,17
BAUe,61,90,2,600,5.67783,17
BAUD,61,90,2,600,10.0061,16
KCA,61,90,2,600,0.77584,1
KCF,61,90,2,600,0.751082,1
KCRDK,61,90,2,600,0.240895,1
KCRDKL,61,90,2,600,0.23965,1
KCUl,61,90,2,600,0.160632,1
KCUe,61,90,2,600,0.160173,1
KCUD,61,90,2,600,0.171393,1
KCOG,61,90,2,600,0.260319,1
KCOGL,61,90,2,600,0.236843,1
BA,81,90,2,600,5.94201,17
BAN,81,90,2,600,5.72477,17
BAUl,81,90,2,600,5.60884,17
BAUe,81,90,2,600,5.41015,17
BAUD,81,90,2,600,9.41377,16
KCA,81,90,2,600,1.71719,1
KCF,81,90,2,600,1.47137,1
KCRDK,81,90,2,600,0.377979,1
KCRDKL,81,90,2,600,0.436286,1
KCUl,81,90,2,600,0.267554,1
KCUe,81,90,2,600,0.271752,1
KCUD,81,90,2,600,0.28678,1
KCOG,81,90,2,600,0.385281,1
KCOGL,81,90,2,600,0.398107,1
BA,101,90,2,600,5.83165,17
BAN,101,90,2,600,5.96709,17
BAUl,101,90,2,600,5.25769,17
BAUe,101,90,2,600,5.75543,17
BAUD,101,90,2,600,8.68937,17
KCA,101,90,2,600,2.79338,1
KCF,101,90,2,600,2.27544,1
KCRDK,101,90,2,600,0.559353,1
KCRDKL,101,90,2,600,0.524671,1
KCUl,101,90,2,600,0.367861,1
KCUe,101,90,2,600,0.370239,1
KCUD,101,90,2,600,0.378167,1
KCOG,101,90,2,600,0.543567,1
KCOGL,101,90,2,600,0.559079,1
BA,1,90,2,600,0.072568,3
BAN,1,90,2,600,0.072929,3
BAUl,1,90,2,600,0.064012,3
BAUe,1,90,2,600,0.064145,3
BAUD,1,90,2,600,0.082016,3
KCA,1,90,2,600,0.047922,2
KCF,1,90,2,600,0.051176,2
KCRDK,1,90,2,600,0.050893,2
KCRDKL,1,90,2,600,0.0446,2
KCUl,1,90,2,600,0.042458,2
KCUe,1,90,2,600,0.045045,2
KCUD,1,90,2,600,0.047761,2
KCOG,1,90,2,600,0.04557,2
KCOGL,1,90,2,600,0.047228,2
BA,21,90,2,600,2.62788,14
BAN,21,90,2,600,2.9436,14
BAUl,21,90,2,600,2.7311,14
BAUe,21,90,2,600,2.54931,13
BAUD,21,90,2,600,4.70643,13
KCA,21,90,2,600,0.195226,1
KCF,21,90,2,600,0.27163,1
KCRDK,21,90,2,600,0.073246,1
KCRDKL,21,90,2,600,0.065539,1
KCUl,21,90,2,600,0.065086,1
KCUe,21,90,2,600,0.051345,1
KCUD,21,90,2,600,0.062527,1
KCOG,21,90,2,600,0.063855,1
KCOGL,21,90,2,600,0.065531,1
BA,41,90,2,600,2.49616,13
BAN,41,90,2,600,2.85416,13
BAUl,41,90,2,600,2.39757,13
BAUe,41,90,2,600,2.23526,13
BAUD,41,90,2,600,4.06223,12
KCA,41,90,2,600,0.492976,1
KCF,41,90,2,600,0.495662,1
KCRDK,41,90,2,600,0.139361,1
KCRDKL,41,90,2,600,0.14735,1
KCUl,41,90,2,600,0.096474,1
KCUe,41,90,2,600,0.0945,1
KCUD,41,90,2,600,0.102418,1
KCOG,41,90,2,600,0.147948,1
KCOGL,41,90,2,600,0.140462,1
BA,61,90,2,600,3.39461,14
BAN,61,90,2,600,2.83937,13
BAUl,61,90,2,600,3.22741,14
BAUe,61,90,2,600,3.67177,15
BAUD,61,90,2,600,5.31408,13
KCA,61,90,2,600,1.01602,1
KCF,61,90,2,600,0.893811,1
KCRDK,61,90,2,600,0.243575,1
KCRDKL,61,90,2,600,0.232298,1
KCUl,61,90,2,600,0.162576,1
KCUe,61,90,2,600,0.160571,1
KCUD,61,90,2,600,0.168918,1
KCOG,61,90,2,600,0.22005,1
KCOGL,61,90,2,600,0.234482,1
BA,81,90,2,600,4.01247,14
BAN,81,90,2,600,3.97259,14
BAUl,81,90,2,600,3.77375,14
BAUe,81,90,2,600,4.29188,14
BAUD,81,90,2,600,5.94326,13
KCA,81,90,2,600,1.82497,1
KCF,81,90,2,600,1.59326,1
KCRDK,81,90,2,600,0.388238,1
KCRDKL,81,90,2,600,0.439242,1
KCUl,81,90,2,600,0.265651,1
KCUe,81,90,2,600,0.264433,1
KCUD,81,90,2,600,0.266324,1
KCOG,81,90,2,600,0.387742,1
KCOGL,81,90,2,600,0.393554,1
BA,101,90,2,600,3.98566,13
BAN,101,90,2,600,3.67856,13
BAUl,101,90,2,600,3.56043,13
BAUe,101,90,2,600,4.63744,14
BAUD,101,90,2,600,9.81417,16
KCA,101,90,2,600,2.04099,1
KCF,101,90,2,600,1.63062,1
KCRDK,101,90,2,600,0.580743,1
KCRDKL,101,90,2,600,0.555403,1
KCUl,101,90,2,600,0.371856,1
KCUe,101,90,2,600,0.368826,1
KCUD,101,90,2,600,0.377041,1
KCOG,101,90,2,600,0.507529,1
KCOGL,101,90,2,600,0.54809,1
BA,1,90,2,600,0.029607,2
BAN,1,90,2,600,0.037073,2
BAUl,1,90,2,600,0.028349,2
BAUe,1,90,2,600,0.060599,3
BAUD,1,90,2,600,0.037279,2
KCA,1,90,2,600,0.032843,1
KCF,1,90,2,600,0.031592,1
KCRDK,1,90,2,600,0.024786,1
KCRDKL,1,90,2,600,0.027905,1
KCUl,1,90,2,600,0.024858,1
KCUe,1,90,2,600,0.045372,2
KCUD,1,90,2,600,0.032123,1
KCOG,1,90,2,600,0.032114,1
KCOGL,1,90,2,600,0.025981,1
BA,21,90,2,600,0.038061,2
BAN,21,90,2,600,0.036684,2
BAUl,21,90,2,600,0.037068,2
BAUe,21,90,2,600,0.070442,3
BAUD,21,90,2,600,0.04696,2
KCA,21,90,2,600,0.211677,1
KCF,21,90,2,600,0.196301,1
KCRDK,21,90,2,600,0.06295,1
KCRDKL,21,90,2,600,0.05728,1
KCUl,21,90,2,600,0.043174,1
KCUe,21,90,2,600,0.076575,2
KCUD,21,90,2,600,0.048668,1
KCOG,21,90,2,600,0.053262,1
KCOGL,21,90,2,600,0.059274,1
BA,41,90,2,600,0.065795,2
BAN,41,90,2,600,0.048133,2
BAUl,41,90,2,600,0.053372,2
BAUe,41,90,2,600,0.078724,3
BAUD,41,90,2,600,0.058117,2
KCA,41,90,2,600,0.806246,1
KCF,41,90,2,600,0.674432,1
KCRDK,41,90,2,600,0.130571,1
KCRDKL,41,90,2,600,0.135142,1
KCUl,41,90,2,600,0.086638,1
KCUe,41,90,2,600,0.149878,2
KCUD,41,90,2,600,0.097653,1
KCOG,41,90,2,600,0.132771,1
KCOGL,41,90,2,600,0.128021,1
BA,61,90,2,600,0.090208,2
BAN,61,90,2,600,0.06345,2
BAUl,61,90,2,600,0.058432,2
BAUe,61,90,2,600,0.102904,3
BAUD,61,90,2,600,0.074781,2
KCA,61,90,2,600,1.78168,1
KCF,61,90,2,600,1.69449,1
KCRDK,61,90,2,600,0.240398,1
KCRDKL,61,90,2,600,0.231436,1
KCUl,61,90,2,600,0.162559,1
KCUe,61,90,2,600,0.271096,2
KCUD,61,90,2,600,0.161069,1
KCOG,61,90,2,600,0.239569,1
KCOGL,61,90,2,600,0.236547,1
BA,81,90,2,600,0.131513,2
BAN,81,90,2,600,0.0839,2
BAUl,81,90,2,600,0.084516,2
BAUe,81,90,2,600,0.1364,3
BAUD,81,90,2,600,0.095428,2
KCA,81,90,2,600,3.90676,1
KCF,81,90,2,600,2.33834,1
KCRDK,81,90,2,600,0.392313,1
KCRDKL,81,90,2,600,0.371206,1
KCUl,81,90,2,600,0.251478,1
KCUe,81,90,2,600,0.421175,2
KCUD,81,90,2,600,0.252627,1
KCOG,81,90,2,600,0.391781,1
KCOGL,81,90,2,600,0.366557,1
BA,101,90,2,600,0.181141,2
BAN,101,90,2,600,0.107204,2
BAUl,101,90,2,600,0.10513,2
BAUe,101,90,2,600,0.170164,3
BAUD,101,90,2,600,0.119436,2
KCA,101,90,2,600,5.15726,1
KCF,101,90,2,600,4.60028,1
KCRDK,101,90,2,600,0.565089,1
KCRDKL,101,90,2,600,0.501034,1
KCUl,101,90,2,600,0.369191,1
KCUe,101,90,2,600,0.61352,2
KCUD,101,90,2,600,0.371234,1
KCOG,101,90,2,600,0.552248,1
KCOGL,101,90,2,600,0.539083,1
BA,1,90,2,600,0.066125,3
BAN,1,90,2,600,0.068503,3
BAUl,1,90,2,600,0.060632,3
BAUe,1,90,2,600,0.060252,3
BAUD,1,90,2,600,0.07584,3
KCA,1,90,2,600,0.027713,1
KCF,1,90,2,600,0.026561,1
KCRDK,1,90,2,600,0.026396,1
KCRDKL,1,90,2,600,0.042213,1
KCUl,1,90,2,600,0.025445,1
KCUe,1,90,2,600,0.026128,1
KCUD,1,90,2,600,0.026478,1
KCOG,1,90,2,600,0.027017,1
KCOGL,1,90,2,600,0.027911,1
BA,21,90,2,600,0.120579,4
BAN,21,90,2,600,0.125841,4
BAUl,21,90,2,600,0.115241,4
BAUe,21,90,2,600,0.253321,6
BAUD,21,90,2,600,0.105,3
KCA,21,90,2,600,0.202168,1
KCF,21,90,2,600,0.210532,1
KCRDK,21,90,2,600,0.105301,2
KCRDKL,21,90,2,600,0.106363,2
KCUl,21,90,2,600,0.078256,2
KCUe,21,90,2,600,0.08808,2
KCUD,21,90,2,600,0.084065,2
KCOG,21,90,2,600,0.1022,2
KCOGL,21,90,2,600,0.09148,2
BA,41,90,2,600,0.15909,4
BAN,41,90,2,600,0.14478,4
BAUl,41,90,2,600,0.127419,4
BAUe,41,90,2,600,0.271396,6
BAUD,41,90,2,600,0.118584,3
KCA,41,90,2,600,0.828852,1
KCF,41,90,2,600,0.646683,1
KCRDK,41,90,2,600,0.215315,2
KCRDKL,41,90,2,600,0.199461,2
KCUl,41,90,2,600,0.143197,2
KCUe,41,90,2,600,0.150191,2
KCUD,41,90,2,600,0.160536,2
KCOG,41,90,2,600,0.201547,2
KCOGL,41,90,2,600,0.214414,2
BA,61,90,2,600,0.229621,4
BAN,61,90,2,600,0.186741,4
BAUl,61,90,2,600,0.171336,4
BAUe,61,90,2,600,0.313877,6
BAUD,61,90,2,600,0.131747,3
KCA,61,90,2,600,1.43778,1
KCF,61,90,2,600,1.171,1
KCRDK,61,90,2,600,0.374551,2
KCRDKL,61,90,2,600,0.375198,2
KCUl,61,90,2,600,0.255614,2
KCUe,61,90,2,600,0.265418,2
KCUD,61,90,2,600,0.27795,2
KCOG,61,90,2,600,0.380296,2
KCOGL,61,90,2,600,0.394718,2
BA,81,90,2,600,0.309963,4
BAN,81,90,2,600,0.229088,4
BAUl,81,90,2,600,0.210129,4
BAUe,81,90,2,600,0.375087,6
BAUD,81,90,2,600,0.166281,3
KCA,81,90,2,600,2.4887,1
KCF,81,90,2,600,2.48027,1
KCRDK,81,90,2,600,0.658027,2
KCRDKL,81,90,2,600,0.628819,2
KCUl,81,90,2,600,0.415697,2
KCUe,81,90,2,600,0.583319,3
KCUD,81,90,2,600,0.42365,2
KCOG,81,90,2,600,0.608717,2
KCOGL,81,90,2,600,0.571249,2
BA,101,90,2,600,0.409691,4
BAN,101,90,2,600,0.273297,4
BAUl,101,90,2,600,0.257578,4
BAUe,101,90,2,600,0.461732,6
BAUD,101,90,2,600,0.207428,3
KCA,101,90,2,600,3.64036,1
KCF,101,90,2,600,3.41178,1
KCRDK,101,90,2,600,0.894257,2
KCRDKL,101,90,2,600,0.845318,2
KCUl,101,90,2,600,0.691376,2
KCUe,101,90,2,600,0.874922,3
KCUD,101,90,2,600,0.639533,2
KCOG,101,90,2,600,0.927679,2
KCOGL,101,90,2,600,0.867229,2
BA,1,90,2,600,0.076697,3
BAN,1,90,2,600,0.086198,3
BAUl,1,90,2,600,0.10227,3
BAUe,1,90,2,600,0.093281,3
BAUD,1,90,2,600,0.129312,3
KCA,1,90,2,600,0.128029,2
KCF,1,90,2,600,0.062825,2
KCRDK,1,90,2,600,0.050139,2
KCRDKL,1,90,2,600,0.054013,2
KCUl,1,90,2,600,0.046016,2
KCUe,1,90,2,600,0.055062,2
KCUD,1,90,2,600,0.060546,2
KCOG,1,90,2,600,0.051085,2
KCOGL,1,90,2,600,0.049246,2
BA,21,90,2,600,8.20133,22
BAN,21,90,2,600,8.31647,21
BAUl,21,90,2,600,8.40545,22
BAUe,21,90,2,600,7.32897,21
BAUD,21,90,2,600,16.1288,20
KCA,21,90,2,600,0.100045,1
KCF,21,90,2,600,0.091232,1
KCRDK,21,90,2,600,0.081628,1
KCRDKL,21,90,2,600,0.074115,1
KCUl,21,90,2,600,0.052938,1
KCUe,21,90,2,600,0.051561,1
KCUD,21,90,2,600,0.075125,1
KCOG,21,90,2,600,0.078423,1
KCOGL,21,90,2,600,0.071936,1
BA,41,90,2,600,9.13062,21
BAN,41,90,2,600,8.92553,21
BAUl,41,90,2,600,8.97888,21
BAUe,41,90,2,600,8.64026,21
BAUD,41,90,2,600,16.0334,19
KCA,41,90,2,600,0.191572,1
KCF,41,90,2,600,0.200597,1
KCRDK,41,90,2,600,0.149872,1
KCRDKL,41,90,2,600,0.134715,1
KCUl,41,90,2,600,0.100011,1
KCUe,41,90,2,600,0.096455,1
KCUD,41,90,2,600,0.096665,1
KCOG,41,90,2,600,0.138351,1
KCOGL,41,90,2,600,0.133118,1
BA,61,90,2,600,9.8354,21
BAN,61,90,2,600,10.6921,22
BAUl,61,90,2,600,9.21773,21
BAUe,61,90,2,600,10.2265,22
BAUD,61,90,2,600,16.5329,19
KCA,61,90,2,600,0.371209,1
KCF,61,90,2,600,0.348576,1
KCRDK,61,90,2,600,0.266162,1
KCRDKL,61,90,2,600,0.250832,1
KCUl,61,90,2,600,0.164841,1
KCUe,61,90,2,600,0.165499,1
KCUD,61,90,2,600,0.172168,1
KCOG,61,90,2,600,0.2575,1
KCOGL,61,90,2,600,0.23763,1
BA,81,90,2,600,10.9977,22
BAN,81,90,2,600,10.7782,22
BAUl,81,90,2,600,10.2231,22
BAUe,81,90,2,600,11.0323,22
BAUD,81,90,2,600,23.6767,22
KCA,81,90,2,600,0.598382,1
KCF,81,90,2,600,0.54832,1
KCRDK,81,90,2,600,0.379455,1
KCRDKL,81,90,2,600,0.402892,1
KCUl,81,90,2,600,0.269014,1
KCUe,81,90,2,600,0.267295,1
KCUD,81,90,2,600,0.271133,1
KCOG,81,90,2,600,0.387506,1
KCOGL,81,90,2,600,0.371991,1
BA,101,90,2,600,10.4558,21
BAN,101,90,2,600,10.3298,21
BAUl,101,90,2,600,9.58317,21
BAUe,101,90,2,600,10.24,21
BAUD,101,90,2,600,21.9505,21
KCA,101,90,2,600,0.927281,1
KCF,101,90,2,600,0.902679,1
KCRDK,101,90,2,600,0.5603,1
KCRDKL,101,90,2,600,0.541689,1
KCUl,101,90,2,600,0.383336,1
KCUe,101,90,2,600,0.382943,1
KCUD,101,90,2,600,0.391444,1
KCOG,101,90,2,600,0.632286,1
KCOGL,101,90,2,600,0.584256,1
BA,1,90,2,600,0.03725,2
BAN,1,90,2,600,0.040853,2
BAUl,1,90,2,600,0.039132,2
BAUe,1,90,2,600,0.040271,2
BAUD,1,90,2,600,0.036463,2
KCA,1,90,2,600,0.038973,1
KCF,1,90,2,600,0.031712,1
KCRDK,1,90,2,600,0.02209,1
KCRDKL,1,90,2,600,0.025069,1
KCUl,1,90,2,600,0.018237,1
KCUe,1,90,2,600,0.035559,1
KCUD,1,90,2,600,0.027434,1
KCOG,1,90,2,600,0.02205,1
KCOGL,1,90,2,600,0.025163,1
BA,21,90,2,600,0.042754,2
BAN,21,90,2,600,0.056347,2
BAUl,21,90,2,600,0.0495,2
BAUe,21,90,2,600,0.259805,6
BAUD,21,90,2,600,0.053942,2
KCA,21,90,2,600,0.219167,1
KCF,21,90,2,600,0.220831,1
KCRDK,21,90,2,600,0.05532,1
KCRDKL,21,90,2,600,0.057625,1
KCUl,21,90,2,600,0.04282,1
KCUe,21,90,2,600,0.187921,5
KCUD,21,90,2,600,0.060399,1
KCOG,21,90,2,600,0.05996,1
KCOGL,21,90,2,600,0.064005,1
BA,41,90,2,600,0.064532,2
BAN,41,90,2,600,0.056608,2
BAUl,41,90,2,600,0.050827,2
BAUe,41,90,2,600,0.504564,8
BAUD,41,90,2,600,0.054222,2
KCA,41,90,2,600,0.919211,1
KCF,41,90,2,600,0.78192,1
KCRDK,41,90,2,600,0.128825,1
KCRDKL,41,90,2,600,0.128605,1
KCUl,41,90,2,600,0.086981,1
KCUe,41,90,2,600,0.353129,5
KCUD,41,90,2,600,0.095103,1
KCOG,41,90,2,600,0.135759,1
KCOGL,41,90,2,600,0.130919,1
BA,61,90,2,600,0.095341,2
BAN,61,90,2,600,0.067677,2
BAUl,61,90,2,600,0.064785,2
BAUe,61,90,2,600,0.525421,8
BAUD,61,90,2,600,0.087499,2
KCA,61,90,2,600,2.04912,1
KCF,61,90,2,600,1.85612,1
KCRDK,61,90,2,600,0.247433,1
KCRDKL,61,90,2,600,0.248261,1
KCUl,61,90,2,600,0.15697,1
KCUe,61,90,2,600,0.603262,5
KCUD,61,90,2,600,0.164649,1
KCOG,61,90,2,600,0.227782,1
KCOGL,61,90,2,600,0.217206,1
BA,81,90,2,600,0.135699,2
BAN,81,90,2,600,0.088992,2
BAUl,81,90,2,600,0.085261,2
BAUe,81,90,2,600,0.597465,8
BAUD,81,90,2,600,0.088763,2
KCA,81,90,2,600,3.44746,1
KCF,81,90,2,600,4.15777,1
KCRDK,81,90,2,600,0.395136,1
KCRDKL,81,90,2,600,0.376693,1
KCUl,81,90,2,600,0.251811,1
KCUe,81,90,2,600,0.960174,5
KCUD,81,90,2,600,0.259368,1
KCOG,81,90,2,600,0.33946,1
KCOGL,81,90,2,600,0.394582,1
BA,101,90,2,600,0.190674,2
BAN,101,90,2,600,0.114844,2
BAUl,101,90,2,600,0.113723,2
BAUe,101,90,2,600,0.17004,3
BAUD,101,90,2,600,0.120701,2
KCA,101,90,2,600,7.13387,1
KCF,101,90,2,600,5.6719,1
KCRDK,101,90,2,600,0.576095,1
KCRDKL,101,90,2,600,0.495613,1
KCUl,101,90,2,600,0.367557,1
KCUe,101,90,2,600,0.611308,2
KCUD,101,90,2,600,0.373265,1
KCOG,101,90,2,600,0.546848,1
KCOGL,101,90,2,600,0.547936,1
BA,1,90,2,600,0.06481,3
BAN,1,90,2,600,0.067672,3
BAUl,1,90,2,600,0.062145,3
BAUe,1,90,2,600,0.063498,3
BAUD,1,90,2,600,0.067356,3
KCA,1,90,2,600,0.047062,2
KCF,1,90,2,600,0.04825,2
KCRDK,1,90,2,600,0.049174,2
KCRDKL,1,90,2,600,0.052592,2
KCUl,1,90,2,600,0.042106,2
KCUe,1,90,2,600,0.049736,2
KCUD,1,90,2,600,0.044624,2
KCOG,1,90,2,600,0.049841,2
KCOGL,1,90,2,600,0.044584,2
BA,21,90,2,600,2.9066,16
BAN,21,90,2,600,4.01116,18
BAUl,21,90,2,600,2.95054,16
BAUe,21,90,2,600,3.34778,16
BAUD,21,90,2,600,4.41911,14
KCA,21,90,2,600,0.182201,1
KCF,21,90,2,600,0.221,1
KCRDK,21,90,2,600,0.084663,1
KCRDKL,21,90,2,600,0.08083,1
KCUl,21,90,2,600,0.049032,1
KCUe,21,90,2,600,0.048737,1
KCUD,21,90,2,600,0.056792,1
KCOG,21,90,2,600,0.066838,1
KCOGL,21,90,2,600,0.068157,1
BA,41,90,2,600,4.28406,16
BAN,41,90,2,600,3.9333,16
BAUl,41,90,2,600,3.76993,16
BAUe,41,90,2,600,3.53373,16
BAUD,41,90,2,600,4.35943,14
KCA,41,90,2,600,0.466687,1
KCF,41,90,2,600,0.404563,1
KCRDK,41,90,2,600,0.137967,1
KCRDKL,41,90,2,600,0.144709,1
KCUl,41,90,2,600,0.094859,1
KCUe,41,90,2,600,0.092469,1
KCUD,41,90,2,600,0.102194,1
KCOG,41,90,2,600,0.131644,1
KCOGL,41,90,2,600,0.129997,1
BA,61,90,2,600,4.4456,17
BAN,61,90,2,600,3.423,15
BAUl,61,90,2,600,4.22684,17
BAUe,61,90,2,600,4.09621,17
BAUD,61,90,2,600,3.81214,13
KCA,61,90,2,600,0.841626,1
KCF,61,90,2,600,0.914352,1
KCRDK,61,90,2,600,0.245495,1
KCRDKL,61,90,2,600,0.250854,1
KCUl,61,90,2,600,0.162282,1
KCUe,61,90,2,600,0.15967,1
KCUD,61,90,2,600,0.16679,1
KCOG,61,90,2,600,0.24478,1
KCOGL,61,90,2,600,0.246901,1
BA,81,90,2,600,3.78041,16
BAN,81,90,2,600,3.79106,16
BAUl,81,90,2,600,3.47191,16
BAUe,81,90,2,600,3.89774,16
BAUD,81,90,2,600,3.77497,13
KCA,81,90,2,600,1.51994,1
KCF,81,90,2,600,1.21435,1
KCRDK,81,90,2,600,0.383718,1
KCRDKL,81,90,2,600,0.374296,1
KCUl,81,90,2,600,0.324098,1
KCUe,81,90,2,600,0.271058,1
KCUD,81,90,2,600,0.269844,1
KCOG,81,90,2,600,0.380496,1
KCOGL,81,90,2,600,0.388022,1
BA,101,90,2,600,3.08926,16
BAN,101,90,2,600,2.78974,16
BAUl,101,90,2,600,2.46708,16
BAUe,101,90,2,600,4.33447,17
BAUD,101,90,2,600,4.80208,16
KCA,101,90,2,600,2.85318,1
KCF,101,90,2,600,2.81049,1
KCRDK,101,90,2,600,0.578731,1
KCRDKL,101,90,2,600,0.562642,1
KCUl,101,90,2,600,0.375482,1
KCUe,101,90,2,600,0.376336,1
KCUD,101,90,2,600,0.378773,1
KCOG,101,90,2,600,0.520477,1
KCOGL,101,90,2,600,0.569781,1
BA,1,90,2,600,0.029025,2
BAN,1,90,2,600,0.033017,2
BAUl,1,90,2,600,0.030723,2
BAUe,1,90,2,600,0.093833,4
BAUD,1,90,2,600,0.035479,2
KCA,1,90,2,600,0.034929,1
KCF,1,90,2,600,0.036029,1
KCRDK,1,90,2,600,0.034747,1
KCRDKL,1,90,2,600,0.027366,1
KCUl,1,90,2,600,0.025174,1
KCUe,1,90,2,600,0.07334,3
KCUD,1,90,2,600,0.049566,1
KCOG,1,90,2,600,0.033806,1
KCOGL,1,90,2,600,0.028733,1
BA,21,90,2,600,0.036582,2
BAN,21,90,2,600,0.039115,2
BAUl,21,90,2,600,0.033084,2
BAUe,21,90,2,600,0.064732,3
BAUD,21,90,2,600,0.043038,2
KCA,21,90,2,600,0.251423,1
KCF,21,90,2,600,0.236839,1
KCRDK,21,90,2,600,0.057481,1
KCRDKL,21,90,2,600,0.057124,1
KCUl,21,90,2,600,0.04429,1
KCUe,21,90,2,600,0.079793,2
KCUD,21,90,2,600,0.051101,1
KCOG,21,90,2,600,0.056956,1
KCOGL,21,90,2,600,0.058854,1
BA,41,90,2,600,0.058886,2
BAN,41,90,2,600,0.04741,2
BAUl,41,90,2,600,0.044141,2
BAUe,41,90,2,600,0.076384,3
BAUD,41,90,2,600,0.05078,2
KCA,41,90,2,600,0.938421,1
KCF,41,90,2,600,0.838188,1
KCRDK,41,90,2,600,0.125962,1
KCRDKL,41,90,2,600,0.137819,1
KCUl,41,90,2,600,0.090949,1
KCUe,41,90,2,600,0.152493,2
KCUD,41,90,2,600,0.093042,1
KCOG,41,90,2,600,0.139982,1
KCOGL,41,90,2,600,0.134035,1
BA,61,90,2,600,0.088337,2
BAN,61,90,2,600,0.064966,2
BAUl,61,90,2,600,0.061179,2
BAUe,61,90,2,600,0.099993,3
BAUD,61,90,2,600,0.074784,2
KCA,61,90,2,600,2.28593,1
KCF,61,90,2,600,3.10766,1
KCRDK,61,90,2,600,0.258524,1
KCRDKL,61,90,2,600,0.247066,1
KCUl,61,90,2,600,0.166769,1
KCUe,61,90,2,600,0.281886,2
KCUD,61,90,2,600,0.163946,1
KCOG,61,90,2,600,0.225973,1
KCOGL,61,90,2,600,0.240808,1
BA,81,90,2,600,0.132714,2
BAN,81,90,2,600,0.082906,2
BAUl,81,90,2,600,0.07998,2
BAUe,81,90,2,600,0.132801,3
BAUD,81,90,2,600,0.097639,2
KCA,81,90,2,600,4.15555,1
KCF,81,90,2,600,6.49267,1
KCRDK,81,90,2,600,0.419868,1
KCRDKL,81,90,2,600,0.396982,1
KCUl,81,90,2,600,0.260613,1
KCUe,81,90,2,600,0.431756,2
KCUD,81,90,2,600,0.261513,1
KCOG,81,90,2,600,0.387689,1
KCOGL,81,90,2,600,0.376053,1
BA,101,90,2,600,0.18795,2
BAN,101,90,2,600,0.109298,2
BAUl,101,90,2,600,0.107018,2
BAUe,101,90,2,600,0.181913,3
BAUD,101,90,2,600,0.12459,2
KCA,101,90,2,600,6.77001,1
KCF,101,90,2,600,6.39198,1
KCRDK,101,90,2,600,0.571083,1
KCRDKL,101,90,2,600,0.560018,1
KCUl,101,90,2,600,0.372034,1
KCUe,101,90,2,600,0.628255,2
KCUD,101,90,2,600,0.373182,1
KCOG,101,90,2,600,0.501446,1
KCOGL,101,90,2,600,0.492397,1
BA,1,90,2,600,0.034542,2
BAN,1,90,2,600,0.035313,2
BAUl,1,90,2,600,0.032244,2
BAUe,1,90,2,600,0.032944,2
BAUD,1,90,2,600,0.046383,2
KCA,1,90,2,600,0.034433,1
KCF,1,90,2,600,0.033765,1
KCRDK,1,90,2,600,0.028128,1
KCRDKL,1,90,2,600,0.029499,1
KCUl,1,90,2,600,0.025396,1
KCUe,1,90,2,600,0.030792,1
KCUD,1,90,2,600,0.031082,1
KCOG,1,90,2,600,0.028106,1
KCOGL,1,90,2,600,0.028998,1
BA,21,90,2,600,0.073514,3
BAN,21,90,2,600,0.076402,3
BAUl,21,90,2,600,0.071351,3
BAUe,21,90,2,600,0.069971,3
BAUD,21,90,2,600,0.135041,3
KCA,21,90,2,600,0.214547,1
KCF,21,90,2,600,0.213714,1
KCRDK,21,90,2,600,0.144308,2
KCRDKL,21,90,2,600,0.106404,2
KCUl,21,90,2,600,0.075128,2
KCUe,21,90,2,600,0.07787,2
KCUD,21,90,2,600,0.091471,2
KCOG,21,90,2,600,0.095541,2
KCOGL,21,90,2,600,0.096402,2
BA,41,90,2,600,0.109664,3
BAN,41,90,2,600,0.095767,3
BAUl,41,90,2,600,0.088351,3
BAUe,41,90,2,600,0.089737,3
BAUD,41,90,2,600,0.116689,3
KCA,41,90,2,600,0.741352,1
KCF,41,90,2,600,0.646754,1
KCRDK,41,90,2,600,0.216245,2
KCRDKL,41,90,2,600,0.223991,2
KCUl,41,90,2,600,0.148681,2
KCUe,41,90,2,600,0.149129,2
KCUD,41,90,2,600,0.160096,2
KCOG,41,90,2,600,0.223705,2
KCOGL,41,90,2,600,0.207714,2
BA,61,90,2,600,0.152413,3
BAN,61,90,2,600,0.115936,3
BAUl,61,90,2,600,0.107482,3
BAUe,61,90,2,600,0.105705,3
BAUD,61,90,2,600,0.155502,3
KCA,61,90,2,600,2.02389,1
KCF,61,90,2,600,1.62171,1
KCRDK,61,90,2,600,0.385768,2
KCRDKL,61,90,2,600,0.3751,2
KCUl,61,90,2,600,0.257861,2
KCUe,61,90,2,600,0.263846,2
KCUD,61,90,2,600,0.279893,2
KCOG,61,90,2,600,0.395675,2
KCOGL,61,90,2,600,0.385367,2
BA,81,90,2,600,0.218248,3
BAN,81,90,2,600,0.148546,3
BAUl,81,90,2,600,0.141093,3
BAUe,81,90,2,600,0.143273,3
BAUD,81,90,2,600,0.18738,3
KCA,81,90,2,600,2.69466,1
KCF,81,90,2,600,2.73827,1
KCRDK,81,90,2,600,0.65612,2
KCRDKL,81,90,2,600,0.569714,2
KCUl,81,90,2,600,0.419017,2
KCUe,81,90,2,600,0.421737,2
KCUD,81,90,2,600,0.43433,2
KCOG,81,90,2,600,0.62945,2
KCOGL,81,90,2,600,0.604703,2
BA,101,90,2,600,0.302991,3
BAN,101,90,2,600,0.193753,3
BAUl,101,90,2,600,0.199613,3
BAUe,101,90,2,600,0.181095,3
BAUD,101,90,2,600,0.214879,3
KCA,101,90,2,600,5.211,1
KCF,101,90,2,600,3.79596,1
KCRDK,101,90,2,600,0.941754,2
KCRDKL,101,90,2,600,0.804664,2
KCUl,101,90,2,600,0.617231,2
KCUe,101,90,2,600,0.617614,2
KCUD,101,90,2,600,0.629113,2
KCOG,101,90,2,600,0.936032,2
KCOGL,101,90,2,600,0.84837,2
BA,1,90,2,600,0.031977,2
BAN,1,90,2,600,0.037848,2
BAUl,1,90,2,600,0.032456,2
BAUe,1,90,2,600,0.038653,2
BAUD,1,90,2,600,0.051366,2
KCA,1,90,2,600,0.039076,1
KCF,1,90,2,600,0.037399,1
KCRDK,1,90,2,600,0.028605,1
KCRDKL,1,90,2,600,0.030361,1
KCUl,1,90,2,600,0.028891,1
KCUe,1,90,2,600,0.032103,1
KCUD,1,90,2,600,0.033258,1
KCOG,1,90,2,600,0.031018,1
KCOGL,1,90,2,600,0.03096,1
BA,21,90,2,600,0.049504,2
BAN,21,90,2,600,0.03856,2
BAUl,21,90,2,600,0.034978,2
BAUe,21,90,2,600,0.079781,3
BAUD,21,90,2,600,0.047328,2
KCA,21,90,2,600,0.235159,1
KCF,21,90,2,600,0.230819,1
KCRDK,21,90,2,600,0.060581,1
KCRDKL,21,90,2,600,0.058985,1
KCUl,21,90,2,600,0.048472,1
KCUe,21,90,2,600,0.086295,2
KCUD,21,90,2,600,0.050034,1
KCOG,21,90,2,600,0.058157,1
KCOGL,21,90,2,600,0.067187,1
BA,41,90,2,600,0.070862,2
BAN,41,90,2,600,0.055886,2
BAUl,41,90,2,600,0.049999,2
BAUe,41,90,2,600,0.086621,3
BAUD,41,90,2,600,0.069908,2
KCA,41,90,2,600,1.03594,1
KCF,41,90,2,600,0.743376,1
KCRDK,41,90,2,600,0.133941,1
KCRDKL,41,90,2,600,0.135458,1
KCUl,41,90,2,600,0.089736,1
KCUe,41,90,2,600,0.154335,2
KCUD,41,90,2,600,0.09763,1
KCOG,41,90,2,600,0.133679,1
KCOGL,41,90,2,600,0.124837,1
BA,61,90,2,600,0.092818,2
BAN,61,90,2,600,0.067432,2
BAUl,61,90,2,600,0.063548,2
BAUe,61,90,2,600,0.113766,3
BAUD,61,90,2,600,0.07566,2
KCA,61,90,2,600,1.70797,1
KCF,61,90,2,600,1.87686,1
KCRDK,61,90,2,600,0.249775,1
KCRDKL,61,90,2,600,0.238089,1
KCUl,61,90,2,600,0.162173,1
KCUe,61,90,2,600,0.273259,2
KCUD,61,90,2,600,0.167038,1
KCOG,61,90,2,600,0.251999,1
KCOGL,61,90,2,600,0.312325,1
BA,81,90,2,600,0.137269,2
BAN,81,90,2,600,0.087996,2
BAUl,81,90,2,600,0.085491,2
BAUe,81,90,2,600,0.141123,3
BAUD,81,90,2,600,0.097459,2
KCA,81,90,2,600,2.95413,1
KCF,81,90,2,600,1.94441,1
KCRDK,81,90,2,600,0.391132,1
KCRDKL,81,90,2,600,0.360224,1
KCUl,81,90,2,600,0.254192,1
KCUe,81,90,2,600,0.427164,2
KCUD,81,90,2,600,0.261276,1
KCOG,81,90,2,600,0.354133,1
KCOGL,81,90,2,600,0.341212,1
BA,101,90,2,600,0.191433,2
BAN,101,90,2,600,0.113415,2
BAUl,101,90,2,600,0.113497,2
BAUe,101,90,2,600,0.190836,3
BAUD,101,90,2,600,0.124145,2
KCA,101,90,2,600,5.07314,1
KCF,101,90,2,600,4.05612,1
KCRDK,101,90,2,600,0.565695,1
KCRDKL,101,90,2,600,0.511844,1
KCUl,101,90,2,600,0.368841,1
KCUe,101,90,2,600,0.611865,2
KCUD,101,90,2,600,0.376786,1
KCOG,101,90,2,600,0.512689,1
KCOGL,101,90,2,600,0.490398,1
BA,1,90,2,600,0.072363,3
BAN,1,90,2,600,0.082938,3
BAUl,1,90,2,600,0.079926,3
BAUe,1,90,2,600,0.066407,3
BAUD,1,90,2,600,0.077313,3
KCA,1,90,2,600,0.034002,1
KCF,1,90,2,600,0.040285,1
KCRDK,1,90,2,600,0.026886,1
KCRDKL,1,90,2,600,0.027557,1
KCUl,1,90,2,600,0.026045,1
KCUe,1,90,2,600,0.024182,1
KCUD,1,90,2,600,0.025396,1
KCOG,1,90,2,600,0.036528,1
KCOGL,1,90,2,600,0.031996,1
BA,21,90,2,600,0.228405,5
BAN,21,90,2,600,0.2331,5
BAUl,21,90,2,600,0.20979,5
BAUe,21,90,2,600,0.261407,6
BAUD,21,90,2,600,0.126593,3
KCA,21,90,2,600,0.250688,1
KCF,21,90,2,600,0.221387,1
KCRDK,21,90,2,600,0.101035,2
KCRDKL,21,90,2,600,0.11557,2
KCUl,21,90,2,600,0.073987,2
KCUe,21,90,2,600,0.391606,9
KCUD,21,90,2,600,0.09655,2
KCOG,21,90,2,600,0.098706,2
KCOGL,21,90,2,600,0.10911,2
BA,41,90,2,600,0.264544,5
BAN,41,90,2,600,0.257977,5
BAUl,41,90,2,600,0.217657,5
BAUe,41,90,2,600,0.342774,6
BAUD,41,90,2,600,0.12864,3
KCA,41,90,2,600,0.880219,1
KCF,41,90,2,600,0.776697,1
KCRDK,41,90,2,600,0.202608,2
KCRDKL,41,90,2,600,0.214291,2
KCUl,41,90,2,600,0.146999,2
KCUe,41,90,2,600,0.383441,5
KCUD,41,90,2,600,0.168118,2
KCOG,41,90,2,600,0.224214,2
KCOGL,41,90,2,600,0.219929,2
BA,61,90,2,600,0.321999,5
BAN,61,90,2,600,0.280038,5
BAUl,61,90,2,600,0.249061,5
BAUe,61,90,2,600,0.381663,6
BAUD,61,90,2,600,0.183138,3
KCA,61,90,2,600,2.63769,1
KCF,61,90,2,600,2.25713,1
KCRDK,61,90,2,600,0.388204,2
KCRDKL,61,90,2,600,0.381203,2
KCUl,61,90,2,600,0.262127,2
KCUe,61,90,2,600,0.640239,5
KCUD,61,90,2,600,0.28343,2
KCOG,61,90,2,600,0.381074,2
KCOGL,61,90,2,600,0.36327,2
BA,81,90,2,600,0.448212,5
BAN,81,90,2,600,0.343463,5
BAUl,81,90,2,600,0.319228,5
BAUe,81,90,2,600,1.29361,11
BAUD,81,90,2,600,0.186669,3
KCA,81,90,2,600,3.63276,1
KCF,81,90,2,600,5.98615,1
KCRDK,81,90,2,600,0.664274,2
KCRDKL,81,90,2,600,0.584867,2
KCUl,81,90,2,600,0.430085,2
KCUe,81,90,2,600,0.436473,2
KCUD,81,90,2,600,0.453536,2
KCOG,81,90,2,600,0.612489,2
KCOGL,81,90,2,600,0.657974,2
BA,101,90,2,600,0.590431,5
BAN,101,90,2,600,0.405929,5
BAUl,101,90,2,600,0.383113,5
BAUe,101,90,2,600,1.36006,11
BAUD,101,90,2,600,0.232309,3
KCA,101,90,2,600,7.68014,1
KCF,101,90,2,600,6.79213,1
KCRDK,101,90,2,600,0.898205,2
KCRDKL,101,90,2,600,0.889387,2
KCUl,101,90,2,600,0.608107,2
KCUe,101,90,2,600,2.68458,10
KCUD,101,90,2,600,0.621964,2
KCOG,101,90,2,600,0.855562,2
KCOGL,101,90,2,600,0.867088,2
BA,1,90,2,600,0.033946,2
BAN,1,90,2,600,0.043166,2
BAUl,1,90,2,600,0.040839,2
BAUe,1,90,2,600,0.033018,2
BAUD,1,90,2,600,0.035253,2
KCA,1,90,2,600,0.04041,1
KCF,1,90,2,600,0.04057,1
KCRDK,1,90,2,600,0.02866,1
KCRDKL,1,90,2,600,0.026801,1
KCUl,1,90,2,600,0.02608,1
KCUe,1,90,2,600,0.034283,1
KCUD,1,90,2,600,0.040192,1
KCOG,1,90,2,600,0.028736,1
KCOGL,1,90,2,600,0.029468,1
BA,21,90,2,600,0.082862,3
BAN,21,90,2,600,0.080368,3
BAUl,21,90,2,600,0.075908,3
BAUe,21,90,2,600,0.405049,7
BAUD,21,90,2,600,0.158881,3
KCA,21,90,2,600,0.263359,1
KCF,21,90,2,600,0.275641,1
KCRDK,21,90,2,600,0.113565,2
KCRDKL,21,90,2,600,0.095799,2
KCUl,21,90,2,600,0.0808,2
KCUe,21,90,2,600,0.286538,6
KCUD,21,90,2,600,0.097313,2
KCOG,21,90,2,600,0.109114,2
KCOGL,21,90,2,600,0.106635,2
BA,41,90,2,600,0.112542,3
BAN,41,90,2,600,0.108269,3
BAUl,41,90,2,600,0.09612,3
BAUe,41,90,2,600,1.05961,10
BAUD,41,90,2,600,0.17448,3
KCA,41,90,2,600,1.11877,1
KCF,41,90,2,600,0.896822,1
KCRDK,41,90,2,600,0.212211,2
KCRDKL,41,90,2,600,0.209949,2
KCUl,41,90,2,600,0.150651,2
KCUe,41,90,2,600,0.694885,9
KCUD,41,90,2,600,0.172807,2
KCOG,41,90,2,600,0.223624,2
KCOGL,41,90,2,600,0.242356,2
BA,61,90,2,600,0.161182,3
BAN,61,90,2,600,0.120131,3
BAUl,61,90,2,600,0.113,3
BAUe,61,90,2,600,1.40769,11
BAUD,61,90,2,600,0.189091,3
KCA,61,90,2,600,3.80508,1
KCF,61,90,2,600,2.07728,1
KCRDK,61,90,2,600,0.375435,2
KCRDKL,61,90,2,600,0.382653,2
KCUl,61,90,2,600,0.267312,2
KCUe,61,90,2,600,1.24279,10
KCUD,61,90,2,600,0.279977,2
KCOG,61,90,2,600,0.398046,2
KCOGL,61,90,2,600,0.387311,2
BA,81,90,2,600,0.220504,3
BAN,81,90,2,600,0.152346,3
BAUl,81,90,2,600,0.153466,3
BAUe,81,90,2,600,0.149997,3
BAUD,81,90,2,600,0.221348,3
KCA,81,90,2,600,3.78073,1
KCF,81,90,2,600,6.48521,1
KCRDK,81,90,2,600,0.624547,2
KCRDKL,81,90,2,600,0.597436,2
KCUl,81,90,2,600,0.431992,2
KCUe,81,90,2,600,0.435977,2
KCUD,81,90,2,600,0.484173,2
KCOG,81,90,2,600,0.601778,2
KCOGL,81,90,2,600,0.63746,2
BA,101,90,2,600,0.319908,3
BAN,101,90,2,600,0.202809,3
BAUl,101,90,2,600,0.197066,3
BAUe,101,90,2,600,0.195838,3
BAUD,101,90,2,600,0.25858,3
KCA,101,90,2,600,9.7651,1
KCF,101,90,2,600,5.88923,1
KCRDK,101,90,2,600,0.87981,2
KCRDKL,101,90,2,600,0.839344,2
KCUl,101,90,2,600,0.613419,2
KCUe,101,90,2,600,0.632473,2
KCUD,101,90,2,600,0.64137,2
KCOG,101,90,2,600,0.856412,2
KCOGL,101,90,2,600,0.891685,2
BA,1,90,2,600,0.111049,4
BAN,1,90,2,600,0.139547,4
BAUl,1,90,2,600,0.104683,4
BAUe,1,90,2,600,0.114236,4
BAUD,1,90,2,600,0.096891,3
KCA,1,90,2,600,0.031905,1
KCF,1,90,2,600,0.031655,1
KCRDK,1,90,2,600,0.049046,2
KCRDKL,1,90,2,600,0.048578,2
KCUl,1,90,2,600,0.058661,3
KCUe,1,90,2,600,0.065326,3
KCUD,1,90,2,600,0.04843,2
KCOG,1,90,2,600,0.043583,2
KCOGL,1,90,2,600,0.055716,2
BA,21,90,2,600,1.73408,13
BAN,21,90,2,600,1.93784,13
BAUl,21,90,2,600,1.71295,13
BAUe,21,90,2,600,1.67383,12
BAUD,21,90,2,600,2.24006,12
KCA,21,90,2,600,0.195531,1
KCF,21,90,2,600,0.200432,1
KCRDK,21,90,2,600,0.067086,1
KCRDKL,21,90,2,600,0.068491,1
KCUl,21,90,2,600,0.047109,1
KCUe,21,90,2,600,0.048848,1
KCUD,21,90,2,600,0.058559,1
KCOG,21,90,2,600,0.068172,1
KCOGL,21,90,2,600,0.070277,1
BA,41,90,2,600,2.67617,15
BAN,41,90,2,600,2.82913,15
BAUl,41,90,2,600,2.6035,15
BAUe,41,90,2,600,1.84809,12
BAUD,41,90,2,600,1.92593,11
KCA,41,90,2,600,0.460108,1
KCF,41,90,2,600,0.583461,1
KCRDK,41,90,2,600,0.157572,1
KCRDKL,41,90,2,600,0.14532,1
KCUl,41,90,2,600,0.092268,1
KCUe,41,90,2,600,0.091682,1
KCUD,41,90,2,600,0.096936,1
KCOG,41,90,2,600,0.143257,1
KCOGL,41,90,2,600,0.125001,1
BA,61,90,2,600,2.39391,14
BAN,61,90,2,600,2.4011,14
BAUl,61,90,2,600,2.22211,14
BAUe,61,90,2,600,2.81069,14
BAUD,61,90,2,600,3.4298,12
KCA,61,90,2,600,1.10998,1
KCF,61,90,2,600,1.16675,1
KCRDK,61,90,2,600,0.252958,1
KCRDKL,61,90,2,600,0.242245,1
KCUl,61,90,2,600,0.168355,1
KCUe,61,90,2,600,0.170862,1
KCUD,61,90,2,600,0.165569,1
KCOG,61,90,2,600,0.239257,1
KCOGL,61,90,2,600,0.255166,1
BA,81,90,2,600,2.03568,11
BAN,81,90,2,600,1.76216,11
BAUl,81,90,2,600,1.64731,11
BAUe,81,90,2,600,2.42537,13
BAUD,81,90,2,600,4.09112,13
KCA,81,90,2,600,2.33025,1
KCF,81,90,2,600,1.90171,1
KCRDK,81,90,2,600,0.341951,1
KCRDKL,81,90,2,600,0.378276,1
KCUl,81,90,2,600,0.319555,1
KCUe,81,90,2,600,0.255012,1
KCUD,81,90,2,600,0.258876,1
KCOG,81,90,2,600,0.370424,1
KCOGL,81,90,2,600,0.363905,1
BA,101,90,2,600,3.25005,14
BAN,101,90,2,600,2.96611,14
BAUl,101,90,2,600,3.02749,14
BAUe,101,90,2,600,2.37989,12
BAUD,101,90,2,600,4.63928,14
KCA,101,90,2,600,3.56088,1
KCF,101,90,2,600,3.21474,1
KCRDK,101,90,2,600,0.559496,1
KCRDKL,101,90,2,600,0.555754,1
KCUl,101,90,2,600,0.386266,1
KCUe,101,90,2,600,0.375579,1
KCUD,101,90,2,600,0.382674,1
KCOG,101,90,2,600,0.55101,1
KCOGL,101,90,2,600,0.561353,1
BA,1,90,2,600,0.060236,3
BAN,1,90,2,600,0.077346,3
BAUl,1,90,2,600,0.062114,3
BAUe,1,90,2,600,0.058469,3
BAUD,1,90,2,600,0.075517,3
KCA,1,90,2,600,0.04557,2
KCF,1,90,2,600,0.045456,2
KCRDK,1,90,2,600,0.04181,2
KCRDKL,1,90,2,600,0.040028,2
KCUl,1,90,2,600,0.049173,2
KCUe,1,90,2,600,0.052232,2
KCUD,1,90,2,600,0.04142,2
KCOG,1,90,2,600,0.040772,2
KCOGL,1,90,2,600,0.043042,2
BA,21,90,2,600,1.8686,13
BAN,21,90,2,600,1.90542,13
BAUl,21,90,2,600,1.83441,13
BAUe,21,90,2,600,1.82386,14
BAUD,21,90,2,600,3.55416,13
KCA,21,90,2,600,0.192199,1
KCF,21,90,2,600,0.265998,1
KCRDK,21,90,2,600,0.06987,1
KCRDKL,21,90,2,600,0.071993,1
KCUl,21,90,2,600,0.061296,1
KCUe,21,90,2,600,0.048436,1
KCUD,21,90,2,600,0.058129,1
KCOG,21,90,2,600,0.066847,1
KCOGL,21,90,2,600,0.064607,1
BA,41,90,2,600,2.15891,13
BAN,41,90,2,600,2.44356,13
BAUl,41,90,2,600,2.04821,13
BAUe,41,90,2,600,1.96311,13
BAUD,41,90,2,600,3.8722,13
KCA,41,90,2,600,0.475639,1
KCF,41,90,2,600,0.451883,1
KCRDK,41,90,2,600,0.147755,1
KCRDKL,41,90,2,600,0.143933,1
KCUl,41,90,2,600,0.095778,1
KCUe,41,90,2,600,0.092882,1
KCUD,41,90,2,600,0.098936,1
KCOG,41,90,2,600,0.143075,1
KCOGL,41,90,2,600,0.145041,1
BA,61,90,2,600,2.51713,13
BAN,61,90,2,600,2.75923,13
BAUl,61,90,2,600,2.34618,13
BAUe,61,90,2,600,2.13268,13
BAUD,61,90,2,600,3.66209,13
KCA,61,90,2,600,0.977448,1
KCF,61,90,2,600,0.924561,1
KCRDK,61,90,2,600,0.262248,1
KCRDKL,61,90,2,600,0.257057,1
KCUl,61,90,2,600,0.164551,1
KCUe,61,90,2,600,0.163575,1
KCUD,61,90,2,600,0.170746,1
KCOG,61,90,2,600,0.246037,1
KCOGL,61,90,2,600,0.229309,1
BA,81,90,2,600,2.59587,13
BAN,81,90,2,600,2.63143,13
BAUl,81,90,2,600,2.24955,13
BAUe,81,90,2,600,2.19227,13
BAUD,81,90,2,600,4.49875,14
KCA,81,90,2,600,1.37109,1
KCF,81,90,2,600,1.31458,1
KCRDK,81,90,2,600,0.396774,1
KCRDKL,81,90,2,600,0.399354,1
KCUl,81,90,2,600,0.26913,1
KCUe,81,90,2,600,0.282794,1
KCUD,81,90,2,600,0.266107,1
KCOG,81,90,2,600,0.368257,1
KCOGL,81,90,2,600,0.383988,1
BA,101,90,2,600,3.23016,13
BAN,101,90,2,600,3.29606,14
BAUl,101,90,2,600,2.49475,13
BAUe,101,90,2,600,2.47282,13
BAUD,101,90,2,600,4.45587,13
KCA,101,90,2,600,2.14643,1
KCF,101,90,2,600,1.84984,1
KCRDK,101,90,2,600,0.550286,1
KCRDKL,101,90,2,600,0.532341,1
KCUl,101,90,2,600,0.370374,1
KCUe,101,90,2,600,0.369298,1
KCUD,101,90,2,600,0.374317,1
KCOG,101,90,2,600,0.561909,1
KCOGL,101,90,2,600,0.517843,1
BA,1,90,2,600,0.036108,2
BAN,1,90,2,600,0.040701,2
BAUl,1,90,2,600,0.034349,2
BAUe,1,90,2,600,0.062832,3
BAUD,1,90,2,600,0.043484,2
KCA,1,90,2,600,0.037217,1
KCF,1,90,2,600,0.034006,1
KCRDK,1,90,2,600,0.027583,1
KCRDKL,1,90,2,600,0.026075,1
KCUl,1,90,2,600,0.026795,1
KCUe,1,90,2,600,0.046609,2
KCUD,1,90,2,600,0.028921,1
KCOG,1,90,2,600,0.032262,1
KCOGL,1,90,2,600,0.02703,1
BA,21,90,2,600,0.044125,2
BAN,21,90,2,600,0.042122,2
BAUl,21,90,2,600,0.058391,2
BAUe,21,90,2,600,0.69853,9
BAUD,21,90,2,600,0.046156,2
KCA,21,90,2,600,0.231844,1
KCF,21,90,2,600,0.216482,1
KCRDK,21,90,2,600,0.065403,1
KCRDKL,21,90,2,600,0.066246,1
KCUl,21,90,2,600,0.043477,1
KCUe,21,90,2,600,0.328034,8
KCUD,21,90,2,600,0.052277,1
KCOG,21,90,2,600,0.065782,1
KCOGL,21,90,2,600,0.064482,1
BA,41,90,2,600,0.062706,2
BAN,41,90,2,600,0.056354,2
BAUl,41,90,2,600,0.05089,2
BAUe,41,90,2,600,1.29979,11
BAUD,41,90,2,600,0.056554,2
KCA,41,90,2,600,0.968384,1
KCF,41,90,2,600,0.839775,1
KCRDK,41,90,2,600,0.132865,1
KCRDKL,41,90,2,600,0.140529,1
KCUl,41,90,2,600,0.090755,1
KCUe,41,90,2,600,0.517246,7
KCUD,41,90,2,600,0.094308,1
KCOG,41,90,2,600,0.135641,1
KCOGL,41,90,2,600,0.129068,1
BA,61,90,2,600,0.099468,2
BAN,61,90,2,600,0.069616,2
BAUl,61,90,2,600,0.068321,2
BAUe,61,90,2,600,1.50715,12
BAUD,61,90,2,600,0.071494,2
KCA,61,90,2,600,3.00306,1
KCF,61,90,2,600,1.89654,1
KCRDK,61,90,2,600,0.213196,1
KCRDKL,61,90,2,600,0.222128,1
KCUl,61,90,2,600,0.158574,1
KCUe,61,90,2,600,1.08739,9
KCUD,61,90,2,600,0.166663,1
KCOG,61,90,2,600,0.228669,1
KCOGL,61,90,2,600,0.238356,1
BA,81,90,2,600,0.138921,2
BAN,81,90,2,600,0.089563,2
BAUl,81,90,2,600,0.087194,2
BAUe,81,90,2,600,0.141675,3
BAUD,81,90,2,600,0.094513,2
KCA,81,90,2,600,4.80428,1
KCF,81,90,2,600,4.61754,1
KCRDK,81,90,2,600,0.390084,1
KCRDKL,81,90,2,600,0.354863,1
KCUl,81,90,2,600,0.254134,1
KCUe,81,90,2,600,0.42252,2
KCUD,81,90,2,600,0.25519,1
KCOG,81,90,2,600,0.380551,1
KCOGL,81,90,2,600,0.38144,1
BA,101,90,2,600,0.191499,2
BAN,101,90,2,600,0.116696,2
BAUl,101,90,2,600,0.114992,2
BAUe,101,90,2,600,0.183261,3
BAUD,101,90,2,600,0.125141,2
KCA,101,90,2,600,7.83017,1
KCF,101,90,2,600,5.75014,1
KCRDK,101,90,2,600,0.581584,1
KCRDKL,101,90,2,600,0.559519,1
KCUl,101,90,2,600,0.369949,1
KCUe,101,90,2,600,0.616054,2
KCUD,101,90,2,600,0.371407,1
KCOG,101,90,2,600,0.563075,1
KCOGL,101,90,2,600,0.549376,1
BA,1,90,2,600,0.068652,3
BAN,1,90,2,600,0.070433,3
BAUl,1,90,2,600,0.061952,3
BAUe,1,90,2,600,0.060417,3
BAUD,1,90,2,600,0.076651,3
KCA,1,90,2,600,0.058967,2
KCF,1,90,2,600,0.05196,2
KCRDK,1,90,2,600,0.060076,2
KCRDKL,1,90,2,600,0.053119,2
KCUl,1,90,2,600,0.05375,2
KCUe,1,90,2,600,0.048838,2
KCUD,1,90,2,600,0.05317,2
KCOG,1,90,2,600,0.057646,2
KCOGL,1,90,2,600,0.061238,2
BA,21,90,2,600,0.847804,10
BAN,21,90,2,600,0.936775,10
BAUl,21,90,2,600,0.829567,10
BAUe,21,90,2,600,0.616244,9
BAUD,21,90,2,600,1.12865,9
KCA,21,90,2,600,0.212578,1
KCF,21,90,2,600,0.204213,1
KCRDK,21,90,2,600,0.068001,1
KCRDKL,21,90,2,600,0.082898,1
KCUl,21,90,2,600,0.050422,1
KCUe,21,90,2,600,0.055468,1
KCUD,21,90,2,600,0.06315,1
KCOG,21,90,2,600,0.063975,1
KCOGL,21,90,2,600,0.064828,1
BA,41,90,2,600,0.663348,9
BAN,41,90,2,600,0.684985,9
BAUl,41,90,2,600,0.598739,9
BAUe,41,90,2,600,1.42946,12
BAUD,41,90,2,600,1.15945,9
KCA,41,90,2,600,0.480995,1
KCF,41,90,2,600,0.536933,1
KCRDK,41,90,2,600,0.145848,1
KCRDKL,41,90,2,600,0.136544,1
KCUl,41,90,2,600,0.096198,1
KCUe,41,90,2,600,0.095345,1
KCUD,41,90,2,600,0.103073,1
KCOG,41,90,2,600,0.126454,1
KCOGL,41,90,2,600,0.138422,1
BA,61,90,2,600,0.989589,9
BAN,61,90,2,600,0.933691,9
BAUl,61,90,2,600,0.847102,9
BAUe,61,90,2,600,1.20166,11
BAUD,61,90,2,600,1.29292,9
KCA,61,90,2,600,1.44554,1
KCF,61,90,2,600,1.31999,1
KCRDK,61,90,2,600,0.248208,1
KCRDKL,61,90,2,600,0.244189,1
KCUl,61,90,2,600,0.163671,1
KCUe,61,90,2,600,0.165508,1
KCUD,61,90,2,600,0.173581,1
KCOG,61,90,2,600,0.250499,1
KCOGL,61,90,2,600,0.248181,1
BA,81,90,2,600,1.31499,10
BAN,81,90,2,600,1.17062,10
BAUl,81,90,2,600,1.06519,10
BAUe,81,90,2,600,0.886071,9
BAUD,81,90,2,600,1.47298,9
KCA,81,90,2,600,2.80983,1
KCF,81,90,2,600,1.67259,1
KCRDK,81,90,2,600,0.404493,1
KCRDKL,81,90,2,600,0.395655,1
KCUl,81,90,2,600,0.264524,1
KCUe,81,90,2,600,0.259203,1
KCUD,81,90,2,600,0.263541,1
KCOG,81,90,2,600,0.365959,1
KCOGL,81,90,2,600,0.3967,1
BA,101,90,2,600,1.41204,9
BAN,101,90,2,600,1.15135,9
BAUl,101,90,2,600,1.08247,9
BAUe,101,90,2,600,1.01004,9
BAUD,101,90,2,600,1.26516,8
KCA,101,90,2,600,2.60611,1
KCF,101,90,2,600,3.28966,1
KCRDK,101,90,2,600,0.51906,1
KCRDKL,101,90,2,600,0.590094,1
KCUl,101,90,2,600,0.387032,1
KCUe,101,90,2,600,0.38422,1
KCUD,101,90,2,600,0.390914,1
KCOG,101,90,2,600,0.553567,1
KCOGL,101,90,2,600,0.544817,1
BA,1,90,2,600,0.135477,4
BAN,1,90,2,600,0.146617,4
BAUl,1,90,2,600,0.132667,4
BAUe,1,90,2,600,0.111929,4
BAUD,1,90,2,600,0.128629,3
KCA,1,90,2,600,0.029219,1
KCF,1,90,2,600,0.030605,1
KCRDK,1,90,2,600,0.051335,2
KCRDKL,1,90,2,600,0.047488,2
KCUl,1,90,2,600,0.058614,3
KCUe,1,90,2,600,0.067627,3
KCUD,1,90,2,600,0.13219,2
KCOG,1,90,2,600,0.160806,2
KCOGL,1,90,2,600,0.162455,2
BA,21,90,2,600,0.947582,11
BAN,21,90,2,600,1.00824,11
BAUl,21,90,2,600,0.872964,11
BAUe,21,90,2,600,1.09618,12
BAUD,21,90,2,600,1.5789,11
KCA,21,90,2,600,0.196072,1
KCF,21,90,2,600,0.189064,1
KCRDK,21,90,2,600,0.067894,1
KCRDKL,21,90,2,600,0.068389,1
KCUl,21,90,2,600,0.051088,1
KCUe,21,90,2,600,0.046116,1
KCUD,21,90,2,600,0.052629,1
KCOG,21,90,2,600,0.065591,1
KCOGL,21,90,2,600,0.068836,1
BA,41,90,2,600,1.7147,13
BAN,41,90,2,600,1.6831,13
BAUl,41,90,2,600,1.49,13
BAUe,41,90,2,600,1.41197,12
BAUD,41,90,2,600,1.2603,9
KCA,41,90,2,600,0.54202,1
KCF,41,90,2,600,0.488563,1
KCRDK,41,90,2,600,0.143758,1
KCRDKL,41,90,2,600,0.144362,1
KCUl,41,90,2,600,0.096823,1
KCUe,41,90,2,600,0.093772,1
KCUD,41,90,2,600,0.096156,1
KCOG,41,90,2,600,0.13753,1
KCOGL,41,90,2,600,0.142059,1
BA,61,90,2,600,1.688,13
BAN,61,90,2,600,1.69639,13
BAUl,61,90,2,600,1.49489,13
BAUe,61,90,2,600,1.12004,10
BAUD,61,90,2,600,1.91912,11
KCA,61,90,2,600,1.3365,1
KCF,61,90,2,600,1.2684,1
KCRDK,61,90,2,600,0.255413,1
KCRDKL,61,90,2,600,0.248062,1
KCUl,61,90,2,600,0.159828,1
KCUe,61,90,2,600,0.159991,1
KCUD,61,90,2,600,0.162968,1
KCOG,61,90,2,600,0.222152,1
KCOGL,61,90,2,600,0.236949,1
BA,81,90,2,600,1.74031,12
BAN,81,90,2,600,1.59161,12
BAUl,81,90,2,600,1.43178,12
BAUe,81,90,2,600,1.2267,11
BAUD,81,90,2,600,2.3767,12
KCA,81,90,2,600,1.93881,1
KCF,81,90,2,600,1.82561,1
KCRDK,81,90,2,600,0.369906,1
KCRDKL,81,90,2,600,0.396713,1
KCUl,81,90,2,600,0.25318,1
KCUe,81,90,2,600,0.251818,1
KCUD,81,90,2,600,0.254595,1
KCOG,81,90,2,600,0.400478,1
KCOGL,81,90,2,600,0.385823,1
BA,101,90,2,600,1.38511,9
BAN,101,90,2,600,1.14137,9
BAUl,101,90,2,600,1.04267,9
BAUe,101,90,2,600,1.27169,10
BAUD,101,90,2,600,2.06699,11
KCA,101,90,2,600,3.00079,1
KCF,101,90,2,600,2.81654,1
KCRDK,101,90,2,600,0.575779,1
KCRDKL,101,90,2,600,0.574214,1
KCUl,101,90,2,600,0.373985,1
KCUe,101,90,2,600,0.373645,1
KCUD,101,90,2,600,0.392122,1
KCOG,101,90,2,600,0.552036,1
KCOGL,101,90,2,600,0.553522,1
BA,1,90,2,600,0.033808,2
BAN,1,90,2,600,0.038259,2
BAUl,1,90,2,600,0.033518,2
BAUe,1,90,2,600,0.061587,3
BAUD,1,90,2,600,0.042122,2
KCA,1,90,2,600,0.03963,1
KCF,1,90,2,600,0.03492,1
KCRDK,1,90,2,600,0.028404,1
KCRDKL,1,90,2,600,0.034495,1
KCUl,1,90,2,600,0.026104,1
KCUe,1,90,2,600,0.047427,2
KCUD,1,90,2,600,0.031186,1
KCOG,1,90,2,600,0.031841,1
KCOGL,1,90,2,600,0.034751,1
BA,21,90,2,600,0.040336,2
BAN,21,90,2,600,0.05846,2
BAUl,21,90,2,600,0.079537,2
BAUe,21,90,2,600,0.123033,3
BAUD,21,90,2,600,0.098391,2
KCA,21,90,2,600,0.396939,1
KCF,21,90,2,600,0.22872,1
KCRDK,21,90,2,600,0.06702,1
KCRDKL,21,90,2,600,0.065491,1
KCUl,21,90,2,600,0.05229,1
KCUe,21,90,2,600,0.091525,2
KCUD,21,90,2,600,0.053571,1
KCOG,21,90,2,600,0.068766,1
KCOGL,21,90,2,600,0.069875,1
BA,41,90,2,600,0.061168,2
BAN,41,90,2,600,0.050237,2
BAUl,41,90,2,600,0.048785,2
BAUe,41,90,2,600,0.084387,3
BAUD,41,90,2,600,0.057876,2
KCA,41,90,2,600,0.858039,1
KCF,41,90,2,600,0.971547,1
KCRDK,41,90,2,600,0.141584,1
KCRDKL,41,90,2,600,0.121366,1
KCUl,41,90,2,600,0.089213,1
KCUe,41,90,2,600,0.151414,2
KCUD,41,90,2,600,0.096363,1
KCOG,41,90,2,600,0.12261,1
KCOGL,41,90,2,600,0.122826,1
BA,61,90,2,600,0.092562,2
BAN,61,90,2,600,0.067586,2
BAUl,61,90,2,600,0.062299,2
BAUe,61,90,2,600,0.108277,3
BAUD,61,90,2,600,0.069419,2
KCA,61,90,2,600,2.30566,1
KCF,61,90,2,600,1.9509,1
KCRDK,61,90,2,600,0.24696,1
KCRDKL,61,90,2,600,0.236286,1
KCUl,61,90,2,600,0.160594,1
KCUe,61,90,2,600,0.272145,2
KCUD,61,90,2,600,0.167042,1
KCOG,61,90,2,600,0.214278,1
KCOGL,61,90,2,600,0.236277,1
BA,81,90,2,600,0.135757,2
BAN,81,90,2,600,0.086679,2
BAUl,81,90,2,600,0.083568,2
BAUe,81,90,2,600,0.138293,3
BAUD,81,90,2,600,0.088376,2
KCA,81,90,2,600,3.78094,1
KCF,81,90,2,600,4.59705,1
KCRDK,81,90,2,600,0.398737,1
KCRDKL,81,90,2,600,0.366485,1
KCUl,81,90,2,600,0.253576,1
KCUe,81,90,2,600,0.420823,2
KCUD,81,90,2,600,0.254585,1
KCOG,81,90,2,600,0.390085,1
KCOGL,81,90,2,600,0.387309,1
BA,101,90,2,600,0.187897,2
BAN,101,90,2,600,0.113246,2
BAUl,101,90,2,600,0.110324,2
BAUe,101,90,2,600,0.177783,3
BAUD,101,90,2,600,0.120387,2
KCA,101,90,2,600,6.0051,1
KCF,101,90,2,600,5.10046,1
KCRDK,101,90,2,600,0.505763,1
KCRDKL,101,90,2,600,0.579573,1
KCUl,101,90,2,600,0.371743,1
KCUe,101,90,2,600,0.614497,2
KCUD,101,90,2,600,0.372516,1
KCOG,101,90,2,600,0.523604,1
KCOGL,101,90,2,600,0.578102,1
BA,1,90,2,600,0.097448,4
BAN,1,90,2,600,0.125634,4
BAUl,1,90,2,600,0.093428,4
BAUe,1,90,2,600,0.110186,4
BAUD,1,90,2,600,0.089656,3
KCA,1,90,2,600,0.031689,1
KCF,1,90,2,600,0.031143,1
KCRDK,1,90,2,600,0.050353,2
KCRDKL,1,90,2,600,0.061729,2
KCUl,1,90,2,600,0.065276,3
KCUe,1,90,2,600,0.064462,3
KCUD,1,90,2,600,0.049154,2
KCOG,1,90,2,600,0.047984,2
KCOGL,1,90,2,600,0.050075,2
BA,21,90,2,600,0.803032,11
BAN,21,90,2,600,0.91231,11
BAUl,21,90,2,600,0.784733,11
BAUe,21,90,2,600,0.680975,10
BAUD,21,90,2,600,0.743741,8
KCA,21,90,2,600,0.191343,1
KCF,21,90,2,600,0.187739,1
KCRDK,21,90,2,600,0.070468,1
KCRDKL,21,90,2,600,0.060482,1
KCUl,21,90,2,600,0.058052,1
KCUe,21,90,2,600,0.054416,1
KCUD,21,90,2,600,0.052959,1
KCOG,21,90,2,600,0.073862,1
KCOGL,21,90,2,600,0.069207,1
BA,41,90,2,600,1.26643,13
BAN,41,90,2,600,1.37658,13
BAUl,41,90,2,600,1.18829,13
BAUe,41,90,2,600,0.545312,9
BAUD,41,90,2,600,0.987578,9
KCA,41,90,2,600,0.622525,1
KCF,41,90,2,600,0.551183,1
KCRDK,41,90,2,600,0.135912,1
KCRDKL,41,90,2,600,0.130762,1
KCUl,41,90,2,600,0.099281,1
KCUe,41,90,2,600,0.093554,1
KCUD,41,90,2,600,0.104045,1
KCOG,41,90,2,600,0.137851,1
KCOGL,41,90,2,600,0.128883,1
BA,61,90,2,600,1.17301,11
BAN,61,90,2,600,1.15087,11
BAUl,61,90,2,600,1.02877,11
BAUe,61,90,2,600,1.06941,11
BAUD,61,90,2,600,1.17534,9
KCA,61,90,2,600,1.42806,1
KCF,61,90,2,600,1.36876,1
KCRDK,61,90,2,600,0.231911,1
KCRDKL,61,90,2,600,0.232471,1
KCUl,61,90,2,600,0.164814,1
KCUe,61,90,2,600,0.166267,1
KCUD,61,90,2,600,0.171825,1
KCOG,61,90,2,600,0.238153,1
KCOGL,61,90,2,600,0.232693,1
BA,81,90,2,600,1.47528,10
BAN,81,90,2,600,1.35146,11
BAUl,81,90,2,600,0.992688,10
BAUe,81,90,2,600,0.816793,9
BAUD,81,90,2,600,1.38303,9
KCA,81,90,2,600,2.67604,1
KCF,81,90,2,600,2.75966,1
KCRDK,81,90,2,600,0.404,1
KCRDKL,81,90,2,600,0.39728,1
KCUl,81,90,2,600,0.256178,1
KCUe,81,90,2,600,0.256166,1
KCUD,81,90,2,600,0.260778,1
KCOG,81,90,2,600,0.365012,1
KCOGL,81,90,2,600,0.397125,1
BA,101,90,2,600,1.91476,12
BAN,101,90,2,600,1.61994,12
BAUl,101,90,2,600,1.45951,12
BAUe,101,90,2,600,0.724645,8
BAUD,101,90,2,600,1.4556,9
KCA,101,90,2,600,3.12473,1
KCF,101,90,2,600,3.29,1
KCRDK,101,90,2,600,0.561381,1
KCRDKL,101,90,2,600,0.501629,1
KCUl,101,90,2,600,0.374947,1
KCUe,101,90,2,600,0.373669,1
KCUD,101,90,2,600,0.376634,1
KCOG,101,90,2,600,0.56019,1
KCOGL,101,90,2,600,0.572114,1
BA,1,90,2,600,0.068915,3
BAN,1,90,2,600,0.069397,3
BAUl,1,90,2,600,0.062364,3
BAUe,1,90,2,600,0.069803,3
BAUD,1,90,2,600,0.070263,3
KCA,1,90,2,600,0.029841,1
KCF,1,90,2,600,0.034172,1
KCRDK,1,90,2,600,0.030689,1
KCRDKL,1,90,2,600,0.03314,1
KCUl,1,90,2,600,0.028125,1
KCUe,1,90,2,600,0.02624,1
KCUD,1,90,2,600,0.028063,1
KCOG,1,90,2,600,0.030825,1
KCOGL,1,90,2,600,0.034841,1
BA,21,90,2,600,0.798353,9
BAN,21,90,2,600,0.864329,9
BAUl,21,90,2,600,0.804372,9
BAUe,21,90,2,600,1.20815,11
BAUD,21,90,2,600,0.484981,5
KCA,21,90,2,600,0.325145,1
KCF,21,90,2,600,0.381328,1
KCRDK,21,90,2,600,0.074573,1
KCRDKL,21,90,2,600,0.072208,1
KCUl,21,90,2,600,0.051891,1
KCUe,21,90,2,600,0.050085,1
KCUD,21,90,2,600,0.066439,1
KCOG,21,90,2,600,0.070984,1
KCOGL,21,90,2,600,0.072883,1
BA,41,90,2,600,1.09024,9
BAN,41,90,2,600,1.11233,9
BAUl,41,90,2,600,1.0301,9
BAUe,41,90,2,600,1.26156,11
BAUD,41,90,2,600,0.90543,6
KCA,41,90,2,600,1.46131,1
KCF,41,90,2,600,1.31201,1
KCRDK,41,90,2,600,0.136904,1
KCRDKL,41,90,2,600,0.136292,1
KCUl,41,90,2,600,0.107982,1
KCUe,41,90,2,600,0.094926,1
KCUD,41,90,2,600,0.120865,1
KCOG,41,90,2,600,0.142841,1
KCOGL,41,90,2,600,0.141166,1
BA,61,90,2,600,1.97613,11
BAN,61,90,2,600,1.11149,9
BAUl,61,90,2,600,1.79941,11
BAUe,61,90,2,600,1.51123,11
BAUD,61,90,2,600,0.347608,4
KCA,61,90,2,600,3.98587,1
KCF,61,90,2,600,2.45416,1
KCRDK,61,90,2,600,0.239511,1
KCRDKL,61,90,2,600,0.234118,1
KCUl,61,90,2,600,0.165811,1
KCUe,61,90,2,600,0.16825,1
KCUD,61,90,2,600,0.177859,1
KCOG,61,90,2,600,0.253515,1
KCOGL,61,90,2,600,0.25548,1
BA,81,90,2,600,2.42439,11
BAN,81,90,2,600,1.61984,10
BAUl,81,90,2,600,2.08246,11
BAUe,81,90,2,600,1.43561,10
BAUD,81,90,2,600,0.207648,3
KCA,81,90,2,600,11.856,1
KCF,81,90,2,600,4.98587,1
KCRDK,81,90,2,600,0.428262,1
KCRDKL,81,90,2,600,0.336196,1
KCUl,81,90,2,600,0.25065,1
KCUe,81,90,2,600,0.255343,1
KCUD,81,90,2,600,0.261208,1
KCOG,81,90,2,600,0.386795,1
KCOGL,81,90,2,600,0.354471,1
BA,101,90,2,600,1.80217,10
BAN,101,90,2,600,1.54217,10
BAUl,101,90,2,600,1.43884,10
BAUe,101,90,2,600,2.42716,12
BAUD,101,90,2,600,0.432701,4
KCA,101,90,2,600,8.86202,1
KCF,101,90,2,600,4.03183,1
KCRDK,101,90,2,600,0.555178,1
KCRDKL,101,90,2,600,0.5386,1
KCUl,101,90,2,600,0.370823,1
KCUe,101,90,2,600,0.369291,1
KCUD,101,90,2,600,0.384184,1
KCOG,101,90,2,600,0.516921,1
KCOGL,101,90,2,600,0.535666,1
BA,1,90,2,600,0.033723,2
BAN,1,90,2,600,0.036196,2
BAUl,1,90,2,600,0.033057,2
BAUe,1,90,2,600,0.032387,2
BAUD,1,90,2,600,0.03423,2
KCA,1,90,2,600,0.033192,1
KCF,1,90,2,600,0.034471,1
KCRDK,1,90,2,600,0.026044,1
KCRDKL,1,90,2,600,0.023757,1
KCUl,1,90,2,600,0.025476,1
KCUe,1,90,2,600,0.029084,1
KCUD,1,90,2,600,0.029621,1
KCOG,1,90,2,600,0.02404,1
KCOGL,1,90,2,600,0.024588,1
BA,21,90,2,600,0.048421,2
BAN,21,90,2,600,0.049449,2
BAUl,21,90,2,600,0.043509,2
BAUe,21,90,2,600,0.442168,8
BAUD,21,90,2,600,0.049756,2
KCA,21,90,2,600,0.275401,1
KCF,21,90,2,600,0.217363,1
KCRDK,21,90,2,600,0.057555,1
KCRDKL,21,90,2,600,0.067759,1
KCUl,21,90,2,600,0.044542,1
KCUe,21,90,2,600,0.045787,1
KCUD,21,90,2,600,0.050911,1
KCOG,21,90,2,600,0.064361,1
KCOGL,21,90,2,600,0.066635,1
BA,41,90,2,600,0.06349,2
BAN,41,90,2,600,0.050473,2
BAUl,41,90,2,600,0.047794,2
BAUe,41,90,2,600,0.38475,7
BAUD,41,90,2,600,0.05611,2
KCA,41,90,2,600,0.942554,1
KCF,41,90,2,600,0.913959,1
KCRDK,41,90,2,600,0.128347,1
KCRDKL,41,90,2,600,0.131617,1
KCUl,41,90,2,600,0.091668,1
KCUe,41,90,2,600,0.095454,1
KCUD,41,90,2,600,0.095086,1
KCOG,41,90,2,600,0.149808,1
KCOGL,41,90,2,600,0.139024,1
BA,61,90,2,600,0.17248,3
BAN,61,90,2,600,0.121069,3
BAUl,61,90,2,600,0.120946,3
BAUe,61,90,2,600,0.418045,6
BAUD,61,90,2,600,0.078976,2
KCA,61,90,2,600,3.367,1
KCF,61,90,2,600,1.65469,1
KCRDK,61,90,2,600,0.252302,1
KCRDKL,61,90,2,600,0.247306,1
KCUl,61,90,2,600,0.166932,1
KCUe,61,90,2,600,0.161755,1
KCUD,61,90,2,600,0.165546,1
KCOG,61,90,2,600,0.244381,1
KCOGL,61,90,2,600,0.243679,1
BA,81,90,2,600,0.221475,3
BAN,81,90,2,600,0.152625,3
BAUl,81,90,2,600,0.145435,3
BAUe,81,90,2,600,0.844153,9
BAUD,81,90,2,600,0.17921,3
KCA,81,90,2,600,4.27535,1
KCF,81,90,2,600,7.3655,1
KCRDK,81,90,2,600,0.378447,1
KCRDKL,81,90,2,600,0.39979,1
KCUl,81,90,2,600,0.25623,1
KCUe,81,90,2,600,0.260361,1
KCUD,81,90,2,600,0.257549,1
KCOG,81,90,2,600,0.362837,1
KCOGL,81,90,2,600,0.39338,1
BA,101,90,2,600,0.299237,3
BAN,101,90,2,600,0.189555,3
BAUl,101,90,2,600,0.179114,3
BAUe,101,90,2,600,0.986076,9
BAUD,101,90,2,600,0.124942,2
KCA,101,90,2,600,6.42618,1
KCF,101,90,2,600,4.2871,1
KCRDK,101,90,2,600,0.52622,1
KCRDKL,101,90,2,600,0.509468,1
KCUl,101,90,2,600,0.369203,1
KCUe,101,90,2,600,0.371063,1
KCUD,101,90,2,600,0.368676,1
KCOG,101,90,2,600,0.5513,1
KCOGL,101,90,2,600,0.567357,1
BA,1,90,2,600,0.036073,2
BAN,1,90,2,600,0.038292,2
BAUl,1,90,2,600,0.043774,2
BAUe,1,90,2,600,0.109885,4
BAUD,1,90,2,600,0.03698,2
KCA,1,90,2,600,0.033883,1
KCF,1,90,2,600,0.043327,1
KCRDK,1,90,2,600,0.025835,1
KCRDKL,1,90,2,600,0.025269,1
KCUl,1,90,2,600,0.024432,1
KCUe,1,90,2,600,0.062597,3
KCUD,1,90,2,600,0.04337,1
KCOG,1,90,2,600,0.027491,1
KCOGL,1,90,2,600,0.025212,1
BA,21,90,2,600,0.046661,2
BAN,21,90,2,600,0.044288,2
BAUl,21,90,2,600,0.040737,2
BAUe,21,90,2,600,0.075727,3
BAUD,21,90,2,600,0.049189,2
KCA,21,90,2,600,0.21921,1
KCF,21,90,2,600,0.193395,1
KCRDK,21,90,2,600,0.058664,1
KCRDKL,21,90,2,600,0.060649,1
KCUl,21,90,2,600,0.042941,1
KCUe,21,90,2,600,0.075815,2
KCUD,21,90,2,600,0.049917,1
KCOG,21,90,2,600,0.064002,1
KCOGL,21,90,2,600,0.062811,1
BA,41,90,2,600,0.0629,2
BAN,41,90,2,600,0.054092,2
BAUl,41,90,2,600,0.051052,2
BAUe,41,90,2,600,0.085705,3
BAUD,41,90,2,600,0.052232,2
KCA,41,90,2,600,0.929387,1
KCF,41,90,2,600,0.964613,1
KCRDK,41,90,2,600,0.129814,1
KCRDKL,41,90,2,600,0.135735,1
KCUl,41,90,2,600,0.089104,1
KCUe,41,90,2,600,0.158766,2
KCUD,41,90,2,600,0.093978,1
KCOG,41,90,2,600,0.1406,1
KCOGL,41,90,2,600,0.123545,1
BA,61,90,2,600,0.095027,2
BAN,61,90,2,600,0.068949,2
BAUl,61,90,2,600,0.065437,2
BAUe,61,90,2,600,0.110872,3
BAUD,61,90,2,600,0.069677,2
KCA,61,90,2,600,2.1596,1
KCF,61,90,2,600,2.06039,1
KCRDK,61,90,2,600,0.236957,1
KCRDKL,61,90,2,600,0.21575,1
KCUl,61,90,2,600,0.165895,1
KCUe,61,90,2,600,0.266937,2
KCUD,61,90,2,600,0.163944,1
KCOG,61,90,2,600,0.248404,1
KCOGL,61,90,2,600,0.244632,1
BA,81,90,2,600,0.138296,2
BAN,81,90,2,600,0.089651,2
BAUl,81,90,2,600,0.091003,2
BAUe,81,90,2,600,0.142663,3
BAUD,81,90,2,600,0.08996,2
KCA,81,90,2,600,3.53554,1
KCF,81,90,2,600,5.36339,1
KCRDK,81,90,2,600,0.405197,1
KCRDKL,81,90,2,600,0.371722,1
KCUl,81,90,2,600,0.256546,1
KCUe,81,90,2,600,0.42778,2
KCUD,81,90,2,600,0.258284,1
KCOG,81,90,2,600,0.364538,1
KCOGL,81,90,2,600,0.382577,1
BA,101,90,2,600,0.192987,2
BAN,101,90,2,600,0.118278,2
BAUl,101,90,2,600,0.114975,2
BAUe,101,90,2,600,0.183339,3
BAUD,101,90,2,600,0.115829,2
KCA,101,90,2,600,6.39339,1
KCF,101,90,2,600,6.84779,1
KCRDK,101,90,2,600,0.558615,1
KCRDKL,101,90,2,600,0.509428,1
KCUl,101,90,2,600,0.371595,1
KCUe,101,90,2,600,0.615805,2
KCUD,101,90,2,600,0.372472,1
KCOG,101,90,2,600,0.560165,1
KCOGL,101,90,2,600,0.560671,1
BA,1,90,2,600,0.065914,3
BAN,1,90,2,600,0.076435,3
BAUl,1,90,2,600,0.06134,3
BAUe,1,90,2,600,0.072571,3
BAUD,1,90,2,600,0.076628,3
KCA,1,90,2,600,0.059109,2
KCF,1,90,2,600,0.047807,2
KCRDK,1,90,2,600,0.057604,2
KCRDKL,1,90,2,600,0.045385,2
KCUl,1,90,2,600,0.048212,2
KCUe,1,90,2,600,0.043305,2
KCUD,1,90,2,600,0.045562,2
KCOG,1,90,2,600,0.045987,2
KCOGL,1,90,2,600,0.042717,2
BA,21,90,2,600,0.704566,9
BAN,21,90,2,600,0.720642,9
BAUl,21,90,2,600,0.683817,9
BAUe,21,90,2,600,0.879481,10
BAUD,21,90,2,600,1.58589,10
KCA,21,90,2,600,0.207419,1
KCF,21,90,2,600,0.175859,1
KCRDK,21,90,2,600,0.066062,1
KCRDKL,21,90,2,600,0.072655,1
KCUl,21,90,2,600,0.047891,1
KCUe,21,90,2,600,0.054094,1
KCUD,21,90,2,600,0.05321,1
KCOG,21,90,2,600,0.068416,1
KCOGL,21,90,2,600,0.067551,1
BA,41,90,2,600,0.858567,10
BAN,41,90,2,600,0.892565,10
BAUl,41,90,2,600,0.771926,10
BAUe,41,90,2,600,0.804845,9
BAUD,41,90,2,600,1.39602,10
KCA,41,90,2,600,0.577329,1
KCF,41,90,2,600,0.473339,1
KCRDK,41,90,2,600,0.147211,1
KCRDKL,41,90,2,600,0.145774,1
KCUl,41,90,2,600,0.096155,1
KCUe,41,90,2,600,0.0985,1
KCUD,41,90,2,600,0.098168,1
KCOG,41,90,2,600,0.124977,1
KCOGL,41,90,2,600,0.139559,1
BA,61,90,2,600,1.2178,10
BAN,61,90,2,600,1.18618,10
BAUl,61,90,2,600,1.08389,10
BAUe,61,90,2,600,1.2888,11
BAUD,61,90,2,600,2.14443,11
KCA,61,90,2,600,1.47,1
KCF,61,90,2,600,1.1123,1
KCRDK,61,90,2,600,0.227998,1
KCRDKL,61,90,2,600,0.220541,1
KCUl,61,90,2,600,0.160191,1
KCUe,61,90,2,600,0.159363,1
KCUD,61,90,2,600,0.163138,1
KCOG,61,90,2,600,0.23149,1
KCOGL,61,90,2,600,0.244981,1
BA,81,90,2,600,1.10759,9
BAN,81,90,2,600,0.95997,9
BAUl,81,90,2,600,0.872755,9
BAUe,81,90,2,600,1.08728,9
BAUD,81,90,2,600,1.40904,9
KCA,81,90,2,600,2.31106,1
KCF,81,90,2,600,1.83133,1
KCRDK,81,90,2,600,0.370923,1
KCRDKL,81,90,2,600,0.341056,1
KCUl,81,90,2,600,0.253164,1
KCUe,81,90,2,600,0.252821,1
KCUD,81,90,2,600,0.255829,1
KCOG,81,90,2,600,0.378541,1
KCOGL,81,90,2,600,0.365991,1
BA,101,90,2,600,1.31915,9
BAN,101,90,2,600,1.06649,9
BAUl,101,90,2,600,0.983192,9
BAUe,101,90,2,600,1.26876,9
BAUD,101,90,2,600,1.5271,9
KCA,101,90,2,600,2.41423,1
KCF,101,90,2,600,2.57744,1
KCRDK,101,90,2,600,0.52167,1
KCRDKL,101,90,2,600,0.552616,1
KCUl,101,90,2,600,0.370122,1
KCUe,101,90,2,600,0.367969,1
KCUD,101,90,2,600,0.375775,1
KCOG,101,90,2,600,0.515742,1
KCOGL,101,90,2,600,0.532056,1
BA,1,90,2,600,0.121471,4
BAN,1,90,2,600,0.130104,4
BAUl,1,90,2,600,0.128725,4
BAUe,1,90,2,600,0.140807,4
BAUD,1,90,2,600,0.09758,3
KCA,1,90,2,600,0.042356,1
KCF,1,90,2,600,0.036558,1
KCRDK,1,90,2,600,0.07457,3
KCRDKL,1,90,2,600,0.067652,3
KCUl,1,90,2,600,0.060393,3
KCUe,1,90,2,600,0.07963,3
KCUD,1,90,2,600,0.054921,2
KCOG,1,90,2,600,0.066821,3
KCOGL,1,90,2,600,0.073873,3
BA,21,90,2,600,4.95621,17
BAN,21,90,2,600,7.07968,17
BAUl,21,90,2,600,5.05512,17
BAUe,21,90,2,600,4.22579,16
BAUD,21,90,2,600,8.3911,16
KCA,21,90,2,600,0.1729,1
KCF,21,90,2,600,0.151094,1
KCRDK,21,90,2,600,0.074979,1
KCRDKL,21,90,2,600,0.074483,1
KCUl,21,90,2,600,0.049862,1
KCUe,21,90,2,600,0.052401,1
KCUD,21,90,2,600,0.056697,1
KCOG,21,90,2,600,0.073646,1
KCOGL,21,90,2,600,0.078219,1
BA,41,90,2,600,5.76643,17
BAN,41,90,2,600,7.07362,16
BAUl,41,90,2,600,5.43269,17
BAUe,41,90,2,600,4.62455,16
BAUD,41,90,2,600,9.40934,16
KCA,41,90,2,600,0.375552,1
KCF,41,90,2,600,0.314318,1
KCRDK,41,90,2,600,0.147327,1
KCRDKL,41,90,2,600,0.138883,1
KCUl,41,90,2,600,0.09544,1
KCUe,41,90,2,600,0.096331,1
KCUD,41,90,2,600,0.102116,1
KCOG,41,90,2,600,0.139248,1
KCOGL,41,90,2,600,0.144943,1
BA,61,90,2,600,6.80282,17
BAN,61,90,2,600,9.0711,17
BAUl,61,90,2,600,6.26987,17
BAUe,61,90,2,600,5.07526,16
BAUD,61,90,2,600,7.95915,15
KCA,61,90,2,600,0.594349,1
KCF,61,90,2,600,0.592202,1
KCRDK,61,90,2,600,0.240159,1
KCRDKL,61,90,2,600,0.232563,1
KCUl,61,90,2,600,0.165269,1
KCUe,61,90,2,600,0.165599,1
KCUD,61,90,2,600,0.16858,1
KCOG,61,90,2,600,0.245724,1
KCOGL,61,90,2,600,0.220236,1
BA,81,90,2,600,6.82522,17
BAN,81,90,2,600,9.70488,16
BAUl,81,90,2,600,6.50067,17
BAUe,81,90,2,600,4.86474,16
BAUD,81,90,2,600,11.2005,17
KCA,81,90,2,600,1.16088,1
KCF,81,90,2,600,0.914051,1
KCRDK,81,90,2,600,0.404783,1
KCRDKL,81,90,2,600,0.389843,1
KCUl,81,90,2,600,0.260709,1
KCUe,81,90,2,600,0.260571,1
KCUD,81,90,2,600,0.266207,1
KCOG,81,90,2,600,0.418837,1
KCOGL,81,90,2,600,0.399825,1
BA,101,90,2,600,6.32611,16
BAN,101,90,2,600,9.8314,17
BAUl,101,90,2,600,5.7768,16
BAUe,101,90,2,600,5.73637,16
BAUD,101,90,2,600,11.8361,17
KCA,101,90,2,600,1.63553,1
KCF,101,90,2,600,1.81696,1
KCRDK,101,90,2,600,0.572308,1
KCRDKL,101,90,2,600,0.590459,1
KCUl,101,90,2,600,0.39361,1
KCUe,101,90,2,600,0.379766,1
KCUD,101,90,2,600,0.383958,1
KCOG,101,90,2,600,0.538665,1
KCOGL,101,90,2,600,0.558316,1
BA,1,90,2,600,0.117633,4
BAN,1,90,2,600,0.13216,4
BAUl,1,90,2,600,0.123723,4
BAUe,1,90,2,600,0.105755,4
BAUD,1,90,2,600,0.075438,3
KCA,1,90,2,600,0.048702,2
KCF,1,90,2,600,0.05222,2
KCRDK,1,90,2,600,0.058014,3
KCRDKL,1,90,2,600,0.074366,3
KCUl,1,90,2,600,0.057761,3
KCUe,1,90,2,600,0.078836,3
KCUD,1,90,2,600,0.047122,2
KCOG,1,90,2,600,0.061884,3
KCOGL,1,90,2,600,0.061778,3
BA,21,90,2,600,7.36803,20
BAN,21,90,2,600,7.74377,20
BAUl,21,90,2,600,7.40357,20
BAUe,21,90,2,600,6.51772,19
BAUD,21,90,2,600,12.2161,18
KCA,21,90,2,600,0.190261,1
KCF,21,90,2,600,0.181874,1
KCRDK,21,90,2,600,0.162308,1
KCRDKL,21,90,2,600,0.077865,1
KCUl,21,90,2,600,0.049866,1
KCUe,21,90,2,600,0.050847,1
KCUD,21,90,2,600,0.054552,1
KCOG,21,90,2,600,0.071863,1
KCOGL,21,90,2,600,0.070357,1
BA,41,90,2,600,8.46739,20
BAN,41,90,2,600,7.5473,19
BAUl,41,90,2,600,8.02494,20
BAUe,41,90,2,600,7.71858,20
BAUD,41,90,2,600,14.8991,19
KCA,41,90,2,600,0.392147,1
KCF,41,90,2,600,0.378595,1
KCRDK,41,90,2,600,0.125545,1
KCRDKL,41,90,2,600,0.128215,1
KCUl,41,90,2,600,0.092948,1
KCUe,41,90,2,600,0.091754,1
KCUD,41,90,2,600,0.101151,1
KCOG,41,90,2,600,0.12914,1
KCOGL,41,90,2,600,0.134516,1
BA,61,90,2,600,8.68821,20
BAN,61,90,2,600,8.96061,20
BAUl,61,90,2,600,8.48087,20
BAUe,61,90,2,600,7.376,19
BAUD,61,90,2,600,19.2454,20
KCA,61,90,2,600,0.9103,1
KCF,61,90,2,600,0.796371,1
KCRDK,61,90,2,600,0.25,1
KCRDKL,61,90,2,600,0.256334,1
KCUl,61,90,2,600,0.166802,1
KCUe,61,90,2,600,0.162523,1
KCUD,61,90,2,600,0.172422,1
KCOG,61,90,2,600,0.256088,1
KCOGL,61,90,2,600,0.248456,1
BA,81,90,2,600,9.6328,20
BAN,81,90,2,600,9.90931,20
BAUl,81,90,2,600,9.00326,20
BAUe,81,90,2,600,7.62676,19
BAUD,81,90,2,600,19.5999,20
KCA,81,90,2,600,1.37069,1
KCF,81,90,2,600,1.31694,1
KCRDK,81,90,2,600,0.399471,1
KCRDKL,81,90,2,600,0.38083,1
KCUl,81,90,2,600,0.259868,1
KCUe,81,90,2,600,0.257546,1
KCUD,81,90,2,600,0.26963,1
KCOG,81,90,2,600,0.379697,1
KCOGL,81,90,2,600,0.382693,1
BA,101,90,2,600,10.1187,20
BAN,101,90,2,600,10.5169,20
BAUl,101,90,2,600,9.36014,20
BAUe,101,90,2,600,9.07156,20
BAUD,101,90,2,600,17.1672,19
KCA,101,90,2,600,1.69464,1
KCF,101,90,2,600,1.47794,1
KCRDK,101,90,2,600,0.557969,1
KCRDKL,101,90,2,600,0.628471,1
KCUl,101,90,2,600,0.386459,1
KCUe,101,90,2,600,0.380867,1
KCUD,101,90,2,600,0.382719,1
KCOG,101,90,2,600,0.550253,1
KCOGL,101,90,2,600,0.516094,1
BA,1,90,2,600,0.072053,3
BAN,1,90,2,600,0.07495,3
BAUl,1,90,2,600,0.0641,3
BAUe,1,90,2,600,0.120149,4
BAUD,1,90,2,600,0.075225,3
KCA,1,90,2,600,0.048728,2
KCF,1,90,2,600,0.045731,2
KCRDK,1,90,2,600,0.044035,2
KCRDKL,1,90,2,600,0.04634,2
KCUl,1,90,2,600,0.049073,2
KCUe,1,90,2,600,0.068267,3
KCUD,1,90,2,600,0.048208,2
KCOG,1,90,2,600,0.067418,2
KCOGL,1,90,2,600,0.094591,2
BA,21,90,2,600,5.98463,18
BAN,21,90,2,600,6.49507,18
BAUl,21,90,2,600,5.79276,18
BAUe,21,90,2,600,6.35479,18
BAUD,21,90,2,600,11.2347,17
KCA,21,90,2,600,0.184966,1
KCF,21,90,2,600,0.180172,1
KCRDK,21,90,2,600,0.072548,1
KCRDKL,21,90,2,600,0.077892,1
KCUl,21,90,2,600,0.050147,1
KCUe,21,90,2,600,0.063765,1
KCUD,21,90,2,600,0.21242,1
KCOG,21,90,2,600,0.068645,1
KCOGL,21,90,2,600,0.06863,1
BA,41,90,2,600,12.8124,25
BAN,41,90,2,600,12.9391,25
BAUl,41,90,2,600,12.6447,25
BAUe,41,90,2,600,16.7183,26
BAUD,41,90,2,600,21.7731,22
KCA,41,90,2,600,0.602884,1
KCF,41,90,2,600,0.485477,1
KCRDK,41,90,2,600,0.146226,1
KCRDKL,41,90,2,600,0.142614,1
KCUl,41,90,2,600,0.100723,1
KCUe,41,90,2,600,0.095222,1
KCUD,41,90,2,600,0.108672,1
KCOG,41,90,2,600,0.13702,1
KCOGL,41,90,2,600,0.147353,1
BA,61,90,2,600,16.5109,26
BAN,61,90,2,600,18.4065,27
BAUl,61,90,2,600,15.9024,26
BAUe,61,90,2,600,27.4009,31
BAUD,61,90,2,600,58.4192,30
KCA,61,90,2,600,0.926374,1
KCF,61,90,2,600,0.832038,1
KCRDK,61,90,2,600,0.250018,1
KCRDKL,61,90,2,600,0.256633,1
KCUl,61,90,2,600,0.164804,1
KCUe,61,90,2,600,0.166342,1
KCUD,61,90,2,600,0.172343,1
KCOG,61,90,2,600,0.247289,1
KCOGL,61,90,2,600,0.248416,1
BA,81,90,2,600,16.3257,24
BAN,81,90,2,600,21.0666,27
BAUl,81,90,2,600,15.557,24
BAUe,81,90,2,600,18.366,26
BAUD,81,90,2,600,31.6915,24
KCA,81,90,2,600,1.31553,1
KCF,81,90,2,600,1.41422,1
KCRDK,81,90,2,600,0.407644,1
KCRDKL,81,90,2,600,0.374598,1
KCUl,81,90,2,600,0.270485,1
KCUe,81,90,2,600,0.263845,1
KCUD,81,90,2,600,0.281374,1
KCOG,81,90,2,600,0.405502,1
KCOGL,81,90,2,600,0.384369,1
BA,101,90,2,600,13.1542,22
BAN,101,90,2,600,17.3328,24
BAUl,101,90,2,600,12.2978,22
BAUe,101,90,2,600,14.4217,23
BAUD,101,90,2,600,24.9879,22
KCA,101,90,2,600,1.78907,1
KCF,101,90,2,600,1.71337,1
KCRDK,101,90,2,600,0.594281,1
KCRDKL,101,90,2,600,0.593347,1
KCUl,101,90,2,600,0.390067,1
KCUe,101,90,2,600,0.375565,1
KCUD,101,90,2,600,0.382447,1
KCOG,101,90,2,600,0.526083,1
KCOGL,101,90,2,600,0.524469,1
BA,1,90,2,600,0.110929,4
BAN,1,90,2,600,0.118072,4
BAUl,1,90,2,600,0.100834,4
BAUe,1,90,2,600,0.110421,4
BAUD,1,90,2,600,0.088776,3
KCA,1,90,2,600,0.029469,1
KCF,1,90,2,600,0.037192,1
KCRDK,1,90,2,600,0.052315,2
KCRDKL,1,90,2,600,0.04941,2
KCUl,1,90,2,600,0.063749,3
KCUe,1,90,2,600,0.062328,3
KCUD,1,90,2,600,0.050138,2
KCOG,1,90,2,600,0.0455,2
KCOGL,1,90,2,600,0.046193,2
BA,21,90,2,600,0.537177,9
BAN,21,90,2,600,0.604358,9
BAUl,21,90,2,600,0.515427,9
BAUe,21,90,2,600,0.825046,10
BAUD,21,90,2,600,0.887724,9
KCA,21,90,2,600,0.203297,1
KCF,21,90,2,600,0.196735,1
KCRDK,21,90,2,600,0.067741,1
KCRDKL,21,90,2,600,0.060394,1
KCUl,21,90,2,600,0.046571,1
KCUe,21,90,2,600,0.045154,1
KCUD,21,90,2,600,0.053957,1
KCOG,21,90,2,600,0.061927,1
KCOGL,21,90,2,600,0.066613,1
BA,41,90,2,600,0.503228,8
BAN,41,90,2,600,0.526385,8
BAUl,41,90,2,600,0.442822,8
BAUe,41,90,2,600,0.89652,11
BAUD,41,90,2,600,0.930192,9
KCA,41,90,2,600,0.623318,1
KCF,41,90,2,600,0.521522,1
KCRDK,41,90,2,600,0.147472,1
KCRDKL,41,90,2,600,0.140243,1
KCUl,41,90,2,600,0.092073,1
KCUe,41,90,2,600,0.100766,1
KCUD,41,90,2,600,0.102615,1
KCOG,41,90,2,600,0.127369,1
KCOGL,41,90,2,600,0.13784,1
BA,61,90,2,600,0.958433,10
BAN,61,90,2,600,0.916706,10
BAUl,61,90,2,600,0.810523,10
BAUe,61,90,2,600,0.943619,10
BAUD,61,90,2,600,1.18339,9
KCA,61,90,2,600,1.46416,1
KCF,61,90,2,600,1.27072,1
KCRDK,61,90,2,600,0.238557,1
KCRDKL,61,90,2,600,0.227959,1
KCUl,61,90,2,600,0.166044,1
KCUe,61,90,2,600,0.160585,1
KCUD,61,90,2,600,0.164491,1
KCOG,61,90,2,600,0.256388,1
KCOGL,61,90,2,600,0.241953,1
BA,81,90,2,600,1.50083,11
BAN,81,90,2,600,1.37477,11
BAUl,81,90,2,600,1.21215,11
BAUe,81,90,2,600,0.887644,9
BAUD,81,90,2,600,1.44694,10
KCA,81,90,2,600,2.8587,1
KCF,81,90,2,600,2.42242,1
KCRDK,81,90,2,600,0.379249,1
KCRDKL,81,90,2,600,0.37103,1
KCUl,81,90,2,600,0.258726,1
KCUe,81,90,2,600,0.255358,1
KCUD,81,90,2,600,0.260544,1
KCOG,81,90,2,600,0.372543,1
KCOGL,81,90,2,600,0.386724,1
BA,101,90,2,600,1.76179,11
BAN,101,90,2,600,1.46128,11
BAUl,101,90,2,600,1.32471,11
BAUe,101,90,2,600,1.08501,9
BAUD,101,90,2,600,1.26637,9
KCA,101,90,2,600,3.46201,1
KCF,101,90,2,600,2.63553,1
KCRDK,101,90,2,600,0.553335,1
KCRDKL,101,90,2,600,0.557819,1
KCUl,101,90,2,600,0.36839,1
KCUe,101,90,2,600,0.368816,1
KCUD,101,90,2,600,0.375417,1
KCOG,101,90,2,600,0.568294,1
KCOGL,101,90,2,600,0.497546,1
BA,1,90,2,600,0.029563,2
BAN,1,90,2,600,0.037059,2
BAUl,1,90,2,600,0.029537,2
BAUe,1,90,2,600,0.030972,2
BAUD,1,90,2,600,0.030994,2
KCA,1,90,2,600,0.034541,1
KCF,1,90,2,600,0.034529,1
KCRDK,1,90,2,600,0.027411,1
KCRDKL,1,90,2,600,0.02669,1
KCUl,1,90,2,600,0.02929,1
KCUe,1,90,2,600,0.027923,1
KCUD,1,90,2,600,0.028257,1
KCOG,1,90,2,600,0.025911,1
KCOGL,1,90,2,600,0.027259,1
BA,21,90,2,600,0.049495,2
BAN,21,90,2,600,0.040511,2
BAUl,21,90,2,600,0.035867,2
BAUe,21,90,2,600,0.58338,9
BAUD,21,90,2,600,0.044114,2
KCA,21,90,2,600,0.226755,1
KCF,21,90,2,600,0.211244,1
KCRDK,21,90,2,600,0.068478,1
KCRDKL,21,90,2,600,0.062345,1
KCUl,21,90,2,600,0.059684,1
KCUe,21,90,2,600,0.045727,1
KCUD,21,90,2,600,0.050623,1
KCOG,21,90,2,600,0.063949,1
KCOGL,21,90,2,600,0.055762,1
BA,41,90,2,600,0.058314,2
BAN,41,90,2,600,0.0453,2
BAUl,41,90,2,600,0.045128,2
BAUe,41,90,2,600,0.895294,11
BAUD,41,90,2,600,0.053945,2
KCA,41,90,2,600,0.814528,1
KCF,41,90,2,600,0.826163,1
KCRDK,41,90,2,600,0.130188,1
KCRDKL,41,90,2,600,0.117758,1
KCUl,41,90,2,600,0.087665,1
KCUe,41,90,2,600,0.089792,1
KCUD,41,90,2,600,0.095892,1
KCOG,41,90,2,600,0.123968,1
KCOGL,41,90,2,600,0.12653,1
BA,61,90,2,600,0.090031,2
BAN,61,90,2,600,0.064477,2
BAUl,61,90,2,600,0.059402,2
BAUe,61,90,2,600,0.796965,10
BAUD,61,90,2,600,0.078555,2
KCA,61,90,2,600,1.85365,1
KCF,61,90,2,600,1.28098,1
KCRDK,61,90,2,600,0.229183,1
KCRDKL,61,90,2,600,0.237789,1
KCUl,61,90,2,600,0.157393,1
KCUe,61,90,2,600,0.158598,1
KCUD,61,90,2,600,0.168636,1
KCOG,61,90,2,600,0.224151,1
KCOGL,61,90,2,600,0.244802,1
BA,81,90,2,600,0.19428,2
BAN,81,90,2,600,0.085032,2
BAUl,81,90,2,600,0.081679,2
BAUe,81,90,2,600,0.80262,9
BAUD,81,90,2,600,0.090609,2
KCA,81,90,2,600,3.1577,1
KCF,81,90,2,600,2.931,1
KCRDK,81,90,2,600,0.394002,1
KCRDKL,81,90,2,600,0.380614,1
KCUl,81,90,2,600,0.250906,1
KCUe,81,90,2,600,0.252022,1
KCUD,81,90,2,600,0.25539,1
KCOG,81,90,2,600,0.39712,1
KCOGL,81,90,2,600,0.378007,1
BA,101,90,2,600,0.187109,2
BAN,101,90,2,600,0.109905,2
BAUl,101,90,2,600,0.108215,2
BAUe,101,90,2,600,1.27662,10
BAUD,101,90,2,600,0.114997,2
KCA,101,90,2,600,5.48139,1
KCF,101,90,2,600,3.17496,1
KCRDK,101,90,2,600,0.556779,1
KCRDKL,101,90,2,600,0.556191,1
KCUl,101,90,2,600,0.366832,1
KCUe,101,90,2,600,0.367958,1
KCUD,101,90,2,600,0.371407,1
KCOG,101,90,2,600,0.496267,1
KCOGL,101,90,2,600,0.509916,1
BA,1,90,2,600,0.071226,3
BAN,1,90,2,600,0.072962,3
BAUl,1,90,2,600,0.073384,3
BAUe,1,90,2,600,0.066038,3
BAUD,1,90,2,600,0.074577,3
KCA,1,90,2,600,0.021395,1
KCF,1,90,2,600,0.036288,1
KCRDK,1,90,2,600,0.024178,1
KCRDKL,1,90,2,600,0.026755,1
KCUl,1,90,2,600,0.021109,1
KCUe,1,90,2,600,0.018493,1
KCUD,1,90,2,600,0.01924,1
KCOG,1,90,2,600,0.021887,1
KCOGL,1,90,2,600,0.025866,1
BA,21,90,2,600,0.085714,3
BAN,21,90,2,600,0.076606,3
BAUl,21,90,2,600,0.128414,3
BAUe,21,90,2,600,0.48428,8
BAUD,21,90,2,600,0.104044,3
KCA,21,90,2,600,0.256448,1
KCF,21,90,2,600,0.20906,1
KCRDK,21,90,2,600,0.06333,1
KCRDKL,21,90,2,600,0.06527,1
KCUl,21,90,2,600,0.043106,1
KCUe,21,90,2,600,0.080014,2
KCUD,21,90,2,600,0.049719,1
KCOG,21,90,2,600,0.060248,1
KCOGL,21,90,2,600,0.064911,1
BA,41,90,2,600,0.114513,3
BAN,41,90,2,600,0.099327,3
BAUl,41,90,2,600,0.090414,3
BAUe,41,90,2,600,0.513531,8
BAUD,41,90,2,600,0.133893,3
KCA,41,90,2,600,0.898382,1
KCF,41,90,2,600,0.711169,1
KCRDK,41,90,2,600,0.135819,1
KCRDKL,41,90,2,600,0.144006,1
KCUl,41,90,2,600,0.091225,1
KCUe,41,90,2,600,0.160657,2
KCUD,41,90,2,600,0.092147,1
KCOG,41,90,2,600,0.127175,1
KCOGL,41,90,2,600,0.127868,1
BA,61,90,2,600,0.156416,3
BAN,61,90,2,600,0.125772,3
BAUl,61,90,2,600,0.113042,3
BAUe,61,90,2,600,0.536469,8
BAUD,61,90,2,600,0.153081,3
KCA,61,90,2,600,1.71145,1
KCF,61,90,2,600,1.58709,1
KCRDK,61,90,2,600,0.243985,1
KCRDKL,61,90,2,600,0.23294,1
KCUl,61,90,2,600,0.155169,1
KCUe,61,90,2,600,0.266887,2
KCUD,61,90,2,600,0.159208,1
KCOG,61,90,2,600,0.210666,1
KCOGL,61,90,2,600,0.243507,1
BA,81,90,2,600,0.218385,3
BAN,81,90,2,600,0.149809,3
BAUl,81,90,2,600,0.145726,3
BAUe,81,90,2,600,0.624817,8
BAUD,81,90,2,600,0.168867,3
KCA,81,90,2,600,2.67924,1
KCF,81,90,2,600,2.98934,1
KCRDK,81,90,2,600,0.392002,1
KCRDKL,81,90,2,600,0.394637,1
KCUl,81,90,2,600,0.249291,1
KCUe,81,90,2,600,0.764899,4
KCUD,81,90,2,600,0.251348,1
KCOG,81,90,2,600,0.371507,1
KCOGL,81,90,2,600,0.375358,1
BA,101,90,2,600,0.297256,3
BAN,101,90,2,600,0.188984,3
BAUl,101,90,2,600,0.18094,3
BAUe,101,90,2,600,0.781673,8
BAUD,101,90,2,600,0.216231,3
KCA,101,90,2,600,4.9769,1
KCF,101,90,2,600,4.2178,1
KCRDK,101,90,2,600,0.553434,1
KCRDKL,101,90,2,600,0.55105,1
KCUl,101,90,2,600,0.36549,1
KCUe,101,90,2,600,1.1115,4
KCUD,101,90,2,600,0.367643,1
KCOG,101,90,2,600,0.561021,1
KCOGL,101,90,2,600,0.50582,1
BA,1,90,2,600,0.119295,4
BAN,1,90,2,600,0.128954,4
BAUl,1,90,2,600,0.119445,4
BAUe,1,90,2,600,0.111386,4
BAUD,1,90,2,600,0.115894,3
KCA,1,90,2,600,0.033872,1
KCF,1,90,2,600,0.033461,1
KCRDK,1,90,2,600,0.087223,3
KCRDKL,1,90,2,600,0.067309,3
KCUl,1,90,2,600,0.074447,3
KCUe,1,90,2,600,0.069119,3
KCUD,1,90,2,600,0.053084,2
KCOG,1,90,2,600,0.070096,3
KCOGL,1,90,2,600,0.075341,3
BA,21,90,2,600,3.41413,16
BAN,21,90,2,600,3.77716,16
BAUl,21,90,2,600,3.4287,16
BAUe,21,90,2,600,2.67972,14
BAUD,21,90,2,600,5.55066,14
KCA,21,90,2,600,0.217609,1
KCF,21,90,2,600,0.205519,1
KCRDK,21,90,2,600,0.074498,1
KCRDKL,21,90,2,600,0.068914,1
KCUl,21,90,2,600,0.048814,1
KCUe,21,90,2,600,0.050731,1
KCUD,21,90,2,600,0.057151,1
KCOG,21,90,2,600,0.066531,1
KCOGL,21,90,2,600,0.061002,1
BA,41,90,2,600,3.90515,16
BAN,41,90,2,600,4.05509,16
BAUl,41,90,2,600,3.78731,16
BAUe,41,90,2,600,4.1087,16
BAUD,41,90,2,600,5.16609,14
KCA,41,90,2,600,0.62436,1
KCF,41,90,2,600,0.50686,1
KCRDK,41,90,2,600,0.141647,1
KCRDKL,41,90,2,600,0.152828,1
KCUl,41,90,2,600,0.096893,1
KCUe,41,90,2,600,0.098415,1
KCUD,41,90,2,600,0.105348,1
KCOG,41,90,2,600,0.143374,1
KCOGL,41,90,2,600,0.13278,1
BA,61,90,2,600,3.45792,14
BAN,61,90,2,600,3.49513,14
BAUl,61,90,2,600,3.10894,14
BAUe,61,90,2,600,2.80427,14
BAUD,61,90,2,600,6.34992,14
KCA,61,90,2,600,0.937346,1
KCF,61,90,2,600,0.86526,1
KCRDK,61,90,2,600,0.225733,1
KCRDKL,61,90,2,600,0.234598,1
KCUl,61,90,2,600,0.161999,1
KCUe,61,90,2,600,0.161703,1
KCUD,61,90,2,600,0.170425,1
KCOG,61,90,2,600,0.245897,1
KCOGL,61,90,2,600,0.228739,1
BA,81,90,2,600,5.46999,18
BAN,81,90,2,600,5.42498,18
BAUl,81,90,2,600,5.12066,18
BAUe,81,90,2,600,3.73384,15
BAUD,81,90,2,600,7.66581,16
KCA,81,90,2,600,1.70227,1
KCF,81,90,2,600,1.72763,1
KCRDK,81,90,2,600,0.403477,1
KCRDKL,81,90,2,600,0.411377,1
KCUl,81,90,2,600,0.32192,1
KCUe,81,90,2,600,0.279185,1
KCUD,81,90,2,600,0.280484,1
KCOG,81,90,2,600,0.377179,1
KCOGL,81,90,2,600,0.365908,1
BA,101,90,2,600,6.00183,18
BAN,101,90,2,600,5.70549,18
BAUl,101,90,2,600,5.34903,18
BAUe,101,90,2,600,4.28836,15
BAUD,101,90,2,600,9.31013,16
KCA,101,90,2,600,3.10629,1
KCF,101,90,2,600,2.83437,1
KCRDK,101,90,2,600,0.567001,1
KCRDKL,101,90,2,600,0.527698,1
KCUl,101,90,2,600,0.384593,1
KCUe,101,90,2,600,0.380676,1
KCUD,101,90,2,600,0.389725,1
KCOG,101,90,2,600,0.527369,1
KCOGL,101,90,2,600,0.557163,1
BA,1,90,2,600,0.062793,3
BAN,1,90,2,600,0.071032,3
BAUl,1,90,2,600,0.058709,3
BAUe,1,90,2,600,0.065322,3
BAUD,1,90,2,600,0.066334,3
KCA,1,90,2,600,0.05503,2
KCF,1,90,2,600,0.046806,2
KCRDK,1,90,2,600,0.044016,2
KCRDKL,1,90,2,600,0.054416,2
KCUl,1,90,2,600,0.065103,2
KCUe,1,90,2,600,0.04158,2
KCUD,1,90,2,600,0.04518,2
KCOG,1,90,2,600,0.046465,2
KCOGL,1,90,2,600,0.043307,2
BA,21,90,2,600,0.483459,9
BAN,21,90,2,600,0.546153,9
BAUl,21,90,2,600,0.458517,9
BAUe,21,90,2,600,0.946864,12
BAUD,21,90,2,600,0.975129,9
KCA,21,90,2,600,0.19505,1
KCF,21,90,2,600,0.270411,1
KCRDK,21,90,2,600,0.076313,1
KCRDKL,21,90,2,600,0.07029,1
KCUl,21,90,2,600,0.048769,1
KCUe,21,90,2,600,0.05075,1
KCUD,21,90,2,600,0.061266,1
KCOG,21,90,2,600,0.071621,1
KCOGL,21,90,2,600,0.064567,1
BA,41,90,2,600,0.989577,11
BAN,41,90,2,600,1.03605,11
BAUl,41,90,2,600,0.959961,11
BAUe,41,90,2,600,0.712604,9
BAUD,41,90,2,600,1.47939,10
KCA,41,90,2,600,0.48694,1
KCF,41,90,2,600,0.536489,1
KCRDK,41,90,2,600,0.127051,1
KCRDKL,41,90,2,600,0.144495,1
KCUl,41,90,2,600,0.094125,1
KCUe,41,90,2,600,0.093687,1
KCUD,41,90,2,600,0.098289,1
KCOG,41,90,2,600,0.134832,1
KCOGL,41,90,2,600,0.142524,1
BA,61,90,2,600,0.766862,9
BAN,61,90,2,600,0.71096,9
BAUl,61,90,2,600,0.620856,9
BAUe,61,90,2,600,0.978732,11
BAUD,61,90,2,600,1.39648,10
KCA,61,90,2,600,1.21915,1
KCF,61,90,2,600,1.10533,1
KCRDK,61,90,2,600,0.256856,1
KCRDKL,61,90,2,600,0.24202,1
KCUl,61,90,2,600,0.162425,1
KCUe,61,90,2,600,0.16289,1
KCUD,61,90,2,600,0.166254,1
KCOG,61,90,2,600,0.236563,1
KCOGL,61,90,2,600,0.254271,1
BA,81,90,2,600,0.972695,9
BAN,81,90,2,600,0.835874,9
BAUl,81,90,2,600,0.744627,9
BAUe,81,90,2,600,0.755778,9
BAUD,81,90,2,600,1.53257,10
KCA,81,90,2,600,1.33554,1
KCF,81,90,2,600,1.7592,1
KCRDK,81,90,2,600,0.35814,1
KCRDKL,81,90,2,600,0.397604,1
KCUl,81,90,2,600,0.252749,1
KCUe,81,90,2,600,0.250806,1
KCUD,81,90,2,600,0.255825,1
KCOG,81,90,2,600,0.36944,1
KCOGL,81,90,2,600,0.349714,1
BA,101,90,2,600,1.41853,10
BAN,101,90,2,600,1.15587,10
BAUl,101,90,2,600,1.04024,10
BAUe,101,90,2,600,0.86564,9
BAUD,101,90,2,600,1.3641,9
KCA,101,90,2,600,2.28289,1
KCF,101,90,2,600,2.09348,1
KCRDK,101,90,2,600,0.650509,1
KCRDKL,101,90,2,600,0.572146,1
KCUl,101,90,2,600,0.373972,1
KCUe,101,90,2,600,0.367289,1
KCUD,101,90,2,600,0.371055,1
KCOG,101,90,2,600,0.566779,1
KCOGL,101,90,2,600,0.571284,1
BA,1,90,2,600,0.111145,4
BAN,1,90,2,600,0.128941,4
BAUl,1,90,2,600,0.10658,4
BAUe,1,90,2,600,0.110396,4
BAUD,1,90,2,600,0.076581,3
KCA,1,90,2,600,0.052384,2
KCF,1,90,2,600,0.056274,2
KCRDK,1,90,2,600,0.059984,3
KCRDKL,1,90,2,600,0.06791,3
KCUl,1,90,2,600,0.058079,3
KCUe,1,90,2,600,0.071342,3
KCUD,1,90,2,600,0.050214,2
KCOG,1,90,2,600,0.061065,3
KCOGL,1,90,2,600,0.065897,3
BA,21,90,2,600,4.76555,17
BAN,21,90,2,600,5.01777,17
BAUl,21,90,2,600,4.83295,17
BAUe,21,90,2,600,4.91871,17
BAUD,21,90,2,600,7.63351,14
KCA,21,90,2,600,0.157579,1
KCF,21,90,2,600,0.212354,1
KCRDK,21,90,2,600,0.099794,1
KCRDKL,21,90,2,600,0.081167,1
KCUl,21,90,2,600,0.05111,1
KCUe,21,90,2,600,0.050567,1
KCUD,21,90,2,600,0.060125,1
KCOG,21,90,2,600,0.072469,1
KCOGL,21,90,2,600,0.065128,1
BA,41,90,2,600,5.90862,17
BAN,41,90,2,600,6.64171,18
BAUl,41,90,2,600,5.47738,17
BAUe,41,90,2,600,5.52489,18
BAUD,41,90,2,600,9.06218,16
KCA,41,90,2,600,0.393846,1
KCF,41,90,2,600,0.361983,1
KCRDK,41,90,2,600,0.146699,1
KCRDKL,41,90,2,600,0.153965,1
KCUl,41,90,2,600,0.096845,1
KCUe,41,90,2,600,0.096448,1
KCUD,41,90,2,600,0.098731,1
KCOG,41,90,2,600,0.141306,1
KCOGL,41,90,2,600,0.138623,1
BA,61,90,2,600,5.79519,17
BAN,61,90,2,600,5.91093,17
BAUl,61,90,2,600,5.61601,17
BAUe,61,90,2,600,5.66678,17
BAUD,61,90,2,600,10.1072,16
KCA,61,90,2,600,0.793377,1
KCF,61,90,2,600,0.729647,1
KCRDK,61,90,2,600,0.248322,1
KCRDKL,61,90,2,600,0.250102,1
KCUl,61,90,2,600,0.167186,1
KCUe,61,90,2,600,0.166697,1
KCUD,61,90,2,600,0.172438,1
KCOG,61,90,2,600,0.24329,1
KCOGL,61,90,2,600,0.248438,1
BA,81,90,2,600,6.24083,17
BAN,81,90,2,600,5.97201,17
BAUl,81,90,2,600,5.67414,17
BAUe,81,90,2,600,5.6506,17
BAUD,81,90,2,600,13.7873,18
KCA,81,90,2,600,1.30113,1
KCF,81,90,2,600,1.3428,1
KCRDK,81,90,2,600,0.398227,1
KCRDKL,81,90,2,600,0.368563,1
KCUl,81,90,2,600,0.268968,1
KCUe,81,90,2,600,0.268935,1
KCUD,81,90,2,600,0.270348,1
KCOG,81,90,2,600,0.367857,1
KCOGL,81,90,2,600,0.414502,1
BA,101,90,2,600,6.98337,17
BAN,101,90,2,600,6.46129,17
BAUl,101,90,2,600,6.28883,17
BAUe,101,90,2,600,8.26907,19
BAUD,101,90,2,600,15.037,18
KCA,101,90,2,600,2.27118,1
KCF,101,90,2,600,2.20754,1
KCRDK,101,90,2,600,0.535857,1
KCRDKL,101,90,2,600,0.588248,1
KCUl,101,90,2,600,0.388457,1
KCUe,101,90,2,600,0.377577,1
KCUD,101,90,2,600,0.374666,1
KCOG,101,90,2,600,0.57246,1
KCOGL,101,90,2,600,0.573275,1
BA,1,90,2,600,0.125029,4
BAN,1,90,2,600,0.135191,4
BAUl,1,90,2,600,0.118796,4
BAUe,1,90,2,600,0.111301,4
BAUD,1,90,2,600,0.105048,3
KCA,1,90,2,600,0.035142,1
KCF,1,90,2,600,0.035893,1
KCRDK,1,90,2,600,0.071081,3
KCRDKL,1,90,2,600,0.071217,3
KCUl,1,90,2,600,0.062248,3
KCUe,1,90,2,600,0.077756,3
KCUD,1,90,2,600,0.048556,2
KCOG,1,90,2,600,0.068348,3
KCOGL,1,90,2,600,0.067651,3
BA,21,90,2,600,3.9883,18
BAN,21,90,2,600,8.15164,24
BAUl,21,90,2,600,4.01449,18
BAUe,21,90,2,600,5.01661,21
BAUD,21,90,2,600,7.15642,17
KCA,21,90,2,600,0.196076,1
KCF,21,90,2,600,0.233829,1
KCRDK,21,90,2,600,0.125769,1
KCRDKL,21,90,2,600,0.074578,1
KCUl,21,90,2,600,0.050024,1
KCUe,21,90,2,600,0.052875,1
KCUD,21,90,2,600,0.056494,1
KCOG,21,90,2,600,0.069465,1
KCOGL,21,90,2,600,0.071924,1
BA,41,90,2,600,4.9002,18
BAN,41,90,2,600,4.82544,18
BAUl,41,90,2,600,4.47277,18
BAUe,41,90,2,600,4.554,18
BAUD,41,90,2,600,7.48836,17
KCA,41,90,2,600,0.45965,1
KCF,41,90,2,600,0.452174,1
KCRDK,41,90,2,600,0.152909,1
KCRDKL,41,90,2,600,0.135429,1
KCUl,41,90,2,600,0.09317,1
KCUe,41,90,2,600,0.092361,1
KCUD,41,90,2,600,0.098269,1
KCOG,41,90,2,600,0.139333,1
KCOGL,41,90,2,600,0.140324,1
BA,61,90,2,600,5.28078,19
BAN,61,90,2,600,5.38866,18
BAUl,61,90,2,600,5.04836,19
BAUe,61,90,2,600,5.19602,19
BAUD,61,90,2,600,7.4732,17
KCA,61,90,2,600,1.06801,1
KCF,61,90,2,600,0.935679,1
KCRDK,61,90,2,600,0.249014,1
KCRDKL,61,90,2,600,0.265345,1
KCUl,61,90,2,600,0.168538,1
KCUe,61,90,2,600,0.168872,1
KCUD,61,90,2,600,0.185988,1
KCOG,61,90,2,600,0.250554,1
KCOGL,61,90,2,600,0.251397,1
BA,81,90,2,600,5.2998,18
BAN,81,90,2,600,4.80391,17
BAUl,81,90,2,600,4.65365,18
BAUe,81,90,2,600,4.89481,18
BAUD,81,90,2,600,6.98465,16
KCA,81,90,2,600,1.50829,1
KCF,81,90,2,600,1.36018,1
KCRDK,81,90,2,600,0.357183,1
KCRDKL,81,90,2,600,0.39216,1
KCUl,81,90,2,600,0.259117,1
KCUe,81,90,2,600,0.259312,1
KCUD,81,90,2,600,0.266868,1
KCOG,81,90,2,600,0.389695,1
KCOGL,81,90,2,600,0.375857,1
BA,101,90,2,600,5.97013,19
BAN,101,90,2,600,5.17397,18
BAUl,101,90,2,600,5.29083,19
BAUe,101,90,2,600,5.00207,18
BAUD,101,90,2,600,8.7999,18
KCA,101,90,2,600,1.97991,1
KCF,101,90,2,600,2.02573,1
KCRDK,101,90,2,600,0.652324,1
KCRDKL,101,90,2,600,0.589182,1
KCUl,101,90,2,600,0.378653,1
KCUe,101,90,2,600,0.372457,1
KCUD,101,90,2,600,0.381264,1
KCOG,101,90,2,600,0.568294,1
KCOGL,101,90,2,600,0.58382,1
BA,1,90,2,600,0.111345,4
BAN,1,90,2,600,0.128931,4
BAUl,1,90,2,600,0.106992,4
BAUe,1,90,2,600,0.115396,4
BAUD,1,90,2,600,0.099168,3
KCA,1,90,2,600,0.036584,1
KCF,1,90,2,600,0.030688,1
KCRDK,1,90,2,600,0.06884,3
KCRDKL,1,90,2,600,0.059146,2
KCUl,1,90,2,600,0.060697,3
KCUe,1,90,2,600,0.062792,3
KCUD,1,90,2,600,0.04597,2
KCOG,1,90,2,600,0.056502,2
KCOGL,1,90,2,600,0.048887,2
BA,21,90,2,600,1.10524,12
BAN,21,90,2,600,1.58405,13
BAUl,21,90,2,600,1.07915,12
BAUe,21,90,2,600,1.31769,13
BAUD,21,90,2,600,1.99921,12
KCA,21,90,2,600,0.177372,1
KCF,21,90,2,600,0.179158,1
KCRDK,21,90,2,600,0.069945,1
KCRDKL,21,90,2,600,0.062351,1
KCUl,21,90,2,600,0.059311,1
KCUe,21,90,2,600,0.045985,1
KCUD,21,90,2,600,0.076545,1
KCOG,21,90,2,600,0.063016,1
KCOGL,21,90,2,600,0.068365,1
BA,41,90,2,600,1.53124,13
BAN,41,90,2,600,2.2969,15
BAUl,41,90,2,600,1.44191,13
BAUe,41,90,2,600,0.953781,10
BAUD,41,90,2,600,1.30339,10
KCA,41,90,2,600,0.480656,1
KCF,41,90,2,600,0.463876,1
KCRDK,41,90,2,600,0.135156,1
KCRDKL,41,90,2,600,0.135365,1
KCUl,41,90,2,600,0.090416,1
KCUe,41,90,2,600,0.091887,1
KCUD,41,90,2,600,0.09718,1
KCOG,41,90,2,600,0.143718,1
KCOGL,41,90,2,600,0.130047,1
BA,61,90,2,600,1.67544,12
BAN,61,90,2,600,1.09959,10
BAUl,61,90,2,600,1.5073,12
BAUe,61,90,2,600,1.27556,11
BAUD,61,90,2,600,2.35946,13
KCA,61,90,2,600,1.21136,1
KCF,61,90,2,600,1.10215,1
KCRDK,61,90,2,600,0.262859,1
KCRDKL,61,90,2,600,0.295351,1
KCUl,61,90,2,600,0.173143,1
KCUe,61,90,2,600,0.164553,1
KCUD,61,90,2,600,0.169887,1
KCOG,61,90,2,600,0.254927,1
KCOGL,61,90,2,600,0.251365,1
BA,81,90,2,600,1.90669,11
BAN,81,90,2,600,1.59116,11
BAUl,81,90,2,600,1.47369,11
BAUe,81,90,2,600,1.61223,12
BAUD,81,90,2,600,3.28207,14
KCA,81,90,2,600,1.72662,1
KCF,81,90,2,600,1.8474,1
KCRDK,81,90,2,600,0.405965,1
KCRDKL,81,90,2,600,0.380874,1
KCUl,81,90,2,600,0.258898,1
KCUe,81,90,2,600,0.255856,1
KCUD,81,90,2,600,0.260078,1
KCOG,81,90,2,600,0.392824,1
KCOGL,81,90,2,600,0.378433,1
BA,101,90,2,600,2.05568,11
BAN,101,90,2,600,1.83061,11
BAUl,101,90,2,600,1.60643,11
BAUe,101,90,2,600,1.41007,11
BAUD,101,90,2,600,2.79388,13
KCA,101,90,2,600,2.88624,1
KCF,101,90,2,600,2.95001,1
KCRDK,101,90,2,600,0.537678,1
KCRDKL,101,90,2,600,0.546981,1
KCUl,101,90,2,600,0.368698,1
KCUe,101,90,2,600,0.367405,1
KCUD,101,90,2,600,0.371576,1
KCOG,101,90,2,600,0.549987,1
KCOGL,101,90,2,600,0.54108,1
BA,1,90,2,600,0.100234,4
BAN,1,90,2,600,0.120495,4
BAUl,1,90,2,600,0.104261,4
BAUe,1,90,2,600,0.105315,4
BAUD,1,90,2,600,0.087228,3
KCA,1,90,2,600,0.03293,1
KCF,1,90,2,600,0.032259,1
KCRDK,1,90,2,600,0.064993,3
KCRDKL,1,90,2,600,0.051464,2
KCUl,1,90,2,600,0.059892,3
KCUe,1,90,2,600,0.066195,3
KCUD,1,90,2,600,0.049523,2
KCOG,1,90,2,600,0.048901,2
KCOGL,1,90,2,600,0.047895,2
BA,21,90,2,600,1.02024,12
BAN,21,90,2,600,1.61737,13
BAUl,21,90,2,600,1.00474,12
BAUe,21,90,2,600,0.833325,11
BAUD,21,90,2,600,1.76744,12
KCA,21,90,2,600,0.192458,1
KCF,21,90,2,600,0.196866,1
KCRDK,21,90,2,600,0.066048,1
KCRDKL,21,90,2,600,0.069463,1
KCUl,21,90,2,600,0.047083,1
KCUe,21,90,2,600,0.046907,1
KCUD,21,90,2,600,0.052544,1
KCOG,21,90,2,600,0.068045,1
KCOGL,21,90,2,600,0.066056,1
BA,41,90,2,600,1.53991,13
BAN,41,90,2,600,1.41474,12
BAUl,41,90,2,600,1.46911,13
BAUe,41,90,2,600,1.99333,14
BAUD,41,90,2,600,1.8132,12
KCA,41,90,2,600,0.486126,1
KCF,41,90,2,600,0.467632,1
KCRDK,41,90,2,600,0.135038,1
KCRDKL,41,90,2,600,0.125856,1
KCUl,41,90,2,600,0.092563,1
KCUe,41,90,2,600,0.095186,1
KCUD,41,90,2,600,0.097404,1
KCOG,41,90,2,600,0.136875,1
KCOGL,41,90,2,600,0.135416,1
BA,61,90,2,600,1.31003,12
BAN,61,90,2,600,1.78321,13
BAUl,61,90,2,600,1.12835,12
BAUe,61,90,2,600,1.79071,13
BAUD,61,90,2,600,2.18784,13
KCA,61,90,2,600,1.28058,1
KCF,61,90,2,600,1.02851,1
KCRDK,61,90,2,600,0.249811,1
KCRDKL,61,90,2,600,0.243392,1
KCUl,61,90,2,600,0.162596,1
KCUe,61,90,2,600,0.162611,1
KCUD,61,90,2,600,0.171487,1
KCOG,61,90,2,600,0.249496,1
KCOGL,61,90,2,600,0.238212,1
BA,81,90,2,600,2.55302,14
BAN,81,90,2,600,2.17309,14
BAUl,81,90,2,600,2.00176,14
BAUe,81,90,2,600,1.88389,13
BAUD,81,90,2,600,2.35255,13
KCA,81,90,2,600,2.24813,1
KCF,81,90,2,600,1.98823,1
KCRDK,81,90,2,600,0.34896,1
KCRDKL,81,90,2,600,0.39547,1
KCUl,81,90,2,600,0.25341,1
KCUe,81,90,2,600,0.254434,1
KCUD,81,90,2,600,0.256429,1
KCOG,81,90,2,600,0.393067,1
KCOGL,81,90,2,600,0.374881,1
BA,101,90,2,600,1.95889,12
BAN,101,90,2,600,1.74335,12
BAUl,101,90,2,600,1.50476,12
BAUe,101,90,2,600,1.70473,12
BAUD,101,90,2,600,2.61018,13
KCA,101,90,2,600,2.67924,1
KCF,101,90,2,600,2.59724,1
KCRDK,101,90,2,600,0.563003,1
KCRDKL,101,90,2,600,0.504254,1
KCUl,101,90,2,600,0.373459,1
KCUe,101,90,2,600,0.371492,1
KCUD,101,90,2,600,0.376638,1
KCOG,101,90,2,600,0.497771,1
KCOGL,101,90,2,600,0.517845,1
BA,1,90,2,600,0.079226,3
BAN,1,90,2,600,0.069132,3
BAUl,1,90,2,600,0.06227,3
BAUe,1,90,2,600,0.059183,3
BAUD,1,90,2,600,0.068286,3
KCA,1,90,2,600,0.047721,2
KCF,1,90,2,600,0.050226,2
KCRDK,1,90,2,600,0.047082,2
KCRDKL,1,90,2,600,0.0465,2
KCUl,1,90,2,600,0.050706,2
KCUe,1,90,2,600,0.04228,2
KCUD,1,90,2,600,0.047337,2
KCOG,1,90,2,600,0.054004,2
KCOGL,1,90,2,600,0.047778,2
BA,21,90,2,600,1.39007,12
BAN,21,90,2,600,2.49455,15
BAUl,21,90,2,600,1.35078,12
BAUe,21,90,2,600,1.7547,13
BAUD,21,90,2,600,3.38679,15
KCA,21,90,2,600,0.184897,1
KCF,21,90,2,600,0.1848,1
KCRDK,21,90,2,600,0.069711,1
KCRDKL,21,90,2,600,0.071941,1
KCUl,21,90,2,600,0.04944,1
KCUe,21,90,2,600,0.054704,1
KCUD,21,90,2,600,0.05215,1
KCOG,21,90,2,600,0.069274,1
KCOGL,21,90,2,600,0.072313,1
BA,41,90,2,600,1.73162,12
BAN,41,90,2,600,1.82175,12
BAUl,41,90,2,600,1.64933,12
BAUe,41,90,2,600,1.45149,12
BAUD,41,90,2,600,3.05105,14
KCA,41,90,2,600,0.570799,1
KCF,41,90,2,600,0.48487,1
KCRDK,41,90,2,600,0.145724,1
KCRDKL,41,90,2,600,0.143358,1
KCUl,41,90,2,600,0.09747,1
KCUe,41,90,2,600,0.096575,1
KCUD,41,90,2,600,0.106598,1
KCOG,41,90,2,600,0.14021,1
KCOGL,41,90,2,600,0.139322,1
BA,61,90,2,600,1.8786,12
BAN,61,90,2,600,2.15561,12
BAUl,61,90,2,600,1.65738,12
BAUe,61,90,2,600,1.61108,12
BAUD,61,90,2,600,3.14681,14
KCA,61,90,2,600,1.24709,1
KCF,61,90,2,600,1.00816,1
KCRDK,61,90,2,600,0.244671,1
KCRDKL,61,90,2,600,0.249161,1
KCUl,61,90,2,600,0.163608,1
KCUe,61,90,2,600,0.165706,1
KCUD,61,90,2,600,0.173126,1
KCOG,61,90,2,600,0.258824,1
KCOGL,61,90,2,600,0.261569,1
BA,81,90,2,600,1.9673,12
BAN,81,90,2,600,1.83499,12
BAUl,81,90,2,600,1.68629,12
BAUe,81,90,2,600,1.7264,12
BAUD,81,90,2,600,3.24986,14
KCA,81,90,2,600,2.41439,1
KCF,81,90,2,600,2.04165,1
KCRDK,81,90,2,600,0.397449,1
KCRDKL,81,90,2,600,0.375536,1
KCUl,81,90,2,600,0.26049,1
KCUe,81,90,2,600,0.253481,1
KCUD,81,90,2,600,0.261739,1
KCOG,81,90,2,600,0.354974,1
KCOGL,81,90,2,600,0.39573,1
BA,101,90,2,600,2.26659,12
BAN,101,90,2,600,1.94204,12
BAUl,101,90,2,600,1.77687,12
BAUe,101,90,2,600,2.37708,13
BAUD,101,90,2,600,3.37865,14
KCA,101,90,2,600,2.87137,1
KCF,101,90,2,600,2.9348,1
KCRDK,101,90,2,600,0.606931,1
KCRDKL,101,90,2,600,0.56766,1
KCUl,101,90,2,600,0.382253,1
KCUe,101,90,2,600,0.382171,1
KCUD,101,90,2,600,0.377968,1
KCOG,101,90,2,600,0.57136,1
KCOGL,101,90,2,600,0.572193,1
BA,1,90,2,600,0.205648,4
BAN,1,90,2,600,0.234706,4
BAUl,1,90,2,600,0.139857,4
BAUe,1,90,2,600,0.12054,4
BAUD,1,90,2,600,0.103884,3
KCA,1,90,2,600,0.031763,1
KCF,1,90,2,600,0.037649,1
KCRDK,1,90,2,600,0.057338,2
KCRDKL,1,90,2,600,0.055259,2
KCUl,1,90,2,600,0.059624,3
KCUe,1,90,2,600,0.066911,3
KCUD,1,90,2,600,0.048,2
KCOG,1,90,2,600,0.047281,2
KCOGL,1,90,2,600,0.081509,2
BA,21,90,2,600,1.20596,12
BAN,21,90,2,600,1.32157,12
BAUl,21,90,2,600,1.15567,12
BAUe,21,90,2,600,0.727671,9
BAUD,21,90,2,600,1.88243,11
KCA,21,90,2,600,0.184227,1
KCF,21,90,2,600,0.189528,1
KCRDK,21,90,2,600,0.082167,1
KCRDKL,21,90,2,600,0.07647,1
KCUl,21,90,2,600,0.057276,1
KCUe,21,90,2,600,0.050092,1
KCUD,21,90,2,600,0.050695,1
KCOG,21,90,2,600,0.0588,1
KCOGL,21,90,2,600,0.065094,1
BA,41,90,2,600,1.80205,14
BAN,41,90,2,600,1.92668,14
BAUl,41,90,2,600,1.71212,14
BAUe,41,90,2,600,1.26125,11
BAUD,41,90,2,600,1.10301,9
KCA,41,90,2,600,0.57457,1
KCF,41,90,2,600,0.574566,1
KCRDK,41,90,2,600,0.145027,1
KCRDKL,41,90,2,600,0.139907,1
KCUl,41,90,2,600,0.089305,1
KCUe,41,90,2,600,0.093386,1
KCUD,41,90,2,600,0.093822,1
KCOG,41,90,2,600,0.123841,1
KCOGL,41,90,2,600,0.131985,1
BA,61,90,2,600,1.43777,12
BAN,61,90,2,600,1.41308,12
BAUl,61,90,2,600,1.2448,12
BAUe,61,90,2,600,1.39075,11
BAUD,61,90,2,600,2.44526,12
KCA,61,90,2,600,1.11173,1
KCF,61,90,2,600,1.11721,1
KCRDK,61,90,2,600,0.257005,1
KCRDKL,61,90,2,600,0.23904,1
KCUl,61,90,2,600,0.158474,1
KCUe,61,90,2,600,0.158641,1
KCUD,61,90,2,600,0.165634,1
KCOG,61,90,2,600,0.21473,1
KCOGL,61,90,2,600,0.215644,1
BA,81,90,2,600,2.28605,14
BAN,81,90,2,600,2.16153,14
BAUl,81,90,2,600,1.93793,14
BAUe,81,90,2,600,1.49597,11
BAUD,81,90,2,600,1.83315,10
KCA,81,90,2,600,1.82861,1
KCF,81,90,2,600,2.04709,1
KCRDK,81,90,2,600,0.39718,1
KCRDKL,81,90,2,600,0.392586,1
KCUl,81,90,2,600,0.256072,1
KCUe,81,90,2,600,0.255462,1
KCUD,81,90,2,600,0.262474,1
KCOG,81,90,2,600,0.395563,1
KCOGL,81,90,2,600,0.376597,1
BA,101,90,2,600,2.5427,13
BAN,101,90,2,600,2.13255,13
BAUl,101,90,2,600,1.91428,13
BAUe,101,90,2,600,1.70186,11
BAUD,101,90,2,600,1.90564,10
KCA,101,90,2,600,3.2372,1
KCF,101,90,2,600,3.49333,1
KCRDK,101,90,2,600,0.545786,1
KCRDKL,101,90,2,600,0.521014,1
KCUl,101,90,2,600,0.369073,1
KCUe,101,90,2,600,0.367357,1
KCUD,101,90,2,600,0.373146,1
KCOG,101,90,2,600,0.581181,1
KCOGL,101,90,2,600,0.547958,1
BA,1,90,2,600,0.031448,2
BAN,1,90,2,600,0.042989,2
BAUl,1,90,2,600,0.030318,2
BAUe,1,90,2,600,0.030781,2
BAUD,1,90,2,600,0.039395,2
KCA,1,90,2,600,0.037117,1
KCF,1,90,2,600,0.035561,1
KCRDK,1,90,2,600,0.027314,1
KCRDKL,1,90,2,600,0.032196,1
KCUl,1,90,2,600,0.025054,1
KCUe,1,90,2,600,0.031167,1
KCUD,1,90,2,600,0.032364,1
KCOG,1,90,2,600,0.028529,1
KCOGL,1,90,2,600,0.030842,1
BA,21,90,2,600,0.079411,3
BAN,21,90,2,600,0.074672,3
BAUl,21,90,2,600,0.072188,3
BAUe,21,90,2,600,0.331813,7
BAUD,21,90,2,600,0.138349,3
KCA,21,90,2,600,0.245583,1
KCF,21,90,2,600,0.2292,1
KCRDK,21,90,2,600,0.107538,2
KCRDKL,21,90,2,600,0.111599,2
KCUl,21,90,2,600,0.078243,2
KCUe,21,90,2,600,0.224655,6
KCUD,21,90,2,600,0.085437,2
KCOG,21,90,2,600,0.098493,2
KCOGL,21,90,2,600,0.112699,2
BA,41,90,2,600,0.106618,3
BAN,41,90,2,600,0.094412,3
BAUl,41,90,2,600,0.088038,3
BAUe,41,90,2,600,0.381914,7
BAUD,41,90,2,600,0.117811,3
KCA,41,90,2,600,0.962307,1
KCF,41,90,2,600,0.908512,1
KCRDK,41,90,2,600,0.2325,2
KCRDKL,41,90,2,600,0.207799,2
KCUl,41,90,2,600,0.148068,2
KCUe,41,90,2,600,0.414573,6
KCUD,41,90,2,600,0.156234,2
KCOG,41,90,2,600,0.205393,2
KCOGL,41,90,2,600,0.208849,2
BA,61,90,2,600,0.146436,3
BAN,61,90,2,600,0.111091,3
BAUl,61,90,2,600,0.104109,3
BAUe,61,90,2,600,0.435186,7
BAUD,61,90,2,600,0.148149,3
KCA,61,90,2,600,2.1806,1
KCF,61,90,2,600,1.73771,1
KCRDK,61,90,2,600,0.360416,2
KCRDKL,61,90,2,600,0.365676,2
KCUl,61,90,2,600,0.264834,2
KCUe,61,90,2,600,0.719336,6
KCUD,61,90,2,600,0.288488,2
KCOG,61,90,2,600,0.397311,2
KCOGL,61,90,2,600,0.375091,2
BA,81,90,2,600,0.212734,3
BAN,81,90,2,600,0.142945,3
BAUl,81,90,2,600,0.145133,3
BAUe,81,90,2,600,0.507511,7
BAUD,81,90,2,600,0.173078,3
KCA,81,90,2,600,2.4933,1
KCF,81,90,2,600,4.85586,1
KCRDK,81,90,2,600,0.627078,2
KCRDKL,81,90,2,600,0.628381,2
KCUl,81,90,2,600,0.417456,2
KCUe,81,90,2,600,1.1076,6
KCUD,81,90,2,600,0.431675,2
KCOG,81,90,2,600,0.592416,2
KCOGL,81,90,2,600,0.60022,2
BA,101,90,2,600,0.290705,3
BAN,101,90,2,600,0.181147,3
BAUl,101,90,2,600,0.173123,3
BAUe,101,90,2,600,0.594722,7
BAUD,101,90,2,600,0.211807,3
KCA,101,90,2,600,7.35313,1
KCF,101,90,2,600,3.96585,1
KCRDK,101,90,2,600,0.874545,2
KCRDKL,101,90,2,600,0.832326,2
KCUl,101,90,2,600,0.618939,2
KCUe,101,90,2,600,1.6267,6
KCUD,101,90,2,600,0.616475,2
KCOG,101,90,2,600,0.894353,2
KCOGL,101,90,2,600,0.818286,2
BA,1,90,2,600,0.156651,4
BAN,1,90,2,600,0.173099,4
BAUl,1,90,2,600,0.151044,4
BAUe,1,90,2,600,0.145586,4
BAUD,1,90,2,600,0.126389,3
KCA,1,90,2,600,0.036963,1
KCF,1,90,2,600,0.037897,1
KCRDK,1,90,2,600,0.070442,3
KCRDKL,1,90,2,600,0.074283,3
KCUl,1,90,2,600,0.065402,3
KCUe,1,90,2,600,0.071134,3
KCUD,1,90,2,600,0.059576,2
KCOG,1,90,2,600,0.074661,3
KCOGL,1,90,2,600,0.071339,3
BA,21,90,2,600,3.28946,16
BAN,21,90,2,600,3.17758,15
BAUl,21,90,2,600,3.29587,16
BAUe,21,90,2,600,4.14379,16
BAUD,21,90,2,600,3.86257,12
KCA,21,90,2,600,0.206302,1
KCF,21,90,2,600,0.265614,1
KCRDK,21,90,2,600,0.075308,1
KCRDKL,21,90,2,600,0.077582,1
KCUl,21,90,2,600,0.052375,1
KCUe,21,90,2,600,0.053299,1
KCUD,21,90,2,600,0.066771,1
KCOG,21,90,2,600,0.076271,1
KCOGL,21,90,2,600,0.071827,1
BA,41,90,2,600,3.21463,15
BAN,41,90,2,600,3.57323,15
BAUl,41,90,2,600,3.07746,15
BAUe,41,90,2,600,4.19396,16
BAUD,41,90,2,600,6.14574,15
KCA,41,90,2,600,0.508886,1
KCF,41,90,2,600,0.473888,1
KCRDK,41,90,2,600,0.145302,1
KCRDKL,41,90,2,600,0.136648,1
KCUl,41,90,2,600,0.095172,1
KCUe,41,90,2,600,0.094988,1
KCUD,41,90,2,600,0.103043,1
KCOG,41,90,2,600,0.139957,1
KCOGL,41,90,2,600,0.138021,1
BA,61,90,2,600,3.48878,15
BAN,61,90,2,600,3.55371,15
BAUl,61,90,2,600,3.30796,15
BAUe,61,90,2,600,4.80021,16
BAUD,61,90,2,600,5.85175,14
KCA,61,90,2,600,0.969546,1
KCF,61,90,2,600,0.912331,1
KCRDK,61,90,2,600,0.24325,1
KCRDKL,61,90,2,600,0.247301,1
KCUl,61,90,2,600,0.166886,1
KCUe,61,90,2,600,0.164875,1
KCUD,61,90,2,600,0.167971,1
KCOG,61,90,2,600,0.24015,1
KCOGL,61,90,2,600,0.262984,1
BA,81,90,2,600,4.85814,17
BAN,81,90,2,600,4.10632,16
BAUl,81,90,2,600,4.2826,17
BAUe,81,90,2,600,5.08065,16
BAUD,81,90,2,600,7.00237,15
KCA,81,90,2,600,1.45125,1
KCF,81,90,2,600,1.29305,1
KCRDK,81,90,2,600,0.402742,1
KCRDKL,81,90,2,600,0.377657,1
KCUl,81,90,2,600,0.252268,1
KCUe,81,90,2,600,0.25214,1
KCUD,81,90,2,600,0.258048,1
KCOG,81,90,2,600,0.365399,1
KCOGL,81,90,2,600,0.365398,1
BA,101,90,2,600,5.35487,17
BAN,101,90,2,600,4.58491,16
BAUl,101,90,2,600,4.70781,17
BAUe,101,90,2,600,6.23876,17
BAUD,101,90,2,600,10.2924,17
KCA,101,90,2,600,2.54115,1
KCF,101,90,2,600,2.3138,1
KCRDK,101,90,2,600,0.575163,1
KCRDKL,101,90,2,600,0.587559,1
KCUl,101,90,2,600,0.377803,1
KCUe,101,90,2,600,0.375578,1
KCUD,101,90,2,600,0.386431,1
KCOG,101,90,2,600,0.585803,1
KCOGL,101,90,2,600,0.577941,1
BA,1,90,2,600,0.068744,3
BAN,1,90,2,600,0.06725,3
BAUl,1,90,2,600,0.061684,3
BAUe,1,90,2,600,0.062608,3
BAUD,1,90,2,600,0.075755,3
KCA,1,90,2,600,0.034475,1
KCF,1,90,2,600,0.02864,1
KCRDK,1,90,2,600,0.027488,1
KCRDKL,1,90,2,600,0.027316,1
KCUl,1,90,2,600,0.032475,1
KCUe,1,90,2,600,0.025229,1
KCUD,1,90,2,600,0.025762,1
KCOG,1,90,2,600,0.02819,1
KCOGL,1,90,2,600,0.028581,1
BA,21,90,2,600,0.092064,3
BAN,21,90,2,600,0.095554,3
BAUl,21,90,2,600,0.091641,3
BAUe,21,90,2,600,0.522725,9
BAUD,21,90,2,600,0.093647,3
KCA,21,90,2,600,0.279684,1
KCF,21,90,2,600,0.225326,1
KCRDK,21,90,2,600,0.069279,1
KCRDKL,21,90,2,600,0.068165,1
KCUl,21,90,2,600,0.045806,1
KCUe,21,90,2,600,0.404641,10
KCUD,21,90,2,600,0.052878,1
KCOG,21,90,2,600,0.079489,1
KCOGL,21,90,2,600,0.066465,1
BA,41,90,2,600,0.105348,3
BAN,41,90,2,600,0.096419,3
BAUl,41,90,2,600,0.086715,3
BAUe,41,90,2,600,0.722525,9
BAUD,41,90,2,600,0.109104,3
KCA,41,90,2,600,0.90426,1
KCF,41,90,2,600,0.764277,1
KCRDK,41,90,2,600,0.143675,1
KCRDKL,41,90,2,600,0.138423,1
KCUl,41,90,2,600,0.088941,1
KCUe,41,90,2,600,0.518574,7
KCUD,41,90,2,600,0.094402,1
KCOG,41,90,2,600,0.136305,1
KCOGL,41,90,2,600,0.130481,1
BA,61,90,2,600,0.151878,3
BAN,61,90,2,600,0.114297,3
BAUl,61,90,2,600,0.108173,3
BAUe,61,90,2,600,0.776508,9
BAUD,61,90,2,600,0.146075,3
KCA,61,90,2,600,2.02949,1
KCF,61,90,2,600,1.98048,1
KCRDK,61,90,2,600,0.234846,1
KCRDKL,61,90,2,600,0.220842,1
KCUl,61,90,2,600,0.162057,1
KCUe,61,90,2,600,0.758503,6
KCUD,61,90,2,600,0.165521,1
KCOG,61,90,2,600,0.237984,1
KCOGL,61,90,2,600,0.229426,1
BA,81,90,2,600,0.215849,3
BAN,81,90,2,600,0.147821,3
BAUl,81,90,2,600,0.146918,3
BAUe,81,90,2,600,1.53845,12
BAUD,81,90,2,600,0.163967,3
KCA,81,90,2,600,2.71297,1
KCF,81,90,2,600,2.91249,1
KCRDK,81,90,2,600,0.401897,1
KCRDKL,81,90,2,600,0.392461,1
KCUl,81,90,2,600,0.255841,1
KCUe,81,90,2,600,1.3555,7
KCUD,81,90,2,600,0.259137,1
KCOG,81,90,2,600,0.377194,1
KCOGL,81,90,2,600,0.390804,1
BA,101,90,2,600,0.298122,3
BAN,101,90,2,600,0.183974,3
BAUl,101,90,2,600,0.185873,3
BAUe,101,90,2,600,1.30039,11
BAUD,101,90,2,600,0.203077,3
KCA,101,90,2,600,6.46919,1
KCF,101,90,2,600,5.99386,1
KCRDK,101,90,2,600,0.508022,1
KCRDKL,101,90,2,600,0.653621,1
KCUl,101,90,2,600,0.371872,1
KCUe,101,90,2,600,2.4648,9
KCUD,101,90,2,600,0.371718,1
KCOG,101,90,2,600,0.577015,1
KCOGL,101,90,2,600,0.542774,1
BA,1,90,2,600,0.072711,3
BAN,1,90,2,600,0.079713,3
BAUl,1,90,2,600,0.074217,3
BAUe,1,90,2,600,0.078169,3
BAUD,1,90,2,600,0.090364,3
KCA,1,90,2,600,0.031635,1
KCF,1,90,2,600,0.031747,1
KCRDK,1,90,2,600,0.037984,1
KCRDKL,1,90,2,600,0.028669,1
KCUl,1,90,2,600,0.031492,1
KCUe,1,90,2,600,0.027339,1
KCUD,1,90,2,600,0.026872,1
KCOG,1,90,2,600,0.029199,1
KCOGL,1,90,2,600,0.031818,1
BA,21,90,2,600,0.481571,7
BAN,21,90,2,600,0.508137,7
BAUl,21,90,2,600,0.458148,7
BAUe,21,90,2,600,0.377209,7
BAUD,21,90,2,600,0.136217,3
KCA,21,90,2,600,0.242525,1
KCF,21,90,2,600,0.231313,1
KCRDK,21,90,2,600,0.147831,2
KCRDKL,21,90,2,600,0.227374,2
KCUl,21,90,2,600,0.164564,2
KCUe,21,90,2,600,0.097642,2
KCUD,21,90,2,600,0.094612,2
KCOG,21,90,2,600,0.117276,2
KCOGL,21,90,2,600,0.120108,2
BA,41,90,2,600,0.285614,5
BAN,41,90,2,600,0.280087,5
BAUl,41,90,2,600,0.234477,5
BAUe,41,90,2,600,0.424457,7
BAUD,41,90,2,600,0.242892,4
KCA,41,90,2,600,0.913285,1
KCF,41,90,2,600,0.764882,1
KCRDK,41,90,2,600,0.218033,2
KCRDKL,41,90,2,600,0.228528,2
KCUl,41,90,2,600,0.152621,2
KCUe,41,90,2,600,0.229594,3
KCUD,41,90,2,600,0.172869,2
KCOG,41,90,2,600,0.233337,2
KCOGL,41,90,2,600,0.22767,2
BA,61,90,2,600,0.320272,5
BAN,61,90,2,600,0.270029,5
BAUl,61,90,2,600,0.244609,5
BAUe,61,90,2,600,0.609508,8
BAUD,61,90,2,600,0.253132,4
KCA,61,90,2,600,2.45486,1
KCF,61,90,2,600,2.24408,1
KCRDK,61,90,2,600,0.405213,2
KCRDKL,61,90,2,600,0.37958,2
KCUl,61,90,2,600,0.274825,2
KCUe,61,90,2,600,0.396823,3
KCUD,61,90,2,600,0.285054,2
KCOG,61,90,2,600,0.383619,2
KCOGL,61,90,2,600,0.380782,2
BA,81,90,2,600,0.432583,5
BAN,81,90,2,600,0.329069,5
BAUl,81,90,2,600,0.302991,5
BAUe,81,90,2,600,0.546527,7
BAUD,81,90,2,600,0.320507,4
KCA,81,90,2,600,2.70843,1
KCF,81,90,2,600,2.82517,1
KCRDK,81,90,2,600,0.578466,2
KCRDKL,81,90,2,600,0.564286,2
KCUl,81,90,2,600,0.435807,2
KCUe,81,90,2,600,0.60526,3
KCUD,81,90,2,600,0.439064,2
KCOG,81,90,2,600,0.625582,2
KCOGL,81,90,2,600,0.628167,2
BA,101,90,2,600,0.562029,5
BAN,101,90,2,600,0.390881,5
BAUl,101,90,2,600,0.365708,5
BAUe,101,90,2,600,0.520661,6
BAUD,101,90,2,600,0.333387,4
KCA,101,90,2,600,4.52803,1
KCF,101,90,2,600,3.14542,1
KCRDK,101,90,2,600,0.893333,2
KCRDKL,101,90,2,600,0.896766,2
KCUl,101,90,2,600,0.615567,2
KCUe,101,90,2,600,0.873962,3
KCUD,101,90,2,600,0.635805,2
KCOG,101,90,2,600,0.908972,2
KCOGL,101,90,2,600,0.914416,2
BA,1,90,2,600,0.075856,3
BAN,1,90,2,600,0.073739,3
BAUl,1,90,2,600,0.067208,3
BAUe,1,90,2,600,0.070608,3
BAUD,1,90,2,600,0.076009,3
KCA,1,90,2,600,0.029037,1
KCF,1,90,2,600,0.030095,1
KCRDK,1,90,2,600,0.032887,1
KCRDKL,1,90,2,600,0.035548,1
KCUl,1,90,2,600,0.025998,1
KCUe,1,90,2,600,0.028961,1
KCUD,1,90,2,600,0.026631,1
KCOG,1,90,2,600,0.030419,1
KCOGL,1,90,2,600,0.030749,1
BA,21,90,2,600,0.139905,4
BAN,21,90,2,600,0.138981,4
BAUl,21,90,2,600,0.12937,4
BAUe,21,90,2,600,1.04915,11
BAUD,21,90,2,600,0.153959,3
KCA,21,90,2,600,0.292828,1
KCF,21,90,2,600,0.236179,1
KCRDK,21,90,2,600,0.099399,2
KCRDKL,21,90,2,600,0.102097,2
KCUl,21,90,2,600,0.068491,2
KCUe,21,90,2,600,0.08278,2
KCUD,21,90,2,600,0.096905,2
KCOG,21,90,2,600,0.106398,2
KCOGL,21,90,2,600,0.100865,2
BA,41,90,2,600,0.170971,4
BAN,41,90,2,600,0.16197,4
BAUl,41,90,2,600,0.146331,4
BAUe,41,90,2,600,1.20049,11
BAUD,41,90,2,600,0.173305,3
KCA,41,90,2,600,0.788219,1
KCF,41,90,2,600,0.818819,1
KCRDK,41,90,2,600,0.215523,2
KCRDKL,41,90,2,600,0.219734,2
KCUl,41,90,2,600,0.14341,2
KCUe,41,90,2,600,0.462507,6
KCUD,41,90,2,600,0.16425,2
KCOG,41,90,2,600,0.217247,2
KCOGL,41,90,2,600,0.21867,2
BA,61,90,2,600,0.254182,4
BAN,61,90,2,600,0.207801,4
BAUl,61,90,2,600,0.189551,4
BAUe,61,90,2,600,1.23107,10
BAUD,61,90,2,600,0.23285,3
KCA,61,90,2,600,2.18352,1
KCF,61,90,2,600,2.22607,1
KCRDK,61,90,2,600,0.443951,2
KCRDKL,61,90,2,600,0.372212,2
KCUl,61,90,2,600,0.263157,2
KCUe,61,90,2,600,0.274892,2
KCUD,61,90,2,600,0.303826,2
KCOG,61,90,2,600,0.36845,2
KCOGL,61,90,2,600,0.395326,2
BA,81,90,2,600,0.331765,4
BAN,81,90,2,600,0.250338,4
BAUl,81,90,2,600,0.234573,4
BAUe,81,90,2,600,1.58461,10
BAUD,81,90,2,600,0.269995,3
KCA,81,90,2,600,3.0158,1
KCF,81,90,2,600,3.72357,1
KCRDK,81,90,2,600,0.629144,2
KCRDKL,81,90,2,600,0.630555,2
KCUl,81,90,2,600,0.415931,2
KCUe,81,90,2,600,0.432732,2
KCUD,81,90,2,600,0.443302,2
KCOG,81,90,2,600,0.593479,2
KCOGL,81,90,2,600,0.603477,2
BA,101,90,2,600,0.427135,4
BAN,101,90,2,600,0.28529,4
BAUl,101,90,2,600,0.288039,4
BAUe,101,90,2,600,1.67276,11
BAUD,101,90,2,600,0.420913,4
KCA,101,90,2,600,5.06314,1
KCF,101,90,2,600,3.95978,1
KCRDK,101,90,2,600,0.893196,2
KCRDKL,101,90,2,600,0.859289,2
KCUl,101,90,2,600,0.627352,2
KCUe,101,90,2,600,1.66893,6
KCUD,101,90,2,600,0.631786,2
KCOG,101,90,2,600,0.882939,2
KCOGL,101,90,2,600,0.889558,2
BA,1,90,2,600,0.063747,3
BAN,1,90,2,600,0.068865,3
BAUl,1,90,2,600,0.061265,3
BAUe,1,90,2,600,0.061887,3
BAUD,1,90,2,600,0.065669,3
KCA,1,90,2,600,0.042674,2
KCF,1,90,2,600,0.040957,2
KCRDK,1,90,2,600,0.042187,2
KCRDKL,1,90,2,600,0.044982,2
KCUl,1,90,2,600,0.049381,2
KCUe,1,90,2,600,0.044161,2
KCUD,1,90,2,600,0.054627,2
KCOG,1,90,2,600,0.047367,2
KCOGL,1,90,2,600,0.043429,2
BA,21,90,2,600,0.495634,8
BAN,21,90,2,600,0.686988,9
BAUl,21,90,2,600,0.464756,8
BAUe,21,90,2,600,0.46352,8
BAUD,21,90,2,600,0.812296,8
KCA,21,90,2,600,0.192464,1
KCF,21,90,2,600,0.250207,1
KCRDK,21,90,2,600,0.07206,1
KCRDKL,21,90,2,600,0.063972,1
KCUl,21,90,2,600,0.044786,1
KCUe,21,90,2,600,0.043625,1
KCUD,21,90,2,600,0.04798,1
KCOG,21,90,2,600,0.070861,1
KCOGL,21,90,2,600,0.069676,1
BA,41,90,2,600,0.749176,9
BAN,41,90,2,600,0.6083,8
BAUl,41,90,2,600,0.688689,9
BAUe,41,90,2,600,0.579295,8
BAUD,41,90,2,600,0.975657,8
KCA,41,90,2,600,0.620851,1
KCF,41,90,2,600,0.514972,1
KCRDK,41,90,2,600,0.135219,1
KCRDKL,41,90,2,600,0.143845,1
KCUl,41,90,2,600,0.102341,1
KCUe,41,90,2,600,0.090152,1
KCUD,41,90,2,600,0.094804,1
KCOG,41,90,2,600,0.142242,1
KCOGL,41,90,2,600,0.139867,1
BA,61,90,2,600,0.615136,8
BAN,61,90,2,600,0.58654,8
BAUl,61,90,2,600,0.500769,8
BAUe,61,90,2,600,0.719764,9
BAUD,61,90,2,600,1.08952,8
KCA,61,90,2,600,1.43656,1
KCF,61,90,2,600,1.13774,1
KCRDK,61,90,2,600,0.219882,1
KCRDKL,61,90,2,600,0.24689,1
KCUl,61,90,2,600,0.159436,1
KCUe,61,90,2,600,0.156695,1
KCUD,61,90,2,600,0.164389,1
KCOG,61,90,2,600,0.244645,1
KCOGL,61,90,2,600,0.241471,1
BA,81,90,2,600,0.855899,8
BAN,81,90,2,600,0.727282,8
BAUl,81,90,2,600,0.655268,8
BAUe,81,90,2,600,0.684955,8
BAUD,81,90,2,600,1.02299,8
KCA,81,90,2,600,2.12374,1
KCF,81,90,2,600,2.08999,1
KCRDK,81,90,2,600,0.40304,1
KCRDKL,81,90,2,600,0.396799,1
KCUl,81,90,2,600,0.257376,1
KCUe,81,90,2,600,0.259471,1
KCUD,81,90,2,600,0.269482,1
KCOG,81,90,2,600,0.388278,1
KCOGL,81,90,2,600,0.488686,1
BA,101,90,2,600,1.11529,8
BAN,101,90,2,600,0.844148,8
BAUl,101,90,2,600,0.780216,8
BAUe,101,90,2,600,1.35369,11
BAUD,101,90,2,600,1.14617,8
KCA,101,90,2,600,3.73897,1
KCF,101,90,2,600,3.19119,1
KCRDK,101,90,2,600,0.579308,1
KCRDKL,101,90,2,600,0.57784,1
KCUl,101,90,2,600,0.372616,1
KCUe,101,90,2,600,0.37069,1
KCUD,101,90,2,600,0.378327,1
KCOG,101,90,2,600,0.534431,1
KCOGL,101,90,2,600,0.533965,1
BA,1,90,2,600,0.02913,2
BAN,1,90,2,600,0.043409,2
BAUl,1,90,2,600,0.029365,2
BAUe,1,90,2,600,0.112718,4
BAUD,1,90,2,600,0.040728,2
KCA,1,90,2,600,0.033395,1
KCF,1,90,2,600,0.033573,1
KCRDK,1,90,2,600,0.025311,1
KCRDKL,1,90,2,600,0.023669,1
KCUl,1,90,2,600,0.022384,1
KCUe,1,90,2,600,0.062466,3
KCUD,1,90,2,600,0.033523,1
KCOG,1,90,2,600,0.029009,1
KCOGL,1,90,2,600,0.025024,1
BA,21,90,2,600,0.073036,3
BAN,21,90,2,600,0.077835,3
BAUl,21,90,2,600,0.068356,3
BAUe,21,90,2,600,0.072741,3
BAUD,21,90,2,600,0.113089,3
KCA,21,90,2,600,0.258278,1
KCF,21,90,2,600,0.230049,1
KCRDK,21,90,2,600,0.11223,2
KCRDKL,21,90,2,600,0.098274,2
KCUl,21,90,2,600,0.073581,2
KCUe,21,90,2,600,0.078529,2
KCUD,21,90,2,600,0.082641,2
KCOG,21,90,2,600,0.09871,2
KCOGL,21,90,2,600,0.097269,2
BA,41,90,2,600,0.357316,5
BAN,41,90,2,600,0.229105,5
BAUl,41,90,2,600,0.208747,5
BAUe,41,90,2,600,0.090217,3
BAUD,41,90,2,600,0.119706,3
KCA,41,90,2,600,1.01358,1
KCF,41,90,2,600,0.814775,1
KCRDK,41,90,2,600,0.376992,4
KCRDKL,41,90,2,600,0.378748,4
KCUl,41,90,2,600,0.264631,4
KCUe,41,90,2,600,0.150544,2
KCUD,41,90,2,600,0.161199,2
KCOG,41,90,2,600,0.365628,4
KCOGL,41,90,2,600,0.376016,4
BA,61,90,2,600,0.152933,3
BAN,61,90,2,600,0.112441,3
BAUl,61,90,2,600,0.104937,3
BAUe,61,90,2,600,0.110685,3
BAUD,61,90,2,600,0.150346,3
KCA,61,90,2,600,2.04026,1
KCF,61,90,2,600,1.7667,1
KCRDK,61,90,2,600,0.359295,2
KCRDKL,61,90,2,600,0.365744,2
KCUl,61,90,2,600,0.259283,2
KCUe,61,90,2,600,0.264561,2
KCUD,61,90,2,600,0.278428,2
KCOG,61,90,2,600,0.370769,2
KCOGL,61,90,2,600,0.496677,3
BA,81,90,2,600,0.219657,3
BAN,81,90,2,600,0.148961,3
BAUl,81,90,2,600,0.14176,3
BAUe,81,90,2,600,0.136971,3
BAUD,81,90,2,600,0.176514,3
KCA,81,90,2,600,4.33644,1
KCF,81,90,2,600,3.05243,1
KCRDK,81,90,2,600,0.610482,2
KCRDKL,81,90,2,600,0.612642,2
KCUl,81,90,2,600,0.412435,2
KCUe,81,90,2,600,0.416529,2
KCUD,81,90,2,600,0.427712,2
KCOG,81,90,2,600,0.606994,2
KCOGL,81,90,2,600,0.62411,2
BA,101,90,2,600,0.288349,3
BAN,101,90,2,600,0.182209,3
BAUl,101,90,2,600,0.175532,3
BAUe,101,90,2,600,1.07172,10
BAUD,101,90,2,600,0.221623,3
KCA,101,90,2,600,6.51593,1
KCF,101,90,2,600,5.091,1
KCRDK,101,90,2,600,0.921987,2
KCRDKL,101,90,2,600,0.881272,2
KCUl,101,90,2,600,0.624285,2
KCUe,101,90,2,600,2.7363,10
KCUD,101,90,2,600,0.630594,2
KCOG,101,90,2,600,0.829951,2
KCOGL,101,90,2,600,0.836534,2
BA,1,90,2,600,0.036742,2
BAN,1,90,2,600,0.039819,2
BAUl,1,90,2,600,0.046495,2
BAUe,1,90,2,600,0.076417,3
BAUD,1,90,2,600,0.043629,2
KCA,1,90,2,600,0.036422,1
KCF,1,90,2,600,0.040237,1
KCRDK,1,90,2,600,0.027334,1
KCRDKL,1,90,2,600,0.028729,1
KCUl,1,90,2,600,0.044648,1
KCUe,1,90,2,600,0.048317,2
KCUD,1,90,2,600,0.036329,1
KCOG,1,90,2,600,0.033592,1
KCOGL,1,90,2,600,0.027274,1
BA,21,90,2,600,0.045643,2
BAN,21,90,2,600,0.047178,2
BAUl,21,90,2,600,0.048642,2
BAUe,21,90,2,600,0.442979,7
BAUD,21,90,2,600,0.046088,2
KCA,21,90,2,600,0.261685,1
KCF,21,90,2,600,0.207297,1
KCRDK,21,90,2,600,0.068011,1
KCRDKL,21,90,2,600,0.06413,1
KCUl,21,90,2,600,0.045685,1
KCUe,21,90,2,600,0.250771,6
KCUD,21,90,2,600,0.05332,1
KCOG,21,90,2,600,0.059216,1
KCOGL,21,90,2,600,0.062263,1
BA,41,90,2,600,0.069633,2
BAN,41,90,2,600,0.054524,2
BAUl,41,90,2,600,0.050825,2
BAUe,41,90,2,600,0.586533,8
BAUD,41,90,2,600,0.057436,2
KCA,41,90,2,600,1.01274,1
KCF,41,90,2,600,0.882566,1
KCRDK,41,90,2,600,0.123461,1
KCRDKL,41,90,2,600,0.121822,1
KCUl,41,90,2,600,0.091482,1
KCUe,41,90,2,600,0.44731,6
KCUD,41,90,2,600,0.099398,1
KCOG,41,90,2,600,0.137268,1
KCOGL,41,90,2,600,0.146908,1
BA,61,90,2,600,0.095306,2
BAN,61,90,2,600,0.073728,2
BAUl,61,90,2,600,0.066823,2
BAUe,61,90,2,600,1.01281,11
BAUD,61,90,2,600,0.07245,2
KCA,61,90,2,600,2.71806,1
KCF,61,90,2,600,1.94668,1
KCRDK,61,90,2,600,0.244273,1
KCRDKL,61,90,2,600,0.21478,1
KCUl,61,90,2,600,0.159301,1
KCUe,61,90,2,600,1.2198,10
KCUD,61,90,2,600,0.166881,1
KCOG,61,90,2,600,0.23568,1
KCOGL,61,90,2,600,0.247313,1
BA,81,90,2,600,0.135082,2
BAN,81,90,2,600,0.088468,2
BAUl,81,90,2,600,0.086117,2
BAUe,81,90,2,600,0.145706,3
BAUD,81,90,2,600,0.098076,2
KCA,81,90,2,600,4.3984,1
KCF,81,90,2,600,6.23153,1
KCRDK,81,90,2,600,0.374621,1
KCRDKL,81,90,2,600,0.33875,1
KCUl,81,90,2,600,0.25539,1
KCUe,81,90,2,600,0.426523,2
KCUD,81,90,2,600,0.270974,1
KCOG,81,90,2,600,0.339861,1
KCOGL,81,90,2,600,0.360892,1
BA,101,90,2,600,0.190779,2
BAN,101,90,2,600,0.11561,2
BAUl,101,90,2,600,0.114013,2
BAUe,101,90,2,600,0.182727,3
BAUD,101,90,2,600,0.119399,2
KCA,101,90,2,600,7.32247,1
KCF,101,90,2,600,6.55376,1
KCRDK,101,90,2,600,0.556738,1
KCRDKL,101,90,2,600,0.53809,1
KCUl,101,90,2,600,0.373667,1
KCUe,101,90,2,600,0.625619,2
KCUD,101,90,2,600,0.38082,1
KCOG,101,90,2,600,0.558795,1
KCOGL,101,90,2,600,0.559031,1
BA,1,90,2,600,0.063251,3
BAN,1,90,2,600,0.072308,3
BAUl,1,90,2,600,0.061409,3
BAUe,1,90,2,600,0.063645,3
BAUD,1,90,2,600,0.068649,3
KCA,1,90,2,600,0.027705,1
KCF,1,90,2,600,0.030558,1
KCRDK,1,90,2,600,0.027261,1
KCRDKL,1,90,2,600,0.027659,1
KCUl,1,90,2,600,0.024496,1
KCUe,1,90,2,600,0.025952,1
KCUD,1,90,2,600,0.026517,1
KCOG,1,90,2,600,0.031674,1
KCOGL,1,90,2,600,0.032052,1
BA,21,90,2,600,0.124398,4
BAN,21,90,2,600,0.123661,4
BAUl,21,90,2,600,0.117629,4
BAUe,21,90,2,600,0.459592,9
BAUD,21,90,2,600,0.096866,3
KCA,21,90,2,600,0.261609,1
KCF,21,90,2,600,0.21945,1
KCRDK,21,90,2,600,0.103486,2
KCRDKL,21,90,2,600,0.107317,2
KCUl,21,90,2,600,0.06993,2
KCUe,21,90,2,600,0.087102,2
KCUD,21,90,2,600,0.100817,2
KCOG,21,90,2,600,0.091987,2
KCOGL,21,90,2,600,0.093179,2
BA,41,90,2,600,0.301546,6
BAN,41,90,2,600,0.296986,6
BAUl,41,90,2,600,0.257714,6
BAUe,41,90,2,600,0.50887,9
BAUD,41,90,2,600,0.132081,3
KCA,41,90,2,600,0.881636,1
KCF,41,90,2,600,0.857877,1
KCRDK,41,90,2,600,0.386677,4
KCRDKL,41,90,2,600,0.222785,2
KCUl,41,90,2,600,0.273987,4
KCUe,41,90,2,600,0.227493,3
KCUD,41,90,2,600,0.158667,2
KCOG,41,90,2,600,0.390035,4
KCOGL,41,90,2,600,0.221418,2
BA,61,90,2,600,0.405411,6
BAN,61,90,2,600,0.35004,6
BAUl,61,90,2,600,0.311804,6
BAUe,61,90,2,600,0.591033,9
BAUD,61,90,2,600,0.140505,3
KCA,61,90,2,600,2.78955,1
KCF,61,90,2,600,2.14608,1
KCRDK,61,90,2,600,0.682891,4
KCRDKL,61,90,2,600,0.404105,2
KCUl,61,90,2,600,0.500705,4
KCUe,61,90,2,600,0.275795,2
KCUD,61,90,2,600,0.285249,2
KCOG,61,90,2,600,0.705175,4
KCOGL,61,90,2,600,0.391256,2
BA,81,90,2,600,0.508732,6
BAN,81,90,2,600,0.39159,6
BAUl,81,90,2,600,0.349215,6
BAUe,81,90,2,600,0.602755,8
BAUD,81,90,2,600,0.187926,3
KCA,81,90,2,600,3.69019,1
KCF,81,90,2,600,2.72451,1
KCRDK,81,90,2,600,1.10148,4
KCRDKL,81,90,2,600,0.802517,3
KCUl,81,90,2,600,0.763935,4
KCUe,81,90,2,600,0.603769,3
KCUD,81,90,2,600,0.437425,2
KCOG,81,90,2,600,1.09045,4
KCOGL,81,90,2,600,0.577074,2
BA,101,90,2,600,0.647773,6
BAN,101,90,2,600,0.465274,6
BAUl,101,90,2,600,0.4336,6
BAUe,101,90,2,600,0.340476,5
BAUD,101,90,2,600,0.315784,4
KCA,101,90,2,600,6.65604,1
KCF,101,90,2,600,4.05314,1
KCRDK,101,90,2,600,1.86103,5
KCRDKL,101,90,2,600,1.51312,4
KCUl,101,90,2,600,1.33627,5
KCUe,101,90,2,600,0.614814,2
KCUD,101,90,2,600,0.630135,2
KCOG,101,90,2,600,1.84403,5
KCOGL,101,90,2,600,0.843263,2
BA,1,90,2,600,0.076439,3
BAN,1,90,2,600,0.079654,3
BAUl,1,90,2,600,0.071631,3
BAUe,1,90,2,600,0.074751,3
BAUD,1,90,2,600,0.077959,3
KCA,1,90,2,600,0.029807,1
KCF,1,90,2,600,0.028238,1
KCRDK,1,90,2,600,0.036701,1
KCRDKL,1,90,2,600,0.028572,1
KCUl,1,90,2,600,0.029303,1
KCUe,1,90,2,600,0.0266,1
KCUD,1,90,2,600,0.027125,1
KCOG,1,90,2,600,0.035257,1
KCOGL,1,90,2,600,0.030669,1
BA,21,90,2,600,0.130941,4
BAN,21,90,2,600,0.13507,4
BAUl,21,90,2,600,0.12263,4
BAUe,21,90,2,600,0.954177,11
BAUD,21,90,2,600,0.119973,3
KCA,21,90,2,600,0.238991,1
KCF,21,90,2,600,0.221232,1
KCRDK,21,90,2,600,0.105345,2
KCRDKL,21,90,2,600,0.10514,2
KCUl,21,90,2,600,0.08833,2
KCUe,21,90,2,600,0.08792,2
KCUD,21,90,2,600,0.107132,2
KCOG,21,90,2,600,0.093538,2
KCOGL,21,90,2,600,0.101282,2
BA,41,90,2,600,0.273547,4
BAN,41,90,2,600,0.181084,4
BAUl,41,90,2,600,0.141281,4
BAUe,41,90,2,600,0.921475,11
BAUD,41,90,2,600,0.137778,3
KCA,41,90,2,600,0.95275,1
KCF,41,90,2,600,0.857727,1
KCRDK,41,90,2,600,0.206342,2
KCRDKL,41,90,2,600,0.217916,2
KCUl,41,90,2,600,0.152144,2
KCUe,41,90,2,600,0.558532,7
KCUD,41,90,2,600,0.172493,2
KCOG,41,90,2,600,0.226412,2
KCOGL,41,90,2,600,0.208227,2
BA,61,90,2,600,0.327027,5
BAN,61,90,2,600,0.271299,5
BAUl,61,90,2,600,0.251703,5
BAUe,61,90,2,600,1.09693,11
BAUD,61,90,2,600,0.16388,3
KCA,61,90,2,600,1.87704,1
KCF,61,90,2,600,1.89191,1
KCRDK,61,90,2,600,0.519576,3
KCRDKL,61,90,2,600,0.389085,2
KCUl,61,90,2,600,0.461085,3
KCUe,61,90,2,600,0.283671,2
KCUD,61,90,2,600,0.295962,2
KCOG,61,90,2,600,0.518012,3
KCOGL,61,90,2,600,0.388886,2
BA,81,90,2,600,0.329291,4
BAN,81,90,2,600,0.243833,4
BAUl,81,90,2,600,0.227509,4
BAUe,81,90,2,600,0.663295,8
BAUD,81,90,2,600,0.188751,3
KCA,81,90,2,600,4.74864,1
KCF,81,90,2,600,5.90527,1
KCRDK,81,90,2,600,1.09308,4
KCRDKL,81,90,2,600,1.05336,4
KCUl,81,90,2,600,0.758456,4
KCUe,81,90,2,600,0.797697,4
KCUD,81,90,2,600,0.445074,2
KCOG,81,90,2,600,1.03998,4
KCOGL,81,90,2,600,0.58239,2
BA,101,90,2,600,0.559319,5
BAN,101,90,2,600,0.39223,5
BAUl,101,90,2,600,0.3673,5
BAUe,101,90,2,600,0.387199,5
BAUD,101,90,2,600,0.225646,3
KCA,101,90,2,600,7.65156,1
KCF,101,90,2,600,6.13895,1
KCRDK,101,90,2,600,0.834192,2
KCRDKL,101,90,2,600,0.908285,2
KCUl,101,90,2,600,0.619354,2
KCUe,101,90,2,600,1.95905,7
KCUD,101,90,2,600,0.636093,2
KCOG,101,90,2,600,0.906323,2
KCOGL,101,90,2,600,0.886256,2
BA,1,90,2,600,0.070847,3
BAN,1,90,2,600,0.076136,3
BAUl,1,90,2,600,0.06834,3
BAUe,1,90,2,600,0.068295,3
BAUD,1,90,2,600,0.071022,3
KCA,1,90,2,600,0.04999,2
KCF,1,90,2,600,0.049683,2
KCRDK,1,90,2,600,0.043742,2
KCRDKL,1,90,2,600,0.040648,2
KCUl,1,90,2,600,0.037998,2
KCUe,1,90,2,600,0.04671,2
KCUD,1,90,2,600,0.050155,2
KCOG,1,90,2,600,0.045498,2
KCOGL,1,90,2,600,0.044022,2
BA,21,90,2,600,3.00256,16
BAN,21,90,2,600,2.9232,15
BAUl,21,90,2,600,2.98762,16
BAUe,21,90,2,600,3.28944,16
BAUD,21,90,2,600,3.81651,13
KCA,21,90,2,600,0.190822,1
KCF,21,90,2,600,0.235853,1
KCRDK,21,90,2,600,0.081061,1
KCRDKL,21,90,2,600,0.075007,1
KCUl,21,90,2,600,0.049888,1
KCUe,21,90,2,600,0.058105,1
KCUD,21,90,2,600,0.069943,1
KCOG,21,90,2,600,0.073044,1
KCOGL,21,90,2,600,0.070384,1
BA,41,90,2,600,3.31191,16
BAN,41,90,2,600,3.85279,15
BAUl,41,90,2,600,3.14936,16
BAUe,41,90,2,600,3.59435,16
BAUD,41,90,2,600,5.24039,14
KCA,41,90,2,600,0.467868,1
KCF,41,90,2,600,0.521663,1
KCRDK,41,90,2,600,0.146217,1
KCRDKL,41,90,2,600,0.1411,1
KCUl,41,90,2,600,0.092066,1
KCUe,41,90,2,600,0.099127,1
KCUD,41,90,2,600,0.097776,1
KCOG,41,90,2,600,0.139231,1
KCOGL,41,90,2,600,0.132377,1
BA,61,90,2,600,3.71931,16
BAN,61,90,2,600,3.72725,16
BAUl,61,90,2,600,3.53486,16
BAUe,61,90,2,600,4.0145,16
BAUD,61,90,2,600,5.34361,14
KCA,61,90,2,600,0.871774,1
KCF,61,90,2,600,0.886495,1
KCRDK,61,90,2,600,0.231292,1
KCRDKL,61,90,2,600,0.255694,1
KCUl,61,90,2,600,0.161082,1
KCUe,61,90,2,600,0.161424,1
KCUD,61,90,2,600,0.166204,1
KCOG,61,90,2,600,0.248778,1
KCOGL,61,90,2,600,0.248937,1
BA,81,90,2,600,4.57741,16
BAN,81,90,2,600,4.23393,16
BAUl,81,90,2,600,4.22383,16
BAUe,81,90,2,600,5.55339,18
BAUD,81,90,2,600,4.15139,13
KCA,81,90,2,600,1.46391,1
KCF,81,90,2,600,1.24643,1
KCRDK,81,90,2,600,0.411139,1
KCRDKL,81,90,2,600,0.402694,1
KCUl,81,90,2,600,0.336221,1
KCUe,81,90,2,600,0.293195,1
KCUD,81,90,2,600,0.27765,1
KCOG,81,90,2,600,0.388205,1
KCOGL,81,90,2,600,0.404103,1
BA,101,90,2,600,5.29301,17
BAN,101,90,2,600,4.80348,17
BAUl,101,90,2,600,4.67769,17
BAUe,101,90,2,600,4.34831,16
BAUD,101,90,2,600,4.11621,13
KCA,101,90,2,600,2.12361,1
KCF,101,90,2,600,2.04099,1
KCRDK,101,90,2,600,0.596399,1
KCRDKL,101,90,2,600,0.558655,1
KCUl,101,90,2,600,0.370427,1
KCUe,101,90,2,600,0.372662,1
KCUD,101,90,2,600,0.376536,1
KCOG,101,90,2,600,0.540394,1
KCOGL,101,90,2,600,0.559092,1
BA,1,90,2,600,0.034982,2
BAN,1,90,2,600,0.039906,2
BAUl,1,90,2,600,0.033604,2
BAUe,1,90,2,600,0.066876,3
BAUD,1,90,2,600,0.03914,2
KCA,1,90,2,600,0.032728,1
KCF,1,90,2,600,0.030356,1
KCRDK,1,90,2,600,0.026076,1
KCRDKL,1,90,2,600,0.024462,1
KCUl,1,90,2,600,0.02501,1
KCUe,1,90,2,600,0.027495,1
KCUD,1,90,2,600,0.02748,1
KCOG,1,90,2,600,0.025234,1
KCOGL,1,90,2,600,0.026914,1
BA,21,90,2,600,0.042309,2
BAN,21,90,2,600,0.044354,2
BAUl,21,90,2,600,0.048309,2
BAUe,21,90,2,600,0.245227,6
BAUD,21,90,2,600,0.043342,2
KCA,21,90,2,600,0.27038,1
KCF,21,90,2,600,0.216821,1
KCRDK,21,90,2,600,0.063108,1
KCRDKL,21,90,2,600,0.060205,1
KCUl,21,90,2,600,0.041818,1
KCUe,21,90,2,600,0.044322,1
KCUD,21,90,2,600,0.05017,1
KCOG,21,90,2,600,0.060914,1
KCOGL,21,90,2,600,0.065087,1
BA,41,90,2,600,0.061265,2
BAN,41,90,2,600,0.050686,2
BAUl,41,90,2,600,0.057453,2
BAUe,41,90,2,600,0.874131,10
BAUD,41,90,2,600,0.055021,2
KCA,41,90,2,600,0.758804,1
KCF,41,90,2,600,0.74721,1
KCRDK,41,90,2,600,0.121693,1
KCRDKL,41,90,2,600,0.127462,1
KCUl,41,90,2,600,0.086317,1
KCUe,41,90,2,600,0.091396,1
KCUD,41,90,2,600,0.092082,1
KCOG,41,90,2,600,0.135554,1
KCOGL,41,90,2,600,0.132763,1
BA,61,90,2,600,0.092287,2
BAN,61,90,2,600,0.065952,2
BAUl,61,90,2,600,0.065658,2
BAUe,61,90,2,600,0.337525,6
BAUD,61,90,2,600,0.068569,2
KCA,61,90,2,600,2.10267,1
KCF,61,90,2,600,2.18083,1
KCRDK,61,90,2,600,0.249311,1
KCRDKL,61,90,2,600,0.247265,1
KCUl,61,90,2,600,0.161893,1
KCUe,61,90,2,600,0.175756,1
KCUD,61,90,2,600,0.176551,1
KCOG,61,90,2,600,0.248415,1
KCOGL,61,90,2,600,0.237494,1
BA,81,90,2,600,0.13998,2
BAN,81,90,2,600,0.088898,2
BAUl,81,90,2,600,0.089217,2
BAUe,81,90,2,600,0.475041,7
BAUD,81,90,2,600,0.091486,2
KCA,81,90,2,600,2.79517,1
KCF,81,90,2,600,3.39397,1
KCRDK,81,90,2,600,0.344607,1
KCRDKL,81,90,2,600,0.387044,1
KCUl,81,90,2,600,0.250593,1
KCUe,81,90,2,600,0.254475,1
KCUD,81,90,2,600,0.275673,1
KCOG,81,90,2,600,0.393257,1
KCOGL,81,90,2,600,0.375288,1
BA,101,90,2,600,0.188982,2
BAN,101,90,2,600,0.112123,2
BAUl,101,90,2,600,0.109912,2
BAUe,101,90,2,600,1.27012,11
BAUD,101,90,2,600,0.117445,2
KCA,101,90,2,600,6.93277,1
KCF,101,90,2,600,3.51475,1
KCRDK,101,90,2,600,0.534169,1
KCRDKL,101,90,2,600,0.511436,1
KCUl,101,90,2,600,0.370449,1
KCUe,101,90,2,600,0.369559,1
KCUD,101,90,2,600,0.372803,1
KCOG,101,90,2,600,0.552895,1
KCOGL,101,90,2,600,0.544857,1
BA,1,90,2,600,0.066733,3
BAN,1,90,2,600,0.067692,3
BAUl,1,90,2,600,0.060821,3
BAUe,1,90,2,600,0.065739,3
BAUD,1,90,2,600,0.074099,3
KCA,1,90,2,600,0.039459,1
KCF,1,90,2,600,0.03153,1
KCRDK,1,90,2,600,0.032795,1
KCRDKL,1,90,2,600,0.033338,1
KCUl,1,90,2,600,0.032468,1
KCUe,1,90,2,600,0.031102,1
KCUD,1,90,2,600,0.030954,1
KCOG,1,90,2,600,0.034686,1
KCOGL,1,90,2,600,0.034206,1
BA,21,90,2,600,0.114648,4
BAN,21,90,2,600,0.135868,4
BAUl,21,90,2,600,0.106736,4
BAUe,21,90,2,600,0.364889,7
BAUD,21,90,2,600,0.116002,3
KCA,21,90,2,600,0.233446,1
KCF,21,90,2,600,0.224604,1
KCRDK,21,90,2,600,0.072331,1
KCRDKL,21,90,2,600,0.0735,1
KCUl,21,90,2,600,0.05057,1
KCUe,21,90,2,600,0.051003,1
KCUD,21,90,2,600,0.060956,1
KCOG,21,90,2,600,0.066947,1
KCOGL,21,90,2,600,0.060548,1
BA,41,90,2,600,0.162794,4
BAN,41,90,2,600,0.141272,4
BAUl,41,90,2,600,0.127033,4
BAUe,41,90,2,600,0.762062,9
BAUD,41,90,2,600,0.133498,3
KCA,41,90,2,600,0.885781,1
KCF,41,90,2,600,0.719115,1
KCRDK,41,90,2,600,0.146435,1
KCRDKL,41,90,2,600,0.142624,1
KCUl,41,90,2,600,0.097428,1
KCUe,41,90,2,600,0.096114,1
KCUD,41,90,2,600,0.110472,1
KCOG,41,90,2,600,0.134351,1
KCOGL,41,90,2,600,0.135265,1
BA,61,90,2,600,0.217867,4
BAN,61,90,2,600,0.173602,4
BAUl,61,90,2,600,0.160204,4
BAUe,61,90,2,600,0.611286,8
BAUD,61,90,2,600,0.166782,3
KCA,61,90,2,600,1.58886,1
KCF,61,90,2,600,1.35106,1
KCRDK,61,90,2,600,0.219411,1
KCRDKL,61,90,2,600,0.228309,1
KCUl,61,90,2,600,0.161367,1
KCUe,61,90,2,600,0.163352,1
KCUD,61,90,2,600,0.167268,1
KCOG,61,90,2,600,0.245387,1
KCOGL,61,90,2,600,0.246235,1
BA,81,90,2,600,0.29889,4
BAN,81,90,2,600,0.213554,4
BAUl,81,90,2,600,0.197965,4
BAUe,81,90,2,600,0.759356,8
BAUD,81,90,2,600,0.176203,3
KCA,81,90,2,600,1.96129,1
KCF,81,90,2,600,2.75131,1
KCRDK,81,90,2,600,0.358591,1
KCRDKL,81,90,2,600,0.368283,1
KCUl,81,90,2,600,0.256973,1
KCUe,81,90,2,600,0.259163,1
KCUD,81,90,2,600,0.264036,1
KCOG,81,90,2,600,0.397678,1
KCOGL,81,90,2,600,0.398828,1
BA,101,90,2,600,0.403889,4
BAN,101,90,2,600,0.267029,4
BAUl,101,90,2,600,0.249732,4
BAUe,101,90,2,600,1.7372,11
BAUD,101,90,2,600,0.228076,3
KCA,101,90,2,600,6.02978,1
KCF,101,90,2,600,4.64908,1
KCRDK,101,90,2,600,0.590606,1
KCRDKL,101,90,2,600,0.554758,1
KCUl,101,90,2,600,0.383906,1
KCUe,101,90,2,600,0.379274,1
KCUD,101,90,2,600,0.391021,1
KCOG,101,90,2,600,0.571455,1
KCOGL,101,90,2,600,0.56984,1
BA,1,90,2,600,0.159162,3
BAN,1,90,2,600,0.135648,3
BAUl,1,90,2,600,0.081137,3
BAUe,1,90,2,600,0.06644,3
BAUD,1,90,2,600,0.078777,3
KCA,1,90,2,600,0.028539,1
KCF,1,90,2,600,0.033729,1
KCRDK,1,90,2,600,0.031334,1
KCRDKL,1,90,2,600,0.033198,1
KCUl,1,90,2,600,0.029032,1
KCUe,1,90,2,600,0.027299,1
KCUD,1,90,2,600,0.03256,1
KCOG,1,90,2,600,0.029108,1
KCOGL,1,90,2,600,0.032497,1
BA,21,90,2,600,0.173596,5
BAN,21,90,2,600,0.187465,5
BAUl,21,90,2,600,0.168879,5
BAUe,21,90,2,600,0.214262,6
BAUD,21,90,2,600,0.109161,3
KCA,21,90,2,600,0.234518,1
KCF,21,90,2,600,0.222842,1
KCRDK,21,90,2,600,0.134461,3
KCRDKL,21,90,2,600,0.113491,2
KCUl,21,90,2,600,0.104497,3
KCUe,21,90,2,600,0.331767,8
KCUD,21,90,2,600,0.099095,2
KCOG,21,90,2,600,0.144839,3
KCOGL,21,90,2,600,0.106836,2
BA,41,90,2,600,0.162733,4
BAN,41,90,2,600,0.151757,4
BAUl,41,90,2,600,0.132196,4
BAUe,41,90,2,600,0.265347,6
BAUD,41,90,2,600,0.145088,3
KCA,41,90,2,600,0.993731,1
KCF,41,90,2,600,0.807248,1
KCRDK,41,90,2,600,0.209967,2
KCRDKL,41,90,2,600,0.293794,3
KCUl,41,90,2,600,0.153788,2
KCUe,41,90,2,600,0.315223,4
KCUD,41,90,2,600,0.171697,2
KCOG,41,90,2,600,0.216532,2
KCOGL,41,90,2,600,0.270192,3
BA,61,90,2,600,0.222385,4
BAN,61,90,2,600,0.179082,4
BAUl,61,90,2,600,0.164149,4
BAUe,61,90,2,600,0.299674,6
BAUD,61,90,2,600,0.143598,3
KCA,61,90,2,600,2.33931,1
KCF,61,90,2,600,2.31377,1
KCRDK,61,90,2,600,0.37894,2
KCRDKL,61,90,2,600,0.510134,3
KCUl,61,90,2,600,0.265706,2
KCUe,61,90,2,600,1.0084,8
KCUD,61,90,2,600,0.285983,2
KCOG,61,90,2,600,0.355398,2
KCOGL,61,90,2,600,0.522542,3
BA,81,90,2,600,0.310661,4
BAN,81,90,2,600,0.222028,4
BAUl,81,90,2,600,0.209524,4
BAUe,81,90,2,600,0.379684,6
BAUD,81,90,2,600,0.176422,3
KCA,81,90,2,600,3.93135,1
KCF,81,90,2,600,3.53281,1
KCRDK,81,90,2,600,0.630367,2
KCRDKL,81,90,2,600,0.624922,2
KCUl,81,90,2,600,0.419735,2
KCUe,81,90,2,600,0.610068,3
KCUD,81,90,2,600,0.440912,2
KCOG,81,90,2,600,0.573782,2
KCOGL,81,90,2,600,0.556587,2
BA,101,90,2,600,0.436312,4
BAN,101,90,2,600,0.304417,4
BAUl,101,90,2,600,0.287053,4
BAUe,101,90,2,600,0.441085,6
BAUD,101,90,2,600,0.214413,3
KCA,101,90,2,600,7.77035,1
KCF,101,90,2,600,5.97225,1
KCRDK,101,90,2,600,0.921449,2
KCRDKL,101,90,2,600,0.889008,2
KCUl,101,90,2,600,0.615753,2
KCUe,101,90,2,600,1.38789,5
KCUD,101,90,2,600,0.652834,2
KCOG,101,90,2,600,0.921548,2
KCOGL,101,90,2,600,0.898473,2
BA,1,90,2,600,0.032958,2
BAN,1,90,2,600,0.034851,2
BAUl,1,90,2,600,0.033654,2
BAUe,1,90,2,600,0.037157,2
BAUD,1,90,2,600,0.040801,2
KCA,1,90,2,600,0.035512,1
KCF,1,90,2,600,0.034587,1
KCRDK,1,90,2,600,0.030058,1
KCRDKL,1,90,2,600,0.030844,1
KCUl,1,90,2,600,0.020916,1
KCUe,1,90,2,600,0.027774,1
KCUD,1,90,2,600,0.027475,1
KCOG,1,90,2,600,0.024926,1
KCOGL,1,90,2,600,0.024725,1
BA,21,90,2,600,0.039082,2
BAN,21,90,2,600,0.040455,2
BAUl,21,90,2,600,0.043952,2
BAUe,21,90,2,600,0.074035,3
BAUD,21,90,2,600,0.048639,2
KCA,21,90,2,600,0.241036,1
KCF,21,90,2,600,0.225324,1
KCRDK,21,90,2,600,0.062438,1
KCRDKL,21,90,2,600,0.061535,1
KCUl,21,90,2,600,0.05559,1
KCUe,21,90,2,600,0.078125,2
KCUD,21,90,2,600,0.047699,1
KCOG,21,90,2,600,0.062516,1
KCOGL,21,90,2,600,0.061462,1
BA,41,90,2,600,0.065449,2
BAN,41,90,2,600,0.063837,2
BAUl,41,90,2,600,0.048616,2
BAUe,41,90,2,600,0.089243,3
BAUD,41,90,2,600,0.052558,2
KCA,41,90,2,600,0.862603,1
KCF,41,90,2,600,0.776244,1
KCRDK,41,90,2,600,0.121283,1
KCRDKL,41,90,2,600,0.122832,1
KCUl,41,90,2,600,0.092516,1
KCUe,41,90,2,600,0.174547,2
KCUD,41,90,2,600,0.114037,1
KCOG,41,90,2,600,0.135741,1
KCOGL,41,90,2,600,0.129493,1
BA,61,90,2,600,0.094935,2
BAN,61,90,2,600,0.06729,2
BAUl,61,90,2,600,0.07656,2
BAUe,61,90,2,600,0.117616,3
BAUD,61,90,2,600,0.074078,2
KCA,61,90,2,600,1.64952,1
KCF,61,90,2,600,1.90673,1
KCRDK,61,90,2,600,0.233801,1
KCRDKL,61,90,2,600,0.236456,1
KCUl,61,90,2,600,0.157988,1
KCUe,61,90,2,600,0.265266,2
KCUD,61,90,2,600,0.164767,1
KCOG,61,90,2,600,0.242317,1
KCOGL,61,90,2,600,0.21732,1
BA,81,90,2,600,0.136124,2
BAN,81,90,2,600,0.08571,2
BAUl,81,90,2,600,0.08337,2
BAUe,81,90,2,600,0.142925,3
BAUD,81,90,2,600,0.095236,2
KCA,81,90,2,600,2.98168,1
KCF,81,90,2,600,3.2082,1
KCRDK,81,90,2,600,0.365974,1
KCRDKL,81,90,2,600,0.357007,1
KCUl,81,90,2,600,0.251508,1
KCUe,81,90,2,600,0.422744,2
KCUD,81,90,2,600,0.250668,1
KCOG,81,90,2,600,0.344328,1
KCOGL,81,90,2,600,0.369522,1
BA,101,90,2,600,0.188537,2
BAN,101,90,2,600,0.112052,2
BAUl,101,90,2,600,0.110373,2
BAUe,101,90,2,600,0.181663,3
BAUD,101,90,2,600,0.120829,2
KCA,101,90,2,600,4.81711,1
KCF,101,90,2,600,4.37167,1
KCRDK,101,90,2,600,0.563862,1
KCRDKL,101,90,2,600,0.578123,1
KCUl,101,90,2,600,0.375569,1
KCUe,101,90,2,600,0.616865,2
KCUD,101,90,2,600,0.374791,1
KCOG,101,90,2,600,0.566306,1
KCOGL,101,90,2,600,0.511047,1
BA,1,90,2,600,0.113781,4
BAN,1,90,2,600,0.126202,4
BAUl,1,90,2,600,0.109519,4
BAUe,1,90,2,600,0.121754,4
BAUD,1,90,2,600,0.099301,3
KCA,1,90,2,600,0.033535,1
KCF,1,90,2,600,0.032902,1
KCRDK,1,90,2,600,0.060558,3
KCRDKL,1,90,2,600,0.065156,3
KCUl,1,90,2,600,0.053055,3
KCUe,1,90,2,600,0.064497,3
KCUD,1,90,2,600,0.065049,2
KCOG,1,90,2,600,0.077714,3
KCOGL,1,90,2,600,0.058351,3
BA,21,90,2,600,4.43592,18
BAN,21,90,2,600,6.21619,20
BAUl,21,90,2,600,4.49606,18
BAUe,21,90,2,600,4.57098,18
BAUD,21,90,2,600,7.49813,17
KCA,21,90,2,600,0.202295,1
KCF,21,90,2,600,0.174068,1
KCRDK,21,90,2,600,0.066537,1
KCRDKL,21,90,2,600,0.0716,1
KCUl,21,90,2,600,0.047315,1
KCUe,21,90,2,600,0.047032,1
KCUD,21,90,2,600,0.053369,1
KCOG,21,90,2,600,0.059666,1
KCOGL,21,90,2,600,0.069934,1
BA,41,90,2,600,5.78401,18
BAN,41,90,2,600,5.26796,17
BAUl,41,90,2,600,5.68162,18
BAUe,41,90,2,600,4.8975,17
BAUD,41,90,2,600,8.94899,18
KCA,41,90,2,600,0.496931,1
KCF,41,90,2,600,0.46348,1
KCRDK,41,90,2,600,0.138633,1
KCRDKL,41,90,2,600,0.150845,1
KCUl,41,90,2,600,0.093268,1
KCUe,41,90,2,600,0.09465,1
KCUD,41,90,2,600,0.099077,1
KCOG,41,90,2,600,0.142406,1
KCOGL,41,90,2,600,0.145422,1
BA,61,90,2,600,5.70274,18
BAN,61,90,2,600,4.2373,16
BAUl,61,90,2,600,5.18098,18
BAUe,61,90,2,600,4.55691,17
BAUD,61,90,2,600,9.17468,17
KCA,61,90,2,600,0.862973,1
KCF,61,90,2,600,0.933714,1
KCRDK,61,90,2,600,0.247637,1
KCRDKL,61,90,2,600,0.332732,1
KCUl,61,90,2,600,0.166398,1
KCUe,61,90,2,600,0.172472,1
KCUD,61,90,2,600,0.171043,1
KCOG,61,90,2,600,0.264552,1
KCOGL,61,90,2,600,0.230303,1
BA,81,90,2,600,5.70782,17
BAN,81,90,2,600,5.34044,17
BAUl,81,90,2,600,5.12549,17
BAUe,81,90,2,600,4.65776,17
BAUD,81,90,2,600,9.05394,17
KCA,81,90,2,600,1.49346,1
KCF,81,90,2,600,1.4497,1
KCRDK,81,90,2,600,0.407222,1
KCRDKL,81,90,2,600,0.369648,1
KCUl,81,90,2,600,0.254383,1
KCUe,81,90,2,600,0.256007,1
KCUD,81,90,2,600,0.26282,1
KCOG,81,90,2,600,0.371277,1
KCOGL,81,90,2,600,0.360679,1
BA,101,90,2,600,5.93325,17
BAN,101,90,2,600,6.98198,17
BAUl,101,90,2,600,5.3685,17
BAUe,101,90,2,600,5.46257,17
BAUD,101,90,2,600,7.87952,17
KCA,101,90,2,600,2.39956,1
KCF,101,90,2,600,2.22192,1
KCRDK,101,90,2,600,0.593438,1
KCRDKL,101,90,2,600,0.565653,1
KCUl,101,90,2,600,0.373678,1
KCUe,101,90,2,600,0.373517,1
KCUD,101,90,2,600,0.384421,1
KCOG,101,90,2,600,0.542494,1
KCOGL,101,90,2,600,0.498532,1
BA,1,90,2,600,0.07362,3
BAN,1,90,2,600,0.074145,3
BAUl,1,90,2,600,0.068964,3
BAUe,1,90,2,600,0.066136,3
BAUD,1,90,2,600,0.072379,3
KCA,1,90,2,600,0.028243,1
KCF,1,90,2,600,0.026831,1
KCRDK,1,90,2,600,0.027845,1
KCRDKL,1,90,2,600,0.028862,1
KCUl,1,90,2,600,0.02443,1
KCUe,1,90,2,600,0.025188,1
KCUD,1,90,2,600,0.025039,1
KCOG,1,90,2,600,0.027148,1
KCOGL,1,90,2,600,0.033393,1
BA,21,90,2,600,0.267505,6
BAN,21,90,2,600,0.305378,6
BAUl,21,90,2,600,0.257368,6
BAUe,21,90,2,600,3.26053,18
BAUD,21,90,2,600,0.21984,4
KCA,21,90,2,600,0.260997,1
KCF,21,90,2,600,0.235135,1
KCRDK,21,90,2,600,0.0702,1
KCRDKL,21,90,2,600,0.057312,1
KCUl,21,90,2,600,0.046806,1
KCUe,21,90,2,600,0.053479,1
KCUD,21,90,2,600,0.052191,1
KCOG,21,90,2,600,0.067402,1
KCOGL,21,90,2,600,0.067567,1
BA,41,90,2,600,0.469177,7
BAN,41,90,2,600,0.356987,6
BAUl,41,90,2,600,0.419562,7
BAUe,41,90,2,600,4.21719,19
BAUD,41,90,2,600,0.232494,4
KCA,41,90,2,600,0.998201,1
KCF,41,90,2,600,0.77423,1
KCRDK,41,90,2,600,0.129705,1
KCRDKL,41,90,2,600,0.136187,1
KCUl,41,90,2,600,0.093519,1
KCUe,41,90,2,600,0.094423,1
KCUD,41,90,2,600,0.094741,1
KCOG,41,90,2,600,0.13286,1
KCOGL,41,90,2,600,0.130755,1
BA,61,90,2,600,0.698251,8
BAN,61,90,2,600,0.649783,8
BAUl,61,90,2,600,0.584868,8
BAUe,61,90,2,600,3.61722,18
BAUD,61,90,2,600,0.180039,3
KCA,61,90,2,600,2.55945,1
KCF,61,90,2,600,1.84681,1
KCRDK,61,90,2,600,0.219293,1
KCRDKL,61,90,2,600,0.232441,1
KCUl,61,90,2,600,0.163276,1
KCUe,61,90,2,600,0.165043,1
KCUD,61,90,2,600,0.171517,1
KCOG,61,90,2,600,0.224903,1
KCOGL,61,90,2,600,0.242859,1
BA,81,90,2,600,0.718672,7
BAN,81,90,2,600,0.59767,7
BAUl,81,90,2,600,0.541272,7
BAUe,81,90,2,600,4.64659,20
BAUD,81,90,2,600,0.514293,5
KCA,81,90,2,600,3.30387,1
KCF,81,90,2,600,6.63274,1
KCRDK,81,90,2,600,0.414545,1
KCRDKL,81,90,2,600,0.373698,1
KCUl,81,90,2,600,0.261013,1
KCUe,81,90,2,600,0.263593,1
KCUD,81,90,2,600,0.265932,1
KCOG,81,90,2,600,0.397833,1
KCOGL,81,90,2,600,0.361958,1
BA,101,90,2,600,0.90541,7
BAN,101,90,2,600,0.752172,7
BAUl,101,90,2,600,0.622725,7
BAUe,101,90,2,600,5.75004,21
BAUD,101,90,2,600,0.241621,3
KCA,101,90,2,600,7.6196,1
KCF,101,90,2,600,5.88086,1
KCRDK,101,90,2,600,0.585156,1
KCRDKL,101,90,2,600,0.523048,1
KCUl,101,90,2,600,0.373623,1
KCUe,101,90,2,600,0.375931,1
KCUD,101,90,2,600,0.383224,1
KCOG,101,90,2,600,0.525606,1
KCOGL,101,90,2,600,0.55015,1
BA,1,90,2,600,0.032546,2
BAN,1,90,2,600,0.036687,2
BAUl,1,90,2,600,0.033417,2
BAUe,1,90,2,600,0.064116,3
BAUD,1,90,2,600,0.041565,2
KCA,1,90,2,600,0.035444,1
KCF,1,90,2,600,0.034704,1
KCRDK,1,90,2,600,0.028535,1
KCRDKL,1,90,2,600,0.029166,1
KCUl,1,90,2,600,0.02671,1
KCUe,1,90,2,600,0.034407,1
KCUD,1,90,2,600,0.034333,1
KCOG,1,90,2,600,0.027824,1
KCOGL,1,90,2,600,0.030075,1
BA,21,90,2,600,0.041649,2
BAN,21,90,2,600,0.047605,2
BAUl,21,90,2,600,0.03752,2
BAUe,21,90,2,600,2.22986,13
BAUD,21,90,2,600,0.056215,2
KCA,21,90,2,600,0.24898,1
KCF,21,90,2,600,0.219841,1
KCRDK,21,90,2,600,0.068421,1
KCRDKL,21,90,2,600,0.06436,1
KCUl,21,90,2,600,0.047834,1
KCUe,21,90,2,600,0.055033,1
KCUD,21,90,2,600,0.057894,1
KCOG,21,90,2,600,0.070239,1
KCOGL,21,90,2,600,0.067383,1
BA,41,90,2,600,0.061776,2
BAN,41,90,2,600,0.05017,2
BAUl,41,90,2,600,0.048818,2
BAUe,41,90,2,600,2.85995,13
BAUD,41,90,2,600,0.068046,2
KCA,41,90,2,600,1.16031,1
KCF,41,90,2,600,0.907305,1
KCRDK,41,90,2,600,0.124043,1
KCRDKL,41,90,2,600,0.131873,1
KCUl,41,90,2,600,0.090129,1
KCUe,41,90,2,600,0.093456,1
KCUD,41,90,2,600,0.094627,1
KCOG,41,90,2,600,0.119954,1
KCOGL,41,90,2,600,0.12315,1
BA,61,90,2,600,0.096332,2
BAN,61,90,2,600,0.076346,2
BAUl,61,90,2,600,0.070418,2
BAUe,61,90,2,600,2.56535,12
BAUD,61,90,2,600,0.074886,2
KCA,61,90,2,600,2.54372,1
KCF,61,90,2,600,2.32083,1
KCRDK,61,90,2,600,0.251717,1
KCRDKL,61,90,2,600,0.249183,1
KCUl,61,90,2,600,0.16027,1
KCUe,61,90,2,600,0.167684,1
KCUD,61,90,2,600,0.174041,1
KCOG,61,90,2,600,0.239481,1
KCOGL,61,90,2,600,0.244545,1
BA,81,90,2,600,0.506127,5
BAN,81,90,2,600,0.405374,5
BAUl,81,90,2,600,0.380146,5
BAUe,81,90,2,600,2.71444,13
BAUD,81,90,2,600,0.211709,3
KCA,81,90,2,600,5.12492,1
KCF,81,90,2,600,8.00075,1
KCRDK,81,90,2,600,0.417027,1
KCRDKL,81,90,2,600,0.397732,1
KCUl,81,90,2,600,0.259859,1
KCUe,81,90,2,600,0.262012,1
KCUD,81,90,2,600,0.271197,1
KCOG,81,90,2,600,0.38532,1
KCOGL,81,90,2,600,0.387787,1
BA,101,90,2,600,0.498638,4
BAN,101,90,2,600,0.35506,4
BAUl,101,90,2,600,0.343455,4
BAUe,101,90,2,600,3.07873,13
BAUD,101,90,2,600,0.359758,4
KCA,101,90,2,600,7.90603,1
KCF,101,90,2,600,5.97423,1
KCRDK,101,90,2,600,0.560276,1
KCRDKL,101,90,2,600,0.53593,1
KCUl,101,90,2,600,0.375275,1
KCUe,101,90,2,600,0.37665,1
KCUD,101,90,2,600,0.377529,1
KCOG,101,90,2,600,0.558105,1
KCOGL,101,90,2,600,0.535852,1
BA,1,90,2,600,0.073795,3
BAN,1,90,2,600,0.076554,3
BAUl,1,90,2,600,0.071046,3
BAUe,1,90,2,600,0.075038,3
BAUD,1,90,2,600,0.077303,3
KCA,1,90,2,600,0.027601,1
KCF,1,90,2,600,0.034701,1
KCRDK,1,90,2,600,0.035294,1
KCRDKL,1,90,2,600,0.033135,1
KCUl,1,90,2,600,0.024398,1
KCUe,1,90,2,600,0.032656,1
KCUD,1,90,2,600,0.02834,1
KCOG,1,90,2,600,0.031177,1
KCOGL,1,90,2,600,0.032065,1
BA,21,90,2,600,0.140522,4
BAN,21,90,2,600,0.14201,4
BAUl,21,90,2,600,0.130449,4
BAUe,21,90,2,600,1.10993,11
BAUD,21,90,2,600,0.105478,3
KCA,21,90,2,600,0.254464,1
KCF,21,90,2,600,0.218485,1
KCRDK,21,90,2,600,0.099981,2
KCRDKL,21,90,2,600,0.099921,2
KCUl,21,90,2,600,0.074999,2
KCUe,21,90,2,600,0.217776,5
KCUD,21,90,2,600,0.103914,2
KCOG,21,90,2,600,0.099733,2
KCOGL,21,90,2,600,0.110011,2
BA,41,90,2,600,0.176282,4
BAN,41,90,2,600,0.164538,4
BAUl,41,90,2,600,0.151067,4
BAUe,41,90,2,600,1.23585,11
BAUD,41,90,2,600,0.132415,3
KCA,41,90,2,600,0.953952,1
KCF,41,90,2,600,0.818306,1
KCRDK,41,90,2,600,0.224167,2
KCRDKL,41,90,2,600,0.223074,2
KCUl,41,90,2,600,0.153389,2
KCUe,41,90,2,600,0.355811,4
KCUD,41,90,2,600,0.177493,2
KCOG,41,90,2,600,0.213915,2
KCOGL,41,90,2,600,0.220506,2
BA,61,90,2,600,0.245876,4
BAN,61,90,2,600,0.196627,4
BAUl,61,90,2,600,0.185278,4
BAUe,61,90,2,600,1.78422,13
BAUD,61,90,2,600,0.156018,3
KCA,61,90,2,600,6.27571,1
KCF,61,90,2,600,2.54345,1
KCRDK,61,90,2,600,0.382588,2
KCRDKL,61,90,2,600,0.383406,2
KCUl,61,90,2,600,0.26315,2
KCUe,61,90,2,600,0.518845,4
KCUD,61,90,2,600,0.2981,2
KCOG,61,90,2,600,0.385961,2
KCOGL,61,90,2,600,0.374916,2
BA,81,90,2,600,0.333777,4
BAN,81,90,2,600,0.234633,4
BAUl,81,90,2,600,0.219637,4
BAUe,81,90,2,600,0.338868,5
BAUD,81,90,2,600,0.190965,3
KCA,81,90,2,600,5.45426,1
KCF,81,90,2,600,5.31941,1
KCRDK,81,90,2,600,0.642226,2
KCRDKL,81,90,2,600,0.614218,2
KCUl,81,90,2,600,0.414604,2
KCUe,81,90,2,600,0.797366,4
KCUD,81,90,2,600,0.438042,2
KCOG,81,90,2,600,0.588334,2
KCOGL,81,90,2,600,0.593937,2
BA,101,90,2,600,0.428526,4
BAN,101,90,2,600,0.289989,4
BAUl,101,90,2,600,0.273191,4
BAUe,101,90,2,600,0.386904,5
BAUD,101,90,2,600,0.233933,3
KCA,101,90,2,600,8.1033,1
KCF,101,90,2,600,6.32469,1
KCRDK,101,90,2,600,0.845014,2
KCRDKL,101,90,2,600,0.854956,2
KCUl,101,90,2,600,0.620765,2
KCUe,101,90,2,600,1.71153,6
KCUD,101,90,2,600,0.642895,2
KCOG,101,90,2,600,0.895866,2
KCOGL,101,90,2,600,0.858858,2
BA,1,90,2,600,0.031519,2
BAN,1,90,2,600,0.036067,2
BAUl,1,90,2,600,0.03044,2
BAUe,1,90,2,600,0.114046,4
BAUD,1,90,2,600,0.040448,2
KCA,1,90,2,600,0.034158,1
KCF,1,90,2,600,0.036638,1
KCRDK,1,90,2,600,0.026112,1
KCRDKL,1,90,2,600,0.024293,1
KCUl,1,90,2,600,0.023131,1
KCUe,1,90,2,600,0.062028,3
KCUD,1,90,2,600,0.027144,1
KCOG,1,90,2,600,0.026962,1
KCOGL,1,90,2,600,0.025358,1
BA,21,90,2,600,0.037165,2
BAN,21,90,2,600,0.037035,2
BAUl,21,90,2,600,0.035205,2
BAUe,21,90,2,600,0.084931,3
BAUD,21,90,2,600,0.04561,2
KCA,21,90,2,600,0.222449,1
KCF,21,90,2,600,0.226851,1
KCRDK,21,90,2,600,0.057687,1
KCRDKL,21,90,2,600,0.057689,1
KCUl,21,90,2,600,0.065236,1
KCUe,21,90,2,600,0.079952,2
KCUD,21,90,2,600,0.048048,1
KCOG,21,90,2,600,0.063737,1
KCOGL,21,90,2,600,0.060243,1
BA,41,90,2,600,0.059165,2
BAN,41,90,2,600,0.047754,2
BAUl,41,90,2,600,0.050275,2
BAUe,41,90,2,600,0.104689,3
BAUD,41,90,2,600,0.059629,2
KCA,41,90,2,600,0.919906,1
KCF,41,90,2,600,0.844425,1
KCRDK,41,90,2,600,0.140126,1
KCRDKL,41,90,2,600,0.140561,1
KCUl,41,90,2,600,0.099031,1
KCUe,41,90,2,600,0.152747,2
KCUD,41,90,2,600,0.097348,1
KCOG,41,90,2,600,0.12071,1
KCOGL,41,90,2,600,0.125047,1
BA,61,90,2,600,0.090849,2
BAN,61,90,2,600,0.064802,2
BAUl,61,90,2,600,0.061517,2
BAUe,61,90,2,600,0.117293,3
BAUD,61,90,2,600,0.076757,2
KCA,61,90,2,600,2.18169,1
KCF,61,90,2,600,1.85079,1
KCRDK,61,90,2,600,0.246645,1
KCRDKL,61,90,2,600,0.215935,1
KCUl,61,90,2,600,0.158192,1
KCUe,61,90,2,600,0.264697,2
KCUD,61,90,2,600,0.159633,1
KCOG,61,90,2,600,0.24889,1
KCOGL,61,90,2,600,0.240508,1
BA,81,90,2,600,0.132695,2
BAN,81,90,2,600,0.086014,2
BAUl,81,90,2,600,0.082638,2
BAUe,81,90,2,600,0.143681,3
BAUD,81,90,2,600,0.089043,2
KCA,81,90,2,600,3.34683,1
KCF,81,90,2,600,3.67681,1
KCRDK,81,90,2,600,0.354259,1
KCRDKL,81,90,2,600,0.381316,1
KCUl,81,90,2,600,0.252144,1
KCUe,81,90,2,600,0.420122,2
KCUD,81,90,2,600,0.255314,1
KCOG,81,90,2,600,0.384704,1
KCOGL,81,90,2,600,0.387561,1
BA,101,90,2,600,0.184779,2
BAN,101,90,2,600,0.110577,2
BAUl,101,90,2,600,0.108292,2
BAUe,101,90,2,600,0.180037,3
BAUD,101,90,2,600,0.121773,2
KCA,101,90,2,600,5.84096,1
KCF,101,90,2,600,5.03776,1
KCRDK,101,90,2,600,0.556161,1
KCRDKL,101,90,2,600,0.552392,1
KCUl,101,90,2,600,0.374038,1
KCUe,101,90,2,600,0.62365,2
KCUD,101,90,2,600,0.37663,1
KCOG,101,90,2,600,0.581943,1
KCOGL,101,90,2,600,0.536077,1
BA,1,90,2,600,0.062519,3
BAN,1,90,2,600,0.067705,3
BAUl,1,90,2,600,0.068515,3
BAUe,1,90,2,600,0.06065,3
BAUD,1,90,2,600,0.071329,3
KCA,1,90,2,600,0.021775,1
KCF,1,90,2,600,0.020402,1
KCRDK,1,90,2,600,0.019851,1
KCRDKL,1,90,2,600,0.019137,1
KCUl,1,90,2,600,0.019757,1
KCUe,1,90,2,600,0.017645,1
KCUD,1,90,2,600,0.01867,1
KCOG,1,90,2,600,0.019461,1
KCOGL,1,90,2,600,0.024834,1
BA,21,90,2,600,0.117645,4
BAN,21,90,2,600,0.139447,4
BAUl,21,90,2,600,0.109065,4
BAUe,21,90,2,600,0.99795,13
BAUD,21,90,2,600,0.110519,3
KCA,21,90,2,600,0.239682,1
KCF,21,90,2,600,0.233234,1
KCRDK,21,90,2,600,0.104096,2
KCRDKL,21,90,2,600,0.098149,2
KCUl,21,90,2,600,0.080208,2
KCUe,21,90,2,600,0.085173,2
KCUD,21,90,2,600,0.089821,2
KCOG,21,90,2,600,0.097752,2
KCOGL,21,90,2,600,0.103889,2
BA,41,90,2,600,0.156629,4
BAN,41,90,2,600,0.142847,4
BAUl,41,90,2,600,0.129629,4
BAUe,41,90,2,600,1.08657,13
BAUD,41,90,2,600,0.122564,3
KCA,41,90,2,600,0.995304,1
KCF,41,90,2,600,0.807793,1
KCRDK,41,90,2,600,0.223123,2
KCRDKL,41,90,2,600,0.20144,2
KCUl,41,90,2,600,0.147516,2
KCUe,41,90,2,600,0.174834,2
KCUD,41,90,2,600,0.171271,2
KCOG,41,90,2,600,0.222454,2
KCOGL,41,90,2,600,0.2105,2
BA,61,90,2,600,0.237464,4
BAN,61,90,2,600,0.183125,4
BAUl,61,90,2,600,0.178617,4
BAUe,61,90,2,600,1.00025,12
BAUD,61,90,2,600,0.135335,3
KCA,61,90,2,600,2.7383,1
KCF,61,90,2,600,1.84385,1
KCRDK,61,90,2,600,0.368143,2
KCRDKL,61,90,2,600,0.369449,2
KCUl,61,90,2,600,0.260773,2
KCUe,61,90,2,600,0.511739,4
KCUD,61,90,2,600,0.282213,2
KCOG,61,90,2,600,0.378133,2
KCOGL,61,90,2,600,0.345253,2
BA,81,90,2,600,0.308864,4
BAN,81,90,2,600,0.218615,4
BAUl,81,90,2,600,0.203536,4
BAUe,81,90,2,600,1.12328,12
BAUD,81,90,2,600,0.18591,3
KCA,81,90,2,600,3.15405,1
KCF,81,90,2,600,6.35335,1
KCRDK,81,90,2,600,0.583544,2
KCRDKL,81,90,2,600,0.611192,2
KCUl,81,90,2,600,0.417186,2
KCUe,81,90,2,600,0.800853,4
KCUD,81,90,2,600,0.448802,2
KCOG,81,90,2,600,0.588093,2
KCOGL,81,90,2,600,0.59781,2
BA,101,90,2,600,0.403431,4
BAN,101,90,2,600,0.267952,4
BAUl,101,90,2,600,0.252965,4
BAUe,101,90,2,600,1.25868,12
BAUD,101,90,2,600,0.208124,3
KCA,101,90,2,600,7.25865,1
KCF,101,90,2,600,6.18239,1
KCRDK,101,90,2,600,0.880889,2
KCRDKL,101,90,2,600,0.865834,2
KCUl,101,90,2,600,0.616778,2
KCUe,101,90,2,600,1.13862,4
KCUD,101,90,2,600,0.638731,2
KCOG,101,90,2,600,0.877777,2
KCOGL,101,90,2,600,0.863758,2
BA,1,90,2,600,0.064326,3
BAN,1,90,2,600,0.075236,3
BAUl,1,90,2,600,0.06069,3
BAUe,1,90,2,600,0.0608,3
BAUD,1,90,2,600,0.068257,3
KCA,1,90,2,600,0.025876,1
KCF,1,90,2,600,0.025182,1
KCRDK,1,90,2,600,0.027747,1
KCRDKL,1,90,2,600,0.028602,1
KCUl,1,90,2,600,0.023391,1
KCUe,1,90,2,600,0.027209,1
KCUD,1,90,2,600,0.023993,1
KCOG,1,90,2,600,0.027585,1
KCOGL,1,90,2,600,0.028054,1
BA,21,90,2,600,0.081123,3
BAN,21,90,2,600,0.084986,3
BAUl,21,90,2,600,0.081366,3
BAUe,21,90,2,600,0.595195,9
BAUD,21,90,2,600,0.095506,3
KCA,21,90,2,600,0.219803,1
KCF,21,90,2,600,0.21009,1
KCRDK,21,90,2,600,0.095601,1
KCRDKL,21,90,2,600,0.103228,1
KCUl,21,90,2,600,0.081015,1
KCUe,21,90,2,600,0.443641,9
KCUD,21,90,2,600,0.053269,1
KCOG,21,90,2,600,0.072168,1
KCOGL,21,90,2,600,0.060409,1
BA,41,90,2,600,0.111267,3
BAN,41,90,2,600,0.101274,3
BAUl,41,90,2,600,0.091216,3
BAUe,41,90,2,600,0.916036,12
BAUD,41,90,2,600,0.106654,3
KCA,41,90,2,600,0.841387,1
KCF,41,90,2,600,0.757591,1
KCRDK,41,90,2,600,0.121991,1
KCRDKL,41,90,2,600,0.1278,1
KCUl,41,90,2,600,0.087858,1
KCUe,41,90,2,600,0.289403,4
KCUD,41,90,2,600,0.093602,1
KCOG,41,90,2,600,0.135106,1
KCOGL,41,90,2,600,0.135512,1
BA,61,90,2,600,0.152496,3
BAN,61,90,2,600,0.115075,3
BAUl,61,90,2,600,0.107215,3
BAUe,61,90,2,600,0.839687,11
BAUD,61,90,2,600,0.132102,3
KCA,61,90,2,600,1.64018,1
KCF,61,90,2,600,1.54567,1
KCRDK,61,90,2,600,0.229854,1
KCRDKL,61,90,2,600,0.231918,1
KCUl,61,90,2,600,0.163161,1
KCUe,61,90,2,600,0.493222,4
KCUD,61,90,2,600,0.158831,1
KCOG,61,90,2,600,0.243064,1
KCOGL,61,90,2,600,0.212071,1
BA,81,90,2,600,0.214755,3
BAN,81,90,2,600,0.14347,3
BAUl,81,90,2,600,0.13694,3
BAUe,81,90,2,600,0.969537,11
BAUD,81,90,2,600,0.169671,3
KCA,81,90,2,600,3.48512,1
KCF,81,90,2,600,2.77715,1
KCRDK,81,90,2,600,0.37047,1
KCRDKL,81,90,2,600,0.349635,1
KCUl,81,90,2,600,0.251384,1
KCUe,81,90,2,600,0.774174,4
KCUD,81,90,2,600,0.255167,1
KCOG,81,90,2,600,0.383173,1
KCOGL,81,90,2,600,0.347568,1
BA,101,90,2,600,0.294255,3
BAN,101,90,2,600,0.183471,3
BAUl,101,90,2,600,0.178414,3
BAUe,101,90,2,600,1.15688,11
BAUD,101,90,2,600,0.206199,3
KCA,101,90,2,600,5.29445,1
KCF,101,90,2,600,4.42147,1
KCRDK,101,90,2,600,0.532125,1
KCRDKL,101,90,2,600,0.559392,1
KCUl,101,90,2,600,0.370077,1
KCUe,101,90,2,600,1.12469,4
KCUD,101,90,2,600,0.370693,1
KCOG,101,90,2,600,0.572519,1
KCOGL,101,90,2,600,0.537187,1
BA,1,90,2,600,0.112519,4
BAN,1,90,2,600,0.124295,4
BAUl,1,90,2,600,0.110972,4
BAUe,1,90,2,600,0.110307,4
BAUD,1,90,2,600,0.099603,3
KCA,1,90,2,600,0.032178,1
KCF,1,90,2,600,0.029651,1
KCRDK,1,90,2,600,0.055749,2
KCRDKL,1,90,2,600,0.047281,2
KCUl,1,90,2,600,0.057071,3
KCUe,1,90,2,600,0.061952,3
KCUD,1,90,2,600,0.046084,2
KCOG,1,90,2,600,0.047127,2
KCOGL,1,90,2,600,0.052179,2
BA,21,90,2,600,0.591508,9
BAN,21,90,2,600,0.655741,9
BAUl,21,90,2,600,0.574786,9
BAUe,21,90,2,600,0.630892,9
BAUD,21,90,2,600,0.954224,8
KCA,21,90,2,600,0.198977,1
KCF,21,90,2,600,0.200005,1
KCRDK,21,90,2,600,0.080436,1
KCRDKL,21,90,2,600,0.068626,1
KCUl,21,90,2,600,0.048033,1
KCUe,21,90,2,600,0.051362,1
KCUD,21,90,2,600,0.051279,1
KCOG,21,90,2,600,0.064761,1
KCOGL,21,90,2,600,0.057986,1
BA,41,90,2,600,0.553966,7
BAN,41,90,2,600,0.435916,7
BAUl,41,90,2,600,0.389069,7
BAUe,41,90,2,600,0.523013,8
BAUD,41,90,2,600,0.844445,8
KCA,41,90,2,600,0.592287,1
KCF,41,90,2,600,0.494691,1
KCRDK,41,90,2,600,0.128488,1
KCRDKL,41,90,2,600,0.139254,1
KCUl,41,90,2,600,0.093837,1
KCUe,41,90,2,600,0.093196,1
KCUD,41,90,2,600,0.096515,1
KCOG,41,90,2,600,0.137856,1
KCOGL,41,90,2,600,0.134931,1
BA,61,90,2,600,0.810184,9
BAN,61,90,2,600,0.762804,9
BAUl,61,90,2,600,0.670381,9
BAUe,61,90,2,600,0.90955,10
BAUD,61,90,2,600,0.9496,8
KCA,61,90,2,600,1.44182,1
KCF,61,90,2,600,1.24388,1
KCRDK,61,90,2,600,0.275145,1
KCRDKL,61,90,2,600,0.250549,1
KCUl,61,90,2,600,0.162252,1
KCUe,61,90,2,600,0.162234,1
KCUD,61,90,2,600,0.175457,1
KCOG,61,90,2,600,0.236662,1
KCOGL,61,90,2,600,0.226986,1
BA,81,90,2,600,1.09346,9
BAN,81,90,2,600,0.95338,9
BAUl,81,90,2,600,1.06512,9
BAUe,81,90,2,600,0.924292,9
BAUD,81,90,2,600,1.15984,8
KCA,81,90,2,600,2.5637,1
KCF,81,90,2,600,2.1984,1
KCRDK,81,90,2,600,0.403902,1
KCRDKL,81,90,2,600,0.383368,1
KCUl,81,90,2,600,0.254911,1
KCUe,81,90,2,600,0.253116,1
KCUD,81,90,2,600,0.257036,1
KCOG,81,90,2,600,0.394962,1
KCOGL,81,90,2,600,0.342604,1
BA,101,90,2,600,1.24428,9
BAN,101,90,2,600,0.991648,9
BAUl,101,90,2,600,0.902447,9
BAUe,101,90,2,600,1.10603,10
BAUD,101,90,2,600,1.2203,8
KCA,101,90,2,600,3.6312,1
KCF,101,90,2,600,2.89575,1
KCRDK,101,90,2,600,0.558986,1
KCRDKL,101,90,2,600,0.561018,1
KCUl,101,90,2,600,0.369322,1
KCUe,101,90,2,600,0.369291,1
KCUD,101,90,2,600,0.370579,1
KCOG,101,90,2,600,0.54204,1
KCOGL,101,90,2,600,0.510475,1
BA,1,90,2,600,0.070295,3
BAN,1,90,2,600,0.073969,3
BAUl,1,90,2,600,0.062732,3
BAUe,1,90,2,600,0.064326,3
BAUD,1,90,2,600,0.076103,3
KCA,1,90,2,600,0.021625,1
KCF,1,90,2,600,0.020053,1
KCRDK,1,90,2,600,0.020503,1
KCRDKL,1,90,2,600,0.021203,1
KCUl,1,90,2,600,0.027548,1
KCUe,1,90,2,600,0.023527,1
KCUD,1,90,2,600,0.024627,1
KCOG,1,90,2,600,0.02322,1
KCOGL,1,90,2,600,0.020496,1
BA,21,90,2,600,0.151822,4
BAN,21,90,2,600,0.134451,4
BAUl,21,90,2,600,0.12923,4
BAUe,21,90,2,600,0.483176,8
BAUD,21,90,2,600,0.106383,3
KCA,21,90,2,600,0.207344,1
KCF,21,90,2,600,0.197426,1
KCRDK,21,90,2,600,0.087219,2
KCRDKL,21,90,2,600,0.094905,2
KCUl,21,90,2,600,0.071973,2
KCUe,21,90,2,600,0.074856,2
KCUD,21,90,2,600,0.079323,2
KCOG,21,90,2,600,0.103442,2
KCOGL,21,90,2,600,0.08983,2
BA,41,90,2,600,0.18139,4
BAN,41,90,2,600,0.160104,4
BAUl,41,90,2,600,0.145005,4
BAUe,41,90,2,600,0.512371,8
BAUD,41,90,2,600,0.126453,3
KCA,41,90,2,600,0.834971,1
KCF,41,90,2,600,0.695073,1
KCRDK,41,90,2,600,0.210835,2
KCRDKL,41,90,2,600,0.197951,2
KCUl,41,90,2,600,0.155517,2
KCUe,41,90,2,600,0.216916,3
KCUD,41,90,2,600,0.153055,2
KCOG,41,90,2,600,0.214657,2
KCOGL,41,90,2,600,0.214123,2
BA,61,90,2,600,0.218743,4
BAN,61,90,2,600,0.179079,4
BAUl,61,90,2,600,0.16699,4
BAUe,61,90,2,600,0.578148,8
BAUD,61,90,2,600,0.1489,3
KCA,61,90,2,600,1.57279,1
KCF,61,90,2,600,1.23297,1
KCRDK,61,90,2,600,0.384809,2
KCRDKL,61,90,2,600,0.383805,2
KCUl,61,90,2,600,0.257936,2
KCUe,61,90,2,600,0.265867,2
KCUD,61,90,2,600,0.264611,2
KCOG,61,90,2,600,0.349807,2
KCOGL,61,90,2,600,0.351351,2
BA,81,90,2,600,0.310533,4
BAN,81,90,2,600,0.222908,4
BAUl,81,90,2,600,0.209247,4
BAUe,81,90,2,600,0.667625,8
BAUD,81,90,2,600,0.218626,3
KCA,81,90,2,600,2.6874,1
KCF,81,90,2,600,3.19347,1
KCRDK,81,90,2,600,0.606064,2
KCRDKL,81,90,2,600,0.62323,2
KCUl,81,90,2,600,0.417327,2
KCUe,81,90,2,600,0.598524,3
KCUD,81,90,2,600,0.418146,2
KCOG,81,90,2,600,0.619573,2
KCOGL,81,90,2,600,0.605781,2
BA,101,90,2,600,0.414612,4
BAN,101,90,2,600,0.279549,4
BAUl,101,90,2,600,0.264271,4
BAUe,101,90,2,600,0.770419,8
BAUD,101,90,2,600,0.240149,3
KCA,101,90,2,600,4.66245,1
KCF,101,90,2,600,5.75274,1
KCRDK,101,90,2,600,0.916268,2
KCRDKL,101,90,2,600,0.850934,2
KCUl,101,90,2,600,0.611146,2
KCUe,101,90,2,600,1.11996,4
KCUD,101,90,2,600,0.628381,2
KCOG,101,90,2,600,0.884056,2
KCOGL,101,90,2,600,0.830666,2
BA,1,90,2,600,0.033617,2
BAN,1,90,2,600,0.036365,2
BAUl,1,90,2,600,0.033991,2
BAUe,1,90,2,600,0.036848,2
BAUD,1,90,2,600,0.036457,2
KCA,1,90,2,600,0.039492,1
KCF,1,90,2,600,0.036599,1
KCRDK,1,90,2,600,0.02695,1
KCRDKL,1,90,2,600,0.028757,1
KCUl,1,90,2,600,0.02708,1
KCUe,1,90,2,600,0.02928,1
KCUD,1,90,2,600,0.031703,1
KCOG,1,90,2,600,0.033718,1
KCOGL,1,90,2,600,0.031172,1
BA,21,90,2,600,0.041706,2
BAN,21,90,2,600,0.042168,2
BAUl,21,90,2,600,0.043806,2
BAUe,21,90,2,600,0.072426,3
BAUD,21,90,2,600,0.053158,2
KCA,21,90,2,600,0.235583,1
KCF,21,90,2,600,0.217397,1
KCRDK,21,90,2,600,0.062629,1
KCRDKL,21,90,2,600,0.062547,1
KCUl,21,90,2,600,0.067511,1
KCUe,21,90,2,600,0.084331,2
KCUD,21,90,2,600,0.055676,1
KCOG,21,90,2,600,0.070516,1
KCOGL,21,90,2,600,0.06863,1
BA,41,90,2,600,0.062527,2
BAN,41,90,2,600,0.049779,2
BAUl,41,90,2,600,0.04911,2
BAUe,41,90,2,600,0.085596,3
BAUD,41,90,2,600,0.053392,2
KCA,41,90,2,600,0.854994,1
KCF,41,90,2,600,0.646931,1
KCRDK,41,90,2,600,0.132879,1
KCRDKL,41,90,2,600,0.136747,1
KCUl,41,90,2,600,0.096751,1
KCUe,41,90,2,600,0.154753,2
KCUD,41,90,2,600,0.098221,1
KCOG,41,90,2,600,0.133782,1
KCOGL,41,90,2,600,0.134577,1
BA,61,90,2,600,0.092648,2
BAN,61,90,2,600,0.066703,2
BAUl,61,90,2,600,0.062824,2
BAUe,61,90,2,600,0.111638,3
BAUD,61,90,2,600,0.069348,2
KCA,61,90,2,600,2.2242,1
KCF,61,90,2,600,1.62905,1
KCRDK,61,90,2,600,0.236087,1
KCRDKL,61,90,2,600,0.218722,1
KCUl,61,90,2,600,0.159725,1
KCUe,61,90,2,600,0.267569,2
KCUD,61,90,2,600,0.167355,1
KCOG,61,90,2,600,0.247198,1
KCOGL,61,90,2,600,0.244849,1
BA,81,90,2,600,0.307309,4
BAN,81,90,2,600,0.214328,4
BAUl,81,90,2,600,0.19948,4
BAUe,81,90,2,600,0.139232,3
BAUD,81,90,2,600,0.161362,3
KCA,81,90,2,600,3.36568,1
KCF,81,90,2,600,3.69499,1
KCRDK,81,90,2,600,0.80578,3
KCRDKL,81,90,2,600,0.579546,2
KCUl,81,90,2,600,0.583905,3
KCUe,81,90,2,600,0.426712,2
KCUD,81,90,2,600,0.438699,2
KCOG,81,90,2,600,0.823238,3
KCOGL,81,90,2,600,0.579621,2
BA,101,90,2,600,0.432341,4
BAN,101,90,2,600,0.294524,4
BAUl,101,90,2,600,0.269455,4
BAUe,101,90,2,600,0.17832,3
BAUD,101,90,2,600,0.19976,3
KCA,101,90,2,600,6.558,1
KCF,101,90,2,600,5.11245,1
KCRDK,101,90,2,600,1.24652,3
KCRDKL,101,90,2,600,1.26641,3
KCUl,101,90,2,600,0.864459,3
KCUe,101,90,2,600,0.617138,2
KCUD,101,90,2,600,0.629099,2
KCOG,101,90,2,600,1.15101,3
KCOGL,101,90,2,600,0.890642,2
BA,1,90,2,600,0.111468,4
BAN,1,90,2,600,0.123284,4
BAUl,1,90,2,600,0.110076,4
BAUe,1,90,2,600,0.100352,4
BAUD,1,90,2,600,0.067517,3
KCA,1,90,2,600,0.05238,2
KCF,1,90,2,600,0.05204,2
KCRDK,1,90,2,600,0.075322,3
KCRDKL,1,90,2,600,0.060232,3
KCUl,1,90,2,600,0.058243,3
KCUe,1,90,2,600,0.073471,3
KCUD,1,90,2,600,0.048865,2
KCOG,1,90,2,600,0.079152,3
KCOGL,1,90,2,600,0.064512,3
BA,21,90,2,600,3.77729,16
BAN,21,90,2,600,5.41185,16
BAUl,21,90,2,600,3.81533,16
BAUe,21,90,2,600,4.19998,17
BAUD,21,90,2,600,11.1678,19
KCA,21,90,2,600,0.145142,1
KCF,21,90,2,600,0.157377,1
KCRDK,21,90,2,600,0.124772,1
KCRDKL,21,90,2,600,0.077523,1
KCUl,21,90,2,600,0.05544,1
KCUe,21,90,2,600,0.052481,1
KCUD,21,90,2,600,0.062941,1
KCOG,21,90,2,600,0.075272,1
KCOGL,21,90,2,600,0.069494,1
BA,41,90,2,600,4.93731,17
BAN,41,90,2,600,5.29097,16
BAUl,41,90,2,600,4.57887,17
BAUe,41,90,2,600,4.42825,17
BAUD,41,90,2,600,12.9391,20
KCA,41,90,2,600,0.300338,1
KCF,41,90,2,600,0.271431,1
KCRDK,41,90,2,600,0.147143,1
KCRDKL,41,90,2,600,0.14989,1
KCUl,41,90,2,600,0.107504,1
KCUe,41,90,2,600,0.107265,1
KCUD,41,90,2,600,0.154247,1
KCOG,41,90,2,600,0.141533,1
KCOGL,41,90,2,600,0.143457,1
BA,61,90,2,600,5.1229,17
BAN,61,90,2,600,6.16834,17
BAUl,61,90,2,600,4.4679,17
BAUe,61,90,2,600,4.76828,17
BAUD,61,90,2,600,13.0145,20
KCA,61,90,2,600,0.575373,1
KCF,61,90,2,600,0.526057,1
KCRDK,61,90,2,600,0.254953,1
KCRDKL,61,90,2,600,0.269554,1
KCUl,61,90,2,600,0.16715,1
KCUe,61,90,2,600,0.163291,1
KCUD,61,90,2,600,0.168833,1
KCOG,61,90,2,600,0.263703,1
KCOGL,61,90,2,600,0.250222,1
BA,81,90,2,600,5.3232,17
BAN,81,90,2,600,5.67934,17
BAUl,81,90,2,600,4.93917,17
BAUe,81,90,2,600,5.40548,18
BAUD,81,90,2,600,12.9064,19
KCA,81,90,2,600,1.09408,1
KCF,81,90,2,600,1.06363,1
KCRDK,81,90,2,600,0.395915,1
KCRDKL,81,90,2,600,0.409223,1
KCUl,81,90,2,600,0.260453,1
KCUe,81,90,2,600,0.273009,1
KCUD,81,90,2,600,0.329469,1
KCOG,81,90,2,600,0.45977,1
KCOGL,81,90,2,600,0.397188,1
BA,101,90,2,600,5.62902,17
BAN,101,90,2,600,6.25881,17
BAUl,101,90,2,600,5.02801,17
BAUe,101,90,2,600,4.983,17
BAUD,101,90,2,600,9.59335,17
KCA,101,90,2,600,1.83369,1
KCF,101,90,2,600,1.50659,1
KCRDK,101,90,2,600,0.564183,1
KCRDKL,101,90,2,600,0.540091,1
KCUl,101,90,2,600,0.37514,1
KCUe,101,90,2,600,0.376892,1
KCUD,101,90,2,600,0.380288,1
KCOG,101,90,2,600,0.547054,1
KCOGL,101,90,2,600,0.541823,1
BA,1,90,2,600,0.116313,4
BAN,1,90,2,600,0.140932,4
BAUl,1,90,2,600,0.10855,4
BAUe,1,90,2,600,0.103773,4
BAUD,1,90,2,600,0.068225,3
KCA,1,90,2,600,0.04646,2
KCF,1,90,2,600,0.046687,2
KCRDK,1,90,2,600,0.055902,2
KCRDKL,1,90,2,600,0.044245,2
KCUl,1,90,2,600,0.055605,3
KCUe,1,90,2,600,0.057886,3
KCUD,1,90,2,600,0.054867,2
KCOG,1,90,2,600,0.045225,2
KCOGL,1,90,2,600,0.049061,2
BA,21,90,2,600,0.49623,8
BAN,21,90,2,600,0.59849,8
BAUl,21,90,2,600,0.461003,8
BAUe,21,90,2,600,0.523493,8
BAUD,21,90,2,600,0.803723,8
KCA,21,90,2,600,0.197199,1
KCF,21,90,2,600,0.183277,1
KCRDK,21,90,2,600,0.074208,1
KCRDKL,21,90,2,600,0.066675,1
KCUl,21,90,2,600,0.045022,1
KCUe,21,90,2,600,0.043918,1
KCUD,21,90,2,600,0.050575,1
KCOG,21,90,2,600,0.058176,1
KCOGL,21,90,2,600,0.069736,1
BA,41,90,2,600,0.503896,8
BAN,41,90,2,600,0.576546,8
BAUl,41,90,2,600,0.460234,8
BAUe,41,90,2,600,0.757682,9
BAUD,41,90,2,600,0.879164,8
KCA,41,90,2,600,0.668608,1
KCF,41,90,2,600,0.50808,1
KCRDK,41,90,2,600,0.130613,1
KCRDKL,41,90,2,600,0.145884,1
KCUl,41,90,2,600,0.092899,1
KCUe,41,90,2,600,0.090444,1
KCUD,41,90,2,600,0.097256,1
KCOG,41,90,2,600,0.133042,1
KCOGL,41,90,2,600,0.128487,1
BA,61,90,2,600,0.715727,8
BAN,61,90,2,600,0.747003,8
BAUl,61,90,2,600,0.772074,8
BAUe,61,90,2,600,1.05788,10
BAUD,61,90,2,600,1.01475,8
KCA,61,90,2,600,1.38782,1
KCF,61,90,2,600,1.2931,1
KCRDK,61,90,2,600,0.253157,1
KCRDKL,61,90,2,600,0.220658,1
KCUl,61,90,2,600,0.161573,1
KCUe,61,90,2,600,0.160017,1
KCUD,61,90,2,600,0.164564,1
KCOG,61,90,2,600,0.215429,1
KCOGL,61,90,2,600,0.231272,1
BA,81,90,2,600,0.923113,8
BAN,81,90,2,600,0.901287,8
BAUl,81,90,2,600,0.722263,8
BAUe,81,90,2,600,1.04692,9
BAUD,81,90,2,600,1.52566,9
KCA,81,90,2,600,2.34209,1
KCF,81,90,2,600,1.9507,1
KCRDK,81,90,2,600,0.390941,1
KCRDKL,81,90,2,600,0.39783,1
KCUl,81,90,2,600,0.254297,1
KCUe,81,90,2,600,0.253277,1
KCUD,81,90,2,600,0.253351,1
KCOG,81,90,2,600,0.382729,1
KCOGL,81,90,2,600,0.378958,1
BA,101,90,2,600,1.10757,8
BAN,101,90,2,600,1.02345,8
BAUl,101,90,2,600,0.78204,8
BAUe,101,90,2,600,0.885429,8
BAUD,101,90,2,600,1.25027,8
KCA,101,90,2,600,3.21029,1
KCF,101,90,2,600,3.39284,1
KCRDK,101,90,2,600,0.567646,1
KCRDKL,101,90,2,600,0.515223,1
KCUl,101,90,2,600,0.374105,1
KCUe,101,90,2,600,0.368411,1
KCUD,101,90,2,600,0.376253,1
KCOG,101,90,2,600,0.569166,1
KCOGL,101,90,2,600,0.551005,1
BA,1,90,2,600,0.034274,2
BAN,1,90,2,600,0.03697,2
BAUl,1,90,2,600,0.039161,2
BAUe,1,90,2,600,0.103143,4
BAUD,1,90,2,600,0.041692,2
KCA,1,90,2,600,0.041972,1
KCF,1,90,2,600,0.038789,1
KCRDK,1,90,2,600,0.026933,1
KCRDKL,1,90,2,600,0.027246,1
KCUl,1,90,2,600,0.024858,1
KCUe,1,90,2,600,0.069731,3
KCUD,1,90,2,600,0.034435,1
KCOG,1,90,2,600,0.027219,1
KCOGL,1,90,2,600,0.028912,1
BA,21,90,2,600,0.046118,2
BAN,21,90,2,600,0.045197,2
BAUl,21,90,2,600,0.03979,2
BAUe,21,90,2,600,2.27343,17
BAUD,21,90,2,600,0.045434,2
KCA,21,90,2,600,0.292713,1
KCF,21,90,2,600,0.255255,1
KCRDK,21,90,2,600,0.058858,1
KCRDKL,21,90,2,600,0.065239,1
KCUl,21,90,2,600,0.049371,1
KCUe,21,90,2,600,0.724113,16
KCUD,21,90,2,600,0.052133,1
KCOG,21,90,2,600,0.066684,1
KCOGL,21,90,2,600,0.064452,1
BA,41,90,2,600,0.063058,2
BAN,41,90,2,600,0.051317,2
BAUl,41,90,2,600,0.049221,2
BAUe,41,90,2,600,3.10521,17
BAUD,41,90,2,600,0.054417,2
KCA,41,90,2,600,1.27745,1
KCF,41,90,2,600,0.964564,1
KCRDK,41,90,2,600,0.135642,1
KCRDKL,41,90,2,600,0.12677,1
KCUl,41,90,2,600,0.089447,1
KCUe,41,90,2,600,1.18265,16
KCUD,41,90,2,600,0.092165,1
KCOG,41,90,2,600,0.139278,1
KCOGL,41,90,2,600,0.134302,1
BA,61,90,2,600,0.098051,2
BAN,61,90,2,600,0.070145,2
BAUl,61,90,2,600,0.064502,2
BAUe,61,90,2,600,0.11581,3
BAUD,61,90,2,600,0.075346,2
KCA,61,90,2,600,6.73793,1
KCF,61,90,2,600,5.26716,1
KCRDK,61,90,2,600,0.301344,1
KCRDKL,61,90,2,600,0.231305,1
KCUl,61,90,2,600,0.163356,1
KCUe,61,90,2,600,0.297994,2
KCUD,61,90,2,600,0.166959,1
KCOG,61,90,2,600,0.257515,1
KCOGL,61,90,2,600,0.24444,1
BA,81,90,2,600,0.142227,2
BAN,81,90,2,600,0.091499,2
BAUl,81,90,2,600,0.087279,2
BAUe,81,90,2,600,0.165777,3
BAUD,81,90,2,600,0.101838,2
KCA,81,90,2,600,7.31623,1
KCF,81,90,2,600,9.17868,1
KCRDK,81,90,2,600,0.365785,1
KCRDKL,81,90,2,600,0.35403,1
KCUl,81,90,2,600,0.255994,1
KCUe,81,90,2,600,0.424443,2
KCUD,81,90,2,600,0.257236,1
KCOG,81,90,2,600,0.382399,1
KCOGL,81,90,2,600,0.391792,1
BA,101,90,2,600,0.19167,2
BAN,101,90,2,600,0.114212,2
BAUl,101,90,2,600,0.112874,2
BAUe,101,90,2,600,0.20028,3
BAUD,101,90,2,600,0.120647,2
KCA,101,90,2,600,10.8535,1
KCF,101,90,2,600,8.26344,1
KCRDK,101,90,2,600,0.569892,1
KCRDKL,101,90,2,600,0.566585,1
KCUl,101,90,2,600,0.369874,1
KCUe,101,90,2,600,0.634399,2
KCUD,101,90,2,600,0.384956,1
KCOG,101,90,2,600,0.571306,1
KCOGL,101,90,2,600,0.566713,1
BA,1,90,2,600,0.065728,3
BAN,1,90,2,600,0.073668,3
BAUl,1,90,2,600,0.070776,3
BAUe,1,90,2,600,0.062204,3
BAUD,1,90,2,600,0.069141,3
KCA,1,90,2,600,0.049511,2
KCF,1,90,2,600,0.047794,2
KCRDK,1,90,2,600,0.047412,2
KCRDKL,1,90,2,600,0.047648,2
KCUl,1,90,2,600,0.040047,2
KCUe,1,90,2,600,0.047136,2
KCUD,1,90,2,600,0.046515,2
KCOG,1,90,2,600,0.046678,2
KCOGL,1,90,2,600,0.051056,2
BA,21,90,2,600,1.40466,11
BAN,21,90,2,600,1.48525,11
BAUl,21,90,2,600,1.34507,11
BAUe,21,90,2,600,1.30877,11
BAUD,21,90,2,600,2.30341,11
KCA,21,90,2,600,0.197021,1
KCF,21,90,2,600,0.226987,1
KCRDK,21,90,2,600,0.071387,1
KCRDKL,21,90,2,600,0.080586,1
KCUl,21,90,2,600,0.051024,1
KCUe,21,90,2,600,0.049557,1
KCUD,21,90,2,600,0.056694,1
KCOG,21,90,2,600,0.068431,1
KCOGL,21,90,2,600,0.070252,1
BA,41,90,2,600,1.27,11
BAN,41,90,2,600,1.32323,11
BAUl,41,90,2,600,1.18736,11
BAUe,41,90,2,600,1.54573,12
BAUD,41,90,2,600,2.47743,11
KCA,41,90,2,600,0.585638,1
KCF,41,90,2,600,0.475908,1
KCRDK,41,90,2,600,0.143133,1
KCRDKL,41,90,2,600,0.138847,1
KCUl,41,90,2,600,0.097093,1
KCUe,41,90,2,600,0.096804,1
KCUD,41,90,2,600,0.103522,1
KCOG,41,90,2,600,0.142621,1
KCOGL,41,90,2,600,0.143653,1
BA,61,90,2,600,1.67335,11
BAN,61,90,2,600,1.94905,11
BAUl,61,90,2,600,1.44964,11
BAUe,61,90,2,600,1.44053,11
BAUD,61,90,2,600,2.5986,11
KCA,61,90,2,600,1.33214,1
KCF,61,90,2,600,1.20768,1
KCRDK,61,90,2,600,0.253711,1
KCRDKL,61,90,2,600,0.24188,1
KCUl,61,90,2,600,0.165765,1
KCUe,61,90,2,600,0.165251,1
KCUD,61,90,2,600,0.171638,1
KCOG,61,90,2,600,0.251465,1
KCOGL,61,90,2,600,0.259544,1
BA,81,90,2,600,1.82108,11
BAN,81,90,2,600,1.67494,11
BAUl,81,90,2,600,1.5392,11
BAUe,81,90,2,600,2.28261,13
BAUD,81,90,2,600,2.69957,11
KCA,81,90,2,600,2.28695,1
KCF,81,90,2,600,2.05474,1
KCRDK,81,90,2,600,0.378884,1
KCRDKL,81,90,2,600,0.365043,1
KCUl,81,90,2,600,0.258037,1
KCUe,81,90,2,600,0.257967,1
KCUD,81,90,2,600,0.263241,1
KCOG,81,90,2,600,0.345286,1
KCOGL,81,90,2,600,0.344313,1
BA,101,90,2,600,2.33427,12
BAN,101,90,2,600,2.03961,12
BAUl,101,90,2,600,1.88225,12
BAUe,101,90,2,600,2.08387,11
BAUD,101,90,2,600,2.79929,11
KCA,101,90,2,600,3.43756,1
KCF,101,90,2,600,2.79413,1
KCRDK,101,90,2,600,0.576079,1
KCRDKL,101,90,2,600,0.541129,1
KCUl,101,90,2,600,0.377774,1
KCUe,101,90,2,600,0.375988,1
KCUD,101,90,2,600,0.379614,1
KCOG,101,90,2,600,0.567568,1
KCOGL,101,90,2,600,0.576508,1
BA,1,90,2,600,0.133358,4
BAN,1,90,2,600,0.1468,4
BAUl,1,90,2,600,0.127452,4
BAUe,1,90,2,600,0.129896,4
BAUD,1,90,2,600,0.116432,3
KCA,1,90,2,600,0.03646,1
KCF,1,90,2,600,0.034335,1
KCRDK,1,90,2,600,0.065329,2
KCRDKL,1,90,2,600,0.055221,2
KCUl,1,90,2,600,0.066774,3
KCUe,1,90,2,600,0.081429,3
KCUD,1,90,2,600,0.053799,2
KCOG,1,90,2,600,0.054031,2
KCOGL,1,90,2,600,0.05258,2
BA,21,90,2,600,1.20473,12
BAN,21,90,2,600,1.47411,12
BAUl,21,90,2,600,1.30336,12
BAUe,21,90,2,600,0.971768,11
BAUD,21,90,2,600,2.37281,12
KCA,21,90,2,600,0.204003,1
KCF,21,90,2,600,0.208934,1
KCRDK,21,90,2,600,0.070176,1
KCRDKL,21,90,2,600,0.07527,1
KCUl,21,90,2,600,0.050273,1
KCUe,21,90,2,600,0.04865,1
KCUD,21,90,2,600,0.062284,1
KCOG,21,90,2,600,0.071498,1
KCOGL,21,90,2,600,0.072118,1
BA,41,90,2,600,2.29113,15
BAN,41,90,2,600,2.44998,15
BAUl,41,90,2,600,2.19242,15
BAUe,41,90,2,600,1.04118,11
BAUD,41,90,2,600,2.3018,11
KCA,41,90,2,600,0.65994,1
KCF,41,90,2,600,0.537382,1
KCRDK,41,90,2,600,0.153138,1
KCRDKL,41,90,2,600,0.145904,1
KCUl,41,90,2,600,0.095098,1
KCUe,41,90,2,600,0.097854,1
KCUD,41,90,2,600,0.110523,1
KCOG,41,90,2,600,0.146836,1
KCOGL,41,90,2,600,0.144732,1
BA,61,90,2,600,1.76589,12
BAN,61,90,2,600,1.74212,12
BAUl,61,90,2,600,1.57215,12
BAUe,61,90,2,600,1.22115,11
BAUD,61,90,2,600,2.88069,12
KCA,61,90,2,600,1.09621,1
KCF,61,90,2,600,1.13731,1
KCRDK,61,90,2,600,0.251466,1
KCRDKL,61,90,2,600,0.231654,1
KCUl,61,90,2,600,0.167129,1
KCUe,61,90,2,600,0.168462,1
KCUD,61,90,2,600,0.178682,1
KCOG,61,90,2,600,0.250839,1
KCOGL,61,90,2,600,0.238765,1
BA,81,90,2,600,1.69796,11
BAN,81,90,2,600,1.54268,11
BAUl,81,90,2,600,1.40837,11
BAUe,81,90,2,600,1.28894,11
BAUD,81,90,2,600,1.9422,10
KCA,81,90,2,600,2.3406,1
KCF,81,90,2,600,2.15509,1
KCRDK,81,90,2,600,0.383923,1
KCRDKL,81,90,2,600,0.376838,1
KCUl,81,90,2,600,0.261168,1
KCUe,81,90,2,600,0.257481,1
KCUD,81,90,2,600,0.265277,1
KCOG,81,90,2,600,0.406087,1
KCOGL,81,90,2,600,0.397113,1
BA,101,90,2,600,1.61224,10
BAN,101,90,2,600,1.33149,10
BAUl,101,90,2,600,1.22602,10
BAUe,101,90,2,600,1.14469,10
BAUD,101,90,2,600,2.62093,11
KCA,101,90,2,600,2.56081,1
KCF,101,90,2,600,3.52899,1
KCRDK,101,90,2,600,0.627486,1
KCRDKL,101,90,2,600,0.584078,1
KCUl,101,90,2,600,0.376643,1
KCUe,101,90,2,600,0.375654,1
KCUD,101,90,2,600,0.383956,1
KCOG,101,90,2,600,0.54662,1
KCOGL,101,90,2,600,0.568243,1
BA,1,90,2,600,0.103679,4
BAN,1,90,2,600,0.12431,4
BAUl,1,90,2,600,0.098238,4
BAUe,1,90,2,600,0.100533,4
BAUD,1,90,2,600,0.084002,3
KCA,1,90,2,600,0.031877,1
KCF,1,90,2,600,0.032176,1
KCRDK,1,90,2,600,0.052788,2
KCRDKL,1,90,2,600,0.053169,2
KCUl,1,90,2,600,0.071117,3
KCUe,1,90,2,600,0.064156,3
KCUD,1,90,2,600,0.053132,2
KCOG,1,90,2,600,0.053214,2
KCOGL,1,90,2,600,0.047024,2
BA,21,90,2,600,0.751735,11
BAN,21,90,2,600,0.846012,11
BAUl,21,90,2,600,0.724782,11
BAUe,21,90,2,600,0.772159,10
BAUD,21,90,2,600,1.37033,11
KCA,21,90,2,600,0.197294,1
KCF,21,90,2,600,0.18575,1
KCRDK,21,90,2,600,0.073449,1
KCRDKL,21,90,2,600,0.068825,1
KCUl,21,90,2,600,0.047782,1
KCUe,21,90,2,600,0.050613,1
KCUD,21,90,2,600,0.05118,1
KCOG,21,90,2,600,0.073783,1
KCOGL,21,90,2,600,0.066626,1
BA,41,90,2,600,0.989505,12
BAN,41,90,2,600,1.07904,12
BAUl,41,90,2,600,0.910725,12
BAUe,41,90,2,600,0.724148,10
BAUD,41,90,2,600,0.833791,9
KCA,41,90,2,600,0.563354,1
KCF,41,90,2,600,0.491223,1
KCRDK,41,90,2,600,0.145834,1
KCRDKL,41,90,2,600,0.146124,1
KCUl,41,90,2,600,0.093394,1
KCUe,41,90,2,600,0.094316,1
KCUD,41,90,2,600,0.099964,1
KCOG,41,90,2,600,0.13608,1
KCOGL,41,90,2,600,0.127643,1
BA,61,90,2,600,1.48553,13
BAN,61,90,2,600,1.48256,13
BAUl,61,90,2,600,1.29689,13
BAUe,61,90,2,600,0.817891,10
BAUD,61,90,2,600,1.38757,11
KCA,61,90,2,600,1.21884,1
KCF,61,90,2,600,1.28554,1
KCRDK,61,90,2,600,0.236662,1
KCRDKL,61,90,2,600,0.263698,1
KCUl,61,90,2,600,0.166765,1
KCUe,61,90,2,600,0.162013,1
KCUD,61,90,2,600,0.17312,1
KCOG,61,90,2,600,0.247879,1
KCOGL,61,90,2,600,0.237166,1
BA,81,90,2,600,1.67421,13
BAN,81,90,2,600,0.991252,10
BAUl,81,90,2,600,1.34462,13
BAUe,81,90,2,600,1.42064,12
BAUD,81,90,2,600,1.67502,11
KCA,81,90,2,600,2.21937,1
KCF,81,90,2,600,2.22441,1
KCRDK,81,90,2,600,0.405686,1
KCRDKL,81,90,2,600,0.404908,1
KCUl,81,90,2,600,0.256988,1
KCUe,81,90,2,600,0.254725,1
KCUD,81,90,2,600,0.261323,1
KCOG,81,90,2,600,0.399279,1
KCOGL,81,90,2,600,0.378533,1
BA,101,90,2,600,1.48398,10
BAN,101,90,2,600,1.16862,10
BAUl,101,90,2,600,1.08928,10
BAUe,101,90,2,600,1.49433,11
BAUD,101,90,2,600,1.46884,10
KCA,101,90,2,600,3.89886,1
KCF,101,90,2,600,3.53143,1
KCRDK,101,90,2,600,0.572052,1
KCRDKL,101,90,2,600,0.555857,1
KCUl,101,90,2,600,0.375944,1
KCUe,101,90,2,600,0.379567,1
KCUD,101,90,2,600,0.387512,1
KCOG,101,90,2,600,0.558028,1
KCOGL,101,90,2,600,0.566993,1
BA,1,90,2,600,0.071489,3
BAN,1,90,2,600,0.081031,3
BAUl,1,90,2,600,0.074021,3
BAUe,1,90,2,600,0.085388,3
BAUD,1,90,2,600,0.082755,3
KCA,1,90,2,600,0.031451,1
KCF,1,90,2,600,0.031377,1
KCRDK,1,90,2,600,0.03081,1
KCRDKL,1,90,2,600,0.031202,1
KCUl,1,90,2,600,0.030426,1
KCUe,1,90,2,600,0.028291,1
KCUD,1,90,2,600,0.030432,1
KCOG,1,90,2,600,0.033641,1
KCOGL,1,90,2,600,0.032045,1
BA,21,90,2,600,0.483511,6
BAN,21,90,2,600,0.338473,6
BAUl,21,90,2,600,0.289588,6
BAUe,21,90,2,600,0.64063,9
BAUD,21,90,2,600,0.213331,4
KCA,21,90,2,600,0.243975,1
KCF,21,90,2,600,0.208279,1
KCRDK,21,90,2,600,0.065268,1
KCRDKL,21,90,2,600,0.074352,1
KCUl,21,90,2,600,0.043969,1
KCUe,21,90,2,600,0.051685,1
KCUD,21,90,2,600,0.054731,1
KCOG,21,90,2,600,0.069529,1
KCOGL,21,90,2,600,0.056317,1
BA,41,90,2,600,0.372865,7
BAN,41,90,2,600,0.378439,7
BAUl,41,90,2,600,0.332584,7
BAUe,41,90,2,600,0.546216,8
BAUD,41,90,2,600,0.335603,5
KCA,41,90,2,600,0.704192,1
KCF,41,90,2,600,0.651277,1
KCRDK,41,90,2,600,0.125144,1
KCRDKL,41,90,2,600,0.124463,1
KCUl,41,90,2,600,0.088814,1
KCUe,41,90,2,600,0.093656,1
KCUD,41,90,2,600,0.099305,1
KCOG,41,90,2,600,0.135752,1
KCOGL,41,90,2,600,0.133491,1
BA,61,90,2,600,0.688784,8
BAN,61,90,2,600,0.663497,8
BAUl,61,90,2,600,0.571924,8
BAUe,61,90,2,600,0.915704,9
BAUD,61,90,2,600,0.185423,3
KCA,61,90,2,600,1.92712,1
KCF,61,90,2,600,1.81956,1
KCRDK,61,90,2,600,0.2543,1
KCRDKL,61,90,2,600,0.253761,1
KCUl,61,90,2,600,0.161364,1
KCUe,61,90,2,600,0.163769,1
KCUD,61,90,2,600,0.16246,1
KCOG,61,90,2,600,0.223634,1
KCOGL,61,90,2,600,0.243538,1
BA,81,90,2,600,0.769785,7
BAN,81,90,2,600,0.643664,7
BAUl,81,90,2,600,0.59535,7
BAUe,81,90,2,600,0.754939,8
BAUD,81,90,2,600,0.32766,4
KCA,81,90,2,600,4.23025,1
KCF,81,90,2,600,4.04463,1
KCRDK,81,90,2,600,0.398911,1
KCRDKL,81,90,2,600,0.385249,1
KCUl,81,90,2,600,0.254441,1
KCUe,81,90,2,600,0.259869,1
KCUD,81,90,2,600,0.262667,1
KCOG,81,90,2,600,0.386662,1
KCOGL,81,90,2,600,0.341997,1
BA,101,90,2,600,0.86235,7
BAN,101,90,2,600,0.643743,7
BAUl,101,90,2,600,0.593086,7
BAUe,101,90,2,600,1.33751,10
BAUD,101,90,2,600,0.539139,5
KCA,101,90,2,600,4.4582,1
KCF,101,90,2,600,4.20911,1
KCRDK,101,90,2,600,0.575675,1
KCRDKL,101,90,2,600,0.550712,1
KCUl,101,90,2,600,0.376066,1
KCUe,101,90,2,600,0.375825,1
KCUD,101,90,2,600,0.383927,1
KCOG,101,90,2,600,0.551246,1
KCOGL,101,90,2,600,0.557786,1
BA,1,90,2,600,0.116868,4
BAN,1,90,2,600,0.129549,4
BAUl,1,90,2,600,0.112997,4
BAUe,1,90,2,600,0.099911,4
BAUD,1,90,2,600,0.083849,3
KCA,1,90,2,600,0.043989,1
KCF,1,90,2,600,0.040093,1
KCRDK,1,90,2,600,0.081967,3
KCRDKL,1,90,2,600,0.05983,2
KCUl,1,90,2,600,0.063265,3
KCUe,1,90,2,600,0.085337,3
KCUD,1,90,2,600,0.05742,2
KCOG,1,90,2,600,0.063782,3
KCOGL,1,90,2,600,0.051272,2
BA,21,90,2,600,1.45219,14
BAN,21,90,2,600,1.67542,14
BAUl,21,90,2,600,1.43921,14
BAUe,21,90,2,600,1.80599,15
BAUD,21,90,2,600,2.97929,15
KCA,21,90,2,600,0.200421,1
KCF,21,90,2,600,0.245875,1
KCRDK,21,90,2,600,0.077686,1
KCRDKL,21,90,2,600,0.076815,1
KCUl,21,90,2,600,0.068311,1
KCUe,21,90,2,600,0.054001,1
KCUD,21,90,2,600,0.063304,1
KCOG,21,90,2,600,0.081181,1
KCOGL,21,90,2,600,0.068364,1
BA,41,90,2,600,1.67353,14
BAN,41,90,2,600,2.58332,16
BAUl,41,90,2,600,1.5346,14
BAUe,41,90,2,600,2.68275,17
BAUD,41,90,2,600,3.88587,16
KCA,41,90,2,600,0.597642,1
KCF,41,90,2,600,0.557827,1
KCRDK,41,90,2,600,0.149043,1
KCRDKL,41,90,2,600,0.145743,1
KCUl,41,90,2,600,0.095748,1
KCUe,41,90,2,600,0.094076,1
KCUD,41,90,2,600,0.104789,1
KCOG,41,90,2,600,0.142019,1
KCOGL,41,90,2,600,0.145627,1
BA,61,90,2,600,1.64424,13
BAN,61,90,2,600,2.32634,15
BAUl,61,90,2,600,1.45653,13
BAUe,61,90,2,600,1.71346,14
BAUD,61,90,2,600,3.24292,15
KCA,61,90,2,600,1.13828,1
KCF,61,90,2,600,1.05524,1
KCRDK,61,90,2,600,0.245679,1
KCRDKL,61,90,2,600,0.247954,1
KCUl,61,90,2,600,0.166501,1
KCUe,61,90,2,600,0.166167,1
KCUD,61,90,2,600,0.171786,1
KCOG,61,90,2,600,0.249977,1
KCOGL,61,90,2,600,0.257324,1
BA,81,90,2,600,2.66937,14
BAN,81,90,2,600,2.36092,14
BAUl,81,90,2,600,2.31356,14
BAUe,81,90,2,600,1.92619,14
BAUD,81,90,2,600,4.15099,16
KCA,81,90,2,600,2.06778,1
KCF,81,90,2,600,2.30172,1
KCRDK,81,90,2,600,0.381626,1
KCRDKL,81,90,2,600,0.34831,1
KCUl,81,90,2,600,0.258148,1
KCUe,81,90,2,600,0.25874,1
KCUD,81,90,2,600,0.266484,1
KCOG,81,90,2,600,0.348366,1
KCOGL,81,90,2,600,0.362066,1
BA,101,90,2,600,3.4415,15
BAN,101,90,2,600,3.12097,15
BAUl,101,90,2,600,2.8473,15
BAUe,101,90,2,600,2.82549,16
BAUD,101,90,2,600,4.21509,16
KCA,101,90,2,600,3.53304,1
KCF,101,90,2,600,2.78899,1
KCRDK,101,90,2,600,0.555444,1
KCRDKL,101,90,2,600,0.56265,1
KCUl,101,90,2,600,0.373363,1
KCUe,101,90,2,600,0.376076,1
KCUD,101,90,2,600,0.381547,1
KCOG,101,90,2,600,0.504901,1
KCOGL,101,90,2,600,0.535163,1
BA,1,90,2,600,0.11938,4
BAN,1,90,2,600,0.134355,4
BAUl,1,90,2,600,0.121646,4
BAUe,1,90,2,600,0.108948,4
BAUD,1,90,2,600,0.098071,3
KCA,1,90,2,600,0.033449,1
KCF,1,90,2,600,0.035293,1
KCRDK,1,90,2,600,0.068504,3
KCRDKL,1,90,2,600,0.050762,2
KCUl,1,90,2,600,0.06605,3
KCUe,1,90,2,600,0.064984,3
KCUD,1,90,2,600,0.04786,2
KCOG,1,90,2,600,0.064368,3
KCOGL,1,90,2,600,0.048818,2
BA,21,90,2,600,1.87829,16
BAN,21,90,2,600,2.15073,16
BAUl,21,90,2,600,1.84344,16
BAUe,21,90,2,600,1.58436,14
BAUD,21,90,2,600,2.57205,13
KCA,21,90,2,600,0.185483,1
KCF,21,90,2,600,0.18426,1
KCRDK,21,90,2,600,0.069843,1
KCRDKL,21,90,2,600,0.066446,1
KCUl,21,90,2,600,0.060915,1
KCUe,21,90,2,600,0.050716,1
KCUD,21,90,2,600,0.056883,1
KCOG,21,90,2,600,0.06728,1
KCOGL,21,90,2,600,0.070405,1
BA,41,90,2,600,1.48252,13
BAN,41,90,2,600,1.58839,13
BAUl,41,90,2,600,1.37836,13
BAUe,41,90,2,600,1.54274,14
BAUD,41,90,2,600,3.15412,14
KCA,41,90,2,600,0.514815,1
KCF,41,90,2,600,0.497166,1
KCRDK,41,90,2,600,0.148081,1
KCRDKL,41,90,2,600,0.137867,1
KCUl,41,90,2,600,0.093494,1
KCUe,41,90,2,600,0.096651,1
KCUD,41,90,2,600,0.100452,1
KCOG,41,90,2,600,0.137273,1
KCOGL,41,90,2,600,0.137717,1
BA,61,90,2,600,2.66827,17
BAN,61,90,2,600,2.75751,17
BAUl,61,90,2,600,2.42268,17
BAUe,61,90,2,600,1.52528,13
BAUD,61,90,2,600,4.19023,15
KCA,61,90,2,600,1.15294,1
KCF,61,90,2,600,0.943288,1
KCRDK,61,90,2,600,0.245885,1
KCRDKL,61,90,2,600,0.251371,1
KCUl,61,90,2,600,0.158149,1
KCUe,61,90,2,600,0.162721,1
KCUD,61,90,2,600,0.166462,1
KCOG,61,90,2,600,0.246817,1
KCOGL,61,90,2,600,0.239502,1
BA,81,90,2,600,2.4161,15
BAN,81,90,2,600,2.28792,15
BAUl,81,90,2,600,2.03864,15
BAUe,81,90,2,600,1.88449,14
BAUD,81,90,2,600,4.21555,15
KCA,81,90,2,600,2.03255,1
KCF,81,90,2,600,1.9172,1
KCRDK,81,90,2,600,0.424231,1
KCRDKL,81,90,2,600,0.411803,1
KCUl,81,90,2,600,0.264101,1
KCUe,81,90,2,600,0.256809,1
KCUD,81,90,2,600,0.262989,1
KCOG,81,90,2,600,0.408042,1
KCOGL,81,90,2,600,0.397583,1
BA,101,90,2,600,3.17984,16
BAN,101,90,2,600,2.48646,15
BAUl,101,90,2,600,2.5522,16
BAUe,101,90,2,600,2.41494,14
BAUD,101,90,2,600,4.93179,16
KCA,101,90,2,600,3.48959,1
KCF,101,90,2,600,3.19459,1
KCRDK,101,90,2,600,0.574522,1
KCRDKL,101,90,2,600,0.560985,1
KCUl,101,90,2,600,0.376401,1
KCUe,101,90,2,600,0.37555,1
KCUD,101,90,2,600,0.379977,1
KCOG,101,90,2,600,0.564056,1
KCOGL,101,90,2,600,0.512878,1
BA,1,90,2,600,0.101214,4
BAN,1,90,2,600,0.11538,4
BAUl,1,90,2,600,0.098793,4
BAUe,1,90,2,600,0.095768,4
BAUD,1,90,2,600,0.069338,3
KCA,1,90,2,600,0.046576,2
KCF,1,90,2,600,0.047886,2
KCRDK,1,90,2,600,0.063687,3
KCRDKL,1,90,2,600,0.052524,2
KCUl,1,90,2,600,0.053602,3
KCUe,1,90,2,600,0.058399,3
KCUD,1,90,2,600,0.046875,2
KCOG,1,90,2,600,0.058456,3
KCOGL,1,90,2,600,0.04743,2
BA,21,90,2,600,1.27205,12
BAN,21,90,2,600,1.42507,12
BAUl,21,90,2,600,1.25988,12
BAUe,21,90,2,600,1.42692,13
BAUD,21,90,2,600,2.87971,13
KCA,21,90,2,600,0.188453,1
KCF,21,90,2,600,0.174598,1
KCRDK,21,90,2,600,0.071402,1
KCRDKL,21,90,2,600,0.072796,1
KCUl,21,90,2,600,0.047162,1
KCUe,21,90,2,600,0.047157,1
KCUD,21,90,2,600,0.050552,1
KCOG,21,90,2,600,0.067961,1
KCOGL,21,90,2,600,0.059217,1
BA,41,90,2,600,1.67461,12
BAN,41,90,2,600,1.70162,12
BAUl,41,90,2,600,1.6059,12
BAUe,41,90,2,600,2.11847,14
BAUD,41,90,2,600,3.90027,14
KCA,41,90,2,600,0.486319,1
KCF,41,90,2,600,0.462695,1
KCRDK,41,90,2,600,0.146046,1
KCRDKL,41,90,2,600,0.145038,1
KCUl,41,90,2,600,0.093666,1
KCUe,41,90,2,600,0.094707,1
KCUD,41,90,2,600,0.101562,1
KCOG,41,90,2,600,0.138439,1
KCOGL,41,90,2,600,0.138921,1
BA,61,90,2,600,2.94568,14
BAN,61,90,2,600,2.82637,14
BAUl,61,90,2,600,2.54427,14
BAUe,61,90,2,600,2.37384,14
BAUD,61,90,2,600,6.18781,16
KCA,61,90,2,600,1.03422,1
KCF,61,90,2,600,1.07582,1
KCRDK,61,90,2,600,0.251661,1
KCRDKL,61,90,2,600,0.255625,1
KCUl,61,90,2,600,0.162672,1
KCUe,61,90,2,600,0.170333,1
KCUD,61,90,2,600,0.164842,1
KCOG,61,90,2,600,0.242252,1
KCOGL,61,90,2,600,0.220556,1
BA,81,90,2,600,3.06596,14
BAN,81,90,2,600,2.95079,14
BAUl,81,90,2,600,2.73718,14
BAUe,81,90,2,600,3.18669,15
BAUD,81,90,2,600,5.99113,15
KCA,81,90,2,600,1.57188,1
KCF,81,90,2,600,1.8085,1
KCRDK,81,90,2,600,0.365127,1
KCRDKL,81,90,2,600,0.366402,1
KCUl,81,90,2,600,0.260461,1
KCUe,81,90,2,600,0.253783,1
KCUD,81,90,2,600,0.257994,1
KCOG,81,90,2,600,0.385458,1
KCOGL,81,90,2,600,0.401056,1
BA,101,90,2,600,2.94857,14
BAN,101,90,2,600,2.66556,14
BAUl,101,90,2,600,2.43,14
BAUe,101,90,2,600,3.51691,15
BAUD,101,90,2,600,5.3139,14
KCA,101,90,2,600,2.54818,1
KCF,101,90,2,600,2.86025,1
KCRDK,101,90,2,600,0.583849,1
KCRDKL,101,90,2,600,0.563937,1
KCUl,101,90,2,600,0.492132,1
KCUe,101,90,2,600,0.374502,1
KCUD,101,90,2,600,0.37753,1
KCOG,101,90,2,600,0.569969,1
KCOGL,101,90,2,600,0.57813,1
BA,1,90,2,600,0.133909,4
BAN,1,90,2,600,0.137727,4
BAUl,1,90,2,600,0.123649,4
BAUe,1,90,2,600,0.118057,4
BAUD,1,90,2,600,0.10439,3
KCA,1,90,2,600,0.034381,1
KCF,1,90,2,600,0.035199,1
KCRDK,1,90,2,600,0.054384,2
KCRDKL,1,90,2,600,0.05258,2
KCUl,1,90,2,600,0.072069,3
KCUe,1,90,2,600,0.073789,3
KCUD,1,90,2,600,0.049418,2
KCOG,1,90,2,600,0.051476,2
KCOGL,1,90,2,600,0.051175,2
BA,21,90,2,600,0.279503,6
BAN,21,90,2,600,0.295619,6
BAUl,21,90,2,600,0.262449,6
BAUe,21,90,2,600,0.19851,5
BAUD,21,90,2,600,0.412413,6
KCA,21,90,2,600,0.220188,1
KCF,21,90,2,600,0.203145,1
KCRDK,21,90,2,600,0.074027,1
KCRDKL,21,90,2,600,0.073445,1
KCUl,21,90,2,600,0.048907,1
KCUe,21,90,2,600,0.04968,1
KCUD,21,90,2,600,0.059424,1
KCOG,21,90,2,600,0.077118,1
KCOGL,21,90,2,600,0.068521,1
BA,41,90,2,600,0.314747,6
BAN,41,90,2,600,0.306806,6
BAUl,41,90,2,600,0.286281,6
BAUe,41,90,2,600,0.4278,7
BAUD,41,90,2,600,0.278198,5
KCA,41,90,2,600,0.509032,1
KCF,41,90,2,600,0.585252,1
KCRDK,41,90,2,600,0.143306,1
KCRDKL,41,90,2,600,0.137239,1
KCUl,41,90,2,600,0.092459,1
KCUe,41,90,2,600,0.09407,1
KCUD,41,90,2,600,0.10072,1
KCOG,41,90,2,600,0.144812,1
KCOGL,41,90,2,600,0.142034,1
BA,61,90,2,600,0.294927,5
BAN,61,90,2,600,0.250335,5
BAUl,61,90,2,600,0.229856,5
BAUe,61,90,2,600,0.540629,7
BAUD,61,90,2,600,0.520546,6
KCA,61,90,2,600,1.54772,1
KCF,61,90,2,600,1.4225,1
KCRDK,61,90,2,600,0.256671,1
KCRDKL,61,90,2,600,0.249769,1
KCUl,61,90,2,600,0.162301,1
KCUe,61,90,2,600,0.161654,1
KCUD,61,90,2,600,0.172968,1
KCOG,61,90,2,600,0.241792,1
KCOGL,61,90,2,600,0.253834,1
BA,81,90,2,600,0.440421,5
BAN,81,90,2,600,0.335229,5
BAUl,81,90,2,600,0.309281,5
BAUe,81,90,2,600,0.330422,5
BAUD,81,90,2,600,0.612228,6
KCA,81,90,2,600,2.26085,1
KCF,81,90,2,600,2.29512,1
KCRDK,81,90,2,600,0.385108,1
KCRDKL,81,90,2,600,0.396766,1
KCUl,81,90,2,600,0.261349,1
KCUe,81,90,2,600,0.264874,1
KCUD,81,90,2,600,0.263154,1
KCOG,81,90,2,600,0.394668,1
KCOGL,81,90,2,600,0.391702,1
BA,101,90,2,600,0.860972,7
BAN,101,90,2,600,0.642922,7
BAUl,101,90,2,600,0.591449,7
BAUe,101,90,2,600,0.552049,6
BAUD,101,90,2,600,0.619981,6
KCA,101,90,2,600,4.33563,1
KCF,101,90,2,600,3.20214,1
KCRDK,101,90,2,600,0.566032,1
KCRDKL,101,90,2,600,0.501555,1
KCUl,101,90,2,600,0.380344,1
KCUe,101,90,2,600,0.375987,1
KCUD,101,90,2,600,0.377398,1
KCOG,101,90,2,600,0.554107,1
KCOGL,101,90,2,600,0.566738,1
BA,1,90,2,600,0.02896,2
BAN,1,90,2,600,0.0362,2
BAUl,1,90,2,600,0.029134,2
BAUe,1,90,2,600,0.036663,2
BAUD,1,90,2,600,0.031017,2
KCA,1,90,2,600,0.038692,1
KCF,1,90,2,600,0.037409,1
KCRDK,1,90,2,600,0.038691,1
KCRDKL,1,90,2,600,0.041277,1
KCUl,1,90,2,600,0.032237,1
KCUe,1,90,2,600,0.038172,1
KCUD,1,90,2,600,0.037427,1
KCOG,1,90,2,600,0.034138,1
KCOGL,1,90,2,600,0.040654,1
BA,21,90,2,600,0.074239,3
BAN,21,90,2,600,0.080517,3
BAUl,21,90,2,600,0.073484,3
BAUe,21,90,2,600,0.067786,3
BAUD,21,90,2,600,0.097297,3
KCA,21,90,2,600,0.238485,1
KCF,21,90,2,600,0.221267,1
KCRDK,21,90,2,600,0.111408,2
KCRDKL,21,90,2,600,0.112211,2
KCUl,21,90,2,600,0.080783,2
KCUe,21,90,2,600,0.09219,2
KCUD,21,90,2,600,0.093345,2
KCOG,21,90,2,600,0.123848,2
KCOGL,21,90,2,600,0.107673,2
BA,41,90,2,600,0.105178,3
BAN,41,90,2,600,0.092568,3
BAUl,41,90,2,600,0.082966,3
BAUe,41,90,2,600,0.09097,3
BAUD,41,90,2,600,0.113043,3
KCA,41,90,2,600,0.536342,1
KCF,41,90,2,600,0.675403,1
KCRDK,41,90,2,600,0.234692,2
KCRDKL,41,90,2,600,0.235045,2
KCUl,41,90,2,600,0.150281,2
KCUe,41,90,2,600,0.167219,2
KCUD,41,90,2,600,0.166902,2
KCOG,41,90,2,600,0.21201,2
KCOGL,41,90,2,600,0.206343,2
BA,61,90,2,600,0.151063,3
BAN,61,90,2,600,0.11381,3
BAUl,61,90,2,600,0.106238,3
BAUe,61,90,2,600,0.106,3
BAUD,61,90,2,600,0.135497,3
KCA,61,90,2,600,2.13144,1
KCF,61,90,2,600,1.81113,1
KCRDK,61,90,2,600,0.39019,2
KCRDKL,61,90,2,600,0.39026,2
KCUl,61,90,2,600,0.2709,2
KCUe,61,90,2,600,0.283248,2
KCUD,61,90,2,600,0.286623,2
KCOG,61,90,2,600,0.400713,2
KCOGL,61,90,2,600,0.437578,2
BA,81,90,2,600,0.235157,3
BAN,81,90,2,600,0.158124,3
BAUl,81,90,2,600,0.149265,3
BAUe,81,90,2,600,0.15181,3
BAUD,81,90,2,600,0.177741,3
KCA,81,90,2,600,2.05494,1
KCF,81,90,2,600,3.27825,1
KCRDK,81,90,2,600,0.64225,2
KCRDKL,81,90,2,600,0.629799,2
KCUl,81,90,2,600,0.427962,2
KCUe,81,90,2,600,0.436341,2
KCUD,81,90,2,600,0.434491,2
KCOG,81,90,2,600,0.595552,2
KCOGL,81,90,2,600,0.612477,2
BA,101,90,2,600,0.301373,3
BAN,101,90,2,600,0.189779,3
BAUl,101,90,2,600,0.18079,3
BAUe,101,90,2,600,0.181426,3
BAUD,101,90,2,600,0.207376,3
KCA,101,90,2,600,5.42384,1
KCF,101,90,2,600,2.93084,1
KCRDK,101,90,2,600,0.857405,2
KCRDKL,101,90,2,600,0.944379,2
KCUl,101,90,2,600,0.618461,2
KCUe,101,90,2,600,0.63408,2
KCUD,101,90,2,600,0.634008,2
KCOG,101,90,2,600,0.91634,2
KCOGL,101,90,2,600,0.902655,2
BA,1,90,2,600,0.067417,3
BAN,1,90,2,600,0.07112,3
BAUl,1,90,2,600,0.077803,3
BAUe,1,90,2,600,0.064477,3
BAUD,1,90,2,600,0.070615,3
KCA,1,90,2,600,0.029407,1
KCF,1,90,2,600,0.030288,1
KCRDK,1,90,2,600,0.028742,1
KCRDKL,1,90,2,600,0.030694,1
KCUl,1,90,2,600,0.037517,1
KCUe,1,90,2,600,0.027083,1
KCUD,1,90,2,600,0.027291,1
KCOG,1,90,2,600,0.029276,1
KCOGL,1,90,2,600,0.030841,1
BA,21,90,2,600,0.111703,4
BAN,21,90,2,600,0.126626,4
BAUl,21,90,2,600,0.110043,4
BAUe,21,90,2,600,0.853693,10
BAUD,21,90,2,600,0.100887,3
KCA,21,90,2,600,0.206889,1
KCF,21,90,2,600,0.215777,1
KCRDK,21,90,2,600,0.060064,1
KCRDKL,21,90,2,600,0.057425,1
KCUl,21,90,2,600,0.043973,1
KCUe,21,90,2,600,0.055311,1
KCUD,21,90,2,600,0.060156,1
KCOG,21,90,2,600,0.065585,1
KCOGL,21,90,2,600,0.060146,1
BA,41,90,2,600,0.213181,4
BAN,41,90,2,600,0.192699,4
BAUl,41,90,2,600,0.176952,4
BAUe,41,90,2,600,0.85373,10
BAUD,41,90,2,600,0.116713,3
KCA,41,90,2,600,0.583475,1
KCF,41,90,2,600,0.569594,1
KCRDK,41,90,2,600,0.141717,1
KCRDKL,41,90,2,600,0.140108,1
KCUl,41,90,2,600,0.090955,1
KCUe,41,90,2,600,0.096414,1
KCUD,41,90,2,600,0.103603,1
KCOG,41,90,2,600,0.137232,1
KCOGL,41,90,2,600,0.135454,1
BA,61,90,2,600,0.218288,4
BAN,61,90,2,600,0.177253,4
BAUl,61,90,2,600,0.159756,4
BAUe,61,90,2,600,0.945809,10
BAUD,61,90,2,600,0.143032,3
KCA,61,90,2,600,1.41914,1
KCF,61,90,2,600,1.56324,1
KCRDK,61,90,2,600,0.229566,1
KCRDKL,61,90,2,600,0.227494,1
KCUl,61,90,2,600,0.161399,1
KCUe,61,90,2,600,0.163,1
KCUD,61,90,2,600,0.169313,1
KCOG,61,90,2,600,0.234532,1
KCOGL,61,90,2,600,0.229369,1
BA,81,90,2,600,0.3147,4
BAN,81,90,2,600,0.229095,4
BAUl,81,90,2,600,0.218988,4
BAUe,81,90,2,600,1.01116,10
BAUD,81,90,2,600,0.185063,3
KCA,81,90,2,600,2.231,1
KCF,81,90,2,600,3.28315,1
KCRDK,81,90,2,600,0.393622,1
KCRDKL,81,90,2,600,0.396811,1
KCUl,81,90,2,600,0.257474,1
KCUe,81,90,2,600,0.260147,1
KCUD,81,90,2,600,0.261552,1
KCOG,81,90,2,600,0.399958,1
KCOGL,81,90,2,600,0.350527,1
BA,101,90,2,600,0.411174,4
BAN,101,90,2,600,0.276775,4
BAUl,101,90,2,600,0.252722,4
BAUe,101,90,2,600,1.49792,11
BAUD,101,90,2,600,0.220037,3
KCA,101,90,2,600,5.24781,1
KCF,101,90,2,600,3.66086,1
KCRDK,101,90,2,600,0.622642,1
KCRDKL,101,90,2,600,0.574787,1
KCUl,101,90,2,600,0.383764,1
KCUe,101,90,2,600,0.377447,1
KCUD,101,90,2,600,0.382937,1
KCOG,101,90,2,600,0.532891,1
KCOGL,101,90,2,600,0.552151,1
BA,1,90,2,600,0.035509,2
BAN,1,90,2,600,0.038506,2
BAUl,1,90,2,600,0.035086,2
BAUe,1,90,2,600,0.036554,2
BAUD,1,90,2,600,0.041213,2
KCA,1,90,2,600,0.039865,1
KCF,1,90,2,600,0.038405,1
KCRDK,1,90,2,600,0.031221,1
KCRDKL,1,90,2,600,0.036472,1
KCUl,1,90,2,600,0.027852,1
KCUe,1,90,2,600,0.031055,1
KCUD,1,90,2,600,0.030629,1
KCOG,1,90,2,600,0.030509,1
KCOGL,1,90,2,600,0.040915,1
BA,21,90,2,600,0.044286,2
BAN,21,90,2,600,0.043413,2
BAUl,21,90,2,600,0.040381,2
BAUe,21,90,2,600,0.081814,3
BAUD,21,90,2,600,0.050548,2
KCA,21,90,2,600,0.271845,1
KCF,21,90,2,600,0.223173,1
KCRDK,21,90,2,600,0.065859,1
KCRDKL,21,90,2,600,0.06509,1
KCUl,21,90,2,600,0.045821,1
KCUe,21,90,2,600,0.078587,2
KCUD,21,90,2,600,0.061983,1
KCOG,21,90,2,600,0.06945,1
KCOGL,21,90,2,600,0.065047,1
BA,41,90,2,600,0.063841,2
BAN,41,90,2,600,0.053501,2
BAUl,41,90,2,600,0.052727,2
BAUe,41,90,2,600,0.094529,3
BAUD,41,90,2,600,0.057308,2
KCA,41,90,2,600,0.981128,1
KCF,41,90,2,600,0.906437,1
KCRDK,41,90,2,600,0.133528,1
KCRDKL,41,90,2,600,0.127069,1
KCUl,41,90,2,600,0.090287,1
KCUe,41,90,2,600,0.152151,2
KCUD,41,90,2,600,0.093701,1
KCOG,41,90,2,600,0.126775,1
KCOGL,41,90,2,600,0.130969,1
BA,61,90,2,600,0.101874,2
BAN,61,90,2,600,0.068919,2
BAUl,61,90,2,600,0.065138,2
BAUe,61,90,2,600,0.124801,3
BAUD,61,90,2,600,0.072592,2
KCA,61,90,2,600,2.62529,1
KCF,61,90,2,600,2.22732,1
KCRDK,61,90,2,600,0.24698,1
KCRDKL,61,90,2,600,0.252582,1
KCUl,61,90,2,600,0.161708,1
KCUe,61,90,2,600,0.272795,2
KCUD,61,90,2,600,0.167904,1
KCOG,61,90,2,600,0.247793,1
KCOGL,61,90,2,600,0.217109,1
BA,81,90,2,600,0.138778,2
BAN,81,90,2,600,0.089595,2
BAUl,81,90,2,600,0.087263,2
BAUe,81,90,2,600,0.143965,3
BAUD,81,90,2,600,0.09074,2
KCA,81,90,2,600,4.74943,1
KCF,81,90,2,600,3.13882,1
KCRDK,81,90,2,600,0.391554,1
KCRDKL,81,90,2,600,0.497096,1
KCUl,81,90,2,600,0.258038,1
KCUe,81,90,2,600,0.430274,2
KCUD,81,90,2,600,0.258932,1
KCOG,81,90,2,600,0.387916,1
KCOGL,81,90,2,600,0.341069,1
BA,101,90,2,600,0.191512,2
BAN,101,90,2,600,0.115805,2
BAUl,101,90,2,600,0.113332,2
BAUe,101,90,2,600,0.180159,3
BAUD,101,90,2,600,0.118809,2
KCA,101,90,2,600,7.29803,1
KCF,101,90,2,600,7.73682,1
KCRDK,101,90,2,600,0.553817,1
KCRDKL,101,90,2,600,0.519762,1
KCUl,101,90,2,600,0.369753,1
KCUe,101,90,2,600,0.620897,2
KCUD,101,90,2,600,0.374305,1
KCOG,101,90,2,600,0.499359,1
KCOGL,101,90,2,600,0.564796,1
BA,1,90,2,600,0.140927,4
BAN,1,90,2,600,0.147286,4
BAUl,1,90,2,600,0.132098,4
BAUe,1,90,2,600,0.141551,4
BAUD,1,90,2,600,0.111584,3
KCA,1,90,2,600,0.038414,1
KCF,1,90,2,600,0.033262,1
KCRDK,1,90,2,600,0.053204,2
KCRDKL,1,90,2,600,0.052793,2
KCUl,1,90,2,600,0.081804,3
KCUe,1,90,2,600,0.076725,3
KCUD,1,90,2,600,0.049298,2
KCOG,1,90,2,600,0.061966,2
KCOGL,1,90,2,600,0.05651,2
BA,21,90,2,600,0.831893,10
BAN,21,90,2,600,0.930811,10
BAUl,21,90,2,600,0.820401,10
BAUe,21,90,2,600,0.663195,9
BAUD,21,90,2,600,1.84114,11
KCA,21,90,2,600,0.228168,1
KCF,21,90,2,600,0.209845,1
KCRDK,21,90,2,600,0.073107,1
KCRDKL,21,90,2,600,0.066802,1
KCUl,21,90,2,600,0.050455,1
KCUe,21,90,2,600,0.049998,1
KCUD,21,90,2,600,0.055335,1
KCOG,21,90,2,600,0.07309,1
KCOGL,21,90,2,600,0.067023,1
BA,41,90,2,600,0.774614,9
BAN,41,90,2,600,0.800249,9
BAUl,41,90,2,600,0.72986,9
BAUe,41,90,2,600,0.783194,9
BAUD,41,90,2,600,1.90825,11
KCA,41,90,2,600,0.684131,1
KCF,41,90,2,600,0.581819,1
KCRDK,41,90,2,600,0.153962,1
KCRDKL,41,90,2,600,0.150996,1
KCUl,41,90,2,600,0.096627,1
KCUe,41,90,2,600,0.098817,1
KCUD,41,90,2,600,0.10519,1
KCOG,41,90,2,600,0.137356,1
KCOGL,41,90,2,600,0.139039,1
BA,61,90,2,600,0.752465,8
BAN,61,90,2,600,0.702282,8
BAUl,61,90,2,600,0.822639,8
BAUe,61,90,2,600,0.892826,9
BAUD,61,90,2,600,1.02056,8
KCA,61,90,2,600,1.35182,1
KCF,61,90,2,600,1.20725,1
KCRDK,61,90,2,600,0.253451,1
KCRDKL,61,90,2,600,0.227929,1
KCUl,61,90,2,600,0.1661,1
KCUe,61,90,2,600,0.169039,1
KCUD,61,90,2,600,0.170254,1
KCOG,61,90,2,600,0.243458,1
KCOGL,61,90,2,600,0.248081,1
BA,81,90,2,600,0.905864,8
BAN,81,90,2,600,0.763644,8
BAUl,81,90,2,600,0.697617,8
BAUe,81,90,2,600,1.09749,9
BAUD,81,90,2,600,1.43785,9
KCA,81,90,2,600,2.37126,1
KCF,81,90,2,600,2.14663,1
KCRDK,81,90,2,600,0.378409,1
KCRDKL,81,90,2,600,0.358664,1
KCUl,81,90,2,600,0.259603,1
KCUe,81,90,2,600,0.258701,1
KCUD,81,90,2,600,0.262372,1
KCOG,81,90,2,600,0.380477,1
KCOGL,81,90,2,600,0.34856,1
BA,101,90,2,600,1.12272,8
BAN,101,90,2,600,0.884599,8
BAUl,101,90,2,600,0.81878,8
BAUe,101,90,2,600,1.67941,11
BAUD,101,90,2,600,1.48588,9
KCA,101,90,2,600,2.91375,1
KCF,101,90,2,600,2.69443,1
KCRDK,101,90,2,600,0.553465,1
KCRDKL,101,90,2,600,0.502984,1
KCUl,101,90,2,600,0.375022,1
KCUe,101,90,2,600,0.37307,1
KCUD,101,90,2,600,0.377103,1
KCOG,101,90,2,600,0.545093,1
KCOGL,101,90,2,600,0.579286,1
BA,1,90,2,600,0.035442,2
BAN,1,90,2,600,0.038017,2
BAUl,1,90,2,600,0.034342,2
BAUe,1,90,2,600,0.07186,3
BAUD,1,90,2,600,0.049153,2
KCA,1,90,2,600,0.0344,1
KCF,1,90,2,600,0.032995,1
KCRDK,1,90,2,600,0.02931,1
KCRDKL,1,90,2,600,0.027295,1
KCUl,1,90,2,600,0.024639,1
KCUe,1,90,2,600,0.046314,2
KCUD,1,90,2,600,0.028519,1
KCOG,1,90,2,600,0.026714,1
KCOGL,1,90,2,600,0.027892,1
BA,21,90,2,600,0.042534,2
BAN,21,90,2,600,0.040804,2
BAUl,21,90,2,600,0.037614,2
BAUe,21,90,2,600,0.089348,3
BAUD,21,90,2,600,0.052463,2
KCA,21,90,2,600,0.230216,1
KCF,21,90,2,600,0.220506,1
KCRDK,21,90,2,600,0.064916,1
KCRDKL,21,90,2,600,0.058596,1
KCUl,21,90,2,600,0.047265,1
KCUe,21,90,2,600,0.084359,2
KCUD,21,90,2,600,0.049519,1
KCOG,21,90,2,600,0.056226,1
KCOGL,21,90,2,600,0.068751,1
BA,41,90,2,600,0.062919,2
BAN,41,90,2,600,0.05139,2
BAUl,41,90,2,600,0.050046,2
BAUe,41,90,2,600,0.092146,3
BAUD,41,90,2,600,0.060622,2
KCA,41,90,2,600,0.84593,1
KCF,41,90,2,600,0.817672,1
KCRDK,41,90,2,600,0.132202,1
KCRDKL,41,90,2,600,0.135582,1
KCUl,41,90,2,600,0.08865,1
KCUe,41,90,2,600,0.149936,2
KCUD,41,90,2,600,0.09237,1
KCOG,41,90,2,600,0.137256,1
KCOGL,41,90,2,600,0.135229,1
BA,61,90,2,600,0.093024,2
BAN,61,90,2,600,0.066732,2
BAUl,61,90,2,600,0.062799,2
BAUe,61,90,2,600,1.6144,13
BAUD,61,90,2,600,0.093157,2
KCA,61,90,2,600,2.18531,1
KCF,61,90,2,600,2.20074,1
KCRDK,61,90,2,600,0.239479,1
KCRDKL,61,90,2,600,0.248881,1
KCUl,61,90,2,600,0.15662,1
KCUe,61,90,2,600,0.933484,8
KCUD,61,90,2,600,0.160234,1
KCOG,61,90,2,600,0.236739,1
KCOGL,61,90,2,600,0.227087,1
BA,81,90,2,600,0.137837,2
BAN,81,90,2,600,0.088094,2
BAUl,81,90,2,600,0.084577,2
BAUe,81,90,2,600,0.708334,8
BAUD,81,90,2,600,0.104534,2
KCA,81,90,2,600,4.52345,1
KCF,81,90,2,600,5.38587,1
KCRDK,81,90,2,600,0.411606,1
KCRDKL,81,90,2,600,0.379524,1
KCUl,81,90,2,600,0.258185,1
KCUe,81,90,2,600,0.982368,5
KCUD,81,90,2,600,0.261042,1
KCOG,81,90,2,600,0.375159,1
KCOGL,81,90,2,600,0.36764,1
BA,101,90,2,600,0.196695,2
BAN,101,90,2,600,0.117522,2
BAUl,101,90,2,600,0.118486,2
BAUe,101,90,2,600,1.57061,10
BAUD,101,90,2,600,0.135009,2
KCA,101,90,2,600,6.16862,1
KCF,101,90,2,600,5.96735,1
KCRDK,101,90,2,600,0.503527,1
KCRDKL,101,90,2,600,0.52421,1
KCUl,101,90,2,600,0.369702,1
KCUe,101,90,2,600,1.38946,5
KCUD,101,90,2,600,0.37201,1
KCOG,101,90,2,600,0.570109,1
KCOGL,101,90,2,600,0.551704,1
BA,1,90,2,600,0.038834,2
BAN,1,90,2,600,0.041511,2
BAUl,1,90,2,600,0.039883,2
BAUe,1,90,2,600,0.03761,2
BAUD,1,90,2,600,0.042264,2
KCA,1,90,2,600,0.036444,1
KCF,1,90,2,600,0.042039,1
KCRDK,1,90,2,600,0.027062,1
KCRDKL,1,90,2,600,0.027676,1
KCUl,1,90,2,600,0.024512,1
KCUe,1,90,2,600,0.039578,1
KCUD,1,90,2,600,0.027198,1
KCOG,1,90,2,600,0.029754,1
KCOGL,1,90,2,600,0.028016,1
BA,21,90,2,600,0.084002,3
BAN,21,90,2,600,0.10311,3
BAUl,21,90,2,600,0.081408,3
BAUe,21,90,2,600,0.565616,9
BAUD,21,90,2,600,0.098427,3
KCA,21,90,2,600,0.264664,1
KCF,21,90,2,600,0.233107,1
KCRDK,21,90,2,600,0.098285,2
KCRDKL,21,90,2,600,0.094393,2
KCUl,21,90,2,600,0.073491,2
KCUe,21,90,2,600,0.337458,8
KCUD,21,90,2,600,0.09693,2
KCOG,21,90,2,600,0.097863,2
KCOGL,21,90,2,600,0.111237,2
BA,41,90,2,600,0.116454,3
BAN,41,90,2,600,0.109916,3
BAUl,41,90,2,600,0.092779,3
BAUe,41,90,2,600,0.647985,9
BAUD,41,90,2,600,0.105144,3
KCA,41,90,2,600,1.23964,1
KCF,41,90,2,600,1.11388,1
KCRDK,41,90,2,600,0.209874,2
KCRDKL,41,90,2,600,0.215565,2
KCUl,41,90,2,600,0.147058,2
KCUe,41,90,2,600,0.542999,8
KCUD,41,90,2,600,0.17798,2
KCOG,41,90,2,600,0.200195,2
KCOGL,41,90,2,600,0.218692,2
BA,61,90,2,600,0.163009,3
BAN,61,90,2,600,0.123769,3
BAUl,61,90,2,600,0.115719,3
BAUe,61,90,2,600,0.364605,6
BAUD,61,90,2,600,0.138786,3
KCA,61,90,2,600,2.93321,1
KCF,61,90,2,600,2.43325,1
KCRDK,61,90,2,600,0.398147,2
KCRDKL,61,90,2,600,0.349072,2
KCUl,61,90,2,600,0.260984,2
KCUe,61,90,2,600,0.628403,5
KCUD,61,90,2,600,0.274386,2
KCOG,61,90,2,600,0.366859,2
KCOGL,61,90,2,600,0.373629,2
BA,81,90,2,600,0.221544,3
BAN,81,90,2,600,0.153588,3
BAUl,81,90,2,600,0.148674,3
BAUe,81,90,2,600,0.412433,6
BAUD,81,90,2,600,0.178982,3
KCA,81,90,2,600,6.40453,1
KCF,81,90,2,600,6.41558,1
KCRDK,81,90,2,600,0.634153,2
KCRDKL,81,90,2,600,0.59485,2
KCUl,81,90,2,600,0.418348,2
KCUe,81,90,2,600,0.960545,5
KCUD,81,90,2,600,0.433548,2
KCOG,81,90,2,600,0.630647,2
KCOGL,81,90,2,600,0.601646,2
BA,101,90,2,600,0.310435,3
BAN,101,90,2,600,0.205859,3
BAUl,101,90,2,600,0.19035,3
BAUe,101,90,2,600,0.947458,9
BAUD,101,90,2,600,0.224315,3
KCA,101,90,2,600,10.0004,1
KCF,101,90,2,600,7.81745,1
KCRDK,101,90,2,600,0.935458,2
KCRDKL,101,90,2,600,0.843597,2
KCUl,101,90,2,600,0.618623,2
KCUe,101,90,2,600,1.89498,7
KCUD,101,90,2,600,0.644451,2
KCOG,101,90,2,600,0.844297,2
KCOGL,101,90,2,600,0.874188,2
BA,1,90,2,600,0.068678,3
BAN,1,90,2,600,0.073071,3
BAUl,1,90,2,600,0.066442,3
BAUe,1,90,2,600,0.063978,3
BAUD,1,90,2,600,0.077875,3
KCA,1,90,2,600,0.034615,1
KCF,1,90,2,600,0.030326,1
KCRDK,1,90,2,600,0.042473,1
KCRDKL,1,90,2,600,0.02681,1
KCUl,1,90,2,600,0.025646,1
KCUe,1,90,2,600,0.029194,1
KCUD,1,90,2,600,0.025626,1
KCOG,1,90,2,600,0.030008,1
KCOGL,1,90,2,600,0.032426,1
BA,21,90,2,600,0.137116,4
BAN,21,90,2,600,0.130677,4
BAUl,21,90,2,600,0.113878,4
BAUe,21,90,2,600,0.852192,10
BAUD,21,90,2,600,0.113109,3
KCA,21,90,2,600,0.226445,1
KCF,21,90,2,600,0.219913,1
KCRDK,21,90,2,600,0.10608,2
KCRDKL,21,90,2,600,0.100146,2
KCUl,21,90,2,600,0.073353,2
KCUe,21,90,2,600,0.09678,2
KCUD,21,90,2,600,0.096128,2
KCOG,21,90,2,600,0.10924,2
KCOGL,21,90,2,600,0.095554,2
BA,41,90,2,600,0.158835,4
BAN,41,90,2,600,0.1487,4
BAUl,41,90,2,600,0.13099,4
BAUe,41,90,2,600,0.7976,10
BAUD,41,90,2,600,0.137279,3
KCA,41,90,2,600,0.833123,1
KCF,41,90,2,600,0.747024,1
KCRDK,41,90,2,600,0.227041,2
KCRDKL,41,90,2,600,0.222544,2
KCUl,41,90,2,600,0.147729,2
KCUe,41,90,2,600,0.304597,4
KCUD,41,90,2,600,0.181234,2
KCOG,41,90,2,600,0.222535,2
KCOGL,41,90,2,600,0.204,2
BA,61,90,2,600,0.225576,4
BAN,61,90,2,600,0.179385,4
BAUl,61,90,2,600,0.166722,4
BAUe,61,90,2,600,0.905096,10
BAUD,61,90,2,600,0.163484,3
KCA,61,90,2,600,1.30733,1
KCF,61,90,2,600,1.66616,1
KCRDK,61,90,2,600,0.373728,2
KCRDKL,61,90,2,600,0.396788,2
KCUl,61,90,2,600,0.258805,2
KCUe,61,90,2,600,0.502428,4
KCUD,61,90,2,600,0.279626,2
KCOG,61,90,2,600,0.386363,2
KCOGL,61,90,2,600,0.397038,2
BA,81,90,2,600,0.310527,4
BAN,81,90,2,600,0.224148,4
BAUl,81,90,2,600,0.207047,4
BAUe,81,90,2,600,0.957501,10
BAUD,81,90,2,600,0.172613,3
KCA,81,90,2,600,3.75647,1
KCF,81,90,2,600,4.35005,1
KCRDK,81,90,2,600,0.623271,2
KCRDKL,81,90,2,600,0.611362,2
KCUl,81,90,2,600,0.42003,2
KCUe,81,90,2,600,1.15586,6
KCUD,81,90,2,600,0.439461,2
KCOG,81,90,2,600,0.586552,2
KCOGL,81,90,2,600,0.581109,2
BA,101,90,2,600,0.410503,4
BAN,101,90,2,600,0.275937,4
BAUl,101,90,2,600,0.259717,4
BAUe,101,90,2,600,1.16971,10
BAUD,101,90,2,600,0.21305,3
KCA,101,90,2,600,6.65953,1
KCF,101,90,2,600,4.37021,1
KCRDK,101,90,2,600,0.937826,2
KCRDKL,101,90,2,600,0.92935,2
KCUl,101,90,2,600,0.618899,2
KCUe,101,90,2,600,1.66267,6
KCUD,101,90,2,600,0.635155,2
KCOG,101,90,2,600,0.924561,2
KCOGL,101,90,2,600,0.906085,2
BA,1,90,2,600,0.029889,2
BAN,1,90,2,600,0.034967,2
BAUl,1,90,2,600,0.027899,2
BAUe,1,90,2,600,0.030841,2
BAUD,1,90,2,600,0.035774,2
KCA,1,90,2,600,0.041636,1
KCF,1,90,2,600,0.031251,1
KCRDK,1,90,2,600,0.026165,1
KCRDKL,1,90,2,600,0.029031,1
KCUl,1,90,2,600,0.028617,1
KCUe,1,90,2,600,0.034365,1
KCUD,1,90,2,600,0.031897,1
KCOG,1,90,2,600,0.024963,1
KCOGL,1,90,2,600,0.024723,1
BA,21,90,2,600,0.035931,2
BAN,21,90,2,600,0.039694,2
BAUl,21,90,2,600,0.031627,2
BAUe,21,90,2,600,0.063965,3
BAUD,21,90,2,600,0.04041,2
KCA,21,90,2,600,0.231942,1
KCF,21,90,2,600,0.224869,1
KCRDK,21,90,2,600,0.063949,1
KCRDKL,21,90,2,600,0.062591,1
KCUl,21,90,2,600,0.04112,1
KCUe,21,90,2,600,0.073809,2
KCUD,21,90,2,600,0.051454,1
KCOG,21,90,2,600,0.06249,1
KCOGL,21,90,2,600,0.06011,1
BA,41,90,2,600,0.067051,2
BAN,41,90,2,600,0.0468,2
BAUl,41,90,2,600,0.054564,2
BAUe,41,90,2,600,0.078161,3
BAUD,41,90,2,600,0.050931,2
KCA,41,90,2,600,0.785986,1
KCF,41,90,2,600,0.651613,1
KCRDK,41,90,2,600,0.137287,1
KCRDKL,41,90,2,600,0.126774,1
KCUl,41,90,2,600,0.085976,1
KCUe,41,90,2,600,0.147475,2
KCUD,41,90,2,600,0.094251,1
KCOG,41,90,2,600,0.116394,1
KCOGL,41,90,2,600,0.133887,1
BA,61,90,2,600,0.08756,2
BAN,61,90,2,600,0.062868,2
BAUl,61,90,2,600,0.059391,2
BAUe,61,90,2,600,0.110318,3
BAUD,61,90,2,600,0.066909,2
KCA,61,90,2,600,1.22157,1
KCF,61,90,2,600,1.56381,1
KCRDK,61,90,2,600,0.218031,1
KCRDKL,61,90,2,600,0.239133,1
KCUl,61,90,2,600,0.155746,1
KCUe,61,90,2,600,0.258363,2
KCUD,61,90,2,600,0.162739,1
KCOG,61,90,2,600,0.247263,1
KCOGL,61,90,2,600,0.213102,1
BA,81,90,2,600,0.136338,2
BAN,81,90,2,600,0.08766,2
BAUl,81,90,2,600,0.087385,2
BAUe,81,90,2,600,0.133557,3
BAUD,81,90,2,600,0.088332,2
KCA,81,90,2,600,2.02556,1
KCF,81,90,2,600,2.9037,1
KCRDK,81,90,2,600,0.387045,1
KCRDKL,81,90,2,600,0.3807,1
KCUl,81,90,2,600,0.252454,1
KCUe,81,90,2,600,0.41787,2
KCUD,81,90,2,600,0.258557,1
KCOG,81,90,2,600,0.363234,1
KCOGL,81,90,2,600,0.373162,1
BA,101,90,2,600,0.190782,2
BAN,101,90,2,600,0.114857,2
BAUl,101,90,2,600,0.112165,2
BAUe,101,90,2,600,0.174939,3
BAUD,101,90,2,600,0.120843,2
KCA,101,90,2,600,3.33114,1
KCF,101,90,2,600,2.72258,1
KCRDK,101,90,2,600,0.535913,1
KCRDKL,101,90,2,600,0.512978,1
KCUl,101,90,2,600,0.368689,1
KCUe,101,90,2,600,0.612886,2
KCUD,101,90,2,600,0.373612,1
KCOG,101,90,2,600,0.516227,1
KCOGL,101,90,2,600,0.535399,1
BA,1,90,2,600,0.115697,4
BAN,1,90,2,600,0.132537,4
BAUl,1,90,2,600,0.113841,4
BAUe,1,90,2,600,0.127743,4
BAUD,1,90,2,600,0.103379,3
KCA,1,90,2,600,0.034043,1
KCF,1,90,2,600,0.032689,1
KCRDK,1,90,2,600,0.046519,2
KCRDKL,1,90,2,600,0.04606,2
KCUl,1,90,2,600,0.057439,3
KCUe,1,90,2,600,0.070365,3
KCUD,1,90,2,600,0.046132,2
KCOG,1,90,2,600,0.04619,2
KCOGL,1,90,2,600,0.045489,2
BA,21,90,2,600,0.876328,11
BAN,21,90,2,600,0.990316,11
BAUl,21,90,2,600,0.854959,11
BAUe,21,90,2,600,1.35375,13
BAUD,21,90,2,600,1.85769,12
KCA,21,90,2,600,0.200867,1
KCF,21,90,2,600,0.203785,1
KCRDK,21,90,2,600,0.073414,1
KCRDKL,21,90,2,600,0.074468,1
KCUl,21,90,2,600,0.050353,1
KCUe,21,90,2,600,0.047825,1
KCUD,21,90,2,600,0.058014,1
KCOG,21,90,2,600,0.067101,1
KCOGL,21,90,2,600,0.070466,1
BA,41,90,2,600,1.36889,13
BAN,41,90,2,600,1.23563,12
BAUl,41,90,2,600,1.27225,13
BAUe,41,90,2,600,0.860065,10
BAUD,41,90,2,600,2.14748,13
KCA,41,90,2,600,0.841427,1
KCF,41,90,2,600,0.586,1
KCRDK,41,90,2,600,0.144781,1
KCRDKL,41,90,2,600,0.140922,1
KCUl,41,90,2,600,0.097717,1
KCUe,41,90,2,600,0.095618,1
KCUD,41,90,2,600,0.101983,1
KCOG,41,90,2,600,0.139723,1
KCOGL,41,90,2,600,0.138119,1
BA,61,90,2,600,1.56303,13
BAN,61,90,2,600,1.7435,13
BAUl,61,90,2,600,1.35493,13
BAUe,61,90,2,600,1.08511,11
BAUD,61,90,2,600,1.93977,12
KCA,61,90,2,600,1.17186,1
KCF,61,90,2,600,1.07427,1
KCRDK,61,90,2,600,0.259155,1
KCRDKL,61,90,2,600,0.241148,1
KCUl,61,90,2,600,0.162081,1
KCUe,61,90,2,600,0.160825,1
KCUD,61,90,2,600,0.165744,1
KCOG,61,90,2,600,0.251626,1
KCOGL,61,90,2,600,0.241167,1
BA,81,90,2,600,1.80191,13
BAN,81,90,2,600,1.67432,13
BAUl,81,90,2,600,1.48386,13
BAUe,81,90,2,600,1.24009,11
BAUD,81,90,2,600,1.80259,11
KCA,81,90,2,600,2.17584,1
KCF,81,90,2,600,2.13012,1
KCRDK,81,90,2,600,0.361252,1
KCRDKL,81,90,2,600,0.38905,1
KCUl,81,90,2,600,0.256118,1
KCUe,81,90,2,600,0.256794,1
KCUD,81,90,2,600,0.27034,1
KCOG,81,90,2,600,0.394602,1
KCOGL,81,90,2,600,0.388281,1
BA,101,90,2,600,2.02513,12
BAN,101,90,2,600,1.72222,12
BAUl,101,90,2,600,1.56103,12
BAUe,101,90,2,600,1.33116,11
BAUD,101,90,2,600,1.52682,10
KCA,101,90,2,600,4.05861,1
KCF,101,90,2,600,2.67776,1
KCRDK,101,90,2,600,0.569504,1
KCRDKL,101,90,2,600,0.576755,1
KCUl,101,90,2,600,0.374861,1
KCUe,101,90,2,600,0.375102,1
KCUD,101,90,2,600,0.378421,1
KCOG,101,90,2,600,0.578866,1
KCOGL,101,90,2,600,0.576127,1
BA,1,90,2,600,0.028253,2
BAN,1,90,2,600,0.039123,2
BAUl,1,90,2,600,0.029668,2
BAUe,1,90,2,600,0.06678,3
BAUD,1,90,2,600,0.039527,2
KCA,1,90,2,600,0.035683,1
KCF,1,90,2,600,0.033868,1
KCRDK,1,90,2,600,0.027737,1
KCRDKL,1,90,2,600,0.032967,1
KCUl,1,90,2,600,0.026745,1
KCUe,1,90,2,600,0.031396,1
KCUD,1,90,2,600,0.030059,1
KCOG,1,90,2,600,0.029962,1
KCOGL,1,90,2,600,0.029995,1
BA,21,90,2,600,0.035695,2
BAN,21,90,2,600,0.034697,2
BAUl,21,90,2,600,0.032004,2
BAUe,21,90,2,600,0.397705,8
BAUD,21,90,2,600,0.047309,2
KCA,21,90,2,600,0.206839,1
KCF,21,90,2,600,0.215801,1
KCRDK,21,90,2,600,0.067039,1
KCRDKL,21,90,2,600,0.066721,1
KCUl,21,90,2,600,0.044579,1
KCUe,21,90,2,600,0.047835,1
KCUD,21,90,2,600,0.053486,1
KCOG,21,90,2,600,0.071225,1
KCOGL,21,90,2,600,0.066668,1
BA,41,90,2,600,0.057462,2
BAN,41,90,2,600,0.046969,2
BAUl,41,90,2,600,0.04302,2
BAUe,41,90,2,600,0.635396,9
BAUD,41,90,2,600,0.055057,2
KCA,41,90,2,600,0.807218,1
KCF,41,90,2,600,0.68262,1
KCRDK,41,90,2,600,0.139784,1
KCRDKL,41,90,2,600,0.136296,1
KCUl,41,90,2,600,0.094671,1
KCUe,41,90,2,600,0.099192,1
KCUD,41,90,2,600,0.095549,1
KCOG,41,90,2,600,0.141264,1
KCOGL,41,90,2,600,0.121827,1
BA,61,90,2,600,0.091027,2
BAN,61,90,2,600,0.062241,2
BAUl,61,90,2,600,0.062297,2
BAUe,61,90,2,600,0.740022,9
BAUD,61,90,2,600,0.071872,2
KCA,61,90,2,600,2.02214,1
KCF,61,90,2,600,1.8192,1
KCRDK,61,90,2,600,0.248873,1
KCRDKL,61,90,2,600,0.238597,1
KCUl,61,90,2,600,0.157259,1
KCUe,61,90,2,600,0.158956,1
KCUD,61,90,2,600,0.162324,1
KCOG,61,90,2,600,0.227565,1
KCOGL,61,90,2,600,0.237922,1
BA,81,90,2,600,0.130687,2
BAN,81,90,2,600,0.081981,2
BAUl,81,90,2,600,0.079845,2
BAUe,81,90,2,600,1.00811,10
BAUD,81,90,2,600,0.091661,2
KCA,81,90,2,600,3.2389,1
KCF,81,90,2,600,3.84022,1
KCRDK,81,90,2,600,0.367045,1
KCRDKL,81,90,2,600,0.36721,1
KCUl,81,90,2,600,0.253976,1
KCUe,81,90,2,600,0.253943,1
KCUD,81,90,2,600,0.257088,1
KCOG,81,90,2,600,0.387967,1
KCOGL,81,90,2,600,0.396768,1
BA,101,90,2,600,0.183342,2
BAN,101,90,2,600,0.107699,2
BAUl,101,90,2,600,0.106307,2
BAUe,101,90,2,600,1.56955,11
BAUD,101,90,2,600,0.121625,2
KCA,101,90,2,600,5.43285,1
KCF,101,90,2,600,4.89668,1
KCRDK,101,90,2,600,0.54973,1
KCRDKL,101,90,2,600,0.508428,1
KCUl,101,90,2,600,0.379294,1
KCUe,101,90,2,600,0.3729,1
KCUD,101,90,2,600,0.377643,1
KCOG,101,90,2,600,0.543243,1
KCOGL,101,90,2,600,0.566399,1
BA,1,90,2,600,0.113563,4
BAN,1,90,2,600,0.123485,4
BAUl,1,90,2,600,0.11083,4
BAUe,1,90,2,600,0.102679,4
BAUD,1,90,2,600,0.079148,3
KCA,1,90,2,600,0.050073,2
KCF,1,90,2,600,0.048032,2
KCRDK,1,90,2,600,0.07527,3
KCRDKL,1,90,2,600,0.054106,2
KCUl,1,90,2,600,0.064616,3
KCUe,1,90,2,600,0.069807,3
KCUD,1,90,2,600,0.05058,2
KCOG,1,90,2,600,0.048339,2
KCOGL,1,90,2,600,0.046798,2
BA,21,90,2,600,0.892964,10
BAN,21,90,2,600,0.987416,10
BAUl,21,90,2,600,0.882768,10
BAUe,21,90,2,600,0.825885,9
BAUD,21,90,2,600,1.20809,9
KCA,21,90,2,600,0.191732,1
KCF,21,90,2,600,0.186795,1
KCRDK,21,90,2,600,0.071247,1
KCRDKL,21,90,2,600,0.073643,1
KCUl,21,90,2,600,0.058622,1
KCUe,21,90,2,600,0.050869,1
KCUD,21,90,2,600,0.059733,1
KCOG,21,90,2,600,0.070153,1
KCOGL,21,90,2,600,0.066562,1
BA,41,90,2,600,0.956917,10
BAN,41,90,2,600,0.996159,10
BAUl,41,90,2,600,0.882683,10
BAUe,41,90,2,600,0.936153,9
BAUD,41,90,2,600,1.43483,9
KCA,41,90,2,600,0.525695,1
KCF,41,90,2,600,0.487144,1
KCRDK,41,90,2,600,0.127412,1
KCRDKL,41,90,2,600,0.137501,1
KCUl,41,90,2,600,0.096374,1
KCUe,41,90,2,600,0.095699,1
KCUD,41,90,2,600,0.099589,1
KCOG,41,90,2,600,0.142533,1
KCOGL,41,90,2,600,0.143897,1
BA,61,90,2,600,0.993755,9
BAN,61,90,2,600,0.930674,9
BAUl,61,90,2,600,0.848958,9
BAUe,61,90,2,600,1.24853,10
BAUD,61,90,2,600,1.7434,10
KCA,61,90,2,600,1.18269,1
KCF,61,90,2,600,1.10324,1
KCRDK,61,90,2,600,0.240322,1
KCRDKL,61,90,2,600,0.259387,1
KCUl,61,90,2,600,0.165144,1
KCUe,61,90,2,600,0.170224,1
KCUD,61,90,2,600,0.171414,1
KCOG,61,90,2,600,0.220162,1
KCOGL,61,90,2,600,0.25607,1
BA,81,90,2,600,1.14805,9
BAN,81,90,2,600,1.01265,9
BAUl,81,90,2,600,0.921713,9
BAUe,81,90,2,600,1.42007,10
BAUD,81,90,2,600,1.31622,9
KCA,81,90,2,600,2.41923,1
KCF,81,90,2,600,2.01658,1
KCRDK,81,90,2,600,0.401101,1
KCRDKL,81,90,2,600,0.380058,1
KCUl,81,90,2,600,0.265477,1
KCUe,81,90,2,600,0.260756,1
KCUD,81,90,2,600,0.266675,1
KCOG,81,90,2,600,0.395424,1
KCOGL,81,90,2,600,0.400847,1
BA,101,90,2,600,2.07935,11
BAN,101,90,2,600,1.62706,11
BAUl,101,90,2,600,1.46205,11
BAUe,101,90,2,600,1.53603,10
BAUD,101,90,2,600,1.98162,10
KCA,101,90,2,600,3.12063,1
KCF,101,90,2,600,3.40908,1
KCRDK,101,90,2,600,0.56563,1
KCRDKL,101,90,2,600,0.544241,1
KCUl,101,90,2,600,0.375738,1
KCUe,101,90,2,600,0.375506,1
KCUD,101,90,2,600,0.378736,1
KCOG,101,90,2,600,0.573885,1
KCOGL,101,90,2,600,0.553735,1
BA,1,90,2,600,0.031847,2
BAN,1,90,2,600,0.034819,2
BAUl,1,90,2,600,0.031392,2
BAUe,1,90,2,600,0.067736,3
BAUD,1,90,2,600,0.046349,2
KCA,1,90,2,600,0.037854,1
KCF,1,90,2,600,0.037194,1
KCRDK,1,90,2,600,0.027972,1
KCRDKL,1,90,2,600,0.027666,1
KCUl,1,90,2,600,0.025289,1
KCUe,1,90,2,600,0.049779,2
KCUD,1,90,2,600,0.03408,1
KCOG,1,90,2,600,0.030622,1
KCOGL,1,90,2,600,0.027981,1
BA,21,90,2,600,0.07446,3
BAN,21,90,2,600,0.076026,3
BAUl,21,90,2,600,0.06806,3
BAUe,21,90,2,600,0.077797,3
BAUD,21,90,2,600,0.115285,3
KCA,21,90,2,600,0.240481,1
KCF,21,90,2,600,0.223992,1
KCRDK,21,90,2,600,0.098963,2
KCRDKL,21,90,2,600,0.105367,2
KCUl,21,90,2,600,0.076755,2
KCUe,21,90,2,600,0.081909,2
KCUD,21,90,2,600,0.097111,2
KCOG,21,90,2,600,0.106231,2
KCOGL,21,90,2,600,0.100423,2
BA,41,90,2,600,0.104195,3
BAN,41,90,2,600,0.094572,3
BAUl,41,90,2,600,0.083517,3
BAUe,41,90,2,600,0.092585,3
BAUD,41,90,2,600,0.126263,3
KCA,41,90,2,600,0.955791,1
KCF,41,90,2,600,0.866623,1
KCRDK,41,90,2,600,0.218467,2
KCRDKL,41,90,2,600,0.23485,2
KCUl,41,90,2,600,0.148236,2
KCUe,41,90,2,600,0.157362,2
KCUD,41,90,2,600,0.176966,2
KCOG,41,90,2,600,0.221397,2
KCOGL,41,90,2,600,0.201695,2
BA,61,90,2,600,0.150877,3
BAN,61,90,2,600,0.112764,3
BAUl,61,90,2,600,0.106092,3
BAUe,61,90,2,600,0.113658,3
BAUD,61,90,2,600,0.144746,3
KCA,61,90,2,600,2.1121,1
KCF,61,90,2,600,1.70237,1
KCRDK,61,90,2,600,0.384698,2
KCRDKL,61,90,2,600,0.386485,2
KCUl,61,90,2,600,0.265387,2
KCUe,61,90,2,600,0.270554,2
KCUD,61,90,2,600,0.284291,2
KCOG,61,90,2,600,0.386199,2
KCOGL,61,90,2,600,0.384944,2
BA,81,90,2,600,0.217678,3
BAN,81,90,2,600,0.146699,3
BAUl,81,90,2,600,0.139045,3
BAUe,81,90,2,600,0.162018,3
BAUD,81,90,2,600,0.180364,3
KCA,81,90,2,600,2.74155,1
KCF,81,90,2,600,5.24417,1
KCRDK,81,90,2,600,0.576718,2
KCRDKL,81,90,2,600,0.614865,2
KCUl,81,90,2,600,0.419684,2
KCUe,81,90,2,600,0.427526,2
KCUD,81,90,2,600,0.439496,2
KCOG,81,90,2,600,0.621897,2
KCOGL,81,90,2,600,0.615863,2
BA,101,90,2,600,0.295263,3
BAN,101,90,2,600,0.186347,3
BAUl,101,90,2,600,0.176597,3
BAUe,101,90,2,600,0.18249,3
BAUD,101,90,2,600,0.216152,3
KCA,101,90,2,600,7.35779,1
KCF,101,90,2,600,5.44138,1
KCRDK,101,90,2,600,0.887825,2
KCRDKL,101,90,2,600,0.88612,2
KCUl,101,90,2,600,0.632156,2
KCUe,101,90,2,600,0.63332,2
KCUD,101,90,2,600,0.645564,2
KCOG,101,90,2,600,0.959958,2
KCOGL,101,90,2,600,0.940293,2
BA,1,90,2,600,0.063689,3
BAN,1,90,2,600,0.075856,3
BAUl,1,90,2,600,0.059325,3
BAUe,1,90,2,600,0.065444,3
BAUD,1,90,2,600,0.072119,3
KCA,1,90,2,600,0.032449,1
KCF,1,90,2,600,0.028231,1
KCRDK,1,90,2,600,0.028408,1
KCRDKL,1,90,2,600,0.028454,1
KCUl,1,90,2,600,0.026793,1
KCUe,1,90,2,600,0.028222,1
KCUD,1,90,2,600,0.028777,1
KCOG,1,90,2,600,0.027632,1
KCOGL,1,90,2,600,0.028959,1
BA,21,90,2,600,0.130938,4
BAN,21,90,2,600,0.138516,4
BAUl,21,90,2,600,0.119327,4
BAUe,21,90,2,600,0.19091,5
BAUD,21,90,2,600,0.106841,3
KCA,21,90,2,600,0.250666,1
KCF,21,90,2,600,0.218946,1
KCRDK,21,90,2,600,0.109385,2
KCRDKL,21,90,2,600,0.109872,2
KCUl,21,90,2,600,0.073577,2
KCUe,21,90,2,600,0.17939,4
KCUD,21,90,2,600,0.10757,2
KCOG,21,90,2,600,0.109872,2
KCOGL,21,90,2,600,0.10733,2
BA,41,90,2,600,0.162772,4
BAN,41,90,2,600,0.148316,4
BAUl,41,90,2,600,0.133414,4
BAUe,41,90,2,600,0.245851,5
BAUD,41,90,2,600,0.157142,3
KCA,41,90,2,600,1.02253,1
KCF,41,90,2,600,0.697132,1
KCRDK,41,90,2,600,0.218989,2
KCRDKL,41,90,2,600,0.221481,2
KCUl,41,90,2,600,0.148254,2
KCUe,41,90,2,600,0.757637,10
KCUD,41,90,2,600,0.164759,2
KCOG,41,90,2,600,0.225592,2
KCOGL,41,90,2,600,0.221401,2
BA,61,90,2,600,0.228446,4
BAN,61,90,2,600,0.183208,4
BAUl,61,90,2,600,0.175791,4
BAUe,61,90,2,600,0.298693,5
BAUD,61,90,2,600,0.154054,3
KCA,61,90,2,600,1.95195,1
KCF,61,90,2,600,1.81239,1
KCRDK,61,90,2,600,0.379309,2
KCRDKL,61,90,2,600,0.346479,2
KCUl,61,90,2,600,0.267654,2
KCUe,61,90,2,600,0.384855,3
KCUD,61,90,2,600,0.278073,2
KCOG,61,90,2,600,0.371257,2
KCOGL,61,90,2,600,0.374516,2
BA,81,90,2,600,0.308571,4
BAN,81,90,2,600,0.224507,4
BAUl,81,90,2,600,0.206252,4
BAUe,81,90,2,600,0.2991,5
BAUD,81,90,2,600,0.163372,3
KCA,81,90,2,600,4.18181,1
KCF,81,90,2,600,6.09258,1
KCRDK,81,90,2,600,0.585245,2
KCRDKL,81,90,2,600,0.581518,2
KCUl,81,90,2,600,0.422742,2
KCUe,81,90,2,600,0.785187,4
KCUD,81,90,2,600,0.435061,2
KCOG,81,90,2,600,0.621303,2
KCOGL,81,90,2,600,0.600428,2
BA,101,90,2,600,0.421912,4
BAN,101,90,2,600,0.282141,4
BAUl,101,90,2,600,0.260517,4
BAUe,101,90,2,600,0.683882,7
BAUD,101,90,2,600,0.205248,3
KCA,101,90,2,600,6.8637,1
KCF,101,90,2,600,6.08181,1
KCRDK,101,90,2,600,0.853442,2
KCRDKL,101,90,2,600,0.832912,2
KCUl,101,90,2,600,0.62621,2
KCUe,101,90,2,600,0.879026,3
KCUD,101,90,2,600,0.632976,2
KCOG,101,90,2,600,0.849167,2
KCOGL,101,90,2,600,0.945513,2
BA,1,90,2,600,0.077733,3
BAN,1,90,2,600,0.069077,3
BAUl,1,90,2,600,0.063626,3
BAUe,1,90,2,600,0.06201,3
BAUD,1,90,2,600,0.079086,3
KCA,1,90,2,600,0.049701,2
KCF,1,90,2,600,0.047727,2
KCRDK,1,90,2,600,0.049636,2
KCRDKL,1,90,2,600,0.04929,2
KCUl,1,90,2,600,0.041343,2
KCUe,1,90,2,600,0.044773,2
KCUD,1,90,2,600,0.049011,2
KCOG,1,90,2,600,0.044777,2
KCOGL,1,90,2,600,0.045619,2
BA,21,90,2,600,2.0598,15
BAN,21,90,2,600,3.00043,17
BAUl,21,90,2,600,2.02963,15
BAUe,21,90,2,600,2.46498,17
BAUD,21,90,2,600,3.59237,14
KCA,21,90,2,600,0.198707,1
KCF,21,90,2,600,0.229921,1
KCRDK,21,90,2,600,0.078079,1
KCRDKL,21,90,2,600,0.07371,1
KCUl,21,90,2,600,0.058179,1
KCUe,21,90,2,600,0.072298,1
KCUD,21,90,2,600,0.055683,1
KCOG,21,90,2,600,0.071442,1
KCOGL,21,90,2,600,0.061737,1
BA,41,90,2,600,1.76597,15
BAN,41,90,2,600,2.48813,16
BAUl,41,90,2,600,1.65565,15
BAUe,41,90,2,600,3.15194,17
BAUD,41,90,2,600,4.69359,14
KCA,41,90,2,600,0.482044,1
KCF,41,90,2,600,0.469919,1
KCRDK,41,90,2,600,0.14468,1
KCRDKL,41,90,2,600,0.150222,1
KCUl,41,90,2,600,0.094229,1
KCUe,41,90,2,600,0.095336,1
KCUD,41,90,2,600,0.105225,1
KCOG,41,90,2,600,0.140474,1
KCOGL,41,90,2,600,0.130074,1
BA,61,90,2,600,3.20064,15
BAN,61,90,2,600,3.39586,15
BAUl,61,90,2,600,2.98059,15
BAUe,61,90,2,600,3.00786,16
BAUD,61,90,2,600,4.49208,16
KCA,61,90,2,600,1.04871,1
KCF,61,90,2,600,1.01493,1
KCRDK,61,90,2,600,0.258395,1
KCRDKL,61,90,2,600,0.254745,1
KCUl,61,90,2,600,0.162133,1
KCUe,61,90,2,600,0.164056,1
KCUD,61,90,2,600,0.171829,1
KCOG,61,90,2,600,0.250295,1
KCOGL,61,90,2,600,0.252963,1
BA,81,90,2,600,4.33344,17
BAN,81,90,2,600,3.79934,17
BAUl,81,90,2,600,3.91112,17
BAUe,81,90,2,600,2.91855,16
BAUD,81,90,2,600,4.08337,15
KCA,81,90,2,600,1.89116,1
KCF,81,90,2,600,1.65274,1
KCRDK,81,90,2,600,0.389157,1
KCRDKL,81,90,2,600,0.448411,1
KCUl,81,90,2,600,0.269528,1
KCUe,81,90,2,600,0.270223,1
KCUD,81,90,2,600,0.276071,1
KCOG,81,90,2,600,0.396307,1
KCOGL,81,90,2,600,0.380154,1
BA,101,90,2,600,4.11625,16
BAN,101,90,2,600,3.79516,16
BAUl,101,90,2,600,3.50458,16
BAUe,101,90,2,600,3.38434,15
BAUD,101,90,2,600,6.09392,16
KCA,101,90,2,600,3.29352,1
KCF,101,90,2,600,2.98496,1
KCRDK,101,90,2,600,0.521363,1
KCRDKL,101,90,2,600,0.525158,1
KCUl,101,90,2,600,0.383764,1
KCUe,101,90,2,600,0.378512,1
KCUD,101,90,2,600,0.38658,1
KCOG,101,90,2,600,0.512133,1
KCOGL,101,90,2,600,0.513595,1
BA,1,90,2,600,0.036365,2
BAN,1,90,2,600,0.036853,2
BAUl,1,90,2,600,0.03847,2
BAUe,1,90,2,600,0.034788,2
BAUD,1,90,2,600,0.039585,2
KCA,1,90,2,600,0.036613,1
KCF,1,90,2,600,0.03629,1
KCRDK,1,90,2,600,0.028384,1
KCRDKL,1,90,2,600,0.028375,1
KCUl,1,90,2,600,0.025875,1
KCUe,1,90,2,600,0.032166,1
KCUD,1,90,2,600,0.031674,1
KCOG,1,90,2,600,0.029567,1
KCOGL,1,90,2,600,0.032306,1
BA,21,90,2,600,0.044551,2
BAN,21,90,2,600,0.042504,2
BAUl,21,90,2,600,0.045659,2
BAUe,21,90,2,600,0.237891,6
BAUD,21,90,2,600,0.047631,2
KCA,21,90,2,600,0.259201,1
KCF,21,90,2,600,0.222068,1
KCRDK,21,90,2,600,0.065433,1
KCRDKL,21,90,2,600,0.068395,1
KCUl,21,90,2,600,0.045593,1
KCUe,21,90,2,600,0.200374,5
KCUD,21,90,2,600,0.049559,1
KCOG,21,90,2,600,0.071827,1
KCOGL,21,90,2,600,0.067688,1
BA,41,90,2,600,0.071107,2
BAN,41,90,2,600,0.054038,2
BAUl,41,90,2,600,0.05053,2
BAUe,41,90,2,600,0.294922,6
BAUD,41,90,2,600,0.057231,2
KCA,41,90,2,600,1.10336,1
KCF,41,90,2,600,0.908828,1
KCRDK,41,90,2,600,0.134114,1
KCRDKL,41,90,2,600,0.140099,1
KCUl,41,90,2,600,0.091261,1
KCUe,41,90,2,600,0.371157,5
KCUD,41,90,2,600,0.098746,1
KCOG,41,90,2,600,0.130071,1
KCOGL,41,90,2,600,0.126692,1
BA,61,90,2,600,0.095099,2
BAN,61,90,2,600,0.068682,2
BAUl,61,90,2,600,0.068513,2
BAUe,61,90,2,600,0.239083,5
BAUD,61,90,2,600,0.07385,2
KCA,61,90,2,600,2.64363,1
KCF,61,90,2,600,2.18219,1
KCRDK,61,90,2,600,0.217754,1
KCRDKL,61,90,2,600,0.234664,1
KCUl,61,90,2,600,0.161138,1
KCUe,61,90,2,600,0.499466,4
KCUD,61,90,2,600,0.169178,1
KCOG,61,90,2,600,0.246777,1
KCOGL,61,90,2,600,0.226395,1
BA,81,90,2,600,0.223281,3
BAN,81,90,2,600,0.155324,3
BAUl,81,90,2,600,0.146603,3
BAUe,81,90,2,600,0.390425,6
BAUD,81,90,2,600,0.170578,3
KCA,81,90,2,600,4.91571,1
KCF,81,90,2,600,6.39677,1
KCRDK,81,90,2,600,0.634574,2
KCRDKL,81,90,2,600,0.628619,2
KCUl,81,90,2,600,0.422241,2
KCUe,81,90,2,600,0.961041,5
KCUD,81,90,2,600,0.433708,2
KCOG,81,90,2,600,0.613129,2
KCOGL,81,90,2,600,0.613826,2
BA,101,90,2,600,0.29603,3
BAN,101,90,2,600,0.19376,3
BAUl,101,90,2,600,0.182724,3
BAUe,101,90,2,600,0.356415,5
BAUD,101,90,2,600,0.214399,3
KCA,101,90,2,600,8.0727,1
KCF,101,90,2,600,6.66496,1
KCRDK,101,90,2,600,0.878147,2
KCRDKL,101,90,2,600,0.898937,2
KCUl,101,90,2,600,0.617104,2
KCUe,101,90,2,600,1.40111,5
KCUD,101,90,2,600,0.627275,2
KCOG,101,90,2,600,0.85972,2
KCOGL,101,90,2,600,0.858003,2
BA,1,90,2,600,0.116047,4
BAN,1,90,2,600,0.131882,4
BAUl,1,90,2,600,0.11475,4
BAUe,1,90,2,600,0.127963,4
BAUD,1,90,2,600,0.086605,3
KCA,1,90,2,600,0.030891,1
KCF,1,90,2,600,0.029298,1
KCRDK,1,90,2,600,0.050215,2
KCRDKL,1,90,2,600,0.048595,2
KCUl,1,90,2,600,0.055576,3
KCUe,1,90,2,600,0.080133,3
KCUD,1,90,2,600,0.046001,2
KCOG,1,90,2,600,0.046493,2
KCOGL,1,90,2,600,0.046031,2
BA,21,90,2,600,1.86976,15
BAN,21,90,2,600,2.11585,15
BAUl,21,90,2,600,1.85196,15
BAUe,21,90,2,600,0.865507,11
BAUD,21,90,2,600,2.05614,12
KCA,21,90,2,600,0.216391,1
KCF,21,90,2,600,0.187606,1
KCRDK,21,90,2,600,0.074243,1
KCRDKL,21,90,2,600,0.073303,1
KCUl,21,90,2,600,0.046141,1
KCUe,21,90,2,600,0.046797,1
KCUD,21,90,2,600,0.054444,1
KCOG,21,90,2,600,0.062207,1
KCOGL,21,90,2,600,0.059994,1
BA,41,90,2,600,1.50896,13
BAN,41,90,2,600,1.60248,13
BAUl,41,90,2,600,1.42375,13
BAUe,41,90,2,600,1.35308,12
BAUD,41,90,2,600,2.12757,12
KCA,41,90,2,600,0.5233,1
KCF,41,90,2,600,0.458055,1
KCRDK,41,90,2,600,0.146662,1
KCRDKL,41,90,2,600,0.151645,1
KCUl,41,90,2,600,0.092329,1
KCUe,41,90,2,600,0.096482,1
KCUD,41,90,2,600,0.098363,1
KCOG,41,90,2,600,0.131582,1
KCOGL,41,90,2,600,0.135831,1
BA,61,90,2,600,1.61685,13
BAN,61,90,2,600,1.61272,13
BAUl,61,90,2,600,1.43786,13
BAUe,61,90,2,600,1.38341,12
BAUD,61,90,2,600,1.73951,11
KCA,61,90,2,600,1.47885,1
KCF,61,90,2,600,1.2263,1
KCRDK,61,90,2,600,0.246358,1
KCRDKL,61,90,2,600,0.242119,1
KCUl,61,90,2,600,0.165074,1
KCUe,61,90,2,600,0.162403,1
KCUD,61,90,2,600,0.168443,1
KCOG,61,90,2,600,0.296303,1
KCOGL,61,90,2,600,0.263412,1
BA,81,90,2,600,2.71547,16
BAN,81,90,2,600,2.58777,16
BAUl,81,90,2,600,2.26607,16
BAUe,81,90,2,600,1.29436,11
BAUD,81,90,2,600,2.05358,11
KCA,81,90,2,600,1.90089,1
KCF,81,90,2,600,1.98043,1
KCRDK,81,90,2,600,0.37814,1
KCRDKL,81,90,2,600,0.363043,1
KCUl,81,90,2,600,0.255761,1
KCUe,81,90,2,600,0.255635,1
KCUD,81,90,2,600,0.261823,1
KCOG,81,90,2,600,0.342425,1
KCOGL,81,90,2,600,0.400018,1
BA,101,90,2,600,3.02837,16
BAN,101,90,2,600,1.81968,13
BAUl,101,90,2,600,2.41662,16
BAUe,101,90,2,600,1.50528,11
BAUD,101,90,2,600,2.25292,11
KCA,101,90,2,600,2.92981,1
KCF,101,90,2,600,2.81344,1
KCRDK,101,90,2,600,0.579515,1
KCRDKL,101,90,2,600,0.563783,1
KCUl,101,90,2,600,0.372521,1
KCUe,101,90,2,600,0.372535,1
KCUD,101,90,2,600,0.382558,1
KCOG,101,90,2,600,0.57984,1
KCOGL,101,90,2,600,0.579073,1
BA,1,90,2,600,0.111064,4
BAN,1,90,2,600,0.121383,4
BAUl,1,90,2,600,0.105091,4
BAUe,1,90,2,600,0.106501,4
BAUD,1,90,2,600,0.088547,3
KCA,1,90,2,600,0.03507,1
KCF,1,90,2,600,0.035713,1
KCRDK,1,90,2,600,0.047573,2
KCRDKL,1,90,2,600,0.081018,3
KCUl,1,90,2,600,0.058745,3
KCUe,1,90,2,600,0.077582,3
KCUD,1,90,2,600,0.053393,2
KCOG,1,90,2,600,0.053947,2
KCOGL,1,90,2,600,0.046377,2
BA,21,90,2,600,1.58659,12
BAN,21,90,2,600,2.15374,12
BAUl,21,90,2,600,1.57606,12
BAUe,21,90,2,600,1.73895,12
BAUD,21,90,2,600,2.3734,11
KCA,21,90,2,600,0.213987,1
KCF,21,90,2,600,0.220864,1
KCRDK,21,90,2,600,0.063079,1
KCRDKL,21,90,2,600,0.069336,1
KCUl,21,90,2,600,0.05575,1
KCUe,21,90,2,600,0.049341,1
KCUD,21,90,2,600,0.05758,1
KCOG,21,90,2,600,0.069155,1
KCOGL,21,90,2,600,0.069538,1
BA,41,90,2,600,2.49641,13
BAN,41,90,2,600,3.24259,15
BAUl,41,90,2,600,2.44206,13
BAUe,41,90,2,600,2.03652,12
BAUD,41,90,2,600,3.34375,13
KCA,41,90,2,600,0.579336,1
KCF,41,90,2,600,0.499875,1
KCRDK,41,90,2,600,0.139932,1
KCRDKL,41,90,2,600,0.137047,1
KCUl,41,90,2,600,0.096165,1
KCUe,41,90,2,600,0.093559,1
KCUD,41,90,2,600,0.107287,1
KCOG,41,90,2,600,0.139879,1
KCOGL,41,90,2,600,0.142604,1
BA,61,90,2,600,3.17493,14
BAN,61,90,2,600,3.14612,13
BAUl,61,90,2,600,2.79827,14
BAUe,61,90,2,600,2.77382,13
BAUD,61,90,2,600,2.77032,11
KCA,61,90,2,600,1.52033,1
KCF,61,90,2,600,1.21159,1
KCRDK,61,90,2,600,0.251806,1
KCRDKL,61,90,2,600,0.235584,1
KCUl,61,90,2,600,0.163122,1
KCUe,61,90,2,600,0.16394,1
KCUD,61,90,2,600,0.16661,1
KCOG,61,90,2,600,0.248774,1
KCOGL,61,90,2,600,0.255863,1
BA,81,90,2,600,3.40156,14
BAN,81,90,2,600,3.26236,14
BAUl,81,90,2,600,3.04936,14
BAUe,81,90,2,600,2.77021,13
BAUD,81,90,2,600,2.66603,11
KCA,81,90,2,600,2.27174,1
KCF,81,90,2,600,2.06456,1
KCRDK,81,90,2,600,0.398721,1
KCRDKL,81,90,2,600,0.351282,1
KCUl,81,90,2,600,0.257229,1
KCUe,81,90,2,600,0.256116,1
KCUD,81,90,2,600,0.265823,1
KCOG,81,90,2,600,0.394691,1
KCOGL,81,90,2,600,0.383741,1
BA,101,90,2,600,2.77188,12
BAN,101,90,2,600,2.48681,12
BAUl,101,90,2,600,2.33094,12
BAUe,101,90,2,600,2.92632,13
BAUD,101,90,2,600,4.7813,14
KCA,101,90,2,600,3.09327,1
KCF,101,90,2,600,3.45763,1
KCRDK,101,90,2,600,0.527919,1
KCRDKL,101,90,2,600,0.536062,1
KCUl,101,90,2,600,0.38155,1
KCUe,101,90,2,600,0.376785,1
KCUD,101,90,2,600,0.381014,1
KCOG,101,90,2,600,0.519238,1
KCOGL,101,90,2,600,0.521849,1
BA,1,90,2,600,0.035766,2
BAN,1,90,2,600,0.03801,2
BAUl,1,90,2,600,0.034631,2
BAUe,1,90,2,600,0.036651,2
BAUD,1,90,2,600,0.040797,2
KCA,1,90,2,600,0.033112,1
KCF,1,90,2,600,0.033247,1
KCRDK,1,90,2,600,0.02663,1
KCRDKL,1,90,2,600,0.030211,1
KCUl,1,90,2,600,0.027247,1
KCUe,1,90,2,600,0.036012,1
KCUD,1,90,2,600,0.042598,1
KCOG,1,90,2,600,0.030726,1
KCOGL,1,90,2,600,0.027659,1
BA,21,90,2,600,0.08377,3
BAN,21,90,2,600,0.093078,3
BAUl,21,90,2,600,0.073187,3
BAUe,21,90,2,600,0.860495,11
BAUD,21,90,2,600,0.104821,3
KCA,21,90,2,600,0.253774,1
KCF,21,90,2,600,0.225535,1
KCRDK,21,90,2,600,0.106195,2
KCRDKL,21,90,2,600,0.096817,2
KCUl,21,90,2,600,0.076705,2
KCUe,21,90,2,600,0.426104,10
KCUD,21,90,2,600,0.095192,2
KCOG,21,90,2,600,0.099403,2
KCOGL,21,90,2,600,0.103319,2
BA,41,90,2,600,0.117442,3
BAN,41,90,2,600,0.100133,3
BAUl,41,90,2,600,0.091164,3
BAUe,41,90,2,600,0.808787,10
BAUD,41,90,2,600,0.115921,3
KCA,41,90,2,600,1.31099,1
KCF,41,90,2,600,0.711992,1
KCRDK,41,90,2,600,0.221352,2
KCRDKL,41,90,2,600,0.225081,2
KCUl,41,90,2,600,0.14701,2
KCUe,41,90,2,600,0.745161,10
KCUD,41,90,2,600,0.173247,2
KCOG,41,90,2,600,0.208886,2
KCOGL,41,90,2,600,0.212162,2
BA,61,90,2,600,0.162581,3
BAN,61,90,2,600,0.118152,3
BAUl,61,90,2,600,0.112208,3
BAUe,61,90,2,600,0.887973,10
BAUD,61,90,2,600,0.143795,3
KCA,61,90,2,600,2.71782,1
KCF,61,90,2,600,2.42269,1
KCRDK,61,90,2,600,0.37581,2
KCRDKL,61,90,2,600,0.371994,2
KCUl,61,90,2,600,0.268451,2
KCUe,61,90,2,600,1.08545,9
KCUD,61,90,2,600,0.286295,2
KCOG,61,90,2,600,0.405363,2
KCOGL,61,90,2,600,0.386101,2
BA,81,90,2,600,0.220253,3
BAN,81,90,2,600,0.150378,3
BAUl,81,90,2,600,0.145466,3
BAUe,81,90,2,600,0.669699,8
BAUD,81,90,2,600,0.178171,3
KCA,81,90,2,600,3.60692,1
KCF,81,90,2,600,3.72775,1
KCRDK,81,90,2,600,0.583054,2
KCRDKL,81,90,2,600,0.633672,2
KCUl,81,90,2,600,0.423817,2
KCUe,81,90,2,600,1.31067,7
KCUD,81,90,2,600,0.437981,2
KCOG,81,90,2,600,0.629467,2
KCOGL,81,90,2,600,0.600778,2
BA,101,90,2,600,0.29414,3
BAN,101,90,2,600,0.192949,3
BAUl,101,90,2,600,0.180737,3
BAUe,101,90,2,600,0.932021,9
BAUD,101,90,2,600,0.203687,3
KCA,101,90,2,600,7.85181,1
KCF,101,90,2,600,6.29735,1
KCRDK,101,90,2,600,0.853845,2
KCRDKL,101,90,2,600,0.863375,2
KCUl,101,90,2,600,0.621908,2
KCUe,101,90,2,600,1.89196,7
KCUD,101,90,2,600,0.632831,2
KCOG,101,90,2,600,0.903395,2
KCOGL,101,90,2,600,0.849089,2
BA,1,90,2,600,0.064688,3
BAN,1,90,2,600,0.070732,3
BAUl,1,90,2,600,0.063115,3
BAUe,1,90,2,600,0.070294,3
BAUD,1,90,2,600,0.078944,3
KCA,1,90,2,600,0.029412,1
KCF,1,90,2,600,0.024087,1
KCRDK,1,90,2,600,0.025066,1
KCRDKL,1,90,2,600,0.029224,1
KCUl,1,90,2,600,0.021645,1
KCUe,1,90,2,600,0.020864,1
KCUD,1,90,2,600,0.024903,1
KCOG,1,90,2,600,0.029183,1
KCOGL,1,90,2,600,0.023184,1
BA,21,90,2,600,0.138806,4
BAN,21,90,2,600,0.125016,4
BAUl,21,90,2,600,0.110557,4
BAUe,21,90,2,600,0.814126,11
BAUD,21,90,2,600,0.111174,3
KCA,21,90,2,600,0.231731,1
KCF,21,90,2,600,0.195017,1
KCRDK,21,90,2,600,0.105301,2
KCRDKL,21,90,2,600,0.101454,2
KCUl,21,90,2,600,0.072035,2
KCUe,21,90,2,600,0.084785,2
KCUD,21,90,2,600,0.099278,2
KCOG,21,90,2,600,0.104386,2
KCOGL,21,90,2,600,0.107657,2
BA,41,90,2,600,0.158202,4
BAN,41,90,2,600,0.147283,4
BAUl,41,90,2,600,0.126697,4
BAUe,41,90,2,600,0.927417,11
BAUD,41,90,2,600,0.143953,3
KCA,41,90,2,600,0.984231,1
KCF,41,90,2,600,0.746216,1
KCRDK,41,90,2,600,0.2182,2
KCRDKL,41,90,2,600,0.203389,2
KCUl,41,90,2,600,0.146686,2
KCUe,41,90,2,600,0.54834,7
KCUD,41,90,2,600,0.175615,2
KCOG,41,90,2,600,0.21373,2
KCOGL,41,90,2,600,0.210704,2
BA,61,90,2,600,0.234789,4
BAN,61,90,2,600,0.19211,4
BAUl,61,90,2,600,0.175178,4
BAUe,61,90,2,600,0.87363,11
BAUD,61,90,2,600,0.165455,3
KCA,61,90,2,600,2.07296,1
KCF,61,90,2,600,1.73119,1
KCRDK,61,90,2,600,0.382103,2
KCRDKL,61,90,2,600,0.379147,2
KCUl,61,90,2,600,0.270583,2
KCUe,61,90,2,600,0.893673,7
KCUD,61,90,2,600,0.291642,2
KCOG,61,90,2,600,0.396725,2
KCOGL,61,90,2,600,0.367748,2
BA,81,90,2,600,0.319161,4
BAN,81,90,2,600,0.231543,4
BAUl,81,90,2,600,0.216813,4
BAUe,81,90,2,600,0.982762,11
BAUD,81,90,2,600,0.287738,4
KCA,81,90,2,600,2.22335,1
KCF,81,90,2,600,3.10846,1
KCRDK,81,90,2,600,0.574535,2
KCRDKL,81,90,2,600,0.57607,2
KCUl,81,90,2,600,0.420964,2
KCUe,81,90,2,600,1.35828,7
KCUD,81,90,2,600,0.429842,2
KCOG,81,90,2,600,0.619499,2
KCOGL,81,90,2,600,0.616681,2
BA,101,90,2,600,0.41224,4
BAN,101,90,2,600,0.27376,4
BAUl,101,90,2,600,0.258465,4
BAUe,101,90,2,600,1.16246,11
BAUD,101,90,2,600,0.317785,4
KCA,101,90,2,600,5.495,1
KCF,101,90,2,600,5.24019,1
KCRDK,101,90,2,600,0.907724,2
KCRDKL,101,90,2,600,0.851284,2
KCUl,101,90,2,600,0.618038,2
KCUe,101,90,2,600,1.95305,7
KCUD,101,90,2,600,0.6328,2
KCOG,101,90,2,600,0.914422,2
KCOGL,101,90,2,600,0.858514,2
