Gamma, tau, time_master_BA, time_subproblem_BA, time_master_KC, time_subproblem_KC, time_master_KCRDK, time_subproblem_KCRDK, time_master_KCU, time_subproblem_KCU, time_master_KCUD, time_subproblem_KCUD, time_master_KCHOG, time_subproblem_KCHOG
1,0,0.021577,0.000191,0.004034,0.00012,0.007769,0.000584,0.007772,0.000207,0.006164,0.000156,0.007737,0.00057
1,0,0.02068,0.000209,0.003612,0.000123,0.00734,0.000598,0.007337,0.000207,0.005682,0.000159,0.007376,0.000599
1,0,0.01098,0.000154,0.002728,0.000118,0.002687,0.000753,0.002722,0.000102,0.002686,0.000114,0.002695,0.001184
1,0,0.020874,0.000206,0.003774,0.000124,0.00784,0.001346,0.007802,0.000211,0.005957,0.000158,0.007878,0.001724
1,0,0.005348,0.000103,0.003904,0.000125,0.002697,0.000775,0.002672,0.000106,0.003466,0.000104,0.002719,0.00138
1,0,0.005111,0.000101,0.004025,0.000122,0.002768,0.00112,0.002737,0.000101,0.00369,0.000103,0.002757,0.002128
1,0,0.005743,0.000101,0.004084,0.000121,0.002721,0.000771,0.002675,0.0001,0.003769,0.000101,0.002684,0.001394
1,0,0.011178,0.000154,0.002387,0.000122,0.002346,0.000713,0.002343,0.000101,0.002333,0.000103,0.00233,0.001031
1,0,0.005357,0.000104,0.003816,0.000122,0.002553,0.000727,0.002514,0.000102,0.003092,0.000102,0.002537,0.001312
1,0,0.011908,0.000162,0.002719,0.000122,0.002667,0.000834,0.002661,0.000101,0.002652,0.000104,0.002682,0.001483
1,0,0.019942,0.000206,0.003434,0.000124,0.006835,0.001223,0.006807,0.000209,0.005536,0.000159,0.006811,0.00121
1,0,0.009922,0.000162,0.002797,0.000119,0.002759,0.000753,0.002758,0.000108,0.002758,0.000104,0.00275,0.001107
1,0,0.018866,0.000209,0.003538,0.000124,0.006956,0.000448,0.006928,0.000209,0.005656,0.000159,0.006953,0.000454
1,0,0.005035,0.000102,0.003872,0.000122,0.002738,0.000768,0.002696,0.00011,0.003502,0.000103,0.002771,0.001382
1,0,0.011106,0.000156,0.004866,0.000187,0.004072,0.001082,0.004028,0.000155,0.004933,0.000159,0.004103,0.001959
1,0,0.005721,0.000104,0.003841,0.000124,0.002552,0.000846,0.002524,0.000101,0.003084,0.000102,0.002547,0.001565
1,0,0.011608,0.000155,0.0052,0.000189,0.004535,0.000911,0.004487,0.000166,0.004928,0.00016,0.004515,0.000899
1,0,0.0213,0.000208,0.003485,0.000123,0.007199,0.000875,0.007178,0.000212,0.005502,0.000159,0.00719,0.000879
1,0,0.011704,0.000155,0.004908,0.000188,0.004177,0.000822,0.004135,0.000166,0.00493,0.000169,0.004195,0.000823
1,0,0.011351,0.000154,0.002722,0.000121,0.002691,0.000843,0.002677,0.000102,0.002655,0.000105,0.002676,0.001541
1,0,0.012483,0.000156,0.005076,0.000188,0.004337,0.00115,0.004317,0.000156,0.004857,0.000161,0.004361,0.001682
1,0,0.005311,0.000102,0.004013,0.000122,0.002721,0.000752,0.002671,0.000101,0.003509,0.000103,0.002714,0.001392
1,0,0.011633,0.000155,0.00282,0.00012,0.002775,0.000562,0.002784,0.0001,0.002746,0.000103,0.002752,0.00095
1,0,0.020109,0.000209,0.003528,0.000123,0.007438,0.000336,0.007446,0.000209,0.005707,0.000172,0.007442,0.000343
1,0,0.021231,0.000218,0.00386,0.000124,0.007148,0.001441,0.007137,0.00021,0.005868,0.000157,0.007185,0.002459
1,0,0.021218,0.000206,0.004937,0.000187,0.006604,0.002054,0.006553,0.00022,0.004893,0.000158,0.006544,0.003803
1,0,0.012202,0.000156,0.002547,0.000128,0.002517,0.000609,0.002521,0.000102,0.002514,0.000105,0.002516,0.000943
1,0,0.011941,0.000174,0.002454,0.000126,0.002422,0.001044,0.002409,0.0001,0.002408,0.000101,0.002404,0.001663
1,0,0.02062,0.000215,0.003713,0.000124,0.006067,0.002085,0.006051,0.000211,0.005739,0.000158,0.006095,0.003805
1,0,0.005262,0.000103,0.003896,0.000123,0.00254,0.000953,0.002515,0.000101,0.003205,0.000103,0.002536,0.001803
1,20,0.01903,0.000209,0.003855,0.000129,0.007727,0.000579,0.007743,0.000211,0.006188,0.000161,0.007718,0.000587
1,20,0.02055,0.000227,0.003591,0.000124,0.0073,0.000608,0.007287,0.000211,0.005625,0.00016,0.007342,0.000614
1,20,0.011107,0.000158,0.002726,0.000121,0.002679,0.000777,0.002679,0.000103,0.002692,0.000103,0.002701,0.001173
1,20,0.021131,0.000216,0.003734,0.000124,0.007824,0.001357,0.007764,0.000213,0.005922,0.000157,0.007775,0.001724
1,20,0.005358,0.000105,0.003902,0.000123,0.002679,0.000778,0.002668,0.000103,0.00347,0.000103,0.00269,0.001402
1,20,0.005093,0.000106,0.004014,0.000122,0.002739,0.001136,0.00274,0.000103,0.003711,0.000106,0.002773,0.002165
1,20,0.00573,0.000112,0.00409,0.000122,0.002733,0.00076,0.002665,0.000101,0.003739,0.000105,0.002687,0.001399
1,20,0.011222,0.000155,0.002398,0.000121,0.002342,0.000706,0.002342,0.00011,0.00234,0.000103,0.002349,0.001036
1,20,0.005355,0.000105,0.003803,0.000124,0.002525,0.000714,0.002484,0.000101,0.003075,0.000104,0.002512,0.00131
1,20,0.011863,0.000158,0.002837,0.000123,0.002679,0.000823,0.002696,0.000102,0.002681,0.000105,0.002642,0.001475
1,20,0.019862,0.000206,0.003425,0.000123,0.006818,0.001214,0.006854,0.000216,0.005526,0.00016,0.006789,0.001216
1,20,0.009811,0.000158,0.002761,0.000121,0.002745,0.000759,0.002753,0.000102,0.002705,0.000103,0.002725,0.001103
1,20,0.018734,0.000217,0.003514,0.000122,0.006954,0.000449,0.006937,0.000216,0.005585,0.000159,0.006949,0.000457
1,20,0.005022,0.000111,0.003868,0.00012,0.002771,0.000755,0.002732,0.000101,0.003457,0.000105,0.002736,0.001393
1,20,0.011096,0.000155,0.004827,0.000184,0.004046,0.001069,0.004009,0.00017,0.004922,0.000159,0.004059,0.001972
1,20,0.005719,0.000104,0.003843,0.000124,0.0026,0.000846,0.002511,0.000103,0.003097,0.000103,0.002539,0.001687
1,20,0.011596,0.000156,0.005121,0.000186,0.004536,0.000896,0.004516,0.000158,0.004932,0.000161,0.00453,0.000905
1,20,0.021404,0.000208,0.003467,0.000125,0.007199,0.000879,0.007236,0.00021,0.005596,0.00016,0.007279,0.000902
1,20,0.011675,0.000155,0.004862,0.000186,0.004148,0.000813,0.004122,0.000164,0.004909,0.000164,0.004206,0.000823
1,20,0.011499,0.000166,0.002728,0.000128,0.002654,0.000834,0.002652,0.000102,0.002648,0.000105,0.002707,0.001522
1,20,0.012481,0.000158,0.005053,0.000188,0.004347,0.001174,0.004309,0.000166,0.004817,0.000159,0.004342,0.001667
1,20,0.005275,0.000104,0.003992,0.000123,0.002728,0.000757,0.002706,0.000101,0.003519,0.000103,0.002731,0.001387
1,20,0.011535,0.000161,0.002792,0.00012,0.002788,0.000549,0.00279,0.000102,0.002778,0.000102,0.002763,0.000955
1,20,0.020077,0.000209,0.003529,0.000128,0.007412,0.00035,0.007455,0.000214,0.00579,0.00016,0.007442,0.000351
1,20,0.021046,0.000208,0.00374,0.000123,0.00717,0.001453,0.007094,0.000217,0.005895,0.000161,0.007151,0.002455
1,20,0.021099,0.000217,0.004901,0.000186,0.006532,0.002068,0.006528,0.000227,0.004868,0.000169,0.006774,0.003822
1,20,0.012096,0.000157,0.002565,0.000123,0.002506,0.000611,0.002527,0.000105,0.002514,0.000104,0.002504,0.00095
1,20,0.012018,0.000159,0.002444,0.000123,0.002424,0.001049,0.002425,0.000102,0.0024,0.000105,0.002414,0.001669
1,20,0.021027,0.000209,0.003695,0.000121,0.00605,0.002099,0.006078,0.000213,0.00575,0.00016,0.00607,0.003746
1,20,0.005258,0.000102,0.003926,0.000122,0.002547,0.00099,0.002514,0.000102,0.003234,0.000105,0.002539,0.001799
1,40,0.018197,0.000199,0.003102,9.9e-05,0.006212,0.000469,0.006245,0.000168,0.004954,0.000127,0.006214,0.000468
1,40,0.016465,0.000167,0.002885,0.0001,0.00586,0.000492,0.005869,0.000168,0.004561,0.00013,0.005899,0.000486
1,40,0.008848,0.000126,0.002189,0.000106,0.002168,0.000606,0.00216,8.2e-05,0.002145,8.3e-05,0.002254,0.000955
1,40,0.016769,0.000168,0.002984,9.9e-05,0.006248,0.001063,0.00624,0.000169,0.004761,0.000128,0.006218,0.001413
1,40,0.004277,8.3e-05,0.00312,0.0001,0.002154,0.000626,0.002156,8.2e-05,0.002795,8.3e-05,0.002169,0.001125
1,40,0.004098,8.2e-05,0.003237,9.7e-05,0.002189,0.000914,0.002204,8.3e-05,0.002995,8.3e-05,0.002194,0.001723
1,40,0.004618,8.2e-05,0.00328,9.9e-05,0.002152,0.000616,0.00213,8.2e-05,0.003036,8.3e-05,0.002167,0.001124
1,40,0.008977,0.000124,0.001916,9.8e-05,0.001894,0.000573,0.001883,8.2e-05,0.001874,8.3e-05,0.001875,0.00084
1,40,0.004301,9.1e-05,0.003076,0.000102,0.002044,0.000575,0.002015,8.3e-05,0.00248,8.4e-05,0.002028,0.001079
1,40,0.009512,0.000125,0.002177,9.9e-05,0.002146,0.000659,0.00217,8.3e-05,0.002167,8.4e-05,0.002161,0.001218
1,40,0.016029,0.000166,0.002814,9.8e-05,0.005457,0.000965,0.005438,0.000167,0.004412,0.000126,0.005446,0.000976
1,40,0.007897,0.000124,0.002204,9.8e-05,0.002165,0.000604,0.00218,8.2e-05,0.00216,8.4e-05,0.00217,0.000898
1,40,0.014987,0.000166,0.002834,0.0001,0.005578,0.00036,0.005599,0.000178,0.004514,0.000127,0.005608,0.000379
1,40,0.004026,8.2e-05,0.003116,9.9e-05,0.002198,0.000613,0.002205,8.2e-05,0.002751,8.5e-05,0.002205,0.001126
1,40,0.008954,0.000136,0.003911,0.00015,0.003288,0.000887,0.003277,0.000124,0.003938,0.000127,0.003283,0.001586
1,40,0.004592,8.3e-05,0.003092,9.9e-05,0.00206,0.000696,0.002028,8.1e-05,0.002497,8.4e-05,0.002047,0.001263
1,40,0.009292,0.000132,0.004165,0.000148,0.003685,0.000743,0.0037,0.000126,0.003987,0.000127,0.003634,0.000726
1,40,0.017063,0.000168,0.002835,0.0001,0.005836,0.000701,0.005758,0.000168,0.004462,0.000128,0.005797,0.000705
1,40,0.009397,0.000127,0.003957,0.000155,0.003354,0.000645,0.003345,0.000127,0.003982,0.000134,0.003379,0.00065
1,40,0.00913,0.000126,0.002187,0.00011,0.002158,0.000664,0.00215,9.2e-05,0.002125,8.4e-05,0.002132,0.001363
1,40,0.010032,0.000133,0.00402,0.000158,0.00349,0.000934,0.003786,0.000127,0.003879,0.000139,0.003493,0.001334
1,40,0.004222,8.3e-05,0.003232,9.9e-05,0.0022,0.000608,0.002142,8.2e-05,0.002798,8.9e-05,0.002195,0.001107
1,40,0.009253,0.000129,0.002241,0.000104,0.0022,0.000449,0.002255,8.2e-05,0.002241,8.3e-05,0.002237,0.00076
1,40,0.016064,0.000171,0.002832,0.0001,0.005955,0.000277,0.005958,0.000168,0.004586,0.000128,0.005987,0.000274
1,40,0.016875,0.000183,0.00301,0.000113,0.005745,0.001166,0.005848,0.000179,0.004743,0.000127,0.005739,0.002012
1,40,0.017088,0.000168,0.003929,0.000149,0.005237,0.00167,0.005226,0.000168,0.003928,0.000128,0.005242,0.003082
1,40,0.009746,0.000125,0.002086,9.8e-05,0.00203,0.00049,0.002023,8.1e-05,0.002015,8.2e-05,0.002019,0.00076
1,40,0.00969,0.000133,0.001966,9.7e-05,0.001933,0.000892,0.001947,8.1e-05,0.001923,8.3e-05,0.001948,0.001337
1,40,0.016491,0.000181,0.002973,9.9e-05,0.004853,0.001683,0.004842,0.000178,0.004665,0.00013,0.004887,0.002957
1,40,0.004233,8.3e-05,0.003124,9.8e-05,0.002041,0.000775,0.002023,8.1e-05,0.00257,8.3e-05,0.002035,0.001423
1,60,0.015284,0.000173,0.003151,0.000104,0.006231,0.000478,0.00624,0.000169,0.004989,0.000126,0.006224,0.000465
1,60,0.016435,0.000167,0.002952,0.0001,0.005851,0.000487,0.005869,0.000167,0.004585,0.00013,0.005855,0.000481
1,60,0.00884,0.000126,0.002192,9.7e-05,0.002153,0.000603,0.002159,8.1e-05,0.002161,9.2e-05,0.002181,0.000953
1,60,0.016831,0.000172,0.002988,0.0001,0.00624,0.001094,0.006211,0.000175,0.004767,0.000129,0.006309,0.001406
1,60,0.004275,8.4e-05,0.003131,9.8e-05,0.002152,0.000622,0.002155,8.2e-05,0.002827,8.3e-05,0.002179,0.001142
1,60,0.004127,8.2e-05,0.003224,9.7e-05,0.002223,0.000931,0.002178,8e-05,0.002989,8.2e-05,0.002204,0.001727
1,60,0.004594,8.3e-05,0.003302,9.7e-05,0.002151,0.000618,0.00215,8e-05,0.003039,8.3e-05,0.002156,0.001117
1,60,0.008993,0.000125,0.001922,9.7e-05,0.001886,0.00057,0.001884,8.2e-05,0.001877,8.3e-05,0.001881,0.00084
1,60,0.004309,8.5e-05,0.003083,0.000101,0.002021,0.00059,0.002,8.2e-05,0.002497,8.5e-05,0.002021,0.001045
1,60,0.00952,0.000124,0.002173,9.7e-05,0.002154,0.000658,0.002145,8.7e-05,0.002122,8.3e-05,0.002114,0.001189
1,60,0.016078,0.000167,0.002738,0.0001,0.00548,0.00097,0.005425,0.00018,0.004404,0.000128,0.005446,0.000985
1,60,0.007912,0.000124,0.002226,9.8e-05,0.002188,0.000599,0.00217,8e-05,0.002187,8.9e-05,0.002183,0.000911
1,60,0.015024,0.000166,0.00282,0.000105,0.005605,0.00037,0.005557,0.00017,0.004482,0.000128,0.005598,0.000374
1,60,0.004042,8.4e-05,0.003102,9.9e-05,0.002224,0.000619,0.002196,8.2e-05,0.002749,9e-05,0.002206,0.001133
1,60,0.008899,0.000126,0.003919,0.000151,0.003272,0.000888,0.003263,0.000127,0.004005,0.000127,0.003243,0.001581
1,60,0.00458,8.4e-05,0.003088,9.9e-05,0.002063,0.000687,0.002028,0.0001,0.002492,8.5e-05,0.002062,0.001278
1,60,0.009306,0.000125,0.004145,0.000156,0.003646,0.000726,0.003634,0.000126,0.003931,0.000128,0.003637,0.000727
1,60,0.017095,0.000167,0.002826,0.000101,0.005817,0.000719,0.005793,0.000177,0.004476,0.00013,0.005786,0.000724
1,60,0.009428,0.000126,0.003924,0.00015,0.003338,0.000656,0.003367,0.000132,0.00399,0.000137,0.003362,0.000669
1,60,0.009114,0.000124,0.002176,9.7e-05,0.002168,0.000663,0.002157,8.2e-05,0.002141,9.2e-05,0.002156,0.001247
1,60,0.01001,0.000125,0.004044,0.000149,0.003495,0.00095,0.003499,0.000133,0.003859,0.000134,0.003489,0.001348
1,60,0.004247,8.2e-05,0.003233,9.8e-05,0.002194,0.000614,0.002179,8e-05,0.002819,8.3e-05,0.002186,0.001114
1,60,0.00928,0.000132,0.002262,9.8e-05,0.002233,0.000447,0.002232,8.2e-05,0.002529,8.4e-05,0.002248,0.000769
1,60,0.016119,0.000174,0.002826,0.000108,0.005956,0.000272,0.005951,0.00017,0.004555,0.000141,0.005959,0.000273
1,60,0.016797,0.000168,0.003013,0.0001,0.005756,0.001169,0.005751,0.00017,0.004715,0.000129,0.005875,0.001994
1,60,0.017013,0.000169,0.003932,0.000151,0.005305,0.001635,0.005291,0.000171,0.003943,0.000129,0.005278,0.003055
1,60,0.00972,0.000132,0.002047,9.7e-05,0.002018,0.000476,0.002013,7.9e-05,0.002008,8.1e-05,0.002004,0.00076
1,60,0.009642,0.000127,0.001977,9.8e-05,0.001963,0.000841,0.001943,8.2e-05,0.001941,8.4e-05,0.001946,0.001322
1,60,0.016444,0.000168,0.002965,0.000104,0.004865,0.001674,0.004858,0.000171,0.004737,0.000128,0.004869,0.003006
1,60,0.004334,8.3e-05,0.003136,0.000107,0.002047,0.000764,0.002028,9e-05,0.002568,8.3e-05,0.002025,0.001447
1,80,0.015257,0.000165,0.003113,0.0001,0.006307,0.000471,0.006265,0.000169,0.004945,0.000129,0.006217,0.000468
1,80,0.016448,0.000167,0.002928,9.9e-05,0.005885,0.000489,0.005855,0.000175,0.004533,0.000128,0.005894,0.000486
1,80,0.008888,0.000125,0.002184,0.000105,0.002158,0.00061,0.002152,8.1e-05,0.002139,8.3e-05,0.002137,0.000944
1,80,0.01675,0.000175,0.002999,9.9e-05,0.006285,0.001071,0.006228,0.000169,0.004828,0.000128,0.006249,0.001406
1,80,0.004278,8.1e-05,0.003126,9.9e-05,0.002151,0.000603,0.002133,8.2e-05,0.002797,8.2e-05,0.002164,0.001113
1,80,0.004233,8.9e-05,0.003218,9.8e-05,0.002211,0.00091,0.002187,8.2e-05,0.002971,8.4e-05,0.002222,0.001759
1,80,0.004581,8.4e-05,0.003292,9.8e-05,0.00219,0.00063,0.002138,8.1e-05,0.003012,8.4e-05,0.002162,0.001106
1,80,0.009006,0.000125,0.001915,9.8e-05,0.001886,0.000576,0.001879,8.2e-05,0.001862,8.3e-05,0.001873,0.000841
1,80,0.004322,8.5e-05,0.003065,9.8e-05,0.00202,0.000577,0.002001,9e-05,0.002478,8.4e-05,0.002011,0.001057
1,80,0.009531,0.000126,0.002146,9.8e-05,0.002165,0.000654,0.002137,8.2e-05,0.002142,8.4e-05,0.002143,0.001198
1,80,0.016126,0.000173,0.002761,9.9e-05,0.005484,0.000987,0.005454,0.00017,0.004437,0.000129,0.00546,0.000979
1,80,0.00793,0.000126,0.002233,9.6e-05,0.002208,0.000603,0.002215,8.2e-05,0.002202,8.2e-05,0.00222,0.000893
1,80,0.01505,0.000176,0.002841,0.0001,0.005574,0.000372,0.005592,0.000169,0.00457,0.000129,0.005579,0.000373
1,80,0.004045,8.3e-05,0.003122,9.8e-05,0.002224,0.000616,0.002202,8.3e-05,0.002765,9.1e-05,0.002219,0.00112
1,80,0.00889,0.000127,0.003887,0.000148,0.003267,0.00087,0.003233,0.000126,0.003955,0.000127,0.003286,0.001562
1,80,0.004558,8.4e-05,0.003087,0.000101,0.002066,0.000693,0.002039,8.2e-05,0.002491,8.4e-05,0.002054,0.001274
1,80,0.009269,0.000125,0.004164,0.000151,0.003638,0.000719,0.003636,0.000126,0.003948,0.000128,0.003637,0.000731
1,80,0.017134,0.000173,0.002807,0.000101,0.005811,0.000701,0.005816,0.00017,0.004494,0.000129,0.005787,0.000714
1,80,0.009417,0.000127,0.003936,0.00016,0.003388,0.000651,0.003322,0.000124,0.003965,0.000136,0.003377,0.00065
1,80,0.009078,0.000125,0.002183,9.8e-05,0.002171,0.00067,0.002158,8.3e-05,0.00215,8.4e-05,0.00215,0.001244
1,80,0.010044,0.000126,0.004055,0.00016,0.003509,0.000956,0.003471,0.000134,0.003876,0.00013,0.003493,0.00139
1,80,0.004228,0.000102,0.003249,9.8e-05,0.002204,0.000609,0.002166,8.1e-05,0.002819,8.3e-05,0.002186,0.001131
1,80,0.00929,0.000126,0.002279,9.8e-05,0.002228,0.000455,0.002237,8.1e-05,0.002226,8.3e-05,0.002203,0.000767
1,80,0.01618,0.000168,0.002837,0.0001,0.005985,0.000277,0.005947,0.000167,0.004562,0.000127,0.005942,0.000277
1,80,0.016846,0.000191,0.003011,0.000106,0.005706,0.001161,0.005739,0.000171,0.004804,0.000128,0.006389,0.00196
1,80,0.017082,0.000167,0.003947,0.00015,0.005542,0.001651,0.005263,0.000169,0.003911,0.00013,0.005245,0.003086
1,80,0.009775,0.000128,0.002057,9.8e-05,0.002022,0.000489,0.002012,7.9e-05,0.002003,8.2e-05,0.002008,0.000761
1,80,0.009645,0.000126,0.001981,9.7e-05,0.001963,0.000844,0.001949,8.2e-05,0.001923,8.4e-05,0.001939,0.001331
1,80,0.016529,0.000176,0.002958,9.9e-05,0.004878,0.001675,0.004847,0.000173,0.004625,0.000129,0.004871,0.002993
1,80,0.004215,9e-05,0.003118,9.9e-05,0.002049,0.000779,0.002036,8.2e-05,0.002577,8.3e-05,0.002042,0.001424
1,100,0.015362,0.000168,0.003102,9.9e-05,0.006229,0.000432,0.006226,0.000166,0.005003,0.000129,0.00624,0.000432
1,100,0.016403,0.000168,0.002935,9.8e-05,0.005896,0.000446,0.005904,0.000171,0.004546,0.000129,0.005855,0.000454
1,100,0.008852,0.000126,0.002196,0.000105,0.002167,0.00054,0.002197,8.2e-05,0.002174,8.3e-05,0.002162,0.000791
1,100,0.01681,0.000176,0.003007,9.9e-05,0.006296,0.001036,0.006277,0.000177,0.004834,0.00013,0.006251,0.00134
1,100,0.00427,8.4e-05,0.003127,9.8e-05,0.002184,0.000645,0.002171,8.2e-05,0.002795,8.3e-05,0.002168,0.001122
1,100,0.004086,8.2e-05,0.003235,9.7e-05,0.002187,0.000913,0.002179,8.8e-05,0.002973,8.3e-05,0.002225,0.00173
1,100,0.00459,8.3e-05,0.003271,9.7e-05,0.002177,0.000613,0.00212,8e-05,0.00302,8.3e-05,0.002172,0.001127
1,100,0.008957,0.000124,0.001917,9.6e-05,0.001891,0.000476,0.001873,8e-05,0.001868,8.2e-05,0.001882,0.000753
1,100,0.004297,8.4e-05,0.003059,0.000105,0.002031,0.000573,0.002013,8e-05,0.002461,8.3e-05,0.002019,0.001051
1,100,0.009557,0.000126,0.002152,9.7e-05,0.002121,0.000654,0.002186,9.1e-05,0.002153,8.4e-05,0.002139,0.001183
1,100,0.016009,0.000165,0.002754,9.6e-05,0.00547,0.000897,0.005449,0.000171,0.00444,0.00013,0.005465,0.000894
1,100,0.00794,0.000125,0.00221,9.8e-05,0.002194,0.000506,0.002196,8.2e-05,0.00218,8.4e-05,0.0022,0.000813
1,100,0.014992,0.000168,0.002828,9.7e-05,0.005578,0.000347,0.005595,0.000173,0.004497,0.000128,0.005589,0.000352
1,100,0.00401,8.4e-05,0.003105,0.000101,0.002223,0.00062,0.0022,8.1e-05,0.00278,8.3e-05,0.002219,0.00113
1,100,0.008902,0.000127,0.003886,0.00015,0.003253,0.000849,0.003248,0.000135,0.003947,0.000128,0.003262,0.001559
1,100,0.00457,9.2e-05,0.003095,0.0001,0.00205,0.000684,0.00202,8.1e-05,0.002499,8.4e-05,0.002046,0.001267
1,100,0.009288,0.000126,0.004128,0.000148,0.003672,0.000624,0.003636,0.000127,0.003968,0.000128,0.003706,0.000632
1,100,0.017166,0.000169,0.002831,9.8e-05,0.005823,0.000639,0.005803,0.00017,0.004499,0.000129,0.005841,0.000643
1,100,0.009433,0.000127,0.003929,0.00015,0.003363,0.000564,0.00334,0.000126,0.003968,0.000129,0.003326,0.000566
1,100,0.009184,0.000125,0.002157,9.8e-05,0.002136,0.000681,0.002145,8.2e-05,0.002151,8.4e-05,0.002148,0.001236
1,100,0.01008,0.000126,0.004058,0.000149,0.00351,0.000857,0.003471,0.000133,0.003879,0.00013,0.003504,0.001166
1,100,0.004225,8.4e-05,0.003247,9.9e-05,0.00219,0.00061,0.002178,9.2e-05,0.002834,8.4e-05,0.002204,0.001104
1,100,0.009277,0.000142,0.002287,9.8e-05,0.002241,0.000435,0.002228,8.3e-05,0.002216,8.4e-05,0.002226,0.000746
1,100,0.016131,0.000176,0.002879,0.000105,0.005989,0.000256,0.005963,0.000178,0.004572,0.00013,0.005955,0.000257
1,100,0.016807,0.00017,0.00301,9.8e-05,0.005744,0.001177,0.005731,0.000174,0.004775,0.000129,0.005745,0.002006
1,100,0.017025,0.000167,0.003947,0.000146,0.005322,0.001681,0.0053,0.000168,0.003916,0.00013,0.005271,0.003377
1,100,0.009734,0.000126,0.002055,9.9e-05,0.002017,0.000443,0.002018,8.2e-05,0.002002,8.4e-05,0.002001,0.000726
1,100,0.009642,0.000126,0.001982,9.8e-05,0.001961,0.000737,0.001935,8.2e-05,0.001934,8.4e-05,0.001933,0.001131
1,100,0.0166,0.000177,0.002961,9.8e-05,0.004881,0.001681,0.004865,0.00017,0.004616,0.000128,0.004912,0.002953
1,100,0.004571,8.7e-05,0.003154,9.9e-05,0.002071,0.000776,0.00203,8.3e-05,0.002571,8.3e-05,0.002039,0.001426
11,0,0.173191,0.006846,0.012165,0.001288,0.003983,0.002954,0.003908,0.00121,0.004403,0.001226,0.003846,0.00465
11,0,0.113356,0.005688,0.020586,0.001291,0.003717,0.002924,0.003732,0.001192,0.004672,0.001214,0.003685,0.004544
11,0,0.009393,0.001809,0.02082,0.001226,0.003236,0.001791,0.003253,0.001292,0.004028,0.001293,0.00323,0.002316
11,0,0.192538,0.006811,0.011,0.001273,0.003958,0.003059,0.003949,0.001214,0.004445,0.001217,0.003988,0.004047
11,0,0.00445,0.001113,0.021311,0.001271,0.003252,0.001804,0.003216,0.001214,0.004159,0.001184,0.003249,0.002299
11,0,0.004201,0.001103,0.022263,0.001282,0.003271,0.0021,0.003247,0.001207,0.004227,0.001203,0.003303,0.002937
11,0,0.004613,0.001113,0.024043,0.001281,0.003343,0.001801,0.00332,0.001202,0.004162,0.001222,0.00333,0.002332
11,0,0.016825,0.002216,0.02146,0.001271,0.005136,0.002798,0.005574,0.001853,0.006539,0.001872,0.004848,0.003833
11,0,0.004461,0.001118,0.022278,0.001285,0.003131,0.001793,0.002944,0.001199,0.003521,0.001219,0.003084,0.002285
11,0,0.009886,0.001676,0.017584,0.001295,0.00326,0.001856,0.003239,0.001209,0.003841,0.00122,0.003233,0.002584
11,0,0.119802,0.005561,0.011422,0.001275,0.003712,0.002909,0.003669,0.001206,0.00444,0.001218,0.003524,0.004069
11,0,0.014547,0.002207,0.01631,0.001292,0.005271,0.002784,0.005211,0.001862,0.007373,0.002049,0.005092,0.003745
11,0,0.080978,0.004989,0.013201,0.001306,0.003731,0.002873,0.003687,0.001218,0.00464,0.001214,0.003698,0.004518
11,0,0.004202,0.001117,0.019657,0.001458,0.003298,0.001964,0.003219,0.001213,0.00394,0.001216,0.003086,0.002339
11,0,0.446994,0.009506,0.00947,0.001299,0.006761,0.003738,0.006655,0.001873,0.004481,0.00115,0.006636,0.0057
11,0,0.004696,0.001263,0.024894,0.001277,0.003119,0.00189,0.003097,0.001207,0.003355,0.001227,0.003214,0.002535
11,0,0.115983,0.005547,0.010908,0.00129,0.003668,0.003093,0.003796,0.001219,0.004481,0.001221,0.003787,0.003979
11,0,0.119439,0.005544,0.015129,0.001289,0.003721,0.003032,0.003745,0.001204,0.004393,0.001218,0.003741,0.003963
11,0,0.119248,0.005574,0.0093,0.001268,0.003713,0.00298,0.003718,0.001226,0.004358,0.001218,0.003753,0.003925
11,0,0.016316,0.002208,0.020503,0.001287,0.005342,0.002855,0.005252,0.001881,0.007582,0.001876,0.005237,0.003668
11,0,0.194586,0.007014,0.007736,0.001275,0.003763,0.002606,0.003626,0.001208,0.00424,0.001222,0.003804,0.003521
11,0,0.004434,0.001123,0.023313,0.001278,0.003254,0.001777,0.003224,0.001216,0.004362,0.001222,0.003212,0.002338
11,0,0.00983,0.001657,0.019708,0.001275,0.003308,0.00192,0.003118,0.001219,0.003741,0.001221,0.003132,0.002575
11,0,0.069667,0.00445,0.017832,0.001281,0.003684,0.002869,0.00378,0.001219,0.004358,0.001189,0.003678,0.004579
11,0,0.243754,0.007207,0.010227,0.00128,0.003774,0.002135,0.003578,0.001212,0.0044,0.001215,0.003801,0.002855
11,0,0.352001,0.00898,0.010316,0.001277,0.006651,0.003727,0.0065,0.001787,0.003918,0.001199,0.006437,0.005365
11,0,0.010312,0.001645,0.023699,0.001261,0.00321,0.001928,0.003579,0.001202,0.003548,0.001232,0.00305,0.002425
11,0,0.017725,0.002201,0.021687,0.001289,0.004986,0.003071,0.004728,0.001877,0.006507,0.001902,0.004963,0.00421
11,0,0.23479,0.007212,0.007281,0.00126,0.003948,0.002298,0.003931,0.001219,0.004402,0.001228,0.003921,0.003116
11,0,0.016331,0.002224,0.023899,0.001351,0.006814,0.004089,0.006751,0.002483,0.005823,0.001874,0.006686,0.005379
11,20,0.169267,0.006645,0.011905,0.001285,0.003863,0.002943,0.003867,0.001219,0.004236,0.001226,0.003914,0.004482
11,20,0.112245,0.005556,0.018953,0.001267,0.003692,0.003097,0.003669,0.001324,0.004721,0.001208,0.00368,0.004509
11,20,0.009393,0.001672,0.018499,0.001277,0.003074,0.001949,0.003224,0.001194,0.004006,0.001215,0.003243,0.002339
11,20,0.19277,0.006979,0.01069,0.001293,0.003794,0.003063,0.003953,0.001213,0.004325,0.001218,0.003815,0.004078
11,20,0.004477,0.001099,0.027685,0.001201,0.003182,0.001745,0.003217,0.001235,0.004015,0.001213,0.003341,0.002238
11,20,0.004212,0.001111,0.020821,0.001295,0.003112,0.002114,0.003262,0.00123,0.004222,0.001231,0.003246,0.002962
11,20,0.004623,0.0011,0.021867,0.001288,0.003186,0.001804,0.003032,0.001215,0.004115,0.001211,0.003046,0.002319
11,20,0.016756,0.002226,0.020376,0.001302,0.004927,0.002817,0.004834,0.001871,0.006609,0.001871,0.00472,0.003655
11,20,0.004445,0.001106,0.021397,0.001306,0.002942,0.001785,0.003229,0.00122,0.003434,0.001224,0.003348,0.002305
11,20,0.00991,0.001683,0.017429,0.001304,0.003266,0.00186,0.003174,0.001202,0.003695,0.001238,0.003273,0.002431
11,20,0.120711,0.005606,0.013138,0.001261,0.003678,0.002915,0.003501,0.001219,0.004302,0.001211,0.003681,0.004053
11,20,0.014511,0.002221,0.022058,0.001281,0.005206,0.003052,0.005204,0.002046,0.006897,0.001872,0.005239,0.003741
11,20,0.080883,0.005345,0.014977,0.001304,0.003755,0.00285,0.003546,0.00121,0.004644,0.001233,0.003727,0.004523
11,20,0.004227,0.001117,0.023188,0.001299,0.003295,0.001835,0.003223,0.001216,0.003944,0.001229,0.003254,0.002338
11,20,0.454507,0.010006,0.009797,0.001304,0.006396,0.003903,0.00652,0.002022,0.004454,0.001215,0.006663,0.005738
11,20,0.0047,0.001105,0.028501,0.001291,0.002986,0.001903,0.003191,0.001218,0.003415,0.001216,0.003103,0.002506
11,20,0.116246,0.005556,0.010888,0.001279,0.003761,0.002997,0.003792,0.001211,0.00433,0.001217,0.003781,0.004026
11,20,0.119188,0.005512,0.015988,0.00129,0.003579,0.003054,0.003698,0.00121,0.004432,0.001187,0.003706,0.003997
11,20,0.120019,0.00556,0.009187,0.001273,0.003741,0.003002,0.003734,0.001218,0.004327,0.001215,0.003719,0.004257
11,20,0.016377,0.002218,0.022549,0.001273,0.005252,0.002832,0.005281,0.001859,0.007291,0.001884,0.005478,0.003873
11,20,0.194565,0.006842,0.007945,0.001281,0.003787,0.002626,0.003751,0.00121,0.004224,0.00123,0.00378,0.00355
11,20,0.004469,0.00112,0.020564,0.001308,0.003085,0.001825,0.003206,0.001243,0.003991,0.001317,0.003214,0.002328
11,20,0.009642,0.001692,0.01822,0.001308,0.003242,0.00192,0.003293,0.001221,0.003941,0.001226,0.00332,0.002598
11,20,0.069869,0.004467,0.015994,0.001289,0.00369,0.002824,0.003665,0.001215,0.004347,0.001216,0.003536,0.004552
11,20,0.244948,0.007203,0.010328,0.0013,0.003809,0.00215,0.00378,0.001217,0.004325,0.001216,0.003757,0.003008
11,20,0.352995,0.008357,0.010358,0.00127,0.006452,0.0037,0.006577,0.001879,0.004084,0.001221,0.006562,0.00535
11,20,0.010312,0.001662,0.021077,0.001285,0.003154,0.001856,0.003199,0.001154,0.00365,0.001215,0.00312,0.002425
11,20,0.017763,0.002224,0.024157,0.001273,0.004853,0.003138,0.004982,0.001879,0.006336,0.001882,0.004955,0.004179
11,20,0.233147,0.007231,0.007261,0.001272,0.003909,0.002382,0.003893,0.001221,0.004361,0.001223,0.003913,0.00302
11,20,0.016024,0.002213,0.021138,0.001299,0.006585,0.003872,0.006625,0.002529,0.005995,0.001851,0.006783,0.005156
11,40,0.16881,0.007153,0.01154,0.001295,0.003879,0.002954,0.003888,0.001216,0.004235,0.001229,0.003885,0.004498
11,40,0.113117,0.005525,0.015393,0.001295,0.003542,0.002921,0.003764,0.001205,0.004567,0.00123,0.003731,0.004425
11,40,0.009391,0.001662,0.019798,0.00138,0.003344,0.001823,0.003251,0.001237,0.004017,0.001233,0.003252,0.00232
11,40,0.193194,0.006641,0.010973,0.001287,0.003958,0.003074,0.003945,0.001203,0.004461,0.001228,0.003948,0.004151
11,40,0.004496,0.001106,0.025655,0.001266,0.003234,0.001821,0.003209,0.001225,0.00402,0.001224,0.003228,0.00236
11,40,0.004212,0.001108,0.021907,0.001275,0.003348,0.002026,0.003267,0.001209,0.004221,0.001204,0.003268,0.002943
11,40,0.004572,0.0011,0.020129,0.001291,0.003239,0.001822,0.003208,0.001215,0.004112,0.001213,0.003203,0.002321
11,40,0.016749,0.002219,0.019041,0.001246,0.00486,0.002967,0.00486,0.001871,0.006651,0.002036,0.00484,0.003605
11,40,0.004482,0.001108,0.021612,0.001289,0.003096,0.001791,0.003075,0.001212,0.003568,0.001216,0.003079,0.002287
11,40,0.009724,0.001823,0.016455,0.001298,0.003239,0.001851,0.003252,0.00119,0.003843,0.00122,0.003246,0.002413
11,40,0.120393,0.005713,0.01194,0.001291,0.003667,0.002894,0.003662,0.001209,0.00447,0.001228,0.003553,0.004022
11,40,0.014532,0.002208,0.019785,0.001305,0.005353,0.002979,0.00521,0.001869,0.00704,0.001884,0.00534,0.003675
11,40,0.080531,0.004981,0.014455,0.001299,0.003754,0.002879,0.003707,0.0012,0.004637,0.001213,0.003709,0.004609
11,40,0.004222,0.001101,0.020264,0.001229,0.003277,0.001805,0.003253,0.001212,0.003797,0.001216,0.003228,0.002324
11,40,0.442762,0.00966,0.009497,0.001263,0.006434,0.003951,0.006755,0.001881,0.004487,0.001222,0.006697,0.005794
11,40,0.004708,0.001112,0.02564,0.001297,0.003139,0.001888,0.002965,0.001206,0.003416,0.001223,0.003128,0.002478
11,40,0.11639,0.005571,0.010857,0.001271,0.00381,0.002989,0.003802,0.001205,0.004468,0.001206,0.003802,0.004059
11,40,0.119418,0.005731,0.014864,0.001291,0.003736,0.003055,0.003555,0.00122,0.004405,0.001301,0.003708,0.004124
11,40,0.119638,0.005521,0.009308,0.001253,0.003746,0.002993,0.00374,0.001197,0.004353,0.001202,0.003765,0.003988
11,40,0.016316,0.002221,0.020577,0.00129,0.005429,0.002922,0.00528,0.001828,0.007579,0.001873,0.005285,0.003692
11,40,0.194196,0.006675,0.007987,0.001289,0.003785,0.002778,0.003756,0.001214,0.004267,0.001215,0.00377,0.00354
11,40,0.004448,0.001105,0.021794,0.00132,0.003238,0.001812,0.00322,0.001207,0.003993,0.001213,0.003213,0.002336
11,40,0.009722,0.001675,0.018481,0.001289,0.003127,0.00191,0.00324,0.001224,0.003989,0.001392,0.00329,0.002583
11,40,0.070175,0.004492,0.017305,0.001291,0.003679,0.002843,0.003704,0.001222,0.004303,0.001219,0.003711,0.004556
11,40,0.242536,0.007198,0.010107,0.00129,0.003737,0.00213,0.003555,0.001207,0.004289,0.001215,0.003696,0.002803
11,40,0.351279,0.008338,0.009918,0.001264,0.006586,0.00368,0.006562,0.001876,0.003906,0.001225,0.006287,0.005296
11,40,0.010265,0.001663,0.025996,0.001282,0.003125,0.001851,0.003128,0.001194,0.003554,0.001214,0.003109,0.00241
11,40,0.017737,0.002215,0.022649,0.00128,0.004898,0.003093,0.004878,0.00187,0.006334,0.001882,0.004876,0.004385
11,40,0.232753,0.007226,0.007101,0.001275,0.003909,0.002295,0.003891,0.001215,0.004329,0.001229,0.003892,0.00307
11,40,0.016074,0.002214,0.019245,0.001289,0.006679,0.003898,0.006699,0.002523,0.005986,0.001876,0.006649,0.005356
11,60,0.168645,0.006713,0.013767,0.001279,0.003696,0.002955,0.003866,0.001208,0.004217,0.001216,0.003924,0.004432
11,60,0.112784,0.005537,0.014917,0.001291,0.00374,0.002927,0.003674,0.001211,0.00473,0.001202,0.003684,0.004433
11,60,0.00941,0.001681,0.018586,0.00127,0.00323,0.001784,0.003268,0.001172,0.004003,0.001215,0.003247,0.002313
11,60,0.192795,0.006696,0.01062,0.001262,0.003915,0.003035,0.003945,0.00121,0.004467,0.001219,0.003964,0.004022
11,60,0.004449,0.001114,0.018919,0.001298,0.003223,0.001807,0.003181,0.001213,0.003993,0.001224,0.003207,0.00234
11,60,0.004223,0.001097,0.019894,0.001261,0.003353,0.002032,0.00323,0.001211,0.004219,0.001226,0.003262,0.003008
11,60,0.004604,0.001104,0.024589,0.001293,0.003245,0.001784,0.003229,0.001213,0.004104,0.001221,0.00323,0.002291
11,60,0.016767,0.002223,0.020802,0.001294,0.00493,0.002737,0.004848,0.001854,0.006612,0.001883,0.004695,0.003804
11,60,0.00447,0.001118,0.022591,0.001291,0.003097,0.001785,0.003061,0.001219,0.003579,0.001215,0.003022,0.002249
11,60,0.009889,0.001674,0.015851,0.00129,0.003266,0.001848,0.003302,0.001158,0.003842,0.001186,0.003237,0.002393
11,60,0.119928,0.005566,0.013659,0.001294,0.003723,0.00293,0.003679,0.001212,0.004474,0.001219,0.003617,0.004073
11,60,0.014544,0.002217,0.018343,0.00128,0.005272,0.00281,0.005201,0.001876,0.007127,0.001871,0.005239,0.003751
11,60,0.080394,0.005185,0.012693,0.001294,0.003701,0.002886,0.003711,0.001227,0.004618,0.001223,0.00371,0.004544
11,60,0.004237,0.001138,0.019993,0.001225,0.003257,0.001799,0.003234,0.001217,0.003778,0.001225,0.003265,0.002316
11,60,0.441263,0.009633,0.009543,0.001432,0.006742,0.003868,0.00679,0.001885,0.004508,0.001217,0.00671,0.005716
11,60,0.004706,0.001119,0.023943,0.00126,0.003123,0.002062,0.003104,0.001374,0.003601,0.001223,0.003105,0.002494
11,60,0.115663,0.005578,0.010892,0.001307,0.003793,0.002973,0.003786,0.001218,0.004444,0.001217,0.003825,0.003979
11,60,0.119435,0.005691,0.014836,0.001279,0.003748,0.003038,0.003702,0.001214,0.004414,0.001223,0.003712,0.003965
11,60,0.119568,0.005591,0.011001,0.001363,0.00374,0.002963,0.003734,0.00122,0.004355,0.001214,0.003774,0.003976
11,60,0.016275,0.002209,0.018249,0.001299,0.005161,0.002777,0.005272,0.002029,0.007564,0.001884,0.005261,0.003839
11,60,0.193603,0.00685,0.007915,0.001277,0.003763,0.002623,0.003848,0.001155,0.004286,0.001209,0.003791,0.00353
11,60,0.004461,0.001109,0.019088,0.00128,0.003257,0.0018,0.003191,0.001221,0.00398,0.001221,0.00323,0.002324
11,60,0.009492,0.001834,0.018168,0.00129,0.003396,0.002005,0.00331,0.00121,0.003959,0.001209,0.003305,0.002628
11,60,0.070304,0.004585,0.017446,0.001294,0.003697,0.002878,0.003575,0.001216,0.004313,0.001332,0.003555,0.004611
11,60,0.242108,0.007187,0.010248,0.001302,0.003551,0.00215,0.003701,0.001214,0.004274,0.001388,0.003755,0.002813
11,60,0.350753,0.008473,0.010115,0.001334,0.006568,0.003715,0.006609,0.001859,0.004077,0.001221,0.006614,0.005339
11,60,0.01031,0.0017,0.021511,0.001294,0.003148,0.001882,0.003148,0.001209,0.003534,0.001222,0.003117,0.002431
11,60,0.017763,0.002248,0.021747,0.001307,0.004961,0.003328,0.004745,0.002008,0.006205,0.001906,0.00461,0.004402
11,60,0.232594,0.007278,0.007112,0.001301,0.003759,0.002299,0.003939,0.00121,0.004364,0.00122,0.003937,0.003078
11,60,0.016036,0.002226,0.022789,0.001261,0.006743,0.003898,0.00655,0.002566,0.006025,0.001888,0.006712,0.005438
11,80,0.168663,0.006709,0.013045,0.001292,0.003871,0.002984,0.003848,0.00122,0.004266,0.001222,0.003715,0.00469
11,80,0.112754,0.005701,0.016193,0.001456,0.003593,0.002974,0.003549,0.001216,0.004703,0.001217,0.003566,0.004422
11,80,0.009384,0.001666,0.018326,0.001264,0.003235,0.0018,0.003249,0.001212,0.004011,0.001215,0.003252,0.002304
11,80,0.191988,0.006789,0.010606,0.001282,0.004012,0.00305,0.003954,0.001222,0.004474,0.001228,0.003952,0.004064
11,80,0.004428,0.001122,0.021618,0.001296,0.003228,0.001819,0.003058,0.001212,0.003986,0.001218,0.003224,0.002338
11,80,0.004206,0.001107,0.023656,0.001288,0.003127,0.002091,0.003274,0.001207,0.004246,0.001216,0.003284,0.002972
11,80,0.004625,0.0011,0.019161,0.001298,0.003201,0.001843,0.003227,0.001206,0.00412,0.001215,0.00322,0.002326
11,80,0.016913,0.002221,0.0193,0.001297,0.004925,0.002748,0.004859,0.00187,0.006641,0.00203,0.004678,0.003646
11,80,0.00447,0.001107,0.020219,0.001298,0.003244,0.001775,0.003067,0.001224,0.003585,0.001197,0.003078,0.002321
11,80,0.009851,0.001661,0.017366,0.001298,0.003255,0.001864,0.00325,0.00122,0.003796,0.001222,0.003234,0.002403
11,80,0.119992,0.005853,0.011644,0.001284,0.003742,0.003037,0.003758,0.001197,0.004443,0.001229,0.003693,0.004089
11,80,0.014552,0.0022,0.020758,0.001287,0.005255,0.002882,0.00521,0.001858,0.007156,0.001867,0.005253,0.004073
11,80,0.080441,0.005193,0.012711,0.001286,0.003727,0.002877,0.003711,0.001211,0.004655,0.001186,0.003715,0.004567
11,80,0.004205,0.001104,0.018937,0.00127,0.003261,0.001805,0.00326,0.001218,0.003976,0.001223,0.003258,0.002327
11,80,0.439608,0.009448,0.009412,0.001289,0.006724,0.0038,0.006715,0.001961,0.004419,0.001347,0.006668,0.005746
11,80,0.004683,0.001271,0.02138,0.001298,0.003094,0.001893,0.003108,0.001216,0.003599,0.001213,0.002937,0.002489
11,80,0.115999,0.005581,0.010759,0.001279,0.003802,0.002967,0.003788,0.00122,0.00461,0.001212,0.003635,0.003994
11,80,0.119394,0.005681,0.015003,0.001278,0.003603,0.003022,0.003688,0.00121,0.004449,0.001213,0.003776,0.003997
11,80,0.11985,0.005711,0.011329,0.001284,0.003803,0.003039,0.003747,0.001218,0.004537,0.001144,0.003778,0.003973
11,80,0.016343,0.002207,0.021114,0.00129,0.005256,0.002848,0.005282,0.001873,0.007936,0.001867,0.005321,0.00361
11,80,0.193338,0.006991,0.007943,0.00127,0.003671,0.002567,0.003774,0.001203,0.004159,0.001221,0.003789,0.003559
11,80,0.004465,0.00111,0.020042,0.00129,0.003224,0.001799,0.003229,0.001209,0.003977,0.001222,0.003223,0.002311
11,80,0.009739,0.001655,0.018822,0.001259,0.003139,0.00191,0.003279,0.00122,0.004083,0.001226,0.003265,0.002532
11,80,0.070035,0.004447,0.015778,0.001288,0.003708,0.002818,0.003711,0.001223,0.004403,0.001241,0.003708,0.004586
11,80,0.241485,0.007543,0.010045,0.001278,0.003695,0.002135,0.003709,0.001221,0.004266,0.001214,0.003716,0.00281
11,80,0.351472,0.008667,0.010211,0.001302,0.006704,0.003742,0.006469,0.001888,0.003924,0.001232,0.006577,0.005422
11,80,0.01048,0.001666,0.019935,0.001261,0.002989,0.001852,0.003125,0.001204,0.003573,0.001204,0.003098,0.002401
11,80,0.017574,0.002397,0.023384,0.001275,0.00469,0.003073,0.004872,0.002189,0.00651,0.002034,0.004904,0.004279
11,80,0.231343,0.007208,0.007084,0.001259,0.003825,0.002304,0.003901,0.001211,0.004222,0.001213,0.0039,0.003049
11,80,0.015999,0.002212,0.021391,0.001304,0.00661,0.003928,0.006587,0.002719,0.005832,0.001903,0.006477,0.005216
11,100,0.168839,0.006851,0.008677,0.001285,0.003991,0.00297,0.003958,0.001232,0.004237,0.001228,0.003953,0.004665
11,100,0.112769,0.005762,0.010455,0.001253,0.003751,0.002901,0.00371,0.00121,0.004575,0.001227,0.003557,0.004591
11,100,0.009459,0.001659,0.019542,0.001277,0.003099,0.001768,0.003057,0.001215,0.003819,0.00122,0.003095,0.002317
11,100,0.192865,0.006658,0.006597,0.001264,0.004035,0.003249,0.003966,0.001225,0.004463,0.001213,0.00396,0.00482
11,100,0.004478,0.001116,0.020841,0.001306,0.003253,0.00175,0.003239,0.001248,0.004047,0.001213,0.003209,0.00235
11,100,0.004224,0.001123,0.019614,0.001274,0.003237,0.0021,0.003254,0.001214,0.004223,0.001222,0.003253,0.002915
11,100,0.00459,0.001097,0.019807,0.001268,0.003215,0.001797,0.00319,0.001215,0.004022,0.001212,0.003217,0.00232
11,100,0.016771,0.002224,0.015418,0.001278,0.004872,0.002782,0.004859,0.001871,0.0066,0.001881,0.004853,0.003622
11,100,0.004453,0.001114,0.021119,0.001289,0.00295,0.001769,0.003085,0.001211,0.003394,0.001225,0.003113,0.002256
11,100,0.009896,0.001694,0.015483,0.001293,0.003194,0.001861,0.003267,0.001207,0.003823,0.00123,0.003232,0.002432
11,100,0.120016,0.005574,0.008525,0.001266,0.003684,0.002899,0.003684,0.001208,0.00449,0.001387,0.003531,0.004495
11,100,0.014537,0.002206,0.017851,0.001265,0.004892,0.002867,0.005077,0.001858,0.00712,0.001995,0.005241,0.003726
11,100,0.080413,0.005087,0.010623,0.001294,0.003553,0.002876,0.003723,0.001232,0.004648,0.001228,0.003726,0.004441
11,100,0.004242,0.00112,0.018521,0.001278,0.003273,0.001771,0.003253,0.001215,0.003939,0.001219,0.00325,0.002293
11,100,0.443196,0.009623,0.005576,0.001248,0.006784,0.003747,0.006757,0.001871,0.004472,0.001217,0.006619,0.005547
11,100,0.004764,0.001102,0.022906,0.001286,0.002966,0.001897,0.003117,0.001205,0.003571,0.001226,0.003135,0.002457
11,100,0.115679,0.005541,0.007748,0.001258,0.003761,0.002954,0.003803,0.001199,0.004418,0.00124,0.003787,0.004614
11,100,0.119136,0.005529,0.00892,0.001273,0.003725,0.003021,0.003704,0.00122,0.004425,0.001217,0.003711,0.004772
11,100,0.119916,0.005831,0.007563,0.001241,0.003743,0.003043,0.003767,0.001203,0.00444,0.001204,0.0036,0.004689
11,100,0.016496,0.002224,0.020322,0.001279,0.005282,0.002815,0.005245,0.001875,0.00757,0.001868,0.005133,0.003742
11,100,0.193928,0.007153,0.005784,0.001258,0.003617,0.003017,0.003781,0.001208,0.004238,0.00122,0.00379,0.003774
11,100,0.004491,0.001093,0.023287,0.001271,0.003218,0.001819,0.003239,0.001201,0.003975,0.001382,0.003236,0.002296
11,100,0.009683,0.001647,0.015642,0.001263,0.0033,0.001908,0.00329,0.001207,0.003886,0.001223,0.003289,0.002539
11,100,0.069724,0.004407,0.01332,0.001272,0.003525,0.002824,0.00366,0.001204,0.004439,0.001151,0.003688,0.004394
11,100,0.24167,0.007525,0.004724,0.001254,0.003766,0.00193,0.003702,0.001204,0.004251,0.001213,0.003705,0.002489
11,100,0.349916,0.00847,0.004167,0.001239,0.006656,0.003399,0.006557,0.001813,0.00413,0.001207,0.006455,0.004684
11,100,0.010318,0.001657,0.018366,0.001247,0.00312,0.001851,0.003099,0.001372,0.00356,0.001219,0.002949,0.002493
11,100,0.017718,0.002205,0.020274,0.001281,0.004925,0.00306,0.004861,0.00186,0.006489,0.001857,0.004906,0.004175
11,100,0.232099,0.007354,0.005413,0.001284,0.00395,0.002049,0.003902,0.001224,0.004447,0.001215,0.003908,0.002826
11,100,0.016189,0.002217,0.021295,0.001298,0.007168,0.004006,0.006702,0.002509,0.005955,0.001886,0.006526,0.005269
21,0,0.147803,0.018542,0.0231,0.004806,0.005946,0.005446,0.005745,0.003774,0.006229,0.003742,0.005742,0.007092
21,0,0.120731,0.01679,0.030078,0.0042,0.005903,0.005394,0.005695,0.003675,0.006582,0.003751,0.005568,0.006903
21,0,0.028946,0.008347,0.0976,0.00491,0.01522,0.012695,0.014885,0.010951,0.01395,0.007632,0.01486,0.014476
21,0,0.192039,0.026265,0.040337,0.005132,0.007432,0.006939,0.007398,0.004964,0.008037,0.00494,0.007776,0.00791
21,0,0.005359,0.005177,0.085133,0.00647,0.00701,0.006223,0.006701,0.004999,0.00792,0.004976,0.006764,0.006653
21,0,0.005759,0.004555,0.063577,0.006453,0.007079,0.006558,0.00679,0.005005,0.007917,0.00498,0.006783,0.007418
21,0,0.00621,0.004545,0.058943,0.006376,0.006982,0.006181,0.006643,0.004957,0.007357,0.004971,0.006684,0.006618
21,0,0.020788,0.009083,0.061286,0.00611,0.011009,0.009339,0.010583,0.007677,0.012537,0.007654,0.010372,0.0101
21,0,0.006024,0.004507,0.092093,0.0063,0.006738,0.005851,0.006473,0.004983,0.007281,0.005002,0.006738,0.006337
21,0,0.013173,0.007549,0.065895,0.006704,0.00757,0.00649,0.006826,0.005025,0.007571,0.004983,0.006682,0.006782
21,0,0.114046,0.021185,0.043461,0.00554,0.007192,0.007005,0.007083,0.004998,0.008096,0.004988,0.00718,0.008475
21,0,0.01901,0.00984,0.08763,0.00567,0.011219,0.009075,0.011074,0.00756,0.014554,0.007567,0.010496,0.010191
21,0,0.080013,0.018824,0.050398,0.006571,0.007397,0.007084,0.007242,0.004979,0.008304,0.005313,0.007134,0.009197
21,0,0.005789,0.004567,0.071883,0.006127,0.007197,0.005973,0.006934,0.00477,0.007854,0.005498,0.006397,0.00677
21,0,0.578241,0.039887,0.032954,0.005307,0.007231,0.007641,0.007041,0.004964,0.007938,0.004979,0.007078,0.008895
21,0,0.01281,0.00684,0.076445,0.00707,0.011014,0.009358,0.010733,0.007737,0.012124,0.00852,0.010717,0.011212
21,0,0.228872,0.026176,0.026577,0.004438,0.005961,0.005733,0.005818,0.004006,0.006561,0.003991,0.005845,0.006851
21,0,0.121716,0.01888,0.038572,0.004389,0.005801,0.006183,0.005868,0.004179,0.006401,0.004021,0.005698,0.006781
21,0,0.148967,0.020738,0.031709,0.004375,0.005894,0.006259,0.005756,0.003992,0.00636,0.004388,0.005909,0.006459
21,0,0.094964,0.017589,0.058106,0.005675,0.009336,0.007553,0.008996,0.006179,0.01163,0.005997,0.009145,0.008436
21,0,0.194806,0.022083,0.023786,0.004379,0.005893,0.005634,0.005766,0.004008,0.006287,0.004018,0.005798,0.006698
21,0,0.004849,0.003666,0.081914,0.005326,0.005732,0.005167,0.005421,0.004095,0.006415,0.004059,0.0054,0.005664
21,0,0.010906,0.005594,0.064306,0.005334,0.00587,0.005234,0.005515,0.004061,0.006383,0.004041,0.005508,0.00603
21,0,0.073295,0.014828,0.03393,0.004383,0.005838,0.006036,0.005764,0.004605,0.006417,0.00401,0.005728,0.007347
21,0,0.269668,0.026393,0.031466,0.004452,0.005799,0.005859,0.005711,0.004009,0.00632,0.004039,0.005756,0.006911
21,0,0.351433,0.028865,0.022003,0.004363,0.005878,0.00579,0.005814,0.004287,0.006235,0.003989,0.006004,0.006961
21,0,0.010753,0.005487,0.066899,0.005399,0.005805,0.005058,0.005219,0.004004,0.005771,0.003981,0.005248,0.005454
21,0,0.018407,0.007827,0.089341,0.00507,0.008946,0.007888,0.008626,0.006327,0.009957,0.006203,0.008464,0.00897
21,0,0.232764,0.024495,0.021423,0.004477,0.006052,0.005706,0.006226,0.003759,0.006364,0.004,0.005965,0.00687
21,0,0.01023,0.005495,0.079882,0.005524,0.00914,0.007708,0.008744,0.006233,0.009893,0.006105,0.008661,0.008783
21,20,0.148321,0.020229,0.020864,0.004611,0.006113,0.005715,0.005961,0.004003,0.006396,0.004047,0.006226,0.006931
21,20,0.121065,0.018845,0.035949,0.004429,0.005928,0.005682,0.005752,0.003992,0.006993,0.003807,0.005727,0.007157
21,20,0.029051,0.009144,0.071932,0.005227,0.012536,0.011157,0.012093,0.008387,0.01135,0.006196,0.011978,0.011689
21,20,0.156571,0.020226,0.029245,0.00443,0.006196,0.005768,0.005986,0.004546,0.006525,0.004012,0.005989,0.006978
21,20,0.004871,0.00366,0.051587,0.005898,0.005715,0.004967,0.005396,0.00405,0.006288,0.004028,0.005404,0.005718
21,20,0.004703,0.003715,0.058958,0.005208,0.005787,0.005275,0.005506,0.004026,0.00637,0.004038,0.006064,0.006584
21,20,0.004556,0.004242,0.053525,0.005421,0.006017,0.004785,0.005427,0.004046,0.006207,0.004087,0.005453,0.005504
21,20,0.016828,0.007327,0.07129,0.005674,0.008944,0.007605,0.008749,0.006093,0.009686,0.006213,0.008652,0.008333
21,20,0.004977,0.003699,0.078611,0.005388,0.005513,0.00502,0.005223,0.004106,0.00583,0.004602,0.005234,0.005559
21,20,0.010523,0.00555,0.067785,0.00548,0.00557,0.004834,0.005493,0.00403,0.006103,0.004031,0.005497,0.005435
21,20,0.092082,0.01707,0.028066,0.004472,0.005819,0.005651,0.005743,0.004006,0.006504,0.004045,0.00578,0.007064
21,20,0.01576,0.007358,0.079345,0.005264,0.009162,0.007644,0.00913,0.006268,0.011815,0.006468,0.009076,0.008605
21,20,0.064251,0.014638,0.062497,0.006116,0.00675,0.006176,0.005826,0.004056,0.006825,0.003955,0.005809,0.007367
21,20,0.004644,0.003665,0.072583,0.005765,0.00546,0.005076,0.005388,0.004019,0.006363,0.004006,0.005353,0.005464
21,20,0.469189,0.032176,0.032156,0.004416,0.005825,0.006181,0.005752,0.004008,0.006403,0.003998,0.005736,0.007134
21,20,0.010288,0.005495,0.081989,0.005922,0.009254,0.008093,0.008637,0.006208,0.009585,0.00621,0.008014,0.009125
21,20,0.198362,0.022096,0.031446,0.004541,0.005916,0.005744,0.005824,0.004025,0.006514,0.00456,0.005869,0.006869
21,20,0.120872,0.018318,0.03788,0.004442,0.005884,0.005891,0.005699,0.004009,0.006477,0.004038,0.005719,0.006947
21,20,0.150301,0.020199,0.032322,0.00436,0.00588,0.005743,0.005777,0.004019,0.006367,0.00449,0.005784,0.00681
21,20,0.096315,0.016519,0.068657,0.005897,0.011666,0.009498,0.011321,0.008367,0.014357,0.007724,0.011328,0.011259
21,20,0.238959,0.02948,0.033446,0.005338,0.007249,0.006945,0.007199,0.004996,0.007793,0.005012,0.007207,0.008353
21,20,0.006051,0.004554,0.06085,0.006617,0.006966,0.006122,0.006713,0.00497,0.007956,0.005003,0.006709,0.006728
21,20,0.013419,0.006866,0.052984,0.006218,0.006998,0.006238,0.00674,0.005678,0.007711,0.005003,0.006775,0.007076
21,20,0.090762,0.018237,0.04338,0.005492,0.007164,0.006858,0.007202,0.004898,0.007939,0.004986,0.007277,0.009001
21,20,0.332539,0.033448,0.033227,0.005414,0.007251,0.007302,0.007137,0.004968,0.007902,0.004988,0.007198,0.008584
21,20,0.434558,0.035236,0.028857,0.005365,0.007302,0.007179,0.007248,0.004987,0.00771,0.004984,0.007237,0.008631
21,20,0.013442,0.006828,0.04638,0.006311,0.006574,0.006265,0.006422,0.004937,0.006222,0.004467,0.005215,0.005558
21,20,0.018969,0.00733,0.0765,0.005373,0.008928,0.007979,0.008593,0.006202,0.010038,0.006234,0.008479,0.009108
21,20,0.232277,0.023983,0.020366,0.004291,0.005973,0.005572,0.005928,0.004006,0.006391,0.00402,0.005949,0.006841
21,20,0.010225,0.005514,0.079673,0.005339,0.008818,0.007886,0.008767,0.006151,0.009797,0.006215,0.008681,0.008665
21,40,0.148532,0.020257,0.02274,0.004525,0.006385,0.005759,0.005957,0.004283,0.006315,0.00401,0.00587,0.007263
21,40,0.121719,0.018991,0.03196,0.004487,0.005846,0.005643,0.005739,0.004019,0.006937,0.00455,0.005752,0.007205
21,40,0.029042,0.009191,0.06499,0.005286,0.012359,0.010445,0.011993,0.008312,0.011223,0.006694,0.012003,0.011638
21,40,0.156093,0.020804,0.02526,0.004443,0.006098,0.005749,0.005934,0.004015,0.006489,0.003999,0.00598,0.006763
21,40,0.00488,0.003656,0.061023,0.005628,0.005655,0.004899,0.005567,0.003983,0.006249,0.004012,0.005347,0.005539
21,40,0.00465,0.003655,0.070013,0.005563,0.005725,0.005362,0.005462,0.00406,0.006259,0.004028,0.005439,0.006159
21,40,0.00504,0.003673,0.052019,0.005539,0.005753,0.005097,0.005444,0.004016,0.006199,0.004055,0.005502,0.005469
21,40,0.01652,0.007979,0.055041,0.005388,0.009145,0.007792,0.008678,0.006186,0.010268,0.006173,0.008561,0.008448
21,40,0.00496,0.003728,0.10098,0.005273,0.005522,0.005116,0.005199,0.003948,0.005673,0.004004,0.005177,0.005497
21,40,0.010481,0.005496,0.060285,0.005329,0.006157,0.005125,0.005468,0.004021,0.006133,0.00408,0.00546,0.005433
21,40,0.091943,0.017162,0.036572,0.004472,0.005711,0.006201,0.005727,0.004415,0.00641,0.004029,0.005743,0.006881
21,40,0.015806,0.007345,0.062855,0.005307,0.00935,0.007702,0.009202,0.006255,0.011938,0.006462,0.009061,0.008559
21,40,0.063886,0.015993,0.05302,0.005369,0.00612,0.006136,0.005785,0.004008,0.006681,0.004027,0.005759,0.007391
21,40,0.004611,0.003666,0.063365,0.00528,0.005791,0.005103,0.005356,0.004033,0.006399,0.004057,0.005432,0.005458
21,40,0.470056,0.032019,0.02431,0.004352,0.005839,0.006173,0.005844,0.004256,0.006467,0.004177,0.005842,0.007183
21,40,0.009736,0.006029,0.098828,0.005436,0.009307,0.008051,0.008602,0.006629,0.009972,0.006206,0.00879,0.008411
21,40,0.197154,0.022559,0.02594,0.004419,0.006037,0.00568,0.005909,0.004006,0.0069,0.003773,0.00586,0.006735
21,40,0.12084,0.018903,0.034514,0.004436,0.005797,0.005813,0.005694,0.004529,0.006441,0.004234,0.005809,0.007295
21,40,0.149209,0.020741,0.033544,0.004375,0.005844,0.005783,0.005763,0.003983,0.006349,0.004007,0.005761,0.006925
21,40,0.096147,0.016523,0.076347,0.006306,0.009862,0.007989,0.009316,0.005959,0.011443,0.006683,0.009054,0.008508
21,40,0.194875,0.022023,0.024383,0.004212,0.00594,0.005895,0.005875,0.003972,0.006297,0.004233,0.005821,0.006675
21,40,0.004897,0.00366,0.047131,0.00523,0.005458,0.005044,0.005525,0.003997,0.006459,0.004032,0.005436,0.005434
21,40,0.011017,0.005544,0.058327,0.005358,0.005797,0.005177,0.005423,0.004006,0.006261,0.004011,0.005373,0.005662
21,40,0.073241,0.014711,0.03795,0.004476,0.005825,0.00559,0.005732,0.004009,0.006388,0.004025,0.005722,0.00728
21,40,0.269602,0.027021,0.028528,0.004399,0.005999,0.005977,0.00581,0.00398,0.006314,0.004009,0.005773,0.006847
21,40,0.352063,0.02834,0.024699,0.004371,0.005807,0.005794,0.005824,0.004004,0.006232,0.003996,0.00588,0.007101
21,40,0.010772,0.005491,0.077526,0.006096,0.005952,0.00529,0.005258,0.004001,0.005769,0.004048,0.00524,0.005808
21,40,0.018405,0.007958,0.056752,0.005389,0.008802,0.007952,0.008523,0.006179,0.009875,0.006155,0.008515,0.009034
21,40,0.232094,0.02512,0.021343,0.004335,0.006027,0.005609,0.005958,0.004,0.006572,0.004006,0.005879,0.006792
21,40,0.010258,0.005502,0.09025,0.0054,0.009014,0.007796,0.008706,0.006752,0.009919,0.00622,0.008658,0.008735
21,60,0.147908,0.020786,0.022279,0.004406,0.005963,0.005715,0.005934,0.003997,0.006307,0.004002,0.006057,0.007192
21,60,0.12188,0.01833,0.034832,0.004505,0.005946,0.00573,0.005767,0.004019,0.00676,0.004039,0.005758,0.007201
21,60,0.029074,0.009152,0.049778,0.005934,0.012525,0.010696,0.011796,0.008397,0.011186,0.006173,0.0118,0.011375
21,60,0.155723,0.02154,0.026175,0.004543,0.006392,0.005897,0.005963,0.004014,0.006524,0.003984,0.006024,0.006803
21,60,0.004351,0.004202,0.060498,0.006147,0.006387,0.005416,0.00534,0.003959,0.006203,0.004026,0.005368,0.005585
21,60,0.004633,0.003674,0.070485,0.006196,0.006571,0.00555,0.005494,0.004024,0.006385,0.00406,0.005465,0.006518
21,60,0.005076,0.003719,0.053261,0.005411,0.005761,0.0052,0.005443,0.004274,0.006235,0.004033,0.00548,0.005703
21,60,0.016798,0.007419,0.082414,0.005309,0.008848,0.007563,0.008626,0.00622,0.010314,0.006253,0.008629,0.008358
21,60,0.004977,0.003698,0.082562,0.005836,0.006622,0.006131,0.006427,0.004989,0.007185,0.004947,0.006412,0.006845
21,60,0.013097,0.006837,0.067035,0.006186,0.007185,0.006146,0.006766,0.005014,0.007523,0.005046,0.006901,0.006659
21,60,0.113547,0.022126,0.047369,0.005384,0.007204,0.007007,0.007172,0.005001,0.008125,0.005004,0.007113,0.008508
21,60,0.019618,0.009137,0.0572,0.005226,0.011544,0.009174,0.011092,0.007551,0.014591,0.007568,0.011301,0.011057
21,60,0.079007,0.019006,0.057341,0.006096,0.007487,0.007062,0.007241,0.005291,0.00836,0.004988,0.00723,0.009481
21,60,0.005872,0.004643,0.094115,0.005604,0.006991,0.006179,0.006729,0.005035,0.007881,0.004986,0.006756,0.006639
21,60,0.576434,0.039938,0.028277,0.005398,0.007344,0.007735,0.007227,0.004949,0.007996,0.004988,0.007172,0.008944
21,60,0.012131,0.00751,0.10512,0.006137,0.01096,0.009361,0.011033,0.007722,0.012177,0.007721,0.010733,0.010459
21,60,0.244577,0.029603,0.036321,0.005376,0.007309,0.007318,0.007272,0.004989,0.008127,0.004981,0.007234,0.008347
21,60,0.150675,0.022761,0.047655,0.005404,0.00736,0.00726,0.007298,0.00488,0.008006,0.005292,0.007211,0.008354
21,60,0.186459,0.025726,0.037715,0.005421,0.007227,0.007027,0.007174,0.00497,0.00786,0.004976,0.007114,0.008332
21,60,0.119217,0.02123,0.062138,0.006376,0.011523,0.009583,0.011453,0.007478,0.014455,0.007716,0.011559,0.010328
21,60,0.240938,0.02883,0.027128,0.005498,0.007402,0.007064,0.007185,0.00497,0.007931,0.004987,0.007299,0.00816
21,60,0.005401,0.005201,0.067307,0.006627,0.007029,0.006599,0.006722,0.005,0.008033,0.004964,0.006838,0.006877
21,60,0.013656,0.00687,0.068121,0.006733,0.007339,0.006269,0.006864,0.004949,0.007884,0.005017,0.006839,0.007014
21,60,0.091013,0.018252,0.041949,0.005693,0.007632,0.006704,0.007137,0.00512,0.00793,0.004971,0.007117,0.009179
21,60,0.334114,0.032084,0.039355,0.005393,0.007198,0.007291,0.007148,0.004968,0.007803,0.00497,0.00726,0.008475
21,60,0.434447,0.034255,0.023356,0.004638,0.00592,0.005751,0.005797,0.003999,0.006244,0.004029,0.005839,0.006918
21,60,0.01078,0.00601,0.063871,0.005684,0.005592,0.004967,0.005203,0.004149,0.005719,0.004022,0.005186,0.00617
21,60,0.018416,0.007845,0.071994,0.005246,0.008911,0.008011,0.008642,0.006267,0.010132,0.006254,0.00864,0.009304
21,60,0.231035,0.025046,0.024225,0.004397,0.005998,0.005641,0.005934,0.004017,0.006482,0.004286,0.006112,0.00665
21,60,0.009674,0.006052,0.079193,0.00509,0.009052,0.008191,0.008697,0.006535,0.009831,0.006198,0.008679,0.00932
21,80,0.148851,0.020317,0.023459,0.00446,0.006162,0.005715,0.00601,0.003926,0.006299,0.003993,0.005966,0.007268
21,80,0.119731,0.020426,0.024747,0.004406,0.006007,0.005751,0.005817,0.00393,0.00679,0.00402,0.00579,0.007241
21,80,0.028965,0.009157,0.055018,0.005384,0.0121,0.010078,0.011982,0.008395,0.011226,0.006185,0.011941,0.011404
21,80,0.157677,0.020318,0.026519,0.004388,0.006076,0.006023,0.006029,0.004002,0.006562,0.004012,0.006033,0.007132
21,80,0.004329,0.004216,0.066895,0.005283,0.005797,0.005064,0.005395,0.004028,0.00637,0.004058,0.005358,0.005517
21,80,0.004621,0.003666,0.068349,0.005346,0.00569,0.005509,0.005467,0.004048,0.006433,0.004031,0.005477,0.006033
21,80,0.005046,0.003687,0.050004,0.005308,0.005672,0.00487,0.00546,0.004054,0.006251,0.004034,0.005472,0.00561
21,80,0.016113,0.007906,0.080595,0.005219,0.009002,0.008112,0.008605,0.006237,0.010379,0.00606,0.008542,0.008646
21,80,0.004904,0.003718,0.075925,0.005335,0.005526,0.005156,0.0052,0.004129,0.005774,0.004065,0.005232,0.005601
21,80,0.010613,0.005541,0.059722,0.005245,0.00598,0.005494,0.005469,0.004016,0.006164,0.004061,0.005445,0.005489
21,80,0.092959,0.016729,0.038526,0.004516,0.005814,0.006065,0.005696,0.003999,0.006492,0.004022,0.00575,0.007127
21,80,0.015753,0.007309,0.071877,0.005361,0.009305,0.008295,0.00858,0.006215,0.011515,0.006697,0.009128,0.008618
21,80,0.064513,0.014712,0.038669,0.004509,0.00577,0.005644,0.005787,0.004011,0.0067,0.003999,0.005748,0.007359
21,80,0.004626,0.00365,0.071669,0.005535,0.005674,0.005106,0.005365,0.004037,0.006359,0.00406,0.005343,0.005495
21,80,0.470095,0.032313,0.026773,0.004378,0.005889,0.006216,0.005829,0.004549,0.006391,0.004048,0.005776,0.007666
21,80,0.010231,0.005549,0.104392,0.00603,0.008862,0.007821,0.00865,0.006215,0.00933,0.006248,0.008718,0.008716
21,80,0.197097,0.022158,0.035641,0.004446,0.006046,0.005792,0.005885,0.00402,0.006542,0.004025,0.005912,0.006736
21,80,0.121611,0.018898,0.039506,0.004451,0.005875,0.005895,0.005708,0.003995,0.006477,0.004015,0.005715,0.006839
21,80,0.150233,0.020187,0.032955,0.004303,0.005927,0.005679,0.005796,0.003997,0.006373,0.004008,0.005756,0.006738
21,80,0.095813,0.017057,0.052412,0.005999,0.009091,0.007579,0.009212,0.006204,0.011573,0.006198,0.009197,0.008588
21,80,0.194565,0.022616,0.022998,0.004352,0.005975,0.005647,0.00582,0.004368,0.006464,0.003824,0.005817,0.006727
21,80,0.004856,0.003682,0.056209,0.005337,0.005669,0.005047,0.005365,0.004028,0.006616,0.004381,0.005476,0.005414
21,80,0.01096,0.00557,0.057031,0.005318,0.005797,0.005275,0.005477,0.004058,0.006373,0.004041,0.005441,0.005737
21,80,0.072664,0.015241,0.03409,0.004434,0.005817,0.005619,0.005759,0.004022,0.006369,0.004281,0.005741,0.007401
21,80,0.270052,0.026447,0.032165,0.004166,0.005731,0.005754,0.005663,0.003946,0.006465,0.003947,0.005812,0.006641
21,80,0.351908,0.028352,0.022453,0.004378,0.005951,0.006161,0.005851,0.004004,0.006215,0.004004,0.005844,0.007174
21,80,0.010226,0.006043,0.064498,0.005575,0.005736,0.004984,0.005248,0.004123,0.005789,0.004022,0.005211,0.005615
21,80,0.018395,0.007897,0.077743,0.005514,0.008951,0.008071,0.008626,0.006263,0.010003,0.006361,0.008575,0.009029
21,80,0.230986,0.02505,0.023667,0.004393,0.006,0.005606,0.005935,0.00402,0.006544,0.003933,0.005911,0.007322
21,80,0.010299,0.005498,0.08778,0.005131,0.009065,0.007796,0.008782,0.006505,0.009853,0.006735,0.008707,0.008684
21,100,0.14829,0.020943,0.016491,0.004258,0.006407,0.00627,0.006747,0.004216,0.006798,0.004064,0.005994,0.007735
21,100,0.121513,0.018917,0.032151,0.004301,0.005793,0.005629,0.00578,0.004009,0.006719,0.004024,0.005781,0.006942
21,100,0.028594,0.009793,0.039325,0.004463,0.012073,0.009941,0.012005,0.00835,0.011213,0.006166,0.012173,0.01092
21,100,0.15642,0.020227,0.019301,0.004319,0.006368,0.005702,0.006052,0.004018,0.006511,0.004027,0.006049,0.007112
21,100,0.004929,0.003685,0.044862,0.004389,0.005473,0.004906,0.005344,0.004559,0.006391,0.00403,0.005423,0.005925
21,100,0.004621,0.003679,0.038737,0.004407,0.005486,0.005157,0.005411,0.004018,0.006317,0.004009,0.005452,0.005875
21,100,0.00501,0.004206,0.038457,0.00438,0.005497,0.004804,0.005485,0.004011,0.006171,0.004017,0.005407,0.005406
21,100,0.016685,0.007411,0.055887,0.004422,0.00858,0.007441,0.008574,0.006168,0.010168,0.006231,0.008787,0.008102
21,100,0.004935,0.003694,0.046071,0.004485,0.005306,0.004791,0.005168,0.003995,0.00579,0.004021,0.005179,0.005334
21,100,0.010539,0.005535,0.039337,0.004422,0.00551,0.004767,0.005408,0.004012,0.006771,0.004023,0.005442,0.005532
21,100,0.091671,0.017706,0.025356,0.004314,0.005824,0.005614,0.005709,0.003995,0.006627,0.004017,0.005701,0.006903
21,100,0.015786,0.007366,0.03889,0.004445,0.009194,0.007545,0.009028,0.006205,0.012067,0.006195,0.009057,0.008483
21,100,0.064181,0.014734,0.030059,0.004416,0.00587,0.005603,0.005819,0.004164,0.006736,0.004044,0.005799,0.006909
21,100,0.004092,0.004207,0.041459,0.004426,0.005443,0.005266,0.005324,0.00402,0.006303,0.004027,0.005357,0.005358
21,100,0.468168,0.032833,0.012218,0.004171,0.005819,0.006114,0.005763,0.004001,0.006401,0.004204,0.005765,0.00807
21,100,0.00971,0.00608,0.071638,0.00444,0.008767,0.007403,0.008565,0.006215,0.00972,0.006205,0.008607,0.00847
21,100,0.197853,0.022104,0.021518,0.004223,0.005877,0.005622,0.005868,0.00405,0.006564,0.004002,0.005882,0.00726
21,100,0.121471,0.018384,0.022946,0.004223,0.005839,0.005632,0.005696,0.003999,0.00647,0.004014,0.00575,0.007423
21,100,0.149529,0.020865,0.020607,0.004228,0.005794,0.005619,0.005778,0.004037,0.00641,0.004029,0.005815,0.007109
21,100,0.096244,0.01658,0.036718,0.004339,0.009376,0.00737,0.009048,0.006214,0.011707,0.006013,0.009093,0.008448
21,100,0.194727,0.022832,0.014842,0.004229,0.006123,0.005431,0.005875,0.004011,0.006324,0.004058,0.005833,0.006966
21,100,0.004859,0.003685,0.041549,0.004465,0.005523,0.004785,0.00563,0.003815,0.006474,0.004048,0.005358,0.005435
21,100,0.010339,0.006125,0.038813,0.004283,0.005512,0.004996,0.005459,0.004026,0.006277,0.004026,0.005454,0.005627
21,100,0.07305,0.014791,0.02628,0.004368,0.005806,0.005494,0.00584,0.004142,0.006472,0.004565,0.005792,0.006859
21,100,0.270346,0.026014,0.018204,0.004178,0.005898,0.005757,0.005806,0.004004,0.006315,0.004024,0.005774,0.007512
21,100,0.352542,0.028368,0.013027,0.004211,0.005962,0.005636,0.005834,0.004026,0.006231,0.004035,0.005842,0.007211
21,100,0.010768,0.005512,0.028991,0.004445,0.005258,0.004882,0.005182,0.004046,0.005767,0.003961,0.005211,0.005589
21,100,0.018921,0.007939,0.043423,0.004423,0.008653,0.007707,0.00857,0.006206,0.009958,0.006255,0.008514,0.009371
21,100,0.231324,0.024071,0.015673,0.004221,0.00597,0.005563,0.005943,0.004027,0.006371,0.004028,0.005935,0.006881
21,100,0.010235,0.005572,0.058836,0.005001,0.008641,0.007554,0.007887,0.006227,0.009851,0.006185,0.008652,0.008496
31,0,0.129378,0.037714,0.07434,0.010489,0.010783,0.012237,0.01005,0.009465,0.010209,0.009363,0.010147,0.013839
31,0,0.122661,0.038477,0.097117,0.014801,0.012372,0.014537,0.011742,0.010909,0.013007,0.011172,0.011713,0.016593
31,0,0.013192,0.015419,0.188237,0.012638,0.012828,0.013065,0.011425,0.011083,0.01225,0.011167,0.011248,0.014274
31,0,0.244584,0.057587,0.091886,0.012597,0.013233,0.014329,0.012023,0.011225,0.012811,0.011243,0.012206,0.01663
31,0,0.005667,0.010831,0.20167,0.012484,0.011665,0.013048,0.011217,0.01287,0.012484,0.01125,0.011481,0.013999
31,0,0.006766,0.009378,0.202679,0.012909,0.011884,0.013154,0.011851,0.01067,0.013304,0.011377,0.011358,0.01443
31,0,0.007216,0.01077,0.172667,0.012826,0.012267,0.012473,0.011119,0.010599,0.010199,0.009227,0.009261,0.011711
31,0,0.017713,0.016299,0.186561,0.011858,0.01696,0.017168,0.016097,0.015046,0.016157,0.01207,0.013687,0.015299
31,0,0.004969,0.008585,0.200431,0.011493,0.009645,0.010664,0.009475,0.008661,0.009583,0.009347,0.009214,0.011532
31,0,0.012376,0.011414,0.197852,0.009884,0.011867,0.012791,0.011404,0.011771,0.012206,0.011043,0.011762,0.014055
31,0,0.237764,0.056648,0.125322,0.013061,0.01292,0.01429,0.011745,0.011032,0.012651,0.011355,0.011875,0.016575
31,0,0.023301,0.018753,0.182614,0.01257,0.01963,0.020169,0.019228,0.018848,0.023455,0.017553,0.018969,0.021735
31,0,0.140252,0.046955,0.146297,0.013106,0.011984,0.015249,0.012686,0.011302,0.012881,0.01279,0.011911,0.016958
31,0,0.006736,0.009523,0.213351,0.012975,0.012002,0.012602,0.011368,0.011294,0.012998,0.011159,0.011323,0.015412
31,0,0.959566,0.096823,0.041891,0.011684,0.011993,0.013107,0.011787,0.011207,0.012528,0.011299,0.011806,0.014869
31,0,0.01378,0.013471,0.182989,0.012076,0.015629,0.01726,0.015736,0.014989,0.016523,0.014683,0.015622,0.018425
31,0,0.20636,0.04598,0.090782,0.011387,0.012039,0.014713,0.011726,0.011245,0.012727,0.011492,0.012202,0.01652
31,0,0.199327,0.051987,0.144742,0.013235,0.012029,0.014682,0.011868,0.011253,0.012987,0.010707,0.011704,0.01651
31,0,0.19925,0.051915,0.148436,0.012884,0.012813,0.013936,0.011894,0.011222,0.012467,0.011408,0.011828,0.016335
31,0,0.055243,0.027914,0.182668,0.012685,0.019587,0.020897,0.019238,0.017096,0.022374,0.017403,0.018929,0.022719
31,0,0.255987,0.057493,0.061438,0.010956,0.010338,0.011995,0.009788,0.009226,0.010467,0.009469,0.010205,0.013632
31,0,0.005798,0.007662,0.174801,0.010848,0.011563,0.010253,0.009539,0.009152,0.010172,0.009356,0.009491,0.011616
31,0,0.012235,0.011574,0.141166,0.011361,0.00999,0.010899,0.009793,0.009229,0.01034,0.009236,0.009381,0.012004
31,0,0.075195,0.031145,0.133787,0.011039,0.010465,0.012183,0.009532,0.009404,0.010464,0.009309,0.009744,0.014399
31,0,0.252171,0.05099,0.096,0.010817,0.010195,0.012564,0.00981,0.009318,0.010143,0.008987,0.009783,0.014262
31,0,0.363311,0.05986,0.050086,0.010593,0.010709,0.01257,0.009908,0.009233,0.01015,0.009412,0.010523,0.01365
31,0,0.01124,0.012513,0.215457,0.011542,0.009609,0.01113,0.009369,0.009313,0.009809,0.009197,0.009204,0.012205
31,0,0.019404,0.016143,0.218213,0.01002,0.016132,0.017599,0.015347,0.014408,0.016599,0.014811,0.015473,0.018833
31,0,0.20023,0.04698,0.048791,0.010607,0.010538,0.011972,0.01005,0.009255,0.010526,0.009223,0.009981,0.013673
31,0,0.010589,0.012579,0.182283,0.011827,0.019944,0.020425,0.018347,0.017876,0.019773,0.017614,0.018705,0.021874
31,20,0.159686,0.048016,0.080309,0.012734,0.012561,0.014846,0.01186,0.010972,0.01233,0.011034,0.01217,0.01662
31,20,0.154468,0.046953,0.09587,0.014932,0.011956,0.014003,0.012001,0.011097,0.013268,0.01121,0.011856,0.017456
31,20,0.013203,0.015528,0.18851,0.012353,0.011552,0.012793,0.011571,0.010966,0.012347,0.011309,0.011114,0.013979
31,20,0.247098,0.056737,0.091363,0.012935,0.012644,0.01504,0.012153,0.011226,0.012576,0.01127,0.012171,0.016419
31,20,0.005699,0.010734,0.22194,0.012646,0.012637,0.011852,0.011333,0.011256,0.012509,0.011048,0.011518,0.013834
31,20,0.006764,0.009469,0.213456,0.012716,0.010172,0.011307,0.009542,0.009532,0.010543,0.009545,0.009539,0.012384
31,20,0.005598,0.008729,0.173304,0.010936,0.010199,0.010224,0.010925,0.009599,0.010153,0.009289,0.009494,0.011771
31,20,0.018888,0.015165,0.184662,0.010985,0.016201,0.017001,0.016063,0.014468,0.017755,0.014956,0.015401,0.01753
31,20,0.005615,0.008029,0.19173,0.010325,0.010295,0.011097,0.009267,0.009361,0.009912,0.009106,0.009267,0.011809
31,20,0.011249,0.012705,0.192917,0.010867,0.010103,0.010399,0.009359,0.009359,0.00987,0.009442,0.009758,0.011455
31,20,0.19355,0.047606,0.131488,0.011331,0.010516,0.011916,0.009911,0.00948,0.010441,0.009155,0.009797,0.013867
31,20,0.017708,0.016292,0.176466,0.010824,0.016206,0.018307,0.016118,0.014755,0.01932,0.014821,0.016326,0.019198
31,20,0.114523,0.038528,0.126673,0.010565,0.010342,0.012054,0.011291,0.009141,0.012023,0.009035,0.010612,0.014709
31,20,0.004298,0.008897,0.184085,0.010862,0.01,0.011938,0.009435,0.009341,0.010239,0.009364,0.009467,0.011546
31,20,0.81422,0.079388,0.034396,0.010003,0.010063,0.010866,0.009654,0.009251,0.010303,0.009293,0.009733,0.011958
31,20,0.011777,0.011437,0.208544,0.010679,0.016487,0.016773,0.014946,0.014619,0.015803,0.014605,0.015389,0.018204
31,20,0.207064,0.050644,0.090435,0.013908,0.012952,0.01438,0.011949,0.011284,0.012803,0.011203,0.012051,0.016375
31,20,0.199897,0.052083,0.143291,0.012655,0.012792,0.014534,0.011854,0.011123,0.012685,0.011227,0.011829,0.018124
31,20,0.20048,0.053161,0.127079,0.012718,0.012412,0.015572,0.01208,0.011286,0.013008,0.010613,0.011979,0.016172
31,20,0.055795,0.028282,0.169457,0.012691,0.018462,0.020961,0.019043,0.017417,0.022435,0.017417,0.019263,0.021361
31,20,0.269052,0.058807,0.05815,0.011066,0.010256,0.011931,0.009725,0.009293,0.010266,0.009208,0.009893,0.0138
31,20,0.004644,0.008741,0.186026,0.010919,0.009839,0.010866,0.009432,0.009348,0.010538,0.00904,0.009334,0.011691
31,20,0.012101,0.011376,0.141728,0.010931,0.009996,0.010718,0.00964,0.00939,0.010514,0.008942,0.009618,0.01177
31,20,0.075732,0.031299,0.152796,0.010087,0.010377,0.012114,0.009954,0.010767,0.011558,0.009255,0.009933,0.01408
31,20,0.252855,0.04956,0.104393,0.010975,0.010227,0.012503,0.009791,0.008999,0.010511,0.008903,0.009882,0.014275
31,20,0.367421,0.06061,0.053583,0.013288,0.011087,0.01288,0.010131,0.01075,0.01039,0.009266,0.009618,0.013731
31,20,0.010184,0.013456,0.185084,0.010291,0.010946,0.012168,0.009646,0.009135,0.010009,0.008824,0.009403,0.011736
31,20,0.018373,0.017341,0.185441,0.011144,0.016685,0.017398,0.015556,0.016159,0.016996,0.014509,0.015368,0.018618
31,20,0.201596,0.04756,0.053498,0.010469,0.010318,0.012137,0.010065,0.009514,0.01074,0.0093,0.010243,0.014991
31,20,0.011796,0.011583,0.210918,0.011379,0.016703,0.019279,0.015747,0.014918,0.016803,0.015069,0.01565,0.018365
31,40,0.129976,0.039384,0.083898,0.010641,0.011516,0.012338,0.009958,0.009113,0.010888,0.009,0.010209,0.013887
31,40,0.123533,0.039785,0.161879,0.01098,0.010743,0.012197,0.010574,0.009591,0.010952,0.009462,0.009981,0.013753
31,40,0.010737,0.012799,0.193941,0.01054,0.010074,0.012161,0.00968,0.009201,0.01058,0.009148,0.009671,0.011957
31,40,0.20163,0.046199,0.076737,0.011714,0.010633,0.013194,0.010422,0.010645,0.010442,0.009276,0.010735,0.013953
31,40,0.005817,0.007633,0.208171,0.010757,0.010443,0.010524,0.009666,0.0094,0.010386,0.009334,0.009535,0.011888
31,40,0.005535,0.007778,0.183964,0.010656,0.009968,0.011564,0.010023,0.01034,0.011545,0.00959,0.00994,0.012489
31,40,0.005991,0.007859,0.206448,0.011116,0.009872,0.010647,0.009532,0.009262,0.010168,0.009376,0.009504,0.011489
31,40,0.019221,0.016244,0.195417,0.011051,0.015777,0.016709,0.015457,0.014683,0.017662,0.014779,0.015762,0.01938
31,40,0.005723,0.009207,0.203615,0.010514,0.009784,0.010979,0.009655,0.00935,0.009825,0.009417,0.00965,0.011952
31,40,0.011327,0.012697,0.18706,0.010709,0.01114,0.010472,0.009916,0.009043,0.009934,0.009145,0.009316,0.012455
31,40,0.194286,0.046542,0.094249,0.011902,0.01193,0.014394,0.01162,0.011158,0.012725,0.011187,0.012011,0.016966
31,40,0.023498,0.018961,0.215669,0.012251,0.01965,0.01991,0.019655,0.017053,0.023131,0.017744,0.019146,0.021788
31,40,0.138214,0.048343,0.146833,0.01309,0.012257,0.014493,0.011736,0.011267,0.013704,0.011301,0.011948,0.017545
31,40,0.006837,0.009547,0.191572,0.013665,0.012539,0.013488,0.011497,0.011048,0.012581,0.010984,0.011495,0.013243
31,40,0.890028,0.089368,0.041611,0.012124,0.012024,0.013152,0.011766,0.011269,0.012496,0.011154,0.011886,0.014505
31,40,0.014584,0.01542,0.185808,0.012812,0.019195,0.020155,0.019384,0.018412,0.019839,0.017413,0.018798,0.021152
31,40,0.251408,0.060198,0.08825,0.01261,0.012282,0.014412,0.01211,0.011167,0.012732,0.01114,0.011968,0.016385
31,40,0.198057,0.05319,0.125716,0.016025,0.011164,0.013358,0.011131,0.010297,0.011861,0.010124,0.011856,0.016024
31,40,0.160589,0.044586,0.084844,0.011058,0.010292,0.012121,0.009978,0.009105,0.010234,0.009134,0.01007,0.013397
31,40,0.045838,0.022879,0.180654,0.010568,0.017039,0.017032,0.017212,0.014056,0.018372,0.014503,0.014431,0.017983
31,40,0.245856,0.050986,0.052768,0.011643,0.012522,0.014353,0.011985,0.011103,0.012706,0.012915,0.011759,0.016322
31,40,0.007149,0.009415,0.200624,0.012684,0.011842,0.014947,0.012475,0.011345,0.012218,0.011237,0.011378,0.014306
31,40,0.013569,0.015395,0.128071,0.013205,0.011902,0.013619,0.011518,0.011342,0.012481,0.011314,0.011238,0.014312
31,40,0.094906,0.037553,0.171129,0.012839,0.013894,0.014775,0.012049,0.011643,0.012611,0.011226,0.011889,0.017317
31,40,0.311696,0.065204,0.093669,0.014395,0.012295,0.015318,0.011994,0.010771,0.012388,0.011244,0.012125,0.01753
31,40,0.377322,0.064658,0.054845,0.01349,0.010097,0.012668,0.009878,0.009566,0.010257,0.00944,0.010262,0.014731
31,40,0.012696,0.011641,0.176543,0.010748,0.009843,0.011018,0.009422,0.009035,0.009647,0.009513,0.010425,0.011953
31,40,0.019609,0.016394,0.201457,0.010096,0.016059,0.016818,0.016036,0.015041,0.016872,0.014953,0.015801,0.018363
31,40,0.202729,0.047378,0.063089,0.01319,0.010231,0.012056,0.009966,0.009227,0.010535,0.009204,0.010157,0.014963
31,40,0.011876,0.011458,0.20851,0.010622,0.016416,0.016199,0.016004,0.014049,0.01666,0.014529,0.015845,0.018351
31,60,0.129783,0.039322,0.067416,0.01186,0.013055,0.014679,0.012048,0.011088,0.012354,0.011179,0.012087,0.016302
31,60,0.154931,0.050823,0.11229,0.015126,0.01264,0.015521,0.012121,0.011183,0.013148,0.011247,0.011908,0.016708
31,60,0.013192,0.015491,0.191533,0.012865,0.011589,0.013169,0.011278,0.011383,0.013882,0.011439,0.011695,0.013488
31,60,0.253998,0.061658,0.077956,0.014265,0.012631,0.014841,0.012014,0.01117,0.01275,0.01124,0.012146,0.018153
31,60,0.007811,0.009706,0.204979,0.012583,0.012136,0.012448,0.011274,0.011882,0.012403,0.011151,0.011504,0.013727
31,60,0.006774,0.009445,0.18575,0.011099,0.011117,0.011193,0.00938,0.009167,0.010343,0.009291,0.009776,0.012145
31,60,0.006004,0.007619,0.160438,0.011195,0.009843,0.01106,0.009683,0.009023,0.010056,0.009496,0.009615,0.011602
31,60,0.016667,0.017437,0.168975,0.010488,0.01612,0.017181,0.015637,0.014676,0.017925,0.014878,0.015462,0.017736
31,60,0.005757,0.009121,0.196934,0.010686,0.010021,0.01068,0.009224,0.009367,0.009793,0.009341,0.009254,0.011484
31,60,0.013357,0.011453,0.186693,0.0106,0.00983,0.010957,0.009589,0.009229,0.010098,0.00956,0.009603,0.011544
31,60,0.195758,0.048318,0.151387,0.011825,0.012357,0.016067,0.011724,0.011424,0.012703,0.011212,0.011732,0.01615
31,60,0.023298,0.018806,0.187807,0.01252,0.019718,0.021621,0.019654,0.019373,0.022297,0.01749,0.019159,0.021623
31,60,0.141391,0.047527,0.155145,0.012002,0.012329,0.01391,0.012855,0.011259,0.012842,0.011229,0.011743,0.016568
31,60,0.006688,0.009365,0.212306,0.011943,0.011378,0.012621,0.011568,0.011093,0.012256,0.011216,0.010931,0.013239
31,60,0.710735,0.093049,0.034471,0.009992,0.010094,0.011142,0.009659,0.009321,0.010178,0.009094,0.009754,0.012265
31,60,0.011827,0.011389,0.176511,0.010632,0.015952,0.016572,0.015318,0.014653,0.016946,0.014873,0.015527,0.018144
31,60,0.210496,0.049204,0.083303,0.011092,0.010463,0.01225,0.010112,0.009215,0.010662,0.009355,0.010003,0.013549
31,60,0.160385,0.044457,0.110309,0.012111,0.012007,0.014518,0.011831,0.011311,0.012547,0.011477,0.012199,0.01686
31,60,0.20042,0.052143,0.121829,0.014427,0.012177,0.014796,0.011821,0.011378,0.012697,0.011441,0.011673,0.016472
31,60,0.053076,0.031,0.175913,0.014182,0.01785,0.021217,0.01921,0.017587,0.022408,0.017633,0.017905,0.02204
31,60,0.299826,0.063634,0.058866,0.012922,0.01235,0.014797,0.011208,0.010904,0.012796,0.011322,0.011911,0.01618
31,60,0.007037,0.009544,0.224056,0.012289,0.011974,0.012445,0.011602,0.011287,0.012286,0.011396,0.013502,0.01366
31,60,0.013601,0.015465,0.109934,0.013887,0.011969,0.013228,0.012128,0.011275,0.012415,0.011195,0.01138,0.014677
31,60,0.095121,0.03761,0.160335,0.01268,0.012317,0.014306,0.011951,0.011362,0.012678,0.011264,0.011725,0.017305
31,60,0.311353,0.064947,0.094019,0.013447,0.012325,0.01528,0.011753,0.011181,0.012366,0.011276,0.011729,0.017003
31,60,0.450306,0.073042,0.050481,0.014197,0.01232,0.014845,0.012666,0.010442,0.012441,0.011805,0.012036,0.016658
31,60,0.01378,0.015512,0.1692,0.01272,0.012144,0.012707,0.011181,0.011332,0.011868,0.011154,0.011158,0.013938
31,60,0.024167,0.020079,0.186491,0.012728,0.019056,0.020852,0.01846,0.017697,0.022442,0.017684,0.020378,0.022573
31,60,0.202319,0.04946,0.04558,0.012377,0.010368,0.011945,0.009974,0.00936,0.01047,0.009282,0.009985,0.013717
31,60,0.010482,0.012527,0.221103,0.010843,0.015833,0.017218,0.015744,0.01478,0.017924,0.014545,0.015426,0.018189
31,80,0.130418,0.0382,0.062283,0.010929,0.010781,0.012039,0.00996,0.009048,0.010446,0.010104,0.010209,0.015307
31,80,0.123564,0.039442,0.125163,0.010551,0.010339,0.012175,0.009854,0.009257,0.012233,0.009305,0.009971,0.013868
31,80,0.011734,0.0113,0.205448,0.010624,0.009965,0.010733,0.009394,0.008827,0.01149,0.009502,0.009503,0.011959
31,80,0.19654,0.048059,0.082853,0.011855,0.012661,0.01619,0.012363,0.011108,0.012802,0.01129,0.012098,0.01651
31,80,0.007667,0.009523,0.194024,0.012663,0.012693,0.012787,0.011619,0.01121,0.012405,0.011169,0.011519,0.014005
31,80,0.006684,0.009306,0.192719,0.013126,0.012492,0.013749,0.011399,0.011049,0.012424,0.011004,0.012646,0.014515
31,80,0.007153,0.010851,0.213417,0.012915,0.011782,0.012883,0.012099,0.011011,0.012465,0.010717,0.012533,0.01364
31,80,0.023337,0.018704,0.183687,0.012873,0.018618,0.01976,0.018303,0.017761,0.020679,0.017534,0.018234,0.021422
31,80,0.006907,0.009506,0.215293,0.012162,0.009998,0.010535,0.009318,0.01023,0.009782,0.009143,0.00979,0.01117
31,80,0.012262,0.011328,0.190785,0.010823,0.009804,0.010555,0.009398,0.009284,0.009979,0.009326,0.009888,0.011291
31,80,0.195912,0.046784,0.14034,0.011267,0.010226,0.012219,0.009665,0.00917,0.010585,0.010915,0.009791,0.013524
31,80,0.019128,0.015328,0.175969,0.010774,0.017069,0.016395,0.016199,0.014499,0.018251,0.014581,0.016177,0.018887
31,80,0.113733,0.038483,0.164169,0.011243,0.010411,0.011753,0.009875,0.009051,0.010575,0.009147,0.009714,0.014109
31,80,0.004402,0.009023,0.226621,0.010178,0.01018,0.010894,0.009505,0.010509,0.010327,0.009606,0.009862,0.011377
31,80,0.786109,0.081284,0.035082,0.010061,0.009888,0.010997,0.010064,0.009422,0.010349,0.009336,0.009877,0.012142
31,80,0.011784,0.011326,0.210666,0.011,0.016234,0.016879,0.015571,0.014518,0.016296,0.014702,0.015544,0.018974
31,80,0.206971,0.047222,0.091093,0.010856,0.010382,0.011831,0.009838,0.009374,0.010516,0.009281,0.009845,0.013273
31,80,0.161051,0.043443,0.13983,0.010675,0.010252,0.012538,0.009845,0.009385,0.01166,0.009507,0.009872,0.013581
31,80,0.16026,0.043497,0.106067,0.010532,0.010399,0.012429,0.010009,0.00913,0.010675,0.008847,0.009801,0.013535
31,80,0.044912,0.022798,0.181356,0.011274,0.016557,0.016354,0.015866,0.014299,0.018188,0.014855,0.01641,0.017596
31,80,0.246857,0.051087,0.051945,0.010931,0.010729,0.011284,0.00997,0.009268,0.01038,0.008908,0.010174,0.0134
31,80,0.004664,0.008839,0.177295,0.009872,0.010035,0.010598,0.009287,0.010346,0.010147,0.009216,0.0094,0.012756
31,80,0.012161,0.011539,0.131535,0.010579,0.011517,0.010748,0.009408,0.009223,0.01038,0.009273,0.009389,0.011723
31,80,0.075682,0.031327,0.14389,0.013491,0.01263,0.015489,0.011776,0.011014,0.012577,0.011306,0.011795,0.017183
31,80,0.311653,0.065046,0.093076,0.014362,0.012471,0.01527,0.011685,0.011081,0.012301,0.011199,0.011572,0.016866
31,80,0.449028,0.079282,0.048782,0.012706,0.01248,0.014734,0.012046,0.011129,0.01228,0.011298,0.011932,0.016777
31,80,0.015103,0.014172,0.184061,0.012142,0.012166,0.012531,0.011246,0.011361,0.01162,0.011295,0.010717,0.012953
31,80,0.020294,0.016359,0.173382,0.011229,0.01577,0.017329,0.015383,0.014919,0.018088,0.015301,0.015243,0.019672
31,80,0.202862,0.046553,0.053869,0.010257,0.00997,0.010864,0.008949,0.008363,0.009661,0.008361,0.009018,0.012361
31,80,0.010166,0.012088,0.213667,0.010242,0.017011,0.018039,0.015398,0.014906,0.016506,0.014711,0.015018,0.018278
31,100,0.132059,0.038699,0.05452,0.012829,0.012455,0.015037,0.012309,0.01132,0.012723,0.011294,0.011994,0.017198
31,100,0.15414,0.047103,0.120606,0.012878,0.012345,0.014695,0.011879,0.011132,0.013179,0.011217,0.011898,0.017223
31,100,0.014548,0.014393,0.209528,0.012552,0.011793,0.012844,0.011418,0.011368,0.01342,0.011195,0.011434,0.013909
31,100,0.253006,0.06008,0.055838,0.013585,0.012523,0.015067,0.012057,0.011225,0.012847,0.011698,0.012134,0.01754
31,100,0.007072,0.009422,0.187017,0.012762,0.012114,0.012843,0.011313,0.011329,0.01246,0.011333,0.011309,0.014388
31,100,0.005376,0.010923,0.17282,0.013381,0.01189,0.013133,0.011972,0.011134,0.01475,0.011709,0.011575,0.015696
31,100,0.006001,0.01112,0.157817,0.012429,0.01184,0.013104,0.011278,0.011183,0.012458,0.011231,0.013282,0.014476
31,100,0.023514,0.018854,0.200529,0.012402,0.018909,0.022206,0.019449,0.020442,0.020735,0.017701,0.018712,0.021699
31,100,0.006951,0.009517,0.218721,0.012864,0.012032,0.01279,0.011652,0.012265,0.011777,0.011194,0.011823,0.016157
31,100,0.015237,0.014164,0.155321,0.012548,0.011934,0.012908,0.011528,0.011342,0.01198,0.011184,0.011637,0.0143
31,100,0.24167,0.058381,0.120333,0.011771,0.012187,0.014524,0.011962,0.011369,0.012801,0.011096,0.012004,0.016762
31,100,0.021975,0.020051,0.179464,0.011624,0.016664,0.016667,0.017174,0.015371,0.018485,0.014859,0.016431,0.017718
31,100,0.113754,0.038096,0.105022,0.011154,0.010398,0.011865,0.009733,0.009293,0.010936,0.009243,0.009947,0.014167
31,100,0.005539,0.007662,0.212366,0.011297,0.009961,0.010816,0.009543,0.009376,0.010206,0.009337,0.009495,0.011676
31,100,0.992431,0.080666,0.011448,0.009837,0.009657,0.010454,0.009732,0.009426,0.010273,0.009234,0.00986,0.011277
31,100,0.01178,0.011324,0.190376,0.01053,0.01576,0.017026,0.015437,0.014363,0.016581,0.014784,0.015887,0.018936
31,100,0.205812,0.048893,0.061474,0.010591,0.010119,0.012302,0.009854,0.009312,0.010486,0.009383,0.010091,0.014221
31,100,0.160351,0.043354,0.093972,0.013385,0.010079,0.013595,0.010136,0.009284,0.010344,0.009193,0.009847,0.015286
31,100,0.160117,0.044462,0.087095,0.012955,0.010352,0.01234,0.009774,0.009048,0.01044,0.009058,0.009772,0.014667
31,100,0.043632,0.023741,0.140189,0.010975,0.016406,0.016703,0.015181,0.014635,0.01862,0.014453,0.016079,0.017838
31,100,0.242995,0.051829,0.03619,0.012719,0.010225,0.01204,0.009907,0.009505,0.010347,0.009216,0.010005,0.014346
31,100,0.004631,0.008785,0.184711,0.011091,0.010256,0.010543,0.009487,0.009347,0.01006,0.009411,0.009653,0.012161
31,100,0.012012,0.012427,0.117682,0.011163,0.01137,0.011805,0.009428,0.008991,0.010172,0.009393,0.009457,0.011811
31,100,0.095122,0.037614,0.151767,0.013396,0.01182,0.01433,0.01173,0.011011,0.012629,0.011124,0.011977,0.017256
31,100,0.317807,0.062907,0.034252,0.012383,0.01204,0.015469,0.012036,0.01136,0.01273,0.011098,0.011732,0.019321
31,100,0.450954,0.075343,0.024525,0.01125,0.012887,0.014978,0.012731,0.01128,0.013163,0.011296,0.012094,0.017905
31,100,0.013757,0.015439,0.186674,0.01283,0.011082,0.013337,0.009499,0.009523,0.009918,0.009378,0.009598,0.011608
31,100,0.01978,0.016456,0.190127,0.011019,0.016148,0.017435,0.015818,0.014656,0.016678,0.014806,0.016697,0.019313
31,100,0.203048,0.048158,0.021802,0.009842,0.011612,0.011839,0.011106,0.009124,0.011377,0.009136,0.010282,0.014481
31,100,0.010594,0.012928,0.180456,0.01041,0.016629,0.018089,0.015768,0.015198,0.016826,0.014778,0.015672,0.01848
41,0,0.132779,0.069928,0.124218,0.018345,0.020629,0.021304,0.021088,0.018291,0.022642,0.018715,0.021931,0.025598
41,0,0.134387,0.071671,0.183452,0.017876,0.022883,0.023389,0.02058,0.017966,0.02153,0.018623,0.021756,0.024874
41,0,0.036547,0.036603,0.230909,0.018382,0.048885,0.041111,0.046736,0.040817,0.038501,0.026903,0.047568,0.050197
41,0,0.252157,0.097205,0.10372,0.020517,0.024754,0.026658,0.02389,0.021427,0.025032,0.020457,0.023515,0.02849
41,0,0.009993,0.018194,0.249514,0.021955,0.023658,0.025068,0.023617,0.021851,0.02443,0.021424,0.022916,0.025346
41,0,0.005641,0.021101,0.214329,0.021677,0.024228,0.024801,0.023052,0.020805,0.02385,0.020966,0.023413,0.026793
41,0,0.006143,0.021279,0.226747,0.02137,0.023851,0.02439,0.023003,0.021443,0.024228,0.021357,0.021392,0.023641
41,0,0.02423,0.029435,0.188995,0.019727,0.037066,0.035973,0.039497,0.033928,0.042707,0.033778,0.039679,0.041117
41,0,0.010188,0.019011,0.22866,0.021271,0.024756,0.024611,0.023148,0.020551,0.023474,0.021591,0.023019,0.025782
41,0,0.019132,0.029147,0.255174,0.027256,0.021046,0.023242,0.023545,0.021403,0.02389,0.021497,0.023321,0.026831
41,0,0.166282,0.082645,0.217057,0.018531,0.021863,0.023357,0.021366,0.01796,0.021715,0.017651,0.020923,0.024834
41,0,0.022779,0.029097,0.219138,0.018258,0.033156,0.031794,0.035523,0.028346,0.038948,0.030509,0.037147,0.033522
41,0,0.08166,0.059453,0.212296,0.017911,0.021756,0.023178,0.021216,0.018116,0.022101,0.017547,0.021107,0.025009
41,0,0.008592,0.015022,0.22878,0.0176,0.018353,0.020234,0.019847,0.018167,0.020938,0.018432,0.020774,0.02186
41,0,0.486364,0.129358,0.088537,0.019182,0.021146,0.025413,0.022536,0.021408,0.022623,0.017634,0.020893,0.025811
41,0,0.015465,0.022446,0.227383,0.018171,0.038896,0.031495,0.036084,0.029419,0.037119,0.028951,0.036614,0.037956
41,0,0.182343,0.081747,0.148256,0.018352,0.020259,0.021538,0.020395,0.017629,0.02071,0.017967,0.021168,0.024994
41,0,0.180148,0.079749,0.197994,0.018561,0.021369,0.021961,0.021448,0.017682,0.022113,0.017973,0.020778,0.025522
41,0,0.169506,0.079914,0.203835,0.018091,0.02042,0.021067,0.021237,0.017991,0.022133,0.016945,0.020943,0.024987
41,0,0.126359,0.064768,0.232557,0.018486,0.035512,0.035252,0.03696,0.029081,0.039437,0.027947,0.038032,0.035546
41,0,0.181787,0.084611,0.08363,0.018784,0.020618,0.021439,0.020847,0.018316,0.021744,0.017871,0.021141,0.024768
41,0,0.007622,0.015166,0.242531,0.018354,0.020719,0.018816,0.019577,0.017149,0.021677,0.01807,0.021271,0.022643
41,0,0.016765,0.022395,0.236851,0.018241,0.023236,0.021922,0.020689,0.018428,0.021158,0.017983,0.020592,0.022723
41,0,0.054172,0.04351,0.197038,0.018352,0.020988,0.020975,0.020841,0.018177,0.021274,0.017997,0.020664,0.025758
41,0,0.320747,0.103026,0.110631,0.018112,0.021688,0.026586,0.021301,0.018344,0.021905,0.018175,0.021282,0.02457
41,0,0.376092,0.111038,0.10456,0.022713,0.024346,0.027004,0.025064,0.02039,0.024725,0.021212,0.023795,0.028749
41,0,0.015478,0.029778,0.233531,0.020359,0.022398,0.023676,0.022423,0.020794,0.022765,0.020899,0.021792,0.025634
41,0,0.047135,0.043798,0.218669,0.022137,0.058955,0.049317,0.053405,0.041973,0.041642,0.031872,0.058066,0.05302
41,0,0.290556,0.106974,0.11011,0.02092,0.022913,0.022085,0.022016,0.017758,0.021987,0.018353,0.023383,0.025426
41,0,0.01815,0.026611,0.236447,0.018485,0.035541,0.037996,0.037973,0.02754,0.039106,0.029821,0.038312,0.035796
41,20,0.137149,0.07466,0.096038,0.01986,0.019731,0.02053,0.021959,0.018988,0.021768,0.018169,0.02209,0.024888
41,20,0.130701,0.077615,0.186222,0.018551,0.019836,0.021887,0.020034,0.018421,0.022372,0.022488,0.022817,0.024796
41,20,0.038157,0.036531,0.211478,0.018132,0.051428,0.045714,0.050608,0.044285,0.038354,0.02876,0.052616,0.050917
41,20,0.259103,0.09694,0.171819,0.017334,0.019588,0.020981,0.021018,0.017681,0.021618,0.018003,0.021497,0.02464
41,20,0.007733,0.01522,0.245676,0.018566,0.024016,0.020402,0.020509,0.017546,0.021212,0.017657,0.020971,0.022617
41,20,0.009547,0.017815,0.248952,0.018082,0.021539,0.020971,0.020028,0.017877,0.021222,0.017447,0.020196,0.023069
41,20,0.008013,0.015203,0.211024,0.018483,0.021925,0.020937,0.021282,0.017922,0.022064,0.018241,0.021149,0.023664
41,20,0.025136,0.029775,0.233162,0.017744,0.035737,0.03244,0.037027,0.028971,0.037978,0.029551,0.035689,0.036057
41,20,0.005063,0.022496,0.219238,0.017549,0.021507,0.022297,0.020887,0.018177,0.021291,0.01825,0.021726,0.024541
41,20,0.01251,0.025245,0.224085,0.018313,0.021566,0.022529,0.021267,0.017416,0.021955,0.018459,0.02091,0.026437
41,20,0.144857,0.074893,0.194365,0.019836,0.021222,0.020856,0.021405,0.018334,0.021901,0.017906,0.020952,0.024946
41,20,0.020645,0.032762,0.259343,0.018423,0.033959,0.029987,0.037319,0.027845,0.039463,0.028267,0.037298,0.035669
41,20,0.077322,0.054004,0.217348,0.017377,0.022022,0.022446,0.021253,0.017527,0.021783,0.017542,0.02128,0.026161
41,20,0.008272,0.015178,0.228745,0.018316,0.017829,0.021991,0.021323,0.016843,0.022305,0.018888,0.02094,0.022853
41,20,0.483183,0.128093,0.089905,0.018058,0.020543,0.021929,0.021268,0.01678,0.022599,0.018093,0.021956,0.02563
41,20,0.015389,0.022273,0.242618,0.017319,0.035722,0.032805,0.036363,0.028771,0.037774,0.032885,0.037273,0.035795
41,20,0.180984,0.080613,0.154072,0.018935,0.021105,0.023974,0.020581,0.018113,0.022197,0.018051,0.022248,0.02372
41,20,0.179385,0.079341,0.179865,0.018575,0.020987,0.023909,0.021949,0.017665,0.023849,0.016567,0.021243,0.024556
41,20,0.16926,0.080643,0.176449,0.020305,0.021544,0.022463,0.020436,0.018378,0.021485,0.018331,0.021446,0.024805
41,20,0.125001,0.065542,0.259967,0.018394,0.03331,0.031282,0.035762,0.02677,0.037346,0.028238,0.038571,0.034168
41,20,0.183893,0.081194,0.094497,0.019924,0.023455,0.02539,0.023118,0.021262,0.024942,0.021082,0.02375,0.027932
41,20,0.009323,0.018219,0.215066,0.021702,0.024234,0.025854,0.023874,0.021202,0.024236,0.020427,0.022682,0.025496
41,20,0.018982,0.027198,0.222119,0.021143,0.021531,0.022418,0.022882,0.020903,0.02384,0.021216,0.0236,0.026473
41,20,0.067516,0.052122,0.208433,0.020716,0.024149,0.025899,0.023891,0.021359,0.021577,0.019295,0.023977,0.025598
41,20,0.318447,0.104423,0.096844,0.022364,0.023608,0.025255,0.023621,0.021253,0.024303,0.02127,0.026668,0.031215
41,20,0.462995,0.134938,0.123764,0.020906,0.022638,0.025569,0.023344,0.021712,0.024534,0.021493,0.025223,0.027687
41,20,0.019057,0.026741,0.208726,0.021525,0.023485,0.025764,0.024392,0.019938,0.023834,0.021606,0.022179,0.02546
41,20,0.034691,0.035099,0.247533,0.018095,0.04867,0.045062,0.046571,0.040399,0.03223,0.028155,0.05222,0.051263
41,20,0.268067,0.095285,0.089039,0.022549,0.018663,0.02096,0.021276,0.017673,0.02049,0.017677,0.02072,0.024405
41,20,0.011995,0.024468,0.214989,0.018274,0.035249,0.030003,0.037249,0.030966,0.038397,0.029985,0.035878,0.035681
41,40,0.137224,0.07568,0.097051,0.02142,0.019702,0.021106,0.022162,0.018015,0.02201,0.017697,0.021217,0.024592
41,40,0.136507,0.072329,0.20017,0.018606,0.021921,0.022533,0.022716,0.018313,0.022796,0.017585,0.021427,0.029925
41,40,0.037018,0.036887,0.214369,0.018426,0.04478,0.044501,0.051851,0.037482,0.039233,0.028571,0.052127,0.049497
41,40,0.258488,0.096104,0.114768,0.018142,0.021134,0.020833,0.020226,0.01775,0.021873,0.017649,0.020589,0.024479
41,40,0.007548,0.014996,0.253228,0.018418,0.021627,0.021048,0.020848,0.018233,0.02135,0.018181,0.022189,0.021041
41,40,0.007324,0.015016,0.220492,0.017935,0.020109,0.021554,0.020529,0.017828,0.020942,0.01792,0.020759,0.023608
41,40,0.004963,0.017302,0.202865,0.018495,0.020587,0.019816,0.020459,0.017877,0.021582,0.018157,0.021061,0.022113
41,40,0.02536,0.029237,0.227577,0.018412,0.03412,0.033517,0.040593,0.033204,0.038235,0.027846,0.03695,0.035933
41,40,0.008572,0.016846,0.259009,0.017372,0.01877,0.019884,0.020641,0.017164,0.020755,0.018455,0.020302,0.022591
41,40,0.013764,0.025177,0.254499,0.01808,0.022633,0.020427,0.020958,0.018742,0.021526,0.01799,0.021384,0.022572
41,40,0.144705,0.071605,0.174145,0.019916,0.023647,0.025568,0.022963,0.020441,0.024538,0.021282,0.023237,0.027997
41,40,0.023637,0.037954,0.230389,0.021768,0.035803,0.036817,0.039833,0.033735,0.041044,0.034383,0.040105,0.040589
41,40,0.096932,0.069554,0.226602,0.022799,0.024412,0.023762,0.019043,0.017935,0.018592,0.017949,0.022078,0.028153
41,40,0.009954,0.018893,0.241523,0.020837,0.022267,0.022397,0.022983,0.021064,0.023334,0.021299,0.024145,0.026177
41,40,0.584916,0.156347,0.085611,0.023907,0.024229,0.027236,0.024053,0.02099,0.023919,0.020681,0.020982,0.024527
41,40,0.015419,0.022261,0.231581,0.019,0.030354,0.031807,0.029089,0.028946,0.039109,0.028555,0.037272,0.037808
41,40,0.182294,0.080153,0.161237,0.020587,0.018965,0.021217,0.022536,0.018435,0.022458,0.017116,0.02028,0.024576
41,40,0.179615,0.079055,0.151245,0.017633,0.021642,0.024708,0.020788,0.018536,0.02154,0.022133,0.020812,0.024132
41,40,0.168076,0.079791,0.163487,0.018613,0.02099,0.023308,0.021853,0.018202,0.02216,0.018263,0.023219,0.025232
41,40,0.124465,0.065514,0.231158,0.01814,0.033641,0.031739,0.036962,0.035154,0.042707,0.028455,0.036263,0.039783
41,40,0.177371,0.084035,0.101779,0.021393,0.022097,0.022564,0.021566,0.018253,0.021637,0.017827,0.02128,0.02443
41,40,0.004842,0.017705,0.226926,0.017815,0.021005,0.022072,0.020443,0.018721,0.021897,0.018424,0.020476,0.022385
41,40,0.017151,0.022451,0.212357,0.018032,0.019838,0.020848,0.020343,0.017564,0.021271,0.017751,0.020541,0.022592
41,40,0.055013,0.042705,0.215479,0.020056,0.023927,0.025515,0.022999,0.020857,0.02435,0.021802,0.023571,0.029098
41,40,0.394552,0.124038,0.116028,0.021376,0.021276,0.0257,0.023412,0.021392,0.024215,0.021391,0.023368,0.02885
41,40,0.457535,0.136992,0.112604,0.020865,0.022326,0.023195,0.02177,0.017791,0.021669,0.017901,0.021292,0.02536
41,40,0.015472,0.022078,0.230337,0.018322,0.021405,0.021538,0.021333,0.017595,0.020876,0.017947,0.020164,0.02255
41,40,0.040056,0.036471,0.230185,0.018034,0.042144,0.039368,0.040814,0.035057,0.036345,0.027449,0.050633,0.046158
41,40,0.267237,0.095997,0.091441,0.019218,0.020227,0.02082,0.021,0.016447,0.021207,0.018241,0.020515,0.024793
41,40,0.014944,0.022296,0.232847,0.018257,0.035565,0.032152,0.036888,0.02906,0.037961,0.033755,0.038194,0.034592
41,60,0.137546,0.073873,0.114438,0.017883,0.020817,0.02237,0.02032,0.018595,0.020618,0.018166,0.022227,0.028732
41,60,0.132202,0.074712,0.18162,0.018226,0.020856,0.022064,0.020814,0.018051,0.022501,0.017918,0.021201,0.025463
41,60,0.037351,0.035921,0.240983,0.017916,0.049078,0.044356,0.050804,0.035562,0.036247,0.028464,0.053896,0.044999
41,60,0.257159,0.098408,0.096715,0.020137,0.023039,0.025933,0.024892,0.022173,0.024698,0.021027,0.024285,0.028642
41,60,0.009212,0.018258,0.240655,0.021802,0.022212,0.025761,0.024035,0.021508,0.025257,0.020423,0.023246,0.026141
41,60,0.005614,0.021148,0.231313,0.020388,0.026097,0.031611,0.023428,0.022023,0.024744,0.021598,0.023394,0.026816
41,60,0.006044,0.023787,0.216945,0.021485,0.023082,0.024029,0.02344,0.020719,0.024166,0.021734,0.021647,0.028389
41,60,0.023821,0.02986,0.216592,0.021743,0.030507,0.030961,0.033312,0.028205,0.03807,0.030123,0.0384,0.035894
41,60,0.008655,0.016525,0.221064,0.017969,0.02091,0.019767,0.020171,0.017691,0.020886,0.018376,0.022195,0.02075
41,60,0.017099,0.022547,0.231676,0.018382,0.020633,0.019688,0.020321,0.01898,0.021428,0.018331,0.020811,0.022088
41,60,0.147747,0.072138,0.214423,0.018117,0.020591,0.021678,0.01985,0.017117,0.022515,0.01797,0.021375,0.024442
41,60,0.022156,0.029024,0.220738,0.018294,0.036263,0.0335,0.038306,0.026652,0.039463,0.029576,0.037316,0.036862
41,60,0.08082,0.058743,0.214033,0.018639,0.021818,0.022106,0.021452,0.018455,0.021722,0.01839,0.021995,0.025364
41,60,0.007393,0.015089,0.247694,0.015947,0.014306,0.016117,0.013734,0.014438,0.021021,0.02143,0.02056,0.02605
41,60,0.482642,0.128546,0.088121,0.018234,0.020805,0.02391,0.019827,0.017005,0.021219,0.018103,0.021212,0.025908
41,60,0.015441,0.022563,0.230499,0.018103,0.032155,0.030612,0.038077,0.032599,0.034794,0.028825,0.036141,0.034289
41,60,0.18221,0.08199,0.151753,0.017822,0.023164,0.020764,0.02152,0.018182,0.022542,0.016624,0.02175,0.025596
41,60,0.178267,0.08165,0.210655,0.017902,0.020603,0.021651,0.020389,0.018273,0.021711,0.018024,0.021968,0.025289
41,60,0.16829,0.083053,0.171192,0.018483,0.022684,0.021043,0.021993,0.018392,0.023156,0.01801,0.02187,0.025254
41,60,0.127989,0.065064,0.243982,0.018909,0.034112,0.036246,0.041131,0.027785,0.039872,0.030766,0.036882,0.036227
41,60,0.181754,0.083415,0.11645,0.020955,0.019683,0.020978,0.021179,0.017818,0.021196,0.017114,0.02137,0.024178
41,60,0.007642,0.015153,0.249772,0.018787,0.019294,0.01973,0.021465,0.019117,0.022219,0.018131,0.02084,0.022872
41,60,0.017482,0.02239,0.21711,0.021557,0.019649,0.018982,0.020438,0.017937,0.021526,0.0187,0.02065,0.023193
41,60,0.055784,0.043642,0.203302,0.018371,0.020215,0.020116,0.020592,0.017818,0.021193,0.01743,0.021282,0.026048
41,60,0.313665,0.112782,0.1151,0.020369,0.021605,0.020976,0.020257,0.017777,0.021367,0.017785,0.021291,0.025515
41,60,0.37796,0.111492,0.085287,0.0178,0.022244,0.02303,0.021376,0.018548,0.021602,0.018422,0.021188,0.024368
41,60,0.016344,0.022013,0.246126,0.018227,0.019972,0.019879,0.020323,0.018067,0.020929,0.017861,0.02109,0.022961
41,60,0.039517,0.036351,0.274209,0.01855,0.048077,0.048653,0.049124,0.036356,0.035477,0.027705,0.044655,0.051823
41,60,0.26963,0.102273,0.118969,0.021496,0.021939,0.021715,0.02005,0.018111,0.020747,0.017405,0.02181,0.025001
41,60,0.015803,0.022747,0.25325,0.017482,0.037692,0.036241,0.033063,0.026921,0.036736,0.029208,0.036433,0.035746
41,80,0.137861,0.072091,0.122972,0.019882,0.022042,0.025491,0.024002,0.021674,0.025262,0.021107,0.024502,0.029005
41,80,0.166488,0.087628,0.202447,0.021431,0.023867,0.024134,0.023433,0.02264,0.02506,0.02136,0.023839,0.028332
41,80,0.043775,0.043467,0.217164,0.021002,0.053213,0.048209,0.053654,0.044273,0.0425,0.033446,0.048217,0.04789
41,80,0.254693,0.096366,0.120059,0.018032,0.022749,0.0228,0.02119,0.018062,0.024173,0.019345,0.021719,0.024153
41,80,0.00846,0.016142,0.245385,0.018538,0.022248,0.02179,0.021342,0.017511,0.022162,0.01858,0.021768,0.022751
41,80,0.007826,0.015563,0.231247,0.017716,0.022313,0.020244,0.020666,0.01797,0.021195,0.01836,0.020873,0.02334
41,80,0.007689,0.015047,0.246439,0.019863,0.021796,0.021922,0.020615,0.020665,0.022072,0.017741,0.020479,0.022613
41,80,0.025271,0.029473,0.222694,0.018685,0.031114,0.032214,0.035934,0.02911,0.038548,0.028331,0.034517,0.037612
41,80,0.008573,0.015508,0.236981,0.018126,0.023058,0.021723,0.020492,0.018072,0.021464,0.01835,0.02094,0.022664
41,80,0.015414,0.022644,0.243861,0.0178,0.019889,0.0193,0.021222,0.018221,0.021269,0.017708,0.019938,0.022212
41,80,0.146013,0.072678,0.192508,0.018036,0.021076,0.023729,0.020532,0.018134,0.021675,0.022486,0.021699,0.02394
41,80,0.02316,0.029136,0.195758,0.018195,0.036909,0.035297,0.037254,0.029148,0.03685,0.028616,0.03234,0.034145
41,80,0.079644,0.057548,0.213517,0.01839,0.018889,0.02129,0.020181,0.017942,0.021956,0.018081,0.021694,0.026033
41,80,0.007668,0.017653,0.251235,0.018264,0.021406,0.021368,0.021099,0.01789,0.023376,0.018626,0.020216,0.022548
41,80,0.471226,0.126818,0.090518,0.019368,0.019769,0.022269,0.021948,0.019341,0.020323,0.017281,0.02139,0.025248
41,80,0.015041,0.021015,0.233618,0.01817,0.035091,0.032332,0.036936,0.030629,0.039342,0.030375,0.036987,0.036446
41,80,0.1788,0.080681,0.161338,0.017084,0.022516,0.023302,0.021175,0.018301,0.02246,0.018973,0.021421,0.025063
41,80,0.178467,0.083839,0.17863,0.018289,0.01982,0.021591,0.021387,0.018078,0.02248,0.018252,0.020974,0.025639
41,80,0.169847,0.081274,0.1203,0.018463,0.022176,0.023087,0.020624,0.018534,0.022186,0.01818,0.020731,0.024813
41,80,0.126704,0.065388,0.252408,0.018406,0.037092,0.033634,0.03598,0.034269,0.040856,0.029792,0.038896,0.034457
41,80,0.185803,0.081989,0.104012,0.018685,0.021757,0.021352,0.021694,0.018677,0.022064,0.017654,0.02102,0.024926
41,80,0.00749,0.01503,0.227677,0.018355,0.021054,0.019719,0.021555,0.016538,0.021412,0.017958,0.021225,0.0225
41,80,0.016951,0.02238,0.212511,0.017165,0.018974,0.019164,0.020546,0.017873,0.021268,0.018009,0.021045,0.022101
41,80,0.054301,0.042961,0.213659,0.017747,0.021858,0.022709,0.021348,0.017713,0.023234,0.018044,0.021597,0.025312
41,80,0.323418,0.108181,0.106791,0.01883,0.022383,0.023703,0.021768,0.018097,0.02281,0.018432,0.021016,0.025247
41,80,0.3745,0.111974,0.101862,0.017989,0.02167,0.022271,0.020606,0.018285,0.02106,0.017726,0.022179,0.024096
41,80,0.015256,0.021924,0.243534,0.018319,0.02283,0.020037,0.021864,0.017124,0.021133,0.018317,0.020095,0.022993
41,80,0.039125,0.036332,0.225852,0.017614,0.050835,0.047718,0.049779,0.03733,0.03543,0.027449,0.050671,0.050207
41,80,0.263585,0.097776,0.111111,0.017885,0.022221,0.023548,0.02155,0.017977,0.02185,0.018048,0.020853,0.023817
41,80,0.013149,0.024832,0.240585,0.015649,0.023202,0.02334,0.034109,0.02513,0.036862,0.031301,0.036139,0.034877
41,100,0.137403,0.075218,0.106661,0.018386,0.020453,0.022492,0.022117,0.017995,0.02084,0.018039,0.02105,0.024509
41,100,0.133168,0.073699,0.165686,0.017443,0.021836,0.021614,0.020769,0.017691,0.023136,0.017578,0.020636,0.025104
41,100,0.03328,0.03834,0.251848,0.017491,0.053172,0.040228,0.054714,0.035498,0.039097,0.027767,0.051868,0.047836
41,100,0.255331,0.09692,0.088233,0.017787,0.022742,0.023131,0.021899,0.018417,0.022592,0.017909,0.021407,0.02565
41,100,0.007665,0.015317,0.243906,0.017752,0.020843,0.019382,0.021694,0.018214,0.021081,0.017946,0.02103,0.023129
41,100,0.007923,0.015789,0.214601,0.018,0.022727,0.022331,0.021329,0.017144,0.021091,0.018097,0.021907,0.023019
41,100,0.004998,0.017738,0.186394,0.018026,0.020162,0.019585,0.021295,0.017575,0.020687,0.017899,0.022053,0.021827
41,100,0.023096,0.028841,0.220311,0.017903,0.034786,0.032656,0.037289,0.029777,0.037851,0.029331,0.036632,0.035264
41,100,0.010057,0.015923,0.251578,0.018082,0.019521,0.018555,0.020437,0.018513,0.020283,0.017533,0.021637,0.02091
41,100,0.016353,0.022603,0.19343,0.017985,0.018937,0.020792,0.020551,0.017148,0.022577,0.018527,0.020838,0.022076
41,100,0.145863,0.071166,0.182611,0.017745,0.020222,0.021804,0.021196,0.018783,0.021636,0.017809,0.021349,0.02429
41,100,0.02326,0.02955,0.216961,0.018033,0.034179,0.031959,0.036177,0.028165,0.040107,0.029299,0.037286,0.035224
41,100,0.078657,0.059826,0.164605,0.018317,0.020166,0.021308,0.020544,0.018016,0.021922,0.017981,0.021116,0.028265
41,100,0.007487,0.015177,0.244261,0.017379,0.020771,0.01979,0.020389,0.018401,0.021472,0.018094,0.020848,0.022287
41,100,0.482039,0.128726,0.040625,0.018271,0.021138,0.024061,0.020702,0.017736,0.021886,0.018091,0.021161,0.02715
41,100,0.014976,0.022205,0.22997,0.01792,0.030386,0.030462,0.031603,0.02675,0.034172,0.027437,0.023072,0.026283
41,100,0.176973,0.076489,0.131126,0.018337,0.021103,0.022198,0.020474,0.018672,0.017519,0.017112,0.021066,0.024666
41,100,0.177184,0.083039,0.17686,0.01776,0.020082,0.021651,0.021573,0.018148,0.021863,0.017408,0.0223,0.026299
41,100,0.168061,0.078186,0.14944,0.021094,0.019936,0.021229,0.019622,0.016861,0.022971,0.018642,0.020746,0.025554
41,100,0.126449,0.065737,0.211641,0.018144,0.038523,0.033335,0.03774,0.028849,0.04033,0.030157,0.036616,0.035632
41,100,0.1812,0.084282,0.062077,0.02247,0.022779,0.021333,0.021895,0.018131,0.022492,0.017876,0.02083,0.025552
41,100,0.007669,0.015387,0.231056,0.018661,0.022115,0.022105,0.022055,0.018462,0.022973,0.018166,0.022008,0.022543
41,100,0.017505,0.022397,0.221253,0.018006,0.021224,0.021664,0.020468,0.018198,0.021469,0.018736,0.021064,0.022831
41,100,0.05517,0.04337,0.169031,0.018485,0.020881,0.021277,0.020926,0.018011,0.02095,0.017981,0.021271,0.0251
41,100,0.322331,0.10363,0.137584,0.018054,0.019682,0.022018,0.020407,0.017952,0.021589,0.018383,0.021429,0.025068
41,100,0.376339,0.114626,0.053229,0.018422,0.021688,0.022118,0.020925,0.018197,0.021101,0.017808,0.021458,0.024578
41,100,0.015317,0.021821,0.238005,0.018119,0.020312,0.02062,0.020171,0.017431,0.020388,0.018074,0.020704,0.023045
41,100,0.036431,0.039432,0.230113,0.017854,0.045725,0.04437,0.050244,0.035848,0.037865,0.031533,0.04964,0.052243
41,100,0.3207,0.115349,0.065008,0.024093,0.022189,0.024626,0.02394,0.021498,0.024316,0.021337,0.024113,0.028533
41,100,0.014677,0.029724,0.243683,0.021309,0.0407,0.036544,0.041789,0.036412,0.039418,0.02762,0.035618,0.03591
51,0,0.143583,0.109225,0.222216,0.034612,0.037146,0.03993,0.036478,0.034783,0.036946,0.033713,0.039321,0.040304
51,0,0.198448,0.146013,0.245524,0.032231,0.038476,0.045417,0.036256,0.033309,0.038758,0.034899,0.036676,0.043082
51,0,0.025132,0.044574,0.314337,0.03099,0.037246,0.042139,0.037814,0.025747,0.033841,0.029339,0.034202,0.037237
51,0,0.293047,0.16125,0.239668,0.031971,0.036234,0.035574,0.033958,0.029767,0.035504,0.0303,0.034381,0.039044
51,0,0.011492,0.026762,0.334349,0.029411,0.033467,0.03315,0.033306,0.028183,0.036008,0.031757,0.034334,0.034611
51,0,0.011449,0.026694,0.270823,0.036299,0.036437,0.038023,0.034663,0.031917,0.035572,0.0319,0.035977,0.041779
51,0,0.013029,0.030587,0.272064,0.033568,0.036573,0.040258,0.036331,0.030956,0.037343,0.035816,0.035678,0.040362
51,0,0.039492,0.058533,0.303444,0.033339,0.05402,0.052648,0.052782,0.044902,0.054603,0.042216,0.053158,0.054458
51,0,0.013636,0.026247,0.311395,0.033292,0.032426,0.031559,0.032658,0.029841,0.035708,0.030063,0.032925,0.035744
51,0,0.021226,0.037114,0.329785,0.028132,0.034603,0.03518,0.033963,0.027073,0.035714,0.029511,0.033662,0.035551
51,0,0.291181,0.164742,0.263749,0.028248,0.033587,0.035596,0.031874,0.027876,0.033968,0.031278,0.032502,0.038852
51,0,0.032836,0.050425,0.328713,0.028953,0.053754,0.050007,0.04729,0.043673,0.045594,0.040214,0.052799,0.051249
51,0,0.10028,0.099236,0.267059,0.028284,0.03295,0.033708,0.032084,0.028302,0.034555,0.029378,0.032243,0.036641
51,0,0.011143,0.025979,0.305739,0.029166,0.034748,0.034494,0.032844,0.029745,0.033074,0.028639,0.032166,0.034071
51,0,0.505685,0.218676,0.196413,0.029245,0.033544,0.036797,0.032576,0.027652,0.03345,0.028585,0.03248,0.044447
51,0,0.021244,0.038891,0.294967,0.029279,0.0568,0.052874,0.055665,0.040091,0.059247,0.046832,0.052245,0.055128
51,0,0.162746,0.133391,0.242802,0.028136,0.03381,0.036659,0.03343,0.029266,0.035244,0.03024,0.033774,0.037783
51,0,0.172493,0.121499,0.23022,0.028354,0.034949,0.035487,0.035695,0.02737,0.034013,0.029367,0.032709,0.03808
51,0,0.162536,0.13276,0.234254,0.028759,0.033636,0.035184,0.034988,0.030117,0.033806,0.029277,0.035606,0.03451
51,0,0.05858,0.078979,0.292367,0.029254,0.054898,0.051394,0.057067,0.044666,0.05645,0.042236,0.054711,0.0542
51,0,0.301284,0.158337,0.124703,0.030818,0.037576,0.041428,0.036187,0.033484,0.036559,0.033548,0.036569,0.042915
51,0,0.012465,0.035714,0.306214,0.034188,0.038909,0.035518,0.035951,0.03374,0.037106,0.034989,0.038018,0.037042
51,0,0.024127,0.04435,0.312728,0.033348,0.026709,0.030631,0.032505,0.032794,0.034097,0.029367,0.029928,0.033621
51,0,0.087195,0.086003,0.278592,0.02985,0.033739,0.033043,0.031645,0.02745,0.033731,0.028512,0.031348,0.037518
51,0,0.461331,0.200516,0.218761,0.029314,0.034487,0.038569,0.034963,0.029088,0.035115,0.030595,0.032283,0.037559
51,0,0.356187,0.176967,0.160795,0.028654,0.034339,0.037099,0.033187,0.029492,0.033199,0.030229,0.034952,0.038911
51,0,0.022731,0.038529,0.291467,0.028778,0.037096,0.030885,0.031652,0.02888,0.0349,0.032395,0.033985,0.036071
51,0,0.053218,0.062885,0.320924,0.028115,0.07473,0.074842,0.073424,0.06507,0.055025,0.045385,0.074605,0.073364
51,0,0.310833,0.171551,0.189225,0.028601,0.033965,0.036421,0.032871,0.028754,0.034096,0.027665,0.034897,0.037952
51,0,0.020903,0.037681,0.320045,0.028653,0.053434,0.051611,0.051775,0.042829,0.053695,0.044392,0.054111,0.055927
51,20,0.148472,0.109996,0.223085,0.028083,0.03349,0.034582,0.033747,0.028208,0.033233,0.028962,0.034539,0.038464
51,20,0.163721,0.122068,0.239504,0.028568,0.033972,0.035685,0.03394,0.030061,0.034403,0.029084,0.033713,0.037444
51,20,0.021302,0.038625,0.318333,0.028693,0.033809,0.033478,0.031555,0.027755,0.03413,0.029423,0.033943,0.032611
51,20,0.280491,0.158464,0.267238,0.027443,0.029703,0.037469,0.035792,0.031154,0.036198,0.031232,0.032468,0.034678
51,20,0.012013,0.024909,0.338354,0.032223,0.034208,0.029625,0.032994,0.028572,0.033752,0.030708,0.034783,0.033655
51,20,0.010761,0.026404,0.317836,0.028529,0.034582,0.033505,0.032903,0.029166,0.033733,0.030226,0.035375,0.034952
51,20,0.005529,0.032411,0.265118,0.029583,0.035378,0.033682,0.032575,0.028384,0.034332,0.029185,0.0321,0.034069
51,20,0.034959,0.050499,0.305182,0.028978,0.055073,0.053837,0.059771,0.047196,0.058629,0.043513,0.054156,0.056344
51,20,0.01171,0.030853,0.329571,0.026473,0.034074,0.034372,0.032385,0.029417,0.036422,0.026712,0.033244,0.035391
51,20,0.022768,0.037976,0.323246,0.031034,0.034198,0.035324,0.032172,0.029085,0.034031,0.032983,0.033618,0.035057
51,20,0.289377,0.160279,0.259977,0.028476,0.037087,0.034242,0.032898,0.029364,0.034598,0.028847,0.033466,0.034196
51,20,0.025352,0.058993,0.330607,0.028953,0.054703,0.052054,0.055151,0.044902,0.058418,0.042501,0.05645,0.050369
51,20,0.101216,0.099442,0.249468,0.028691,0.034705,0.03437,0.031404,0.027005,0.035046,0.030618,0.031792,0.035565
51,20,0.004805,0.030701,0.312175,0.029147,0.03384,0.035581,0.033115,0.029676,0.034176,0.02991,0.033373,0.034291
51,20,0.518723,0.213446,0.161807,0.030781,0.034227,0.03705,0.03228,0.02816,0.033734,0.028109,0.031948,0.038156
51,20,0.021866,0.038968,0.302798,0.031527,0.055924,0.052004,0.052891,0.043962,0.053787,0.049156,0.054195,0.05341
51,20,0.170959,0.123264,0.222183,0.031714,0.035946,0.038781,0.036998,0.034201,0.038249,0.034666,0.038427,0.048836
51,20,0.197169,0.149483,0.242337,0.033197,0.039276,0.042598,0.035828,0.032173,0.038424,0.035056,0.035408,0.044256
51,20,0.212119,0.144802,0.265789,0.031099,0.035804,0.034707,0.034456,0.028516,0.035017,0.030352,0.034138,0.037257
51,20,0.065879,0.07453,0.28168,0.029179,0.056755,0.054879,0.055534,0.045647,0.056944,0.044786,0.054359,0.051458
51,20,0.303056,0.160093,0.097381,0.031019,0.038547,0.042084,0.035766,0.032785,0.036676,0.033752,0.037117,0.043569
51,20,0.006397,0.036356,0.310674,0.033374,0.036063,0.038548,0.036026,0.034729,0.0357,0.032749,0.036502,0.038572
51,20,0.024803,0.044923,0.30851,0.033343,0.036372,0.03754,0.035433,0.031927,0.037154,0.027561,0.033444,0.035693
51,20,0.081137,0.09152,0.3109,0.029151,0.034678,0.036359,0.032971,0.029171,0.033287,0.027665,0.033616,0.038077
51,20,0.460747,0.197901,0.261539,0.029096,0.035313,0.036718,0.032359,0.028694,0.025739,0.024313,0.021446,0.028467
51,20,0.356989,0.180693,0.109033,0.030389,0.038313,0.039129,0.03192,0.028558,0.032975,0.02872,0.034746,0.0374
51,20,0.022508,0.038428,0.290954,0.028519,0.033431,0.036125,0.034529,0.027366,0.033407,0.030191,0.032569,0.033737
51,20,0.053046,0.062907,0.341376,0.028388,0.075314,0.070241,0.076258,0.060134,0.057738,0.047196,0.077376,0.072401
51,20,0.310078,0.174499,0.136528,0.030733,0.038211,0.039416,0.037665,0.03475,0.036605,0.035042,0.037237,0.044468
51,20,0.024142,0.045309,0.354326,0.034138,0.062203,0.058595,0.059777,0.055651,0.063398,0.052257,0.061753,0.061594
51,40,0.174899,0.130784,0.122457,0.033423,0.037324,0.041212,0.038361,0.033505,0.037602,0.034019,0.037028,0.042953
51,40,0.189625,0.150877,0.239563,0.036761,0.036629,0.045008,0.037893,0.035518,0.037176,0.033305,0.038353,0.040597
51,40,0.01946,0.049757,0.305689,0.033698,0.037743,0.033634,0.034218,0.025163,0.034379,0.029977,0.032282,0.034994
51,40,0.294129,0.162003,0.235857,0.028979,0.035666,0.036796,0.034524,0.029957,0.034968,0.029641,0.033036,0.035705
51,40,0.010622,0.025547,0.319356,0.0291,0.034339,0.035042,0.03248,0.029987,0.034971,0.028133,0.034257,0.034997
51,40,0.010704,0.025962,0.299601,0.031079,0.028696,0.032605,0.032707,0.035979,0.037833,0.033186,0.034604,0.040334
51,40,0.007816,0.037042,0.278081,0.034375,0.038626,0.040177,0.034636,0.033057,0.036669,0.034319,0.035046,0.037691
51,40,0.038147,0.058483,0.292835,0.033966,0.058453,0.052473,0.055047,0.043579,0.059293,0.049279,0.056667,0.054305
51,40,0.012329,0.027026,0.334449,0.029816,0.033116,0.032384,0.031802,0.028108,0.032054,0.028071,0.033688,0.040074
51,40,0.023339,0.038039,0.329195,0.029008,0.033667,0.03303,0.0346,0.028031,0.033937,0.030156,0.030952,0.034102
51,40,0.298381,0.160724,0.253974,0.029296,0.033992,0.035109,0.031614,0.027443,0.034725,0.02938,0.034277,0.035184
51,40,0.029087,0.054501,0.324414,0.028689,0.057525,0.050122,0.055819,0.045078,0.057448,0.045581,0.054579,0.055204
51,40,0.101214,0.096952,0.230434,0.028794,0.03402,0.036501,0.033001,0.029775,0.035119,0.030094,0.033392,0.037674
51,40,0.012401,0.026168,0.325047,0.029034,0.034414,0.035668,0.033755,0.027148,0.031831,0.027274,0.033176,0.034949
51,40,0.513504,0.21512,0.185083,0.029521,0.036361,0.042392,0.036443,0.034108,0.038175,0.034445,0.034442,0.04129
51,40,0.024266,0.044131,0.313699,0.03882,0.063492,0.055991,0.05844,0.052183,0.061079,0.05303,0.060004,0.063079
51,40,0.204182,0.143921,0.244029,0.027405,0.032659,0.035284,0.035959,0.0261,0.033601,0.0325,0.034386,0.037371
51,40,0.170185,0.127883,0.261783,0.028763,0.033622,0.035301,0.032566,0.028061,0.033545,0.029324,0.033215,0.037983
51,40,0.17387,0.122663,0.212952,0.028667,0.033314,0.044785,0.036749,0.026487,0.033858,0.029206,0.034972,0.039501
51,40,0.065667,0.075138,0.287645,0.029276,0.054142,0.051711,0.050877,0.042229,0.060136,0.047479,0.056167,0.053464
51,40,0.308019,0.163988,0.109314,0.028597,0.033859,0.034586,0.033225,0.029036,0.033504,0.029207,0.034497,0.037651
51,40,0.011852,0.026384,0.31728,0.030082,0.033134,0.035116,0.032569,0.028371,0.034562,0.028851,0.033486,0.035753
51,40,0.021958,0.037896,0.306093,0.029117,0.036479,0.03201,0.035135,0.026986,0.033946,0.02969,0.033272,0.035881
51,40,0.086739,0.087164,0.283873,0.032305,0.033705,0.034996,0.032951,0.029474,0.034411,0.028867,0.033221,0.038452
51,40,0.459699,0.198534,0.226214,0.032512,0.034767,0.036707,0.036278,0.02569,0.034448,0.029798,0.03278,0.037797
51,40,0.351678,0.17911,0.150129,0.033751,0.040341,0.037873,0.036028,0.034222,0.036033,0.033256,0.037141,0.043147
51,40,0.024673,0.044426,0.355898,0.033446,0.036442,0.039988,0.034597,0.033097,0.036027,0.03383,0.034874,0.039007
51,40,0.060432,0.072984,0.319886,0.033916,0.074733,0.073852,0.078678,0.058754,0.059791,0.046087,0.070744,0.075945
51,40,0.31867,0.159675,0.149296,0.031399,0.03878,0.039873,0.035454,0.03214,0.039985,0.034488,0.03701,0.043685
51,40,0.024952,0.04434,0.320055,0.033932,0.058945,0.059975,0.065737,0.051706,0.057972,0.050838,0.059355,0.061371
51,60,0.174809,0.130935,0.218003,0.034078,0.037526,0.042042,0.038588,0.035133,0.037272,0.034014,0.036327,0.043872
51,60,0.191373,0.144297,0.289113,0.033744,0.040298,0.038051,0.03617,0.033587,0.03828,0.034657,0.037071,0.04317
51,60,0.02648,0.045103,0.309807,0.030794,0.033655,0.035535,0.030868,0.027895,0.032162,0.026857,0.032266,0.035057
51,60,0.291835,0.160284,0.260082,0.032791,0.034649,0.03728,0.035137,0.028828,0.037161,0.028255,0.033692,0.038014
51,60,0.005207,0.030272,0.34227,0.029535,0.03257,0.033631,0.032966,0.029344,0.034832,0.030287,0.033651,0.036171
51,60,0.011193,0.026183,0.305433,0.028612,0.034934,0.035801,0.033025,0.026631,0.037343,0.027349,0.035602,0.034615
51,60,0.005403,0.031269,0.27173,0.032378,0.033257,0.034436,0.032501,0.029206,0.035574,0.028411,0.03119,0.0343
51,60,0.035055,0.05199,0.309896,0.029177,0.055086,0.04976,0.052909,0.043889,0.051894,0.042152,0.033942,0.042431
51,60,0.013786,0.027255,0.328651,0.027962,0.03327,0.035097,0.033236,0.028567,0.036188,0.029563,0.030771,0.033362
51,60,0.024343,0.045059,0.317636,0.028637,0.034633,0.034631,0.030355,0.0297,0.034015,0.029107,0.031194,0.034458
51,60,0.299644,0.161323,0.252941,0.028949,0.035644,0.037334,0.032955,0.028038,0.034373,0.029004,0.036271,0.039476
51,60,0.025885,0.056257,0.301853,0.031903,0.0554,0.053755,0.053681,0.043333,0.058413,0.04527,0.053825,0.05666
51,60,0.101278,0.099588,0.261999,0.029013,0.039303,0.032789,0.035373,0.030117,0.034417,0.032038,0.034792,0.034857
51,60,0.011059,0.030541,0.332792,0.028837,0.032885,0.033751,0.031697,0.031322,0.037133,0.027133,0.031962,0.035779
51,60,0.503971,0.215405,0.210907,0.031522,0.033384,0.037261,0.032904,0.027927,0.033309,0.028286,0.03372,0.039306
51,60,0.022907,0.038947,0.354489,0.028876,0.054193,0.052529,0.051891,0.044038,0.05421,0.045466,0.0545,0.053937
51,60,0.204992,0.142038,0.235578,0.032511,0.038039,0.041124,0.03793,0.034293,0.037775,0.034267,0.03735,0.042008
51,60,0.20119,0.148061,0.238005,0.033679,0.04071,0.037823,0.035921,0.032247,0.038161,0.033512,0.037783,0.044248
51,60,0.177,0.125647,0.218785,0.031032,0.038386,0.043429,0.036696,0.033927,0.038301,0.034888,0.0385,0.039309
51,60,0.077035,0.088,0.288565,0.033987,0.060445,0.06126,0.058501,0.049927,0.06823,0.051095,0.063968,0.062536
51,60,0.314081,0.17927,0.13979,0.028791,0.033104,0.034341,0.033568,0.029391,0.032696,0.027984,0.033974,0.038065
51,60,0.011276,0.0258,0.313491,0.028509,0.032507,0.033043,0.032817,0.029269,0.035187,0.027302,0.033771,0.035095
51,60,0.020759,0.03945,0.281046,0.027277,0.032344,0.033683,0.032806,0.02884,0.032549,0.028354,0.034094,0.035766
51,60,0.085591,0.086145,0.305648,0.032235,0.03319,0.036186,0.032827,0.029401,0.03453,0.030301,0.033872,0.039156
51,60,0.460856,0.199798,0.221239,0.028538,0.034707,0.037361,0.03146,0.027344,0.034095,0.029274,0.034724,0.038558
51,60,0.348897,0.179396,0.116011,0.025956,0.033701,0.035862,0.031334,0.026892,0.023162,0.022706,0.031518,0.031369
51,60,0.016447,0.043456,0.328592,0.028991,0.02799,0.033178,0.034763,0.031155,0.037888,0.031365,0.030296,0.033049
51,60,0.049263,0.060483,0.319246,0.029087,0.074868,0.075659,0.077254,0.058936,0.056161,0.045297,0.075605,0.075586
51,60,0.314035,0.163823,0.213863,0.026928,0.033234,0.035733,0.03379,0.030631,0.033891,0.02686,0.034242,0.037676
51,60,0.021965,0.039663,0.367072,0.0292,0.057835,0.054549,0.054034,0.042447,0.05609,0.046539,0.054202,0.055076
51,80,0.141073,0.117726,0.134079,0.030746,0.033512,0.035631,0.032571,0.029059,0.034261,0.030423,0.032968,0.03691
51,80,0.15936,0.126519,0.245741,0.032841,0.033901,0.035331,0.033836,0.030187,0.034964,0.030535,0.033381,0.038051
51,80,0.021561,0.038768,0.310322,0.028794,0.03403,0.036249,0.031365,0.02806,0.032776,0.027679,0.034033,0.035688
51,80,0.291762,0.160132,0.177028,0.026772,0.035278,0.036538,0.033959,0.029856,0.032766,0.027234,0.034395,0.03894
51,80,0.011433,0.025209,0.358087,0.028913,0.033428,0.034967,0.032621,0.029047,0.034028,0.029102,0.031294,0.033177
51,80,0.010244,0.025474,0.301285,0.029026,0.034673,0.036081,0.031731,0.028761,0.034104,0.029472,0.03207,0.035086
51,80,0.005443,0.030844,0.279557,0.028758,0.033069,0.035387,0.032608,0.034397,0.034196,0.030317,0.032186,0.035654
51,80,0.035146,0.049947,0.331771,0.031779,0.051838,0.051264,0.053894,0.045633,0.0541,0.05588,0.056551,0.054366
51,80,0.005164,0.0321,0.331735,0.028446,0.032955,0.030942,0.030085,0.029102,0.033792,0.029928,0.032407,0.035292
51,80,0.023479,0.037643,0.331908,0.029745,0.03534,0.035102,0.035366,0.029784,0.033948,0.031782,0.034193,0.035673
51,80,0.29293,0.16817,0.250421,0.02812,0.036782,0.036653,0.03158,0.029841,0.034824,0.028676,0.03554,0.038431
51,80,0.032596,0.051953,0.29495,0.029591,0.057616,0.049716,0.059567,0.045747,0.057727,0.047146,0.056475,0.052108
51,80,0.103189,0.098791,0.231899,0.028745,0.033781,0.032976,0.033319,0.029125,0.035949,0.026829,0.035037,0.033966
51,80,0.010747,0.02644,0.334135,0.026617,0.032739,0.033584,0.032509,0.029216,0.033364,0.028545,0.032692,0.034753
51,80,0.515877,0.219514,0.170573,0.028757,0.034087,0.037343,0.033563,0.029936,0.033468,0.02889,0.033495,0.03843
51,80,0.021517,0.038718,0.306791,0.028859,0.052338,0.05082,0.053568,0.04527,0.052985,0.043212,0.053574,0.054747
51,80,0.166381,0.127583,0.247849,0.0288,0.034851,0.034723,0.03349,0.028061,0.034068,0.02989,0.034036,0.038287
51,80,0.173323,0.120827,0.236026,0.030535,0.033342,0.035014,0.031496,0.028671,0.034659,0.030819,0.032053,0.036655
51,80,0.159624,0.114123,0.212167,0.027368,0.032985,0.032802,0.029794,0.027281,0.035913,0.03097,0.033465,0.036591
51,80,0.065354,0.072239,0.278593,0.028629,0.052354,0.050345,0.056609,0.043469,0.059182,0.043322,0.056022,0.056106
51,80,0.306867,0.163564,0.10327,0.03204,0.034522,0.034219,0.034334,0.029059,0.033643,0.028297,0.035081,0.036499
51,80,0.010949,0.026591,0.323417,0.029147,0.033753,0.036794,0.033942,0.030744,0.037474,0.028045,0.033688,0.036493
51,80,0.014811,0.043072,0.272885,0.029515,0.03358,0.034373,0.033455,0.028627,0.033237,0.030732,0.031337,0.033356
51,80,0.09038,0.086992,0.301531,0.031827,0.033909,0.036279,0.03473,0.026861,0.033949,0.030225,0.033833,0.038788
51,80,0.462973,0.199521,0.215182,0.027449,0.034608,0.032964,0.032157,0.02788,0.033882,0.028777,0.034367,0.038238
51,80,0.360884,0.173397,0.132768,0.027858,0.03422,0.03547,0.033506,0.03025,0.034216,0.029545,0.03364,0.037059
51,80,0.021532,0.037832,0.271566,0.028716,0.034455,0.035121,0.03245,0.02968,0.033167,0.034888,0.033436,0.036132
51,80,0.0527,0.061271,0.274323,0.031319,0.082303,0.085595,0.083084,0.073458,0.059944,0.051977,0.081008,0.083318
51,80,0.37888,0.193844,0.186085,0.031054,0.025778,0.032372,0.035075,0.03012,0.033248,0.028734,0.031072,0.035495
51,80,0.021548,0.038312,0.332356,0.029878,0.049824,0.047867,0.040345,0.036717,0.040531,0.03695,0.051498,0.053914
51,100,0.144997,0.114279,0.106079,0.029002,0.034932,0.034589,0.034871,0.030286,0.035564,0.029616,0.033768,0.039785
51,100,0.164797,0.12419,0.204297,0.028819,0.033985,0.036355,0.033589,0.03086,0.034094,0.02791,0.03605,0.038953
51,100,0.016185,0.044339,0.284881,0.036331,0.035697,0.030129,0.034142,0.029946,0.035683,0.028935,0.030282,0.033538
51,100,0.281967,0.173976,0.15683,0.027686,0.035377,0.036053,0.03288,0.031021,0.036882,0.028791,0.032927,0.037547
51,100,0.011208,0.026708,0.300817,0.02835,0.034001,0.034796,0.03262,0.02901,0.034292,0.029651,0.032485,0.034329
51,100,0.005193,0.031658,0.294188,0.028684,0.034862,0.035968,0.032908,0.028858,0.033257,0.027941,0.033245,0.035408
51,100,0.01149,0.026528,0.219316,0.02729,0.034332,0.034583,0.032827,0.029474,0.03409,0.029701,0.03262,0.034383
51,100,0.033083,0.05054,0.270927,0.033196,0.055331,0.049157,0.05554,0.042996,0.055192,0.047166,0.0557,0.0549
51,100,0.011585,0.026213,0.290927,0.028286,0.034548,0.037813,0.032947,0.03107,0.033324,0.037022,0.033537,0.037111
51,100,0.02229,0.037356,0.288661,0.028793,0.035423,0.032982,0.032788,0.028727,0.033748,0.02946,0.034913,0.032141
51,100,0.296319,0.160029,0.213385,0.030139,0.038015,0.04035,0.036508,0.032675,0.036669,0.032499,0.025085,0.034553
51,100,0.030668,0.064152,0.306649,0.031887,0.064908,0.057736,0.061071,0.056554,0.062426,0.052966,0.057282,0.059409
51,100,0.119351,0.114476,0.212696,0.030929,0.0332,0.034367,0.032071,0.028715,0.033799,0.029203,0.034121,0.038976
51,100,0.005287,0.03248,0.290469,0.029247,0.038061,0.03241,0.032967,0.029426,0.033453,0.029089,0.03384,0.037033
51,100,0.519881,0.216308,0.135783,0.029806,0.033976,0.037978,0.03443,0.028206,0.03393,0.029731,0.037791,0.043115
51,100,0.022225,0.038561,0.346025,0.029384,0.054839,0.052643,0.055589,0.041815,0.053565,0.044617,0.054294,0.050064
51,100,0.16248,0.133336,0.222259,0.028461,0.03439,0.036993,0.032851,0.028631,0.035028,0.030661,0.034486,0.039075
51,100,0.173038,0.122829,0.213491,0.028268,0.034589,0.044355,0.032256,0.027481,0.035192,0.030742,0.033713,0.039748
51,100,0.168821,0.127108,0.155642,0.028815,0.033951,0.036209,0.033223,0.029628,0.034412,0.030244,0.032594,0.037862
51,100,0.058828,0.078802,0.26336,0.028806,0.055251,0.052203,0.054466,0.045881,0.056904,0.046715,0.052923,0.056748
51,100,0.301695,0.159882,0.081958,0.031579,0.033879,0.035939,0.034315,0.029239,0.033218,0.028477,0.03209,0.037449
51,100,0.010264,0.025331,0.287843,0.028733,0.034284,0.033199,0.022983,0.024365,0.023416,0.024316,0.034201,0.035336
51,100,0.019709,0.036494,0.271877,0.031729,0.028355,0.034191,0.034997,0.03079,0.033909,0.029429,0.032377,0.035055
51,100,0.080949,0.090015,0.217892,0.028564,0.032545,0.034616,0.034198,0.0296,0.033771,0.029907,0.034548,0.037403
51,100,0.473292,0.205624,0.127881,0.029101,0.036604,0.035879,0.033545,0.030138,0.034531,0.027844,0.035848,0.049714
51,100,0.354848,0.179516,0.070342,0.0291,0.034855,0.036453,0.03335,0.031224,0.035363,0.029166,0.033304,0.040216
51,100,0.022307,0.038822,0.293468,0.028731,0.033918,0.035601,0.032677,0.029982,0.032263,0.028114,0.034805,0.037495
51,100,0.052488,0.062344,0.298905,0.030318,0.08437,0.083817,0.082963,0.071878,0.062153,0.051506,0.080648,0.083444
51,100,0.380086,0.189645,0.107102,0.034607,0.03594,0.040034,0.035209,0.027992,0.034188,0.030088,0.03644,0.035047
51,100,0.022056,0.037038,0.283009,0.028416,0.053742,0.052141,0.055811,0.044073,0.056791,0.047396,0.055336,0.055691
61,0,0.317576,0.295306,0.43315,0.063358,0.051498,0.058838,0.049752,0.047856,0.051829,0.051701,0.056644,0.057117
61,0,0.234405,0.210278,0.332358,0.050111,0.048931,0.060001,0.049021,0.050267,0.053844,0.048398,0.049986,0.054803
61,0,0.045299,0.073195,0.450663,0.044492,0.10823,0.10491,0.109559,0.088162,0.078854,0.069088,0.103656,0.101333
61,0,0.418257,0.259077,0.260009,0.048095,0.048058,0.052704,0.047638,0.04311,0.047493,0.046157,0.04909,0.054947
61,0,0.015371,0.039572,0.465334,0.042321,0.048854,0.046168,0.04972,0.038417,0.046652,0.044332,0.045116,0.051681
61,0,0.015257,0.038307,0.388626,0.04411,0.046381,0.050134,0.045336,0.045048,0.046419,0.045055,0.045909,0.053475
61,0,0.016143,0.037357,0.411449,0.049418,0.049866,0.056365,0.051277,0.048169,0.051163,0.05158,0.052281,0.055938
61,0,0.051759,0.087026,0.399674,0.053241,0.081927,0.097358,0.080699,0.069178,0.077874,0.06802,0.075356,0.073921
61,0,0.015316,0.037567,0.448817,0.047621,0.045856,0.048414,0.045055,0.044804,0.046162,0.042432,0.044958,0.060123
61,0,0.03083,0.056364,0.391006,0.038078,0.04519,0.0506,0.043452,0.042517,0.048004,0.044261,0.042932,0.050624
61,0,0.289394,0.220403,0.320956,0.040668,0.046834,0.052738,0.046042,0.044268,0.048833,0.046138,0.047874,0.056158
61,0,0.044619,0.0765,0.406027,0.044045,0.07884,0.087341,0.076695,0.070307,0.07783,0.069246,0.078108,0.079029
61,0,0.11192,0.13004,0.344841,0.044305,0.049246,0.050487,0.048532,0.045774,0.048166,0.047403,0.049828,0.051657
61,0,0.005291,0.049031,0.468861,0.043527,0.046662,0.049514,0.044187,0.042716,0.047499,0.04391,0.046176,0.052543
61,0,0.597063,0.32326,0.181601,0.046038,0.050514,0.059443,0.050589,0.051408,0.051871,0.050292,0.050407,0.063257
61,0,0.033929,0.065421,0.458319,0.050346,0.080514,0.081926,0.082247,0.076803,0.080328,0.074182,0.074926,0.078573
61,0,0.306296,0.219656,0.303975,0.043651,0.046929,0.05263,0.044931,0.043625,0.047007,0.045428,0.050155,0.051588
61,0,0.20793,0.168658,0.33622,0.044213,0.051394,0.056615,0.042427,0.041436,0.046141,0.043658,0.04635,0.055129
61,0,0.289126,0.218494,0.326916,0.044202,0.048323,0.053539,0.047851,0.044005,0.048599,0.051416,0.049386,0.057338
61,0,0.075663,0.123032,0.437059,0.042859,0.079139,0.07575,0.077203,0.068099,0.078586,0.068,0.076013,0.078419
61,0,0.268226,0.207624,0.257908,0.044112,0.047478,0.05193,0.04669,0.045126,0.051285,0.041317,0.04567,0.050966
61,0,0.015383,0.038084,0.424906,0.042378,0.046031,0.049227,0.045953,0.044809,0.047269,0.045404,0.04596,0.049883
61,0,0.028543,0.056544,0.411317,0.043679,0.045592,0.050428,0.045065,0.042839,0.047751,0.045115,0.046541,0.051476
61,0,0.088192,0.112427,0.361983,0.04443,0.049015,0.053121,0.045919,0.044115,0.048426,0.043242,0.045597,0.055083
61,0,0.526524,0.294027,0.301699,0.043135,0.048218,0.053099,0.045225,0.043177,0.047154,0.045989,0.033264,0.044693
61,0,0.468132,0.265322,0.253999,0.04693,0.04979,0.05953,0.050114,0.048356,0.054616,0.04625,0.050327,0.061922
61,0,0.033146,0.065904,0.407695,0.049894,0.05225,0.067692,0.050603,0.051344,0.054049,0.051872,0.051794,0.059447
61,0,0.068742,0.095526,0.457227,0.044529,0.108515,0.100075,0.102506,0.091501,0.079108,0.069794,0.104353,0.104401
61,0,0.327563,0.257156,0.266205,0.049159,0.050925,0.057643,0.049912,0.049246,0.050767,0.050915,0.050827,0.059442
61,0,0.033038,0.064804,0.452148,0.050822,0.083103,0.091797,0.08189,0.074757,0.079808,0.071187,0.07667,0.073704
61,20,0.205865,0.184771,0.16508,0.044081,0.046071,0.051034,0.046719,0.045311,0.047243,0.045215,0.048847,0.053219
61,20,0.203416,0.18381,0.326468,0.043493,0.046251,0.052714,0.046885,0.043166,0.047887,0.043842,0.046658,0.053511
61,20,0.046681,0.075741,0.410502,0.043993,0.104356,0.103855,0.105419,0.097145,0.080613,0.069267,0.100268,0.097216
61,20,0.418975,0.254115,0.23942,0.047737,0.049579,0.049099,0.047445,0.045272,0.048078,0.045023,0.048734,0.054247
61,20,0.015657,0.03711,0.482685,0.043585,0.04857,0.052479,0.044604,0.042717,0.047747,0.045537,0.049035,0.053422
61,20,0.015797,0.03761,0.421366,0.043237,0.047833,0.048074,0.047316,0.045138,0.0503,0.044989,0.047436,0.054065
61,20,0.014744,0.037775,0.370726,0.044672,0.046302,0.048143,0.045936,0.045367,0.046824,0.045458,0.046593,0.052486
61,20,0.045595,0.078453,0.412451,0.044087,0.076925,0.078361,0.07366,0.066614,0.077762,0.067891,0.073334,0.077111
61,20,0.015029,0.0387,0.426596,0.044184,0.047164,0.049844,0.048363,0.039812,0.046311,0.044532,0.046661,0.051436
61,20,0.031463,0.056724,0.42944,0.042589,0.050003,0.046211,0.045851,0.042642,0.047339,0.045573,0.046962,0.051695
61,20,0.275555,0.229047,0.322753,0.041542,0.032532,0.0366,0.046921,0.040015,0.045964,0.041806,0.047219,0.06084
61,20,0.043427,0.073007,0.395398,0.043431,0.0747,0.075292,0.074702,0.066457,0.079193,0.063619,0.074428,0.075306
61,20,0.113387,0.130505,0.356145,0.044325,0.047839,0.049681,0.048812,0.045442,0.050717,0.046978,0.047422,0.053886
61,20,0.013937,0.0377,0.417934,0.043691,0.047842,0.050183,0.047639,0.044221,0.046484,0.045368,0.047098,0.050915
61,20,0.608446,0.315552,0.192283,0.046075,0.047157,0.052355,0.045589,0.044915,0.047035,0.045009,0.04715,0.056512
61,20,0.020125,0.06623,0.413397,0.043784,0.076105,0.075173,0.073663,0.064685,0.076669,0.065105,0.073806,0.07765
61,20,0.306534,0.221558,0.295949,0.043465,0.047495,0.053686,0.046195,0.044145,0.049953,0.044733,0.047421,0.052258
61,20,0.223133,0.18474,0.322488,0.043817,0.047207,0.053912,0.046018,0.043923,0.047805,0.045897,0.047132,0.053589
61,20,0.290287,0.221855,0.313307,0.042006,0.046277,0.050416,0.046354,0.040589,0.052426,0.045963,0.051482,0.055786
61,20,0.067424,0.12701,0.397774,0.041691,0.075485,0.074288,0.076618,0.068818,0.077855,0.069141,0.076954,0.077872
61,20,0.256498,0.211758,0.301658,0.042663,0.047668,0.053425,0.047399,0.045311,0.047157,0.044185,0.049005,0.055248
61,20,0.015503,0.041981,0.386406,0.043944,0.046444,0.052378,0.045639,0.042899,0.047215,0.045494,0.051069,0.052129
61,20,0.029147,0.054235,0.3724,0.04379,0.046481,0.052225,0.044938,0.044259,0.047621,0.043229,0.045998,0.050984
61,20,0.078691,0.119357,0.343288,0.044434,0.046631,0.051097,0.045553,0.043334,0.046831,0.043919,0.047381,0.055415
61,20,0.520674,0.306368,0.282094,0.042995,0.046883,0.053112,0.045779,0.041213,0.047711,0.045391,0.047893,0.053374
61,20,0.473627,0.278184,0.233065,0.043051,0.04723,0.052629,0.045578,0.041245,0.04745,0.046037,0.047522,0.055684
61,20,0.030046,0.055948,0.414615,0.043712,0.047072,0.042893,0.047136,0.046135,0.044673,0.046237,0.043644,0.050338
61,20,0.066804,0.09433,0.351589,0.041955,0.103019,0.102116,0.104472,0.091243,0.076193,0.06795,0.106158,0.114044
61,20,0.365005,0.243619,0.267858,0.044381,0.047073,0.053835,0.04735,0.042764,0.048963,0.044605,0.046919,0.055861
61,20,0.030524,0.056335,0.426903,0.043721,0.078943,0.085604,0.07858,0.067101,0.077229,0.06937,0.074019,0.085271
61,40,0.204391,0.183876,0.274593,0.044019,0.050109,0.0569,0.050404,0.050079,0.05093,0.05149,0.050602,0.059255
61,40,0.236622,0.213306,0.331956,0.050183,0.050788,0.060054,0.049296,0.049934,0.048862,0.04586,0.046733,0.054222
61,40,0.047951,0.074557,0.4025,0.043755,0.105361,0.097091,0.102436,0.087242,0.078976,0.067957,0.105082,0.114856
61,40,0.416985,0.257969,0.308643,0.04368,0.045169,0.0503,0.049305,0.041886,0.044831,0.045171,0.046126,0.054534
61,40,0.007957,0.050897,0.401772,0.04435,0.046624,0.052027,0.045319,0.043879,0.0483,0.045251,0.046576,0.053767
61,40,0.005384,0.048497,0.37786,0.045289,0.046969,0.05196,0.047867,0.045154,0.048126,0.04614,0.048043,0.053211
61,40,0.015308,0.037252,0.381746,0.045135,0.046636,0.052108,0.045732,0.041709,0.048355,0.046085,0.048203,0.064184
61,40,0.037473,0.085225,0.415729,0.044282,0.078378,0.078594,0.073003,0.066994,0.07775,0.065709,0.073795,0.077501
61,40,0.015118,0.037323,0.425772,0.046719,0.046072,0.04964,0.04482,0.043949,0.04938,0.039349,0.046502,0.051898
61,40,0.030855,0.057482,0.427333,0.043828,0.045826,0.050771,0.04481,0.042226,0.046287,0.043757,0.048023,0.051958
61,40,0.266514,0.23891,0.317539,0.052418,0.049267,0.052758,0.045835,0.04453,0.047327,0.044793,0.047177,0.054288
61,40,0.047056,0.076945,0.402953,0.043725,0.07868,0.071064,0.073911,0.065519,0.077761,0.066021,0.074513,0.077746
61,40,0.091686,0.112504,0.354027,0.043103,0.043679,0.054308,0.049488,0.047252,0.044244,0.044078,0.04846,0.053693
61,40,0.014233,0.038525,0.444605,0.042707,0.045793,0.049789,0.047695,0.044858,0.047954,0.047033,0.046431,0.052936
61,40,0.598236,0.318081,0.207459,0.047431,0.055522,0.056403,0.052216,0.051863,0.052832,0.051303,0.051935,0.061573
61,40,0.034876,0.069821,0.412992,0.050819,0.083414,0.084842,0.079797,0.075112,0.081374,0.072396,0.077265,0.07288
61,40,0.302446,0.219828,0.308101,0.043308,0.046838,0.05201,0.045178,0.040873,0.047251,0.045177,0.047503,0.053987
61,40,0.221609,0.18427,0.317863,0.043267,0.047246,0.051885,0.04514,0.043464,0.046842,0.043627,0.047,0.053112
61,40,0.290375,0.221863,0.302939,0.046515,0.046233,0.051944,0.046207,0.044369,0.046531,0.052962,0.04803,0.054731
61,40,0.077761,0.12155,0.413057,0.044364,0.077892,0.07445,0.058533,0.053981,0.074594,0.072659,0.074622,0.074641
61,40,0.264122,0.203387,0.27579,0.042741,0.047353,0.049944,0.045605,0.041552,0.05156,0.042319,0.046686,0.053724
61,40,0.014408,0.039063,0.573371,0.042875,0.048414,0.052994,0.046715,0.045181,0.049969,0.045412,0.047295,0.054504
61,40,0.029697,0.055503,0.285969,0.043192,0.049645,0.052475,0.045317,0.042305,0.04678,0.046337,0.0474,0.050136
61,40,0.089066,0.115167,0.362488,0.043603,0.047995,0.049329,0.047058,0.044595,0.047122,0.043285,0.046644,0.056443
61,40,0.535925,0.297935,0.287945,0.043969,0.046226,0.053327,0.046111,0.045032,0.046367,0.042321,0.047276,0.055788
61,40,0.470982,0.285562,0.245775,0.04333,0.046819,0.053507,0.047263,0.041661,0.047252,0.044101,0.047704,0.053142
61,40,0.02926,0.056778,0.445754,0.04394,0.046847,0.047342,0.046003,0.043639,0.046897,0.045447,0.04633,0.051381
61,40,0.06692,0.09214,0.41753,0.043472,0.101522,0.103462,0.083661,0.075745,0.07447,0.06523,0.102498,0.098598
61,40,0.361399,0.23952,0.265376,0.046339,0.039185,0.058767,0.050875,0.045532,0.05317,0.052343,0.052487,0.058471
61,40,0.034072,0.064729,0.454471,0.050764,0.082754,0.090678,0.078972,0.076915,0.079168,0.070296,0.078528,0.080582
61,60,0.206914,0.184342,0.244542,0.043861,0.047711,0.054778,0.048407,0.041151,0.048287,0.045453,0.046361,0.053238
61,60,0.202774,0.184198,0.332048,0.043607,0.046906,0.058427,0.046445,0.044544,0.050637,0.041723,0.047292,0.052965
61,60,0.045843,0.075035,0.363653,0.044575,0.107459,0.116383,0.102913,0.090031,0.076864,0.067851,0.105474,0.110569
61,60,0.416422,0.25673,0.317916,0.042861,0.05227,0.04769,0.04595,0.04133,0.046504,0.044821,0.047944,0.054867
61,60,0.017261,0.040831,0.539269,0.043725,0.046591,0.051707,0.047565,0.03974,0.046445,0.04666,0.032262,0.039265
61,60,0.011476,0.03319,0.400727,0.043706,0.0423,0.053101,0.049442,0.045651,0.046447,0.044397,0.045513,0.050902
61,60,0.015741,0.037321,0.396006,0.043479,0.045374,0.051752,0.04734,0.040096,0.052708,0.042093,0.047996,0.051632
61,60,0.04773,0.077102,0.396594,0.048197,0.07611,0.077813,0.071065,0.067264,0.076095,0.064863,0.077916,0.07442
61,60,0.014747,0.040033,0.445493,0.044202,0.047704,0.051192,0.045288,0.045868,0.045814,0.045983,0.048333,0.049925
61,60,0.030714,0.05841,0.409268,0.039533,0.046715,0.049272,0.046102,0.039688,0.046428,0.045225,0.046293,0.051645
61,60,0.274278,0.23007,0.31845,0.042944,0.047071,0.05161,0.045076,0.043077,0.047351,0.044939,0.046455,0.053539
61,60,0.027717,0.092105,0.402486,0.044008,0.079194,0.07302,0.074186,0.065715,0.076359,0.073976,0.078224,0.072826
61,60,0.108789,0.129722,0.333234,0.043539,0.048003,0.05385,0.044952,0.040021,0.046591,0.045625,0.046723,0.054889
61,60,0.014657,0.038302,0.412089,0.044168,0.03293,0.046139,0.029411,0.034321,0.046891,0.043444,0.042733,0.049664
61,60,0.596188,0.323178,0.199473,0.043483,0.046823,0.054982,0.045563,0.043998,0.047803,0.044654,0.049949,0.055256
61,60,0.030665,0.058943,0.447322,0.045009,0.076877,0.077348,0.075496,0.065919,0.066332,0.0617,0.077129,0.076296
61,60,0.311533,0.22283,0.303186,0.044469,0.046331,0.052047,0.048041,0.043448,0.048145,0.045426,0.046742,0.054453
61,60,0.224859,0.186245,0.319635,0.041633,0.046208,0.051875,0.044757,0.042653,0.047708,0.04551,0.047567,0.053455
61,60,0.289959,0.224899,0.28462,0.043355,0.047211,0.04785,0.045767,0.04264,0.048452,0.044128,0.04712,0.05463
61,60,0.088861,0.111447,0.418197,0.043887,0.075746,0.076794,0.07382,0.0645,0.078395,0.066754,0.07613,0.079268
61,60,0.250666,0.212439,0.304695,0.043582,0.050533,0.047793,0.046002,0.043634,0.04693,0.045152,0.046477,0.053953
61,60,0.015262,0.037968,0.39613,0.042789,0.04308,0.051183,0.044039,0.043516,0.044732,0.043453,0.049347,0.052928
61,60,0.030159,0.057822,0.362573,0.043535,0.046816,0.052083,0.045296,0.044085,0.048598,0.044616,0.051171,0.048401
61,60,0.093007,0.113699,0.353477,0.044748,0.048167,0.051874,0.045864,0.043589,0.049609,0.045531,0.048737,0.054787
61,60,0.513322,0.307206,0.296225,0.047797,0.04688,0.053303,0.044511,0.04359,0.048739,0.04584,0.049071,0.055594
61,60,0.474935,0.288816,0.183023,0.043174,0.047475,0.051056,0.045578,0.044105,0.047477,0.045244,0.046173,0.051956
61,60,0.019923,0.064976,0.429518,0.044155,0.045714,0.05069,0.044861,0.04303,0.046767,0.044167,0.047435,0.048019
61,60,0.068003,0.093235,0.412648,0.043655,0.105857,0.102024,0.102056,0.090032,0.076447,0.067895,0.1056,0.110282
61,60,0.347639,0.242063,0.27076,0.043636,0.048302,0.051446,0.046415,0.044168,0.046155,0.043656,0.050631,0.050874
61,60,0.020551,0.046921,0.418022,0.039314,0.075131,0.074298,0.077261,0.064869,0.0739,0.066161,0.074157,0.087783
61,80,0.205456,0.182932,0.207524,0.047979,0.05102,0.05803,0.05065,0.051754,0.051911,0.05154,0.050609,0.061514
61,80,0.236434,0.215595,0.343762,0.051964,0.052556,0.05732,0.050744,0.047605,0.05065,0.048477,0.047915,0.056156
61,80,0.0483,0.076427,0.419061,0.04479,0.104152,0.107214,0.102473,0.095801,0.082022,0.063585,0.109179,0.102331
61,80,0.405882,0.267088,0.306964,0.043153,0.048072,0.052019,0.046215,0.04447,0.047725,0.044352,0.047274,0.054039
61,80,0.015311,0.03906,0.456791,0.043849,0.046664,0.051984,0.046563,0.040151,0.046813,0.041865,0.046065,0.050877
61,80,0.016331,0.038621,0.395524,0.044473,0.045719,0.050914,0.045908,0.043247,0.047692,0.044878,0.046373,0.052201
61,80,0.015535,0.038837,0.372633,0.043331,0.046165,0.046735,0.045889,0.045089,0.047506,0.042667,0.048554,0.04632
61,80,0.032323,0.059091,0.369411,0.042356,0.081607,0.072008,0.073046,0.07238,0.078388,0.067007,0.074937,0.077222
61,80,0.015145,0.037457,0.431041,0.040087,0.04847,0.051306,0.046748,0.045637,0.046119,0.046199,0.048634,0.050782
61,80,0.03026,0.058958,0.414433,0.043621,0.048889,0.048785,0.049046,0.043451,0.047515,0.044038,0.047276,0.054115
61,80,0.293642,0.221935,0.325495,0.044694,0.04968,0.054385,0.050199,0.040201,0.046208,0.044103,0.046073,0.052635
61,80,0.046139,0.075191,0.438627,0.047301,0.081183,0.085404,0.082015,0.076991,0.083803,0.076521,0.077376,0.08969
61,80,0.124154,0.148612,0.344211,0.047368,0.0511,0.047264,0.046235,0.044132,0.047086,0.045884,0.047592,0.054148
61,80,0.015417,0.038943,0.426165,0.05119,0.046985,0.051893,0.045823,0.043881,0.047608,0.044638,0.04618,0.052887
61,80,0.591982,0.327902,0.185208,0.044109,0.047253,0.054595,0.045379,0.043585,0.047593,0.045645,0.04783,0.055234
61,80,0.019598,0.064615,0.390926,0.040003,0.076283,0.072209,0.079507,0.069694,0.066977,0.0643,0.074592,0.073883
61,80,0.304662,0.221401,0.3259,0.043617,0.050154,0.05439,0.048119,0.044681,0.05058,0.046557,0.046285,0.054532
61,80,0.228169,0.18603,0.31798,0.042956,0.047837,0.053122,0.051318,0.037801,0.046531,0.047356,0.047953,0.054261
61,80,0.285179,0.230019,0.311363,0.044262,0.047835,0.047583,0.049861,0.041021,0.04747,0.045018,0.04646,0.052263
61,80,0.087218,0.110477,0.425115,0.044027,0.07541,0.074151,0.074543,0.067044,0.079172,0.067717,0.075418,0.078552
61,80,0.264705,0.204482,0.227769,0.04666,0.051007,0.058242,0.050432,0.050693,0.051715,0.05147,0.051036,0.061037
61,80,0.016586,0.04347,0.406534,0.049553,0.049099,0.052618,0.049786,0.050164,0.052688,0.047746,0.051193,0.058213
61,80,0.031439,0.06351,0.424169,0.041907,0.045499,0.051563,0.045775,0.042493,0.046539,0.045575,0.032883,0.047786
61,80,0.078082,0.109331,0.349513,0.04318,0.045521,0.055404,0.048373,0.04324,0.045065,0.044123,0.047411,0.055158
61,80,0.51977,0.301689,0.28844,0.04405,0.047203,0.052932,0.047256,0.043873,0.049978,0.044325,0.04866,0.056717
61,80,0.48112,0.283255,0.201514,0.041586,0.048797,0.054063,0.045872,0.044206,0.051371,0.041095,0.04885,0.056953
61,80,0.029998,0.057988,0.424121,0.045007,0.046673,0.052004,0.045351,0.044535,0.048268,0.045047,0.048907,0.049197
61,80,0.069023,0.093561,0.450836,0.043777,0.102874,0.110463,0.103782,0.099895,0.075992,0.068358,0.104035,0.10709
61,80,0.362047,0.239827,0.275041,0.045853,0.050748,0.059745,0.05095,0.048547,0.05223,0.051526,0.050369,0.060785
61,80,0.022868,0.073945,0.450491,0.049124,0.082004,0.096675,0.081524,0.083677,0.079492,0.07218,0.074365,0.080659
61,100,0.18927,0.172907,0.142484,0.050268,0.052696,0.056048,0.054341,0.042712,0.05504,0.052128,0.049254,0.060281
61,100,0.234418,0.212141,0.212504,0.049674,0.049895,0.059461,0.050507,0.049577,0.051859,0.052439,0.05019,0.063224
61,100,0.052745,0.08526,0.392578,0.048176,0.113262,0.114362,0.115863,0.105125,0.077347,0.069614,0.10763,0.106596
61,100,0.414936,0.270238,0.126371,0.051548,0.053466,0.056998,0.050615,0.050525,0.05175,0.051918,0.051473,0.063228
61,100,0.016378,0.043828,0.429343,0.049682,0.05165,0.057906,0.05016,0.048304,0.051335,0.051335,0.050471,0.057959
61,100,0.018067,0.044055,0.374657,0.046162,0.046617,0.049307,0.045165,0.043749,0.047571,0.045126,0.046531,0.051792
61,100,0.015143,0.037679,0.330173,0.044073,0.046396,0.05115,0.046875,0.043055,0.047203,0.043163,0.048239,0.046581
61,100,0.038254,0.08449,0.363596,0.043443,0.074872,0.076255,0.074804,0.066299,0.07665,0.06753,0.074799,0.078911
61,100,0.015266,0.037598,0.411987,0.042832,0.043179,0.05014,0.045079,0.043571,0.045482,0.04464,0.042947,0.052198
61,100,0.033404,0.059788,0.357464,0.044325,0.046366,0.050078,0.044753,0.043656,0.048277,0.043624,0.046518,0.052087
61,100,0.290153,0.220122,0.260702,0.042721,0.047369,0.053595,0.046501,0.044263,0.047537,0.045869,0.047839,0.055607
61,100,0.046262,0.074665,0.393398,0.04401,0.077314,0.076709,0.07595,0.067266,0.082474,0.06885,0.075773,0.078964
61,100,0.109224,0.131377,0.30071,0.04123,0.049527,0.047418,0.04577,0.043392,0.047801,0.043669,0.048028,0.05439
61,100,0.005111,0.045126,0.403766,0.043437,0.045257,0.050535,0.045735,0.043697,0.048866,0.041573,0.04601,0.050485
61,100,0.603416,0.31641,0.113553,0.044141,0.047376,0.05295,0.047052,0.042643,0.047672,0.045439,0.046527,0.056859
61,100,0.029307,0.056925,0.385054,0.04278,0.074606,0.075788,0.071858,0.064895,0.076038,0.065984,0.075634,0.079119
61,100,0.304883,0.219582,0.232858,0.037866,0.028483,0.040706,0.045878,0.043923,0.043434,0.04484,0.045569,0.052879
61,100,0.217709,0.194429,0.262421,0.042772,0.045872,0.052607,0.044786,0.043745,0.047047,0.043792,0.046989,0.055302
61,100,0.294605,0.223104,0.253944,0.043556,0.047473,0.054327,0.047281,0.043333,0.049168,0.045937,0.049303,0.065733
61,100,0.087546,0.114295,0.388477,0.044272,0.083339,0.071906,0.078849,0.064168,0.081413,0.067651,0.07998,0.07316
61,100,0.259447,0.204459,0.119386,0.042996,0.047479,0.052978,0.045782,0.042961,0.048287,0.043517,0.046017,0.053266
61,100,0.015203,0.038118,0.391873,0.042964,0.045906,0.051074,0.045059,0.041817,0.048382,0.044144,0.047122,0.051932
61,100,0.019641,0.064732,0.349928,0.043759,0.046142,0.050526,0.045518,0.042909,0.04631,0.044453,0.046782,0.049509
61,100,0.091027,0.112415,0.279806,0.042557,0.046967,0.052436,0.046092,0.044224,0.047792,0.044806,0.046583,0.054488
61,100,0.519876,0.306743,0.194392,0.041378,0.046016,0.050815,0.046458,0.042736,0.047854,0.045014,0.034009,0.046094
61,100,0.459643,0.270779,0.131176,0.044818,0.044246,0.048612,0.044795,0.042172,0.049184,0.042644,0.047019,0.05356
61,100,0.030561,0.056068,0.402027,0.044642,0.045936,0.052163,0.046529,0.043565,0.048169,0.045266,0.048313,0.052457
61,100,0.071486,0.09572,0.388986,0.046943,0.108067,0.103648,0.107295,0.092115,0.078729,0.068011,0.105454,0.107858
61,100,0.366829,0.241957,0.132187,0.044731,0.047472,0.049765,0.046517,0.04508,0.047355,0.04468,0.046775,0.054239
61,100,0.029112,0.056882,0.434661,0.04138,0.078259,0.080969,0.076695,0.068475,0.078274,0.068635,0.075928,0.07919
71,0,0.213562,0.229575,0.323895,0.056332,0.061501,0.070125,0.061022,0.061634,0.061304,0.062758,0.060993,0.070545
71,0,0.242574,0.256593,0.406787,0.064143,0.065942,0.064228,0.061405,0.059973,0.062715,0.062882,0.065828,0.065533
71,0,0.079427,0.126672,0.77702,0.052828,0.140273,0.137928,0.136593,0.124183,0.102715,0.094252,0.143183,0.138925
71,0,0.396659,0.33494,0.375376,0.058452,0.065859,0.074246,0.0642,0.060745,0.065396,0.062627,0.063343,0.073869
71,0,0.022066,0.053779,0.756802,0.061013,0.062921,0.069615,0.062032,0.060691,0.062084,0.062635,0.064408,0.064079
71,0,0.019647,0.065224,0.551982,0.063929,0.064108,0.069405,0.065375,0.055911,0.063343,0.059361,0.061674,0.069809
71,0,0.02104,0.053305,0.55302,0.060594,0.060066,0.069973,0.062067,0.062367,0.062781,0.062555,0.062295,0.067932
71,0,0.045119,0.116243,0.535564,0.063561,0.099572,0.103449,0.102925,0.087941,0.102285,0.091542,0.077303,0.092577
71,0,0.019308,0.050397,0.506156,0.068012,0.069588,0.06654,0.065481,0.071133,0.066702,0.069564,0.066639,0.076896
71,0,0.043081,0.089057,0.568871,0.067847,0.066583,0.06836,0.060535,0.061984,0.064265,0.064384,0.060889,0.069489
71,0,0.327327,0.310128,0.37678,0.062369,0.064589,0.071147,0.061932,0.061327,0.06394,0.063881,0.064977,0.065546
71,0,0.056608,0.103385,1.17697,0.074837,0.101029,0.105773,0.100492,0.09308,0.104674,0.090002,0.101169,0.104972
71,0,0.202968,0.230787,0.427226,0.061757,0.063905,0.068697,0.061272,0.062826,0.061676,0.063618,0.061611,0.074585
71,0,0.020438,0.052213,0.830631,0.061872,0.061121,0.068037,0.058584,0.050276,0.055188,0.056413,0.058596,0.065743
71,0,0.662314,0.432763,0.263458,0.061079,0.063073,0.074307,0.062226,0.062382,0.063975,0.062372,0.062439,0.077069
71,0,0.037969,0.07925,0.718667,0.060883,0.102267,0.106408,0.101646,0.09464,0.10049,0.095584,0.100232,0.104376
71,0,0.29901,0.293776,0.374246,0.055673,0.060422,0.067246,0.060265,0.061994,0.061557,0.06176,0.061279,0.071527
71,0,0.236283,0.265713,0.381434,0.060859,0.061567,0.069462,0.061215,0.060199,0.061488,0.062175,0.061366,0.069938
71,0,0.233334,0.271507,0.376445,0.061622,0.061393,0.071581,0.065862,0.055163,0.062966,0.062307,0.061208,0.07376
71,0,0.106259,0.153621,0.557982,0.061817,0.106937,0.094458,0.101908,0.089885,0.099541,0.095373,0.102982,0.102239
71,0,0.293704,0.28308,0.314538,0.060269,0.061245,0.070996,0.064348,0.062005,0.062617,0.0631,0.065162,0.073906
71,0,0.020817,0.053232,0.715144,0.062582,0.065902,0.067767,0.061895,0.062661,0.065442,0.059333,0.062655,0.071105
71,0,0.0376,0.078007,0.498937,0.062108,0.061825,0.069662,0.060745,0.06207,0.064754,0.05674,0.061311,0.070039
71,0,0.138223,0.180321,0.454069,0.061451,0.063449,0.071573,0.062163,0.062975,0.0633,0.062217,0.0623,0.073451
71,0,0.561008,0.38792,0.328067,0.060848,0.064042,0.071584,0.065057,0.054888,0.063875,0.061303,0.063248,0.072615
71,0,0.475692,0.3503,0.311149,0.059289,0.067899,0.074015,0.070851,0.07038,0.066275,0.068099,0.068461,0.081804
71,0,0.043402,0.09047,0.538269,0.069906,0.069498,0.077704,0.062324,0.061986,0.064651,0.057768,0.064033,0.071921
71,0,0.158064,0.222883,0.781918,0.060665,0.224685,0.214356,0.222485,0.191994,0.101665,0.092543,0.217237,0.215791
71,0,0.547951,0.384026,0.244398,0.061384,0.061605,0.070437,0.061399,0.061495,0.061303,0.061933,0.061303,0.068314
71,0,0.036534,0.080306,1.05686,0.062261,0.101148,0.104567,0.104088,0.087844,0.10645,0.086589,0.100368,0.108255
71,20,0.192318,0.213817,0.323166,0.063603,0.060522,0.069877,0.061449,0.061932,0.061341,0.062439,0.062113,0.07267
71,20,0.228102,0.267158,0.379859,0.063,0.069794,0.066022,0.066419,0.058445,0.068433,0.062513,0.065972,0.072927
71,20,0.082547,0.130702,0.492058,0.062807,0.14386,0.138473,0.140072,0.126611,0.105435,0.089943,0.139109,0.163584
71,20,0.390142,0.32991,0.28976,0.055645,0.061881,0.068572,0.062904,0.062574,0.061522,0.06085,0.062373,0.071962
71,20,0.02007,0.052219,0.628376,0.062158,0.061531,0.067141,0.06197,0.061316,0.063389,0.059849,0.062202,0.069833
71,20,0.020288,0.052788,0.947541,0.061214,0.063902,0.070634,0.061411,0.065319,0.058607,0.051538,0.056979,0.059232
71,20,0.018384,0.050211,0.510906,0.062537,0.058726,0.066861,0.064527,0.060752,0.063161,0.061999,0.064106,0.069258
71,20,0.059543,0.104117,0.493592,0.063982,0.107289,0.099657,0.105033,0.09202,0.104669,0.088701,0.112982,0.113357
71,20,0.021086,0.052505,0.587737,0.063469,0.064886,0.066163,0.061563,0.061602,0.067812,0.055799,0.062892,0.07103
71,20,0.024656,0.090238,0.556611,0.061698,0.065919,0.065067,0.062208,0.061438,0.062513,0.062686,0.062848,0.069969
71,20,0.329705,0.30702,0.398494,0.065045,0.064758,0.070739,0.062748,0.062468,0.06383,0.075896,0.061652,0.073509
71,20,0.058606,0.104272,0.560815,0.057558,0.101505,0.103291,0.101094,0.091227,0.10512,0.092915,0.103948,0.102005
71,20,0.178369,0.208132,0.426926,0.064313,0.060673,0.070552,0.060392,0.061842,0.063645,0.062733,0.059608,0.074069
71,20,0.005555,0.063354,0.560808,0.062891,0.064586,0.069272,0.06795,0.054589,0.064321,0.064798,0.065243,0.073126
71,20,0.666575,0.443936,0.295395,0.060622,0.070164,0.083097,0.068355,0.070768,0.069065,0.07027,0.069386,0.080486
71,20,0.043865,0.088483,0.568233,0.067978,0.110415,0.100529,0.099636,0.09402,0.101632,0.094155,0.101051,0.114069
71,20,0.309131,0.282471,0.382685,0.060819,0.065708,0.063943,0.066086,0.055253,0.062103,0.060889,0.068331,0.065118
71,20,0.251363,0.256614,0.379424,0.060865,0.061802,0.066925,0.060545,0.060664,0.061918,0.061005,0.050936,0.064042
71,20,0.244804,0.253306,0.352283,0.061694,0.061524,0.070637,0.060444,0.06159,0.063921,0.062803,0.062622,0.074192
71,20,0.110104,0.157481,0.582845,0.064501,0.10876,0.101476,0.099871,0.097205,0.103971,0.095125,0.102168,0.10945
71,20,0.295299,0.284748,0.244391,0.061322,0.064725,0.065647,0.061412,0.062548,0.064164,0.060948,0.061734,0.072688
71,20,0.01894,0.051897,0.491551,0.061058,0.061155,0.069562,0.060985,0.062679,0.062638,0.062888,0.063002,0.080693
71,20,0.036923,0.077674,0.582316,0.062013,0.063806,0.080392,0.061806,0.072556,0.061478,0.061864,0.061074,0.070409
71,20,0.123636,0.192593,0.462731,0.061403,0.062088,0.06985,0.060807,0.060033,0.061268,0.059869,0.064302,0.081455
71,20,0.542286,0.37026,0.350203,0.063301,0.058821,0.06776,0.064927,0.056419,0.061387,0.062707,0.060346,0.072913
71,20,0.481276,0.360568,0.302147,0.065343,0.067212,0.078719,0.065579,0.069021,0.067673,0.07007,0.067823,0.083172
71,20,0.042318,0.088628,0.553039,0.070561,0.067629,0.077985,0.060896,0.063513,0.065115,0.057439,0.06107,0.070525
71,20,0.172266,0.206078,0.654446,0.059313,0.216701,0.221365,0.218172,0.202236,0.103192,0.094816,0.216992,0.213108
71,20,0.546577,0.387491,0.306683,0.059115,0.062433,0.070018,0.062921,0.057879,0.062242,0.061873,0.062041,0.085338
71,20,0.03701,0.077998,0.516236,0.051717,0.099895,0.107523,0.094935,0.091893,0.101679,0.093314,0.099989,0.104745
71,40,0.217585,0.235128,0.3519,0.061697,0.06815,0.081829,0.068474,0.070101,0.068237,0.08749,0.067909,0.081907
71,40,0.280489,0.300318,0.437952,0.064874,0.06063,0.071273,0.062596,0.062083,0.062166,0.061909,0.060951,0.071199
71,40,0.07822,0.129268,1.17671,0.064487,0.139042,0.138842,0.145078,0.131051,0.101282,0.093835,0.138847,0.141407
71,40,0.39125,0.333488,0.369277,0.061201,0.065693,0.064811,0.0611,0.062919,0.062804,0.062081,0.061622,0.071859
71,40,0.023141,0.051306,0.607603,0.070002,0.063017,0.068353,0.057362,0.054906,0.067243,0.065262,0.057332,0.067741
71,40,0.018264,0.050709,0.609293,0.062355,0.06192,0.071831,0.063201,0.062054,0.063721,0.064332,0.062409,0.073332
71,40,0.019816,0.053023,0.570536,0.063817,0.061815,0.069657,0.062249,0.06304,0.064615,0.062562,0.062723,0.074282
71,40,0.056199,0.106874,0.659905,0.062587,0.100499,0.104963,0.098695,0.091645,0.101073,0.095508,0.09915,0.104944
71,40,0.018184,0.051831,0.54496,0.061047,0.060612,0.068977,0.059918,0.062567,0.06088,0.062524,0.061869,0.07244
71,40,0.038804,0.077243,0.899516,0.062012,0.065657,0.062425,0.06027,0.060139,0.062811,0.062048,0.060958,0.070747
71,40,0.326525,0.309251,0.403151,0.057669,0.045142,0.051536,0.059155,0.059975,0.063532,0.062725,0.065354,0.06177
71,40,0.060777,0.108727,0.571473,0.060471,0.100328,0.104084,0.102331,0.094494,0.104176,0.0949,0.107212,0.105937
71,40,0.207978,0.240092,0.446246,0.060099,0.06436,0.069761,0.059905,0.060051,0.062983,0.063646,0.063704,0.073698
71,40,0.019271,0.052202,0.54519,0.059275,0.061959,0.068216,0.060538,0.063273,0.061026,0.065662,0.061142,0.068093
71,40,0.670688,0.440351,0.271117,0.060681,0.061468,0.072192,0.06082,0.062033,0.06142,0.062416,0.06152,0.074329
71,40,0.038286,0.077602,0.776148,0.066143,0.112813,0.115112,0.10799,0.105863,0.109705,0.103948,0.1087,0.11738
71,40,0.295279,0.268052,0.393145,0.057521,0.073636,0.067501,0.060111,0.059967,0.062566,0.060837,0.061126,0.071986
71,40,0.249459,0.255916,0.383826,0.063041,0.060937,0.073012,0.062281,0.06405,0.062348,0.06295,0.064085,0.075069
71,40,0.246489,0.259014,0.370598,0.061959,0.061941,0.071854,0.061648,0.060853,0.064277,0.063546,0.062728,0.076075
71,40,0.094331,0.167119,0.537309,0.061327,0.099325,0.104386,0.098743,0.093165,0.105465,0.091721,0.098731,0.104479
71,40,0.294855,0.27992,0.235297,0.060191,0.062195,0.068009,0.062108,0.063026,0.061771,0.061251,0.061401,0.072552
71,40,0.005629,0.065148,0.519424,0.064951,0.066414,0.074523,0.065738,0.070021,0.066998,0.070998,0.06817,0.076103
71,40,0.027064,0.101505,0.515608,0.073798,0.065466,0.062126,0.057463,0.060349,0.065105,0.066261,0.06052,0.071314
71,40,0.138184,0.181968,0.663615,0.061598,0.064983,0.073354,0.065534,0.055099,0.063825,0.062509,0.067951,0.065712
71,40,0.564335,0.388325,0.366225,0.061943,0.063946,0.071397,0.061959,0.074077,0.064665,0.068347,0.061893,0.074721
71,40,0.474889,0.359415,0.257904,0.060742,0.061782,0.071041,0.061746,0.061581,0.066588,0.055908,0.067986,0.066476
71,40,0.02446,0.09133,0.519319,0.060994,0.061615,0.068753,0.060366,0.060786,0.060894,0.062923,0.063484,0.079906
71,40,0.158799,0.218306,0.551798,0.057791,0.223444,0.215316,0.217366,0.203497,0.073081,0.083679,0.227446,0.220203
71,40,0.543214,0.383205,0.271225,0.06079,0.063652,0.072572,0.062894,0.063643,0.061662,0.063292,0.06736,0.074556
71,40,0.037095,0.080047,1.42154,0.063893,0.108497,0.115729,0.11571,0.101057,0.106477,0.102089,0.097754,0.10609
71,60,0.214598,0.231211,0.404213,0.061226,0.061672,0.070691,0.060578,0.061497,0.061369,0.061994,0.062214,0.075566
71,60,0.242864,0.256927,0.419188,0.061335,0.061993,0.071176,0.060832,0.062274,0.062345,0.063529,0.06159,0.07046
71,60,0.06513,0.141475,0.559682,0.065681,0.14996,0.156178,0.136437,0.132869,0.109329,0.109321,0.150112,0.157414
71,60,0.386121,0.328013,0.285079,0.065884,0.063708,0.068379,0.062246,0.062677,0.068584,0.056975,0.062202,0.073144
71,60,0.020151,0.057224,0.654536,0.06068,0.062342,0.070883,0.062755,0.064236,0.061302,0.062716,0.064848,0.068196
71,60,0.020135,0.052556,0.575429,0.061792,0.061766,0.070008,0.060649,0.061527,0.061555,0.062702,0.061123,0.069704
71,60,0.019196,0.052528,0.518449,0.054559,0.061011,0.069774,0.060513,0.062544,0.060926,0.062244,0.063519,0.070104
71,60,0.056357,0.103529,0.519962,0.057448,0.099553,0.103028,0.097667,0.0923,0.103024,0.095355,0.098589,0.102375
71,60,0.021015,0.051384,0.889837,0.064506,0.060784,0.068829,0.062347,0.060717,0.041778,0.054454,0.059223,0.068801
71,60,0.038706,0.07928,0.653202,0.060223,0.060331,0.069375,0.06291,0.057595,0.062631,0.062038,0.060015,0.069738
71,60,0.302414,0.323195,0.395139,0.061691,0.062612,0.07054,0.061637,0.063428,0.064351,0.07649,0.063373,0.074787
71,60,0.057742,0.10486,0.555172,0.061842,0.105693,0.102714,0.101283,0.093642,0.102092,0.096662,0.09947,0.104867
71,60,0.200358,0.229068,0.418241,0.061543,0.065596,0.066031,0.059553,0.060634,0.064983,0.063049,0.063519,0.068574
71,60,0.02022,0.052196,0.640683,0.062192,0.061544,0.068396,0.060764,0.061726,0.061368,0.063468,0.060993,0.072321
71,60,0.665863,0.438309,0.28035,0.05694,0.064666,0.066288,0.049184,0.052419,0.058492,0.056357,0.05749,0.071955
71,60,0.036194,0.076576,0.651861,0.058685,0.098635,0.102467,0.100705,0.094744,0.11306,0.089275,0.099114,0.104913
71,60,0.368798,0.329734,0.485843,0.09485,0.096908,0.104928,0.093634,0.086957,0.095732,0.093217,0.094148,0.118981
71,60,0.331409,0.365167,0.459761,0.086947,0.089316,0.097361,0.089039,0.099772,0.088088,0.08382,0.087798,0.100578
71,60,0.324044,0.364878,0.449767,0.085902,0.094716,0.098718,0.08948,0.104723,0.093617,0.075516,0.090496,0.097912
71,60,0.1489,0.21978,1.03986,0.087516,0.142829,0.130999,0.140584,0.128055,0.15391,0.118719,0.14398,0.147364
71,60,0.389049,0.406857,0.303456,0.077246,0.087815,0.092878,0.086746,0.085965,0.084381,0.081953,0.092071,0.100154
71,60,0.026539,0.075307,1.4612,0.090774,0.085352,0.09416,0.087485,0.081496,0.090733,0.081559,0.089022,0.09789
71,60,0.051163,0.109382,1.33999,0.093362,0.093611,0.096693,0.088838,0.081989,0.091049,0.092768,0.0871,0.09817
71,60,0.166336,0.272537,1.09087,0.079495,0.086457,0.093409,0.093446,0.075977,0.085697,0.075324,0.082563,0.095547
71,60,0.728141,0.532095,0.404271,0.086389,0.088808,0.098631,0.086445,0.079842,0.092749,0.086656,0.093645,0.098047
71,60,0.646895,0.528302,0.340991,0.091424,0.099824,0.103325,0.095561,0.089962,0.096424,0.089376,0.095201,0.107907
71,60,0.055413,0.118409,0.837264,0.086798,0.088926,0.094685,0.089838,0.081925,0.087501,0.082367,0.088361,0.099142
71,60,0.233611,0.291201,0.899356,0.086824,0.273699,0.249415,0.30789,0.256999,0.139638,0.126965,0.323581,0.302523
71,60,0.716591,0.542785,0.543914,0.087455,0.085712,0.093984,0.085212,0.083057,0.088757,0.083926,0.08958,0.102593
71,60,0.050377,0.109624,1.00057,0.074964,0.111298,0.116221,0.10825,0.105378,0.109504,0.104259,0.109187,0.119118
71,80,0.234191,0.258167,0.319222,0.060815,0.062935,0.069027,0.061388,0.06106,0.061773,0.060559,0.061273,0.073547
71,80,0.241683,0.257466,0.460295,0.065544,0.05888,0.068438,0.060494,0.061613,0.069179,0.066963,0.061199,0.070224
71,80,0.081746,0.129152,0.466721,0.061445,0.146078,0.133804,0.146485,0.11956,0.107293,0.094203,0.142705,0.156676
71,80,0.387199,0.347245,0.285125,0.062091,0.06517,0.072701,0.063945,0.072906,0.063439,0.062209,0.063583,0.071882
71,80,0.007081,0.06532,0.709172,0.061929,0.065995,0.069911,0.064491,0.061582,0.064136,0.062267,0.063065,0.070264
71,80,0.018106,0.05226,0.582363,0.061465,0.064037,0.069655,0.061437,0.060036,0.063166,0.063132,0.067383,0.064313
71,80,0.021502,0.052292,0.67161,0.061859,0.062956,0.069285,0.061961,0.062712,0.06306,0.063227,0.061662,0.068824
71,80,0.059957,0.103371,0.676709,0.061639,0.102463,0.093671,0.098918,0.087703,0.101744,0.091032,0.100191,0.1072
71,80,0.007004,0.064867,0.53463,0.063276,0.063067,0.069974,0.063261,0.061475,0.066986,0.059113,0.062593,0.07146
71,80,0.040992,0.079547,0.625187,0.062073,0.064613,0.071388,0.06379,0.064079,0.06449,0.065388,0.065052,0.070694
71,80,0.319403,0.323667,0.396458,0.061732,0.06323,0.070764,0.062735,0.062265,0.064336,0.062439,0.061558,0.070216
71,80,0.057946,0.103781,0.477956,0.060757,0.105724,0.09755,0.101346,0.091601,0.101378,0.094202,0.100422,0.106105
71,80,0.19957,0.230937,0.430357,0.064629,0.063849,0.070541,0.060342,0.061691,0.061928,0.063612,0.062019,0.072476
71,80,0.018579,0.05346,0.521605,0.061793,0.039642,0.05564,0.060672,0.06132,0.061655,0.061009,0.054032,0.070303
71,80,0.664607,0.435559,0.286793,0.062327,0.065855,0.074004,0.064927,0.063461,0.063826,0.063917,0.064742,0.073802
71,80,0.042193,0.079338,0.543286,0.059087,0.105743,0.107216,0.10145,0.096432,0.10536,0.09573,0.104222,0.108523
71,80,0.299717,0.294915,0.387316,0.061645,0.064324,0.071059,0.062959,0.062076,0.063996,0.063264,0.062859,0.073486
71,80,0.251649,0.255056,0.375375,0.06174,0.062231,0.071539,0.0619,0.05693,0.06251,0.062866,0.063636,0.072097
71,80,0.236777,0.270164,0.361815,0.064072,0.062549,0.072099,0.062404,0.061261,0.063562,0.062642,0.062913,0.073311
71,80,0.110161,0.157336,0.506226,0.060812,0.101684,0.116274,0.10282,0.09344,0.10217,0.092443,0.104731,0.100748
71,80,0.285913,0.292427,0.315323,0.063946,0.06463,0.072342,0.063724,0.06386,0.063,0.063959,0.064211,0.072302
71,80,0.019143,0.051914,0.521417,0.062867,0.064797,0.070325,0.063019,0.063409,0.064221,0.064274,0.06308,0.070572
71,80,0.024893,0.092988,0.503341,0.062348,0.061696,0.069348,0.061873,0.060367,0.066582,0.055917,0.061149,0.07055
71,80,0.136235,0.180703,0.46479,0.058434,0.065329,0.0682,0.061499,0.061788,0.06205,0.063578,0.061253,0.073626
71,80,0.563756,0.387311,0.340408,0.060882,0.061673,0.072862,0.062395,0.062122,0.064053,0.062157,0.063216,0.072905
71,80,0.48071,0.358023,0.247796,0.057622,0.06354,0.071251,0.062168,0.057481,0.065922,0.064794,0.058927,0.071435
71,80,0.037905,0.078108,0.526541,0.053386,0.070616,0.063959,0.062398,0.062629,0.061472,0.063244,0.063889,0.071039
71,80,0.174071,0.209877,0.525214,0.060134,0.22303,0.226972,0.225975,0.191521,0.101533,0.092992,0.21735,0.216006
71,80,0.542089,0.383028,0.325196,0.060875,0.066453,0.066235,0.063654,0.062652,0.063236,0.05987,0.062852,0.073524
71,80,0.038992,0.078397,0.555402,0.066126,0.109675,0.132462,0.106764,0.103709,0.108291,0.106929,0.107588,0.118164
71,100,0.208598,0.258759,0.180306,0.053086,0.052926,0.061881,0.062427,0.057671,0.057703,0.063011,0.066271,0.075443
71,100,0.228393,0.25357,0.314124,0.060977,0.062135,0.071472,0.062536,0.063134,0.065522,0.062962,0.061779,0.0736
71,100,0.082954,0.13101,0.543924,0.066936,0.15636,0.158382,0.155076,0.137994,0.114678,0.108678,0.147478,0.150271
71,100,0.3912,0.334485,0.172633,0.058214,0.064181,0.070429,0.063741,0.063209,0.06171,0.059612,0.06192,0.074631
71,100,0.019546,0.054018,0.513536,0.061216,0.062077,0.069338,0.062612,0.061262,0.063435,0.063254,0.0639,0.065563
71,100,0.020011,0.051805,0.487705,0.061652,0.063501,0.067767,0.061878,0.06273,0.061945,0.062246,0.06118,0.071841
71,100,0.019137,0.051922,0.410561,0.059248,0.062998,0.070279,0.061887,0.060789,0.044526,0.050298,0.060002,0.075804
71,100,0.05728,0.104236,0.461552,0.061092,0.101304,0.100996,0.10178,0.09492,0.108186,0.087615,0.101843,0.105599
71,100,0.019246,0.064813,0.900841,0.065316,0.067819,0.077155,0.068558,0.072049,0.068516,0.07068,0.074129,0.071832
71,100,0.042238,0.090933,0.479366,0.065223,0.06324,0.070771,0.060256,0.061608,0.062789,0.06177,0.062591,0.07106
71,100,0.325578,0.308428,0.323552,0.057151,0.063968,0.07059,0.062096,0.062677,0.063251,0.062681,0.062809,0.073356
71,100,0.058458,0.103166,0.735748,0.061598,0.102181,0.104718,0.10001,0.092897,0.103352,0.093712,0.100276,0.104372
71,100,0.199352,0.231384,0.345229,0.060903,0.061733,0.070103,0.053581,0.052124,0.055599,0.055209,0.05718,0.070185
71,100,0.018061,0.051758,0.478296,0.058125,0.065356,0.062689,0.061621,0.056921,0.061768,0.062316,0.06103,0.070084
71,100,0.670379,0.438426,0.206273,0.061535,0.06211,0.070675,0.063181,0.06211,0.062608,0.063728,0.064175,0.078317
71,100,0.038146,0.079847,0.49513,0.06644,0.110496,0.118729,0.107173,0.103373,0.109572,0.107582,0.109038,0.117784
71,100,0.32118,0.298108,0.340855,0.061162,0.061056,0.069643,0.064983,0.055262,0.063042,0.060972,0.063117,0.073611
71,100,0.235657,0.268784,0.296843,0.061604,0.061945,0.071294,0.062373,0.06225,0.061569,0.062121,0.061731,0.073441
71,100,0.248223,0.255404,0.300952,0.059747,0.062016,0.071443,0.061848,0.057905,0.050353,0.055953,0.060241,0.072112
71,100,0.107467,0.154312,0.534262,0.061701,0.100246,0.104093,0.106943,0.090515,0.10948,0.090602,0.104178,0.108039
71,100,0.300502,0.286371,0.152226,0.066316,0.069984,0.073056,0.066767,0.071232,0.068536,0.071466,0.068215,0.083509
71,100,0.021163,0.060156,0.556795,0.068545,0.066449,0.075285,0.063083,0.066007,0.061509,0.062475,0.061549,0.068833
71,100,0.025505,0.091853,0.47035,0.055176,0.066809,0.063023,0.060733,0.061873,0.062016,0.062935,0.061275,0.070214
71,100,0.13813,0.178744,0.339231,0.061952,0.062747,0.069789,0.062611,0.06032,0.063082,0.061903,0.061925,0.070926
71,100,0.558436,0.381563,0.239724,0.061225,0.061578,0.071801,0.060736,0.06112,0.062223,0.058939,0.059164,0.069483
71,100,0.442279,0.339058,0.148715,0.060853,0.059412,0.069192,0.066449,0.055386,0.064563,0.057569,0.06087,0.073922
71,100,0.025258,0.092079,0.484197,0.061985,0.065539,0.064296,0.066118,0.053383,0.06304,0.064558,0.063303,0.068531
71,100,0.176687,0.205177,0.513914,0.063393,0.220166,0.209893,0.216669,0.189354,0.103491,0.096469,0.217881,0.209768
71,100,0.547076,0.387851,0.178113,0.060312,0.062127,0.070623,0.061166,0.062534,0.062169,0.059905,0.061694,0.074306
71,100,0.03805,0.078021,0.490729,0.05935,0.101067,0.102447,0.100064,0.096164,0.100486,0.093079,0.103265,0.09902
81,0,0.268819,0.319388,0.582451,0.081384,0.074268,0.086117,0.074879,0.079685,0.076305,0.076028,0.084366,0.081525
81,0,0.273449,0.352751,0.83411,0.10197,0.114189,0.138463,0.127009,0.103492,0.121837,0.116983,0.115788,0.155987
81,0,0.100732,0.199841,2.45883,0.111301,0.329617,0.303047,0.321509,0.27682,0.183814,0.161074,0.288282,0.27778
81,0,0.488702,0.520154,1.39781,0.116935,0.10997,0.125116,0.10729,0.101808,0.106121,0.105473,0.110411,0.122065
81,0,0.02948,0.08764,1.86917,0.106176,0.106345,0.123603,0.110751,0.104815,0.113546,0.106267,0.112011,0.125845
81,0,0.031791,0.093673,1.69651,0.098639,0.082034,0.096097,0.087558,0.082846,0.082969,0.087908,0.082039,0.098771
81,0,0.022767,0.067023,0.995341,0.073783,0.083112,0.086213,0.073841,0.077431,0.077164,0.079206,0.077782,0.087165
81,0,0.069788,0.134367,1.08572,0.078683,0.125005,0.135135,0.128092,0.123579,0.130857,0.123617,0.129933,0.134624
81,0,0.026857,0.068239,1.13629,0.079693,0.077456,0.087202,0.075011,0.082027,0.07666,0.075341,0.075673,0.089032
81,0,0.048118,0.099337,1.12377,0.100144,0.116476,0.126392,0.114793,0.111004,0.113028,0.111554,0.113948,0.125761
81,0,0.341564,0.459967,1.13292,0.111943,0.09947,0.119574,0.102664,0.101689,0.107359,0.106049,0.110275,0.128242
81,0,0.09003,0.188926,2.79291,0.114897,0.178802,0.189619,0.182941,0.159082,0.182462,0.161075,0.192041,0.180503
81,0,0.272518,0.431322,1.21747,0.106039,0.099164,0.121576,0.107815,0.102128,0.108881,0.101094,0.107572,0.118607
81,0,0.015476,0.068653,1.39089,0.092932,0.103923,0.118781,0.111667,0.10272,0.113203,0.103367,0.120749,0.107951
81,0,0.975077,0.80562,0.379089,0.108431,0.107054,0.124635,0.110789,0.10521,0.108027,0.101946,0.107719,0.124746
81,0,0.059184,0.138657,1.06305,0.095945,0.136043,0.149839,0.148177,0.123011,0.137586,0.137152,0.128983,0.138721
81,0,0.346533,0.365689,0.464867,0.079235,0.056492,0.073385,0.072331,0.07782,0.073315,0.079766,0.078778,0.09211
81,0,0.388887,0.39421,0.704158,0.080131,0.084821,0.083676,0.076626,0.079288,0.078514,0.080741,0.077031,0.094657
81,0,0.339191,0.36807,0.439833,0.077051,0.077292,0.090057,0.07665,0.078838,0.076597,0.080228,0.076585,0.091109
81,0,0.130699,0.20121,1.24098,0.071119,0.12496,0.150204,0.124762,0.121405,0.128335,0.120512,0.127978,0.131492
81,0,0.412596,0.398448,0.313614,0.078425,0.076333,0.087701,0.07516,0.07831,0.075623,0.079515,0.062705,0.077792
81,0,0.022964,0.063096,1.17281,0.079417,0.082469,0.097059,0.082228,0.09014,0.087447,0.089559,0.082947,0.09557
81,0,0.03093,0.118112,1.09914,0.078762,0.077454,0.088559,0.077079,0.078243,0.07797,0.080796,0.079465,0.089492
81,0,0.144592,0.250226,0.79527,0.096976,0.075676,0.089264,0.078108,0.079203,0.076599,0.080166,0.075811,0.088402
81,0,0.600696,0.495789,0.444026,0.078466,0.078296,0.088309,0.078307,0.078773,0.079557,0.097027,0.076725,0.091308
81,0,0.702313,0.527354,0.246899,0.07775,0.077193,0.084577,0.078576,0.081251,0.075436,0.079765,0.07634,0.089723
81,0,0.045754,0.100234,0.888028,0.078901,0.078606,0.088103,0.076845,0.080339,0.083426,0.074124,0.077919,0.086075
81,0,0.149187,0.250118,1.07769,0.081192,0.174551,0.176454,0.173788,0.162303,0.126121,0.121539,0.174561,0.179411
81,0,0.606729,0.494964,0.325775,0.082946,0.081787,0.099901,0.082572,0.089259,0.084951,0.085956,0.082951,0.102139
81,0,0.050131,0.114624,1.04769,0.077873,0.12598,0.114188,0.127422,0.115691,0.134136,0.116548,0.125854,0.134714
81,20,0.295358,0.331769,0.638449,0.086345,0.084424,0.104175,0.084999,0.088752,0.084537,0.090567,0.085937,0.103916
81,20,0.298108,0.3668,1.40945,0.081877,0.075245,0.089493,0.076247,0.078692,0.077771,0.079127,0.076258,0.088724
81,20,0.071853,0.134127,1.13017,0.082401,0.224472,0.226371,0.226483,0.202638,0.129088,0.121679,0.20401,0.213913
81,20,0.376639,0.394449,0.57616,0.082689,0.075421,0.08735,0.082657,0.071712,0.080042,0.07859,0.078899,0.093564
81,20,0.023372,0.067499,1.2506,0.08706,0.078369,0.089014,0.076934,0.080109,0.077491,0.080747,0.077298,0.090726
81,20,0.024606,0.066585,1.37799,0.084216,0.082504,0.097435,0.082754,0.08959,0.083528,0.089677,0.079535,0.089529
81,20,0.024889,0.067447,0.95169,0.078698,0.082535,0.076992,0.075456,0.078499,0.076702,0.077815,0.075717,0.089221
81,20,0.070192,0.133437,1.04328,0.076456,0.128113,0.136551,0.139395,0.134303,0.134538,0.132884,0.127787,0.128987
81,20,0.024324,0.083533,1.38727,0.087478,0.075487,0.090256,0.076693,0.082626,0.081123,0.077364,0.076585,0.110183
81,20,0.047812,0.100884,1.10348,0.087754,0.089021,0.090801,0.085841,0.084969,0.082667,0.088124,0.0813,0.093488
81,20,0.268082,0.331809,0.496452,0.084941,0.085436,0.099009,0.084425,0.102454,0.089816,0.079094,0.084461,0.101863
81,20,0.077747,0.153753,1.52474,0.090017,0.119564,0.136256,0.138114,0.140041,0.135045,0.109358,0.126788,0.134297
81,20,0.236775,0.298972,0.892848,0.080775,0.077551,0.091957,0.077119,0.077503,0.078753,0.080873,0.078034,0.093295
81,20,0.024773,0.069039,1.03054,0.101289,0.116651,0.12918,0.115007,0.111621,0.117077,0.110778,0.117134,0.126435
81,20,0.916365,0.77785,0.468576,0.10689,0.110179,0.124126,0.107791,0.103351,0.108214,0.103516,0.107456,0.129365
81,20,0.062654,0.137653,1.22609,0.104346,0.130929,0.149434,0.134229,0.137882,0.139486,0.127545,0.127512,0.136845
81,20,0.341159,0.384742,0.473116,0.07994,0.078886,0.089038,0.077823,0.07949,0.080312,0.081512,0.081923,0.092473
81,20,0.400008,0.398427,0.546246,0.078391,0.075993,0.087209,0.081869,0.071917,0.076507,0.078283,0.076536,0.089132
81,20,0.341125,0.364125,0.443152,0.079085,0.080296,0.083483,0.083569,0.068388,0.076366,0.079013,0.075542,0.092434
81,20,0.131264,0.201533,1.71326,0.074188,0.124677,0.130207,0.126654,0.135779,0.131008,0.119322,0.129125,0.134685
81,20,0.397493,0.398593,0.316949,0.076076,0.077966,0.089191,0.076331,0.078209,0.078106,0.080121,0.076938,0.095332
81,20,0.02344,0.067806,1.46625,0.078378,0.075815,0.085457,0.074516,0.074994,0.077231,0.077038,0.076305,0.088456
81,20,0.045388,0.09984,0.969048,0.085037,0.084681,0.097354,0.081832,0.0882,0.08379,0.090308,0.082914,0.097153
81,20,0.165572,0.23872,0.795558,0.075552,0.077414,0.083875,0.068024,0.070883,0.076167,0.080392,0.06641,0.091396
81,20,0.597812,0.49793,0.697395,0.080389,0.078363,0.092819,0.078846,0.080221,0.078034,0.078167,0.07868,0.090821
81,20,0.70928,0.536648,0.336866,0.085244,0.083164,0.097824,0.082253,0.09008,0.082696,0.090182,0.083289,0.102679
81,20,0.050373,0.115574,1.17395,0.084072,0.080073,0.079536,0.074269,0.078044,0.078842,0.075219,0.076259,0.087863
81,20,0.162038,0.232385,1.00387,0.077748,0.172396,0.17732,0.155961,0.151793,0.121257,0.11695,0.174934,0.176665
81,20,0.611885,0.497341,0.335458,0.079042,0.080114,0.090217,0.078201,0.080719,0.079989,0.081214,0.078619,0.094717
81,20,0.049407,0.100601,0.993814,0.083539,0.127958,0.132887,0.124434,0.120834,0.126017,0.121649,0.12595,0.150456
81,40,0.286756,0.332836,0.542824,0.084919,0.082544,0.098252,0.08659,0.08594,0.083192,0.089174,0.083695,0.101493
81,40,0.289032,0.387475,0.661775,0.079146,0.07713,0.089246,0.075564,0.079298,0.065975,0.067249,0.069231,0.084975
81,40,0.067312,0.132552,1.02769,0.080658,0.22775,0.238922,0.237471,0.213974,0.134298,0.114735,0.228786,0.230118
81,40,0.3805,0.417993,0.369084,0.084013,0.083408,0.099206,0.080888,0.085653,0.083726,0.093088,0.083518,0.101595
81,40,0.026096,0.0775,1.45415,0.107092,0.084312,0.093532,0.082111,0.089178,0.089818,0.0778,0.075547,0.087771
81,40,0.022617,0.06705,1.30004,0.08163,0.077827,0.086481,0.058183,0.071228,0.072288,0.07908,0.081149,0.075802
81,40,0.02481,0.070707,0.70835,0.087552,0.084951,0.097934,0.084083,0.091299,0.085699,0.090925,0.084799,0.099362
81,40,0.079632,0.154124,1.09644,0.08113,0.128593,0.129839,0.129852,0.12249,0.127653,0.12273,0.125829,0.132248
81,40,0.007592,0.082331,2.71453,0.091367,0.080528,0.081192,0.075683,0.079438,0.077087,0.080289,0.083097,0.079607
81,40,0.045852,0.10015,0.969117,0.078309,0.079172,0.086626,0.056543,0.06441,0.072312,0.07769,0.071605,0.089057
81,40,0.280185,0.335576,0.549553,0.084941,0.083546,0.101112,0.084067,0.092029,0.085493,0.093058,0.092632,0.095106
81,40,0.075458,0.155343,1.32924,0.084006,0.131594,0.131318,0.126125,0.117986,0.133557,0.113632,0.125788,0.134604
81,40,0.217949,0.314706,0.636675,0.079938,0.085272,0.077866,0.076504,0.079,0.077625,0.079493,0.076018,0.090978
81,40,0.023355,0.067258,1.05831,0.080329,0.074424,0.085714,0.082827,0.068927,0.076512,0.07621,0.075793,0.084531
81,40,0.723807,0.53923,0.3551,0.077764,0.076504,0.089229,0.077059,0.079362,0.079257,0.081372,0.081615,0.090342
81,40,0.050147,0.101447,1.34298,0.082939,0.12712,0.132653,0.130686,0.118213,0.135829,0.105936,0.090451,0.101372
81,40,0.400735,0.419542,0.480269,0.088675,0.07833,0.094693,0.077277,0.076852,0.077567,0.080428,0.077429,0.088132
81,40,0.396656,0.398855,0.509099,0.079721,0.076685,0.08786,0.076376,0.076814,0.076924,0.078272,0.077085,0.090975
81,40,0.322154,0.381924,0.444894,0.079853,0.075551,0.088213,0.06807,0.078698,0.07558,0.080888,0.075693,0.089827
81,40,0.111297,0.214701,1.79368,0.077205,0.129366,0.131814,0.136415,0.114479,0.133447,0.118508,0.125452,0.135399
81,40,0.411676,0.397135,0.300337,0.079202,0.076496,0.088878,0.076433,0.078731,0.084858,0.070678,0.077823,0.090062
81,40,0.023146,0.083712,1.6006,0.087162,0.07546,0.08788,0.075851,0.078956,0.07669,0.079607,0.076288,0.087779
81,40,0.046207,0.100058,0.811561,0.078163,0.068936,0.077015,0.07366,0.079125,0.077745,0.072931,0.079242,0.085441
81,40,0.159688,0.231269,0.709559,0.104518,0.112127,0.134149,0.114922,0.118316,0.112584,0.111376,0.116493,0.131956
81,40,0.780385,0.70377,0.518664,0.109907,0.108088,0.122232,0.109395,0.102823,0.109933,0.103963,0.110057,0.125254
81,40,0.849694,0.750256,0.511726,0.108455,0.110455,0.12428,0.10918,0.103217,0.109963,0.103195,0.107592,0.123193
81,40,0.063309,0.137122,0.906475,0.107111,0.104152,0.109687,0.092091,0.092496,0.10719,0.098852,0.109505,0.124972
81,40,0.218142,0.323848,1.12865,0.132741,0.261743,0.270252,0.257084,0.224434,0.18109,0.160894,0.251569,0.260482
81,40,0.772493,0.701371,0.380507,0.114597,0.124266,0.127707,0.116384,0.113943,0.116032,0.113124,0.127241,0.125997
81,40,0.062103,0.146836,2.57888,0.117455,0.184798,0.190332,0.175859,0.160993,0.182991,0.168421,0.179088,0.192964
81,60,0.379515,0.459288,0.999175,0.096754,0.083416,0.100063,0.082677,0.087858,0.082819,0.087066,0.083444,0.102294
81,60,0.313016,0.37412,1.36348,0.093837,0.083224,0.099032,0.082866,0.089085,0.083942,0.089822,0.078143,0.090919
81,60,0.068703,0.134048,1.29775,0.083718,0.239238,0.266857,0.233727,0.206509,0.130111,0.120067,0.234675,0.218761
81,60,0.401042,0.401711,0.506692,0.079726,0.076072,0.088172,0.076907,0.0801,0.076523,0.079641,0.081349,0.082886
81,60,0.005852,0.081709,1.50405,0.085455,0.082948,0.095916,0.081606,0.088142,0.083638,0.089713,0.076084,0.087131
81,60,0.025164,0.068016,0.946305,0.078578,0.076533,0.087081,0.075936,0.076077,0.076794,0.080475,0.070279,0.074429
81,60,0.014368,0.058568,1.36215,0.084305,0.087898,0.094251,0.090373,0.081769,0.086863,0.091738,0.08119,0.087215
81,60,0.07324,0.133812,1.03825,0.080448,0.131531,0.134414,0.128162,0.122459,0.129507,0.123852,0.16055,0.164157
81,60,0.040658,0.10155,1.50601,0.127947,0.116875,0.12067,0.111856,0.11069,0.108259,0.100259,0.107206,0.119912
81,60,0.060013,0.139307,1.23563,0.108935,0.082062,0.096484,0.082566,0.090575,0.07624,0.082405,0.080377,0.094231
81,60,0.285205,0.328229,0.536774,0.074759,0.077166,0.088199,0.077533,0.080491,0.078987,0.081702,0.077434,0.090188
81,60,0.070695,0.13551,1.17406,0.080796,0.126899,0.133662,0.133617,0.115421,0.128679,0.119857,0.126849,0.133551
81,60,0.233465,0.299416,0.573207,0.082262,0.0762,0.087743,0.075777,0.080136,0.076147,0.079783,0.076709,0.090734
81,60,0.022026,0.06752,0.899486,0.070739,0.083743,0.111696,0.082874,0.089347,0.083902,0.09066,0.081617,0.098866
81,60,0.730308,0.565441,0.330223,0.076024,0.075461,0.087681,0.07518,0.079559,0.076666,0.079996,0.077186,0.090344
81,60,0.046201,0.102345,1.15424,0.083533,0.135843,0.150661,0.143628,0.134871,0.137207,0.134129,0.132367,0.12732
81,60,0.350863,0.366411,0.480079,0.087732,0.083057,0.09933,0.085598,0.083247,0.082284,0.090488,0.082599,0.100291
81,60,0.410876,0.451869,1.25419,0.079748,0.075599,0.088237,0.078157,0.075935,0.0763,0.079568,0.076357,0.092224
81,60,0.313626,0.348068,0.540636,0.07488,0.075067,0.085568,0.082503,0.071475,0.076166,0.077643,0.078009,0.091298
81,60,0.131734,0.201611,1.29048,0.088744,0.128433,0.133142,0.127659,0.136486,0.131186,0.123738,0.128453,0.13446
81,60,0.411124,0.398268,0.341887,0.082301,0.082425,0.099661,0.082935,0.089649,0.082729,0.087618,0.08246,0.102418
81,60,0.025171,0.076323,1.18562,0.093016,0.082486,0.096784,0.082559,0.091156,0.083282,0.089469,0.093239,0.088596
81,60,0.047215,0.102657,1.15012,0.071044,0.079682,0.087614,0.078751,0.073444,0.078573,0.076327,0.073691,0.083889
81,60,0.159271,0.233019,0.962475,0.086101,0.107817,0.1325,0.115023,0.114626,0.113639,0.108954,0.114353,0.128375
81,60,0.760914,0.69656,0.659753,0.109156,0.108973,0.120627,0.107633,0.103909,0.109683,0.104507,0.108375,0.126657
81,60,0.864075,0.733109,0.438931,0.128115,0.10772,0.121143,0.109403,0.1019,0.074976,0.07342,0.103715,0.120801
81,60,0.057681,0.13254,1.59259,0.112171,0.112467,0.119489,0.10449,0.105653,0.107644,0.102724,0.109374,0.121028
81,60,0.219893,0.316862,2.66402,0.096288,0.192008,0.195822,0.189212,0.185638,0.138221,0.117082,0.174712,0.196236
81,60,0.590838,0.511836,0.365298,0.093328,0.077215,0.088748,0.07246,0.068541,0.069692,0.070391,0.077732,0.089324
81,60,0.046469,0.096617,1.6478,0.115102,0.192602,0.197014,0.18723,0.178849,0.185609,0.170707,0.185214,0.178474
81,80,0.344555,0.477364,0.593202,0.106761,0.112049,0.120567,0.111151,0.09924,0.106488,0.101921,0.108591,0.124469
81,80,0.367708,0.454439,1.28004,0.10875,0.114926,0.1146,0.109415,0.102215,0.110461,0.1013,0.070663,0.098531
81,80,0.086531,0.172554,1.30747,0.098958,0.246801,0.250152,0.240262,0.227619,0.132182,0.125281,0.23144,0.228473
81,80,0.403752,0.397416,0.681283,0.072984,0.075931,0.088847,0.080393,0.073422,0.077314,0.079677,0.077152,0.088477
81,80,0.022538,0.065914,1.7755,0.084806,0.081388,0.097652,0.082085,0.09051,0.083325,0.090154,0.075827,0.089386
81,80,0.025302,0.067748,1.01784,0.079274,0.075506,0.08586,0.078612,0.071237,0.083938,0.079745,0.075983,0.08699
81,80,0.024053,0.065045,1.06404,0.079971,0.080315,0.087813,0.078578,0.080204,0.078071,0.08107,0.076712,0.089296
81,80,0.052818,0.153456,1.9167,0.103778,0.192949,0.203782,0.189896,0.175828,0.188096,0.164587,0.182585,0.186002
81,80,0.031209,0.093379,1.40845,0.103551,0.083041,0.096813,0.082372,0.089746,0.08302,0.086484,0.080762,0.092749
81,80,0.045598,0.100363,1.00201,0.096808,0.110277,0.134691,0.108198,0.105639,0.109438,0.111359,0.114453,0.136569
81,80,0.317805,0.485176,1.13412,0.097768,0.084813,0.100183,0.091599,0.081695,0.083534,0.090281,0.082211,0.10073
81,80,0.076327,0.154216,1.20424,0.089351,0.138292,0.149961,0.137611,0.137361,0.141491,0.121063,0.124909,0.133497
81,80,0.235828,0.298677,0.522068,0.078658,0.07635,0.089892,0.083512,0.070316,0.077276,0.07971,0.077591,0.08792
81,80,0.014502,0.051109,1.12811,0.079593,0.084629,0.078321,0.082073,0.072265,0.07829,0.080232,0.082194,0.085738
81,80,0.731487,0.581986,0.341526,0.086037,0.083225,0.101269,0.08517,0.092187,0.086004,0.09134,0.082345,0.104458
81,80,0.052098,0.114141,2.641,0.091076,0.123509,0.135272,0.129928,0.114809,0.128063,0.120902,0.125765,0.139105
81,80,0.347639,0.365531,0.463325,0.079013,0.077573,0.086821,0.066924,0.072732,0.071679,0.079669,0.07539,0.085037
81,80,0.396537,0.398101,0.515524,0.081872,0.079035,0.088856,0.076686,0.079003,0.07656,0.081615,0.076789,0.092968
81,80,0.338174,0.369223,0.508772,0.101267,0.117228,0.131454,0.114887,0.109988,0.116028,0.111867,0.113907,0.131593
81,80,0.179187,0.29569,2.01484,0.112279,0.177604,0.185196,0.180578,0.161831,0.183474,0.159847,0.181102,0.185736
81,80,0.462525,0.502717,0.567738,0.095875,0.097041,0.102442,0.105926,0.099772,0.103778,0.102865,0.105035,0.127134
81,80,0.033911,0.090468,1.62235,0.100315,0.085611,0.093959,0.091393,0.083735,0.08594,0.087136,0.081677,0.099139
81,80,0.029492,0.126666,0.871274,0.078769,0.084423,0.111434,0.082673,0.089879,0.085399,0.089249,0.084763,0.099389
81,80,0.17011,0.247344,0.872442,0.078667,0.075979,0.084999,0.078315,0.07632,0.07717,0.080324,0.076689,0.090115
81,80,0.586763,0.489287,0.431331,0.078962,0.078152,0.082909,0.074648,0.07843,0.07637,0.079045,0.077111,0.091194
81,80,0.692947,0.550426,0.309837,0.082969,0.083391,0.102593,0.088143,0.086532,0.084053,0.092936,0.082622,0.101944
81,80,0.051485,0.11516,1.12119,0.084471,0.08244,0.077663,0.074773,0.079388,0.077398,0.078054,0.07589,0.088599
81,80,0.165134,0.233591,0.922741,0.078701,0.175715,0.189773,0.186562,0.146902,0.127724,0.116235,0.17526,0.182315
81,80,0.592283,0.483791,0.329991,0.071555,0.078175,0.089293,0.075598,0.077911,0.074796,0.077548,0.083173,0.081514
81,80,0.045218,0.100394,2.18361,0.082583,0.133449,0.14661,0.129784,0.122828,0.128439,0.119981,0.126159,0.132095
81,100,0.292789,0.330843,0.510352,0.08196,0.076753,0.085681,0.075856,0.079269,0.076165,0.07842,0.076515,0.092745
81,100,0.287464,0.332529,0.531224,0.079775,0.075905,0.090134,0.076935,0.077556,0.078103,0.077428,0.076307,0.092339
81,100,0.069216,0.134138,0.830777,0.077181,0.2363,0.21727,0.220389,0.202054,0.130731,0.121414,0.23151,0.229053
81,100,0.40088,0.397536,0.306146,0.079481,0.07593,0.091427,0.076342,0.081829,0.077437,0.082626,0.076265,0.093922
81,100,0.022292,0.067282,0.630539,0.073181,0.075381,0.096205,0.075576,0.077796,0.077109,0.079292,0.076552,0.088258
81,100,0.022228,0.066114,0.680963,0.080026,0.080575,0.078477,0.076126,0.077449,0.082821,0.070863,0.076158,0.090111
81,100,0.022644,0.066934,0.928797,0.076215,0.079612,0.0859,0.07552,0.079904,0.0761,0.079031,0.06121,0.074815
81,100,0.071057,0.127263,0.82879,0.081771,0.132786,0.146619,0.140248,0.130203,0.147977,0.131183,0.128868,0.138352
81,100,0.025173,0.06526,0.825606,0.076933,0.079938,0.084123,0.076093,0.079108,0.076728,0.081073,0.079609,0.083366
81,100,0.046276,0.099777,0.558388,0.079156,0.078935,0.080905,0.076821,0.07625,0.077232,0.080887,0.075781,0.103339
81,100,0.282976,0.332293,0.375828,0.079425,0.077282,0.100792,0.07543,0.079676,0.076875,0.078833,0.076058,0.090876
81,100,0.068084,0.133712,0.847133,0.081623,0.126098,0.132965,0.126211,0.122216,0.11252,0.106491,0.124891,0.133921
81,100,0.238819,0.298739,0.414133,0.07855,0.075677,0.08835,0.081681,0.079445,0.07995,0.080026,0.078467,0.091282
81,100,0.02212,0.067564,0.731348,0.085102,0.085949,0.098103,0.083237,0.093077,0.092973,0.082293,0.084657,0.100248
81,100,0.755839,0.585153,0.231843,0.078608,0.077015,0.089185,0.076766,0.075293,0.077,0.080055,0.083957,0.085665
81,100,0.048594,0.100285,0.708816,0.080101,0.124658,0.13374,0.129729,0.129135,0.125045,0.117819,0.126205,0.133371
81,100,0.330228,0.381972,0.369834,0.079468,0.077646,0.087903,0.070987,0.073449,0.078496,0.080104,0.076197,0.09008
81,100,0.398297,0.395188,0.393886,0.07537,0.079775,0.091466,0.082867,0.070058,0.079728,0.080793,0.08705,0.085647
81,100,0.346675,0.365128,0.362295,0.077788,0.079262,0.090151,0.077936,0.079271,0.078407,0.079775,0.077849,0.091121
81,100,0.131175,0.201483,0.693624,0.082356,0.126778,0.131082,0.126808,0.120383,0.128809,0.122936,0.124961,0.133969
81,100,0.412948,0.396987,0.230037,0.077157,0.07672,0.089697,0.075451,0.078635,0.07683,0.080106,0.075357,0.092275
81,100,0.023882,0.066468,0.743809,0.07489,0.068522,0.087717,0.074523,0.079872,0.075262,0.080123,0.079297,0.097174
81,100,0.049219,0.100523,0.530069,0.079824,0.080242,0.08661,0.079336,0.081074,0.079972,0.079533,0.079088,0.087472
81,100,0.165442,0.235339,0.547528,0.076641,0.081445,0.0895,0.076885,0.079207,0.080763,0.079012,0.077532,0.089067
81,100,0.595773,0.494803,0.307497,0.078009,0.077492,0.088206,0.081065,0.071756,0.077173,0.07984,0.078036,0.093073
81,100,0.704467,0.53036,0.191073,0.078018,0.079295,0.088815,0.086546,0.069951,0.078811,0.078528,0.077769,0.093437
81,100,0.048949,0.100902,0.606681,0.07832,0.077283,0.087606,0.064023,0.08184,0.076507,0.088827,0.111229,0.119255
81,100,0.223922,0.332961,1.13114,0.106842,0.259381,0.244601,0.249111,0.223625,0.183598,0.160273,0.258983,0.249616
81,100,0.761277,0.683929,0.299407,0.106965,0.108434,0.122569,0.107412,0.102563,0.108277,0.102163,0.107345,0.124784
81,100,0.059648,0.13837,1.08958,0.094617,0.12016,0.141415,0.133628,0.135377,0.143496,0.135856,0.13103,0.145467
91,0,0.299001,0.417021,0.958149,0.10194,0.090048,0.105882,0.090872,0.096652,0.089409,0.097777,0.0952,0.102491
91,0,0.310915,0.426047,0.957922,0.153043,0.139196,0.161779,0.137994,0.139257,0.139681,0.128429,0.127257,0.1551
91,0,0.137674,0.285256,1.66475,0.132067,0.216966,0.218783,0.164953,0.170157,0.20184,0.188235,0.197481,0.205092
91,0,0.499394,0.725528,1.90643,0.1231,0.100223,0.120107,0.097217,0.108918,0.097846,0.107113,0.092686,0.108414
91,0,0.023631,0.084953,1.78486,0.098615,0.091188,0.101306,0.090352,0.095353,0.090906,0.09659,0.090146,0.106172
91,0,0.025552,0.086292,1.20634,0.106226,0.100466,0.118826,0.090097,0.09759,0.095636,0.105965,0.093441,0.106244
91,0,0.023511,0.082183,1.33108,0.100689,0.09317,0.103201,0.091505,0.097929,0.088133,0.100743,0.095512,0.105791
91,0,0.078477,0.172204,1.63381,0.114184,0.160058,0.183543,0.147438,0.169398,0.145815,0.149709,0.146981,0.162459
91,0,0.051576,0.126988,1.25234,0.104971,0.162314,0.180595,0.159219,0.163458,0.149231,0.149268,0.127761,0.149599
91,0,0.051143,0.123561,2.07697,0.104744,0.111862,0.107446,0.089369,0.096772,0.09032,0.095778,0.09199,0.101606
91,0,0.352903,0.467314,1.0667,0.098797,0.087801,0.104431,0.087859,0.0972,0.088373,0.095821,0.08837,0.108035
91,0,0.075437,0.169032,1.23647,0.095945,0.144731,0.179366,0.146898,0.145159,0.150247,0.148416,0.146975,0.16093
91,0,0.210055,0.337092,0.991637,0.107001,0.099062,0.114457,0.096674,0.107301,0.097721,0.108529,0.098185,0.114601
91,0,0.025244,0.085666,1.51575,0.121196,0.135682,0.15116,0.131324,0.141524,0.134511,0.129892,0.128767,0.152909
91,0,0.980711,0.971542,0.604968,0.119523,0.096145,0.121673,0.096704,0.109816,0.098841,0.108463,0.09777,0.123448
91,0,0.054722,0.145046,1.43817,0.125291,0.21143,0.242663,0.203573,0.20059,0.209609,0.200571,0.21164,0.232182
91,0,0.531774,0.696863,1.14612,0.117381,0.096805,0.120948,0.096949,0.110303,0.096865,0.108367,0.094908,0.114981
91,0,0.355168,0.46139,0.933145,0.098529,0.088136,0.107299,0.088833,0.108632,0.088463,0.09563,0.088851,0.107891
91,0,0.351408,0.464073,0.884501,0.095955,0.08162,0.105327,0.090525,0.095632,0.089817,0.09035,0.087661,0.107155
91,0,0.134121,0.252338,1.34612,0.106366,0.161842,0.183253,0.158985,0.16404,0.154036,0.147621,0.148024,0.164641
91,0,0.423731,0.50387,0.58183,0.10596,0.097291,0.119893,0.097334,0.108035,0.097245,0.109004,0.096815,0.123229
91,0,0.027068,0.097568,1.45561,0.113785,0.088319,0.105212,0.089259,0.094381,0.089376,0.096427,0.073098,0.089482
91,0,0.047654,0.125665,2.33201,0.119608,0.136898,0.153941,0.127166,0.13274,0.128575,0.125747,0.127341,0.147714
91,0,0.270138,0.469586,2.30222,0.141559,0.127014,0.145792,0.126958,0.127839,0.128312,0.125207,0.128175,0.149333
91,0,0.616347,0.738824,1.18909,0.131464,0.123678,0.146373,0.11316,0.106584,0.114146,0.12124,0.129357,0.148674
91,0,0.823734,0.882961,0.574918,0.143974,0.142102,0.168284,0.14452,0.127068,0.132703,0.136916,0.132598,0.147126
91,0,0.067289,0.169065,1.42671,0.128498,0.096483,0.1172,0.096529,0.123232,0.096738,0.107978,0.088847,0.105947
91,0,0.177704,0.294889,1.89073,0.103062,0.197381,0.233875,0.200378,0.200349,0.150379,0.149616,0.209348,0.258072
91,0,0.559651,0.58692,0.433213,0.11817,0.088956,0.105094,0.091425,0.094352,0.089352,0.093788,0.088242,0.107263
91,0,0.030078,0.143375,2.46968,0.123132,0.216291,0.234177,0.20979,0.200716,0.213297,0.194359,0.171124,0.212464
91,20,0.38582,0.533545,1.67663,0.123628,0.098004,0.120979,0.098158,0.110199,0.100287,0.109519,0.097628,0.125822
91,20,0.28248,0.443054,1.07548,0.097792,0.089224,0.105626,0.088395,0.096083,0.089841,0.093165,0.088115,0.109564
91,20,0.086307,0.229095,1.52602,0.123741,0.225221,0.243171,0.222917,0.228089,0.161978,0.174545,0.190199,0.242036
91,20,0.519051,0.667607,1.40308,0.122039,0.129787,0.154758,0.126748,0.128538,0.131616,0.124354,0.127317,0.14925
91,20,0.031711,0.115796,1.90648,0.129554,0.100745,0.119194,0.096703,0.108121,0.088829,0.094223,0.08854,0.106116
91,20,0.023812,0.084465,1.60474,0.104091,0.108862,0.107808,0.079626,0.100802,0.096441,0.09111,0.08912,0.105785
91,20,0.025501,0.089099,1.55982,0.094485,0.092819,0.105397,0.098886,0.089601,0.090247,0.094187,0.0922,0.107133
91,20,0.077771,0.172057,1.47378,0.108593,0.143738,0.160452,0.143631,0.149715,0.147925,0.146072,0.146521,0.163196
91,20,0.032613,0.145798,1.45893,0.105215,0.160062,0.180497,0.166254,0.158753,0.148044,0.149188,0.128842,0.146537
91,20,0.052343,0.124893,1.89129,0.121856,0.128402,0.157262,0.131343,0.140607,0.129014,0.12883,0.127671,0.147275
91,20,0.44786,0.639172,2.25609,0.151332,0.133839,0.154898,0.13037,0.130521,0.129057,0.127553,0.126101,0.148247
91,20,0.098994,0.229539,3.64808,0.128259,0.211548,0.227016,0.215834,0.200612,0.219761,0.193932,0.207263,0.219176
91,20,0.270665,0.457058,2.08818,0.130204,0.095778,0.119613,0.093384,0.102232,0.08883,0.096958,0.087669,0.108829
91,20,0.025288,0.08483,1.72184,0.104271,0.095626,0.117838,0.08884,0.099996,0.084449,0.094814,0.090343,0.107152
91,20,0.774669,0.711178,0.407577,0.099384,0.096439,0.101818,0.091031,0.094669,0.091735,0.097742,0.089647,0.113328
91,20,0.054351,0.127102,1.60513,0.098836,0.162458,0.182583,0.155476,0.173723,0.144756,0.146063,0.147689,0.163046
91,20,0.424035,0.50574,0.899519,0.099785,0.087435,0.107491,0.088517,0.111288,0.089351,0.096346,0.088601,0.108849
91,20,0.328094,0.430063,0.658921,0.100404,0.087996,0.104935,0.088913,0.094989,0.089524,0.099157,0.09011,0.109553
91,20,0.35013,0.467955,0.990684,0.098225,0.089577,0.106422,0.091937,0.09258,0.088416,0.095301,0.088536,0.106621
91,20,0.13904,0.253773,1.449,0.097911,0.143982,0.160146,0.146954,0.149583,0.149208,0.147633,0.146,0.160899
91,20,0.479741,0.576216,0.450978,0.101745,0.085691,0.11532,0.106404,0.094332,0.096307,0.10857,0.094731,0.121695
91,20,0.02598,0.096278,1.29008,0.122515,0.128755,0.154521,0.131902,0.138964,0.131867,0.140818,0.128707,0.144236
91,20,0.066528,0.168356,3.34142,0.144743,0.127804,0.147191,0.124657,0.126661,0.129063,0.123808,0.128763,0.145011
91,20,0.26787,0.454124,1.2697,0.128326,0.11359,0.134314,0.129355,0.109771,0.129795,0.121086,0.128396,0.150557
91,20,0.644173,0.768828,1.26708,0.141905,0.137352,0.159799,0.137234,0.136436,0.135196,0.128827,0.129289,0.153716
91,20,0.795001,0.865411,0.784658,0.1207,0.100857,0.12023,0.101114,0.107581,0.10042,0.109644,0.099255,0.122956
91,20,0.056528,0.12977,1.33806,0.107763,0.107688,0.108664,0.099129,0.11103,0.103913,0.106148,0.092341,0.105715
91,20,0.16509,0.316622,1.55896,0.123962,0.302488,0.355298,0.294882,0.267553,0.210599,0.196416,0.296382,0.295772
91,20,0.694527,0.794453,1.29081,0.104327,0.095628,0.117782,0.100218,0.10853,0.101107,0.110472,0.097289,0.119915
91,20,0.056802,0.141809,3.65225,0.124573,0.212833,0.224568,0.211206,0.198099,0.216518,0.197491,0.220111,0.211892
91,40,0.373206,0.568817,1.60922,0.129595,0.097005,0.120605,0.078508,0.095529,0.096886,0.108072,0.083416,0.107567
91,40,0.30221,0.417503,0.914877,0.097839,0.093034,0.10842,0.091217,0.09575,0.091548,0.095816,0.088642,0.108478
91,40,0.1082,0.211188,1.72147,0.098348,0.146682,0.161377,0.148893,0.147195,0.157743,0.13809,0.146897,0.163247
91,40,0.40328,0.520905,0.883213,0.097869,0.089193,0.106241,0.088548,0.093231,0.089009,0.096338,0.088107,0.110041
91,40,0.023938,0.083905,1.12889,0.104828,0.094497,0.114794,0.093693,0.109136,0.097443,0.109622,0.093163,0.110226
91,40,0.02524,0.085965,1.25426,0.099816,0.090268,0.106071,0.08701,0.099231,0.089834,0.097958,0.092874,0.102504
91,40,0.024672,0.0848,1.72717,0.124318,0.133107,0.154229,0.131867,0.134935,0.128365,0.126338,0.125389,0.145932
91,40,0.099591,0.227067,1.68501,0.142552,0.175292,0.178747,0.19555,0.205725,0.187143,0.18086,0.210401,0.232025
91,40,0.069561,0.170348,2.43131,0.130129,0.209688,0.229353,0.209157,0.199076,0.217203,0.197716,0.210948,0.228592
91,40,0.070863,0.172635,1.32845,0.132176,0.097002,0.117502,0.095921,0.107044,0.097534,0.108269,0.091795,0.112317
91,40,0.325519,0.445723,0.959908,0.097839,0.087975,0.105223,0.090327,0.094343,0.08982,0.098467,0.090398,0.110264
91,40,0.05789,0.187949,1.60659,0.097632,0.147239,0.158754,0.14665,0.144977,0.14698,0.167967,0.148309,0.162497
91,40,0.20852,0.336071,1.21675,0.092494,0.087986,0.106196,0.08928,0.094197,0.095704,0.089399,0.088204,0.109944
91,40,0.023947,0.084597,1.44898,0.101112,0.094859,0.116885,0.102288,0.111909,0.096287,0.095533,0.089304,0.105031
91,40,0.787315,0.714513,0.391153,0.097755,0.092395,0.108657,0.091267,0.095419,0.092601,0.096217,0.098249,0.104436
91,40,0.052015,0.129502,2.04099,0.107896,0.143458,0.15958,0.144666,0.148372,0.146203,0.14791,0.147495,0.163084
91,40,0.389814,0.53641,0.821327,0.104883,0.09703,0.121723,0.079387,0.100135,0.096114,0.108775,0.091585,0.124039
91,40,0.33198,0.479392,0.808811,0.100552,0.090562,0.106109,0.090752,0.095814,0.095565,0.086315,0.089939,0.109296
91,40,0.356458,0.466794,1.0319,0.09758,0.088176,0.106847,0.089013,0.096434,0.089472,0.095616,0.088439,0.107494
91,40,0.138737,0.253075,1.20818,0.096469,0.14609,0.161802,0.150433,0.142212,0.159689,0.140881,0.147634,0.162665
91,40,0.401473,0.510707,0.428404,0.096412,0.093423,0.106037,0.087321,0.091613,0.087664,0.097227,0.089019,0.1064
91,40,0.025743,0.084891,1.93767,0.109344,0.09359,0.106279,0.093066,0.096923,0.092696,0.096449,0.091085,0.105558
91,40,0.04888,0.127656,1.74931,0.097772,0.090445,0.104523,0.089771,0.097105,0.090785,0.094729,0.089676,0.106705
91,40,0.213571,0.334652,1.16428,0.097534,0.0909,0.106415,0.091269,0.097918,0.091191,0.097047,0.083584,0.097106
91,40,0.490133,0.54159,0.767484,0.10397,0.098315,0.121492,0.100679,0.109907,0.10053,0.108864,0.09922,0.124904
91,40,0.640565,0.640518,0.592096,0.09826,0.092151,0.104987,0.089496,0.094259,0.091162,0.096144,0.090583,0.108708
91,40,0.05265,0.127311,2.63242,0.099142,0.097632,0.097508,0.090289,0.095256,0.096767,0.086039,0.090408,0.106989
91,40,0.174824,0.296334,2.48409,0.110749,0.207524,0.219419,0.207866,0.20135,0.160371,0.141271,0.204451,0.237703
91,40,0.561118,0.592318,0.40437,0.105165,0.101572,0.118363,0.10024,0.1102,0.100301,0.109111,0.099856,0.120469
91,40,0.056462,0.145347,1.8674,0.117946,0.222758,0.23925,0.200262,0.188624,0.195426,0.190683,0.20244,0.203704
91,60,0.36087,0.56191,1.6353,0.133252,0.125584,0.1418,0.128908,0.125422,0.139769,0.112793,0.129045,0.149597
91,60,0.379241,0.567699,1.91653,0.144384,0.13046,0.147588,0.130082,0.127779,0.129303,0.12592,0.12667,0.150719
91,60,0.134238,0.287057,2.01381,0.11201,0.16554,0.176825,0.157632,0.161146,0.147844,0.149786,0.158196,0.154634
91,60,0.423994,0.508783,0.916137,0.098802,0.089253,0.106783,0.088983,0.092514,0.090326,0.09734,0.088046,0.110314
91,60,0.023629,0.084503,1.75573,0.09179,0.090903,0.105068,0.089582,0.095926,0.090248,0.096599,0.089552,0.106167
91,60,0.02722,0.085488,1.37211,0.123485,0.097054,0.118446,0.096817,0.107621,0.097737,0.10095,0.090146,0.107423
91,60,0.026149,0.085531,1.59161,0.09962,0.093249,0.104815,0.095426,0.091729,0.092261,0.094357,0.092018,0.104993
91,60,0.08079,0.169566,1.65706,0.099267,0.146383,0.158435,0.144688,0.149233,0.158362,0.138671,0.144618,0.161033
91,60,0.050909,0.127127,1.68371,0.098356,0.125776,0.152936,0.139117,0.146048,0.144355,0.149688,0.147536,0.178229
91,60,0.048934,0.127431,2.01564,0.10982,0.098326,0.119289,0.090013,0.095527,0.090556,0.09784,0.089098,0.105283
91,60,0.345848,0.461288,1.04802,0.097692,0.087453,0.103586,0.094287,0.089214,0.08951,0.093587,0.087786,0.10817
91,60,0.073998,0.168461,1.69484,0.107397,0.164109,0.183714,0.12919,0.137361,0.150401,0.14167,0.149326,0.16374
91,60,0.203391,0.334219,1.62213,0.106062,0.102386,0.116605,0.099763,0.107978,0.092595,0.096673,0.090514,0.108824
91,60,0.02623,0.084609,0.954278,0.099922,0.090649,0.104323,0.087689,0.093932,0.089312,0.094256,0.088129,0.104956
91,60,0.790718,0.713145,0.410877,0.095953,0.088762,0.105981,0.087844,0.097249,0.088904,0.09573,0.089205,0.108819
91,60,0.049135,0.128911,1.20007,0.094704,0.140342,0.162291,0.146919,0.148049,0.146062,0.148272,0.14709,0.164021
91,60,0.425519,0.505191,0.857044,0.093532,0.089448,0.107917,0.089654,0.098508,0.090795,0.09531,0.088223,0.106722
91,60,0.351707,0.46022,1.08819,0.100204,0.092087,0.106016,0.088084,0.093685,0.089602,0.09276,0.088011,0.108577
91,60,0.348558,0.460564,0.887145,0.105317,0.096578,0.119867,0.096729,0.109679,0.086888,0.106227,0.095541,0.120301
91,60,0.137301,0.25978,1.19372,0.116557,0.159595,0.183819,0.163302,0.161508,0.153923,0.151369,0.149628,0.16309
91,60,0.427246,0.509352,0.597083,0.102035,0.097406,0.121241,0.097553,0.109726,0.097041,0.106774,0.096925,0.121475
91,60,0.027576,0.098057,1.57856,0.104215,0.086856,0.105058,0.092012,0.092752,0.089065,0.095282,0.088297,0.104487
91,60,0.049205,0.127092,2.24106,0.100268,0.089835,0.102826,0.089613,0.094832,0.094423,0.09647,0.095689,0.102678
91,60,0.219796,0.335148,1.18873,0.096963,0.103152,0.120867,0.10102,0.110619,0.097783,0.107526,0.09367,0.107758
91,60,0.498539,0.543823,0.57955,0.09898,0.09222,0.106096,0.09067,0.095877,0.090776,0.093568,0.090204,0.109264
91,60,0.631373,0.62465,0.613426,0.123532,0.096929,0.119994,0.093079,0.099999,0.098693,0.107042,0.10269,0.140713
91,60,0.051838,0.143573,1.82527,0.11504,0.099768,0.118371,0.099802,0.111375,0.101854,0.08641,0.09071,0.106931
91,60,0.179501,0.296417,2.13938,0.12533,0.312717,0.316513,0.294671,0.267947,0.213778,0.198173,0.300935,0.312089
91,60,0.668597,0.747911,0.719634,0.123925,0.133073,0.143875,0.144244,0.11651,0.129793,0.124043,0.13043,0.147786
91,60,0.072189,0.172097,2.35016,0.129321,0.15527,0.175155,0.148407,0.149025,0.146815,0.148397,0.143087,0.183685
91,80,0.303426,0.418614,1.02434,0.106944,0.097181,0.11903,0.098316,0.108764,0.097846,0.110488,0.096909,0.115876
91,80,0.279756,0.393516,0.882552,0.096488,0.096669,0.097064,0.090293,0.095789,0.102377,0.087172,0.090381,0.108868
91,80,0.106418,0.212899,1.4755,0.101568,0.14872,0.161627,0.14548,0.147405,0.148478,0.147941,0.144756,0.181264
91,80,0.393912,0.522978,0.718042,0.102677,0.097301,0.1207,0.098818,0.105906,0.096728,0.109875,0.09648,0.122849
91,80,0.006778,0.116244,2.74365,0.098331,0.085973,0.105216,0.087303,0.096784,0.090804,0.09769,0.08804,0.107584
91,80,0.024718,0.087034,1.78712,0.116125,0.098366,0.118603,0.097533,0.110781,0.088628,0.097963,0.088261,0.105719
91,80,0.024092,0.084929,1.00099,0.126028,0.143201,0.143954,0.137928,0.131841,0.133918,0.137672,0.135646,0.153883
91,80,0.102133,0.226248,1.83696,0.107804,0.147662,0.175424,0.15136,0.153052,0.147221,0.147078,0.146983,0.163843
91,80,0.052513,0.127259,2.14584,0.107959,0.146035,0.163455,0.151428,0.14856,0.151363,0.143288,0.147522,0.162452
91,80,0.034576,0.143409,1.44102,0.104335,0.097218,0.118772,0.09787,0.107788,0.091626,0.103076,0.088531,0.107683
91,80,0.345527,0.462081,0.527896,0.10423,0.096459,0.121031,0.094537,0.091753,0.095858,0.105822,0.098026,0.125336
91,80,0.081864,0.191087,3.7078,0.107542,0.147607,0.158677,0.147459,0.14942,0.158391,0.138943,0.148112,0.163469
91,80,0.205086,0.337169,1.3643,0.113581,0.134762,0.159872,0.13386,0.136789,0.13106,0.129861,0.124469,0.151206
91,80,0.007802,0.139295,3.0205,0.13847,0.128005,0.138261,0.125898,0.131125,0.130113,0.132728,0.127609,0.149651
91,80,0.965267,0.971221,0.581758,0.121129,0.127184,0.147257,0.129099,0.127549,0.127886,0.126639,0.128993,0.152477
91,80,0.060057,0.171651,2.29883,0.128389,0.151552,0.173642,0.160426,0.171742,0.149002,0.154601,0.147145,0.162008
91,80,0.430071,0.505865,0.844367,0.099562,0.090104,0.107077,0.089263,0.094913,0.0911,0.096679,0.089863,0.109187
91,80,0.351594,0.463088,0.965087,0.10015,0.088219,0.106917,0.088523,0.095608,0.089793,0.0942,0.089109,0.10648
91,80,0.348505,0.464687,0.658105,0.100844,0.088885,0.104849,0.088019,0.096391,0.088712,0.093573,0.087864,0.108511
91,80,0.117803,0.232809,1.45611,0.097844,0.14503,0.179683,0.146904,0.15151,0.152022,0.149072,0.146469,0.163834
91,80,0.422672,0.5092,0.583842,0.09916,0.088629,0.10572,0.089173,0.096134,0.090356,0.093178,0.088048,0.108469
91,80,0.024296,0.085125,1.02765,0.097419,0.088221,0.10334,0.087907,0.096326,0.0891,0.095027,0.088356,0.105196
91,80,0.04874,0.126701,2.25737,0.105813,0.094363,0.116142,0.094106,0.0958,0.087042,0.096027,0.08775,0.107656
91,80,0.191981,0.354641,0.899021,0.097374,0.090643,0.104234,0.091867,0.098278,0.090044,0.097901,0.091627,0.11102
91,80,0.505941,0.547843,0.85708,0.132091,0.14004,0.164548,0.140577,0.141887,0.138676,0.138209,0.129252,0.14757
91,80,0.779739,0.85721,0.85347,0.130582,0.133119,0.143991,0.084339,0.111981,0.121986,0.117651,0.118711,0.145069
91,80,0.068899,0.168208,3.78241,0.118136,0.094554,0.098587,0.090471,0.096959,0.0909,0.094818,0.090019,0.122054
91,80,0.173183,0.294088,2.21412,0.106955,0.209192,0.211237,0.203577,0.200275,0.147149,0.147129,0.193346,0.205246
91,80,0.558737,0.573785,0.507345,0.100269,0.091107,0.106901,0.090428,0.096426,0.089781,0.095701,0.091374,0.106924
91,80,0.048928,0.125152,2.99205,0.096108,0.144511,0.159717,0.146457,0.143498,0.148546,0.147262,0.147139,0.162856
91,100,0.302147,0.418763,0.355575,0.097714,0.089073,0.106759,0.088944,0.094859,0.089731,0.094354,0.088227,0.10753
91,100,0.280998,0.404036,0.586062,0.096414,0.090709,0.104138,0.08865,0.094867,0.092606,0.094897,0.091003,0.109555
91,100,0.108911,0.212467,1.5108,0.110377,0.152522,0.159272,0.148655,0.147585,0.150714,0.147811,0.147126,0.162597
91,100,0.418246,0.500719,0.327899,0.096228,0.096502,0.09614,0.08841,0.095027,0.099736,0.085254,0.089135,0.109223
91,100,0.02435,0.085701,3.23449,0.101581,0.093472,0.10272,0.086229,0.092223,0.087936,0.093974,0.088375,0.104609
91,100,0.024942,0.084434,1.15865,0.100833,0.087522,0.104499,0.088861,0.098135,0.090607,0.095253,0.09035,0.104687
91,100,0.026338,0.086736,1.11389,0.100959,0.088416,0.104682,0.092336,0.089108,0.08989,0.094255,0.088474,0.104079
91,100,0.076603,0.168979,1.56101,0.098846,0.144657,0.160254,0.200791,0.202938,0.227684,0.206078,0.185462,0.189256
91,100,0.067415,0.167002,2.12799,0.122947,0.161244,0.182612,0.151281,0.150238,0.149409,0.148613,0.150245,0.16432
91,100,0.035786,0.145844,1.73542,0.097918,0.088383,0.101029,0.089485,0.095589,0.095988,0.087279,0.088069,0.104973
91,100,0.345524,0.461601,0.488811,0.099732,0.087933,0.108808,0.087246,0.096676,0.088548,0.115112,0.087536,0.108464
91,100,0.074225,0.168434,2.31926,0.105731,0.152831,0.167414,0.153173,0.150988,0.156628,0.145317,0.149893,0.159809
91,100,0.210796,0.338918,0.62673,0.098735,0.08924,0.10398,0.088652,0.095637,0.089952,0.095784,0.088586,0.108044
91,100,0.025911,0.084918,1.79042,0.094723,0.096125,0.117599,0.103254,0.092267,0.088881,0.094371,0.092897,0.099046
91,100,0.785356,0.710091,0.284514,0.084082,0.08824,0.104,0.086927,0.093444,0.08704,0.096284,0.088276,0.111691
91,100,0.031529,0.142955,1.32682,0.103209,0.163101,0.180999,0.16542,0.161037,0.150021,0.147479,0.146523,0.163798
91,100,0.424056,0.50279,0.480825,0.099398,0.088676,0.104752,0.087509,0.094195,0.089194,0.093576,0.08777,0.110028
91,100,0.351496,0.460017,0.43838,0.09628,0.088542,0.105613,0.088211,0.095218,0.089306,0.092954,0.088452,0.108788
91,100,0.330451,0.445362,0.441007,0.100044,0.092089,0.101375,0.088516,0.095547,0.088958,0.092934,0.089772,0.108983
91,100,0.139822,0.256572,1.46739,0.140516,0.228289,0.247915,0.231384,0.209197,0.215648,0.199287,0.219181,0.239348
91,100,0.499229,0.68622,0.320087,0.132656,0.126483,0.149442,0.126432,0.128983,0.131251,0.127557,0.128101,0.148941
91,100,0.033678,0.112013,1.90344,0.126556,0.106585,0.126065,0.124414,0.12883,0.130638,0.125603,0.117564,0.150915
91,100,0.038459,0.197726,1.85311,0.146519,0.136942,0.152429,0.129499,0.132365,0.1264,0.12562,0.127587,0.14629
91,100,0.26725,0.457115,1.11997,0.130734,0.127117,0.14376,0.126195,0.127989,0.126019,0.124478,0.125589,0.148218
91,100,0.531001,0.634137,0.488392,0.105172,0.110611,0.134318,0.11533,0.121647,0.12856,0.125986,0.129075,0.153035
91,100,0.774986,0.859321,0.25836,0.127221,0.134213,0.153034,0.125899,0.124574,0.128404,0.12674,0.131388,0.154031
91,100,0.065289,0.173916,2.91889,0.152419,0.148014,0.143167,0.130387,0.132861,0.131673,0.131949,0.085576,0.104319
91,100,0.221651,0.377211,2.61668,0.145907,0.292684,0.333514,0.284736,0.269014,0.21394,0.197068,0.291576,0.330502
91,100,0.653936,0.844413,0.513872,0.1304,0.127021,0.146519,0.12665,0.124946,0.127904,0.124565,0.12829,0.150835
91,100,0.064317,0.172161,1.49211,0.113591,0.160014,0.182156,0.161436,0.165527,0.159994,0.141906,0.149699,0.164977
