KC,1,0,2,0.012614,0.011737,0.000412
KC_HOG,1,0,2,0.016781,0.008342,0.008068
KC,1,0,1,0.006233,0.005831,0.000215
KC_HOG,1,0,1,0.007166,0.005704,0.001248
KC,1,0,1,0.006347,0.005952,0.000211
KC_HOG,1,0,1,0.018777,0.004412,0.014142
KC,1,0,1,0.00449,0.004112,0.000189
KC_HOG,1,0,1,0.019221,0.004236,0.014787
KC,1,0,1,0.005601,0.005167,0.000217
KC_HOG,1,0,1,0.018944,0.004326,0.01443
KC,1,0,1,0.004581,0.004216,0.000195
KC_HOG,1,0,1,0.019551,0.004906,0.014386
KC,1,0,2,0.008759,0.008091,0.000324
KC_HOG,1,0,2,0.031599,0.009141,0.022014
KC,1,0,1,0.006257,0.005837,0.000212
KC_HOG,1,0,1,0.020016,0.005088,0.014713
KC,1,0,2,0.008939,0.008251,0.000341
KC_HOG,1,0,2,0.010877,0.008239,0.002274
KC,1,0,2,0.009216,0.008527,0.000344
KC_HOG,1,0,2,0.010256,0.007915,0.002
KC,1,0,2,0.009457,0.008749,0.000353
KC_HOG,1,0,3,0.03935,0.010597,0.028172
KC,1,0,2,0.008154,0.007524,0.000299
KC_HOG,1,0,2,0.028849,0.007683,0.020781
KC,1,0,1,0.00457,0.004209,0.000186
KC_HOG,1,0,1,0.018991,0.004585,0.014155
KC,1,0,1,0.004136,0.003727,0.000203
KC_HOG,1,0,1,0.018327,0.003969,0.014119
KC,1,0,1,0.006642,0.006224,0.000214
KC_HOG,1,0,1,0.01936,0.004605,0.014528
KC,1,0,1,0.006188,0.005778,0.00022
KC_HOG,1,0,1,0.019829,0.004698,0.014884
KC,1,0,1,0.00449,0.004115,0.000189
KC_HOG,1,0,1,0.015578,0.004417,0.010969
KC,1,0,1,0.00497,0.004566,0.000209
KC_HOG,1,0,1,0.019363,0.004653,0.014466
KC,1,0,1,0.006357,0.005958,0.000205
KC_HOG,1,0,1,0.009444,0.004782,0.00444
KC,1,0,1,0.007121,0.006667,0.000233
KC_HOG,1,0,1,0.009318,0.006286,0.002796
KC,1,0,1,0.006713,0.0063,0.000221
KC_HOG,1,0,1,0.019479,0.004695,0.014576
KC,1,0,1,0.006067,0.005636,0.000233
KC_HOG,1,0,3,0.039735,0.010142,0.029045
KC,1,0,1,0.006216,0.005801,0.00022
KC_HOG,1,0,1,0.006154,0.00536,0.000572
KC,1,0,2,0.009639,0.008884,0.000371
KC_HOG,1,0,3,0.039541,0.010497,0.028484
KC,1,0,1,0.006467,0.006055,0.00022
KC_HOG,1,0,3,0.04186,0.011689,0.029586
KC,1,0,1,0.005866,0.005457,0.000202
KC_HOG,1,0,1,0.018342,0.005899,0.012229
KC,1,0,1,0.007628,0.007153,0.000254
KC_HOG,1,0,2,0.031694,0.009373,0.021889
KC,1,0,1,0.006364,0.005946,0.000226
KC_HOG,1,0,1,0.019086,0.004547,0.01428
KC,1,0,1,0.006144,0.005764,0.000201
KC_HOG,1,0,1,0.019727,0.004298,0.015172
KC,1,0,2,0.00894,0.008261,0.000326
KC_HOG,1,0,2,0.017367,0.008498,0.008486
KC,1,20,2,0.00868,0.008034,0.000307
KC_HOG,1,20,2,0.025814,0.008655,0.016779
KC,1,20,1,0.004586,0.004182,0.000213
KC_HOG,1,20,1,0.018152,0.004077,0.013839
KC,1,20,1,0.005902,0.005493,0.000211
KC_HOG,1,20,1,0.020978,0.00605,0.014686
KC,1,20,1,0.004635,0.004269,0.000182
KC_HOG,1,20,1,0.012072,0.004208,0.007668
KC,1,20,1,0.006812,0.006365,0.00023
KC_HOG,1,20,1,0.009763,0.005046,0.004454
KC,1,20,1,0.004198,0.003828,0.000188
KC_HOG,1,20,1,0.018639,0.00424,0.014139
KC,1,20,1,0.006256,0.005846,0.00022
KC_HOG,1,20,2,0.031313,0.008703,0.022204
KC,1,20,1,0.006582,0.006186,0.000203
KC_HOG,1,20,1,0.018937,0.004536,0.014168
KC,1,20,1,0.004401,0.003998,0.000195
KC_HOG,1,20,1,0.018371,0.004231,0.013906
KC,1,20,1,0.006723,0.00629,0.000211
KC_HOG,1,20,1,0.01915,0.004676,0.01424
KC,1,20,2,0.009643,0.008948,0.000325
KC_HOG,1,20,2,0.012643,0.008334,0.003942
KC,1,20,1,0.005911,0.005498,0.000213
KC_HOG,1,20,1,0.021127,0.005915,0.014945
KC,1,20,1,0.006459,0.006041,0.000221
KC_HOG,1,20,1,0.021026,0.006265,0.01455
KC,1,20,2,0.009049,0.008359,0.000354
KC_HOG,1,20,2,0.017121,0.008589,0.008133
KC,1,20,1,0.00476,0.004381,0.000192
KC_HOG,1,20,1,0.019276,0.004751,0.014275
KC,1,20,1,0.004126,0.003781,0.000186
KC_HOG,1,20,1,0.012773,0.003973,0.0086
KC,1,20,1,0.004814,0.00441,0.000205
KC_HOG,1,20,1,0.015796,0.004575,0.010989
KC,1,20,1,0.004649,0.004262,0.000192
KC_HOG,1,20,1,0.019342,0.004702,0.014389
KC,1,20,1,0.006545,0.006127,0.000225
KC_HOG,1,20,1,0.019723,0.004545,0.014907
KC,1,20,1,0.004759,0.004362,0.000201
KC_HOG,1,20,1,0.019553,0.004654,0.014682
KC,1,20,2,0.008749,0.008091,0.000323
KC_HOG,1,20,2,0.030273,0.00837,0.021508
KC,1,20,1,0.004585,0.004227,0.000195
KC_HOG,1,20,1,0.019163,0.004563,0.014344
KC,1,20,1,0.006725,0.006319,0.000212
KC_HOG,1,20,1,0.019247,0.004337,0.014663
KC,1,20,1,0.005954,0.005541,0.000215
KC_HOG,1,20,1,0.008461,0.005586,0.002671
KC,1,20,1,0.004747,0.004354,0.0002
KC_HOG,1,20,1,0.019722,0.004745,0.014744
KC,1,20,1,0.005605,0.005201,0.000208
KC_HOG,1,20,1,0.01132,0.005302,0.005787
KC,1,20,1,0.004599,0.004237,0.000186
KC_HOG,1,20,1,0.01586,0.004707,0.010902
KC,1,20,1,0.007059,0.006604,0.000238
KC_HOG,1,20,1,0.020176,0.004853,0.015075
KC,1,20,1,0.006721,0.006237,0.00022
KC_HOG,1,20,3,0.040748,0.011366,0.028804
KC,1,20,2,0.00868,0.007997,0.000335
KC_HOG,1,20,2,0.009071,0.007698,0.001022
KC,1,40,1,0.004448,0.004055,0.000199
KC_HOG,1,40,1,0.012283,0.00414,0.007943
KC,1,40,1,0.004559,0.004182,0.000184
KC_HOG,1,40,1,0.018766,0.004662,0.013865
KC,1,40,1,0.006746,0.006324,0.000234
KC_HOG,1,40,1,0.019326,0.006496,0.012602
KC,1,40,1,0.004245,0.003889,0.000181
KC_HOG,1,40,1,0.018462,0.004144,0.014108
KC,1,40,1,0.006686,0.006297,0.000206
KC_HOG,1,40,1,0.019337,0.004727,0.014384
KC,1,40,2,0.008751,0.008061,0.000336
KC_HOG,1,40,2,0.030623,0.007624,0.022572
KC,1,40,2,0.008852,0.008198,0.000308
KC_HOG,1,40,2,0.031649,0.009036,0.022167
KC,1,40,1,0.006295,0.005854,0.000225
KC_HOG,1,40,1,0.007306,0.005624,0.001478
KC,1,40,1,0.006257,0.005853,0.000214
KC_HOG,1,40,1,0.02013,0.004748,0.015121
KC,1,40,1,0.004261,0.003881,0.000193
KC_HOG,1,40,1,0.018483,0.004089,0.014167
KC,1,40,1,0.006582,0.006173,0.00022
KC_HOG,1,40,1,0.020704,0.005084,0.015366
KC,1,40,1,0.004914,0.004505,0.000216
KC_HOG,1,40,1,0.020085,0.004807,0.015013
KC,1,40,1,0.006452,0.006027,0.000215
KC_HOG,1,40,2,0.031018,0.0089,0.021716
KC,1,40,1,0.005973,0.005578,0.000211
KC_HOG,1,40,1,0.00647,0.005586,0.000675
KC,1,40,1,0.006471,0.006079,0.000221
KC_HOG,1,40,1,0.023078,0.006303,0.016499
KC,1,40,2,0.009378,0.00865,0.000347
KC_HOG,1,40,2,0.030324,0.007628,0.022286
KC,1,40,1,0.006395,0.005972,0.000213
KC_HOG,1,40,3,0.041325,0.012006,0.02872
KC,1,40,1,0.006126,0.005724,0.000218
KC_HOG,1,40,1,0.017625,0.005831,0.011557
KC,1,40,1,0.00697,0.006519,0.000233
KC_HOG,1,40,1,0.020773,0.005308,0.015246
KC,1,40,2,0.008993,0.008318,0.000325
KC_HOG,1,40,2,0.031973,0.009128,0.022371
KC,1,40,1,0.006164,0.005723,0.000212
KC_HOG,1,40,1,0.008252,0.005398,0.002631
KC,1,40,1,0.004527,0.004163,0.000182
KC_HOG,1,40,1,0.019325,0.00451,0.01461
KC,1,40,1,0.005993,0.005603,0.000221
KC_HOG,1,40,1,0.018854,0.004239,0.014368
KC,1,40,1,0.004204,0.003833,0.000203
KC_HOG,1,40,1,0.020403,0.004177,0.01595
KC,1,40,1,0.006542,0.006128,0.000234
KC_HOG,1,40,1,0.014109,0.005071,0.008761
KC,1,40,1,0.006373,0.005983,0.000205
KC_HOG,1,40,1,0.019703,0.004533,0.014953
KC,1,40,2,0.008822,0.008154,0.000316
KC_HOG,1,40,3,0.040367,0.011416,0.028381
KC,1,40,2,0.008553,0.007917,0.000308
KC_HOG,1,40,2,0.030999,0.008686,0.02189
KC,1,40,1,0.00449,0.004068,0.000221
KC_HOG,1,40,1,0.019697,0.004511,0.014936
KC,1,40,1,0.006478,0.006048,0.000217
KC_HOG,1,40,1,0.019988,0.004466,0.015275
KC,1,60,1,0.005507,0.005073,0.000226
KC_HOG,1,60,1,0.014397,0.004657,0.009544
KC,1,60,2,0.008336,0.00767,0.000323
KC_HOG,1,60,2,0.029508,0.007157,0.021933
KC,1,60,1,0.00606,0.00565,0.000214
KC_HOG,1,60,1,0.006442,0.005585,0.000641
KC,1,60,1,0.004442,0.00402,0.000236
KC_HOG,1,60,1,0.016197,0.004291,0.011665
KC,1,60,1,0.006955,0.006553,0.000205
KC_HOG,1,60,1,0.020464,0.005123,0.015073
KC,1,60,1,0.006823,0.006406,0.000214
KC_HOG,1,60,1,0.019956,0.00495,0.014791
KC,1,60,1,0.00486,0.004483,0.000194
KC_HOG,1,60,1,0.009464,0.004483,0.00477
KC,1,60,1,0.004876,0.004464,0.000205
KC_HOG,1,60,1,0.01616,0.004726,0.011233
KC,1,60,1,0.006266,0.005827,0.000235
KC_HOG,1,60,3,0.038883,0.010369,0.027937
KC,1,60,2,0.008975,0.008268,0.000329
KC_HOG,1,60,2,0.031256,0.007641,0.023182
KC,1,60,1,0.006773,0.006326,0.000231
KC_HOG,1,60,1,0.021172,0.005378,0.015516
KC,1,60,2,0.007905,0.007268,0.000311
KC_HOG,1,60,2,0.028918,0.007094,0.021413
KC,1,60,1,0.006383,0.006006,0.000208
KC_HOG,1,60,1,0.018593,0.004406,0.01395
KC,1,60,1,0.004402,0.004019,0.000206
KC_HOG,1,60,1,0.019654,0.00449,0.01491
KC,1,60,1,0.004369,0.003999,0.0002
KC_HOG,1,60,1,0.018772,0.004357,0.014194
KC,1,60,1,0.00661,0.006167,0.000215
KC_HOG,1,60,1,0.020656,0.005075,0.01532
KC,1,60,1,0.006575,0.006144,0.00023
KC_HOG,1,60,1,0.021407,0.0063,0.014874
KC,1,60,1,0.004817,0.004402,0.000213
KC_HOG,1,60,1,0.014267,0.004401,0.009642
KC,1,60,1,0.006665,0.006247,0.000218
KC_HOG,1,60,1,0.020373,0.004966,0.015159
KC,1,60,1,0.006439,0.006014,0.00021
KC_HOG,1,60,1,0.019055,0.004614,0.014189
KC,1,60,1,0.00619,0.005776,0.000227
KC_HOG,1,60,3,0.041677,0.011751,0.029328
KC,1,60,1,0.006085,0.005698,0.000202
KC_HOG,1,60,1,0.007219,0.005686,0.001312
KC,1,60,2,0.008523,0.007867,0.000318
KC_HOG,1,60,2,0.029779,0.00758,0.021795
KC,1,60,1,0.004694,0.004325,0.000186
KC_HOG,1,60,1,0.020041,0.004977,0.014788
KC,1,60,2,0.009497,0.008844,0.000331
KC_HOG,1,60,2,0.031263,0.009143,0.021744
KC,1,60,1,0.004269,0.003915,0.000192
KC_HOG,1,60,1,0.019401,0.004314,0.014839
KC,1,60,2,0.008536,0.007908,0.000301
KC_HOG,1,60,2,0.029851,0.007243,0.02215
KC,1,60,1,0.004769,0.004373,0.000207
KC_HOG,1,60,1,0.012528,0.004364,0.007976
KC,1,60,1,0.006454,0.006072,0.000197
KC_HOG,1,60,1,0.0192,0.004567,0.014379
KC,1,60,1,0.004399,0.004051,0.000186
KC_HOG,1,60,1,0.012411,0.004203,0.007998
KC,1,80,1,0.004833,0.004438,0.0002
KC_HOG,1,80,1,0.014273,0.004429,0.009604
KC,1,80,2,0.009615,0.008904,0.000339
KC_HOG,1,80,2,0.029974,0.007575,0.021977
KC,1,80,1,0.006504,0.006117,0.000212
KC_HOG,1,80,1,0.019189,0.00436,0.014631
KC,1,80,1,0.006606,0.006192,0.000222
KC_HOG,1,80,1,0.018901,0.004191,0.014456
KC,1,80,1,0.006545,0.006151,0.000218
KC_HOG,1,80,1,0.019761,0.004911,0.014611
KC,1,80,2,0.00839,0.007756,0.000302
KC_HOG,1,80,2,0.029961,0.007853,0.021716
KC,1,80,1,0.005862,0.005455,0.000221
KC_HOG,1,80,1,0.018289,0.005898,0.012158
KC,1,80,1,0.006632,0.006208,0.000234
KC_HOG,1,80,3,0.043307,0.012771,0.029906
KC,1,80,1,0.004857,0.004455,0.00021
KC_HOG,1,80,1,0.013172,0.004456,0.008491
KC,1,80,1,0.006805,0.006357,0.000234
KC_HOG,1,80,1,0.014003,0.004896,0.008846
KC,1,80,2,0.009033,0.008375,0.000317
KC_HOG,1,80,2,0.030878,0.008655,0.021825
KC,1,80,2,0.008761,0.008061,0.00035
KC_HOG,1,80,2,0.029483,0.00733,0.021786
KC,1,80,1,0.00587,0.005463,0.00022
KC_HOG,1,80,3,0.042262,0.012116,0.029523
KC,1,80,1,0.006071,0.005617,0.000216
KC_HOG,1,80,1,0.007039,0.006171,0.000689
KC,1,80,1,0.004951,0.004535,0.000207
KC_HOG,1,80,1,0.015705,0.004683,0.010772
KC,1,80,2,0.009011,0.008371,0.000313
KC_HOG,1,80,2,0.012481,0.008242,0.003878
KC,1,80,2,0.008809,0.008149,0.000318
KC_HOG,1,80,2,0.026279,0.008581,0.01731
KC,1,80,1,0.006471,0.006058,0.000208
KC_HOG,1,80,1,0.019609,0.004851,0.014524
KC,1,80,1,0.006688,0.006232,0.000248
KC_HOG,1,80,1,0.020043,0.004893,0.014896
KC,1,80,1,0.006252,0.005856,0.000202
KC_HOG,1,80,1,0.013766,0.004939,0.008584
KC,1,80,1,0.006335,0.005928,0.000216
KC_HOG,1,80,1,0.020347,0.004932,0.015155
KC,1,80,1,0.006521,0.006116,0.000212
KC_HOG,1,80,2,0.033398,0.009754,0.02322
KC,1,80,1,0.004924,0.004532,0.000199
KC_HOG,1,80,1,0.020884,0.005096,0.015506
KC,1,80,1,0.004327,0.003957,0.000188
KC_HOG,1,80,1,0.019407,0.004249,0.014906
KC,1,80,1,0.005899,0.005522,0.00021
KC_HOG,1,80,1,0.018957,0.004093,0.014631
KC,1,80,1,0.00521,0.004773,0.000221
KC_HOG,1,80,1,0.013172,0.004405,0.008539
KC,1,80,2,0.009254,0.008546,0.000347
KC_HOG,1,80,2,0.01155,0.009023,0.002162
KC,1,80,1,0.007296,0.006853,0.000234
KC_HOG,1,80,1,0.009933,0.006824,0.002867
KC,1,80,1,0.004916,0.004512,0.000199
KC_HOG,1,80,1,0.020097,0.004754,0.015098
KC,1,80,1,0.006168,0.005767,0.000209
KC_HOG,1,80,1,0.013593,0.004766,0.008604
KC,1,100,1,0.004175,0.003817,0.000177
KC_HOG,1,100,1,0.01281,0.003942,0.008652
KC,1,100,2,0.008894,0.008238,0.000314
KC_HOG,1,100,2,0.011158,0.007987,0.002812
KC,1,100,1,0.006508,0.006106,0.000209
KC_HOG,1,100,1,0.019474,0.004351,0.014881
KC,1,100,1,0.006269,0.005865,0.000211
KC_HOG,1,100,1,0.016271,0.005938,0.010081
KC,1,100,2,0.009204,0.008522,0.000311
KC_HOG,1,100,2,0.008321,0.007488,0.000482
KC,1,100,1,0.006556,0.006163,0.000202
KC_HOG,1,100,1,0.019049,0.004513,0.014294
KC,1,100,1,0.005798,0.005415,0.000207
KC_HOG,1,100,2,0.030468,0.008399,0.021672
KC,1,100,1,0.006917,0.0065,0.00022
KC_HOG,1,100,1,0.021382,0.006736,0.014401
KC,1,100,1,0.006125,0.005728,0.000209
KC_HOG,1,100,1,0.008323,0.005905,0.002207
KC,1,100,1,0.005203,0.004797,0.000204
KC_HOG,1,100,1,0.019385,0.004604,0.014545
KC,1,100,1,0.006349,0.005963,0.000199
KC_HOG,1,100,1,0.01136,0.006486,0.004635
KC,1,100,1,0.006331,0.005913,0.00021
KC_HOG,1,100,1,0.008311,0.005958,0.002164
KC,1,100,1,0.00606,0.005675,0.000208
KC_HOG,1,100,1,0.015899,0.005769,0.009919
KC,1,100,2,0.008534,0.007827,0.000347
KC_HOG,1,100,3,0.040937,0.010873,0.029525
KC,1,100,2,0.00904,0.008337,0.000332
KC_HOG,1,100,2,0.021801,0.00859,0.012802
KC,1,100,1,0.004791,0.004391,0.000193
KC_HOG,1,100,1,0.01956,0.004712,0.014595
KC,1,100,1,0.006098,0.005652,0.000233
KC_HOG,1,100,1,0.006119,0.005457,0.000488
KC,1,100,2,0.008868,0.00819,0.000313
KC_HOG,1,100,2,0.022162,0.008652,0.013156
KC,1,100,1,0.004309,0.003933,0.000187
KC_HOG,1,100,1,0.014772,0.004501,0.010027
KC,1,100,2,0.008782,0.008128,0.000315
KC_HOG,1,100,3,0.041012,0.011061,0.029368
KC,1,100,1,0.006681,0.006258,0.000218
KC_HOG,1,100,1,0.016585,0.00638,0.009964
KC,1,100,1,0.0065,0.006092,0.00022
KC_HOG,1,100,3,0.04246,0.011622,0.030204
KC,1,100,1,0.004867,0.004472,0.000196
KC_HOG,1,100,1,0.013567,0.004676,0.008704
KC,1,100,1,0.005966,0.005561,0.000199
KC_HOG,1,100,1,0.021277,0.006179,0.014839
KC,1,100,1,0.005982,0.005591,0.000199
KC_HOG,1,100,1,0.01012,0.005488,0.004404
KC,1,100,2,0.008831,0.008188,0.000317
KC_HOG,1,100,2,0.030819,0.007977,0.022423
KC,1,100,2,0.009236,0.008558,0.000322
KC_HOG,1,100,2,0.010073,0.008124,0.001603
KC,1,100,1,0.006175,0.005769,0.000222
KC_HOG,1,100,1,0.01886,0.004165,0.014465
KC,1,100,2,0.009409,0.008711,0.000336
KC_HOG,1,100,2,0.030733,0.008463,0.021841
KC,1,100,2,0.008295,0.007635,0.000326
KC_HOG,1,100,2,0.009827,0.008031,0.001434
KC,11,0,1,0.046715,0.042155,0.002325
KC_HOG,11,0,2,0.040419,0.010454,0.026014
KC,11,0,1,0.050439,0.046059,0.002266
KC_HOG,11,0,1,0.026117,0.006896,0.017347
KC,11,0,1,0.047117,0.042886,0.002298
KC_HOG,11,0,1,0.026169,0.006357,0.017457
KC,11,0,1,0.029386,0.025309,0.002246
KC_HOG,11,0,2,0.049567,0.016355,0.02952
KC,11,0,1,0.04181,0.03737,0.002256
KC_HOG,11,0,2,0.041882,0.011138,0.027048
KC,11,0,1,0.045101,0.040972,0.002264
KC_HOG,11,0,1,0.025342,0.006499,0.016589
KC,11,0,1,0.050565,0.04607,0.002271
KC_HOG,11,0,1,0.026841,0.006622,0.018361
KC,11,0,1,0.048365,0.043929,0.00247
KC_HOG,11,0,1,0.028685,0.007082,0.019278
KC,11,0,1,0.023243,0.01862,0.002311
KC_HOG,11,0,1,0.02945,0.008719,0.018837
KC,11,0,1,0.022212,0.017763,0.002251
KC_HOG,11,0,1,0.027044,0.007813,0.01706
KC,11,0,1,0.023328,0.01892,0.002314
KC_HOG,11,0,1,0.029539,0.008565,0.01854
KC,11,0,1,0.027758,0.02325,0.002275
KC_HOG,11,0,1,0.02925,0.008373,0.018551
KC,11,0,1,0.036658,0.032385,0.002256
KC_HOG,11,0,1,0.03378,0.010947,0.020971
KC,11,0,1,0.049042,0.044527,0.002344
KC_HOG,11,0,1,0.027009,0.006712,0.018445
KC,11,0,1,0.019778,0.015691,0.002227
KC_HOG,11,0,1,0.027882,0.008131,0.017925
KC,11,0,1,0.048195,0.043638,0.002309
KC_HOG,11,0,1,0.024445,0.006109,0.016496
KC,11,0,1,0.02398,0.019593,0.002221
KC_HOG,11,0,1,0.027248,0.008043,0.017367
KC,11,0,1,0.040619,0.036498,0.002211
KC_HOG,11,0,1,0.02581,0.006922,0.016999
KC,11,0,1,0.025801,0.021211,0.002269
KC_HOG,11,0,2,0.046419,0.014627,0.028005
KC,11,0,1,0.040165,0.035716,0.00221
KC_HOG,11,0,1,0.02527,0.006592,0.016745
KC,11,0,1,0.053399,0.049232,0.002256
KC_HOG,11,0,1,0.032089,0.00945,0.020371
KC,11,0,1,0.044809,0.040757,0.00225
KC_HOG,11,0,1,0.024673,0.0062,0.016575
KC,11,0,1,0.050831,0.04667,0.002334
KC_HOG,11,0,1,0.026163,0.006452,0.017321
KC,11,0,1,0.023256,0.018805,0.002305
KC_HOG,11,0,1,0.030405,0.009215,0.018711
KC,11,0,1,0.028647,0.024227,0.002235
KC_HOG,11,0,1,0.033203,0.010033,0.020912
KC,11,0,1,0.022816,0.018733,0.002225
KC_HOG,11,0,2,0.050738,0.017063,0.030107
KC,11,0,1,0.051936,0.047471,0.00223
KC_HOG,11,0,1,0.024928,0.005886,0.01657
KC,11,0,1,0.020997,0.016778,0.002264
KC_HOG,11,0,2,0.046173,0.014711,0.027445
KC,11,0,1,0.047101,0.042712,0.002239
KC_HOG,11,0,1,0.025615,0.006426,0.016829
KC,11,0,1,0.027546,0.021874,0.002864
KC_HOG,11,0,2,0.049794,0.01549,0.029655
KC,11,20,1,0.041542,0.035744,0.002829
KC_HOG,11,20,1,0.026413,0.00686,0.017073
KC,11,20,1,0.020046,0.014314,0.002924
KC_HOG,11,20,1,0.030676,0.008203,0.019566
KC,11,20,1,0.022107,0.016506,0.002874
KC_HOG,11,20,1,0.027757,0.007788,0.01739
KC,11,20,1,0.029848,0.024006,0.002958
KC_HOG,11,20,1,0.034388,0.009818,0.021586
KC,11,20,1,0.046876,0.041225,0.002889
KC_HOG,11,20,2,0.043915,0.011664,0.027271
KC,11,20,1,0.051165,0.045349,0.002904
KC_HOG,11,20,1,0.027999,0.006927,0.017921
KC,11,20,1,0.041953,0.036193,0.002953
KC_HOG,11,20,2,0.043648,0.011907,0.027052
KC,11,20,1,0.049548,0.043602,0.002937
KC_HOG,11,20,1,0.028605,0.007063,0.018321
KC,11,20,1,0.044818,0.038874,0.002993
KC_HOG,11,20,4,0.0772,0.020948,0.046787
KC,11,20,1,0.02078,0.014995,0.002956
KC_HOG,11,20,1,0.027651,0.00716,0.017642
KC,11,20,1,0.027982,0.022291,0.002857
KC_HOG,11,20,1,0.032173,0.00877,0.020484
KC,11,20,1,0.047511,0.041875,0.002871
KC_HOG,11,20,1,0.026414,0.006184,0.017341
KC,11,20,1,0.052451,0.047192,0.002874
KC_HOG,11,20,1,0.026449,0.006391,0.017317
KC,11,20,1,0.048218,0.042492,0.002897
KC_HOG,11,20,2,0.03981,0.009767,0.025496
KC,11,20,1,0.024428,0.019029,0.002883
KC_HOG,11,20,1,0.027716,0.007345,0.017489
KC,11,20,1,0.048836,0.042986,0.002867
KC_HOG,11,20,1,0.028427,0.007407,0.018447
KC,11,20,1,0.022613,0.017403,0.002852
KC_HOG,11,20,2,0.0462,0.014168,0.02774
KC,11,20,1,0.049141,0.043245,0.002927
KC_HOG,11,20,1,0.026437,0.006294,0.017774
KC,11,20,1,0.025634,0.020202,0.002948
KC_HOG,11,20,2,0.049258,0.014729,0.030192
KC,11,20,1,0.064935,0.0594,0.00287
KC_HOG,11,20,2,0.040942,0.01021,0.025731
KC,11,20,1,0.025943,0.020271,0.002894
KC_HOG,11,20,1,0.030739,0.008519,0.019751
KC,11,20,1,0.030418,0.024903,0.002941
KC_HOG,11,20,1,0.030111,0.008754,0.01889
KC,11,20,1,0.032425,0.027156,0.002902
KC_HOG,11,20,1,0.029234,0.008539,0.018246
KC,11,20,1,0.047134,0.041487,0.002883
KC_HOG,11,20,1,0.027203,0.006697,0.017519
KC,11,20,1,0.055704,0.050033,0.002876
KC_HOG,11,20,8,0.13625,0.038152,0.080497
KC,11,20,1,0.04113,0.035665,0.002742
KC_HOG,11,20,1,0.027298,0.006868,0.017569
KC,11,20,1,0.051289,0.04575,0.00292
KC_HOG,11,20,1,0.028422,0.007346,0.018502
KC,11,20,1,0.028869,0.022791,0.002896
KC_HOG,11,20,2,0.053336,0.017521,0.030587
KC,11,20,1,0.040658,0.035265,0.002908
KC_HOG,11,20,1,0.028199,0.007268,0.017902
KC,11,20,1,0.04973,0.043958,0.002912
KC_HOG,11,20,1,0.028944,0.007939,0.01838
KC,11,40,1,0.046013,0.040117,0.002944
KC_HOG,11,40,2,0.043013,0.01065,0.027228
KC,11,40,1,0.047177,0.041389,0.002946
KC_HOG,11,40,2,0.044323,0.011101,0.028466
KC,11,40,1,0.027298,0.021504,0.002918
KC_HOG,11,40,2,0.053672,0.017177,0.031016
KC,11,40,1,0.042783,0.036891,0.002891
KC_HOG,11,40,2,0.043861,0.011287,0.027555
KC,11,40,1,0.025469,0.020038,0.002901
KC_HOG,11,40,2,0.052401,0.017357,0.03044
KC,11,40,1,0.057538,0.051622,0.002954
KC_HOG,11,40,2,0.042226,0.010345,0.026994
KC,11,40,1,0.022856,0.017518,0.00286
KC_HOG,11,40,1,0.028455,0.008083,0.017886
KC,11,40,1,0.024786,0.019312,0.002993
KC_HOG,11,40,1,0.028801,0.008648,0.017545
KC,11,40,1,0.050612,0.044732,0.002986
KC_HOG,11,40,1,0.027829,0.006775,0.018058
KC,11,40,1,0.038426,0.032691,0.002878
KC_HOG,11,40,1,0.02875,0.007974,0.018282
KC,11,40,1,0.041617,0.035841,0.002892
KC_HOG,11,40,2,0.043005,0.010961,0.027422
KC,11,40,1,0.025641,0.019722,0.002875
KC_HOG,11,40,1,0.029102,0.007999,0.018075
KC,11,40,1,0.049732,0.043941,0.002927
KC_HOG,11,40,1,0.029329,0.007734,0.018587
KC,11,40,1,0.046192,0.040411,0.002871
KC_HOG,11,40,2,0.042929,0.011247,0.026657
KC,11,40,1,0.019269,0.01385,0.002896
KC_HOG,11,40,1,0.030237,0.008096,0.019146
KC,11,40,1,0.05952,0.053817,0.002839
KC_HOG,11,40,1,0.027301,0.0064,0.017694
KC,11,40,1,0.051848,0.046464,0.002849
KC_HOG,11,40,1,0.029307,0.008106,0.018224
KC,11,40,1,0.043729,0.038292,0.002895
KC_HOG,11,40,1,0.026763,0.006864,0.017411
KC,11,40,1,0.044897,0.039123,0.002757
KC_HOG,11,40,1,0.028803,0.007583,0.018404
KC,11,40,1,0.025816,0.02007,0.002928
KC_HOG,11,40,1,0.029097,0.008289,0.017968
KC,11,40,1,0.050272,0.044372,0.002911
KC_HOG,11,40,1,0.029014,0.007593,0.018795
KC,11,40,1,0.051611,0.045843,0.002931
KC_HOG,11,40,1,0.027424,0.006816,0.017605
KC,11,40,1,0.036487,0.03063,0.002981
KC_HOG,11,40,1,0.03413,0.010325,0.02128
KC,11,40,1,0.027304,0.022006,0.002887
KC_HOG,11,40,2,0.049494,0.015264,0.029235
KC,11,40,1,0.036302,0.030599,0.002899
KC_HOG,11,40,1,0.03455,0.009771,0.021708
KC,11,40,1,0.044144,0.038149,0.003116
KC_HOG,11,40,2,0.044089,0.011872,0.027153
KC,11,40,1,0.049086,0.043696,0.002956
KC_HOG,11,40,1,0.029267,0.007093,0.019066
KC,11,40,1,0.051669,0.045495,0.002998
KC_HOG,11,40,1,0.028058,0.007399,0.01771
KC,11,40,1,0.045341,0.039897,0.002903
KC_HOG,11,40,2,0.064796,0.01179,0.027415
KC,11,40,1,0.026031,0.020401,0.002964
KC_HOG,11,40,1,0.02821,0.007907,0.017414
KC,11,60,1,0.044532,0.039113,0.002848
KC_HOG,11,60,1,0.026424,0.006931,0.017051
KC,11,60,1,0.038404,0.033211,0.002832
KC_HOG,11,60,2,0.042349,0.010696,0.026675
KC,11,60,1,0.0304,0.024678,0.002916
KC_HOG,11,60,1,0.032557,0.00944,0.020639
KC,11,60,1,0.047218,0.041307,0.003107
KC_HOG,11,60,1,0.027409,0.006565,0.017935
KC,11,60,1,0.024014,0.018192,0.002926
KC_HOG,11,60,2,0.048551,0.0148,0.028887
KC,11,60,1,0.046257,0.040891,0.002878
KC_HOG,11,60,1,0.027227,0.007083,0.017641
KC,11,60,1,0.053028,0.047195,0.002977
KC_HOG,11,60,2,0.045992,0.011507,0.029897
KC,11,60,1,0.025068,0.019669,0.002933
KC_HOG,11,60,2,0.051852,0.016429,0.030519
KC,11,60,1,0.026322,0.020953,0.002906
KC_HOG,11,60,2,0.047644,0.01424,0.02875
KC,11,60,1,0.040566,0.034925,0.00285
KC_HOG,11,60,1,0.029691,0.00768,0.018955
KC,11,60,1,0.023121,0.017707,0.00285
KC_HOG,11,60,2,0.050573,0.015104,0.030157
KC,11,60,1,0.022331,0.01661,0.002869
KC_HOG,11,60,1,0.033077,0.009875,0.020655
KC,11,60,1,0.025772,0.020337,0.002891
KC_HOG,11,60,1,0.031066,0.009452,0.018928
KC,11,60,1,0.048382,0.042476,0.002966
KC_HOG,11,60,1,0.026122,0.006252,0.017328
KC,11,60,1,0.027631,0.022029,0.003081
KC_HOG,11,60,1,0.030987,0.009294,0.019169
KC,11,60,1,0.042826,0.037335,0.002923
KC_HOG,11,60,1,0.029232,0.007689,0.018876
KC,11,60,1,0.028549,0.022899,0.002886
KC_HOG,11,60,1,0.033698,0.010308,0.020912
KC,11,60,1,0.027489,0.022145,0.002831
KC_HOG,11,60,1,0.034813,0.010201,0.021556
KC,11,60,1,0.045974,0.040081,0.002949
KC_HOG,11,60,1,0.028412,0.007526,0.017916
KC,11,60,1,0.032194,0.026547,0.002853
KC_HOG,11,60,1,0.034066,0.009943,0.021103
KC,11,60,1,0.052144,0.046248,0.002877
KC_HOG,11,60,1,0.027508,0.006622,0.018162
KC,11,60,1,0.036668,0.031184,0.002936
KC_HOG,11,60,2,0.049809,0.01475,0.029931
KC,11,60,1,0.049995,0.044306,0.002912
KC_HOG,11,60,1,0.028318,0.006959,0.018287
KC,11,60,1,0.030957,0.025514,0.002897
KC_HOG,11,60,1,0.036115,0.011068,0.0219
KC,11,60,1,0.052452,0.046986,0.002925
KC_HOG,11,60,1,0.027386,0.007031,0.017409
KC,11,60,1,0.029045,0.023586,0.002919
KC_HOG,11,60,2,0.051019,0.016588,0.029638
KC,11,60,1,0.049289,0.043796,0.002902
KC_HOG,11,60,1,0.02766,0.006856,0.017775
KC,11,60,1,0.048368,0.042769,0.002927
KC_HOG,11,60,1,0.029371,0.008025,0.018623
KC,11,60,1,0.049382,0.043449,0.003094
KC_HOG,11,60,1,0.027371,0.006952,0.017944
KC,11,60,1,0.04811,0.042433,0.002904
KC_HOG,11,60,2,0.045256,0.012274,0.02824
KC,11,80,1,0.043945,0.038399,0.002962
KC_HOG,11,80,1,0.0283,0.007207,0.018482
KC,11,80,1,0.045997,0.040274,0.00291
KC_HOG,11,80,2,0.044497,0.011778,0.027508
KC,11,80,1,0.026592,0.020846,0.00292
KC_HOG,11,80,1,0.028819,0.007968,0.01785
KC,11,80,1,0.050817,0.045054,0.002918
KC_HOG,11,80,3,0.062087,0.017541,0.03736
KC,11,80,1,0.049781,0.044355,0.002843
KC_HOG,11,80,1,0.027744,0.006833,0.017979
KC,11,80,1,0.026293,0.020426,0.002954
KC_HOG,11,80,1,0.034117,0.010351,0.02124
KC,11,80,1,0.046853,0.041207,0.00289
KC_HOG,11,80,1,0.029077,0.007444,0.018619
KC,11,80,1,0.02034,0.014821,0.002966
KC_HOG,11,80,2,0.048942,0.014654,0.029211
KC,11,80,1,0.048275,0.042751,0.002827
KC_HOG,11,80,1,0.026862,0.006913,0.017088
KC,11,80,1,0.030925,0.025495,0.002897
KC_HOG,11,80,1,0.033841,0.009898,0.020991
KC,11,80,1,0.068098,0.062562,0.002893
KC_HOG,11,80,1,0.025217,0.005763,0.016817
KC,11,80,1,0.044047,0.038483,0.002893
KC_HOG,11,80,1,0.027422,0.00706,0.017459
KC,11,80,1,0.025592,0.019896,0.00289
KC_HOG,11,80,1,0.031829,0.008609,0.02004
KC,11,80,1,0.043842,0.038074,0.002927
KC_HOG,11,80,1,0.027283,0.00717,0.017595
KC,11,80,1,0.027009,0.021573,0.002927
KC_HOG,11,80,2,0.047913,0.014163,0.028611
KC,11,80,1,0.045044,0.039622,0.002889
KC_HOG,11,80,2,0.041825,0.010467,0.026281
KC,11,80,1,0.021583,0.015737,0.002947
KC_HOG,11,80,1,0.028808,0.008329,0.018034
KC,11,80,1,0.026137,0.02027,0.003072
KC_HOG,11,80,2,0.052121,0.016322,0.030879
KC,11,80,1,0.023599,0.018143,0.002891
KC_HOG,11,80,1,0.031563,0.009363,0.019623
KC,11,80,1,0.027427,0.021676,0.002901
KC_HOG,11,80,2,0.04998,0.015721,0.029156
KC,11,80,1,0.021704,0.015852,0.002966
KC_HOG,11,80,1,0.028379,0.007995,0.017904
KC,11,80,1,0.038899,0.033299,0.002826
KC_HOG,11,80,2,0.042038,0.010524,0.026691
KC,11,80,1,0.022376,0.016385,0.002844
KC_HOG,11,80,1,0.028721,0.007817,0.017973
KC,11,80,1,0.027665,0.022291,0.002912
KC_HOG,11,80,2,0.047965,0.014525,0.029048
KC,11,80,1,0.044788,0.039108,0.002809
KC_HOG,11,80,2,0.042029,0.010478,0.026615
KC,11,80,1,0.048761,0.042947,0.002951
KC_HOG,11,80,2,0.042952,0.010982,0.027357
KC,11,80,1,0.032418,0.026659,0.002875
KC_HOG,11,80,1,0.035013,0.010646,0.021387
KC,11,80,1,0.054248,0.048635,0.002874
KC_HOG,11,80,2,0.043285,0.011016,0.027255
KC,11,80,1,0.02667,0.021001,0.003152
KC_HOG,11,80,1,0.033667,0.009628,0.021018
KC,11,80,1,0.047972,0.042419,0.002911
KC_HOG,11,80,2,0.043665,0.010977,0.027389
KC,11,100,1,0.037659,0.032273,0.002857
KC_HOG,11,100,2,0.042403,0.010837,0.026429
KC,11,100,1,0.025462,0.019997,0.00286
KC_HOG,11,100,1,0.03194,0.008493,0.020574
KC,11,100,1,0.058334,0.052532,0.002957
KC_HOG,11,100,1,0.027861,0.007039,0.017851
KC,11,100,1,0.039696,0.034304,0.002887
KC_HOG,11,100,1,0.02724,0.00668,0.017661
KC,11,100,1,0.041571,0.035881,0.002962
KC_HOG,11,100,1,0.028958,0.007624,0.018099
KC,11,100,1,0.014327,0.008532,0.002899
KC_HOG,11,100,1,0.023141,0.008293,0.011614
KC,11,100,1,0.040204,0.034786,0.002883
KC_HOG,11,100,1,0.026634,0.006892,0.017255
KC,11,100,1,0.039536,0.033839,0.002854
KC_HOG,11,100,1,0.027799,0.007063,0.018282
KC,11,100,1,0.044191,0.038642,0.002865
KC_HOG,11,100,1,0.027472,0.006754,0.017575
KC,11,100,1,0.04438,0.038426,0.002929
KC_HOG,11,100,1,0.02779,0.007112,0.018068
KC,11,100,1,0.042783,0.037227,0.002973
KC_HOG,11,100,1,0.02874,0.007494,0.018202
KC,11,100,1,0.014653,0.00911,0.002934
KC_HOG,11,100,1,0.023838,0.008286,0.012949
KC,11,100,1,0.0382,0.032429,0.002926
KC_HOG,11,100,1,0.027977,0.00747,0.017662
KC,11,100,1,0.043888,0.038016,0.002935
KC_HOG,11,100,1,0.028712,0.007311,0.01844
KC,11,100,1,0.039685,0.033823,0.002962
KC_HOG,11,100,2,0.043206,0.010899,0.027096
KC,11,100,1,0.041045,0.035197,0.002965
KC_HOG,11,100,2,0.045096,0.012158,0.027526
KC,11,100,1,0.024248,0.018392,0.002963
KC_HOG,11,100,1,0.031997,0.008305,0.020848
KC,11,100,1,0.04905,0.043593,0.002922
KC_HOG,11,100,11,0.186879,0.052102,0.111291
KC,11,100,1,0.017741,0.011982,0.002903
KC_HOG,11,100,1,0.028655,0.008435,0.017723
KC,11,100,1,0.045647,0.040007,0.002874
KC_HOG,11,100,1,0.028289,0.007176,0.018456
KC,11,100,1,0.03657,0.030618,0.002931
KC_HOG,11,100,1,0.026804,0.006723,0.017558
KC,11,100,1,0.041537,0.035829,0.0029
KC_HOG,11,100,1,0.027314,0.007144,0.017671
KC,11,100,1,0.048006,0.042579,0.002896
KC_HOG,11,100,1,0.027397,0.006765,0.018074
KC,11,100,1,0.051663,0.045915,0.002921
KC_HOG,11,100,2,0.044272,0.011521,0.02756
KC,11,100,1,0.014789,0.009507,0.002766
KC_HOG,11,100,1,0.022471,0.008246,0.011652
KC,11,100,1,0.050376,0.044875,0.002925
KC_HOG,11,100,1,0.029635,0.007818,0.019143
KC,11,100,1,0.022889,0.017192,0.002853
KC_HOG,11,100,2,0.051631,0.015024,0.031467
KC,11,100,1,0.050156,0.044459,0.002847
KC_HOG,11,100,2,0.041917,0.010875,0.026447
KC,11,100,1,0.038176,0.032454,0.002903
KC_HOG,11,100,2,0.04315,0.011029,0.026924
KC,11,100,1,0.028958,0.023077,0.002944
KC_HOG,11,100,1,0.031799,0.008122,0.020986
KC,21,0,1,0.13473,0.117513,0.009148
KC_HOG,21,0,1,0.045697,0.012815,0.024614
KC,21,0,1,0.060391,0.043411,0.008784
KC_HOG,21,0,1,0.048997,0.013764,0.026662
KC,21,0,1,0.143817,0.126248,0.009035
KC_HOG,21,0,1,0.045692,0.013011,0.024556
KC,21,0,1,0.06016,0.043155,0.008775
KC_HOG,21,0,1,0.05392,0.013394,0.027257
KC,21,0,1,0.134252,0.117058,0.009002
KC_HOG,21,0,1,0.044883,0.012356,0.024158
KC,21,0,1,0.155062,0.138605,0.008755
KC_HOG,21,0,3,0.099506,0.028848,0.048561
KC,21,0,1,0.303757,0.287014,0.008722
KC_HOG,21,0,1,0.042619,0.011579,0.023342
KC,21,0,1,0.121451,0.105158,0.008553
KC_HOG,21,0,1,0.048956,0.014483,0.026427
KC,21,0,1,0.05777,0.04066,0.008597
KC_HOG,21,0,1,0.046479,0.012872,0.025659
KC,21,0,1,0.132494,0.115392,0.009155
KC_HOG,21,0,1,0.049053,0.015264,0.025787
KC,21,0,1,0.13664,0.120353,0.008479
KC_HOG,21,0,2,0.068258,0.018047,0.035861
KC,21,0,1,0.150292,0.133775,0.008727
KC_HOG,21,0,4,0.125384,0.033544,0.061895
KC,21,0,1,0.061773,0.04525,0.008591
KC_HOG,21,0,1,0.048374,0.012975,0.025616
KC,21,0,1,0.385651,0.368863,0.009117
KC_HOG,21,0,7,0.207476,0.061684,0.09801
KC,21,0,1,0.053762,0.037139,0.008868
KC_HOG,21,0,1,0.046133,0.0129,0.025468
KC,21,0,1,0.104364,0.086437,0.008496
KC_HOG,21,0,1,0.048542,0.014052,0.026672
KC,21,0,1,0.272392,0.255643,0.008806
KC_HOG,21,0,8,0.233009,0.068216,0.11024
KC,21,0,1,0.060859,0.044483,0.008642
KC_HOG,21,0,1,0.048163,0.012137,0.025253
KC,21,0,1,0.130661,0.11419,0.008742
KC_HOG,21,0,1,0.043244,0.012139,0.023364
KC,21,0,1,0.132874,0.114885,0.008852
KC_HOG,21,0,1,0.045554,0.011717,0.023436
KC,21,0,1,0.062595,0.046473,0.008407
KC_HOG,21,0,1,0.046922,0.012538,0.026514
KC,21,0,1,0.13172,0.115253,0.008517
KC_HOG,21,0,1,0.043235,0.011784,0.023689
KC,21,0,1,0.068141,0.05154,0.008702
KC_HOG,21,0,1,0.048429,0.01242,0.025867
KC,21,0,1,0.15845,0.140885,0.00848
KC_HOG,21,0,2,0.070732,0.017953,0.03549
KC,21,0,1,0.333203,0.316662,0.008658
KC_HOG,21,0,2,0.072302,0.020967,0.035852
KC,21,0,1,0.162247,0.145635,0.008657
KC_HOG,21,0,1,0.044103,0.012203,0.024086
KC,21,0,1,0.067497,0.051327,0.008513
KC_HOG,21,0,1,0.046547,0.012824,0.025938
KC,21,0,1,0.06469,0.047499,0.008756
KC_HOG,21,0,1,0.050091,0.013992,0.025769
KC,21,0,1,0.142753,0.125273,0.00918
KC_HOG,21,0,1,0.044755,0.012427,0.02412
KC,21,0,1,0.136628,0.119663,0.00932
KC_HOG,21,0,2,0.072036,0.019519,0.037679
KC,21,20,1,0.066458,0.048015,0.008946
KC_HOG,21,20,1,0.046581,0.012481,0.026166
KC,21,20,1,0.106867,0.089447,0.009138
KC_HOG,21,20,1,0.04752,0.013728,0.025375
KC,21,20,1,0.069852,0.051995,0.009634
KC_HOG,21,20,1,0.047257,0.01291,0.026171
KC,21,20,1,0.173841,0.156181,0.009384
KC_HOG,21,20,1,0.053754,0.015078,0.026895
KC,21,20,1,0.157556,0.13839,0.009978
KC_HOG,21,20,1,0.04945,0.01377,0.024928
KC,21,20,1,0.069317,0.052828,0.008802
KC_HOG,21,20,1,0.046554,0.012737,0.025902
KC,21,20,1,0.198146,0.157306,0.009164
KC_HOG,21,20,2,0.070834,0.02014,0.03587
KC,21,20,1,0.079656,0.062234,0.00918
KC_HOG,21,20,1,0.046737,0.012458,0.026341
KC,21,20,1,0.081202,0.064184,0.008882
KC_HOG,21,20,1,0.04831,0.01489,0.02555
KC,21,20,1,0.081246,0.064211,0.008995
KC_HOG,21,20,1,0.050537,0.01534,0.026938
KC,21,20,1,0.136307,0.118978,0.009071
KC_HOG,21,20,1,0.048081,0.012617,0.024392
KC,21,20,1,0.05378,0.036797,0.008927
KC_HOG,21,20,1,0.047877,0.013098,0.026655
KC,21,20,1,0.115907,0.098903,0.00905
KC_HOG,21,20,1,0.050585,0.015025,0.027281
KC,21,20,1,0.171515,0.152877,0.009318
KC_HOG,21,20,1,0.04359,0.011654,0.024115
KC,21,20,1,0.163165,0.146592,0.008836
KC_HOG,21,20,1,0.051673,0.014623,0.026557
KC,21,20,1,0.168607,0.151266,0.009269
KC_HOG,21,20,2,0.075437,0.021424,0.038095
KC,21,20,1,0.124445,0.107282,0.008994
KC_HOG,21,20,2,0.076867,0.020306,0.037409
KC,21,20,1,0.069267,0.051936,0.009008
KC_HOG,21,20,1,0.049837,0.014107,0.027672
KC,21,20,1,0.157162,0.138232,0.008936
KC_HOG,21,20,1,0.046832,0.013132,0.025376
KC,21,20,1,0.115039,0.097941,0.00897
KC_HOG,21,20,1,0.050079,0.015528,0.026424
KC,21,20,1,0.132006,0.112322,0.009226
KC_HOG,21,20,1,0.047034,0.013253,0.025543
KC,21,20,1,0.082356,0.064633,0.009275
KC_HOG,21,20,1,0.049031,0.014308,0.02671
KC,21,20,1,0.097132,0.077671,0.009207
KC_HOG,21,20,1,0.051471,0.014911,0.028146
KC,21,20,1,0.222934,0.205354,0.009225
KC_HOG,21,20,2,0.080431,0.022523,0.038549
KC,21,20,1,0.147633,0.12833,0.009339
KC_HOG,21,20,1,0.046163,0.012872,0.024998
KC,21,20,1,0.049944,0.032961,0.008898
KC_HOG,21,20,2,0.081007,0.023641,0.040409
KC,21,20,1,0.060497,0.043177,0.00919
KC_HOG,21,20,1,0.048179,0.01354,0.026515
KC,21,20,1,0.234324,0.216836,0.009337
KC_HOG,21,20,2,0.069663,0.018931,0.035807
KC,21,20,1,0.088491,0.070175,0.009119
KC_HOG,21,20,1,0.050009,0.01356,0.025796
KC,21,20,1,0.148786,0.130062,0.009261
KC_HOG,21,20,1,0.044603,0.012588,0.023866
KC,21,40,1,0.106863,0.08957,0.00899
KC_HOG,21,40,1,0.045099,0.012317,0.023968
KC,21,40,1,0.147246,0.12822,0.009268
KC_HOG,21,40,1,0.043952,0.012409,0.023733
KC,21,40,1,0.128615,0.110674,0.008968
KC_HOG,21,40,1,0.046995,0.012685,0.023852
KC,21,40,1,0.077958,0.059339,0.009089
KC_HOG,21,40,1,0.049706,0.013717,0.025743
KC,21,40,1,0.084873,0.066523,0.008831
KC_HOG,21,40,1,0.049552,0.012623,0.026477
KC,21,40,1,0.07856,0.061613,0.008991
KC_HOG,21,40,1,0.049854,0.015098,0.02664
KC,21,40,1,0.137424,0.118919,0.009018
KC_HOG,21,40,2,0.074815,0.020764,0.038058
KC,21,40,1,0.072008,0.054788,0.009159
KC_HOG,21,40,1,0.047736,0.012886,0.026644
KC,21,40,1,0.140962,0.123961,0.008946
KC_HOG,21,40,1,0.044702,0.012044,0.025018
KC,21,40,1,0.130348,0.113655,0.008831
KC_HOG,21,40,2,0.075724,0.02152,0.038533
KC,21,40,1,0.131965,0.114982,0.0089
KC_HOG,21,40,1,0.04521,0.012089,0.024724
KC,21,40,1,0.125329,0.108434,0.00892
KC_HOG,21,40,4,0.130292,0.035933,0.062992
KC,21,40,1,0.14264,0.125274,0.009414
KC_HOG,21,40,2,0.076668,0.02083,0.037102
KC,21,40,1,0.067912,0.050446,0.009193
KC_HOG,21,40,1,0.048039,0.014387,0.025882
KC,21,40,1,0.231883,0.214828,0.008936
KC_HOG,21,40,1,0.042806,0.011796,0.023226
KC,21,40,1,0.1426,0.124664,0.009095
KC_HOG,21,40,1,0.047848,0.012782,0.024481
KC,21,40,1,0.162013,0.143187,0.009273
KC_HOG,21,40,1,0.043753,0.012032,0.023664
KC,21,40,1,0.320796,0.302117,0.009039
KC_HOG,21,40,1,0.044404,0.012248,0.024289
KC,21,40,1,0.122866,0.1056,0.00907
KC_HOG,21,40,2,0.077604,0.021186,0.038984
KC,21,40,1,0.18159,0.164515,0.009062
KC_HOG,21,40,2,0.07845,0.021294,0.038337
KC,21,40,1,0.092223,0.072209,0.010416
KC_HOG,21,40,2,0.092331,0.028642,0.044908
KC,21,40,1,0.210646,0.189209,0.010287
KC_HOG,21,40,1,0.051732,0.014946,0.027457
KC,21,40,1,0.081749,0.056769,0.010415
KC_HOG,21,40,1,0.054361,0.015716,0.029119
KC,21,40,1,0.202607,0.182522,0.010802
KC_HOG,21,40,1,0.051828,0.015072,0.027654
KC,21,40,1,0.209978,0.189623,0.01039
KC_HOG,21,40,1,0.052807,0.015629,0.027451
KC,21,40,1,0.108634,0.089171,0.010081
KC_HOG,21,40,1,0.055505,0.016764,0.029659
KC,21,40,1,0.082101,0.062965,0.01004
KC_HOG,21,40,1,0.05541,0.015976,0.029894
KC,21,40,1,0.091445,0.071013,0.010761
KC_HOG,21,40,1,0.058955,0.015374,0.0294
KC,21,40,1,0.18956,0.170108,0.010282
KC_HOG,21,40,2,0.090967,0.025644,0.042211
KC,21,40,1,0.101824,0.081991,0.010339
KC_HOG,21,40,1,0.055621,0.017323,0.028978
KC,21,60,1,0.205309,0.182216,0.010281
KC_HOG,21,60,2,0.082274,0.024207,0.040284
KC,21,60,1,0.063623,0.044143,0.010151
KC_HOG,21,60,1,0.05608,0.016592,0.029907
KC,21,60,1,0.161744,0.142137,0.010126
KC_HOG,21,60,2,0.085515,0.025006,0.041876
KC,21,60,1,0.229803,0.209807,0.010684
KC_HOG,21,60,2,0.087026,0.02602,0.041797
KC,21,60,1,0.232679,0.213044,0.010314
KC_HOG,21,60,2,0.083777,0.02441,0.041195
KC,21,60,1,0.081478,0.059948,0.010356
KC_HOG,21,60,1,0.055174,0.016082,0.029661
KC,21,60,1,0.214272,0.194793,0.009965
KC_HOG,21,60,2,0.087978,0.023315,0.043052
KC,21,60,1,0.259261,0.238315,0.010801
KC_HOG,21,60,4,0.151419,0.041199,0.071939
KC,21,60,1,0.171859,0.152344,0.010085
KC_HOG,21,60,1,0.056709,0.01489,0.027634
KC,21,60,1,0.229002,0.209345,0.010253
KC_HOG,21,60,1,0.059201,0.016087,0.028477
KC,21,60,1,0.164133,0.144225,0.010682
KC_HOG,21,60,1,0.053849,0.015493,0.02856
KC,21,60,1,0.187851,0.165989,0.01
KC_HOG,21,60,2,0.09139,0.027398,0.044051
KC,21,60,1,0.264589,0.241289,0.01043
KC_HOG,21,60,1,0.056944,0.015115,0.027785
KC,21,60,1,0.08357,0.061306,0.010012
KC_HOG,21,60,1,0.062169,0.017968,0.029649
KC,21,60,1,0.098169,0.075366,0.01048
KC_HOG,21,60,1,0.055419,0.016085,0.029667
KC,21,60,1,0.079581,0.058044,0.01007
KC_HOG,21,60,1,0.054257,0.015475,0.02928
KC,21,60,1,0.159409,0.139496,0.010063
KC_HOG,21,60,2,0.089049,0.024445,0.041893
KC,21,60,1,0.167761,0.148009,0.010103
KC_HOG,21,60,1,0.056463,0.017623,0.029758
KC,21,60,1,0.141826,0.122513,0.009846
KC_HOG,21,60,1,0.05053,0.014414,0.027015
KC,21,60,1,0.161105,0.141151,0.010245
KC_HOG,21,60,2,0.089049,0.024807,0.042171
KC,21,60,1,0.166703,0.147009,0.009881
KC_HOG,21,60,2,0.078267,0.021574,0.040185
KC,21,60,1,0.209802,0.191035,0.009885
KC_HOG,21,60,1,0.060382,0.019742,0.031499
KC,21,60,1,0.201734,0.18177,0.01072
KC_HOG,21,60,1,0.052183,0.015747,0.027131
KC,21,60,1,0.091425,0.07239,0.009803
KC_HOG,21,60,1,0.05711,0.017025,0.03059
KC,21,60,1,0.194397,0.17284,0.009941
KC_HOG,21,60,1,0.056753,0.015209,0.027381
KC,21,60,1,0.205548,0.185987,0.009898
KC_HOG,21,60,2,0.082669,0.024388,0.040688
KC,21,60,1,0.149548,0.128752,0.010841
KC_HOG,21,60,1,0.05113,0.014899,0.026992
KC,21,60,1,0.213334,0.193234,0.009906
KC_HOG,21,60,1,0.053149,0.01584,0.027838
KC,21,60,1,0.178991,0.158562,0.00981
KC_HOG,21,60,1,0.051395,0.014815,0.027396
KC,21,60,1,0.09692,0.075518,0.00988
KC_HOG,21,60,1,0.053101,0.014745,0.029342
KC,21,80,1,0.166384,0.14469,0.009895
KC_HOG,21,80,2,0.086713,0.024061,0.040927
KC,21,80,1,0.163906,0.144489,0.009956
KC_HOG,21,80,2,0.088453,0.024542,0.04126
KC,21,80,1,0.202668,0.180495,0.009985
KC_HOG,21,80,1,0.052266,0.015364,0.027368
KC,21,80,1,0.0835,0.063984,0.01008
KC_HOG,21,80,1,0.057373,0.01729,0.030724
KC,21,80,1,0.146504,0.126131,0.010533
KC_HOG,21,80,1,0.056257,0.01513,0.027101
KC,21,80,1,0.174547,0.155119,0.010123
KC_HOG,21,80,1,0.053684,0.015479,0.027997
KC,21,80,1,0.173287,0.15347,0.010331
KC_HOG,21,80,2,0.095769,0.027253,0.043106
KC,21,80,1,0.216747,0.197093,0.01021
KC_HOG,21,80,1,0.052836,0.014548,0.028367
KC,21,80,1,0.182528,0.159999,0.009919
KC_HOG,21,80,1,0.056026,0.014207,0.027006
KC,21,80,1,0.176047,0.156291,0.010243
KC_HOG,21,80,1,0.052162,0.015138,0.027675
KC,21,80,1,0.072378,0.051295,0.010081
KC_HOG,21,80,1,0.05829,0.017694,0.030791
KC,21,80,1,0.134615,0.113934,0.011134
KC_HOG,21,80,1,0.058405,0.017939,0.03102
KC,21,80,1,0.060556,0.041448,0.010076
KC_HOG,21,80,1,0.055743,0.016154,0.030069
KC,21,80,1,0.192247,0.172129,0.010099
KC_HOG,21,80,1,0.051242,0.014706,0.026951
KC,21,80,1,0.138788,0.119771,0.009793
KC_HOG,21,80,1,0.053382,0.016191,0.026943
KC,21,80,1,0.089697,0.069648,0.01006
KC_HOG,21,80,1,0.056624,0.017289,0.029592
KC,21,80,1,0.260102,0.23988,0.010383
KC_HOG,21,80,1,0.052449,0.014735,0.027947
KC,21,80,1,0.088593,0.068998,0.010033
KC_HOG,21,80,1,0.054349,0.015629,0.029443
KC,21,80,1,0.180902,0.161368,0.009992
KC_HOG,21,80,1,0.051441,0.015329,0.026744
KC,21,80,1,0.051499,0.031547,0.009939
KC_HOG,21,80,1,0.056538,0.016444,0.030382
KC,21,80,1,0.220276,0.200536,0.01011
KC_HOG,21,80,12,0.428916,0.139081,0.185025
KC,21,80,1,0.230939,0.211473,0.010289
KC_HOG,21,80,1,0.056695,0.015226,0.027841
KC,21,80,1,0.202546,0.183377,0.00988
KC_HOG,21,80,1,0.050987,0.014448,0.027033
KC,21,80,1,0.160014,0.140232,0.010235
KC_HOG,21,80,1,0.050465,0.014306,0.027194
KC,21,80,1,0.098982,0.076927,0.010221
KC_HOG,21,80,1,0.057806,0.017785,0.030717
KC,21,80,1,0.093729,0.074366,0.009985
KC_HOG,21,80,1,0.056679,0.016641,0.030451
KC,21,80,1,0.078807,0.058157,0.010771
KC_HOG,21,80,1,0.060187,0.015378,0.030433
KC,21,80,1,0.100609,0.081816,0.009854
KC_HOG,21,80,1,0.059552,0.016278,0.029852
KC,21,80,1,0.244453,0.222373,0.010085
KC_HOG,21,80,1,0.051395,0.014985,0.02738
KC,21,80,1,0.18455,0.165133,0.009955
KC_HOG,21,80,2,0.085918,0.022668,0.040835
KC,21,100,1,0.112922,0.091238,0.009994
KC_HOG,21,100,1,0.054111,0.015601,0.027593
KC,21,100,1,0.10458,0.085691,0.0097
KC_HOG,21,100,1,0.051165,0.014429,0.027219
KC,21,100,1,0.087569,0.066062,0.009967
KC_HOG,21,100,1,0.052085,0.015613,0.026997
KC,21,100,1,0.078886,0.057439,0.0099
KC_HOG,21,100,1,0.055133,0.015881,0.029621
KC,21,100,1,0.051736,0.033087,0.009583
KC_HOG,21,100,1,0.05768,0.014995,0.029385
KC,21,100,1,0.052543,0.033367,0.00981
KC_HOG,21,100,1,0.058124,0.016921,0.031206
KC,21,100,1,0.158999,0.138884,0.010781
KC_HOG,21,100,2,0.087673,0.022574,0.041588
KC,21,100,1,0.06946,0.04699,0.009932
KC_HOG,21,100,1,0.054829,0.015753,0.029639
KC,21,100,1,0.049128,0.027054,0.009918
KC_HOG,21,100,1,0.057513,0.016917,0.030978
KC,21,100,1,0.168799,0.149318,0.0102
KC_HOG,21,100,2,0.086956,0.024477,0.043927
KC,21,100,1,0.058866,0.039475,0.009857
KC_HOG,21,100,1,0.05598,0.016045,0.030012
KC,21,100,1,0.052136,0.032526,0.009928
KC_HOG,21,100,1,0.057616,0.017285,0.030771
KC,21,100,1,0.059732,0.037432,0.010482
KC_HOG,21,100,1,0.062689,0.016872,0.03106
KC,21,100,1,0.054001,0.034813,0.009916
KC_HOG,21,100,1,0.060848,0.016227,0.030637
KC,21,100,1,0.114067,0.091269,0.010256
KC_HOG,21,100,1,0.054061,0.015892,0.027972
KC,21,100,1,0.102555,0.081738,0.010699
KC_HOG,21,100,1,0.053048,0.01511,0.028476
KC,21,100,1,0.087074,0.06762,0.010257
KC_HOG,21,100,1,0.056038,0.015052,0.027291
KC,21,100,1,0.106233,0.085121,0.0108
KC_HOG,21,100,2,0.083529,0.023285,0.041964
KC,21,100,1,0.108444,0.087817,0.010332
KC_HOG,21,100,1,0.057196,0.015514,0.028071
KC,21,100,1,0.147163,0.126973,0.010202
KC_HOG,21,100,2,0.085022,0.025326,0.041063
KC,21,100,1,0.109205,0.089794,0.010102
KC_HOG,21,100,1,0.05912,0.015725,0.028485
KC,21,100,1,0.147568,0.124261,0.010202
KC_HOG,21,100,1,0.050993,0.014438,0.027544
KC,21,100,1,0.10776,0.08808,0.00986
KC_HOG,21,100,1,0.054658,0.016361,0.027697
KC,21,100,1,0.117008,0.096707,0.010321
KC_HOG,21,100,1,0.051775,0.015078,0.027629
KC,21,100,1,0.107293,0.087097,0.010096
KC_HOG,21,100,1,0.057514,0.01499,0.027749
KC,21,100,1,0.073354,0.050511,0.010301
KC_HOG,21,100,1,0.056232,0.016793,0.0297
KC,21,100,1,0.079728,0.059519,0.010291
KC_HOG,21,100,1,0.057706,0.017731,0.030194
KC,21,100,1,0.13212,0.112591,0.010383
KC_HOG,21,100,13,0.469406,0.146596,0.202574
KC,21,100,1,0.135279,0.116029,0.009983
KC_HOG,21,100,2,0.087835,0.024505,0.041415
KC,21,100,1,0.103204,0.083673,0.00999
KC_HOG,21,100,1,0.052173,0.015279,0.027254
KC,31,0,1,0.367478,0.320305,0.024773
KC_HOG,31,0,1,0.096028,0.029355,0.043156
KC,31,0,1,0.41744,0.369983,0.025556
KC_HOG,31,0,1,0.09683,0.028661,0.047363
KC,31,0,1,0.209908,0.162653,0.024637
KC_HOG,31,0,1,0.099434,0.031318,0.045133
KC,31,0,1,0.447195,0.391085,0.025658
KC_HOG,31,0,2,0.158881,0.046587,0.06628
KC,31,0,1,0.131153,0.084921,0.023885
KC_HOG,31,0,1,0.101253,0.028952,0.050387
KC,31,0,1,0.428074,0.379409,0.02637
KC_HOG,31,0,1,0.093147,0.028884,0.042314
KC,31,0,1,0.24779,0.199339,0.025969
KC_HOG,31,0,1,0.097678,0.029037,0.045669
KC,31,0,1,0.405971,0.357671,0.025616
KC_HOG,31,0,1,0.10819,0.029475,0.043871
KC,31,0,1,0.213778,0.166747,0.025251
KC_HOG,31,0,1,0.099013,0.029024,0.047028
KC,31,0,1,0.130778,0.08424,0.025182
KC_HOG,31,0,1,0.096586,0.029172,0.045481
KC,31,0,1,0.106255,0.060082,0.023954
KC_HOG,31,0,1,0.113348,0.030716,0.046686
KC,31,0,1,0.394885,0.346684,0.026076
KC_HOG,31,0,1,0.092496,0.027952,0.042622
KC,31,0,1,0.162002,0.113069,0.025562
KC_HOG,31,0,1,0.096876,0.029456,0.044575
KC,31,0,1,0.208658,0.154836,0.030048
KC_HOG,31,0,1,0.105198,0.031445,0.049385
KC,31,0,1,0.367374,0.313335,0.029187
KC_HOG,31,0,1,0.106439,0.032813,0.04789
KC,31,0,1,0.38215,0.334774,0.024465
KC_HOG,31,0,2,0.160529,0.047396,0.070115
KC,31,0,1,0.149285,0.10008,0.026464
KC_HOG,31,0,1,0.096147,0.028626,0.045673
KC,31,0,1,0.391504,0.34267,0.02611
KC_HOG,31,0,1,0.098647,0.029888,0.046426
KC,31,0,1,0.404327,0.357948,0.024443
KC_HOG,31,0,1,0.095631,0.028903,0.044198
KC,31,0,1,0.417765,0.37002,0.025919
KC_HOG,31,0,1,0.093077,0.029327,0.04209
KC,31,0,1,0.358936,0.311189,0.025629
KC_HOG,31,0,1,0.093179,0.028552,0.042813
KC,31,0,1,0.145464,0.097722,0.025045
KC_HOG,31,0,1,0.095715,0.02804,0.045687
KC,31,0,1,0.424973,0.375787,0.027238
KC_HOG,31,0,2,0.163282,0.044668,0.063766
KC,31,0,1,0.452244,0.393756,0.025523
KC_HOG,31,0,1,0.090949,0.027421,0.041721
KC,31,0,1,0.241947,0.195064,0.02447
KC_HOG,31,0,1,0.098484,0.030627,0.045769
KC,31,0,1,0.169725,0.121203,0.025576
KC_HOG,31,0,1,0.099419,0.030576,0.046202
KC,31,0,1,0.191148,0.143165,0.025319
KC_HOG,31,0,1,0.100214,0.031251,0.047486
KC,31,0,1,0.431644,0.38042,0.028748
KC_HOG,31,0,1,0.098999,0.030269,0.046683
KC,31,0,1,0.265992,0.217289,0.025754
KC_HOG,31,0,1,0.099551,0.031164,0.045717
KC,31,0,1,0.406574,0.357886,0.026072
KC_HOG,31,0,2,0.166499,0.041266,0.06759
KC,31,20,1,0.422227,0.374671,0.025566
KC_HOG,31,20,6,0.418806,0.128611,0.16186
KC,31,20,1,0.174899,0.126228,0.026014
KC_HOG,31,20,1,0.100947,0.03054,0.047172
KC,31,20,1,0.221341,0.174621,0.024601
KC_HOG,31,20,1,0.098478,0.030694,0.045748
KC,31,20,1,0.451071,0.40187,0.025532
KC_HOG,31,20,3,0.215606,0.064263,0.090046
KC,31,20,1,0.218451,0.172307,0.024188
KC_HOG,31,20,1,0.106545,0.030396,0.042607
KC,31,20,1,0.19772,0.149323,0.025366
KC_HOG,31,20,1,0.111607,0.031152,0.0455
KC,31,20,1,0.42803,0.38135,0.024964
KC_HOG,31,20,2,0.158796,0.04652,0.065802
KC,31,20,1,0.209359,0.153768,0.02951
KC_HOG,31,20,1,0.10912,0.033674,0.05067
KC,31,20,1,0.387803,0.32278,0.029293
KC_HOG,31,20,1,0.1087,0.03158,0.054092
KC,31,20,1,0.152416,0.096847,0.029492
KC_HOG,31,20,1,0.129671,0.033648,0.05595
KC,31,20,1,0.211311,0.147452,0.028452
KC_HOG,31,20,1,0.126659,0.035066,0.050898
KC,31,20,1,0.52705,0.472228,0.029161
KC_HOG,31,20,2,0.187807,0.052059,0.070903
KC,31,20,1,0.362695,0.304109,0.027049
KC_HOG,31,20,1,0.101397,0.030078,0.046576
KC,31,20,1,0.406816,0.354198,0.028062
KC_HOG,31,20,1,0.101945,0.031318,0.046059
KC,31,20,1,0.587066,0.532159,0.03138
KC_HOG,31,20,1,0.09668,0.029999,0.043534
KC,31,20,1,0.313729,0.264552,0.026038
KC_HOG,31,20,2,0.165679,0.047886,0.070862
KC,31,20,1,0.124486,0.078036,0.02412
KC_HOG,31,20,1,0.11659,0.030012,0.050516
KC,31,20,1,0.196637,0.140034,0.025022
KC_HOG,31,20,1,0.10049,0.030923,0.046566
KC,31,20,1,0.392658,0.343493,0.025881
KC_HOG,31,20,1,0.092324,0.027549,0.042699
KC,31,20,1,0.415227,0.360866,0.029954
KC_HOG,31,20,2,0.180927,0.054374,0.074616
KC,31,20,1,0.212485,0.155897,0.030975
KC_HOG,31,20,1,0.112782,0.038823,0.048243
KC,31,20,1,0.195398,0.142603,0.028068
KC_HOG,31,20,1,0.109428,0.035033,0.049351
KC,31,20,1,0.197533,0.142243,0.029328
KC_HOG,31,20,1,0.109192,0.033636,0.051502
KC,31,20,1,0.157756,0.10485,0.028588
KC_HOG,31,20,1,0.111081,0.033025,0.051807
KC,31,20,1,0.192568,0.139864,0.028458
KC_HOG,31,20,1,0.108901,0.034352,0.05002
KC,31,20,1,0.184878,0.13313,0.02669
KC_HOG,31,20,1,0.100228,0.031525,0.046599
KC,31,20,1,0.283596,0.220123,0.029704
KC_HOG,31,20,1,0.099686,0.031047,0.046733
KC,31,20,1,0.245206,0.199151,0.023989
KC_HOG,31,20,1,0.115367,0.030517,0.046435
KC,31,20,1,0.368352,0.320282,0.025839
KC_HOG,31,20,1,0.106853,0.029202,0.042659
KC,31,20,1,0.422467,0.374594,0.025837
KC_HOG,31,20,1,0.096281,0.029373,0.044213
KC,31,40,1,0.126801,0.077547,0.027083
KC_HOG,31,40,1,0.099303,0.028927,0.046014
KC,31,40,1,0.454513,0.40533,0.02658
KC_HOG,31,40,3,0.220285,0.065988,0.087508
KC,31,40,1,0.187704,0.137547,0.028324
KC_HOG,31,40,1,0.100299,0.031045,0.046413
KC,31,40,1,0.257492,0.208786,0.02659
KC_HOG,31,40,1,0.100583,0.030921,0.047426
KC,31,40,1,0.174498,0.128999,0.02294
KC_HOG,31,40,1,0.098786,0.029891,0.045898
KC,31,40,1,0.383089,0.334943,0.026211
KC_HOG,31,40,2,0.177124,0.050056,0.068503
KC,31,40,1,0.348423,0.300862,0.02549
KC_HOG,31,40,2,0.156464,0.048078,0.065456
KC,31,40,1,0.153882,0.105822,0.025361
KC_HOG,31,40,1,0.095313,0.028942,0.044752
KC,31,40,1,0.337512,0.289988,0.025821
KC_HOG,31,40,1,0.09798,0.030067,0.045924
KC,31,40,1,0.396555,0.347977,0.027657
KC_HOG,31,40,1,0.096692,0.029416,0.044017
KC,31,40,1,0.446131,0.396567,0.026818
KC_HOG,31,40,1,0.092918,0.028138,0.04285
KC,31,40,1,0.191114,0.143506,0.025624
KC_HOG,31,40,1,0.101573,0.029471,0.049451
KC,31,40,1,0.343048,0.293511,0.027519
KC_HOG,31,40,1,0.093813,0.028774,0.04288
KC,31,40,1,0.458947,0.410327,0.027301
KC_HOG,31,40,6,0.428067,0.125221,0.161792
KC,31,40,1,0.150779,0.102717,0.026095
KC_HOG,31,40,1,0.097592,0.02951,0.045911
KC,31,40,1,0.110777,0.06106,0.026451
KC_HOG,31,40,2,0.193401,0.056453,0.074832
KC,31,40,1,0.345655,0.297314,0.026892
KC_HOG,31,40,2,0.180964,0.050343,0.068633
KC,31,40,1,0.398118,0.340796,0.033947
KC_HOG,31,40,1,0.113507,0.030267,0.04562
KC,31,40,1,0.330695,0.280333,0.026916
KC_HOG,31,40,1,0.113637,0.029372,0.04562
KC,31,40,1,0.203713,0.147092,0.027571
KC_HOG,31,40,1,0.09955,0.029844,0.047104
KC,31,40,1,0.532845,0.482113,0.026639
KC_HOG,31,40,1,0.095855,0.029042,0.043721
KC,31,40,1,0.50102,0.447303,0.030794
KC_HOG,31,40,2,0.1775,0.050768,0.070504
KC,31,40,1,0.195935,0.145085,0.027096
KC_HOG,31,40,1,0.100746,0.030261,0.047533
KC,31,40,1,0.586167,0.534775,0.027583
KC_HOG,31,40,1,0.110097,0.029557,0.044452
KC,31,40,1,0.199185,0.148429,0.027999
KC_HOG,31,40,1,0.10287,0.032267,0.047083
KC,31,40,1,0.198888,0.138722,0.026465
KC_HOG,31,40,1,0.120215,0.032771,0.048789
KC,31,40,1,0.382446,0.334741,0.025102
KC_HOG,31,40,2,0.171712,0.047673,0.067566
KC,31,40,1,0.285206,0.233426,0.025204
KC_HOG,31,40,1,0.100799,0.029857,0.047223
KC,31,40,1,0.417462,0.368675,0.026997
KC_HOG,31,40,1,0.104869,0.028782,0.04134
KC,31,40,1,0.209078,0.162111,0.025372
KC_HOG,31,40,1,0.094949,0.028205,0.045478
KC,31,60,1,0.278055,0.230989,0.025311
KC_HOG,31,60,1,0.108196,0.029381,0.043597
KC,31,60,1,0.42876,0.379905,0.026286
KC_HOG,31,60,1,0.092945,0.027478,0.043315
KC,31,60,1,0.237555,0.182768,0.025985
KC_HOG,31,60,1,0.09886,0.028936,0.046914
KC,31,60,1,0.454127,0.404398,0.026063
KC_HOG,31,60,2,0.166663,0.047693,0.063644
KC,31,60,1,0.415467,0.362365,0.024576
KC_HOG,31,60,1,0.103587,0.027558,0.042294
KC,31,60,1,0.150155,0.099294,0.026892
KC_HOG,31,60,1,0.098814,0.029431,0.047207
KC,31,60,1,0.216495,0.1665,0.027275
KC_HOG,31,60,1,0.106089,0.034064,0.04778
KC,31,60,1,0.306996,0.254188,0.028261
KC_HOG,31,60,1,0.093606,0.029249,0.041963
KC,31,60,1,0.420311,0.371186,0.026559
KC_HOG,31,60,1,0.095943,0.02967,0.043898
KC,31,60,1,0.162863,0.105291,0.025971
KC_HOG,31,60,1,0.109521,0.028728,0.045612
KC,31,60,1,0.211485,0.156899,0.030085
KC_HOG,31,60,1,0.114063,0.036488,0.051475
KC,31,60,1,0.168435,0.105914,0.037075
KC_HOG,31,60,1,0.131824,0.035032,0.052976
KC,31,60,1,0.170993,0.116016,0.029828
KC_HOG,31,60,1,0.106214,0.031815,0.050147
KC,31,60,1,0.422537,0.370404,0.028675
KC_HOG,31,60,1,0.103017,0.030701,0.048084
KC,31,60,1,0.353266,0.299772,0.028551
KC_HOG,31,60,1,0.122322,0.031405,0.049352
KC,31,60,1,0.396745,0.345334,0.028635
KC_HOG,31,60,1,0.102094,0.031853,0.0451
KC,31,60,1,0.218568,0.163203,0.029768
KC_HOG,31,60,1,0.120564,0.032248,0.048897
KC,31,60,1,0.378114,0.324155,0.02884
KC_HOG,31,60,2,0.173177,0.052561,0.071032
KC,31,60,1,0.151877,0.099653,0.028227
KC_HOG,31,60,1,0.117889,0.031277,0.048298
KC,31,60,1,0.415725,0.359348,0.030652
KC_HOG,31,60,1,0.100099,0.030162,0.045818
KC,31,60,1,0.121985,0.072839,0.026882
KC_HOG,31,60,2,0.183125,0.052955,0.070415
KC,31,60,1,0.163501,0.110578,0.025381
KC_HOG,31,60,1,0.109019,0.02877,0.045872
KC,31,60,1,0.483276,0.433144,0.026786
KC_HOG,31,60,2,0.17195,0.049026,0.066351
KC,31,60,1,0.50707,0.451057,0.025295
KC_HOG,31,60,1,0.095662,0.029025,0.044808
KC,31,60,1,0.179513,0.127025,0.027932
KC_HOG,31,60,1,0.097938,0.031085,0.045657
KC,31,60,1,0.179163,0.128145,0.027698
KC_HOG,31,60,1,0.112716,0.032075,0.047716
KC,31,60,1,0.283165,0.233138,0.026714
KC_HOG,31,60,1,0.102134,0.030616,0.047371
KC,31,60,1,0.179849,0.128341,0.029712
KC_HOG,31,60,1,0.104102,0.032838,0.04691
KC,31,60,1,0.166505,0.115067,0.027588
KC_HOG,31,60,1,0.105002,0.031506,0.049979
KC,31,60,1,0.174079,0.123191,0.027397
KC_HOG,31,60,1,0.118208,0.033239,0.049177
KC,31,80,1,0.162253,0.115138,0.024884
KC_HOG,31,80,1,0.101882,0.031444,0.046382
KC,31,80,1,0.330868,0.268655,0.028001
KC_HOG,31,80,1,0.093645,0.028474,0.042216
KC,31,80,1,0.427315,0.374779,0.027953
KC_HOG,31,80,1,0.101242,0.031223,0.045669
KC,31,80,1,0.213086,0.161662,0.027773
KC_HOG,31,80,1,0.101525,0.031302,0.04694
KC,31,80,1,0.144088,0.09051,0.028002
KC_HOG,31,80,1,0.120438,0.032291,0.049486
KC,31,80,1,0.359808,0.307633,0.02833
KC_HOG,31,80,1,0.108264,0.0338,0.04947
KC,31,80,1,0.195583,0.145819,0.026309
KC_HOG,31,80,1,0.107685,0.02399,0.053428
KC,31,80,1,0.426478,0.369178,0.026265
KC_HOG,31,80,1,0.104124,0.031701,0.047566
KC,31,80,1,0.157823,0.105006,0.030419
KC_HOG,31,80,1,0.10907,0.033203,0.050731
KC,31,80,1,0.415886,0.365458,0.027332
KC_HOG,31,80,1,0.101182,0.029774,0.047657
KC,31,80,1,0.359431,0.30753,0.027424
KC_HOG,31,80,2,0.187036,0.051956,0.071239
KC,31,80,1,0.21225,0.158502,0.029747
KC_HOG,31,80,1,0.103737,0.032088,0.048182
KC,31,80,1,0.464561,0.41391,0.026949
KC_HOG,31,80,2,0.179129,0.050319,0.07255
KC,31,80,1,0.31413,0.264509,0.027067
KC_HOG,31,80,1,0.104867,0.03327,0.047726
KC,31,80,1,0.185601,0.128587,0.027801
KC_HOG,31,80,1,0.11624,0.030958,0.04849
KC,31,80,1,0.296956,0.246368,0.02627
KC_HOG,31,80,1,0.098658,0.029896,0.045181
KC,31,80,1,0.448142,0.386434,0.027175
KC_HOG,31,80,2,0.1893,0.052017,0.077076
KC,31,80,1,0.210512,0.159019,0.027663
KC_HOG,31,80,1,0.125092,0.033496,0.053094
KC,31,80,1,0.461974,0.411524,0.027118
KC_HOG,31,80,2,0.164693,0.050351,0.072782
KC,31,80,1,0.38539,0.331616,0.029117
KC_HOG,31,80,1,0.100013,0.030427,0.045829
KC,31,80,1,0.42973,0.37684,0.02873
KC_HOG,31,80,2,0.184556,0.05256,0.072843
KC,31,80,1,0.228068,0.167694,0.028434
KC_HOG,31,80,1,0.102471,0.031424,0.048978
KC,31,80,1,0.158359,0.109048,0.02662
KC_HOG,31,80,1,0.101647,0.030947,0.047427
KC,31,80,1,0.215267,0.163122,0.027248
KC_HOG,31,80,1,0.112362,0.024932,0.045375
KC,31,80,1,0.417626,0.367521,0.02718
KC_HOG,31,80,2,0.166284,0.050538,0.068503
KC,31,80,1,0.388151,0.337196,0.027381
KC_HOG,31,80,1,0.099752,0.030317,0.045349
KC,31,80,1,0.325543,0.273201,0.028778
KC_HOG,31,80,1,0.102973,0.031695,0.047401
KC,31,80,1,0.214822,0.166096,0.025193
KC_HOG,31,80,1,0.104728,0.032881,0.048165
KC,31,80,1,0.170433,0.119129,0.026887
KC_HOG,31,80,1,0.103145,0.030642,0.048789
KC,31,80,1,0.263193,0.214459,0.026531
KC_HOG,31,80,1,0.103334,0.03189,0.047312
KC,31,100,1,0.462602,0.404176,0.024842
KC_HOG,31,100,2,0.183587,0.048752,0.075029
KC,31,100,1,0.341826,0.291741,0.02671
KC_HOG,31,100,2,0.153463,0.045614,0.064592
KC,31,100,1,0.190245,0.140058,0.026466
KC_HOG,31,100,1,0.105897,0.03082,0.051715
KC,31,100,1,0.233435,0.182224,0.027194
KC_HOG,31,100,1,0.104406,0.032979,0.046288
KC,31,100,1,0.249622,0.19742,0.028138
KC_HOG,31,100,1,0.120124,0.031127,0.04996
KC,31,100,1,0.362367,0.304511,0.026981
KC_HOG,31,100,1,0.126536,0.033713,0.051278
KC,31,100,1,0.135546,0.084742,0.026697
KC_HOG,31,100,1,0.120044,0.031935,0.050038
KC,31,100,1,0.30728,0.255145,0.027626
KC_HOG,31,100,1,0.103554,0.032015,0.046511
KC,31,100,1,0.36337,0.31443,0.026551
KC_HOG,31,100,2,0.167046,0.049776,0.069207
KC,31,100,1,0.448861,0.393287,0.028976
KC_HOG,31,100,1,0.117882,0.03119,0.046034
KC,31,100,1,0.391249,0.34064,0.026954
KC_HOG,31,100,6,0.441991,0.121672,0.167523
KC,31,100,1,0.398433,0.346816,0.027149
KC_HOG,31,100,6,0.467878,0.138459,0.172847
KC,31,100,1,0.145506,0.087066,0.025207
KC_HOG,31,100,1,0.097157,0.028551,0.04659
KC,31,100,1,0.135459,0.079364,0.026679
KC_HOG,31,100,1,0.12076,0.032041,0.049735
KC,31,100,1,0.109371,0.058693,0.026702
KC_HOG,31,100,1,0.105041,0.032351,0.048382
KC,31,100,1,0.094152,0.045585,0.024969
KC_HOG,31,100,1,0.106262,0.031846,0.050173
KC,31,100,1,0.190487,0.139602,0.026726
KC_HOG,31,100,1,0.102009,0.030847,0.04852
KC,31,100,1,0.124113,0.075352,0.026
KC_HOG,31,100,1,0.107624,0.032145,0.0513
KC,31,100,1,0.362361,0.312112,0.02785
KC_HOG,31,100,2,0.180882,0.051479,0.068246
KC,31,100,1,0.162169,0.110635,0.027887
KC_HOG,31,100,1,0.106706,0.032459,0.04961
KC,31,100,1,0.434418,0.373988,0.027047
KC_HOG,31,100,2,0.185159,0.051806,0.071991
KC,31,100,1,0.21276,0.162914,0.026475
KC_HOG,31,100,1,0.119764,0.031824,0.04907
KC,31,100,1,0.147613,0.092238,0.030502
KC_HOG,31,100,1,0.122246,0.032895,0.050537
KC,31,100,1,0.318824,0.257556,0.027592
KC_HOG,31,100,1,0.103829,0.031836,0.046961
KC,31,100,1,0.422244,0.372498,0.02604
KC_HOG,31,100,1,0.103599,0.031057,0.048742
KC,31,100,1,0.181791,0.130915,0.027542
KC_HOG,31,100,1,0.104497,0.032632,0.048813
KC,31,100,1,0.390703,0.335377,0.029945
KC_HOG,31,100,1,0.094035,0.028056,0.043717
KC,31,100,1,0.232692,0.183206,0.026214
KC_HOG,31,100,1,0.103208,0.031363,0.04822
KC,31,100,1,0.200373,0.149657,0.026554
KC_HOG,31,100,1,0.105636,0.031837,0.050354
KC,31,100,1,0.380109,0.330006,0.026811
KC_HOG,31,100,1,0.115796,0.030624,0.049646
KC,41,0,1,0.4926,0.393371,0.052933
KC_HOG,41,0,1,0.171439,0.051127,0.073466
KC,41,0,1,0.574097,0.477868,0.053497
KC_HOG,41,0,1,0.167838,0.049372,0.072275
KC,41,0,1,0.459049,0.36179,0.051362
KC_HOG,41,0,1,0.171438,0.054027,0.073974
KC,41,0,1,0.262048,0.16582,0.051413
KC_HOG,41,0,1,0.166206,0.050227,0.070778
KC,41,0,1,0.318532,0.225244,0.050766
KC_HOG,41,0,1,0.177166,0.052672,0.078081
KC,41,0,1,0.53095,0.419734,0.053725
KC_HOG,41,0,1,0.190929,0.051403,0.072748
KC,41,0,1,0.597037,0.492125,0.050925
KC_HOG,41,0,1,0.150947,0.04623,0.063441
KC,41,0,1,0.598313,0.500424,0.052977
KC_HOG,41,0,2,0.304462,0.081515,0.110027
KC,41,0,1,0.481017,0.38118,0.05316
KC_HOG,41,0,1,0.160227,0.048218,0.067318
KC,41,0,1,0.277013,0.179535,0.052695
KC_HOG,41,0,1,0.170231,0.050925,0.07399
KC,41,0,1,0.609751,0.511018,0.051653
KC_HOG,41,0,1,0.150738,0.044049,0.064801
KC,41,0,1,0.523035,0.434257,0.047642
KC_HOG,41,0,1,0.158573,0.04557,0.069886
KC,41,0,1,0.577615,0.479586,0.055447
KC_HOG,41,0,1,0.156144,0.046539,0.067074
KC,41,0,1,0.295098,0.199329,0.051438
KC_HOG,41,0,1,0.172334,0.051217,0.074511
KC,41,0,1,0.62257,0.526578,0.052056
KC_HOG,41,0,1,0.170693,0.050997,0.073175
KC,41,0,1,0.436889,0.33953,0.051583
KC_HOG,41,0,1,0.167215,0.052291,0.06859
KC,41,0,1,0.471373,0.375827,0.049713
KC_HOG,41,0,1,0.173191,0.051799,0.074879
KC,41,0,1,0.558983,0.463224,0.050302
KC_HOG,41,0,1,0.178697,0.050992,0.080635
KC,41,0,1,0.572327,0.472881,0.052881
KC_HOG,41,0,1,0.165901,0.049418,0.071244
KC,41,0,1,0.280403,0.182472,0.053129
KC_HOG,41,0,1,0.171627,0.051396,0.073939
KC,41,0,1,0.556435,0.45951,0.051871
KC_HOG,41,0,1,0.169466,0.049808,0.072999
KC,41,0,1,0.548355,0.452372,0.051187
KC_HOG,41,0,1,0.172578,0.052028,0.073081
KC,41,0,1,0.613364,0.515066,0.052533
KC_HOG,41,0,1,0.171948,0.048935,0.077528
KC,41,0,1,0.349132,0.255683,0.050108
KC_HOG,41,0,1,0.169889,0.05177,0.071235
KC,41,0,1,0.263367,0.167022,0.051138
KC_HOG,41,0,1,0.166313,0.050862,0.069989
KC,41,0,1,0.591212,0.496312,0.050756
KC_HOG,41,0,1,0.169125,0.050534,0.071308
KC,41,0,1,0.296535,0.198815,0.051796
KC_HOG,41,0,1,0.161155,0.047732,0.070528
KC,41,0,1,0.24954,0.149623,0.05484
KC_HOG,41,0,1,0.166402,0.048862,0.072539
KC,41,0,1,0.670318,0.574265,0.050266
KC_HOG,41,0,2,0.29655,0.084035,0.10238
KC,41,0,1,0.446543,0.348673,0.053439
KC_HOG,41,0,1,0.163524,0.047163,0.071368
KC,41,20,1,0.401227,0.30378,0.053093
KC_HOG,41,20,1,0.171166,0.055478,0.070773
KC,41,20,1,0.33665,0.234616,0.053822
KC_HOG,41,20,1,0.175047,0.051529,0.07578
KC,41,20,1,0.254918,0.155229,0.052766
KC_HOG,41,20,1,0.195666,0.050946,0.074192
KC,41,20,1,0.538903,0.440438,0.052121
KC_HOG,41,20,1,0.173671,0.052391,0.072779
KC,41,20,1,0.598012,0.501545,0.052098
KC_HOG,41,20,2,0.292085,0.082658,0.11731
KC,41,20,1,0.570435,0.471846,0.053164
KC_HOG,41,20,2,0.278835,0.081282,0.108733
KC,41,20,1,0.542891,0.444318,0.051753
KC_HOG,41,20,1,0.199235,0.052414,0.073601
KC,41,20,1,0.317252,0.197312,0.053273
KC_HOG,41,20,1,0.173338,0.0517,0.075201
KC,41,20,1,0.511878,0.413677,0.051762
KC_HOG,41,20,1,0.172117,0.053201,0.073597
KC,41,20,1,0.516063,0.415067,0.054936
KC_HOG,41,20,1,0.171874,0.044305,0.06395
KC,41,20,1,0.564837,0.465585,0.054424
KC_HOG,41,20,2,0.306338,0.083244,0.109209
KC,41,20,1,0.602625,0.505886,0.051683
KC_HOG,41,20,1,0.186665,0.047482,0.069651
KC,41,20,1,0.292315,0.196336,0.051388
KC_HOG,41,20,1,0.152741,0.044724,0.067741
KC,41,20,1,0.289842,0.191134,0.051074
KC_HOG,41,20,1,0.171269,0.052174,0.07337
KC,41,20,1,0.622902,0.519903,0.055405
KC_HOG,41,20,2,0.284378,0.08296,0.110067
KC,41,20,1,0.369929,0.269012,0.055079
KC_HOG,41,20,1,0.197478,0.051663,0.075363
KC,41,20,1,0.50034,0.4018,0.052499
KC_HOG,41,20,4,0.547622,0.150518,0.196758
KC,41,20,1,0.4685,0.369947,0.052639
KC_HOG,41,20,1,0.190618,0.048997,0.072337
KC,41,20,1,0.561889,0.455793,0.050335
KC_HOG,41,20,1,0.162913,0.047922,0.069488
KC,41,20,1,0.553689,0.457447,0.05053
KC_HOG,41,20,2,0.28322,0.077554,0.112896
KC,41,20,1,0.4326,0.332976,0.052126
KC_HOG,41,20,1,0.172378,0.052866,0.075932
KC,41,20,1,0.629055,0.531327,0.052459
KC_HOG,41,20,1,0.165469,0.050614,0.070013
KC,41,20,1,0.584138,0.489184,0.053684
KC_HOG,41,20,2,0.294687,0.078581,0.105077
KC,41,20,1,0.584898,0.48558,0.052888
KC_HOG,41,20,1,0.15922,0.047658,0.067376
KC,41,20,1,0.284423,0.186082,0.051763
KC_HOG,41,20,1,0.17558,0.051418,0.076551
KC,41,20,1,0.450588,0.346587,0.055603
KC_HOG,41,20,1,0.169995,0.053799,0.070743
KC,41,20,1,0.486611,0.382874,0.057632
KC_HOG,41,20,1,0.188289,0.060719,0.07725
KC,41,20,1,0.637193,0.525256,0.060193
KC_HOG,41,20,1,0.175047,0.052242,0.075168
KC,41,20,1,0.543228,0.432563,0.058421
KC_HOG,41,20,1,0.177645,0.05341,0.076026
KC,41,20,1,0.774913,0.664522,0.059921
KC_HOG,41,20,1,0.178571,0.053046,0.075941
KC,41,40,1,0.529612,0.420754,0.059334
KC_HOG,41,40,1,0.182523,0.053543,0.078003
KC,41,40,1,0.276173,0.158135,0.053704
KC_HOG,41,40,1,0.191143,0.050788,0.072037
KC,41,40,1,0.25799,0.160578,0.052983
KC_HOG,41,40,1,0.168301,0.049974,0.073143
KC,41,40,1,0.450119,0.352501,0.052295
KC_HOG,41,40,2,0.30606,0.082524,0.109185
KC,41,40,1,0.500116,0.400846,0.052525
KC_HOG,41,40,1,0.159854,0.048224,0.070146
KC,41,40,1,0.555395,0.455439,0.053328
KC_HOG,41,40,1,0.171249,0.052233,0.073341
KC,41,40,1,0.576899,0.478552,0.052958
KC_HOG,41,40,2,0.30362,0.081676,0.108303
KC,41,40,1,0.579033,0.479271,0.053197
KC_HOG,41,40,2,0.281446,0.082721,0.114858
KC,41,40,1,0.589133,0.469623,0.058897
KC_HOG,41,40,2,0.289359,0.083324,0.110985
KC,41,40,1,0.547505,0.447429,0.05312
KC_HOG,41,40,1,0.162583,0.048119,0.070526
KC,41,40,1,0.572193,0.460362,0.052512
KC_HOG,41,40,2,0.303295,0.080837,0.106197
KC,41,40,1,0.275602,0.174424,0.054069
KC_HOG,41,40,1,0.198433,0.052232,0.07542
KC,41,40,1,0.484174,0.366999,0.066012
KC_HOG,41,40,1,0.184399,0.055268,0.078607
KC,41,40,1,0.305272,0.201546,0.056664
KC_HOG,41,40,1,0.175291,0.052863,0.075212
KC,41,40,1,0.577129,0.476678,0.054208
KC_HOG,41,40,1,0.166643,0.049724,0.07134
KC,41,40,1,0.495268,0.37574,0.055
KC_HOG,41,40,2,0.310508,0.084014,0.117387
KC,41,40,1,0.281536,0.180491,0.052572
KC_HOG,41,40,1,0.173349,0.051381,0.076654
KC,41,40,1,0.283525,0.187233,0.052547
KC_HOG,41,40,1,0.170141,0.049451,0.074027
KC,41,40,1,0.433234,0.326912,0.060735
KC_HOG,41,40,1,0.169617,0.050894,0.073173
KC,41,40,1,0.316741,0.218988,0.051822
KC_HOG,41,40,1,0.167821,0.052257,0.06956
KC,41,40,1,0.474241,0.377051,0.051072
KC_HOG,41,40,1,0.172874,0.052478,0.074299
KC,41,40,1,0.271375,0.172738,0.05368
KC_HOG,41,40,1,0.171862,0.050838,0.073645
KC,41,40,1,0.546504,0.448029,0.052797
KC_HOG,41,40,2,0.31055,0.085507,0.109518
KC,41,40,1,0.383291,0.283863,0.053404
KC_HOG,41,40,1,0.193268,0.049389,0.075052
KC,41,40,1,0.312844,0.214465,0.053103
KC_HOG,41,40,1,0.162981,0.049207,0.070659
KC,41,40,1,0.553116,0.451826,0.053578
KC_HOG,41,40,2,0.281986,0.081034,0.109704
KC,41,40,1,0.634939,0.537547,0.051443
KC_HOG,41,40,1,0.179353,0.05092,0.081233
KC,41,40,1,0.492978,0.394258,0.052059
KC_HOG,41,40,1,0.178195,0.054413,0.076509
KC,41,40,1,0.253425,0.157865,0.052439
KC_HOG,41,40,1,0.169025,0.044636,0.063513
KC,41,40,1,0.40428,0.305614,0.05254
KC_HOG,41,40,1,0.171122,0.050368,0.074287
KC,41,60,1,0.566363,0.437171,0.058861
KC_HOG,41,60,1,0.191612,0.058598,0.08208
KC,41,60,1,0.278629,0.170114,0.059045
KC_HOG,41,60,1,0.188404,0.054651,0.082646
KC,41,60,1,0.631216,0.521423,0.058346
KC_HOG,41,60,2,0.310569,0.092006,0.11758
KC,41,60,1,0.563002,0.454705,0.058869
KC_HOG,41,60,1,0.180227,0.053881,0.077487
KC,41,60,1,0.632933,0.524404,0.05865
KC_HOG,41,60,2,0.305364,0.089843,0.119642
KC,41,60,1,0.442589,0.336008,0.057643
KC_HOG,41,60,1,0.185013,0.055026,0.079104
KC,41,60,1,0.481996,0.368756,0.054011
KC_HOG,41,60,1,0.16495,0.051144,0.06874
KC,41,60,1,0.27961,0.163206,0.052276
KC_HOG,41,60,1,0.199379,0.052468,0.075818
KC,41,60,1,0.4027,0.285701,0.052372
KC_HOG,41,60,1,0.180128,0.050784,0.082529
KC,41,60,1,0.613578,0.501823,0.053528
KC_HOG,41,60,1,0.165921,0.049749,0.070314
KC,41,60,1,0.590329,0.490414,0.05266
KC_HOG,41,60,2,0.311767,0.085076,0.110849
KC,41,60,1,0.616381,0.518137,0.053629
KC_HOG,41,60,1,0.164166,0.048289,0.071091
KC,41,60,1,0.610011,0.508724,0.054701
KC_HOG,41,60,3,0.389416,0.112091,0.145687
KC,41,60,1,0.353442,0.254449,0.053031
KC_HOG,41,60,1,0.177659,0.054927,0.075151
KC,41,60,1,0.475063,0.369792,0.059942
KC_HOG,41,60,1,0.170409,0.049435,0.074035
KC,41,60,1,0.32422,0.20287,0.053937
KC_HOG,41,60,1,0.202172,0.05246,0.078092
KC,41,60,1,0.475069,0.363175,0.049025
KC_HOG,41,60,2,0.264061,0.064129,0.102584
KC,41,60,1,0.573157,0.474663,0.053284
KC_HOG,41,60,1,0.156389,0.044834,0.068746
KC,41,60,1,0.541339,0.442593,0.053548
KC_HOG,41,60,1,0.1492,0.044146,0.063043
KC,41,60,1,0.470619,0.376799,0.050755
KC_HOG,41,60,1,0.152919,0.044593,0.066338
KC,41,60,1,0.370217,0.279809,0.048245
KC_HOG,41,60,1,0.163005,0.048268,0.071032
KC,41,60,1,0.29052,0.198709,0.04921
KC_HOG,41,60,1,0.162763,0.050456,0.069048
KC,41,60,1,0.574198,0.484091,0.048283
KC_HOG,41,60,1,0.155434,0.045848,0.067281
KC,41,60,1,0.625829,0.534047,0.04846
KC_HOG,41,60,1,0.157661,0.04598,0.068809
KC,41,60,1,0.299431,0.206697,0.049431
KC_HOG,41,60,1,0.157834,0.047596,0.067759
KC,41,60,1,0.545924,0.451549,0.051027
KC_HOG,41,60,1,0.153724,0.045302,0.066772
KC,41,60,1,0.552068,0.461951,0.047391
KC_HOG,41,60,1,0.157629,0.047097,0.067293
KC,41,60,1,0.555877,0.464057,0.048725
KC_HOG,41,60,1,0.154239,0.044715,0.067324
KC,41,60,1,0.282853,0.191861,0.048813
KC_HOG,41,60,1,0.178619,0.046778,0.06913
KC,41,60,1,0.51631,0.410111,0.047846
KC_HOG,41,60,1,0.181416,0.047059,0.066166
KC,41,80,1,0.366636,0.275577,0.04951
KC_HOG,41,80,1,0.161887,0.046327,0.070991
KC,41,80,1,0.540144,0.447332,0.050425
KC_HOG,41,80,1,0.153559,0.046639,0.065129
KC,41,80,1,0.455127,0.350054,0.047913
KC_HOG,41,80,1,0.160808,0.047248,0.069996
KC,41,80,1,0.455012,0.363949,0.048209
KC_HOG,41,80,1,0.192472,0.049137,0.077957
KC,41,80,1,0.581464,0.47699,0.047612
KC_HOG,41,80,2,0.278779,0.073899,0.10021
KC,41,80,1,0.528208,0.437716,0.048594
KC_HOG,41,80,2,0.280828,0.075106,0.101872
KC,41,80,1,0.561274,0.459636,0.047542
KC_HOG,41,80,1,0.156025,0.049265,0.065449
KC,41,80,1,0.312066,0.219802,0.049443
KC_HOG,41,80,1,0.163297,0.047368,0.073411
KC,41,80,1,0.566996,0.471151,0.050817
KC_HOG,41,80,2,0.284373,0.076724,0.102726
KC,41,80,1,0.545815,0.454775,0.048506
KC_HOG,41,80,1,0.187669,0.047767,0.073761
KC,41,80,1,0.607905,0.512593,0.050679
KC_HOG,41,80,2,0.260713,0.068362,0.09893
KC,41,80,1,0.499983,0.408015,0.049288
KC_HOG,41,80,1,0.186477,0.046455,0.075149
KC,41,80,1,0.534814,0.43952,0.051849
KC_HOG,41,80,2,0.288815,0.077898,0.109758
KC,41,80,1,0.449157,0.360848,0.045893
KC_HOG,41,80,1,0.161683,0.049216,0.070634
KC,41,80,1,0.575858,0.480074,0.052158
KC_HOG,41,80,2,0.288193,0.077876,0.102705
KC,41,80,1,0.526882,0.429443,0.051881
KC_HOG,41,80,1,0.176306,0.050165,0.077381
KC,41,80,1,0.353737,0.25366,0.051386
KC_HOG,41,80,1,0.16479,0.050063,0.069354
KC,41,80,1,0.572223,0.470945,0.054287
KC_HOG,41,80,2,0.312322,0.082905,0.113743
KC,41,80,1,0.55687,0.456323,0.053485
KC_HOG,41,80,1,0.169805,0.052047,0.071729
KC,41,80,1,0.921379,0.820704,0.054315
KC_HOG,41,80,1,0.198933,0.052574,0.075333
KC,41,80,1,0.570752,0.453994,0.053505
KC_HOG,41,80,2,0.313827,0.085002,0.113373
KC,41,80,1,0.354392,0.253423,0.053333
KC_HOG,41,80,1,0.176214,0.051654,0.076646
KC,41,80,1,0.725208,0.626081,0.051925
KC_HOG,41,80,1,0.161816,0.048398,0.069123
KC,41,80,1,0.289804,0.195708,0.051245
KC_HOG,41,80,1,0.172016,0.05078,0.07774
KC,41,80,1,0.537332,0.44295,0.050255
KC_HOG,41,80,2,0.291341,0.075015,0.105708
KC,41,80,1,0.59542,0.486013,0.048546
KC_HOG,41,80,2,0.258298,0.074842,0.102887
KC,41,80,1,0.563812,0.475438,0.047827
KC_HOG,41,80,1,0.151553,0.044047,0.065517
KC,41,80,1,0.284748,0.190848,0.053042
KC_HOG,41,80,1,0.153418,0.044517,0.067012
KC,41,80,1,0.386126,0.299357,0.045733
KC_HOG,41,80,1,0.146552,0.042277,0.065346
KC,41,80,1,0.444782,0.360052,0.0444
KC_HOG,41,80,2,0.272357,0.073534,0.097399
KC,41,100,1,0.280137,0.192286,0.047019
KC_HOG,41,100,1,0.178537,0.046241,0.070212
KC,41,100,1,0.334764,0.248348,0.045667
KC_HOG,41,100,1,0.15627,0.043306,0.069161
KC,41,100,1,0.527026,0.44101,0.044781
KC_HOG,41,100,4,0.486233,0.134243,0.169316
KC,41,100,1,0.406549,0.315403,0.047621
KC_HOG,41,100,1,0.145329,0.041577,0.063368
KC,41,100,1,0.353015,0.264573,0.046474
KC_HOG,41,100,1,0.151417,0.045289,0.066621
KC,41,100,1,0.152506,0.068023,0.044377
KC_HOG,41,100,1,0.149325,0.042629,0.067353
KC,41,100,1,0.497709,0.412218,0.045636
KC_HOG,41,100,1,0.145156,0.0428,0.06199
KC,41,100,1,0.147013,0.065919,0.042414
KC_HOG,41,100,1,0.147883,0.042366,0.066212
KC,41,100,1,0.348172,0.262632,0.045296
KC_HOG,41,100,1,0.149391,0.044063,0.065977
KC,41,100,1,0.327883,0.247581,0.041587
KC_HOG,41,100,1,0.146403,0.041814,0.065465
KC,41,100,1,0.436538,0.341749,0.041946
KC_HOG,41,100,2,0.255075,0.066222,0.094288
KC,41,100,1,0.422383,0.344339,0.041136
KC_HOG,41,100,2,0.245434,0.063756,0.09091
KC,41,100,1,0.233069,0.152021,0.042651
KC_HOG,41,100,1,0.146591,0.043241,0.064868
KC,41,100,1,0.487191,0.403527,0.044274
KC_HOG,41,100,2,0.265024,0.073908,0.090711
KC,41,100,1,0.473784,0.389746,0.043078
KC_HOG,41,100,1,0.148534,0.04287,0.063351
KC,41,100,1,0.458892,0.374992,0.045199
KC_HOG,41,100,2,0.272008,0.073915,0.098925
KC,41,100,1,0.460026,0.372871,0.04653
KC_HOG,41,100,1,0.145304,0.042328,0.063191
KC,41,100,1,0.366808,0.265022,0.049779
KC_HOG,41,100,1,0.168918,0.044142,0.065393
KC,41,100,1,0.427872,0.341125,0.046946
KC_HOG,41,100,1,0.146922,0.04338,0.064055
KC,41,100,1,0.187167,0.093324,0.049344
KC_HOG,41,100,1,0.160274,0.045467,0.070546
KC,41,100,1,0.468139,0.382635,0.045449
KC_HOG,41,100,1,0.150497,0.043945,0.064695
KC,41,100,1,0.464913,0.373365,0.047989
KC_HOG,41,100,1,0.14803,0.044032,0.063259
KC,41,100,1,0.184931,0.088227,0.051347
KC_HOG,41,100,1,0.152473,0.043123,0.068632
KC,41,100,1,0.481906,0.389057,0.048332
KC_HOG,41,100,1,0.153299,0.045447,0.06446
KC,41,100,1,0.291562,0.205429,0.044067
KC_HOG,41,100,1,0.15419,0.046121,0.064979
KC,41,100,1,0.265743,0.171898,0.049657
KC_HOG,41,100,1,0.165138,0.049391,0.072291
KC,41,100,1,0.195712,0.103174,0.047353
KC_HOG,41,100,1,0.162882,0.048363,0.071038
KC,41,100,1,0.212413,0.122502,0.047443
KC_HOG,41,100,1,0.159829,0.046562,0.070553
KC,41,100,1,0.450845,0.357602,0.049767
KC_HOG,41,100,1,0.170544,0.043302,0.065413
KC,41,100,1,0.258647,0.143526,0.054977
KC_HOG,41,100,1,0.162889,0.046414,0.072139
KC,51,0,1,0.848211,0.696678,0.08653
KC_HOG,51,0,4,0.690815,0.180521,0.242243
KC,51,0,1,0.59343,0.451049,0.075664
KC_HOG,51,0,1,0.240623,0.068873,0.109326
KC,51,0,1,0.697725,0.546612,0.080496
KC_HOG,51,0,1,0.238591,0.069315,0.099002
KC,51,0,1,0.523927,0.381058,0.078148
KC_HOG,51,0,1,0.243666,0.076134,0.098868
KC,51,0,1,0.666845,0.516898,0.079832
KC_HOG,51,0,1,0.242748,0.071026,0.105037
KC,51,0,1,0.501869,0.347481,0.080939
KC_HOG,51,0,1,0.240558,0.070515,0.100141
KC,51,0,1,0.613385,0.468371,0.078506
KC_HOG,51,0,1,0.236251,0.066439,0.105505
KC,51,0,1,0.860387,0.711904,0.078288
KC_HOG,51,0,1,0.236156,0.067917,0.099704
KC,51,0,1,1.07148,0.898706,0.10014
KC_HOG,51,0,1,0.289656,0.073035,0.108443
KC,51,0,1,0.663188,0.49256,0.092129
KC_HOG,51,0,2,0.472048,0.123202,0.167756
KC,51,0,1,0.856246,0.689593,0.091468
KC_HOG,51,0,1,0.296785,0.076146,0.110819
KC,51,0,1,0.659126,0.506501,0.078658
KC_HOG,51,0,1,0.246537,0.071075,0.104611
KC,51,0,1,0.808998,0.644877,0.086778
KC_HOG,51,0,1,0.238723,0.067879,0.099877
KC,51,0,1,0.835503,0.663952,0.077089
KC_HOG,51,0,4,0.758179,0.201829,0.266367
KC,51,0,1,0.803519,0.649726,0.082528
KC_HOG,51,0,1,0.240834,0.069128,0.101271
KC,51,0,1,0.826639,0.657569,0.078688
KC_HOG,51,0,2,0.438301,0.113653,0.153341
KC,51,0,1,0.867361,0.718601,0.080314
KC_HOG,51,0,1,0.258736,0.066473,0.098185
KC,51,0,1,0.466197,0.296846,0.081214
KC_HOG,51,0,1,0.237444,0.067838,0.10072
KC,51,0,1,0.826256,0.67491,0.080639
KC_HOG,51,0,2,0.431539,0.120028,0.14786
KC,51,0,1,0.60493,0.458756,0.077046
KC_HOG,51,0,1,0.242199,0.069869,0.103583
KC,51,0,1,0.741098,0.587357,0.082302
KC_HOG,51,0,1,0.233317,0.06807,0.096153
KC,51,0,1,0.291728,0.189326,0.049144
KC_HOG,51,0,1,0.161074,0.040877,0.064923
KC,51,0,1,0.594047,0.502455,0.047121
KC_HOG,51,0,4,0.451133,0.110496,0.16657
KC,51,0,1,0.400288,0.307368,0.048661
KC_HOG,51,0,1,0.151484,0.039275,0.067496
KC,51,0,1,0.470793,0.37767,0.048848
KC_HOG,51,0,1,0.147249,0.039259,0.063655
KC,51,0,1,0.530996,0.437563,0.049283
KC_HOG,51,0,1,0.148014,0.03865,0.065069
KC,51,0,1,0.57108,0.477472,0.049284
KC_HOG,51,0,1,0.147806,0.039005,0.064689
KC,51,0,1,0.377984,0.286563,0.046959
KC_HOG,51,0,1,0.167551,0.040386,0.071607
KC,51,0,1,0.519646,0.428732,0.046832
KC_HOG,51,0,1,0.141046,0.033344,0.058565
KC,51,0,1,0.448593,0.365791,0.043087
KC_HOG,51,0,1,0.124538,0.029862,0.055332
KC,51,20,1,0.235451,0.153276,0.04268
KC_HOG,51,20,1,0.128745,0.031111,0.058222
KC,51,20,1,0.280955,0.198632,0.042876
KC_HOG,51,20,1,0.12901,0.031036,0.058599
KC,51,20,1,0.425165,0.342884,0.042906
KC_HOG,51,20,1,0.129742,0.032077,0.058236
KC,51,20,1,0.483249,0.401933,0.041946
KC_HOG,51,20,1,0.125236,0.030432,0.055409
KC,51,20,1,0.247445,0.166362,0.041941
KC_HOG,51,20,1,0.130116,0.032819,0.058128
KC,51,20,1,0.436366,0.35464,0.042209
KC_HOG,51,20,2,0.213674,0.049742,0.087536
KC,51,20,1,0.242504,0.160296,0.04282
KC_HOG,51,20,1,0.128176,0.030994,0.057985
KC,51,20,1,0.361816,0.279807,0.042796
KC_HOG,51,20,1,0.132212,0.033333,0.059552
KC,51,20,1,0.469452,0.387465,0.042889
KC_HOG,51,20,2,0.217787,0.048445,0.088942
KC,51,20,1,0.474617,0.392865,0.042422
KC_HOG,51,20,1,0.128658,0.030324,0.05881
KC,51,20,1,0.246185,0.164182,0.042662
KC_HOG,51,20,1,0.128826,0.030954,0.058859
KC,51,20,1,0.489752,0.407611,0.042852
KC_HOG,51,20,1,0.132557,0.031519,0.055059
KC,51,20,1,0.46732,0.382484,0.045694
KC_HOG,51,20,2,0.205793,0.047837,0.08459
KC,51,20,1,0.412914,0.331068,0.042872
KC_HOG,51,20,2,0.213572,0.049255,0.084618
KC,51,20,1,0.430908,0.349004,0.042531
KC_HOG,51,20,1,0.124582,0.030088,0.055382
KC,51,20,1,0.499156,0.410529,0.043433
KC_HOG,51,20,2,0.213324,0.047593,0.087407
KC,51,20,1,0.353631,0.271789,0.042584
KC_HOG,51,20,1,0.127566,0.030695,0.057779
KC,51,20,1,0.429556,0.34787,0.04269
KC_HOG,51,20,1,0.125587,0.030844,0.055507
KC,51,20,1,0.280036,0.198161,0.042643
KC_HOG,51,20,1,0.128099,0.031036,0.057706
KC,51,20,1,0.237736,0.155627,0.042772
KC_HOG,51,20,1,0.131255,0.034265,0.057563
KC,51,20,1,0.472234,0.390255,0.042839
KC_HOG,51,20,3,0.286917,0.06593,0.117136
KC,51,20,1,0.221951,0.140453,0.042534
KC_HOG,51,20,1,0.128837,0.032171,0.057497
KC,51,20,1,0.45646,0.374765,0.04282
KC_HOG,51,20,2,0.205296,0.04809,0.085047
KC,51,20,1,0.433793,0.352486,0.042236
KC_HOG,51,20,1,0.131294,0.03005,0.055279
KC,51,20,1,0.376147,0.294144,0.042692
KC_HOG,51,20,1,0.13221,0.031441,0.061437
KC,51,20,1,0.408013,0.326035,0.042722
KC_HOG,51,20,1,0.132442,0.030599,0.056193
KC,51,20,1,0.439544,0.357625,0.042878
KC_HOG,51,20,2,0.20823,0.049594,0.085668
KC,51,20,1,0.350776,0.26437,0.042583
KC_HOG,51,20,1,0.13692,0.03288,0.057992
KC,51,20,1,0.478478,0.397032,0.042146
KC_HOG,51,20,1,0.126591,0.03121,0.055846
KC,51,20,1,0.473914,0.391449,0.042951
KC_HOG,51,20,2,0.214063,0.04997,0.084749
KC,51,40,1,0.324868,0.243212,0.042199
KC_HOG,51,40,1,0.129951,0.033163,0.057256
KC,51,40,1,0.474706,0.387861,0.04279
KC_HOG,51,40,2,0.204325,0.047511,0.084318
KC,51,40,1,0.429966,0.348017,0.042906
KC_HOG,51,40,2,0.211622,0.048376,0.084007
KC,51,40,1,0.355323,0.273184,0.042783
KC_HOG,51,40,1,0.129837,0.031757,0.058702
KC,51,40,1,0.447551,0.365634,0.042673
KC_HOG,51,40,1,0.125787,0.030676,0.055809
KC,51,40,1,0.449836,0.367459,0.042815
KC_HOG,51,40,2,0.212019,0.048399,0.084447
KC,51,40,1,0.330989,0.245751,0.045627
KC_HOG,51,40,1,0.132168,0.033179,0.059235
KC,51,40,1,0.489228,0.407286,0.042854
KC_HOG,51,40,2,0.213404,0.050074,0.083855
KC,51,40,1,0.428066,0.345788,0.042876
KC_HOG,51,40,1,0.127624,0.030453,0.058025
KC,51,40,1,0.397411,0.315246,0.042827
KC_HOG,51,40,1,0.125546,0.030592,0.055653
KC,51,40,1,0.200346,0.118179,0.042885
KC_HOG,51,40,1,0.128752,0.030926,0.05846
KC,51,40,1,0.416649,0.328215,0.045728
KC_HOG,51,40,1,0.139052,0.035172,0.061803
KC,51,40,1,0.392141,0.304831,0.045315
KC_HOG,51,40,1,0.136841,0.034562,0.060274
KC,51,40,1,0.518479,0.430716,0.045432
KC_HOG,51,40,1,0.139272,0.033944,0.063303
KC,51,40,1,0.463043,0.369717,0.044226
KC_HOG,51,40,2,0.212157,0.047872,0.084984
KC,51,40,1,0.511643,0.424683,0.042901
KC_HOG,51,40,2,0.211443,0.047679,0.087383
KC,51,40,1,0.424457,0.341481,0.043074
KC_HOG,51,40,1,0.127284,0.029769,0.058282
KC,51,40,1,0.445581,0.360537,0.045651
KC_HOG,51,40,1,0.126832,0.030938,0.055967
KC,51,40,1,0.410279,0.327845,0.042834
KC_HOG,51,40,1,0.125094,0.030165,0.055512
KC,51,40,1,0.229413,0.147319,0.042658
KC_HOG,51,40,1,0.129044,0.031336,0.058355
KC,51,40,1,0.439152,0.357059,0.042811
KC_HOG,51,40,2,0.20593,0.048864,0.087476
KC,51,40,1,0.484199,0.401518,0.042987
KC_HOG,51,40,1,0.125384,0.031346,0.055928
KC,51,40,1,0.522552,0.440855,0.042642
KC_HOG,51,40,2,0.213217,0.049551,0.084854
KC,51,40,1,0.279324,0.197277,0.042721
KC_HOG,51,40,1,0.128541,0.03102,0.058283
KC,51,40,1,0.360134,0.277808,0.042816
KC_HOG,51,40,1,0.128135,0.031002,0.058161
KC,51,40,1,0.251888,0.170001,0.042668
KC_HOG,51,40,1,0.130947,0.031576,0.059837
KC,51,40,1,0.467129,0.384421,0.043111
KC_HOG,51,40,1,0.127616,0.031718,0.05664
KC,51,40,1,0.439569,0.357117,0.042961
KC_HOG,51,40,2,0.213293,0.048093,0.08551
KC,51,40,1,0.375613,0.293295,0.042821
KC_HOG,51,40,1,0.129962,0.032501,0.058196
KC,51,40,1,0.468167,0.386243,0.042727
KC_HOG,51,40,2,0.211116,0.049346,0.085777
KC,51,60,1,0.506508,0.42399,0.043114
KC_HOG,51,60,2,0.212913,0.048682,0.084377
KC,51,60,1,0.291515,0.209387,0.042931
KC_HOG,51,60,1,0.129477,0.031138,0.059123
KC,51,60,1,0.51776,0.428085,0.045999
KC_HOG,51,60,1,0.125319,0.030119,0.055601
KC,51,60,1,0.378096,0.294928,0.04296
KC_HOG,51,60,1,0.125618,0.030194,0.056148
KC,51,60,1,0.386205,0.304237,0.042376
KC_HOG,51,60,1,0.129514,0.032023,0.058494
KC,51,60,1,0.260715,0.178325,0.042966
KC_HOG,51,60,1,0.12973,0.032176,0.05818
KC,51,60,1,0.470195,0.388943,0.041565
KC_HOG,51,60,1,0.131166,0.030636,0.055148
KC,51,60,1,0.320967,0.233914,0.042876
KC_HOG,51,60,1,0.1301,0.032467,0.058196
KC,51,60,1,0.229835,0.148175,0.04254
KC_HOG,51,60,2,0.212988,0.051173,0.088689
KC,51,60,1,0.441655,0.358996,0.04317
KC_HOG,51,60,2,0.210534,0.049207,0.088006
KC,51,60,1,0.404911,0.321923,0.043309
KC_HOG,51,60,1,0.13946,0.033466,0.061033
KC,51,60,1,0.453534,0.369314,0.04471
KC_HOG,51,60,2,0.212226,0.048894,0.08431
KC,51,60,1,0.198692,0.112021,0.042724
KC_HOG,51,60,1,0.134647,0.031065,0.058089
KC,51,60,1,0.457331,0.370413,0.04299
KC_HOG,51,60,2,0.215702,0.050373,0.085665
KC,51,60,1,0.333155,0.25082,0.04292
KC_HOG,51,60,1,0.129949,0.031868,0.058592
KC,51,60,1,0.44637,0.36333,0.043214
KC_HOG,51,60,1,0.132189,0.030634,0.055654
KC,51,60,1,0.425099,0.34277,0.042989
KC_HOG,51,60,1,0.13302,0.033148,0.060238
KC,51,60,1,0.250703,0.168351,0.042903
KC_HOG,51,60,1,0.129648,0.03189,0.058415
KC,51,60,1,0.305629,0.223269,0.042993
KC_HOG,51,60,1,0.13086,0.03274,0.0586
KC,51,60,1,0.464409,0.3821,0.043166
KC_HOG,51,60,2,0.212672,0.049075,0.08434
KC,51,60,1,0.321763,0.236881,0.045585
KC_HOG,51,60,1,0.131983,0.032318,0.06035
KC,51,60,1,0.47098,0.385236,0.046089
KC_HOG,51,60,2,0.215172,0.049771,0.085282
KC,51,60,1,0.416551,0.333869,0.043306
KC_HOG,51,60,1,0.131212,0.032596,0.059371
KC,51,60,1,0.432553,0.347071,0.04592
KC_HOG,51,60,1,0.12751,0.032408,0.055726
KC,51,60,1,0.343338,0.260826,0.042927
KC_HOG,51,60,1,0.132386,0.031157,0.06184
KC,51,60,1,0.300842,0.218435,0.042943
KC_HOG,51,60,1,0.130404,0.031952,0.058978
KC,51,60,1,0.333666,0.251029,0.043005
KC_HOG,51,60,1,0.130752,0.032293,0.058921
KC,51,60,1,0.402754,0.320494,0.043022
KC_HOG,51,60,2,0.206978,0.049677,0.085624
KC,51,60,1,0.359319,0.276499,0.042984
KC_HOG,51,60,1,0.131462,0.033058,0.058961
KC,51,60,1,0.406379,0.323671,0.043095
KC_HOG,51,60,1,0.126146,0.030852,0.055852
KC,51,80,1,0.452256,0.369717,0.043064
KC_HOG,51,80,1,0.126514,0.030804,0.056323
KC,51,80,1,0.450194,0.367025,0.043424
KC_HOG,51,80,2,0.214428,0.049009,0.085569
KC,51,80,1,0.457132,0.37493,0.042831
KC_HOG,51,80,1,0.131037,0.032541,0.059161
KC,51,80,1,0.407367,0.325136,0.04316
KC_HOG,51,80,4,0.378274,0.086812,0.149992
KC,51,80,1,0.446243,0.359072,0.043362
KC_HOG,51,80,1,0.136777,0.032325,0.058773
KC,51,80,1,0.432478,0.344924,0.043315
KC_HOG,51,80,1,0.130489,0.032977,0.058289
KC,51,80,1,0.39332,0.311093,0.042927
KC_HOG,51,80,1,0.129162,0.031094,0.058741
KC,51,80,1,0.381451,0.298874,0.043198
KC_HOG,51,80,1,0.130723,0.032404,0.058862
KC,51,80,1,0.52291,0.440259,0.043352
KC_HOG,51,80,6,0.53881,0.121851,0.202409
KC,51,80,1,0.451136,0.368872,0.042967
KC_HOG,51,80,1,0.126503,0.030731,0.056279
KC,51,80,1,0.386713,0.304408,0.042826
KC_HOG,51,80,1,0.128652,0.030608,0.058912
KC,51,80,1,0.296312,0.214384,0.042699
KC_HOG,51,80,1,0.128602,0.03087,0.058366
KC,51,80,1,0.466885,0.383309,0.043491
KC_HOG,51,80,2,0.207017,0.049491,0.084996
KC,51,80,1,0.30241,0.220136,0.042794
KC_HOG,51,80,1,0.130523,0.032807,0.058163
KC,51,80,1,0.323221,0.241197,0.042773
KC_HOG,51,80,1,0.134098,0.032748,0.06189
KC,51,80,1,0.428232,0.34645,0.042603
KC_HOG,51,80,1,0.141297,0.033584,0.061473
KC,51,80,1,0.470412,0.388362,0.042919
KC_HOG,51,80,4,0.379841,0.088056,0.144427
KC,51,80,1,0.474949,0.388611,0.041654
KC_HOG,51,80,7,0.622197,0.141923,0.232115
KC,51,80,1,0.400962,0.318633,0.043245
KC_HOG,51,80,2,0.212843,0.048971,0.086039
KC,51,80,1,0.212037,0.130122,0.042553
KC_HOG,51,80,1,0.135601,0.031313,0.058422
KC,51,80,1,0.463796,0.381535,0.042864
KC_HOG,51,80,5,0.460867,0.10641,0.173744
KC,51,80,1,0.41757,0.335269,0.042824
KC_HOG,51,80,1,0.125819,0.030658,0.05568
KC,51,80,1,0.525723,0.440119,0.046172
KC_HOG,51,80,2,0.213676,0.049391,0.085158
KC,51,80,1,0.4801,0.397821,0.042964
KC_HOG,51,80,2,0.213171,0.048693,0.08636
KC,51,80,1,0.425859,0.339289,0.042848
KC_HOG,51,80,2,0.21615,0.051358,0.086604
KC,51,80,1,0.559026,0.473581,0.041525
KC_HOG,51,80,2,0.206126,0.048392,0.084676
KC,51,80,1,0.474398,0.387159,0.043244
KC_HOG,51,80,2,0.211186,0.047685,0.084905
KC,51,80,1,0.412278,0.330143,0.042745
KC_HOG,51,80,2,0.209036,0.048871,0.090226
KC,51,80,1,0.414996,0.332901,0.042889
KC_HOG,51,80,2,0.210954,0.047499,0.084223
KC,51,80,1,0.411444,0.329217,0.042936
KC_HOG,51,80,2,0.212687,0.048881,0.084531
KC,51,100,1,0.485013,0.402881,0.042624
KC_HOG,51,100,1,0.131168,0.0299,0.055478
KC,51,100,1,0.369461,0.28772,0.042603
KC_HOG,51,100,1,0.131879,0.03066,0.055523
KC,51,100,1,0.356918,0.275117,0.042661
KC_HOG,51,100,1,0.126566,0.031047,0.056004
KC,51,100,1,0.42063,0.339772,0.041168
KC_HOG,51,100,1,0.133456,0.029878,0.058156
KC,51,100,1,0.386032,0.301197,0.045437
KC_HOG,51,100,1,0.132275,0.030364,0.055568
KC,51,100,1,0.394848,0.31295,0.042543
KC_HOG,51,100,1,0.130784,0.030325,0.055069
KC,51,100,1,0.297119,0.215536,0.042341
KC_HOG,51,100,1,0.130446,0.0311,0.06008
KC,51,100,1,0.248324,0.166755,0.042331
KC_HOG,51,100,1,0.129584,0.031451,0.058967
KC,51,100,1,0.175899,0.093901,0.042513
KC_HOG,51,100,1,0.12992,0.031326,0.059411
KC,51,100,1,0.382093,0.300218,0.042579
KC_HOG,51,100,1,0.125099,0.030588,0.05553
KC,51,100,1,0.363124,0.280979,0.042602
KC_HOG,51,100,1,0.124793,0.030169,0.055516
KC,51,100,1,0.189298,0.108185,0.042137
KC_HOG,51,100,1,0.130567,0.031594,0.059526
KC,51,100,1,0.360597,0.278527,0.042851
KC_HOG,51,100,1,0.125182,0.030369,0.055561
KC,51,100,1,0.505902,0.423901,0.042688
KC_HOG,51,100,6,0.537634,0.122402,0.201411
KC,51,100,1,0.143003,0.061318,0.042155
KC_HOG,51,100,1,0.13229,0.031338,0.061747
KC,51,100,1,0.438483,0.35405,0.045383
KC_HOG,51,100,2,0.211948,0.048642,0.083846
KC,51,100,1,0.362146,0.277713,0.045215
KC_HOG,51,100,1,0.129697,0.031492,0.058989
KC,51,100,1,0.20918,0.127478,0.041982
KC_HOG,51,100,1,0.131259,0.031466,0.060401
KC,51,100,1,0.287075,0.205525,0.042361
KC_HOG,51,100,1,0.136993,0.032083,0.058759
KC,51,100,1,0.142366,0.060752,0.042121
KC_HOG,51,100,1,0.139202,0.03121,0.06244
KC,51,100,1,0.334793,0.252707,0.042499
KC_HOG,51,100,1,0.135003,0.031055,0.058714
KC,51,100,1,0.416954,0.335114,0.042536
KC_HOG,51,100,1,0.132294,0.030815,0.056072
KC,51,100,1,0.393232,0.311599,0.042515
KC_HOG,51,100,1,0.124851,0.030017,0.055665
KC,51,100,1,0.213332,0.131816,0.042233
KC_HOG,51,100,1,0.130458,0.031833,0.059143
KC,51,100,1,0.414743,0.332496,0.042791
KC_HOG,51,100,1,0.12608,0.030736,0.055985
KC,51,100,1,0.365853,0.280319,0.045716
KC_HOG,51,100,2,0.211844,0.049018,0.086743
KC,51,100,1,0.495529,0.412176,0.04369
KC_HOG,51,100,2,0.20871,0.048577,0.086045
KC,51,100,1,0.180419,0.096821,0.043457
KC_HOG,51,100,1,0.135905,0.031888,0.063352
KC,51,100,1,0.378448,0.28953,0.046775
KC_HOG,51,100,2,0.214983,0.052046,0.088082
KC,51,100,1,0.43257,0.345131,0.045099
KC_HOG,51,100,1,0.142272,0.033633,0.058463
KC,61,0,1,0.786436,0.662357,0.06476
KC_HOG,61,0,2,0.32173,0.075958,0.120991
KC,61,0,1,1.38749,1.2627,0.065114
KC_HOG,61,0,1,0.191961,0.047665,0.084436
KC,61,0,1,3.14107,3.00646,0.06487
KC_HOG,61,0,1,0.184619,0.046107,0.078894
KC,61,0,1,1.37877,1.25378,0.065306
KC_HOG,61,0,1,0.187175,0.047216,0.079745
KC,61,0,1,1.62684,1.50234,0.064951
KC_HOG,61,0,2,0.329825,0.081862,0.121361
KC,61,0,1,0.751721,0.627096,0.06454
KC_HOG,61,0,1,0.188625,0.048014,0.080569
KC,61,0,1,3.16448,3.04142,0.063116
KC_HOG,61,0,1,0.187664,0.047081,0.080595
KC,61,0,1,1.62534,1.50021,0.065443
KC_HOG,61,0,1,0.186783,0.046669,0.080092
KC,61,0,1,0.835894,0.7016,0.06504
KC_HOG,61,0,1,0.201233,0.04736,0.080202
KC,61,0,1,1.99831,1.87309,0.064826
KC_HOG,61,0,2,0.322934,0.074894,0.122404
KC,61,0,1,1.28769,1.15436,0.072743
KC_HOG,61,0,1,0.188332,0.046111,0.082795
KC,61,0,1,1.28202,1.15754,0.064574
KC_HOG,61,0,2,0.326152,0.077262,0.123296
KC,61,0,1,1.74451,1.61996,0.064694
KC_HOG,61,0,1,0.189674,0.047137,0.082787
KC,61,0,1,0.682168,0.558,0.064638
KC_HOG,61,0,5,0.695795,0.165356,0.251529
KC,61,0,1,0.384014,0.25814,0.065494
KC_HOG,61,0,2,0.337948,0.082188,0.128639
KC,61,0,1,1.05877,0.931751,0.066481
KC_HOG,61,0,1,0.202932,0.047639,0.081269
KC,61,0,1,1.46958,1.34292,0.065839
KC_HOG,61,0,5,0.693302,0.166317,0.253419
KC,61,0,1,1.29106,1.16438,0.066099
KC_HOG,61,0,2,0.328603,0.076746,0.12443
KC,61,0,1,0.757104,0.630653,0.065997
KC_HOG,61,0,8,1.07961,0.26083,0.384285
KC,61,0,1,1.16217,1.03598,0.065894
KC_HOG,61,0,1,0.190576,0.047939,0.081756
KC,61,0,1,1.03727,0.899903,0.066518
KC_HOG,61,0,1,0.203633,0.0477,0.081586
KC,61,0,1,0.555681,0.428967,0.066075
KC_HOG,61,0,1,0.199272,0.049825,0.088767
KC,61,0,1,2.01304,1.881,0.07121
KC_HOG,61,0,1,0.203769,0.048368,0.081191
KC,61,0,1,1.22895,1.09236,0.066128
KC_HOG,61,0,1,0.189547,0.047648,0.081452
KC,61,0,1,0.928398,0.801555,0.066551
KC_HOG,61,0,1,0.18954,0.046917,0.081153
KC,61,0,1,0.453207,0.327194,0.065648
KC_HOG,61,0,1,0.194202,0.050073,0.083932
KC,61,0,1,0.710205,0.583933,0.065887
KC_HOG,61,0,7,0.941889,0.226945,0.334681
KC,61,0,1,1.44345,1.30721,0.065991
KC_HOG,61,0,1,0.189614,0.04869,0.080249
KC,61,0,1,1.84438,1.71813,0.065894
KC_HOG,61,0,2,0.326425,0.076457,0.123255
KC,61,0,1,0.427402,0.29227,0.07029
KC_HOG,61,0,1,0.210926,0.055349,0.090416
KC,61,20,1,0.394327,0.262585,0.067793
KC_HOG,61,20,1,0.197798,0.049237,0.087993
KC,61,20,1,0.582096,0.456178,0.065443
KC_HOG,61,20,1,0.193968,0.05024,0.083488
KC,61,20,1,1.13443,1.00818,0.06575
KC_HOG,61,20,2,0.327881,0.077269,0.123704
KC,61,20,1,0.961185,0.822833,0.074355
KC_HOG,61,20,2,0.355178,0.084528,0.132797
KC,61,20,1,0.588923,0.462462,0.065762
KC_HOG,61,20,1,0.193771,0.049449,0.083982
KC,61,20,1,0.504095,0.378087,0.065393
KC_HOG,61,20,1,0.199316,0.049146,0.08973
KC,61,20,1,1.18602,1.05943,0.066156
KC_HOG,61,20,1,0.188219,0.047612,0.080257
KC,61,20,1,0.604816,0.479774,0.065154
KC_HOG,61,20,2,0.312571,0.076372,0.122942
KC,61,20,1,0.453843,0.328495,0.065126
KC_HOG,61,20,1,0.191384,0.047898,0.083534
KC,61,20,1,1.36527,1.23924,0.064535
KC_HOG,61,20,4,0.576969,0.135898,0.208509
KC,61,20,1,0.389616,0.264414,0.065102
KC_HOG,61,20,1,0.192005,0.048098,0.084005
KC,61,20,1,1.24394,1.1184,0.065429
KC_HOG,61,20,1,0.187793,0.047107,0.080311
KC,61,20,1,0.404719,0.273708,0.070689
KC_HOG,61,20,1,0.194686,0.049125,0.085127
KC,61,20,1,0.312158,0.187591,0.063996
KC_HOG,61,20,1,0.191798,0.049061,0.082859
KC,61,20,1,0.26679,0.142502,0.064661
KC_HOG,61,20,1,0.191204,0.0479,0.083734
KC,61,20,1,1.03023,0.905161,0.064604
KC_HOG,61,20,2,0.322869,0.075314,0.126556
KC,61,20,1,2.1466,2.021,0.065331
KC_HOG,61,20,3,0.430495,0.101908,0.169101
KC,61,20,1,0.514083,0.389812,0.064591
KC_HOG,61,20,1,0.189678,0.047228,0.082681
KC,61,20,1,1.33633,1.21237,0.064279
KC_HOG,61,20,1,0.186019,0.046879,0.079584
KC,61,20,1,1.66878,1.53627,0.072676
KC_HOG,61,20,2,0.323251,0.076469,0.121932
KC,61,20,1,0.953779,0.820145,0.069751
KC_HOG,61,20,1,0.201703,0.052278,0.085745
KC,61,20,1,1.29186,1.16674,0.064961
KC_HOG,61,20,2,0.323995,0.074875,0.122519
KC,61,20,1,1.06174,0.937656,0.063944
KC_HOG,61,20,2,0.328681,0.077497,0.124558
KC,61,20,1,0.850272,0.715707,0.065253
KC_HOG,61,20,2,0.3121,0.073089,0.122955
KC,61,20,1,0.981777,0.856066,0.064892
KC_HOG,61,20,1,0.186971,0.047278,0.079902
KC,61,20,1,1.13723,1.01154,0.065433
KC_HOG,61,20,2,0.324961,0.077494,0.121205
KC,61,20,1,0.572436,0.447664,0.064935
KC_HOG,61,20,1,0.190976,0.04891,0.082324
KC,61,20,1,1.38912,1.2642,0.065237
KC_HOG,61,20,2,0.311685,0.075771,0.122781
KC,61,20,1,1.41312,1.28723,0.065571
KC_HOG,61,20,1,0.20261,0.048175,0.080474
KC,61,20,1,0.273821,0.146816,0.06601
KC_HOG,61,20,1,0.194639,0.048072,0.08614
KC,61,40,1,1.71845,1.58806,0.069423
KC_HOG,61,40,2,0.316272,0.078034,0.124228
KC,61,40,1,0.38973,0.253822,0.065693
KC_HOG,61,40,1,0.212635,0.049949,0.088416
KC,61,40,1,0.343942,0.217181,0.065965
KC_HOG,61,40,1,0.194975,0.049339,0.084768
KC,61,40,1,0.470427,0.343004,0.06666
KC_HOG,61,40,1,0.19561,0.049084,0.085759
KC,61,40,1,1.08558,0.960971,0.063717
KC_HOG,61,40,1,0.190352,0.048466,0.081321
KC,61,40,1,1.73887,1.61193,0.066194
KC_HOG,61,40,1,0.192139,0.048615,0.082676
KC,61,40,1,0.881222,0.753867,0.066511
KC_HOG,61,40,2,0.31792,0.07849,0.124857
KC,61,40,1,1.25448,1.11637,0.066619
KC_HOG,61,40,2,0.331103,0.079491,0.123319
KC,61,40,1,0.928566,0.801787,0.06596
KC_HOG,61,40,2,0.318262,0.078707,0.12746
KC,61,40,1,0.81738,0.692269,0.064478
KC_HOG,61,40,1,0.191881,0.049104,0.081984
KC,61,40,1,1.40395,1.27831,0.064888
KC_HOG,61,40,1,0.190786,0.0491,0.080564
KC,61,40,1,1.02337,0.895371,0.067029
KC_HOG,61,40,1,0.19188,0.048698,0.082263
KC,61,40,1,1.30101,1.1598,0.069904
KC_HOG,61,40,2,0.33207,0.07944,0.122907
KC,61,40,1,0.813872,0.680456,0.072676
KC_HOG,61,40,1,0.191416,0.048716,0.081908
KC,61,40,1,0.520665,0.383148,0.066732
KC_HOG,61,40,1,0.210659,0.050426,0.085152
KC,61,40,1,0.481247,0.332235,0.071506
KC_HOG,61,40,1,0.228557,0.054563,0.092746
KC,61,40,1,0.567847,0.421337,0.069151
KC_HOG,61,40,1,0.194661,0.049203,0.08437
KC,61,40,1,0.97655,0.843101,0.0724
KC_HOG,61,40,2,0.332312,0.079263,0.124659
KC,61,40,1,0.911132,0.783359,0.067061
KC_HOG,61,40,1,0.191433,0.048616,0.081711
KC,61,40,1,0.580408,0.450835,0.0669
KC_HOG,61,40,1,0.196283,0.050585,0.084994
KC,61,40,1,0.489688,0.361961,0.066667
KC_HOG,61,40,1,0.194944,0.049026,0.084896
KC,61,40,1,1.72135,1.59307,0.066823
KC_HOG,61,40,2,0.333236,0.07853,0.125885
KC,61,40,1,1.75917,1.62011,0.067336
KC_HOG,61,40,2,0.319678,0.079362,0.125531
KC,61,40,1,2.99237,2.85359,0.067362
KC_HOG,61,40,1,0.19093,0.048482,0.081729
KC,61,40,1,0.503827,0.376493,0.066356
KC_HOG,61,40,1,0.200808,0.049198,0.090624
KC,61,40,1,0.845229,0.715908,0.068238
KC_HOG,61,40,1,0.214129,0.051086,0.084145
KC,61,40,1,1.30562,1.17796,0.065715
KC_HOG,61,40,2,0.313479,0.076229,0.1236
KC,61,40,1,0.604618,0.476456,0.067903
KC_HOG,61,40,1,0.206065,0.052637,0.089987
KC,61,40,1,0.497784,0.364524,0.069707
KC_HOG,61,40,1,0.211786,0.05284,0.095136
KC,61,40,1,1.34113,1.20754,0.06994
KC_HOG,61,40,1,0.201325,0.052308,0.085283
KC,61,60,1,0.817037,0.682899,0.070419
KC_HOG,61,60,2,0.353917,0.085542,0.131748
KC,61,60,1,0.684683,0.550176,0.070743
KC_HOG,61,60,1,0.202652,0.053431,0.085678
KC,61,60,1,0.916534,0.783003,0.069792
KC_HOG,61,60,1,0.200712,0.051177,0.085863
KC,61,60,1,1.02849,0.881869,0.070408
KC_HOG,61,60,2,0.353217,0.083922,0.139189
KC,61,60,1,0.48684,0.360948,0.065278
KC_HOG,61,60,1,0.194055,0.048898,0.085993
KC,61,60,1,1.96778,1.84332,0.064133
KC_HOG,61,60,2,0.332192,0.079705,0.12483
KC,61,60,1,0.484732,0.357497,0.066561
KC_HOG,61,60,1,0.196379,0.053277,0.08238
KC,61,60,1,1.3711,1.24383,0.066599
KC_HOG,61,60,1,0.205003,0.04951,0.080853
KC,61,60,1,0.627024,0.48984,0.066127
KC_HOG,61,60,1,0.207892,0.048729,0.084455
KC,61,60,1,1.64956,1.51285,0.065741
KC_HOG,61,60,1,0.205757,0.048235,0.082459
KC,61,60,1,0.549414,0.41046,0.067313
KC_HOG,61,60,1,0.21184,0.051669,0.085219
KC,61,60,1,4.327,4.18851,0.067043
KC_HOG,61,60,2,0.331789,0.077816,0.125629
KC,61,60,1,4.05717,3.91578,0.080443
KC_HOG,61,60,1,0.192618,0.048962,0.08245
KC,61,60,1,0.495112,0.368852,0.06498
KC_HOG,61,60,1,0.196661,0.049639,0.085565
KC,61,60,1,3.70856,3.57696,0.070347
KC_HOG,61,60,2,0.33369,0.078764,0.126145
KC,61,60,1,0.90314,0.774832,0.067436
KC_HOG,61,60,1,0.192469,0.048519,0.083096
KC,61,60,1,1.13671,1.00888,0.066914
KC_HOG,61,60,1,0.207843,0.051195,0.081615
KC,61,60,1,1.26616,1.13178,0.073127
KC_HOG,61,60,7,0.973963,0.237055,0.346584
KC,61,60,1,1.32784,1.19978,0.067136
KC_HOG,61,60,2,0.318835,0.078666,0.125631
KC,61,60,1,3.66879,3.53045,0.06706
KC_HOG,61,60,1,0.196943,0.048425,0.087772
KC,61,60,1,1.501,1.37407,0.066011
KC_HOG,61,60,5,0.698408,0.170153,0.253207
KC,61,60,1,0.527779,0.395731,0.071013
KC_HOG,61,60,1,0.197693,0.051035,0.085294
KC,61,60,1,0.837324,0.70908,0.067129
KC_HOG,61,60,1,0.191867,0.049111,0.081773
KC,61,60,1,1.21935,1.09249,0.065286
KC_HOG,61,60,2,0.333709,0.078714,0.126371
KC,61,60,1,1.20631,1.07394,0.068785
KC_HOG,61,60,1,0.192933,0.048958,0.082687
KC,61,60,1,0.463758,0.330533,0.069819
KC_HOG,61,60,1,0.207561,0.056627,0.086282
KC,61,60,1,1.32336,1.19006,0.069667
KC_HOG,61,60,2,0.35286,0.084252,0.131375
KC,61,60,1,0.875604,0.741512,0.070228
KC_HOG,61,60,2,0.352444,0.084773,0.137044
KC,61,60,1,1.68992,1.55596,0.070335
KC_HOG,61,60,2,0.333961,0.078398,0.126104
KC,61,60,1,0.553376,0.424757,0.06766
KC_HOG,61,60,1,0.196089,0.04944,0.085725
KC,61,80,1,1.17849,1.05,0.067321
KC_HOG,61,80,1,0.197719,0.049202,0.087113
KC,61,80,1,0.463249,0.334689,0.067186
KC_HOG,61,80,1,0.196851,0.050995,0.084419
KC,61,80,1,0.60874,0.480046,0.067654
KC_HOG,61,80,1,0.213978,0.052062,0.086124
KC,61,80,1,0.500215,0.371608,0.06733
KC_HOG,61,80,1,0.211306,0.055078,0.080853
KC,61,80,1,0.877158,0.74281,0.070461
KC_HOG,61,80,1,0.201296,0.051989,0.085766
KC,61,80,1,0.529245,0.39065,0.074763
KC_HOG,61,80,1,0.211547,0.050329,0.085511
KC,61,80,1,0.986,0.847648,0.067269
KC_HOG,61,80,1,0.191969,0.048658,0.082412
KC,61,80,1,0.493258,0.364825,0.067181
KC_HOG,61,80,1,0.195861,0.049494,0.084919
KC,61,80,1,0.410642,0.272107,0.067452
KC_HOG,61,80,1,0.215363,0.050359,0.089726
KC,61,80,1,0.51799,0.380314,0.066779
KC_HOG,61,80,1,0.211627,0.051008,0.085268
KC,61,80,1,0.57354,0.43474,0.067068
KC_HOG,61,80,1,0.211544,0.05127,0.085209
KC,61,80,1,1.3849,1.25626,0.067625
KC_HOG,61,80,1,0.192324,0.048576,0.082779
KC,61,80,1,0.954514,0.826554,0.066999
KC_HOG,61,80,2,0.333079,0.081828,0.122902
KC,61,80,1,1.38257,1.2552,0.066301
KC_HOG,61,80,1,0.196997,0.048743,0.08743
KC,61,80,1,0.796197,0.66815,0.067179
KC_HOG,61,80,1,0.192252,0.049014,0.082253
KC,61,80,1,0.520191,0.391669,0.067421
KC_HOG,61,80,1,0.196392,0.050245,0.084973
KC,61,80,1,1.55392,1.42579,0.067381
KC_HOG,61,80,2,0.333849,0.078837,0.126562
KC,61,80,1,1.2979,1.15887,0.06776
KC_HOG,61,80,2,0.334718,0.07995,0.125938
KC,61,80,1,0.466253,0.337431,0.067756
KC_HOG,61,80,1,0.198573,0.050626,0.086517
KC,61,80,1,0.88317,0.754042,0.067956
KC_HOG,61,80,1,0.192824,0.048754,0.082835
KC,61,80,1,1.43079,1.30114,0.068406
KC_HOG,61,80,1,0.193972,0.049288,0.083441
KC,61,80,1,0.644256,0.515706,0.066918
KC_HOG,61,80,1,0.200447,0.052305,0.086872
KC,61,80,1,1.27751,1.1484,0.06826
KC_HOG,61,80,1,0.192534,0.048981,0.08228
KC,61,80,1,3.13785,3.00888,0.067867
KC_HOG,61,80,1,0.19257,0.049308,0.082201
KC,61,80,1,0.808572,0.680422,0.067094
KC_HOG,61,80,1,0.198148,0.051281,0.086081
KC,61,80,1,1.26672,1.13944,0.066316
KC_HOG,61,80,3,0.461561,0.108921,0.170235
KC,61,80,1,1.19427,1.06756,0.06548
KC_HOG,61,80,6,0.849428,0.202087,0.303268
KC,61,80,1,0.566697,0.440873,0.064618
KC_HOG,61,80,1,0.198081,0.05066,0.086307
KC,61,80,1,1.89196,1.76339,0.067228
KC_HOG,61,80,2,0.335658,0.079929,0.126559
KC,61,80,1,0.649434,0.509401,0.068486
KC_HOG,61,80,2,0.336766,0.079536,0.127777
KC,61,100,1,0.562677,0.434823,0.066931
KC_HOG,61,100,1,0.194699,0.049489,0.083945
KC,61,100,1,0.610628,0.481537,0.067805
KC_HOG,61,100,2,0.321696,0.079512,0.127092
KC,61,100,1,0.35252,0.224138,0.067143
KC_HOG,61,100,1,0.197406,0.050625,0.086084
KC,61,100,1,0.612939,0.485033,0.066653
KC_HOG,61,100,2,0.334035,0.078373,0.126125
KC,61,100,1,0.677256,0.548354,0.067661
KC_HOG,61,100,1,0.192178,0.048972,0.081974
KC,61,100,1,0.265642,0.137447,0.067096
KC_HOG,61,100,1,0.198337,0.049869,0.087332
KC,61,100,1,0.620872,0.49231,0.067635
KC_HOG,61,100,1,0.192891,0.048618,0.082842
KC,61,100,1,0.708402,0.579505,0.067151
KC_HOG,61,100,2,0.336864,0.079786,0.127284
KC,61,100,1,0.615276,0.486634,0.067355
KC_HOG,61,100,1,0.194271,0.049271,0.083792
KC,61,100,1,0.397798,0.270393,0.066344
KC_HOG,61,100,1,0.200156,0.050202,0.088634
KC,61,100,1,0.468296,0.339788,0.067414
KC_HOG,61,100,1,0.192436,0.049207,0.082426
KC,61,100,1,0.235181,0.106513,0.067224
KC_HOG,61,100,1,0.200219,0.050104,0.08913
KC,61,100,1,0.303485,0.175864,0.066678
KC_HOG,61,100,1,0.202914,0.052175,0.089389
KC,61,100,1,0.695846,0.567302,0.067346
KC_HOG,61,100,1,0.208775,0.052908,0.080194
KC,61,100,1,0.618797,0.489643,0.067794
KC_HOG,61,100,1,0.19367,0.050138,0.08219
KC,61,100,1,0.62128,0.492847,0.067256
KC_HOG,61,100,2,0.3348,0.080068,0.126139
KC,61,100,1,0.280354,0.153025,0.066271
KC_HOG,61,100,1,0.198543,0.051157,0.086534
KC,61,100,1,0.332077,0.209632,0.061611
KC_HOG,61,100,1,0.204338,0.050512,0.092894
KC,61,100,1,0.606713,0.467937,0.067036
KC_HOG,61,100,2,0.338738,0.082144,0.126776
KC,61,100,1,0.401561,0.266673,0.073287
KC_HOG,61,100,1,0.200672,0.050885,0.088318
KC,61,100,1,0.471918,0.343562,0.066888
KC_HOG,61,100,1,0.197921,0.050058,0.086559
KC,61,100,1,0.268572,0.140908,0.066336
KC_HOG,61,100,1,0.197543,0.050368,0.086304
KC,61,100,1,0.578481,0.449986,0.067409
KC_HOG,61,100,2,0.336514,0.079414,0.1273
KC,61,100,1,0.582009,0.453892,0.067024
KC_HOG,61,100,2,0.335217,0.079102,0.128826
KC,61,100,1,0.303557,0.174843,0.067107
KC_HOG,61,100,1,0.196809,0.050041,0.085635
KC,61,100,1,0.506599,0.367699,0.066634
KC_HOG,61,100,2,0.336257,0.080946,0.126261
KC,61,100,1,0.235038,0.096362,0.066456
KC_HOG,61,100,1,0.214393,0.050332,0.088491
KC,61,100,1,0.624358,0.496731,0.066828
KC_HOG,61,100,1,0.191282,0.048348,0.082094
KC,61,100,1,0.748529,0.623257,0.064212
KC_HOG,61,100,1,0.194387,0.049381,0.084128
KC,61,100,1,0.316341,0.188001,0.067325
KC_HOG,61,100,1,0.215055,0.050545,0.088463
KC,71,0,1,1.66843,1.49514,0.091536
KC_HOG,71,0,1,0.253194,0.064319,0.106534
KC,71,0,1,1.66883,1.49561,0.091136
KC_HOG,71,0,1,0.258293,0.066022,0.109601
KC,71,0,1,0.573517,0.400023,0.091226
KC_HOG,71,0,1,0.256685,0.064542,0.109997
KC,71,0,1,1.41684,1.23939,0.09523
KC_HOG,71,0,2,0.436936,0.101326,0.163428
KC,71,0,1,2.90554,2.71414,0.109342
KC_HOG,71,0,1,0.257902,0.062982,0.112732
KC,71,0,1,2.02442,1.85204,0.090289
KC_HOG,71,0,1,0.252705,0.063309,0.107555
KC,71,0,1,1.67321,1.49864,0.092976
KC_HOG,71,0,2,0.465797,0.110209,0.171985
KC,71,0,1,1.41768,1.23786,0.093161
KC_HOG,71,0,1,0.26592,0.070547,0.109329
KC,71,0,1,0.573783,0.393456,0.09791
KC_HOG,71,0,1,0.256728,0.064786,0.109977
KC,71,0,1,0.700333,0.527439,0.090914
KC_HOG,71,0,1,0.256416,0.064873,0.10932
KC,71,0,1,0.438551,0.264846,0.091284
KC_HOG,71,0,1,0.255545,0.06632,0.107084
KC,71,0,1,1.32663,1.13862,0.091542
KC_HOG,71,0,2,0.439572,0.103151,0.163442
KC,71,0,1,0.559287,0.38603,0.09098
KC_HOG,71,0,1,0.256551,0.064894,0.109782
KC,71,0,1,2.01013,1.83353,0.094979
KC_HOG,71,0,2,0.418405,0.101791,0.162736
KC,71,0,1,4.14092,3.96769,0.091152
KC_HOG,71,0,1,0.251216,0.062989,0.106409
KC,71,0,1,0.723922,0.551774,0.090305
KC_HOG,71,0,1,0.256963,0.065294,0.109667
KC,71,0,1,1.81448,1.64215,0.090794
KC_HOG,71,0,2,0.440471,0.103114,0.164475
KC,71,0,1,0.617248,0.443879,0.091162
KC_HOG,71,0,1,0.255975,0.06726,0.106687
KC,71,0,1,0.548269,0.374898,0.091338
KC_HOG,71,0,1,0.256924,0.063555,0.111535
KC,71,0,1,1.56782,1.39654,0.089648
KC_HOG,71,0,2,0.438168,0.102594,0.16334
KC,71,0,1,1.83754,1.64967,0.106028
KC_HOG,71,0,1,0.250555,0.064625,0.104061
KC,71,0,1,1.18585,1.01338,0.09061
KC_HOG,71,0,1,0.251491,0.062989,0.106596
KC,71,0,1,1.16925,0.996418,0.09095
KC_HOG,71,0,1,0.266237,0.065711,0.11838
KC,71,0,1,0.678002,0.505483,0.090575
KC_HOG,71,0,1,0.254127,0.067254,0.104924
KC,71,0,1,2.28468,2.11172,0.091044
KC_HOG,71,0,2,0.440626,0.103474,0.163517
KC,71,0,1,1.76736,1.59461,0.090375
KC_HOG,71,0,1,0.26684,0.066683,0.117915
KC,71,0,1,0.737145,0.564102,0.091085
KC_HOG,71,0,1,0.257304,0.065352,0.109472
KC,71,0,1,1.20949,1.03592,0.091299
KC_HOG,71,0,2,0.439325,0.105285,0.16039
KC,71,0,1,2.93751,2.76386,0.091465
KC_HOG,71,0,2,0.437547,0.102365,0.169928
KC,71,0,1,0.573477,0.39993,0.091165
KC_HOG,71,0,1,0.257528,0.065602,0.109868
KC,71,20,1,1.06992,0.896649,0.090973
KC_HOG,71,20,2,0.439769,0.104148,0.162237
KC,71,20,1,0.661749,0.488202,0.091298
KC_HOG,71,20,1,0.258729,0.0655,0.110842
KC,71,20,1,2.82177,2.64893,0.090837
KC_HOG,71,20,1,0.271567,0.063395,0.107609
KC,71,20,1,1.99029,1.8125,0.09564
KC_HOG,71,20,2,0.446734,0.110129,0.173683
KC,71,20,1,2.18697,1.99901,0.099834
KC_HOG,71,20,2,0.43759,0.102027,0.171541
KC,71,20,1,2.26966,2.0928,0.09463
KC_HOG,71,20,1,0.252009,0.063531,0.105968
KC,71,20,1,0.929021,0.756053,0.090678
KC_HOG,71,20,1,0.2517,0.063332,0.106649
KC,71,20,1,1.51013,1.32341,0.091239
KC_HOG,71,20,1,0.277778,0.066117,0.111182
KC,71,20,1,2.53573,2.34782,0.091695
KC_HOG,71,20,5,0.951934,0.225803,0.343106
KC,71,20,1,0.501307,0.326964,0.09211
KC_HOG,71,20,1,0.276443,0.069382,0.106014
KC,71,20,1,2.99052,2.81299,0.095304
KC_HOG,71,20,2,0.420506,0.10268,0.16443
KC,71,20,1,2.10673,1.93635,0.088437
KC_HOG,71,20,1,0.271058,0.064347,0.106223
KC,71,20,1,0.716001,0.543193,0.090347
KC_HOG,71,20,1,0.255928,0.064006,0.109896
KC,71,20,1,1.05668,0.88366,0.091276
KC_HOG,71,20,1,0.250966,0.067693,0.10137
KC,71,20,1,1.31293,1.11584,0.093824
KC_HOG,71,20,1,0.291986,0.069587,0.114038
KC,71,20,1,0.584643,0.398034,0.09028
KC_HOG,71,20,1,0.274769,0.065174,0.109179
KC,71,20,1,0.561226,0.375371,0.090041
KC_HOG,71,20,1,0.274449,0.064235,0.109782
KC,71,20,1,1.38089,1.19379,0.090999
KC_HOG,71,20,1,0.276856,0.068555,0.108326
KC,71,20,1,2.75019,2.57674,0.091175
KC_HOG,71,20,1,0.27749,0.065907,0.111013
KC,71,20,1,1.30273,1.11597,0.091012
KC_HOG,71,20,1,0.275351,0.06578,0.109153
KC,71,20,1,0.49971,0.327204,0.090246
KC_HOG,71,20,1,0.273274,0.064292,0.108689
KC,71,20,1,3.78763,3.59608,0.095192
KC_HOG,71,20,1,0.274215,0.064274,0.108028
KC,71,20,1,1.09267,0.918945,0.091413
KC_HOG,71,20,1,0.252795,0.063774,0.106863
KC,71,20,1,1.51364,1.34041,0.091249
KC_HOG,71,20,2,0.438679,0.102824,0.163097
KC,71,20,1,0.492658,0.320656,0.089965
KC_HOG,71,20,1,0.255646,0.063777,0.109807
KC,71,20,1,2.50651,2.33483,0.089448
KC_HOG,71,20,2,0.443471,0.10335,0.165345
KC,71,20,1,1.70723,1.53582,0.08921
KC_HOG,71,20,2,0.440148,0.102333,0.164171
KC,71,20,1,0.563446,0.389753,0.09121
KC_HOG,71,20,1,0.256299,0.064393,0.109548
KC,71,20,1,2.41419,2.23703,0.095009
KC_HOG,71,20,2,0.440358,0.103478,0.163993
KC,71,20,1,1.26722,1.09389,0.091156
KC_HOG,71,20,3,0.606173,0.14226,0.219417
KC,71,40,1,1.46218,1.2897,0.090732
KC_HOG,71,40,1,0.25441,0.063688,0.108821
KC,71,40,1,1.20412,1.01673,0.091163
KC_HOG,71,40,1,0.251306,0.062926,0.106224
KC,71,40,1,0.649444,0.476811,0.090608
KC_HOG,71,40,1,0.256139,0.06454,0.109713
KC,71,40,1,1.6458,1.47228,0.091446
KC_HOG,71,40,1,0.265508,0.066477,0.116748
KC,71,40,1,2.71452,2.52447,0.093859
KC_HOG,71,40,2,0.471656,0.11237,0.173944
KC,71,40,1,1.67114,1.49742,0.091291
KC_HOG,71,40,1,0.253487,0.064228,0.106636
KC,71,40,1,0.483517,0.310757,0.090541
KC_HOG,71,40,1,0.255431,0.064134,0.109245
KC,71,40,1,2.26741,2.09352,0.091485
KC_HOG,71,40,1,0.258673,0.067227,0.10921
KC,71,40,1,1.37087,1.19319,0.095311
KC_HOG,71,40,1,0.257104,0.068691,0.106245
KC,71,40,1,1.75833,1.58475,0.091339
KC_HOG,71,40,4,0.778512,0.184253,0.277322
KC,71,40,1,0.417753,0.244326,0.091143
KC_HOG,71,40,1,0.258133,0.064302,0.111526
KC,71,40,1,2.56703,2.39325,0.091494
KC_HOG,71,40,1,0.254199,0.064534,0.107295
KC,71,40,1,1.01534,0.841401,0.091212
KC_HOG,71,40,1,0.268507,0.066714,0.117025
KC,71,40,1,1.63288,1.43851,0.097587
KC_HOG,71,40,2,0.441047,0.103654,0.163255
KC,71,40,1,0.614939,0.441265,0.091464
KC_HOG,71,40,1,0.260573,0.065144,0.113005
KC,71,40,1,0.663805,0.493471,0.087766
KC_HOG,71,40,1,0.258636,0.065786,0.110451
KC,71,40,1,0.647358,0.474003,0.090928
KC_HOG,71,40,1,0.258682,0.065782,0.110495
KC,71,40,1,1.6067,1.43252,0.091882
KC_HOG,71,40,3,0.588369,0.144361,0.216942
KC,71,40,1,1.20417,1.02986,0.091662
KC_HOG,71,40,1,0.25899,0.066312,0.110144
KC,71,40,1,0.553985,0.380424,0.091176
KC_HOG,71,40,1,0.255997,0.064295,0.109553
KC,71,40,1,0.663045,0.493423,0.087373
KC_HOG,71,40,1,0.257755,0.065406,0.11005
KC,71,40,1,2.8856,2.70916,0.094606
KC_HOG,71,40,1,0.270027,0.069357,0.113831
KC,71,40,1,1.90691,1.73273,0.091625
KC_HOG,71,40,1,0.252413,0.063837,0.106592
KC,71,40,1,0.596529,0.423651,0.090917
KC_HOG,71,40,1,0.256294,0.064065,0.110003
KC,71,40,1,2.89361,2.7202,0.091171
KC_HOG,71,40,2,0.4389,0.102576,0.163628
KC,71,40,1,2.21668,2.02597,0.108383
KC_HOG,71,40,1,0.254473,0.064138,0.107898
KC,71,40,1,0.568465,0.394118,0.091839
KC_HOG,71,40,1,0.266493,0.065791,0.117979
KC,71,40,1,1.3606,1.17702,0.09154
KC_HOG,71,40,1,0.278297,0.069036,0.108539
KC,71,40,1,0.610669,0.422514,0.09126
KC_HOG,71,40,1,0.27664,0.065113,0.110416
KC,71,40,1,0.546719,0.355977,0.090473
KC_HOG,71,40,1,0.275595,0.064853,0.110236
KC,71,60,1,0.618087,0.417826,0.096275
KC_HOG,71,60,1,0.274322,0.06554,0.107833
KC,71,60,1,1.57618,1.39844,0.095708
KC_HOG,71,60,1,0.254505,0.064441,0.107627
KC,71,60,1,0.581365,0.412754,0.086728
KC_HOG,71,60,1,0.257391,0.064791,0.110684
KC,71,60,1,2.03229,1.8581,0.092107
KC_HOG,71,60,1,0.253402,0.063732,0.107284
KC,71,60,1,0.675348,0.503081,0.089966
KC_HOG,71,60,1,0.259512,0.066124,0.110842
KC,71,60,1,1.49836,1.30883,0.092627
KC_HOG,71,60,2,0.440948,0.103177,0.16433
KC,71,60,1,0.62139,0.433613,0.091493
KC_HOG,71,60,1,0.265677,0.065653,0.118047
KC,71,60,1,1.59982,1.4262,0.091433
KC_HOG,71,60,2,0.419679,0.103164,0.162114
KC,71,60,1,0.421063,0.238292,0.086371
KC_HOG,71,60,1,0.273771,0.06398,0.109259
KC,71,60,1,0.580987,0.407017,0.091682
KC_HOG,71,60,1,0.258467,0.06524,0.110822
KC,71,60,1,1.5603,1.38579,0.091904
KC_HOG,71,60,1,0.252453,0.063842,0.106421
KC,71,60,1,0.59452,0.421375,0.091132
KC_HOG,71,60,1,0.257808,0.065287,0.110147
KC,71,60,1,1.61047,1.43405,0.094419
KC_HOG,71,60,2,0.452349,0.112333,0.174777
KC,71,60,1,0.645179,0.471504,0.091218
KC_HOG,71,60,1,0.264715,0.064455,0.117931
KC,71,60,1,0.538905,0.36506,0.091488
KC_HOG,71,60,1,0.257588,0.06453,0.110754
KC,71,60,1,0.460283,0.286092,0.091566
KC_HOG,71,60,1,0.258656,0.065347,0.11093
KC,71,60,1,1.24017,1.0526,0.090829
KC_HOG,71,60,2,0.432733,0.104695,0.173015
KC,71,60,1,3.38131,3.20771,0.091141
KC_HOG,71,60,2,0.420776,0.102518,0.171793
KC,71,60,1,0.448976,0.260931,0.091577
KC_HOG,71,60,1,0.276065,0.068409,0.10667
KC,71,60,1,2.06916,1.87713,0.095755
KC_HOG,71,60,1,0.278033,0.066975,0.109871
KC,71,60,1,0.64526,0.468426,0.094149
KC_HOG,71,60,1,0.272248,0.070359,0.115319
KC,71,60,1,0.694718,0.494808,0.096537
KC_HOG,71,60,1,0.259506,0.066124,0.110765
KC,71,60,1,1.88766,1.71821,0.087167
KC_HOG,71,60,1,0.256569,0.065406,0.108969
KC,71,60,1,1.02557,0.852379,0.090928
KC_HOG,71,60,2,0.438009,0.102788,0.162953
KC,71,60,1,0.528631,0.355549,0.091222
KC_HOG,71,60,1,0.258459,0.064393,0.111503
KC,71,60,1,0.584991,0.411127,0.091542
KC_HOG,71,60,1,0.255896,0.066904,0.106807
KC,71,60,1,2.50652,2.32857,0.095511
KC_HOG,71,60,1,0.273605,0.065048,0.10718
KC,71,60,1,0.493467,0.306066,0.090968
KC_HOG,71,60,1,0.256639,0.064943,0.109363
KC,71,60,1,1.07258,0.891419,0.098643
KC_HOG,71,60,2,0.443405,0.103993,0.165125
KC,71,60,1,0.60306,0.429115,0.091355
KC_HOG,71,60,1,0.256578,0.064164,0.110427
KC,71,80,1,1.06074,0.8862,0.092052
KC_HOG,71,80,1,0.253204,0.063896,0.106939
KC,71,80,1,1.69199,1.50387,0.091724
KC_HOG,71,80,2,0.440608,0.104885,0.162453
KC,71,80,1,1.51058,1.33676,0.091249
KC_HOG,71,80,1,0.252567,0.065977,0.104479
KC,71,80,1,1.09586,0.922378,0.091333
KC_HOG,71,80,2,0.438573,0.102574,0.163032
KC,71,80,1,1.40653,1.22109,0.090009
KC_HOG,71,80,2,0.439334,0.1029,0.163706
KC,71,80,1,2.2468,2.05938,0.091181
KC_HOG,71,80,2,0.438668,0.102755,0.163356
KC,71,80,1,1.43271,1.24981,0.100596
KC_HOG,71,80,1,0.252581,0.064156,0.106272
KC,71,80,1,0.616018,0.442555,0.091109
KC_HOG,71,80,1,0.258193,0.065787,0.110178
KC,71,80,1,2.38773,2.21652,0.088908
KC_HOG,71,80,1,0.252883,0.063956,0.10687
KC,71,80,1,1.49138,1.31808,0.091304
KC_HOG,71,80,1,0.253008,0.064218,0.106647
KC,71,80,1,0.717784,0.537129,0.098423
KC_HOG,71,80,1,0.257333,0.066604,0.108848
KC,71,80,1,1.87197,1.687,0.102632
KC_HOG,71,80,1,0.253029,0.064391,0.106347
KC,71,80,1,1.26347,1.08128,0.099862
KC_HOG,71,80,1,0.260313,0.066244,0.111794
KC,71,80,1,2.59218,2.4017,0.094074
KC_HOG,71,80,2,0.466568,0.110006,0.171994
KC,71,80,1,0.544738,0.37101,0.09124
KC_HOG,71,80,1,0.257833,0.064726,0.110628
KC,71,80,1,2.64467,2.47032,0.09166
KC_HOG,71,80,2,0.440532,0.103021,0.164013
KC,71,80,1,2.48699,2.29821,0.091902
KC_HOG,71,80,2,0.440328,0.102876,0.164052
KC,71,80,1,1.57936,1.40113,0.095565
KC_HOG,71,80,2,0.449889,0.104086,0.173129
KC,71,80,1,1.74918,1.57521,0.091964
KC_HOG,71,80,1,0.260828,0.064283,0.114565
KC,71,80,1,2.12281,1.94939,0.091442
KC_HOG,71,80,1,0.25326,0.063698,0.10761
KC,71,80,1,1.4471,1.27334,0.091354
KC_HOG,71,80,2,0.438435,0.102296,0.163371
KC,71,80,1,1.94818,1.77427,0.091538
KC_HOG,71,80,2,0.441177,0.103501,0.164572
KC,71,80,1,0.955705,0.782277,0.091431
KC_HOG,71,80,1,0.258183,0.066026,0.109798
KC,71,80,1,1.07605,0.902184,0.091527
KC_HOG,71,80,1,0.252808,0.063995,0.106712
KC,71,80,1,1.54507,1.372,0.090858
KC_HOG,71,80,1,0.252404,0.063574,0.106708
KC,71,80,1,2.76102,2.58776,0.091001
KC_HOG,71,80,2,0.437952,0.102134,0.162763
KC,71,80,1,0.548956,0.375013,0.091603
KC_HOG,71,80,1,0.265768,0.069951,0.113452
KC,71,80,1,0.561076,0.388543,0.090553
KC_HOG,71,80,1,0.258588,0.065227,0.111084
KC,71,80,1,1.29303,1.11915,0.091594
KC_HOG,71,80,2,0.439052,0.102948,0.163396
KC,71,80,1,1.18588,1.00824,0.095503
KC_HOG,71,80,1,0.29293,0.073499,0.110457
KC,71,100,1,0.735382,0.517825,0.094203
KC_HOG,71,100,1,0.258457,0.064888,0.110826
KC,71,100,1,0.323011,0.149157,0.090675
KC_HOG,71,100,1,0.260994,0.065543,0.113138
KC,71,100,1,1.70125,1.52762,0.091315
KC_HOG,71,100,2,0.422063,0.102473,0.164533
KC,71,100,1,0.951562,0.778557,0.090699
KC_HOG,71,100,2,0.422732,0.10319,0.165875
KC,71,100,1,1.08076,0.907718,0.090556
KC_HOG,71,100,2,0.42238,0.104117,0.163558
KC,71,100,1,1.42452,1.25109,0.090962
KC_HOG,71,100,2,0.44025,0.104068,0.171546
KC,71,100,1,1.07672,0.903569,0.090884
KC_HOG,71,100,1,0.253631,0.064213,0.107052
KC,71,100,1,0.894809,0.707261,0.091035
KC_HOG,71,100,2,0.423114,0.104046,0.164192
KC,71,100,1,1.30626,1.13488,0.088463
KC_HOG,71,100,1,0.253248,0.064039,0.10699
KC,71,100,1,0.356488,0.183069,0.090877
KC_HOG,71,100,1,0.25963,0.065481,0.111517
KC,71,100,1,0.333112,0.159879,0.090681
KC_HOG,71,100,1,0.278642,0.065018,0.112032
KC,71,100,1,0.805461,0.631298,0.09181
KC_HOG,71,100,1,0.25358,0.064098,0.10719
KC,71,100,1,0.555448,0.381733,0.091141
KC_HOG,71,100,1,0.261575,0.065673,0.113272
KC,71,100,1,0.25485,0.081697,0.090548
KC_HOG,71,100,1,0.260801,0.067763,0.110277
KC,71,100,1,1.31096,1.13698,0.091284
KC_HOG,71,100,1,0.254726,0.063848,0.10809
KC,71,100,1,0.94957,0.777423,0.089417
KC_HOG,71,100,2,0.42177,0.103807,0.164036
KC,71,100,1,1.18739,1.01784,0.086936
KC_HOG,71,100,7,1.27101,0.304841,0.45889
KC,71,100,1,1.42786,1.24663,0.098833
KC_HOG,71,100,1,0.299894,0.069948,0.121156
KC,71,100,1,0.370204,0.18248,0.091125
KC_HOG,71,100,1,0.27901,0.06516,0.112689
KC,71,100,1,1.74051,1.5661,0.091346
KC_HOG,71,100,2,0.440018,0.103336,0.163746
KC,71,100,1,0.525661,0.353438,0.090297
KC_HOG,71,100,1,0.259616,0.065162,0.111992
KC,71,100,1,0.636632,0.463277,0.091151
KC_HOG,71,100,1,0.25684,0.064588,0.109925
KC,71,100,1,0.53038,0.357302,0.090764
KC_HOG,71,100,1,0.259326,0.064526,0.112651
KC,71,100,1,1.95919,1.78642,0.090759
KC_HOG,71,100,1,0.271446,0.064127,0.106806
KC,71,100,1,0.50155,0.328462,0.090693
KC_HOG,71,100,1,0.276858,0.064814,0.111662
KC,71,100,1,3.04393,2.87052,0.091235
KC_HOG,71,100,1,0.25282,0.063673,0.106838
KC,71,100,1,0.393136,0.220542,0.09048
KC_HOG,71,100,1,0.258751,0.064267,0.112097
KC,71,100,1,0.363158,0.190527,0.090238
KC_HOG,71,100,1,0.257431,0.064472,0.110463
KC,71,100,1,0.494844,0.322561,0.090092
KC_HOG,71,100,1,0.278476,0.064828,0.112935
KC,71,100,1,1.00877,0.835865,0.090906
KC_HOG,71,100,1,0.270772,0.063593,0.106339
KC,81,0,1,2.92827,2.68654,0.12695
KC_HOG,81,0,1,0.348735,0.080843,0.133241
KC,81,0,1,1.88896,1.6395,0.119332
KC_HOG,81,0,1,0.339132,0.078557,0.133434
KC,81,0,1,0.686855,0.453878,0.127548
KC_HOG,81,0,1,0.321593,0.079804,0.136387
KC,81,0,1,1.37257,1.15011,0.116878
KC_HOG,81,0,1,0.32209,0.0797,0.132769
KC,81,0,1,0.796041,0.564381,0.126428
KC_HOG,81,0,1,0.341657,0.081457,0.133175
KC,81,0,1,0.999568,0.756929,0.120274
KC_HOG,81,0,1,0.342201,0.087094,0.143745
KC,81,0,1,0.682534,0.459263,0.117174
KC_HOG,81,0,1,0.346499,0.080057,0.138263
KC,81,0,1,3.43264,3.18187,0.144986
KC_HOG,81,0,2,0.555421,0.13976,0.209464
KC,81,0,1,0.613365,0.355526,0.122529
KC_HOG,81,0,1,0.373189,0.085294,0.146043
KC,81,0,1,3.54332,3.25868,0.144343
KC_HOG,81,0,1,0.341221,0.079657,0.133685
KC,81,0,1,1.67159,1.41809,0.120866
KC_HOG,81,0,1,0.346564,0.080981,0.13725
KC,81,0,1,1.25968,1.02653,0.117715
KC_HOG,81,0,1,0.356146,0.082169,0.137952
KC,81,0,1,0.624559,0.361024,0.125019
KC_HOG,81,0,1,0.38021,0.087751,0.147968
KC,81,0,1,4.91338,4.65585,0.142115
KC_HOG,81,0,1,0.359776,0.08364,0.141031
KC,81,0,1,1.53887,1.302,0.126823
KC_HOG,81,0,2,0.556697,0.131751,0.202331
KC,81,0,1,2.99707,2.75195,0.129307
KC_HOG,81,0,1,0.330571,0.08098,0.133817
KC,81,0,1,2.14384,1.88963,0.122498
KC_HOG,81,0,1,0.373921,0.09133,0.139211
KC,81,0,1,1.03519,0.774039,0.124008
KC_HOG,81,0,1,0.377751,0.088396,0.145886
KC,81,0,1,0.667738,0.416548,0.120488
KC_HOG,81,0,1,0.377726,0.087143,0.145913
KC,81,0,1,3.48661,3.25084,0.120812
KC_HOG,81,0,7,1.59065,0.349342,0.571952
KC,81,0,1,1.89791,1.6743,0.11792
KC_HOG,81,0,1,0.352086,0.078851,0.135425
KC,81,0,1,2.62407,2.35077,0.14192
KC_HOG,81,0,1,0.320481,0.079289,0.135344
KC,81,0,1,3.94297,3.70688,0.124828
KC_HOG,81,0,1,0.336205,0.087655,0.137754
KC,81,0,1,3.7842,3.53105,0.133549
KC_HOG,81,0,1,0.343914,0.079274,0.134218
KC,81,0,1,2.99022,2.75916,0.123831
KC_HOG,81,0,2,0.5316,0.116885,0.205584
KC,81,0,1,2.49615,2.27242,0.1183
KC_HOG,81,0,2,0.528782,0.130495,0.199416
KC,81,0,1,1.33556,1.10745,0.121287
KC_HOG,81,0,1,0.345565,0.088819,0.145306
KC,81,0,1,1.40969,1.18649,0.117559
KC_HOG,81,0,1,0.322654,0.080769,0.136244
KC,81,0,1,1.36768,1.14431,0.117518
KC_HOG,81,0,1,0.320864,0.079373,0.13602
KC,81,0,1,1.1986,0.975389,0.117611
KC_HOG,81,0,1,0.32206,0.080257,0.136387
KC,81,20,1,3.29355,3.07041,0.117717
KC_HOG,81,20,1,0.318027,0.079348,0.133388
KC,81,20,1,0.824836,0.601414,0.117902
KC_HOG,81,20,1,0.32259,0.080945,0.13583
KC,81,20,1,1.88358,1.6614,0.116017
KC_HOG,81,20,1,0.333743,0.082471,0.145846
KC,81,20,1,3.42937,3.20574,0.117821
KC_HOG,81,20,2,0.530151,0.129087,0.203523
KC,81,20,1,2.09328,1.86985,0.117885
KC_HOG,81,20,1,0.316848,0.08008,0.131152
KC,81,20,1,0.752072,0.52068,0.125734
KC_HOG,81,20,1,0.322746,0.079845,0.137459
KC,81,20,1,3.48872,3.26225,0.120777
KC_HOG,81,20,2,0.558418,0.139163,0.219003
KC,81,20,1,3.19752,2.94168,0.12559
KC_HOG,81,20,4,0.956263,0.219274,0.3569
KC,81,20,1,1.14938,0.925724,0.117661
KC_HOG,81,20,1,0.324242,0.082335,0.136267
KC,81,20,1,1.86275,1.63927,0.117881
KC_HOG,81,20,1,0.324654,0.081093,0.137307
KC,81,20,1,0.726107,0.502672,0.117453
KC_HOG,81,20,1,0.322719,0.080523,0.13634
KC,81,20,1,0.764504,0.540451,0.117715
KC_HOG,81,20,1,0.322713,0.080508,0.136444
KC,81,20,1,1.18579,0.961836,0.11779
KC_HOG,81,20,1,0.325689,0.087484,0.132139
KC,81,20,1,1.18627,0.962535,0.117593
KC_HOG,81,20,1,0.322617,0.084567,0.132489
KC,81,20,1,2.11607,1.89127,0.118697
KC_HOG,81,20,2,0.553307,0.12781,0.20471
KC,81,20,1,1.57732,1.35355,0.117772
KC_HOG,81,20,2,0.555122,0.128623,0.205706
KC,81,20,1,0.570371,0.347735,0.117071
KC_HOG,81,20,1,0.320811,0.078856,0.136774
KC,81,20,1,1.85489,1.61516,0.117568
KC_HOG,81,20,1,0.317242,0.080692,0.130862
KC,81,20,1,0.796944,0.570115,0.116684
KC_HOG,81,20,1,0.321707,0.079185,0.1367
KC,81,20,1,1.69798,1.47483,0.117279
KC_HOG,81,20,2,0.527239,0.124374,0.200477
KC,81,20,1,3.81262,3.57901,0.127886
KC_HOG,81,20,2,0.528969,0.131587,0.199277
KC,81,20,1,1.88772,1.66673,0.11552
KC_HOG,81,20,1,0.320938,0.079433,0.135841
KC,81,20,1,2.35266,2.13234,0.114695
KC_HOG,81,20,2,0.528731,0.126876,0.204004
KC,81,20,1,1.26782,1.04478,0.117266
KC_HOG,81,20,1,0.321456,0.079554,0.136478
KC,81,20,1,2.02988,1.80611,0.118358
KC_HOG,81,20,1,0.318908,0.079521,0.133988
KC,81,20,1,2.37276,2.14887,0.118074
KC_HOG,81,20,2,0.530113,0.128221,0.20421
KC,81,20,1,3.33057,3.1092,0.115805
KC_HOG,81,20,1,0.317642,0.079498,0.132701
KC,81,20,1,2.644,2.42079,0.118042
KC_HOG,81,20,1,0.318012,0.07923,0.133558
KC,81,20,1,2.4485,2.22481,0.118321
KC_HOG,81,20,1,0.318297,0.078819,0.133755
KC,81,20,1,1.13171,0.907655,0.118332
KC_HOG,81,20,1,0.324364,0.081412,0.137211
KC,81,40,1,1.20997,0.985052,0.118444
KC_HOG,81,40,1,0.348429,0.085322,0.134834
KC,81,40,1,0.888904,0.64757,0.117942
KC_HOG,81,40,1,0.348372,0.081603,0.137693
KC,81,40,1,1.31504,1.09125,0.117905
KC_HOG,81,40,1,0.321454,0.079416,0.136768
KC,81,40,1,2.18705,1.96367,0.117768
KC_HOG,81,40,2,0.553011,0.123177,0.214864
KC,81,40,1,0.573735,0.350608,0.117576
KC_HOG,81,40,1,0.321741,0.079793,0.136461
KC,81,40,1,0.680403,0.457936,0.117021
KC_HOG,81,40,1,0.323262,0.079829,0.13779
KC,81,40,1,2.13831,1.91494,0.117776
KC_HOG,81,40,1,0.324397,0.0814,0.13707
KC,81,40,1,1.69304,1.47196,0.114911
KC_HOG,81,40,1,0.317939,0.081347,0.131154
KC,81,40,1,2.42398,2.19969,0.1184
KC_HOG,81,40,1,0.318115,0.079439,0.133212
KC,81,40,1,2.17954,1.95598,0.117963
KC_HOG,81,40,1,0.317064,0.081133,0.130367
KC,81,40,1,3.15613,2.9325,0.118125
KC_HOG,81,40,1,0.318052,0.079172,0.133299
KC,81,40,1,0.707207,0.476072,0.116782
KC_HOG,81,40,1,0.331553,0.079355,0.137813
KC,81,40,1,1.50152,1.26947,0.117472
KC_HOG,81,40,1,0.33281,0.082963,0.135468
KC,81,40,1,1.34026,1.10711,0.118346
KC_HOG,81,40,2,0.552496,0.127271,0.204993
KC,81,40,1,1.91972,1.69045,0.123644
KC_HOG,81,40,1,0.323005,0.081294,0.136514
KC,81,40,1,2.21253,1.98928,0.117775
KC_HOG,81,40,1,0.318581,0.079574,0.132819
KC,81,40,1,2.28937,2.06554,0.117785
KC_HOG,81,40,2,0.552641,0.127784,0.204781
KC,81,40,1,1.97629,1.73037,0.123375
KC_HOG,81,40,2,0.5554,0.127913,0.206773
KC,81,40,1,4.13163,3.89074,0.117881
KC_HOG,81,40,2,0.530223,0.127581,0.204427
KC,81,40,1,1.6064,1.38273,0.117873
KC_HOG,81,40,1,0.318501,0.079485,0.132935
KC,81,40,1,2.61896,2.37907,0.133683
KC_HOG,81,40,2,0.553052,0.132435,0.199754
KC,81,40,1,2.8064,2.55679,0.143301
KC_HOG,81,40,2,0.559683,0.129078,0.206531
KC,81,40,1,6.34386,6.09299,0.142958
KC_HOG,81,40,1,0.327339,0.079185,0.141987
KC,81,40,1,2.39174,2.16999,0.114419
KC_HOG,81,40,1,0.319557,0.079718,0.134014
KC,81,40,1,5.15516,4.92488,0.124333
KC_HOG,81,40,2,0.529436,0.127451,0.204137
KC,81,40,1,0.994785,0.774087,0.114736
KC_HOG,81,40,1,0.321998,0.07972,0.136913
KC,81,40,1,1.18122,0.957312,0.118159
KC_HOG,81,40,1,0.31816,0.084213,0.128158
KC,81,40,1,1.60701,1.36921,0.115166
KC_HOG,81,40,1,0.381089,0.087279,0.156991
KC,81,40,1,1.62315,1.39006,0.120997
KC_HOG,81,40,2,0.533358,0.128385,0.20644
KC,81,40,1,2.08332,1.85896,0.118219
KC_HOG,81,40,1,0.32505,0.084059,0.134912
KC,81,60,1,1.30531,1.08124,0.118394
KC_HOG,81,60,1,0.325373,0.081821,0.13799
KC,81,60,1,1.85164,1.62803,0.118016
KC_HOG,81,60,2,0.552968,0.127989,0.205019
KC,81,60,1,1.84276,1.62514,0.11202
KC_HOG,81,60,1,0.319721,0.079718,0.134015
KC,81,60,1,1.58139,1.35689,0.118357
KC_HOG,81,60,1,0.329586,0.081366,0.142233
KC,81,60,1,2.86746,2.6397,0.1222
KC_HOG,81,60,2,0.530949,0.127653,0.205325
KC,81,60,1,1.87205,1.64352,0.122843
KC_HOG,81,60,1,0.322002,0.08054,0.136084
KC,81,60,1,1.1168,0.893826,0.117531
KC_HOG,81,60,1,0.331856,0.080837,0.145509
KC,81,60,1,3.05119,2.83114,0.114616
KC_HOG,81,60,1,0.325611,0.082204,0.13791
KC,81,60,1,1.68231,1.45897,0.117962
KC_HOG,81,60,2,0.528492,0.128036,0.202676
KC,81,60,1,2.8297,2.58867,0.135756
KC_HOG,81,60,1,0.317982,0.079057,0.133212
KC,81,60,1,0.771773,0.548927,0.117077
KC_HOG,81,60,1,0.321843,0.079703,0.136777
KC,81,60,1,1.65176,1.42766,0.118078
KC_HOG,81,60,1,0.340434,0.07923,0.133419
KC,81,60,1,1.16705,0.926143,0.117809
KC_HOG,81,60,1,0.322025,0.084864,0.131657
KC,81,60,1,2.40052,2.17638,0.118452
KC_HOG,81,60,2,0.52863,0.12619,0.20428
KC,81,60,1,1.65069,1.42671,0.118078
KC_HOG,81,60,1,0.346331,0.084488,0.133638
KC,81,60,1,1.8114,1.58238,0.123354
KC_HOG,81,60,2,0.55383,0.129292,0.213836
KC,81,60,1,1.53769,1.31675,0.115239
KC_HOG,81,60,1,0.322914,0.080854,0.136696
KC,81,60,1,0.81138,0.588668,0.117322
KC_HOG,81,60,1,0.322045,0.07969,0.136844
KC,81,60,1,3.56749,3.34393,0.117866
KC_HOG,81,60,1,0.342573,0.083608,0.133594
KC,81,60,1,0.75224,0.529368,0.117554
KC_HOG,81,60,1,0.32215,0.084361,0.132328
KC,81,60,1,1.38296,1.15999,0.117266
KC_HOG,81,60,1,0.324012,0.081857,0.136775
KC,81,60,1,1.45112,1.22692,0.118307
KC_HOG,81,60,2,0.552689,0.127552,0.205002
KC,81,60,1,2.6849,2.44943,0.112603
KC_HOG,81,60,1,0.319166,0.084721,0.128558
KC,81,60,1,2.88275,2.66398,0.113024
KC_HOG,81,60,1,0.31807,0.079125,0.133658
KC,81,60,1,2.99034,2.7676,0.117422
KC_HOG,81,60,1,0.317702,0.078626,0.133488
KC,81,60,1,2.12059,1.89806,0.117347
KC_HOG,81,60,1,0.347912,0.081681,0.138159
KC,81,60,1,1.0932,0.851667,0.118174
KC_HOG,81,60,1,0.349938,0.081176,0.140043
KC,81,60,1,2.21696,1.99345,0.118086
KC_HOG,81,60,1,0.324246,0.081589,0.136788
KC,81,60,1,2.54321,2.32489,0.112504
KC_HOG,81,60,1,0.318817,0.079581,0.133839
KC,81,60,1,1.44465,1.2158,0.12336
KC_HOG,81,60,1,0.323554,0.080842,0.136967
KC,81,80,1,2.98355,2.75937,0.118536
KC_HOG,81,80,1,0.320087,0.079647,0.134401
KC,81,80,1,0.72009,0.496215,0.117799
KC_HOG,81,80,1,0.323508,0.080349,0.137246
KC,81,80,1,0.882003,0.657535,0.118252
KC_HOG,81,80,1,0.322613,0.085226,0.131798
KC,81,80,1,1.7189,1.49537,0.117949
KC_HOG,81,80,1,0.322883,0.079956,0.137364
KC,81,80,1,2.72224,2.49825,0.11841
KC_HOG,81,80,2,0.531475,0.127366,0.205645
KC,81,80,1,2.67181,2.4301,0.118203
KC_HOG,81,80,1,0.318374,0.084009,0.12895
KC,81,80,1,2.74089,2.49743,0.12084
KC_HOG,81,80,1,0.347535,0.083841,0.135912
KC,81,80,1,2.36689,2.12624,0.117898
KC_HOG,81,80,1,0.342317,0.079401,0.134264
KC,81,80,1,1.39324,1.16833,0.118583
KC_HOG,81,80,1,0.342054,0.079608,0.134144
KC,81,80,1,2.65235,2.43265,0.113562
KC_HOG,81,80,2,0.530151,0.122119,0.215025
KC,81,80,1,2.13201,1.91388,0.112648
KC_HOG,81,80,1,0.3191,0.079874,0.133695
KC,81,80,1,1.73322,1.48774,0.123222
KC_HOG,81,80,1,0.344354,0.079399,0.136707
KC,81,80,1,2.10539,1.88243,0.117351
KC_HOG,81,80,2,0.550769,0.126327,0.204154
KC,81,80,1,4.14997,3.91258,0.114583
KC_HOG,81,80,1,0.341057,0.079119,0.133562
KC,81,80,1,0.649156,0.426446,0.117022
KC_HOG,81,80,1,0.322575,0.080293,0.13681
KC,81,80,1,4.16542,3.94121,0.118766
KC_HOG,81,80,1,0.348336,0.082462,0.138078
KC,81,80,1,3.74299,3.49936,0.137664
KC_HOG,81,80,2,0.567899,0.140259,0.214015
KC,81,80,1,3.3358,3.0943,0.11879
KC_HOG,81,80,1,0.341589,0.079483,0.133921
KC,81,80,1,1.6805,1.43896,0.118073
KC_HOG,81,80,1,0.345927,0.08096,0.137226
KC,81,80,1,3.68403,3.45987,0.118471
KC_HOG,81,80,3,0.738811,0.176319,0.282557
KC,81,80,1,1.02384,0.80046,0.117778
KC_HOG,81,80,1,0.326193,0.08357,0.136869
KC,81,80,1,2.23436,2.01057,0.118092
KC_HOG,81,80,2,0.531841,0.128224,0.205417
KC,81,80,1,1.73417,1.51198,0.116168
KC_HOG,81,80,1,0.340301,0.079069,0.133303
KC,81,80,1,2.06815,1.8462,0.116232
KC_HOG,81,80,2,0.553922,0.128808,0.205023
KC,81,80,1,1.91758,1.69323,0.118249
KC_HOG,81,80,1,0.326482,0.082918,0.138046
KC,81,80,1,2.63383,2.39496,0.130929
KC_HOG,81,80,2,0.552143,0.122843,0.204571
KC,81,80,1,2.42701,2.18554,0.118248
KC_HOG,81,80,1,0.356063,0.081705,0.145832
KC,81,80,1,3.36581,3.12524,0.118029
KC_HOG,81,80,1,0.340026,0.080797,0.131365
KC,81,80,1,1.67976,1.43898,0.118108
KC_HOG,81,80,1,0.348491,0.081744,0.138866
KC,81,80,1,2.67239,2.44859,0.118231
KC_HOG,81,80,1,0.323845,0.081455,0.136804
KC,81,100,1,0.409786,0.188028,0.116074
KC_HOG,81,100,1,0.32726,0.080952,0.140524
KC,81,100,1,0.604984,0.382766,0.116507
KC_HOG,81,100,1,0.345566,0.079864,0.137883
KC,81,100,1,1.00006,0.777309,0.117091
KC_HOG,81,100,1,0.323518,0.080051,0.137525
KC,81,100,1,1.79745,1.57505,0.116843
KC_HOG,81,100,1,0.318954,0.079228,0.134124
KC,81,100,1,2.561,2.33823,0.117072
KC_HOG,81,100,2,0.551657,0.127521,0.204273
KC,81,100,1,1.90844,1.68638,0.116413
KC_HOG,81,100,1,0.341118,0.080662,0.132305
KC,81,100,1,0.424041,0.201442,0.116709
KC_HOG,81,100,1,0.325741,0.085137,0.1349
KC,81,100,1,0.662365,0.439593,0.116937
KC_HOG,81,100,1,0.325984,0.080022,0.140173
KC,81,100,1,0.445334,0.223123,0.116557
KC_HOG,81,100,1,0.325549,0.080252,0.139666
KC,81,100,1,0.597632,0.375517,0.116435
KC_HOG,81,100,1,0.326848,0.0803,0.140462
KC,81,100,1,0.369545,0.146821,0.116613
KC_HOG,81,100,1,0.324873,0.080266,0.138925
KC,81,100,1,1.2627,1.03988,0.117309
KC_HOG,81,100,1,0.328951,0.079889,0.143602
KC,81,100,1,2.62412,2.38626,0.13178
KC_HOG,81,100,2,0.542076,0.128889,0.214447
KC,81,100,1,1.07846,0.854518,0.118183
KC_HOG,81,100,2,0.555696,0.131147,0.202883
KC,81,100,1,0.598863,0.37629,0.116739
KC_HOG,81,100,1,0.334879,0.085345,0.143626
KC,81,100,1,1.55012,1.32592,0.118046
KC_HOG,81,100,1,0.320231,0.080452,0.133736
KC,81,100,1,1.57427,1.35063,0.117589
KC_HOG,81,100,2,0.535735,0.124755,0.207119
KC,81,100,1,0.778561,0.555203,0.117092
KC_HOG,81,100,1,0.324251,0.080254,0.137971
KC,81,100,1,1.15948,0.918244,0.117872
KC_HOG,81,100,1,0.320415,0.079745,0.134666
KC,81,100,1,1.59708,1.37328,0.117596
KC_HOG,81,100,1,0.320087,0.080016,0.133913
KC,81,100,1,1.73246,1.50859,0.117572
KC_HOG,81,100,2,0.531,0.132144,0.20092
KC,81,100,1,0.572541,0.350325,0.11658
KC_HOG,81,100,1,0.333453,0.08022,0.147678
KC,81,100,1,0.965782,0.743685,0.116472
KC_HOG,81,100,2,0.531081,0.130652,0.202278
KC,81,100,1,2.15587,1.93282,0.117396
KC_HOG,81,100,1,0.318542,0.081984,0.130882
KC,81,100,1,1.63182,1.39995,0.126192
KC_HOG,81,100,1,0.329327,0.080877,0.142678
KC,81,100,1,0.656201,0.416855,0.116883
KC_HOG,81,100,1,0.325209,0.079691,0.139792
KC,81,100,1,1.54866,1.31208,0.113875
KC_HOG,81,100,2,0.554044,0.128049,0.215544
KC,81,100,1,0.38107,0.158474,0.116599
KC_HOG,81,100,1,0.328584,0.08058,0.142145
KC,81,100,1,0.441064,0.218919,0.116391
KC_HOG,81,100,1,0.329012,0.080092,0.143078
KC,81,100,1,1.23007,1.0073,0.117196
KC_HOG,81,100,1,0.322048,0.080375,0.136263
KC,91,0,1,6.5889,6.29245,0.153739
KC_HOG,91,0,2,0.661244,0.154997,0.249597
KC,91,0,1,0.81577,0.526895,0.146715
KC_HOG,91,0,1,0.407458,0.097159,0.168481
KC,91,0,1,1.92703,1.63783,0.146642
KC_HOG,91,0,1,0.406991,0.104185,0.160363
KC,91,0,1,6.34714,6.03804,0.1664
KC_HOG,91,0,1,0.392084,0.096269,0.163949
KC,91,0,1,5.26151,4.97775,0.151596
KC_HOG,91,0,1,0.417307,0.10319,0.174835
KC,91,0,1,1.62343,1.31486,0.157316
KC_HOG,91,0,1,0.401601,0.095766,0.163105
KC,91,0,1,4.06333,3.76585,0.154448
KC_HOG,91,0,1,0.393188,0.096956,0.164118
KC,91,0,1,0.93547,0.645077,0.147262
KC_HOG,91,0,1,0.408945,0.097253,0.168424
KC,91,0,1,4.40141,4.0798,0.157409
KC_HOG,91,0,2,0.678495,0.155014,0.250729
KC,91,0,1,2.98392,2.71058,0.141925
KC_HOG,91,0,1,0.393443,0.096379,0.165567
KC,91,0,1,5.29551,5.01064,0.153629
KC_HOG,91,0,1,0.39061,0.09579,0.163336
KC,91,0,1,0.592733,0.317839,0.143751
KC_HOG,91,0,1,0.394408,0.099795,0.163285
KC,91,0,1,1.70588,1.42828,0.146206
KC_HOG,91,0,1,0.393695,0.102627,0.15977
KC,91,0,1,3.03706,2.75907,0.146664
KC_HOG,91,0,1,0.395321,0.097884,0.166226
KC,91,0,1,0.840525,0.551798,0.146185
KC_HOG,91,0,1,0.405862,0.096341,0.167122
KC,91,0,1,2.49385,2.19731,0.153898
KC_HOG,91,0,1,0.408247,0.098555,0.166835
KC,91,0,1,3.74036,3.44973,0.147431
KC_HOG,91,0,2,0.687438,0.155198,0.249247
KC,91,0,1,0.914156,0.626153,0.145742
KC_HOG,91,0,1,0.405199,0.096727,0.16633
KC,91,0,1,4.07047,3.77418,0.153787
KC_HOG,91,0,1,0.401775,0.095601,0.163642
KC,91,0,1,1.50215,1.21303,0.146323
KC_HOG,91,0,1,0.406567,0.096333,0.167721
KC,91,0,1,2.37602,2.08625,0.147216
KC_HOG,91,0,2,0.650631,0.154923,0.24997
KC,91,0,1,4.38359,4.09444,0.157742
KC_HOG,91,0,1,0.406413,0.107528,0.16235
KC,91,0,1,3.48808,3.19858,0.153412
KC_HOG,91,0,2,0.679452,0.159604,0.246265
KC,91,0,1,1.7084,1.42915,0.147299
KC_HOG,91,0,1,0.397659,0.097687,0.168208
KC,91,0,1,3.38468,3.07795,0.154225
KC_HOG,91,0,2,0.678523,0.154713,0.250672
KC,91,0,1,1.47452,1.1763,0.145856
KC_HOG,91,0,1,0.396025,0.097704,0.16674
KC,91,0,1,0.886167,0.607448,0.147067
KC_HOG,91,0,1,0.3966,0.097043,0.167844
KC,91,0,1,3.64105,3.36017,0.147064
KC_HOG,91,0,2,0.677513,0.154317,0.250572
KC,91,0,1,4.59816,4.3121,0.154395
KC_HOG,91,0,3,0.907659,0.20013,0.336095
KC,91,0,1,3.89579,3.60455,0.159437
KC_HOG,91,0,4,1.21239,0.273537,0.449726
KC,91,20,1,3.05805,2.77891,0.14743
KC_HOG,91,20,1,0.390939,0.102308,0.157037
KC,91,20,1,0.763723,0.474463,0.146626
KC_HOG,91,20,1,0.407172,0.096789,0.168124
KC,91,20,1,3.26653,2.96894,0.155171
KC_HOG,91,20,1,0.401992,0.09618,0.163361
KC,91,20,1,3.85288,3.55655,0.153687
KC_HOG,91,20,3,0.940865,0.208459,0.33707
KC,91,20,1,0.759564,0.480437,0.147426
KC_HOG,91,20,1,0.397553,0.097303,0.168215
KC,91,20,1,1.10548,0.825852,0.147709
KC_HOG,91,20,1,0.397408,0.097248,0.168387
KC,91,20,1,1.03358,0.75484,0.146992
KC_HOG,91,20,1,0.408157,0.102642,0.174078
KC,91,20,1,4.45417,4.1761,0.146687
KC_HOG,91,20,2,0.855746,0.211934,0.279971
KC,91,20,1,0.789694,0.504326,0.151116
KC_HOG,91,20,1,0.401678,0.098122,0.169818
KC,91,20,1,4.09921,3.81696,0.147623
KC_HOG,91,20,1,0.402714,0.099361,0.168908
KC,91,20,1,7.07225,6.75778,0.17951
KC_HOG,91,20,2,0.681271,0.142661,0.252641
KC,91,20,1,2.53634,2.25541,0.148103
KC_HOG,91,20,2,0.655496,0.156289,0.263775
KC,91,20,1,3.20705,2.92158,0.153217
KC_HOG,91,20,6,1.79552,0.410941,0.631491
KC,91,20,1,3.78176,3.4954,0.154425
KC_HOG,91,20,2,0.678452,0.15482,0.250693
KC,91,20,1,2.64647,2.35354,0.161201
KC_HOG,91,20,1,0.400527,0.099946,0.17407
KC,91,20,1,5.60751,5.32854,0.147439
KC_HOG,91,20,1,0.398586,0.09926,0.168189
KC,91,20,1,4.69096,4.4125,0.147027
KC_HOG,91,20,4,1.26648,0.30582,0.449882
KC,91,20,1,1.01331,0.717148,0.155849
KC_HOG,91,20,1,0.427781,0.105202,0.181531
KC,91,20,1,3.66441,3.38429,0.147979
KC_HOG,91,20,2,0.652927,0.156221,0.262366
KC,91,20,1,2.73322,2.43203,0.148575
KC_HOG,91,20,2,0.681102,0.155657,0.251989
KC,91,20,1,1.96048,1.68076,0.147434
KC_HOG,91,20,1,0.396922,0.097139,0.167762
KC,91,20,1,2.54882,2.27372,0.143063
KC_HOG,91,20,2,0.683778,0.156128,0.253657
KC,91,20,1,0.712007,0.433916,0.146354
KC_HOG,91,20,1,0.395887,0.096684,0.16771
KC,91,20,1,0.843401,0.564817,0.146886
KC_HOG,91,20,1,0.397333,0.102967,0.162627
KC,91,20,1,0.875675,0.59748,0.146672
KC_HOG,91,20,1,0.397855,0.096348,0.169885
KC,91,20,1,3.67559,3.39637,0.147785
KC_HOG,91,20,2,0.692671,0.159608,0.259395
KC,91,20,1,2.65408,2.36736,0.155171
KC_HOG,91,20,1,0.395974,0.097876,0.166602
KC,91,20,1,0.859194,0.58095,0.146624
KC_HOG,91,20,1,0.396959,0.101323,0.164081
KC,91,20,1,5.2178,4.93833,0.147998
KC_HOG,91,20,1,0.392181,0.096442,0.163806
KC,91,20,1,2.48891,2.20896,0.147921
KC_HOG,91,20,2,0.662955,0.154566,0.262664
KC,91,40,1,8.60296,8.3255,0.145937
KC_HOG,91,40,1,0.391964,0.096636,0.163791
KC,91,40,1,2.22643,1.94861,0.146338
KC_HOG,91,40,1,0.396254,0.098092,0.166478
KC,91,40,1,4.11957,3.83978,0.147886
KC_HOG,91,40,1,0.392887,0.09682,0.164116
KC,91,40,1,0.796453,0.516837,0.147615
KC_HOG,91,40,1,0.399038,0.097333,0.169856
KC,91,40,1,3.40365,3.12418,0.147495
KC_HOG,91,40,1,0.395442,0.097589,0.16612
KC,91,40,1,3.45765,3.17802,0.148076
KC_HOG,91,40,2,0.663935,0.155478,0.261956
KC,91,40,1,3.47312,3.19464,0.146923
KC_HOG,91,40,2,0.689935,0.154582,0.262444
KC,91,40,1,2.01615,1.73637,0.147671
KC_HOG,91,40,1,0.396958,0.096618,0.168644
KC,91,40,1,2.45891,2.1785,0.148025
KC_HOG,91,40,1,0.390375,0.098899,0.160065
KC,91,40,1,1.99162,1.71309,0.147003
KC_HOG,91,40,1,0.398207,0.099735,0.166926
KC,91,40,1,5.02668,4.7344,0.160421
KC_HOG,91,40,1,0.391848,0.096448,0.163549
KC,91,40,1,3.13467,2.85489,0.148014
KC_HOG,91,40,1,0.391444,0.096273,0.163243
KC,91,40,1,2.63217,2.33281,0.167736
KC_HOG,91,40,1,0.39613,0.098014,0.16664
KC,91,40,1,4.70607,4.41969,0.154655
KC_HOG,91,40,1,0.393314,0.101277,0.159925
KC,91,40,1,3.65924,3.38433,0.14286
KC_HOG,91,40,2,0.652268,0.156386,0.249626
KC,91,40,1,2.50196,2.22192,0.148356
KC_HOG,91,40,1,0.389398,0.1,0.157928
KC,91,40,1,1.64173,1.36281,0.14729
KC_HOG,91,40,1,0.394518,0.096376,0.166631
KC,91,40,1,1.6098,1.33254,0.145711
KC_HOG,91,40,1,0.396866,0.097761,0.167468
KC,91,40,1,4.48553,4.21238,0.141446
KC_HOG,91,40,1,0.392514,0.096498,0.164116
KC,91,40,1,2.86057,2.5805,0.14746
KC_HOG,91,40,1,0.395876,0.097776,0.166593
KC,91,40,1,5.13139,4.84589,0.15377
KC_HOG,91,40,2,0.663232,0.14819,0.261898
KC,91,40,1,5.21621,4.92839,0.155961
KC_HOG,91,40,2,0.665287,0.155189,0.26339
KC,91,40,1,2.28402,1.98415,0.147633
KC_HOG,91,40,2,0.664392,0.155466,0.262666
KC,91,40,1,3.57381,3.29759,0.144294
KC_HOG,91,40,2,0.680941,0.15526,0.25149
KC,91,40,1,0.808615,0.531998,0.144851
KC_HOG,91,40,1,0.397643,0.097148,0.168639
KC,91,40,1,1.9461,1.66369,0.150416
KC_HOG,91,40,1,0.398847,0.098142,0.16872
KC,91,40,1,1.4779,1.19879,0.146969
KC_HOG,91,40,1,0.39668,0.097281,0.167983
KC,91,40,1,3.69016,3.40661,0.151916
KC_HOG,91,40,1,0.394647,0.097385,0.164796
KC,91,40,1,5.72913,5.44258,0.154525
KC_HOG,91,40,2,0.67843,0.154484,0.250401
KC,91,40,1,3.48739,3.18089,0.15443
KC_HOG,91,40,2,0.709101,0.170947,0.285245
KC,91,60,1,3.02705,2.73328,0.153181
KC_HOG,91,60,1,0.41766,0.096065,0.16329
KC,91,60,1,2.7594,2.48036,0.147362
KC_HOG,91,60,7,1.95939,0.446564,0.687541
KC,91,60,1,1.68149,1.40208,0.147603
KC_HOG,91,60,1,0.396877,0.098423,0.166722
KC,91,60,1,2.26242,1.98346,0.147279
KC_HOG,91,60,1,0.395644,0.097378,0.166608
KC,91,60,1,1.73225,1.45232,0.148249
KC_HOG,91,60,1,0.396413,0.098072,0.166722
KC,91,60,1,2.79278,2.51508,0.145991
KC_HOG,91,60,1,0.399765,0.099141,0.168068
KC,91,60,1,3.52716,3.24634,0.148681
KC_HOG,91,60,1,0.394154,0.096965,0.164957
KC,91,60,1,2.11361,1.83287,0.148594
KC_HOG,91,60,1,0.39368,0.096691,0.164796
KC,91,60,1,3.07014,2.78537,0.152725
KC_HOG,91,60,2,0.75516,0.17002,0.287664
KC,91,60,1,2.71168,2.43187,0.147987
KC_HOG,91,60,1,0.404609,0.097604,0.175178
KC,91,60,1,3.19284,2.91502,0.145953
KC_HOG,91,60,1,0.39293,0.097051,0.163983
KC,91,60,1,4.14711,3.86649,0.148395
KC_HOG,91,60,2,0.678361,0.155447,0.250077
KC,91,60,1,1.97033,1.69096,0.147544
KC_HOG,91,60,2,0.67792,0.160427,0.24488
KC,91,60,1,3.07485,2.79088,0.152321
KC_HOG,91,60,1,0.396359,0.097877,0.166905
KC,91,60,1,4.9518,4.67224,0.148006
KC_HOG,91,60,1,0.390928,0.096166,0.163254
KC,91,60,1,0.75324,0.474661,0.146833
KC_HOG,91,60,1,0.396427,0.097167,0.167641
KC,91,60,1,4.51674,4.23758,0.147406
KC_HOG,91,60,2,0.663288,0.154532,0.262323
KC,91,60,1,3.06833,2.78886,0.148023
KC_HOG,91,60,1,0.391507,0.096164,0.163684
KC,91,60,1,4.72104,4.435,0.154403
KC_HOG,91,60,2,0.678308,0.160144,0.245072
KC,91,60,1,2.80503,2.52494,0.148324
KC_HOG,91,60,1,0.393652,0.096933,0.163695
KC,91,60,1,0.843973,0.565378,0.146808
KC_HOG,91,60,1,0.397967,0.096878,0.1693
KC,91,60,1,2.3284,2.04994,0.14668
KC_HOG,91,60,1,0.398092,0.099373,0.166559
KC,91,60,1,2.76744,2.47993,0.155254
KC_HOG,91,60,1,0.394934,0.102765,0.16023
KC,91,60,1,2.16196,1.88236,0.147827
KC_HOG,91,60,1,0.396802,0.097602,0.167631
KC,91,60,1,0.40848,0.131101,0.145478
KC_HOG,91,60,1,0.400763,0.103884,0.165069
KC,91,60,1,7.73534,7.44971,0.153925
KC_HOG,91,60,2,0.693651,0.156245,0.263607
KC,91,60,1,1.59623,1.313,0.151134
KC_HOG,91,60,1,0.427786,0.105145,0.180444
KC,91,60,1,2.0758,1.79447,0.14898
KC_HOG,91,60,1,0.394336,0.097348,0.164712
KC,91,60,1,5.595,5.30554,0.15619
KC_HOG,91,60,1,0.423828,0.105284,0.177309
KC,91,60,1,3.3261,3.02282,0.160787
KC_HOG,91,60,2,0.679639,0.161884,0.244175
KC,91,80,1,4.18887,3.90819,0.148923
KC_HOG,91,80,8,2.23234,0.513622,0.816389
KC,91,80,1,2.79934,2.51802,0.149397
KC_HOG,91,80,1,0.392239,0.096721,0.163687
KC,91,80,1,4.09358,3.81363,0.148137
KC_HOG,91,80,1,0.40871,0.099178,0.177802
KC,91,80,1,3.29269,2.99859,0.16186
KC_HOG,91,80,1,0.392691,0.097123,0.163771
KC,91,80,1,2.00465,1.72495,0.14792
KC_HOG,91,80,1,0.397974,0.097742,0.167715
KC,91,80,1,3.67472,3.38538,0.157113
KC_HOG,91,80,1,0.394529,0.096871,0.165282
KC,91,80,1,2.49912,2.21823,0.148293
KC_HOG,91,80,1,0.398821,0.099368,0.167459
KC,91,80,1,1.66787,1.37816,0.146154
KC_HOG,91,80,1,0.408938,0.098161,0.167149
KC,91,80,1,0.483984,0.15837,0.17192
KC_HOG,91,80,1,0.44512,0.106751,0.186721
KC,91,80,1,4.99464,4.69508,0.155225
KC_HOG,91,80,1,0.412926,0.103623,0.164766
KC,91,80,1,3.09538,2.801,0.150157
KC_HOG,91,80,2,0.695784,0.157409,0.251949
KC,91,80,1,1.71989,1.42169,0.154162
KC_HOG,91,80,1,0.441753,0.106794,0.181853
KC,91,80,1,2.80191,2.50888,0.14906
KC_HOG,91,80,2,0.652117,0.156991,0.249061
KC,91,80,1,4.90662,4.62627,0.148141
KC_HOG,91,80,2,0.679863,0.155259,0.251338
KC,91,80,1,5.46854,5.18188,0.154557
KC_HOG,91,80,1,0.394335,0.097697,0.164285
KC,91,80,1,2.14492,1.85751,0.155119
KC_HOG,91,80,1,0.409584,0.098243,0.179507
KC,91,80,1,3.35782,3.07756,0.148277
KC_HOG,91,80,1,0.401515,0.101046,0.168818
KC,91,80,1,2.71981,2.43941,0.148119
KC_HOG,91,80,3,0.928576,0.215617,0.351469
KC,91,80,1,4.28368,3.99607,0.155517
KC_HOG,91,80,6,1.71214,0.397899,0.618036
KC,91,80,1,2.37826,2.09337,0.152881
KC_HOG,91,80,1,0.396755,0.097471,0.167525
KC,91,80,1,1.99455,1.71514,0.147867
KC_HOG,91,80,1,0.411225,0.098848,0.180524
KC,91,80,1,1.77421,1.50164,0.141029
KC_HOG,91,80,1,0.395528,0.096889,0.166788
KC,91,80,1,5.38607,5.10326,0.150805
KC_HOG,91,80,1,0.407336,0.097489,0.177325
KC,91,80,1,3.96355,3.68167,0.149401
KC_HOG,91,80,2,0.687577,0.156608,0.25469
KC,91,80,1,1.96208,1.6794,0.149795
KC_HOG,91,80,1,0.401133,0.099493,0.168509
KC,91,80,1,2.88612,2.56269,0.154532
KC_HOG,91,80,1,0.427814,0.100311,0.167888
KC,91,80,1,2.7524,2.46958,0.14958
KC_HOG,91,80,1,0.408313,0.097622,0.177825
KC,91,80,1,5.41328,5.12493,0.155641
KC_HOG,91,80,1,0.404769,0.103006,0.169536
KC,91,80,1,0.819681,0.540144,0.147314
KC_HOG,91,80,1,0.400405,0.098098,0.169327
KC,91,80,1,2.33068,2.04838,0.149632
KC_HOG,91,80,1,0.392968,0.096447,0.164394
KC,91,100,1,1.24744,0.960765,0.15428
KC_HOG,91,100,1,0.399136,0.098001,0.169243
KC,91,100,1,0.896412,0.616148,0.147472
KC_HOG,91,100,1,0.399436,0.098189,0.169206
KC,91,100,1,1.39517,1.11688,0.14563
KC_HOG,91,100,1,0.402998,0.098674,0.170144
KC,91,100,1,2.90053,2.62122,0.146406
KC_HOG,91,100,3,1.00128,0.224832,0.344942
KC,91,100,1,1.2107,0.936363,0.14188
KC_HOG,91,100,1,0.394895,0.101958,0.160607
KC,91,100,1,0.641781,0.361876,0.147256
KC_HOG,91,100,1,0.401623,0.097877,0.171451
KC,91,100,1,2.88783,2.60874,0.147002
KC_HOG,91,100,2,0.65344,0.155073,0.251515
KC,91,100,1,0.724521,0.444364,0.145773
KC_HOG,91,100,1,0.397744,0.098297,0.165889
KC,91,100,1,1.48449,1.20487,0.147291
KC_HOG,91,100,1,0.399164,0.098163,0.168316
KC,91,100,1,1.23294,0.940695,0.159231
KC_HOG,91,100,1,0.400912,0.097719,0.171126
KC,91,100,1,2.23216,1.94495,0.155001
KC_HOG,91,100,1,0.426988,0.106965,0.176789
KC,91,100,1,0.980359,0.695337,0.150325
KC_HOG,91,100,1,0.404797,0.099988,0.169354
KC,91,100,1,0.661121,0.225594,0.177292
KC_HOG,91,100,1,0.418343,0.09845,0.187411
KC,91,100,1,1.7773,1.49724,0.147437
KC_HOG,91,100,1,0.395462,0.099814,0.163373
KC,91,100,1,0.548629,0.272747,0.143619
KC_HOG,91,100,1,0.403186,0.098782,0.171835
KC,91,100,1,1.24718,0.967702,0.147051
KC_HOG,91,100,1,0.401197,0.098033,0.176659
KC,91,100,1,0.745286,0.465092,0.146591
KC_HOG,91,100,1,0.402344,0.098403,0.171654
KC,91,100,1,2.06357,1.78468,0.147046
KC_HOG,91,100,1,0.404844,0.096957,0.176246
KC,91,100,1,4.17509,3.90129,0.141808
KC_HOG,91,100,2,0.678115,0.153994,0.262468
KC,91,100,1,1.08821,0.809872,0.146369
KC_HOG,91,100,1,0.398004,0.097541,0.168404
KC,91,100,1,2.34259,2.04314,0.146893
KC_HOG,91,100,2,0.653196,0.14897,0.25375
KC,91,100,1,1.20701,0.931327,0.143767
KC_HOG,91,100,1,0.396161,0.097261,0.167051
KC,91,100,1,3.74252,3.46361,0.146966
KC_HOG,91,100,2,0.67992,0.14862,0.251582
KC,91,100,1,2.37581,2.09031,0.153593
KC_HOG,91,100,2,0.692319,0.155525,0.263193
KC,91,100,1,2.24289,1.96447,0.146534
KC_HOG,91,100,4,1.20359,0.26323,0.450586
KC,91,100,1,1.38034,1.10388,0.144373
KC_HOG,91,100,1,0.398005,0.09741,0.168682
KC,91,100,1,0.385,0.107867,0.145256
KC_HOG,91,100,1,0.419435,0.098281,0.189091
KC,91,100,1,0.668081,0.390198,0.145815
KC_HOG,91,100,1,0.399244,0.097611,0.169491
KC,91,100,1,0.732547,0.454486,0.146237
KC_HOG,91,100,1,0.399952,0.097916,0.170107
KC,91,100,1,0.781214,0.501741,0.147092
KC_HOG,91,100,1,0.413352,0.098612,0.182443
