BA,1,0,3,0.61715,0.61635,0.000451
KCU,1,0,2,0.01531,0.014298,0.000455
BA,1,0,4,0.039235,0.038418,0.000448
KCU,1,0,3,0.012889,0.012085,0.000322
BA,1,0,2,0.008891,0.008571,0.000186
KCU,1,0,1,0.004667,0.004295,0.000163
BA,1,0,3,0.017358,0.016789,0.000332
KCU,1,0,1,0.004426,0.004061,0.000169
BA,1,0,3,0.018261,0.017665,0.000349
KCU,1,0,1,0.00516,0.004802,0.000161
BA,1,0,3,0.019439,0.01886,0.000322
KCU,1,0,1,0.004818,0.004476,0.000154
BA,1,0,3,0.019136,0.018543,0.000335
KCU,1,0,2,0.007518,0.006901,0.00025
BA,1,0,2,0.009379,0.009024,0.000218
KCU,1,0,1,0.004897,0.004539,0.000152
BA,1,0,3,0.020201,0.019632,0.000334
KCU,1,0,2,0.007614,0.00698,0.000234
BA,1,0,3,0.01794,0.017396,0.000307
KCU,1,0,2,0.007431,0.006846,0.000244
BA,1,0,4,0.034777,0.034005,0.000445
KCU,1,0,3,0.011283,0.010446,0.000327
BA,1,0,3,0.019567,0.018957,0.000362
KCU,1,0,2,0.007575,0.006972,0.000252
BA,1,0,3,0.017662,0.017096,0.000324
KCU,1,0,1,0.004676,0.004341,0.000153
BA,1,0,3,0.019938,0.019396,0.000304
KCU,1,0,1,0.004101,0.003769,0.000154
BA,1,0,2,0.009445,0.009069,0.000237
KCU,1,0,1,0.004753,0.004368,0.000165
BA,1,0,2,0.009262,0.008893,0.000223
KCU,1,0,1,0.004476,0.004115,0.000163
BA,1,0,3,0.018834,0.018253,0.000335
KCU,1,0,1,0.004917,0.004565,0.000154
BA,1,0,3,0.019678,0.019081,0.000334
KCU,1,0,1,0.005071,0.00468,0.000156
BA,1,0,2,0.008826,0.008491,0.000199
KCU,1,0,1,0.005006,0.004648,0.000161
BA,1,0,4,0.033668,0.032905,0.000427
KCU,1,0,3,0.013665,0.012776,0.000334
BA,1,0,2,0.0088,0.008412,0.000214
KCU,1,0,1,0.004924,0.004567,0.000156
BA,1,0,4,0.033234,0.0325,0.000414
KCU,1,0,3,0.010505,0.009661,0.000333
BA,1,0,4,0.034482,0.033739,0.000427
KCU,1,0,2,0.010505,0.009826,0.000274
BA,1,0,4,0.033718,0.032907,0.000453
KCU,1,0,3,0.010621,0.009741,0.000345
BA,1,0,4,0.037253,0.03645,0.000473
KCU,1,0,3,0.012098,0.01125,0.000331
BA,1,0,4,0.033836,0.033022,0.000475
KCU,1,0,3,0.012498,0.011651,0.000327
BA,1,0,4,0.033056,0.032209,0.000505
KCU,1,0,3,0.013579,0.012659,0.000376
BA,1,0,2,0.009549,0.009141,0.000239
KCU,1,0,1,0.004824,0.004481,0.000156
BA,1,0,2,0.008434,0.00808,0.000216
KCU,1,0,1,0.004212,0.003868,0.000165
BA,1,0,3,0.01806,0.017474,0.000333
KCU,1,0,2,0.007444,0.006847,0.000243
BA,1,20,3,0.019412,0.018791,0.000374
KCU,1,20,2,0.008917,0.008309,0.000245
BA,1,20,3,0.017365,0.016774,0.000356
KCU,1,20,1,0.004791,0.00443,0.000155
BA,1,20,4,0.032605,0.031853,0.000441
KCU,1,20,3,0.012346,0.011464,0.000344
BA,1,20,3,0.016863,0.016329,0.000328
KCU,1,20,1,0.004901,0.004545,0.00016
BA,1,20,2,0.009165,0.008828,0.000213
KCU,1,20,1,0.005015,0.004616,0.000169
BA,1,20,3,0.01763,0.017058,0.00033
KCU,1,20,1,0.004466,0.004086,0.000162
BA,1,20,4,0.032856,0.032036,0.000457
KCU,1,20,3,0.011247,0.010383,0.00033
BA,1,20,2,0.008298,0.007962,0.00021
KCU,1,20,1,0.005208,0.004814,0.000156
BA,1,20,3,0.016716,0.01619,0.000314
KCU,1,20,1,0.004502,0.00415,0.000155
BA,1,20,2,0.009549,0.009188,0.000224
KCU,1,20,1,0.004839,0.004488,0.000154
BA,1,20,4,0.033643,0.032822,0.000488
KCU,1,20,3,0.013512,0.012616,0.00035
BA,1,20,4,0.033347,0.032514,0.000491
KCU,1,20,3,0.012455,0.011569,0.000353
BA,1,20,4,0.031533,0.030721,0.000473
KCU,1,20,3,0.013742,0.012825,0.000342
BA,1,20,4,0.033476,0.032597,0.00053
KCU,1,20,3,0.011644,0.010761,0.000342
BA,1,20,3,0.019092,0.0185,0.000345
KCU,1,20,1,0.005049,0.004651,0.000173
BA,1,20,3,0.016743,0.016189,0.000334
KCU,1,20,1,0.004527,0.004146,0.000158
BA,1,20,3,0.017237,0.016693,0.000319
KCU,1,20,1,0.004852,0.004478,0.000161
BA,1,20,3,0.019256,0.018636,0.000349
KCU,1,20,1,0.004903,0.004523,0.000165
BA,1,20,2,0.009759,0.009336,0.000272
KCU,1,20,1,0.004962,0.004571,0.000166
BA,1,20,3,0.018501,0.01793,0.000338
KCU,1,20,1,0.004848,0.004459,0.000162
BA,1,20,3,0.020307,0.019733,0.000356
KCU,1,20,2,0.007655,0.007029,0.000243
BA,1,20,3,0.022245,0.021667,0.000356
KCU,1,20,1,0.005003,0.004614,0.000172
BA,1,20,2,0.008791,0.00844,0.000206
KCU,1,20,1,0.004773,0.004397,0.000165
BA,1,20,4,0.03294,0.032164,0.000455
KCU,1,20,3,0.012897,0.01197,0.000346
BA,1,20,3,0.01938,0.018789,0.000355
KCU,1,20,1,0.005181,0.004815,0.000155
BA,1,20,4,0.03131,0.030579,0.000414
KCU,1,20,3,0.011803,0.010954,0.00034
BA,1,20,3,0.017612,0.017035,0.000334
KCU,1,20,1,0.004995,0.004624,0.000155
BA,1,20,2,0.008875,0.0085,0.000223
KCU,1,20,1,0.005173,0.004794,0.000158
BA,1,20,4,0.035387,0.034613,0.000437
KCU,1,20,3,0.011826,0.010924,0.000363
BA,1,20,3,0.020184,0.019605,0.000339
KCU,1,20,2,0.008752,0.008112,0.000263
BA,1,40,3,0.017452,0.016868,0.00034
KCU,1,40,1,0.004695,0.004334,0.000155
BA,1,40,3,0.01862,0.018075,0.000299
KCU,1,40,1,0.004807,0.004447,0.000161
BA,1,40,4,0.033786,0.032991,0.00047
KCU,1,40,3,0.012965,0.012085,0.000341
BA,1,40,3,0.020567,0.019986,0.000344
KCU,1,40,1,0.004658,0.004295,0.000157
BA,1,40,2,0.009412,0.009072,0.000202
KCU,1,40,1,0.004885,0.004535,0.000153
BA,1,40,3,0.018457,0.01788,0.000344
KCU,1,40,2,0.00742,0.006826,0.000239
BA,1,40,3,0.018036,0.017453,0.000345
KCU,1,40,2,0.008033,0.00737,0.000257
BA,1,40,4,0.032744,0.031854,0.000518
KCU,1,40,3,0.012478,0.011588,0.00034
BA,1,40,2,0.008426,0.008085,0.000208
KCU,1,40,1,0.004451,0.004107,0.00015
BA,1,40,3,0.02036,0.019755,0.000346
KCU,1,40,1,0.004415,0.004078,0.000157
BA,1,40,2,0.009773,0.009391,0.000238
KCU,1,40,1,0.005004,0.004631,0.000165
BA,1,40,3,0.019092,0.018512,0.000344
KCU,1,40,1,0.0052,0.004732,0.000174
BA,1,40,4,0.034086,0.033241,0.000501
KCU,1,40,3,0.012958,0.012064,0.000329
BA,1,40,4,0.033907,0.033052,0.000503
KCU,1,40,3,0.012573,0.011686,0.000337
BA,1,40,4,0.032087,0.031272,0.000492
KCU,1,40,3,0.011024,0.010158,0.000356
BA,1,40,3,0.019325,0.01874,0.000338
KCU,1,40,2,0.007841,0.007225,0.000246
BA,1,40,4,0.035116,0.034278,0.000515
KCU,1,40,3,0.012803,0.011893,0.000337
BA,1,40,4,0.034502,0.033706,0.000465
KCU,1,40,3,0.012918,0.012088,0.000326
BA,1,40,2,0.009086,0.008732,0.000222
KCU,1,40,1,0.005397,0.004993,0.000169
BA,1,40,3,0.017871,0.017267,0.000356
KCU,1,40,2,0.007888,0.007284,0.000238
BA,1,40,4,0.032248,0.031409,0.000484
KCU,1,40,3,0.012589,0.011735,0.000326
BA,1,40,3,0.020214,0.019678,0.000308
KCU,1,40,1,0.004783,0.00442,0.000164
BA,1,40,2,0.008464,0.008133,0.000206
KCU,1,40,1,0.004456,0.004111,0.000148
BA,1,40,3,0.019735,0.019124,0.00037
KCU,1,40,1,0.004485,0.004128,0.000168
BA,1,40,2,0.009001,0.008646,0.000222
KCU,1,40,1,0.004777,0.004404,0.000155
BA,1,40,2,0.008766,0.008394,0.000236
KCU,1,40,1,0.004484,0.004115,0.000164
BA,1,40,4,0.035067,0.034255,0.000475
KCU,1,40,3,0.011056,0.009987,0.000552
BA,1,40,3,0.019677,0.019062,0.000369
KCU,1,40,2,0.007954,0.007364,0.000237
BA,1,40,3,0.018423,0.017867,0.000328
KCU,1,40,1,0.004475,0.004105,0.000161
BA,1,40,2,0.009936,0.009565,0.000236
KCU,1,40,1,0.00461,0.004244,0.000157
BA,1,60,3,0.018567,0.01797,0.000329
KCU,1,60,1,0.005466,0.005074,0.000168
BA,1,60,3,0.019908,0.019356,0.000326
KCU,1,60,2,0.007789,0.00713,0.000274
BA,1,60,4,0.03238,0.031601,0.000454
KCU,1,60,3,0.012873,0.012016,0.000338
BA,1,60,3,0.018437,0.017869,0.000346
KCU,1,60,1,0.004697,0.00434,0.000165
BA,1,60,2,0.009173,0.008815,0.000224
KCU,1,60,1,0.005109,0.004721,0.000168
BA,1,60,2,0.009676,0.009305,0.000233
KCU,1,60,1,0.005023,0.004606,0.000177
BA,1,60,3,0.017651,0.017056,0.000337
KCU,1,60,1,0.005224,0.004852,0.000158
BA,1,60,3,0.019321,0.018727,0.000363
KCU,1,60,1,0.005094,0.004753,0.000155
BA,1,60,4,0.037208,0.0364,0.000481
KCU,1,60,3,0.010978,0.01011,0.000332
BA,1,60,3,0.017518,0.016954,0.000347
KCU,1,60,2,0.008365,0.007717,0.000257
BA,1,60,2,0.009718,0.009351,0.00023
KCU,1,60,1,0.005245,0.004847,0.000168
BA,1,60,3,0.018856,0.018304,0.000337
KCU,1,60,2,0.007201,0.006612,0.000238
BA,1,60,2,0.009623,0.009245,0.00023
KCU,1,60,1,0.005064,0.004684,0.000163
BA,1,60,3,0.016527,0.015992,0.00033
KCU,1,60,1,0.004433,0.004068,0.000159
BA,1,60,3,0.020129,0.019603,0.000303
KCU,1,60,1,0.004662,0.004287,0.000157
BA,1,60,2,0.009741,0.009364,0.000226
KCU,1,60,1,0.005156,0.004779,0.000164
BA,1,60,4,0.032957,0.032123,0.000498
KCU,1,60,3,0.012382,0.011472,0.000364
BA,1,60,3,0.017223,0.016675,0.000327
KCU,1,60,1,0.004963,0.00457,0.000166
BA,1,60,2,0.009434,0.009096,0.000214
KCU,1,60,1,0.004953,0.004589,0.000157
BA,1,60,2,0.009432,0.009103,0.000205
KCU,1,60,1,0.004848,0.004459,0.000172
BA,1,60,4,0.033942,0.033149,0.000473
KCU,1,60,3,0.012292,0.011374,0.000348
BA,1,60,4,0.035192,0.034318,0.000501
KCU,1,60,3,0.013154,0.012269,0.000348
BA,1,60,3,0.017543,0.016983,0.000324
KCU,1,60,2,0.007733,0.007123,0.000242
BA,1,60,3,0.018071,0.017538,0.00032
KCU,1,60,1,0.004966,0.004601,0.000155
BA,1,60,3,0.019015,0.018448,0.000342
KCU,1,60,2,0.009013,0.008364,0.000257
BA,1,60,3,0.018723,0.018135,0.000349
KCU,1,60,1,0.004493,0.004134,0.000158
BA,1,60,3,0.019062,0.018494,0.000312
KCU,1,60,2,0.007481,0.006823,0.00028
BA,1,60,3,0.0197,0.019157,0.000324
KCU,1,60,1,0.005041,0.004687,0.000157
BA,1,60,2,0.008516,0.008149,0.000222
KCU,1,60,1,0.004505,0.004154,0.000151
BA,1,60,3,0.017735,0.017185,0.000322
KCU,1,60,1,0.004708,0.004342,0.000155
BA,1,80,3,0.019099,0.018466,0.000364
KCU,1,80,1,0.004941,0.004566,0.000157
BA,1,80,3,0.021002,0.020379,0.000368
KCU,1,80,2,0.008047,0.007413,0.000253
BA,1,80,2,0.009321,0.008938,0.000238
KCU,1,80,1,0.005185,0.004811,0.000159
BA,1,80,2,0.009138,0.008753,0.000236
KCU,1,80,1,0.004355,0.003992,0.000149
BA,1,80,2,0.00948,0.009126,0.000221
KCU,1,80,1,0.00471,0.004368,0.00015
BA,1,80,3,0.020041,0.019411,0.000384
KCU,1,80,2,0.008474,0.007854,0.000249
BA,1,80,4,0.034161,0.03334,0.000484
KCU,1,80,3,0.013421,0.012492,0.000351
BA,1,80,4,0.03357,0.032717,0.000505
KCU,1,80,3,0.012254,0.011355,0.00034
BA,1,80,3,0.018971,0.018329,0.00041
KCU,1,80,1,0.005192,0.0048,0.00017
BA,1,80,2,0.00938,0.008968,0.000249
KCU,1,80,1,0.004807,0.004425,0.000173
BA,1,80,3,0.020711,0.020095,0.000342
KCU,1,80,2,0.008629,0.007993,0.000246
BA,1,80,3,0.016963,0.016404,0.000322
KCU,1,80,2,0.007645,0.007042,0.000239
BA,1,80,4,0.032548,0.031745,0.000477
KCU,1,80,3,0.011565,0.010746,0.000332
BA,1,80,4,0.033198,0.032354,0.000503
KCU,1,80,3,0.01289,0.011978,0.000359
BA,1,80,3,0.01844,0.017789,0.000376
KCU,1,80,1,0.005244,0.004846,0.00017
BA,1,80,3,0.01908,0.01849,0.000357
KCU,1,80,2,0.007661,0.007089,0.00024
BA,1,80,3,0.018986,0.018415,0.000338
KCU,1,80,2,0.008611,0.007946,0.000261
BA,1,80,2,0.009395,0.00902,0.000236
KCU,1,80,1,0.00495,0.004573,0.000163
BA,1,80,2,0.010162,0.009778,0.000247
KCU,1,80,1,0.005027,0.004644,0.000166
BA,1,80,2,0.009719,0.009342,0.000232
KCU,1,80,1,0.004931,0.004576,0.000157
BA,1,80,2,0.009027,0.008657,0.000234
KCU,1,80,1,0.004672,0.004298,0.00016
BA,1,80,4,0.032683,0.031904,0.000454
KCU,1,80,3,0.012033,0.011179,0.000346
BA,1,80,3,0.018666,0.01806,0.000364
KCU,1,80,1,0.005171,0.004814,0.000158
BA,1,80,3,0.019233,0.018627,0.000362
KCU,1,80,1,0.004546,0.004155,0.000161
BA,1,80,2,0.009091,0.008737,0.000223
KCU,1,80,1,0.004169,0.003797,0.000163
BA,1,80,3,0.018244,0.017605,0.000384
KCU,1,80,1,0.005256,0.004868,0.000162
BA,1,80,3,0.020421,0.019822,0.000365
KCU,1,80,2,0.00894,0.008276,0.000266
BA,1,80,4,0.033825,0.032965,0.000501
KCU,1,80,3,0.013885,0.012978,0.000358
BA,1,80,3,0.019069,0.018494,0.000346
KCU,1,80,1,0.005181,0.004814,0.000164
BA,1,80,2,0.008715,0.008368,0.000221
KCU,1,80,1,0.004584,0.004229,0.000164
BA,1,100,3,0.017687,0.017172,0.000304
KCU,1,100,1,0.004567,0.004203,0.000156
BA,1,100,3,0.018478,0.017926,0.000351
KCU,1,100,2,0.00819,0.007624,0.000234
BA,1,100,2,0.009079,0.008735,0.000216
KCU,1,100,1,0.004847,0.004483,0.000159
BA,1,100,4,0.034243,0.033414,0.000466
KCU,1,100,3,0.013183,0.012222,0.000384
BA,1,100,3,0.018819,0.018233,0.000347
KCU,1,100,2,0.008449,0.007825,0.000247
BA,1,100,2,0.00853,0.008151,0.000227
KCU,1,100,1,0.004425,0.004079,0.000153
BA,1,100,4,0.03514,0.034335,0.000465
KCU,1,100,3,0.012099,0.011222,0.000346
BA,1,100,4,0.036224,0.035413,0.000474
KCU,1,100,3,0.013275,0.012405,0.000341
BA,1,100,4,0.034299,0.03346,0.000481
KCU,1,100,3,0.012777,0.011915,0.000341
BA,1,100,3,0.02046,0.019891,0.000348
KCU,1,100,1,0.005617,0.005199,0.000176
BA,1,100,4,0.032626,0.031828,0.000484
KCU,1,100,3,0.01141,0.010521,0.000331
BA,1,100,4,0.030974,0.030134,0.000511
KCU,1,100,3,0.013893,0.013002,0.000354
BA,1,100,4,0.030941,0.030128,0.000476
KCU,1,100,3,0.012342,0.011469,0.000334
BA,1,100,4,0.034548,0.03374,0.000485
KCU,1,100,3,0.010768,0.009905,0.000333
BA,1,100,3,0.018044,0.017523,0.000309
KCU,1,100,2,0.007785,0.007144,0.000266
BA,1,100,3,0.019129,0.018539,0.000347
KCU,1,100,1,0.005452,0.005033,0.000172
BA,1,100,4,0.03451,0.03373,0.000462
KCU,1,100,3,0.013392,0.012517,0.000332
BA,1,100,3,0.019368,0.018808,0.000347
KCU,1,100,2,0.007742,0.007118,0.000248
BA,1,100,3,0.019071,0.01851,0.000334
KCU,1,100,1,0.004568,0.004222,0.000153
BA,1,100,4,0.034789,0.033987,0.000473
KCU,1,100,3,0.010673,0.009886,0.000325
BA,1,100,4,0.035693,0.03483,0.000498
KCU,1,100,3,0.01292,0.011992,0.000349
BA,1,100,4,0.032706,0.031918,0.000467
KCU,1,100,3,0.011583,0.010728,0.000335
BA,1,100,3,0.019709,0.019066,0.00035
KCU,1,100,1,0.005114,0.00475,0.000161
BA,1,100,4,0.032346,0.03155,0.000457
KCU,1,100,3,0.011368,0.010515,0.00033
BA,1,100,4,0.030234,0.02943,0.000469
KCU,1,100,3,0.013107,0.012228,0.000357
BA,1,100,3,0.017621,0.01705,0.00035
KCU,1,100,2,0.007966,0.007365,0.000239
BA,1,100,4,0.031819,0.030986,0.000501
KCU,1,100,3,0.0116,0.010751,0.000329
BA,1,100,2,0.008518,0.008171,0.000225
KCU,1,100,1,0.004388,0.004028,0.000167
BA,1,100,3,0.021607,0.021011,0.000371
KCU,1,100,2,0.008609,0.007982,0.000253
BA,1,100,3,0.019945,0.019356,0.000355
KCU,1,100,2,0.007891,0.007297,0.000241
BA,11,0,4,0.037333,0.032452,0.00452
KCU,11,0,2,0.01728,0.010283,0.003227
BA,11,0,2,0.010394,0.008124,0.002143
KCU,11,0,1,0.010507,0.006103,0.002033
BA,11,0,3,0.022961,0.019283,0.003426
KCU,11,0,1,0.01108,0.006576,0.002111
BA,11,0,16,0.831404,0.810943,0.01854
KCU,11,0,2,0.020112,0.012906,0.003194
BA,11,0,4,0.035683,0.030509,0.004808
KCU,11,0,2,0.018137,0.010773,0.003268
BA,11,0,2,0.010422,0.008056,0.002215
KCU,11,0,1,0.011047,0.006348,0.0021
BA,11,0,2,0.01089,0.008328,0.002409
KCU,11,0,1,0.010964,0.006714,0.002122
BA,11,0,2,0.011908,0.009449,0.002313
KCU,11,0,1,0.011133,0.006842,0.002096
BA,11,0,11,0.318373,0.304096,0.013054
KCU,11,0,1,0.012163,0.007487,0.002133
BA,11,0,13,0.471733,0.45475,0.01536
KCU,11,0,1,0.011977,0.007644,0.002127
BA,11,0,11,0.333127,0.318824,0.01299
KCU,11,0,1,0.012787,0.008115,0.002276
BA,11,0,12,0.417714,0.40202,0.014296
KCU,11,0,1,0.011744,0.007494,0.002073
BA,11,0,9,0.185738,0.174074,0.010503
KCU,11,0,1,0.011811,0.007251,0.002208
BA,11,0,2,0.011382,0.009003,0.002222
KCU,11,0,1,0.011316,0.006675,0.002157
BA,11,0,12,0.415293,0.399776,0.014125
KCU,11,0,1,0.012644,0.008052,0.002197
BA,11,0,3,0.022495,0.018697,0.00353
KCU,11,0,1,0.010354,0.005983,0.002244
BA,11,0,13,0.504404,0.487582,0.015355
KCU,11,0,1,0.012068,0.007372,0.002125
BA,11,0,2,0.011895,0.009514,0.002237
KCU,11,0,1,0.011047,0.006486,0.002131
BA,11,0,14,0.574772,0.556571,0.016469
KCU,11,0,2,0.021375,0.013811,0.003264
BA,11,0,3,0.023378,0.019685,0.003391
KCU,11,0,1,0.011189,0.006664,0.002111
BA,11,0,5,0.062812,0.056178,0.006082
KCU,11,0,1,0.012475,0.007897,0.002158
BA,11,0,2,0.012379,0.009782,0.002441
KCU,11,0,1,0.009993,0.005816,0.002057
BA,11,0,2,0.010759,0.00853,0.002068
KCU,11,0,1,0.010427,0.005734,0.002193
BA,11,0,12,0.42097,0.405308,0.014211
KCU,11,0,1,0.012305,0.007669,0.00219
BA,11,0,8,0.161817,0.151301,0.009623
KCU,11,0,1,0.012139,0.007607,0.002159
BA,11,0,18,1.16393,1.14043,0.021254
KCU,11,0,2,0.020606,0.013373,0.003292
BA,11,0,2,0.010838,0.008562,0.002139
KCU,11,0,1,0.010263,0.005816,0.002112
BA,11,0,15,0.706622,0.687801,0.017061
KCU,11,0,2,0.021364,0.014244,0.003245
BA,11,0,2,0.010598,0.008253,0.002208
KCU,11,0,1,0.010545,0.006127,0.002107
BA,11,0,19,1.57955,1.55554,0.021768
KCU,11,0,2,0.022041,0.012772,0.004048
BA,11,20,2,0.012033,0.008792,0.003094
KCU,11,20,1,0.012076,0.006494,0.00269
BA,11,20,10,0.249175,0.233057,0.014947
KCU,11,20,1,0.013163,0.007347,0.002707
BA,11,20,14,0.619632,0.597181,0.020788
KCU,11,20,1,0.014002,0.008196,0.002664
BA,11,20,6,0.083745,0.073626,0.00893
KCU,11,20,1,0.014009,0.007968,0.002679
BA,11,20,5,0.058986,0.050643,0.007802
KCU,11,20,2,0.020889,0.011553,0.004029
BA,11,20,2,0.013137,0.009967,0.003019
KCU,11,20,1,0.013004,0.007175,0.002682
BA,11,20,4,0.040661,0.034014,0.006233
KCU,11,20,2,0.019808,0.010555,0.004094
BA,11,20,2,0.012224,0.009183,0.002888
KCU,11,20,1,0.013318,0.007402,0.002612
BA,11,20,4,0.040101,0.033754,0.005949
KCU,11,20,4,0.036628,0.019634,0.006893
BA,11,20,12,0.421139,0.401642,0.018091
KCU,11,20,1,0.013416,0.007556,0.002672
BA,11,20,10,0.243828,0.227946,0.014798
KCU,11,20,1,0.013127,0.007391,0.002659
BA,11,20,3,0.023506,0.018691,0.004554
KCU,11,20,1,0.012119,0.006333,0.002658
BA,11,20,2,0.010792,0.007855,0.00279
KCU,11,20,1,0.012166,0.006444,0.002647
BA,11,20,4,0.039674,0.033465,0.005856
KCU,11,20,2,0.019448,0.00998,0.00417
BA,11,20,14,0.545395,0.523178,0.020578
KCU,11,20,1,0.013388,0.007547,0.002716
BA,11,20,2,0.010362,0.007233,0.003006
KCU,11,20,1,0.012183,0.006369,0.002677
BA,11,20,14,0.57053,0.548276,0.020637
KCU,11,20,2,0.021905,0.012636,0.004017
BA,11,20,2,0.01173,0.008603,0.002998
KCU,11,20,1,0.012286,0.006522,0.002871
BA,11,20,18,1.1405,1.11164,0.026585
KCU,11,20,2,0.022057,0.012953,0.003999
BA,11,20,4,0.038602,0.032571,0.005691
KCU,11,20,2,0.01966,0.009967,0.004048
BA,11,20,12,0.361031,0.341839,0.017802
KCU,11,20,1,0.013027,0.007452,0.002641
BA,11,20,12,0.41082,0.391334,0.018044
KCU,11,20,1,0.013302,0.007673,0.002663
BA,11,20,11,0.327973,0.310705,0.016069
KCU,11,20,1,0.012574,0.007176,0.002626
BA,11,20,3,0.022276,0.017692,0.004334
KCU,11,20,1,0.012211,0.006254,0.002674
BA,11,20,10,0.235678,0.220081,0.014532
KCU,11,20,9,0.075022,0.038578,0.013973
BA,11,20,2,0.011018,0.00801,0.00285
KCU,11,20,1,0.012041,0.006511,0.002671
BA,11,20,2,0.012162,0.009081,0.002927
KCU,11,20,1,0.013106,0.007323,0.002811
BA,11,20,16,0.908291,0.881623,0.024572
KCU,11,20,2,0.023838,0.013798,0.004145
BA,11,20,5,0.056389,0.048384,0.007442
KCU,11,20,1,0.012572,0.00675,0.002691
BA,11,20,2,0.012603,0.009295,0.003132
KCU,11,20,1,0.013308,0.007325,0.002792
BA,11,40,4,0.039217,0.032901,0.005943
KCU,11,40,2,0.01949,0.010276,0.004015
BA,11,40,4,0.037184,0.030792,0.00597
KCU,11,40,2,0.020638,0.010949,0.003974
BA,11,40,18,1.14814,1.11842,0.027398
KCU,11,40,2,0.025747,0.016014,0.004115
BA,11,40,4,0.035994,0.02968,0.005935
KCU,11,40,2,0.019714,0.010451,0.003995
BA,11,40,17,0.92034,0.892392,0.025725
KCU,11,40,2,0.022839,0.013422,0.004027
BA,11,40,3,0.024253,0.019441,0.004524
KCU,11,40,2,0.021273,0.011198,0.004142
BA,11,40,14,0.615097,0.591402,0.02188
KCU,11,40,1,0.013679,0.007921,0.0027
BA,11,40,14,0.596186,0.572821,0.021627
KCU,11,40,1,0.013519,0.00802,0.002666
BA,11,40,3,0.022858,0.018017,0.004581
KCU,11,40,1,0.013116,0.00724,0.002654
BA,11,40,3,0.023741,0.01894,0.004518
KCU,11,40,1,0.013017,0.007104,0.002699
BA,11,40,4,0.038575,0.032144,0.00601
KCU,11,40,2,0.019629,0.009905,0.004095
BA,11,40,13,0.499231,0.477479,0.020124
KCU,11,40,1,0.013664,0.008007,0.002699
BA,11,40,2,0.011522,0.008558,0.00282
KCU,11,40,1,0.01274,0.007012,0.002736
BA,11,40,4,0.041485,0.034894,0.006141
KCU,11,40,2,0.020698,0.011417,0.004056
BA,11,40,12,0.406034,0.385923,0.018612
KCU,11,40,1,0.013583,0.007938,0.002688
BA,11,40,3,0.024501,0.019746,0.004463
KCU,11,40,1,0.012468,0.006612,0.00268
BA,11,40,2,0.011906,0.0088,0.002962
KCU,11,40,1,0.013352,0.007373,0.00277
BA,11,40,2,0.013126,0.009964,0.002994
KCU,11,40,1,0.012921,0.007219,0.002678
BA,11,40,4,0.039204,0.032667,0.006146
KCU,11,40,1,0.013191,0.007377,0.002696
BA,11,40,12,0.441429,0.42165,0.018301
KCU,11,40,1,0.014473,0.008528,0.00277
BA,11,40,2,0.012802,0.009742,0.002916
KCU,11,40,1,0.012925,0.007093,0.002673
BA,11,40,2,0.012845,0.009708,0.002974
KCU,11,40,1,0.012427,0.006789,0.00266
BA,11,40,11,0.29991,0.281449,0.017103
KCU,11,40,1,0.014205,0.008541,0.002719
BA,11,40,14,0.610528,0.587318,0.021477
KCU,11,40,2,0.023013,0.013762,0.004001
BA,11,40,10,0.25203,0.235618,0.015187
KCU,11,40,1,0.014082,0.008058,0.002745
BA,11,40,3,0.023944,0.019288,0.004379
KCU,11,40,2,0.021337,0.011318,0.004137
BA,11,40,2,0.01158,0.0085,0.002937
KCU,11,40,1,0.012232,0.006509,0.002662
BA,11,40,3,0.024714,0.019868,0.004573
KCU,11,40,1,0.013371,0.007418,0.002708
BA,11,40,4,0.0385,0.032145,0.005962
KCU,11,40,2,0.021314,0.011664,0.004151
BA,11,40,13,0.534588,0.513078,0.019915
KCU,11,40,1,0.014156,0.008432,0.002783
BA,11,60,2,0.011557,0.008548,0.00287
KCU,11,60,1,0.012401,0.006694,0.002644
BA,11,60,5,0.052644,0.044895,0.007244
KCU,11,60,2,0.019427,0.010119,0.004062
BA,11,60,8,0.147485,0.135029,0.011616
KCU,11,60,1,0.01302,0.007458,0.002708
BA,11,60,2,0.011742,0.008637,0.002959
KCU,11,60,1,0.012164,0.006289,0.002668
BA,11,60,14,0.598351,0.57634,0.020426
KCU,11,60,2,0.024534,0.015011,0.004062
BA,11,60,3,0.024927,0.020208,0.00445
KCU,11,60,1,0.012619,0.006802,0.002687
BA,11,60,5,0.056617,0.04827,0.007783
KCU,11,60,2,0.02009,0.010731,0.004101
BA,11,60,17,1.01211,0.983912,0.026015
KCU,11,60,2,0.023378,0.013941,0.004245
BA,11,60,14,0.586154,0.562661,0.021729
KCU,11,60,2,0.022845,0.013567,0.004127
BA,11,60,4,0.03729,0.030474,0.006412
KCU,11,60,1,0.013013,0.007158,0.002721
BA,11,60,14,0.573992,0.550678,0.021522
KCU,11,60,2,0.023501,0.013819,0.004109
BA,11,60,10,0.240839,0.224423,0.015219
KCU,11,60,1,0.014232,0.008381,0.002659
BA,11,60,13,0.493137,0.471902,0.019581
KCU,11,60,1,0.013561,0.007943,0.002688
BA,11,60,2,0.012481,0.009375,0.002957
KCU,11,60,1,0.012589,0.006739,0.002672
BA,11,60,11,0.308468,0.290461,0.01668
KCU,11,60,1,0.013876,0.008191,0.002743
BA,11,60,3,0.023529,0.018786,0.004458
KCU,11,60,1,0.012658,0.006942,0.002716
BA,11,60,7,0.111554,0.100038,0.010671
KCU,11,60,1,0.013344,0.007618,0.002655
BA,11,60,9,0.203239,0.188423,0.01374
KCU,11,60,1,0.014674,0.008722,0.002716
BA,11,60,3,0.02429,0.019602,0.004411
KCU,11,60,1,0.013112,0.007231,0.002712
BA,11,60,9,0.204045,0.1892,0.01374
KCU,11,60,1,0.014066,0.008209,0.002683
BA,11,60,3,0.025463,0.020719,0.004472
KCU,11,60,1,0.013071,0.007158,0.002672
BA,11,60,22,7.05984,7.02353,0.033299
KCU,11,60,2,0.022807,0.013107,0.004088
BA,11,60,2,0.012549,0.009384,0.003012
KCU,11,60,1,0.012394,0.006586,0.002662
BA,11,60,9,0.188761,0.173615,0.014098
KCU,11,60,1,0.013519,0.007839,0.00271
BA,11,60,2,0.01187,0.008761,0.002963
KCU,11,60,1,0.012882,0.007028,0.00268
BA,11,60,15,0.705893,0.68077,0.023288
KCU,11,60,2,0.023496,0.013907,0.004109
BA,11,60,2,0.012413,0.009251,0.00302
KCU,11,60,1,0.013041,0.007092,0.002738
BA,11,60,2,0.012548,0.009433,0.00297
KCU,11,60,1,0.013129,0.007197,0.002701
BA,11,60,3,0.023717,0.018735,0.004728
KCU,11,60,1,0.012749,0.00688,0.00267
BA,11,60,3,0.0231,0.018164,0.004666
KCU,11,60,2,0.020442,0.011224,0.004125
BA,11,80,3,0.024582,0.019705,0.004599
KCU,11,80,1,0.013527,0.00761,0.00286
BA,11,80,4,0.035409,0.029123,0.005924
KCU,11,80,2,0.020807,0.011271,0.004122
BA,11,80,13,0.525007,0.503592,0.019876
KCU,11,80,1,0.014064,0.008244,0.002688
BA,11,80,5,0.056758,0.048842,0.007368
KCU,11,80,3,0.029061,0.015848,0.005488
BA,11,80,2,0.011545,0.008435,0.002961
KCU,11,80,1,0.012507,0.006691,0.002693
BA,11,80,9,0.193239,0.178348,0.013784
KCU,11,80,1,0.013769,0.008082,0.002712
BA,11,80,3,0.022678,0.018,0.004423
KCU,11,80,1,0.012641,0.006895,0.002659
BA,11,80,14,0.537381,0.51485,0.020859
KCU,11,80,2,0.024228,0.0143,0.004122
BA,11,80,2,0.010779,0.007824,0.002829
KCU,11,80,1,0.01216,0.006395,0.00269
BA,11,80,9,0.184952,0.170665,0.013256
KCU,11,80,1,0.013566,0.007729,0.002667
BA,11,80,2,0.012473,0.009489,0.002843
KCU,11,80,1,0.011488,0.005881,0.002604
BA,11,80,2,0.011403,0.008411,0.00284
KCU,11,80,1,0.012306,0.006583,0.00265
BA,11,80,10,0.22598,0.210349,0.014569
KCU,11,80,1,0.013432,0.007519,0.00266
BA,11,80,2,0.012107,0.009027,0.002936
KCU,11,80,1,0.012779,0.007035,0.002573
BA,11,80,14,0.569799,0.546929,0.021145
KCU,11,80,2,0.023511,0.013936,0.004106
BA,11,80,5,0.056131,0.048056,0.007565
KCU,11,80,2,0.020412,0.010813,0.003908
BA,11,80,13,0.501557,0.480305,0.019678
KCU,11,80,1,0.014221,0.008466,0.002708
BA,11,80,17,0.989372,0.961717,0.025598
KCU,11,80,2,0.023409,0.013891,0.004078
BA,11,80,11,0.317096,0.299031,0.016716
KCU,11,80,1,0.013627,0.007942,0.002704
BA,11,80,15,0.722179,0.697242,0.022543
KCU,11,80,2,0.023784,0.014061,0.00411
BA,11,80,12,0.397535,0.378043,0.01804
KCU,11,80,1,0.013749,0.008052,0.002726
BA,11,80,4,0.036654,0.030366,0.005903
KCU,11,80,2,0.01931,0.009936,0.004001
BA,11,80,13,0.452903,0.431448,0.019836
KCU,11,80,1,0.013673,0.008054,0.002689
BA,11,80,14,0.568722,0.545609,0.02137
KCU,11,80,2,0.024043,0.014335,0.00412
BA,11,80,4,0.04094,0.034556,0.005993
KCU,11,80,2,0.020833,0.011327,0.004168
BA,11,80,4,0.035177,0.02869,0.006118
KCU,11,80,2,0.019883,0.010477,0.004093
BA,11,80,12,0.386091,0.366871,0.017806
KCU,11,80,1,0.013768,0.008131,0.002689
BA,11,80,4,0.039985,0.033569,0.005997
KCU,11,80,2,0.020459,0.010794,0.004038
BA,11,80,11,0.310074,0.292191,0.01655
KCU,11,80,1,0.013854,0.008195,0.002688
BA,11,80,4,0.037741,0.031351,0.005991
KCU,11,80,2,0.019972,0.010523,0.004173
BA,11,100,4,0.040823,0.034328,0.006107
KCU,11,100,2,0.019957,0.010729,0.003845
BA,11,100,7,0.111543,0.100123,0.01067
KCU,11,100,1,0.013948,0.008296,0.002714
BA,11,100,8,0.182028,0.169008,0.012083
KCU,11,100,1,0.012914,0.007118,0.002684
BA,11,100,2,0.011958,0.008922,0.002889
KCU,11,100,1,0.012358,0.006516,0.002684
BA,11,100,2,0.012501,0.009445,0.002916
KCU,11,100,1,0.012576,0.006745,0.002697
BA,11,100,14,0.587111,0.564215,0.021152
KCU,11,100,1,0.014434,0.008283,0.002676
BA,11,100,4,0.040912,0.034656,0.005892
KCU,11,100,1,0.012763,0.006938,0.002701
BA,11,100,3,0.0229,0.018028,0.004591
KCU,11,100,1,0.012753,0.007095,0.002701
BA,11,100,2,0.01208,0.009019,0.002911
KCU,11,100,1,0.012315,0.00664,0.00266
BA,11,100,2,0.012076,0.009023,0.00288
KCU,11,100,1,0.012761,0.006703,0.002727
BA,11,100,2,0.012162,0.009128,0.002891
KCU,11,100,1,0.012291,0.006632,0.00266
BA,11,100,15,0.724335,0.692686,0.022647
KCU,11,100,2,0.024438,0.014606,0.004153
BA,11,100,3,0.023992,0.019283,0.00445
KCU,11,100,1,0.012674,0.006929,0.002652
BA,11,100,2,0.011796,0.008795,0.002833
KCU,11,100,1,0.012693,0.007022,0.002729
BA,11,100,4,0.040128,0.033784,0.005966
KCU,11,100,2,0.020347,0.010735,0.00416
BA,11,100,4,0.03868,0.032155,0.006131
KCU,11,100,2,0.021445,0.011796,0.004265
BA,11,100,10,0.240841,0.224606,0.01508
KCU,11,100,1,0.013868,0.008156,0.002737
BA,11,100,10,0.277934,0.261386,0.015194
KCU,11,100,2,0.020204,0.010706,0.004088
BA,11,100,11,0.331484,0.313217,0.016793
KCU,11,100,1,0.014333,0.008194,0.002704
BA,11,100,2,0.011694,0.008611,0.002937
KCU,11,100,1,0.012286,0.006472,0.002657
BA,11,100,3,0.02532,0.02054,0.004503
KCU,11,100,1,0.012866,0.006937,0.002732
BA,11,100,2,0.011754,0.00868,0.002924
KCU,11,100,1,0.012544,0.006947,0.002661
BA,11,100,2,0.012521,0.009482,0.002891
KCU,11,100,1,0.012277,0.006618,0.002668
BA,11,100,3,0.023662,0.018915,0.004463
KCU,11,100,2,0.020946,0.011367,0.004106
BA,11,100,12,0.425955,0.406502,0.018004
KCU,11,100,1,0.014095,0.008518,0.002674
BA,11,100,2,0.011745,0.008765,0.002836
KCU,11,100,1,0.012939,0.007082,0.00267
BA,11,100,18,1.04954,1.02027,0.02703
KCU,11,100,2,0.021865,0.012761,0.003838
BA,11,100,4,0.044598,0.038066,0.006116
KCU,11,100,2,0.020475,0.010771,0.004101
BA,11,100,6,0.083967,0.073941,0.009355
KCU,11,100,2,0.020152,0.01065,0.004075
BA,11,100,9,0.204707,0.189736,0.01391
KCU,11,100,1,0.014348,0.008348,0.002736
BA,21,0,2,0.019276,0.010027,0.009081
KCU,21,0,1,0.03076,0.012108,0.00852
BA,21,0,14,0.665149,0.596106,0.066396
KCU,21,0,1,0.033108,0.01394,0.008791
BA,21,0,2,0.020458,0.0101,0.0102
KCU,21,0,1,0.031895,0.013048,0.009224
BA,21,0,19,3.5157,3.4229,0.090252
KCU,21,0,1,0.03334,0.013428,0.009098
BA,21,0,2,0.019608,0.010239,0.009213
KCU,21,0,1,0.030101,0.011751,0.008797
BA,21,0,4,0.052105,0.033399,0.018273
KCU,21,0,4,0.089062,0.035424,0.022378
BA,21,0,4,0.056836,0.037936,0.018482
KCU,21,0,1,0.029501,0.011703,0.008566
BA,21,0,9,0.211822,0.169836,0.040852
KCU,21,0,1,0.029848,0.012314,0.008292
BA,21,0,12,0.414931,0.359094,0.054298
KCU,21,0,1,0.029802,0.01227,0.007746
BA,21,0,13,0.45378,0.392859,0.059236
KCU,21,0,1,0.02925,0.011845,0.0084
BA,21,0,4,0.049888,0.03014,0.019323
KCU,21,0,2,0.045956,0.017479,0.01249
BA,21,0,6,0.109504,0.081875,0.026938
KCU,21,0,4,0.084196,0.03134,0.021979
BA,21,0,9,0.24077,0.197872,0.041784
KCU,21,0,1,0.030595,0.01269,0.008588
BA,21,0,8,0.180111,0.142655,0.036475
KCU,21,0,7,0.148965,0.062877,0.034615
BA,21,0,14,0.604264,0.539313,0.06312
KCU,21,0,1,0.031467,0.013332,0.008655
BA,21,0,12,0.448408,0.391226,0.055604
KCU,21,0,1,0.030273,0.012554,0.008528
BA,21,0,8,0.169977,0.133134,0.035829
KCU,21,0,8,0.16029,0.06274,0.03947
BA,21,0,15,0.758387,0.68994,0.06647
KCU,21,0,1,0.029746,0.012343,0.008256
BA,21,0,2,0.017433,0.008594,0.008687
KCU,21,0,1,0.028293,0.011226,0.008202
BA,21,0,3,0.032709,0.018837,0.013583
KCU,21,0,1,0.029299,0.011643,0.008481
BA,21,0,15,0.780321,0.711172,0.067203
KCU,21,0,1,0.029838,0.012235,0.00851
BA,21,0,3,0.035085,0.02029,0.014496
KCU,21,0,1,0.028801,0.011478,0.008203
BA,21,0,13,0.523595,0.464026,0.057817
KCU,21,0,1,0.030546,0.012725,0.008595
BA,21,0,4,0.050769,0.032904,0.017436
KCU,21,0,2,0.04582,0.017852,0.01167
BA,21,0,5,0.075771,0.053348,0.021854
KCU,21,0,2,0.049001,0.019384,0.01298
BA,21,0,2,0.018401,0.009396,0.008858
KCU,21,0,1,0.029303,0.011618,0.008604
BA,21,0,15,0.715732,0.647901,0.06588
KCU,21,0,1,0.030237,0.012355,0.008218
BA,21,0,15,0.695303,0.626963,0.066426
KCU,21,0,1,0.031947,0.013319,0.009119
BA,21,0,4,0.051801,0.033873,0.01753
KCU,21,0,1,0.029275,0.011715,0.00836
BA,21,0,8,0.17578,0.136207,0.038514
KCU,21,0,2,0.05011,0.019713,0.013517
BA,21,20,15,0.663384,0.593205,0.068182
KCU,21,20,1,0.034005,0.013539,0.009948
BA,21,20,3,0.035567,0.020881,0.014375
KCU,21,20,1,0.031334,0.012612,0.008994
BA,21,20,14,0.650713,0.581585,0.067238
KCU,21,20,1,0.032837,0.013273,0.009009
BA,21,20,12,0.436446,0.378168,0.056715
KCU,21,20,1,0.030941,0.01278,0.008933
BA,21,20,2,0.019509,0.009435,0.009906
KCU,21,20,1,0.032183,0.012836,0.008834
BA,21,20,14,0.637581,0.569051,0.0667
KCU,21,20,1,0.02969,0.012385,0.008108
BA,21,20,3,0.035846,0.02138,0.014177
KCU,21,20,2,0.049798,0.019689,0.013663
BA,21,20,15,0.703748,0.631338,0.070439
KCU,21,20,1,0.031668,0.013191,0.008904
BA,21,20,12,0.417068,0.360701,0.054849
KCU,21,20,1,0.031889,0.013072,0.008698
BA,21,20,11,0.362566,0.309149,0.051979
KCU,21,20,1,0.030721,0.012706,0.008639
BA,21,20,4,0.055945,0.036608,0.018873
KCU,21,20,1,0.031542,0.012344,0.00876
BA,21,20,17,0.986632,0.906709,0.077723
KCU,21,20,1,0.029941,0.012514,0.008432
BA,21,20,7,0.140222,0.108146,0.031264
KCU,21,20,1,0.031031,0.013107,0.008248
BA,21,20,4,0.050907,0.032516,0.01801
KCU,21,20,1,0.030197,0.011696,0.008563
BA,21,20,11,0.362527,0.310981,0.050164
KCU,21,20,1,0.030293,0.012447,0.00852
BA,21,20,4,0.054413,0.035115,0.018866
KCU,21,20,2,0.0495,0.019368,0.013149
BA,21,20,3,0.035346,0.020598,0.014453
KCU,21,20,2,0.051293,0.020453,0.01366
BA,21,20,13,0.553226,0.488152,0.062587
KCU,21,20,1,0.032865,0.013657,0.008906
BA,21,20,2,0.01912,0.009303,0.009661
KCU,21,20,1,0.029932,0.011954,0.008634
BA,21,20,10,0.292156,0.243128,0.047781
KCU,21,20,1,0.031699,0.013228,0.009152
BA,21,20,8,0.208486,0.169575,0.037942
KCU,21,20,1,0.03186,0.013188,0.008973
BA,21,20,10,0.284007,0.234657,0.047385
KCU,21,20,1,0.032013,0.013759,0.008609
BA,21,20,8,0.197409,0.158601,0.03778
KCU,21,20,1,0.033252,0.013588,0.009151
BA,21,20,5,0.081121,0.057293,0.023285
KCU,21,20,2,0.053059,0.021958,0.013933
BA,21,20,2,0.019263,0.009773,0.0093
KCU,21,20,1,0.031588,0.012248,0.008749
BA,21,20,23,11.012,10.9009,0.107987
KCU,21,20,2,0.054505,0.023269,0.013457
BA,21,20,16,0.902558,0.825767,0.074702
KCU,21,20,1,0.030784,0.012748,0.008677
BA,21,20,3,0.035184,0.020614,0.014271
KCU,21,20,2,0.049663,0.018928,0.013562
BA,21,20,14,0.610801,0.542865,0.06544
KCU,21,20,1,0.031052,0.012609,0.009026
BA,21,20,2,0.018212,0.008307,0.009751
KCU,21,20,1,0.029311,0.011568,0.008575
BA,21,40,3,0.033727,0.020156,0.013297
KCU,21,40,1,0.029334,0.011734,0.008435
BA,21,40,3,0.033161,0.018396,0.014454
KCU,21,40,1,0.031091,0.012195,0.008683
BA,21,40,3,0.032635,0.019148,0.01322
KCU,21,40,1,0.029906,0.011509,0.008636
BA,21,40,11,0.359442,0.306537,0.050586
KCU,21,40,1,0.031143,0.013258,0.008429
BA,21,40,15,0.791717,0.720339,0.069487
KCU,21,40,1,0.032244,0.013044,0.008675
BA,21,40,12,0.41003,0.353765,0.05472
KCU,21,40,1,0.030457,0.01283,0.008409
BA,21,40,3,0.035572,0.021613,0.013638
KCU,21,40,2,0.046305,0.017674,0.012518
BA,21,40,13,0.52396,0.462419,0.059793
KCU,21,40,1,0.030684,0.012761,0.008582
BA,21,40,2,0.018713,0.009645,0.008923
KCU,21,40,1,0.029936,0.011868,0.008702
BA,21,40,4,0.053139,0.034424,0.018286
KCU,21,40,2,0.050615,0.020345,0.013448
BA,21,40,2,0.019657,0.009859,0.009615
KCU,21,40,1,0.029384,0.011384,0.008707
BA,21,40,7,0.143121,0.109842,0.032489
KCU,21,40,4,0.088203,0.034439,0.022485
BA,21,40,4,0.052137,0.03297,0.018727
KCU,21,40,2,0.049672,0.019493,0.013097
BA,21,40,12,0.437786,0.379263,0.056258
KCU,21,40,1,0.03142,0.013042,0.00889
BA,21,40,2,0.019804,0.010515,0.009123
KCU,21,40,1,0.029806,0.011789,0.008034
BA,21,40,2,0.019329,0.009308,0.009847
KCU,21,40,1,0.032123,0.01243,0.009183
BA,21,40,2,0.019269,0.010177,0.008906
KCU,21,40,1,0.029928,0.011835,0.008718
BA,21,40,3,0.032705,0.018876,0.013565
KCU,21,40,1,0.029303,0.011869,0.008385
BA,21,40,4,0.053727,0.034384,0.018933
KCU,21,40,2,0.048305,0.019019,0.012856
BA,21,40,4,0.05053,0.032408,0.017677
KCU,21,40,2,0.050099,0.01934,0.012999
BA,21,40,30,82.5602,82.4011,0.154235
KCU,21,40,2,0.064802,0.027763,0.015614
BA,21,40,4,0.060649,0.038643,0.021574
KCU,21,40,1,0.037539,0.015636,0.010385
BA,21,40,12,0.465441,0.39898,0.064903
KCU,21,40,1,0.037675,0.015836,0.009814
BA,21,40,7,0.165854,0.125598,0.039361
KCU,21,40,1,0.036853,0.015592,0.010165
BA,21,40,3,0.040017,0.022959,0.01674
KCU,21,40,1,0.037102,0.015119,0.010516
BA,21,40,9,0.259174,0.207283,0.050661
KCU,21,40,1,0.038492,0.015774,0.010307
BA,21,40,13,0.608396,0.532648,0.073927
KCU,21,40,1,0.036993,0.015446,0.010489
BA,21,40,15,0.804728,0.719172,0.083482
KCU,21,40,1,0.038456,0.016914,0.010077
BA,21,40,4,0.061486,0.039281,0.021752
KCU,21,40,2,0.056886,0.023831,0.013392
BA,21,40,11,0.404359,0.344015,0.058888
KCU,21,40,1,0.03933,0.016357,0.010137
BA,21,60,4,0.061521,0.03845,0.022606
KCU,21,60,2,0.06358,0.025739,0.016063
BA,21,60,16,0.940409,0.837929,0.086305
KCU,21,60,1,0.038551,0.016301,0.009815
BA,21,60,5,0.086438,0.05706,0.028734
KCU,21,60,2,0.060225,0.0219,0.016363
BA,21,60,4,0.061321,0.039765,0.02111
KCU,21,60,2,0.061622,0.02568,0.015732
BA,21,60,3,0.038769,0.022624,0.015816
KCU,21,60,2,0.059763,0.024128,0.015406
BA,21,60,16,0.951184,0.861336,0.08759
KCU,21,60,1,0.038287,0.016296,0.009667
BA,21,60,4,0.06199,0.039162,0.022376
KCU,21,60,2,0.064666,0.027062,0.01644
BA,21,60,4,0.061773,0.038198,0.023086
KCU,21,60,4,0.111916,0.046124,0.02733
BA,21,60,3,0.041167,0.023388,0.017473
KCU,21,60,1,0.037834,0.015927,0.01055
BA,21,60,4,0.059937,0.037211,0.02225
KCU,21,60,1,0.035957,0.015455,0.009483
BA,21,60,2,0.02177,0.010911,0.010689
KCU,21,60,1,0.035277,0.014709,0.009715
BA,21,60,4,0.05795,0.035145,0.022365
KCU,21,60,2,0.058254,0.023732,0.015129
BA,21,60,10,0.359195,0.303537,0.054305
KCU,21,60,1,0.03712,0.015181,0.010608
BA,21,60,13,0.571288,0.497725,0.070811
KCU,21,60,1,0.039088,0.016458,0.010043
BA,21,60,16,0.924582,0.835604,0.086777
KCU,21,60,1,0.037736,0.015496,0.009893
BA,21,60,15,0.784535,0.700678,0.081759
KCU,21,60,1,0.037398,0.016474,0.009598
BA,21,60,3,0.041,0.023398,0.017295
KCU,21,60,2,0.060598,0.024554,0.015052
BA,21,60,7,0.157587,0.117988,0.038703
KCU,21,60,1,0.035824,0.015081,0.00992
BA,21,60,2,0.021816,0.011084,0.010569
KCU,21,60,1,0.038246,0.015243,0.010816
BA,21,60,8,0.194218,0.150267,0.042981
KCU,21,60,2,0.06183,0.025664,0.0159
BA,21,60,4,0.06091,0.038235,0.022246
KCU,21,60,2,0.062613,0.024994,0.016269
BA,21,60,6,0.110653,0.0787,0.031251
KCU,21,60,1,0.034166,0.014612,0.009417
BA,21,60,2,0.02202,0.011005,0.010842
KCU,21,60,1,0.037079,0.014853,0.009972
BA,21,60,14,0.718307,0.640703,0.07574
KCU,21,60,1,0.036763,0.015358,0.00968
BA,21,60,3,0.04091,0.023993,0.016588
KCU,21,60,1,0.038614,0.015456,0.010126
BA,21,60,4,0.058232,0.036379,0.021397
KCU,21,60,2,0.062816,0.025218,0.015985
BA,21,60,2,0.021833,0.009907,0.011744
KCU,21,60,1,0.037088,0.015226,0.010498
BA,21,60,2,0.020733,0.009417,0.011154
KCU,21,60,1,0.035594,0.014218,0.009819
BA,21,60,2,0.022865,0.011733,0.01095
KCU,21,60,1,0.037121,0.014523,0.010334
BA,21,60,15,0.826989,0.744453,0.080448
KCU,21,60,1,0.036165,0.015585,0.009686
BA,21,80,3,0.039022,0.023082,0.015642
KCU,21,80,2,0.05757,0.02163,0.01513
BA,21,80,4,0.059925,0.037587,0.021914
KCU,21,80,2,0.059307,0.022747,0.015457
BA,21,80,2,0.022085,0.011299,0.010619
KCU,21,80,1,0.034606,0.014235,0.009633
BA,21,80,12,0.503361,0.437581,0.064236
KCU,21,80,1,0.038367,0.016049,0.009884
BA,21,80,6,0.121837,0.087474,0.033625
KCU,21,80,1,0.037249,0.015409,0.01053
BA,21,80,2,0.0225,0.011151,0.011186
KCU,21,80,1,0.034306,0.014021,0.009526
BA,21,80,4,0.061402,0.039213,0.021706
KCU,21,80,2,0.059801,0.024515,0.015301
BA,21,80,3,0.039209,0.022413,0.016487
KCU,21,80,1,0.036211,0.014418,0.009686
BA,21,80,3,0.038723,0.020872,0.017551
KCU,21,80,1,0.03983,0.01552,0.011034
BA,21,80,3,0.037264,0.021387,0.015558
KCU,21,80,1,0.035755,0.013992,0.009942
BA,21,80,13,0.623189,0.547989,0.073467
KCU,21,80,1,0.038384,0.016794,0.010368
BA,21,80,8,0.207527,0.161291,0.045235
KCU,21,80,1,0.040785,0.016521,0.011058
BA,21,80,18,1.21414,1.1128,0.098877
KCU,21,80,1,0.03478,0.014771,0.009611
BA,21,80,2,0.024721,0.012915,0.011624
KCU,21,80,1,0.037055,0.015159,0.010533
BA,21,80,2,0.021887,0.010139,0.011586
KCU,21,80,1,0.036744,0.014784,0.009806
BA,21,80,11,0.401298,0.340484,0.05933
KCU,21,80,1,0.037875,0.016603,0.010007
BA,21,80,2,0.022833,0.01214,0.010536
KCU,21,80,1,0.036476,0.014778,0.009671
BA,21,80,14,0.685469,0.605989,0.077578
KCU,21,80,1,0.038227,0.015986,0.009485
BA,21,80,2,0.021341,0.010735,0.010448
KCU,21,80,1,0.037225,0.015066,0.010349
BA,21,80,17,1.06863,0.975196,0.091158
KCU,21,80,1,0.036879,0.015762,0.01006
BA,21,80,14,0.63256,0.554914,0.075755
KCU,21,80,12,0.310291,0.132407,0.069651
BA,21,80,2,0.021267,0.009778,0.011318
KCU,21,80,1,0.035371,0.014208,0.009563
BA,21,80,3,0.041548,0.024448,0.016788
KCU,21,80,1,0.03963,0.015876,0.010848
BA,21,80,4,0.058645,0.036849,0.02133
KCU,21,80,1,0.035747,0.014333,0.010365
BA,21,80,8,0.198693,0.15492,0.042766
KCU,21,80,1,0.036761,0.015397,0.009596
BA,21,80,6,0.117428,0.084312,0.032369
KCU,21,80,1,0.03436,0.014717,0.009186
BA,21,80,12,0.452062,0.385514,0.064962
KCU,21,80,1,0.035931,0.015325,0.00969
BA,21,80,12,0.486935,0.421255,0.064139
KCU,21,80,1,0.035128,0.014969,0.009558
BA,21,80,2,0.02152,0.010707,0.01064
KCU,21,80,1,0.03617,0.014915,0.010134
BA,21,80,3,0.038576,0.022366,0.015918
KCU,21,80,2,0.058656,0.022884,0.015187
BA,21,100,2,0.021514,0.010911,0.010422
KCU,21,100,1,0.035646,0.014345,0.009676
BA,21,100,3,0.037589,0.020727,0.016572
KCU,21,100,1,0.033859,0.014008,0.00912
BA,21,100,7,0.159769,0.121719,0.037195
KCU,21,100,1,0.035134,0.014411,0.009889
BA,21,100,10,0.305043,0.251417,0.052451
KCU,21,100,1,0.035328,0.014937,0.00959
BA,21,100,14,0.682034,0.605587,0.073633
KCU,21,100,1,0.031999,0.013523,0.008767
BA,21,100,12,0.501958,0.433449,0.066928
KCU,21,100,1,0.038068,0.016553,0.010058
BA,21,100,3,0.039357,0.0214,0.017627
KCU,21,100,2,0.059996,0.024151,0.015721
BA,21,100,12,0.468392,0.400573,0.066048
KCU,21,100,1,0.037953,0.015686,0.010045
BA,21,100,15,0.79992,0.715665,0.082232
KCU,21,100,1,0.036673,0.015754,0.00985
BA,21,100,3,0.038311,0.022206,0.015806
KCU,21,100,2,0.06001,0.024493,0.013534
BA,21,100,9,0.261271,0.210617,0.049467
KCU,21,100,1,0.038908,0.015979,0.010233
BA,21,100,14,0.730633,0.650572,0.078176
KCU,21,100,1,0.037658,0.016158,0.010153
BA,21,100,13,0.571939,0.498797,0.071431
KCU,21,100,1,0.035843,0.015179,0.009741
BA,21,100,14,0.685185,0.606945,0.076324
KCU,21,100,1,0.036465,0.015612,0.009862
BA,21,100,2,0.02331,0.012072,0.011057
KCU,21,100,1,0.038864,0.01539,0.010679
BA,21,100,2,0.021458,0.010669,0.010625
KCU,21,100,1,0.03655,0.015521,0.009844
BA,21,100,2,0.022175,0.011099,0.010904
KCU,21,100,1,0.035487,0.014922,0.009728
BA,21,100,3,0.037235,0.021597,0.015339
KCU,21,100,2,0.059025,0.023666,0.015935
BA,21,100,3,0.038751,0.022452,0.015966
KCU,21,100,1,0.036073,0.014796,0.010249
BA,21,100,4,0.062546,0.040146,0.021965
KCU,21,100,2,0.059656,0.024518,0.015415
BA,21,100,3,0.037985,0.022011,0.015684
KCU,21,100,1,0.037569,0.015047,0.010394
BA,21,100,2,0.022797,0.010327,0.012316
KCU,21,100,1,0.036461,0.014849,0.010319
BA,21,100,2,0.023356,0.012164,0.011023
KCU,21,100,1,0.035109,0.014064,0.010154
BA,21,100,2,0.021371,0.010597,0.010604
KCU,21,100,1,0.038261,0.015493,0.010448
BA,21,100,4,0.060996,0.036786,0.023751
KCU,21,100,2,0.059147,0.022837,0.015885
BA,21,100,11,0.394242,0.328412,0.064395
KCU,21,100,1,0.037697,0.016242,0.010082
BA,21,100,9,0.253592,0.204344,0.048101
KCU,21,100,1,0.036755,0.015441,0.010206
BA,21,100,8,0.217633,0.173634,0.042987
KCU,21,100,7,0.187646,0.079416,0.042497
BA,21,100,3,0.038894,0.022055,0.016469
KCU,21,100,2,0.060868,0.024261,0.015863
BA,21,100,2,0.024166,0.012833,0.011154
KCU,21,100,1,0.036614,0.015009,0.010356
BA,31,0,2,0.039197,0.015534,0.023475
KCU,31,0,1,0.083803,0.028372,0.020858
BA,31,0,2,0.040831,0.016133,0.024516
KCU,31,0,1,0.080044,0.028662,0.025777
BA,31,0,9,0.360912,0.247136,0.112512
KCU,31,0,1,0.082011,0.029109,0.02642
BA,31,0,4,0.099645,0.047431,0.051768
KCU,31,0,2,0.131761,0.045551,0.035653
BA,31,0,17,1.34827,1.13948,0.206286
KCU,31,0,1,0.082986,0.028779,0.028086
BA,31,0,2,0.039464,0.011028,0.028248
KCU,31,0,1,0.084434,0.029696,0.027567
BA,31,0,12,0.590216,0.440491,0.148023
KCU,31,0,1,0.078286,0.028765,0.021663
BA,31,0,2,0.043138,0.015297,0.027649
KCU,31,0,1,0.080465,0.027556,0.026325
BA,31,0,14,0.869091,0.699039,0.168
KCU,31,0,1,0.085034,0.028794,0.020575
BA,31,0,15,0.992171,0.806329,0.183691
KCU,31,0,1,0.08133,0.029006,0.025954
BA,31,0,18,1.49433,1.24934,0.222511
KCU,31,0,1,0.079374,0.028389,0.025249
BA,31,0,2,0.041819,0.01713,0.024514
KCU,31,0,1,0.079727,0.028162,0.026162
BA,31,0,12,0.617264,0.47177,0.143838
KCU,31,0,1,0.08412,0.030468,0.021429
BA,31,0,13,0.742725,0.558697,0.177277
KCU,31,0,1,0.088264,0.030675,0.029299
BA,31,0,3,0.073776,0.029065,0.044324
KCU,31,0,1,0.088183,0.030889,0.028955
BA,31,0,8,0.301048,0.194041,0.105909
KCU,31,0,2,0.13756,0.047339,0.036656
BA,31,0,17,1.27024,1.0634,0.204336
KCU,31,0,1,0.082426,0.029319,0.026569
BA,31,0,3,0.068022,0.031451,0.036267
KCU,31,0,1,0.085389,0.030233,0.028118
BA,31,0,3,0.067231,0.02678,0.040123
KCU,31,0,1,0.079676,0.028679,0.024843
BA,31,0,3,0.067661,0.031283,0.036025
KCU,31,0,1,0.080237,0.028851,0.020876
BA,31,0,3,0.065693,0.030264,0.035112
KCU,31,0,1,0.079824,0.028608,0.025804
BA,31,0,17,1.29484,1.08378,0.20861
KCU,31,0,1,0.08174,0.029588,0.021931
BA,31,0,4,0.098034,0.050068,0.047477
KCU,31,0,2,0.132789,0.045817,0.039093
BA,31,0,2,0.039997,0.015688,0.024127
KCU,31,0,1,0.077865,0.027449,0.024277
BA,31,0,12,0.571768,0.42425,0.145823
KCU,31,0,1,0.080618,0.029121,0.021522
BA,31,0,13,0.74438,0.578739,0.159642
KCU,31,0,1,0.085831,0.028563,0.025324
BA,31,0,6,0.177499,0.100695,0.076029
KCU,31,0,1,0.083844,0.030173,0.027159
BA,31,0,3,0.065937,0.025576,0.040046
KCU,31,0,1,0.081357,0.028863,0.021516
BA,31,0,13,0.751487,0.586955,0.162614
KCU,31,0,1,0.083259,0.028832,0.027379
BA,31,0,3,0.064786,0.019542,0.044935
KCU,31,0,2,0.136111,0.046525,0.042409
BA,31,20,5,0.132613,0.07243,0.059544
KCU,31,20,6,0.355247,0.119811,0.101564
BA,31,20,16,1.16346,0.968495,0.192667
KCU,31,20,1,0.084442,0.029238,0.027724
BA,31,20,12,0.604544,0.449076,0.153744
KCU,31,20,1,0.080998,0.027809,0.027424
BA,31,20,5,0.134772,0.070689,0.063478
KCU,31,20,3,0.190437,0.065784,0.053672
BA,31,20,10,0.408656,0.285138,0.122165
KCU,31,20,1,0.08074,0.028591,0.025952
BA,31,20,11,0.47597,0.344128,0.130398
KCU,31,20,1,0.078484,0.02864,0.024973
BA,31,20,3,0.06711,0.026908,0.039878
KCU,31,20,2,0.131671,0.045852,0.036744
BA,31,20,15,1.04916,0.844289,0.202536
KCU,31,20,1,0.098612,0.031842,0.03106
BA,31,20,2,0.042241,0.010778,0.031279
KCU,31,20,1,0.088598,0.031239,0.029265
BA,31,20,14,0.866668,0.668552,0.190912
KCU,31,20,1,0.09511,0.034197,0.031119
BA,31,20,12,0.708446,0.538892,0.162712
KCU,31,20,1,0.089192,0.032328,0.02283
BA,31,20,4,0.110462,0.057851,0.052131
KCU,31,20,2,0.155594,0.053428,0.048345
BA,31,20,2,0.042234,0.010059,0.031996
KCU,31,20,1,0.100356,0.032033,0.031643
BA,31,20,9,0.384296,0.260185,0.122821
KCU,31,20,1,0.087785,0.03059,0.027866
BA,31,20,2,0.043312,0.017413,0.025728
KCU,31,20,1,0.092342,0.030679,0.02701
BA,31,20,3,0.069288,0.032683,0.036282
KCU,31,20,2,0.138819,0.045315,0.040966
BA,31,20,17,1.23525,1.02406,0.208668
KCU,31,20,1,0.080544,0.028661,0.021876
BA,31,20,13,0.752841,0.588811,0.162168
KCU,31,20,1,0.081726,0.029172,0.025876
BA,31,20,3,0.067462,0.026763,0.040373
KCU,31,20,1,0.089375,0.029268,0.022895
BA,31,20,4,0.108741,0.049069,0.059165
KCU,31,20,2,0.15258,0.05227,0.046936
BA,31,20,11,0.56069,0.409404,0.149665
KCU,31,20,1,0.092097,0.031844,0.03161
BA,31,20,12,0.674846,0.515381,0.157672
KCU,31,20,1,0.09294,0.033577,0.026871
BA,31,20,16,1.25087,1.03453,0.213961
KCU,31,20,1,0.101298,0.033639,0.03043
BA,31,20,15,1.04652,0.842613,0.201672
KCU,31,20,1,0.100474,0.032867,0.031125
BA,31,20,12,0.677156,0.51295,0.162425
KCU,31,20,1,0.091861,0.033011,0.0296
BA,31,20,12,0.667883,0.50445,0.161675
KCU,31,20,1,0.092797,0.033407,0.024951
BA,31,20,8,0.277687,0.181468,0.095151
KCU,31,20,1,0.085721,0.02999,0.028555
BA,31,20,12,0.671314,0.523287,0.146304
KCU,31,20,1,0.082764,0.029729,0.026788
BA,31,20,3,0.066438,0.02582,0.040317
KCU,31,20,1,0.078313,0.027941,0.021317
BA,31,20,3,0.069363,0.031888,0.037175
KCU,31,20,1,0.090491,0.031217,0.025942
BA,31,40,17,1.32807,1.1101,0.215503
KCU,31,40,1,0.082081,0.028845,0.026582
BA,31,40,4,0.099318,0.045556,0.053303
KCU,31,40,3,0.193009,0.060236,0.05765
BA,31,40,11,0.536414,0.397304,0.137563
KCU,31,40,1,0.086016,0.031818,0.02697
BA,31,40,12,0.596617,0.445983,0.148941
KCU,31,40,1,0.082622,0.03002,0.026354
BA,31,40,13,0.759518,0.599722,0.15794
KCU,31,40,1,0.087303,0.029508,0.021633
BA,31,40,4,0.097656,0.049588,0.047587
KCU,31,40,2,0.136067,0.047997,0.036287
BA,31,40,3,0.067198,0.025844,0.041027
KCU,31,40,2,0.130043,0.047045,0.032523
BA,31,40,14,0.744131,0.56606,0.171514
KCU,31,40,1,0.081532,0.030438,0.020466
BA,31,40,10,0.452817,0.325626,0.12582
KCU,31,40,1,0.08071,0.028818,0.026283
BA,31,40,2,0.040382,0.015664,0.024533
KCU,31,40,1,0.082795,0.029569,0.026087
BA,31,40,2,0.039898,0.015785,0.023935
KCU,31,40,1,0.081609,0.028873,0.026252
BA,31,40,17,1.14036,0.923043,0.214961
KCU,31,40,1,0.083387,0.029517,0.026256
BA,31,40,2,0.038901,0.010399,0.028324
KCU,31,40,1,0.080952,0.027974,0.026734
BA,31,40,4,0.098795,0.045507,0.052775
KCU,31,40,6,0.3618,0.121328,0.106258
BA,31,40,17,1.27926,1.05676,0.215429
KCU,31,40,1,0.080957,0.029342,0.025433
BA,31,40,22,5.64697,5.36468,0.279134
KCU,31,40,2,0.152228,0.054347,0.046345
BA,31,40,4,0.098159,0.048715,0.049003
KCU,31,40,2,0.131765,0.046275,0.037697
BA,31,40,3,0.072757,0.033687,0.038723
KCU,31,40,1,0.087401,0.029782,0.028912
BA,31,40,2,0.043179,0.017426,0.025568
KCU,31,40,1,0.085813,0.02905,0.028955
BA,31,40,14,0.902202,0.720338,0.179894
KCU,31,40,1,0.085403,0.031014,0.027334
BA,31,40,4,0.102184,0.047598,0.054119
KCU,31,40,1,0.084437,0.029921,0.027052
BA,31,40,4,0.099562,0.04537,0.053729
KCU,31,40,2,0.143681,0.049438,0.04387
BA,31,40,15,1.00321,0.796741,0.199638
KCU,31,40,1,0.083399,0.029,0.027685
BA,31,40,3,0.066132,0.025543,0.040286
KCU,31,40,1,0.09143,0.029815,0.028204
BA,31,40,12,0.627797,0.472482,0.153756
KCU,31,40,1,0.084957,0.029851,0.027398
BA,31,40,9,0.373718,0.262972,0.109617
KCU,31,40,1,0.084917,0.030716,0.021626
BA,31,40,4,0.100432,0.050386,0.049581
KCU,31,40,2,0.143624,0.049082,0.045652
BA,31,40,3,0.071194,0.029407,0.041475
KCU,31,40,1,0.081502,0.028184,0.027029
BA,31,40,2,0.03836,0.010489,0.027703
KCU,31,40,1,0.077267,0.027266,0.020723
BA,31,40,16,1.16873,0.967559,0.198916
KCU,31,40,1,0.080246,0.028914,0.025288
BA,31,60,3,0.067615,0.031907,0.035378
KCU,31,60,1,0.089492,0.028894,0.02709
BA,31,60,2,0.046151,0.014298,0.031689
KCU,31,60,1,0.075364,0.025722,0.025449
BA,31,60,12,0.60848,0.464444,0.142354
KCU,31,60,1,0.080765,0.029004,0.022205
BA,31,60,4,0.095915,0.04841,0.047055
KCU,31,60,2,0.132732,0.046248,0.040527
BA,31,60,2,0.037053,0.009411,0.027454
KCU,31,60,1,0.077584,0.027034,0.025078
BA,31,60,15,1.04658,0.86352,0.180886
KCU,31,60,1,0.085375,0.030661,0.027734
BA,31,60,10,0.431004,0.298668,0.130893
KCU,31,60,1,0.081869,0.029085,0.026646
BA,31,60,2,0.040293,0.010002,0.030117
KCU,31,60,1,0.082952,0.02845,0.028039
BA,31,60,2,0.038879,0.015557,0.023144
KCU,31,60,1,0.075844,0.027958,0.020703
BA,31,60,13,0.711973,0.555277,0.154852
KCU,31,60,1,0.07799,0.027405,0.025743
BA,31,60,10,0.466429,0.328814,0.136129
KCU,31,60,1,0.09372,0.032546,0.030882
BA,31,60,15,1.09136,0.881108,0.208007
KCU,31,60,1,0.090881,0.031811,0.030018
BA,31,60,13,0.766608,0.585619,0.179092
KCU,31,60,1,0.088803,0.031684,0.028864
BA,31,60,3,0.070917,0.027049,0.043542
KCU,31,60,1,0.0928,0.033021,0.029732
BA,31,60,2,0.041296,0.016218,0.024906
KCU,31,60,1,0.084361,0.031112,0.022707
BA,31,60,3,0.074636,0.029639,0.044671
KCU,31,60,1,0.086658,0.030374,0.02287
BA,31,60,15,1.02977,0.833737,0.193907
KCU,31,60,1,0.092329,0.032384,0.030782
BA,31,60,4,0.111967,0.058259,0.053196
KCU,31,60,2,0.158965,0.055522,0.04742
BA,31,60,13,0.805487,0.625787,0.17783
KCU,31,60,1,0.090376,0.032468,0.029274
BA,31,60,2,0.041983,0.016636,0.025174
KCU,31,60,1,0.091698,0.032664,0.029311
BA,31,60,20,3.81723,3.53904,0.275209
KCU,31,60,2,0.143862,0.052895,0.037925
BA,31,60,15,1.03441,0.846914,0.180135
KCU,31,60,1,0.084455,0.029679,0.027997
BA,31,60,3,0.071633,0.02725,0.040238
KCU,31,60,2,0.142079,0.049985,0.043162
BA,31,60,2,0.041607,0.016114,0.025315
KCU,31,60,1,0.087838,0.030211,0.023942
BA,31,60,12,0.623709,0.469769,0.152238
KCU,31,60,1,0.084703,0.031101,0.021732
BA,31,60,11,0.533883,0.395521,0.136776
KCU,31,60,1,0.082137,0.029792,0.026488
BA,31,60,14,0.83022,0.655304,0.172846
KCU,31,60,1,0.082598,0.030248,0.020739
BA,31,60,14,0.848141,0.665085,0.181022
KCU,31,60,1,0.083492,0.0308,0.026238
BA,31,60,14,0.867672,0.69699,0.168754
KCU,31,60,1,0.088927,0.031782,0.02887
BA,31,60,6,0.186146,0.109765,0.075599
KCU,31,60,1,0.086101,0.031674,0.021928
BA,31,80,11,0.527333,0.375966,0.145332
KCU,31,80,1,0.083385,0.02734,0.025838
BA,31,80,3,0.075516,0.030701,0.04445
KCU,31,80,1,0.087921,0.031297,0.025345
BA,31,80,2,0.045706,0.016072,0.029459
KCU,31,80,1,0.088102,0.030961,0.023386
BA,31,80,12,0.649433,0.493981,0.153716
KCU,31,80,1,0.083809,0.030626,0.025849
BA,31,80,17,1.41999,1.1894,0.227914
KCU,31,80,1,0.104937,0.041479,0.031974
BA,31,80,7,0.249981,0.159542,0.089462
KCU,31,80,1,0.089279,0.031506,0.029049
BA,31,80,17,1.28366,1.06243,0.218601
KCU,31,80,1,0.094815,0.031286,0.02859
BA,31,80,7,0.242201,0.141539,0.099719
KCU,31,80,1,0.093784,0.029954,0.024718
BA,31,80,16,1.18361,0.974195,0.206968
KCU,31,80,1,0.092863,0.030878,0.028142
BA,31,80,3,0.075376,0.037194,0.037848
KCU,31,80,1,0.08342,0.028927,0.027181
BA,31,80,4,0.099747,0.051084,0.048192
KCU,31,80,2,0.143042,0.049493,0.039086
BA,31,80,14,0.918238,0.736187,0.179876
KCU,31,80,1,0.087427,0.032295,0.026809
BA,31,80,3,0.073183,0.029788,0.043051
KCU,31,80,2,0.142897,0.049241,0.043331
BA,31,80,12,0.633688,0.483575,0.148348
KCU,31,80,1,0.083602,0.030831,0.020973
BA,31,80,15,1.12512,0.928945,0.193876
KCU,31,80,1,0.090278,0.030826,0.026364
BA,31,80,6,0.187596,0.099615,0.087191
KCU,31,80,1,0.086466,0.030672,0.02204
BA,31,80,8,0.313071,0.206142,0.105767
KCU,31,80,2,0.140151,0.04824,0.037492
BA,31,80,10,0.446488,0.308982,0.13603
KCU,31,80,1,0.090293,0.030561,0.021355
BA,31,80,4,0.111071,0.053174,0.057376
KCU,31,80,2,0.142275,0.049893,0.042987
BA,31,80,2,0.042485,0.016626,0.025664
KCU,31,80,1,0.091637,0.032182,0.030079
BA,31,80,4,0.096875,0.044354,0.05206
KCU,31,80,2,0.144907,0.048327,0.03844
BA,31,80,8,0.309106,0.207682,0.100249
KCU,31,80,1,0.089825,0.03114,0.030448
BA,31,80,14,0.884878,0.702061,0.180697
KCU,31,80,1,0.084428,0.030841,0.026498
BA,31,80,12,0.625118,0.469708,0.15364
KCU,31,80,1,0.083396,0.029754,0.021088
BA,31,80,4,0.106666,0.055121,0.051015
KCU,31,80,2,0.147571,0.051797,0.043713
BA,31,80,4,0.103607,0.053872,0.049242
KCU,31,80,1,0.087499,0.030799,0.027975
BA,31,80,13,0.681168,0.507438,0.171808
KCU,31,80,1,0.088211,0.031108,0.029377
BA,31,80,11,0.543677,0.398847,0.143233
KCU,31,80,1,0.088659,0.031535,0.029274
BA,31,80,14,0.854163,0.679341,0.172808
KCU,31,80,1,0.089477,0.031737,0.029537
BA,31,80,8,0.298517,0.19157,0.105851
KCU,31,80,1,0.090252,0.032384,0.029215
BA,31,100,3,0.073886,0.031963,0.041611
KCU,31,100,2,0.137362,0.048498,0.041564
BA,31,100,4,0.108957,0.057365,0.051094
KCU,31,100,2,0.142566,0.047875,0.038391
BA,31,100,12,0.644279,0.493776,0.148749
KCU,31,100,1,0.097206,0.032312,0.029268
BA,31,100,3,0.073432,0.034527,0.038564
KCU,31,100,1,0.096723,0.032689,0.027953
BA,31,100,13,0.759867,0.577804,0.175426
KCU,31,100,1,0.085847,0.030416,0.022997
BA,31,100,6,0.190541,0.114074,0.075666
KCU,31,100,1,0.090467,0.031813,0.029653
BA,31,100,10,0.456837,0.322243,0.133111
KCU,31,100,1,0.092507,0.032712,0.030464
BA,31,100,2,0.042226,0.010365,0.03167
KCU,31,100,1,0.091302,0.03154,0.030243
BA,31,100,4,0.10385,0.052248,0.05111
KCU,31,100,2,0.141472,0.046645,0.038448
BA,31,100,2,0.042943,0.016528,0.026224
KCU,31,100,1,0.090392,0.034128,0.026021
BA,31,100,5,0.142682,0.079343,0.062716
KCU,31,100,2,0.144388,0.050166,0.043513
BA,31,100,5,0.143533,0.064608,0.078284
KCU,31,100,6,0.397202,0.137389,0.107158
BA,31,100,12,0.617236,0.455861,0.159542
KCU,31,100,1,0.089665,0.032492,0.029
BA,31,100,12,0.609924,0.457208,0.151008
KCU,31,100,1,0.092323,0.030822,0.0287
BA,31,100,14,0.860703,0.668915,0.189727
KCU,31,100,1,0.096254,0.032341,0.028922
BA,31,100,17,1.33001,1.09517,0.232332
KCU,31,100,1,0.085769,0.030206,0.027432
BA,31,100,11,0.552513,0.409828,0.141066
KCU,31,100,1,0.093465,0.0313,0.022053
BA,31,100,15,1.07296,0.877036,0.193704
KCU,31,100,1,0.087964,0.032065,0.022383
BA,31,100,5,0.151538,0.086564,0.064332
KCU,31,100,2,0.141064,0.049464,0.042565
BA,31,100,10,0.466323,0.329689,0.130338
KCU,31,100,1,0.08769,0.031256,0.022459
BA,31,100,4,0.100578,0.041591,0.058503
KCU,31,100,2,0.13884,0.047866,0.041296
BA,31,100,10,0.462525,0.337044,0.124036
KCU,31,100,1,0.082128,0.029292,0.027159
BA,31,100,12,0.625463,0.459362,0.164271
KCU,31,100,1,0.088426,0.030472,0.029787
BA,31,100,3,0.069946,0.021758,0.047829
KCU,31,100,1,0.092502,0.031023,0.027193
BA,31,100,2,0.042569,0.01695,0.025425
KCU,31,100,1,0.084479,0.03015,0.021968
BA,31,100,11,0.518852,0.377006,0.140228
KCU,31,100,1,0.089147,0.032841,0.022163
BA,31,100,2,0.041447,0.015836,0.025406
KCU,31,100,1,0.093049,0.030638,0.027107
BA,31,100,12,0.616871,0.459559,0.155475
KCU,31,100,1,0.087303,0.031837,0.02198
BA,31,100,11,0.533728,0.39279,0.139287
KCU,31,100,1,0.087408,0.031124,0.028654
BA,31,100,3,0.068997,0.032673,0.035995
KCU,31,100,1,0.082509,0.028765,0.026864
BA,41,0,9,0.488586,0.28241,0.204788
KCU,41,0,1,0.169017,0.048349,0.054547
BA,41,0,4,0.158915,0.058927,0.099474
KCU,41,0,1,0.166327,0.049736,0.050344
BA,41,0,5,0.216006,0.102074,0.113254
KCU,41,0,1,0.161698,0.048171,0.040133
BA,41,0,12,0.873527,0.602826,0.26888
KCU,41,0,1,0.165117,0.049701,0.052907
BA,41,0,11,0.648766,0.413475,0.233724
KCU,41,0,1,0.169649,0.051599,0.050729
BA,41,0,9,0.515373,0.311623,0.202412
KCU,41,0,1,0.164769,0.049217,0.044043
BA,41,0,2,0.058301,0.009862,0.048269
KCU,41,0,1,0.15688,0.048372,0.047782
BA,41,0,4,0.153383,0.066325,0.086599
KCU,41,0,2,0.261671,0.076124,0.079916
BA,41,0,2,0.066848,0.022081,0.044585
KCU,41,0,1,0.157669,0.049215,0.054406
BA,41,0,16,1.43369,1.0695,0.361654
KCU,41,0,1,0.169295,0.050388,0.053779
BA,41,0,2,0.06743,0.022509,0.044705
KCU,41,0,1,0.157331,0.050034,0.05262
BA,41,0,3,0.103296,0.040134,0.062856
KCU,41,0,1,0.150156,0.042489,0.049792
BA,41,0,2,0.063343,0.020919,0.042235
KCU,41,0,1,0.144355,0.045504,0.048248
BA,41,0,14,1.05049,0.738683,0.309618
KCU,41,0,1,0.147716,0.047376,0.043206
BA,41,0,2,0.067725,0.022366,0.045156
KCU,41,0,1,0.159266,0.045633,0.049948
BA,41,0,12,0.81781,0.546286,0.269661
KCU,41,0,1,0.162576,0.047671,0.043583
BA,41,0,13,0.894002,0.581703,0.301559
KCU,41,0,1,0.157075,0.050202,0.052175
BA,41,0,2,0.066166,0.021049,0.044928
KCU,41,0,1,0.150211,0.047255,0.050569
BA,41,0,2,0.066402,0.021525,0.044698
KCU,41,0,1,0.153231,0.049689,0.040893
BA,41,0,9,0.514658,0.308889,0.204405
KCU,41,0,1,0.152589,0.050302,0.049679
BA,41,0,2,0.067794,0.022505,0.045093
KCU,41,0,1,0.154634,0.050013,0.041919
BA,41,0,4,0.161412,0.06156,0.099322
KCU,41,0,1,0.148725,0.047331,0.040038
BA,41,0,2,0.066864,0.021762,0.044879
KCU,41,0,1,0.162338,0.052659,0.044674
BA,41,0,12,0.783952,0.513907,0.268298
KCU,41,0,1,0.152947,0.052581,0.03717
BA,41,0,12,0.786093,0.508969,0.275325
KCU,41,0,1,0.153812,0.048334,0.051908
BA,41,0,7,0.36077,0.205024,0.154793
KCU,41,0,1,0.152753,0.04738,0.05274
BA,41,0,10,0.596445,0.3612,0.233739
KCU,41,0,1,0.169471,0.050338,0.052849
BA,41,0,20,5.06491,4.59289,0.450814
KCU,41,0,1,0.15043,0.049243,0.040365
BA,41,0,3,0.110807,0.042733,0.067737
KCU,41,0,2,0.272532,0.081831,0.071186
BA,41,0,2,0.06595,0.021785,0.043964
KCU,41,0,1,0.165042,0.049142,0.050055
BA,41,20,10,0.607844,0.373407,0.23294
KCU,41,20,1,0.152458,0.049983,0.040101
BA,41,20,8,0.423786,0.242513,0.180097
KCU,41,20,1,0.168425,0.051386,0.051691
BA,41,20,12,0.855923,0.583541,0.270579
KCU,41,20,1,0.167875,0.051271,0.041168
BA,41,20,2,0.066889,0.02224,0.044464
KCU,41,20,1,0.154,0.048485,0.053209
BA,41,20,4,0.159607,0.06936,0.089752
KCU,41,20,2,0.264809,0.083954,0.086317
BA,41,20,5,0.216459,0.102004,0.113739
KCU,41,20,2,0.259935,0.081929,0.070835
BA,41,20,3,0.111648,0.044867,0.06644
KCU,41,20,1,0.147424,0.047232,0.04
BA,41,20,17,1.625,1.22261,0.399697
KCU,41,20,1,0.152629,0.049597,0.041263
BA,41,20,10,0.60086,0.373705,0.225632
KCU,41,20,1,0.156545,0.049924,0.052176
BA,41,20,3,0.112512,0.045287,0.066867
KCU,41,20,1,0.15799,0.050488,0.052835
BA,41,20,6,0.259894,0.131759,0.12733
KCU,41,20,2,0.274605,0.082815,0.083072
BA,41,20,2,0.064104,0.009997,0.053906
KCU,41,20,1,0.170061,0.049258,0.055925
BA,41,20,13,0.970615,0.676742,0.29184
KCU,41,20,1,0.15938,0.051875,0.053484
BA,41,20,13,0.96632,0.671672,0.292614
KCU,41,20,1,0.161763,0.048123,0.050796
BA,41,20,3,0.107805,0.041372,0.066072
KCU,41,20,2,0.268117,0.077526,0.086036
BA,41,20,12,0.830177,0.547334,0.281024
KCU,41,20,1,0.162091,0.051473,0.053984
BA,41,20,4,0.161523,0.070912,0.090098
KCU,41,20,4,0.474677,0.146921,0.134622
BA,41,20,3,0.108605,0.032201,0.075999
KCU,41,20,1,0.164304,0.049451,0.040886
BA,41,20,3,0.096447,0.028855,0.067298
KCU,41,20,1,0.135105,0.043083,0.044814
BA,41,20,3,0.110777,0.032393,0.078032
KCU,41,20,2,0.266944,0.082111,0.085558
BA,41,20,12,0.824644,0.542911,0.279895
KCU,41,20,1,0.16751,0.049974,0.053005
BA,41,20,2,0.06354,0.01136,0.051996
KCU,41,20,1,0.159384,0.046415,0.040664
BA,41,20,3,0.102741,0.03097,0.071409
KCU,41,20,2,0.250417,0.076374,0.068506
BA,41,20,2,0.061832,0.010039,0.051604
KCU,41,20,1,0.167028,0.048572,0.052835
BA,41,20,16,1.37564,1.01683,0.356437
KCU,41,20,1,0.174036,0.052855,0.057143
BA,41,20,2,0.072066,0.023878,0.047983
KCU,41,20,1,0.187915,0.054359,0.061915
BA,41,20,9,0.543786,0.324658,0.217831
KCU,41,20,1,0.169045,0.049897,0.052854
BA,41,20,3,0.119681,0.047652,0.071645
KCU,41,20,1,0.168529,0.053075,0.056502
BA,41,20,6,0.299369,0.13307,0.165408
KCU,41,20,1,0.163505,0.052413,0.042302
BA,41,20,2,0.06847,0.010429,0.057865
KCU,41,20,1,0.169314,0.055176,0.046195
BA,41,40,2,0.077579,0.026887,0.050461
KCU,41,40,1,0.172891,0.055079,0.057865
BA,41,40,15,1.33645,0.959804,0.374296
KCU,41,40,1,0.166492,0.052115,0.056123
BA,41,40,21,5.3433,4.84385,0.496144
KCU,41,40,1,0.159052,0.051632,0.036065
BA,41,40,3,0.115867,0.047909,0.06761
KCU,41,40,2,0.256477,0.081619,0.069855
BA,41,40,2,0.068933,0.022512,0.046226
KCU,41,40,1,0.166585,0.048812,0.052368
BA,41,40,8,0.411274,0.232836,0.177266
KCU,41,40,1,0.150219,0.048371,0.040907
BA,41,40,4,0.156434,0.057361,0.098554
KCU,41,40,2,0.253413,0.080905,0.071446
BA,41,40,7,0.342052,0.184184,0.156825
KCU,41,40,2,0.256429,0.081989,0.083469
BA,41,40,4,0.154151,0.067328,0.086345
KCU,41,40,2,0.257878,0.076524,0.074164
BA,41,40,2,0.067756,0.023142,0.044423
KCU,41,40,1,0.156562,0.04783,0.055372
BA,41,40,5,0.209749,0.089417,0.119657
KCU,41,40,2,0.272589,0.080955,0.085869
BA,41,40,20,3.74135,3.28984,0.448353
KCU,41,40,1,0.163361,0.043128,0.056165
BA,41,40,3,0.121009,0.036025,0.084624
KCU,41,40,1,0.16518,0.05436,0.043243
BA,41,40,14,1.20875,0.878367,0.328166
KCU,41,40,1,0.16649,0.050301,0.040165
BA,41,40,2,0.066482,0.021226,0.045066
KCU,41,40,1,0.162447,0.050575,0.057036
BA,41,40,4,0.164996,0.073196,0.091271
KCU,41,40,2,0.267101,0.08503,0.083212
BA,41,40,15,1.26963,0.931094,0.336211
KCU,41,40,1,0.152437,0.050021,0.040271
BA,41,40,14,1.07193,0.749621,0.320092
KCU,41,40,1,0.165095,0.050682,0.056331
BA,41,40,11,0.695018,0.435151,0.258204
KCU,41,40,1,0.171565,0.050189,0.044996
BA,41,40,13,0.986892,0.679645,0.30524
KCU,41,40,1,0.152683,0.049787,0.050659
BA,41,40,10,0.591035,0.361646,0.227871
KCU,41,40,1,0.155379,0.049008,0.053783
BA,41,40,16,1.29725,0.928457,0.366337
KCU,41,40,1,0.166415,0.05027,0.04291
BA,41,40,3,0.116251,0.046147,0.069763
KCU,41,40,2,0.247456,0.079101,0.05885
BA,41,40,14,1.01145,0.67457,0.334692
KCU,41,40,1,0.153525,0.050419,0.040855
BA,41,40,11,0.706429,0.457106,0.247623
KCU,41,40,1,0.159731,0.051487,0.053545
BA,41,40,4,0.153901,0.066867,0.086506
KCU,41,40,2,0.2679,0.082563,0.073235
BA,41,40,2,0.06863,0.022236,0.046203
KCU,41,40,1,0.158901,0.049221,0.053884
BA,41,40,10,0.570632,0.333922,0.235203
KCU,41,40,1,0.154347,0.049424,0.051822
BA,41,40,14,1.02523,0.708525,0.314494
KCU,41,40,1,0.157864,0.050399,0.044558
BA,41,40,13,0.927132,0.638969,0.286263
KCU,41,40,1,0.163101,0.048233,0.04451
BA,41,60,11,0.76871,0.486387,0.280557
KCU,41,60,1,0.17037,0.054289,0.057267
BA,41,60,16,1.50484,1.09079,0.411427
KCU,41,60,1,0.173233,0.055421,0.057755
BA,41,60,4,0.173475,0.064304,0.108634
KCU,41,60,2,0.29323,0.087492,0.088462
BA,41,60,2,0.071451,0.02316,0.04811
KCU,41,60,1,0.179633,0.054491,0.062176
BA,41,60,3,0.12226,0.050415,0.071473
KCU,41,60,2,0.292832,0.091858,0.092263
BA,41,60,3,0.118533,0.046923,0.071266
KCU,41,60,1,0.167658,0.053946,0.055197
BA,41,60,15,1.32852,0.964372,0.361773
KCU,41,60,1,0.18433,0.05569,0.058343
BA,41,60,19,4.09433,3.6646,0.42689
KCU,41,60,1,0.157314,0.050752,0.043515
BA,41,60,15,1.33595,0.975009,0.35816
KCU,41,60,1,0.158657,0.049027,0.052199
BA,41,60,6,0.285037,0.140042,0.144141
KCU,41,60,1,0.152405,0.048448,0.043088
BA,41,60,4,0.157571,0.067701,0.089357
KCU,41,60,2,0.259827,0.081586,0.080487
BA,41,60,2,0.068389,0.022447,0.04574
KCU,41,60,1,0.166933,0.049145,0.051866
BA,41,60,4,0.165218,0.073358,0.091358
KCU,41,60,3,0.367927,0.116405,0.100649
BA,41,60,4,0.159196,0.059641,0.099042
KCU,41,60,1,0.153994,0.04977,0.04174
BA,41,60,13,0.894848,0.603774,0.289095
KCU,41,60,1,0.146653,0.045871,0.049467
BA,41,60,14,1.10177,0.787239,0.312398
KCU,41,60,1,0.171265,0.051229,0.053459
BA,41,60,4,0.162789,0.071149,0.09113
KCU,41,60,2,0.263356,0.077974,0.080519
BA,41,60,2,0.06393,0.021223,0.042525
KCU,41,60,1,0.157975,0.049576,0.053481
BA,41,60,3,0.104043,0.039982,0.06375
KCU,41,60,1,0.158175,0.049979,0.053039
BA,41,60,3,0.101338,0.039042,0.06197
KCU,41,60,1,0.15014,0.044096,0.048363
BA,41,60,17,1.50763,1.14042,0.364702
KCU,41,60,1,0.144054,0.04799,0.038777
BA,41,60,12,0.758523,0.499479,0.257361
KCU,41,60,1,0.156793,0.047804,0.049157
BA,41,60,2,0.061525,0.010003,0.051358
KCU,41,60,1,0.151245,0.045446,0.053431
BA,41,60,2,0.061594,0.010178,0.051189
KCU,41,60,1,0.146432,0.046003,0.049438
BA,41,60,12,0.792504,0.532131,0.258693
KCU,41,60,1,0.147243,0.047751,0.049303
BA,41,60,2,0.061958,0.019044,0.042736
KCU,41,60,1,0.14142,0.046165,0.038702
BA,41,60,6,0.268708,0.13888,0.129037
KCU,41,60,1,0.14674,0.043582,0.0507
BA,41,60,2,0.062689,0.019537,0.04298
KCU,41,60,1,0.151367,0.045368,0.038189
BA,41,60,10,0.561704,0.346072,0.214222
KCU,41,60,1,0.143561,0.04635,0.047714
BA,41,60,9,0.494027,0.298256,0.194482
KCU,41,60,1,0.142376,0.044754,0.038736
BA,41,80,14,1.04786,0.737958,0.307931
KCU,41,80,1,0.15667,0.046671,0.048169
BA,41,80,7,0.318676,0.168364,0.149362
KCU,41,80,1,0.14911,0.046444,0.051047
BA,41,80,12,0.772557,0.517278,0.253593
KCU,41,80,1,0.152458,0.045909,0.047563
BA,41,80,10,0.561845,0.34789,0.212563
KCU,41,80,1,0.140474,0.044937,0.037736
BA,41,80,4,0.151502,0.066411,0.084644
KCU,41,80,2,0.248476,0.075991,0.063639
BA,41,80,3,0.104852,0.031611,0.072925
KCU,41,80,2,0.238917,0.07649,0.065523
BA,41,80,2,0.064464,0.020517,0.043771
KCU,41,80,1,0.149773,0.046078,0.052974
BA,41,80,17,1.57454,1.20764,0.364425
KCU,41,80,1,0.144536,0.047238,0.04734
BA,41,80,3,0.104262,0.040986,0.062928
KCU,41,80,2,0.256433,0.078208,0.074534
BA,41,80,2,0.060778,0.010343,0.050235
KCU,41,80,1,0.146631,0.045771,0.049963
BA,41,80,3,0.104453,0.031813,0.072309
KCU,41,80,2,0.240528,0.076532,0.065857
BA,41,80,2,0.060327,0.018601,0.041553
KCU,41,80,1,0.142862,0.044679,0.048531
BA,41,80,3,0.100387,0.029496,0.070553
KCU,41,80,2,0.245735,0.07734,0.075919
BA,41,80,7,0.326715,0.170426,0.15539
KCU,41,80,1,0.145975,0.048155,0.037598
BA,41,80,4,0.147584,0.064275,0.082861
KCU,41,80,2,0.25065,0.077238,0.074527
BA,41,80,3,0.106689,0.041596,0.06475
KCU,41,80,1,0.145457,0.044874,0.050089
BA,41,80,12,0.824764,0.531511,0.291289
KCU,41,80,1,0.1643,0.051692,0.045592
BA,41,80,5,0.21965,0.104434,0.114581
KCU,41,80,2,0.282403,0.085977,0.075847
BA,41,80,3,0.119527,0.04797,0.071166
KCU,41,80,1,0.154472,0.050279,0.041861
BA,41,80,3,0.113349,0.044612,0.068397
KCU,41,80,1,0.175141,0.050432,0.056093
BA,41,80,4,0.158779,0.060819,0.097468
KCU,41,80,2,0.265088,0.084528,0.083288
BA,41,80,14,1.11437,0.787669,0.32461
KCU,41,80,1,0.164112,0.05097,0.058017
BA,41,80,2,0.065472,0.01034,0.054935
KCU,41,80,1,0.156164,0.050607,0.042248
BA,41,80,10,0.551837,0.329029,0.213329
KCU,41,80,1,0.145473,0.045805,0.042241
BA,41,80,4,0.150962,0.063964,0.08649
KCU,41,80,2,0.240072,0.074101,0.076727
BA,41,80,3,0.103622,0.041127,0.062183
KCU,41,80,2,0.241934,0.066055,0.076509
BA,41,80,3,0.098769,0.038403,0.060054
KCU,41,80,1,0.146752,0.04254,0.047186
BA,41,80,13,0.949915,0.664381,0.277149
KCU,41,80,1,0.141486,0.046209,0.047477
BA,41,80,18,1.59492,1.20172,0.390619
KCU,41,80,1,0.138404,0.042515,0.04035
BA,41,80,4,0.143627,0.0609,0.082274
KCU,41,80,2,0.232722,0.073246,0.072445
BA,41,100,15,1.13359,0.819632,0.311799
KCU,41,100,1,0.144753,0.043773,0.048578
BA,41,100,9,0.47334,0.286219,0.185924
KCU,41,100,1,0.139963,0.044934,0.045119
BA,41,100,4,0.146187,0.062145,0.083564
KCU,41,100,4,0.434822,0.131234,0.128521
BA,41,100,2,0.061686,0.019063,0.042444
KCU,41,100,1,0.150273,0.044295,0.047974
BA,41,100,13,0.84454,0.558752,0.284006
KCU,41,100,1,0.139077,0.042197,0.048362
BA,41,100,17,1.37706,1.02487,0.349786
KCU,41,100,1,0.150805,0.045466,0.046637
BA,41,100,2,0.057315,0.009984,0.047158
KCU,41,100,1,0.13506,0.043733,0.036549
BA,41,100,17,1.5094,1.164,0.343049
KCU,41,100,1,0.137135,0.041244,0.042976
BA,41,100,11,0.643264,0.420064,0.221773
KCU,41,100,1,0.14107,0.041893,0.044707
BA,41,100,12,0.694503,0.447262,0.245639
KCU,41,100,1,0.135209,0.043997,0.036442
BA,41,100,4,0.141273,0.06048,0.080343
KCU,41,100,2,0.217474,0.066059,0.068824
BA,41,100,4,0.139838,0.058427,0.080975
KCU,41,100,2,0.212084,0.066721,0.067631
BA,41,100,9,0.423665,0.235749,0.186774
KCU,41,100,1,0.138509,0.040835,0.04391
BA,41,100,5,0.188251,0.090398,0.097274
KCU,41,100,2,0.228966,0.068694,0.071383
BA,41,100,2,0.057732,0.017324,0.040249
KCU,41,100,1,0.132779,0.041537,0.045422
BA,41,100,4,0.139102,0.051278,0.087379
KCU,41,100,2,0.226222,0.071775,0.060959
BA,41,100,6,0.266055,0.14068,0.124627
KCU,41,100,1,0.13871,0.044726,0.045846
BA,41,100,11,0.641171,0.415608,0.2241
KCU,41,100,1,0.135068,0.042438,0.045073
BA,41,100,2,0.060571,0.019276,0.041087
KCU,41,100,1,0.140975,0.044676,0.03838
BA,41,100,13,0.923937,0.650271,0.271806
KCU,41,100,1,0.151568,0.045789,0.046593
BA,41,100,3,0.097351,0.036992,0.060054
KCU,41,100,1,0.131865,0.041683,0.043356
BA,41,100,2,0.058757,0.010315,0.04827
KCU,41,100,1,0.140793,0.043645,0.048364
BA,41,100,17,1.52904,1.14746,0.379104
KCU,41,100,1,0.147143,0.047771,0.039541
BA,41,100,3,0.103325,0.03919,0.063807
KCU,41,100,1,0.142059,0.044152,0.050158
BA,41,100,13,0.908822,0.637972,0.269033
KCU,41,100,1,0.156324,0.047058,0.041519
BA,41,100,14,1.01741,0.694132,0.301773
KCU,41,100,1,0.146404,0.047849,0.039402
BA,41,100,13,0.955383,0.664572,0.288822
KCU,41,100,1,0.152519,0.050572,0.039213
BA,41,100,13,0.929822,0.639612,0.288313
KCU,41,100,1,0.147637,0.047566,0.049219
BA,41,100,3,0.104022,0.039017,0.064671
KCU,41,100,1,0.154494,0.046807,0.054485
BA,41,100,13,0.913321,0.627398,0.28399
KCU,41,100,1,0.155286,0.05036,0.05022
BA,51,0,4,0.208556,0.074836,0.13322
KCU,51,0,4,0.63648,0.184368,0.184689
BA,51,0,15,1.35051,0.84084,0.507449
KCU,51,0,1,0.24423,0.069056,0.086197
BA,51,0,2,0.091296,0.024153,0.066961
KCU,51,0,1,0.222714,0.06679,0.062017
BA,51,0,15,1.39244,0.891152,0.499045
KCU,51,0,1,0.220003,0.067436,0.063073
BA,51,0,8,0.524905,0.255585,0.268193
KCU,51,0,1,0.221166,0.067499,0.06287
BA,51,0,13,1.13227,0.696822,0.433454
KCU,51,0,1,0.221081,0.067511,0.061066
BA,51,0,12,0.953521,0.545604,0.406139
KCU,51,0,1,0.223955,0.067129,0.065392
BA,51,0,3,0.148676,0.05016,0.098188
KCU,51,0,1,0.227686,0.067941,0.063963
BA,51,0,10,0.815489,0.452819,0.361161
KCU,51,0,1,0.250092,0.075107,0.074811
BA,51,0,4,0.232689,0.085383,0.146715
KCU,51,0,2,0.423667,0.125005,0.108296
BA,51,0,3,0.162341,0.036145,0.125826
KCU,51,0,1,0.2525,0.076158,0.084623
BA,51,0,10,0.814449,0.437535,0.375348
KCU,51,0,1,0.27067,0.078338,0.075747
BA,51,0,2,0.099631,0.010126,0.089319
KCU,51,0,1,0.248518,0.07699,0.083305
BA,51,0,4,0.214888,0.064286,0.150099
KCU,51,0,4,0.700971,0.206735,0.217177
BA,51,0,7,0.457551,0.188229,0.268323
KCU,51,0,1,0.238401,0.069221,0.068653
BA,51,0,4,0.214285,0.0772,0.136526
KCU,51,0,2,0.357779,0.105892,0.108615
BA,51,0,2,0.093675,0.025072,0.068397
KCU,51,0,1,0.23331,0.068647,0.084946
BA,51,0,17,1.84436,1.24849,0.59333
KCU,51,0,1,0.230207,0.069848,0.078463
BA,51,0,5,0.287672,0.115413,0.171526
KCU,51,0,2,0.398092,0.114818,0.135332
BA,51,0,7,0.432763,0.194055,0.237719
KCU,51,0,1,0.226364,0.071964,0.058835
BA,51,0,3,0.150577,0.049232,0.100977
KCU,51,0,1,0.228277,0.067918,0.079316
BA,51,0,12,0.678446,0.382688,0.29464
KCU,51,0,1,0.138537,0.039082,0.042793
BA,51,0,5,0.187559,0.063589,0.123579
KCU,51,0,4,0.410337,0.110143,0.121205
BA,51,0,13,0.848866,0.534993,0.312722
KCU,51,0,1,0.142521,0.039364,0.044758
BA,51,0,2,0.061493,0.014125,0.04726
KCU,51,0,1,0.142718,0.038384,0.042611
BA,51,0,4,0.141664,0.046442,0.094934
KCU,51,0,1,0.142457,0.040259,0.040502
BA,51,0,2,0.060707,0.013374,0.04722
KCU,51,0,1,0.142357,0.039444,0.049314
BA,51,0,14,0.884377,0.547526,0.335601
KCU,51,0,1,0.14114,0.039535,0.044874
BA,51,0,2,0.061409,0.013977,0.04732
KCU,51,0,1,0.13716,0.038272,0.042474
BA,51,0,3,0.085174,0.021809,0.063261
KCU,51,0,1,0.118268,0.029763,0.042353
BA,51,20,12,0.565523,0.314288,0.250687
KCU,51,20,1,0.119161,0.030881,0.042328
BA,51,20,13,0.729828,0.454813,0.274426
KCU,51,20,1,0.117489,0.030764,0.040789
BA,51,20,12,0.590985,0.33948,0.250951
KCU,51,20,1,0.11767,0.0305,0.041128
BA,51,20,6,0.205806,0.077424,0.12814
KCU,51,20,1,0.117163,0.03004,0.041
BA,51,20,11,0.518851,0.285219,0.233134
KCU,51,20,1,0.120991,0.031299,0.039267
BA,51,20,4,0.118551,0.034609,0.083785
KCU,51,20,2,0.194541,0.04842,0.061957
BA,51,20,12,0.586152,0.334282,0.251315
KCU,51,20,1,0.117794,0.030817,0.040975
BA,51,20,7,0.245868,0.099447,0.14613
KCU,51,20,1,0.118723,0.030829,0.039255
BA,51,20,3,0.085018,0.021978,0.062934
KCU,51,20,2,0.190679,0.047237,0.060529
BA,51,20,3,0.084674,0.02139,0.063179
KCU,51,20,1,0.116289,0.030464,0.040003
BA,51,20,17,1.12242,0.767166,0.354463
KCU,51,20,1,0.118687,0.030793,0.039096
BA,51,20,2,0.052206,0.010271,0.041879
KCU,51,20,1,0.116621,0.03002,0.040773
BA,51,20,3,0.083706,0.020799,0.062804
KCU,51,20,2,0.191225,0.047647,0.063302
BA,51,20,3,0.085353,0.022272,0.062978
KCU,51,20,2,0.189373,0.047163,0.059971
BA,51,20,3,0.087166,0.024091,0.062969
KCU,51,20,1,0.116838,0.031588,0.039313
BA,51,20,3,0.085114,0.019506,0.065505
KCU,51,20,2,0.189774,0.047166,0.062976
BA,51,20,14,0.815967,0.522984,0.292346
KCU,51,20,1,0.117618,0.030645,0.040945
BA,51,20,2,0.051197,0.009278,0.041863
KCU,51,20,1,0.117467,0.02989,0.039061
BA,51,20,14,0.790333,0.497687,0.292013
KCU,51,20,1,0.11882,0.03088,0.039088
BA,51,20,12,0.578072,0.32764,0.249902
KCU,51,20,1,0.120352,0.031142,0.04191
BA,51,20,5,0.157042,0.050068,0.10677
KCU,51,20,3,0.265469,0.065476,0.080813
BA,51,20,15,0.963001,0.65001,0.312312
KCU,51,20,1,0.120213,0.030669,0.04069
BA,51,20,4,0.118353,0.034784,0.083418
KCU,51,20,2,0.192199,0.047105,0.064339
BA,51,20,3,0.082793,0.01987,0.062821
KCU,51,20,1,0.118564,0.029668,0.037613
BA,51,20,15,0.885812,0.572723,0.31239
KCU,51,20,1,0.11959,0.030288,0.042143
BA,51,20,3,0.08383,0.02083,0.062897
KCU,51,20,1,0.117791,0.031253,0.040662
BA,51,20,3,0.084658,0.01898,0.065567
KCU,51,20,2,0.190494,0.048093,0.060042
BA,51,20,11,0.53808,0.305293,0.232288
KCU,51,20,1,0.11723,0.030643,0.040767
BA,51,20,2,0.052186,0.009984,0.042146
KCU,51,20,1,0.119961,0.030984,0.041374
BA,51,20,4,0.120314,0.033715,0.08644
KCU,51,20,2,0.191669,0.045412,0.060294
BA,51,40,12,0.628538,0.373757,0.254234
KCU,51,40,1,0.118693,0.031556,0.040939
BA,51,40,4,0.119114,0.035144,0.083811
KCU,51,40,2,0.193644,0.047367,0.061974
BA,51,40,5,0.157595,0.052996,0.104404
KCU,51,40,2,0.190094,0.047274,0.058764
BA,51,40,14,0.841969,0.543014,0.295509
KCU,51,40,1,0.118784,0.03199,0.040749
BA,51,40,4,0.119164,0.032544,0.086457
KCU,51,40,1,0.116878,0.030015,0.040761
BA,51,40,8,0.30513,0.134927,0.169866
KCU,51,40,2,0.191236,0.04782,0.060086
BA,51,40,7,0.250772,0.104307,0.146165
KCU,51,40,1,0.117471,0.030517,0.040874
BA,51,40,4,0.12097,0.037248,0.083575
KCU,51,40,2,0.19274,0.048889,0.061897
BA,51,40,2,0.051926,0.009713,0.042155
KCU,51,40,1,0.120135,0.030505,0.039204
BA,51,40,2,0.05163,0.009388,0.042185
KCU,51,40,1,0.117049,0.03162,0.0394
BA,51,40,16,1.03178,0.696842,0.334198
KCU,51,40,1,0.11769,0.030854,0.040657
BA,51,40,11,0.541046,0.289893,0.250424
KCU,51,40,1,0.128452,0.034574,0.041176
BA,51,40,3,0.09512,0.020089,0.074885
KCU,51,40,1,0.128253,0.034989,0.040037
BA,51,40,3,0.088745,0.021659,0.066939
KCU,51,40,1,0.127898,0.034641,0.040031
BA,51,40,3,0.09231,0.019573,0.072594
KCU,51,40,2,0.22531,0.054377,0.067183
BA,51,40,4,0.120996,0.037185,0.083656
KCU,51,40,2,0.189682,0.048089,0.060319
BA,51,40,3,0.083632,0.020552,0.062978
KCU,51,40,1,0.121131,0.029873,0.042304
BA,51,40,2,0.05227,0.010245,0.04197
KCU,51,40,1,0.118269,0.03022,0.039123
BA,51,40,5,0.161556,0.053993,0.107358
KCU,51,40,1,0.117017,0.030112,0.040859
BA,51,40,14,0.844489,0.551704,0.292143
KCU,51,40,1,0.120706,0.030954,0.042336
BA,51,40,5,0.158544,0.053563,0.104782
KCU,51,40,2,0.190979,0.049018,0.058757
BA,51,40,2,0.054246,0.009551,0.044634
KCU,51,40,1,0.119499,0.030142,0.039165
BA,51,40,4,0.121028,0.037177,0.083689
KCU,51,40,2,0.194004,0.049533,0.060085
BA,51,40,13,0.70212,0.429389,0.272131
KCU,51,40,1,0.12101,0.031137,0.037946
BA,51,40,15,0.952772,0.631923,0.320134
KCU,51,40,1,0.117731,0.030624,0.040976
BA,51,40,19,1.46754,1.06791,0.3987
KCU,51,40,1,0.119262,0.031088,0.042167
BA,51,40,2,0.051797,0.009679,0.042059
KCU,51,40,1,0.117172,0.030456,0.040512
BA,51,40,3,0.085857,0.023015,0.062741
KCU,51,40,2,0.191979,0.04757,0.061594
BA,51,40,11,0.540602,0.309537,0.23056
KCU,51,40,1,0.121643,0.032892,0.041039
BA,51,40,4,0.118842,0.035107,0.083587
KCU,51,40,2,0.192362,0.048509,0.063478
BA,51,60,3,0.08415,0.018321,0.065726
KCU,51,60,2,0.191624,0.048292,0.060296
BA,51,60,18,1.39124,1.01089,0.379469
KCU,51,60,1,0.120385,0.031,0.038973
BA,51,60,2,0.051302,0.009421,0.041825
KCU,51,60,1,0.116098,0.030549,0.037707
BA,51,60,2,0.054588,0.009655,0.044878
KCU,51,60,1,0.122046,0.03106,0.042824
BA,51,60,14,0.805095,0.508901,0.295552
KCU,51,60,1,0.121172,0.032389,0.039489
BA,51,60,11,0.530519,0.294458,0.232762
KCU,51,60,1,0.11777,0.030696,0.040964
BA,51,60,3,0.082513,0.019456,0.062954
KCU,51,60,1,0.118454,0.03013,0.042257
BA,51,60,12,0.62084,0.369746,0.250555
KCU,51,60,1,0.118,0.031042,0.037885
BA,51,60,25,18.0764,17.5318,0.537538
KCU,51,60,2,0.197702,0.050747,0.063475
BA,51,60,3,0.085023,0.02156,0.063358
KCU,51,60,2,0.196099,0.048955,0.065127
BA,51,60,9,0.374823,0.185446,0.188966
KCU,51,60,1,0.119378,0.030822,0.039454
BA,51,60,4,0.120492,0.036381,0.083959
KCU,51,60,2,0.1921,0.046655,0.06352
BA,51,60,14,0.768127,0.473559,0.293924
KCU,51,60,1,0.121197,0.032711,0.039417
BA,51,60,3,0.084128,0.021087,0.062937
KCU,51,60,2,0.191751,0.048217,0.060359
BA,51,60,14,0.801166,0.504005,0.2965
KCU,51,60,1,0.122199,0.030936,0.042371
BA,51,60,3,0.085159,0.021899,0.063154
KCU,51,60,1,0.118106,0.030676,0.038034
BA,51,60,7,0.255364,0.105559,0.149496
KCU,51,60,1,0.120309,0.030661,0.037822
BA,51,60,11,0.517119,0.286517,0.230099
KCU,51,60,1,0.121069,0.031002,0.041018
BA,51,60,8,0.303658,0.130086,0.173215
KCU,51,60,1,0.118984,0.031953,0.040858
BA,51,60,3,0.084728,0.021555,0.063067
KCU,51,60,2,0.194221,0.049067,0.062042
BA,51,60,14,0.78771,0.494099,0.292954
KCU,51,60,1,0.121508,0.030594,0.039192
BA,51,60,5,0.160386,0.054902,0.105281
KCU,51,60,2,0.192986,0.049072,0.063484
BA,51,60,7,0.25253,0.102618,0.149611
KCU,51,60,1,0.118676,0.031211,0.041143
BA,51,60,2,0.052645,0.010406,0.042181
KCU,51,60,1,0.118086,0.029887,0.039271
BA,51,60,14,0.795559,0.500785,0.294109
KCU,51,60,1,0.121453,0.031033,0.041079
BA,51,60,12,0.635192,0.38316,0.251485
KCU,51,60,1,0.119412,0.030976,0.039246
BA,51,60,13,0.692852,0.41723,0.27501
KCU,51,60,1,0.121348,0.031075,0.039382
BA,51,60,4,0.122623,0.038371,0.084094
KCU,51,60,2,0.191837,0.04923,0.062574
BA,51,60,9,0.362272,0.173367,0.188493
KCU,51,60,1,0.119541,0.031145,0.039319
BA,51,60,2,0.052235,0.007688,0.044493
KCU,51,60,1,0.117087,0.030196,0.040947
BA,51,80,3,0.085518,0.016777,0.068636
KCU,51,80,1,0.118474,0.030238,0.0393
BA,51,80,3,0.083682,0.020672,0.062904
KCU,51,80,2,0.192873,0.048725,0.063645
BA,51,80,8,0.30853,0.140684,0.167496
KCU,51,80,1,0.118037,0.030799,0.038088
BA,51,80,5,0.163367,0.058161,0.104997
KCU,51,80,4,0.343238,0.085899,0.107125
BA,51,80,2,0.053425,0.01118,0.042187
KCU,51,80,1,0.116903,0.029985,0.040953
BA,51,80,9,0.37924,0.190163,0.188667
KCU,51,80,1,0.118548,0.031185,0.041032
BA,51,80,13,0.713099,0.434831,0.274852
KCU,51,80,1,0.119024,0.031582,0.041472
BA,51,80,13,0.70945,0.436338,0.272478
KCU,51,80,1,0.119034,0.030749,0.039189
BA,51,80,7,0.249386,0.102135,0.146949
KCU,51,80,6,0.492757,0.121968,0.140109
BA,51,80,2,0.052243,0.00747,0.044717
KCU,51,80,1,0.117323,0.030225,0.041004
BA,51,80,14,0.783265,0.48913,0.293471
KCU,51,80,1,0.119481,0.03081,0.042344
BA,51,80,13,0.710291,0.437615,0.272074
KCU,51,80,1,0.120392,0.031181,0.039224
BA,51,80,4,0.11806,0.028418,0.089489
KCU,51,80,2,0.195226,0.048514,0.063462
BA,51,80,11,0.529714,0.298949,0.230274
KCU,51,80,1,0.121128,0.032565,0.03789
BA,51,80,10,0.456072,0.246589,0.20905
KCU,51,80,1,0.118356,0.032521,0.037876
BA,51,80,10,0.432053,0.222119,0.209487
KCU,51,80,1,0.118575,0.030536,0.039132
BA,51,80,5,0.157086,0.052102,0.104787
KCU,51,80,4,0.340899,0.086094,0.10389
BA,51,80,13,0.716271,0.443552,0.272115
KCU,51,80,7,0.568754,0.141723,0.169816
BA,51,80,5,0.161015,0.056149,0.104667
KCU,51,80,2,0.194294,0.048056,0.063341
BA,51,80,16,1.07208,0.733791,0.337537
KCU,51,80,1,0.119429,0.031998,0.041317
BA,51,80,6,0.200229,0.071874,0.128113
KCU,51,80,5,0.415757,0.10403,0.126479
BA,51,80,5,0.161311,0.056345,0.104763
KCU,51,80,1,0.118641,0.030401,0.042227
BA,51,80,5,0.159722,0.054591,0.104929
KCU,51,80,2,0.193691,0.049336,0.06371
BA,51,80,4,0.119359,0.035425,0.083784
KCU,51,80,2,0.192355,0.047983,0.064164
BA,51,80,4,0.116762,0.032709,0.083903
KCU,51,80,2,0.190999,0.048465,0.062503
BA,51,80,5,0.15729,0.052638,0.104452
KCU,51,80,2,0.192358,0.048193,0.063109
BA,51,80,3,0.082729,0.019835,0.062791
KCU,51,80,2,0.192447,0.047053,0.063064
BA,51,80,4,0.118344,0.034712,0.083471
KCU,51,80,2,0.190821,0.048775,0.060903
BA,51,80,4,0.118863,0.03202,0.086689
KCU,51,80,2,0.19099,0.047511,0.060221
BA,51,80,5,0.157313,0.052845,0.104259
KCU,51,80,2,0.191104,0.048286,0.063054
BA,51,100,2,0.052447,0.010352,0.042037
KCU,51,100,1,0.119252,0.02967,0.04227
BA,51,100,13,0.707499,0.435265,0.271646
KCU,51,100,1,0.117299,0.030182,0.041015
BA,51,100,6,0.211055,0.085413,0.1254
KCU,51,100,1,0.120787,0.029977,0.042151
BA,51,100,2,0.052732,0.010169,0.042506
KCU,51,100,1,0.119722,0.031177,0.039322
BA,51,100,2,0.051154,0.006287,0.044811
KCU,51,100,1,0.118948,0.029699,0.039112
BA,51,100,3,0.085421,0.019889,0.06543
KCU,51,100,1,0.119678,0.030103,0.04358
BA,51,100,11,0.532884,0.30149,0.229851
KCU,51,100,1,0.117483,0.030533,0.040907
BA,51,100,9,0.383028,0.19197,0.19066
KCU,51,100,1,0.117614,0.030928,0.037757
BA,51,100,14,0.775903,0.483104,0.292164
KCU,51,100,1,0.117316,0.03075,0.04068
BA,51,100,3,0.083649,0.020906,0.062643
KCU,51,100,1,0.119385,0.02998,0.042256
BA,51,100,2,0.051929,0.009925,0.041947
KCU,51,100,1,0.118314,0.029897,0.042339
BA,51,100,9,0.383048,0.192392,0.190272
KCU,51,100,1,0.118757,0.030901,0.042119
BA,51,100,2,0.052234,0.010176,0.042004
KCU,51,100,1,0.119812,0.030084,0.037737
BA,51,100,6,0.203792,0.075488,0.128059
KCU,51,100,2,0.191104,0.04792,0.060144
BA,51,100,18,1.42886,1.04869,0.379315
KCU,51,100,1,0.121644,0.030865,0.038991
BA,51,100,3,0.083179,0.017587,0.06549
KCU,51,100,2,0.190458,0.047916,0.060004
BA,51,100,11,0.528656,0.295694,0.229686
KCU,51,100,1,0.117595,0.030725,0.040775
BA,51,100,17,1.24243,0.887359,0.354286
KCU,51,100,1,0.120122,0.03078,0.039076
BA,51,100,11,0.52457,0.294728,0.229353
KCU,51,100,1,0.119021,0.030764,0.042217
BA,51,100,21,7.02722,6.57277,0.453377
KCU,51,100,1,0.128005,0.033127,0.043038
BA,51,100,11,0.508412,0.275447,0.229685
KCU,51,100,1,0.120771,0.031096,0.042109
BA,51,100,3,0.083496,0.020584,0.062811
KCU,51,100,1,0.119604,0.030021,0.042143
BA,51,100,2,0.051294,0.009626,0.041614
KCU,51,100,1,0.118315,0.030173,0.038922
BA,51,100,9,0.37273,0.184308,0.188025
KCU,51,100,1,0.117355,0.031537,0.039915
BA,51,100,3,0.084314,0.018746,0.065458
KCU,51,100,1,0.119675,0.030105,0.042151
BA,51,100,3,0.083445,0.017916,0.065427
KCU,51,100,2,0.192945,0.048627,0.057201
BA,51,100,4,0.11768,0.031431,0.086104
KCU,51,100,3,0.264543,0.064494,0.084005
BA,51,100,14,0.864412,0.564216,0.299469
KCU,51,100,1,0.119174,0.03133,0.041224
BA,51,100,4,0.125848,0.037866,0.087799
KCU,51,100,2,0.207485,0.053929,0.068896
BA,51,100,3,0.089424,0.017767,0.071537
KCU,51,100,1,0.127973,0.034212,0.045062
BA,61,0,4,0.175996,0.045958,0.1298
KCU,61,0,2,0.304058,0.073784,0.095653
BA,61,0,2,0.077848,0.013483,0.064285
KCU,61,0,1,0.184955,0.046935,0.057141
BA,61,0,2,0.07917,0.014125,0.064958
KCU,61,0,1,0.178964,0.046522,0.057515
BA,61,0,2,0.078022,0.00791,0.070029
KCU,61,0,1,0.179071,0.046936,0.062609
BA,61,0,4,0.17306,0.038039,0.134786
KCU,61,0,2,0.302713,0.078099,0.091538
BA,61,0,3,0.123935,0.026935,0.096832
KCU,61,0,1,0.180609,0.047234,0.057846
BA,61,0,2,0.080327,0.015261,0.064973
KCU,61,0,1,0.185866,0.046941,0.0635
BA,61,0,3,0.124722,0.022149,0.102409
KCU,61,0,1,0.184907,0.04675,0.057555
BA,61,0,3,0.124622,0.02749,0.096953
KCU,61,0,1,0.18548,0.046546,0.063426
BA,61,0,4,0.17505,0.045618,0.12918
KCU,61,0,2,0.304535,0.077533,0.096915
BA,61,0,3,0.127109,0.02943,0.097512
KCU,61,0,1,0.191152,0.047201,0.06601
BA,61,0,3,0.125957,0.024025,0.101776
KCU,61,0,2,0.296009,0.077578,0.096305
BA,61,0,3,0.1255,0.027692,0.097624
KCU,61,0,1,0.179809,0.046807,0.063528
BA,61,0,4,0.177923,0.048398,0.129272
KCU,61,0,5,0.647329,0.16049,0.195306
BA,61,0,28,52.7164,51.7498,0.964341
KCU,61,0,2,0.308103,0.081538,0.094032
BA,61,0,3,0.128026,0.030078,0.097771
KCU,61,0,1,0.182446,0.047652,0.064212
BA,61,0,4,0.179843,0.048592,0.130982
KCU,61,0,5,0.66126,0.165023,0.200381
BA,61,0,4,0.177074,0.045942,0.13088
KCU,61,0,2,0.300635,0.07879,0.098733
BA,61,0,5,0.234456,0.070531,0.163573
KCU,61,0,8,1.02348,0.262321,0.301002
BA,61,0,2,0.079467,0.014065,0.065309
KCU,61,0,1,0.187757,0.047782,0.058303
BA,61,0,6,0.304422,0.106687,0.197332
KCU,61,0,1,0.183238,0.051087,0.058759
BA,61,0,13,0.923405,0.496849,0.425542
KCU,61,0,1,0.189658,0.048542,0.058581
BA,61,0,2,0.079468,0.013816,0.065559
KCU,61,0,1,0.18299,0.048119,0.064542
BA,61,0,2,0.078249,0.007118,0.071042
KCU,61,0,1,0.188327,0.049088,0.062846
BA,61,0,3,0.129616,0.026126,0.103313
KCU,61,0,1,0.187647,0.047364,0.064257
BA,61,0,8,0.425294,0.16368,0.261041
KCU,61,0,1,0.183137,0.048801,0.064087
BA,61,0,8,0.4341,0.17256,0.260963
KCU,61,0,7,0.896699,0.225586,0.266078
BA,61,0,2,0.079214,0.014091,0.065027
KCU,61,0,1,0.182652,0.047759,0.064534
BA,61,0,4,0.176776,0.046238,0.130274
KCU,61,0,2,0.300638,0.077123,0.098798
BA,61,0,11,0.729813,0.352199,0.376701
KCU,61,0,1,0.197458,0.056478,0.065916
BA,61,20,10,0.643145,0.292243,0.350097
KCU,61,20,1,0.204282,0.053077,0.068974
BA,61,20,8,0.429651,0.169034,0.260033
KCU,61,20,1,0.184626,0.048391,0.066376
BA,61,20,3,0.125331,0.02211,0.103044
KCU,61,20,2,0.300296,0.077257,0.09202
BA,61,20,5,0.251171,0.080158,0.170645
KCU,61,20,2,0.331257,0.084689,0.106386
BA,61,20,11,0.731486,0.351184,0.379409
KCU,61,20,1,0.213082,0.057924,0.067935
BA,61,20,13,0.913992,0.488143,0.424829
KCU,61,20,1,0.189921,0.048596,0.064479
BA,61,20,2,0.078347,0.007144,0.07111
KCU,61,20,1,0.188202,0.04779,0.05834
BA,61,20,6,0.296747,0.101383,0.194927
KCU,61,20,2,0.303644,0.075467,0.09783
BA,61,20,14,1.05678,0.599671,0.456042
KCU,61,20,1,0.181262,0.047865,0.063671
BA,61,20,6,0.295904,0.101158,0.194327
KCU,61,20,4,0.537681,0.135171,0.16389
BA,61,20,14,1.10567,0.648533,0.456045
KCU,61,20,1,0.182137,0.048372,0.058017
BA,61,20,3,0.12621,0.02804,0.097996
KCU,61,20,1,0.187022,0.047734,0.057918
BA,61,20,16,1.37967,0.85593,0.522469
KCU,61,20,1,0.181941,0.048299,0.057878
BA,61,20,8,0.431505,0.169838,0.261087
KCU,61,20,1,0.185389,0.047963,0.065372
BA,61,20,20,7.61628,6.96388,0.650826
KCU,61,20,1,0.186432,0.047684,0.063433
BA,61,20,4,0.17328,0.043331,0.129702
KCU,61,20,2,0.305487,0.074752,0.093082
BA,61,20,5,0.232437,0.070048,0.16206
KCU,61,20,3,0.416959,0.103545,0.124021
BA,61,20,17,1.39786,0.843812,0.552727
KCU,61,20,1,0.182122,0.047782,0.062936
BA,61,20,2,0.07726,0.012356,0.064814
KCU,61,20,1,0.184217,0.047376,0.057763
BA,61,20,6,0.292371,0.098002,0.193947
KCU,61,20,2,0.30173,0.07571,0.096461
BA,61,20,3,0.13546,0.032548,0.102718
KCU,61,20,1,0.204407,0.052724,0.069157
BA,61,20,4,0.187528,0.043726,0.143553
KCU,61,20,2,0.306162,0.077077,0.099291
BA,61,20,4,0.174571,0.045274,0.129045
KCU,61,20,2,0.301231,0.075705,0.090507
BA,61,20,3,0.126483,0.029158,0.097154
KCU,61,20,2,0.297515,0.075662,0.097594
BA,61,20,2,0.078507,0.013202,0.065201
KCU,61,20,1,0.187412,0.046598,0.06587
BA,61,20,5,0.230387,0.068017,0.162037
KCU,61,20,2,0.297351,0.076113,0.091058
BA,61,20,9,0.504577,0.212382,0.291545
KCU,61,20,1,0.180489,0.047589,0.057708
BA,61,20,3,0.125284,0.028073,0.097045
KCU,61,20,2,0.301866,0.075495,0.090923
BA,61,20,3,0.124792,0.027616,0.097007
KCU,61,20,1,0.180732,0.047302,0.057964
BA,61,20,24,24.0683,23.2724,0.788471
KCU,61,20,1,0.192522,0.048468,0.067593
BA,61,40,4,0.179008,0.048191,0.130544
KCU,61,40,2,0.313122,0.078199,0.095164
BA,61,40,10,0.594294,0.256837,0.336696
KCU,61,40,1,0.188968,0.048818,0.058197
BA,61,40,16,1.37721,0.854078,0.521885
KCU,61,40,1,0.188672,0.049193,0.066926
BA,61,40,15,1.16509,0.673032,0.490867
KCU,61,40,1,0.183919,0.048956,0.058663
BA,61,40,2,0.079435,0.013862,0.065477
KCU,61,40,1,0.189449,0.047963,0.058516
BA,61,40,3,0.124085,0.026195,0.097695
KCU,61,40,1,0.189239,0.04831,0.05833
BA,61,40,4,0.181626,0.050485,0.13089
KCU,61,40,2,0.303102,0.078102,0.09928
BA,61,40,3,0.127503,0.028761,0.098561
KCU,61,40,2,0.309587,0.077628,0.099781
BA,61,40,5,0.231437,0.067412,0.163694
KCU,61,40,2,0.309397,0.078048,0.099317
BA,61,40,2,0.079674,0.014001,0.065574
KCU,61,40,1,0.18385,0.04847,0.058579
BA,61,40,2,0.079558,0.008151,0.071313
KCU,61,40,1,0.183768,0.04867,0.058599
BA,61,40,3,0.128121,0.029918,0.098026
KCU,61,40,1,0.189145,0.049885,0.059085
BA,61,40,5,0.234675,0.070283,0.164057
KCU,61,40,2,0.303611,0.077543,0.102494
BA,61,40,2,0.081459,0.016063,0.065295
KCU,61,40,1,0.183176,0.047972,0.058608
BA,61,40,14,1.07033,0.610192,0.458435
KCU,61,40,1,0.184576,0.04936,0.064748
BA,61,40,12,0.867513,0.447252,0.41922
KCU,61,40,1,0.197617,0.053117,0.069707
BA,61,40,12,0.88992,0.477651,0.411271
KCU,61,40,1,0.205603,0.053274,0.06194
BA,61,40,3,0.126548,0.027983,0.098384
KCU,61,40,2,0.309548,0.077795,0.093456
BA,61,40,2,0.081812,0.016291,0.065424
KCU,61,40,1,0.184065,0.048467,0.058725
BA,61,40,10,0.618422,0.289716,0.327946
KCU,61,40,1,0.184791,0.049265,0.064852
BA,61,40,15,1.17581,0.683103,0.491539
KCU,61,40,1,0.184914,0.04889,0.065488
BA,61,40,4,0.179427,0.041802,0.137366
KCU,61,40,2,0.303924,0.075293,0.099993
BA,61,40,5,0.232993,0.063083,0.169577
KCU,61,40,2,0.3115,0.0802,0.094006
BA,61,40,2,0.079385,0.013813,0.06547
KCU,61,40,1,0.184576,0.048283,0.065656
BA,61,40,15,1.2624,0.761793,0.499402
KCU,61,40,1,0.185722,0.049557,0.065287
BA,61,40,4,0.182251,0.051283,0.130712
KCU,61,40,1,0.1894,0.050362,0.058892
BA,61,40,3,0.13176,0.02299,0.108596
KCU,61,40,2,0.382573,0.117863,0.104179
BA,61,40,17,1.47681,0.921042,0.5544
KCU,61,40,1,0.184695,0.048757,0.065398
BA,61,40,14,1.12119,0.643394,0.476669
KCU,61,40,1,0.203796,0.053147,0.069023
BA,61,40,2,0.083593,0.015528,0.067959
KCU,61,40,1,0.2012,0.051813,0.061316
BA,61,60,3,0.133503,0.031087,0.10224
KCU,61,60,2,0.321118,0.084247,0.10519
BA,61,60,3,0.13524,0.032601,0.102445
KCU,61,60,1,0.202014,0.052227,0.068479
BA,61,60,2,0.085323,0.017036,0.068189
KCU,61,60,1,0.200755,0.051889,0.061591
BA,61,60,4,0.189636,0.053309,0.136069
KCU,61,60,2,0.32079,0.084021,0.107504
BA,61,60,17,1.55782,0.96367,0.587207
KCU,61,60,1,0.190064,0.048569,0.065649
BA,61,60,5,0.229325,0.066252,0.162729
KCU,61,60,2,0.3052,0.07312,0.091856
BA,61,60,11,0.696205,0.33405,0.359546
KCU,61,60,1,0.188351,0.048938,0.06894
BA,61,60,3,0.124983,0.026757,0.098047
KCU,61,60,1,0.189633,0.048295,0.064401
BA,61,60,15,1.17439,0.681444,0.491742
KCU,61,60,1,0.189386,0.048419,0.058333
BA,61,60,4,0.179009,0.042511,0.136245
KCU,61,60,1,0.183584,0.048396,0.058741
BA,61,60,7,0.356263,0.12521,0.230545
KCU,61,60,1,0.193131,0.049446,0.065438
BA,61,60,3,0.130117,0.02501,0.104927
KCU,61,60,2,0.310734,0.077463,0.10079
BA,61,60,3,0.128968,0.030504,0.098289
KCU,61,60,1,0.189734,0.04842,0.058571
BA,61,60,15,1.20918,0.710133,0.491778
KCU,61,60,1,0.185812,0.049228,0.065653
BA,61,60,3,0.127624,0.028842,0.09859
KCU,61,60,2,0.307126,0.079217,0.103637
BA,61,60,2,0.079313,0.007556,0.071653
KCU,61,60,1,0.190634,0.048573,0.058885
BA,61,60,4,0.180391,0.049268,0.130866
KCU,61,60,1,0.183418,0.048407,0.058792
BA,61,60,6,0.302158,0.105389,0.19631
KCU,61,60,7,0.920159,0.23517,0.27752
BA,61,60,4,0.18108,0.049895,0.130918
KCU,61,60,2,0.30939,0.078825,0.093793
BA,61,60,3,0.12783,0.029564,0.098084
KCU,61,60,1,0.184175,0.048109,0.065407
BA,61,60,4,0.181755,0.050738,0.130747
KCU,61,60,5,0.669772,0.168355,0.20348
BA,61,60,14,1.04621,0.586531,0.458573
KCU,61,60,1,0.192051,0.049633,0.065665
BA,61,60,5,0.241907,0.071278,0.170288
KCU,61,60,1,0.184685,0.048651,0.065204
BA,61,60,8,0.429272,0.166047,0.262625
KCU,61,60,2,0.304911,0.078392,0.10048
BA,61,60,2,0.082607,0.007753,0.07475
KCU,61,60,1,0.193688,0.051213,0.068276
BA,61,60,10,0.619522,0.264825,0.353918
KCU,61,60,1,0.201577,0.051824,0.068258
BA,61,60,4,0.187131,0.050283,0.13658
KCU,61,60,2,0.320649,0.084082,0.104359
BA,61,60,5,0.246068,0.075529,0.170165
KCU,61,60,2,0.327808,0.084338,0.097429
BA,61,60,3,0.133115,0.030996,0.101942
KCU,61,60,2,0.319962,0.085779,0.098091
BA,61,60,17,1.50507,0.945287,0.558411
KCU,61,60,1,0.188073,0.049564,0.06801
BA,61,80,2,0.081501,0.015892,0.065512
KCU,61,80,1,0.187347,0.048949,0.067829
BA,61,80,9,0.532771,0.23048,0.30161
KCU,61,80,1,0.192764,0.050516,0.064623
BA,61,80,9,0.507302,0.210742,0.295873
KCU,61,80,1,0.185402,0.049557,0.058859
BA,61,80,12,0.824217,0.422976,0.400274
KCU,61,80,1,0.193141,0.05007,0.065466
BA,61,80,2,0.08322,0.014843,0.068278
KCU,61,80,1,0.201957,0.05206,0.068714
BA,61,80,14,1.08363,0.605144,0.477376
KCU,61,80,1,0.195834,0.053112,0.068659
BA,61,80,3,0.128601,0.029988,0.098435
KCU,61,80,1,0.185437,0.048574,0.065971
BA,61,80,14,1.01882,0.555356,0.462294
KCU,61,80,1,0.185674,0.049616,0.059272
BA,61,80,11,0.722763,0.36026,0.361653
KCU,61,80,1,0.192383,0.049612,0.059445
BA,61,80,12,0.814632,0.415053,0.39864
KCU,61,80,1,0.185137,0.049056,0.065129
BA,61,80,13,0.936614,0.50882,0.426748
KCU,61,80,1,0.185652,0.049694,0.059082
BA,61,80,7,0.364742,0.134522,0.229716
KCU,61,80,1,0.184668,0.050168,0.05922
BA,61,80,4,0.178637,0.047278,0.131106
KCU,61,80,2,0.31121,0.078874,0.102382
BA,61,80,3,0.125409,0.021092,0.104141
KCU,61,80,1,0.190675,0.048382,0.065226
BA,61,80,3,0.127659,0.029113,0.098355
KCU,61,80,1,0.191631,0.048888,0.065083
BA,61,80,13,0.923235,0.495491,0.426707
KCU,61,80,1,0.186782,0.049566,0.065906
BA,61,80,3,0.126521,0.022051,0.104279
KCU,61,80,2,0.3058,0.078685,0.100637
BA,61,80,5,0.236066,0.071887,0.163838
KCU,61,80,2,0.312712,0.079441,0.10327
BA,61,80,16,1.41196,0.878218,0.52661
KCU,61,80,1,0.194495,0.0506,0.066045
BA,61,80,2,0.079767,0.013964,0.065699
KCU,61,80,1,0.185656,0.048639,0.059414
BA,61,80,3,0.126955,0.028324,0.098454
KCU,61,80,1,0.186422,0.049337,0.065933
BA,61,80,7,0.369223,0.132558,0.23614
KCU,61,80,1,0.186175,0.049128,0.066147
BA,61,80,3,0.127021,0.028301,0.098545
KCU,61,80,1,0.186175,0.048819,0.06622
BA,61,80,2,0.080163,0.014292,0.065771
KCU,61,80,1,0.192199,0.048714,0.065791
BA,61,80,8,0.440055,0.170349,0.26909
KCU,61,80,1,0.186234,0.049349,0.065949
BA,61,80,4,0.17993,0.048926,0.130744
KCU,61,80,3,0.424084,0.109082,0.136411
BA,61,80,4,0.180038,0.048848,0.130931
KCU,61,80,6,0.782976,0.197616,0.23864
BA,61,80,7,0.35843,0.128102,0.229801
KCU,61,80,1,0.185017,0.051223,0.063173
BA,61,80,3,0.1268,0.02803,0.098587
KCU,61,80,2,0.312128,0.078733,0.093761
BA,61,80,4,0.178026,0.0404,0.137344
KCU,61,80,2,0.311024,0.078795,0.094279
BA,61,100,4,0.182174,0.050728,0.131182
KCU,61,100,1,0.192527,0.049045,0.06556
BA,61,100,4,0.179685,0.047936,0.131488
KCU,61,100,2,0.313198,0.078295,0.101446
BA,61,100,13,0.967708,0.538834,0.42785
KCU,61,100,1,0.186283,0.049727,0.059151
BA,61,100,4,0.180301,0.048354,0.131691
KCU,61,100,2,0.311273,0.078508,0.093601
BA,61,100,2,0.080061,0.014102,0.065859
KCU,61,100,1,0.190599,0.049052,0.0592
BA,61,100,19,1.87128,1.24497,0.624749
KCU,61,100,1,0.191868,0.049483,0.058669
BA,61,100,3,0.128975,0.030332,0.098468
KCU,61,100,1,0.191672,0.048231,0.065153
BA,61,100,3,0.128385,0.029429,0.098778
KCU,61,100,2,0.313232,0.079503,0.100815
BA,61,100,7,0.362428,0.126236,0.235679
KCU,61,100,1,0.192531,0.049188,0.065736
BA,61,100,15,1.15383,0.653361,0.499269
KCU,61,100,1,0.185756,0.049707,0.059156
BA,61,100,4,0.18202,0.050335,0.131426
KCU,61,100,1,0.185461,0.049158,0.058791
BA,61,100,18,1.73598,1.12969,0.597393
KCU,61,100,1,0.192895,0.050154,0.059171
BA,61,100,12,0.778848,0.377607,0.394191
KCU,61,100,1,0.192612,0.05008,0.065005
BA,61,100,6,0.301689,0.10498,0.196289
KCU,61,100,1,0.196213,0.048462,0.061448
BA,61,100,2,0.081115,0.014952,0.066065
KCU,61,100,1,0.192614,0.048542,0.06656
BA,61,100,3,0.129273,0.03083,0.09828
KCU,61,100,2,0.310845,0.078563,0.093728
BA,61,100,14,1.03464,0.569781,0.463772
KCU,61,100,1,0.192045,0.049572,0.065145
BA,61,100,12,0.836511,0.440592,0.39498
KCU,61,100,1,0.19274,0.049934,0.065428
BA,61,100,4,0.180688,0.043,0.137429
KCU,61,100,2,0.312659,0.078918,0.100734
BA,61,100,14,1.06809,0.600092,0.466883
KCU,61,100,1,0.189091,0.049716,0.06198
BA,61,100,12,0.848734,0.446801,0.401004
KCU,61,100,1,0.193868,0.049625,0.066539
BA,61,100,10,0.602034,0.272492,0.328783
KCU,61,100,1,0.193453,0.049978,0.059347
BA,61,100,4,0.179872,0.047986,0.131631
KCU,61,100,2,0.312406,0.078408,0.100864
BA,61,100,4,0.180985,0.049072,0.131654
KCU,61,100,2,0.312457,0.078531,0.100806
BA,61,100,8,0.441219,0.177641,0.262965
KCU,61,100,1,0.190062,0.05009,0.068721
BA,61,100,5,0.239184,0.074591,0.164244
KCU,61,100,2,0.306872,0.07944,0.10096
BA,61,100,18,1.68778,1.09462,0.5917
KCU,61,100,1,0.193257,0.050149,0.058832
BA,61,100,3,0.128266,0.029896,0.098194
KCU,61,100,1,0.190198,0.048527,0.058738
BA,61,100,2,0.079413,0.013809,0.065506
KCU,61,100,1,0.191476,0.048569,0.065736
BA,61,100,14,1.0458,0.586285,0.458396
KCU,61,100,1,0.193099,0.049736,0.065673
BA,71,0,2,0.10926,0.017685,0.09147
KCU,71,0,1,0.267227,0.067544,0.08125
BA,71,0,9,0.65058,0.245844,0.404056
KCU,71,0,1,0.248502,0.063784,0.089217
BA,71,0,12,0.987995,0.458631,0.528432
KCU,71,0,1,0.257927,0.064231,0.089091
BA,71,0,4,0.231998,0.055799,0.17594
KCU,71,0,2,0.406972,0.101571,0.135632
BA,71,0,3,0.165649,0.034034,0.131434
KCU,71,0,1,0.255695,0.063342,0.088058
BA,71,0,2,0.106698,0.01886,0.087742
KCU,71,0,1,0.255352,0.063031,0.088214
BA,71,0,5,0.297518,0.078219,0.218955
KCU,71,0,2,0.414516,0.101484,0.134866
BA,71,0,2,0.111287,0.019156,0.092024
KCU,71,0,1,0.260339,0.068255,0.092281
BA,71,0,16,1.58513,0.838745,0.744997
KCU,71,0,1,0.268917,0.064822,0.091999
BA,71,0,13,1.1028,0.529025,0.572739
KCU,71,0,1,0.256152,0.064094,0.079433
BA,71,0,14,1.25545,0.637212,0.617057
KCU,71,0,1,0.256254,0.063846,0.079723
BA,71,0,4,0.233268,0.056882,0.176127
KCU,71,0,2,0.418372,0.103233,0.136133
BA,71,0,13,1.1832,0.576788,0.605335
KCU,71,0,1,0.272294,0.069139,0.083557
BA,71,0,8,0.532811,0.181774,0.350436
KCU,71,0,2,0.411673,0.102796,0.125789
BA,71,0,2,0.104489,0.016781,0.087614
KCU,71,0,1,0.254822,0.063181,0.07924
BA,71,0,13,1.12586,0.554265,0.570556
KCU,71,0,1,0.245768,0.06394,0.078919
BA,71,0,3,0.166429,0.034961,0.131296
KCU,71,0,2,0.413081,0.101166,0.134236
BA,71,0,18,1.87869,1.08457,0.792654
KCU,71,0,1,0.253567,0.064285,0.079561
BA,71,0,18,1.85265,1.04093,0.800785
KCU,71,0,1,0.248034,0.064185,0.079676
BA,71,0,3,0.164332,0.032784,0.131356
KCU,71,0,2,0.413847,0.102077,0.126666
BA,71,0,4,0.233789,0.05811,0.175415
KCU,71,0,1,0.255613,0.063222,0.088347
BA,71,0,2,0.104758,0.017167,0.087494
KCU,71,0,1,0.254935,0.064387,0.086728
BA,71,0,8,0.539239,0.179597,0.35904
KCU,71,0,1,0.255471,0.063538,0.088171
BA,71,0,14,1.27839,0.6558,0.621469
KCU,71,0,1,0.248027,0.06445,0.088595
BA,71,0,8,0.54444,0.185346,0.35851
KCU,71,0,2,0.414535,0.101715,0.13515
BA,71,0,7,0.453159,0.136184,0.316464
KCU,71,0,1,0.247506,0.064074,0.079655
BA,71,0,11,0.828003,0.342615,0.484517
KCU,71,0,1,0.256258,0.063936,0.079361
BA,71,0,3,0.168071,0.035963,0.131929
KCU,71,0,2,0.417085,0.102159,0.136119
BA,71,0,3,0.168362,0.036126,0.13205
KCU,71,0,2,0.416349,0.101564,0.139356
BA,71,0,13,1.12638,0.553594,0.571735
KCU,71,0,1,0.256436,0.064477,0.079375
BA,71,20,5,0.303262,0.082665,0.220271
KCU,71,20,2,0.407297,0.101875,0.135678
BA,71,20,12,0.98125,0.452812,0.527493
KCU,71,20,1,0.247821,0.064406,0.07963
BA,71,20,2,0.104971,0.017235,0.087641
KCU,71,20,1,0.255198,0.063492,0.079594
BA,71,20,3,0.165537,0.03395,0.1314
KCU,71,20,2,0.404918,0.104474,0.131258
BA,71,20,4,0.242892,0.058942,0.183678
KCU,71,20,2,0.442775,0.109125,0.133422
BA,71,20,4,0.240968,0.057137,0.183567
KCU,71,20,1,0.246207,0.062865,0.088564
BA,71,20,3,0.166494,0.034141,0.132172
KCU,71,20,1,0.248752,0.064281,0.08904
BA,71,20,8,0.537577,0.185652,0.351314
KCU,71,20,1,0.255683,0.063953,0.079395
BA,71,20,5,0.302462,0.083234,0.218884
KCU,71,20,5,0.903535,0.223664,0.276851
BA,71,20,11,0.887762,0.394346,0.484333
KCU,71,20,1,0.257645,0.064924,0.088388
BA,71,20,3,0.167313,0.035219,0.13191
KCU,71,20,2,0.416357,0.104141,0.126867
BA,71,20,3,0.164367,0.024482,0.139711
KCU,71,20,1,0.247778,0.063252,0.089056
BA,71,20,17,1.6376,0.890918,0.745312
KCU,71,20,1,0.246679,0.065401,0.08611
BA,71,20,7,0.458055,0.142582,0.314965
KCU,71,20,1,0.256158,0.063442,0.088617
BA,71,20,2,0.118679,0.008299,0.110282
KCU,71,20,1,0.260236,0.067937,0.082788
BA,71,20,12,1.04393,0.478926,0.563975
KCU,71,20,1,0.269162,0.065512,0.091839
BA,71,20,16,1.57188,0.869522,0.701048
KCU,71,20,1,0.246538,0.063615,0.079474
BA,71,20,4,0.231805,0.056383,0.17516
KCU,71,20,1,0.256313,0.063568,0.088611
BA,71,20,2,0.104019,0.016184,0.087737
KCU,71,20,1,0.257725,0.062478,0.082845
BA,71,20,11,0.827383,0.344023,0.482488
KCU,71,20,1,0.255863,0.063421,0.088285
BA,71,20,12,0.984345,0.457482,0.525896
KCU,71,20,1,0.264309,0.064198,0.092185
BA,71,20,2,0.104622,0.016901,0.087621
KCU,71,20,1,0.253762,0.065124,0.084368
BA,71,20,2,0.104729,0.016979,0.087655
KCU,71,20,1,0.255785,0.063318,0.088344
BA,71,20,4,0.228288,0.036534,0.191496
KCU,71,20,2,0.415032,0.102848,0.126114
BA,71,20,19,2.35105,1.5173,0.832223
KCU,71,20,1,0.247127,0.063767,0.079463
BA,71,20,3,0.166083,0.034605,0.131288
KCU,71,20,2,0.414949,0.097806,0.135084
BA,71,20,3,0.166865,0.026328,0.140362
KCU,71,20,2,0.405951,0.101788,0.12683
BA,71,20,14,1.20676,0.589987,0.615654
KCU,71,20,1,0.258668,0.064789,0.088789
BA,71,20,3,0.164686,0.033116,0.131393
KCU,71,20,2,0.414326,0.102038,0.126712
BA,71,20,5,0.299253,0.079532,0.21938
KCU,71,20,3,0.567154,0.141547,0.173278
BA,71,40,3,0.167816,0.036151,0.131488
KCU,71,40,1,0.254277,0.066909,0.075563
BA,71,40,2,0.10459,0.016896,0.087592
KCU,71,40,1,0.254793,0.062929,0.079357
BA,71,40,14,1.18328,0.560458,0.621693
KCU,71,40,1,0.249073,0.064569,0.089148
BA,71,40,11,0.85051,0.367873,0.481775
KCU,71,40,1,0.264082,0.06402,0.092009
BA,71,40,7,0.448097,0.139836,0.307751
KCU,71,40,2,0.415018,0.10693,0.117667
BA,71,40,3,0.177221,0.037684,0.139328
KCU,71,40,1,0.289079,0.065794,0.091632
BA,71,40,14,1.21361,0.595898,0.616558
KCU,71,40,1,0.25757,0.063944,0.08925
BA,71,40,2,0.105271,0.017403,0.087768
KCU,71,40,1,0.256804,0.063366,0.08863
BA,71,40,10,0.758063,0.310136,0.438836
KCU,71,40,1,0.247881,0.064391,0.07967
BA,71,40,5,0.302385,0.082371,0.219659
KCU,71,40,4,0.740405,0.18355,0.22955
BA,71,40,19,2.09467,1.25916,0.833946
KCU,71,40,1,0.255502,0.063738,0.079799
BA,71,40,2,0.104608,0.016657,0.087851
KCU,71,40,1,0.245823,0.064804,0.079575
BA,71,40,12,0.96982,0.43909,0.529736
KCU,71,40,1,0.259191,0.064344,0.08971
BA,71,40,3,0.167518,0.035331,0.132002
KCU,71,40,2,0.418784,0.102482,0.139962
BA,71,40,13,1.10414,0.530732,0.572362
KCU,71,40,1,0.258924,0.064761,0.089352
BA,71,40,12,0.946937,0.418221,0.527758
KCU,71,40,1,0.264562,0.064369,0.091608
BA,71,40,11,0.848507,0.363558,0.484084
KCU,71,40,1,0.257075,0.064335,0.079491
BA,71,40,5,0.301151,0.080806,0.219986
KCU,71,40,3,0.568785,0.141563,0.183062
BA,71,40,10,0.722167,0.280904,0.440468
KCU,71,40,1,0.24775,0.064412,0.07991
BA,71,40,12,0.99537,0.457696,0.536712
KCU,71,40,1,0.259266,0.068859,0.085291
BA,71,40,13,1.05305,0.481635,0.570361
KCU,71,40,1,0.256615,0.063811,0.088405
BA,71,40,2,0.104125,0.016304,0.087725
KCU,71,40,1,0.256456,0.063444,0.088951
BA,71,40,3,0.180316,0.030148,0.14996
KCU,71,40,1,0.283738,0.075114,0.083038
BA,71,40,15,1.35168,0.68363,0.666836
KCU,71,40,1,0.256401,0.063674,0.088759
BA,71,40,4,0.232396,0.056873,0.175261
KCU,71,40,2,0.414636,0.10547,0.130008
BA,71,40,3,0.16632,0.034521,0.131621
KCU,71,40,1,0.247487,0.063146,0.088815
BA,71,40,15,1.40861,0.738186,0.669193
KCU,71,40,1,0.25766,0.064692,0.08851
BA,71,40,7,0.459257,0.15026,0.308464
KCU,71,40,1,0.253057,0.06638,0.090824
BA,71,40,14,1.21916,0.593828,0.624169
KCU,71,40,1,0.247938,0.064763,0.083015
BA,71,40,16,1.58151,0.828092,0.752018
KCU,71,40,1,0.277353,0.070257,0.10541
BA,71,60,10,0.768638,0.304977,0.462803
KCU,71,60,1,0.279676,0.070873,0.095717
BA,71,60,3,0.16709,0.034489,0.1324
KCU,71,60,1,0.258169,0.064039,0.088581
BA,71,60,15,1.45111,0.789256,0.66062
KCU,71,60,1,0.257696,0.064538,0.088544
BA,71,60,5,0.306835,0.084899,0.221594
KCU,71,60,1,0.256594,0.063891,0.088557
BA,71,60,13,1.08841,0.514138,0.573232
KCU,71,60,1,0.258852,0.064957,0.089291
BA,71,60,3,0.167633,0.034979,0.132465
KCU,71,60,2,0.408026,0.108532,0.129706
BA,71,60,10,0.77316,0.331799,0.440589
KCU,71,60,1,0.25792,0.064732,0.0796
BA,71,60,4,0.229573,0.053862,0.17543
KCU,71,60,2,0.414682,0.101973,0.126203
BA,71,60,17,1.67552,0.920221,0.753908
KCU,71,60,1,0.247999,0.06386,0.088922
BA,71,60,15,1.44203,0.77163,0.660965
KCU,71,60,1,0.261103,0.064604,0.083409
BA,71,60,3,0.167565,0.035114,0.132257
KCU,71,60,1,0.257771,0.06428,0.088828
BA,71,60,11,0.836771,0.344919,0.490992
KCU,71,60,1,0.257241,0.064368,0.088921
BA,71,60,3,0.166031,0.03423,0.131627
KCU,71,60,2,0.416786,0.102464,0.135691
BA,71,60,12,1.03569,0.481005,0.553717
KCU,71,60,1,0.268524,0.067119,0.089189
BA,71,60,18,2.01588,1.20535,0.80902
KCU,71,60,1,0.25812,0.064743,0.079854
BA,71,60,16,1.57203,0.857611,0.713107
KCU,71,60,1,0.248932,0.066556,0.08661
BA,71,60,4,0.233922,0.057397,0.176255
KCU,71,60,2,0.407814,0.106163,0.12682
BA,71,60,4,0.234222,0.057756,0.1762
KCU,71,60,2,0.408009,0.102592,0.126753
BA,71,60,16,1.63263,0.929535,0.701766
KCU,71,60,1,0.257699,0.064793,0.088553
BA,71,60,10,0.739324,0.29991,0.438644
KCU,71,60,1,0.256127,0.063916,0.079576
BA,71,60,14,1.20075,0.573532,0.626101
KCU,71,60,1,0.249722,0.064466,0.089447
BA,71,60,15,1.41488,0.723531,0.690104
KCU,71,60,1,0.263057,0.068526,0.094107
BA,71,60,8,0.54461,0.185075,0.358941
KCU,71,60,1,0.24762,0.063974,0.088348
BA,71,60,3,0.166537,0.034671,0.131683
KCU,71,60,2,0.415312,0.105757,0.131454
BA,71,60,16,1.56051,0.857738,0.701459
KCU,71,60,1,0.256725,0.064481,0.088135
BA,71,60,14,1.28766,0.660936,0.62554
KCU,71,60,1,0.249683,0.064916,0.089182
BA,71,60,2,0.105238,0.017098,0.088041
KCU,71,60,1,0.25667,0.06404,0.079561
BA,71,60,13,1.11271,0.538947,0.572731
KCU,71,60,1,0.249903,0.064779,0.079781
BA,71,60,3,0.167099,0.035216,0.13168
KCU,71,60,2,0.406764,0.102131,0.126606
BA,71,60,18,1.95963,1.16523,0.792899
KCU,71,60,1,0.24974,0.064251,0.089618
BA,71,80,5,0.298881,0.079409,0.219122
KCU,71,80,1,0.263416,0.063515,0.083147
BA,71,80,3,0.16937,0.037186,0.132002
KCU,71,80,2,0.408071,0.102929,0.126651
BA,71,80,3,0.166515,0.034137,0.132194
KCU,71,80,1,0.265396,0.063897,0.092822
BA,71,80,3,0.166351,0.034659,0.131501
KCU,71,80,2,0.415691,0.104535,0.132093
BA,71,80,3,0.165297,0.025186,0.139937
KCU,71,80,2,0.406252,0.102212,0.126653
BA,71,80,5,0.305123,0.08514,0.21964
KCU,71,80,2,0.418365,0.1035,0.127028
BA,71,80,2,0.103571,0.015917,0.08756
KCU,71,80,1,0.25674,0.063832,0.088456
BA,71,80,11,0.869628,0.37757,0.491179
KCU,71,80,1,0.249303,0.06449,0.089364
BA,71,80,2,0.104698,0.016717,0.087885
KCU,71,80,1,0.255079,0.065282,0.085434
BA,71,80,2,0.104226,0.01641,0.08772
KCU,71,80,1,0.255914,0.063251,0.088766
BA,71,80,12,0.973282,0.437047,0.535282
KCU,71,80,1,0.25667,0.064003,0.088597
BA,71,80,3,0.170025,0.038103,0.131741
KCU,71,80,1,0.25697,0.064359,0.087925
BA,71,80,6,0.376391,0.112582,0.263381
KCU,71,80,1,0.248367,0.06425,0.088664
BA,71,80,5,0.30223,0.082225,0.21966
KCU,71,80,2,0.408096,0.102338,0.136316
BA,71,80,17,1.78389,0.997003,0.776201
KCU,71,80,1,0.25836,0.064442,0.082419
BA,71,80,4,0.231319,0.054816,0.176239
KCU,71,80,2,0.409177,0.102436,0.140173
BA,71,80,3,0.165579,0.03333,0.132076
KCU,71,80,2,0.408563,0.106358,0.132169
BA,71,80,4,0.231939,0.055753,0.175924
KCU,71,80,2,0.418641,0.103513,0.127206
BA,71,80,2,0.106455,0.018562,0.087795
KCU,71,80,1,0.256804,0.064031,0.079819
BA,71,80,3,0.167115,0.035153,0.131784
KCU,71,80,1,0.247713,0.063385,0.088787
BA,71,80,4,0.230469,0.054655,0.175557
KCU,71,80,2,0.407603,0.102108,0.139733
BA,71,80,3,0.164463,0.032902,0.131385
KCU,71,80,2,0.407442,0.102635,0.126839
BA,71,80,10,0.739238,0.299313,0.439131
KCU,71,80,1,0.247214,0.064301,0.079475
BA,71,80,4,0.233508,0.057945,0.175302
KCU,71,80,1,0.247593,0.064272,0.087792
BA,71,80,2,0.104813,0.017017,0.087688
KCU,71,80,1,0.257038,0.063843,0.088786
BA,71,80,4,0.235256,0.059425,0.175569
KCU,71,80,2,0.415575,0.102316,0.126476
BA,71,80,16,1.63504,0.930977,0.702755
KCU,71,80,1,0.248688,0.064295,0.089072
BA,71,80,19,5.40628,4.56194,0.834805
KCU,71,80,1,0.25608,0.064124,0.079037
BA,71,80,3,0.166897,0.035148,0.131575
KCU,71,80,2,0.407361,0.10274,0.135236
BA,71,80,2,0.103216,0.007392,0.095732
KCU,71,80,1,0.246667,0.063231,0.0796
BA,71,100,9,0.65897,0.241593,0.416663
KCU,71,100,1,0.263805,0.069151,0.083941
BA,71,100,18,1.99623,1.1846,0.793264
KCU,71,100,1,0.248643,0.067144,0.080274
BA,71,100,3,0.166388,0.034049,0.132154
KCU,71,100,2,0.41711,0.10267,0.127162
BA,71,100,4,0.234906,0.05917,0.175474
KCU,71,100,2,0.416812,0.103009,0.12672
BA,71,100,4,0.230199,0.054626,0.175307
KCU,71,100,2,0.416926,0.103673,0.126461
BA,71,100,5,0.30507,0.08524,0.219484
KCU,71,100,2,0.407016,0.102169,0.135273
BA,71,100,2,0.104702,0.016713,0.087895
KCU,71,100,1,0.25674,0.063608,0.088414
BA,71,100,4,0.233525,0.057585,0.175683
KCU,71,100,2,0.408288,0.103137,0.135464
BA,71,100,2,0.105119,0.017076,0.087942
KCU,71,100,1,0.256778,0.067788,0.080354
BA,71,100,14,1.25999,0.642331,0.616513
KCU,71,100,1,0.249228,0.0646,0.088977
BA,71,100,14,1.28886,0.653939,0.625348
KCU,71,100,1,0.259673,0.065031,0.089333
BA,71,100,2,0.106137,0.017987,0.088049
KCU,71,100,1,0.256328,0.063394,0.079614
BA,71,100,15,1.42333,0.760222,0.661854
KCU,71,100,1,0.259404,0.06477,0.089459
BA,71,100,21,2.57533,1.64763,0.925949
KCU,71,100,1,0.257924,0.064971,0.079644
BA,71,100,2,0.105321,0.017154,0.088068
KCU,71,100,1,0.25817,0.063735,0.089424
BA,71,100,4,0.232781,0.056295,0.176225
KCU,71,100,2,0.417927,0.103652,0.127313
BA,71,100,8,0.557746,0.206166,0.350964
KCU,71,100,2,0.417751,0.103185,0.135623
BA,71,100,3,0.166803,0.026583,0.140052
KCU,71,100,1,0.256,0.063573,0.079595
BA,71,100,14,1.3027,0.649378,0.652124
KCU,71,100,1,0.269774,0.066479,0.090922
BA,71,100,3,0.169775,0.037165,0.132433
KCU,71,100,2,0.420458,0.103878,0.127428
BA,71,100,13,1.10705,0.519959,0.571682
KCU,71,100,1,0.248436,0.064244,0.088821
BA,71,100,6,0.381321,0.117062,0.263815
KCU,71,100,1,0.247402,0.064109,0.079747
BA,71,100,13,1.08466,0.510037,0.573578
KCU,71,100,1,0.248256,0.064161,0.088767
BA,71,100,2,0.104621,0.016793,0.087729
KCU,71,100,1,0.246935,0.063817,0.079551
BA,71,100,15,1.44454,0.784728,0.658597
KCU,71,100,1,0.256144,0.064151,0.079256
BA,71,100,2,0.104864,0.01698,0.087785
KCU,71,100,1,0.255643,0.063558,0.079466
BA,71,100,13,1.11804,0.546477,0.570509
KCU,71,100,1,0.258291,0.06465,0.089045
BA,71,100,13,1.15411,0.582604,0.570485
KCU,71,100,1,0.249055,0.064637,0.089
BA,71,100,15,1.41635,0.757016,0.658132
KCU,71,100,1,0.263971,0.064186,0.083195
BA,71,100,2,0.104891,0.01708,0.087713
KCU,71,100,1,0.246325,0.063323,0.079685
BA,81,0,3,0.209549,0.040519,0.168851
KCU,81,0,1,0.332314,0.078716,0.113269
BA,81,0,3,0.209137,0.039962,0.168991
KCU,81,0,1,0.334137,0.078562,0.102092
BA,81,0,14,1.47149,0.682611,0.78776
KCU,81,0,1,0.325725,0.079622,0.102543
BA,81,0,11,0.979242,0.359947,0.618425
KCU,81,0,1,0.325354,0.080193,0.102516
BA,81,0,14,1.43076,0.642733,0.786896
KCU,81,0,1,0.326179,0.079413,0.113009
BA,81,0,11,1.02888,0.409348,0.618668
KCU,81,0,1,0.314113,0.079279,0.102042
BA,81,0,16,1.89332,0.942553,0.949401
KCU,81,0,1,0.350876,0.080286,0.111165
BA,81,0,4,0.29015,0.06398,0.225907
KCU,81,0,2,0.53208,0.12818,0.174378
BA,81,0,20,2.82405,1.64726,1.17509
KCU,81,0,1,0.338046,0.084435,0.10644
BA,81,0,2,0.133553,0.020541,0.112911
KCU,81,0,1,0.341011,0.078664,0.118166
BA,81,0,8,0.704979,0.230148,0.47417
KCU,81,0,1,0.333749,0.085827,0.107073
BA,81,0,13,1.26854,0.533395,0.734094
KCU,81,0,1,0.336517,0.079411,0.102739
BA,81,0,23,11.3785,10.0613,1.31534
KCU,81,0,1,0.356551,0.084884,0.12017
BA,81,0,5,0.390151,0.093751,0.296021
KCU,81,0,1,0.347794,0.079999,0.119026
BA,81,0,4,0.305302,0.069756,0.235284
KCU,81,0,2,0.560259,0.135397,0.183194
BA,81,0,3,0.211769,0.039211,0.172371
KCU,81,0,1,0.333541,0.078118,0.102646
BA,81,0,9,0.77508,0.262355,0.512007
KCU,81,0,1,0.340193,0.081205,0.10348
BA,81,0,7,0.614282,0.200734,0.41301
KCU,81,0,1,0.35258,0.089485,0.101486
BA,81,0,19,6.60541,5.47208,1.13171
KCU,81,0,1,0.376142,0.085538,0.120805
BA,81,0,7,0.566915,0.171085,0.395283
KCU,81,0,5,1.15004,0.272538,0.35925
BA,81,0,3,0.208361,0.038699,0.169482
KCU,81,0,1,0.315053,0.079044,0.102801
BA,81,0,2,0.134248,0.021101,0.113039
KCU,81,0,1,0.335267,0.082204,0.109647
BA,81,0,2,0.139043,0.020873,0.11807
KCU,81,0,1,0.332691,0.083955,0.119959
BA,81,0,2,0.139393,0.021629,0.117662
KCU,81,0,1,0.331846,0.084346,0.119494
BA,81,0,4,0.289912,0.061018,0.228616
KCU,81,0,2,0.536029,0.129724,0.175619
BA,81,0,5,0.372774,0.07947,0.292954
KCU,81,0,2,0.522252,0.12186,0.17481
BA,81,0,10,0.878995,0.311442,0.566748
KCU,81,0,1,0.326149,0.079513,0.113078
BA,81,0,10,0.935796,0.343855,0.591132
KCU,81,0,1,0.451359,0.081308,0.164561
BA,81,0,11,1.04392,0.421454,0.621584
KCU,81,0,1,0.316665,0.079471,0.114228
BA,81,0,11,0.996836,0.37644,0.619526
KCU,81,0,1,0.326943,0.079726,0.113492
BA,81,20,7,0.562971,0.148109,0.414334
KCU,81,20,1,0.313802,0.078761,0.102276
BA,81,20,14,1.4511,0.65129,0.788689
KCU,81,20,1,0.324774,0.084079,0.102159
BA,81,20,11,1.00522,0.37183,0.632519
KCU,81,20,1,0.326893,0.080026,0.102728
BA,81,20,4,0.288706,0.063078,0.225354
KCU,81,20,2,0.518138,0.12194,0.173728
BA,81,20,2,0.13193,0.019308,0.112522
KCU,81,20,1,0.312685,0.078457,0.1021
BA,81,20,14,1.45808,0.658241,0.798694
KCU,81,20,1,0.325882,0.083725,0.102699
BA,81,20,3,0.209663,0.0405,0.168968
KCU,81,20,2,0.526767,0.121358,0.161702
BA,81,20,6,0.484133,0.130378,0.353301
KCU,81,20,4,0.997302,0.240388,0.315884
BA,81,20,9,0.778551,0.269054,0.508796
KCU,81,20,1,0.326577,0.07994,0.102801
BA,81,20,12,1.15164,0.459001,0.691653
KCU,81,20,1,0.329231,0.080033,0.114424
BA,81,20,17,2.02272,1.0603,0.961006
KCU,81,20,1,0.327331,0.080425,0.102964
BA,81,20,14,1.45194,0.659317,0.791463
KCU,81,20,1,0.315847,0.079841,0.103001
BA,81,20,10,0.898531,0.311243,0.57626
KCU,81,20,1,0.327516,0.083696,0.103288
BA,81,20,12,1.16283,0.483385,0.67846
KCU,81,20,1,0.317154,0.08018,0.114031
BA,81,20,3,0.209961,0.030302,0.179477
KCU,81,20,2,0.529767,0.122288,0.162922
BA,81,20,4,0.290613,0.054059,0.23627
KCU,81,20,2,0.530218,0.115245,0.163231
BA,81,20,22,5.69794,4.45291,1.24319
KCU,81,20,1,0.325167,0.079176,0.102234
BA,81,20,7,0.559223,0.165005,0.393688
KCU,81,20,1,0.325547,0.07846,0.113392
BA,81,20,14,1.44542,0.656304,0.78799
KCU,81,20,1,0.325948,0.079227,0.113084
BA,81,20,4,0.288235,0.062846,0.225123
KCU,81,20,2,0.52814,0.120644,0.173015
BA,81,20,4,0.288445,0.062885,0.225295
KCU,81,20,2,0.528364,0.115868,0.174158
BA,81,20,12,1.1406,0.453675,0.685953
KCU,81,20,1,0.326335,0.079643,0.10254
BA,81,20,3,0.207023,0.027516,0.179337
KCU,81,20,2,0.52744,0.12645,0.162151
BA,81,20,11,1.03069,0.400504,0.629308
KCU,81,20,1,0.315586,0.079401,0.113525
BA,81,20,4,0.29006,0.054322,0.235469
KCU,81,20,1,0.314133,0.079048,0.102435
BA,81,20,8,0.657113,0.205775,0.450733
KCU,81,20,2,0.529873,0.127372,0.16312
BA,81,20,3,0.206841,0.037773,0.168887
KCU,81,20,1,0.326046,0.078901,0.113589
BA,81,20,2,0.132588,0.01982,0.112664
KCU,81,20,1,0.326524,0.078932,0.113755
BA,81,20,3,0.209651,0.040627,0.168835
KCU,81,20,1,0.313729,0.082751,0.108608
BA,81,20,10,0.887429,0.320973,0.565633
KCU,81,20,1,0.316812,0.08061,0.102672
BA,81,40,9,0.774309,0.264237,0.509337
KCU,81,40,1,0.338773,0.079918,0.119689
BA,81,40,15,1.65199,0.802416,0.848331
KCU,81,40,1,0.316238,0.085149,0.103073
BA,81,40,12,1.13301,0.453535,0.678503
KCU,81,40,1,0.315701,0.080136,0.102467
BA,81,40,4,0.28533,0.049728,0.235341
KCU,81,40,2,0.518722,0.126672,0.173859
BA,81,40,16,1.75248,0.839436,0.911742
KCU,81,40,1,0.326739,0.080169,0.112745
BA,81,40,17,1.93522,0.969252,0.957968
KCU,81,40,1,0.326398,0.080159,0.10258
BA,81,40,12,1.14812,0.460924,0.68622
KCU,81,40,1,0.316384,0.080034,0.113655
BA,81,40,2,0.132448,0.01934,0.113009
KCU,81,40,1,0.327774,0.079937,0.11353
BA,81,40,2,0.13157,0.018872,0.112592
KCU,81,40,1,0.325961,0.079207,0.102577
BA,81,40,3,0.209237,0.039825,0.169205
KCU,81,40,1,0.326961,0.07918,0.113742
BA,81,40,3,0.206593,0.037303,0.169106
KCU,81,40,1,0.326504,0.078995,0.113765
BA,81,40,17,1.97254,1.01356,0.957584
KCU,81,40,1,0.334598,0.081905,0.109904
BA,81,40,12,1.14475,0.456488,0.677159
KCU,81,40,1,0.33587,0.080462,0.112762
BA,81,40,4,0.288608,0.063051,0.225282
KCU,81,40,2,0.53828,0.127044,0.173395
BA,81,40,8,0.656518,0.194748,0.461167
KCU,81,40,1,0.328253,0.079521,0.11437
BA,81,40,2,0.131706,0.018995,0.112595
KCU,81,40,1,0.32495,0.078951,0.102051
BA,81,40,3,0.211222,0.041817,0.169221
KCU,81,40,2,0.530289,0.126936,0.173625
BA,81,40,3,0.208831,0.039584,0.169063
KCU,81,40,2,0.517816,0.126415,0.173379
BA,81,40,5,0.379721,0.096309,0.283045
KCU,81,40,2,0.52307,0.127706,0.176797
BA,81,40,2,0.132087,0.019037,0.112953
KCU,81,40,1,0.336657,0.078915,0.118245
BA,81,40,4,0.289316,0.062856,0.226196
KCU,81,40,2,0.534114,0.127784,0.176411
BA,81,40,5,0.373302,0.09037,0.282574
KCU,81,40,2,0.532969,0.129838,0.162941
BA,81,40,3,0.211316,0.029428,0.181708
KCU,81,40,1,0.33423,0.080802,0.116209
BA,81,40,2,0.143148,0.020048,0.122986
KCU,81,40,1,0.316738,0.079612,0.113959
BA,81,40,4,0.287038,0.051077,0.235693
KCU,81,40,2,0.52976,0.128221,0.162802
BA,81,40,13,1.29641,0.562294,0.73307
KCU,81,40,1,0.326076,0.081546,0.102525
BA,81,40,7,0.57653,0.18135,0.394642
KCU,81,40,1,0.32561,0.078845,0.102337
BA,81,40,12,1.16791,0.491054,0.675872
KCU,81,40,1,0.326611,0.079955,0.102557
BA,81,40,4,0.304923,0.065211,0.239428
KCU,81,40,2,0.558062,0.139799,0.173445
BA,81,40,15,1.5862,0.735057,0.84991
KCU,81,40,1,0.327489,0.081592,0.102988
BA,81,60,8,0.662387,0.209513,0.452217
KCU,81,60,1,0.317197,0.0799,0.114419
BA,81,60,4,0.288727,0.062817,0.225657
KCU,81,60,2,0.530401,0.122089,0.174058
BA,81,60,3,0.208754,0.028963,0.179591
KCU,81,60,1,0.314475,0.079044,0.102442
BA,81,60,3,0.209104,0.040035,0.168887
KCU,81,60,1,0.326559,0.079419,0.102628
BA,81,60,3,0.20915,0.039757,0.169216
KCU,81,60,2,0.51987,0.127126,0.174509
BA,81,60,13,1.29434,0.548039,0.735
KCU,81,60,1,0.32763,0.080255,0.102564
BA,81,60,10,0.886617,0.322689,0.563141
KCU,81,60,1,0.326551,0.079545,0.113504
BA,81,60,7,0.555648,0.150702,0.404423
KCU,81,60,1,0.325999,0.0799,0.102092
BA,81,60,3,0.206793,0.037828,0.168782
KCU,81,60,2,0.528427,0.125578,0.173851
BA,81,60,2,0.131586,0.018963,0.112523
KCU,81,60,1,0.325172,0.078912,0.102254
BA,81,60,16,1.86834,0.965524,0.901462
KCU,81,60,1,0.315358,0.080428,0.112287
BA,81,60,2,0.132539,0.019713,0.112726
KCU,81,60,1,0.326389,0.078725,0.113813
BA,81,60,10,0.881311,0.306813,0.573711
KCU,81,60,1,0.326716,0.079614,0.10252
BA,81,60,3,0.208108,0.038764,0.169164
KCU,81,60,2,0.529869,0.1258,0.174258
BA,81,60,11,1.01263,0.39166,0.620094
KCU,81,60,1,0.326653,0.082221,0.110663
BA,81,60,5,0.373236,0.080819,0.29208
KCU,81,60,2,0.52979,0.127288,0.16281
BA,81,60,11,0.99175,0.370473,0.620417
KCU,81,60,1,0.32823,0.079648,0.114417
BA,81,60,12,1.13264,0.455492,0.676177
KCU,81,60,1,0.327734,0.079451,0.114137
BA,81,60,2,0.132015,0.019261,0.11266
KCU,81,60,1,0.326325,0.078674,0.113846
BA,81,60,17,1.88384,0.911714,0.970727
KCU,81,60,1,0.326285,0.079771,0.102352
BA,81,60,12,1.096,0.405992,0.678989
KCU,81,60,1,0.315775,0.07939,0.113761
BA,81,60,7,0.542487,0.147595,0.394389
KCU,81,60,2,0.530224,0.126605,0.174077
BA,81,60,3,0.207826,0.028132,0.17952
KCU,81,60,1,0.32687,0.078857,0.113972
BA,81,60,2,0.131296,0.007784,0.12342
KCU,81,60,1,0.315583,0.07942,0.102912
BA,81,60,2,0.132426,0.019983,0.112345
KCU,81,60,1,0.325577,0.078359,0.113436
BA,81,60,8,0.654099,0.193329,0.460162
KCU,81,60,1,0.325974,0.079946,0.102183
BA,81,60,12,1.20377,0.495195,0.707558
KCU,81,60,1,0.327703,0.080632,0.102604
BA,81,60,8,0.668387,0.215754,0.452013
KCU,81,60,1,0.328769,0.079778,0.114622
BA,81,60,3,0.208564,0.038934,0.169454
KCU,81,60,1,0.315051,0.079217,0.102877
BA,81,60,11,1.03687,0.415982,0.619997
KCU,81,60,1,0.327707,0.079835,0.11384
BA,81,80,2,0.132253,0.019342,0.112814
KCU,81,80,1,0.326342,0.078868,0.113962
BA,81,80,16,1.7679,0.861227,0.905343
KCU,81,80,1,0.326932,0.079464,0.102712
BA,81,80,15,1.62738,0.77732,0.848827
KCU,81,80,1,0.329994,0.080378,0.114513
BA,81,80,14,1.44811,0.657874,0.78906
KCU,81,80,1,0.325936,0.080101,0.102538
BA,81,80,4,0.287579,0.061817,0.225494
KCU,81,80,2,0.519354,0.12704,0.174329
BA,81,80,2,0.132141,0.018864,0.113177
KCU,81,80,1,0.331094,0.079735,0.11465
BA,81,80,7,0.558852,0.163523,0.394793
KCU,81,80,1,0.32778,0.080884,0.11285
BA,81,80,4,0.288381,0.062808,0.225306
KCU,81,80,1,0.315798,0.079017,0.113864
BA,81,80,2,0.132927,0.019797,0.113021
KCU,81,80,1,0.326956,0.08111,0.103097
BA,81,80,4,0.295767,0.068011,0.227469
KCU,81,80,2,0.531486,0.12901,0.168248
BA,81,80,2,0.142815,0.020022,0.122689
KCU,81,80,1,0.317243,0.07938,0.102476
BA,81,80,13,1.28678,0.542964,0.732554
KCU,81,80,1,0.315592,0.079454,0.113624
BA,81,80,3,0.208366,0.039212,0.168975
KCU,81,80,2,0.528941,0.126164,0.173638
BA,81,80,2,0.131044,0.008083,0.122867
KCU,81,80,1,0.32697,0.079019,0.113873
BA,81,80,17,1.96948,1.00639,0.961696
KCU,81,80,1,0.317317,0.079862,0.114424
BA,81,80,7,0.551612,0.156639,0.394434
KCU,81,80,1,0.326222,0.079485,0.102539
BA,81,80,3,0.208371,0.039228,0.168966
KCU,81,80,2,0.530208,0.128058,0.162449
BA,81,80,2,0.132289,0.018896,0.113297
KCU,81,80,1,0.328616,0.079363,0.114666
BA,81,80,9,0.776319,0.267864,0.507749
KCU,81,80,1,0.327448,0.080161,0.113746
BA,81,80,4,0.288639,0.060658,0.227721
KCU,81,80,3,0.731034,0.168669,0.222815
BA,81,80,12,1.14457,0.465241,0.678374
KCU,81,80,1,0.32625,0.084383,0.102943
BA,81,80,4,0.288771,0.062935,0.225568
KCU,81,80,2,0.519196,0.126668,0.174599
BA,81,80,3,0.2101,0.040864,0.169061
KCU,81,80,1,0.315938,0.079385,0.113891
BA,81,80,3,0.206378,0.026928,0.179259
KCU,81,80,2,0.53164,0.127812,0.174277
BA,81,80,8,0.660485,0.208114,0.451736
KCU,81,80,1,0.336886,0.080628,0.107728
BA,81,80,5,0.369777,0.067212,0.302212
KCU,81,80,2,0.519371,0.127293,0.173987
BA,81,80,6,0.461389,0.122667,0.338282
KCU,81,80,1,0.315376,0.079974,0.102299
BA,81,80,7,0.556506,0.161334,0.394634
KCU,81,80,1,0.326325,0.079574,0.102901
BA,81,80,7,0.550251,0.154399,0.39532
KCU,81,80,1,0.328044,0.080133,0.113757
BA,81,80,11,0.999304,0.368167,0.630278
KCU,81,80,1,0.315379,0.079938,0.102568
BA,81,100,17,2.06829,1.09849,0.958271
KCU,81,100,1,0.326589,0.079776,0.102591
BA,81,100,16,1.8288,0.91444,0.913109
KCU,81,100,1,0.316267,0.079644,0.114011
BA,81,100,7,0.562442,0.167085,0.394791
KCU,81,100,1,0.326335,0.079854,0.1025
BA,81,100,2,0.132213,0.019476,0.112638
KCU,81,100,1,0.325071,0.079949,0.102603
BA,81,100,5,0.375272,0.093245,0.281675
KCU,81,100,2,0.518005,0.128425,0.162477
BA,81,100,3,0.208838,0.039766,0.168891
KCU,81,100,1,0.32592,0.079118,0.102723
BA,81,100,15,1.60856,0.751936,0.855398
KCU,81,100,1,0.327981,0.080456,0.102924
BA,81,100,11,1.02631,0.404452,0.621
KCU,81,100,1,0.326747,0.079956,0.102553
BA,81,100,15,1.67094,0.82378,0.845914
KCU,81,100,1,0.316052,0.080269,0.102481
BA,81,100,13,1.33129,0.58677,0.743471
KCU,81,100,1,0.316233,0.079502,0.113992
BA,81,100,20,4.03894,2.90859,1.12869
KCU,81,100,1,0.328779,0.085337,0.108985
BA,81,100,3,0.209037,0.039534,0.169323
KCU,81,100,1,0.326108,0.079263,0.102616
BA,81,100,4,0.291838,0.066095,0.225471
KCU,81,100,2,0.530706,0.130326,0.163185
BA,81,100,5,0.374601,0.091815,0.282423
KCU,81,100,2,0.529443,0.126885,0.162759
BA,81,100,14,1.4888,0.697695,0.789951
KCU,81,100,1,0.327796,0.079582,0.113959
BA,81,100,2,0.133332,0.01979,0.11344
KCU,81,100,1,0.328068,0.079487,0.102939
BA,81,100,5,0.375027,0.091712,0.282948
KCU,81,100,2,0.520204,0.123317,0.163549
BA,81,100,8,0.6562,0.192234,0.463357
KCU,81,100,1,0.328452,0.082708,0.110955
BA,81,100,3,0.2089,0.038825,0.169878
KCU,81,100,1,0.328438,0.079615,0.114426
BA,81,100,2,0.132447,0.019008,0.113339
KCU,81,100,1,0.32801,0.079625,0.103296
BA,81,100,4,0.2886,0.062122,0.226222
KCU,81,100,2,0.533365,0.129069,0.16341
BA,81,100,15,1.56968,0.722026,0.846423
KCU,81,100,1,0.316692,0.080009,0.113796
BA,81,100,4,0.289834,0.063843,0.225728
KCU,81,100,2,0.51963,0.127499,0.173817
BA,81,100,2,0.132326,0.019334,0.112892
KCU,81,100,1,0.325839,0.078945,0.102422
BA,81,100,3,0.207999,0.038548,0.169266
KCU,81,100,1,0.326524,0.078719,0.113837
BA,81,100,12,1.13271,0.454587,0.677155
KCU,81,100,1,0.327234,0.080275,0.112968
BA,81,100,4,0.288562,0.062535,0.225758
KCU,81,100,2,0.518953,0.127827,0.162501
BA,81,100,19,2.9479,1.87445,1.07187
KCU,81,100,1,0.316904,0.080198,0.114212
BA,81,100,18,2.20793,1.19049,1.01595
KCU,81,100,1,0.327869,0.079502,0.114067
BA,81,100,9,0.764285,0.255858,0.507724
KCU,81,100,1,0.328139,0.079692,0.113814
BA,91,0,4,0.351954,0.07058,0.281112
KCU,91,0,2,0.66409,0.155003,0.21671
BA,91,0,18,2.48153,1.20249,1.27754
KCU,91,0,1,0.400455,0.097084,0.127698
BA,91,0,12,1.37197,0.527164,0.843829
KCU,91,0,1,0.416456,0.096952,0.141915
BA,91,0,2,0.160781,0.007843,0.152828
KCU,91,0,1,0.39965,0.095772,0.127774
BA,91,0,4,0.353814,0.071094,0.282452
KCU,91,0,1,0.403806,0.096308,0.127989
BA,91,0,2,0.172843,0.024408,0.14833
KCU,91,0,1,0.44084,0.10288,0.1352
BA,91,0,2,0.161267,0.00836,0.152811
KCU,91,0,1,0.415073,0.095952,0.141735
BA,91,0,15,1.87478,0.814525,1.05902
KCU,91,0,1,0.4186,0.097311,0.142541
BA,91,0,4,0.35615,0.073045,0.282835
KCU,91,0,2,0.658481,0.155871,0.217567
BA,91,0,2,0.160735,0.007802,0.152835
KCU,91,0,1,0.403394,0.096321,0.127914
BA,91,0,2,0.164213,0.0236,0.140515
KCU,91,0,1,0.403558,0.095475,0.141695
BA,91,0,19,2.96326,1.62514,1.3365
KCU,91,0,1,0.391115,0.096955,0.141751
BA,91,0,11,1.19461,0.418536,0.775183
KCU,91,0,1,0.389737,0.096373,0.14115
BA,91,0,10,1.07037,0.367512,0.702054
KCU,91,0,1,0.404232,0.096608,0.141693
BA,91,0,15,1.88036,0.825362,1.05374
KCU,91,0,1,0.400534,0.096535,0.127854
BA,91,0,10,1.04504,0.341331,0.702897
KCU,91,0,1,0.400848,0.09627,0.141275
BA,91,0,3,0.256984,0.045161,0.211641
KCU,91,0,2,0.668333,0.154027,0.217283
BA,91,0,14,1.65736,0.672736,0.983457
KCU,91,0,1,0.415137,0.09673,0.141545
BA,91,0,2,0.162742,0.021959,0.140678
KCU,91,0,1,0.414763,0.095576,0.141817
BA,91,0,15,1.82906,0.760394,1.06739
KCU,91,0,1,0.400272,0.096224,0.127728
BA,91,0,3,0.255979,0.044948,0.210852
KCU,91,0,2,0.666386,0.1544,0.21617
BA,91,0,2,0.164213,0.023686,0.140426
KCU,91,0,1,0.389122,0.095386,0.128142
BA,91,0,4,0.367594,0.074015,0.293284
KCU,91,0,2,0.683407,0.1626,0.211718
BA,91,0,15,1.85898,0.784674,1.07305
KCU,91,0,1,0.405008,0.097327,0.128262
BA,91,0,6,0.565562,0.14191,0.423201
KCU,91,0,2,0.658626,0.154945,0.217445
BA,91,0,11,1.18906,0.398346,0.789817
KCU,91,0,1,0.405467,0.097167,0.128458
BA,91,0,18,2.4816,1.21405,1.26603
KCU,91,0,1,0.393598,0.097298,0.128405
BA,91,0,4,0.354173,0.073174,0.280736
KCU,91,0,2,0.639571,0.153644,0.202432
BA,91,0,4,0.352308,0.070872,0.281168
KCU,91,0,3,0.90507,0.199133,0.277761
BA,91,0,4,0.349939,0.068565,0.281104
KCU,91,0,4,1.15921,0.272538,0.371919
BA,91,20,6,0.565401,0.142763,0.422185
KCU,91,20,1,0.391197,0.096414,0.142004
BA,91,20,19,2.70764,1.37002,1.33603
KCU,91,20,1,0.414687,0.097068,0.127957
BA,91,20,2,0.161867,0.021167,0.140597
KCU,91,20,1,0.415516,0.09605,0.142029
BA,91,20,4,0.352307,0.058638,0.293409
KCU,91,20,3,0.926266,0.210888,0.290342
BA,91,20,16,2.14274,1.01227,1.12915
KCU,91,20,1,0.405694,0.102525,0.135865
BA,91,20,15,1.87394,0.813894,1.0588
KCU,91,20,1,0.406893,0.097334,0.142229
BA,91,20,13,1.54222,0.62163,0.9195
KCU,91,20,1,0.404916,0.096698,0.128353
BA,91,20,3,0.257334,0.046407,0.210726
KCU,91,20,2,0.654523,0.153504,0.216201
BA,91,20,14,1.71728,0.709915,1.00613
KCU,91,20,1,0.411869,0.098337,0.130266
BA,91,20,11,1.21107,0.423522,0.786622
KCU,91,20,1,0.415043,0.09841,0.144212
BA,91,20,4,0.352413,0.068471,0.283661
KCU,91,20,2,0.664884,0.14356,0.21979
BA,91,20,3,0.255197,0.030962,0.224056
KCU,91,20,2,0.658785,0.149383,0.203267
BA,91,20,10,1.06584,0.358457,0.706566
KCU,91,20,5,1.44053,0.323405,0.432619
BA,91,20,4,0.353981,0.070414,0.283299
KCU,91,20,2,0.658694,0.143467,0.203701
BA,91,20,5,0.452447,0.100157,0.351937
KCU,91,20,1,0.389683,0.096602,0.128161
BA,91,20,6,0.562267,0.127661,0.434176
KCU,91,20,1,0.403566,0.096547,0.127991
BA,91,20,4,0.350023,0.06853,0.281219
KCU,91,20,4,1.14683,0.272873,0.371514
BA,91,20,16,2.17795,0.98056,1.19598
KCU,91,20,1,0.422814,0.105886,0.153412
BA,91,20,3,0.270226,0.033294,0.236743
KCU,91,20,2,0.699998,0.167683,0.226919
BA,91,20,3,0.253919,0.029387,0.224347
KCU,91,20,2,0.657347,0.155208,0.203181
BA,91,20,13,1.53093,0.611943,0.917896
KCU,91,20,1,0.406984,0.097129,0.142457
BA,91,20,3,0.253397,0.028923,0.224293
KCU,91,20,2,0.65718,0.15543,0.203156
BA,91,20,21,11.5119,10.0164,1.49376
KCU,91,20,1,0.409506,0.097563,0.147236
BA,91,20,18,2.44975,1.1691,1.27914
KCU,91,20,1,0.397003,0.096592,0.147775
BA,91,20,18,2.49326,1.20942,1.28233
KCU,91,20,1,0.405083,0.09638,0.141997
BA,91,20,4,0.352481,0.07055,0.281653
KCU,91,20,2,0.656607,0.154456,0.216785
BA,91,20,15,1.90026,0.843443,1.05557
KCU,91,20,1,0.404157,0.102114,0.135237
BA,91,20,18,2.55642,1.26173,1.28073
KCU,91,20,1,0.407369,0.099149,0.14174
BA,91,20,2,0.161999,0.021477,0.140412
KCU,91,20,1,0.402326,0.095714,0.127887
BA,91,20,4,0.354407,0.072026,0.282109
KCU,91,20,2,0.656413,0.154991,0.209541
BA,91,40,2,0.162055,0.021466,0.140491
KCU,91,40,1,0.388944,0.095691,0.127937
BA,91,40,10,1.05479,0.350585,0.703382
KCU,91,40,1,0.403708,0.099005,0.128155
BA,91,40,2,0.162889,0.022086,0.140692
KCU,91,40,1,0.403855,0.096327,0.128112
BA,91,40,19,2.98631,1.64257,1.3421
KCU,91,40,1,0.391117,0.096977,0.128201
BA,91,40,12,1.32539,0.476639,0.847751
KCU,91,40,1,0.406022,0.097451,0.128457
BA,91,40,4,0.352115,0.070738,0.28111
KCU,91,40,2,0.657906,0.155096,0.217236
BA,91,40,3,0.254935,0.043769,0.210981
KCU,91,40,2,0.656837,0.155605,0.215239
BA,91,40,14,1.70276,0.712666,0.988945
KCU,91,40,1,0.408048,0.09717,0.142905
BA,91,40,6,0.56266,0.137895,0.424322
KCU,91,40,1,0.417843,0.096832,0.13462
BA,91,40,9,0.896678,0.261955,0.633979
KCU,91,40,1,0.405204,0.096599,0.14208
BA,91,40,2,0.162867,0.021966,0.1408
KCU,91,40,1,0.403257,0.096213,0.128143
BA,91,40,2,0.163008,0.022209,0.1407
KCU,91,40,1,0.40387,0.096542,0.128118
BA,91,40,10,1.03643,0.331175,0.704455
KCU,91,40,1,0.404709,0.096977,0.12826
BA,91,40,3,0.254357,0.030613,0.223561
KCU,91,40,1,0.403966,0.096272,0.128265
BA,91,40,3,0.256165,0.044014,0.211965
KCU,91,40,2,0.659766,0.155334,0.217976
BA,91,40,2,0.162165,0.021484,0.140583
KCU,91,40,1,0.388593,0.095431,0.128053
BA,91,40,13,1.51707,0.601288,0.914713
KCU,91,40,1,0.404461,0.096917,0.128094
BA,91,40,13,1.53253,0.61681,0.914662
KCU,91,40,1,0.40317,0.096549,0.127682
BA,91,40,2,0.162431,0.02175,0.140589
KCU,91,40,1,0.403543,0.096319,0.128013
BA,91,40,9,0.918741,0.282461,0.635572
KCU,91,40,1,0.418855,0.097353,0.147982
BA,91,40,3,0.256722,0.045333,0.211203
KCU,91,40,2,0.65484,0.153892,0.203178
BA,91,40,4,0.353559,0.071746,0.281538
KCU,91,40,2,0.65417,0.158455,0.202987
BA,91,40,5,0.453347,0.101029,0.35196
KCU,91,40,2,0.653476,0.157833,0.18904
BA,91,40,5,0.453659,0.100946,0.35236
KCU,91,40,2,0.653991,0.1542,0.20213
BA,91,40,17,2.29015,1.08694,1.20179
KCU,91,40,1,0.391727,0.09704,0.128486
BA,91,40,13,1.53927,0.619872,0.918315
KCU,91,40,1,0.391832,0.096883,0.128662
BA,91,40,15,1.91116,0.837024,1.07287
KCU,91,40,1,0.393049,0.097016,0.142782
BA,91,40,2,0.165276,0.024532,0.140643
KCU,91,40,1,0.404788,0.096285,0.141863
BA,91,40,3,0.25578,0.043794,0.211807
KCU,91,40,2,0.656188,0.154721,0.202879
BA,91,40,4,0.354026,0.071906,0.281829
KCU,91,40,2,0.656231,0.154298,0.216795
BA,91,60,7,0.722593,0.195095,0.526919
KCU,91,60,1,0.437898,0.10505,0.137152
BA,91,60,6,0.562217,0.138905,0.422877
KCU,91,60,7,1.91978,0.453246,0.581334
BA,91,60,11,1.19062,0.412461,0.777274
KCU,91,60,1,0.391158,0.097134,0.12831
BA,91,60,11,1.17233,0.384261,0.77466
KCU,91,60,1,0.405469,0.096528,0.142176
BA,91,60,11,1.18076,0.393146,0.786718
KCU,91,60,1,0.406191,0.099013,0.127883
BA,91,60,9,0.91758,0.269904,0.646947
KCU,91,60,1,0.390446,0.102237,0.135033
BA,91,60,3,0.258217,0.045864,0.21217
KCU,91,60,1,0.405808,0.096421,0.129047
BA,91,60,3,0.25811,0.045586,0.212338
KCU,91,60,1,0.407203,0.096823,0.142806
BA,91,60,4,0.35531,0.072547,0.282494
KCU,91,60,2,0.657286,0.155015,0.203575
BA,91,60,2,0.16181,0.007934,0.153778
KCU,91,60,1,0.410426,0.096091,0.128551
BA,91,60,3,0.257284,0.045369,0.211717
KCU,91,60,1,0.390885,0.096565,0.12823
BA,91,60,4,0.353347,0.07079,0.282279
KCU,91,60,2,0.661736,0.156562,0.21817
BA,91,60,3,0.256107,0.044662,0.211261
KCU,91,60,2,0.654989,0.154536,0.202549
BA,91,60,13,1.45803,0.52964,0.927318
KCU,91,60,1,0.394188,0.096486,0.141999
BA,91,60,2,0.16343,0.02242,0.140908
KCU,91,60,1,0.404436,0.096083,0.141705
BA,91,60,16,2.08602,0.946735,1.12528
KCU,91,60,1,0.392428,0.097335,0.142224
BA,91,60,5,0.454283,0.10204,0.351897
KCU,91,60,2,0.66698,0.154317,0.208766
BA,91,60,3,0.256527,0.032934,0.223408
KCU,91,60,1,0.40479,0.096007,0.142147
BA,91,60,4,0.351816,0.070262,0.281262
KCU,91,60,2,0.653988,0.156646,0.188822
BA,91,60,2,0.162931,0.022293,0.140538
KCU,91,60,1,0.415823,0.097589,0.134528
BA,91,60,17,2.33931,1.14032,1.19755
KCU,91,60,1,0.404357,0.096691,0.12812
BA,91,60,10,1.05593,0.338809,0.716296
KCU,91,60,1,0.406683,0.096867,0.142518
BA,91,60,12,1.32504,0.474796,0.849055
KCU,91,60,1,0.408246,0.098163,0.142255
BA,91,60,16,2.09303,0.963869,1.12779
KCU,91,60,1,0.406434,0.097152,0.142131
BA,91,60,22,18.3097,16.7235,1.58426
KCU,91,60,1,0.409028,0.097943,0.133739
BA,91,60,9,0.92598,0.291737,0.633511
KCU,91,60,2,0.657486,0.155037,0.216791
BA,91,60,12,1.359,0.487344,0.870671
KCU,91,60,1,0.403769,0.099961,0.128395
BA,91,60,3,0.268072,0.048381,0.219484
KCU,91,60,1,0.407838,0.097255,0.142959
BA,91,60,3,0.257875,0.045667,0.212014
KCU,91,60,1,0.406197,0.096646,0.129004
BA,91,60,4,0.375287,0.076289,0.298696
KCU,91,60,2,0.709488,0.168991,0.217652
BA,91,80,5,0.455,0.102724,0.351914
KCU,91,80,8,2.17335,0.509081,0.626761
BA,91,80,2,0.163326,0.022326,0.140895
KCU,91,80,1,0.406459,0.09647,0.142511
BA,91,80,9,0.931849,0.284474,0.646637
KCU,91,80,1,0.392769,0.09688,0.142552
BA,91,80,3,0.258102,0.046635,0.211283
KCU,91,80,1,0.40459,0.096497,0.128227
BA,91,80,14,1.67319,0.684986,0.987022
KCU,91,80,1,0.391432,0.097123,0.128227
BA,91,80,2,0.16455,0.010177,0.154272
KCU,91,80,1,0.405991,0.096784,0.128718
BA,91,80,5,0.458565,0.092053,0.36613
KCU,91,80,1,0.407326,0.097761,0.128486
BA,91,80,9,0.919399,0.284362,0.63429
KCU,91,80,1,0.418836,0.09741,0.142373
BA,91,80,22,8.34189,6.78223,1.5578
KCU,91,80,1,0.434207,0.104934,0.153754
BA,91,80,8,0.808043,0.235684,0.571703
KCU,91,80,1,0.42975,0.09832,0.133015
BA,91,80,4,0.355805,0.072595,0.282929
KCU,91,80,2,0.672956,0.156002,0.217809
BA,91,80,11,1.21291,0.434009,0.777979
KCU,91,80,1,0.420154,0.09726,0.143083
BA,91,80,4,0.376613,0.077001,0.299294
KCU,91,80,2,0.661979,0.158957,0.203984
BA,91,80,3,0.255564,0.044114,0.211261
KCU,91,80,2,0.659275,0.154941,0.2176
BA,91,80,2,0.175341,0.021896,0.153343
KCU,91,80,1,0.39155,0.09604,0.142414
BA,91,80,15,1.828,0.752178,1.0745
KCU,91,80,1,0.406486,0.097281,0.128544
BA,91,80,6,0.560746,0.137379,0.422912
KCU,91,80,1,0.405362,0.096931,0.1285
BA,91,80,4,0.353075,0.070657,0.282141
KCU,91,80,3,0.906419,0.212379,0.264092
BA,91,80,7,0.667269,0.173543,0.49317
KCU,91,80,7,1.92414,0.455828,0.563953
BA,91,80,13,1.57418,0.640597,0.932477
KCU,91,80,1,0.395417,0.098021,0.14332
BA,91,80,11,1.20694,0.431369,0.774679
KCU,91,80,1,0.390842,0.09682,0.12843
BA,91,80,14,1.66705,0.679614,0.986268
KCU,91,80,1,0.404538,0.096933,0.127969
BA,91,80,6,0.567968,0.144773,0.422733
KCU,91,80,1,0.398272,0.096687,0.148614
BA,91,80,4,0.35763,0.073621,0.283735
KCU,91,80,2,0.662077,0.155222,0.225653
BA,91,80,12,1.33189,0.481044,0.849826
KCU,91,80,1,0.409828,0.098032,0.143458
BA,91,80,10,1.12869,0.36878,0.758993
KCU,91,80,1,0.443266,0.106949,0.139185
BA,91,80,7,0.684084,0.185845,0.49767
KCU,91,80,1,0.408507,0.097237,0.143176
BA,91,80,3,0.257757,0.044243,0.213326
KCU,91,80,1,0.408797,0.098099,0.129685
BA,91,80,16,2.10528,0.970037,1.13385
KCU,91,80,1,0.408614,0.098362,0.129152
BA,91,80,2,0.163296,0.022217,0.140966
KCU,91,80,1,0.40469,0.099681,0.128802
BA,91,100,8,0.790214,0.224752,0.564808
KCU,91,100,1,0.393646,0.097501,0.142566
BA,91,100,12,1.3536,0.503404,0.849193
KCU,91,100,1,0.401313,0.098068,0.149261
BA,91,100,10,1.06968,0.361226,0.70765
KCU,91,100,1,0.40828,0.098169,0.129172
BA,91,100,5,0.463226,0.108159,0.354704
KCU,91,100,3,0.917062,0.215987,0.280284
BA,91,100,2,0.163882,0.022404,0.141376
KCU,91,100,1,0.394204,0.097011,0.143328
BA,91,100,13,1.49513,0.561022,0.933002
KCU,91,100,1,0.392464,0.098344,0.12902
BA,91,100,10,1.07148,0.362526,0.708106
KCU,91,100,2,0.661594,0.157852,0.203797
BA,91,100,14,1.71256,0.720747,0.990603
KCU,91,100,1,0.406157,0.097623,0.128731
BA,91,100,8,0.801267,0.232619,0.568023
KCU,91,100,1,0.407127,0.097459,0.14255
BA,91,100,9,0.917702,0.277944,0.639017
KCU,91,100,1,0.41089,0.097523,0.142595
BA,91,100,2,0.163686,0.022338,0.141244
KCU,91,100,1,0.40623,0.096925,0.128927
BA,91,100,11,1.32231,0.436636,0.884711
KCU,91,100,1,0.484611,0.101526,0.156637
BA,91,100,14,1.79785,0.748112,1.04846
KCU,91,100,1,0.437438,0.105531,0.151926
BA,91,100,2,0.163692,0.02198,0.141608
KCU,91,100,1,0.392252,0.097037,0.128753
BA,91,100,17,2.33805,1.13311,1.20347
KCU,91,100,1,0.408193,0.098684,0.128861
BA,91,100,11,1.19673,0.416535,0.779268
KCU,91,100,1,0.409258,0.097476,0.143496
BA,91,100,15,1.86102,0.77892,1.06255
KCU,91,100,1,0.408804,0.097712,0.143048
BA,91,100,2,0.163274,0.022015,0.141148
KCU,91,100,1,0.390718,0.097502,0.128341
BA,91,100,4,0.355566,0.072681,0.282593
KCU,91,100,2,0.659601,0.15216,0.203617
BA,91,100,10,1.06923,0.364012,0.704381
KCU,91,100,1,0.418797,0.096866,0.148524
BA,91,100,4,0.355883,0.074178,0.281435
KCU,91,100,2,0.658658,0.14886,0.217294
BA,91,100,13,1.47171,0.541693,0.928933
KCU,91,100,1,0.405466,0.102622,0.135773
BA,91,100,4,0.35262,0.070524,0.281813
KCU,91,100,2,0.65813,0.147881,0.217373
BA,91,100,5,0.460278,0.107467,0.352433
KCU,91,100,2,0.658639,0.142216,0.220254
BA,91,100,6,0.571992,0.14912,0.422427
KCU,91,100,4,1.16225,0.274564,0.338691
BA,91,100,8,0.791858,0.226975,0.564274
KCU,91,100,1,0.407853,0.09771,0.1426
BA,91,100,24,17.9193,16.2013,1.71591
KCU,91,100,1,0.424059,0.098024,0.133482
BA,91,100,16,1.94109,0.811673,1.12805
KCU,91,100,1,0.390969,0.103098,0.128319
BA,91,100,15,1.84175,0.782685,1.05779
KCU,91,100,1,0.405334,0.097251,0.128262
BA,91,100,15,1.85772,0.794436,1.06202
KCU,91,100,1,0.408508,0.098271,0.142293
