BA,1,0,3,0.61715,0.61635,0.000451
KCRDK,1,0,2,0.012415,0.009835,0.002178
BA,1,0,4,0.039235,0.038418,0.000448
KCRDK,1,0,3,0.013806,0.012534,0.000767
BA,1,0,2,0.008891,0.008571,0.000186
KCRDK,1,0,1,0.005782,0.004207,0.001409
BA,1,0,3,0.017358,0.016789,0.000332
KCRDK,1,0,1,0.005981,0.004105,0.001664
BA,1,0,3,0.018261,0.017665,0.000349
KCRDK,1,0,1,0.006779,0.004752,0.001796
BA,1,0,3,0.019439,0.01886,0.000322
KCRDK,1,0,1,0.005915,0.004241,0.00147
BA,1,0,3,0.019136,0.018543,0.000335
KCRDK,1,0,2,0.009698,0.006798,0.002548
BA,1,0,2,0.009379,0.009024,0.000218
KCRDK,1,0,1,0.006006,0.004367,0.00142
BA,1,0,3,0.020201,0.019632,0.000334
KCRDK,1,0,2,0.008943,0.007676,0.000924
BA,1,0,3,0.01794,0.017396,0.000307
KCRDK,1,0,2,0.00787,0.006864,0.000647
BA,1,0,4,0.034777,0.034005,0.000445
KCRDK,1,0,3,0.013503,0.010141,0.002863
BA,1,0,3,0.019567,0.018957,0.000362
KCRDK,1,0,2,0.009155,0.006554,0.002232
BA,1,0,3,0.017662,0.017096,0.000324
KCRDK,1,0,1,0.005829,0.004177,0.001452
BA,1,0,3,0.019938,0.019396,0.000304
KCRDK,1,0,1,0.005072,0.00362,0.001242
BA,1,0,2,0.009445,0.009069,0.000237
KCRDK,1,0,1,0.006263,0.004541,0.001512
BA,1,0,2,0.009262,0.008893,0.000223
KCRDK,1,0,1,0.006035,0.004098,0.001717
BA,1,0,3,0.018834,0.018253,0.000335
KCRDK,1,0,1,0.005794,0.004206,0.001388
BA,1,0,3,0.019678,0.019081,0.000334
KCRDK,1,0,1,0.006151,0.004321,0.00163
BA,1,0,2,0.008826,0.008491,0.000199
KCRDK,1,0,1,0.005495,0.004108,0.001186
BA,1,0,4,0.033668,0.032905,0.000427
KCRDK,1,0,3,0.014536,0.012856,0.001159
BA,1,0,2,0.0088,0.008412,0.000214
KCRDK,1,0,1,0.006569,0.0048,0.001574
BA,1,0,4,0.033234,0.0325,0.000414
KCRDK,1,0,3,0.013476,0.009619,0.00334
BA,1,0,4,0.034482,0.033739,0.000427
KCRDK,1,0,2,0.00979,0.00895,0.000478
BA,1,0,4,0.033718,0.032907,0.000453
KCRDK,1,0,3,0.012874,0.009173,0.003173
BA,1,0,4,0.037253,0.03645,0.000473
KCRDK,1,0,3,0.014702,0.010662,0.003531
BA,1,0,4,0.033836,0.033022,0.000475
KCRDK,1,0,3,0.015849,0.012236,0.003058
BA,1,0,4,0.033056,0.032209,0.000505
KCRDK,1,0,3,0.016227,0.012276,0.003422
BA,1,0,2,0.009549,0.009141,0.000239
KCRDK,1,0,1,0.00639,0.004474,0.001732
BA,1,0,2,0.008434,0.00808,0.000216
KCRDK,1,0,1,0.005712,0.00387,0.001636
BA,1,0,3,0.01806,0.017474,0.000333
KCRDK,1,0,2,0.009465,0.007102,0.002038
BA,1,20,3,0.019412,0.018791,0.000374
KCRDK,1,20,2,0.010464,0.007884,0.002225
BA,1,20,3,0.017365,0.016774,0.000356
KCRDK,1,20,1,0.006026,0.004234,0.001578
BA,1,20,4,0.032605,0.031853,0.000441
KCRDK,1,20,3,0.015463,0.011616,0.003305
BA,1,20,3,0.016863,0.016329,0.000328
KCRDK,1,20,1,0.005377,0.004144,0.001034
BA,1,20,2,0.009165,0.008828,0.000213
KCRDK,1,20,1,0.005799,0.004424,0.001163
BA,1,20,3,0.01763,0.017058,0.00033
KCRDK,1,20,1,0.005453,0.003846,0.00139
BA,1,20,4,0.032856,0.032036,0.000457
KCRDK,1,20,3,0.014257,0.01014,0.003571
BA,1,20,2,0.008298,0.007962,0.00021
KCRDK,1,20,1,0.005979,0.004307,0.001475
BA,1,20,3,0.016716,0.01619,0.000314
KCRDK,1,20,1,0.005978,0.004138,0.00163
BA,1,20,2,0.009549,0.009188,0.000224
KCRDK,1,20,1,0.006112,0.004491,0.001395
BA,1,20,4,0.033643,0.032822,0.000488
KCRDK,1,20,3,0.013788,0.011954,0.001311
BA,1,20,4,0.033347,0.032514,0.000491
KCRDK,1,20,3,0.01525,0.011349,0.003301
BA,1,20,4,0.031533,0.030721,0.000473
KCRDK,1,20,3,0.015966,0.012256,0.003164
BA,1,20,4,0.033476,0.032597,0.00053
KCRDK,1,20,3,0.01368,0.011167,0.002021
BA,1,20,3,0.019092,0.0185,0.000345
KCRDK,1,20,1,0.006227,0.004358,0.001664
BA,1,20,3,0.016743,0.016189,0.000334
KCRDK,1,20,1,0.005154,0.003788,0.001196
BA,1,20,3,0.017237,0.016693,0.000319
KCRDK,1,20,1,0.006202,0.00444,0.001543
BA,1,20,3,0.019256,0.018636,0.000349
KCRDK,1,20,1,0.00593,0.004234,0.001492
BA,1,20,2,0.009759,0.009336,0.000272
KCRDK,1,20,1,0.006304,0.004264,0.001857
BA,1,20,3,0.018501,0.01793,0.000338
KCRDK,1,20,1,0.006007,0.004308,0.001515
BA,1,20,3,0.020307,0.019733,0.000356
KCRDK,1,20,2,0.0098,0.006741,0.002703
BA,1,20,3,0.022245,0.021667,0.000356
KCRDK,1,20,1,0.006327,0.004433,0.001671
BA,1,20,2,0.008791,0.00844,0.000206
KCRDK,1,20,1,0.006749,0.004595,0.001918
BA,1,20,4,0.03294,0.032164,0.000455
KCRDK,1,20,3,0.013811,0.012111,0.001154
BA,1,20,3,0.01938,0.018789,0.000355
KCRDK,1,20,1,0.006171,0.004397,0.001567
BA,1,20,4,0.03131,0.030579,0.000414
KCRDK,1,20,3,0.013464,0.010829,0.002131
BA,1,20,3,0.017612,0.017035,0.000334
KCRDK,1,20,1,0.00601,0.004271,0.001531
BA,1,20,2,0.008875,0.0085,0.000223
KCRDK,1,20,1,0.007422,0.005143,0.002027
BA,1,20,4,0.035387,0.034613,0.000437
KCRDK,1,20,3,0.014064,0.010632,0.002932
BA,1,20,3,0.020184,0.019605,0.000339
KCRDK,1,20,2,0.008403,0.007555,0.000485
BA,1,40,3,0.017452,0.016868,0.00034
KCRDK,1,40,1,0.005265,0.004011,0.00106
BA,1,40,3,0.01862,0.018075,0.000299
KCRDK,1,40,1,0.006164,0.004452,0.001531
BA,1,40,4,0.033786,0.032991,0.00047
KCRDK,1,40,3,0.015388,0.01208,0.002804
BA,1,40,3,0.020567,0.019986,0.000344
KCRDK,1,40,1,0.0054,0.003846,0.001392
BA,1,40,2,0.009412,0.009072,0.000202
KCRDK,1,40,1,0.006471,0.004686,0.001583
BA,1,40,3,0.018457,0.01788,0.000344
KCRDK,1,40,2,0.009723,0.006944,0.002436
BA,1,40,3,0.018036,0.017453,0.000345
KCRDK,1,40,2,0.010141,0.007015,0.002741
BA,1,40,4,0.032744,0.031854,0.000518
KCRDK,1,40,3,0.014272,0.01235,0.000822
BA,1,40,2,0.008426,0.008085,0.000208
KCRDK,1,40,1,0.006232,0.004226,0.001788
BA,1,40,3,0.02036,0.019755,0.000346
KCRDK,1,40,1,0.005482,0.00382,0.001461
BA,1,40,2,0.009773,0.009391,0.000238
KCRDK,1,40,1,0.007175,0.004841,0.002119
BA,1,40,3,0.019092,0.018512,0.000344
KCRDK,1,40,1,0.006299,0.004497,0.001617
BA,1,40,4,0.034086,0.033241,0.000501
KCRDK,1,40,3,0.014736,0.011034,0.003168
BA,1,40,4,0.033907,0.033052,0.000503
KCRDK,1,40,3,0.012263,0.011148,0.000612
BA,1,40,4,0.032087,0.031272,0.000492
KCRDK,1,40,3,0.01561,0.010177,0.00492
BA,1,40,3,0.019325,0.01874,0.000338
KCRDK,1,40,2,0.009783,0.006975,0.002418
BA,1,40,4,0.035116,0.034278,0.000515
KCRDK,1,40,3,0.014767,0.011079,0.003192
BA,1,40,4,0.034502,0.033706,0.000465
KCRDK,1,40,3,0.014143,0.01136,0.002293
BA,1,40,2,0.009086,0.008732,0.000222
KCRDK,1,40,1,0.007458,0.005156,0.002061
BA,1,40,3,0.017871,0.017267,0.000356
KCRDK,1,40,2,0.01051,0.007467,0.002646
BA,1,40,4,0.032248,0.031409,0.000484
KCRDK,1,40,3,0.013072,0.011481,0.001099
BA,1,40,3,0.020214,0.019678,0.000308
KCRDK,1,40,1,0.005708,0.004079,0.001463
BA,1,40,2,0.008464,0.008133,0.000206
KCRDK,1,40,1,0.005788,0.004052,0.001561
BA,1,40,3,0.019735,0.019124,0.00037
KCRDK,1,40,1,0.006058,0.004105,0.001739
BA,1,40,2,0.009001,0.008646,0.000222
KCRDK,1,40,1,0.006606,0.004368,0.002046
BA,1,40,2,0.008766,0.008394,0.000236
KCRDK,1,40,1,0.006105,0.004151,0.001731
BA,1,40,4,0.035067,0.034255,0.000475
KCRDK,1,40,3,0.01276,0.009218,0.003032
BA,1,40,3,0.019677,0.019062,0.000369
KCRDK,1,40,2,0.010543,0.00745,0.002729
BA,1,40,3,0.018423,0.017867,0.000328
KCRDK,1,40,1,0.006772,0.004491,0.002034
BA,1,40,2,0.009936,0.009565,0.000236
KCRDK,1,40,1,0.006284,0.004242,0.00182
BA,1,60,3,0.018567,0.01797,0.000329
KCRDK,1,60,1,0.006109,0.00449,0.001447
BA,1,60,3,0.019908,0.019356,0.000326
KCRDK,1,60,2,0.009486,0.00659,0.002559
BA,1,60,4,0.03238,0.031601,0.000454
KCRDK,1,60,3,0.013206,0.01208,0.000586
BA,1,60,3,0.018437,0.017869,0.000346
KCRDK,1,60,1,0.006057,0.004058,0.001825
BA,1,60,2,0.009173,0.008815,0.000224
KCRDK,1,60,1,0.006673,0.004728,0.001755
BA,1,60,2,0.009676,0.009305,0.000233
KCRDK,1,60,1,0.006429,0.004605,0.001615
BA,1,60,3,0.017651,0.017056,0.000337
KCRDK,1,60,1,0.005712,0.004264,0.001242
BA,1,60,3,0.019321,0.018727,0.000363
KCRDK,1,60,1,0.005989,0.004414,0.001394
BA,1,60,4,0.037208,0.0364,0.000481
KCRDK,1,60,3,0.01272,0.009334,0.002876
BA,1,60,3,0.017518,0.016954,0.000347
KCRDK,1,60,2,0.010143,0.006787,0.002986
BA,1,60,2,0.009718,0.009351,0.00023
KCRDK,1,60,1,0.00681,0.004799,0.001816
BA,1,60,3,0.018856,0.018304,0.000337
KCRDK,1,60,2,0.009457,0.006576,0.002527
BA,1,60,2,0.009623,0.009245,0.00023
KCRDK,1,60,1,0.006138,0.004419,0.001515
BA,1,60,3,0.016527,0.015992,0.00033
KCRDK,1,60,1,0.006202,0.004243,0.001765
BA,1,60,3,0.020129,0.019603,0.000303
KCRDK,1,60,1,0.005677,0.004024,0.001474
BA,1,60,2,0.009741,0.009364,0.000226
KCRDK,1,60,1,0.006783,0.004596,0.002008
BA,1,60,4,0.032957,0.032123,0.000498
KCRDK,1,60,3,0.015277,0.011506,0.003236
BA,1,60,3,0.017223,0.016675,0.000327
KCRDK,1,60,1,0.006173,0.004339,0.001621
BA,1,60,2,0.009434,0.009096,0.000214
KCRDK,1,60,1,0.006529,0.004527,0.001825
BA,1,60,2,0.009432,0.009103,0.000205
KCRDK,1,60,1,0.006352,0.004561,0.00156
BA,1,60,4,0.033942,0.033149,0.000473
KCRDK,1,60,3,0.014807,0.011076,0.003182
BA,1,60,4,0.035192,0.034318,0.000501
KCRDK,1,60,3,0.012627,0.011326,0.000774
BA,1,60,3,0.017543,0.016983,0.000324
KCRDK,1,60,2,0.009569,0.006859,0.002358
BA,1,60,3,0.018071,0.017538,0.00032
KCRDK,1,60,1,0.006131,0.004345,0.001555
BA,1,60,3,0.019015,0.018448,0.000342
KCRDK,1,60,2,0.011393,0.008434,0.002614
BA,1,60,3,0.018723,0.018135,0.000349
KCRDK,1,60,1,0.005676,0.003909,0.001564
BA,1,60,3,0.019062,0.018494,0.000312
KCRDK,1,60,2,0.010111,0.00699,0.002742
BA,1,60,3,0.0197,0.019157,0.000324
KCRDK,1,60,1,0.005594,0.004266,0.001136
BA,1,60,2,0.008516,0.008149,0.000222
KCRDK,1,60,1,0.005762,0.004075,0.001484
BA,1,60,3,0.017735,0.017185,0.000322
KCRDK,1,60,1,0.005707,0.004226,0.001267
BA,1,80,3,0.019099,0.018466,0.000364
KCRDK,1,80,1,0.005883,0.004353,0.001331
BA,1,80,3,0.021002,0.020379,0.000368
KCRDK,1,80,2,0.010237,0.007461,0.002379
BA,1,80,2,0.009321,0.008938,0.000238
KCRDK,1,80,1,0.005954,0.004104,0.00164
BA,1,80,2,0.009138,0.008753,0.000236
KCRDK,1,80,1,0.005709,0.004019,0.001478
BA,1,80,2,0.00948,0.009126,0.000221
KCRDK,1,80,1,0.006374,0.004613,0.001577
BA,1,80,3,0.020041,0.019411,0.000384
KCRDK,1,80,2,0.009908,0.007168,0.002383
BA,1,80,4,0.034161,0.03334,0.000484
KCRDK,1,80,3,0.015106,0.012066,0.002522
BA,1,80,4,0.03357,0.032717,0.000505
KCRDK,1,80,3,0.01421,0.010491,0.003224
BA,1,80,3,0.018971,0.018329,0.00041
KCRDK,1,80,1,0.00555,0.004287,0.001061
BA,1,80,2,0.00938,0.008968,0.000249
KCRDK,1,80,1,0.007067,0.00451,0.002334
BA,1,80,3,0.020711,0.020095,0.000342
KCRDK,1,80,2,0.010666,0.007953,0.002346
BA,1,80,3,0.016963,0.016404,0.000322
KCRDK,1,80,2,0.009585,0.006871,0.002357
BA,1,80,4,0.032548,0.031745,0.000477
KCRDK,1,80,3,0.01472,0.011,0.003188
BA,1,80,4,0.033198,0.032354,0.000503
KCRDK,1,80,3,0.013658,0.012481,0.000656
BA,1,80,3,0.01844,0.017789,0.000376
KCRDK,1,80,1,0.006107,0.004441,0.001452
BA,1,80,3,0.01908,0.01849,0.000357
KCRDK,1,80,2,0.008244,0.006937,0.000932
BA,1,80,3,0.018986,0.018415,0.000338
KCRDK,1,80,2,0.0101,0.007218,0.002514
BA,1,80,2,0.009395,0.00902,0.000236
KCRDK,1,80,1,0.006516,0.004549,0.001753
BA,1,80,2,0.010162,0.009778,0.000247
KCRDK,1,80,1,0.006457,0.004537,0.001685
BA,1,80,2,0.009719,0.009342,0.000232
KCRDK,1,80,1,0.006508,0.004432,0.001851
BA,1,80,2,0.009027,0.008657,0.000234
KCRDK,1,80,1,0.006465,0.004331,0.00191
BA,1,80,4,0.032683,0.031904,0.000454
KCRDK,1,80,3,0.016314,0.011478,0.004271
BA,1,80,3,0.018666,0.01806,0.000364
KCRDK,1,80,1,0.006499,0.004577,0.001696
BA,1,80,3,0.019233,0.018627,0.000362
KCRDK,1,80,1,0.005759,0.003858,0.001663
BA,1,80,2,0.009091,0.008737,0.000223
KCRDK,1,80,1,0.005446,0.003723,0.001545
BA,1,80,3,0.018244,0.017605,0.000384
KCRDK,1,80,1,0.006122,0.004697,0.001212
BA,1,80,3,0.020421,0.019822,0.000365
KCRDK,1,80,2,0.009166,0.008064,0.00073
BA,1,80,4,0.033825,0.032965,0.000501
KCRDK,1,80,3,0.014895,0.013152,0.001226
BA,1,80,3,0.019069,0.018494,0.000346
KCRDK,1,80,1,0.006608,0.004511,0.001884
BA,1,80,2,0.008715,0.008368,0.000221
KCRDK,1,80,1,0.00654,0.004253,0.002079
BA,1,100,3,0.017687,0.017172,0.000304
KCRDK,1,100,1,0.005199,0.003777,0.001236
BA,1,100,3,0.018478,0.017926,0.000351
KCRDK,1,100,2,0.009237,0.00797,0.0009
BA,1,100,2,0.009079,0.008735,0.000216
KCRDK,1,100,1,0.006012,0.004144,0.001655
BA,1,100,4,0.034243,0.033414,0.000466
KCRDK,1,100,3,0.015145,0.011684,0.002934
BA,1,100,3,0.018819,0.018233,0.000347
KCRDK,1,100,2,0.008349,0.007632,0.000362
BA,1,100,2,0.00853,0.008151,0.000227
KCRDK,1,100,1,0.005799,0.004057,0.001534
BA,1,100,4,0.03514,0.034335,0.000465
KCRDK,1,100,3,0.01423,0.0108,0.002934
BA,1,100,4,0.036224,0.035413,0.000474
KCRDK,1,100,3,0.015379,0.012051,0.002846
BA,1,100,4,0.034299,0.03346,0.000481
KCRDK,1,100,3,0.01339,0.01178,0.001105
BA,1,100,3,0.02046,0.019891,0.000348
KCRDK,1,100,1,0.006031,0.004248,0.00162
BA,1,100,4,0.032626,0.031828,0.000484
KCRDK,1,100,3,0.012907,0.010661,0.001721
BA,1,100,4,0.030974,0.030134,0.000511
KCRDK,1,100,3,0.013766,0.012126,0.001111
BA,1,100,4,0.030941,0.030128,0.000476
KCRDK,1,100,3,0.014698,0.011546,0.002623
BA,1,100,4,0.034548,0.03374,0.000485
KCRDK,1,100,3,0.013582,0.009786,0.003302
BA,1,100,3,0.018044,0.017523,0.000309
KCRDK,1,100,2,0.009463,0.006959,0.002123
BA,1,100,3,0.019129,0.018539,0.000347
KCRDK,1,100,1,0.005928,0.004209,0.001507
BA,1,100,4,0.03451,0.03373,0.000462
KCRDK,1,100,3,0.013677,0.012591,0.000551
BA,1,100,3,0.019368,0.018808,0.000347
KCRDK,1,100,2,0.009592,0.006979,0.002258
BA,1,100,3,0.019071,0.01851,0.000334
KCRDK,1,100,1,0.005606,0.003982,0.001419
BA,1,100,4,0.034789,0.033987,0.000473
KCRDK,1,100,3,0.013773,0.010172,0.003126
BA,1,100,4,0.035693,0.03483,0.000498
KCRDK,1,100,3,0.013497,0.010487,0.00246
BA,1,100,4,0.032706,0.031918,0.000467
KCRDK,1,100,3,0.014305,0.010455,0.003322
BA,1,100,3,0.019709,0.019066,0.00035
KCRDK,1,100,1,0.005985,0.004575,0.001203
BA,1,100,4,0.032346,0.03155,0.000457
KCRDK,1,100,3,0.013875,0.010148,0.003173
BA,1,100,4,0.030234,0.02943,0.000469
KCRDK,1,100,3,0.014467,0.012241,0.001678
BA,1,100,3,0.017621,0.01705,0.00035
KCRDK,1,100,2,0.010304,0.00728,0.002651
BA,1,100,4,0.031819,0.030986,0.000501
KCRDK,1,100,3,0.011796,0.01031,0.000987
BA,1,100,2,0.008518,0.008171,0.000225
KCRDK,1,100,1,0.005979,0.004088,0.001676
BA,1,100,3,0.021607,0.021011,0.000371
KCRDK,1,100,2,0.010723,0.008052,0.002293
BA,1,100,3,0.019945,0.019356,0.000355
KCRDK,1,100,2,0.007632,0.00673,0.000558
BA,11,0,4,0.037333,0.032452,0.00452
KCRDK,11,0,2,0.019953,0.010513,0.005832
BA,11,0,2,0.010394,0.008124,0.002143
KCRDK,11,0,1,0.01183,0.006244,0.003746
BA,11,0,3,0.022961,0.019283,0.003426
KCRDK,11,0,1,0.012966,0.006479,0.004293
BA,11,0,16,0.831404,0.810943,0.01854
KCRDK,11,0,2,0.024543,0.013086,0.007629
BA,11,0,4,0.035683,0.030509,0.004808
KCRDK,11,0,2,0.019887,0.009996,0.006335
BA,11,0,2,0.010422,0.008056,0.002215
KCRDK,11,0,1,0.013189,0.006671,0.00403
BA,11,0,2,0.01089,0.008328,0.002409
KCRDK,11,0,1,0.01304,0.006842,0.004525
BA,11,0,2,0.011908,0.009449,0.002313
KCRDK,11,0,1,0.013365,0.006597,0.004744
BA,11,0,11,0.318373,0.304096,0.013054
KCRDK,11,0,1,0.015358,0.007971,0.005507
BA,11,0,13,0.471733,0.45475,0.01536
KCRDK,11,0,1,0.013997,0.007617,0.004497
BA,11,0,11,0.333127,0.318824,0.01299
KCRDK,11,0,1,0.015485,0.00813,0.005329
BA,11,0,12,0.417714,0.40202,0.014296
KCRDK,11,0,1,0.014991,0.007317,0.005248
BA,11,0,9,0.185738,0.174074,0.010503
KCRDK,11,0,1,0.015007,0.007438,0.005724
BA,11,0,2,0.011382,0.009003,0.002222
KCRDK,11,0,1,0.01295,0.00645,0.004741
BA,11,0,12,0.415293,0.399776,0.014125
KCRDK,11,0,1,0.013758,0.007518,0.004519
BA,11,0,3,0.022495,0.018697,0.00353
KCRDK,11,0,1,0.011654,0.0062,0.003737
BA,11,0,13,0.504404,0.487582,0.015355
KCRDK,11,0,1,0.013674,0.007345,0.004328
BA,11,0,2,0.011895,0.009514,0.002237
KCRDK,11,0,1,0.011936,0.006256,0.003707
BA,11,0,14,0.574772,0.556571,0.016469
KCRDK,11,0,2,0.024697,0.013472,0.00736
BA,11,0,3,0.023378,0.019685,0.003391
KCRDK,11,0,1,0.01188,0.006436,0.003727
BA,11,0,5,0.062812,0.056178,0.006082
KCRDK,11,0,1,0.01464,0.007351,0.005465
BA,11,0,2,0.012379,0.009782,0.002441
KCRDK,11,0,1,0.011569,0.006042,0.003702
BA,11,0,2,0.010759,0.00853,0.002068
KCRDK,11,0,1,0.01214,0.006153,0.003947
BA,11,0,12,0.42097,0.405308,0.014211
KCRDK,11,0,1,0.015174,0.007938,0.005397
BA,11,0,8,0.161817,0.151301,0.009623
KCRDK,11,0,1,0.015258,0.007463,0.00549
BA,11,0,18,1.16393,1.14043,0.021254
KCRDK,11,0,2,0.025654,0.013784,0.007964
BA,11,0,2,0.010838,0.008562,0.002139
KCRDK,11,0,1,0.01082,0.005698,0.003414
BA,11,0,15,0.706622,0.687801,0.017061
KCRDK,11,0,2,0.024422,0.013715,0.007204
BA,11,0,2,0.010598,0.008253,0.002208
KCRDK,11,0,1,0.012193,0.006409,0.003965
BA,11,0,19,1.57955,1.55554,0.021768
KCRDK,11,0,2,0.026363,0.012748,0.008369
BA,11,20,2,0.012033,0.008792,0.003094
KCRDK,11,20,1,0.013076,0.006517,0.004154
BA,11,20,10,0.249175,0.233057,0.014947
KCRDK,11,20,1,0.015526,0.007153,0.005785
BA,11,20,14,0.619632,0.597181,0.020788
KCRDK,11,20,1,0.015452,0.007952,0.005009
BA,11,20,6,0.083745,0.073626,0.00893
KCRDK,11,20,1,0.017112,0.008206,0.006332
BA,11,20,5,0.058986,0.050643,0.007802
KCRDK,11,20,2,0.023691,0.011487,0.00724
BA,11,20,2,0.013137,0.009967,0.003019
KCRDK,11,20,1,0.014567,0.007249,0.004807
BA,11,20,4,0.040661,0.034014,0.006233
KCRDK,11,20,2,0.02269,0.010847,0.006998
BA,11,20,2,0.012224,0.009183,0.002888
KCRDK,11,20,1,0.014189,0.00713,0.004563
BA,11,20,4,0.040101,0.033754,0.005949
KCRDK,11,20,4,0.041591,0.020251,0.012263
BA,11,20,12,0.421139,0.401642,0.018091
KCRDK,11,20,1,0.014774,0.007341,0.005065
BA,11,20,10,0.243828,0.227946,0.014798
KCRDK,11,20,1,0.015681,0.007343,0.005909
BA,11,20,3,0.023506,0.018691,0.004554
KCRDK,11,20,1,0.013057,0.00625,0.004376
BA,11,20,2,0.010792,0.007855,0.00279
KCRDK,11,20,1,0.013293,0.006287,0.004411
BA,11,20,4,0.039674,0.033465,0.005856
KCRDK,11,20,2,0.020603,0.009676,0.006431
BA,11,20,14,0.545395,0.523178,0.020578
KCRDK,11,20,1,0.014892,0.007312,0.004723
BA,11,20,2,0.010362,0.007233,0.003006
KCRDK,11,20,1,0.013913,0.006498,0.004788
BA,11,20,14,0.57053,0.548276,0.020637
KCRDK,11,20,2,0.024825,0.012155,0.007494
BA,11,20,2,0.01173,0.008603,0.002998
KCRDK,11,20,1,0.013133,0.006039,0.004483
BA,11,20,18,1.1405,1.11164,0.026585
KCRDK,11,20,2,0.025886,0.012723,0.008414
BA,11,20,4,0.038602,0.032571,0.005691
KCRDK,11,20,2,0.021669,0.010232,0.006747
BA,11,20,12,0.361031,0.341839,0.017802
KCRDK,11,20,1,0.016291,0.007318,0.006448
BA,11,20,12,0.41082,0.391334,0.018044
KCRDK,11,20,1,0.016843,0.007848,0.005808
BA,11,20,11,0.327973,0.310705,0.016069
KCRDK,11,20,1,0.015349,0.007283,0.005707
BA,11,20,3,0.022276,0.017692,0.004334
KCRDK,11,20,1,0.013908,0.00622,0.004479
BA,11,20,10,0.235678,0.220081,0.014532
KCRDK,11,20,9,0.081584,0.03882,0.022871
BA,11,20,2,0.011018,0.00801,0.00285
KCRDK,11,20,1,0.013805,0.00695,0.004457
BA,11,20,2,0.012162,0.009081,0.002927
KCRDK,11,20,1,0.015257,0.00752,0.00471
BA,11,20,16,0.908291,0.881623,0.024572
KCRDK,11,20,2,0.028512,0.014126,0.009248
BA,11,20,5,0.056389,0.048384,0.007442
KCRDK,11,20,1,0.013932,0.00689,0.004559
BA,11,20,2,0.012603,0.009295,0.003132
KCRDK,11,20,1,0.015619,0.007635,0.00489
BA,11,40,4,0.039217,0.032901,0.005943
KCRDK,11,40,2,0.021936,0.010305,0.007045
BA,11,40,4,0.037184,0.030792,0.00597
KCRDK,11,40,2,0.023222,0.011091,0.007562
BA,11,40,18,1.14814,1.11842,0.027398
KCRDK,11,40,2,0.027123,0.01341,0.008796
BA,11,40,4,0.035994,0.02968,0.005935
KCRDK,11,40,2,0.022473,0.010331,0.007513
BA,11,40,17,0.92034,0.892392,0.025725
KCRDK,11,40,2,0.027547,0.013734,0.008729
BA,11,40,3,0.024253,0.019441,0.004524
KCRDK,11,40,2,0.024504,0.011365,0.007883
BA,11,40,14,0.615097,0.591402,0.02188
KCRDK,11,40,1,0.015631,0.007921,0.004898
BA,11,40,14,0.596186,0.572821,0.021627
KCRDK,11,40,1,0.016687,0.008376,0.005311
BA,11,40,3,0.022858,0.018017,0.004581
KCRDK,11,40,1,0.014492,0.006867,0.004666
BA,11,40,3,0.023741,0.01894,0.004518
KCRDK,11,40,1,0.014508,0.007315,0.004705
BA,11,40,4,0.038575,0.032144,0.00601
KCRDK,11,40,2,0.021892,0.010144,0.007029
BA,11,40,13,0.499231,0.477479,0.020124
KCRDK,11,40,1,0.015431,0.007904,0.00503
BA,11,40,2,0.011522,0.008558,0.00282
KCRDK,11,40,1,0.014507,0.006928,0.004782
BA,11,40,4,0.041485,0.034894,0.006141
KCRDK,11,40,2,0.022895,0.011451,0.006828
BA,11,40,12,0.406034,0.385923,0.018612
KCRDK,11,40,1,0.015992,0.007627,0.005238
BA,11,40,3,0.024501,0.019746,0.004463
KCRDK,11,40,1,0.014437,0.006641,0.004747
BA,11,40,2,0.011906,0.0088,0.002962
KCRDK,11,40,1,0.014732,0.007134,0.004712
BA,11,40,2,0.013126,0.009964,0.002994
KCRDK,11,40,1,0.013996,0.007077,0.004516
BA,11,40,4,0.039204,0.032667,0.006146
KCRDK,11,40,1,0.014897,0.00716,0.004734
BA,11,40,12,0.441429,0.42165,0.018301
KCRDK,11,40,1,0.01607,0.008133,0.005037
BA,11,40,2,0.012802,0.009742,0.002916
KCRDK,11,40,1,0.015034,0.007435,0.005057
BA,11,40,2,0.012845,0.009708,0.002974
KCRDK,11,40,1,0.0139,0.00657,0.004406
BA,11,40,11,0.29991,0.281449,0.017103
KCRDK,11,40,1,0.017203,0.00781,0.006418
BA,11,40,14,0.610528,0.587318,0.021477
KCRDK,11,40,2,0.025919,0.01345,0.00826
BA,11,40,10,0.25203,0.235618,0.015187
KCRDK,11,40,1,0.017755,0.008154,0.006864
BA,11,40,3,0.023944,0.019288,0.004379
KCRDK,11,40,2,0.022943,0.011377,0.007136
BA,11,40,2,0.01158,0.0085,0.002937
KCRDK,11,40,1,0.014677,0.00698,0.005128
BA,11,40,3,0.024714,0.019868,0.004573
KCRDK,11,40,1,0.014811,0.007304,0.004576
BA,11,40,4,0.0385,0.032145,0.005962
KCRDK,11,40,2,0.022784,0.011057,0.007178
BA,11,40,13,0.534588,0.513078,0.019915
KCRDK,11,40,1,0.015357,0.008047,0.004848
BA,11,60,2,0.011557,0.008548,0.00287
KCRDK,11,60,1,0.013175,0.00636,0.004408
BA,11,60,5,0.052644,0.044895,0.007244
KCRDK,11,60,2,0.022913,0.011017,0.006806
BA,11,60,8,0.147485,0.135029,0.011616
KCRDK,11,60,1,0.016102,0.007438,0.006227
BA,11,60,2,0.011742,0.008637,0.002959
KCRDK,11,60,1,0.01324,0.006202,0.004601
BA,11,60,14,0.598351,0.57634,0.020426
KCRDK,11,60,2,0.027496,0.014661,0.008273
BA,11,60,3,0.024927,0.020208,0.00445
KCRDK,11,60,1,0.013927,0.006913,0.004484
BA,11,60,5,0.056617,0.04827,0.007783
KCRDK,11,60,2,0.023693,0.010928,0.008058
BA,11,60,17,1.01211,0.983912,0.026015
KCRDK,11,60,2,0.027583,0.013794,0.008821
BA,11,60,14,0.586154,0.562661,0.021729
KCRDK,11,60,2,0.027495,0.014029,0.008703
BA,11,60,4,0.03729,0.030474,0.006412
KCRDK,11,60,1,0.015031,0.007406,0.00511
BA,11,60,14,0.573992,0.550678,0.021522
KCRDK,11,60,2,0.027541,0.013973,0.008574
BA,11,60,10,0.240839,0.224423,0.015219
KCRDK,11,60,1,0.017135,0.007826,0.006195
BA,11,60,13,0.493137,0.471902,0.019581
KCRDK,11,60,1,0.016666,0.008137,0.005567
BA,11,60,2,0.012481,0.009375,0.002957
KCRDK,11,60,1,0.01328,0.006431,0.004451
BA,11,60,11,0.308468,0.290461,0.01668
KCRDK,11,60,1,0.017046,0.00817,0.006151
BA,11,60,3,0.023529,0.018786,0.004458
KCRDK,11,60,1,0.01368,0.006625,0.004586
BA,11,60,7,0.111554,0.100038,0.010671
KCRDK,11,60,1,0.015893,0.007564,0.005931
BA,11,60,9,0.203239,0.188423,0.01374
KCRDK,11,60,1,0.017085,0.008079,0.006121
BA,11,60,3,0.02429,0.019602,0.004411
KCRDK,11,60,1,0.014529,0.007442,0.00462
BA,11,60,9,0.204045,0.1892,0.01374
KCRDK,11,60,1,0.017435,0.007974,0.00647
BA,11,60,3,0.025463,0.020719,0.004472
KCRDK,11,60,1,0.014331,0.00691,0.004891
BA,11,60,22,7.05984,7.02353,0.033299
KCRDK,11,60,2,0.02765,0.013127,0.009536
BA,11,60,2,0.012549,0.009384,0.003012
KCRDK,11,60,1,0.014401,0.00681,0.004617
BA,11,60,9,0.188761,0.173615,0.014098
KCRDK,11,60,1,0.017128,0.007986,0.006513
BA,11,60,2,0.01187,0.008761,0.002963
KCRDK,11,60,1,0.014052,0.007101,0.004442
BA,11,60,15,0.705893,0.68077,0.023288
KCRDK,11,60,2,0.027758,0.014407,0.008662
BA,11,60,2,0.012413,0.009251,0.00302
KCRDK,11,60,1,0.013945,0.00699,0.00449
BA,11,60,2,0.012548,0.009433,0.00297
KCRDK,11,60,1,0.015081,0.00732,0.004774
BA,11,60,3,0.023717,0.018735,0.004728
KCRDK,11,60,1,0.013583,0.00679,0.004396
BA,11,60,3,0.0231,0.018164,0.004666
KCRDK,11,60,2,0.023369,0.011125,0.007459
BA,11,80,3,0.024582,0.019705,0.004599
KCRDK,11,80,1,0.014628,0.007415,0.00467
BA,11,80,4,0.035409,0.029123,0.005924
KCRDK,11,80,2,0.022565,0.010929,0.007121
BA,11,80,13,0.525007,0.503592,0.019876
KCRDK,11,80,1,0.015699,0.00796,0.005193
BA,11,80,5,0.056758,0.048842,0.007368
KCRDK,11,80,3,0.031896,0.015772,0.009387
BA,11,80,2,0.011545,0.008435,0.002961
KCRDK,11,80,1,0.013274,0.006304,0.004597
BA,11,80,9,0.193239,0.178348,0.013784
KCRDK,11,80,1,0.016709,0.007898,0.006318
BA,11,80,3,0.022678,0.018,0.004423
KCRDK,11,80,1,0.014185,0.00697,0.004541
BA,11,80,14,0.537381,0.51485,0.020859
KCRDK,11,80,2,0.027152,0.013711,0.008363
BA,11,80,2,0.010779,0.007824,0.002829
KCRDK,11,80,1,0.01301,0.00624,0.004168
BA,11,80,9,0.184952,0.170665,0.013256
KCRDK,11,80,1,0.016696,0.007543,0.006258
BA,11,80,2,0.012473,0.009489,0.002843
KCRDK,11,80,1,0.012696,0.006012,0.004269
BA,11,80,2,0.011403,0.008411,0.00284
KCRDK,11,80,1,0.013373,0.006368,0.004235
BA,11,80,10,0.22598,0.210349,0.014569
KCRDK,11,80,1,0.016128,0.007451,0.006159
BA,11,80,2,0.012107,0.009027,0.002936
KCRDK,11,80,1,0.013687,0.006793,0.004441
BA,11,80,14,0.569799,0.546929,0.021145
KCRDK,11,80,2,0.026108,0.013508,0.007779
BA,11,80,5,0.056131,0.048056,0.007565
KCRDK,11,80,2,0.021692,0.010408,0.006716
BA,11,80,13,0.501557,0.480305,0.019678
KCRDK,11,80,1,0.016835,0.008575,0.005259
BA,11,80,17,0.989372,0.961717,0.025598
KCRDK,11,80,2,0.027817,0.014117,0.008885
BA,11,80,11,0.317096,0.299031,0.016716
KCRDK,11,80,1,0.016784,0.008317,0.005939
BA,11,80,15,0.722179,0.697242,0.022543
KCRDK,11,80,2,0.02741,0.014429,0.008386
BA,11,80,12,0.397535,0.378043,0.01804
KCRDK,11,80,1,0.015968,0.008089,0.005328
BA,11,80,4,0.036654,0.030366,0.005903
KCRDK,11,80,2,0.020762,0.009716,0.006653
BA,11,80,13,0.452903,0.431448,0.019836
KCRDK,11,80,1,0.016221,0.008024,0.00522
BA,11,80,14,0.568722,0.545609,0.02137
KCRDK,11,80,2,0.027153,0.013562,0.008274
BA,11,80,4,0.04094,0.034556,0.005993
KCRDK,11,80,2,0.022047,0.010578,0.006958
BA,11,80,4,0.035177,0.02869,0.006118
KCRDK,11,80,2,0.022581,0.010588,0.007441
BA,11,80,12,0.386091,0.366871,0.017806
KCRDK,11,80,1,0.017254,0.007887,0.006478
BA,11,80,4,0.039985,0.033569,0.005997
KCRDK,11,80,2,0.021805,0.010605,0.006761
BA,11,80,11,0.310074,0.292191,0.01655
KCRDK,11,80,1,0.016954,0.008157,0.006265
BA,11,80,4,0.037741,0.031351,0.005991
KCRDK,11,80,2,0.022223,0.010589,0.006907
BA,11,100,4,0.040823,0.034328,0.006107
KCRDK,11,100,2,0.022633,0.010623,0.007098
BA,11,100,7,0.111543,0.100123,0.01067
KCRDK,11,100,1,0.017491,0.008215,0.006298
BA,11,100,8,0.182028,0.169008,0.012083
KCRDK,11,100,1,0.014694,0.007182,0.004532
BA,11,100,2,0.011958,0.008922,0.002889
KCRDK,11,100,1,0.013508,0.006557,0.004492
BA,11,100,2,0.012501,0.009445,0.002916
KCRDK,11,100,1,0.014805,0.007231,0.004561
BA,11,100,14,0.587111,0.564215,0.021152
KCRDK,11,100,1,0.016115,0.008595,0.00448
BA,11,100,4,0.040912,0.034656,0.005892
KCRDK,11,100,1,0.014029,0.00675,0.004469
BA,11,100,3,0.0229,0.018028,0.004591
KCRDK,11,100,1,0.01498,0.007033,0.005071
BA,11,100,2,0.01208,0.009019,0.002911
KCRDK,11,100,1,0.013936,0.00652,0.004383
BA,11,100,2,0.012076,0.009023,0.00288
KCRDK,11,100,1,0.014085,0.007084,0.004518
BA,11,100,2,0.012162,0.009128,0.002891
KCRDK,11,100,1,0.014079,0.006953,0.004635
BA,11,100,15,0.724335,0.692686,0.022647
KCRDK,11,100,2,0.026991,0.013751,0.00779
BA,11,100,3,0.023992,0.019283,0.00445
KCRDK,11,100,1,0.013798,0.006862,0.004519
BA,11,100,2,0.011796,0.008795,0.002833
KCRDK,11,100,1,0.01427,0.007048,0.004758
BA,11,100,4,0.040128,0.033784,0.005966
KCRDK,11,100,2,0.023298,0.011227,0.00697
BA,11,100,4,0.03868,0.032155,0.006131
KCRDK,11,100,2,0.024245,0.012158,0.007318
BA,11,100,10,0.240841,0.224606,0.01508
KCRDK,11,100,1,0.017146,0.008061,0.006551
BA,11,100,10,0.277934,0.261386,0.015194
KCRDK,11,100,2,0.022344,0.010331,0.007105
BA,11,100,11,0.331484,0.313217,0.016793
KCRDK,11,100,1,0.017759,0.008438,0.006812
BA,11,100,2,0.011694,0.008611,0.002937
KCRDK,11,100,1,0.014563,0.006781,0.004741
BA,11,100,3,0.02532,0.02054,0.004503
KCRDK,11,100,1,0.014154,0.00687,0.004345
BA,11,100,2,0.011754,0.00868,0.002924
KCRDK,11,100,1,0.013588,0.006697,0.004512
BA,11,100,2,0.012521,0.009482,0.002891
KCRDK,11,100,1,0.014217,0.006776,0.004478
BA,11,100,3,0.023662,0.018915,0.004463
KCRDK,11,100,2,0.023026,0.011297,0.007128
BA,11,100,12,0.425955,0.406502,0.018004
KCRDK,11,100,1,0.015733,0.008493,0.004327
BA,11,100,2,0.011745,0.008765,0.002836
KCRDK,11,100,1,0.014514,0.00706,0.004987
BA,11,100,18,1.04954,1.02027,0.02703
KCRDK,11,100,2,0.026883,0.013011,0.008846
BA,11,100,4,0.044598,0.038066,0.006116
KCRDK,11,100,2,0.022153,0.010541,0.006553
BA,11,100,6,0.083967,0.073941,0.009355
KCRDK,11,100,2,0.022663,0.010701,0.006876
BA,11,100,9,0.204707,0.189736,0.01391
KCRDK,11,100,1,0.017096,0.007718,0.006239
BA,21,0,2,0.019276,0.010027,0.009081
KCRDK,21,0,1,0.032476,0.012621,0.01136
BA,21,0,14,0.665149,0.596106,0.066396
KCRDK,21,0,1,0.03539,0.01439,0.012744
BA,21,0,2,0.020458,0.0101,0.0102
KCRDK,21,0,1,0.031656,0.012657,0.010937
BA,21,0,19,3.5157,3.4229,0.090252
KCRDK,21,0,1,0.036328,0.013355,0.012427
BA,21,0,2,0.019608,0.010239,0.009213
KCRDK,21,0,1,0.032601,0.013225,0.011084
BA,21,0,4,0.052105,0.033399,0.018273
KCRDK,21,0,4,0.092215,0.035353,0.028766
BA,21,0,4,0.056836,0.037936,0.018482
KCRDK,21,0,1,0.030467,0.011828,0.010956
BA,21,0,9,0.211822,0.169836,0.040852
KCRDK,21,0,1,0.033402,0.013013,0.012474
BA,21,0,12,0.414931,0.359094,0.054298
KCRDK,21,0,1,0.032732,0.012957,0.01198
BA,21,0,13,0.45378,0.392859,0.059236
KCRDK,21,0,1,0.032685,0.012408,0.012306
BA,21,0,4,0.049888,0.03014,0.019323
KCRDK,21,0,2,0.049157,0.018102,0.016304
BA,21,0,6,0.109504,0.081875,0.026938
KCRDK,21,0,4,0.087498,0.031988,0.027687
BA,21,0,9,0.24077,0.197872,0.041784
KCRDK,21,0,1,0.031355,0.011969,0.01167
BA,21,0,8,0.180111,0.142655,0.036475
KCRDK,21,0,7,0.159479,0.064202,0.046241
BA,21,0,14,0.604264,0.539313,0.06312
KCRDK,21,0,1,0.036927,0.013479,0.012203
BA,21,0,12,0.448408,0.391226,0.055604
KCRDK,21,0,1,0.03258,0.012655,0.012158
BA,21,0,8,0.169977,0.133134,0.035829
KCRDK,21,0,8,0.175898,0.064613,0.054615
BA,21,0,15,0.758387,0.68994,0.06647
KCRDK,21,0,1,0.033774,0.01312,0.012675
BA,21,0,2,0.017433,0.008594,0.008687
KCRDK,21,0,1,0.03294,0.011898,0.010443
BA,21,0,3,0.032709,0.018837,0.013583
KCRDK,21,0,1,0.030898,0.011944,0.010701
BA,21,0,15,0.780321,0.711172,0.067203
KCRDK,21,0,1,0.032382,0.012523,0.012094
BA,21,0,3,0.035085,0.02029,0.014496
KCRDK,21,0,1,0.028863,0.010952,0.010262
BA,21,0,13,0.523595,0.464026,0.057817
KCRDK,21,0,1,0.034518,0.012505,0.011989
BA,21,0,4,0.050769,0.032904,0.017436
KCRDK,21,0,2,0.048393,0.018199,0.015784
BA,21,0,5,0.075771,0.053348,0.021854
KCRDK,21,0,2,0.04992,0.019336,0.016249
BA,21,0,2,0.018401,0.009396,0.008858
KCRDK,21,0,1,0.032462,0.012801,0.011563
BA,21,0,15,0.715732,0.647901,0.06588
KCRDK,21,0,1,0.034448,0.013067,0.012897
BA,21,0,15,0.695303,0.626963,0.066426
KCRDK,21,0,1,0.035149,0.01289,0.012103
BA,21,0,4,0.051801,0.033873,0.01753
KCRDK,21,0,1,0.03419,0.012186,0.01148
BA,21,0,8,0.17578,0.136207,0.038514
KCRDK,21,0,2,0.053951,0.020609,0.018027
BA,21,20,15,0.663384,0.593205,0.068182
KCRDK,21,20,1,0.032617,0.012495,0.012078
BA,21,20,3,0.035567,0.020881,0.014375
KCRDK,21,20,1,0.033305,0.01284,0.011927
BA,21,20,14,0.650713,0.581585,0.067238
KCRDK,21,20,1,0.03393,0.013248,0.01248
BA,21,20,12,0.436446,0.378168,0.056715
KCRDK,21,20,1,0.03361,0.012725,0.012842
BA,21,20,2,0.019509,0.009435,0.009906
KCRDK,21,20,1,0.033086,0.012883,0.011655
BA,21,20,14,0.637581,0.569051,0.0667
KCRDK,21,20,1,0.033723,0.01295,0.012712
BA,21,20,3,0.035846,0.02138,0.014177
KCRDK,21,20,2,0.050609,0.018697,0.01671
BA,21,20,15,0.703748,0.631338,0.070439
KCRDK,21,20,1,0.033201,0.012935,0.012327
BA,21,20,12,0.417068,0.360701,0.054849
KCRDK,21,20,1,0.033478,0.013053,0.012361
BA,21,20,11,0.362566,0.309149,0.051979
KCRDK,21,20,1,0.034106,0.013146,0.012721
BA,21,20,4,0.055945,0.036608,0.018873
KCRDK,21,20,1,0.033606,0.012107,0.010921
BA,21,20,17,0.986632,0.906709,0.077723
KCRDK,21,20,1,0.033432,0.013042,0.012329
BA,21,20,7,0.140222,0.108146,0.031264
KCRDK,21,20,1,0.032636,0.012773,0.011958
BA,21,20,4,0.050907,0.032516,0.01801
KCRDK,21,20,1,0.030374,0.011715,0.010762
BA,21,20,11,0.362527,0.310981,0.050164
KCRDK,21,20,1,0.03288,0.012822,0.012067
BA,21,20,4,0.054413,0.035115,0.018866
KCRDK,21,20,2,0.053337,0.019037,0.017749
BA,21,20,3,0.035346,0.020598,0.014453
KCRDK,21,20,2,0.053972,0.020599,0.017559
BA,21,20,13,0.553226,0.488152,0.062587
KCRDK,21,20,1,0.034753,0.013806,0.012782
BA,21,20,2,0.01912,0.009303,0.009661
KCRDK,21,20,1,0.033207,0.012404,0.012198
BA,21,20,10,0.292156,0.243128,0.047781
KCRDK,21,20,1,0.034527,0.013248,0.012973
BA,21,20,8,0.208486,0.169575,0.037942
KCRDK,21,20,1,0.033504,0.013635,0.0116
BA,21,20,10,0.284007,0.234657,0.047385
KCRDK,21,20,1,0.035088,0.013676,0.013303
BA,21,20,8,0.197409,0.158601,0.03778
KCRDK,21,20,1,0.034986,0.013997,0.012715
BA,21,20,5,0.081121,0.057293,0.023285
KCRDK,21,20,2,0.058283,0.023588,0.018055
BA,21,20,2,0.019263,0.009773,0.0093
KCRDK,21,20,1,0.032608,0.013005,0.011295
BA,21,20,23,11.012,10.9009,0.107987
KCRDK,21,20,2,0.056931,0.021973,0.018549
BA,21,20,16,0.902558,0.825767,0.074702
KCRDK,21,20,1,0.035198,0.013748,0.013242
BA,21,20,3,0.035184,0.020614,0.014271
KCRDK,21,20,2,0.055958,0.020676,0.016303
BA,21,20,14,0.610801,0.542865,0.06544
KCRDK,21,20,1,0.033201,0.012639,0.01247
BA,21,20,2,0.018212,0.008307,0.009751
KCRDK,21,20,1,0.031889,0.012213,0.011169
BA,21,40,3,0.033727,0.020156,0.013297
KCRDK,21,40,1,0.032198,0.0127,0.01139
BA,21,40,3,0.033161,0.018396,0.014454
KCRDK,21,40,1,0.034794,0.012658,0.011038
BA,21,40,3,0.032635,0.019148,0.01322
KCRDK,21,40,1,0.032293,0.01268,0.011154
BA,21,40,11,0.359442,0.306537,0.050586
KCRDK,21,40,1,0.033747,0.013006,0.01254
BA,21,40,15,0.791717,0.720339,0.069487
KCRDK,21,40,1,0.035423,0.012599,0.012497
BA,21,40,12,0.41003,0.353765,0.05472
KCRDK,21,40,1,0.034128,0.013294,0.012955
BA,21,40,3,0.035572,0.021613,0.013638
KCRDK,21,40,2,0.052887,0.019515,0.018021
BA,21,40,13,0.52396,0.462419,0.059793
KCRDK,21,40,1,0.033228,0.012732,0.01244
BA,21,40,2,0.018713,0.009645,0.008923
KCRDK,21,40,1,0.030862,0.011795,0.01118
BA,21,40,4,0.053139,0.034424,0.018286
KCRDK,21,40,2,0.055335,0.02156,0.018778
BA,21,40,2,0.019657,0.009859,0.009615
KCRDK,21,40,1,0.031697,0.01178,0.011657
BA,21,40,7,0.143121,0.109842,0.032489
KCRDK,21,40,4,0.093349,0.034755,0.029673
BA,21,40,4,0.052137,0.03297,0.018727
KCRDK,21,40,2,0.057872,0.020882,0.017359
BA,21,40,12,0.437786,0.379263,0.056258
KCRDK,21,40,1,0.033311,0.012693,0.012574
BA,21,40,2,0.019804,0.010515,0.009123
KCRDK,21,40,1,0.03272,0.01162,0.010724
BA,21,40,2,0.019329,0.009308,0.009847
KCRDK,21,40,1,0.031205,0.012075,0.011115
BA,21,40,2,0.019269,0.010177,0.008906
KCRDK,21,40,1,0.031429,0.012363,0.010894
BA,21,40,3,0.032705,0.018876,0.013565
KCRDK,21,40,1,0.033947,0.012282,0.011148
BA,21,40,4,0.053727,0.034384,0.018933
KCRDK,21,40,2,0.056526,0.020997,0.018798
BA,21,40,4,0.05053,0.032408,0.017677
KCRDK,21,40,2,0.055058,0.021655,0.017868
BA,21,40,30,82.5602,82.4011,0.154235
KCRDK,21,40,2,0.072318,0.029943,0.022797
BA,21,40,4,0.060649,0.038643,0.021574
KCRDK,21,40,1,0.039564,0.016307,0.01355
BA,21,40,12,0.465441,0.39898,0.064903
KCRDK,21,40,1,0.046496,0.016229,0.015903
BA,21,40,7,0.165854,0.125598,0.039361
KCRDK,21,40,1,0.037211,0.014991,0.013117
BA,21,40,3,0.040017,0.022959,0.01674
KCRDK,21,40,1,0.03859,0.015282,0.013592
BA,21,40,9,0.259174,0.207283,0.050661
KCRDK,21,40,1,0.040934,0.015988,0.015548
BA,21,40,13,0.608396,0.532648,0.073927
KCRDK,21,40,1,0.041447,0.016679,0.015258
BA,21,40,15,0.804728,0.719172,0.083482
KCRDK,21,40,1,0.047554,0.015801,0.01559
BA,21,40,4,0.061486,0.039281,0.021752
KCRDK,21,40,2,0.072713,0.025816,0.021718
BA,21,40,11,0.404359,0.344015,0.058888
KCRDK,21,40,1,0.039578,0.015905,0.014411
BA,21,60,4,0.061521,0.03845,0.022606
KCRDK,21,60,2,0.063066,0.025157,0.019956
BA,21,60,16,0.940409,0.837929,0.086305
KCRDK,21,60,1,0.041529,0.016564,0.015413
BA,21,60,5,0.086438,0.05706,0.028734
KCRDK,21,60,2,0.065118,0.025332,0.021052
BA,21,60,4,0.061321,0.039765,0.02111
KCRDK,21,60,2,0.065324,0.025288,0.021632
BA,21,60,3,0.038769,0.022624,0.015816
KCRDK,21,60,2,0.064074,0.024643,0.020772
BA,21,60,16,0.951184,0.861336,0.08759
KCRDK,21,60,1,0.040253,0.016097,0.014892
BA,21,60,4,0.06199,0.039162,0.022376
KCRDK,21,60,2,0.069365,0.024727,0.021132
BA,21,60,4,0.061773,0.038198,0.023086
KCRDK,21,60,4,0.119938,0.046381,0.039255
BA,21,60,3,0.041167,0.023388,0.017473
KCRDK,21,60,1,0.038681,0.015252,0.014045
BA,21,60,4,0.059937,0.037211,0.02225
KCRDK,21,60,1,0.042052,0.014512,0.01362
BA,21,60,2,0.02177,0.010911,0.010689
KCRDK,21,60,1,0.042639,0.017892,0.014466
BA,21,60,4,0.05795,0.035145,0.022365
KCRDK,21,60,2,0.064658,0.024724,0.022015
BA,21,60,10,0.359195,0.303537,0.054305
KCRDK,21,60,1,0.037567,0.014707,0.01365
BA,21,60,13,0.571288,0.497725,0.070811
KCRDK,21,60,1,0.042822,0.017053,0.015793
BA,21,60,16,0.924582,0.835604,0.086777
KCRDK,21,60,1,0.045681,0.015261,0.01604
BA,21,60,15,0.784535,0.700678,0.081759
KCRDK,21,60,1,0.039303,0.015242,0.014917
BA,21,60,3,0.041,0.023398,0.017295
KCRDK,21,60,2,0.064584,0.024842,0.021005
BA,21,60,7,0.157587,0.117988,0.038703
KCRDK,21,60,1,0.040457,0.015937,0.014707
BA,21,60,2,0.021816,0.011084,0.010569
KCRDK,21,60,1,0.040642,0.01462,0.012724
BA,21,60,8,0.194218,0.150267,0.042981
KCRDK,21,60,2,0.062884,0.024386,0.02064
BA,21,60,4,0.06091,0.038235,0.022246
KCRDK,21,60,2,0.056693,0.021479,0.018363
BA,21,60,6,0.110653,0.0787,0.031251
KCRDK,21,60,1,0.04485,0.01641,0.014745
BA,21,60,2,0.02202,0.011005,0.010842
KCRDK,21,60,1,0.038456,0.015258,0.013368
BA,21,60,14,0.718307,0.640703,0.07574
KCRDK,21,60,1,0.039297,0.015517,0.014547
BA,21,60,3,0.04091,0.023993,0.016588
KCRDK,21,60,1,0.036041,0.014605,0.012434
BA,21,60,4,0.058232,0.036379,0.021397
KCRDK,21,60,2,0.064465,0.021615,0.019707
BA,21,60,2,0.021833,0.009907,0.011744
KCRDK,21,60,1,0.037741,0.014818,0.013395
BA,21,60,2,0.020733,0.009417,0.011154
KCRDK,21,60,1,0.038636,0.014985,0.014219
BA,21,60,2,0.022865,0.011733,0.01095
KCRDK,21,60,1,0.037223,0.014443,0.013352
BA,21,60,15,0.826989,0.744453,0.080448
KCRDK,21,60,1,0.039213,0.015184,0.014939
BA,21,80,3,0.039022,0.023082,0.015642
KCRDK,21,80,2,0.064851,0.02492,0.02103
BA,21,80,4,0.059925,0.037587,0.021914
KCRDK,21,80,2,0.063023,0.024676,0.020361
BA,21,80,2,0.022085,0.011299,0.010619
KCRDK,21,80,1,0.039786,0.016396,0.013616
BA,21,80,12,0.503361,0.437581,0.064236
KCRDK,21,80,1,0.04071,0.016225,0.015112
BA,21,80,6,0.121837,0.087474,0.033625
KCRDK,21,80,1,0.038572,0.015057,0.013791
BA,21,80,2,0.0225,0.011151,0.011186
KCRDK,21,80,1,0.040626,0.015554,0.015348
BA,21,80,4,0.061402,0.039213,0.021706
KCRDK,21,80,2,0.072544,0.026197,0.022778
BA,21,80,3,0.039209,0.022413,0.016487
KCRDK,21,80,1,0.043748,0.014879,0.014697
BA,21,80,3,0.038723,0.020872,0.017551
KCRDK,21,80,1,0.03724,0.014255,0.013353
BA,21,80,3,0.037264,0.021387,0.015558
KCRDK,21,80,1,0.043438,0.015639,0.013293
BA,21,80,13,0.623189,0.547989,0.073467
KCRDK,21,80,1,0.046409,0.01666,0.01495
BA,21,80,8,0.207527,0.161291,0.045235
KCRDK,21,80,1,0.039116,0.015261,0.01431
BA,21,80,18,1.21414,1.1128,0.098877
KCRDK,21,80,1,0.039455,0.015535,0.014763
BA,21,80,2,0.024721,0.012915,0.011624
KCRDK,21,80,1,0.042596,0.01489,0.013383
BA,21,80,2,0.021887,0.010139,0.011586
KCRDK,21,80,1,0.039126,0.01562,0.013945
BA,21,80,11,0.401298,0.340484,0.05933
KCRDK,21,80,1,0.041272,0.016145,0.015754
BA,21,80,2,0.022833,0.01214,0.010536
KCRDK,21,80,1,0.038739,0.014659,0.014306
BA,21,80,14,0.685469,0.605989,0.077578
KCRDK,21,80,1,0.042381,0.016889,0.015356
BA,21,80,2,0.021341,0.010735,0.010448
KCRDK,21,80,1,0.038088,0.01494,0.013556
BA,21,80,17,1.06863,0.975196,0.091158
KCRDK,21,80,1,0.039445,0.015379,0.014782
BA,21,80,14,0.63256,0.554914,0.075755
KCRDK,21,80,12,0.332945,0.133988,0.098581
BA,21,80,2,0.021267,0.009778,0.011318
KCRDK,21,80,1,0.038127,0.014997,0.013792
BA,21,80,3,0.041548,0.024448,0.016788
KCRDK,21,80,1,0.038027,0.015214,0.013581
BA,21,80,4,0.058645,0.036849,0.02133
KCRDK,21,80,1,0.036563,0.014316,0.01301
BA,21,80,8,0.198693,0.15492,0.042766
KCRDK,21,80,1,0.039138,0.014036,0.014816
BA,21,80,6,0.117428,0.084312,0.032369
KCRDK,21,80,1,0.03946,0.015729,0.014326
BA,21,80,12,0.452062,0.385514,0.064962
KCRDK,21,80,1,0.041448,0.01621,0.015432
BA,21,80,12,0.486935,0.421255,0.064139
KCRDK,21,80,1,0.038588,0.014912,0.014653
BA,21,80,2,0.02152,0.010707,0.01064
KCRDK,21,80,1,0.040311,0.01458,0.012331
BA,21,80,3,0.038576,0.022366,0.015918
KCRDK,21,80,2,0.062546,0.023821,0.020918
BA,21,100,2,0.021514,0.010911,0.010422
KCRDK,21,100,1,0.039278,0.014561,0.014898
BA,21,100,3,0.037589,0.020727,0.016572
KCRDK,21,100,1,0.03686,0.014057,0.013729
BA,21,100,7,0.159769,0.121719,0.037195
KCRDK,21,100,1,0.035546,0.014047,0.012491
BA,21,100,10,0.305043,0.251417,0.052451
KCRDK,21,100,1,0.04157,0.013264,0.01432
BA,21,100,14,0.682034,0.605587,0.073633
KCRDK,21,100,1,0.038647,0.015221,0.014224
BA,21,100,12,0.501958,0.433449,0.066928
KCRDK,21,100,1,0.046496,0.01653,0.015461
BA,21,100,3,0.039357,0.0214,0.017627
KCRDK,21,100,2,0.062354,0.023549,0.02033
BA,21,100,12,0.468392,0.400573,0.066048
KCRDK,21,100,1,0.039216,0.015303,0.014367
BA,21,100,15,0.79992,0.715665,0.082232
KCRDK,21,100,1,0.046475,0.016708,0.015141
BA,21,100,3,0.038311,0.022206,0.015806
KCRDK,21,100,2,0.062934,0.024432,0.020471
BA,21,100,9,0.261271,0.210617,0.049467
KCRDK,21,100,1,0.040753,0.015908,0.015677
BA,21,100,14,0.730633,0.650572,0.078176
KCRDK,21,100,1,0.044457,0.016031,0.015117
BA,21,100,13,0.571939,0.498797,0.071431
KCRDK,21,100,1,0.045809,0.016122,0.015106
BA,21,100,14,0.685185,0.606945,0.076324
KCRDK,21,100,1,0.040792,0.015642,0.015192
BA,21,100,2,0.02331,0.012072,0.011057
KCRDK,21,100,1,0.038415,0.015099,0.01359
BA,21,100,2,0.021458,0.010669,0.010625
KCRDK,21,100,1,0.039329,0.015745,0.013554
BA,21,100,2,0.022175,0.011099,0.010904
KCRDK,21,100,1,0.036979,0.01457,0.013162
BA,21,100,3,0.037235,0.021597,0.015339
KCRDK,21,100,2,0.067074,0.026218,0.021338
BA,21,100,3,0.038751,0.022452,0.015966
KCRDK,21,100,1,0.03849,0.014846,0.013564
BA,21,100,4,0.062546,0.040146,0.021965
KCRDK,21,100,2,0.064939,0.025153,0.021221
BA,21,100,3,0.037985,0.022011,0.015684
KCRDK,21,100,1,0.036906,0.014517,0.013119
BA,21,100,2,0.022797,0.010327,0.012316
KCRDK,21,100,1,0.036361,0.014007,0.013082
BA,21,100,2,0.023356,0.012164,0.011023
KCRDK,21,100,1,0.037094,0.01439,0.013357
BA,21,100,2,0.021371,0.010597,0.010604
KCRDK,21,100,1,0.038942,0.015125,0.013866
BA,21,100,4,0.060996,0.036786,0.023751
KCRDK,21,100,2,0.064873,0.025024,0.020949
BA,21,100,11,0.394242,0.328412,0.064395
KCRDK,21,100,1,0.044915,0.015879,0.014533
BA,21,100,9,0.253592,0.204344,0.048101
KCRDK,21,100,1,0.040317,0.015976,0.014845
BA,21,100,8,0.217633,0.173634,0.042987
KCRDK,21,100,7,0.203267,0.081839,0.057639
BA,21,100,3,0.038894,0.022055,0.016469
KCRDK,21,100,2,0.065182,0.025,0.021328
BA,21,100,2,0.024166,0.012833,0.011154
KCRDK,21,100,1,0.037394,0.0147,0.013304
BA,31,0,2,0.039197,0.015534,0.023475
KCRDK,31,0,1,0.081514,0.029145,0.029431
BA,31,0,2,0.040831,0.016133,0.024516
KCRDK,31,0,1,0.08088,0.028576,0.029765
BA,31,0,9,0.360912,0.247136,0.112512
KCRDK,31,0,1,0.099825,0.030599,0.033323
BA,31,0,4,0.099645,0.047431,0.051768
KCRDK,31,0,2,0.141633,0.046348,0.050904
BA,31,0,17,1.34827,1.13948,0.206286
KCRDK,31,0,1,0.083635,0.029264,0.032546
BA,31,0,2,0.039464,0.011028,0.028248
KCRDK,31,0,1,0.082415,0.028664,0.030269
BA,31,0,12,0.590216,0.440491,0.148023
KCRDK,31,0,1,0.087111,0.028639,0.034899
BA,31,0,2,0.043138,0.015297,0.027649
KCRDK,31,0,1,0.080787,0.028637,0.029831
BA,31,0,14,0.869091,0.699039,0.168
KCRDK,31,0,1,0.083366,0.029591,0.031885
BA,31,0,15,0.992171,0.806329,0.183691
KCRDK,31,0,1,0.082396,0.030087,0.030179
BA,31,0,18,1.49433,1.24934,0.222511
KCRDK,31,0,1,0.092052,0.027992,0.029375
BA,31,0,2,0.041819,0.01713,0.024514
KCRDK,31,0,1,0.078448,0.027278,0.029387
BA,31,0,12,0.617264,0.47177,0.143838
KCRDK,31,0,1,0.081573,0.02816,0.031165
BA,31,0,13,0.742725,0.558697,0.177277
KCRDK,31,0,1,0.095063,0.033208,0.036089
BA,31,0,3,0.073776,0.029065,0.044324
KCRDK,31,0,1,0.09363,0.032502,0.036908
BA,31,0,8,0.301048,0.194041,0.105909
KCRDK,31,0,2,0.146354,0.047557,0.042833
BA,31,0,17,1.27024,1.0634,0.204336
KCRDK,31,0,1,0.094587,0.028991,0.031172
BA,31,0,3,0.068022,0.031451,0.036267
KCRDK,31,0,1,0.094825,0.029666,0.029068
BA,31,0,3,0.067231,0.02678,0.040123
KCRDK,31,0,1,0.078869,0.029226,0.027235
BA,31,0,3,0.067661,0.031283,0.036025
KCRDK,31,0,1,0.079756,0.027263,0.029466
BA,31,0,3,0.065693,0.030264,0.035112
KCRDK,31,0,1,0.09266,0.027727,0.029764
BA,31,0,17,1.29484,1.08378,0.20861
KCRDK,31,0,1,0.080476,0.027028,0.032779
BA,31,0,4,0.098034,0.050068,0.047477
KCRDK,31,0,2,0.133272,0.043439,0.044971
BA,31,0,2,0.039997,0.015688,0.024127
KCRDK,31,0,1,0.090419,0.028001,0.026943
BA,31,0,12,0.571768,0.42425,0.145823
KCRDK,31,0,1,0.082443,0.029291,0.031274
BA,31,0,13,0.74438,0.578739,0.159642
KCRDK,31,0,1,0.100473,0.03077,0.03196
BA,31,0,6,0.177499,0.100695,0.076029
KCRDK,31,0,1,0.080547,0.028653,0.029811
BA,31,0,3,0.065937,0.025576,0.040046
KCRDK,31,0,1,0.082289,0.027974,0.030169
BA,31,0,13,0.751487,0.586955,0.162614
KCRDK,31,0,1,0.081114,0.029027,0.029313
BA,31,0,3,0.064786,0.019542,0.044935
KCRDK,31,0,2,0.13789,0.047179,0.044616
BA,31,20,5,0.132613,0.07243,0.059544
KCRDK,31,20,6,0.36332,0.125648,0.108183
BA,31,20,16,1.16346,0.968495,0.192667
KCRDK,31,20,1,0.096498,0.028831,0.034019
BA,31,20,12,0.604544,0.449076,0.153744
KCRDK,31,20,1,0.099261,0.0305,0.032176
BA,31,20,5,0.134772,0.070689,0.063478
KCRDK,31,20,3,0.194561,0.065904,0.065468
BA,31,20,10,0.408656,0.285138,0.122165
KCRDK,31,20,1,0.077231,0.026951,0.029223
BA,31,20,11,0.47597,0.344128,0.130398
KCRDK,31,20,1,0.083627,0.030759,0.030167
BA,31,20,3,0.06711,0.026908,0.039878
KCRDK,31,20,2,0.138143,0.047994,0.046518
BA,31,20,15,1.04916,0.844289,0.202536
KCRDK,31,20,1,0.095453,0.033156,0.037288
BA,31,20,2,0.042241,0.010778,0.031279
KCRDK,31,20,1,0.104902,0.032319,0.03258
BA,31,20,14,0.866668,0.668552,0.190912
KCRDK,31,20,1,0.102416,0.032321,0.032611
BA,31,20,12,0.708446,0.538892,0.162712
KCRDK,31,20,1,0.110507,0.035731,0.033441
BA,31,20,4,0.110462,0.057851,0.052131
KCRDK,31,20,2,0.161727,0.046252,0.048695
BA,31,20,2,0.042234,0.010059,0.031996
KCRDK,31,20,1,0.090707,0.0303,0.03699
BA,31,20,9,0.384296,0.260185,0.122821
KCRDK,31,20,1,0.086316,0.030358,0.031943
BA,31,20,2,0.043312,0.017413,0.025728
KCRDK,31,20,1,0.084851,0.029268,0.032955
BA,31,20,3,0.069288,0.032683,0.036282
KCRDK,31,20,2,0.146736,0.046036,0.043691
BA,31,20,17,1.23525,1.02406,0.208668
KCRDK,31,20,1,0.085897,0.030192,0.032467
BA,31,20,13,0.752841,0.588811,0.162168
KCRDK,31,20,1,0.095682,0.029601,0.030453
BA,31,20,3,0.067462,0.026763,0.040373
KCRDK,31,20,1,0.078281,0.02802,0.028121
BA,31,20,4,0.108741,0.049069,0.059165
KCRDK,31,20,2,0.165755,0.051365,0.049173
BA,31,20,11,0.56069,0.409404,0.149665
KCRDK,31,20,1,0.107845,0.03263,0.033132
BA,31,20,12,0.674846,0.515381,0.157672
KCRDK,31,20,1,0.106645,0.033899,0.03245
BA,31,20,16,1.25087,1.03453,0.213961
KCRDK,31,20,1,0.093215,0.033253,0.034686
BA,31,20,15,1.04652,0.842613,0.201672
KCRDK,31,20,1,0.108473,0.032334,0.036227
BA,31,20,12,0.677156,0.51295,0.162425
KCRDK,31,20,1,0.108276,0.032199,0.035876
BA,31,20,12,0.667883,0.50445,0.161675
KCRDK,31,20,1,0.083784,0.02986,0.031682
BA,31,20,8,0.277687,0.181468,0.095151
KCRDK,31,20,1,0.081668,0.028968,0.030446
BA,31,20,12,0.671314,0.523287,0.146304
KCRDK,31,20,1,0.100168,0.030625,0.032535
BA,31,20,3,0.066438,0.02582,0.040317
KCRDK,31,20,1,0.091672,0.02807,0.028251
BA,31,20,3,0.069363,0.031888,0.037175
KCRDK,31,20,1,0.082098,0.029686,0.029629
BA,31,40,17,1.32807,1.1101,0.215503
KCRDK,31,40,1,0.082812,0.028905,0.031694
BA,31,40,4,0.099318,0.045556,0.053303
KCRDK,31,40,3,0.200024,0.065823,0.066122
BA,31,40,11,0.536414,0.397304,0.137563
KCRDK,31,40,1,0.08446,0.031163,0.032
BA,31,40,12,0.596617,0.445983,0.148941
KCRDK,31,40,1,0.097695,0.030366,0.031153
BA,31,40,13,0.759518,0.599722,0.15794
KCRDK,31,40,1,0.084387,0.030079,0.031623
BA,31,40,4,0.097656,0.049588,0.047587
KCRDK,31,40,2,0.134351,0.046784,0.0471
BA,31,40,3,0.067198,0.025844,0.041027
KCRDK,31,40,2,0.140944,0.047128,0.048572
BA,31,40,14,0.744131,0.56606,0.171514
KCRDK,31,40,1,0.081834,0.028698,0.030712
BA,31,40,10,0.452817,0.325626,0.12582
KCRDK,31,40,1,0.096185,0.028964,0.031152
BA,31,40,2,0.040382,0.015664,0.024533
KCRDK,31,40,1,0.078845,0.027689,0.02912
BA,31,40,2,0.039898,0.015785,0.023935
KCRDK,31,40,1,0.091684,0.02823,0.027882
BA,31,40,17,1.14036,0.923043,0.214961
KCRDK,31,40,1,0.085883,0.028891,0.034673
BA,31,40,2,0.038901,0.010399,0.028324
KCRDK,31,40,1,0.093573,0.028334,0.029815
BA,31,40,4,0.098795,0.045507,0.052775
KCRDK,31,40,6,0.369367,0.12152,0.110864
BA,31,40,17,1.27926,1.05676,0.215429
KCRDK,31,40,1,0.088971,0.032621,0.032389
BA,31,40,22,5.64697,5.36468,0.279134
KCRDK,31,40,2,0.164584,0.052684,0.049848
BA,31,40,4,0.098159,0.048715,0.049003
KCRDK,31,40,2,0.146903,0.050488,0.048874
BA,31,40,3,0.072757,0.033687,0.038723
KCRDK,31,40,1,0.083947,0.029185,0.029769
BA,31,40,2,0.043179,0.017426,0.025568
KCRDK,31,40,1,0.084887,0.029316,0.031791
BA,31,40,14,0.902202,0.720338,0.179894
KCRDK,31,40,1,0.085888,0.030385,0.032669
BA,31,40,4,0.102184,0.047598,0.054119
KCRDK,31,40,1,0.098183,0.032247,0.027614
BA,31,40,4,0.099562,0.04537,0.053729
KCRDK,31,40,2,0.140973,0.049139,0.045832
BA,31,40,15,1.00321,0.796741,0.199638
KCRDK,31,40,1,0.085401,0.029589,0.032412
BA,31,40,3,0.066132,0.025543,0.040286
KCRDK,31,40,1,0.08193,0.029251,0.029807
BA,31,40,12,0.627797,0.472482,0.153756
KCRDK,31,40,1,0.099871,0.030361,0.032559
BA,31,40,9,0.373718,0.262972,0.109617
KCRDK,31,40,1,0.100388,0.030269,0.032314
BA,31,40,4,0.100432,0.050386,0.049581
KCRDK,31,40,2,0.134605,0.045647,0.044662
BA,31,40,3,0.071194,0.029407,0.041475
KCRDK,31,40,1,0.082091,0.029838,0.029179
BA,31,40,2,0.03836,0.010489,0.027703
KCRDK,31,40,1,0.07859,0.027498,0.028715
BA,31,40,16,1.16873,0.967559,0.198916
KCRDK,31,40,1,0.097189,0.028014,0.034403
BA,31,60,3,0.067615,0.031907,0.035378
KCRDK,31,60,1,0.080606,0.028832,0.029453
BA,31,60,2,0.046151,0.014298,0.031689
KCRDK,31,60,1,0.084279,0.028137,0.03385
BA,31,60,12,0.60848,0.464444,0.142354
KCRDK,31,60,1,0.094117,0.029164,0.030124
BA,31,60,4,0.095915,0.04841,0.047055
KCRDK,31,60,2,0.132305,0.044597,0.044057
BA,31,60,2,0.037053,0.009411,0.027454
KCRDK,31,60,1,0.077076,0.027297,0.02809
BA,31,60,15,1.04658,0.86352,0.180886
KCRDK,31,60,1,0.085911,0.028837,0.033125
BA,31,60,10,0.431004,0.298668,0.130893
KCRDK,31,60,1,0.08886,0.031174,0.032922
BA,31,60,2,0.040293,0.010002,0.030117
KCRDK,31,60,1,0.107672,0.031502,0.036921
BA,31,60,2,0.038879,0.015557,0.023144
KCRDK,31,60,1,0.092842,0.029062,0.029135
BA,31,60,13,0.711973,0.555277,0.154852
KCRDK,31,60,1,0.08325,0.028788,0.031467
BA,31,60,10,0.466429,0.328814,0.136129
KCRDK,31,60,1,0.095902,0.032167,0.038931
BA,31,60,15,1.09136,0.881108,0.208007
KCRDK,31,60,1,0.097578,0.032797,0.03834
BA,31,60,13,0.766608,0.585619,0.179092
KCRDK,31,60,1,0.091572,0.032457,0.034715
BA,31,60,3,0.070917,0.027049,0.043542
KCRDK,31,60,1,0.091681,0.032493,0.033746
BA,31,60,2,0.041296,0.016218,0.024906
KCRDK,31,60,1,0.101504,0.030968,0.031693
BA,31,60,3,0.074636,0.029639,0.044671
KCRDK,31,60,1,0.102111,0.030056,0.032247
BA,31,60,15,1.02977,0.833737,0.193907
KCRDK,31,60,1,0.09574,0.033769,0.036592
BA,31,60,4,0.111967,0.058259,0.053196
KCRDK,31,60,2,0.145298,0.050187,0.046051
BA,31,60,13,0.805487,0.625787,0.17783
KCRDK,31,60,1,0.105345,0.031987,0.03484
BA,31,60,2,0.041983,0.016636,0.025174
KCRDK,31,60,1,0.089421,0.031221,0.03345
BA,31,60,20,3.81723,3.53904,0.275209
KCRDK,31,60,2,0.150046,0.053772,0.051418
BA,31,60,15,1.03441,0.846914,0.180135
KCRDK,31,60,1,0.092549,0.028067,0.030108
BA,31,60,3,0.071633,0.02725,0.040238
KCRDK,31,60,2,0.141125,0.047812,0.045044
BA,31,60,2,0.041607,0.016114,0.025315
KCRDK,31,60,1,0.099116,0.031524,0.029601
BA,31,60,12,0.623709,0.469769,0.152238
KCRDK,31,60,1,0.100256,0.030445,0.032675
BA,31,60,11,0.533883,0.395521,0.136776
KCRDK,31,60,1,0.087444,0.030407,0.033911
BA,31,60,14,0.83022,0.655304,0.172846
KCRDK,31,60,1,0.089602,0.031327,0.033495
BA,31,60,14,0.848141,0.665085,0.181022
KCRDK,31,60,1,0.087067,0.029023,0.035829
BA,31,60,14,0.867672,0.69699,0.168754
KCRDK,31,60,1,0.088758,0.031477,0.033877
BA,31,60,6,0.186146,0.109765,0.075599
KCRDK,31,60,1,0.084945,0.030134,0.032719
BA,31,80,11,0.527333,0.375966,0.145332
KCRDK,31,80,1,0.087525,0.030568,0.033613
BA,31,80,3,0.075516,0.030701,0.04445
KCRDK,31,80,1,0.081513,0.028952,0.029695
BA,31,80,2,0.045706,0.016072,0.029459
KCRDK,31,80,1,0.100905,0.031544,0.032596
BA,31,80,12,0.649433,0.493981,0.153716
KCRDK,31,80,1,0.086064,0.029921,0.032797
BA,31,80,17,1.41999,1.1894,0.227914
KCRDK,31,80,1,0.10328,0.033036,0.031557
BA,31,80,7,0.249981,0.159542,0.089462
KCRDK,31,80,1,0.089837,0.031744,0.032906
BA,31,80,17,1.28366,1.06243,0.218601
KCRDK,31,80,1,0.08897,0.031734,0.033085
BA,31,80,7,0.242201,0.141539,0.099719
KCRDK,31,80,1,0.087881,0.0319,0.031163
BA,31,80,16,1.18361,0.974195,0.206968
KCRDK,31,80,1,0.085667,0.029688,0.032171
BA,31,80,3,0.075376,0.037194,0.037848
KCRDK,31,80,1,0.085806,0.03017,0.031497
BA,31,80,4,0.099747,0.051084,0.048192
KCRDK,31,80,2,0.15907,0.049106,0.047713
BA,31,80,14,0.918238,0.736187,0.179876
KCRDK,31,80,1,0.089222,0.032629,0.032386
BA,31,80,3,0.073183,0.029788,0.043051
KCRDK,31,80,2,0.143371,0.044976,0.047103
BA,31,80,12,0.633688,0.483575,0.148348
KCRDK,31,80,1,0.101265,0.030948,0.03366
BA,31,80,15,1.12512,0.928945,0.193876
KCRDK,31,80,1,0.084305,0.02936,0.032293
BA,31,80,6,0.187596,0.099615,0.087191
KCRDK,31,80,1,0.080532,0.029269,0.028694
BA,31,80,8,0.313071,0.206142,0.105767
KCRDK,31,80,2,0.144067,0.049906,0.047355
BA,31,80,10,0.446488,0.308982,0.13603
KCRDK,31,80,1,0.090089,0.032209,0.034027
BA,31,80,4,0.111071,0.053174,0.057376
KCRDK,31,80,2,0.144647,0.050131,0.047744
BA,31,80,2,0.042485,0.016626,0.025664
KCRDK,31,80,1,0.099609,0.030065,0.029939
BA,31,80,4,0.096875,0.044354,0.05206
KCRDK,31,80,2,0.141599,0.049165,0.048187
BA,31,80,8,0.309106,0.207682,0.100249
KCRDK,31,80,1,0.087323,0.032255,0.031523
BA,31,80,14,0.884878,0.702061,0.180697
KCRDK,31,80,1,0.08913,0.031852,0.032986
BA,31,80,12,0.625118,0.469708,0.15364
KCRDK,31,80,1,0.099227,0.031987,0.029552
BA,31,80,4,0.106666,0.055121,0.051015
KCRDK,31,80,2,0.140147,0.048723,0.044859
BA,31,80,4,0.103607,0.053872,0.049242
KCRDK,31,80,1,0.089723,0.030882,0.033663
BA,31,80,13,0.681168,0.507438,0.171808
KCRDK,31,80,1,0.087774,0.031061,0.033381
BA,31,80,11,0.543677,0.398847,0.143233
KCRDK,31,80,1,0.100411,0.032631,0.031038
BA,31,80,14,0.854163,0.679341,0.172808
KCRDK,31,80,1,0.085587,0.029853,0.032104
BA,31,80,8,0.298517,0.19157,0.105851
KCRDK,31,80,1,0.087204,0.03236,0.030678
BA,31,100,3,0.073886,0.031963,0.041611
KCRDK,31,100,2,0.140789,0.048196,0.047892
BA,31,100,4,0.108957,0.057365,0.051094
KCRDK,31,100,2,0.140703,0.043338,0.042671
BA,31,100,12,0.644279,0.493776,0.148749
KCRDK,31,100,1,0.088996,0.031504,0.03485
BA,31,100,3,0.073432,0.034527,0.038564
KCRDK,31,100,1,0.085164,0.03057,0.031007
BA,31,100,13,0.759867,0.577804,0.175426
KCRDK,31,100,1,0.110041,0.032757,0.03637
BA,31,100,6,0.190541,0.114074,0.075666
KCRDK,31,100,1,0.104964,0.032289,0.034356
BA,31,100,10,0.456837,0.322243,0.133111
KCRDK,31,100,1,0.104121,0.03365,0.032029
BA,31,100,2,0.042226,0.010365,0.03167
KCRDK,31,100,1,0.098932,0.030144,0.029881
BA,31,100,4,0.10385,0.052248,0.05111
KCRDK,31,100,2,0.158504,0.048603,0.047638
BA,31,100,2,0.042943,0.016528,0.026224
KCRDK,31,100,1,0.08913,0.032227,0.032582
BA,31,100,5,0.142682,0.079343,0.062716
KCRDK,31,100,2,0.143504,0.049449,0.047263
BA,31,100,5,0.143533,0.064608,0.078284
KCRDK,31,100,6,0.400603,0.137964,0.116203
BA,31,100,12,0.617236,0.455861,0.159542
KCRDK,31,100,1,0.082483,0.02797,0.032628
BA,31,100,12,0.609924,0.457208,0.151008
KCRDK,31,100,1,0.090021,0.03285,0.032785
BA,31,100,14,0.860703,0.668915,0.189727
KCRDK,31,100,1,0.084108,0.029473,0.032739
BA,31,100,17,1.33001,1.09517,0.232332
KCRDK,31,100,1,0.086589,0.030102,0.033389
BA,31,100,11,0.552513,0.409828,0.141066
KCRDK,31,100,1,0.0875,0.031149,0.032535
BA,31,100,15,1.07296,0.877036,0.193704
KCRDK,31,100,1,0.089005,0.030837,0.034272
BA,31,100,5,0.151538,0.086564,0.064332
KCRDK,31,100,2,0.147277,0.045444,0.04844
BA,31,100,10,0.466323,0.329689,0.130338
KCRDK,31,100,1,0.103295,0.034006,0.033421
BA,31,100,4,0.100578,0.041591,0.058503
KCRDK,31,100,2,0.14172,0.048965,0.045413
BA,31,100,10,0.462525,0.337044,0.124036
KCRDK,31,100,1,0.098977,0.031666,0.030948
BA,31,100,12,0.625463,0.459362,0.164271
KCRDK,31,100,1,0.088079,0.030974,0.032992
BA,31,100,3,0.069946,0.021758,0.047829
KCRDK,31,100,1,0.087038,0.03221,0.030889
BA,31,100,2,0.042569,0.01695,0.025425
KCRDK,31,100,1,0.08127,0.028972,0.029747
BA,31,100,11,0.518852,0.377006,0.140228
KCRDK,31,100,1,0.087364,0.03108,0.032594
BA,31,100,2,0.041447,0.015836,0.025406
KCRDK,31,100,1,0.097528,0.029283,0.029864
BA,31,100,12,0.616871,0.459559,0.155475
KCRDK,31,100,1,0.084097,0.029293,0.031907
BA,31,100,11,0.533728,0.39279,0.139287
KCRDK,31,100,1,0.084565,0.03003,0.032004
BA,31,100,3,0.068997,0.032673,0.035995
KCRDK,31,100,1,0.098135,0.029429,0.031419
BA,41,0,9,0.488586,0.28241,0.204788
KCRDK,41,0,1,0.176787,0.049835,0.059487
BA,41,0,4,0.158915,0.058927,0.099474
KCRDK,41,0,1,0.153545,0.050241,0.056903
BA,41,0,5,0.216006,0.102074,0.113254
KCRDK,41,0,1,0.145509,0.046906,0.055794
BA,41,0,12,0.873527,0.602826,0.26888
KCRDK,41,0,1,0.156215,0.052248,0.05963
BA,41,0,11,0.648766,0.413475,0.233724
KCRDK,41,0,1,0.150578,0.04964,0.058118
BA,41,0,9,0.515373,0.311623,0.202412
KCRDK,41,0,1,0.153953,0.049346,0.059121
BA,41,0,2,0.058301,0.009862,0.048269
KCRDK,41,0,1,0.176138,0.048427,0.062483
BA,41,0,4,0.153383,0.066325,0.086599
KCRDK,41,0,2,0.278148,0.080336,0.085985
BA,41,0,2,0.066848,0.022081,0.044585
KCRDK,41,0,1,0.17267,0.049177,0.055811
BA,41,0,16,1.43369,1.0695,0.361654
KCRDK,41,0,1,0.16151,0.052759,0.061047
BA,41,0,2,0.06743,0.022509,0.044705
KCRDK,41,0,1,0.136848,0.045164,0.05156
BA,41,0,3,0.103296,0.040134,0.062856
KCRDK,41,0,1,0.137315,0.043946,0.051171
BA,41,0,2,0.063343,0.020919,0.042235
KCRDK,41,0,1,0.139642,0.047339,0.049082
BA,41,0,14,1.05049,0.738683,0.309618
KCRDK,41,0,1,0.180028,0.051134,0.061089
BA,41,0,2,0.067725,0.022366,0.045156
KCRDK,41,0,1,0.15238,0.046416,0.058422
BA,41,0,12,0.81781,0.546286,0.269661
KCRDK,41,0,1,0.174814,0.048519,0.05886
BA,41,0,13,0.894002,0.581703,0.301559
KCRDK,41,0,1,0.152301,0.049744,0.057725
BA,41,0,2,0.066166,0.021049,0.044928
KCRDK,41,0,1,0.173059,0.048796,0.057672
BA,41,0,2,0.066402,0.021525,0.044698
KCRDK,41,0,1,0.154301,0.050131,0.057752
BA,41,0,9,0.514658,0.308889,0.204405
KCRDK,41,0,1,0.180326,0.050287,0.058672
BA,41,0,2,0.067794,0.022505,0.045093
KCRDK,41,0,1,0.174752,0.049485,0.056272
BA,41,0,4,0.161412,0.06156,0.099322
KCRDK,41,0,1,0.149787,0.048002,0.056621
BA,41,0,2,0.066864,0.021762,0.044879
KCRDK,41,0,1,0.151533,0.048983,0.057422
BA,41,0,12,0.783952,0.513907,0.268298
KCRDK,41,0,1,0.181802,0.04745,0.065509
BA,41,0,12,0.786093,0.508969,0.275325
KCRDK,41,0,1,0.175879,0.049442,0.058566
BA,41,0,7,0.36077,0.205024,0.154793
KCRDK,41,0,1,0.178079,0.050025,0.057025
BA,41,0,10,0.596445,0.3612,0.233739
KCRDK,41,0,1,0.150266,0.04912,0.055867
BA,41,0,20,5.06491,4.59289,0.450814
KCRDK,41,0,1,0.162411,0.05408,0.060242
BA,41,0,3,0.110807,0.042733,0.067737
KCRDK,41,0,2,0.281441,0.08396,0.081405
BA,41,0,2,0.06595,0.021785,0.043964
KCRDK,41,0,1,0.178459,0.050932,0.059042
BA,41,20,10,0.607844,0.373407,0.23294
KCRDK,41,20,1,0.155799,0.050364,0.059028
BA,41,20,8,0.423786,0.242513,0.180097
KCRDK,41,20,1,0.173029,0.050159,0.057865
BA,41,20,12,0.855923,0.583541,0.270579
KCRDK,41,20,1,0.152664,0.048865,0.058607
BA,41,20,2,0.066889,0.02224,0.044464
KCRDK,41,20,1,0.158566,0.047213,0.060301
BA,41,20,4,0.159607,0.06936,0.089752
KCRDK,41,20,2,0.268062,0.077432,0.096483
BA,41,20,5,0.216459,0.102004,0.113739
KCRDK,41,20,2,0.262584,0.073922,0.091753
BA,41,20,3,0.111648,0.044867,0.06644
KCRDK,41,20,1,0.149053,0.048811,0.05547
BA,41,20,17,1.625,1.22261,0.399697
KCRDK,41,20,1,0.181556,0.05055,0.05935
BA,41,20,10,0.60086,0.373705,0.225632
KCRDK,41,20,1,0.149893,0.049331,0.056612
BA,41,20,3,0.112512,0.045287,0.066867
KCRDK,41,20,1,0.178128,0.050239,0.056738
BA,41,20,6,0.259894,0.131759,0.12733
KCRDK,41,20,2,0.262016,0.085002,0.087118
BA,41,20,2,0.064104,0.009997,0.053906
KCRDK,41,20,1,0.173148,0.051617,0.05304
BA,41,20,13,0.970615,0.676742,0.29184
KCRDK,41,20,1,0.152365,0.05163,0.054607
BA,41,20,13,0.96632,0.671672,0.292614
KCRDK,41,20,1,0.154509,0.050575,0.058336
BA,41,20,3,0.107805,0.041372,0.066072
KCRDK,41,20,2,0.266326,0.085196,0.087884
BA,41,20,12,0.830177,0.547334,0.281024
KCRDK,41,20,1,0.164704,0.053079,0.061931
BA,41,20,4,0.161523,0.070912,0.090098
KCRDK,41,20,4,0.487094,0.149124,0.160036
BA,41,20,3,0.108605,0.032201,0.075999
KCRDK,41,20,1,0.154235,0.050996,0.057291
BA,41,20,3,0.096447,0.028855,0.067298
KCRDK,41,20,1,0.149541,0.048189,0.056522
BA,41,20,3,0.110777,0.032393,0.078032
KCRDK,41,20,2,0.258916,0.081061,0.088757
BA,41,20,12,0.824644,0.542911,0.279895
KCRDK,41,20,1,0.155027,0.050496,0.06261
BA,41,20,2,0.06354,0.01136,0.051996
KCRDK,41,20,1,0.170819,0.048312,0.055041
BA,41,20,3,0.102741,0.03097,0.071409
KCRDK,41,20,2,0.245647,0.077766,0.090664
BA,41,20,2,0.061832,0.010039,0.051604
KCRDK,41,20,1,0.14817,0.050693,0.056012
BA,41,20,16,1.37564,1.01683,0.356437
KCRDK,41,20,1,0.162504,0.052391,0.062788
BA,41,20,2,0.072066,0.023878,0.047983
KCRDK,41,20,1,0.159734,0.057114,0.054582
BA,41,20,9,0.543786,0.324658,0.217831
KCRDK,41,20,1,0.178381,0.054239,0.074438
BA,41,20,3,0.119681,0.047652,0.071645
KCRDK,41,20,1,0.163341,0.052923,0.06118
BA,41,20,6,0.299369,0.13307,0.165408
KCRDK,41,20,1,0.170086,0.054913,0.064754
BA,41,20,2,0.06847,0.010429,0.057865
KCRDK,41,20,1,0.16247,0.052584,0.060579
BA,41,40,2,0.077579,0.026887,0.050461
KCRDK,41,40,1,0.168002,0.054637,0.064241
BA,41,40,15,1.33645,0.959804,0.374296
KCRDK,41,40,1,0.167331,0.046198,0.056357
BA,41,40,21,5.3433,4.84385,0.496144
KCRDK,41,40,1,0.15357,0.049411,0.059192
BA,41,40,3,0.115867,0.047909,0.06761
KCRDK,41,40,2,0.253019,0.078947,0.085198
BA,41,40,2,0.068933,0.022512,0.046226
KCRDK,41,40,1,0.149087,0.048442,0.056202
BA,41,40,8,0.411274,0.232836,0.177266
KCRDK,41,40,1,0.15847,0.051399,0.060424
BA,41,40,4,0.156434,0.057361,0.098554
KCRDK,41,40,2,0.262174,0.082003,0.087333
BA,41,40,7,0.342052,0.184184,0.156825
KCRDK,41,40,2,0.280307,0.083048,0.083781
BA,41,40,4,0.154151,0.067328,0.086345
KCRDK,41,40,2,0.260711,0.081922,0.087869
BA,41,40,2,0.067756,0.023142,0.044423
KCRDK,41,40,1,0.15563,0.050914,0.057849
BA,41,40,5,0.209749,0.089417,0.119657
KCRDK,41,40,2,0.251819,0.078191,0.085691
BA,41,40,20,3.74135,3.28984,0.448353
KCRDK,41,40,1,0.155861,0.050347,0.060252
BA,41,40,3,0.121009,0.036025,0.084624
KCRDK,41,40,1,0.156386,0.049865,0.060865
BA,41,40,14,1.20875,0.878367,0.328166
KCRDK,41,40,1,0.158501,0.050997,0.061527
BA,41,40,2,0.066482,0.021226,0.045066
KCRDK,41,40,1,0.163268,0.050438,0.066617
BA,41,40,4,0.164996,0.073196,0.091271
KCRDK,41,40,2,0.257374,0.081568,0.085186
BA,41,40,15,1.26963,0.931094,0.336211
KCRDK,41,40,1,0.159586,0.051922,0.060215
BA,41,40,14,1.07193,0.749621,0.320092
KCRDK,41,40,1,0.155619,0.050751,0.058864
BA,41,40,11,0.695018,0.435151,0.258204
KCRDK,41,40,1,0.161631,0.05186,0.060122
BA,41,40,13,0.986892,0.679645,0.30524
KCRDK,41,40,1,0.180838,0.051979,0.05903
BA,41,40,10,0.591035,0.361646,0.227871
KCRDK,41,40,1,0.151692,0.04931,0.0573
BA,41,40,16,1.29725,0.928457,0.366337
KCRDK,41,40,1,0.17768,0.048914,0.05785
BA,41,40,3,0.116251,0.046147,0.069763
KCRDK,41,40,2,0.26817,0.085784,0.089767
BA,41,40,14,1.01145,0.67457,0.334692
KCRDK,41,40,1,0.178543,0.049795,0.05907
BA,41,40,11,0.706429,0.457106,0.247623
KCRDK,41,40,1,0.180381,0.051103,0.059486
BA,41,40,4,0.153901,0.066867,0.086506
KCRDK,41,40,2,0.275108,0.083414,0.098632
BA,41,40,2,0.06863,0.022236,0.046203
KCRDK,41,40,1,0.149148,0.038558,0.057386
BA,41,40,10,0.570632,0.333922,0.235203
KCRDK,41,40,1,0.156091,0.050647,0.059718
BA,41,40,14,1.02523,0.708525,0.314494
KCRDK,41,40,1,0.172267,0.047702,0.057151
BA,41,40,13,0.927132,0.638969,0.286263
KCRDK,41,40,1,0.153294,0.048024,0.059335
BA,41,60,11,0.76871,0.486387,0.280557
KCRDK,41,60,1,0.172828,0.055465,0.066064
BA,41,60,16,1.50484,1.09079,0.411427
KCRDK,41,60,1,0.176952,0.056995,0.068666
BA,41,60,4,0.173475,0.064304,0.108634
KCRDK,41,60,2,0.28692,0.09313,0.094409
BA,41,60,2,0.071451,0.02316,0.04811
KCRDK,41,60,1,0.171245,0.050984,0.071893
BA,41,60,3,0.12226,0.050415,0.071473
KCRDK,41,60,2,0.286606,0.094447,0.093438
BA,41,60,3,0.118533,0.046923,0.071266
KCRDK,41,60,1,0.16911,0.053378,0.065121
BA,41,60,15,1.32852,0.964372,0.361773
KCRDK,41,60,1,0.174862,0.049306,0.056338
BA,41,60,19,4.09433,3.6646,0.42689
KCRDK,41,60,1,0.176509,0.048123,0.059548
BA,41,60,15,1.33595,0.975009,0.35816
KCRDK,41,60,1,0.178311,0.052475,0.055795
BA,41,60,6,0.285037,0.140042,0.144141
KCRDK,41,60,1,0.177224,0.049602,0.057643
BA,41,60,4,0.157571,0.067701,0.089357
KCRDK,41,60,2,0.261191,0.083527,0.085706
BA,41,60,2,0.068389,0.022447,0.04574
KCRDK,41,60,1,0.148955,0.047643,0.056374
BA,41,60,4,0.165218,0.073358,0.091358
KCRDK,41,60,3,0.364285,0.114018,0.118022
BA,41,60,4,0.159196,0.059641,0.099042
KCRDK,41,60,1,0.152449,0.049493,0.057393
BA,41,60,13,0.894848,0.603774,0.289095
KCRDK,41,60,1,0.158553,0.049602,0.064907
BA,41,60,14,1.10177,0.787239,0.312398
KCRDK,41,60,1,0.178437,0.049658,0.059793
BA,41,60,4,0.162789,0.071149,0.09113
KCRDK,41,60,2,0.256978,0.076269,0.087888
BA,41,60,2,0.06393,0.021223,0.042525
KCRDK,41,60,1,0.152434,0.050345,0.056542
BA,41,60,3,0.104043,0.039982,0.06375
KCRDK,41,60,1,0.150793,0.053277,0.052126
BA,41,60,3,0.101338,0.039042,0.06197
KCRDK,41,60,1,0.141742,0.047556,0.051447
BA,41,60,17,1.50763,1.14042,0.364702
KCRDK,41,60,1,0.145893,0.046918,0.055342
BA,41,60,12,0.758523,0.499479,0.257361
KCRDK,41,60,1,0.171814,0.049146,0.057332
BA,41,60,2,0.061525,0.010003,0.051358
KCRDK,41,60,1,0.145419,0.045645,0.056063
BA,41,60,2,0.061594,0.010178,0.051189
KCRDK,41,60,1,0.172423,0.044481,0.062905
BA,41,60,12,0.792504,0.532131,0.258693
KCRDK,41,60,1,0.146884,0.047497,0.056054
BA,41,60,2,0.061958,0.019044,0.042736
KCRDK,41,60,1,0.140694,0.04549,0.052228
BA,41,60,6,0.268708,0.13888,0.129037
KCRDK,41,60,1,0.141222,0.045154,0.053911
BA,41,60,2,0.062689,0.019537,0.04298
KCRDK,41,60,1,0.164597,0.046173,0.053394
BA,41,60,10,0.561704,0.346072,0.214222
KCRDK,41,60,1,0.165452,0.047589,0.055675
BA,41,60,9,0.494027,0.298256,0.194482
KCRDK,41,60,1,0.141337,0.044756,0.054978
BA,41,80,14,1.04786,0.737958,0.307931
KCRDK,41,80,1,0.143257,0.046718,0.054392
BA,41,80,7,0.318676,0.168364,0.149362
KCRDK,41,80,1,0.169891,0.045006,0.060018
BA,41,80,12,0.772557,0.517278,0.253593
KCRDK,41,80,1,0.139183,0.043536,0.05336
BA,41,80,10,0.561845,0.34789,0.212563
KCRDK,41,80,1,0.142917,0.045543,0.054647
BA,41,80,4,0.151502,0.066411,0.084644
KCRDK,41,80,2,0.241332,0.075062,0.089228
BA,41,80,3,0.104852,0.031611,0.072925
KCRDK,41,80,2,0.24968,0.079305,0.09165
BA,41,80,2,0.064464,0.020517,0.043771
KCRDK,41,80,1,0.1407,0.045036,0.053856
BA,41,80,17,1.57454,1.20764,0.364425
KCRDK,41,80,1,0.167399,0.046731,0.055753
BA,41,80,3,0.104262,0.040986,0.062928
KCRDK,41,80,2,0.244236,0.079299,0.078268
BA,41,80,2,0.060778,0.010343,0.050235
KCRDK,41,80,1,0.159741,0.044488,0.052443
BA,41,80,3,0.104453,0.031813,0.072309
KCRDK,41,80,2,0.235857,0.065446,0.088567
BA,41,80,2,0.060327,0.018601,0.041553
KCRDK,41,80,1,0.14402,0.045706,0.05374
BA,41,80,3,0.100387,0.029496,0.070553
KCRDK,41,80,2,0.238438,0.074029,0.081448
BA,41,80,7,0.326715,0.170426,0.15539
KCRDK,41,80,1,0.137511,0.045221,0.050447
BA,41,80,4,0.147584,0.064275,0.082861
KCRDK,41,80,2,0.241291,0.07633,0.08283
BA,41,80,3,0.106689,0.041596,0.06475
KCRDK,41,80,1,0.192088,0.053511,0.063661
BA,41,80,12,0.824764,0.531511,0.291289
KCRDK,41,80,1,0.153397,0.045805,0.065706
BA,41,80,5,0.21965,0.104434,0.114581
KCRDK,41,80,2,0.272814,0.091878,0.087607
BA,41,80,3,0.119527,0.04797,0.071166
KCRDK,41,80,1,0.158562,0.051284,0.060762
BA,41,80,3,0.113349,0.044612,0.068397
KCRDK,41,80,1,0.151822,0.048058,0.058418
BA,41,80,4,0.158779,0.060819,0.097468
KCRDK,41,80,2,0.26638,0.086695,0.086046
BA,41,80,14,1.11437,0.787669,0.32461
KCRDK,41,80,1,0.158576,0.05126,0.061738
BA,41,80,2,0.065472,0.01034,0.054935
KCRDK,41,80,1,0.142076,0.046801,0.052913
BA,41,80,10,0.551837,0.329029,0.213329
KCRDK,41,80,1,0.142708,0.045685,0.053801
BA,41,80,4,0.150962,0.063964,0.08649
KCRDK,41,80,2,0.242053,0.077812,0.077427
BA,41,80,3,0.103622,0.041127,0.062183
KCRDK,41,80,2,0.225734,0.063232,0.088629
BA,41,80,3,0.098769,0.038403,0.060054
KCRDK,41,80,1,0.135267,0.045025,0.049189
BA,41,80,13,0.949915,0.664381,0.277149
KCRDK,41,80,1,0.143499,0.047321,0.054146
BA,41,80,18,1.59492,1.20172,0.390619
KCRDK,41,80,1,0.139399,0.045794,0.053477
BA,41,80,4,0.143627,0.0609,0.082274
KCRDK,41,80,2,0.247726,0.070727,0.07998
BA,41,100,15,1.13359,0.819632,0.311799
KCRDK,41,100,1,0.156418,0.042909,0.053894
BA,41,100,9,0.47334,0.286219,0.185924
KCRDK,41,100,1,0.160979,0.045271,0.054359
BA,41,100,4,0.146187,0.062145,0.083564
KCRDK,41,100,4,0.438554,0.133892,0.135755
BA,41,100,2,0.061686,0.019063,0.042444
KCRDK,41,100,1,0.137457,0.043772,0.051875
BA,41,100,13,0.84454,0.558752,0.284006
KCRDK,41,100,1,0.138753,0.045656,0.050322
BA,41,100,17,1.37706,1.02487,0.349786
KCRDK,41,100,1,0.134364,0.043142,0.052586
BA,41,100,2,0.057315,0.009984,0.047158
KCRDK,41,100,1,0.127677,0.041449,0.045518
BA,41,100,17,1.5094,1.164,0.343049
KCRDK,41,100,1,0.130312,0.039743,0.050929
BA,41,100,11,0.643264,0.420064,0.221773
KCRDK,41,100,1,0.13341,0.043307,0.050521
BA,41,100,12,0.694503,0.447262,0.245639
KCRDK,41,100,1,0.132205,0.042487,0.049675
BA,41,100,4,0.141273,0.06048,0.080343
KCRDK,41,100,2,0.234816,0.06865,0.073654
BA,41,100,4,0.139838,0.058427,0.080975
KCRDK,41,100,2,0.209994,0.065963,0.069637
BA,41,100,9,0.423665,0.235749,0.186774
KCRDK,41,100,1,0.145905,0.042034,0.047236
BA,41,100,5,0.188251,0.090398,0.097274
KCRDK,41,100,2,0.220592,0.069522,0.073938
BA,41,100,2,0.057732,0.017324,0.040249
KCRDK,41,100,1,0.134397,0.043102,0.050782
BA,41,100,4,0.139102,0.051278,0.087379
KCRDK,41,100,2,0.217023,0.059899,0.07432
BA,41,100,6,0.266055,0.14068,0.124627
KCRDK,41,100,1,0.155021,0.044418,0.050945
BA,41,100,11,0.641171,0.415608,0.2241
KCRDK,41,100,1,0.136643,0.043552,0.051702
BA,41,100,2,0.060571,0.019276,0.041087
KCRDK,41,100,1,0.130922,0.042359,0.048839
BA,41,100,13,0.923937,0.650271,0.271806
KCRDK,41,100,1,0.168526,0.04847,0.055299
BA,41,100,3,0.097351,0.036992,0.060054
KCRDK,41,100,1,0.142069,0.044557,0.057335
BA,41,100,2,0.058757,0.010315,0.04827
KCRDK,41,100,1,0.152057,0.049212,0.057788
BA,41,100,17,1.52904,1.14746,0.379104
KCRDK,41,100,1,0.139287,0.04397,0.053707
BA,41,100,3,0.103325,0.03919,0.063807
KCRDK,41,100,1,0.161026,0.04588,0.052153
BA,41,100,13,0.908822,0.637972,0.269033
KCRDK,41,100,1,0.159921,0.046072,0.052088
BA,41,100,14,1.01741,0.694132,0.301773
KCRDK,41,100,1,0.148846,0.048419,0.056127
BA,41,100,13,0.955383,0.664572,0.288822
KCRDK,41,100,1,0.138602,0.043834,0.053576
BA,41,100,13,0.929822,0.639612,0.288313
KCRDK,41,100,1,0.152175,0.050292,0.056246
BA,41,100,3,0.104022,0.039017,0.064671
KCRDK,41,100,1,0.144546,0.046949,0.054227
BA,41,100,13,0.913321,0.627398,0.28399
KCRDK,41,100,1,0.144742,0.045367,0.057077
BA,51,0,4,0.208556,0.074836,0.13322
KCRDK,51,0,4,0.643402,0.174655,0.218063
BA,51,0,15,1.35051,0.84084,0.507449
KCRDK,51,0,1,0.210138,0.063321,0.082935
BA,51,0,2,0.091296,0.024153,0.066961
KCRDK,51,0,1,0.214741,0.068859,0.079541
BA,51,0,15,1.39244,0.891152,0.499045
KCRDK,51,0,1,0.226952,0.069806,0.086978
BA,51,0,8,0.524905,0.255585,0.268193
KCRDK,51,0,1,0.24744,0.067263,0.087269
BA,51,0,13,1.13227,0.696822,0.433454
KCRDK,51,0,1,0.228172,0.069412,0.087365
BA,51,0,12,0.953521,0.545604,0.406139
KCRDK,51,0,1,0.255397,0.067127,0.097342
BA,51,0,3,0.148676,0.05016,0.098188
KCRDK,51,0,1,0.223566,0.06823,0.085877
BA,51,0,10,0.815489,0.452819,0.361161
KCRDK,51,0,1,0.236556,0.072086,0.090309
BA,51,0,4,0.232689,0.085383,0.146715
KCRDK,51,0,2,0.413332,0.121226,0.144432
BA,51,0,3,0.162341,0.036145,0.125826
KCRDK,51,0,1,0.247351,0.074561,0.095111
BA,51,0,10,0.814449,0.437535,0.375348
KCRDK,51,0,1,0.223734,0.065972,0.087417
BA,51,0,2,0.099631,0.010126,0.089319
KCRDK,51,0,1,0.213676,0.065506,0.08422
BA,51,0,4,0.214888,0.064286,0.150099
KCRDK,51,0,4,0.703965,0.204544,0.226446
BA,51,0,7,0.457551,0.188229,0.268323
KCRDK,51,0,1,0.253261,0.068052,0.085815
BA,51,0,4,0.214285,0.0772,0.136526
KCRDK,51,0,2,0.376693,0.115087,0.126907
BA,51,0,2,0.093675,0.025072,0.068397
KCRDK,51,0,1,0.24709,0.066813,0.083343
BA,51,0,17,1.84436,1.24849,0.59333
KCRDK,51,0,1,0.234038,0.076987,0.084402
BA,51,0,5,0.287672,0.115413,0.171526
KCRDK,51,0,2,0.387076,0.115407,0.131697
BA,51,0,7,0.432763,0.194055,0.237719
KCRDK,51,0,1,0.256153,0.06962,0.089201
BA,51,0,3,0.150577,0.049232,0.100977
KCRDK,51,0,1,0.246364,0.069245,0.085444
BA,51,0,12,0.678446,0.382688,0.29464
KCRDK,51,0,1,0.138463,0.039352,0.054677
BA,51,0,5,0.187559,0.063589,0.123579
KCRDK,51,0,4,0.407839,0.1091,0.136169
BA,51,0,13,0.848866,0.534993,0.312722
KCRDK,51,0,1,0.149265,0.039905,0.053835
BA,51,0,2,0.061493,0.014125,0.04726
KCRDK,51,0,1,0.139316,0.039107,0.056017
BA,51,0,4,0.141664,0.046442,0.094934
KCRDK,51,0,1,0.135217,0.038006,0.052495
BA,51,0,2,0.060707,0.013374,0.04722
KCRDK,51,0,1,0.134402,0.038368,0.05202
BA,51,0,14,0.884377,0.547526,0.335601
KCRDK,51,0,1,0.149851,0.0394,0.054501
BA,51,0,2,0.061409,0.013977,0.04732
KCRDK,51,0,1,0.120223,0.032816,0.04642
BA,51,0,3,0.085174,0.021809,0.063261
KCRDK,51,0,1,0.119693,0.030085,0.043739
BA,51,20,12,0.565523,0.314288,0.250687
KCRDK,51,20,1,0.116389,0.032207,0.044713
BA,51,20,13,0.729828,0.454813,0.274426
KCRDK,51,20,1,0.123911,0.031361,0.046592
BA,51,20,12,0.590985,0.33948,0.250951
KCRDK,51,20,1,0.123191,0.032193,0.044706
BA,51,20,6,0.205806,0.077424,0.12814
KCRDK,51,20,1,0.113513,0.03044,0.043746
BA,51,20,11,0.518851,0.285219,0.233134
KCRDK,51,20,1,0.116235,0.0312,0.045748
BA,51,20,4,0.118551,0.034609,0.083785
KCRDK,51,20,2,0.189198,0.048701,0.067508
BA,51,20,12,0.586152,0.334282,0.251315
KCRDK,51,20,1,0.122098,0.031254,0.045383
BA,51,20,7,0.245868,0.099447,0.14613
KCRDK,51,20,1,0.116063,0.030897,0.045678
BA,51,20,3,0.085018,0.021978,0.062934
KCRDK,51,20,2,0.188744,0.046281,0.067723
BA,51,20,3,0.084674,0.02139,0.063179
KCRDK,51,20,1,0.114234,0.03043,0.044038
BA,51,20,17,1.12242,0.767166,0.354463
KCRDK,51,20,1,0.117008,0.030951,0.046618
BA,51,20,2,0.052206,0.010271,0.041879
KCRDK,51,20,1,0.121145,0.030643,0.045444
BA,51,20,3,0.083706,0.020799,0.062804
KCRDK,51,20,2,0.192764,0.048356,0.070824
BA,51,20,3,0.085353,0.022272,0.062978
KCRDK,51,20,2,0.196428,0.048371,0.068068
BA,51,20,3,0.087166,0.024091,0.062969
KCRDK,51,20,1,0.12285,0.03025,0.046689
BA,51,20,3,0.085114,0.019506,0.065505
KCRDK,51,20,2,0.187719,0.048349,0.066421
BA,51,20,14,0.815967,0.522984,0.292346
KCRDK,51,20,1,0.115608,0.030681,0.04568
BA,51,20,2,0.051197,0.009278,0.041863
KCRDK,51,20,1,0.113285,0.030417,0.043716
BA,51,20,14,0.790333,0.497687,0.292013
KCRDK,51,20,1,0.118043,0.031022,0.047905
BA,51,20,12,0.578072,0.32764,0.249902
KCRDK,51,20,1,0.116798,0.031205,0.046403
BA,51,20,5,0.157042,0.050068,0.10677
KCRDK,51,20,3,0.272479,0.066116,0.093696
BA,51,20,15,0.963001,0.65001,0.312312
KCRDK,51,20,1,0.116731,0.031027,0.046198
BA,51,20,4,0.118353,0.034784,0.083418
KCRDK,51,20,2,0.188222,0.04759,0.067768
BA,51,20,3,0.082793,0.01987,0.062821
KCRDK,51,20,1,0.112992,0.030037,0.043768
BA,51,20,15,0.885812,0.572723,0.31239
KCRDK,51,20,1,0.116079,0.030702,0.046011
BA,51,20,3,0.08383,0.02083,0.062897
KCRDK,51,20,1,0.113748,0.030277,0.044094
BA,51,20,3,0.084658,0.01898,0.065567
KCRDK,51,20,2,0.190102,0.049092,0.06806
BA,51,20,11,0.53808,0.305293,0.232288
KCRDK,51,20,1,0.116996,0.031081,0.046462
BA,51,20,2,0.052186,0.009984,0.042146
KCRDK,51,20,1,0.113978,0.030444,0.04405
BA,51,20,4,0.120314,0.033715,0.08644
KCRDK,51,20,2,0.189635,0.048657,0.067869
BA,51,40,12,0.628538,0.373757,0.254234
KCRDK,51,40,1,0.116878,0.031522,0.045882
BA,51,40,4,0.119114,0.035144,0.083811
KCRDK,51,40,2,0.187121,0.047503,0.066957
BA,51,40,5,0.157595,0.052996,0.104404
KCRDK,51,40,2,0.187726,0.047475,0.06736
BA,51,40,14,0.841969,0.543014,0.295509
KCRDK,51,40,1,0.11688,0.030938,0.046412
BA,51,40,4,0.119164,0.032544,0.086457
KCRDK,51,40,1,0.12058,0.032028,0.042551
BA,51,40,8,0.30513,0.134927,0.169866
KCRDK,51,40,2,0.188027,0.047818,0.067353
BA,51,40,7,0.250772,0.104307,0.146165
KCRDK,51,40,1,0.115172,0.030443,0.045476
BA,51,40,4,0.12097,0.037248,0.083575
KCRDK,51,40,2,0.188887,0.0487,0.067359
BA,51,40,2,0.051926,0.009713,0.042155
KCRDK,51,40,1,0.114028,0.030485,0.043825
BA,51,40,2,0.05163,0.009388,0.042185
KCRDK,51,40,1,0.113587,0.030293,0.043991
BA,51,40,16,1.03178,0.696842,0.334198
KCRDK,51,40,1,0.116525,0.030958,0.046115
BA,51,40,11,0.541046,0.289893,0.250424
KCRDK,51,40,1,0.126051,0.035084,0.049146
BA,51,40,3,0.09512,0.020089,0.074885
KCRDK,51,40,1,0.12421,0.034444,0.047304
BA,51,40,3,0.088745,0.021659,0.066939
KCRDK,51,40,1,0.122749,0.033743,0.047267
BA,51,40,3,0.09231,0.019573,0.072594
KCRDK,51,40,2,0.18889,0.048199,0.067623
BA,51,40,4,0.120996,0.037185,0.083656
KCRDK,51,40,2,0.195144,0.047654,0.06772
BA,51,40,3,0.083632,0.020552,0.062978
KCRDK,51,40,1,0.113817,0.030207,0.043998
BA,51,40,2,0.05227,0.010245,0.04197
KCRDK,51,40,1,0.113948,0.030327,0.043942
BA,51,40,5,0.161556,0.053993,0.107358
KCRDK,51,40,1,0.113456,0.030281,0.043773
BA,51,40,14,0.844489,0.551704,0.292143
KCRDK,51,40,1,0.116578,0.031354,0.045883
BA,51,40,5,0.158544,0.053563,0.104782
KCRDK,51,40,2,0.188731,0.04848,0.067572
BA,51,40,2,0.054246,0.009551,0.044634
KCRDK,51,40,1,0.114077,0.031625,0.042814
BA,51,40,4,0.121028,0.037177,0.083689
KCRDK,51,40,2,0.189265,0.049699,0.066593
BA,51,40,13,0.70212,0.429389,0.272131
KCRDK,51,40,1,0.116954,0.031422,0.046084
BA,51,40,15,0.952772,0.631923,0.320134
KCRDK,51,40,1,0.116461,0.030773,0.046537
BA,51,40,19,1.46754,1.06791,0.3987
KCRDK,51,40,1,0.124416,0.031073,0.047326
BA,51,40,2,0.051797,0.009679,0.042059
KCRDK,51,40,1,0.113647,0.030369,0.043854
BA,51,40,3,0.085857,0.023015,0.062741
KCRDK,51,40,2,0.189163,0.047762,0.06792
BA,51,40,11,0.540602,0.309537,0.23056
KCRDK,51,40,1,0.116214,0.031236,0.045814
BA,51,40,4,0.118842,0.035107,0.083587
KCRDK,51,40,2,0.188163,0.048328,0.067006
BA,51,60,3,0.08415,0.018321,0.065726
KCRDK,51,60,2,0.198233,0.049855,0.067407
BA,51,60,18,1.39124,1.01089,0.379469
KCRDK,51,60,1,0.117427,0.031299,0.04698
BA,51,60,2,0.051302,0.009421,0.041825
KCRDK,51,60,1,0.117321,0.030592,0.046991
BA,51,60,2,0.054588,0.009655,0.044878
KCRDK,51,60,1,0.113143,0.029947,0.043879
BA,51,60,14,0.805095,0.508901,0.295552
KCRDK,51,60,1,0.116442,0.030798,0.046428
BA,51,60,11,0.530519,0.294458,0.232762
KCRDK,51,60,1,0.12307,0.031683,0.045274
BA,51,60,3,0.082513,0.019456,0.062954
KCRDK,51,60,1,0.113267,0.0311,0.042891
BA,51,60,12,0.62084,0.369746,0.250555
KCRDK,51,60,1,0.116773,0.031323,0.04591
BA,51,60,25,18.0764,17.5318,0.537538
KCRDK,51,60,2,0.199549,0.05072,0.069119
BA,51,60,3,0.085023,0.02156,0.063358
KCRDK,51,60,2,0.190027,0.050401,0.066436
BA,51,60,9,0.374823,0.185446,0.188966
KCRDK,51,60,1,0.122557,0.031106,0.045863
BA,51,60,4,0.120492,0.036381,0.083959
KCRDK,51,60,2,0.189582,0.048383,0.067843
BA,51,60,14,0.768127,0.473559,0.293924
KCRDK,51,60,1,0.116801,0.031334,0.045879
BA,51,60,3,0.084128,0.021087,0.062937
KCRDK,51,60,2,0.196881,0.050279,0.066741
BA,51,60,14,0.801166,0.504005,0.2965
KCRDK,51,60,1,0.123701,0.031336,0.046514
BA,51,60,3,0.085159,0.021899,0.063154
KCRDK,51,60,1,0.11403,0.03054,0.044058
BA,51,60,7,0.255364,0.105559,0.149496
KCRDK,51,60,1,0.116447,0.030979,0.045864
BA,51,60,11,0.517119,0.286517,0.230099
KCRDK,51,60,1,0.11628,0.031312,0.045591
BA,51,60,8,0.303658,0.130086,0.173215
KCRDK,51,60,1,0.116306,0.030783,0.045809
BA,51,60,3,0.084728,0.021555,0.063067
KCRDK,51,60,2,0.191845,0.05069,0.067616
BA,51,60,14,0.78771,0.494099,0.292954
KCRDK,51,60,1,0.118084,0.031393,0.046878
BA,51,60,5,0.160386,0.054902,0.105281
KCRDK,51,60,2,0.190201,0.04897,0.067891
BA,51,60,7,0.25253,0.102618,0.149611
KCRDK,51,60,1,0.116573,0.031408,0.045555
BA,51,60,2,0.052645,0.010406,0.042181
KCRDK,51,60,1,0.114792,0.030839,0.044099
BA,51,60,14,0.795559,0.500785,0.294109
KCRDK,51,60,1,0.117245,0.031054,0.046721
BA,51,60,12,0.635192,0.38316,0.251485
KCRDK,51,60,1,0.117379,0.031246,0.046616
BA,51,60,13,0.692852,0.41723,0.27501
KCRDK,51,60,1,0.117418,0.031203,0.046638
BA,51,60,4,0.122623,0.038371,0.084094
KCRDK,51,60,2,0.192634,0.048978,0.070473
BA,51,60,9,0.362272,0.173367,0.188493
KCRDK,51,60,1,0.122691,0.03202,0.044898
BA,51,60,2,0.052235,0.007688,0.044493
KCRDK,51,60,1,0.113991,0.030447,0.044119
BA,51,80,3,0.085518,0.016777,0.068636
KCRDK,51,80,1,0.114808,0.030863,0.044128
BA,51,80,3,0.083682,0.020672,0.062904
KCRDK,51,80,2,0.190075,0.04899,0.067817
BA,51,80,8,0.30853,0.140684,0.167496
KCRDK,51,80,1,0.117103,0.031303,0.045949
BA,51,80,5,0.163367,0.058161,0.104997
KCRDK,51,80,4,0.344756,0.088449,0.1155
BA,51,80,2,0.053425,0.01118,0.042187
KCRDK,51,80,1,0.113925,0.030424,0.043971
BA,51,80,9,0.37924,0.190163,0.188667
KCRDK,51,80,1,0.116428,0.031112,0.047354
BA,51,80,13,0.713099,0.434831,0.274852
KCRDK,51,80,1,0.123481,0.031171,0.046617
BA,51,80,13,0.70945,0.436338,0.272478
KCRDK,51,80,1,0.118749,0.031696,0.046678
BA,51,80,7,0.249386,0.102135,0.146949
KCRDK,51,80,6,0.494126,0.123435,0.16103
BA,51,80,2,0.052243,0.00747,0.044717
KCRDK,51,80,1,0.121063,0.030583,0.044463
BA,51,80,14,0.783265,0.48913,0.293471
KCRDK,51,80,1,0.11731,0.030961,0.046708
BA,51,80,13,0.710291,0.437615,0.272074
KCRDK,51,80,1,0.116475,0.030994,0.045979
BA,51,80,4,0.11806,0.028418,0.089489
KCRDK,51,80,2,0.19626,0.049488,0.067061
BA,51,80,11,0.529714,0.298949,0.230274
KCRDK,51,80,1,0.117105,0.03127,0.046514
BA,51,80,10,0.456072,0.246589,0.20905
KCRDK,51,80,1,0.116963,0.031329,0.046218
BA,51,80,10,0.432053,0.222119,0.209487
KCRDK,51,80,1,0.123833,0.031157,0.04625
BA,51,80,5,0.157086,0.052102,0.104787
KCRDK,51,80,4,0.34219,0.086058,0.118286
BA,51,80,13,0.716271,0.443552,0.272115
KCRDK,51,80,7,0.570153,0.142029,0.186115
BA,51,80,5,0.161015,0.056149,0.104667
KCRDK,51,80,2,0.188918,0.048355,0.067528
BA,51,80,16,1.07208,0.733791,0.337537
KCRDK,51,80,1,0.123478,0.031478,0.04621
BA,51,80,6,0.200229,0.071874,0.128113
KCRDK,51,80,5,0.421,0.102933,0.138537
BA,51,80,5,0.161311,0.056345,0.104763
KCRDK,51,80,1,0.113795,0.030723,0.043717
BA,51,80,5,0.159722,0.054591,0.104929
KCRDK,51,80,2,0.18951,0.048913,0.067782
BA,51,80,4,0.119359,0.035425,0.083784
KCRDK,51,80,2,0.189051,0.047857,0.067744
BA,51,80,4,0.116762,0.032709,0.083903
KCRDK,51,80,2,0.195669,0.04827,0.067834
BA,51,80,5,0.15729,0.052638,0.104452
KCRDK,51,80,2,0.191432,0.047832,0.070369
BA,51,80,3,0.082729,0.019835,0.062791
KCRDK,51,80,2,0.187692,0.047543,0.067465
BA,51,80,4,0.118344,0.034712,0.083471
KCRDK,51,80,2,0.190724,0.049178,0.069109
BA,51,80,4,0.118863,0.03202,0.086689
KCRDK,51,80,2,0.193854,0.047545,0.06717
BA,51,80,5,0.157313,0.052845,0.104259
KCRDK,51,80,2,0.188749,0.048797,0.0671
BA,51,100,2,0.052447,0.010352,0.042037
KCRDK,51,100,1,0.119852,0.029936,0.044004
BA,51,100,13,0.707499,0.435265,0.271646
KCRDK,51,100,1,0.119674,0.030344,0.043711
BA,51,100,6,0.211055,0.085413,0.1254
KCRDK,51,100,1,0.11652,0.030458,0.046791
BA,51,100,2,0.052732,0.010169,0.042506
KCRDK,51,100,1,0.120099,0.030815,0.043305
BA,51,100,2,0.051154,0.006287,0.044811
KCRDK,51,100,1,0.11388,0.029995,0.044015
BA,51,100,3,0.085421,0.019889,0.06543
KCRDK,51,100,1,0.11916,0.030235,0.043557
BA,51,100,11,0.532884,0.30149,0.229851
KCRDK,51,100,1,0.11604,0.030651,0.046102
BA,51,100,9,0.383028,0.19197,0.19066
KCRDK,51,100,1,0.116494,0.031257,0.045726
BA,51,100,14,0.775903,0.483104,0.292164
KCRDK,51,100,1,0.116537,0.03146,0.045824
BA,51,100,3,0.083649,0.020906,0.062643
KCRDK,51,100,1,0.113991,0.030653,0.043974
BA,51,100,2,0.051929,0.009925,0.041947
KCRDK,51,100,1,0.113924,0.030146,0.044275
BA,51,100,9,0.383048,0.192392,0.190272
KCRDK,51,100,1,0.117251,0.031576,0.045985
BA,51,100,2,0.052234,0.010176,0.042004
KCRDK,51,100,1,0.113564,0.030296,0.043894
BA,51,100,6,0.203792,0.075488,0.128059
KCRDK,51,100,2,0.188313,0.047997,0.067431
BA,51,100,18,1.42886,1.04869,0.379315
KCRDK,51,100,1,0.116861,0.030842,0.046857
BA,51,100,3,0.083179,0.017587,0.06549
KCRDK,51,100,2,0.189236,0.04848,0.067497
BA,51,100,11,0.528656,0.295694,0.229686
KCRDK,51,100,1,0.115941,0.031009,0.045735
BA,51,100,17,1.24243,0.887359,0.354286
KCRDK,51,100,1,0.116955,0.031112,0.046346
BA,51,100,11,0.52457,0.294728,0.229353
KCRDK,51,100,1,0.122505,0.030942,0.045933
BA,51,100,21,7.02722,6.57277,0.453377
KCRDK,51,100,1,0.125089,0.031256,0.047358
BA,51,100,11,0.508412,0.275447,0.229685
KCRDK,51,100,1,0.122097,0.030782,0.045454
BA,51,100,3,0.083496,0.020584,0.062811
KCRDK,51,100,1,0.114001,0.030606,0.043964
BA,51,100,2,0.051294,0.009626,0.041614
KCRDK,51,100,1,0.119422,0.029888,0.044044
BA,51,100,9,0.37273,0.184308,0.188025
KCRDK,51,100,1,0.116542,0.031415,0.045669
BA,51,100,3,0.084314,0.018746,0.065458
KCRDK,51,100,1,0.114246,0.030689,0.044136
BA,51,100,3,0.083445,0.017916,0.065427
KCRDK,51,100,2,0.190706,0.04975,0.067503
BA,51,100,4,0.11768,0.031431,0.086104
KCRDK,51,100,3,0.275108,0.067198,0.092324
BA,51,100,14,0.864412,0.564216,0.299469
KCRDK,51,100,1,0.126091,0.031783,0.047839
BA,51,100,4,0.125848,0.037866,0.087799
KCRDK,51,100,2,0.195701,0.051344,0.068914
BA,51,100,3,0.089424,0.017767,0.071537
KCRDK,51,100,1,0.12168,0.033771,0.046652
BA,61,0,4,0.175996,0.045958,0.1298
KCRDK,61,0,2,0.304322,0.075861,0.103133
BA,61,0,2,0.077848,0.013483,0.064285
KCRDK,61,0,1,0.189458,0.047459,0.067954
BA,61,0,2,0.07917,0.014125,0.064958
KCRDK,61,0,1,0.172278,0.048156,0.064709
BA,61,0,2,0.078022,0.00791,0.070029
KCRDK,61,0,1,0.175311,0.047085,0.06814
BA,61,0,4,0.17306,0.038039,0.134786
KCRDK,61,0,2,0.309341,0.077782,0.104668
BA,61,0,3,0.123935,0.026935,0.096832
KCRDK,61,0,1,0.175788,0.049487,0.065926
BA,61,0,2,0.080327,0.015261,0.064973
KCRDK,61,0,1,0.189641,0.048114,0.068352
BA,61,0,3,0.124722,0.022149,0.102409
KCRDK,61,0,1,0.174721,0.047138,0.067514
BA,61,0,3,0.124622,0.02749,0.096953
KCRDK,61,0,1,0.189106,0.04848,0.067
BA,61,0,4,0.17505,0.045618,0.12918
KCRDK,61,0,2,0.292265,0.075411,0.103942
BA,61,0,3,0.127109,0.02943,0.097512
KCRDK,61,0,1,0.17316,0.045883,0.066526
BA,61,0,3,0.125957,0.024025,0.101776
KCRDK,61,0,2,0.307632,0.079739,0.102501
BA,61,0,3,0.1255,0.027692,0.097624
KCRDK,61,0,1,0.174827,0.047415,0.067588
BA,61,0,4,0.177923,0.048398,0.129272
KCRDK,61,0,5,0.642688,0.161572,0.210742
BA,61,0,28,52.7164,51.7498,0.964341
KCRDK,61,0,2,0.300387,0.079741,0.106974
BA,61,0,3,0.128026,0.030078,0.097771
KCRDK,61,0,1,0.176792,0.048915,0.067295
BA,61,0,4,0.179843,0.048592,0.130982
KCRDK,61,0,5,0.657082,0.16728,0.215338
BA,61,0,4,0.177074,0.045942,0.13088
KCRDK,61,0,2,0.296837,0.076847,0.10619
BA,61,0,5,0.234456,0.070531,0.163573
KCRDK,61,0,8,1.04478,0.259607,0.33705
BA,61,0,2,0.079467,0.014065,0.065309
KCRDK,61,0,1,0.177975,0.048008,0.068943
BA,61,0,6,0.304422,0.106687,0.197332
KCRDK,61,0,1,0.193054,0.05153,0.067388
BA,61,0,13,0.923405,0.496849,0.425542
KCRDK,61,0,1,0.195256,0.049064,0.071313
BA,61,0,2,0.079468,0.013816,0.065559
KCRDK,61,0,1,0.178054,0.048118,0.069216
BA,61,0,2,0.078249,0.007118,0.071042
KCRDK,61,0,1,0.190146,0.047602,0.068673
BA,61,0,3,0.129616,0.026126,0.103313
KCRDK,61,0,1,0.177425,0.048066,0.068866
BA,61,0,8,0.425294,0.16368,0.261041
KCRDK,61,0,1,0.193705,0.049133,0.070748
BA,61,0,8,0.4341,0.17256,0.260963
KCRDK,61,0,7,0.892274,0.224122,0.294325
BA,61,0,2,0.079214,0.014091,0.065027
KCRDK,61,0,1,0.190365,0.047616,0.068484
BA,61,0,4,0.176776,0.046238,0.130274
KCRDK,61,0,2,0.308929,0.077173,0.105104
BA,61,0,11,0.729813,0.352199,0.376701
KCRDK,61,0,1,0.196253,0.053977,0.078555
BA,61,20,10,0.643145,0.292243,0.350097
KCRDK,61,20,1,0.184258,0.048318,0.075654
BA,61,20,8,0.429651,0.169034,0.260033
KCRDK,61,20,1,0.178705,0.0484,0.070046
BA,61,20,3,0.125331,0.02211,0.103044
KCRDK,61,20,2,0.295934,0.077335,0.105411
BA,61,20,5,0.251171,0.080158,0.170645
KCRDK,61,20,2,0.320711,0.084958,0.121427
BA,61,20,11,0.731486,0.351184,0.379409
KCRDK,61,20,1,0.180107,0.048431,0.071334
BA,61,20,13,0.913992,0.488143,0.424829
KCRDK,61,20,1,0.194647,0.049009,0.071322
BA,61,20,2,0.078347,0.007144,0.07111
KCRDK,61,20,1,0.176192,0.048136,0.067794
BA,61,20,6,0.296747,0.101383,0.194927
KCRDK,61,20,2,0.306855,0.075457,0.104734
BA,61,20,14,1.05678,0.599671,0.456042
KCRDK,61,20,1,0.17871,0.047955,0.070939
BA,61,20,6,0.295904,0.101158,0.194327
KCRDK,61,20,4,0.534898,0.136346,0.179632
BA,61,20,14,1.10567,0.648533,0.456045
KCRDK,61,20,1,0.178703,0.048099,0.070717
BA,61,20,3,0.12621,0.02804,0.097996
KCRDK,61,20,1,0.174907,0.047142,0.069901
BA,61,20,16,1.37967,0.85593,0.522469
KCRDK,61,20,1,0.181577,0.048788,0.071944
BA,61,20,8,0.431505,0.169838,0.261087
KCRDK,61,20,1,0.190701,0.047796,0.069635
BA,61,20,20,7.61628,6.96388,0.650826
KCRDK,61,20,1,0.178318,0.047914,0.070483
BA,61,20,4,0.17328,0.043331,0.129702
KCRDK,61,20,2,0.2914,0.075621,0.103361
BA,61,20,5,0.232437,0.070048,0.16206
KCRDK,61,20,3,0.420761,0.104667,0.137693
BA,61,20,17,1.39786,0.843812,0.552727
KCRDK,61,20,1,0.176434,0.046871,0.069912
BA,61,20,2,0.07726,0.012356,0.064814
KCRDK,61,20,1,0.173304,0.046594,0.066845
BA,61,20,6,0.292371,0.098002,0.193947
KCRDK,61,20,2,0.294502,0.076821,0.103779
BA,61,20,3,0.13546,0.032548,0.102718
KCRDK,61,20,1,0.190133,0.051865,0.074515
BA,61,20,4,0.187528,0.043726,0.143553
KCRDK,61,20,2,0.290726,0.074661,0.103562
BA,61,20,4,0.174571,0.045274,0.129045
KCRDK,61,20,2,0.293773,0.076302,0.10465
BA,61,20,3,0.126483,0.029158,0.097154
KCRDK,61,20,2,0.29158,0.073412,0.103345
BA,61,20,2,0.078507,0.013202,0.065201
KCRDK,61,20,1,0.187053,0.048998,0.065278
BA,61,20,5,0.230387,0.068017,0.162037
KCRDK,61,20,2,0.3068,0.077055,0.103426
BA,61,20,9,0.504577,0.212382,0.291545
KCRDK,61,20,1,0.189286,0.048759,0.06788
BA,61,20,3,0.125284,0.028073,0.097045
KCRDK,61,20,2,0.298419,0.075784,0.109983
BA,61,20,3,0.124792,0.027616,0.097007
KCRDK,61,20,1,0.176076,0.047773,0.068242
BA,61,20,24,24.0683,23.2724,0.788471
KCRDK,61,20,1,0.181994,0.048376,0.073214
BA,61,40,4,0.179008,0.048191,0.130544
KCRDK,61,40,2,0.319671,0.074678,0.112519
BA,61,40,10,0.594294,0.256837,0.336696
KCRDK,61,40,1,0.193935,0.048995,0.070723
BA,61,40,16,1.37721,0.854078,0.521885
KCRDK,61,40,1,0.181299,0.050682,0.069735
BA,61,40,15,1.16509,0.673032,0.490867
KCRDK,61,40,1,0.183217,0.048927,0.073615
BA,61,40,2,0.079435,0.013862,0.065477
KCRDK,61,40,1,0.177853,0.048127,0.069067
BA,61,40,3,0.124085,0.026195,0.097695
KCRDK,61,40,1,0.179104,0.050399,0.068022
BA,61,40,4,0.181626,0.050485,0.13089
KCRDK,61,40,2,0.300913,0.079801,0.106831
BA,61,40,3,0.127503,0.028761,0.098561
KCRDK,61,40,2,0.299619,0.07758,0.107272
BA,61,40,5,0.231437,0.067412,0.163694
KCRDK,61,40,2,0.300309,0.078556,0.107136
BA,61,40,2,0.079674,0.014001,0.065574
KCRDK,61,40,1,0.178814,0.048273,0.069552
BA,61,40,2,0.079558,0.008151,0.071313
KCRDK,61,40,1,0.192548,0.049385,0.068185
BA,61,40,3,0.128121,0.029918,0.098026
KCRDK,61,40,1,0.193653,0.048694,0.07002
BA,61,40,5,0.234675,0.070283,0.164057
KCRDK,61,40,2,0.330641,0.081916,0.112935
BA,61,40,2,0.081459,0.016063,0.065295
KCRDK,61,40,1,0.179356,0.048319,0.069751
BA,61,40,14,1.07033,0.610192,0.458435
KCRDK,61,40,1,0.196876,0.049094,0.072589
BA,61,40,12,0.867513,0.447252,0.41922
KCRDK,61,40,1,0.212956,0.053609,0.077827
BA,61,40,12,0.88992,0.477651,0.411271
KCRDK,61,40,1,0.181572,0.051935,0.06896
BA,61,40,3,0.126548,0.027983,0.098384
KCRDK,61,40,2,0.300256,0.078692,0.109278
BA,61,40,2,0.081812,0.016291,0.065424
KCRDK,61,40,1,0.179682,0.048702,0.070033
BA,61,40,10,0.618422,0.289716,0.327946
KCRDK,61,40,1,0.181881,0.049304,0.071757
BA,61,40,15,1.17581,0.683103,0.491539
KCRDK,61,40,1,0.182622,0.049401,0.072592
BA,61,40,4,0.179427,0.041802,0.137366
KCRDK,61,40,2,0.314639,0.078796,0.107504
BA,61,40,5,0.232993,0.063083,0.169577
KCRDK,61,40,2,0.300391,0.079038,0.107253
BA,61,40,2,0.079385,0.013813,0.06547
KCRDK,61,40,1,0.178774,0.048172,0.06971
BA,61,40,15,1.2624,0.761793,0.499402
KCRDK,61,40,1,0.182494,0.049455,0.072492
BA,61,40,4,0.182251,0.051283,0.130712
KCRDK,61,40,1,0.201377,0.050739,0.072177
BA,61,40,3,0.13176,0.02299,0.108596
KCRDK,61,40,2,0.296128,0.075848,0.105933
BA,61,40,17,1.47681,0.921042,0.5544
KCRDK,61,40,1,0.19458,0.053074,0.077762
BA,61,40,14,1.12119,0.643394,0.476669
KCRDK,61,40,1,0.216084,0.053125,0.082817
BA,61,40,2,0.083593,0.015528,0.067959
KCRDK,61,40,1,0.188987,0.051586,0.073406
BA,61,60,3,0.133503,0.031087,0.10224
KCRDK,61,60,2,0.319261,0.087234,0.111222
BA,61,60,3,0.13524,0.032601,0.102445
KCRDK,61,60,1,0.188909,0.055875,0.069201
BA,61,60,2,0.085323,0.017036,0.068189
KCRDK,61,60,1,0.188444,0.053859,0.070907
BA,61,60,4,0.189636,0.053309,0.136069
KCRDK,61,60,2,0.317543,0.084562,0.112653
BA,61,60,17,1.55782,0.96367,0.587207
KCRDK,61,60,1,0.181315,0.048983,0.071983
BA,61,60,5,0.229325,0.066252,0.162729
KCRDK,61,60,2,0.299608,0.080453,0.104532
BA,61,60,11,0.696205,0.33405,0.359546
KCRDK,61,60,1,0.194615,0.048457,0.07192
BA,61,60,3,0.124983,0.026757,0.098047
KCRDK,61,60,1,0.178047,0.047857,0.069524
BA,61,60,15,1.17439,0.681444,0.491742
KCRDK,61,60,1,0.195051,0.048683,0.072005
BA,61,60,4,0.179009,0.042511,0.136245
KCRDK,61,60,1,0.194085,0.048454,0.070807
BA,61,60,7,0.356263,0.12521,0.230545
KCRDK,61,60,1,0.183161,0.049425,0.072293
BA,61,60,3,0.130117,0.02501,0.104927
KCRDK,61,60,2,0.31668,0.078332,0.10792
BA,61,60,3,0.128968,0.030504,0.098289
KCRDK,61,60,1,0.183792,0.049298,0.07009
BA,61,60,15,1.20918,0.710133,0.491778
KCRDK,61,60,1,0.19751,0.049811,0.072289
BA,61,60,3,0.127624,0.028842,0.09859
KCRDK,61,60,2,0.317611,0.080848,0.105145
BA,61,60,2,0.079313,0.007556,0.071653
KCRDK,61,60,1,0.193916,0.048346,0.070276
BA,61,60,4,0.180391,0.049268,0.130866
KCRDK,61,60,1,0.179222,0.04863,0.069876
BA,61,60,6,0.302158,0.105389,0.19631
KCRDK,61,60,7,0.916709,0.238372,0.30084
BA,61,60,4,0.18108,0.049895,0.130918
KCRDK,61,60,2,0.299975,0.080885,0.104658
BA,61,60,3,0.12783,0.029564,0.098084
KCRDK,61,60,1,0.192613,0.048139,0.069938
BA,61,60,4,0.181755,0.050738,0.130747
KCRDK,61,60,5,0.662556,0.167917,0.21924
BA,61,60,14,1.04621,0.586531,0.458573
KCRDK,61,60,1,0.184551,0.049967,0.073209
BA,61,60,5,0.241907,0.071278,0.170288
KCRDK,61,60,1,0.180039,0.049077,0.069893
BA,61,60,8,0.429272,0.166047,0.262625
KCRDK,61,60,2,0.300776,0.078213,0.107904
BA,61,60,2,0.082607,0.007753,0.07475
KCRDK,61,60,1,0.179901,0.048372,0.070604
BA,61,60,10,0.619522,0.264825,0.353918
KCRDK,61,60,1,0.192013,0.052157,0.076463
BA,61,60,4,0.187131,0.050283,0.13658
KCRDK,61,60,2,0.316289,0.08472,0.111923
BA,61,60,5,0.246068,0.075529,0.170165
KCRDK,61,60,2,0.336077,0.086299,0.112672
BA,61,60,3,0.133115,0.030996,0.101942
KCRDK,61,60,2,0.325958,0.0816,0.115916
BA,61,60,17,1.50507,0.945287,0.558411
KCRDK,61,60,1,0.183855,0.049375,0.073294
BA,61,80,2,0.081501,0.015892,0.065512
KCRDK,61,80,1,0.17988,0.048882,0.070145
BA,61,80,9,0.532771,0.23048,0.30161
KCRDK,61,80,1,0.189967,0.049738,0.07774
BA,61,80,9,0.507302,0.210742,0.295873
KCRDK,61,80,1,0.198805,0.052717,0.071043
BA,61,80,12,0.824217,0.422976,0.400274
KCRDK,61,80,1,0.198031,0.05002,0.072687
BA,61,80,2,0.08322,0.014843,0.068278
KCRDK,61,80,1,0.189489,0.051838,0.073997
BA,61,80,14,1.08363,0.605144,0.477376
KCRDK,61,80,1,0.184443,0.049363,0.073436
BA,61,80,3,0.128601,0.029988,0.098435
KCRDK,61,80,1,0.193597,0.048263,0.070117
BA,61,80,14,1.01882,0.555356,0.462294
KCRDK,61,80,1,0.196882,0.049263,0.072374
BA,61,80,11,0.722763,0.36026,0.361653
KCRDK,61,80,1,0.196589,0.049402,0.072395
BA,61,80,12,0.814632,0.415053,0.39864
KCRDK,61,80,1,0.197581,0.049408,0.072593
BA,61,80,13,0.936614,0.50882,0.426748
KCRDK,61,80,1,0.197083,0.049166,0.072563
BA,61,80,7,0.364742,0.134522,0.229716
KCRDK,61,80,1,0.17946,0.051201,0.067238
BA,61,80,4,0.178637,0.047278,0.131106
KCRDK,61,80,2,0.300634,0.078685,0.113622
BA,61,80,3,0.125409,0.021092,0.104141
KCRDK,61,80,1,0.178995,0.049166,0.068829
BA,61,80,3,0.127659,0.029113,0.098355
KCRDK,61,80,1,0.179644,0.048742,0.069899
BA,61,80,13,0.923235,0.495491,0.426707
KCRDK,61,80,1,0.183545,0.049484,0.073048
BA,61,80,3,0.126521,0.022051,0.104279
KCRDK,61,80,2,0.315944,0.078454,0.108654
BA,61,80,5,0.236066,0.071887,0.163838
KCRDK,61,80,2,0.301952,0.079506,0.113641
BA,61,80,16,1.41196,0.878218,0.52661
KCRDK,61,80,1,0.199933,0.050944,0.073173
BA,61,80,2,0.079767,0.013964,0.065699
KCRDK,61,80,1,0.18012,0.048401,0.070407
BA,61,80,3,0.126955,0.028324,0.098454
KCRDK,61,80,1,0.180675,0.048989,0.0704
BA,61,80,7,0.369223,0.132558,0.23614
KCRDK,61,80,1,0.183656,0.050071,0.072279
BA,61,80,3,0.127021,0.028301,0.098545
KCRDK,61,80,1,0.194689,0.048571,0.073077
BA,61,80,2,0.080163,0.014292,0.065771
KCRDK,61,80,1,0.180374,0.048947,0.070459
BA,61,80,8,0.440055,0.170349,0.26909
KCRDK,61,80,1,0.182259,0.049353,0.072028
BA,61,80,4,0.17993,0.048926,0.130744
KCRDK,61,80,3,0.421371,0.110245,0.148743
BA,61,80,4,0.180038,0.048848,0.130931
KCRDK,61,80,6,0.790238,0.202845,0.256883
BA,61,80,7,0.35843,0.128102,0.229801
KCRDK,61,80,1,0.181918,0.051787,0.069414
BA,61,80,3,0.1268,0.02803,0.098587
KCRDK,61,80,2,0.301683,0.07989,0.106874
BA,61,80,4,0.178026,0.0404,0.137344
KCRDK,61,80,2,0.302079,0.080303,0.10718
BA,61,100,4,0.182174,0.050728,0.131182
KCRDK,61,100,1,0.181589,0.049267,0.071219
BA,61,100,4,0.179685,0.047936,0.131488
KCRDK,61,100,2,0.302369,0.078376,0.109202
BA,61,100,13,0.967708,0.538834,0.42785
KCRDK,61,100,1,0.183556,0.049669,0.072808
BA,61,100,4,0.180301,0.048354,0.131691
KCRDK,61,100,2,0.301729,0.07966,0.106908
BA,61,100,2,0.080061,0.014102,0.065859
KCRDK,61,100,1,0.179739,0.048632,0.070118
BA,61,100,19,1.87128,1.24497,0.624749
KCRDK,61,100,1,0.18398,0.049302,0.07337
BA,61,100,3,0.128975,0.030332,0.098468
KCRDK,61,100,1,0.17959,0.048241,0.070237
BA,61,100,3,0.128385,0.029429,0.098778
KCRDK,61,100,2,0.303057,0.079168,0.108757
BA,61,100,7,0.362428,0.126236,0.235679
KCRDK,61,100,1,0.181881,0.049305,0.071158
BA,61,100,15,1.15383,0.653361,0.499269
KCRDK,61,100,1,0.183764,0.049263,0.073402
BA,61,100,4,0.18202,0.050335,0.131426
KCRDK,61,100,1,0.180488,0.048988,0.070349
BA,61,100,18,1.73598,1.12969,0.597393
KCRDK,61,100,1,0.184442,0.049847,0.073831
BA,61,100,12,0.778848,0.377607,0.394191
KCRDK,61,100,1,0.182085,0.049331,0.071962
BA,61,100,6,0.301689,0.10498,0.196289
KCRDK,61,100,1,0.182264,0.049403,0.071273
BA,61,100,2,0.081115,0.014952,0.066065
KCRDK,61,100,1,0.194682,0.049753,0.069026
BA,61,100,3,0.129273,0.03083,0.09828
KCRDK,61,100,2,0.316228,0.079714,0.10743
BA,61,100,14,1.03464,0.569781,0.463772
KCRDK,61,100,1,0.183649,0.049776,0.073068
BA,61,100,12,0.836511,0.440592,0.39498
KCRDK,61,100,1,0.197529,0.049805,0.073114
BA,61,100,4,0.180688,0.043,0.137429
KCRDK,61,100,2,0.302933,0.079498,0.108398
BA,61,100,14,1.06809,0.600092,0.466883
KCRDK,61,100,1,0.185743,0.050024,0.074028
BA,61,100,12,0.848734,0.446801,0.401004
KCRDK,61,100,1,0.183898,0.049986,0.072726
BA,61,100,10,0.602034,0.272492,0.328783
KCRDK,61,100,1,0.183643,0.049831,0.072547
BA,61,100,4,0.179872,0.047986,0.131631
KCRDK,61,100,2,0.3174,0.078556,0.109625
BA,61,100,4,0.180985,0.049072,0.131654
KCRDK,61,100,2,0.301689,0.078494,0.108437
BA,61,100,8,0.441219,0.177641,0.262965
KCRDK,61,100,1,0.198133,0.050298,0.071979
BA,61,100,5,0.239184,0.074591,0.164244
KCRDK,61,100,2,0.317502,0.079685,0.108105
BA,61,100,18,1.68778,1.09462,0.5917
KCRDK,61,100,1,0.199378,0.050088,0.073508
BA,61,100,3,0.128266,0.029896,0.098194
KCRDK,61,100,1,0.179956,0.048484,0.070222
BA,61,100,2,0.079413,0.013809,0.065506
KCRDK,61,100,1,0.180229,0.04894,0.070174
BA,61,100,14,1.0458,0.586285,0.458396
KCRDK,61,100,1,0.199443,0.049788,0.074234
BA,71,0,2,0.10926,0.017685,0.09147
KCRDK,71,0,1,0.241047,0.064095,0.094757
BA,71,0,9,0.65058,0.245844,0.404056
KCRDK,71,0,1,0.261403,0.064247,0.096385
BA,71,0,12,0.987995,0.458631,0.528432
KCRDK,71,0,1,0.245705,0.065716,0.097976
BA,71,0,4,0.231998,0.055799,0.17594
KCRDK,71,0,2,0.401776,0.101584,0.145403
BA,71,0,3,0.165649,0.034034,0.131434
KCRDK,71,0,1,0.257733,0.063038,0.094158
BA,71,0,2,0.106698,0.01886,0.087742
KCRDK,71,0,1,0.23902,0.065217,0.091768
BA,71,0,5,0.297518,0.078219,0.218955
KCRDK,71,0,2,0.447902,0.109907,0.153236
BA,71,0,2,0.111287,0.019156,0.092024
KCRDK,71,0,1,0.275775,0.068113,0.100582
BA,71,0,16,1.58513,0.838745,0.744997
KCRDK,71,0,1,0.24573,0.064887,0.098016
BA,71,0,13,1.1028,0.529025,0.572739
KCRDK,71,0,1,0.261692,0.064019,0.097125
BA,71,0,14,1.25545,0.637212,0.617057
KCRDK,71,0,1,0.261612,0.065606,0.094789
BA,71,0,4,0.233268,0.056882,0.176127
KCRDK,71,0,2,0.403149,0.104369,0.144461
BA,71,0,13,1.1832,0.576788,0.605335
KCRDK,71,0,1,0.244238,0.064616,0.097422
BA,71,0,8,0.532811,0.181774,0.350436
KCRDK,71,0,2,0.410381,0.101764,0.153821
BA,71,0,2,0.104489,0.016781,0.087614
KCRDK,71,0,1,0.237218,0.068333,0.087105
BA,71,0,13,1.12586,0.554265,0.570556
KCRDK,71,0,1,0.261144,0.063919,0.097027
BA,71,0,3,0.166429,0.034961,0.131296
KCRDK,71,0,2,0.401956,0.105129,0.142742
BA,71,0,18,1.87869,1.08457,0.792654
KCRDK,71,0,1,0.260941,0.066867,0.094101
BA,71,0,18,1.85265,1.04093,0.800785
KCRDK,71,0,1,0.244439,0.063951,0.098675
BA,71,0,3,0.164332,0.032784,0.131356
KCRDK,71,0,2,0.401493,0.102856,0.144544
BA,71,0,4,0.233789,0.05811,0.175415
KCRDK,71,0,1,0.266809,0.065123,0.094604
BA,71,0,2,0.104758,0.017167,0.087494
KCRDK,71,0,1,0.239601,0.062979,0.09432
BA,71,0,8,0.539239,0.179597,0.35904
KCRDK,71,0,1,0.255491,0.063498,0.104117
BA,71,0,14,1.27839,0.6558,0.621469
KCRDK,71,0,1,0.241402,0.065112,0.094366
BA,71,0,8,0.54444,0.185346,0.35851
KCRDK,71,0,2,0.403413,0.103187,0.145517
BA,71,0,7,0.453159,0.136184,0.316464
KCRDK,71,0,1,0.242442,0.064307,0.09616
BA,71,0,11,0.828003,0.342615,0.484517
KCRDK,71,0,1,0.243538,0.064166,0.097182
BA,71,0,3,0.168071,0.035963,0.131929
KCRDK,71,0,2,0.402569,0.102288,0.145616
BA,71,0,3,0.168362,0.036126,0.13205
KCRDK,71,0,2,0.403746,0.10237,0.146436
BA,71,0,13,1.12638,0.553594,0.571735
KCRDK,71,0,1,0.263275,0.066095,0.096812
BA,71,20,5,0.303262,0.082665,0.220271
KCRDK,71,20,2,0.402358,0.101886,0.145955
BA,71,20,12,0.98125,0.452812,0.527493
KCRDK,71,20,1,0.244777,0.064151,0.098087
BA,71,20,2,0.104971,0.017235,0.087641
KCRDK,71,20,1,0.25939,0.063464,0.095161
BA,71,20,3,0.165537,0.03395,0.1314
KCRDK,71,20,2,0.450116,0.109685,0.155075
BA,71,20,4,0.242892,0.058942,0.183678
KCRDK,71,20,2,0.400498,0.101398,0.145397
BA,71,20,4,0.240968,0.057137,0.183567
KCRDK,71,20,1,0.248558,0.064218,0.10105
BA,71,20,3,0.166494,0.034141,0.132172
KCRDK,71,20,1,0.239579,0.063068,0.094729
BA,71,20,8,0.537577,0.185652,0.351314
KCRDK,71,20,1,0.242031,0.063783,0.096447
BA,71,20,5,0.302462,0.083234,0.218884
KCRDK,71,20,5,0.913714,0.225108,0.29802
BA,71,20,11,0.887762,0.394346,0.484333
KCRDK,71,20,1,0.243954,0.064319,0.097298
BA,71,20,3,0.167313,0.035219,0.13191
KCRDK,71,20,2,0.403386,0.101961,0.146345
BA,71,20,3,0.164367,0.024482,0.139711
KCRDK,71,20,1,0.258652,0.063625,0.094526
BA,71,20,17,1.6376,0.890918,0.745312
KCRDK,71,20,1,0.268425,0.067096,0.10117
BA,71,20,7,0.458055,0.142582,0.314965
KCRDK,71,20,1,0.238885,0.067117,0.089608
BA,71,20,2,0.118679,0.008299,0.110282
KCRDK,71,20,1,0.280728,0.069137,0.101416
BA,71,20,12,1.04393,0.478926,0.563975
KCRDK,71,20,1,0.263389,0.064888,0.097461
BA,71,20,16,1.57188,0.869522,0.701048
KCRDK,71,20,1,0.26134,0.063691,0.097298
BA,71,20,4,0.231805,0.056383,0.17516
KCRDK,71,20,1,0.241027,0.063616,0.095453
BA,71,20,2,0.104019,0.016184,0.087737
KCRDK,71,20,1,0.257567,0.062857,0.094298
BA,71,20,11,0.827383,0.344023,0.482488
KCRDK,71,20,1,0.261773,0.063962,0.096516
BA,71,20,12,0.984345,0.457482,0.525896
KCRDK,71,20,1,0.261508,0.064481,0.096319
BA,71,20,2,0.104622,0.016901,0.087621
KCRDK,71,20,1,0.241345,0.066215,0.091997
BA,71,20,2,0.104729,0.016979,0.087655
KCRDK,71,20,1,0.240713,0.0637,0.095073
BA,71,20,4,0.228288,0.036534,0.191496
KCRDK,71,20,2,0.420314,0.102547,0.153167
BA,71,20,19,2.35105,1.5173,0.832223
KCRDK,71,20,1,0.24356,0.063738,0.097799
BA,71,20,3,0.166083,0.034605,0.131288
KCRDK,71,20,2,0.402895,0.105948,0.142628
BA,71,20,3,0.166865,0.026328,0.140362
KCRDK,71,20,2,0.402961,0.10212,0.146079
BA,71,20,14,1.20676,0.589987,0.615654
KCRDK,71,20,1,0.261527,0.064339,0.097192
BA,71,20,3,0.164686,0.033116,0.131393
KCRDK,71,20,2,0.421373,0.102525,0.145121
BA,71,20,5,0.299253,0.079532,0.21938
KCRDK,71,20,3,0.564006,0.141897,0.196042
BA,71,40,3,0.167816,0.036151,0.131488
KCRDK,71,40,1,0.240354,0.063345,0.094854
BA,71,40,2,0.10459,0.016896,0.087592
KCRDK,71,40,1,0.257246,0.066183,0.090603
BA,71,40,14,1.18328,0.560458,0.621693
KCRDK,71,40,1,0.244951,0.064546,0.098362
BA,71,40,11,0.85051,0.367873,0.481775
KCRDK,71,40,1,0.262629,0.064644,0.09735
BA,71,40,7,0.448097,0.139836,0.307751
KCRDK,71,40,2,0.427828,0.111006,0.153474
BA,71,40,3,0.177221,0.037684,0.139328
KCRDK,71,40,1,0.249082,0.063721,0.103102
BA,71,40,14,1.21361,0.595898,0.616558
KCRDK,71,40,1,0.260548,0.063931,0.096353
BA,71,40,2,0.105271,0.017403,0.087768
KCRDK,71,40,1,0.24229,0.064092,0.095571
BA,71,40,10,0.758063,0.310136,0.438836
KCRDK,71,40,1,0.2455,0.064888,0.096771
BA,71,40,5,0.302385,0.082371,0.219659
KCRDK,71,40,4,0.728756,0.183419,0.254815
BA,71,40,19,2.09467,1.25916,0.833946
KCRDK,71,40,1,0.24549,0.064103,0.099444
BA,71,40,2,0.104608,0.016657,0.087851
KCRDK,71,40,1,0.242454,0.064145,0.099676
BA,71,40,12,0.96982,0.43909,0.529736
KCRDK,71,40,1,0.243083,0.067278,0.093558
BA,71,40,3,0.167518,0.035331,0.132002
KCRDK,71,40,2,0.403221,0.10252,0.145608
BA,71,40,13,1.10414,0.530732,0.572362
KCRDK,71,40,1,0.262369,0.064641,0.096951
BA,71,40,12,0.946937,0.418221,0.527758
KCRDK,71,40,1,0.263391,0.065887,0.096609
BA,71,40,11,0.848507,0.363558,0.484084
KCRDK,71,40,1,0.244568,0.064337,0.09788
BA,71,40,5,0.301151,0.080806,0.219986
KCRDK,71,40,3,0.565711,0.144219,0.194457
BA,71,40,10,0.722167,0.280904,0.440468
KCRDK,71,40,1,0.244295,0.068665,0.093511
BA,71,40,12,0.99537,0.457696,0.536712
KCRDK,71,40,1,0.242967,0.063961,0.096808
BA,71,40,13,1.05305,0.481635,0.570361
KCRDK,71,40,1,0.261515,0.06431,0.096723
BA,71,40,2,0.104125,0.016304,0.087725
KCRDK,71,40,1,0.281469,0.068826,0.102841
BA,71,40,3,0.180316,0.030148,0.14996
KCRDK,71,40,1,0.240252,0.063677,0.094684
BA,71,40,15,1.35168,0.68363,0.666836
KCRDK,71,40,1,0.243874,0.064374,0.097393
BA,71,40,4,0.232396,0.056873,0.175261
KCRDK,71,40,2,0.419983,0.105618,0.141551
BA,71,40,3,0.16632,0.034521,0.131621
KCRDK,71,40,1,0.260605,0.063903,0.095267
BA,71,40,15,1.40861,0.738186,0.669193
KCRDK,71,40,1,0.245371,0.064926,0.097925
BA,71,40,7,0.459257,0.15026,0.308464
KCRDK,71,40,1,0.2607,0.069311,0.090193
BA,71,40,14,1.21916,0.593828,0.624169
KCRDK,71,40,1,0.263231,0.067626,0.094095
BA,71,40,16,1.58151,0.828092,0.752018
KCRDK,71,40,1,0.244299,0.064615,0.09757
BA,71,60,10,0.768638,0.304977,0.462803
KCRDK,71,60,1,0.260679,0.064008,0.095943
BA,71,60,3,0.16709,0.034489,0.1324
KCRDK,71,60,1,0.260972,0.0706,0.087823
BA,71,60,15,1.45111,0.789256,0.66062
KCRDK,71,60,1,0.244734,0.064278,0.098334
BA,71,60,5,0.306835,0.084899,0.221594
KCRDK,71,60,1,0.25968,0.064841,0.093722
BA,71,60,13,1.08841,0.514138,0.573232
KCRDK,71,60,1,0.245026,0.064656,0.098039
BA,71,60,3,0.167633,0.034979,0.132465
KCRDK,71,60,2,0.404368,0.103182,0.14668
BA,71,60,10,0.77316,0.331799,0.440589
KCRDK,71,60,1,0.244189,0.064858,0.097296
BA,71,60,4,0.229573,0.053862,0.17543
KCRDK,71,60,2,0.428233,0.103657,0.152173
BA,71,60,17,1.67552,0.920221,0.753908
KCRDK,71,60,1,0.26119,0.064188,0.096251
BA,71,60,15,1.44203,0.77163,0.660965
KCRDK,71,60,1,0.246761,0.065317,0.099024
BA,71,60,3,0.167565,0.035114,0.132257
KCRDK,71,60,1,0.25852,0.063619,0.094088
BA,71,60,11,0.836771,0.344919,0.490992
KCRDK,71,60,1,0.244014,0.06798,0.094051
BA,71,60,3,0.166031,0.03423,0.131627
KCRDK,71,60,2,0.430422,0.111529,0.15569
BA,71,60,12,1.03569,0.481005,0.553717
KCRDK,71,60,1,0.244471,0.064745,0.097318
BA,71,60,18,2.01588,1.20535,0.80902
KCRDK,71,60,1,0.245174,0.064652,0.098189
BA,71,60,16,1.57203,0.857611,0.713107
KCRDK,71,60,1,0.245748,0.064984,0.098246
BA,71,60,4,0.233922,0.057397,0.176255
KCRDK,71,60,2,0.424585,0.103582,0.147119
BA,71,60,4,0.234222,0.057756,0.1762
KCRDK,71,60,2,0.419659,0.101638,0.14538
BA,71,60,16,1.63263,0.929535,0.701766
KCRDK,71,60,1,0.263428,0.064385,0.09794
BA,71,60,10,0.739324,0.29991,0.438644
KCRDK,71,60,1,0.245688,0.068042,0.093713
BA,71,60,14,1.20075,0.573532,0.626101
KCRDK,71,60,1,0.257999,0.068865,0.102816
BA,71,60,15,1.41488,0.723531,0.690104
KCRDK,71,60,1,0.264455,0.064861,0.097848
BA,71,60,8,0.54461,0.185075,0.358941
KCRDK,71,60,1,0.241819,0.064058,0.095748
BA,71,60,3,0.166537,0.034671,0.131683
KCRDK,71,60,2,0.402272,0.102682,0.145296
BA,71,60,16,1.56051,0.857738,0.701459
KCRDK,71,60,1,0.246135,0.064265,0.09943
BA,71,60,14,1.28766,0.660936,0.62554
KCRDK,71,60,1,0.244363,0.064669,0.096896
BA,71,60,2,0.105238,0.017098,0.088041
KCRDK,71,60,1,0.242674,0.064178,0.095251
BA,71,60,13,1.11271,0.538947,0.572731
KCRDK,71,60,1,0.262321,0.064197,0.097029
BA,71,60,3,0.167099,0.035216,0.13168
KCRDK,71,60,2,0.405756,0.107211,0.143123
BA,71,60,18,1.95963,1.16523,0.792899
KCRDK,71,60,1,0.262492,0.064121,0.097871
BA,71,80,5,0.298881,0.079409,0.219122
KCRDK,71,80,1,0.242109,0.06392,0.095729
BA,71,80,3,0.16937,0.037186,0.132002
KCRDK,71,80,2,0.404082,0.103623,0.146101
BA,71,80,3,0.166515,0.034137,0.132194
KCRDK,71,80,1,0.240669,0.064055,0.094375
BA,71,80,3,0.166351,0.034659,0.131501
KCRDK,71,80,2,0.400994,0.102112,0.144767
BA,71,80,3,0.165297,0.025186,0.139937
KCRDK,71,80,2,0.402285,0.10661,0.140838
BA,71,80,5,0.305123,0.08514,0.21964
KCRDK,71,80,2,0.421774,0.103067,0.146009
BA,71,80,2,0.103571,0.015917,0.08756
KCRDK,71,80,1,0.241198,0.063829,0.09516
BA,71,80,11,0.869628,0.37757,0.491179
KCRDK,71,80,1,0.244632,0.064608,0.101593
BA,71,80,2,0.104698,0.016717,0.087885
KCRDK,71,80,1,0.259319,0.066155,0.091908
BA,71,80,2,0.104226,0.01641,0.08772
KCRDK,71,80,1,0.240058,0.063078,0.094997
BA,71,80,12,0.973282,0.437047,0.535282
KCRDK,71,80,1,0.244229,0.064197,0.097649
BA,71,80,3,0.170025,0.038103,0.131741
KCRDK,71,80,1,0.240411,0.0642,0.094195
BA,71,80,6,0.376391,0.112582,0.263381
KCRDK,71,80,1,0.243231,0.064313,0.096525
BA,71,80,5,0.30223,0.082225,0.21966
KCRDK,71,80,2,0.428816,0.113335,0.151693
BA,71,80,17,1.78389,0.997003,0.776201
KCRDK,71,80,1,0.244121,0.067211,0.094331
BA,71,80,4,0.231319,0.054816,0.176239
KCRDK,71,80,2,0.403557,0.102676,0.146153
BA,71,80,3,0.165579,0.03333,0.132076
KCRDK,71,80,2,0.421969,0.103272,0.14539
BA,71,80,4,0.231939,0.055753,0.175924
KCRDK,71,80,2,0.405404,0.10282,0.146696
BA,71,80,2,0.106455,0.018562,0.087795
KCRDK,71,80,1,0.258819,0.063283,0.094525
BA,71,80,3,0.167115,0.035153,0.131784
KCRDK,71,80,1,0.258596,0.063087,0.095185
BA,71,80,4,0.230469,0.054655,0.175557
KCRDK,71,80,2,0.401513,0.10183,0.145665
BA,71,80,3,0.164463,0.032902,0.131385
KCRDK,71,80,2,0.402559,0.102788,0.145544
BA,71,80,10,0.739238,0.299313,0.439131
KCRDK,71,80,1,0.243699,0.064672,0.096778
BA,71,80,4,0.233508,0.057945,0.175302
KCRDK,71,80,1,0.258804,0.063667,0.094503
BA,71,80,2,0.104813,0.017017,0.087688
KCRDK,71,80,1,0.240456,0.063863,0.094589
BA,71,80,4,0.235256,0.059425,0.175569
KCRDK,71,80,2,0.421061,0.102996,0.144989
BA,71,80,16,1.63504,0.930977,0.702755
KCRDK,71,80,1,0.244052,0.064269,0.097525
BA,71,80,19,5.40628,4.56194,0.834805
KCRDK,71,80,1,0.244308,0.06491,0.097507
BA,71,80,3,0.166897,0.035148,0.131575
KCRDK,71,80,2,0.402326,0.102417,0.154032
BA,71,80,2,0.103216,0.007392,0.095732
KCRDK,71,80,1,0.257377,0.068708,0.101828
BA,71,100,9,0.65897,0.241593,0.416663
KCRDK,71,100,1,0.262991,0.064402,0.097366
BA,71,100,18,1.99623,1.1846,0.793264
KCRDK,71,100,1,0.245998,0.065038,0.098606
BA,71,100,3,0.166388,0.034049,0.132154
KCRDK,71,100,2,0.422874,0.102654,0.146516
BA,71,100,4,0.234906,0.05917,0.175474
KCRDK,71,100,2,0.403255,0.103329,0.145656
BA,71,100,4,0.230199,0.054626,0.175307
KCRDK,71,100,2,0.422657,0.104414,0.145544
BA,71,100,5,0.30507,0.08524,0.219484
KCRDK,71,100,2,0.420543,0.102442,0.145148
BA,71,100,2,0.104702,0.016713,0.087895
KCRDK,71,100,1,0.240195,0.066043,0.091703
BA,71,100,4,0.233525,0.057585,0.175683
KCRDK,71,100,2,0.405297,0.106128,0.144186
BA,71,100,2,0.105119,0.017076,0.087942
KCRDK,71,100,1,0.241699,0.063764,0.095353
BA,71,100,14,1.25999,0.642331,0.616513
KCRDK,71,100,1,0.244912,0.064769,0.097858
BA,71,100,14,1.28886,0.653939,0.625348
KCRDK,71,100,1,0.264507,0.064868,0.098232
BA,71,100,2,0.106137,0.017987,0.088049
KCRDK,71,100,1,0.241281,0.063454,0.095251
BA,71,100,15,1.42333,0.760222,0.661854
KCRDK,71,100,1,0.264862,0.064593,0.098504
BA,71,100,21,2.57533,1.64763,0.925949
KCRDK,71,100,1,0.245396,0.06489,0.098232
BA,71,100,2,0.105321,0.017154,0.088068
KCRDK,71,100,1,0.242503,0.06369,0.096059
BA,71,100,4,0.232781,0.056295,0.176225
KCRDK,71,100,2,0.421721,0.103545,0.144929
BA,71,100,8,0.557746,0.206166,0.350964
KCRDK,71,100,2,0.403046,0.103157,0.145625
BA,71,100,3,0.166803,0.026583,0.140052
KCRDK,71,100,1,0.278105,0.068431,0.101309
BA,71,100,14,1.3027,0.649378,0.652124
KCRDK,71,100,1,0.264198,0.065304,0.097555
BA,71,100,3,0.169775,0.037165,0.132433
KCRDK,71,100,2,0.422499,0.104119,0.145469
BA,71,100,13,1.10705,0.519959,0.571682
KCRDK,71,100,1,0.244062,0.064608,0.097321
BA,71,100,6,0.381321,0.117062,0.263815
KCRDK,71,100,1,0.242923,0.064296,0.09656
BA,71,100,13,1.08466,0.510037,0.573578
KCRDK,71,100,1,0.262799,0.064305,0.097884
BA,71,100,2,0.104621,0.016793,0.087729
KCRDK,71,100,1,0.258803,0.064248,0.094082
BA,71,100,15,1.44454,0.784728,0.658597
KCRDK,71,100,1,0.261661,0.064164,0.097147
BA,71,100,2,0.104864,0.01698,0.087785
KCRDK,71,100,1,0.258296,0.063247,0.094347
BA,71,100,13,1.11804,0.546477,0.570509
KCRDK,71,100,1,0.244242,0.064931,0.097386
BA,71,100,13,1.15411,0.582604,0.570485
KCRDK,71,100,1,0.24338,0.064669,0.096551
BA,71,100,15,1.41635,0.757016,0.658132
KCRDK,71,100,1,0.262198,0.064022,0.097555
BA,71,100,2,0.104891,0.01708,0.087713
KCRDK,71,100,1,0.240485,0.063585,0.094851
BA,81,0,3,0.209549,0.040519,0.168851
KCRDK,81,0,1,0.316024,0.079775,0.12129
BA,81,0,3,0.209137,0.039962,0.168991
KCRDK,81,0,1,0.329662,0.078856,0.12192
BA,81,0,14,1.47149,0.682611,0.78776
KCRDK,81,0,1,0.309207,0.079586,0.124128
BA,81,0,11,0.979242,0.359947,0.618425
KCRDK,81,0,1,0.307764,0.084032,0.118434
BA,81,0,14,1.43076,0.642733,0.786896
KCRDK,81,0,1,0.307813,0.082716,0.119468
BA,81,0,11,1.02888,0.409348,0.618668
KCRDK,81,0,1,0.329288,0.086716,0.130872
BA,81,0,16,1.89332,0.942553,0.949401
KCRDK,81,0,1,0.333786,0.08452,0.120626
BA,81,0,4,0.29015,0.06398,0.225907
KCRDK,81,0,2,0.566626,0.135371,0.197734
BA,81,0,20,2.82405,1.64726,1.17509
KCRDK,81,0,1,0.359143,0.08511,0.133097
BA,81,0,2,0.133553,0.020541,0.112911
KCRDK,81,0,1,0.308458,0.079201,0.122094
BA,81,0,8,0.704979,0.230148,0.47417
KCRDK,81,0,1,0.331359,0.079653,0.124269
BA,81,0,13,1.26854,0.533395,0.734094
KCRDK,81,0,1,0.342208,0.081273,0.124917
BA,81,0,23,11.3785,10.0613,1.31534
KCRDK,81,0,1,0.366489,0.087112,0.134391
BA,81,0,5,0.390151,0.093751,0.296021
KCRDK,81,0,1,0.348058,0.085243,0.128225
BA,81,0,4,0.305302,0.069756,0.235284
KCRDK,81,0,2,0.544813,0.128662,0.188329
BA,81,0,3,0.211769,0.039211,0.172371
KCRDK,81,0,1,0.315762,0.079004,0.121473
BA,81,0,9,0.77508,0.262355,0.512007
KCRDK,81,0,1,0.36226,0.08774,0.131066
BA,81,0,7,0.614282,0.200734,0.41301
KCRDK,81,0,1,0.361635,0.0876,0.130906
BA,81,0,19,6.60541,5.47208,1.13171
KCRDK,81,0,1,0.337698,0.085128,0.13249
BA,81,0,7,0.566915,0.171085,0.395283
KCRDK,81,0,5,1.16487,0.262446,0.392062
BA,81,0,3,0.208361,0.038699,0.169482
KCRDK,81,0,1,0.306691,0.078319,0.122359
BA,81,0,2,0.134248,0.021101,0.113039
KCRDK,81,0,1,0.335166,0.078859,0.122137
BA,81,0,2,0.139043,0.020873,0.11807
KCRDK,81,0,1,0.32331,0.083946,0.128605
BA,81,0,2,0.139393,0.021629,0.117662
KCRDK,81,0,1,0.334839,0.08078,0.122371
BA,81,0,4,0.289912,0.061018,0.228616
KCRDK,81,0,2,0.53028,0.127937,0.193992
BA,81,0,5,0.372774,0.07947,0.292954
KCRDK,81,0,2,0.521443,0.124623,0.193085
BA,81,0,10,0.878995,0.311442,0.566748
KCRDK,81,0,1,0.32754,0.084961,0.131437
BA,81,0,10,0.935796,0.343855,0.591132
KCRDK,81,0,1,0.33142,0.08463,0.118488
BA,81,0,11,1.04392,0.421454,0.621584
KCRDK,81,0,1,0.311412,0.079041,0.124032
BA,81,0,11,0.996836,0.37644,0.619526
KCRDK,81,0,1,0.307994,0.083768,0.119076
BA,81,20,7,0.562971,0.148109,0.414334
KCRDK,81,20,1,0.306047,0.079078,0.121476
BA,81,20,14,1.4511,0.65129,0.788689
KCRDK,81,20,1,0.331517,0.081921,0.121137
BA,81,20,11,1.00522,0.37183,0.632519
KCRDK,81,20,1,0.309236,0.079549,0.124295
BA,81,20,4,0.288706,0.063078,0.225354
KCRDK,81,20,2,0.510978,0.127607,0.185765
BA,81,20,2,0.13193,0.019308,0.112522
KCRDK,81,20,1,0.305495,0.078481,0.121129
BA,81,20,14,1.45808,0.658241,0.798694
KCRDK,81,20,1,0.310104,0.080211,0.124463
BA,81,20,3,0.209663,0.0405,0.168968
KCRDK,81,20,2,0.542092,0.137444,0.196745
BA,81,20,6,0.484133,0.130378,0.353301
KCRDK,81,20,4,0.948638,0.217948,0.319009
BA,81,20,9,0.778551,0.269054,0.508796
KCRDK,81,20,1,0.310225,0.079838,0.124647
BA,81,20,12,1.15164,0.459001,0.691653
KCRDK,81,20,1,0.310443,0.079761,0.125111
BA,81,20,17,2.02272,1.0603,0.961006
KCRDK,81,20,1,0.309737,0.079668,0.124274
BA,81,20,14,1.45194,0.659317,0.791463
KCRDK,81,20,1,0.310768,0.080052,0.125047
BA,81,20,10,0.898531,0.311243,0.57626
KCRDK,81,20,1,0.309184,0.079794,0.123733
BA,81,20,12,1.16283,0.483385,0.67846
KCRDK,81,20,1,0.311787,0.079894,0.125584
BA,81,20,3,0.209961,0.030302,0.179477
KCRDK,81,20,2,0.534196,0.122473,0.186724
BA,81,20,4,0.290613,0.054059,0.23627
KCRDK,81,20,2,0.512798,0.1278,0.197063
BA,81,20,22,5.69794,4.45291,1.24319
KCRDK,81,20,1,0.308901,0.081462,0.122449
BA,81,20,7,0.559223,0.165005,0.393688
KCRDK,81,20,1,0.32723,0.078614,0.120949
BA,81,20,14,1.44542,0.656304,0.78799
KCRDK,81,20,1,0.308489,0.079622,0.123601
BA,81,20,4,0.288235,0.062846,0.225123
KCRDK,81,20,2,0.54194,0.123156,0.194907
BA,81,20,4,0.288445,0.062885,0.225295
KCRDK,81,20,2,0.511362,0.12963,0.184125
BA,81,20,12,1.1406,0.453675,0.685953
KCRDK,81,20,1,0.309095,0.075771,0.124289
BA,81,20,3,0.207023,0.027516,0.179337
KCRDK,81,20,2,0.50997,0.131713,0.180846
BA,81,20,11,1.03069,0.400504,0.629308
KCRDK,81,20,1,0.309136,0.079882,0.123871
BA,81,20,4,0.29006,0.054322,0.235469
KCRDK,81,20,1,0.306338,0.079324,0.12156
BA,81,20,8,0.657113,0.205775,0.450733
KCRDK,81,20,2,0.512368,0.128331,0.186652
BA,81,20,3,0.206841,0.037773,0.168887
KCRDK,81,20,1,0.305759,0.078989,0.121427
BA,81,20,2,0.132588,0.01982,0.112664
KCRDK,81,20,1,0.30595,0.081874,0.118287
BA,81,20,3,0.209651,0.040627,0.168835
KCRDK,81,20,1,0.329613,0.078944,0.122091
BA,81,20,10,0.887429,0.320973,0.565633
KCRDK,81,20,1,0.311252,0.080457,0.125043
BA,81,40,9,0.774309,0.264237,0.509337
KCRDK,81,40,1,0.332008,0.080156,0.123761
BA,81,40,15,1.65199,0.802416,0.848331
KCRDK,81,40,1,0.335035,0.080529,0.125194
BA,81,40,12,1.13301,0.453535,0.678503
KCRDK,81,40,1,0.30912,0.079817,0.124012
BA,81,40,4,0.28533,0.049728,0.235341
KCRDK,81,40,2,0.532983,0.122421,0.186656
BA,81,40,16,1.75248,0.839436,0.911742
KCRDK,81,40,1,0.309414,0.080058,0.124014
BA,81,40,17,1.93522,0.969252,0.957968
KCRDK,81,40,1,0.311034,0.079799,0.125887
BA,81,40,12,1.14812,0.460924,0.68622
KCRDK,81,40,1,0.310452,0.08014,0.124609
BA,81,40,2,0.132448,0.01934,0.113009
KCRDK,81,40,1,0.328433,0.079121,0.121648
BA,81,40,2,0.13157,0.018872,0.112592
KCRDK,81,40,1,0.328535,0.079088,0.121774
BA,81,40,3,0.209237,0.039825,0.169205
KCRDK,81,40,1,0.328579,0.081274,0.119709
BA,81,40,3,0.206593,0.037303,0.169106
KCRDK,81,40,1,0.329009,0.079195,0.121592
BA,81,40,17,1.97254,1.01356,0.957584
KCRDK,81,40,1,0.318932,0.079732,0.125109
BA,81,40,12,1.14475,0.456488,0.677159
KCRDK,81,40,1,0.318798,0.079643,0.124187
BA,81,40,4,0.288608,0.063051,0.225282
KCRDK,81,40,2,0.533332,0.126786,0.186807
BA,81,40,8,0.656518,0.194748,0.461167
KCRDK,81,40,1,0.309441,0.083588,0.11803
BA,81,40,2,0.131706,0.018995,0.112595
KCRDK,81,40,1,0.328128,0.080865,0.119498
BA,81,40,3,0.211222,0.041817,0.169221
KCRDK,81,40,2,0.512642,0.127439,0.187186
BA,81,40,3,0.208831,0.039584,0.169063
KCRDK,81,40,2,0.542372,0.133718,0.196849
BA,81,40,5,0.379721,0.096309,0.283045
KCRDK,81,40,2,0.534092,0.128866,0.185143
BA,81,40,2,0.132087,0.019037,0.112953
KCRDK,81,40,1,0.328008,0.081993,0.11645
BA,81,40,4,0.289316,0.062856,0.226196
KCRDK,81,40,2,0.535523,0.128588,0.186391
BA,81,40,5,0.373302,0.09037,0.282574
KCRDK,81,40,2,0.546682,0.131147,0.185742
BA,81,40,3,0.211316,0.029428,0.181708
KCRDK,81,40,1,0.33469,0.079731,0.122664
BA,81,40,2,0.143148,0.020048,0.122986
KCRDK,81,40,1,0.307455,0.079845,0.121637
BA,81,40,4,0.287038,0.051077,0.235693
KCRDK,81,40,2,0.516669,0.128602,0.187314
BA,81,40,13,1.29641,0.562294,0.73307
KCRDK,81,40,1,0.310362,0.079885,0.124646
BA,81,40,7,0.57653,0.18135,0.394642
KCRDK,81,40,1,0.306208,0.083475,0.116822
BA,81,40,12,1.16791,0.491054,0.675872
KCRDK,81,40,1,0.356007,0.085763,0.13192
BA,81,40,4,0.304923,0.065211,0.239428
KCRDK,81,40,2,0.537475,0.131469,0.184878
BA,81,40,15,1.5862,0.735057,0.84991
KCRDK,81,40,1,0.311716,0.079828,0.126074
BA,81,60,8,0.662387,0.209513,0.452217
KCRDK,81,60,1,0.308156,0.08218,0.120327
BA,81,60,4,0.288727,0.062817,0.225657
KCRDK,81,60,2,0.51324,0.128866,0.18684
BA,81,60,3,0.208754,0.028963,0.179591
KCRDK,81,60,1,0.30681,0.079553,0.121796
BA,81,60,3,0.209104,0.040035,0.168887
KCRDK,81,60,1,0.317338,0.079716,0.131868
BA,81,60,3,0.20915,0.039757,0.169216
KCRDK,81,60,2,0.550613,0.124919,0.20069
BA,81,60,13,1.29434,0.548039,0.735
KCRDK,81,60,1,0.310802,0.079259,0.123404
BA,81,60,10,0.886617,0.322689,0.563141
KCRDK,81,60,1,0.308946,0.081022,0.122712
BA,81,60,7,0.555648,0.150702,0.404423
KCRDK,81,60,1,0.309657,0.079966,0.124311
BA,81,60,3,0.206793,0.037828,0.168782
KCRDK,81,60,2,0.533964,0.126719,0.196922
BA,81,60,2,0.131586,0.018963,0.112523
KCRDK,81,60,1,0.305834,0.079261,0.121033
BA,81,60,16,1.86834,0.965524,0.901462
KCRDK,81,60,1,0.309702,0.079509,0.124702
BA,81,60,2,0.132539,0.019713,0.112726
KCRDK,81,60,1,0.306004,0.078843,0.121461
BA,81,60,10,0.881311,0.306813,0.573711
KCRDK,81,60,1,0.331421,0.079619,0.123246
BA,81,60,3,0.208108,0.038764,0.169164
KCRDK,81,60,2,0.511578,0.127255,0.186443
BA,81,60,11,1.01263,0.39166,0.620094
KCRDK,81,60,1,0.33302,0.079791,0.124937
BA,81,60,5,0.373236,0.080819,0.29208
KCRDK,81,60,2,0.514184,0.127357,0.197711
BA,81,60,11,0.99175,0.370473,0.620417
KCRDK,81,60,1,0.309319,0.079418,0.124413
BA,81,60,12,1.13264,0.455492,0.676177
KCRDK,81,60,1,0.331761,0.079575,0.123917
BA,81,60,2,0.132015,0.019261,0.11266
KCRDK,81,60,1,0.305811,0.081173,0.119288
BA,81,60,17,1.88384,0.911714,0.970727
KCRDK,81,60,1,0.309486,0.084744,0.119252
BA,81,60,12,1.096,0.405992,0.678989
KCRDK,81,60,1,0.331542,0.079438,0.124535
BA,81,60,7,0.542487,0.147595,0.394389
KCRDK,81,60,2,0.534303,0.127174,0.187233
BA,81,60,3,0.207826,0.028132,0.17952
KCRDK,81,60,1,0.306783,0.078787,0.122279
BA,81,60,2,0.131296,0.007784,0.12342
KCRDK,81,60,1,0.305616,0.07898,0.121218
BA,81,60,2,0.132426,0.019983,0.112345
KCRDK,81,60,1,0.305297,0.078663,0.121296
BA,81,60,8,0.654099,0.193329,0.460162
KCRDK,81,60,1,0.332336,0.080226,0.124128
BA,81,60,12,1.20377,0.495195,0.707558
KCRDK,81,60,1,0.333774,0.080679,0.124647
BA,81,60,8,0.668387,0.215754,0.452013
KCRDK,81,60,1,0.332377,0.079909,0.12422
BA,81,60,3,0.208564,0.038934,0.169454
KCRDK,81,60,1,0.306245,0.080039,0.120815
BA,81,60,11,1.03687,0.415982,0.619997
KCRDK,81,60,1,0.334703,0.079719,0.12416
BA,81,80,2,0.132253,0.019342,0.112814
KCRDK,81,80,1,0.34009,0.079415,0.132475
BA,81,80,16,1.7679,0.861227,0.905343
KCRDK,81,80,1,0.333127,0.080301,0.124666
BA,81,80,15,1.62738,0.77732,0.848827
KCRDK,81,80,1,0.333204,0.079905,0.12469
BA,81,80,14,1.44811,0.657874,0.78906
KCRDK,81,80,1,0.309684,0.079378,0.124907
BA,81,80,4,0.287579,0.061817,0.225494
KCRDK,81,80,2,0.514514,0.127255,0.188781
BA,81,80,2,0.132141,0.018864,0.113177
KCRDK,81,80,1,0.329117,0.079187,0.122176
BA,81,80,7,0.558852,0.163523,0.394793
KCRDK,81,80,1,0.333923,0.079982,0.123958
BA,81,80,4,0.288381,0.062808,0.225306
KCRDK,81,80,1,0.307743,0.079383,0.122095
BA,81,80,2,0.132927,0.019797,0.113021
KCRDK,81,80,1,0.33078,0.079604,0.122117
BA,81,80,4,0.295767,0.068011,0.227469
KCRDK,81,80,2,0.53297,0.129437,0.193696
BA,81,80,2,0.142815,0.020022,0.122689
KCRDK,81,80,1,0.306609,0.079147,0.121928
BA,81,80,13,1.28678,0.542964,0.732554
KCRDK,81,80,1,0.31253,0.079556,0.124042
BA,81,80,3,0.208366,0.039212,0.168975
KCRDK,81,80,2,0.512128,0.126912,0.187271
BA,81,80,2,0.131044,0.008083,0.122867
KCRDK,81,80,1,0.328823,0.078789,0.121927
BA,81,80,17,1.96948,1.00639,0.961696
KCRDK,81,80,1,0.310077,0.079496,0.125364
BA,81,80,7,0.551612,0.156639,0.394434
KCRDK,81,80,1,0.331649,0.080262,0.122401
BA,81,80,3,0.208371,0.039228,0.168966
KCRDK,81,80,2,0.554573,0.140406,0.201053
BA,81,80,2,0.132289,0.018896,0.113297
KCRDK,81,80,1,0.306657,0.079484,0.121703
BA,81,80,9,0.776319,0.267864,0.507749
KCRDK,81,80,1,0.331469,0.08014,0.123893
BA,81,80,4,0.288639,0.060658,0.227721
KCRDK,81,80,3,0.740275,0.170384,0.252932
BA,81,80,12,1.14457,0.465241,0.678374
KCRDK,81,80,1,0.332014,0.083148,0.120431
BA,81,80,4,0.288771,0.062935,0.225568
KCRDK,81,80,2,0.536383,0.127516,0.187846
BA,81,80,3,0.2101,0.040864,0.169061
KCRDK,81,80,1,0.328812,0.079374,0.121446
BA,81,80,3,0.206378,0.026928,0.179259
KCRDK,81,80,2,0.535903,0.127528,0.187475
BA,81,80,8,0.660485,0.208114,0.451736
KCRDK,81,80,1,0.309347,0.079965,0.123861
BA,81,80,5,0.369777,0.067212,0.302212
KCRDK,81,80,2,0.513994,0.122741,0.187386
BA,81,80,6,0.461389,0.122667,0.338282
KCRDK,81,80,1,0.308637,0.080342,0.122752
BA,81,80,7,0.556506,0.161334,0.394634
KCRDK,81,80,1,0.328319,0.079056,0.121635
BA,81,80,7,0.550251,0.154399,0.39532
KCRDK,81,80,1,0.330967,0.080116,0.123159
BA,81,80,11,0.999304,0.368167,0.630278
KCRDK,81,80,1,0.309838,0.080019,0.124238
BA,81,100,17,2.06829,1.09849,0.958271
KCRDK,81,100,1,0.333627,0.080111,0.12517
BA,81,100,16,1.8288,0.91444,0.913109
KCRDK,81,100,1,0.331258,0.079443,0.123554
BA,81,100,7,0.562442,0.167085,0.394791
KCRDK,81,100,1,0.308859,0.079541,0.123797
BA,81,100,2,0.132213,0.019476,0.112638
KCRDK,81,100,1,0.307162,0.078889,0.122381
BA,81,100,5,0.375272,0.093245,0.281675
KCRDK,81,100,2,0.534853,0.12736,0.186904
BA,81,100,3,0.208838,0.039766,0.168891
KCRDK,81,100,1,0.306958,0.079144,0.122247
BA,81,100,15,1.60856,0.751936,0.855398
KCRDK,81,100,1,0.311763,0.080637,0.125484
BA,81,100,11,1.02631,0.404452,0.621
KCRDK,81,100,1,0.310452,0.079739,0.125033
BA,81,100,15,1.67094,0.82378,0.845914
KCRDK,81,100,1,0.310532,0.080645,0.124156
BA,81,100,13,1.33129,0.58677,0.743471
KCRDK,81,100,1,0.310716,0.079628,0.125613
BA,81,100,20,4.03894,2.90859,1.12869
KCRDK,81,100,1,0.310408,0.079959,0.124991
BA,81,100,3,0.209037,0.039534,0.169323
KCRDK,81,100,1,0.329539,0.079048,0.121819
BA,81,100,4,0.291838,0.066095,0.225471
KCRDK,81,100,2,0.514889,0.128967,0.187679
BA,81,100,5,0.374601,0.091815,0.282423
KCRDK,81,100,2,0.537243,0.128022,0.188097
BA,81,100,14,1.4888,0.697695,0.789951
KCRDK,81,100,1,0.31975,0.082986,0.130913
BA,81,100,2,0.133332,0.01979,0.11344
KCRDK,81,100,1,0.307337,0.081865,0.119626
BA,81,100,5,0.375027,0.091712,0.282948
KCRDK,81,100,2,0.514393,0.118598,0.18744
BA,81,100,8,0.6562,0.192234,0.463357
KCRDK,81,100,1,0.309032,0.084045,0.119128
BA,81,100,3,0.2089,0.038825,0.169878
KCRDK,81,100,1,0.33181,0.079924,0.122653
BA,81,100,2,0.132447,0.019008,0.113339
KCRDK,81,100,1,0.331373,0.079793,0.122503
BA,81,100,4,0.2886,0.062122,0.226222
KCRDK,81,100,2,0.51258,0.127408,0.191825
BA,81,100,15,1.56968,0.722026,0.846423
KCRDK,81,100,1,0.332554,0.079995,0.124405
BA,81,100,4,0.289834,0.063843,0.225728
KCRDK,81,100,2,0.536202,0.133557,0.182103
BA,81,100,2,0.132326,0.019334,0.112892
KCRDK,81,100,1,0.30625,0.08422,0.116372
BA,81,100,3,0.207999,0.038548,0.169266
KCRDK,81,100,1,0.30619,0.078677,0.121611
BA,81,100,12,1.13271,0.454587,0.677155
KCRDK,81,100,1,0.333065,0.0795,0.125162
BA,81,100,4,0.288562,0.062535,0.225758
KCRDK,81,100,2,0.513524,0.128519,0.187443
BA,81,100,19,2.9479,1.87445,1.07187
KCRDK,81,100,1,0.333595,0.08038,0.125407
BA,81,100,18,2.20793,1.19049,1.01595
KCRDK,81,100,1,0.311987,0.079496,0.126682
BA,81,100,9,0.764285,0.255858,0.507724
KCRDK,81,100,1,0.308538,0.07972,0.123198
BA,91,0,4,0.351954,0.07058,0.281112
KCRDK,91,0,2,0.672076,0.156769,0.232534
BA,91,0,18,2.48153,1.20249,1.27754
KCRDK,91,0,1,0.395339,0.097064,0.156278
BA,91,0,12,1.37197,0.527164,0.843829
KCRDK,91,0,1,0.393876,0.096688,0.154322
BA,91,0,2,0.160781,0.007843,0.152828
KCRDK,91,0,1,0.38177,0.097217,0.150922
BA,91,0,4,0.353814,0.071094,0.282452
KCRDK,91,0,1,0.407515,0.10378,0.163249
BA,91,0,2,0.172843,0.024408,0.14833
KCRDK,91,0,1,0.41884,0.098085,0.151561
BA,91,0,2,0.161267,0.00836,0.152811
KCRDK,91,0,1,0.382598,0.09676,0.152533
BA,91,0,15,1.87478,0.814525,1.05902
KCRDK,91,0,1,0.396172,0.097467,0.155551
BA,91,0,4,0.35615,0.073045,0.282835
KCRDK,91,0,2,0.661521,0.154499,0.232724
BA,91,0,2,0.160735,0.007802,0.152835
KCRDK,91,0,1,0.379946,0.095878,0.152571
BA,91,0,2,0.164213,0.0236,0.140515
KCRDK,91,0,1,0.380555,0.095717,0.151742
BA,91,0,19,2.96326,1.62514,1.3365
KCRDK,91,0,1,0.382441,0.102982,0.148399
BA,91,0,11,1.19461,0.418536,0.775183
KCRDK,91,0,1,0.380985,0.096394,0.153322
BA,91,0,10,1.07037,0.367512,0.702054
KCRDK,91,0,1,0.381437,0.096709,0.153684
BA,91,0,15,1.88036,0.825362,1.05374
KCRDK,91,0,1,0.393038,0.096347,0.154506
BA,91,0,10,1.04504,0.341331,0.702897
KCRDK,91,0,1,0.395974,0.102906,0.146947
BA,91,0,3,0.256984,0.045161,0.211641
KCRDK,91,0,2,0.642144,0.153279,0.231934
BA,91,0,14,1.65736,0.672736,0.983457
KCRDK,91,0,1,0.392149,0.09681,0.153435
BA,91,0,2,0.162742,0.021959,0.140678
KCRDK,91,0,1,0.391538,0.095705,0.151761
BA,91,0,15,1.82906,0.760394,1.06739
KCRDK,91,0,1,0.394352,0.096501,0.155269
BA,91,0,3,0.255979,0.044948,0.210852
KCRDK,91,0,2,0.644831,0.148361,0.24456
BA,91,0,2,0.164213,0.023686,0.140426
KCRDK,91,0,1,0.397528,0.101386,0.158263
BA,91,0,4,0.367594,0.074015,0.293284
KCRDK,91,0,2,0.635165,0.159479,0.22925
BA,91,0,15,1.85898,0.784674,1.07305
KCRDK,91,0,1,0.38482,0.097279,0.155722
BA,91,0,6,0.565562,0.14191,0.423201
KCRDK,91,0,2,0.635351,0.157314,0.230653
BA,91,0,11,1.18906,0.398346,0.789817
KCRDK,91,0,1,0.409345,0.096639,0.154306
BA,91,0,18,2.4816,1.21405,1.26603
KCRDK,91,0,1,0.422532,0.096765,0.167696
BA,91,0,4,0.354173,0.073174,0.280736
KCRDK,91,0,2,0.630431,0.152742,0.226327
BA,91,0,4,0.352308,0.070872,0.281168
KCRDK,91,0,3,0.926027,0.211961,0.32489
BA,91,0,4,0.349939,0.068565,0.281104
KCRDK,91,0,4,1.14136,0.283544,0.395569
BA,91,20,6,0.565401,0.142763,0.422185
KCRDK,91,20,1,0.405356,0.102214,0.144832
BA,91,20,19,2.70764,1.37002,1.33603
KCRDK,91,20,1,0.394722,0.100218,0.152024
BA,91,20,2,0.161867,0.021167,0.140597
KCRDK,91,20,1,0.3926,0.096355,0.152353
BA,91,20,4,0.352307,0.058638,0.293409
KCRDK,91,20,3,0.892034,0.206439,0.316043
BA,91,20,16,2.14274,1.01227,1.12915
KCRDK,91,20,1,0.384579,0.097399,0.155432
BA,91,20,15,1.87394,0.813894,1.0588
KCRDK,91,20,1,0.38484,0.097342,0.155862
BA,91,20,13,1.54222,0.62163,0.9195
KCRDK,91,20,1,0.383233,0.096176,0.15577
BA,91,20,3,0.257334,0.046407,0.210726
KCRDK,91,20,2,0.680666,0.15965,0.251888
BA,91,20,14,1.71728,0.709915,1.00613
KCRDK,91,20,1,0.401972,0.097946,0.170246
BA,91,20,11,1.21107,0.423522,0.786622
KCRDK,91,20,1,0.384757,0.097081,0.154503
BA,91,20,4,0.352413,0.068471,0.283661
KCRDK,91,20,2,0.647613,0.149174,0.238073
BA,91,20,3,0.255197,0.030962,0.224056
KCRDK,91,20,2,0.68027,0.153725,0.244988
BA,91,20,10,1.06584,0.358457,0.706566
KCRDK,91,20,5,1.51942,0.368324,0.515666
BA,91,20,4,0.353981,0.070414,0.283299
KCRDK,91,20,2,0.6649,0.156325,0.233167
BA,91,20,5,0.452447,0.100157,0.351937
KCRDK,91,20,1,0.381614,0.096628,0.153484
BA,91,20,6,0.562267,0.127661,0.434176
KCRDK,91,20,1,0.385008,0.096705,0.154506
BA,91,20,4,0.350023,0.06853,0.281219
KCRDK,91,20,4,1.27349,0.301032,0.441199
BA,91,20,16,2.17795,0.98056,1.19598
KCRDK,91,20,1,0.442842,0.104988,0.166071
BA,91,20,3,0.270226,0.033294,0.236743
KCRDK,91,20,2,0.635489,0.155099,0.234031
BA,91,20,3,0.253919,0.029387,0.224347
KCRDK,91,20,2,0.635814,0.154861,0.234167
BA,91,20,13,1.53093,0.611943,0.917896
KCRDK,91,20,1,0.384449,0.097453,0.155079
BA,91,20,3,0.253397,0.028923,0.224293
KCRDK,91,20,2,0.66637,0.15721,0.235091
BA,91,20,21,11.5119,10.0164,1.49376
KCRDK,91,20,1,0.38332,0.096722,0.155238
BA,91,20,18,2.44975,1.1691,1.27914
KCRDK,91,20,1,0.385263,0.096817,0.156735
BA,91,20,18,2.49326,1.20942,1.28233
KCRDK,91,20,1,0.384279,0.098465,0.154385
BA,91,20,4,0.352481,0.07055,0.281653
KCRDK,91,20,2,0.665093,0.155508,0.233584
BA,91,20,15,1.90026,0.843443,1.05557
KCRDK,91,20,1,0.383006,0.096976,0.154319
BA,91,20,18,2.55642,1.26173,1.28073
KCRDK,91,20,1,0.383943,0.097762,0.154941
BA,91,20,2,0.161999,0.021477,0.140412
KCRDK,91,20,1,0.380071,0.096119,0.152261
BA,91,20,4,0.354407,0.072026,0.282109
KCRDK,91,20,2,0.643941,0.160412,0.237638
BA,91,40,2,0.162055,0.021466,0.140491
KCRDK,91,40,1,0.379872,0.09608,0.152404
BA,91,40,10,1.05479,0.350585,0.703382
KCRDK,91,40,1,0.382568,0.096766,0.154096
BA,91,40,2,0.162889,0.022086,0.140692
KCRDK,91,40,1,0.406681,0.101069,0.147007
BA,91,40,19,2.98631,1.64257,1.3421
KCRDK,91,40,1,0.386404,0.096916,0.157528
BA,91,40,12,1.32539,0.476639,0.847751
KCRDK,91,40,1,0.381822,0.10037,0.150071
BA,91,40,4,0.352115,0.070738,0.28111
KCRDK,91,40,2,0.645881,0.15985,0.2398
BA,91,40,3,0.254935,0.043769,0.210981
KCRDK,91,40,2,0.633742,0.154527,0.232891
BA,91,40,14,1.70276,0.712666,0.988945
KCRDK,91,40,1,0.384996,0.104491,0.149042
BA,91,40,6,0.56266,0.137895,0.424322
KCRDK,91,40,1,0.379955,0.096328,0.152087
BA,91,40,9,0.896678,0.261955,0.633979
KCRDK,91,40,1,0.382654,0.096666,0.154376
BA,91,40,2,0.162867,0.021966,0.1408
KCRDK,91,40,1,0.379735,0.096398,0.151675
BA,91,40,2,0.163008,0.022209,0.1407
KCRDK,91,40,1,0.407197,0.096755,0.151867
BA,91,40,10,1.03643,0.331175,0.704455
KCRDK,91,40,1,0.381845,0.096688,0.153532
BA,91,40,3,0.254357,0.030613,0.223561
KCRDK,91,40,1,0.382494,0.096596,0.152454
BA,91,40,3,0.256165,0.044014,0.211965
KCRDK,91,40,2,0.6353,0.155368,0.233587
BA,91,40,2,0.162165,0.021484,0.140583
KCRDK,91,40,1,0.379847,0.095972,0.152321
BA,91,40,13,1.51707,0.601288,0.914713
KCRDK,91,40,1,0.409641,0.096603,0.154513
BA,91,40,13,1.53253,0.61681,0.914662
KCRDK,91,40,1,0.410369,0.096421,0.155702
BA,91,40,2,0.162431,0.02175,0.140589
KCRDK,91,40,1,0.380318,0.102272,0.14589
BA,91,40,9,0.918741,0.282461,0.635572
KCRDK,91,40,1,0.380696,0.100608,0.148449
BA,91,40,3,0.256722,0.045333,0.211203
KCRDK,91,40,2,0.67235,0.156362,0.253557
BA,91,40,4,0.353559,0.071746,0.281538
KCRDK,91,40,2,0.64679,0.154085,0.244796
BA,91,40,5,0.453347,0.101029,0.35196
KCRDK,91,40,2,0.646366,0.155081,0.245083
BA,91,40,5,0.453659,0.100946,0.35236
KCRDK,91,40,2,0.635993,0.155369,0.233646
BA,91,40,17,2.29015,1.08694,1.20179
KCRDK,91,40,1,0.385317,0.097179,0.15617
BA,91,40,13,1.53927,0.619872,0.918315
KCRDK,91,40,1,0.384615,0.09693,0.155525
BA,91,40,15,1.91116,0.837024,1.07287
KCRDK,91,40,1,0.382568,0.097042,0.154138
BA,91,40,2,0.165276,0.024532,0.140643
KCRDK,91,40,1,0.410046,0.097223,0.153393
BA,91,40,3,0.25578,0.043794,0.211807
KCRDK,91,40,2,0.636143,0.156151,0.231094
BA,91,40,4,0.354026,0.071906,0.281829
KCRDK,91,40,2,0.720306,0.168981,0.252893
BA,91,60,7,0.722593,0.195095,0.526919
KCRDK,91,60,1,0.379431,0.095978,0.151915
BA,91,60,6,0.562217,0.138905,0.422877
KCRDK,91,60,7,1.92479,0.454222,0.663886
BA,91,60,11,1.19062,0.412461,0.777274
KCRDK,91,60,1,0.382358,0.097258,0.15362
BA,91,60,11,1.17233,0.384261,0.77466
KCRDK,91,60,1,0.409097,0.096346,0.154399
BA,91,60,11,1.18076,0.393146,0.786718
KCRDK,91,60,1,0.413364,0.096917,0.153985
BA,91,60,9,0.91758,0.269904,0.646947
KCRDK,91,60,1,0.411886,0.078561,0.154932
BA,91,60,3,0.258217,0.045864,0.21217
KCRDK,91,60,1,0.410864,0.096477,0.152892
BA,91,60,3,0.25811,0.045586,0.212338
KCRDK,91,60,1,0.381729,0.096757,0.152679
BA,91,60,4,0.35531,0.072547,0.282494
KCRDK,91,60,2,0.686162,0.16851,0.250423
BA,91,60,2,0.16181,0.007934,0.153778
KCRDK,91,60,1,0.380571,0.096376,0.152244
BA,91,60,3,0.257284,0.045369,0.211717
KCRDK,91,60,1,0.40802,0.096545,0.152323
BA,91,60,4,0.353347,0.07079,0.282279
KCRDK,91,60,2,0.663171,0.155361,0.233814
BA,91,60,3,0.256107,0.044662,0.211261
KCRDK,91,60,2,0.634248,0.154497,0.233587
BA,91,60,13,1.45803,0.52964,0.927318
KCRDK,91,60,1,0.38583,0.097408,0.153769
BA,91,60,2,0.16343,0.02242,0.140908
KCRDK,91,60,1,0.37968,0.096501,0.151719
BA,91,60,16,2.08602,0.946735,1.12528
KCRDK,91,60,1,0.410658,0.097304,0.154911
BA,91,60,5,0.454283,0.10204,0.351897
KCRDK,91,60,2,0.644901,0.154222,0.244625
BA,91,60,3,0.256527,0.032934,0.223408
KCRDK,91,60,1,0.380188,0.096454,0.15179
BA,91,60,4,0.351816,0.070262,0.281262
KCRDK,91,60,2,0.63585,0.15509,0.233165
BA,91,60,2,0.162931,0.022293,0.140538
KCRDK,91,60,1,0.40807,0.096773,0.15203
BA,91,60,17,2.33931,1.14032,1.19755
KCRDK,91,60,1,0.385307,0.096912,0.156511
BA,91,60,10,1.05593,0.338809,0.716296
KCRDK,91,60,1,0.385534,0.097238,0.155981
BA,91,60,12,1.32504,0.474796,0.849055
KCRDK,91,60,1,0.387449,0.097229,0.154741
BA,91,60,16,2.09303,0.963869,1.12779
KCRDK,91,60,1,0.384583,0.097242,0.155188
BA,91,60,22,18.3097,16.7235,1.58426
KCRDK,91,60,1,0.385549,0.097299,0.156234
BA,91,60,9,0.92598,0.291737,0.633511
KCRDK,91,60,2,0.637926,0.155728,0.233664
BA,91,60,12,1.359,0.487344,0.870671
KCRDK,91,60,1,0.417106,0.108067,0.166867
BA,91,60,3,0.268072,0.048381,0.219484
KCRDK,91,60,1,0.394154,0.099148,0.162834
BA,91,60,3,0.257875,0.045667,0.212014
KCRDK,91,60,1,0.444424,0.105425,0.163797
BA,91,60,4,0.375287,0.076289,0.298696
KCRDK,91,60,2,0.663048,0.153957,0.234183
BA,91,80,5,0.455,0.102724,0.351914
KCRDK,91,80,8,2.21388,0.519842,0.778266
BA,91,80,2,0.163326,0.022326,0.140895
KCRDK,91,80,1,0.381692,0.096463,0.152397
BA,91,80,9,0.931849,0.284474,0.646637
KCRDK,91,80,1,0.409948,0.096841,0.154517
BA,91,80,3,0.258102,0.046635,0.211283
KCRDK,91,80,1,0.407987,0.09676,0.151984
BA,91,80,14,1.67319,0.684986,0.987022
KCRDK,91,80,1,0.386336,0.098058,0.155422
BA,91,80,2,0.16455,0.010177,0.154272
KCRDK,91,80,1,0.383696,0.097095,0.153496
BA,91,80,5,0.458565,0.092053,0.36613
KCRDK,91,80,1,0.382328,0.097087,0.153351
BA,91,80,9,0.919399,0.284362,0.63429
KCRDK,91,80,1,0.396249,0.097765,0.154354
BA,91,80,22,8.34189,6.78223,1.5578
KCRDK,91,80,1,0.428177,0.105244,0.169323
BA,91,80,8,0.808043,0.235684,0.571703
KCRDK,91,80,1,0.399146,0.097729,0.155735
BA,91,80,4,0.355805,0.072595,0.282929
KCRDK,91,80,2,0.652404,0.156076,0.234558
BA,91,80,11,1.21291,0.434009,0.777979
KCRDK,91,80,1,0.425525,0.10586,0.16776
BA,91,80,4,0.376613,0.077001,0.299294
KCRDK,91,80,2,0.674983,0.154424,0.246773
BA,91,80,3,0.255564,0.044114,0.211261
KCRDK,91,80,2,0.635403,0.155385,0.233386
BA,91,80,2,0.175341,0.021896,0.153343
KCRDK,91,80,1,0.383727,0.096662,0.153168
BA,91,80,15,1.828,0.752178,1.0745
KCRDK,91,80,1,0.387588,0.097153,0.154699
BA,91,80,6,0.560746,0.137379,0.422912
KCRDK,91,80,1,0.382732,0.096955,0.154037
BA,91,80,4,0.353075,0.070657,0.282141
KCRDK,91,80,3,0.901517,0.212657,0.339639
BA,91,80,7,0.667269,0.173543,0.49317
KCRDK,91,80,7,1.94092,0.459463,0.654189
BA,91,80,13,1.57418,0.640597,0.932477
KCRDK,91,80,1,0.388112,0.097705,0.154838
BA,91,80,11,1.20694,0.431369,0.774679
KCRDK,91,80,1,0.384522,0.097143,0.155513
BA,91,80,14,1.66705,0.679614,0.986268
KCRDK,91,80,1,0.383153,0.096949,0.154384
BA,91,80,6,0.567968,0.144773,0.422733
KCRDK,91,80,1,0.413865,0.100978,0.150686
BA,91,80,4,0.35763,0.073621,0.283735
KCRDK,91,80,2,0.667529,0.155598,0.2363
BA,91,80,12,1.33189,0.481044,0.849826
KCRDK,91,80,1,0.385851,0.097793,0.155386
BA,91,80,10,1.12869,0.36878,0.758993
KCRDK,91,80,1,0.412555,0.09823,0.15475
BA,91,80,7,0.684084,0.185845,0.49767
KCRDK,91,80,1,0.41199,0.097695,0.153714
BA,91,80,3,0.257757,0.044243,0.213326
KCRDK,91,80,1,0.385354,0.097534,0.153519
BA,91,80,16,2.10528,0.970037,1.13385
KCRDK,91,80,1,0.387382,0.097968,0.156909
BA,91,80,2,0.163296,0.022217,0.140966
KCRDK,91,80,1,0.383409,0.096743,0.153088
BA,91,100,8,0.790214,0.224752,0.564808
KCRDK,91,100,1,0.38561,0.097619,0.155399
BA,91,100,12,1.3536,0.503404,0.849193
KCRDK,91,100,1,0.38707,0.098308,0.155765
BA,91,100,10,1.06968,0.361226,0.70765
KCRDK,91,100,1,0.44075,0.124738,0.172973
BA,91,100,5,0.463226,0.108159,0.354704
KCRDK,91,100,3,0.9758,0.237334,0.343311
BA,91,100,2,0.163882,0.022404,0.141376
KCRDK,91,100,1,0.383285,0.097565,0.153068
BA,91,100,13,1.49513,0.561022,0.933002
KCRDK,91,100,1,0.386671,0.097951,0.156058
BA,91,100,10,1.07148,0.362526,0.708106
KCRDK,91,100,2,0.636679,0.1551,0.234507
BA,91,100,14,1.71256,0.720747,0.990603
KCRDK,91,100,1,0.383956,0.097406,0.154649
BA,91,100,8,0.801267,0.232619,0.568023
KCRDK,91,100,1,0.385986,0.098143,0.155315
BA,91,100,9,0.917702,0.277944,0.639017
KCRDK,91,100,1,0.3843,0.0972,0.154871
BA,91,100,2,0.163686,0.022338,0.141244
KCRDK,91,100,1,0.418442,0.107809,0.167095
BA,91,100,11,1.32231,0.436636,0.884711
KCRDK,91,100,1,0.385397,0.102414,0.148709
BA,91,100,14,1.79785,0.748112,1.04846
KCRDK,91,100,1,0.389093,0.103822,0.152986
BA,91,100,2,0.163692,0.02198,0.141608
KCRDK,91,100,1,0.383304,0.097499,0.153374
BA,91,100,17,2.33805,1.13311,1.20347
KCRDK,91,100,1,0.388352,0.098623,0.157019
BA,91,100,11,1.19673,0.416535,0.779268
KCRDK,91,100,1,0.386312,0.097584,0.156261
BA,91,100,15,1.86102,0.77892,1.06255
KCRDK,91,100,1,0.385559,0.097651,0.15599
BA,91,100,2,0.163274,0.022015,0.141148
KCRDK,91,100,1,0.380569,0.096625,0.152171
BA,91,100,4,0.355566,0.072681,0.282593
KCRDK,91,100,2,0.634453,0.148146,0.233358
BA,91,100,10,1.06923,0.364012,0.704381
KCRDK,91,100,1,0.390284,0.096848,0.161805
BA,91,100,4,0.355883,0.074178,0.281435
KCRDK,91,100,2,0.648184,0.148863,0.246125
BA,91,100,13,1.47171,0.541693,0.928933
KCRDK,91,100,1,0.382662,0.103327,0.14713
BA,91,100,4,0.35262,0.070524,0.281813
KCRDK,91,100,2,0.634684,0.148083,0.233923
BA,91,100,5,0.460278,0.107467,0.352433
KCRDK,91,100,2,0.636981,0.147963,0.22711
BA,91,100,6,0.571992,0.14912,0.422427
KCRDK,91,100,4,1.14675,0.261485,0.397025
BA,91,100,8,0.791858,0.226975,0.564274
KCRDK,91,100,1,0.383477,0.097226,0.154423
BA,91,100,24,17.9193,16.2013,1.71591
KCRDK,91,100,1,0.388861,0.098225,0.158755
BA,91,100,16,1.94109,0.811673,1.12805
KCRDK,91,100,1,0.384682,0.097415,0.155381
BA,91,100,15,1.84175,0.782685,1.05779
KCRDK,91,100,1,0.384837,0.097315,0.155727
BA,91,100,15,1.85772,0.794436,1.06202
KCRDK,91,100,1,0.386189,0.097804,0.155995
