STANDARD,1,0,4,0.038974,0.038094,0.000421
KC,1,0,1,0.004728,0.004432,0.000164
STANDARD,1,0,3,0.016225,0.015787,0.000268
KC,1,0,1,0.003735,0.003468,0.000158
STANDARD,1,0,3,0.021087,0.020373,0.000408
KC,1,0,1,0.004481,0.004072,0.000203
STANDARD,1,0,2,0.007421,0.007234,0.000139
KC,1,0,1,0.00504,0.004747,0.000161
STANDARD,1,0,3,0.015144,0.01486,0.000203
KC,1,0,2,0.006565,0.006082,0.000255
STANDARD,1,0,4,0.033881,0.032846,0.000642
KC,1,0,1,0.006308,0.005909,0.000238
STANDARD,1,0,3,0.021344,0.020653,0.000419
KC,1,0,2,0.009427,0.0086,0.00037
STANDARD,1,0,4,0.034214,0.033292,0.000588
KC,1,0,1,0.004974,0.004644,0.000175
STANDARD,1,0,4,0.031322,0.030803,0.000355
KC,1,0,1,0.005242,0.004936,0.000164
STANDARD,1,0,2,0.010215,0.009797,0.000251
KC,1,0,1,0.006656,0.00629,0.000188
STANDARD,1,0,4,0.036504,0.035339,0.000632
KC,1,0,1,0.006857,0.006367,0.000259
STANDARD,1,0,3,0.019794,0.019079,0.000446
KC,1,0,1,0.00555,0.005093,0.000237
STANDARD,1,0,4,0.0263,0.025897,0.000282
KC,1,0,1,0.004865,0.00457,0.000163
STANDARD,1,0,3,0.014989,0.014701,0.000208
KC,1,0,2,0.006668,0.006191,0.000251
STANDARD,1,0,4,0.026876,0.026466,0.000291
KC,1,0,1,0.004729,0.004426,0.00017
STANDARD,1,0,3,0.014657,0.014383,0.000193
KC,1,0,1,0.002624,0.002395,0.000127
STANDARD,1,0,2,0.005888,0.00574,0.000109
KC,1,0,1,0.004044,0.003811,0.00013
STANDARD,1,0,3,0.011121,0.010893,0.000161
KC,1,0,1,0.002699,0.002473,0.000123
STANDARD,1,0,4,0.02138,0.021057,0.000217
KC,1,0,1,0.004155,0.003921,0.00013
STANDARD,1,0,2,0.00592,0.005772,0.000109
KC,1,0,1,0.003948,0.003706,0.000137
STANDARD,1,0,2,0.005436,0.005289,0.00011
KC,1,0,1,0.003757,0.003528,0.000128
STANDARD,1,0,3,0.011635,0.011401,0.000163
KC,1,0,1,0.002926,0.0027,0.000126
STANDARD,1,0,3,0.011074,0.010838,0.000164
KC,1,0,1,0.002719,0.00249,0.000127
STANDARD,1,0,3,0.011823,0.011583,0.000173
KC,1,0,1,0.002862,0.002631,0.000126
STANDARD,1,0,3,0.012358,0.012127,0.000162
KC,1,0,2,0.005207,0.00483,0.000196
STANDARD,1,0,4,0.020731,0.020403,0.00023
KC,1,0,1,0.003664,0.00343,0.000129
STANDARD,1,0,3,0.012091,0.011853,0.000164
KC,1,0,1,0.002656,0.002429,0.000125
STANDARD,1,0,3,0.011932,0.011703,0.000161
KC,1,0,2,0.00535,0.004974,0.000196
STANDARD,1,0,3,0.011667,0.011433,0.000165
KC,1,0,2,0.005441,0.005061,0.000197
STANDARD,1,0,4,0.021469,0.021152,0.00022
KC,1,0,1,0.003682,0.00344,0.000131
STANDARD,1,0,3,0.01045,0.010219,0.000164
KC,1,0,1,0.002673,0.002447,0.000124
STANDARD,1,0,3,0.012023,0.01179,0.000163
KC,1,0,2,0.005608,0.005249,0.000195
STANDARD,1,0,2,0.005597,0.00545,0.000108
KC,1,0,1,0.003895,0.003661,0.00013
STANDARD,1,0,3,0.011501,0.011262,0.000172
KC,1,0,1,0.002907,0.002673,0.000129
STANDARD,1,0,3,0.012368,0.012127,0.000165
KC,1,0,1,0.002882,0.002653,0.000125
STANDARD,1,0,3,0.012172,0.011918,0.000186
KC,1,0,2,0.005083,0.004702,0.000202
STANDARD,1,0,4,0.020501,0.020174,0.000221
KC,1,0,1,0.003822,0.003588,0.000129
STANDARD,1,0,2,0.005546,0.005393,0.000114
KC,1,0,1,0.003896,0.003676,0.000133
STANDARD,1,0,2,0.005738,0.005591,0.000107
KC,1,0,1,0.004072,0.003843,0.000127
STANDARD,1,0,4,0.020609,0.020296,0.000216
KC,1,0,2,0.005246,0.004871,0.000195
STANDARD,1,0,4,0.025455,0.025098,0.000251
KC,1,0,2,0.005992,0.005599,0.000203
STANDARD,1,0,3,0.012352,0.012089,0.000184
KC,1,0,1,0.0031,0.002875,0.000132
STANDARD,1,0,4,0.023118,0.022778,0.000232
KC,1,0,1,0.004111,0.003862,0.000138
STANDARD,1,0,3,0.012048,0.011802,0.000172
KC,1,0,1,0.003164,0.002913,0.000141
STANDARD,1,0,3,0.013814,0.013562,0.000179
KC,1,0,1,0.00317,0.002928,0.000134
STANDARD,1,0,3,0.012227,0.01198,0.000174
KC,1,0,2,0.005648,0.005246,0.000212
STANDARD,1,0,4,0.024092,0.023752,0.000233
KC,1,0,1,0.004261,0.00399,0.000149
STANDARD,1,0,4,0.025821,0.025475,0.000233
KC,1,0,2,0.005943,0.005545,0.000206
STANDARD,1,0,2,0.006487,0.006317,0.000129
KC,1,0,1,0.00452,0.004271,0.000136
STANDARD,1,0,4,0.025939,0.025584,0.000235
KC,1,0,1,0.00402,0.00377,0.000138
STANDARD,1,20,3,0.012321,0.012086,0.000164
KC,1,20,1,0.002926,0.002694,0.000129
STANDARD,1,20,4,0.021141,0.020811,0.000232
KC,1,20,1,0.004129,0.003896,0.000129
STANDARD,1,20,4,0.019894,0.019562,0.000233
KC,1,20,1,0.00409,0.003855,0.00013
STANDARD,1,20,4,0.020636,0.02032,0.000219
KC,1,20,1,0.00385,0.003625,0.000136
STANDARD,1,20,2,0.006132,0.005975,0.000121
KC,1,20,1,0.004101,0.003867,0.000128
STANDARD,1,20,2,0.005426,0.005276,0.000109
KC,1,20,1,0.003881,0.003646,0.000126
STANDARD,1,20,4,0.020265,0.019946,0.000224
KC,1,20,1,0.004245,0.004,0.000136
STANDARD,1,20,2,0.005049,0.004898,0.00011
KC,1,20,1,0.004142,0.003909,0.000129
STANDARD,1,20,3,0.010792,0.010543,0.000178
KC,1,20,1,0.002969,0.002737,0.000126
STANDARD,1,20,3,0.010959,0.010728,0.000165
KC,1,20,2,0.005425,0.005048,0.000197
STANDARD,1,20,2,0.004966,0.004821,0.000109
KC,1,20,1,0.004018,0.003779,0.000134
STANDARD,1,20,3,0.012886,0.012656,0.000163
KC,1,20,2,0.005319,0.004943,0.000196
STANDARD,1,20,4,0.021091,0.020773,0.000216
KC,1,20,1,0.003685,0.003453,0.000129
STANDARD,1,20,2,0.005361,0.005214,0.000109
KC,1,20,1,0.003984,0.003746,0.000135
STANDARD,1,20,3,0.01218,0.011939,0.000172
KC,1,20,2,0.005477,0.0051,0.000197
STANDARD,1,20,2,0.006008,0.005853,0.000117
KC,1,20,1,0.004002,0.003771,0.000129
STANDARD,1,20,3,0.011234,0.011002,0.000165
KC,1,20,1,0.002924,0.002714,0.000124
STANDARD,1,20,3,0.010864,0.010632,0.000165
KC,1,20,1,0.003008,0.002782,0.000124
STANDARD,1,20,3,0.012313,0.012084,0.000163
KC,1,20,2,0.005796,0.005417,0.000198
STANDARD,1,20,3,0.011946,0.011719,0.000162
KC,1,20,2,0.005622,0.005241,0.0002
STANDARD,1,20,2,0.00505,0.004904,0.00011
KC,1,20,1,0.00399,0.003758,0.000127
STANDARD,1,20,3,0.011677,0.011439,0.000158
KC,1,20,1,0.002964,0.002736,0.000125
STANDARD,1,20,2,0.005427,0.005285,0.000107
KC,1,20,1,0.004267,0.004031,0.000133
STANDARD,1,20,2,0.005013,0.004868,0.000109
KC,1,20,1,0.004072,0.003841,0.000127
STANDARD,1,20,3,0.011683,0.011458,0.000161
KC,1,20,1,0.002936,0.002712,0.000124
STANDARD,1,20,2,0.004906,0.004757,0.000112
KC,1,20,1,0.003935,0.003703,0.000128
STANDARD,1,20,3,0.010954,0.01072,0.000163
KC,1,20,2,0.005105,0.004724,0.000202
STANDARD,1,20,3,0.011425,0.011199,0.000162
KC,1,20,2,0.005232,0.004879,0.000192
STANDARD,1,20,3,0.012037,0.011811,0.000161
KC,1,20,1,0.002955,0.002744,0.000125
STANDARD,1,20,4,0.02159,0.02128,0.000214
KC,1,20,1,0.003919,0.003685,0.00013
STANDARD,1,20,3,0.010754,0.010527,0.000161
KC,1,20,2,0.005296,0.004923,0.000194
STANDARD,1,20,2,0.008394,0.008023,0.000212
KC,1,20,1,0.00499,0.004663,0.000167
STANDARD,1,20,3,0.016643,0.016057,0.000338
KC,1,20,1,0.004096,0.003734,0.000177
STANDARD,1,20,3,0.017001,0.016372,0.000367
KC,1,20,1,0.004449,0.004074,0.000176
STANDARD,1,20,3,0.016628,0.016085,0.000295
KC,1,20,1,0.004136,0.00377,0.000172
STANDARD,1,20,2,0.00835,0.007966,0.000208
KC,1,20,1,0.005768,0.005377,0.000199
STANDARD,1,20,4,0.02794,0.027183,0.000433
KC,1,20,1,0.005708,0.005332,0.000201
STANDARD,1,20,3,0.017978,0.017198,0.000448
KC,1,20,2,0.00816,0.007542,0.000299
STANDARD,1,20,3,0.016419,0.015899,0.000303
KC,1,20,1,0.003581,0.003221,0.000167
STANDARD,1,20,2,0.008732,0.008394,0.000194
KC,1,20,1,0.005373,0.005022,0.00019
STANDARD,1,20,3,0.018856,0.018109,0.000413
KC,1,20,2,0.008511,0.007693,0.000404
STANDARD,1,20,3,0.017902,0.01727,0.000375
KC,1,20,1,0.004836,0.004416,0.000207
STANDARD,1,20,2,0.009915,0.009507,0.000249
KC,1,20,1,0.006241,0.005813,0.000232
STANDARD,1,20,4,0.033744,0.032684,0.000623
KC,1,20,1,0.005449,0.005133,0.000167
STANDARD,1,20,3,0.01834,0.017662,0.000405
KC,1,20,2,0.008397,0.007658,0.000359
STANDARD,1,20,4,0.031903,0.03098,0.0005
KC,1,20,2,0.008112,0.00745,0.000314
STANDARD,1,20,2,0.010003,0.009641,0.000226
KC,1,20,1,0.006196,0.005759,0.000224
STANDARD,1,20,2,0.009522,0.009138,0.000229
KC,1,20,1,0.006095,0.005703,0.000194
STANDARD,1,20,3,0.018745,0.018187,0.000343
KC,1,20,1,0.004389,0.004008,0.000196
STANDARD,1,20,2,0.009967,0.009528,0.00028
KC,1,20,1,0.006278,0.005886,0.000183
STANDARD,1,40,3,0.016454,0.015901,0.000314
KC,1,40,2,0.006494,0.005937,0.000264
STANDARD,1,40,2,0.007879,0.007495,0.000218
KC,1,40,1,0.005881,0.005461,0.00021
STANDARD,1,40,4,0.031893,0.030844,0.000607
KC,1,40,2,0.007968,0.007279,0.000336
STANDARD,1,40,2,0.008164,0.007815,0.000216
KC,1,40,1,0.005354,0.004948,0.00022
STANDARD,1,40,3,0.016888,0.016201,0.000405
KC,1,40,2,0.007477,0.00692,0.000267
STANDARD,1,40,3,0.017628,0.017046,0.000376
KC,1,40,1,0.003885,0.003477,0.000208
STANDARD,1,40,4,0.02934,0.028558,0.000467
KC,1,40,1,0.006145,0.005705,0.000237
STANDARD,1,40,2,0.007912,0.007559,0.00023
KC,1,40,1,0.006102,0.005697,0.000222
STANDARD,1,40,3,0.017821,0.017135,0.000393
KC,1,40,1,0.004187,0.003754,0.000195
STANDARD,1,40,3,0.01789,0.017144,0.000432
KC,1,40,1,0.00439,0.004035,0.000177
STANDARD,1,40,3,0.01737,0.016642,0.00042
KC,1,40,2,0.007788,0.007173,0.00033
STANDARD,1,40,4,0.028394,0.027559,0.00053
KC,1,40,2,0.007308,0.00672,0.000265
STANDARD,1,40,4,0.028956,0.028067,0.000567
KC,1,40,1,0.005607,0.005201,0.000211
STANDARD,1,40,3,0.01747,0.016711,0.000443
KC,1,40,1,0.003948,0.003594,0.000167
STANDARD,1,40,4,0.02853,0.027641,0.000523
KC,1,40,1,0.005042,0.004665,0.000207
STANDARD,1,40,3,0.016291,0.015641,0.000398
KC,1,40,2,0.006959,0.006359,0.00027
STANDARD,1,40,3,0.01584,0.015234,0.000361
KC,1,40,2,0.007022,0.006505,0.000238
STANDARD,1,40,2,0.007922,0.007602,0.000214
KC,1,40,1,0.005996,0.005584,0.000206
STANDARD,1,40,3,0.01662,0.016028,0.000361
KC,1,40,2,0.007098,0.006497,0.000282
STANDARD,1,40,2,0.007903,0.007675,0.000144
KC,1,40,1,0.004827,0.004433,0.000212
STANDARD,1,40,4,0.028771,0.028053,0.000419
KC,1,40,1,0.004839,0.00455,0.000162
STANDARD,1,40,4,0.02155,0.021199,0.000243
KC,1,40,1,0.003947,0.003703,0.000138
STANDARD,1,40,2,0.008148,0.007757,0.000225
KC,1,40,1,0.006168,0.005744,0.00021
STANDARD,1,40,4,0.024379,0.023935,0.000308
KC,1,40,1,0.0038,0.003565,0.000132
STANDARD,1,40,4,0.021888,0.021575,0.000216
KC,1,40,1,0.003942,0.003705,0.000132
STANDARD,1,40,3,0.018134,0.017479,0.000373
KC,1,40,2,0.006753,0.006137,0.000292
STANDARD,1,40,2,0.008321,0.007872,0.00024
KC,1,40,1,0.005523,0.005098,0.000231
STANDARD,1,40,4,0.02956,0.028893,0.000391
KC,1,40,1,0.005236,0.004908,0.000169
STANDARD,1,40,3,0.012778,0.01252,0.00018
KC,1,40,1,0.002954,0.002721,0.00013
STANDARD,1,40,4,0.024045,0.023543,0.000322
KC,1,40,1,0.003941,0.003671,0.000142
STANDARD,1,40,3,0.011877,0.011562,0.00022
KC,1,40,1,0.003236,0.002955,0.000143
STANDARD,1,40,4,0.028795,0.027856,0.000518
KC,1,40,1,0.005104,0.00477,0.000169
STANDARD,1,40,3,0.01734,0.016778,0.000365
KC,1,40,1,0.004231,0.003844,0.000194
STANDARD,1,40,3,0.01766,0.016933,0.000403
KC,1,40,2,0.005889,0.005401,0.000229
STANDARD,1,40,4,0.028686,0.027754,0.000568
KC,1,40,1,0.005107,0.004702,0.000202
STANDARD,1,40,3,0.016205,0.015677,0.000317
KC,1,40,1,0.00412,0.003753,0.000173
STANDARD,1,40,2,0.008924,0.008467,0.000273
KC,1,40,1,0.005727,0.005379,0.000182
STANDARD,1,40,4,0.029424,0.028524,0.000515
KC,1,40,2,0.007571,0.00694,0.000297
STANDARD,1,40,3,0.016046,0.015332,0.000431
KC,1,40,1,0.004257,0.003848,0.000186
STANDARD,1,40,3,0.017249,0.016557,0.000421
KC,1,40,1,0.003784,0.003445,0.000162
STANDARD,1,40,4,0.031747,0.030667,0.000619
KC,1,40,1,0.006276,0.005828,0.000233
STANDARD,1,40,4,0.030202,0.029437,0.000484
KC,1,40,1,0.005118,0.004764,0.00018
STANDARD,1,40,4,0.033724,0.032648,0.000636
KC,1,40,1,0.00611,0.005748,0.000232
STANDARD,1,40,3,0.018938,0.018175,0.000435
KC,1,40,1,0.004076,0.003751,0.000158
STANDARD,1,40,3,0.018182,0.01749,0.000427
KC,1,40,1,0.004585,0.004179,0.000205
STANDARD,1,40,2,0.009883,0.009388,0.000288
KC,1,40,1,0.006273,0.005806,0.000275
STANDARD,1,40,2,0.009625,0.009195,0.000257
KC,1,40,1,0.005651,0.005341,0.000155
STANDARD,1,40,3,0.018201,0.0175,0.00043
KC,1,40,1,0.004112,0.003729,0.000187
STANDARD,1,40,2,0.009973,0.009512,0.000272
KC,1,40,1,0.006339,0.005879,0.000205
STANDARD,1,40,3,0.017198,0.016489,0.000405
KC,1,40,1,0.003804,0.003442,0.000185
STANDARD,1,60,2,0.009508,0.009038,0.000258
KC,1,60,1,0.005717,0.005279,0.000242
STANDARD,1,60,3,0.017031,0.016343,0.000394
KC,1,60,2,0.007218,0.006653,0.000287
STANDARD,1,60,3,0.015842,0.015147,0.000396
KC,1,60,1,0.003943,0.003581,0.000167
STANDARD,1,60,4,0.031056,0.030138,0.000533
KC,1,60,1,0.005485,0.005073,0.000203
STANDARD,1,60,3,0.016453,0.015892,0.000362
KC,1,60,2,0.00709,0.006561,0.000248
STANDARD,1,60,3,0.016767,0.01603,0.000426
KC,1,60,2,0.007588,0.006955,0.000291
STANDARD,1,60,3,0.015482,0.014837,0.000388
KC,1,60,1,0.003421,0.003072,0.000174
STANDARD,1,60,2,0.009058,0.008536,0.000315
KC,1,60,1,0.005567,0.00518,0.000186
STANDARD,1,60,3,0.016405,0.015781,0.000389
KC,1,60,1,0.003153,0.002852,0.000144
STANDARD,1,60,2,0.009099,0.00868,0.000252
KC,1,60,1,0.005918,0.005565,0.000175
STANDARD,1,60,2,0.009838,0.009347,0.00029
KC,1,60,1,0.006204,0.005727,0.000246
STANDARD,1,60,3,0.016386,0.015663,0.000437
KC,1,60,1,0.004629,0.00419,0.000203
STANDARD,1,60,4,0.028515,0.027809,0.00042
KC,1,60,1,0.006305,0.005944,0.000202
STANDARD,1,60,2,0.008489,0.008009,0.000289
KC,1,60,1,0.005724,0.00532,0.000199
STANDARD,1,60,4,0.028967,0.028167,0.000467
KC,1,60,1,0.005164,0.004773,0.000199
STANDARD,1,60,2,0.008644,0.008237,0.000232
KC,1,60,1,0.005328,0.004961,0.000196
STANDARD,1,60,3,0.015828,0.015078,0.000471
KC,1,60,1,0.003851,0.003521,0.000159
STANDARD,1,60,3,0.017874,0.017129,0.000447
KC,1,60,2,0.007741,0.007121,0.000278
STANDARD,1,60,2,0.009407,0.00897,0.000277
KC,1,60,1,0.004778,0.004478,0.00015
STANDARD,1,60,3,0.018054,0.017375,0.00038
KC,1,60,2,0.007685,0.007108,0.000254
STANDARD,1,60,4,0.029021,0.028006,0.000638
KC,1,60,1,0.005995,0.005631,0.000215
STANDARD,1,60,2,0.009366,0.008956,0.000256
KC,1,60,1,0.005362,0.005042,0.000177
STANDARD,1,60,2,0.008729,0.008263,0.000269
KC,1,60,1,0.006055,0.005637,0.000237
STANDARD,1,60,2,0.008892,0.008372,0.000314
KC,1,60,1,0.005522,0.005133,0.000194
STANDARD,1,60,2,0.00914,0.008556,0.00032
KC,1,60,1,0.005244,0.004948,0.000148
STANDARD,1,60,2,0.005432,0.005278,0.000116
KC,1,60,1,0.004086,0.003825,0.000143
STANDARD,1,60,3,0.012574,0.01223,0.000219
KC,1,60,1,0.004186,0.003872,0.00016
STANDARD,1,60,3,0.016635,0.01588,0.000504
KC,1,60,1,0.004219,0.003877,0.000177
STANDARD,1,60,3,0.011459,0.011227,0.000164
KC,1,60,1,0.002874,0.002646,0.000127
STANDARD,1,60,4,0.020674,0.020344,0.000226
KC,1,60,1,0.003803,0.003569,0.00013
STANDARD,1,60,3,0.012268,0.011851,0.000255
KC,1,60,1,0.004468,0.004063,0.000184
STANDARD,1,60,2,0.008519,0.008127,0.000228
KC,1,60,1,0.005942,0.005529,0.000212
STANDARD,1,60,3,0.018116,0.017325,0.000501
KC,1,60,2,0.00674,0.006241,0.000241
STANDARD,1,60,2,0.007511,0.00707,0.000303
KC,1,60,1,0.005878,0.005441,0.000244
STANDARD,1,60,4,0.024069,0.023528,0.000373
KC,1,60,1,0.003735,0.003495,0.000132
STANDARD,1,60,2,0.005606,0.005439,0.000115
KC,1,60,1,0.004682,0.004403,0.000162
STANDARD,1,60,2,0.005151,0.004999,0.000114
KC,1,60,1,0.004191,0.003966,0.000127
STANDARD,1,60,3,0.013945,0.013566,0.000242
KC,1,60,1,0.003489,0.003214,0.000141
STANDARD,1,60,4,0.028236,0.027452,0.00045
KC,1,60,1,0.005227,0.004853,0.000193
STANDARD,1,60,4,0.029776,0.028952,0.000514
KC,1,60,1,0.005472,0.005074,0.000211
STANDARD,1,60,2,0.005558,0.005399,0.000114
KC,1,60,1,0.004329,0.004084,0.000134
STANDARD,1,60,3,0.012861,0.012601,0.000172
KC,1,60,1,0.002895,0.002658,0.00013
STANDARD,1,60,2,0.005911,0.005759,0.000113
KC,1,60,1,0.004546,0.00432,0.000134
STANDARD,1,60,3,0.013377,0.013113,0.00019
KC,1,60,1,0.003034,0.002802,0.000129
STANDARD,1,60,3,0.011942,0.011702,0.00017
KC,1,60,2,0.005548,0.005141,0.000217
STANDARD,1,60,4,0.025818,0.025478,0.00023
KC,1,60,1,0.004431,0.004198,0.000142
STANDARD,1,60,4,0.025128,0.024752,0.000274
KC,1,60,1,0.004788,0.004559,0.000136
STANDARD,1,60,3,0.013369,0.013126,0.000172
KC,1,60,1,0.003121,0.002882,0.000132
STANDARD,1,60,3,0.013169,0.012925,0.000174
KC,1,60,2,0.005978,0.0056,0.000207
STANDARD,1,60,2,0.005535,0.005379,0.000116
KC,1,60,1,0.004412,0.004183,0.000134
STANDARD,1,80,4,0.020755,0.020434,0.000217
KC,1,80,1,0.00405,0.003812,0.000131
STANDARD,1,80,2,0.005556,0.005411,0.000108
KC,1,80,1,0.004152,0.003936,0.000128
STANDARD,1,80,3,0.011,0.010763,0.000165
KC,1,80,1,0.002665,0.002456,0.000125
STANDARD,1,80,4,0.019865,0.019555,0.000218
KC,1,80,2,0.00547,0.005096,0.000206
STANDARD,1,80,4,0.020995,0.02068,0.000217
KC,1,80,1,0.003733,0.003499,0.000128
STANDARD,1,80,3,0.011375,0.011134,0.000165
KC,1,80,2,0.005416,0.005036,0.000198
STANDARD,1,80,2,0.005729,0.005584,0.000107
KC,1,80,1,0.00406,0.003832,0.000128
STANDARD,1,80,2,0.005702,0.005556,0.000109
KC,1,80,1,0.003808,0.00358,0.000128
STANDARD,1,80,4,0.021846,0.021542,0.000211
KC,1,80,1,0.00378,0.003544,0.000129
STANDARD,1,80,2,0.005166,0.005012,0.000114
KC,1,80,1,0.004147,0.003916,0.000126
STANDARD,1,80,4,0.020286,0.019955,0.000222
KC,1,80,1,0.004021,0.003787,0.00013
STANDARD,1,80,3,0.01113,0.010903,0.00016
KC,1,80,1,0.002726,0.002502,0.000123
STANDARD,1,80,4,0.020472,0.020162,0.000217
KC,1,80,1,0.003875,0.003642,0.000128
STANDARD,1,80,2,0.005119,0.004974,0.000106
KC,1,80,1,0.004077,0.003843,0.000125
STANDARD,1,80,3,0.011983,0.011741,0.000173
KC,1,80,1,0.002952,0.002724,0.000124
STANDARD,1,80,2,0.005067,0.004912,0.000116
KC,1,80,1,0.003998,0.003768,0.000126
STANDARD,1,80,4,0.019495,0.019163,0.000229
KC,1,80,2,0.005223,0.004859,0.000194
STANDARD,1,80,2,0.005452,0.005302,0.000114
KC,1,80,1,0.004123,0.00389,0.000128
STANDARD,1,80,3,0.012259,0.012018,0.000169
KC,1,80,2,0.005248,0.004869,0.000198
STANDARD,1,80,2,0.005902,0.005754,0.00011
KC,1,80,1,0.004262,0.004027,0.000128
STANDARD,1,80,4,0.020408,0.020089,0.00022
KC,1,80,1,0.004126,0.003891,0.00013
STANDARD,1,80,3,0.011092,0.010865,0.000162
KC,1,80,1,0.002906,0.002673,0.000132
STANDARD,1,80,4,0.021054,0.02074,0.000214
KC,1,80,1,0.003563,0.00333,0.00013
STANDARD,1,80,2,0.005491,0.005344,0.000109
KC,1,80,1,0.004103,0.003859,0.000141
STANDARD,1,80,3,0.012434,0.012202,0.000165
KC,1,80,1,0.002962,0.002748,0.000128
STANDARD,1,80,4,0.020257,0.019941,0.000218
KC,1,80,1,0.004095,0.003858,0.000132
STANDARD,1,80,2,0.005354,0.005208,0.00011
KC,1,80,1,0.004261,0.004029,0.000128
STANDARD,1,80,3,0.010821,0.010595,0.000162
KC,1,80,1,0.002756,0.002528,0.000127
STANDARD,1,80,4,0.021118,0.020802,0.000219
KC,1,80,1,0.003935,0.003696,0.000131
STANDARD,1,80,3,0.011843,0.011613,0.000162
KC,1,80,1,0.003004,0.002775,0.000125
STANDARD,1,80,3,0.011009,0.010773,0.000163
KC,1,80,1,0.002986,0.002759,0.000126
STANDARD,1,80,2,0.004976,0.004832,0.000108
KC,1,80,1,0.003805,0.003577,0.000126
STANDARD,1,80,4,0.020029,0.019711,0.000224
KC,1,80,1,0.003763,0.003529,0.000129
STANDARD,1,80,4,0.021658,0.021341,0.000221
KC,1,80,1,0.0037,0.003466,0.00013
STANDARD,1,80,3,0.011159,0.010928,0.000165
KC,1,80,1,0.002927,0.002698,0.000127
STANDARD,1,80,2,0.005112,0.004968,0.000108
KC,1,80,1,0.00412,0.00389,0.000128
STANDARD,1,80,4,0.021595,0.021283,0.000218
KC,1,80,1,0.003801,0.003569,0.00013
STANDARD,1,80,2,0.005249,0.005101,0.000108
KC,1,80,1,0.003846,0.003609,0.000132
STANDARD,1,80,3,0.012067,0.011833,0.000163
KC,1,80,2,0.005346,0.004972,0.000193
STANDARD,1,80,4,0.021227,0.020917,0.000215
KC,1,80,1,0.003865,0.003631,0.00013
STANDARD,1,80,4,0.024431,0.02409,0.000238
KC,1,80,2,0.00586,0.005472,0.000217
STANDARD,1,80,3,0.012577,0.012323,0.000174
KC,1,80,2,0.00607,0.005673,0.000205
STANDARD,1,80,3,0.013289,0.013045,0.000173
KC,1,80,1,0.003151,0.00291,0.000132
STANDARD,1,80,2,0.00582,0.005667,0.000113
KC,1,80,1,0.004394,0.004151,0.000134
STANDARD,1,80,2,0.006228,0.006064,0.000113
KC,1,80,1,0.004416,0.004172,0.000134
STANDARD,1,80,4,0.022584,0.022236,0.000239
KC,1,80,1,0.004081,0.003846,0.00014
STANDARD,1,80,3,0.013756,0.013509,0.000174
KC,1,80,1,0.00315,0.002911,0.000131
STANDARD,1,80,4,0.023733,0.023384,0.000244
KC,1,80,1,0.003914,0.00366,0.000137
STANDARD,1,80,3,0.012395,0.012142,0.000173
KC,1,80,1,0.002928,0.002682,0.000133
STANDARD,1,80,3,0.012535,0.012283,0.000176
KC,1,80,1,0.003079,0.002839,0.000132
STANDARD,1,100,4,0.021806,0.021486,0.000218
KC,1,100,1,0.003859,0.003615,0.000129
STANDARD,1,100,3,0.01156,0.01132,0.000173
KC,1,100,2,0.005394,0.00502,0.000193
STANDARD,1,100,2,0.005261,0.005114,0.000111
KC,1,100,1,0.004145,0.003912,0.000128
STANDARD,1,100,3,0.011642,0.011415,0.000161
KC,1,100,1,0.00271,0.002502,0.000122
STANDARD,1,100,3,0.010969,0.010734,0.00017
KC,1,100,1,0.002967,0.002732,0.000133
STANDARD,1,100,3,0.010954,0.010726,0.000161
KC,1,100,1,0.002656,0.002431,0.000124
STANDARD,1,100,2,0.005514,0.005364,0.000108
KC,1,100,1,0.004177,0.003938,0.000133
STANDARD,1,100,4,0.021243,0.020931,0.000215
KC,1,100,2,0.005251,0.004879,0.000192
STANDARD,1,100,2,0.005101,0.004954,0.00011
KC,1,100,1,0.003901,0.003671,0.000127
STANDARD,1,100,3,0.012412,0.012182,0.000162
KC,1,100,2,0.005624,0.005248,0.000196
STANDARD,1,100,2,0.00563,0.005485,0.000108
KC,1,100,1,0.004128,0.003895,0.000127
STANDARD,1,100,2,0.005117,0.004971,0.000108
KC,1,100,1,0.004035,0.003803,0.000127
STANDARD,1,100,4,0.021261,0.02094,0.000221
KC,1,100,1,0.004117,0.00387,0.000135
STANDARD,1,100,3,0.016924,0.01627,0.000384
KC,1,100,1,0.003881,0.00356,0.00015
STANDARD,1,100,4,0.02798,0.027116,0.000452
KC,1,100,1,0.005982,0.005016,0.000199
STANDARD,1,100,2,0.008759,0.008377,0.000205
KC,1,100,1,0.005428,0.005053,0.000187
STANDARD,1,100,3,0.018015,0.017418,0.000343
KC,1,100,2,0.007216,0.006605,0.000288
STANDARD,1,100,2,0.008966,0.008589,0.000232
KC,1,100,1,0.005439,0.005074,0.000183
STANDARD,1,100,2,0.008955,0.008553,0.000243
KC,1,100,1,0.005805,0.005442,0.000189
STANDARD,1,100,2,0.007746,0.00738,0.000209
KC,1,100,1,0.00587,0.005443,0.000232
STANDARD,1,100,2,0.008739,0.008333,0.00023
KC,1,100,1,0.005229,0.00489,0.000174
STANDARD,1,100,2,0.008572,0.008169,0.000247
KC,1,100,1,0.006348,0.005905,0.000228
STANDARD,1,100,3,0.018571,0.018002,0.000297
KC,1,100,1,0.004155,0.003849,0.000162
STANDARD,1,100,4,0.028521,0.027464,0.000646
KC,1,100,1,0.005126,0.004729,0.000192
STANDARD,1,100,4,0.028206,0.027193,0.000571
KC,1,100,2,0.008453,0.007867,0.000251
STANDARD,1,100,3,0.015812,0.015081,0.000416
KC,1,100,1,0.003805,0.003486,0.000154
STANDARD,1,100,3,0.016955,0.016277,0.000388
KC,1,100,2,0.008132,0.00742,0.000318
STANDARD,1,100,4,0.028766,0.027914,0.000493
KC,1,100,1,0.005727,0.005269,0.000255
STANDARD,1,100,4,0.028467,0.027558,0.000518
KC,1,100,1,0.005618,0.005238,0.000192
STANDARD,1,100,3,0.016214,0.015563,0.000405
KC,1,100,1,0.003514,0.003209,0.000143
STANDARD,1,100,3,0.01681,0.016181,0.000369
KC,1,100,1,0.004875,0.00451,0.000183
STANDARD,1,100,3,0.017684,0.016941,0.00042
KC,1,100,2,0.007194,0.006616,0.000276
STANDARD,1,100,3,0.017257,0.016551,0.000444
KC,1,100,1,0.003288,0.002973,0.000144
STANDARD,1,100,4,0.028864,0.028047,0.000455
KC,1,100,1,0.00518,0.004839,0.000169
STANDARD,1,100,4,0.028837,0.027976,0.000508
KC,1,100,1,0.005323,0.004886,0.000215
STANDARD,1,100,3,0.015872,0.01526,0.00034
KC,1,100,2,0.007069,0.006445,0.000281
STANDARD,1,100,2,0.009427,0.009029,0.000244
KC,1,100,1,0.005401,0.005087,0.000155
STANDARD,1,100,3,0.017002,0.016308,0.000426
KC,1,100,1,0.003777,0.003443,0.000158
STANDARD,1,100,2,0.008485,0.008031,0.000274
KC,1,100,1,0.005449,0.005161,0.000153
STANDARD,1,100,2,0.008143,0.007871,0.000169
KC,1,100,1,0.005573,0.005209,0.000185
STANDARD,1,100,3,0.01822,0.017368,0.000511
KC,1,100,1,0.004573,0.004184,0.000183
STANDARD,1,100,4,0.032537,0.03163,0.000535
KC,1,100,1,0.006581,0.00609,0.000253
STANDARD,1,100,3,0.017926,0.0171,0.000546
KC,1,100,1,0.004599,0.004221,0.000183
STANDARD,1,100,4,0.031752,0.03065,0.000681
KC,1,100,1,0.005925,0.005505,0.000248
STANDARD,1,100,4,0.031172,0.030147,0.000608
KC,1,100,1,0.005492,0.005112,0.000198
STANDARD,1,100,3,0.018281,0.017438,0.000521
KC,1,100,2,0.007558,0.006981,0.000247
STANDARD,1,100,2,0.008712,0.008378,0.000214
KC,1,100,1,0.006238,0.005824,0.000205
STANDARD,1,100,4,0.030681,0.029671,0.000598
KC,1,100,1,0.0058,0.005355,0.000243
STANDARD,1,100,3,0.019529,0.018886,0.00038
KC,1,100,2,0.008027,0.00747,0.000259
STANDARD,1,100,4,0.03119,0.030229,0.00056
KC,1,100,2,0.008009,0.007443,0.000245
STANDARD,11,0,3,0.018875,0.015645,0.002965
KC,11,0,1,0.044678,0.040362,0.002088
STANDARD,11,0,14,0.378538,0.363892,0.013461
KC,11,0,1,0.024419,0.02077,0.001749
STANDARD,11,0,10,0.182618,0.17155,0.010257
KC,11,0,1,0.028845,0.024006,0.002132
STANDARD,11,0,2,0.009394,0.007303,0.001968
KC,11,0,1,0.040067,0.035506,0.002294
STANDARD,11,0,2,0.010553,0.008173,0.002183
KC,11,0,1,0.041794,0.037672,0.00196
STANDARD,11,0,4,0.02996,0.025545,0.004074
KC,11,0,1,0.038542,0.034735,0.00188
STANDARD,11,0,12,0.299785,0.28473,0.013644
KC,11,0,1,0.021524,0.016553,0.001798
STANDARD,11,0,15,0.534314,0.515776,0.016741
KC,11,0,1,0.020083,0.016181,0.002139
STANDARD,11,0,12,0.295353,0.278929,0.014872
KC,11,0,1,0.022464,0.017942,0.00245
STANDARD,11,0,9,0.152157,0.139553,0.011509
KC,11,0,1,0.025307,0.019731,0.002359
STANDARD,11,0,17,0.73967,0.718406,0.019237
KC,11,0,1,0.019814,0.016965,0.001466
STANDARD,11,0,14,0.38752,0.373893,0.012447
KC,11,0,1,0.015894,0.013231,0.001447
STANDARD,11,0,3,0.013373,0.011285,0.00202
KC,11,0,1,0.026683,0.023812,0.001453
STANDARD,11,0,16,0.470465,0.459064,0.010878
KC,11,0,1,0.017208,0.014545,0.00146
STANDARD,11,0,12,0.228519,0.219815,0.008311
KC,11,0,1,0.016391,0.013531,0.001449
STANDARD,11,0,4,0.023507,0.020676,0.002721
KC,11,0,1,0.024584,0.021797,0.001561
STANDARD,11,0,12,0.244492,0.235781,0.008319
KC,11,0,1,0.013155,0.01031,0.001441
STANDARD,11,0,10,0.158545,0.151442,0.006779
KC,11,0,1,0.020646,0.017761,0.001481
STANDARD,11,0,4,0.023084,0.020268,0.002708
KC,11,0,1,0.028234,0.025358,0.001462
STANDARD,11,0,14,0.398961,0.388756,0.009752
KC,11,0,1,0.015878,0.01309,0.001463
STANDARD,11,0,13,0.276872,0.267397,0.009044
KC,11,0,1,0.018387,0.015757,0.001439
STANDARD,11,0,14,0.45323,0.440611,0.011772
KC,11,0,1,0.022457,0.018119,0.002069
STANDARD,11,0,14,0.433124,0.416032,0.015524
KC,11,0,1,0.01886,0.01434,0.00205
STANDARD,11,0,12,0.2745,0.259032,0.013828
KC,11,0,1,0.020135,0.015721,0.002061
STANDARD,11,0,2,0.011158,0.008727,0.002255
KC,11,0,1,0.04217,0.037593,0.002538
STANDARD,11,0,2,0.010532,0.008395,0.001952
KC,11,0,1,0.036277,0.03206,0.002147
STANDARD,11,0,4,0.034607,0.029738,0.004446
KC,11,0,1,0.040641,0.035855,0.002059
STANDARD,11,0,14,0.446501,0.429207,0.015502
KC,11,0,1,0.02265,0.018509,0.001902
STANDARD,11,0,2,0.011402,0.009186,0.002032
KC,11,0,1,0.042892,0.039079,0.001554
STANDARD,11,0,4,0.024501,0.021009,0.003276
KC,11,0,1,0.042217,0.037901,0.002047
STANDARD,11,0,4,0.025968,0.023167,0.002691
KC,11,0,1,0.039707,0.036418,0.001799
STANDARD,11,0,12,0.2986,0.283767,0.013605
KC,11,0,1,0.025544,0.021162,0.002077
STANDARD,11,0,10,0.191396,0.178214,0.011759
KC,11,0,1,0.0315,0.02696,0.001995
STANDARD,11,0,2,0.009876,0.007724,0.001959
KC,11,0,1,0.03817,0.033093,0.002375
STANDARD,11,0,3,0.021508,0.017711,0.00343
KC,11,0,1,0.041435,0.037164,0.0022
STANDARD,11,0,2,0.010574,0.008779,0.001673
KC,11,0,1,0.046406,0.042285,0.001854
STANDARD,11,0,3,0.020147,0.017308,0.002584
KC,11,0,1,0.032573,0.027837,0.002181
STANDARD,11,0,5,0.050114,0.043534,0.006029
KC,11,0,1,0.035479,0.030904,0.002293
STANDARD,11,0,3,0.020792,0.0169,0.003497
KC,11,0,1,0.035897,0.032063,0.00204
STANDARD,11,0,4,0.031469,0.026221,0.004812
KC,11,0,1,0.03942,0.034606,0.002359
STANDARD,11,0,10,0.223474,0.208927,0.013277
KC,11,0,1,0.028056,0.022741,0.002764
STANDARD,11,0,10,0.235811,0.221681,0.012861
KC,11,0,1,0.030018,0.025148,0.002494
STANDARD,11,0,2,0.011197,0.008536,0.002499
KC,11,0,1,0.046752,0.041329,0.002293
STANDARD,11,0,9,0.166045,0.154149,0.010741
KC,11,0,1,0.028139,0.023213,0.002621
STANDARD,11,0,10,0.217431,0.201631,0.014483
KC,11,0,1,0.026509,0.022026,0.001759
STANDARD,11,0,3,0.015338,0.013074,0.002182
KC,11,0,1,0.032349,0.0287,0.002082
STANDARD,11,0,4,0.037488,0.031612,0.005448
KC,11,0,1,0.041884,0.037863,0.002062
STANDARD,11,0,2,0.010201,0.008367,0.001736
KC,11,0,1,0.034899,0.031698,0.00162
STANDARD,11,0,3,0.01456,0.012287,0.00218
KC,11,0,1,0.033533,0.030208,0.001958
STANDARD,11,0,4,0.038517,0.032372,0.005641
KC,11,0,1,0.044744,0.040011,0.002287
STANDARD,11,20,2,0.006513,0.005126,0.001348
KC,11,20,1,0.032378,0.02951,0.001458
STANDARD,11,20,3,0.013448,0.011325,0.002045
KC,11,20,1,0.026031,0.023156,0.001468
STANDARD,11,20,15,0.38246,0.371777,0.010209
KC,11,20,1,0.012405,0.009539,0.001463
STANDARD,11,20,3,0.014607,0.01247,0.002061
KC,11,20,1,0.027677,0.025001,0.001466
STANDARD,11,20,3,0.013235,0.01112,0.002041
KC,11,20,1,0.026952,0.02394,0.001466
STANDARD,11,20,5,0.036897,0.033344,0.003406
KC,11,20,1,0.030791,0.027909,0.00146
STANDARD,11,20,2,0.007382,0.00598,0.001364
KC,11,20,1,0.027827,0.025145,0.001471
STANDARD,11,20,2,0.006524,0.005107,0.001379
KC,11,20,1,0.030207,0.02754,0.001461
STANDARD,11,20,4,0.023208,0.020381,0.002714
KC,11,20,1,0.028691,0.025812,0.001467
STANDARD,11,20,16,0.559411,0.547929,0.010972
KC,11,20,1,0.018743,0.016092,0.001456
STANDARD,11,20,4,0.025,0.02213,0.00276
KC,11,20,1,0.030531,0.027856,0.001451
STANDARD,11,20,3,0.013359,0.011224,0.002056
KC,11,20,1,0.027248,0.024369,0.00146
STANDARD,11,20,7,0.067994,0.062975,0.004812
KC,11,20,1,0.021255,0.018448,0.00148
STANDARD,11,20,2,0.00709,0.00569,0.001363
KC,11,20,1,0.034706,0.031822,0.001462
STANDARD,11,20,12,0.246416,0.237881,0.008151
KC,11,20,1,0.014631,0.011743,0.001477
STANDARD,11,20,12,0.248701,0.240155,0.00815
KC,11,20,1,0.02036,0.017486,0.001465
STANDARD,11,20,2,0.006503,0.005118,0.001348
KC,11,20,1,0.02912,0.026389,0.001392
STANDARD,11,20,14,0.42531,0.408052,0.015814
KC,11,20,1,0.022355,0.018023,0.002072
STANDARD,11,20,4,0.035656,0.030513,0.004698
KC,11,20,1,0.04768,0.043313,0.002019
STANDARD,11,20,4,0.033121,0.028141,0.004603
KC,11,20,1,0.034297,0.030351,0.001749
STANDARD,11,20,3,0.021211,0.017669,0.00323
KC,11,20,1,0.044161,0.040238,0.001958
STANDARD,11,20,15,0.557,0.535966,0.018988
KC,11,20,1,0.027883,0.02352,0.0023
STANDARD,11,20,13,0.362501,0.345102,0.015707
KC,11,20,1,0.02287,0.018187,0.001902
STANDARD,11,20,13,0.342619,0.327408,0.013822
KC,11,20,1,0.014882,0.012216,0.001468
STANDARD,11,20,19,1.43869,1.41676,0.020054
KC,11,20,1,0.038334,0.032394,0.002616
STANDARD,11,20,13,0.464949,0.443634,0.019547
KC,11,20,1,0.020528,0.015544,0.002388
STANDARD,11,20,4,0.034172,0.02817,0.005522
KC,11,20,1,0.038612,0.033526,0.002458
STANDARD,11,20,4,0.035548,0.030064,0.005034
KC,11,20,1,0.037348,0.032342,0.002345
STANDARD,11,20,18,0.771016,0.743534,0.025239
KC,11,20,1,0.02417,0.02038,0.002024
STANDARD,11,20,12,0.286156,0.271115,0.013964
KC,11,20,1,0.013739,0.010413,0.00177
STANDARD,11,20,3,0.014308,0.011632,0.002601
KC,11,20,1,0.025706,0.022037,0.001766
STANDARD,11,20,8,0.082629,0.075403,0.006953
KC,11,20,1,0.031635,0.028297,0.001777
STANDARD,11,20,13,0.310233,0.298285,0.011511
KC,11,20,1,0.017625,0.014067,0.001771
STANDARD,11,20,4,0.023208,0.019622,0.003472
KC,11,20,1,0.02548,0.021928,0.001773
STANDARD,11,20,4,0.022984,0.019256,0.00361
KC,11,20,1,0.025359,0.021813,0.001785
STANDARD,11,20,12,0.264228,0.253355,0.010481
KC,11,20,1,0.017409,0.013863,0.00178
STANDARD,11,20,16,0.479814,0.464705,0.014082
KC,11,20,1,0.017504,0.014158,0.001771
STANDARD,11,20,2,0.006907,0.00513,0.001736
KC,11,20,1,0.029894,0.026314,0.001768
STANDARD,11,20,2,0.007062,0.005287,0.001735
KC,11,20,1,0.035016,0.03166,0.001794
STANDARD,11,20,2,0.007577,0.0058,0.001737
KC,11,20,1,0.030192,0.026707,0.001709
STANDARD,11,20,2,0.00768,0.005772,0.001861
KC,11,20,1,0.032988,0.029187,0.001906
STANDARD,11,20,5,0.036682,0.031839,0.004681
KC,11,20,1,0.029456,0.025897,0.001892
STANDARD,11,20,9,0.136579,0.127335,0.008928
KC,11,20,1,0.025278,0.02172,0.001955
STANDARD,11,20,3,0.016407,0.01329,0.003032
KC,11,20,1,0.031929,0.028134,0.001909
STANDARD,11,20,2,0.007604,0.005692,0.001864
KC,11,20,1,0.031677,0.027865,0.001908
STANDARD,11,20,7,0.07926,0.072236,0.006775
KC,11,20,1,0.031809,0.027253,0.00264
STANDARD,11,20,4,0.038577,0.032729,0.005384
KC,11,20,1,0.039799,0.034471,0.002842
STANDARD,11,20,11,0.282224,0.262894,0.017844
KC,11,20,1,0.027554,0.021319,0.002906
STANDARD,11,20,2,0.012403,0.009736,0.002493
KC,11,20,1,0.041277,0.036202,0.002553
STANDARD,11,20,6,0.085594,0.075829,0.008968
KC,11,20,1,0.037288,0.031669,0.002815
STANDARD,11,40,16,0.64838,0.623337,0.022874
KC,11,40,1,0.025609,0.019906,0.002725
STANDARD,11,40,2,0.011116,0.008469,0.002479
KC,11,40,1,0.043125,0.037955,0.002461
STANDARD,11,40,10,0.204746,0.190124,0.013251
KC,11,40,1,0.02379,0.01867,0.002347
STANDARD,11,40,14,0.441989,0.423203,0.017406
KC,11,40,1,0.024343,0.019647,0.002039
STANDARD,11,40,16,0.556937,0.534682,0.020387
KC,11,40,1,0.023139,0.018485,0.001964
STANDARD,11,40,17,0.770182,0.744713,0.023213
KC,11,40,1,0.028427,0.023506,0.002232
STANDARD,11,40,15,0.580828,0.558732,0.020074
KC,11,40,1,0.02764,0.022272,0.002474
STANDARD,11,40,3,0.022149,0.017589,0.004209
KC,11,40,1,0.041511,0.036121,0.002554
STANDARD,11,40,10,0.211721,0.197213,0.01336
KC,11,40,1,0.020789,0.016845,0.002309
STANDARD,11,40,2,0.011958,0.009192,0.002593
KC,11,40,1,0.036521,0.032986,0.001787
STANDARD,11,40,4,0.024475,0.020892,0.00347
KC,11,40,1,0.040312,0.035151,0.002759
STANDARD,11,40,2,0.009998,0.007681,0.002178
KC,11,40,1,0.040755,0.035456,0.002437
STANDARD,11,40,8,0.087123,0.079137,0.007605
KC,11,40,1,0.032401,0.028754,0.002072
STANDARD,11,40,4,0.034607,0.028656,0.005473
KC,11,40,1,0.038958,0.033236,0.002275
STANDARD,11,40,7,0.075056,0.068742,0.006086
KC,11,40,1,0.019788,0.016304,0.001796
STANDARD,11,40,11,0.193118,0.183098,0.00966
KC,11,40,1,0.01862,0.015076,0.001777
STANDARD,11,40,3,0.014915,0.0122,0.002633
KC,11,40,1,0.02468,0.021351,0.001771
STANDARD,11,40,3,0.014945,0.012253,0.002615
KC,11,40,1,0.037288,0.033951,0.001779
STANDARD,11,40,15,0.434642,0.421086,0.01305
KC,11,40,1,0.019528,0.015947,0.001794
STANDARD,11,40,4,0.023807,0.02021,0.003482
KC,11,40,1,0.031519,0.027992,0.001753
STANDARD,11,40,18,0.669147,0.652785,0.015759
KC,11,40,1,0.023299,0.019631,0.001878
STANDARD,11,40,2,0.007171,0.005391,0.00174
KC,11,40,1,0.028119,0.024557,0.001784
STANDARD,11,40,2,0.007108,0.005329,0.001737
KC,11,40,1,0.033892,0.030344,0.001778
STANDARD,11,40,4,0.022183,0.018609,0.003467
KC,11,40,1,0.024575,0.021008,0.001798
STANDARD,11,40,12,0.238147,0.227343,0.010414
KC,11,40,1,0.018758,0.015197,0.001772
STANDARD,11,40,3,0.014046,0.011364,0.002606
KC,11,40,1,0.025961,0.022434,0.001767
STANDARD,11,40,10,0.192349,0.183324,0.0087
KC,11,40,1,0.020841,0.016629,0.002153
STANDARD,11,40,2,0.011259,0.008785,0.002276
KC,11,40,1,0.041568,0.036228,0.002567
STANDARD,11,40,2,0.01187,0.009513,0.002183
KC,11,40,1,0.037714,0.033265,0.002133
STANDARD,11,40,2,0.011408,0.008429,0.002696
KC,11,40,1,0.039008,0.034224,0.002164
STANDARD,11,40,8,0.119899,0.108864,0.010031
KC,11,40,1,0.042789,0.037888,0.002294
STANDARD,11,40,2,0.010835,0.008408,0.002282
KC,11,40,1,0.040787,0.035843,0.00254
STANDARD,11,40,4,0.033981,0.028212,0.005269
KC,11,40,1,0.035699,0.0305,0.00224
STANDARD,11,40,3,0.020463,0.015956,0.004182
KC,11,40,1,0.034533,0.029453,0.002296
STANDARD,11,40,5,0.052459,0.044561,0.007292
KC,11,40,1,0.040177,0.034126,0.003015
STANDARD,11,40,16,0.624446,0.599401,0.022639
KC,11,40,1,0.023322,0.018051,0.002381
STANDARD,11,40,2,0.011788,0.008416,0.003175
KC,11,40,1,0.041613,0.036966,0.002328
STANDARD,11,40,2,0.011634,0.009155,0.00231
KC,11,40,1,0.042504,0.036972,0.002425
STANDARD,11,40,14,0.447023,0.427516,0.017973
KC,11,40,1,0.022643,0.018149,0.002418
STANDARD,11,40,3,0.020351,0.016772,0.003397
KC,11,40,1,0.042343,0.038068,0.002329
STANDARD,11,40,2,0.007995,0.006081,0.001855
KC,11,40,1,0.039336,0.034843,0.00238
STANDARD,11,40,2,0.012409,0.009515,0.002752
KC,11,40,1,0.04153,0.036006,0.00238
STANDARD,11,40,3,0.023757,0.019291,0.004047
KC,11,40,1,0.044971,0.039632,0.002547
STANDARD,11,40,3,0.023933,0.019316,0.004276
KC,11,40,1,0.045343,0.039458,0.003026
STANDARD,11,40,12,0.336453,0.317644,0.017168
KC,11,40,1,0.0251,0.019619,0.002588
STANDARD,11,40,2,0.012206,0.00884,0.003209
KC,11,40,1,0.043177,0.037353,0.003027
STANDARD,11,40,14,0.510718,0.487874,0.02082
KC,11,40,1,0.026163,0.021155,0.002278
STANDARD,11,40,2,0.011008,0.008326,0.002523
KC,11,40,1,0.043676,0.038844,0.002357
STANDARD,11,40,2,0.012333,0.009353,0.002748
KC,11,40,1,0.044276,0.03869,0.002814
STANDARD,11,40,12,0.3538,0.333172,0.018987
KC,11,40,1,0.022479,0.017567,0.002567
STANDARD,11,60,2,0.011612,0.008905,0.00242
KC,11,60,1,0.036023,0.031277,0.002331
STANDARD,11,60,3,0.019879,0.016369,0.00324
KC,11,60,1,0.037531,0.032752,0.00201
STANDARD,11,60,13,0.34314,0.327943,0.014189
KC,11,60,1,0.02004,0.0152,0.001893
STANDARD,11,60,2,0.008087,0.006186,0.00186
KC,11,60,1,0.040247,0.036699,0.001852
STANDARD,11,60,11,0.242713,0.22734,0.014099
KC,11,60,1,0.01998,0.01648,0.001804
STANDARD,11,60,8,0.091424,0.084203,0.006959
KC,11,60,1,0.026011,0.022351,0.001764
STANDARD,11,60,3,0.013057,0.010382,0.002599
KC,11,60,1,0.031808,0.028355,0.001767
STANDARD,11,60,2,0.007541,0.005756,0.001743
KC,11,60,1,0.033529,0.029964,0.001806
STANDARD,11,60,7,0.074547,0.068218,0.006103
KC,11,60,1,0.028725,0.025178,0.001781
STANDARD,11,60,3,0.014666,0.01192,0.002659
KC,11,60,1,0.027889,0.024315,0.001785
STANDARD,11,60,2,0.007124,0.005341,0.001733
KC,11,60,1,0.032905,0.029444,0.001774
STANDARD,11,60,5,0.032992,0.028387,0.004455
KC,11,60,1,0.028464,0.025068,0.001832
STANDARD,11,60,16,0.5089,0.494379,0.013991
KC,11,60,1,0.020889,0.017555,0.001777
STANDARD,11,60,4,0.024329,0.020726,0.003486
KC,11,60,1,0.031874,0.028312,0.001789
STANDARD,11,60,4,0.02428,0.020681,0.003488
KC,11,60,1,0.027122,0.023782,0.001792
STANDARD,11,60,2,0.007044,0.00527,0.001735
KC,11,60,1,0.028435,0.024935,0.001794
STANDARD,11,60,2,0.007167,0.005383,0.001745
KC,11,60,1,0.033037,0.029503,0.001758
STANDARD,11,60,12,0.252259,0.241261,0.010594
KC,11,60,1,0.019675,0.016102,0.001793
STANDARD,11,60,17,0.566353,0.550775,0.015015
KC,11,60,1,0.020163,0.016625,0.001782
STANDARD,11,60,2,0.00775,0.005962,0.001743
KC,11,60,1,0.036428,0.032887,0.001784
STANDARD,11,60,14,0.448526,0.427331,0.019411
KC,11,60,1,0.024173,0.019609,0.002239
STANDARD,11,60,19,1.2296,1.20081,0.026217
KC,11,60,1,0.033528,0.027633,0.002784
STANDARD,11,60,10,0.231626,0.214611,0.01568
KC,11,60,1,0.024076,0.019527,0.001857
STANDARD,11,60,13,0.34327,0.326714,0.015356
KC,11,60,1,0.022215,0.017527,0.00213
STANDARD,11,60,4,0.025123,0.021404,0.003604
KC,11,60,1,0.029997,0.025525,0.002114
STANDARD,11,60,7,0.093318,0.083027,0.009531
KC,11,60,1,0.02778,0.022926,0.002588
STANDARD,11,60,16,0.544763,0.520539,0.022034
KC,11,60,1,0.023474,0.018421,0.002447
STANDARD,11,60,9,0.160804,0.146261,0.013402
KC,11,60,1,0.029889,0.024403,0.002314
STANDARD,11,60,3,0.021416,0.017454,0.003746
KC,11,60,1,0.041269,0.036247,0.00243
STANDARD,11,60,3,0.020335,0.016521,0.003451
KC,11,60,1,0.043094,0.038427,0.002277
STANDARD,11,60,14,0.474607,0.454223,0.018648
KC,11,60,1,0.023379,0.018372,0.002443
STANDARD,11,60,2,0.011976,0.009372,0.002495
KC,11,60,1,0.035012,0.030675,0.002249
STANDARD,11,60,2,0.011199,0.008676,0.002322
KC,11,60,1,0.041573,0.036033,0.002513
STANDARD,11,60,2,0.012042,0.00913,0.002754
KC,11,60,1,0.047687,0.042922,0.002499
STANDARD,11,60,8,0.120042,0.107739,0.011229
KC,11,60,1,0.018213,0.014382,0.001793
STANDARD,11,60,2,0.007668,0.005883,0.001746
KC,11,60,1,0.038273,0.033158,0.00253
STANDARD,11,60,12,0.281765,0.267588,0.013248
KC,11,60,1,0.015442,0.011709,0.001821
STANDARD,11,60,4,0.026252,0.022032,0.004045
KC,11,60,1,0.029717,0.026165,0.00179
STANDARD,11,60,10,0.193842,0.180604,0.01217
KC,11,60,1,0.017866,0.014326,0.001771
STANDARD,11,60,11,0.192927,0.183009,0.009566
KC,11,60,1,0.019985,0.016637,0.001788
STANDARD,11,60,21,8.55003,8.52722,0.021718
KC,11,60,1,0.023318,0.019476,0.001919
STANDARD,11,60,2,0.008349,0.006441,0.001863
KC,11,60,1,0.031362,0.027558,0.0019
STANDARD,11,60,2,0.007666,0.005751,0.001869
KC,11,60,1,0.03263,0.029046,0.001914
STANDARD,11,60,2,0.008124,0.006217,0.001863
KC,11,60,1,0.03132,0.027728,0.001908
STANDARD,11,60,14,0.44396,0.43025,0.013202
KC,11,60,1,0.015963,0.012167,0.001921
STANDARD,11,60,13,0.323281,0.310663,0.01214
KC,11,60,1,0.016796,0.013205,0.001915
STANDARD,11,60,3,0.01599,0.013113,0.002793
KC,11,60,1,0.033653,0.030056,0.001908
STANDARD,11,60,3,0.015863,0.012978,0.0028
KC,11,60,1,0.033892,0.030324,0.001902
STANDARD,11,60,2,0.00823,0.006336,0.001851
KC,11,60,1,0.026154,0.022329,0.001924
STANDARD,11,60,4,0.026061,0.022226,0.003712
KC,11,60,1,0.030676,0.027092,0.001912
STANDARD,11,80,9,0.120272,0.112098,0.007877
KC,11,80,1,0.017795,0.014213,0.001804
STANDARD,11,80,17,0.571677,0.556184,0.014929
KC,11,80,1,0.020286,0.016724,0.001788
STANDARD,11,80,13,0.396479,0.377363,0.017517
KC,11,80,1,0.021867,0.017152,0.0026
STANDARD,11,80,4,0.033826,0.027937,0.005414
KC,11,80,1,0.040963,0.035967,0.002341
STANDARD,11,80,5,0.049697,0.042267,0.00687
KC,11,80,1,0.047061,0.041455,0.002427
STANDARD,11,80,9,0.139443,0.126293,0.012028
KC,11,80,1,0.039395,0.03393,0.002331
STANDARD,11,80,4,0.035387,0.028579,0.006385
KC,11,80,1,0.035493,0.031056,0.002517
STANDARD,11,80,2,0.012017,0.009187,0.002618
KC,11,80,1,0.03894,0.033781,0.002326
STANDARD,11,80,3,0.020273,0.016015,0.003981
KC,11,80,1,0.042282,0.037084,0.002323
STANDARD,11,80,12,0.328283,0.311382,0.015546
KC,11,80,1,0.021281,0.016349,0.0025
STANDARD,11,80,12,0.305436,0.287684,0.016411
KC,11,80,1,0.02107,0.017648,0.001853
STANDARD,11,80,18,0.777961,0.750926,0.025356
KC,11,80,1,0.023133,0.017906,0.002337
STANDARD,11,80,12,0.312417,0.294187,0.016777
KC,11,80,1,0.023128,0.017672,0.002418
STANDARD,11,80,10,0.212509,0.196955,0.014133
KC,11,80,1,0.047955,0.042868,0.002488
STANDARD,11,80,3,0.020508,0.016747,0.003496
KC,11,80,1,0.038833,0.03406,0.002699
STANDARD,11,80,9,0.152099,0.139185,0.011718
KC,11,80,1,0.026422,0.021417,0.002352
STANDARD,11,80,2,0.01105,0.007959,0.002902
KC,11,80,1,0.040752,0.035515,0.003065
STANDARD,11,80,3,0.020083,0.015969,0.003822
KC,11,80,1,0.04241,0.0377,0.002107
STANDARD,11,80,2,0.01195,0.0091,0.002649
KC,11,80,1,0.040797,0.035368,0.002514
STANDARD,11,80,3,0.023156,0.019193,0.003642
KC,11,80,1,0.035566,0.031201,0.002158
STANDARD,11,80,10,0.195628,0.180652,0.013738
KC,11,80,1,0.023067,0.018272,0.002145
STANDARD,11,80,2,0.007522,0.00572,0.00175
KC,11,80,1,0.037672,0.033688,0.002366
STANDARD,11,80,4,0.032924,0.027348,0.005227
KC,11,80,1,0.027156,0.023575,0.001799
STANDARD,11,80,3,0.014463,0.011761,0.002626
KC,11,80,1,0.040017,0.034753,0.002394
STANDARD,11,80,14,0.431328,0.412417,0.017308
KC,11,80,1,0.016591,0.013237,0.001792
STANDARD,11,80,17,0.571803,0.55627,0.014953
KC,11,80,1,0.014633,0.011288,0.001778
STANDARD,11,80,14,0.393574,0.380892,0.012204
KC,11,80,1,0.018761,0.015204,0.001791
STANDARD,11,80,2,0.007126,0.005346,0.00174
KC,11,80,1,0.030187,0.026633,0.001779
STANDARD,11,80,13,0.291549,0.279834,0.011287
KC,11,80,1,0.016456,0.012896,0.001769
STANDARD,11,80,14,0.36138,0.348288,0.012145
KC,11,80,1,0.016218,0.012682,0.001772
STANDARD,11,80,2,0.007272,0.005477,0.001754
KC,11,80,1,0.032793,0.029266,0.001778
STANDARD,11,80,10,0.163442,0.15443,0.008693
KC,11,80,1,0.020556,0.017027,0.001772
STANDARD,11,80,2,0.007478,0.005698,0.001739
KC,11,80,1,0.035131,0.03161,0.00175
STANDARD,11,80,3,0.013546,0.010857,0.0026
KC,11,80,1,0.029061,0.025495,0.001772
STANDARD,11,80,4,0.023171,0.019587,0.003457
KC,11,80,1,0.032913,0.029361,0.001779
STANDARD,11,80,9,0.127924,0.119729,0.007899
KC,11,80,1,0.02484,0.021295,0.001789
STANDARD,11,80,2,0.007485,0.0057,0.001742
KC,11,80,1,0.039888,0.035546,0.002419
STANDARD,11,80,3,0.022435,0.01779,0.004288
KC,11,80,1,0.037643,0.032607,0.002387
STANDARD,11,80,3,0.020564,0.016391,0.003833
KC,11,80,1,0.032998,0.02881,0.002207
STANDARD,11,80,4,0.032828,0.026736,0.005596
KC,11,80,1,0.03492,0.030403,0.002462
STANDARD,11,80,12,0.364953,0.345743,0.017554
KC,11,80,1,0.024342,0.019337,0.002508
STANDARD,11,80,2,0.011929,0.009217,0.002533
KC,11,80,1,0.04599,0.039927,0.002618
STANDARD,11,80,17,0.830138,0.80348,0.024292
KC,11,80,1,0.030533,0.024803,0.002558
STANDARD,11,80,2,0.011808,0.009277,0.00243
KC,11,80,1,0.041411,0.035676,0.002581
STANDARD,11,80,2,0.012215,0.009295,0.002724
KC,11,80,1,0.040991,0.035321,0.002584
STANDARD,11,80,4,0.030146,0.026226,0.003774
KC,11,80,1,0.046348,0.041477,0.002598
STANDARD,11,80,4,0.026265,0.022397,0.003745
KC,11,80,1,0.028251,0.024675,0.001907
STANDARD,11,80,3,0.023924,0.018879,0.004714
KC,11,80,1,0.040034,0.033906,0.002761
STANDARD,11,80,2,0.011974,0.009035,0.002778
KC,11,80,1,0.038571,0.033858,0.002247
STANDARD,11,80,11,0.23957,0.22405,0.014451
KC,11,80,1,0.02561,0.019666,0.002593
STANDARD,11,100,14,0.420508,0.399691,0.019015
KC,11,100,1,0.012286,0.008076,0.002182
STANDARD,11,100,17,0.735583,0.711479,0.02189
KC,11,100,1,0.017154,0.011844,0.00218
STANDARD,11,100,2,0.010799,0.008399,0.002229
KC,11,100,1,0.038394,0.032511,0.0025
STANDARD,11,100,4,0.03428,0.028391,0.005431
KC,11,100,1,0.038577,0.032812,0.002412
STANDARD,11,100,9,0.158787,0.14571,0.012019
KC,11,100,1,0.022118,0.017071,0.002358
STANDARD,11,100,11,0.23608,0.218358,0.016208
KC,11,100,1,0.02323,0.0179,0.002619
STANDARD,11,100,2,0.011852,0.008943,0.002744
KC,11,100,1,0.032727,0.02911,0.001812
STANDARD,11,100,3,0.020644,0.016586,0.003742
KC,11,100,1,0.034909,0.029442,0.002198
STANDARD,11,100,10,0.189849,0.178274,0.010737
KC,11,100,1,0.017989,0.013417,0.002088
STANDARD,11,100,2,0.010585,0.00791,0.002567
KC,11,100,1,0.029061,0.025687,0.001805
STANDARD,11,100,5,0.03859,0.033816,0.004596
KC,11,100,1,0.029465,0.025607,0.002075
STANDARD,11,100,13,0.318871,0.297306,0.015022
KC,11,100,1,0.009021,0.00573,0.001734
STANDARD,11,100,3,0.013655,0.010956,0.002622
KC,11,100,1,0.038182,0.034628,0.001781
STANDARD,11,100,2,0.007456,0.005673,0.001742
KC,11,100,1,0.029836,0.026271,0.001774
STANDARD,11,100,2,0.007554,0.005742,0.00177
KC,11,100,1,0.028379,0.024718,0.001774
STANDARD,11,100,6,0.051359,0.045844,0.005324
KC,11,100,1,0.016595,0.013067,0.001761
STANDARD,11,100,3,0.013903,0.01121,0.002614
KC,11,100,1,0.023399,0.019857,0.001768
STANDARD,11,100,2,0.00708,0.005172,0.001866
KC,11,100,1,0.03387,0.030397,0.001774
STANDARD,11,100,3,0.014085,0.011398,0.002606
KC,11,100,1,0.026204,0.022744,0.00177
STANDARD,11,100,4,0.024147,0.020569,0.003469
KC,11,100,1,0.026544,0.023078,0.001772
STANDARD,11,100,16,0.476257,0.461733,0.013984
KC,11,100,1,0.010932,0.007403,0.001763
STANDARD,11,100,2,0.007737,0.00596,0.001735
KC,11,100,1,0.026232,0.022887,0.001781
STANDARD,11,100,2,0.006858,0.005077,0.001741
KC,11,100,1,0.026148,0.022618,0.001768
STANDARD,11,100,12,0.237316,0.226529,0.010395
KC,11,100,1,0.009741,0.006219,0.001763
STANDARD,11,100,2,0.007116,0.005333,0.001743
KC,11,100,1,0.037333,0.033803,0.001764
STANDARD,11,100,4,0.024388,0.020659,0.003616
KC,11,100,1,0.029503,0.025883,0.001873
STANDARD,11,100,7,0.06876,0.06243,0.006103
KC,11,100,1,0.026715,0.023057,0.00177
STANDARD,11,100,13,0.29903,0.287218,0.011392
KC,11,100,1,0.008216,0.004742,0.001737
STANDARD,11,100,3,0.014159,0.01147,0.002613
KC,11,100,1,0.029771,0.026457,0.001759
STANDARD,11,100,9,0.107762,0.099406,0.008064
KC,11,100,1,0.014183,0.010677,0.001745
STANDARD,11,100,4,0.024555,0.02088,0.003552
KC,11,100,1,0.028551,0.02502,0.001768
STANDARD,11,100,12,0.343339,0.325637,0.016184
KC,11,100,1,0.01591,0.010142,0.002635
STANDARD,11,100,3,0.019807,0.015707,0.003793
KC,11,100,1,0.039527,0.034622,0.002455
STANDARD,11,100,4,0.032958,0.027162,0.005329
KC,11,100,1,0.038112,0.032877,0.002105
STANDARD,11,100,5,0.0502,0.043407,0.006234
KC,11,100,1,0.044945,0.039447,0.002347
STANDARD,11,100,2,0.010339,0.007899,0.00232
KC,11,100,1,0.037441,0.032406,0.00237
STANDARD,11,100,4,0.03577,0.02977,0.005532
KC,11,100,1,0.039914,0.034177,0.002611
STANDARD,11,100,5,0.051392,0.044359,0.006498
KC,11,100,1,0.038159,0.032621,0.002243
STANDARD,11,100,12,0.3149,0.296278,0.017069
KC,11,100,1,0.016082,0.011234,0.002406
STANDARD,11,100,17,0.708987,0.683855,0.022886
KC,11,100,1,0.010864,0.007225,0.001892
STANDARD,11,100,11,0.262475,0.246247,0.015122
KC,11,100,1,0.013498,0.009168,0.002137
STANDARD,11,100,2,0.007865,0.00594,0.001871
KC,11,100,1,0.040368,0.034606,0.003346
STANDARD,11,100,16,0.717725,0.692118,0.023239
KC,11,100,1,0.017247,0.011483,0.002966
STANDARD,11,100,2,0.011192,0.008368,0.002669
KC,11,100,1,0.050598,0.044013,0.0029
STANDARD,11,100,2,0.012927,0.009722,0.002985
KC,11,100,1,0.041762,0.035775,0.00296
STANDARD,11,100,10,0.237689,0.22105,0.015137
KC,11,100,1,0.019551,0.01403,0.002806
STANDARD,11,100,5,0.063649,0.056709,0.006403
KC,11,100,1,0.038281,0.032791,0.002583
STANDARD,11,100,14,0.482057,0.459439,0.02059
KC,11,100,1,0.013715,0.008213,0.002356
STANDARD,11,100,2,0.012265,0.008872,0.003178
KC,11,100,1,0.04529,0.039583,0.002857
STANDARD,11,100,4,0.038122,0.03245,0.005274
KC,11,100,1,0.035854,0.029332,0.002835
STANDARD,21,0,13,0.403917,0.354654,0.048071
KC,21,0,1,0.048421,0.037702,0.005719
STANDARD,21,0,6,0.104184,0.070117,0.033249
KC,21,0,1,0.115646,0.098656,0.00744
STANDARD,21,0,2,0.010841,0.005032,0.005764
KC,21,0,1,0.119445,0.10912,0.005456
STANDARD,21,0,3,0.021294,0.012773,0.00844
KC,21,0,1,0.12093,0.110544,0.005476
STANDARD,21,0,2,0.011067,0.005617,0.005403
KC,21,0,1,0.116547,0.106223,0.005432
STANDARD,21,0,12,0.242238,0.209673,0.032144
KC,21,0,1,0.070361,0.060003,0.005444
STANDARD,21,0,5,0.046757,0.032853,0.013741
KC,21,0,1,0.110543,0.100382,0.005287
STANDARD,21,0,15,0.428828,0.386209,0.042084
KC,21,0,1,0.038085,0.027343,0.00544
STANDARD,21,0,2,0.011493,0.005733,0.005718
KC,21,0,1,0.083044,0.072603,0.005567
STANDARD,21,0,2,0.011233,0.005797,0.00539
KC,21,0,1,0.119632,0.108604,0.005553
STANDARD,21,0,3,0.019004,0.010891,0.008032
KC,21,0,1,0.113219,0.102139,0.005542
STANDARD,21,0,16,0.564602,0.515384,0.048404
KC,21,0,1,0.071907,0.051451,0.010888
STANDARD,21,0,15,0.562914,0.485113,0.075624
KC,21,0,1,0.075951,0.055404,0.009981
STANDARD,21,0,2,0.022417,0.0122,0.009933
KC,21,0,1,0.134483,0.114409,0.009879
STANDARD,21,0,3,0.034349,0.019306,0.014692
KC,21,0,1,0.152945,0.135607,0.008931
STANDARD,21,0,4,0.056819,0.034849,0.021434
KC,21,0,1,0.126776,0.108648,0.009064
STANDARD,21,0,4,0.053208,0.035688,0.017095
KC,21,0,1,0.116557,0.098895,0.007846
STANDARD,21,0,11,0.254834,0.21064,0.043072
KC,21,0,1,0.073992,0.055736,0.007064
STANDARD,21,0,15,0.620188,0.547419,0.070689
KC,21,0,1,0.056837,0.038695,0.009073
STANDARD,21,0,12,0.370875,0.305145,0.063712
KC,21,0,1,0.086253,0.066446,0.01098
STANDARD,21,0,10,0.266101,0.212546,0.051923
KC,21,0,1,0.083012,0.062918,0.010631
STANDARD,21,0,4,0.056193,0.031036,0.024542
KC,21,0,1,0.171701,0.149133,0.009626
STANDARD,21,0,14,0.455918,0.388651,0.065345
KC,21,0,1,0.072949,0.053842,0.009414
STANDARD,21,0,14,0.405847,0.357233,0.047632
KC,21,0,1,0.054219,0.043885,0.005432
STANDARD,21,0,5,0.046087,0.032579,0.013354
KC,21,0,1,0.101034,0.090524,0.005461
STANDARD,21,0,5,0.046507,0.033013,0.013327
KC,21,0,1,0.103282,0.092868,0.005496
STANDARD,21,0,3,0.02041,0.012255,0.008069
KC,21,0,1,0.101278,0.090847,0.00556
STANDARD,21,0,5,0.050336,0.036765,0.01341
KC,21,0,1,0.103428,0.093106,0.005448
STANDARD,21,0,2,0.011246,0.005823,0.005378
KC,21,0,1,0.11349,0.10239,0.005511
STANDARD,21,0,3,0.021152,0.012624,0.008449
KC,21,0,1,0.095951,0.084953,0.005503
STANDARD,21,0,2,0.011196,0.005784,0.005369
KC,21,0,1,0.157304,0.146926,0.005531
STANDARD,21,0,14,0.352466,0.313013,0.038564
KC,21,0,1,0.038103,0.027851,0.005378
STANDARD,21,0,16,0.504512,0.45963,0.04393
KC,21,0,1,0.040154,0.029851,0.005444
STANDARD,21,0,3,0.026429,0.01517,0.011033
KC,21,0,1,0.158059,0.138789,0.009325
STANDARD,21,0,13,0.488549,0.421065,0.065263
KC,21,0,1,0.082409,0.063948,0.010256
STANDARD,21,0,12,0.382283,0.318034,0.062282
KC,21,0,1,0.072068,0.051493,0.011095
STANDARD,21,0,2,0.022857,0.011001,0.01161
KC,21,0,1,0.193751,0.172828,0.009154
STANDARD,21,0,5,0.078138,0.05146,0.025854
KC,21,0,1,0.140394,0.120663,0.008889
STANDARD,21,0,3,0.019899,0.011706,0.00811
KC,21,0,1,0.125907,0.112998,0.007521
STANDARD,21,0,3,0.035558,0.021646,0.013665
KC,21,0,1,0.135477,0.120518,0.008848
STANDARD,21,0,11,0.350433,0.289007,0.05972
KC,21,0,1,0.129427,0.105439,0.011097
STANDARD,21,0,3,0.040663,0.024076,0.016245
KC,21,0,1,0.143491,0.122669,0.011059
STANDARD,21,0,4,0.059526,0.036703,0.022228
KC,21,0,1,0.155584,0.131324,0.012238
STANDARD,21,0,2,0.024911,0.013047,0.011667
KC,21,0,1,0.15401,0.129707,0.009522
STANDARD,21,0,19,4.32622,4.19637,0.126828
KC,21,0,1,0.068483,0.047567,0.010347
STANDARD,21,0,10,0.285869,0.231286,0.053215
KC,21,0,1,0.12283,0.101627,0.011344
STANDARD,21,0,4,0.057446,0.036828,0.020056
KC,21,0,1,0.153871,0.132861,0.011168
STANDARD,21,0,15,0.689451,0.595227,0.091717
KC,21,0,1,0.069522,0.046056,0.012013
STANDARD,21,0,15,0.616636,0.535478,0.074887
KC,21,0,1,0.079813,0.060295,0.009765
STANDARD,21,0,2,0.02203,0.011563,0.010208
KC,21,0,1,0.150982,0.129877,0.010971
STANDARD,21,20,12,0.409597,0.347056,0.060453
KC,21,20,1,0.059362,0.038599,0.010251
STANDARD,21,20,4,0.055143,0.03447,0.020205
KC,21,20,1,0.170302,0.146902,0.010527
STANDARD,21,20,3,0.035667,0.021403,0.013962
KC,21,20,1,0.149848,0.130881,0.01015
STANDARD,21,20,5,0.077365,0.051258,0.025437
KC,21,20,1,0.129983,0.10779,0.009995
STANDARD,21,20,14,0.419244,0.354774,0.061194
KC,21,20,1,0.063933,0.045775,0.008736
STANDARD,21,20,7,0.103419,0.078816,0.024073
KC,21,20,1,0.075259,0.060568,0.009069
STANDARD,21,20,2,0.020303,0.010083,0.009992
KC,21,20,1,0.109391,0.097942,0.005625
STANDARD,21,20,10,0.179568,0.152165,0.027056
KC,21,20,1,0.065434,0.055063,0.005441
STANDARD,21,20,3,0.020913,0.012791,0.00804
KC,21,20,1,0.11546,0.104443,0.005479
STANDARD,21,20,12,0.27008,0.237636,0.032026
KC,21,20,1,0.046373,0.035572,0.005455
STANDARD,21,20,2,0.010734,0.005374,0.005314
KC,21,20,1,0.087108,0.076232,0.005563
STANDARD,21,20,3,0.020647,0.012506,0.008059
KC,21,20,1,0.101284,0.09024,0.005511
STANDARD,21,20,3,0.019916,0.01172,0.008075
KC,21,20,1,0.095021,0.084622,0.005545
STANDARD,21,20,2,0.011303,0.005553,0.005705
KC,21,20,1,0.123052,0.112079,0.005424
STANDARD,21,20,2,0.011309,0.005499,0.005768
KC,21,20,1,0.086786,0.075684,0.005828
STANDARD,21,20,2,0.011414,0.006027,0.005343
KC,21,20,1,0.099017,0.088355,0.005143
STANDARD,21,20,14,0.370291,0.332477,0.037327
KC,21,20,1,0.058088,0.04774,0.00541
STANDARD,21,20,4,0.030287,0.019546,0.010623
KC,21,20,1,0.10734,0.097097,0.005559
STANDARD,21,20,9,0.202847,0.15808,0.04338
KC,21,20,1,0.081505,0.062482,0.009247
STANDARD,21,20,4,0.056208,0.033799,0.021891
KC,21,20,1,0.136221,0.116486,0.010686
STANDARD,21,20,7,0.13032,0.093496,0.035739
KC,21,20,1,0.07694,0.058951,0.009315
STANDARD,21,20,3,0.036828,0.019255,0.017139
KC,21,20,1,0.130593,0.111748,0.010414
STANDARD,21,20,4,0.053393,0.033373,0.019445
KC,21,20,1,0.145361,0.123001,0.009993
STANDARD,21,20,17,0.760703,0.67614,0.080671
KC,21,20,1,0.066892,0.044945,0.009502
STANDARD,21,20,5,0.058361,0.04067,0.017355
KC,21,20,1,0.12794,0.10524,0.009926
STANDARD,21,20,19,1.07741,0.975157,0.099053
KC,21,20,1,0.066231,0.045231,0.01079
STANDARD,21,20,3,0.03356,0.019298,0.013974
KC,21,20,1,0.129752,0.106762,0.011144
STANDARD,21,20,13,0.469327,0.400349,0.066737
KC,21,20,1,0.062033,0.044415,0.00834
STANDARD,21,20,13,0.403768,0.35508,0.047375
KC,21,20,1,0.056382,0.043214,0.005759
STANDARD,21,20,3,0.034866,0.017329,0.017165
KC,21,20,1,0.122615,0.105891,0.007411
STANDARD,21,20,3,0.020666,0.012174,0.008412
KC,21,20,1,0.15096,0.137745,0.007642
STANDARD,21,20,3,0.020239,0.012147,0.008006
KC,21,20,1,0.092195,0.081788,0.00547
STANDARD,21,20,5,0.050165,0.036627,0.013377
KC,21,20,1,0.105251,0.09482,0.005533
STANDARD,21,20,2,0.01192,0.006457,0.005417
KC,21,20,1,0.108369,0.09749,0.005725
STANDARD,21,20,4,0.031051,0.02017,0.010751
KC,21,20,1,0.09368,0.083538,0.005249
STANDARD,21,20,3,0.020905,0.012389,0.008439
KC,21,20,1,0.104835,0.093922,0.005375
STANDARD,21,20,13,0.339707,0.303421,0.035419
KC,21,20,1,0.060115,0.04971,0.005402
STANDARD,21,20,2,0.010997,0.005599,0.005352
KC,21,20,1,0.12146,0.111154,0.005427
STANDARD,21,20,18,0.722879,0.673862,0.048359
KC,21,20,1,0.037842,0.026893,0.00541
STANDARD,21,20,5,0.070806,0.047178,0.023012
KC,21,20,1,0.132036,0.109043,0.009578
STANDARD,21,20,14,0.579655,0.499114,0.078277
KC,21,20,1,0.073736,0.054564,0.009745
STANDARD,21,20,19,1.80082,1.69056,0.107267
KC,21,20,1,0.061011,0.038204,0.010257
STANDARD,21,20,2,0.024714,0.01233,0.012171
KC,21,20,1,0.15722,0.130709,0.010534
STANDARD,21,20,4,0.059771,0.035209,0.023948
KC,21,20,1,0.220065,0.196576,0.011553
STANDARD,21,20,2,0.022003,0.01116,0.010651
KC,21,20,1,0.307121,0.284618,0.010911
STANDARD,21,20,4,0.058845,0.036953,0.02135
KC,21,20,1,0.162668,0.141313,0.010383
STANDARD,21,20,2,0.024426,0.011855,0.01233
KC,21,20,1,0.141002,0.117764,0.012213
STANDARD,21,20,2,0.022848,0.010228,0.012405
KC,21,20,1,0.137682,0.12569,0.006155
STANDARD,21,20,12,0.344602,0.294549,0.048806
KC,21,20,1,0.141529,0.119322,0.009195
STANDARD,21,20,4,0.036502,0.024934,0.011435
KC,21,20,1,0.15607,0.143954,0.006163
STANDARD,21,40,3,0.020847,0.012728,0.008015
KC,21,40,1,0.086193,0.075006,0.005546
STANDARD,21,40,11,0.214458,0.184676,0.029396
KC,21,40,1,0.043312,0.032793,0.005447
STANDARD,21,40,12,0.260473,0.227884,0.03215
KC,21,40,1,0.055307,0.045018,0.005406
STANDARD,21,40,4,0.030803,0.019969,0.010707
KC,21,40,1,0.118613,0.108291,0.005451
STANDARD,21,40,16,0.514833,0.471057,0.043195
KC,21,40,1,0.052602,0.041856,0.005206
STANDARD,21,40,11,0.219365,0.188275,0.030716
KC,21,40,1,0.06521,0.054938,0.005415
STANDARD,21,40,2,0.011199,0.005793,0.005359
KC,21,40,1,0.109997,0.098954,0.005531
STANDARD,21,40,14,0.464767,0.409981,0.053508
KC,21,40,1,0.066482,0.04562,0.009715
STANDARD,21,40,17,0.856561,0.765148,0.088668
KC,21,40,1,0.056724,0.037236,0.009992
STANDARD,21,40,9,0.214265,0.165709,0.047219
KC,21,40,1,0.0803,0.05931,0.010536
STANDARD,21,40,5,0.077928,0.050816,0.026282
KC,21,40,1,0.119642,0.101864,0.008745
STANDARD,21,40,15,0.526096,0.462742,0.060238
KC,21,40,1,0.074212,0.051737,0.010082
STANDARD,21,40,10,0.247032,0.195721,0.049816
KC,21,40,1,0.109436,0.089749,0.010198
STANDARD,21,40,4,0.057078,0.033856,0.022685
KC,21,40,1,0.171164,0.150368,0.010301
STANDARD,21,40,11,0.31717,0.262776,0.052628
KC,21,40,1,0.077144,0.056881,0.010361
STANDARD,21,40,3,0.038348,0.021578,0.016336
KC,21,40,1,0.143199,0.124444,0.010875
STANDARD,21,40,4,0.061772,0.038459,0.022672
KC,21,40,1,0.147918,0.12184,0.01109
STANDARD,21,40,9,0.200655,0.157405,0.042382
KC,21,40,1,0.103961,0.075963,0.013057
STANDARD,21,40,10,0.299952,0.252341,0.045408
KC,21,40,1,0.093778,0.080719,0.007046
STANDARD,21,40,5,0.060352,0.042147,0.018019
KC,21,40,1,0.093723,0.080087,0.007625
STANDARD,21,40,5,0.060149,0.042854,0.017105
KC,21,40,1,0.114589,0.101422,0.006967
STANDARD,21,40,4,0.039936,0.025646,0.014144
KC,21,40,1,0.101971,0.088042,0.006911
STANDARD,21,40,13,0.40264,0.357836,0.044237
KC,21,40,1,0.054883,0.040702,0.00741
STANDARD,21,40,2,0.01104,0.005664,0.00533
KC,21,40,1,0.083781,0.073345,0.00553
STANDARD,21,40,2,0.011239,0.005829,0.005366
KC,21,40,1,0.117403,0.106399,0.0055
STANDARD,21,40,12,0.274935,0.233468,0.032532
KC,21,40,1,0.068645,0.057691,0.005445
STANDARD,21,40,3,0.020441,0.012396,0.007964
KC,21,40,1,0.105359,0.095148,0.005316
STANDARD,21,40,13,0.384574,0.344521,0.039352
KC,21,40,1,0.071108,0.052241,0.009422
STANDARD,21,40,12,0.389364,0.327964,0.059347
KC,21,40,1,0.087988,0.064236,0.011652
STANDARD,21,40,16,0.755064,0.667874,0.084604
KC,21,40,1,0.073698,0.053156,0.009997
STANDARD,21,40,3,0.036604,0.020097,0.016153
KC,21,40,1,0.130764,0.112623,0.009224
STANDARD,21,40,6,0.102636,0.073473,0.028418
KC,21,40,1,0.121614,0.108147,0.006269
STANDARD,21,40,7,0.103134,0.079742,0.022992
KC,21,40,1,0.102481,0.08387,0.007124
STANDARD,21,40,20,2.20485,2.10204,0.098172
KC,21,40,1,0.059799,0.038215,0.009145
STANDARD,21,40,11,0.265433,0.221173,0.043117
KC,21,40,1,0.082967,0.062967,0.008652
STANDARD,21,40,4,0.036277,0.023766,0.012345
KC,21,40,1,0.127948,0.112182,0.008092
STANDARD,21,40,10,0.188316,0.160616,0.027373
KC,21,40,1,0.108515,0.097433,0.005542
STANDARD,21,40,3,0.019465,0.010977,0.008408
KC,21,40,1,0.105477,0.095045,0.00554
STANDARD,21,40,3,0.020659,0.012493,0.008075
KC,21,40,1,0.095832,0.084771,0.005548
STANDARD,21,40,2,0.010967,0.005619,0.005303
KC,21,40,1,0.088865,0.078476,0.005522
STANDARD,21,40,2,0.012631,0.00672,0.00586
KC,21,40,1,0.154267,0.143134,0.005882
STANDARD,21,40,6,0.081428,0.062834,0.01838
KC,21,40,1,0.110264,0.098411,0.005927
STANDARD,21,40,17,0.65822,0.603402,0.054187
KC,21,40,1,0.045673,0.034718,0.005754
STANDARD,21,40,2,0.011743,0.005988,0.005707
KC,21,40,1,0.096127,0.084226,0.006677
STANDARD,21,40,8,0.152352,0.122186,0.029805
KC,21,40,1,0.144826,0.130737,0.007407
STANDARD,21,40,8,0.239976,0.188642,0.049946
KC,21,40,1,0.135746,0.110556,0.012061
STANDARD,21,40,2,0.024688,0.011556,0.012929
KC,21,40,1,0.188312,0.164157,0.013316
STANDARD,21,40,16,0.908981,0.801471,0.104809
KC,21,40,1,0.078684,0.053812,0.010208
STANDARD,21,40,11,0.338407,0.281575,0.055019
KC,21,40,1,0.095444,0.083015,0.007164
STANDARD,21,40,14,0.509401,0.428643,0.078808
KC,21,40,1,0.111049,0.090414,0.010121
STANDARD,21,60,2,0.021829,0.01033,0.011288
KC,21,60,1,0.192878,0.170943,0.009509
STANDARD,21,60,16,0.775919,0.688904,0.084472
KC,21,60,1,0.068052,0.046954,0.010989
STANDARD,21,60,2,0.021627,0.008575,0.012844
KC,21,60,1,0.140047,0.116618,0.010982
STANDARD,21,60,2,0.022061,0.009971,0.011827
KC,21,60,1,0.147947,0.126341,0.009745
STANDARD,21,60,2,0.012778,0.007156,0.005534
KC,21,60,1,0.158118,0.142311,0.007666
STANDARD,21,60,16,0.603852,0.533897,0.06825
KC,21,60,1,0.036433,0.026064,0.005401
STANDARD,21,60,4,0.032178,0.021009,0.011042
KC,21,60,1,0.094428,0.083992,0.005531
STANDARD,21,60,12,0.25983,0.22712,0.032301
KC,21,60,1,0.040918,0.030242,0.005832
STANDARD,21,60,3,0.020729,0.011841,0.0088
KC,21,60,1,0.136523,0.126219,0.005653
STANDARD,21,60,14,0.382938,0.345028,0.03742
KC,21,60,1,0.033478,0.022581,0.005389
STANDARD,21,60,2,0.010848,0.00549,0.005311
KC,21,60,1,0.098706,0.087693,0.005496
STANDARD,21,60,15,0.440681,0.400226,0.039929
KC,21,60,1,0.032502,0.022262,0.005352
STANDARD,21,60,13,0.322708,0.287329,0.034939
KC,21,60,1,0.069077,0.058143,0.005375
STANDARD,21,60,16,0.619283,0.552086,0.065289
KC,21,60,1,0.08902,0.069791,0.010596
STANDARD,21,60,13,0.456645,0.388089,0.066419
KC,21,60,1,0.062798,0.041872,0.010215
STANDARD,21,60,10,0.260232,0.208847,0.049867
KC,21,60,1,0.079167,0.059206,0.01144
STANDARD,21,60,11,0.318554,0.263774,0.053123
KC,21,60,1,0.038382,0.027658,0.005709
STANDARD,21,60,3,0.038129,0.019029,0.018704
KC,21,60,1,0.089894,0.076344,0.008633
STANDARD,21,60,2,0.018739,0.010596,0.00802
KC,21,60,1,0.134847,0.116835,0.008753
STANDARD,21,60,13,0.459298,0.391185,0.066098
KC,21,60,1,0.084765,0.065273,0.010712
STANDARD,21,60,8,0.18355,0.140766,0.04165
KC,21,60,1,0.156183,0.135738,0.007907
STANDARD,21,60,5,0.080059,0.052995,0.026442
KC,21,60,1,0.157128,0.135825,0.010736
STANDARD,21,60,2,0.021073,0.010683,0.010182
KC,21,60,1,0.133641,0.112758,0.009056
STANDARD,21,60,18,0.913664,0.824813,0.086183
KC,21,60,1,0.054238,0.036764,0.007051
STANDARD,21,60,13,0.357002,0.30444,0.051274
KC,21,60,1,0.048087,0.037168,0.005412
STANDARD,21,60,2,0.011656,0.006244,0.005368
KC,21,60,1,0.094373,0.083333,0.005526
STANDARD,21,60,3,0.020337,0.011754,0.0085
KC,21,60,1,0.111398,0.10032,0.005723
STANDARD,21,60,13,0.317202,0.281595,0.035141
KC,21,60,1,0.050682,0.039716,0.005463
STANDARD,21,60,19,0.831915,0.778962,0.051879
KC,21,60,1,0.053465,0.040296,0.006929
STANDARD,21,60,4,0.042164,0.028385,0.013626
KC,21,60,1,0.106403,0.093219,0.006927
STANDARD,21,60,4,0.041964,0.028182,0.013634
KC,21,60,1,0.092904,0.079701,0.007146
STANDARD,21,60,5,0.05915,0.041918,0.017043
KC,21,60,1,0.107899,0.094754,0.006925
STANDARD,21,60,2,0.014815,0.007469,0.007282
KC,21,60,1,0.153534,0.131931,0.010862
STANDARD,21,60,15,0.715139,0.629937,0.082699
KC,21,60,1,0.064619,0.044789,0.009848
STANDARD,21,60,2,0.01873,0.008788,0.009819
KC,21,60,1,0.145194,0.123116,0.009865
STANDARD,21,60,2,0.019998,0.01096,0.008849
KC,21,60,1,0.138493,0.115389,0.010196
STANDARD,21,60,8,0.166868,0.124093,0.041593
KC,21,60,1,0.12685,0.107672,0.010159
STANDARD,21,60,12,0.333728,0.285901,0.04663
KC,21,60,1,0.077087,0.059863,0.007072
STANDARD,21,60,3,0.024716,0.01348,0.011032
KC,21,60,1,0.097292,0.083291,0.008184
STANDARD,21,60,17,0.842544,0.755086,0.084863
KC,21,60,1,0.07075,0.051609,0.008569
STANDARD,21,60,4,0.057414,0.036,0.020966
KC,21,60,1,0.160645,0.142242,0.009908
STANDARD,21,60,16,0.783994,0.695841,0.085519
KC,21,60,1,0.080189,0.064994,0.006218
STANDARD,21,60,13,0.456644,0.396798,0.058458
KC,21,60,1,0.088063,0.065829,0.008369
STANDARD,21,60,14,0.458706,0.417777,0.040398
KC,21,60,1,0.04721,0.0355,0.006177
STANDARD,21,60,12,0.296385,0.261513,0.034413
KC,21,60,1,0.039421,0.028411,0.005783
STANDARD,21,60,12,0.32244,0.287217,0.034767
KC,21,60,1,0.049859,0.038757,0.005869
STANDARD,21,60,4,0.033556,0.021593,0.011839
KC,21,60,1,0.081567,0.069979,0.00633
STANDARD,21,60,4,0.037217,0.0257,0.011387
KC,21,60,1,0.121609,0.110608,0.005824
STANDARD,21,60,15,0.500207,0.456989,0.042656
KC,21,60,1,0.052584,0.041538,0.005814
STANDARD,21,60,3,0.023496,0.01487,0.008542
KC,21,60,1,0.100194,0.089165,0.006021
STANDARD,21,80,4,0.03104,0.020227,0.01069
KC,21,80,1,0.137958,0.118491,0.010251
STANDARD,21,80,3,0.032258,0.018691,0.013293
KC,21,80,1,0.124477,0.102986,0.009685
STANDARD,21,80,2,0.021053,0.008984,0.011913
KC,21,80,1,0.127793,0.110115,0.010035
STANDARD,21,80,7,0.133246,0.097883,0.034362
KC,21,80,1,0.116136,0.09268,0.009686
STANDARD,21,80,11,0.328041,0.268814,0.057597
KC,21,80,1,0.07888,0.061017,0.008929
STANDARD,21,80,3,0.036653,0.019401,0.016841
KC,21,80,1,0.172456,0.153799,0.01002
STANDARD,21,80,8,0.174516,0.13368,0.03977
KC,21,80,1,0.137942,0.120374,0.007937
STANDARD,21,80,9,0.178047,0.139271,0.037784
KC,21,80,1,0.104079,0.083031,0.010692
STANDARD,21,80,13,0.472138,0.403295,0.064784
KC,21,80,1,0.065812,0.047384,0.008605
STANDARD,21,80,5,0.072316,0.047796,0.023764
KC,21,80,1,0.149278,0.130139,0.010116
STANDARD,21,80,12,0.379313,0.316154,0.061384
KC,21,80,1,0.0877,0.069271,0.010835
STANDARD,21,80,6,0.107632,0.077243,0.029593
KC,21,80,1,0.129232,0.109462,0.010053
STANDARD,21,80,2,0.020907,0.01133,0.009411
KC,21,80,1,0.13832,0.115287,0.009735
STANDARD,21,80,4,0.036081,0.023813,0.012093
KC,21,80,1,0.089926,0.0731,0.00733
STANDARD,21,80,4,0.051982,0.032901,0.018571
KC,21,80,1,0.10184,0.083675,0.009238
STANDARD,21,80,16,0.555943,0.49405,0.060371
KC,21,80,1,0.038708,0.028451,0.005406
STANDARD,21,80,5,0.045606,0.032139,0.013297
KC,21,80,1,0.089129,0.077866,0.005662
STANDARD,21,80,3,0.019798,0.011801,0.007915
KC,21,80,1,0.090529,0.07959,0.005531
STANDARD,21,80,14,0.378375,0.340463,0.037411
KC,21,80,1,0.042683,0.032377,0.005428
STANDARD,21,80,2,0.010988,0.005227,0.00572
KC,21,80,1,0.106819,0.096225,0.005683
STANDARD,21,80,2,0.01157,0.0061,0.005425
KC,21,80,1,0.090889,0.080598,0.005419
STANDARD,21,80,3,0.020745,0.011391,0.009277
KC,21,80,1,0.104558,0.094202,0.005489
STANDARD,21,80,5,0.048325,0.03484,0.013326
KC,21,80,1,0.092239,0.081572,0.005764
STANDARD,21,80,2,0.01105,0.005265,0.005703
KC,21,80,1,0.091767,0.08146,0.00546
STANDARD,21,80,17,0.643576,0.591757,0.050623
KC,21,80,1,0.061059,0.042879,0.009774
STANDARD,21,80,5,0.075011,0.048308,0.025877
KC,21,80,1,0.124229,0.101662,0.010731
STANDARD,21,80,14,0.47707,0.39737,0.077368
KC,21,80,1,0.067378,0.042504,0.010364
STANDARD,21,80,4,0.05362,0.027943,0.025154
KC,21,80,1,0.134966,0.110534,0.010003
STANDARD,21,80,18,0.959136,0.873996,0.082602
KC,21,80,1,0.070492,0.046925,0.01024
STANDARD,21,80,5,0.076221,0.048887,0.026634
KC,21,80,1,0.133903,0.114545,0.009676
STANDARD,21,80,3,0.035231,0.020894,0.013957
KC,21,80,1,0.145147,0.12626,0.009618
STANDARD,21,80,8,0.163269,0.122305,0.039775
KC,21,80,1,0.088786,0.069781,0.00864
STANDARD,21,80,3,0.039272,0.020356,0.018462
KC,21,80,1,0.16503,0.140876,0.010909
STANDARD,21,80,2,0.023598,0.011874,0.011202
KC,21,80,1,0.133763,0.107697,0.011988
STANDARD,21,80,2,0.02398,0.012985,0.010789
KC,21,80,1,0.15662,0.133804,0.012698
STANDARD,21,80,3,0.040286,0.023679,0.01624
KC,21,80,1,0.152295,0.133253,0.008836
STANDARD,21,80,2,0.014724,0.007849,0.006819
KC,21,80,1,0.181714,0.161666,0.009974
STANDARD,21,80,6,0.096223,0.069015,0.026687
KC,21,80,1,0.148861,0.125902,0.009387
STANDARD,21,80,3,0.026803,0.016456,0.010244
KC,21,80,1,0.110013,0.096821,0.006949
STANDARD,21,80,18,0.791312,0.732156,0.058392
KC,21,80,1,0.047753,0.037119,0.00536
STANDARD,21,80,17,0.644348,0.5938,0.049883
KC,21,80,1,0.045029,0.033614,0.006204
STANDARD,21,80,18,2.2783,2.21952,0.057946
KC,21,80,1,0.082577,0.060368,0.01152
STANDARD,21,80,3,0.043513,0.0261,0.016905
KC,21,80,1,0.204564,0.182607,0.010983
STANDARD,21,80,9,0.195125,0.160129,0.034365
KC,21,80,1,0.118949,0.096206,0.011703
STANDARD,21,80,2,0.014114,0.007341,0.006658
KC,21,80,1,0.133809,0.11982,0.008442
STANDARD,21,80,3,0.035919,0.019694,0.015923
KC,21,80,1,0.204269,0.182468,0.011041
STANDARD,21,80,13,0.466113,0.388938,0.07488
KC,21,80,1,0.065758,0.045483,0.010273
STANDARD,21,80,12,0.422507,0.351772,0.068955
KC,21,80,1,0.118211,0.096971,0.010961
STANDARD,21,80,6,0.114103,0.079597,0.03363
KC,21,80,1,0.161239,0.142239,0.009772
STANDARD,21,80,2,0.021721,0.011902,0.009653
KC,21,80,1,0.142238,0.130603,0.00622
STANDARD,21,100,3,0.019971,0.011809,0.00808
KC,21,100,1,0.142498,0.125235,0.008618
STANDARD,21,100,15,0.485314,0.430037,0.054047
KC,21,100,1,0.03268,0.022469,0.00535
STANDARD,21,100,3,0.020487,0.012383,0.008016
KC,21,100,1,0.110648,0.099461,0.005579
STANDARD,21,100,5,0.046894,0.032802,0.013913
KC,21,100,1,0.088138,0.077802,0.005615
STANDARD,21,100,4,0.031974,0.021137,0.010712
KC,21,100,1,0.062798,0.051793,0.005405
STANDARD,21,100,15,0.467397,0.426723,0.040124
KC,21,100,1,0.029471,0.019235,0.005382
STANDARD,21,100,8,0.115453,0.093823,0.02135
KC,21,100,1,0.058442,0.048203,0.005377
STANDARD,21,100,2,0.011427,0.006067,0.005314
KC,21,100,1,0.085194,0.074924,0.005397
STANDARD,21,100,13,0.329729,0.293016,0.035871
KC,21,100,1,0.039325,0.029042,0.005403
STANDARD,21,100,2,0.01137,0.005991,0.005332
KC,21,100,1,0.065695,0.054779,0.005408
STANDARD,21,100,2,0.011413,0.005696,0.00567
KC,21,100,1,0.06892,0.058683,0.005373
STANDARD,21,100,19,1.29287,1.21369,0.077055
KC,21,100,1,0.040121,0.020346,0.009888
STANDARD,21,100,4,0.055017,0.0326,0.021975
KC,21,100,1,0.096181,0.071868,0.010362
STANDARD,21,100,4,0.057032,0.034841,0.021515
KC,21,100,1,0.099851,0.081019,0.008711
STANDARD,21,100,4,0.053518,0.03376,0.019233
KC,21,100,1,0.082254,0.062883,0.009855
STANDARD,21,100,3,0.02316,0.013285,0.009713
KC,21,100,1,0.068334,0.048829,0.00778
STANDARD,21,100,4,0.031813,0.020977,0.010719
KC,21,100,1,0.097148,0.075129,0.009427
STANDARD,21,100,4,0.03916,0.025754,0.013182
KC,21,100,1,0.071255,0.056335,0.008048
STANDARD,21,100,11,0.326698,0.270869,0.05398
KC,21,100,1,0.052539,0.033744,0.010175
STANDARD,21,100,4,0.054361,0.032788,0.021044
KC,21,100,1,0.080526,0.057869,0.008903
STANDARD,21,100,3,0.034834,0.019814,0.01469
KC,21,100,1,0.139685,0.116117,0.010447
STANDARD,21,100,2,0.020829,0.009798,0.010798
KC,21,100,1,0.093083,0.070612,0.010449
STANDARD,21,100,5,0.077095,0.050673,0.025783
KC,21,100,1,0.102389,0.079873,0.010965
STANDARD,21,100,2,0.025762,0.01276,0.012765
KC,21,100,1,0.111048,0.090199,0.009937
STANDARD,21,100,4,0.055723,0.033914,0.021232
KC,21,100,1,0.107853,0.08631,0.008902
STANDARD,21,100,4,0.038744,0.023171,0.015338
KC,21,100,1,0.059065,0.048632,0.005448
STANDARD,21,100,3,0.035648,0.020285,0.014989
KC,21,100,1,0.088804,0.067957,0.010588
STANDARD,21,100,3,0.023594,0.014414,0.009046
KC,21,100,1,0.062387,0.048559,0.008813
STANDARD,21,100,2,0.021816,0.010541,0.011051
KC,21,100,1,0.080066,0.061638,0.005884
STANDARD,21,100,19,1.04905,0.996778,0.051175
KC,21,100,1,0.019305,0.009036,0.005385
STANDARD,21,100,2,0.011477,0.006102,0.005328
KC,21,100,1,0.084315,0.073911,0.00552
STANDARD,21,100,2,0.010898,0.005035,0.005819
KC,21,100,1,0.10214,0.091383,0.005883
STANDARD,21,100,11,0.223067,0.193257,0.029413
KC,21,100,1,0.038836,0.027872,0.005389
STANDARD,21,100,3,0.02085,0.012376,0.00839
KC,21,100,1,0.107166,0.096148,0.005488
STANDARD,21,100,9,0.134645,0.109909,0.02442
KC,21,100,1,0.034877,0.024625,0.005398
STANDARD,21,100,3,0.029545,0.018721,0.010727
KC,21,100,1,0.08201,0.068951,0.006832
STANDARD,21,100,10,0.223628,0.188197,0.035014
KC,21,100,1,0.063816,0.047451,0.009253
STANDARD,21,100,18,1.13638,1.03176,0.101372
KC,21,100,1,0.049224,0.025704,0.011329
STANDARD,21,100,3,0.040899,0.022609,0.018005
KC,21,100,1,0.132732,0.112973,0.010681
STANDARD,21,100,9,0.208716,0.162499,0.044951
KC,21,100,1,0.070443,0.046246,0.009804
STANDARD,21,100,2,0.022296,0.011399,0.010716
KC,21,100,1,0.11481,0.101171,0.008351
STANDARD,21,100,5,0.050854,0.036393,0.014283
KC,21,100,1,0.130213,0.110592,0.008895
STANDARD,21,100,2,0.02465,0.012094,0.012311
KC,21,100,1,0.152413,0.129107,0.010442
STANDARD,21,100,12,0.446583,0.378338,0.066296
KC,21,100,1,0.068005,0.046608,0.011388
STANDARD,21,100,15,0.748948,0.657139,0.089277
KC,21,100,1,0.054252,0.032738,0.011049
STANDARD,21,100,6,0.116783,0.082855,0.033147
KC,21,100,1,0.120488,0.100317,0.010083
STANDARD,21,100,17,0.786753,0.704986,0.079728
KC,21,100,1,0.027516,0.016072,0.005701
STANDARD,21,100,16,0.50519,0.457893,0.046681
KC,21,100,1,0.034551,0.023129,0.005774
STANDARD,21,100,12,0.292022,0.256406,0.035168
KC,21,100,1,0.041047,0.029989,0.005806
STANDARD,21,100,2,0.012521,0.00674,0.005727
KC,21,100,1,0.12069,0.109549,0.005921
STANDARD,31,0,10,0.210408,0.155487,0.054573
KC,31,0,1,0.140917,0.119719,0.011187
STANDARD,31,0,2,0.017385,0.00647,0.01087
KC,31,0,1,0.267398,0.245969,0.011354
STANDARD,31,0,4,0.044092,0.022328,0.021643
KC,31,0,1,0.253822,0.232476,0.011301
STANDARD,31,0,12,0.321725,0.244743,0.076373
KC,31,0,1,0.256648,0.209216,0.026028
STANDARD,31,0,13,0.517509,0.372565,0.142718
KC,31,0,1,0.20301,0.155931,0.026365
STANDARD,31,0,2,0.040915,0.008061,0.032663
KC,31,0,1,0.391212,0.346418,0.021705
STANDARD,31,0,5,0.092902,0.054263,0.038123
KC,31,0,1,0.367761,0.340215,0.017458
STANDARD,31,0,5,0.120944,0.069102,0.05104
KC,31,0,1,0.431693,0.384232,0.025066
STANDARD,31,0,15,0.730955,0.560579,0.167901
KC,31,0,1,0.195689,0.139411,0.02481
STANDARD,31,0,11,0.339743,0.250396,0.088363
KC,31,0,1,0.15182,0.12118,0.019908
STANDARD,31,0,12,0.330835,0.258969,0.071428
KC,31,0,1,0.121685,0.100521,0.011104
STANDARD,31,0,13,0.409163,0.337232,0.070612
KC,31,0,1,0.15227,0.131058,0.011169
STANDARD,31,0,14,0.432595,0.355696,0.076386
KC,31,0,1,0.160828,0.13961,0.011143
STANDARD,31,0,10,0.210505,0.155015,0.055148
KC,31,0,1,0.151757,0.130582,0.011139
STANDARD,31,0,2,0.017499,0.005717,0.011741
KC,31,0,1,0.228268,0.206957,0.011226
STANDARD,31,0,2,0.017739,0.005952,0.011745
KC,31,0,1,0.393556,0.363995,0.018071
STANDARD,31,0,15,0.762777,0.599442,0.160644
KC,31,0,1,0.165996,0.114366,0.024176
STANDARD,31,0,6,0.155571,0.088799,0.065893
KC,31,0,1,0.368706,0.323355,0.024292
STANDARD,31,0,15,0.795285,0.62939,0.163371
KC,31,0,1,0.189449,0.143314,0.024257
STANDARD,31,0,2,0.041188,0.009114,0.031912
KC,31,0,1,0.391891,0.345635,0.023126
STANDARD,31,0,17,0.901447,0.721629,0.17308
KC,31,0,1,0.087957,0.051653,0.020908
STANDARD,31,0,3,0.052167,0.027264,0.0247
KC,31,0,1,0.234792,0.213391,0.011314
STANDARD,31,0,4,0.045484,0.022716,0.022641
KC,31,0,1,0.233619,0.211382,0.012184
STANDARD,31,0,4,0.044476,0.020916,0.023443
KC,31,0,1,0.229238,0.206294,0.011488
STANDARD,31,0,5,0.064042,0.035712,0.028162
KC,31,0,1,0.239368,0.21798,0.011356
STANDARD,31,0,6,0.085384,0.051822,0.033369
KC,31,0,1,0.217389,0.196101,0.011196
STANDARD,31,0,2,0.0173,0.006334,0.01092
KC,31,0,1,0.205439,0.184163,0.011071
STANDARD,31,0,2,0.017628,0.00587,0.011713
KC,31,0,1,0.27979,0.251217,0.018409
STANDARD,31,0,12,0.466765,0.336551,0.128192
KC,31,0,1,0.236413,0.179412,0.025588
STANDARD,31,0,4,0.0913,0.043144,0.047516
KC,31,0,1,0.364519,0.318535,0.024058
STANDARD,31,0,9,0.302478,0.199669,0.101446
KC,31,0,1,0.143049,0.112368,0.018993
STANDARD,31,0,5,0.081824,0.043752,0.037709
KC,31,0,1,0.337774,0.291472,0.02414
STANDARD,31,0,2,0.037062,0.016317,0.020553
KC,31,0,1,0.391544,0.345177,0.023937
STANDARD,31,0,4,0.092707,0.043966,0.048174
KC,31,0,1,0.387633,0.339847,0.024652
STANDARD,31,0,8,0.237011,0.139529,0.096318
KC,31,0,1,0.195951,0.141902,0.024282
STANDARD,31,0,11,0.375446,0.286884,0.086775
KC,31,0,1,0.12767,0.0957,0.019311
STANDARD,31,0,2,0.023242,0.007787,0.015366
KC,31,0,1,0.206908,0.185459,0.011317
STANDARD,31,0,7,0.106368,0.067158,0.038981
KC,31,0,1,0.227433,0.205667,0.011583
STANDARD,31,0,3,0.029981,0.013573,0.016323
KC,31,0,1,0.188961,0.166689,0.011286
STANDARD,31,0,4,0.046034,0.024002,0.021903
KC,31,0,1,0.210657,0.18796,0.011283
STANDARD,31,0,15,0.482173,0.394039,0.08753
KC,31,0,1,0.138972,0.115265,0.011954
STANDARD,31,0,3,0.031726,0.01404,0.017595
KC,31,0,1,0.22287,0.198497,0.012099
STANDARD,31,0,4,0.047581,0.023343,0.024104
KC,31,0,1,0.361362,0.334345,0.016114
STANDARD,31,0,3,0.067675,0.034004,0.033368
KC,31,0,1,0.37248,0.322608,0.027566
STANDARD,31,0,4,0.096174,0.049211,0.046344
KC,31,0,1,0.396667,0.347478,0.025247
STANDARD,31,0,6,0.179746,0.112411,0.066441
KC,31,0,1,0.345032,0.315707,0.018255
STANDARD,31,0,10,0.375822,0.263051,0.111139
KC,31,0,1,0.449086,0.397566,0.026717
STANDARD,31,0,15,0.867182,0.692942,0.171679
KC,31,0,1,0.170717,0.141174,0.018365
STANDARD,31,0,2,0.021597,0.00755,0.013972
KC,31,0,1,0.347246,0.323364,0.012851
STANDARD,31,0,2,0.018592,0.00685,0.011694
KC,31,0,1,0.268278,0.245367,0.012587
STANDARD,31,20,6,0.083171,0.050216,0.032735
KC,31,20,1,0.20295,0.181292,0.011562
STANDARD,31,20,3,0.029378,0.012079,0.017215
KC,31,20,1,0.261238,0.239798,0.011333
STANDARD,31,20,14,0.44303,0.364672,0.077853
KC,31,20,1,0.144415,0.122737,0.011244
STANDARD,31,20,4,0.042416,0.019713,0.022581
KC,31,20,1,0.234016,0.212748,0.011232
STANDARD,31,20,9,0.175994,0.125819,0.049051
KC,31,20,1,0.124068,0.094541,0.019745
STANDARD,31,20,2,0.037052,0.016085,0.020719
KC,31,20,1,0.4109,0.356,0.023696
STANDARD,31,20,13,0.598626,0.451077,0.145469
KC,31,20,1,0.209955,0.163055,0.023334
STANDARD,31,20,13,0.519247,0.384282,0.128699
KC,31,20,1,0.176712,0.13999,0.017489
STANDARD,31,20,4,0.061404,0.026543,0.034611
KC,31,20,1,0.417034,0.368352,0.025988
STANDARD,31,20,13,0.59459,0.441503,0.151178
KC,31,20,1,0.179359,0.132398,0.024076
STANDARD,31,20,3,0.064392,0.032028,0.031924
KC,31,20,1,0.377856,0.337572,0.018375
STANDARD,31,20,12,0.360267,0.267011,0.086953
KC,31,20,1,0.202407,0.161481,0.01832
STANDARD,31,20,4,0.044164,0.02068,0.02336
KC,31,20,1,0.239559,0.21809,0.011407
STANDARD,31,20,13,0.367517,0.295402,0.070812
KC,31,20,1,0.096988,0.075753,0.011126
STANDARD,31,20,2,0.017159,0.005429,0.011682
KC,31,20,1,0.183607,0.162309,0.011236
STANDARD,31,20,13,0.380015,0.308028,0.071517
KC,31,20,1,0.111524,0.09036,0.011128
STANDARD,31,20,4,0.044776,0.022984,0.021678
KC,31,20,1,0.196665,0.174089,0.011163
STANDARD,31,20,13,0.352873,0.280261,0.072151
KC,31,20,1,0.191639,0.162734,0.018752
STANDARD,31,20,3,0.061167,0.029571,0.031179
KC,31,20,1,0.44622,0.40031,0.021421
STANDARD,31,20,14,0.683585,0.523569,0.157748
KC,31,20,1,0.242647,0.194103,0.025787
STANDARD,31,20,3,0.06033,0.023998,0.035999
KC,31,20,1,0.325135,0.280916,0.021805
STANDARD,31,20,3,0.034849,0.014388,0.020334
KC,31,20,1,0.414637,0.356007,0.027848
STANDARD,31,20,10,0.352793,0.230485,0.120841
KC,31,20,1,0.226089,0.17435,0.023691
STANDARD,31,20,8,0.242043,0.159789,0.080962
KC,31,20,1,0.324501,0.278372,0.024557
STANDARD,31,20,11,0.346019,0.243065,0.101513
KC,31,20,1,0.20182,0.158456,0.022341
STANDARD,31,20,3,0.030984,0.013591,0.01731
KC,31,20,1,0.265654,0.21866,0.017902
STANDARD,31,20,3,0.028728,0.012338,0.016306
KC,31,20,1,0.245177,0.223703,0.011364
STANDARD,31,20,12,0.295626,0.229939,0.065248
KC,31,20,1,0.107684,0.08642,0.011164
STANDARD,31,20,2,0.017408,0.00651,0.01085
KC,31,20,1,0.206157,0.1849,0.011252
STANDARD,31,20,12,0.296699,0.229945,0.066328
KC,31,20,1,0.118733,0.09744,0.011242
STANDARD,31,20,13,0.356619,0.283884,0.072274
KC,31,20,1,0.099677,0.078461,0.011106
STANDARD,31,20,12,0.321673,0.253445,0.067809
KC,31,20,1,0.22873,0.184453,0.022496
STANDARD,31,20,8,0.244706,0.155452,0.087987
KC,31,20,1,0.426819,0.381738,0.023911
STANDARD,31,20,4,0.087695,0.042262,0.044916
KC,31,20,1,0.243037,0.213611,0.018936
STANDARD,31,20,23,6.93072,6.7032,0.224534
KC,31,20,1,0.108639,0.063411,0.022867
STANDARD,31,20,12,0.516995,0.388891,0.126242
KC,31,20,1,0.211691,0.172587,0.016444
STANDARD,31,20,15,0.652114,0.513336,0.133141
KC,31,20,1,0.178225,0.13345,0.023012
STANDARD,31,20,15,0.75229,0.585063,0.164903
KC,31,20,1,0.207928,0.163238,0.021822
STANDARD,31,20,12,0.479663,0.346062,0.131813
KC,31,20,1,0.14566,0.121975,0.011989
STANDARD,31,20,14,0.559274,0.426748,0.13093
KC,31,20,1,0.113207,0.091969,0.011171
STANDARD,31,20,4,0.048342,0.023604,0.024599
KC,31,20,1,0.208052,0.185005,0.012257
STANDARD,31,20,14,0.47019,0.385787,0.083851
KC,31,20,1,0.08455,0.061699,0.012055
STANDARD,31,20,16,0.64936,0.55518,0.093557
KC,31,20,1,0.132037,0.109094,0.012092
STANDARD,31,20,2,0.018945,0.007242,0.011657
KC,31,20,1,0.263633,0.240662,0.012111
STANDARD,31,20,15,0.649365,0.531369,0.116768
KC,31,20,1,0.193412,0.142769,0.02601
STANDARD,31,20,2,0.042038,0.018248,0.023522
KC,31,20,1,0.44375,0.384718,0.026125
STANDARD,31,20,2,0.04203,0.018209,0.023607
KC,31,20,1,0.456922,0.405299,0.026806
STANDARD,31,20,4,0.071591,0.033963,0.037396
KC,31,20,1,0.317976,0.28417,0.022933
STANDARD,31,20,2,0.036082,0.014353,0.021503
KC,31,20,1,0.426656,0.377377,0.024504
STANDARD,31,20,3,0.066969,0.027795,0.038771
KC,31,20,1,0.423144,0.360853,0.03199
STANDARD,31,40,3,0.062947,0.025027,0.037372
KC,31,40,1,0.370905,0.317491,0.020655
STANDARD,31,40,12,0.411338,0.309517,0.100744
KC,31,40,1,0.145072,0.114899,0.019519
STANDARD,31,40,4,0.054885,0.030144,0.024547
KC,31,40,1,0.206361,0.184651,0.011606
STANDARD,31,40,14,0.421601,0.342467,0.077783
KC,31,40,1,0.087159,0.06584,0.011255
STANDARD,31,40,4,0.046046,0.02253,0.023392
KC,31,40,1,0.234089,0.210648,0.013404
STANDARD,31,40,3,0.029889,0.01354,0.016264
KC,31,40,1,0.202811,0.181509,0.011227
STANDARD,31,40,2,0.018188,0.007279,0.010862
KC,31,40,1,0.197337,0.175997,0.011324
STANDARD,31,40,13,0.355556,0.268799,0.072388
KC,31,40,1,0.105171,0.083865,0.011237
STANDARD,31,40,2,0.016722,0.005819,0.010858
KC,31,40,1,0.288276,0.25955,0.01858
STANDARD,31,40,4,0.089795,0.048005,0.04132
KC,31,40,1,0.434212,0.386872,0.024307
STANDARD,31,40,3,0.06523,0.033229,0.03165
KC,31,40,1,0.40691,0.358595,0.024476
STANDARD,31,40,11,0.401045,0.285928,0.113238
KC,31,40,1,0.199509,0.168156,0.019603
STANDARD,31,40,9,0.221004,0.148696,0.071368
KC,31,40,1,0.343228,0.296169,0.024113
STANDARD,31,40,12,0.489309,0.354931,0.132642
KC,31,40,1,0.228754,0.18323,0.023391
STANDARD,31,40,13,0.572222,0.421016,0.144257
KC,31,40,1,0.190212,0.144872,0.022861
STANDARD,31,40,2,0.017477,0.006157,0.011272
KC,31,40,1,0.293241,0.24961,0.022656
STANDARD,31,40,17,0.661175,0.559476,0.100889
KC,31,40,1,0.100488,0.079042,0.011244
STANDARD,31,40,6,0.084736,0.05022,0.034318
KC,31,40,1,0.104927,0.083856,0.010981
STANDARD,31,40,2,0.017227,0.005472,0.01171
KC,31,40,1,0.294393,0.27308,0.01115
STANDARD,31,40,21,3.98309,3.85688,0.12532
KC,31,40,1,0.169076,0.123784,0.022885
STANDARD,31,40,3,0.065715,0.029328,0.036075
KC,31,40,1,0.405877,0.357742,0.0263
STANDARD,31,40,3,0.066696,0.022029,0.044245
KC,31,40,1,0.365326,0.315338,0.024643
STANDARD,31,40,5,0.121154,0.061375,0.059088
KC,31,40,1,0.229448,0.198854,0.0185
STANDARD,31,40,12,0.395641,0.294389,0.093268
KC,31,40,1,0.098031,0.076693,0.011215
STANDARD,31,40,12,0.320529,0.252917,0.0663
KC,31,40,1,0.159285,0.136854,0.011375
STANDARD,31,40,10,0.21043,0.152871,0.05635
KC,31,40,1,0.108496,0.087187,0.011232
STANDARD,31,40,12,0.300683,0.23463,0.065621
KC,31,40,1,0.124464,0.102912,0.01145
STANDARD,31,40,9,0.168859,0.118519,0.05002
KC,31,40,1,0.117723,0.09698,0.010676
STANDARD,31,40,2,0.016817,0.005019,0.011751
KC,31,40,1,0.200648,0.179368,0.011228
STANDARD,31,40,13,0.421959,0.339581,0.081735
KC,31,40,1,0.165865,0.123012,0.022554
STANDARD,31,40,16,0.874084,0.695975,0.175435
KC,31,40,1,0.185137,0.131805,0.024102
STANDARD,31,40,5,0.122153,0.062972,0.058487
KC,31,40,1,0.32887,0.279871,0.02511
STANDARD,31,40,8,0.239012,0.140354,0.097534
KC,31,40,1,0.334367,0.288439,0.024519
STANDARD,31,40,4,0.091289,0.047218,0.043487
KC,31,40,1,0.37671,0.330044,0.023685
STANDARD,31,40,15,0.748677,0.591684,0.154636
KC,31,40,1,0.112876,0.076378,0.013317
STANDARD,31,40,10,0.31409,0.224744,0.087383
KC,31,40,1,0.160076,0.122054,0.01671
STANDARD,31,40,13,0.369027,0.29668,0.071879
KC,31,40,1,0.113767,0.092317,0.011326
STANDARD,31,40,17,0.696629,0.602566,0.093406
KC,31,40,1,0.118575,0.096258,0.011293
STANDARD,31,40,2,0.017687,0.006761,0.010879
KC,31,40,1,0.216883,0.195464,0.011311
STANDARD,31,40,2,0.019149,0.008192,0.010912
KC,31,40,1,0.193338,0.171918,0.011389
STANDARD,31,40,4,0.049581,0.025898,0.023539
KC,31,40,1,0.264413,0.241268,0.012205
STANDARD,31,40,2,0.019708,0.007959,0.0117
KC,31,40,1,0.382497,0.35145,0.020113
STANDARD,31,40,4,0.101645,0.050427,0.050611
KC,31,40,1,0.409962,0.359004,0.027214
STANDARD,31,40,4,0.100019,0.041132,0.058356
KC,31,40,1,0.4342,0.387478,0.024607
STANDARD,31,40,4,0.049273,0.02475,0.024385
KC,31,40,1,0.430808,0.381581,0.026593
STANDARD,31,40,13,0.645942,0.493216,0.150549
KC,31,40,1,0.372058,0.319421,0.027588
STANDARD,31,40,2,0.03916,0.016448,0.022505
KC,31,40,1,0.441157,0.394305,0.024891
STANDARD,31,40,3,0.040958,0.01621,0.02455
KC,31,40,1,0.348119,0.324284,0.012826
STANDARD,31,40,3,0.043586,0.021893,0.021483
KC,31,40,1,0.253934,0.230583,0.01251
STANDARD,31,40,4,0.046535,0.02293,0.023461
KC,31,40,1,0.297089,0.274355,0.011782
STANDARD,31,60,13,0.351243,0.27884,0.071918
KC,31,60,1,0.121881,0.098121,0.012154
STANDARD,31,60,3,0.029355,0.012949,0.01632
KC,31,60,1,0.19905,0.17764,0.011352
STANDARD,31,60,3,0.031892,0.015401,0.016404
KC,31,60,1,0.229878,0.207129,0.01128
STANDARD,31,60,5,0.060813,0.032615,0.028033
KC,31,60,1,0.212713,0.191283,0.011318
STANDARD,31,60,14,0.468826,0.376813,0.091033
KC,31,60,1,0.168355,0.123795,0.023725
STANDARD,31,60,10,0.362696,0.250103,0.111206
KC,31,60,1,0.198141,0.150871,0.024347
STANDARD,31,60,2,0.033832,0.014831,0.018809
KC,31,60,1,0.38036,0.332055,0.02608
STANDARD,31,60,7,0.18796,0.110302,0.076745
KC,31,60,1,0.167874,0.13136,0.014779
STANDARD,31,60,17,0.913818,0.731953,0.179675
KC,31,60,1,0.125273,0.071919,0.025296
STANDARD,31,60,5,0.121084,0.069626,0.050759
KC,31,60,1,0.395547,0.34629,0.024914
STANDARD,31,60,20,4.1439,3.94853,0.19296
KC,31,60,1,0.135368,0.090637,0.022751
STANDARD,31,60,5,0.119318,0.060462,0.058263
KC,31,60,1,0.370641,0.321502,0.028512
STANDARD,31,60,3,0.065931,0.030953,0.034596
KC,31,60,1,0.387663,0.342015,0.024721
STANDARD,31,60,12,0.419833,0.304595,0.113939
KC,31,60,1,0.191272,0.140203,0.023181
STANDARD,31,60,3,0.059848,0.028076,0.031391
KC,31,60,1,0.417397,0.37138,0.023427
STANDARD,31,60,3,0.06194,0.029424,0.032097
KC,31,60,1,0.390335,0.344861,0.023542
STANDARD,31,60,2,0.039393,0.011991,0.027198
KC,31,60,1,0.423266,0.377592,0.02338
STANDARD,31,60,3,0.061457,0.026409,0.034695
KC,31,60,1,0.230028,0.202769,0.015483
STANDARD,31,60,14,0.561655,0.437019,0.123114
KC,31,60,1,0.093513,0.072229,0.011224
STANDARD,31,60,2,0.01717,0.00625,0.010874
KC,31,60,1,0.215972,0.192925,0.011474
STANDARD,31,60,2,0.017748,0.006792,0.010907
KC,31,60,1,0.212433,0.190853,0.011441
STANDARD,31,60,3,0.030456,0.013141,0.017224
KC,31,60,1,0.204614,0.183288,0.011232
STANDARD,31,60,4,0.044679,0.022007,0.022544
KC,31,60,1,0.232843,0.210155,0.011136
STANDARD,31,60,11,0.244974,0.183545,0.061023
KC,31,60,1,0.104052,0.082842,0.011126
STANDARD,31,60,3,0.028736,0.012339,0.01631
KC,31,60,1,0.23649,0.215007,0.011399
STANDARD,31,60,7,0.106963,0.068601,0.038127
KC,31,60,1,0.112148,0.091102,0.010975
STANDARD,31,60,4,0.078577,0.033247,0.044757
KC,31,60,1,0.375161,0.329491,0.023507
STANDARD,31,60,2,0.037855,0.015495,0.022182
KC,31,60,1,0.380488,0.332956,0.026196
STANDARD,31,60,12,0.514686,0.377518,0.13516
KC,31,60,1,0.334322,0.291509,0.020831
STANDARD,31,60,5,0.110147,0.048727,0.060817
KC,31,60,1,0.292206,0.259586,0.019266
STANDARD,31,60,5,0.118524,0.065283,0.052528
KC,31,60,1,0.40968,0.362729,0.02427
STANDARD,31,60,2,0.038692,0.017654,0.020754
KC,31,60,1,0.394699,0.347796,0.024563
STANDARD,31,60,11,0.420532,0.305785,0.113159
KC,31,60,1,0.141082,0.103884,0.016563
STANDARD,31,60,3,0.055255,0.023088,0.031751
KC,31,60,1,0.281974,0.259443,0.011977
STANDARD,31,60,11,0.238512,0.177379,0.060753
KC,31,60,1,0.1153,0.093571,0.011353
STANDARD,31,60,10,0.188792,0.132311,0.056125
KC,31,60,1,0.125165,0.103836,0.011234
STANDARD,31,60,11,0.269783,0.209483,0.05989
KC,31,60,1,0.099516,0.077997,0.011403
STANDARD,31,60,13,0.371745,0.299506,0.071757
KC,31,60,1,0.114064,0.091316,0.011244
STANDARD,31,60,2,0.016925,0.005111,0.011772
KC,31,60,1,0.244698,0.22197,0.011227
STANDARD,31,60,4,0.047964,0.025272,0.022566
KC,31,60,1,0.186045,0.164697,0.011279
STANDARD,31,60,2,0.019675,0.00794,0.011685
KC,31,60,1,0.332885,0.303044,0.018799
STANDARD,31,60,3,0.06989,0.034842,0.034618
KC,31,60,1,0.375654,0.322307,0.027499
STANDARD,31,60,2,0.039557,0.015527,0.023826
KC,31,60,1,0.415333,0.364526,0.027169
STANDARD,31,60,4,0.095929,0.051002,0.044481
KC,31,60,1,0.391905,0.351075,0.019022
STANDARD,31,60,9,0.320888,0.219704,0.100088
KC,31,60,1,0.429738,0.380904,0.025032
STANDARD,31,60,7,0.234095,0.152216,0.080742
KC,31,60,1,0.383928,0.333924,0.026556
STANDARD,31,60,14,0.720238,0.549528,0.168357
KC,31,60,1,0.147831,0.122862,0.012941
STANDARD,31,60,2,0.039277,0.016728,0.022318
KC,31,60,1,0.377771,0.339163,0.018821
STANDARD,31,60,3,0.032895,0.01519,0.017616
KC,31,60,1,0.267029,0.244379,0.011768
STANDARD,31,60,8,0.151199,0.103019,0.047876
KC,31,60,1,0.230371,0.207439,0.012102
STANDARD,31,80,2,0.018532,0.006692,0.011787
KC,31,80,1,0.22786,0.205057,0.011206
STANDARD,31,80,5,0.064826,0.037333,0.027319
KC,31,80,1,0.181745,0.160519,0.011119
STANDARD,31,80,3,0.030692,0.012601,0.018001
KC,31,80,1,0.217516,0.196182,0.011246
STANDARD,31,80,4,0.045781,0.023892,0.021765
KC,31,80,1,0.204384,0.182995,0.011312
STANDARD,31,80,14,0.453292,0.363926,0.088685
KC,31,80,1,0.180003,0.134482,0.023435
STANDARD,31,80,14,0.658259,0.493163,0.162954
KC,31,80,1,0.1801,0.135785,0.022983
STANDARD,31,80,3,0.062419,0.024369,0.037701
KC,31,80,1,0.378021,0.331813,0.023625
STANDARD,31,80,3,0.03428,0.012619,0.021536
KC,31,80,1,0.322063,0.299355,0.012308
STANDARD,31,80,4,0.084057,0.045357,0.0382
KC,31,80,1,0.41211,0.363136,0.026167
STANDARD,31,80,2,0.036348,0.014949,0.021186
KC,31,80,1,0.354683,0.305029,0.026545
STANDARD,31,80,2,0.037133,0.015836,0.021027
KC,31,80,1,0.419961,0.372402,0.025244
STANDARD,31,80,2,0.037055,0.014268,0.022572
KC,31,80,1,0.304398,0.264374,0.018321
STANDARD,31,80,5,0.120004,0.063283,0.056137
KC,31,80,1,0.319197,0.291393,0.01233
STANDARD,31,80,9,0.17177,0.12158,0.049881
KC,31,80,1,0.132165,0.108799,0.011601
STANDARD,31,80,7,0.107298,0.06728,0.03977
KC,31,80,1,0.230657,0.209272,0.011285
STANDARD,31,80,10,0.219787,0.164017,0.055409
KC,31,80,1,0.094057,0.07286,0.011054
STANDARD,31,80,3,0.02951,0.013,0.016423
KC,31,80,1,0.215674,0.194235,0.011295
STANDARD,31,80,4,0.043985,0.021195,0.022658
KC,31,80,1,0.197553,0.176173,0.011321
STANDARD,31,80,4,0.045776,0.023859,0.021786
KC,31,80,1,0.179221,0.157949,0.011194
STANDARD,31,80,2,0.017511,0.006565,0.0109
KC,31,80,1,0.240139,0.218699,0.011335
STANDARD,31,80,10,0.309288,0.210777,0.097374
KC,31,80,1,0.336411,0.290458,0.024911
STANDARD,31,80,4,0.086776,0.03749,0.048642
KC,31,80,1,0.383019,0.335608,0.024578
STANDARD,31,80,3,0.061923,0.030195,0.031402
KC,31,80,1,0.409927,0.370601,0.01819
STANDARD,31,80,3,0.029779,0.012559,0.017135
KC,31,80,1,0.265435,0.22664,0.017066
STANDARD,31,80,22,2.33993,2.10486,0.2315
KC,31,80,1,0.126759,0.099146,0.017392
STANDARD,31,80,10,0.299099,0.213797,0.084303
KC,31,80,1,0.164646,0.142506,0.011975
STANDARD,31,80,3,0.030676,0.014018,0.016571
KC,31,80,1,0.23148,0.209708,0.011548
STANDARD,31,80,14,0.396432,0.31782,0.078082
KC,31,80,1,0.224793,0.202178,0.012478
STANDARD,31,80,2,0.018297,0.005612,0.012638
KC,31,80,1,0.225541,0.203203,0.011252
STANDARD,31,80,12,0.308957,0.24316,0.065357
KC,31,80,1,0.115305,0.093933,0.011301
STANDARD,31,80,11,0.269307,0.208145,0.060774
KC,31,80,1,0.09778,0.076654,0.011056
STANDARD,31,80,3,0.029684,0.01159,0.018008
KC,31,80,1,0.307517,0.278703,0.018618
STANDARD,31,80,20,5.57882,5.35802,0.2176
KC,31,80,1,0.05657,0.035154,0.011311
STANDARD,31,80,2,0.019009,0.006208,0.012754
KC,31,80,1,0.211388,0.189667,0.011469
STANDARD,31,80,13,0.378464,0.30458,0.072515
KC,31,80,1,0.122705,0.101406,0.011243
STANDARD,31,80,2,0.016972,0.004995,0.011933
KC,31,80,1,0.267583,0.24525,0.011366
STANDARD,31,80,14,0.449594,0.371026,0.078036
KC,31,80,1,0.106231,0.084876,0.01124
STANDARD,31,80,2,0.018119,0.00545,0.012624
KC,31,80,1,0.22583,0.204417,0.011275
STANDARD,31,80,2,0.017223,0.005449,0.011718
KC,31,80,1,0.238358,0.209028,0.019096
STANDARD,31,80,13,0.575843,0.429764,0.143891
KC,31,80,1,0.208971,0.152282,0.025052
STANDARD,31,80,3,0.067426,0.03135,0.035647
KC,31,80,1,0.419664,0.367702,0.028252
STANDARD,31,80,11,0.42588,0.303538,0.120617
KC,31,80,1,0.165016,0.134576,0.019416
STANDARD,31,80,14,0.706688,0.512267,0.192297
KC,31,80,1,0.315033,0.265544,0.027269
STANDARD,31,80,5,0.128534,0.064537,0.063249
KC,31,80,1,0.444833,0.389482,0.029778
STANDARD,31,80,3,0.071747,0.03717,0.034163
KC,31,80,1,0.314646,0.261174,0.019804
STANDARD,31,80,5,0.102768,0.056397,0.045888
KC,31,80,1,0.320209,0.275779,0.020913
STANDARD,31,80,6,0.095392,0.060136,0.035033
KC,31,80,1,0.113948,0.090999,0.011986
STANDARD,31,80,2,0.018942,0.00714,0.011751
KC,31,80,1,0.212772,0.189625,0.012306
STANDARD,31,80,12,0.316689,0.245934,0.070271
KC,31,80,1,0.229744,0.206617,0.012266
STANDARD,31,80,2,0.01895,0.007214,0.011684
KC,31,80,1,0.276967,0.253832,0.01228
STANDARD,31,100,2,0.016756,0.00491,0.011782
KC,31,100,1,0.228141,0.205465,0.011188
STANDARD,31,100,15,0.521094,0.43893,0.081596
KC,31,100,1,0.043255,0.022177,0.011029
STANDARD,31,100,14,0.685499,0.536394,0.146745
KC,31,100,1,0.092882,0.04567,0.025105
STANDARD,31,100,12,0.491327,0.359073,0.130512
KC,31,100,1,0.132781,0.086939,0.023614
STANDARD,31,100,13,0.494756,0.371462,0.121531
KC,31,100,1,0.093265,0.054482,0.016922
STANDARD,31,100,14,0.645762,0.497189,0.146483
KC,31,100,1,0.098683,0.053347,0.023997
STANDARD,31,100,2,0.035655,0.014739,0.020702
KC,31,100,1,0.415759,0.361265,0.02591
STANDARD,31,100,8,0.245441,0.161196,0.082923
KC,31,100,1,0.311408,0.263069,0.025914
STANDARD,31,100,2,0.033786,0.015502,0.018057
KC,31,100,1,0.277365,0.252437,0.014701
STANDARD,31,100,14,0.504506,0.398566,0.104695
KC,31,100,1,0.085851,0.064285,0.011253
STANDARD,31,100,4,0.044702,0.022743,0.021836
KC,31,100,1,0.147132,0.125732,0.011298
STANDARD,31,100,2,0.018095,0.00556,0.012487
KC,31,100,1,0.145623,0.124301,0.011224
STANDARD,31,100,3,0.029975,0.012626,0.017265
KC,31,100,1,0.208094,0.186798,0.011226
STANDARD,31,100,4,0.045781,0.023823,0.021835
KC,31,100,1,0.172033,0.149768,0.012149
STANDARD,31,100,8,0.134084,0.089118,0.044693
KC,31,100,1,0.1234,0.101298,0.011132
STANDARD,31,100,3,0.030542,0.013312,0.017145
KC,31,100,1,0.183669,0.161067,0.011113
STANDARD,31,100,3,0.03011,0.013708,0.016318
KC,31,100,1,0.182236,0.161065,0.011111
STANDARD,31,100,13,0.431716,0.33501,0.095622
KC,31,100,1,0.112846,0.060588,0.021946
STANDARD,31,100,16,0.819262,0.628969,0.187667
KC,31,100,1,0.083331,0.037939,0.021851
STANDARD,31,100,4,0.08766,0.046095,0.041092
KC,31,100,1,0.332766,0.287419,0.025421
STANDARD,31,100,3,0.038376,0.01265,0.025622
KC,31,100,1,0.305317,0.264015,0.021759
STANDARD,31,100,11,0.400871,0.276776,0.12242
KC,31,100,1,0.160481,0.111595,0.026311
STANDARD,31,100,17,1.01029,0.8136,0.193867
KC,31,100,1,0.087093,0.04003,0.023533
STANDARD,31,100,3,0.046883,0.020376,0.026245
KC,31,100,1,0.270024,0.238074,0.021757
STANDARD,31,100,3,0.032082,0.014326,0.017657
KC,31,100,1,0.258584,0.21049,0.018359
STANDARD,31,100,4,0.045148,0.02231,0.022721
KC,31,100,1,0.214338,0.192722,0.011331
STANDARD,31,100,14,0.364229,0.286494,0.077207
KC,31,100,1,0.045163,0.024107,0.011007
STANDARD,31,100,2,0.017461,0.006197,0.011216
KC,31,100,1,0.166459,0.145192,0.011202
STANDARD,31,100,5,0.063531,0.035307,0.028054
KC,31,100,1,0.195577,0.174198,0.011253
STANDARD,31,100,3,0.029525,0.013047,0.016392
KC,31,100,1,0.180057,0.158858,0.011179
STANDARD,31,100,23,10.558,10.4094,0.147159
KC,31,100,1,0.081184,0.036662,0.021874
STANDARD,31,100,16,0.851777,0.687497,0.162183
KC,31,100,1,0.092301,0.049952,0.020715
STANDARD,31,100,5,0.076638,0.045468,0.030895
KC,31,100,1,0.230059,0.182929,0.024579
STANDARD,31,100,2,0.035714,0.014552,0.021017
KC,31,100,1,0.394844,0.345442,0.025337
STANDARD,31,100,2,0.039448,0.018247,0.020939
KC,31,100,1,0.381303,0.333989,0.027861
STANDARD,31,100,15,0.757641,0.594291,0.156899
KC,31,100,1,0.050871,0.028317,0.011093
STANDARD,31,100,12,0.386151,0.27555,0.109296
KC,31,100,1,0.070782,0.048666,0.011322
STANDARD,31,100,15,0.493658,0.411574,0.081543
KC,31,100,1,0.104709,0.083515,0.011153
STANDARD,31,100,11,0.262654,0.20246,0.059806
KC,31,100,1,0.074076,0.05283,0.011165
STANDARD,31,100,6,0.090628,0.057803,0.032625
KC,31,100,1,0.164176,0.142946,0.011247
STANDARD,31,100,2,0.018078,0.006355,0.011675
KC,31,100,1,0.209262,0.186454,0.011908
STANDARD,31,100,3,0.03247,0.014892,0.017489
KC,31,100,1,0.254851,0.232035,0.012011
STANDARD,31,100,7,0.123594,0.082296,0.041036
KC,31,100,1,0.150197,0.126571,0.011852
STANDARD,31,100,11,0.331274,0.241872,0.088538
KC,31,100,1,0.166391,0.116964,0.026664
STANDARD,31,100,5,0.129457,0.070267,0.058531
KC,31,100,1,0.400735,0.353588,0.025322
STANDARD,31,100,13,0.635338,0.476485,0.152072
KC,31,100,1,0.120101,0.078821,0.02238
STANDARD,31,100,2,0.018274,0.006566,0.011654
KC,31,100,1,0.3036,0.254709,0.026215
STANDARD,31,100,9,0.323803,0.221753,0.100599
KC,31,100,1,0.172114,0.123493,0.024083
STANDARD,31,100,10,0.379887,0.259058,0.114627
KC,31,100,1,0.204896,0.145094,0.027328
STANDARD,31,100,3,0.064012,0.029684,0.033895
KC,31,100,1,0.378597,0.314334,0.029786
STANDARD,41,0,14,0.64732,0.448685,0.197037
KC,41,0,1,0.158276,0.120826,0.019819
STANDARD,41,0,11,0.297827,0.191194,0.106241
KC,41,0,1,0.236129,0.198725,0.019857
STANDARD,41,0,2,0.026028,0.007067,0.018916
KC,41,0,1,0.231521,0.193838,0.02005
STANDARD,41,0,14,0.450918,0.316234,0.13418
KC,41,0,1,0.190176,0.151004,0.019732
STANDARD,41,0,2,0.025784,0.006762,0.018978
KC,41,0,1,0.315353,0.277758,0.020029
STANDARD,41,0,5,0.085382,0.037933,0.047282
KC,41,0,1,0.443476,0.393968,0.031961
STANDARD,41,0,17,1.15382,0.821244,0.322356
KC,41,0,1,0.246734,0.171783,0.033696
STANDARD,41,0,2,0.02568,0.006515,0.019026
KC,41,0,1,0.454057,0.372396,0.044381
STANDARD,41,0,18,1.34343,0.998661,0.341596
KC,41,0,1,0.331224,0.244691,0.043176
STANDARD,41,0,13,0.549869,0.362913,0.185856
KC,41,0,1,0.159959,0.122162,0.019974
STANDARD,41,0,3,0.041744,0.013142,0.028518
KC,41,0,1,0.316155,0.276035,0.020173
STANDARD,41,0,9,0.212746,0.125535,0.086899
KC,41,0,1,0.252797,0.215907,0.019259
STANDARD,41,0,16,0.611888,0.459214,0.152084
KC,41,0,1,0.191741,0.151169,0.02077
STANDARD,41,0,6,0.113554,0.056479,0.056871
KC,41,0,1,0.269853,0.232312,0.01994
STANDARD,41,0,5,0.170773,0.079754,0.090398
KC,41,0,1,0.579155,0.478442,0.043806
STANDARD,41,0,15,0.834891,0.586367,0.246634
KC,41,0,1,0.253855,0.171143,0.043231
STANDARD,41,0,2,0.056356,0.00955,0.046545
KC,41,0,1,0.504347,0.415826,0.045245
STANDARD,41,0,18,1.32096,1.00403,0.314128
KC,41,0,1,0.232945,0.155726,0.032885
STANDARD,41,0,2,0.025867,0.005556,0.020268
KC,41,0,1,0.346135,0.30824,0.020311
STANDARD,41,0,7,0.149238,0.082184,0.066807
KC,41,0,1,0.304428,0.266637,0.020036
STANDARD,41,0,3,0.043044,0.014469,0.028491
KC,41,0,1,0.330898,0.292846,0.020461
STANDARD,41,0,15,0.540751,0.397658,0.142537
KC,41,0,1,0.137815,0.100651,0.019542
STANDARD,41,0,2,0.02569,0.006676,0.018967
KC,41,0,1,0.373327,0.321152,0.034527
STANDARD,41,0,3,0.095065,0.03875,0.055945
KC,41,0,1,0.521665,0.431819,0.046025
STANDARD,41,0,3,0.095078,0.030801,0.063842
KC,41,0,1,0.525598,0.45223,0.030377
STANDARD,41,0,11,0.450134,0.270187,0.178686
KC,41,0,1,0.277704,0.175929,0.043232
STANDARD,41,0,17,1.1665,0.830269,0.333406
KC,41,0,1,0.264869,0.192311,0.033072
STANDARD,41,0,6,0.145077,0.068988,0.075714
KC,41,0,1,0.365753,0.323262,0.020794
STANDARD,41,0,2,0.025892,0.006811,0.019035
KC,41,0,1,0.337913,0.30023,0.020104
STANDARD,41,0,3,0.04299,0.014459,0.028447
KC,41,0,1,0.27995,0.242238,0.020104
STANDARD,41,0,3,0.043619,0.014914,0.028618
KC,41,0,1,0.310457,0.272815,0.02004
STANDARD,41,0,3,0.044318,0.015487,0.028746
KC,41,0,1,0.345859,0.307897,0.020408
STANDARD,41,0,3,0.043692,0.015088,0.028512
KC,41,0,1,0.289071,0.251568,0.019937
STANDARD,41,0,17,1.01331,0.75903,0.252445
KC,41,0,1,0.424879,0.336833,0.045883
STANDARD,41,0,2,0.056943,0.019796,0.036966
KC,41,0,1,0.456286,0.367269,0.047124
STANDARD,41,0,2,0.035845,0.007831,0.027944
KC,41,0,1,0.442181,0.382639,0.035735
STANDARD,41,0,15,0.90951,0.610001,0.296857
KC,41,0,1,0.360973,0.275116,0.042027
STANDARD,41,0,14,0.694098,0.47002,0.222507
KC,41,0,1,0.283803,0.210594,0.032207
STANDARD,41,0,14,0.470223,0.336562,0.133128
KC,41,0,1,0.252576,0.214892,0.019976
STANDARD,41,0,4,0.063772,0.025503,0.03814
KC,41,0,1,0.312468,0.273919,0.020853
STANDARD,41,0,15,0.59529,0.439853,0.153312
KC,41,0,1,0.224154,0.183941,0.021143
STANDARD,41,0,15,0.925588,0.676482,0.247237
KC,41,0,1,0.47848,0.383631,0.049931
STANDARD,41,0,3,0.104066,0.032251,0.071422
KC,41,0,1,0.465738,0.386798,0.034696
STANDARD,41,0,10,0.449334,0.263486,0.184534
KC,41,0,1,0.348568,0.253993,0.047432
STANDARD,41,0,14,0.946812,0.660193,0.284411
KC,41,0,1,0.323637,0.245116,0.032165
STANDARD,41,0,13,0.602444,0.405605,0.195378
KC,41,0,1,0.218014,0.177538,0.022143
STANDARD,41,0,2,0.028616,0.00794,0.020624
KC,41,0,1,0.33246,0.291592,0.02193
STANDARD,41,0,10,0.295098,0.192208,0.10249
KC,41,0,1,0.282539,0.242207,0.021464
STANDARD,41,0,5,0.093365,0.042038,0.05115
KC,41,0,1,0.32506,0.282675,0.02353
STANDARD,41,0,3,0.046941,0.016129,0.030719
KC,41,0,1,0.420943,0.357473,0.044499
STANDARD,41,20,14,0.859774,0.579694,0.277764
KC,41,20,1,0.30671,0.220971,0.044483
STANDARD,41,20,5,0.198939,0.092292,0.105822
KC,41,20,1,0.463936,0.401271,0.039348
STANDARD,41,20,21,6.21674,5.78296,0.421942
KC,41,20,1,0.402915,0.315288,0.046889
STANDARD,41,20,5,0.179373,0.084409,0.094245
KC,41,20,1,0.496497,0.421986,0.031803
STANDARD,41,20,2,0.026414,0.007242,0.019118
KC,41,20,1,0.441541,0.357285,0.0439
STANDARD,41,20,4,0.134827,0.058394,0.075833
KC,41,20,1,0.50826,0.423651,0.043343
STANDARD,41,20,12,0.646452,0.410273,0.234228
KC,41,20,1,0.218777,0.132567,0.04446
STANDARD,41,20,22,5.54873,5.29732,0.249984
KC,41,20,1,0.227749,0.150105,0.040172
STANDARD,41,20,12,0.62575,0.397102,0.226709
KC,41,20,1,0.451657,0.347968,0.043606
STANDARD,41,20,12,0.641262,0.402347,0.237031
KC,41,20,1,0.24841,0.192983,0.032659
STANDARD,41,20,12,0.445457,0.287766,0.156612
KC,41,20,1,0.134219,0.096858,0.019604
STANDARD,41,20,17,0.735099,0.57252,0.161926
KC,41,20,1,0.157824,0.12047,0.019654
STANDARD,41,20,8,0.177133,0.097888,0.078962
KC,41,20,1,0.315531,0.277303,0.020592
STANDARD,41,20,18,0.944287,0.742028,0.201198
KC,41,20,1,0.279919,0.19456,0.040564
STANDARD,41,20,13,0.687009,0.443967,0.241156
KC,41,20,1,0.377303,0.298684,0.034838
STANDARD,41,20,9,0.301177,0.178614,0.121796
KC,41,20,1,0.473243,0.388762,0.043697
STANDARD,41,20,5,0.18051,0.085565,0.09415
KC,41,20,1,0.558519,0.47057,0.046117
STANDARD,41,20,4,0.139327,0.062727,0.076111
KC,41,20,1,0.459246,0.383024,0.037521
STANDARD,41,20,2,0.026063,0.00698,0.019036
KC,41,20,1,0.313674,0.275407,0.02033
STANDARD,41,20,5,0.085568,0.034863,0.050547
KC,41,20,1,0.348734,0.308379,0.020265
STANDARD,41,20,4,0.063239,0.025069,0.038043
KC,41,20,1,0.298378,0.260705,0.020015
STANDARD,41,20,11,0.293195,0.188343,0.104444
KC,41,20,1,0.369636,0.315024,0.034579
STANDARD,41,20,3,0.097385,0.039339,0.057672
KC,41,20,1,0.554119,0.447472,0.046615
STANDARD,41,20,10,0.328653,0.188798,0.139032
KC,41,20,1,0.511861,0.440721,0.033886
STANDARD,41,20,2,0.055618,0.01836,0.037075
KC,41,20,1,0.502792,0.421547,0.041443
STANDARD,41,20,10,0.480543,0.288628,0.190455
KC,41,20,1,0.322555,0.265422,0.036272
STANDARD,41,20,4,0.072352,0.029463,0.04271
KC,41,20,1,0.289045,0.241679,0.026605
STANDARD,41,20,2,0.026494,0.007469,0.018978
KC,41,20,1,0.301905,0.263788,0.020267
STANDARD,41,20,4,0.063259,0.024951,0.03818
KC,41,20,1,0.286501,0.248569,0.020269
STANDARD,41,20,13,0.446582,0.322225,0.123878
KC,41,20,1,0.147017,0.107316,0.019667
STANDARD,41,20,15,0.526126,0.382613,0.14295
KC,41,20,1,0.173001,0.135826,0.019541
STANDARD,41,20,4,0.134227,0.058711,0.075056
KC,41,20,1,0.491025,0.406923,0.043046
STANDARD,41,20,8,0.343515,0.188241,0.154087
KC,41,20,1,0.438565,0.348991,0.045978
STANDARD,41,20,9,0.325903,0.187731,0.137063
KC,41,20,1,0.314404,0.226853,0.043709
STANDARD,41,20,3,0.092821,0.027671,0.064747
KC,41,20,1,0.463063,0.375048,0.044032
STANDARD,41,20,17,1.14214,0.806899,0.324375
KC,41,20,1,0.206498,0.153602,0.033024
STANDARD,41,20,3,0.04222,0.013713,0.028424
KC,41,20,1,0.369881,0.331863,0.020335
STANDARD,41,20,4,0.061399,0.02317,0.038105
KC,41,20,1,0.291088,0.253288,0.020136
STANDARD,41,20,9,0.221292,0.133934,0.087028
KC,41,20,1,0.199689,0.158993,0.020641
STANDARD,41,20,11,0.311603,0.202219,0.108985
KC,41,20,1,0.252721,0.215271,0.019895
STANDARD,41,20,4,0.069705,0.028826,0.040742
KC,41,20,1,0.373569,0.315268,0.036597
STANDARD,41,20,4,0.14561,0.063297,0.081682
KC,41,20,1,0.608369,0.518363,0.044167
STANDARD,41,20,11,0.585002,0.37076,0.212425
KC,41,20,1,0.450929,0.357694,0.049196
STANDARD,41,20,5,0.196432,0.094353,0.101265
KC,41,20,1,0.586017,0.493179,0.046838
STANDARD,41,20,11,0.60957,0.379428,0.228308
KC,41,20,1,0.243267,0.184069,0.039634
STANDARD,41,20,14,0.589656,0.393929,0.194582
KC,41,20,1,0.136787,0.096956,0.020798
STANDARD,41,20,11,0.347014,0.234015,0.112554
KC,41,20,1,0.239696,0.199182,0.021486
STANDARD,41,20,3,0.045695,0.014853,0.030745
KC,41,20,1,0.37643,0.33577,0.021705
STANDARD,41,20,12,0.406399,0.28319,0.122738
KC,41,20,1,0.315938,0.274678,0.02223
STANDARD,41,20,3,0.101666,0.039888,0.061434
KC,41,20,1,0.553065,0.460986,0.04535
STANDARD,41,40,4,0.14108,0.062349,0.078261
KC,41,40,1,0.507021,0.419535,0.044667
STANDARD,41,40,6,0.135274,0.058039,0.07694
KC,41,40,1,0.222432,0.166056,0.033183
STANDARD,41,40,11,0.565815,0.336215,0.227804
KC,41,40,1,0.434388,0.334467,0.04481
STANDARD,41,40,17,1.12215,0.805139,0.305065
KC,41,40,1,0.23827,0.168881,0.027093
STANDARD,41,40,2,0.026084,0.006998,0.019036
KC,41,40,1,0.250345,0.2124,0.02032
STANDARD,41,40,3,0.045269,0.015263,0.029919
KC,41,40,1,0.298762,0.260874,0.020232
STANDARD,41,40,13,0.443218,0.317147,0.125583
KC,41,40,1,0.142866,0.105467,0.019625
STANDARD,41,40,2,0.025795,0.006734,0.019013
KC,41,40,1,0.285181,0.248007,0.019499
STANDARD,41,40,2,0.025905,0.00536,0.020498
KC,41,40,1,0.314943,0.273413,0.021611
STANDARD,41,40,14,0.607776,0.425412,0.181317
KC,41,40,1,0.466259,0.378641,0.047978
STANDARD,41,40,13,0.700923,0.442367,0.256487
KC,41,40,1,0.344035,0.268047,0.034747
STANDARD,41,40,2,0.030171,0.008456,0.021604
KC,41,40,1,0.487301,0.417093,0.033499
STANDARD,41,40,2,0.058517,0.019294,0.038991
KC,41,40,1,0.56098,0.472247,0.046291
STANDARD,41,40,10,0.475312,0.278604,0.195035
KC,41,40,1,0.344552,0.267273,0.044381
STANDARD,41,40,4,0.077041,0.032122,0.04474
KC,41,40,1,0.305169,0.254794,0.028763
STANDARD,41,40,2,0.02708,0.0079,0.019132
KC,41,40,1,0.332787,0.294912,0.020134
STANDARD,41,40,11,0.301999,0.19699,0.104583
KC,41,40,1,0.2123,0.174092,0.020598
STANDARD,41,40,14,0.516395,0.381405,0.134466
KC,41,40,1,0.217985,0.180473,0.019791
STANDARD,41,40,2,0.026374,0.007351,0.018977
KC,41,40,1,0.332655,0.295094,0.019934
STANDARD,41,40,17,1.18101,0.873825,0.30463
KC,41,40,1,0.269675,0.184306,0.043705
STANDARD,41,40,2,0.058161,0.019104,0.038839
KC,41,40,1,0.473135,0.385622,0.045297
STANDARD,41,40,8,0.288709,0.169282,0.118558
KC,41,40,1,0.458141,0.372636,0.044341
STANDARD,41,40,2,0.058234,0.019622,0.03841
KC,41,40,1,0.539994,0.453834,0.045645
STANDARD,41,40,15,0.838531,0.585398,0.250978
KC,41,40,1,0.20839,0.138585,0.02944
STANDARD,41,40,6,0.119142,0.061879,0.057057
KC,41,40,1,0.33554,0.297454,0.020292
STANDARD,41,40,3,0.043087,0.012959,0.030046
KC,41,40,1,0.30973,0.27167,0.02028
STANDARD,41,40,14,0.479891,0.344469,0.134897
KC,41,40,1,0.163006,0.125855,0.019507
STANDARD,41,40,13,0.435997,0.311664,0.123858
KC,41,40,1,0.169502,0.132304,0.019632
STANDARD,41,40,3,0.066205,0.022778,0.04319
KC,41,40,1,0.515946,0.429637,0.045487
STANDARD,41,40,14,0.818006,0.548672,0.266852
KC,41,40,1,0.346119,0.265137,0.03916
STANDARD,41,40,17,1.07989,0.78588,0.291581
KC,41,40,1,0.336406,0.23798,0.043722
STANDARD,41,40,15,0.951556,0.672336,0.276923
KC,41,40,1,0.158491,0.108034,0.031657
STANDARD,41,40,4,0.071808,0.026322,0.045258
KC,41,40,1,0.300451,0.261764,0.020628
STANDARD,41,40,5,0.087604,0.039759,0.047676
KC,41,40,1,0.340521,0.302609,0.020247
STANDARD,41,40,4,0.064549,0.026271,0.03815
KC,41,40,1,0.312887,0.274836,0.020287
STANDARD,41,40,14,0.48153,0.344679,0.136339
KC,41,40,1,0.165168,0.127468,0.019978
STANDARD,41,40,4,0.062614,0.023199,0.03929
KC,41,40,1,0.296649,0.257731,0.021336
STANDARD,41,40,14,0.862497,0.596576,0.263555
KC,41,40,1,0.430601,0.338058,0.050154
STANDARD,41,40,4,0.1493,0.063941,0.084793
KC,41,40,1,0.399466,0.344144,0.032047
STANDARD,41,40,3,0.100378,0.037998,0.062003
KC,41,40,1,0.483216,0.386188,0.054102
STANDARD,41,40,14,1.0096,0.705172,0.301853
KC,41,40,1,0.357936,0.307568,0.026825
STANDARD,41,40,13,0.550647,0.383757,0.165795
KC,41,40,1,0.233997,0.193393,0.021464
STANDARD,41,40,4,0.068597,0.027621,0.04084
KC,41,40,1,0.386308,0.343468,0.023788
STANDARD,41,40,17,0.85008,0.675688,0.173702
KC,41,40,1,0.158929,0.118763,0.021202
STANDARD,41,40,5,0.092547,0.041321,0.051041
KC,41,40,1,0.563652,0.500922,0.035073
STANDARD,41,40,4,0.150521,0.069027,0.080922
KC,41,40,1,0.591908,0.508372,0.03448
STANDARD,41,40,15,0.981162,0.695532,0.283469
KC,41,40,1,0.4498,0.358421,0.045655
STANDARD,41,40,4,0.145886,0.062941,0.08231
KC,41,40,1,0.458824,0.378778,0.035323
STANDARD,41,40,8,0.297399,0.172925,0.123592
KC,41,40,1,0.241358,0.200342,0.021978
STANDARD,41,40,2,0.030192,0.008094,0.022045
KC,41,40,1,0.324877,0.284083,0.021831
STANDARD,41,60,4,0.066445,0.028336,0.037983
KC,41,60,1,0.308865,0.271023,0.020155
STANDARD,41,60,4,0.06317,0.024874,0.03817
KC,41,60,1,0.301773,0.264052,0.020038
STANDARD,41,60,16,0.648349,0.494445,0.153309
KC,41,60,1,0.130423,0.093542,0.019214
STANDARD,41,60,10,0.482936,0.280984,0.200293
KC,41,60,1,0.483335,0.394088,0.046453
STANDARD,41,60,4,0.134609,0.058049,0.076072
KC,41,60,1,0.499708,0.409908,0.044809
STANDARD,41,60,2,0.026837,0.005504,0.021279
KC,41,60,1,0.471492,0.399561,0.043704
STANDARD,41,60,15,0.968575,0.67006,0.286624
KC,41,60,1,0.425012,0.335856,0.045678
STANDARD,41,60,6,0.185286,0.090488,0.094124
KC,41,60,1,0.416057,0.361484,0.032237
STANDARD,41,60,14,0.445698,0.311953,0.133221
KC,41,60,1,0.179373,0.14203,0.01942
STANDARD,41,60,14,0.50842,0.372788,0.135085
KC,41,60,1,0.218134,0.1808,0.019589
STANDARD,41,60,5,0.082249,0.034405,0.047673
KC,41,60,1,0.301774,0.264106,0.019951
STANDARD,41,60,19,1.07982,0.862557,0.216031
KC,41,60,1,0.406714,0.310031,0.048948
STANDARD,41,60,3,0.10513,0.040992,0.063745
KC,41,60,1,0.550739,0.457132,0.050313
STANDARD,41,60,15,0.993284,0.713271,0.277808
KC,41,60,1,0.274316,0.185415,0.047903
STANDARD,41,60,4,0.134741,0.048003,0.086182
KC,41,60,1,0.558965,0.472285,0.045303
STANDARD,41,60,5,0.126282,0.058818,0.067045
KC,41,60,1,0.429249,0.359061,0.030401
STANDARD,41,60,14,0.45695,0.323328,0.13309
KC,41,60,1,0.16486,0.127087,0.019881
STANDARD,41,60,3,0.043608,0.014889,0.02863
KC,41,60,1,0.290434,0.252521,0.02014
STANDARD,41,60,3,0.04277,0.014256,0.028428
KC,41,60,1,0.262094,0.222288,0.019881
STANDARD,41,60,3,0.042947,0.014437,0.028415
KC,41,60,1,0.339299,0.299453,0.019933
STANDARD,41,60,3,0.043801,0.013747,0.02997
KC,41,60,1,0.308684,0.269411,0.02161
STANDARD,41,60,4,0.133669,0.058442,0.074631
KC,41,60,1,0.500944,0.417652,0.042039
STANDARD,41,60,7,0.278146,0.134356,0.142739
KC,41,60,1,0.420999,0.34567,0.031818
STANDARD,41,60,2,0.025954,0.005241,0.020666
KC,41,60,1,0.500228,0.416192,0.043488
STANDARD,41,60,2,0.053536,0.008407,0.04491
KC,41,60,1,0.579863,0.477332,0.047024
STANDARD,41,60,3,0.094142,0.038465,0.0552
KC,41,60,1,0.504998,0.418347,0.04305
STANDARD,41,60,11,0.419412,0.26723,0.15118
KC,41,60,1,0.261276,0.184784,0.031764
STANDARD,41,60,2,0.026187,0.007149,0.018993
KC,41,60,1,0.393072,0.355066,0.020381
STANDARD,41,60,4,0.062138,0.024014,0.037995
KC,41,60,1,0.355881,0.317953,0.020238
STANDARD,41,60,14,0.473425,0.339331,0.133569
KC,41,60,1,0.211084,0.173685,0.019702
STANDARD,41,60,5,0.084415,0.036737,0.047518
KC,41,60,1,0.287711,0.249993,0.020106
STANDARD,41,60,3,0.096082,0.038735,0.056976
KC,41,60,1,0.556297,0.466573,0.045834
STANDARD,41,60,5,0.179265,0.084014,0.094407
KC,41,60,1,0.424371,0.33644,0.046266
STANDARD,41,60,3,0.054564,0.017532,0.036891
KC,41,60,1,0.525376,0.423464,0.042115
STANDARD,41,60,10,0.491142,0.302449,0.186986
KC,41,60,1,0.462487,0.375027,0.046638
STANDARD,41,60,2,0.068823,0.021681,0.046884
KC,41,60,1,0.435877,0.373716,0.022475
STANDARD,41,60,3,0.09421,0.030633,0.063254
KC,41,60,1,0.351448,0.313243,0.02044
STANDARD,41,60,2,0.027489,0.00827,0.019171
KC,41,60,1,0.33353,0.293792,0.022077
STANDARD,41,60,16,0.656001,0.502052,0.153339
KC,41,60,1,0.187973,0.150572,0.019713
STANDARD,41,60,4,0.064638,0.026389,0.038111
KC,41,60,1,0.306266,0.268487,0.019997
STANDARD,41,60,5,0.094321,0.043103,0.051052
KC,41,60,1,0.487631,0.434795,0.033834
STANDARD,41,60,3,0.102974,0.042817,0.059807
KC,41,60,1,0.579843,0.486953,0.045825
STANDARD,41,60,3,0.105103,0.042721,0.061976
KC,41,60,1,0.472081,0.379196,0.048839
STANDARD,41,60,2,0.035347,0.012105,0.023171
KC,41,60,1,0.531758,0.437493,0.048406
STANDARD,41,60,2,0.06412,0.021392,0.0425
KC,41,60,1,0.622276,0.530059,0.046061
STANDARD,41,60,15,0.922855,0.639838,0.281106
KC,41,60,1,0.2794,0.236678,0.022928
STANDARD,41,60,3,0.046643,0.015691,0.030849
KC,41,60,1,0.345812,0.304953,0.02185
STANDARD,41,60,11,0.35732,0.24413,0.112745
KC,41,60,1,0.152842,0.112677,0.021166
STANDARD,41,60,3,0.045505,0.014818,0.030595
KC,41,60,1,0.34975,0.307106,0.023756
STANDARD,41,60,16,0.770876,0.596564,0.173598
KC,41,60,1,0.307635,0.217142,0.045945
STANDARD,41,80,3,0.094804,0.036895,0.057533
KC,41,80,1,0.506473,0.416487,0.047079
STANDARD,41,80,10,0.459171,0.284018,0.173539
KC,41,80,1,0.274075,0.227279,0.025339
STANDARD,41,80,14,0.809031,0.530095,0.276751
KC,41,80,1,0.44558,0.340169,0.046212
STANDARD,41,80,17,1.19503,0.893111,0.299251
KC,41,80,1,0.185382,0.117327,0.030078
STANDARD,41,80,4,0.062949,0.024927,0.037891
KC,41,80,1,0.279874,0.240399,0.021815
STANDARD,41,80,4,0.064203,0.024574,0.039505
KC,41,80,1,0.316112,0.278226,0.020158
STANDARD,41,80,12,0.373664,0.258914,0.114307
KC,41,80,1,0.163178,0.126234,0.019226
STANDARD,41,80,4,0.061328,0.021673,0.039529
KC,41,80,1,0.301653,0.264129,0.019948
STANDARD,41,80,16,0.785799,0.594514,0.190125
KC,41,80,1,0.382733,0.295905,0.045354
STANDARD,41,80,17,1.2161,0.894114,0.317721
KC,41,80,1,0.220791,0.15454,0.031872
STANDARD,41,80,17,1.21217,0.877763,0.32319
KC,41,80,1,0.275698,0.187696,0.044583
STANDARD,41,80,12,0.629474,0.408243,0.219284
KC,41,80,1,0.230627,0.159017,0.031525
STANDARD,41,80,2,0.059529,0.018708,0.040483
KC,41,80,1,0.326716,0.287812,0.020427
STANDARD,41,80,11,0.298708,0.193486,0.104823
KC,41,80,1,0.30647,0.26699,0.021695
STANDARD,41,80,4,0.062692,0.024714,0.037841
KC,41,80,1,0.290703,0.250401,0.020203
STANDARD,41,80,4,0.064948,0.026738,0.038084
KC,41,80,1,0.341352,0.301622,0.019746
STANDARD,41,80,4,0.064326,0.026244,0.037957
KC,41,80,1,0.30708,0.269431,0.019956
STANDARD,41,80,12,0.60458,0.392997,0.209918
KC,41,80,1,0.469831,0.366358,0.045606
STANDARD,41,80,8,0.33881,0.185256,0.152193
KC,41,80,1,0.271586,0.187481,0.041085
STANDARD,41,80,15,0.741035,0.522029,0.209159
KC,41,80,1,0.453441,0.367616,0.044686
STANDARD,41,80,15,0.928383,0.62988,0.295833
KC,41,80,1,0.399539,0.298834,0.042079
STANDARD,41,80,2,0.029367,0.006877,0.022418
KC,41,80,1,0.386604,0.309785,0.034188
STANDARD,41,80,4,0.061892,0.023599,0.038076
KC,41,80,1,0.375224,0.334761,0.020422
STANDARD,41,80,17,0.811819,0.644328,0.165396
KC,41,80,1,0.170727,0.133814,0.01905
STANDARD,41,80,10,0.267793,0.171586,0.095842
KC,41,80,1,0.217685,0.17965,0.020039
STANDARD,41,80,3,0.042306,0.01372,0.028502
KC,41,80,1,0.416885,0.365596,0.033593
STANDARD,41,80,8,0.346199,0.183432,0.1615
KC,41,80,1,0.552025,0.463517,0.045839
STANDARD,41,80,12,0.532754,0.351537,0.179848
KC,41,80,1,0.289941,0.213685,0.036057
STANDARD,41,80,12,0.640373,0.412652,0.225575
KC,41,80,1,0.398369,0.296305,0.04337
STANDARD,41,80,15,0.907926,0.651626,0.254304
KC,41,80,1,0.238728,0.164495,0.030805
STANDARD,41,80,10,0.254887,0.159644,0.09488
KC,41,80,1,0.178909,0.138992,0.01978
STANDARD,41,80,10,0.25367,0.155268,0.098027
KC,41,80,1,0.259914,0.219953,0.019902
STANDARD,41,80,2,0.027105,0.007968,0.019088
KC,41,80,1,0.315794,0.275326,0.020296
STANDARD,41,80,3,0.04464,0.015903,0.028645
KC,41,80,1,0.302506,0.264712,0.020128
STANDARD,41,80,3,0.042571,0.014006,0.028477
KC,41,80,1,0.305404,0.267942,0.019787
STANDARD,41,80,5,0.158866,0.073487,0.084823
KC,41,80,1,0.558909,0.448856,0.054205
STANDARD,41,80,2,0.060431,0.022092,0.038134
KC,41,80,1,0.574732,0.477603,0.041532
STANDARD,41,80,12,0.493939,0.328796,0.163909
KC,41,80,1,0.425003,0.34143,0.039666
STANDARD,41,80,9,0.397539,0.221829,0.174209
KC,41,80,1,0.456163,0.37034,0.04334
STANDARD,41,80,13,0.624019,0.397762,0.224534
KC,41,80,1,0.310085,0.258204,0.029624
STANDARD,41,80,3,0.047039,0.016238,0.030707
KC,41,80,1,0.329137,0.288418,0.021806
STANDARD,41,80,13,0.49556,0.362082,0.132937
KC,41,80,1,0.16693,0.126553,0.02135
STANDARD,41,80,16,0.695802,0.531692,0.163456
KC,41,80,1,0.298619,0.258329,0.021326
STANDARD,41,80,13,0.488678,0.342105,0.145916
KC,41,80,1,0.480288,0.391814,0.043538
STANDARD,41,80,3,0.105227,0.046073,0.058785
KC,41,80,1,0.561191,0.47109,0.046964
STANDARD,41,80,17,1.29833,0.99634,0.29952
KC,41,80,1,0.268735,0.171591,0.04938
STANDARD,41,80,9,0.441991,0.253039,0.18743
KC,41,80,1,0.466127,0.385867,0.03341
STANDARD,41,80,14,0.724306,0.522089,0.200874
KC,41,80,1,0.142007,0.101679,0.021212
STANDARD,41,80,3,0.04719,0.016372,0.03071
KC,41,80,1,0.314915,0.27413,0.021811
STANDARD,41,80,12,0.388651,0.2656,0.122565
KC,41,80,1,0.148069,0.107915,0.021113
STANDARD,41,100,3,0.043054,0.014385,0.028585
KC,41,100,1,0.301074,0.263534,0.01977
STANDARD,41,100,4,0.062747,0.024468,0.038155
KC,41,100,1,0.304159,0.267021,0.019469
STANDARD,41,100,3,0.041976,0.011957,0.029928
KC,41,100,1,0.473625,0.419533,0.03402
STANDARD,41,100,4,0.135164,0.05812,0.076438
KC,41,100,1,0.46435,0.380962,0.039635
STANDARD,41,100,3,0.094913,0.039802,0.054723
KC,41,100,1,0.416427,0.363147,0.023583
STANDARD,41,100,10,0.474241,0.279882,0.19279
KC,41,100,1,0.240223,0.152912,0.044356
STANDARD,41,100,9,0.414058,0.241996,0.170604
KC,41,100,1,0.246674,0.159588,0.045574
STANDARD,41,100,19,1.2003,0.936456,0.261846
KC,41,100,1,0.061644,0.024885,0.019103
STANDARD,41,100,3,0.042116,0.013606,0.028415
KC,41,100,1,0.24507,0.207556,0.019792
STANDARD,41,100,2,0.026333,0.007345,0.018939
KC,41,100,1,0.30115,0.263702,0.019814
STANDARD,41,100,20,1.75098,1.54085,0.209118
KC,41,100,1,0.154124,0.068446,0.042143
STANDARD,41,100,6,0.225734,0.105574,0.119264
KC,41,100,1,0.4638,0.37446,0.045876
STANDARD,41,100,13,0.677757,0.448521,0.22763
KC,41,100,1,0.214423,0.14982,0.031303
STANDARD,41,100,15,1.02301,0.739492,0.281022
KC,41,100,1,0.214465,0.129555,0.042286
STANDARD,41,100,13,0.657048,0.430902,0.224227
KC,41,100,1,0.183445,0.124993,0.036533
STANDARD,41,100,12,0.350139,0.232642,0.115663
KC,41,100,1,0.120907,0.083787,0.019421
STANDARD,41,100,17,0.764242,0.600297,0.163309
KC,41,100,1,0.064155,0.02748,0.019068
STANDARD,41,100,2,0.026286,0.007259,0.018981
KC,41,100,1,0.309266,0.271874,0.019746
STANDARD,41,100,12,0.378153,0.263503,0.114206
KC,41,100,1,0.103718,0.066869,0.019193
STANDARD,41,100,11,0.327342,0.211891,0.114974
KC,41,100,1,0.218492,0.134147,0.043485
STANDARD,41,100,3,0.095817,0.037058,0.05837
KC,41,100,1,0.479241,0.392788,0.042592
STANDARD,41,100,5,0.175915,0.063548,0.111612
KC,41,100,1,0.369521,0.29335,0.031273
STANDARD,41,100,20,4.0944,3.74568,0.345783
KC,41,100,1,0.067919,0.03102,0.019148
STANDARD,41,100,3,0.042645,0.014036,0.028526
KC,41,100,1,0.300233,0.262697,0.019865
STANDARD,41,100,10,0.26718,0.171653,0.095169
KC,41,100,1,0.124111,0.087139,0.019292
STANDARD,41,100,3,0.042966,0.01421,0.028673
KC,41,100,1,0.205448,0.168194,0.019647
STANDARD,41,100,2,0.026591,0.007576,0.018969
KC,41,100,1,0.237312,0.19996,0.019785
STANDARD,41,100,11,0.542341,0.33364,0.206842
KC,41,100,1,0.230394,0.146077,0.044004
STANDARD,41,100,4,0.134356,0.058217,0.075541
KC,41,100,1,0.458224,0.367135,0.046998
STANDARD,41,100,6,0.121723,0.053325,0.068082
KC,41,100,1,0.374363,0.315415,0.036953
STANDARD,41,100,2,0.055117,0.017642,0.037181
KC,41,100,1,0.475734,0.389402,0.042495
STANDARD,41,100,12,0.670419,0.423095,0.245049
KC,41,100,1,0.310594,0.237015,0.030487
STANDARD,41,100,19,1.11669,0.849101,0.266125
KC,41,100,1,0.064068,0.027253,0.019123
STANDARD,41,100,3,0.042655,0.014081,0.028493
KC,41,100,1,0.260027,0.222561,0.019763
STANDARD,41,100,3,0.043587,0.014992,0.028512
KC,41,100,1,0.274254,0.234758,0.01953
STANDARD,41,100,3,0.043928,0.015231,0.028605
KC,41,100,1,0.244544,0.207223,0.019774
STANDARD,41,100,3,0.043935,0.01535,0.028501
KC,41,100,1,0.229063,0.189528,0.019683
STANDARD,41,100,3,0.043345,0.014741,0.028518
KC,41,100,1,0.515842,0.425904,0.047689
STANDARD,41,100,4,0.137464,0.060435,0.076436
KC,41,100,1,0.473589,0.385494,0.047859
STANDARD,41,100,4,0.142177,0.064584,0.077036
KC,41,100,1,0.357882,0.277968,0.041457
STANDARD,41,100,14,0.932654,0.646421,0.283814
KC,41,100,1,0.216632,0.127189,0.044488
STANDARD,41,100,13,0.798074,0.535844,0.260106
KC,41,100,1,0.198426,0.141304,0.034612
STANDARD,41,100,3,0.057042,0.020339,0.036582
KC,41,100,1,0.27591,0.226208,0.026924
STANDARD,41,100,17,0.851373,0.675159,0.173946
KC,41,100,1,0.083156,0.043555,0.020631
STANDARD,41,100,12,0.40608,0.281468,0.124123
KC,41,100,1,0.180735,0.140867,0.020926
STANDARD,41,100,3,0.046292,0.015481,0.03072
KC,41,100,1,0.30297,0.262707,0.021402
STANDARD,41,100,3,0.047715,0.016999,0.030624
KC,41,100,1,0.260148,0.208312,0.032852
STANDARD,41,100,11,0.627659,0.400606,0.225441
KC,41,100,1,0.249923,0.151851,0.048849
STANDARD,41,100,16,1.06887,0.753932,0.312559
KC,41,100,1,0.279476,0.21213,0.035707
STANDARD,41,100,16,1.17738,0.84764,0.327085
KC,41,100,1,0.350334,0.25851,0.04872
STANDARD,51,0,2,0.051555,0.009317,0.042161
KC,51,0,1,0.577786,0.468783,0.041748
STANDARD,51,0,9,0.256747,0.126477,0.129933
KC,51,0,1,0.340418,0.282601,0.030537
STANDARD,51,0,2,0.036749,0.005647,0.031056
KC,51,0,1,0.437969,0.379881,0.030945
STANDARD,51,0,2,0.036717,0.007921,0.028748
KC,51,0,1,0.419519,0.361786,0.030685
STANDARD,51,0,15,0.665168,0.444557,0.220044
KC,51,0,1,0.507375,0.379872,0.063529
STANDARD,51,0,16,1.25138,0.782354,0.455802
KC,51,0,1,0.370473,0.310509,0.031278
STANDARD,51,0,4,0.177416,0.038486,0.138363
KC,51,0,1,0.627712,0.49465,0.064283
STANDARD,51,0,3,0.131872,0.03217,0.099287
KC,51,0,1,0.502612,0.407868,0.032312
STANDARD,51,0,2,0.038351,0.007235,0.031067
KC,51,0,1,0.401278,0.344941,0.029237
STANDARD,51,0,2,0.038945,0.007937,0.030958
KC,51,0,1,0.403481,0.344871,0.031284
STANDARD,51,0,6,0.145266,0.058673,0.086374
KC,51,0,1,0.379625,0.321727,0.030771
STANDARD,51,0,13,0.530437,0.340847,0.189102
KC,51,0,1,0.21212,0.15497,0.030111
STANDARD,51,0,10,0.597228,0.295638,0.300081
KC,51,0,1,0.601369,0.466861,0.068668
STANDARD,51,0,4,0.186806,0.067185,0.118989
KC,51,0,1,0.544922,0.464756,0.050167
STANDARD,51,0,8,0.452119,0.202185,0.248713
KC,51,0,1,0.723689,0.578834,0.078745
STANDARD,51,0,15,0.911119,0.566662,0.342728
KC,51,0,1,0.286223,0.227521,0.030886
STANDARD,51,0,4,0.086167,0.02616,0.059867
KC,51,0,1,0.396865,0.336312,0.029716
STANDARD,51,0,11,0.378904,0.219967,0.158534
KC,51,0,1,0.331148,0.274934,0.029217
STANDARD,51,0,13,0.501434,0.311604,0.189346
KC,51,0,1,0.511538,0.380528,0.064253
STANDARD,51,0,11,0.779585,0.422752,0.354756
KC,51,0,1,0.364273,0.233364,0.056666
STANDARD,51,0,11,0.66995,0.363904,0.304382
KC,51,0,1,0.570017,0.433048,0.068487
STANDARD,51,0,15,1.08842,0.663607,0.422197
KC,51,0,1,0.450325,0.355132,0.044139
STANDARD,51,0,4,0.084013,0.026175,0.057712
KC,51,0,1,0.436288,0.378201,0.03094
STANDARD,51,0,8,0.215822,0.100554,0.11497
KC,51,0,1,0.33125,0.273423,0.030643
STANDARD,51,0,11,0.359634,0.200653,0.15857
KC,51,0,1,0.333558,0.275922,0.030445
STANDARD,51,0,5,0.114342,0.042656,0.071528
KC,51,0,1,0.522683,0.44537,0.050182
STANDARD,51,0,11,0.687279,0.358747,0.326659
KC,51,0,1,0.53646,0.399917,0.066501
STANDARD,51,0,3,0.062293,0.017227,0.044972
KC,51,0,1,0.655796,0.561465,0.054169
STANDARD,51,0,12,0.787258,0.44129,0.343991
KC,51,0,1,0.447157,0.334195,0.048627
STANDARD,51,0,2,0.0746,0.019167,0.055181
KC,51,0,1,0.526944,0.407534,0.048813
STANDARD,51,0,12,0.44129,0.267216,0.173606
KC,51,0,1,0.241108,0.183825,0.030284
STANDARD,51,0,3,0.061047,0.017736,0.043216
KC,51,0,1,0.40334,0.342719,0.033499
STANDARD,51,0,16,0.696695,0.463357,0.23274
KC,51,0,1,0.382586,0.3038,0.051744
STANDARD,51,0,3,0.127325,0.040761,0.086275
KC,51,0,1,0.700947,0.565249,0.069461
STANDARD,51,0,22,6.74396,6.218,0.523415
KC,51,0,1,0.311808,0.186879,0.059631
STANDARD,51,0,5,0.242002,0.095052,0.146216
KC,51,0,1,0.623646,0.48965,0.068638
STANDARD,51,0,4,0.183613,0.056613,0.126349
KC,51,0,1,0.605588,0.483502,0.060828
STANDARD,51,0,3,0.131674,0.045998,0.08525
KC,51,0,1,0.715416,0.57445,0.071439
STANDARD,51,0,3,0.129745,0.043783,0.085536
KC,51,0,1,0.570959,0.479986,0.049331
STANDARD,51,0,13,0.48767,0.297401,0.189754
KC,51,0,1,0.193267,0.13584,0.030168
STANDARD,51,0,8,0.23751,0.113595,0.123576
KC,51,0,1,0.396267,0.335285,0.031815
STANDARD,51,0,4,0.091268,0.029399,0.061727
KC,51,0,1,0.42498,0.360001,0.035836
STANDARD,51,0,2,0.038972,0.007979,0.030938
KC,51,0,1,0.611591,0.527961,0.054424
STANDARD,51,0,3,0.144509,0.050353,0.093738
KC,51,0,1,0.686471,0.542322,0.073046
STANDARD,51,0,2,0.040414,0.006202,0.034154
KC,51,0,1,0.604989,0.504103,0.054205
STANDARD,51,0,15,1.29464,0.817443,0.474477
KC,51,0,1,0.408594,0.312017,0.054368
STANDARD,51,0,2,0.085818,0.010495,0.075179
KC,51,0,1,0.390856,0.32783,0.0335
STANDARD,51,0,3,0.064429,0.017811,0.046522
KC,51,0,1,0.437298,0.375452,0.033692
STANDARD,51,0,2,0.040446,0.009413,0.030968
KC,51,0,1,0.425866,0.363625,0.03309
STANDARD,51,0,3,0.063913,0.017551,0.046269
KC,51,0,1,0.466253,0.400496,0.033008
STANDARD,51,20,13,0.668168,0.391672,0.275172
KC,51,20,1,0.596878,0.442368,0.066039
STANDARD,51,20,13,0.7964,0.447414,0.347123
KC,51,20,1,0.434534,0.347723,0.054479
STANDARD,51,20,15,1.15594,0.718118,0.435285
KC,51,20,1,0.486276,0.350861,0.065554
STANDARD,51,20,3,0.120876,0.028241,0.092306
KC,51,20,1,0.526078,0.408904,0.047419
STANDARD,51,20,2,0.036419,0.007446,0.028923
KC,51,20,1,0.412545,0.354404,0.030975
STANDARD,51,20,17,0.822533,0.57501,0.24687
KC,51,20,1,0.193552,0.136626,0.029821
STANDARD,51,20,3,0.058903,0.015672,0.043135
KC,51,20,1,0.396066,0.334853,0.030727
STANDARD,51,20,9,0.501953,0.227223,0.273351
KC,51,20,1,0.552429,0.420884,0.063071
STANDARD,51,20,14,0.876586,0.485278,0.389088
KC,51,20,1,0.506137,0.37363,0.055082
STANDARD,51,20,17,1.44457,0.939625,0.502262
KC,51,20,1,0.398445,0.298814,0.050863
STANDARD,51,20,12,0.466025,0.266385,0.19905
KC,51,20,1,0.344018,0.28615,0.030732
STANDARD,51,20,2,0.037294,0.008518,0.028726
KC,51,20,1,0.406536,0.348537,0.030962
STANDARD,51,20,2,0.036783,0.008002,0.028721
KC,51,20,1,0.444321,0.386378,0.030731
STANDARD,51,20,14,0.542664,0.340987,0.201152
KC,51,20,1,0.398971,0.323992,0.047817
STANDARD,51,20,3,0.134164,0.044486,0.089291
KC,51,20,1,0.722331,0.594638,0.063284
STANDARD,51,20,4,0.127819,0.047591,0.079921
KC,51,20,1,0.640565,0.51303,0.061679
STANDARD,51,20,3,0.134885,0.045827,0.088707
KC,51,20,1,0.711233,0.576362,0.067197
STANDARD,51,20,7,0.355643,0.161042,0.193481
KC,51,20,1,0.548551,0.460382,0.059303
STANDARD,51,20,4,0.085992,0.028361,0.057504
KC,51,20,1,0.400246,0.341784,0.031183
STANDARD,51,20,5,0.115,0.042947,0.071884
KC,51,20,1,0.427541,0.369666,0.031021
STANDARD,51,20,2,0.03673,0.005684,0.030994
KC,51,20,1,0.424163,0.366305,0.030794
STANDARD,51,20,3,0.05924,0.015969,0.043181
KC,51,20,1,0.417056,0.357065,0.029575
STANDARD,51,20,11,0.694168,0.347613,0.344698
KC,51,20,1,0.524992,0.388797,0.068559
STANDARD,51,20,11,0.600291,0.308787,0.289995
KC,51,20,1,0.489607,0.393639,0.048858
STANDARD,51,20,12,0.786575,0.43514,0.349358
KC,51,20,1,0.409268,0.272847,0.06734
STANDARD,51,20,2,0.051637,0.005284,0.046275
KC,51,20,1,0.626407,0.523507,0.041721
STANDARD,51,20,13,0.49374,0.305694,0.187534
KC,51,20,1,0.175832,0.114608,0.030173
STANDARD,51,20,6,0.145165,0.056133,0.088801
KC,51,20,1,0.370655,0.313028,0.030743
STANDARD,51,20,11,0.358495,0.200151,0.157931
KC,51,20,1,0.275674,0.218236,0.030457
STANDARD,51,20,7,0.178084,0.076994,0.100836
KC,51,20,1,0.59276,0.487499,0.052674
STANDARD,51,20,3,0.130777,0.042462,0.087931
KC,51,20,1,0.701252,0.563222,0.071107
STANDARD,51,20,13,0.766883,0.442107,0.314131
KC,51,20,1,0.532712,0.394728,0.0692
STANDARD,51,20,11,0.663496,0.341701,0.319763
KC,51,20,1,0.461829,0.332978,0.062341
STANDARD,51,20,3,0.105567,0.029499,0.075813
KC,51,20,1,0.398995,0.341024,0.030921
STANDARD,51,20,11,0.357074,0.198547,0.158099
KC,51,20,1,0.327499,0.266995,0.02975
STANDARD,51,20,14,0.599251,0.395354,0.203363
KC,51,20,1,0.307273,0.246638,0.033502
STANDARD,51,20,14,0.665068,0.407005,0.25722
KC,51,20,1,0.576762,0.441563,0.068457
STANDARD,51,20,2,0.081564,0.025274,0.05601
KC,51,20,1,0.64529,0.522752,0.054089
STANDARD,51,20,11,0.603172,0.316884,0.284834
KC,51,20,1,0.551501,0.413562,0.069241
STANDARD,51,20,4,0.186104,0.067409,0.118104
KC,51,20,1,0.632492,0.516153,0.04662
STANDARD,51,20,18,1.65679,1.31631,0.339009
KC,51,20,1,0.337104,0.275113,0.032634
STANDARD,51,20,2,0.042097,0.008868,0.033176
KC,51,20,1,0.471942,0.409819,0.032983
STANDARD,51,20,4,0.090104,0.028363,0.061605
KC,51,20,1,0.527504,0.447083,0.051348
STANDARD,51,20,10,0.657084,0.339719,0.315538
KC,51,20,1,0.558434,0.431863,0.056755
STANDARD,51,20,4,0.160941,0.058549,0.102058
KC,51,20,1,0.749562,0.601746,0.074024
STANDARD,51,20,7,0.4044,0.186284,0.217148
KC,51,20,1,0.566391,0.440981,0.051323
STANDARD,51,20,4,0.147466,0.054979,0.092186
KC,51,20,1,0.43725,0.374477,0.033367
STANDARD,51,20,4,0.0937,0.031577,0.061981
KC,51,20,1,0.445035,0.382298,0.033335
STANDARD,51,20,6,0.16373,0.070644,0.092853
KC,51,20,1,0.430487,0.368504,0.033023
STANDARD,51,20,11,0.64573,0.320046,0.320688
KC,51,20,1,0.56145,0.456716,0.053869
STANDARD,51,40,13,0.939687,0.555693,0.381785
KC,51,40,1,0.504843,0.385959,0.049979
STANDARD,51,40,12,0.636739,0.350524,0.285004
KC,51,40,1,0.29726,0.239326,0.030798
STANDARD,51,40,4,0.084406,0.026889,0.057387
KC,51,40,1,0.429969,0.37214,0.030755
STANDARD,51,40,4,0.08427,0.026274,0.057867
KC,51,40,1,0.418297,0.36048,0.030748
STANDARD,51,40,8,0.216209,0.098697,0.117213
KC,51,40,1,0.263661,0.206349,0.030252
STANDARD,51,40,2,0.036291,0.007615,0.028627
KC,51,40,1,0.709868,0.572518,0.068675
STANDARD,51,40,2,0.090041,0.022734,0.067172
KC,51,40,1,0.696358,0.560779,0.065851
STANDARD,51,40,3,0.103922,0.033853,0.069789
KC,51,40,1,0.686689,0.555404,0.06796
STANDARD,51,40,21,4.13649,3.498,0.634832
KC,51,40,1,0.25254,0.195401,0.030021
STANDARD,51,40,11,0.379099,0.2205,0.158204
KC,51,40,1,0.195355,0.138424,0.029815
STANDARD,51,40,3,0.059509,0.013907,0.045519
KC,51,40,1,0.765365,0.612983,0.068785
STANDARD,51,40,4,0.181614,0.064461,0.116531
KC,51,40,1,0.521465,0.445856,0.04669
STANDARD,51,40,3,0.146735,0.050818,0.095393
KC,51,40,1,0.709536,0.568536,0.068372
STANDARD,51,40,14,0.781271,0.495371,0.284564
KC,51,40,1,0.213197,0.152272,0.030173
STANDARD,51,40,2,0.037853,0.008927,0.028875
KC,51,40,1,0.359964,0.301912,0.030922
STANDARD,51,40,14,0.583465,0.379507,0.203443
KC,51,40,1,0.291193,0.23372,0.030361
STANDARD,51,40,4,0.084158,0.02674,0.057295
KC,51,40,1,0.384793,0.32485,0.033145
STANDARD,51,40,4,0.180011,0.052068,0.127471
KC,51,40,1,0.68475,0.5508,0.068252
STANDARD,51,40,5,0.246713,0.09878,0.147251
KC,51,40,1,0.518931,0.440099,0.036234
STANDARD,51,40,3,0.12818,0.043692,0.084072
KC,51,40,1,0.649144,0.513391,0.066298
STANDARD,51,40,3,0.132067,0.044378,0.08728
KC,51,40,1,0.631926,0.51486,0.048273
STANDARD,51,40,15,0.706773,0.42629,0.279367
KC,51,40,1,0.241138,0.183546,0.03043
STANDARD,51,40,4,0.08318,0.025643,0.05741
KC,51,40,1,0.412171,0.351698,0.033508
STANDARD,51,40,15,0.635085,0.419395,0.215122
KC,51,40,1,0.278,0.22091,0.030102
STANDARD,51,40,7,0.180894,0.080147,0.100501
KC,51,40,1,0.409266,0.311066,0.053191
STANDARD,51,40,2,0.086595,0.010441,0.075987
KC,51,40,1,0.72816,0.583696,0.070549
STANDARD,51,40,3,0.136293,0.024785,0.111082
KC,51,40,1,0.620781,0.512175,0.058123
STANDARD,51,40,2,0.087195,0.021955,0.064987
KC,51,40,1,0.725579,0.578764,0.074055
STANDARD,51,40,4,0.184759,0.055247,0.128898
KC,51,40,1,0.5862,0.469131,0.074329
STANDARD,51,40,4,0.086417,0.028778,0.057512
KC,51,40,1,0.492779,0.434846,0.030837
STANDARD,51,40,18,0.962573,0.70345,0.258451
KC,51,40,1,0.297718,0.240739,0.030005
STANDARD,51,40,3,0.059647,0.016558,0.042994
KC,51,40,1,0.449926,0.372401,0.050473
STANDARD,51,40,3,0.125737,0.038934,0.086349
KC,51,40,1,0.667408,0.532107,0.066384
STANDARD,51,40,4,0.186309,0.058176,0.12758
KC,51,40,1,0.550264,0.462714,0.047847
STANDARD,51,40,12,0.754035,0.395391,0.356353
KC,51,40,1,0.522868,0.384959,0.067527
STANDARD,51,40,3,0.130202,0.043834,0.085849
KC,51,40,1,0.547859,0.452685,0.062995
STANDARD,51,40,4,0.08433,0.026666,0.057536
KC,51,40,1,0.350807,0.292762,0.03092
STANDARD,51,40,5,0.110284,0.036198,0.07392
KC,51,40,1,0.415634,0.357835,0.03079
STANDARD,51,40,2,0.036043,0.007254,0.028738
KC,51,40,1,0.375917,0.318116,0.030779
STANDARD,51,40,14,0.759057,0.483749,0.274214
KC,51,40,1,0.508319,0.377552,0.063449
STANDARD,51,40,4,0.202369,0.073424,0.128491
KC,51,40,1,0.522721,0.411448,0.062513
STANDARD,51,40,11,0.767123,0.415492,0.349772
KC,51,40,1,0.596456,0.451919,0.071455
STANDARD,51,40,3,0.148122,0.05138,0.096333
KC,51,40,1,0.578684,0.500652,0.047161
STANDARD,51,40,10,0.339513,0.182821,0.1563
KC,51,40,1,0.358952,0.296067,0.033226
STANDARD,51,40,3,0.063762,0.017559,0.046108
KC,51,40,1,0.436803,0.37439,0.033186
STANDARD,51,40,15,0.704493,0.472709,0.231184
KC,51,40,1,0.304128,0.242483,0.032581
STANDARD,51,40,2,0.04244,0.009501,0.032893
KC,51,40,1,0.739653,0.590741,0.080124
STANDARD,51,40,12,0.907248,0.528403,0.376726
KC,51,40,1,0.394841,0.32404,0.039226
STANDARD,51,40,13,0.988049,0.570809,0.403516
KC,51,40,1,0.648472,0.508336,0.069157
STANDARD,51,40,4,0.124504,0.04356,0.080718
KC,51,40,1,0.519931,0.418492,0.033621
STANDARD,51,60,2,0.03689,0.007982,0.028854
KC,51,60,1,0.421002,0.362981,0.030893
STANDARD,51,60,4,0.088002,0.030287,0.057588
KC,51,60,1,0.409128,0.351222,0.03086
STANDARD,51,60,2,0.037573,0.008815,0.028701
KC,51,60,1,0.432913,0.372367,0.033441
STANDARD,51,60,4,0.085548,0.025364,0.060063
KC,51,60,1,0.473918,0.395709,0.051174
STANDARD,51,60,2,0.075224,0.01927,0.055792
KC,51,60,1,0.715816,0.582063,0.065342
STANDARD,51,60,10,0.521785,0.253599,0.266813
KC,51,60,1,0.522175,0.437567,0.051583
STANDARD,51,60,2,0.081604,0.02368,0.05773
KC,51,60,1,0.657915,0.526052,0.065531
STANDARD,51,60,11,0.600717,0.318602,0.280563
KC,51,60,1,0.425935,0.349683,0.04015
STANDARD,51,60,10,0.300121,0.156233,0.143524
KC,51,60,1,0.369517,0.31171,0.030618
STANDARD,51,60,2,0.038843,0.007905,0.030864
KC,51,60,1,0.450435,0.389869,0.033374
STANDARD,51,60,2,0.03652,0.007665,0.028804
KC,51,60,1,0.441501,0.383669,0.030729
STANDARD,51,60,15,0.645684,0.412487,0.232599
KC,51,60,1,0.52528,0.392856,0.066033
STANDARD,51,60,2,0.080265,0.021072,0.058989
KC,51,60,1,0.741297,0.608799,0.064669
STANDARD,51,60,5,0.155508,0.056044,0.099109
KC,51,60,1,0.716981,0.593707,0.059562
STANDARD,51,60,3,0.127926,0.043523,0.084047
KC,51,60,1,0.66014,0.526042,0.066622
STANDARD,51,60,2,0.050661,0.011257,0.039348
KC,51,60,1,0.572007,0.443819,0.046804
STANDARD,51,60,4,0.084615,0.027101,0.057384
KC,51,60,1,0.414451,0.356521,0.030765
STANDARD,51,60,4,0.083826,0.026122,0.05757
KC,51,60,1,0.423474,0.366301,0.030276
STANDARD,51,60,6,0.149485,0.05924,0.090046
KC,51,60,1,0.341306,0.284072,0.030296
STANDARD,51,60,4,0.085507,0.025653,0.05973
KC,51,60,1,0.72701,0.594597,0.064461
STANDARD,51,60,12,0.770168,0.414919,0.353276
KC,51,60,1,0.414745,0.33539,0.031173
STANDARD,51,60,3,0.059251,0.016321,0.042848
KC,51,60,1,0.521925,0.444673,0.050322
STANDARD,51,60,3,0.133803,0.05019,0.08328
KC,51,60,1,0.68263,0.546942,0.0654
STANDARD,51,60,11,0.632583,0.342261,0.288818
KC,51,60,1,0.391932,0.26534,0.064062
STANDARD,51,60,7,0.179767,0.078923,0.100595
KC,51,60,1,0.442654,0.384546,0.031023
STANDARD,51,60,2,0.036653,0.005729,0.030873
KC,51,60,1,0.364209,0.306269,0.030796
STANDARD,51,60,12,0.421902,0.246917,0.174536
KC,51,60,1,0.330255,0.273039,0.030189
STANDARD,51,60,13,0.54019,0.322793,0.216712
KC,51,60,1,0.551567,0.419724,0.065991
STANDARD,51,60,3,0.133407,0.048363,0.084704
KC,51,60,1,0.695817,0.560962,0.049803
STANDARD,51,60,4,0.184191,0.067167,0.11635
KC,51,60,1,0.683039,0.550297,0.064994
STANDARD,51,60,14,0.933097,0.548775,0.382272
KC,51,60,1,0.341077,0.274576,0.036593
STANDARD,51,60,15,0.65782,0.441798,0.215457
KC,51,60,1,0.306535,0.248977,0.03046
STANDARD,51,60,6,0.151042,0.064164,0.086667
KC,51,60,1,0.436288,0.378654,0.03062
STANDARD,51,60,6,0.143885,0.055548,0.088139
KC,51,60,1,0.371593,0.31425,0.030405
STANDARD,51,60,16,1.14923,0.729972,0.417075
KC,51,60,1,0.527451,0.391637,0.067559
STANDARD,51,60,4,0.131426,0.04121,0.089894
KC,51,60,1,0.67096,0.542428,0.067566
STANDARD,51,60,3,0.128891,0.031304,0.097129
KC,51,60,1,0.667422,0.540314,0.062243
STANDARD,51,60,12,0.649998,0.370705,0.277717
KC,51,60,1,0.327917,0.247073,0.031712
STANDARD,51,60,13,0.471727,0.284389,0.186842
KC,51,60,1,0.297318,0.239988,0.030242
STANDARD,51,60,2,0.036049,0.00729,0.028702
KC,51,60,1,0.40193,0.344996,0.029977
STANDARD,51,60,13,0.521121,0.320018,0.200589
KC,51,60,1,0.316323,0.249057,0.038119
STANDARD,51,60,9,0.557981,0.277753,0.278777
KC,51,60,1,0.640382,0.499192,0.067761
STANDARD,51,60,2,0.0855,0.023849,0.061382
KC,51,60,1,0.573144,0.490139,0.052102
STANDARD,51,60,5,0.262801,0.099838,0.162252
KC,51,60,1,0.753993,0.618246,0.063419
STANDARD,51,60,2,0.047833,0.011891,0.035862
KC,51,60,1,0.599899,0.490429,0.043376
STANDARD,51,60,11,0.408325,0.236215,0.171685
KC,51,60,1,0.381723,0.319593,0.032872
STANDARD,51,60,12,0.494271,0.308721,0.185066
KC,51,60,1,0.339126,0.277222,0.032662
STANDARD,51,60,5,0.124403,0.047209,0.077019
KC,51,60,1,0.434344,0.349803,0.055467
STANDARD,51,60,4,0.198524,0.072938,0.125039
KC,51,60,1,0.728287,0.583286,0.072802
STANDARD,51,60,2,0.079979,0.025933,0.053879
KC,51,60,1,0.726723,0.56609,0.067317
STANDARD,51,80,4,0.185082,0.067366,0.117198
KC,51,80,1,0.677622,0.542881,0.066791
STANDARD,51,80,4,0.125081,0.042065,0.082741
KC,51,80,1,0.533209,0.423471,0.048192
STANDARD,51,80,4,0.083306,0.025738,0.057442
KC,51,80,1,0.405658,0.347812,0.030772
STANDARD,51,80,3,0.058622,0.015372,0.043162
KC,51,80,1,0.40288,0.342709,0.030625
STANDARD,51,80,3,0.05952,0.01624,0.043192
KC,51,80,1,0.430282,0.372816,0.030493
STANDARD,51,80,3,0.058935,0.015825,0.043026
KC,51,80,1,0.439422,0.361155,0.051206
STANDARD,51,80,2,0.077339,0.020499,0.05661
KC,51,80,1,0.715792,0.570204,0.067556
STANDARD,51,80,2,0.082409,0.022429,0.059728
KC,51,80,1,0.597066,0.468061,0.062279
STANDARD,51,80,8,0.433819,0.200198,0.232344
KC,51,80,1,0.615644,0.482615,0.067172
STANDARD,51,80,3,0.131829,0.046631,0.084815
KC,51,80,1,0.655588,0.523036,0.066516
STANDARD,51,80,4,0.136933,0.044117,0.092448
KC,51,80,1,0.393908,0.335939,0.03084
STANDARD,51,80,13,0.490109,0.298361,0.191265
KC,51,80,1,0.329769,0.272395,0.030324
STANDARD,51,80,2,0.036358,0.005462,0.030847
KC,51,80,1,0.445992,0.385622,0.033311
STANDARD,51,80,12,0.416557,0.239849,0.176283
KC,51,80,1,0.588221,0.449359,0.072602
STANDARD,51,80,4,0.184448,0.074241,0.109745
KC,51,80,1,0.654773,0.539908,0.04636
STANDARD,51,80,9,0.438169,0.208052,0.229103
KC,51,80,1,0.611895,0.47882,0.065746
STANDARD,51,80,7,0.358074,0.134059,0.222882
KC,51,80,1,0.494059,0.381479,0.047495
STANDARD,51,80,17,0.967414,0.647652,0.316626
KC,51,80,1,0.212839,0.15498,0.03061
STANDARD,51,80,16,0.777687,0.547109,0.22998
KC,51,80,1,0.457885,0.400356,0.030574
STANDARD,51,80,7,0.177934,0.077259,0.10043
KC,51,80,1,0.584126,0.50493,0.050113
STANDARD,51,80,11,0.702281,0.36124,0.326756
KC,51,80,1,0.568193,0.445403,0.05455
STANDARD,51,80,13,0.812297,0.464272,0.346232
KC,51,80,1,0.574963,0.44579,0.065362
STANDARD,51,80,2,0.083126,0.02426,0.058665
KC,51,80,1,0.616458,0.47861,0.068253
STANDARD,51,80,2,0.039755,0.007204,0.032504
KC,51,80,1,0.362203,0.303506,0.030308
STANDARD,51,80,13,0.492026,0.304919,0.186624
KC,51,80,1,0.327901,0.267601,0.03313
STANDARD,51,80,5,0.112871,0.041074,0.071633
KC,51,80,1,0.433166,0.375348,0.030743
STANDARD,51,80,16,0.916669,0.620296,0.295171
KC,51,80,1,0.534607,0.404262,0.06486
STANDARD,51,80,4,0.184384,0.0547,0.129159
KC,51,80,1,0.60592,0.490622,0.048953
STANDARD,51,80,2,0.078002,0.020888,0.05691
KC,51,80,1,0.793516,0.660673,0.068471
STANDARD,51,80,6,0.305453,0.128296,0.176226
KC,51,80,1,0.549616,0.444933,0.051517
STANDARD,51,80,6,0.196977,0.081634,0.114909
KC,51,80,1,0.411714,0.353473,0.031049
STANDARD,51,80,2,0.035974,0.007314,0.028614
KC,51,80,1,0.41881,0.360838,0.030852
STANDARD,51,80,4,0.086274,0.026247,0.059904
KC,51,80,1,0.423018,0.361937,0.030605
STANDARD,51,80,2,0.036027,0.007204,0.028772
KC,51,80,1,0.400826,0.343087,0.030616
STANDARD,51,80,2,0.0514,0.007579,0.043748
KC,51,80,1,0.695375,0.563826,0.066526
STANDARD,51,80,6,0.303446,0.123013,0.179409
KC,51,80,1,0.595093,0.477432,0.050163
STANDARD,51,80,5,0.167358,0.05685,0.110185
KC,51,80,1,0.726,0.592662,0.068022
STANDARD,51,80,2,0.077078,0.022286,0.054582
KC,51,80,1,0.643314,0.526776,0.047604
STANDARD,51,80,11,0.482932,0.254246,0.227804
KC,51,80,1,0.340286,0.282118,0.030968
STANDARD,51,80,16,0.724633,0.490127,0.233907
KC,51,80,1,0.288461,0.231278,0.030119
STANDARD,51,80,4,0.091263,0.029519,0.061601
KC,51,80,1,0.388032,0.325964,0.033023
STANDARD,51,80,2,0.038718,0.007845,0.030821
KC,51,80,1,0.673401,0.591596,0.052351
STANDARD,51,80,14,1.14871,0.703839,0.442552
KC,51,80,1,0.446126,0.360729,0.050013
STANDARD,51,80,3,0.14323,0.049628,0.093233
KC,51,80,1,0.719445,0.579946,0.071085
STANDARD,51,80,9,0.516681,0.258083,0.25727
KC,51,80,1,0.47774,0.396376,0.043197
STANDARD,51,80,15,0.73666,0.502458,0.231331
KC,51,80,1,0.316134,0.253795,0.033198
STANDARD,51,80,13,0.515441,0.31225,0.202669
KC,51,80,1,0.306075,0.244264,0.032598
STANDARD,51,80,2,0.039461,0.008552,0.030854
KC,51,80,1,0.608676,0.52513,0.054379
STANDARD,51,80,11,0.754876,0.407628,0.34522
KC,51,80,1,0.524486,0.399981,0.051902
STANDARD,51,80,2,0.061342,0.012255,0.049005
KC,51,80,1,0.694855,0.550211,0.069219
STANDARD,51,100,10,0.592663,0.293417,0.297597
KC,51,100,1,0.37007,0.240887,0.061741
STANDARD,51,100,5,0.15414,0.053451,0.100273
KC,51,100,1,0.355349,0.292992,0.031366
STANDARD,51,100,23,6.56962,6.18711,0.381305
KC,51,100,1,0.204017,0.069782,0.064779
STANDARD,51,100,13,0.701205,0.40316,0.296749
KC,51,100,1,0.201083,0.143351,0.029789
STANDARD,51,100,13,0.490146,0.302749,0.186894
KC,51,100,1,0.153835,0.097229,0.029465
STANDARD,51,100,13,0.500841,0.311425,0.188941
KC,51,100,1,0.150805,0.094537,0.029368
STANDARD,51,100,11,0.355296,0.197041,0.157859
KC,51,100,1,0.155513,0.099073,0.029502
STANDARD,51,100,2,0.081414,0.021902,0.059291
KC,51,100,1,0.57324,0.437824,0.068627
STANDARD,51,100,12,0.794352,0.423825,0.368471
KC,51,100,1,0.296823,0.184468,0.047401
STANDARD,51,100,5,0.217844,0.088986,0.128151
KC,51,100,1,0.614711,0.45934,0.066005
STANDARD,51,100,14,0.92492,0.544922,0.377803
KC,51,100,1,0.352182,0.286327,0.032653
STANDARD,51,100,12,0.414839,0.237664,0.174637
KC,51,100,1,0.24282,0.185606,0.030169
STANDARD,51,100,2,0.037045,0.008377,0.028618
KC,51,100,1,0.409409,0.351552,0.030544
STANDARD,51,100,11,0.365163,0.206918,0.157842
KC,51,100,1,0.230306,0.173475,0.029903
STANDARD,51,100,3,0.058866,0.015737,0.043041
KC,51,100,1,0.553972,0.472536,0.051123
STANDARD,51,100,14,1.02372,0.616565,0.404584
KC,51,100,1,0.22282,0.130745,0.041701
STANDARD,51,100,15,1.0106,0.614969,0.393469
KC,51,100,1,0.272666,0.141534,0.064879
STANDARD,51,100,6,0.298815,0.123218,0.174619
KC,51,100,1,0.486942,0.376488,0.055788
STANDARD,51,100,3,0.060823,0.01684,0.043883
KC,51,100,1,0.295152,0.237312,0.030651
STANDARD,51,100,3,0.058361,0.015137,0.043132
KC,51,100,1,0.413665,0.356285,0.030297
STANDARD,51,100,17,0.847239,0.598088,0.248518
KC,51,100,1,0.158,0.102226,0.028886
STANDARD,51,100,13,0.591807,0.359773,0.231274
KC,51,100,1,0.299651,0.168155,0.066944
STANDARD,51,100,13,0.885406,0.496827,0.386781
KC,51,100,1,0.363152,0.271143,0.053844
STANDARD,51,100,13,0.936545,0.551403,0.383071
KC,51,100,1,0.328577,0.197383,0.065492
STANDARD,51,100,2,0.079858,0.019732,0.059955
KC,51,100,1,0.548739,0.417063,0.065162
STANDARD,51,100,2,0.081608,0.020545,0.060833
KC,51,100,1,0.330311,0.271699,0.030886
STANDARD,51,100,8,0.213356,0.098185,0.114895
KC,51,100,1,0.267885,0.210473,0.030341
STANDARD,51,100,4,0.085371,0.025691,0.059558
KC,51,100,1,0.400242,0.340449,0.032809
STANDARD,51,100,13,0.483234,0.296271,0.186489
KC,51,100,1,0.191177,0.132564,0.031647
STANDARD,51,100,11,0.675831,0.361468,0.31249
KC,51,100,1,0.485412,0.348155,0.068306
STANDARD,51,100,6,0.305177,0.124673,0.179577
KC,51,100,1,0.561138,0.481,0.051705
STANDARD,51,100,17,1.39287,0.887953,0.501916
KC,51,100,1,0.236524,0.141057,0.045504
STANDARD,51,100,18,1.11394,0.764723,0.347938
KC,51,100,1,0.099321,0.043366,0.028973
STANDARD,51,100,2,0.036468,0.005401,0.031018
KC,51,100,1,0.334331,0.276966,0.030394
STANDARD,51,100,13,0.48485,0.295814,0.188572
KC,51,100,1,0.15259,0.096296,0.029261
STANDARD,51,100,13,0.591388,0.357364,0.233193
KC,51,100,1,0.469772,0.336045,0.065487
STANDARD,51,100,14,0.989238,0.582224,0.404959
KC,51,100,1,0.224351,0.134515,0.04639
STANDARD,51,100,3,0.12189,0.039117,0.082427
KC,51,100,1,0.657467,0.506539,0.062449
STANDARD,51,100,3,0.130226,0.041631,0.08817
KC,51,100,1,0.574755,0.424441,0.066007
STANDARD,51,100,5,0.128444,0.041715,0.08653
KC,51,100,1,0.421487,0.363786,0.030716
STANDARD,51,100,16,0.808069,0.560734,0.24668
KC,51,100,1,0.185972,0.125076,0.031748
STANDARD,51,100,9,0.28661,0.14754,0.138719
KC,51,100,1,0.181508,0.12075,0.031664
STANDARD,51,100,4,0.142834,0.04649,0.095959
KC,51,100,1,0.647217,0.482224,0.075668
STANDARD,51,100,4,0.201128,0.062502,0.137865
KC,51,100,1,0.501253,0.405456,0.049369
STANDARD,51,100,2,0.086259,0.025643,0.060382
KC,51,100,1,0.673799,0.529596,0.070722
STANDARD,51,100,14,1.05798,0.652807,0.402991
KC,51,100,1,0.254915,0.131444,0.053311
STANDARD,51,100,3,0.065228,0.018835,0.046303
KC,51,100,1,0.384796,0.322504,0.032939
STANDARD,51,100,2,0.039957,0.008937,0.030958
KC,51,100,1,0.347512,0.282834,0.035519
STANDARD,51,100,3,0.062782,0.016408,0.046278
KC,51,100,1,0.373477,0.308243,0.03253
STANDARD,51,100,9,0.29474,0.155708,0.138671
KC,51,100,1,0.639714,0.494391,0.074921
STANDARD,61,0,13,0.994351,0.530246,0.462446
KC,61,0,1,0.685576,0.496341,0.086003
STANDARD,61,0,5,0.332271,0.129645,0.201829
KC,61,0,1,0.626869,0.501412,0.062388
STANDARD,61,0,3,0.079727,0.015161,0.064473
KC,61,0,1,0.824082,0.737568,0.044159
STANDARD,61,0,12,0.494188,0.250781,0.242953
KC,61,0,1,0.391867,0.270401,0.08234
STANDARD,61,0,13,1.11867,0.57207,0.544708
KC,61,0,1,0.571011,0.385545,0.08271
STANDARD,61,0,3,0.17649,0.057813,0.118331
KC,61,0,1,1.20253,1.00393,0.097396
STANDARD,61,0,2,0.110699,0.027852,0.082574
KC,61,0,1,1.02437,0.882207,0.053532
STANDARD,61,0,4,0.111435,0.027438,0.083867
KC,61,0,1,0.479061,0.388703,0.047807
STANDARD,61,0,18,1.15887,0.772177,0.385947
KC,61,0,1,0.577543,0.356112,0.099104
STANDARD,61,0,11,0.856128,0.409586,0.444083
KC,61,0,1,0.656664,0.486283,0.093702
STANDARD,61,0,4,0.260073,0.091968,0.167538
KC,61,0,1,0.907269,0.742017,0.068243
STANDARD,61,0,4,0.210432,0.070543,0.13941
KC,61,0,1,0.803015,0.721454,0.042804
STANDARD,61,0,5,0.145798,0.044356,0.10128
KC,61,0,1,0.833957,0.751242,0.044078
STANDARD,61,0,2,0.110104,0.024511,0.085464
KC,61,0,1,0.940799,0.773034,0.069233
STANDARD,61,0,13,1.08748,0.583001,0.502448
KC,61,0,1,0.73226,0.539682,0.09632
STANDARD,61,0,2,0.085799,0.007084,0.078655
KC,61,0,1,0.919461,0.815419,0.048178
STANDARD,61,0,4,0.112442,0.031561,0.080752
KC,61,0,1,0.461818,0.378687,0.044189
STANDARD,61,0,5,0.147665,0.045885,0.101608
KC,61,0,1,1.03937,0.929245,0.071447
STANDARD,61,0,16,1.49999,0.848502,0.648889
KC,61,0,1,0.577457,0.390627,0.092941
STANDARD,61,0,10,0.797527,0.374797,0.421011
KC,61,0,1,0.582299,0.404247,0.092635
STANDARD,61,0,8,0.272902,0.105028,0.167586
KC,61,0,1,0.397753,0.314333,0.044154
STANDARD,61,0,3,0.078821,0.017992,0.060744
KC,61,0,1,0.836229,0.75352,0.043929
STANDARD,61,0,16,1.15867,0.702936,0.454315
KC,61,0,1,0.633717,0.445778,0.088996
STANDARD,61,0,17,1.48506,0.876032,0.60656
KC,61,0,1,0.663124,0.472489,0.0944
STANDARD,61,0,11,0.716104,0.347903,0.367059
KC,61,0,1,0.371406,0.289825,0.042629
STANDARD,61,0,3,0.078135,0.017387,0.060646
KC,61,0,1,0.503778,0.420347,0.044281
STANDARD,61,0,17,0.978631,0.631555,0.343501
KC,61,0,1,0.480285,0.370609,0.070585
STANDARD,61,0,23,9.50156,8.6386,0.859508
KC,61,0,1,0.410533,0.256103,0.091807
STANDARD,61,0,4,0.251929,0.084847,0.166491
KC,61,0,1,0.967142,0.775824,0.09577
STANDARD,61,0,3,0.124472,0.037102,0.087077
KC,61,0,1,0.947534,0.850964,0.052942
STANDARD,61,0,11,0.444509,0.220899,0.223186
KC,61,0,1,0.417613,0.33472,0.043323
STANDARD,61,0,4,0.110451,0.029084,0.081238
KC,61,0,1,0.563764,0.450471,0.074467
STANDARD,61,0,5,0.32948,0.117804,0.210925
KC,61,0,1,1.09169,0.910925,0.086881
STANDARD,61,0,15,1.43532,0.80542,0.627098
KC,61,0,1,0.49018,0.348752,0.057591
STANDARD,61,0,3,0.079725,0.018481,0.061156
KC,61,0,1,0.805948,0.71848,0.044394
STANDARD,61,0,9,0.329716,0.14632,0.183049
KC,61,0,1,0.357605,0.27474,0.043656
STANDARD,61,0,7,0.232015,0.089853,0.141915
KC,61,0,1,0.606523,0.407087,0.099311
STANDARD,61,0,4,0.251037,0.08929,0.161288
KC,61,0,1,0.811343,0.625271,0.092328
STANDARD,61,0,14,1.08433,0.522867,0.559286
KC,61,0,1,0.318086,0.222106,0.048149
STANDARD,61,0,16,0.846567,0.51806,0.32788
KC,61,0,1,0.349467,0.256023,0.04381
STANDARD,61,0,13,0.676031,0.392079,0.283419
KC,61,0,1,0.719225,0.50427,0.105543
STANDARD,61,0,15,1.45493,0.842696,0.610022
KC,61,0,1,0.72082,0.50567,0.10438
STANDARD,61,0,4,0.281024,0.099649,0.180711
KC,61,0,1,1.34336,1.17895,0.064257
STANDARD,61,0,4,0.123332,0.035532,0.087649
KC,61,0,1,1.1489,1.02392,0.078856
STANDARD,61,0,4,0.271265,0.089696,0.181022
KC,61,0,1,1.3105,1.12975,0.087917
STANDARD,61,0,5,0.356525,0.134352,0.221429
KC,61,0,1,0.876642,0.778892,0.047363
STANDARD,61,0,14,0.699613,0.393123,0.305895
KC,61,0,1,0.362766,0.273525,0.04679
STANDARD,61,0,12,0.554083,0.289787,0.263817
KC,61,0,1,0.559305,0.441371,0.075604
STANDARD,61,0,12,1.16144,0.62925,0.530044
KC,61,0,1,0.633736,0.50964,0.079077
STANDARD,61,0,2,0.120438,0.029525,0.090703
KC,61,0,1,1.24848,1.06721,0.077509
STANDARD,61,20,3,0.12977,0.035205,0.094258
KC,61,20,1,1.00704,0.923122,0.04449
STANDARD,61,20,10,0.388508,0.184881,0.203256
KC,61,20,1,0.385592,0.302751,0.043753
STANDARD,61,20,4,0.11124,0.030258,0.080853
KC,61,20,1,0.891887,0.69816,0.096621
STANDARD,61,20,12,0.823294,0.410899,0.411196
KC,61,20,1,0.713468,0.521766,0.096788
STANDARD,61,20,12,0.921866,0.454104,0.466076
KC,61,20,1,0.442053,0.335795,0.052877
STANDARD,61,20,12,0.52446,0.280822,0.24316
KC,61,20,1,0.375411,0.292459,0.043893
STANDARD,61,20,5,0.144272,0.04266,0.101444
KC,61,20,1,0.954602,0.844888,0.070453
STANDARD,61,20,4,0.255659,0.069483,0.185652
KC,61,20,1,0.787183,0.599501,0.092498
STANDARD,61,20,18,1.39973,0.876437,0.521366
KC,61,20,1,0.285725,0.202916,0.043273
STANDARD,61,20,2,0.049018,0.005293,0.043675
KC,61,20,1,0.959973,0.876716,0.044079
STANDARD,61,20,15,1.03689,0.600257,0.435276
KC,61,20,1,0.712903,0.493521,0.094602
STANDARD,61,20,4,0.178278,0.050665,0.127332
KC,61,20,1,0.822177,0.642111,0.092559
STANDARD,61,20,11,0.900637,0.443992,0.45494
KC,61,20,1,0.564545,0.419681,0.05568
STANDARD,61,20,16,0.826985,0.498915,0.327442
KC,61,20,1,0.333678,0.249394,0.044164
STANDARD,61,20,13,0.573884,0.307153,0.266244
KC,61,20,1,0.494041,0.380822,0.073894
STANDARD,61,20,13,1.131,0.572577,0.556155
KC,61,20,1,0.533107,0.382284,0.087088
STANDARD,61,20,5,0.323713,0.120226,0.202799
KC,61,20,1,1.01786,0.794292,0.099934
STANDARD,61,20,16,1.04613,0.604101,0.440739
KC,61,20,1,0.312435,0.229128,0.043887
STANDARD,61,20,7,0.226769,0.081669,0.14484
KC,61,20,1,0.300401,0.21741,0.043553
STANDARD,61,20,4,0.11003,0.025981,0.083921
KC,61,20,1,0.820101,0.70825,0.072932
STANDARD,61,20,2,0.109121,0.029581,0.079316
KC,61,20,1,1.11478,0.930491,0.085629
STANDARD,61,20,2,0.11317,0.029745,0.08322
KC,61,20,1,1.10462,0.911306,0.097379
STANDARD,61,20,7,0.384742,0.149253,0.234741
KC,61,20,1,0.901699,0.788299,0.052346
STANDARD,61,20,20,3.74901,3.29878,0.449344
KC,61,20,1,0.475588,0.332821,0.086669
STANDARD,61,20,8,0.576765,0.249289,0.326235
KC,61,20,1,1.09144,0.925274,0.070026
STANDARD,61,20,14,0.690534,0.399353,0.290613
KC,61,20,1,0.368901,0.285275,0.04412
STANDARD,61,20,10,0.378449,0.175524,0.202549
KC,61,20,1,0.383189,0.300388,0.04358
STANDARD,61,20,7,0.228043,0.086136,0.141644
KC,61,20,1,0.7431,0.521322,0.097602
STANDARD,61,20,12,0.946325,0.480207,0.464174
KC,61,20,1,0.66292,0.506067,0.083493
STANDARD,61,20,2,0.109754,0.0297,0.079825
KC,61,20,1,1.23551,1.03795,0.093019
STANDARD,61,20,12,0.553397,0.262544,0.290172
KC,61,20,1,0.380108,0.29635,0.044346
STANDARD,61,20,14,0.639981,0.352963,0.28648
KC,61,20,1,0.317575,0.235053,0.043455
STANDARD,61,20,4,0.112252,0.028326,0.0838
KC,61,20,1,1.15054,0.946248,0.099455
STANDARD,61,20,3,0.186015,0.065918,0.119711
KC,61,20,1,0.688768,0.523258,0.078691
STANDARD,61,20,2,0.10728,0.008931,0.098185
KC,61,20,1,1.22637,1.02661,0.099857
STANDARD,61,20,12,0.72855,0.37948,0.348067
KC,61,20,1,0.357291,0.26917,0.043969
STANDARD,61,20,3,0.079806,0.018585,0.061124
KC,61,20,1,0.744183,0.656424,0.044165
STANDARD,61,20,9,0.31749,0.134727,0.182428
KC,61,20,1,0.465575,0.34872,0.07327
STANDARD,61,20,15,1.47655,0.842586,0.631204
KC,61,20,1,0.562627,0.421562,0.072203
STANDARD,61,20,4,0.253648,0.084153,0.168927
KC,61,20,1,1.11276,0.943576,0.066739
STANDARD,61,20,12,0.612007,0.313854,0.29748
KC,61,20,1,0.382401,0.292681,0.047299
STANDARD,61,20,2,0.053374,0.009561,0.043735
KC,61,20,1,0.968521,0.88047,0.045684
STANDARD,61,20,7,0.402609,0.158689,0.243284
KC,61,20,1,0.860697,0.650593,0.103539
STANDARD,61,20,12,0.948381,0.478034,0.46873
KC,61,20,1,0.727226,0.518606,0.105464
STANDARD,61,20,5,0.368542,0.140623,0.227109
KC,61,20,1,0.895417,0.771528,0.052238
STANDARD,61,20,11,0.491432,0.251508,0.23947
KC,61,20,1,0.376552,0.281003,0.047322
STANDARD,61,20,3,0.08617,0.020379,0.065689
KC,61,20,1,1.07817,0.96122,0.075194
STANDARD,61,20,3,0.195341,0.059009,0.1359
KC,61,20,1,1.34391,1.10784,0.099466
STANDARD,61,20,8,0.637386,0.280613,0.355355
KC,61,20,1,0.592181,0.387637,0.100683
STANDARD,61,20,17,1.0953,0.698307,0.396059
KC,61,20,1,0.322673,0.233425,0.04705
STANDARD,61,40,8,0.27398,0.108517,0.165161
KC,61,40,1,0.396526,0.313587,0.043932
STANDARD,61,40,2,0.116896,0.032851,0.083808
KC,61,40,1,1.12636,0.928408,0.098465
STANDARD,61,40,6,0.307002,0.097824,0.208512
KC,61,40,1,0.85931,0.719712,0.084394
STANDARD,61,40,13,1.16183,0.62413,0.535363
KC,61,40,1,0.539131,0.422183,0.066129
STANDARD,61,40,16,0.859383,0.531361,0.327398
KC,61,40,1,0.285378,0.19891,0.041726
STANDARD,61,40,6,0.18317,0.06131,0.121655
KC,61,40,1,0.533801,0.420655,0.074338
STANDARD,61,40,3,0.178568,0.058644,0.119487
KC,61,40,1,1.01023,0.842672,0.068617
STANDARD,61,40,16,1.56578,0.90047,0.662729
KC,61,40,1,0.504954,0.343601,0.094547
STANDARD,61,40,16,0.857893,0.517689,0.33954
KC,61,40,1,0.314862,0.233796,0.041763
STANDARD,61,40,15,0.742012,0.436887,0.304544
KC,61,40,1,0.446954,0.335173,0.072683
STANDARD,61,40,3,0.18505,0.059828,0.124861
KC,61,40,1,1.10663,0.932163,0.075837
STANDARD,61,40,2,0.104468,0.023442,0.080862
KC,61,40,1,1.15568,0.963896,0.093618
STANDARD,61,40,14,1.19289,0.665126,0.525635
KC,61,40,1,0.330279,0.245604,0.044112
STANDARD,61,40,5,0.14649,0.04474,0.10158
KC,61,40,1,0.875127,0.791716,0.044386
STANDARD,61,40,2,0.04981,0.005638,0.044114
KC,61,40,1,1.33294,1.21605,0.072165
STANDARD,61,40,2,0.115089,0.032743,0.082118
KC,61,40,1,1.07518,0.920439,0.092578
STANDARD,61,40,13,1.10159,0.51856,0.580916
KC,61,40,1,0.489755,0.364614,0.07421
STANDARD,61,40,2,0.051524,0.008603,0.042866
KC,61,40,1,0.913347,0.8315,0.042614
STANDARD,61,40,16,0.854792,0.530178,0.323993
KC,61,40,1,0.303496,0.221236,0.042974
STANDARD,61,40,14,1.28833,0.689945,0.595937
KC,61,40,1,0.564675,0.377572,0.088234
STANDARD,61,40,2,0.110179,0.031181,0.078814
KC,61,40,1,1.17962,0.98314,0.096615
STANDARD,61,40,6,0.360068,0.148554,0.210667
KC,61,40,1,0.880532,0.796796,0.044452
STANDARD,61,40,17,0.942505,0.597635,0.344204
KC,61,40,1,0.577407,0.381454,0.099418
STANDARD,61,40,15,1.33957,0.724407,0.612592
KC,61,40,1,0.596997,0.468504,0.077795
STANDARD,61,40,2,0.111551,0.026272,0.08511
KC,61,40,1,1.23307,1.01582,0.089207
STANDARD,61,40,3,0.099877,0.024218,0.075523
KC,61,40,1,0.467611,0.38288,0.044605
STANDARD,61,40,12,0.511458,0.267492,0.243502
KC,61,40,1,0.383725,0.300071,0.044093
STANDARD,61,40,4,0.110312,0.028909,0.081271
KC,61,40,1,0.602245,0.489596,0.073874
STANDARD,61,40,2,0.111942,0.027159,0.08464
KC,61,40,1,1.10704,0.940216,0.073257
STANDARD,61,40,15,1.42355,0.800335,0.604833
KC,61,40,1,0.666769,0.501674,0.065831
STANDARD,61,40,10,0.586698,0.25734,0.328411
KC,61,40,1,0.346457,0.263225,0.044148
STANDARD,61,40,2,0.049792,0.009103,0.040637
KC,61,40,1,0.919761,0.836366,0.044248
STANDARD,61,40,4,0.110222,0.028808,0.081274
KC,61,40,1,0.59465,0.484338,0.071166
STANDARD,61,40,17,1.65908,0.983685,0.672707
KC,61,40,1,0.663343,0.468948,0.096431
STANDARD,61,40,4,0.249646,0.065578,0.183522
KC,61,40,1,1.06428,0.888856,0.079392
STANDARD,61,40,7,0.224653,0.080866,0.143512
KC,61,40,1,0.867198,0.774207,0.048531
STANDARD,61,40,6,0.18626,0.064301,0.121734
KC,61,40,1,0.932842,0.798407,0.089807
STANDARD,61,40,3,0.181173,0.059783,0.120991
KC,61,40,1,0.944385,0.791947,0.064972
STANDARD,61,40,2,0.106231,0.009383,0.096736
KC,61,40,1,1.1714,0.991087,0.087406
STANDARD,61,40,12,0.622518,0.30089,0.320701
KC,61,40,1,0.342069,0.261292,0.041697
STANDARD,61,40,16,0.915474,0.566359,0.348444
KC,61,40,1,0.373478,0.284031,0.047124
STANDARD,61,40,3,0.191173,0.05793,0.132808
KC,61,40,1,1.18884,0.974525,0.107306
STANDARD,61,40,3,0.103769,0.021996,0.081666
KC,61,40,1,1.27781,1.07609,0.108348
STANDARD,61,40,3,0.199757,0.062218,0.137217
KC,61,40,1,0.912458,0.78059,0.07408
STANDARD,61,40,13,0.667055,0.382857,0.283651
KC,61,40,1,0.274211,0.185068,0.046631
STANDARD,61,40,4,0.12147,0.034248,0.087081
KC,61,40,1,0.907949,0.787941,0.078214
STANDARD,61,40,3,0.192994,0.062466,0.130135
KC,61,40,1,1.68463,1.45545,0.13172
STANDARD,61,40,4,0.273069,0.098154,0.174192
KC,61,40,1,1.23059,1.01832,0.0808
STANDARD,61,40,2,0.053347,0.009514,0.043761
KC,61,40,1,1.03111,0.939836,0.048173
STANDARD,61,40,2,0.053842,0.010229,0.043561
KC,61,40,1,0.776334,0.686705,0.047343
STANDARD,61,60,3,0.175566,0.057038,0.118126
KC,61,60,1,0.839894,0.654242,0.090385
STANDARD,61,60,2,0.110074,0.026734,0.083164
KC,61,60,1,0.9362,0.823167,0.07132
STANDARD,61,60,12,1.0213,0.520485,0.498597
KC,61,60,1,0.548558,0.440931,0.045912
STANDARD,61,60,8,0.280715,0.118682,0.161745
KC,61,60,1,0.350621,0.26703,0.044268
STANDARD,61,60,3,0.078625,0.017696,0.060838
KC,61,60,1,0.818268,0.73507,0.044206
STANDARD,61,60,7,0.234719,0.092644,0.141816
KC,61,60,1,0.966119,0.771351,0.094915
STANDARD,61,60,11,0.731757,0.355188,0.375172
KC,61,60,1,0.73022,0.534927,0.096245
STANDARD,61,60,3,0.18145,0.053222,0.127769
KC,61,60,1,1.20056,1.1037,0.045159
STANDARD,61,60,13,0.588096,0.323688,0.263905
KC,61,60,1,0.341364,0.258485,0.043606
STANDARD,61,60,14,0.725853,0.397977,0.327041
KC,61,60,1,0.713217,0.518577,0.095392
STANDARD,61,60,3,0.18238,0.054503,0.127537
KC,61,60,1,0.986325,0.814331,0.072924
STANDARD,61,60,2,0.109358,0.024941,0.084188
KC,61,60,1,1.01402,0.822119,0.09688
STANDARD,61,60,3,0.157933,0.051051,0.106567
KC,61,60,1,0.806184,0.721565,0.04471
STANDARD,61,60,12,0.522677,0.278951,0.243263
KC,61,60,1,0.274563,0.192022,0.043405
STANDARD,61,60,13,0.654855,0.348911,0.30516
KC,61,60,1,0.618604,0.424647,0.095684
STANDARD,61,60,3,0.183429,0.056255,0.126823
KC,61,60,1,0.995343,0.865055,0.079356
STANDARD,61,60,3,0.184803,0.05882,0.125571
KC,61,60,1,1.20039,1.03344,0.069782
STANDARD,61,60,2,0.063335,0.012444,0.050823
KC,61,60,1,0.87801,0.793079,0.044652
STANDARD,61,60,4,0.111994,0.024472,0.087393
KC,61,60,1,0.508571,0.420267,0.044005
STANDARD,61,60,9,0.502649,0.217102,0.284788
KC,61,60,1,0.742526,0.550371,0.097324
STANDARD,61,60,2,0.119082,0.032835,0.08604
KC,61,60,1,1.05321,0.923187,0.082243
STANDARD,61,60,2,0.110436,0.026766,0.083465
KC,61,60,1,1.07358,0.909408,0.069785
STANDARD,61,60,21,2.68912,2.19431,0.493414
KC,61,60,1,0.508449,0.368923,0.073875
STANDARD,61,60,5,0.336818,0.126777,0.209395
KC,61,60,1,1.44333,1.22432,0.095331
STANDARD,61,60,5,0.333373,0.125539,0.207132
KC,61,60,1,1.08257,0.980945,0.048653
STANDARD,61,60,10,0.387264,0.184277,0.202621
KC,61,60,1,0.306913,0.2243,0.043489
STANDARD,61,60,17,1.49361,0.911811,0.579528
KC,61,60,1,0.593713,0.420961,0.073705
STANDARD,61,60,15,1.37044,0.785344,0.582789
KC,61,60,1,0.645355,0.450455,0.095477
STANDARD,61,60,5,0.23838,0.080767,0.157199
KC,61,60,1,1.44403,1.35931,0.044844
STANDARD,61,60,12,0.543943,0.293117,0.250364
KC,61,60,1,0.439045,0.329122,0.070736
STANDARD,61,60,4,0.251993,0.087344,0.164164
KC,61,60,1,0.814336,0.644639,0.072523
STANDARD,61,60,9,0.63659,0.286218,0.348994
KC,61,60,1,0.754753,0.561189,0.099531
STANDARD,61,60,2,0.12713,0.028026,0.098862
KC,61,60,1,0.872661,0.78519,0.04471
STANDARD,61,60,11,0.451633,0.225008,0.223184
KC,61,60,1,0.340771,0.258057,0.04356
STANDARD,61,60,2,0.0503,0.009479,0.040767
KC,61,60,1,0.781275,0.694344,0.047919
STANDARD,61,60,3,0.182544,0.058617,0.123489
KC,61,60,1,0.911704,0.691275,0.096873
STANDARD,61,60,27,24.2128,23.2061,1.00229
KC,61,60,1,0.56124,0.367559,0.096948
STANDARD,61,60,2,0.10715,0.029056,0.07793
KC,61,60,1,0.881972,0.684189,0.099498
STANDARD,61,60,2,0.112886,0.027995,0.084641
KC,61,60,1,1.22035,1.01666,0.105122
STANDARD,61,60,12,0.501112,0.25408,0.246581
KC,61,60,1,0.340196,0.251298,0.043992
STANDARD,61,60,19,4.56697,4.10937,0.456642
KC,61,60,1,0.718859,0.511641,0.103997
STANDARD,61,60,15,1.26104,0.725231,0.534337
KC,61,60,1,0.350388,0.260393,0.047738
STANDARD,61,60,15,0.795359,0.467943,0.326782
KC,61,60,1,0.374647,0.285459,0.046901
STANDARD,61,60,2,0.053262,0.009771,0.043436
KC,61,60,1,1.26391,1.05372,0.104123
STANDARD,61,60,3,0.196385,0.062621,0.133405
KC,61,60,1,1.1393,0.968759,0.078245
STANDARD,61,60,13,1.11303,0.57099,0.540418
KC,61,60,1,0.464291,0.294362,0.063321
STANDARD,61,60,2,0.055027,0.011065,0.043904
KC,61,60,1,0.912587,0.822647,0.047631
STANDARD,61,60,15,0.822808,0.493162,0.329032
KC,61,60,1,0.71061,0.510788,0.098848
STANDARD,61,60,2,0.119177,0.027694,0.091249
KC,61,60,1,1.16539,0.96062,0.09994
STANDARD,61,60,2,0.120471,0.029568,0.090697
KC,61,60,1,1.18036,0.971449,0.102883
STANDARD,61,80,10,0.601439,0.289065,0.311257
KC,61,80,1,0.358542,0.275073,0.044233
STANDARD,61,80,14,0.652261,0.36826,0.283454
KC,61,80,1,0.366752,0.284956,0.042521
STANDARD,61,80,4,0.111066,0.029995,0.080932
KC,61,80,1,1.08247,0.964492,0.073546
STANDARD,61,80,13,0.979114,0.517575,0.459682
KC,61,80,1,0.645885,0.468697,0.083481
STANDARD,61,80,9,0.68125,0.309516,0.370235
KC,61,80,1,0.565155,0.41218,0.070739
STANDARD,61,80,9,0.326893,0.139088,0.181975
KC,61,80,1,0.395127,0.311343,0.044235
STANDARD,61,80,6,0.183327,0.06152,0.121591
KC,61,80,1,0.400785,0.317635,0.043997
STANDARD,61,80,26,26.5496,25.7418,0.805251
KC,61,80,1,0.295888,0.102738,0.095334
STANDARD,61,80,3,0.176821,0.037531,0.138934
KC,61,80,1,1.10506,0.950054,0.073583
STANDARD,61,80,7,0.490145,0.203715,0.285347
KC,61,80,1,0.945291,0.770932,0.068045
STANDARD,61,80,7,0.232855,0.089,0.143598
KC,61,80,1,0.375665,0.288882,0.047677
STANDARD,61,80,3,0.081039,0.020007,0.060933
KC,61,80,1,0.513662,0.433076,0.041555
STANDARD,61,80,4,0.110493,0.029478,0.080889
KC,61,80,1,1.11926,0.951766,0.0739
STANDARD,61,80,3,0.140271,0.045625,0.094397
KC,61,80,1,0.950387,0.778048,0.095668
STANDARD,61,80,18,1.77863,1.06464,0.71124
KC,61,80,1,0.280529,0.197124,0.043614
STANDARD,61,80,4,0.112131,0.030918,0.081085
KC,61,80,1,0.539384,0.456364,0.044112
STANDARD,61,80,3,0.078207,0.017272,0.060838
KC,61,80,1,0.479457,0.3967,0.043867
STANDARD,61,80,11,0.640274,0.314657,0.324517
KC,61,80,1,0.676671,0.485226,0.091883
STANDARD,61,80,15,1.24893,0.723311,0.523603
KC,61,80,1,0.612628,0.421115,0.096867
STANDARD,61,80,13,1.01251,0.529444,0.477708
KC,61,80,1,0.38235,0.297213,0.044297
STANDARD,61,80,14,0.685114,0.40142,0.283155
KC,61,80,1,0.316589,0.233576,0.043601
STANDARD,61,80,3,0.079712,0.018867,0.060756
KC,61,80,1,0.957401,0.847531,0.070611
STANDARD,61,80,14,1.25645,0.675561,0.578655
KC,61,80,1,0.543501,0.427453,0.070514
STANDARD,61,80,4,0.260051,0.092688,0.166313
KC,61,80,1,0.916344,0.722164,0.09768
STANDARD,61,80,14,0.827611,0.44244,0.381139
KC,61,80,1,0.349442,0.26655,0.043544
STANDARD,61,80,16,0.832317,0.508136,0.323569
KC,61,80,1,0.325558,0.243253,0.043298
STANDARD,61,80,14,1.10236,0.604878,0.495611
KC,61,80,1,0.693847,0.504209,0.092126
STANDARD,61,80,14,1.03186,0.567068,0.463302
KC,61,80,1,0.631147,0.440762,0.096377
STANDARD,61,80,3,0.184468,0.060978,0.122958
KC,61,80,1,1.01773,0.869611,0.060344
STANDARD,61,80,4,0.111841,0.029863,0.081844
KC,61,80,1,0.823915,0.737934,0.041823
STANDARD,61,80,10,0.38048,0.177927,0.202169
KC,61,80,1,0.629405,0.468148,0.075085
STANDARD,61,80,3,0.177919,0.058422,0.119059
KC,61,80,1,1.04764,0.884199,0.065444
STANDARD,61,80,14,1.28083,0.69399,0.584551
KC,61,80,1,0.568812,0.387543,0.094812
STANDARD,61,80,11,0.455701,0.218036,0.237218
KC,61,80,1,0.373431,0.289941,0.043945
STANDARD,61,80,19,5.79894,5.38616,0.412022
KC,61,80,1,0.609696,0.426714,0.083005
STANDARD,61,80,4,0.143489,0.037896,0.105318
KC,61,80,1,0.547,0.463874,0.044135
STANDARD,61,80,3,0.079071,0.017893,0.061082
KC,61,80,1,0.901809,0.812892,0.044444
STANDARD,61,80,3,0.079817,0.01808,0.061649
KC,61,80,1,0.852195,0.732682,0.075259
STANDARD,61,80,12,1.03744,0.539299,0.496167
KC,61,80,1,0.521866,0.400403,0.077231
STANDARD,61,80,2,0.106459,0.009372,0.096842
KC,61,80,1,1.11162,0.88951,0.093603
STANDARD,61,80,15,1.04865,0.599927,0.447284
KC,61,80,1,0.396592,0.308691,0.045095
STANDARD,61,80,2,0.052944,0.009239,0.043645
KC,61,80,1,0.943662,0.848298,0.047423
STANDARD,61,80,16,1.43138,0.873851,0.555528
KC,61,80,1,0.678881,0.498919,0.075451
STANDARD,61,80,3,0.15154,0.043884,0.107412
KC,61,80,1,1.29432,1.09056,0.104975
STANDARD,61,80,4,0.271525,0.096554,0.174506
KC,61,80,1,0.913516,0.762178,0.073005
STANDARD,61,80,11,0.51202,0.267828,0.243727
KC,61,80,1,0.383593,0.294264,0.047012
STANDARD,61,80,2,0.053589,0.009917,0.043618
KC,61,80,1,1.23299,1.11291,0.0779
STANDARD,61,80,5,0.356364,0.130753,0.224931
KC,61,80,1,1.081,0.872152,0.105904
STANDARD,61,80,5,0.354125,0.128428,0.22501
KC,61,80,1,1.11712,0.916419,0.096305
STANDARD,61,80,4,0.12159,0.033921,0.087513
KC,61,80,1,0.93916,0.843364,0.047642
STANDARD,61,100,6,0.184284,0.059494,0.12457
KC,61,100,1,0.40607,0.323479,0.043493
STANDARD,61,100,9,0.680592,0.306413,0.372481
KC,61,100,1,0.315902,0.164099,0.075792
STANDARD,61,100,3,0.178619,0.057144,0.121114
KC,61,100,1,0.793668,0.585942,0.10904
STANDARD,61,100,4,0.196186,0.054509,0.141339
KC,61,100,1,0.470889,0.357594,0.044373
STANDARD,61,100,14,0.666782,0.379272,0.286974
KC,61,100,1,0.188137,0.103263,0.045647
STANDARD,61,100,4,0.110747,0.029469,0.081144
KC,61,100,1,0.474431,0.392487,0.043069
STANDARD,61,100,2,0.113488,0.029372,0.083917
KC,61,100,1,0.776257,0.581404,0.095246
STANDARD,61,100,9,0.61328,0.27493,0.336992
KC,61,100,1,0.400415,0.2415,0.079871
STANDARD,61,100,2,0.111433,0.027563,0.083638
KC,61,100,1,0.785228,0.591948,0.097489
STANDARD,61,100,5,0.243898,0.084467,0.158904
KC,61,100,1,0.446676,0.357353,0.044493
STANDARD,61,100,7,0.224619,0.082919,0.14143
KC,61,100,1,0.391751,0.309074,0.043517
STANDARD,61,100,13,0.575038,0.312529,0.262016
KC,61,100,1,0.299145,0.21779,0.042563
STANDARD,61,100,11,0.891046,0.413319,0.475981
KC,61,100,1,0.46996,0.277099,0.098515
STANDARD,61,100,2,0.068513,0.00866,0.059793
KC,61,100,1,0.773068,0.579909,0.102425
STANDARD,61,100,3,0.181974,0.058906,0.122649
KC,61,100,1,0.768241,0.564087,0.073833
STANDARD,61,100,3,0.131578,0.03725,0.094158
KC,61,100,1,0.453047,0.368722,0.044073
STANDARD,61,100,2,0.050284,0.009587,0.040641
KC,61,100,1,0.448867,0.365917,0.043646
STANDARD,61,100,3,0.079892,0.019117,0.060689
KC,61,100,1,0.488224,0.401257,0.042913
STANDARD,61,100,4,0.111161,0.02951,0.081512
KC,61,100,1,0.777616,0.590089,0.092817
STANDARD,61,100,2,0.11286,0.028712,0.083878
KC,61,100,1,0.654705,0.490531,0.084044
STANDARD,61,100,3,0.177794,0.056734,0.120674
KC,61,100,1,0.704919,0.512209,0.094793
STANDARD,61,100,3,0.183517,0.059881,0.12333
KC,61,100,1,0.549427,0.421973,0.080052
STANDARD,61,100,2,0.050673,0.010091,0.040533
KC,61,100,1,0.429534,0.346283,0.043782
STANDARD,61,100,2,0.050899,0.01001,0.040837
KC,61,100,1,0.415641,0.327585,0.043576
STANDARD,61,100,13,0.586674,0.323715,0.262489
KC,61,100,1,0.263899,0.177803,0.04189
STANDARD,61,100,3,0.17556,0.052429,0.122669
KC,61,100,1,0.833057,0.610733,0.098559
STANDARD,61,100,8,0.464001,0.189064,0.274074
KC,61,100,1,0.644314,0.453109,0.096915
STANDARD,61,100,17,1.72202,1.00874,0.71056
KC,61,100,1,0.248762,0.153558,0.049798
STANDARD,61,100,8,0.276156,0.114126,0.161734
KC,61,100,1,0.523781,0.435299,0.043653
STANDARD,61,100,2,0.112918,0.029747,0.082947
KC,61,100,1,0.839394,0.648071,0.094595
STANDARD,61,100,3,0.181143,0.05369,0.127051
KC,61,100,1,0.613554,0.460432,0.097672
STANDARD,61,100,2,0.110685,0.029756,0.080649
KC,61,100,1,0.771239,0.575644,0.095664
STANDARD,61,100,10,0.633612,0.287507,0.344848
KC,61,100,1,0.347252,0.234247,0.04367
STANDARD,61,100,9,0.326789,0.144341,0.18212
KC,61,100,1,0.214643,0.127424,0.042703
STANDARD,61,100,2,0.04891,0.005353,0.04351
KC,61,100,1,0.464926,0.377139,0.043404
STANDARD,61,100,2,0.049556,0.00883,0.040672
KC,61,100,1,0.439821,0.345637,0.050046
STANDARD,61,100,10,0.79061,0.377981,0.41103
KC,61,100,1,0.633635,0.413584,0.093248
STANDARD,61,100,12,0.907093,0.445793,0.459419
KC,61,100,1,0.646452,0.430576,0.091525
STANDARD,61,100,10,0.678182,0.321481,0.355453
KC,61,100,1,0.508408,0.344901,0.069992
STANDARD,61,100,12,0.503943,0.257781,0.245693
KC,61,100,1,0.187663,0.10641,0.042123
STANDARD,61,100,8,0.308626,0.133204,0.175107
KC,61,100,1,0.38746,0.298982,0.04645
STANDARD,61,100,2,0.053504,0.009751,0.043701
KC,61,100,1,0.885887,0.680226,0.103338
STANDARD,61,100,2,0.120406,0.030097,0.090092
KC,61,100,1,0.777699,0.541344,0.097173
STANDARD,61,100,2,0.120397,0.031283,0.088926
KC,61,100,1,0.929217,0.697387,0.100952
STANDARD,61,100,3,0.192913,0.040551,0.152011
KC,61,100,1,0.732306,0.568761,0.071544
STANDARD,61,100,5,0.157284,0.047947,0.109131
KC,61,100,1,0.367124,0.278236,0.046689
STANDARD,61,100,14,0.710314,0.402951,0.306784
KC,61,100,1,0.28728,0.193793,0.045613
STANDARD,61,100,9,0.635658,0.299908,0.334584
KC,61,100,1,0.514859,0.280034,0.100719
STANDARD,61,100,14,1.22999,0.665534,0.562449
KC,61,100,1,0.595723,0.355143,0.103564
STANDARD,61,100,2,0.121658,0.031465,0.089951
KC,61,100,1,0.647709,0.491921,0.067136
STANDARD,71,0,6,0.229029,0.064513,0.164296
KC,71,0,1,1.29398,1.17232,0.063259
STANDARD,71,0,14,1.4199,0.669314,0.748537
KC,71,0,1,0.800564,0.569023,0.096627
STANDARD,71,0,4,0.241212,0.061801,0.179069
KC,71,0,1,0.950042,0.832324,0.059635
STANDARD,71,0,15,0.93328,0.472009,0.460523
KC,71,0,1,0.776972,0.513052,0.126116
STANDARD,71,0,5,0.37363,0.111989,0.26098
KC,71,0,1,1.33977,1.04993,0.124458
STANDARD,71,0,2,0.146848,0.036032,0.110619
KC,71,0,1,1.16983,0.986041,0.088469
STANDARD,71,0,4,0.141242,0.031922,0.109183
KC,71,0,1,1.30592,1.19324,0.058804
STANDARD,71,0,16,1.7671,0.85541,0.909032
KC,71,0,1,0.639464,0.476334,0.099715
STANDARD,71,0,4,0.318413,0.092572,0.225239
KC,71,0,1,1.32148,1.06,0.13245
STANDARD,71,0,2,0.066837,0.010157,0.05661
KC,71,0,1,0.907598,0.793501,0.059744
STANDARD,71,0,3,0.102015,0.019747,0.082177
KC,71,0,1,1.19106,1.04162,0.088946
STANDARD,71,0,3,0.231214,0.064991,0.165801
KC,71,0,1,1.14049,0.942854,0.111944
STANDARD,71,0,16,1.6768,0.807006,0.848782
KC,71,0,1,0.433661,0.313727,0.058857
STANDARD,71,0,10,0.454635,0.181592,0.272641
KC,71,0,1,0.865727,0.755458,0.05659
STANDARD,71,0,2,0.064537,0.009595,0.05489
KC,71,0,1,1.39167,1.142,0.123691
STANDARD,71,0,12,1.04272,0.479194,0.56191
KC,71,0,1,0.84074,0.583121,0.127562
STANDARD,71,0,4,0.278326,0.078196,0.199655
KC,71,0,1,1.10691,0.884387,0.092301
STANDARD,71,0,10,0.458768,0.180597,0.273769
KC,71,0,1,1.08464,0.935174,0.095791
STANDARD,71,0,8,0.709388,0.254933,0.453345
KC,71,0,1,1.07885,0.809446,0.140006
STANDARD,71,0,14,1.50375,0.718216,0.783137
KC,71,0,1,0.639308,0.444318,0.075586
STANDARD,71,0,15,0.876803,0.4666,0.409587
KC,71,0,1,0.414024,0.301586,0.058452
STANDARD,71,0,12,0.621285,0.294334,0.326492
KC,71,0,1,0.757914,0.507474,0.126216
STANDARD,71,0,3,0.230981,0.063017,0.167541
KC,71,0,1,1.27707,1.0669,0.126076
STANDARD,71,0,2,0.143987,0.029668,0.114072
KC,71,0,1,1.30625,1.04754,0.129666
STANDARD,71,0,11,0.533874,0.23228,0.301163
KC,71,0,1,0.450767,0.329115,0.059425
STANDARD,71,0,14,0.793008,0.41153,0.380934
KC,71,0,1,0.616556,0.462542,0.093348
STANDARD,71,0,15,1.54634,0.718924,0.825038
KC,71,0,1,0.852817,0.543621,0.140705
STANDARD,71,0,12,1.16209,0.530448,0.629666
KC,71,0,1,0.594151,0.36764,0.077425
STANDARD,71,0,2,0.064716,0.00963,0.055025
KC,71,0,1,1.04742,0.926779,0.05932
STANDARD,71,0,3,0.102612,0.020158,0.082353
KC,71,0,1,1.17603,1.02471,0.098161
STANDARD,71,0,3,0.233492,0.061446,0.171712
KC,71,0,1,1.13293,0.961282,0.09994
STANDARD,71,0,4,0.320285,0.096521,0.223226
KC,71,0,1,1.18799,0.996656,0.090337
STANDARD,71,0,3,0.104315,0.016541,0.087675
KC,71,0,1,1.28432,1.17088,0.059546
STANDARD,71,0,4,0.140132,0.031088,0.108904
KC,71,0,1,1.19518,0.982076,0.096578
STANDARD,71,0,13,1.16826,0.483919,0.682491
KC,71,0,1,0.841836,0.595889,0.117629
STANDARD,71,0,6,0.486529,0.170211,0.315511
KC,71,0,1,1.11857,0.954716,0.087508
STANDARD,71,0,3,0.1028,0.020674,0.082031
KC,71,0,1,0.984992,0.86362,0.059875
STANDARD,71,0,2,0.064791,0.009988,0.054743
KC,71,0,1,1.20606,1.05803,0.094331
STANDARD,71,0,7,0.618054,0.221515,0.395474
KC,71,0,1,1.07469,0.858941,0.115015
STANDARD,71,0,3,0.229692,0.058283,0.171049
KC,71,0,1,1.17707,0.955597,0.091826
STANDARD,71,0,3,0.112906,0.022926,0.089862
KC,71,0,1,2.10234,1.95017,0.094439
STANDARD,71,0,9,0.899298,0.354149,0.543644
KC,71,0,1,1.20826,1.00147,0.128975
STANDARD,71,0,15,1.68289,0.848817,0.831828
KC,71,0,1,0.478169,0.351326,0.06892
STANDARD,71,0,11,0.585596,0.26244,0.322664
KC,71,0,1,0.830297,0.709,0.063323
STANDARD,71,0,3,0.139268,0.0235,0.115663
KC,71,0,1,1.43747,1.19338,0.106042
STANDARD,71,0,17,2.19194,1.15801,1.03098
KC,71,0,1,0.681917,0.475157,0.09001
STANDARD,71,0,2,0.071337,0.011782,0.059486
KC,71,0,1,1.18517,1.05639,0.062403
STANDARD,71,0,13,0.818831,0.406032,0.412167
KC,71,0,1,0.938671,0.63485,0.135221
STANDARD,71,0,2,0.138064,0.03227,0.105505
KC,71,0,1,1.63397,1.38963,0.129737
STANDARD,71,0,3,0.249614,0.066246,0.182987
KC,71,0,1,1.13739,0.970354,0.087117
STANDARD,71,20,15,0.857288,0.447131,0.409547
KC,71,20,1,0.411252,0.299089,0.058478
STANDARD,71,20,10,0.896577,0.366719,0.528329
KC,71,20,1,1.09869,0.880833,0.089659
STANDARD,71,20,4,0.314353,0.085802,0.227998
KC,71,20,1,1.41548,1.14514,0.10732
STANDARD,71,20,8,0.452938,0.16276,0.289631
KC,71,20,1,0.785123,0.672054,0.059114
STANDARD,71,20,6,0.236231,0.072519,0.163506
KC,71,20,1,1.6552,1.50435,0.096097
STANDARD,71,20,12,1.16772,0.512643,0.653135
KC,71,20,1,0.825191,0.571781,0.133754
STANDARD,71,20,4,0.330543,0.087735,0.242234
KC,71,20,1,1.27473,1.10774,0.06391
STANDARD,71,20,9,0.39787,0.15078,0.246731
KC,71,20,1,0.803209,0.69533,0.053996
STANDARD,71,20,11,0.670578,0.282984,0.386814
KC,71,20,1,1.08393,0.827459,0.12643
STANDARD,71,20,4,0.199747,0.039452,0.160052
KC,71,20,1,1.68964,1.43517,0.122842
STANDARD,71,20,2,0.117253,0.027142,0.089956
KC,71,20,1,1.29507,1.1412,0.07608
STANDARD,71,20,2,0.064101,0.005192,0.05886
KC,71,20,1,0.813062,0.699753,0.059509
STANDARD,71,20,2,0.064406,0.009474,0.054869
KC,71,20,1,1.14009,0.991608,0.094836
STANDARD,71,20,2,0.14201,0.031688,0.110077
KC,71,20,1,1.31042,1.10122,0.124125
STANDARD,71,20,14,1.42592,0.62724,0.796505
KC,71,20,1,0.51657,0.30307,0.091214
STANDARD,71,20,3,0.103617,0.021291,0.082229
KC,71,20,1,1.1854,1.07167,0.059683
STANDARD,71,20,15,1.08351,0.558421,0.52402
KC,71,20,1,0.575988,0.324198,0.12329
STANDARD,71,20,4,0.270257,0.064439,0.205399
KC,71,20,1,1.21308,1.0142,0.109705
STANDARD,71,20,3,0.229113,0.059203,0.169506
KC,71,20,1,1.06734,0.901442,0.069513
STANDARD,71,20,3,0.102969,0.01646,0.086414
KC,71,20,1,0.987364,0.869329,0.064349
STANDARD,71,20,2,0.066251,0.010212,0.055982
KC,71,20,1,1.19793,1.04807,0.096116
STANDARD,71,20,3,0.227665,0.057731,0.16956
KC,71,20,1,1.19065,0.947025,0.124126
STANDARD,71,20,13,1.34256,0.599338,0.740957
KC,71,20,1,1.0056,0.801548,0.096211
STANDARD,71,20,9,0.398789,0.15296,0.245469
KC,71,20,1,0.759241,0.646039,0.059243
STANDARD,71,20,2,0.064029,0.005379,0.058603
KC,71,20,1,1.24651,1.09633,0.096272
STANDARD,71,20,21,5.47755,4.43224,1.04198
KC,71,20,1,0.402482,0.289582,0.058771
STANDARD,71,20,2,0.064469,0.009594,0.054817
KC,71,20,1,1.25433,1.10713,0.093343
STANDARD,71,20,11,1.06409,0.437434,0.608011
KC,71,20,1,0.97544,0.760598,0.126334
STANDARD,71,20,4,0.319878,0.090829,0.228554
KC,71,20,1,1.22759,1.07643,0.082227
STANDARD,71,20,16,0.963069,0.517788,0.444633
KC,71,20,1,0.377541,0.26531,0.058645
STANDARD,71,20,4,0.141711,0.028384,0.113196
KC,71,20,1,1.41362,1.1309,0.126439
STANDARD,71,20,12,1.04113,0.451618,0.587965
KC,71,20,1,0.759617,0.507879,0.123155
STANDARD,71,20,14,1.105,0.522057,0.581754
KC,71,20,1,0.460296,0.340271,0.058902
STANDARD,71,20,7,0.276224,0.085294,0.19067
KC,71,20,1,0.814241,0.70165,0.058921
STANDARD,71,20,3,0.102057,0.019985,0.08198
KC,71,20,1,1.3007,1.02685,0.145918
STANDARD,71,20,17,1.79018,0.951593,0.836034
KC,71,20,1,0.747276,0.472412,0.114682
STANDARD,71,20,3,0.175738,0.033561,0.141898
KC,71,20,1,1.16708,1.04436,0.059634
STANDARD,71,20,12,0.602391,0.271077,0.330839
KC,71,20,1,0.553784,0.435323,0.057648
STANDARD,71,20,9,0.83939,0.332592,0.505407
KC,71,20,1,0.995588,0.712407,0.118983
STANDARD,71,20,6,0.494538,0.161905,0.331634
KC,71,20,1,1.2074,0.96015,0.116711
STANDARD,71,20,13,0.880433,0.421627,0.457908
KC,71,20,1,0.715808,0.59374,0.063957
STANDARD,71,20,17,1.3515,0.787895,0.562589
KC,71,20,1,0.863865,0.591311,0.130552
STANDARD,71,20,7,0.490382,0.169588,0.320112
KC,71,20,1,1.33257,1.06348,0.133533
STANDARD,71,20,17,1.48303,0.799617,0.681777
KC,71,20,1,0.42933,0.300622,0.062887
STANDARD,71,20,4,0.157118,0.039062,0.117897
KC,71,20,1,1.26447,1.07944,0.119814
STANDARD,71,20,10,0.99019,0.386196,0.602465
KC,71,20,1,1.04801,0.831335,0.130448
STANDARD,71,20,3,0.242331,0.060482,0.181481
KC,71,20,1,1.32276,1.05448,0.09836
STANDARD,71,20,14,0.865122,0.454315,0.41019
KC,71,20,1,0.547846,0.413353,0.068679
STANDARD,71,20,3,0.110413,0.022497,0.087814
KC,71,20,1,1.08481,0.927353,0.099424
STANDARD,71,20,3,0.243697,0.041878,0.201508
KC,71,20,1,1.5487,1.33016,0.106533
STANDARD,71,40,13,1.13401,0.516607,0.615827
KC,71,40,1,0.437016,0.323989,0.059504
STANDARD,71,40,3,0.101926,0.019762,0.082071
KC,71,40,1,1.28826,1.17542,0.059361
STANDARD,71,40,7,0.600809,0.208326,0.391523
KC,71,40,1,1.2385,1.00898,0.098418
STANDARD,71,40,2,0.14104,0.034288,0.106546
KC,71,40,1,1.43718,1.17357,0.132539
STANDARD,71,40,2,0.087914,0.007512,0.080344
KC,71,40,1,0.978415,0.771512,0.077227
STANDARD,71,40,16,0.982803,0.546577,0.435587
KC,71,40,1,0.373218,0.261443,0.058407
STANDARD,71,40,11,0.921529,0.41415,0.50583
KC,71,40,1,1.12616,0.896697,0.100334
STANDARD,71,40,2,0.142327,0.035445,0.106612
KC,71,40,1,1.3679,1.11126,0.125877
STANDARD,71,40,2,0.110043,0.028965,0.080828
KC,71,40,1,1.14869,0.982076,0.068755
STANDARD,71,40,4,0.143886,0.03438,0.109366
KC,71,40,1,1.10336,0.990571,0.059232
STANDARD,71,40,3,0.224546,0.059899,0.164244
KC,71,40,1,1.23949,0.983843,0.126197
STANDARD,71,40,17,1.89564,0.975902,0.897912
KC,71,40,1,0.668861,0.417161,0.122872
STANDARD,71,40,3,0.105261,0.021264,0.083892
KC,71,40,1,1.24306,1.1299,0.059588
STANDARD,71,40,18,1.3596,0.783227,0.575276
KC,71,40,1,0.727188,0.468359,0.127781
STANDARD,71,40,4,0.212745,0.049209,0.163203
KC,71,40,1,1.32717,1.04363,0.129982
STANDARD,71,40,5,0.295525,0.077519,0.217613
KC,71,40,1,1.20756,1.0936,0.059758
STANDARD,71,40,16,0.958024,0.518594,0.438786
KC,71,40,1,0.788355,0.541688,0.118607
STANDARD,71,40,10,0.922396,0.364506,0.556326
KC,71,40,1,1.07726,0.888902,0.106303
STANDARD,71,40,11,1.03836,0.42237,0.614317
KC,71,40,1,0.562198,0.421791,0.066363
STANDARD,71,40,13,0.673434,0.31797,0.354958
KC,71,40,1,0.393568,0.280707,0.05873
STANDARD,71,40,3,0.101601,0.019638,0.081867
KC,71,40,1,1.40576,1.25226,0.099517
STANDARD,71,40,4,0.316409,0.089719,0.226137
KC,71,40,1,1.25573,1.05843,0.115778
STANDARD,71,40,2,0.160316,0.030677,0.129418
KC,71,40,1,1.38999,1.18101,0.080605
STANDARD,71,40,5,0.186075,0.044288,0.1416
KC,71,40,1,0.961808,0.848109,0.059542
STANDARD,71,40,2,0.064033,0.009478,0.054503
KC,71,40,1,1.40857,1.21981,0.097253
STANDARD,71,40,5,0.391062,0.131799,0.258461
KC,71,40,1,1.37772,1.13436,0.117882
STANDARD,71,40,12,0.994867,0.437364,0.555975
KC,71,40,1,0.474342,0.361251,0.059337
STANDARD,71,40,10,0.46404,0.187087,0.276564
KC,71,40,1,0.870419,0.757599,0.059046
STANDARD,71,40,4,0.141261,0.032105,0.109023
KC,71,40,1,1.62107,1.3682,0.125187
STANDARD,71,40,4,0.241169,0.055681,0.185155
KC,71,40,1,1.48226,1.22669,0.128322
STANDARD,71,40,4,0.24726,0.068167,0.17861
KC,71,40,1,0.988645,0.86362,0.064145
STANDARD,71,40,16,0.955301,0.514392,0.440291
KC,71,40,1,0.655752,0.510075,0.092169
STANDARD,71,40,2,0.164882,0.031635,0.133042
KC,71,40,1,1.36044,1.10467,0.125977
STANDARD,71,40,20,4.19787,3.16367,1.03093
KC,71,40,1,0.377172,0.264923,0.058691
STANDARD,71,40,15,1.30411,0.665003,0.637516
KC,71,40,1,0.797199,0.570777,0.096731
STANDARD,71,40,3,0.173016,0.037686,0.135055
KC,71,40,1,1.47741,1.22221,0.121702
STANDARD,71,40,4,0.214609,0.042969,0.171376
KC,71,40,1,1.04484,0.924763,0.05943
STANDARD,71,40,20,1.9222,1.28751,0.633541
KC,71,40,1,0.765226,0.506496,0.125738
STANDARD,71,40,4,0.246812,0.065883,0.18058
KC,71,40,1,1.28882,1.04103,0.117388
STANDARD,71,40,3,0.1351,0.022499,0.112489
KC,71,40,1,0.986341,0.873936,0.058517
STANDARD,71,40,6,0.251136,0.073706,0.177196
KC,71,40,1,1.37438,1.22712,0.089763
STANDARD,71,40,12,1.21208,0.536777,0.673454
KC,71,40,1,0.946313,0.668145,0.1369
STANDARD,71,40,11,1.07422,0.452944,0.619465
KC,71,40,1,0.81063,0.671973,0.072408
STANDARD,71,40,18,1.45627,0.921804,0.533679
KC,71,40,1,0.607122,0.449853,0.099494
STANDARD,71,40,15,1.75124,0.886746,0.861991
KC,71,40,1,0.983538,0.717049,0.132712
STANDARD,71,40,12,1.14726,0.493887,0.651849
KC,71,40,1,0.48652,0.364642,0.06393
STANDARD,71,40,18,1.53462,1.0024,0.531427
KC,71,40,1,0.52166,0.360693,0.103278
STANDARD,71,40,4,0.348687,0.102528,0.245564
KC,71,40,1,1.38234,1.10599,0.138187
STANDARD,71,40,3,0.248761,0.066153,0.182194
KC,71,40,1,1.40278,1.15985,0.101152
STANDARD,71,40,9,0.452083,0.186646,0.265059
KC,71,40,1,1.1629,1.04072,0.06397
STANDARD,71,60,3,0.103055,0.020361,0.082573
KC,71,60,1,1.21259,1.06101,0.09844
STANDARD,71,60,4,0.324032,0.095062,0.228387
KC,71,60,1,1.09787,0.938078,0.086846
STANDARD,71,60,3,0.230293,0.062277,0.167722
KC,71,60,1,1.29173,1.06854,0.090286
STANDARD,71,60,17,1.0811,0.60247,0.473855
KC,71,60,1,0.365796,0.253224,0.058394
STANDARD,71,60,5,0.182585,0.041963,0.140443
KC,71,60,1,1.19391,1.04649,0.094058
STANDARD,71,60,3,0.234235,0.066445,0.1674
KC,71,60,1,1.6151,1.37428,0.124844
STANDARD,71,60,12,1.01447,0.435282,0.577946
KC,71,60,1,0.483061,0.369589,0.059534
STANDARD,71,60,4,0.144246,0.026126,0.11799
KC,71,60,1,1.16644,1.04318,0.062318
STANDARD,71,60,23,10.0123,8.86713,1.14197
KC,71,60,1,0.673,0.432066,0.110207
STANDARD,71,60,2,0.097959,0.006237,0.091619
KC,71,60,1,1.3109,1.05552,0.126254
STANDARD,71,60,11,0.848764,0.388439,0.459161
KC,71,60,1,0.950012,0.836602,0.059522
STANDARD,71,60,2,0.064764,0.005764,0.058952
KC,71,60,1,2.26543,2.11631,0.095099
STANDARD,71,60,17,1.8629,0.955515,0.905022
KC,71,60,1,0.785387,0.532284,0.123776
STANDARD,71,60,16,1.2551,0.667625,0.581892
KC,71,60,1,0.383847,0.272506,0.057193
STANDARD,71,60,2,0.065666,0.010551,0.05506
KC,71,60,1,0.944331,0.823769,0.059402
STANDARD,71,60,4,0.143398,0.033869,0.109377
KC,71,60,1,1.5102,1.25858,0.1267
STANDARD,71,60,3,0.158807,0.028389,0.13023
KC,71,60,1,1.79148,1.50105,0.121871
STANDARD,71,60,15,1.08372,0.53909,0.543488
KC,71,60,1,0.427968,0.31483,0.059312
STANDARD,71,60,3,0.10357,0.02114,0.082336
KC,71,60,1,0.972179,0.858641,0.059604
STANDARD,71,60,9,0.614464,0.229731,0.383844
KC,71,60,1,1.02354,0.761531,0.131238
STANDARD,71,60,14,1.35219,0.63328,0.716981
KC,71,60,1,0.902365,0.615994,0.125461
STANDARD,71,60,15,1.09801,0.545773,0.551112
KC,71,60,1,0.386954,0.262341,0.063186
STANDARD,71,60,21,6.12111,5.47641,0.643571
KC,71,60,1,0.529914,0.364174,0.072745
STANDARD,71,60,11,0.528642,0.227221,0.300973
KC,71,60,1,0.525542,0.411706,0.059546
STANDARD,71,60,17,1.05934,0.594912,0.463758
KC,71,60,1,0.474386,0.328007,0.092839
STANDARD,71,60,17,1.88153,0.953159,0.912122
KC,71,60,1,0.75602,0.500039,0.12506
STANDARD,71,60,5,0.415316,0.130832,0.283579
KC,71,60,1,1.08973,0.913122,0.085194
STANDARD,71,60,9,0.40415,0.156846,0.246944
KC,71,60,1,0.636649,0.515135,0.059983
STANDARD,71,60,3,0.102282,0.019872,0.082306
KC,71,60,1,1.11667,0.966897,0.096306
STANDARD,71,60,7,0.570152,0.19933,0.36986
KC,71,60,1,1.17241,0.989916,0.100304
STANDARD,71,60,10,0.911172,0.373992,0.535637
KC,71,60,1,1.42774,1.25896,0.067025
STANDARD,71,60,4,0.143764,0.033849,0.109761
KC,71,60,1,1.55329,1.40611,0.093428
STANDARD,71,60,6,0.516725,0.172886,0.342733
KC,71,60,1,1.68051,1.39522,0.126374
STANDARD,71,60,19,1.54683,1.02337,0.521837
KC,71,60,1,0.313376,0.201729,0.057891
STANDARD,71,60,4,0.143112,0.03357,0.1094
KC,71,60,1,1.62651,1.36962,0.129599
STANDARD,71,60,2,0.134653,0.030234,0.104296
KC,71,60,1,2.0503,1.7959,0.129288
STANDARD,71,60,3,0.199877,0.055262,0.14431
KC,71,60,1,0.946269,0.831918,0.05974
STANDARD,71,60,14,0.771045,0.388129,0.382338
KC,71,60,1,0.361383,0.248619,0.058733
STANDARD,71,60,20,2.83741,1.90131,0.93338
KC,71,60,1,0.773591,0.515152,0.126406
STANDARD,71,60,2,0.143244,0.034665,0.108319
KC,71,60,1,1.60609,1.38856,0.088806
STANDARD,71,60,12,0.658619,0.304037,0.354049
KC,71,60,1,1.08633,0.964389,0.063743
STANDARD,71,60,13,1.37101,0.638576,0.730393
KC,71,60,1,0.777347,0.50575,0.132817
STANDARD,71,60,3,0.246466,0.067595,0.178456
KC,71,60,1,1.37852,1.10979,0.12974
STANDARD,71,60,11,0.588403,0.261614,0.326289
KC,71,60,1,0.914333,0.793606,0.062332
STANDARD,71,60,9,0.43655,0.168604,0.267556
KC,71,60,1,1.73837,1.46934,0.131316
STANDARD,71,60,2,0.156051,0.034238,0.121612
KC,71,60,1,1.60842,1.33201,0.13484
STANDARD,71,60,4,0.248895,0.057755,0.190882
KC,71,60,1,1.31325,1.18807,0.065553
STANDARD,71,60,13,0.780196,0.396475,0.383143
KC,71,60,1,0.705293,0.542675,0.104518
STANDARD,71,60,4,0.341894,0.098834,0.242405
KC,71,60,1,1.43215,1.21339,0.130738
STANDARD,71,60,12,1.12679,0.501629,0.623621
KC,71,60,1,0.633848,0.513269,0.062188
STANDARD,71,80,15,0.857374,0.44693,0.409818
KC,71,80,1,0.39527,0.28479,0.056632
STANDARD,71,80,4,0.142907,0.03324,0.109529
KC,71,80,1,1.23621,0.980386,0.130401
STANDARD,71,80,6,0.367397,0.117053,0.249928
KC,71,80,1,1.28187,0.986005,0.124866
STANDARD,71,80,14,1.28291,0.581001,0.700099
KC,71,80,1,0.430518,0.310089,0.059344
STANDARD,71,80,8,0.344796,0.125442,0.219047
KC,71,80,1,1.18378,1.0704,0.059196
STANDARD,71,80,11,0.786457,0.339498,0.445953
KC,71,80,1,1.2072,0.956694,0.119592
STANDARD,71,80,14,1.41551,0.661118,0.752226
KC,71,80,1,0.760797,0.534022,0.09438
STANDARD,71,80,2,0.081229,0.017771,0.06337
KC,71,80,1,1.11776,1.00292,0.059672
STANDARD,71,80,3,0.102701,0.016277,0.086327
KC,71,80,1,1.05425,0.940586,0.059584
STANDARD,71,80,4,0.263438,0.0756,0.187377
KC,71,80,1,1.64929,1.39476,0.122709
STANDARD,71,80,10,0.942255,0.379976,0.560767
KC,71,80,1,0.948664,0.71245,0.103596
STANDARD,71,80,4,0.142174,0.032377,0.109644
KC,71,80,1,0.926309,0.805143,0.059963
STANDARD,71,80,12,0.601765,0.272509,0.328772
KC,71,80,1,1.44152,1.20804,0.103195
STANDARD,71,80,4,0.180028,0.044743,0.135108
KC,71,80,1,1.00835,0.894771,0.059493
STANDARD,71,80,12,0.594723,0.256999,0.337242
KC,71,80,1,0.987415,0.840274,0.093183
STANDARD,71,80,15,1.58602,0.757361,0.826004
KC,71,80,1,0.749868,0.498329,0.125343
STANDARD,71,80,3,0.222919,0.037375,0.185224
KC,71,80,1,1.14943,0.981705,0.083006
STANDARD,71,80,4,0.143001,0.031682,0.111155
KC,71,80,1,0.832804,0.712648,0.058923
STANDARD,71,80,2,0.065645,0.009779,0.055807
KC,71,80,1,1.31928,1.16851,0.096735
STANDARD,71,80,3,0.233306,0.061646,0.171247
KC,71,80,1,1.27761,1.10872,0.109744
STANDARD,71,80,3,0.232267,0.063559,0.168336
KC,71,80,1,1.07633,0.925264,0.078366
STANDARD,71,80,19,1.35026,0.826984,0.522477
KC,71,80,1,0.435754,0.322719,0.059129
STANDARD,71,80,16,1.38805,0.739086,0.647393
KC,71,80,1,0.807347,0.583519,0.095407
STANDARD,71,80,9,0.750482,0.258406,0.490977
KC,71,80,1,1.22213,0.94961,0.143511
STANDARD,71,80,5,0.331089,0.103239,0.227307
KC,71,80,1,1.10817,0.993597,0.060046
STANDARD,71,80,6,0.239027,0.072808,0.165986
KC,71,80,1,0.899539,0.785872,0.059323
STANDARD,71,80,11,1.0966,0.45506,0.639623
KC,71,80,1,0.652416,0.402322,0.119978
STANDARD,71,80,2,0.139423,0.008578,0.130606
KC,71,80,1,1.31707,1.05986,0.128124
STANDARD,71,80,2,0.112687,0.008942,0.103633
KC,71,80,1,1.19915,1.05222,0.082826
STANDARD,71,80,3,0.101542,0.014821,0.08663
KC,71,80,1,1.14239,1.02872,0.059747
STANDARD,71,80,11,0.93995,0.38386,0.537377
KC,71,80,1,1.09223,0.872918,0.088407
STANDARD,71,80,12,1.22864,0.55182,0.674635
KC,71,80,1,0.756462,0.517686,0.107651
STANDARD,71,80,3,0.160809,0.034042,0.126582
KC,71,80,1,0.765315,0.651235,0.060101
STANDARD,71,80,2,0.064771,0.009544,0.055175
KC,71,80,1,0.925408,0.811222,0.060067
STANDARD,71,80,4,0.143225,0.029496,0.113585
KC,71,80,1,1.18624,1.03454,0.098145
STANDARD,71,80,3,0.227256,0.038454,0.188396
KC,71,80,1,1.37447,1.16182,0.097345
STANDARD,71,80,9,0.84566,0.337946,0.506306
KC,71,80,1,1.07394,0.896689,0.085592
STANDARD,71,80,7,0.284336,0.091744,0.192328
KC,71,80,1,0.812074,0.698259,0.05937
STANDARD,71,80,13,0.652528,0.297305,0.354705
KC,71,80,1,0.865379,0.611029,0.125638
STANDARD,71,80,2,0.143834,0.010105,0.133468
KC,71,80,1,1.2573,1.0596,0.110897
STANDARD,71,80,12,1.26258,0.545938,0.714435
KC,71,80,1,1.19538,1.03364,0.070712
STANDARD,71,80,3,0.11243,0.023611,0.088706
KC,71,80,1,1.47743,1.35539,0.064064
STANDARD,71,80,13,1.51333,0.726201,0.784784
KC,71,80,1,1.22512,0.999343,0.119957
STANDARD,71,80,2,0.160898,0.035197,0.125489
KC,71,80,1,1.21656,1.03833,0.070158
STANDARD,71,80,2,0.071889,0.012614,0.059214
KC,71,80,1,1.27934,1.15657,0.064503
STANDARD,71,80,2,0.071732,0.012436,0.059238
KC,71,80,1,1.25231,1.09135,0.097211
STANDARD,71,80,2,0.15463,0.033095,0.121376
KC,71,80,1,1.37652,1.13889,0.140089
STANDARD,71,80,4,0.348027,0.105655,0.241876
KC,71,80,1,1.46669,1.29111,0.067791
STANDARD,71,80,3,0.111857,0.021802,0.089935
KC,71,80,1,0.914004,0.792099,0.063623
STANDARD,71,80,14,1.04688,0.535099,0.510817
KC,71,80,1,0.933711,0.662229,0.129523
STANDARD,71,100,4,0.226323,0.05107,0.174865
KC,71,100,1,1.38928,1.13018,0.126869
STANDARD,71,100,4,0.257562,0.073378,0.183744
KC,71,100,1,0.719948,0.605833,0.059543
STANDARD,71,100,10,0.466259,0.191611,0.274237
KC,71,100,1,0.376893,0.257469,0.0582
STANDARD,71,100,8,0.343811,0.12542,0.21809
KC,71,100,1,0.704329,0.469636,0.109494
STANDARD,71,100,5,0.414586,0.108958,0.304769
KC,71,100,1,1.47195,1.24449,0.121417
STANDARD,71,100,2,0.11113,0.021632,0.089342
KC,71,100,1,0.900777,0.748406,0.074763
STANDARD,71,100,4,0.144363,0.034185,0.110035
KC,71,100,1,0.873908,0.753408,0.058904
STANDARD,71,100,2,0.064938,0.009777,0.055097
KC,71,100,1,0.870517,0.716923,0.0924
STANDARD,71,100,2,0.142297,0.009903,0.132205
KC,71,100,1,1.15499,0.871896,0.124127
STANDARD,71,100,6,0.51144,0.173664,0.336682
KC,71,100,1,1.08864,0.923063,0.068332
STANDARD,71,100,3,0.106623,0.023001,0.08352
KC,71,100,1,0.636479,0.522966,0.059379
STANDARD,71,100,15,0.863507,0.453023,0.409881
KC,71,100,1,0.300403,0.189063,0.057413
STANDARD,71,100,11,1.08549,0.461283,0.622277
KC,71,100,1,0.536235,0.320865,0.122242
STANDARD,71,100,2,0.142642,0.032064,0.110377
KC,71,100,1,1.52174,1.28654,0.103877
STANDARD,71,100,15,1.01317,0.506502,0.505592
KC,71,100,1,0.237542,0.12585,0.057284
STANDARD,71,100,14,0.747313,0.360284,0.382462
KC,71,100,1,0.222279,0.111414,0.056873
STANDARD,71,100,17,1.47446,0.787415,0.685346
KC,71,100,1,0.649871,0.389607,0.127816
STANDARD,71,100,2,0.131512,0.029106,0.102233
KC,71,100,1,1.21814,0.967678,0.125419
STANDARD,71,100,11,0.885919,0.372656,0.51205
KC,71,100,1,0.399254,0.28718,0.057902
STANDARD,71,100,11,0.539748,0.239229,0.30007
KC,71,100,1,0.301402,0.182461,0.057641
STANDARD,71,100,4,0.141832,0.032154,0.109533
KC,71,100,1,0.981064,0.830999,0.096709
STANDARD,71,100,17,1.87399,1.00358,0.867667
KC,71,100,1,0.548908,0.294894,0.124842
STANDARD,71,100,2,0.143843,0.029706,0.113865
KC,71,100,1,0.896001,0.715815,0.075676
STANDARD,71,100,16,0.968746,0.530371,0.437721
KC,71,100,1,0.364261,0.245178,0.058096
STANDARD,71,100,2,0.065037,0.009996,0.054978
KC,71,100,1,1.40858,1.26179,0.093036
STANDARD,71,100,9,0.8258,0.294626,0.529697
KC,71,100,1,0.627149,0.463008,0.104991
STANDARD,71,100,2,0.145251,0.031914,0.113154
KC,71,100,1,1.11422,0.867129,0.117473
STANDARD,71,100,5,0.325082,0.09428,0.230293
KC,71,100,1,1.57527,1.4645,0.057164
STANDARD,71,100,2,0.067167,0.011596,0.055507
KC,71,100,1,0.909262,0.758351,0.092872
STANDARD,71,100,3,0.226385,0.036524,0.189421
KC,71,100,1,1.22776,0.962573,0.128101
STANDARD,71,100,19,2.22278,1.19096,1.02871
KC,71,100,1,0.369333,0.253353,0.05792
STANDARD,71,100,12,0.603363,0.270527,0.332354
KC,71,100,1,0.252438,0.136387,0.057853
STANDARD,71,100,16,0.996955,0.560418,0.435887
KC,71,100,1,0.549553,0.269914,0.118328
STANDARD,71,100,2,0.143617,0.030423,0.112947
KC,71,100,1,1.15603,0.895975,0.124386
STANDARD,71,100,8,0.726387,0.255415,0.469531
KC,71,100,1,0.74375,0.454579,0.120414
STANDARD,71,100,2,0.066947,0.010044,0.056848
KC,71,100,1,0.759642,0.642201,0.058631
STANDARD,71,100,14,0.745555,0.363703,0.381275
KC,71,100,1,0.327862,0.212059,0.057841
STANDARD,71,100,9,0.408957,0.15648,0.252145
KC,71,100,1,0.776079,0.517687,0.12466
STANDARD,71,100,2,0.144933,0.009855,0.134856
KC,71,100,1,0.985579,0.824516,0.093625
STANDARD,71,100,2,0.166572,0.033944,0.132504
KC,71,100,1,1.17755,0.947364,0.095546
STANDARD,71,100,4,0.155901,0.037501,0.118247
KC,71,100,1,1.15377,1.02604,0.063276
STANDARD,71,100,11,0.681886,0.297663,0.383617
KC,71,100,1,0.63565,0.356368,0.131779
STANDARD,71,100,11,0.990412,0.436848,0.552148
KC,71,100,1,0.805272,0.524462,0.131531
STANDARD,71,100,14,1.29743,0.638696,0.641225
KC,71,100,1,0.268851,0.137689,0.067663
STANDARD,71,100,7,0.319707,0.113518,0.205905
KC,71,100,1,1.31228,1.17133,0.077603
STANDARD,71,100,12,1.34122,0.606096,0.733319
KC,71,100,1,0.656523,0.415107,0.094609
STANDARD,71,100,3,0.245544,0.065911,0.17919
KC,71,100,1,1.34618,1.06706,0.134148
STANDARD,71,100,6,0.447939,0.147867,0.299483
KC,71,100,1,0.587118,0.460407,0.063495
STANDARD,71,100,4,0.155876,0.037462,0.118261
KC,71,100,1,0.996973,0.868117,0.064205
STANDARD,71,100,3,0.112053,0.022139,0.0898
KC,71,100,1,1.33305,1.05567,0.136057
STANDARD,81,0,11,1.09736,0.40231,0.693748
KC,81,0,1,1.54624,1.22293,0.141978
STANDARD,81,0,3,0.238796,0.055161,0.183357
KC,81,0,1,1.22953,1.07386,0.074884
STANDARD,81,0,3,0.133661,0.026045,0.107491
KC,81,0,1,1.74608,1.53336,0.125997
STANDARD,81,0,2,0.17684,0.010347,0.166215
KC,81,0,1,1.93324,1.67342,0.131981
STANDARD,81,0,12,1.16854,0.461466,0.705643
KC,81,0,1,0.819689,0.662812,0.07724
STANDARD,81,0,3,0.131683,0.024216,0.107359
KC,81,0,1,0.942706,0.786363,0.076846
STANDARD,81,0,2,0.082835,0.011242,0.071532
KC,81,0,1,1.88137,1.56747,0.134913
STANDARD,81,0,6,0.631816,0.208247,0.422649
KC,81,0,1,1.7414,1.40441,0.159773
STANDARD,81,0,16,1.1284,0.556784,0.570872
KC,81,0,1,0.304118,0.150413,0.074506
STANDARD,81,0,2,0.08443,0.012451,0.071921
KC,81,0,1,1.69601,1.48647,0.130985
STANDARD,81,0,12,1.21865,0.478568,0.73855
KC,81,0,1,1.12626,0.786847,0.161583
STANDARD,81,0,10,0.785801,0.276562,0.502949
KC,81,0,1,1.10976,0.955873,0.076569
STANDARD,81,0,4,0.184173,0.040295,0.143716
KC,81,0,1,1.26176,1.06528,0.120005
STANDARD,81,0,2,0.188207,0.043129,0.144818
KC,81,0,1,1.7099,1.41262,0.153946
STANDARD,81,0,2,0.18255,0.041886,0.140433
KC,81,0,1,2.93889,2.70027,0.116704
STANDARD,81,0,12,0.963702,0.38584,0.576751
KC,81,0,1,1.28225,0.990716,0.117358
STANDARD,81,0,3,0.28766,0.074352,0.212905
KC,81,0,1,1.94455,1.64682,0.118803
STANDARD,81,0,13,0.787232,0.323033,0.463616
KC,81,0,1,0.833684,0.679881,0.076533
STANDARD,81,0,12,1.02523,0.395831,0.603755
KC,81,0,1,1.47719,1.13533,0.126521
STANDARD,81,0,4,0.400427,0.113095,0.286845
KC,81,0,1,1.43108,1.09926,0.114279
STANDARD,81,0,11,0.628017,0.234994,0.39252
KC,81,0,1,0.784265,0.630925,0.076347
STANDARD,81,0,10,0.561253,0.20488,0.355957
KC,81,0,1,1.42531,1.08882,0.160747
STANDARD,81,0,3,0.219637,0.047737,0.171613
KC,81,0,1,1.79001,1.48661,0.128255
STANDARD,81,0,19,1.65364,0.972988,0.679728
KC,81,0,1,0.491662,0.339058,0.075833
STANDARD,81,0,2,0.083776,0.012261,0.071456
KC,81,0,1,2.0054,1.79903,0.129784
STANDARD,81,0,6,0.479602,0.145673,0.333242
KC,81,0,1,1.8378,1.51898,0.140851
STANDARD,81,0,18,1.49922,0.798456,0.699731
KC,81,0,1,0.621685,0.466644,0.076662
STANDARD,81,0,4,0.181235,0.038864,0.142222
KC,81,0,1,2.22791,2.0216,0.129678
STANDARD,81,0,3,0.285435,0.052891,0.232219
KC,81,0,1,1.47114,1.14887,0.14811
STANDARD,81,0,12,0.849385,0.342648,0.505932
KC,81,0,1,0.676587,0.522212,0.076468
STANDARD,81,0,15,0.97931,0.446954,0.531687
KC,81,0,1,0.695454,0.495877,0.12201
STANDARD,81,0,2,0.182648,0.039289,0.14307
KC,81,0,1,1.77967,1.46931,0.163359
STANDARD,81,0,8,0.882212,0.310784,0.570033
KC,81,0,1,1.23148,1.02998,0.076179
STANDARD,81,0,12,0.7293,0.295267,0.428108
KC,81,0,1,0.798132,0.64362,0.076222
STANDARD,81,0,3,0.132349,0.025495,0.106736
KC,81,0,1,1.77003,1.45457,0.138666
STANDARD,81,0,8,0.891889,0.324756,0.565542
KC,81,0,1,1.47122,1.18088,0.113287
STANDARD,81,0,14,0.919973,0.42081,0.498527
KC,81,0,1,0.46168,0.307846,0.076081
STANDARD,81,0,4,0.178827,0.036437,0.142231
KC,81,0,1,1.79199,1.5775,0.122885
STANDARD,81,0,13,1.5276,0.640438,0.88526
KC,81,0,1,1.21458,0.874179,0.16164
STANDARD,81,0,2,0.083942,0.006025,0.077858
KC,81,0,1,0.931854,0.776327,0.077078
STANDARD,81,0,8,0.45679,0.149382,0.307031
KC,81,0,1,1.08429,0.870723,0.128427
STANDARD,81,0,14,1.80092,0.811109,0.987853
KC,81,0,1,1.45978,1.10084,0.168315
STANDARD,81,0,12,0.972424,0.434818,0.536699
KC,81,0,1,1.00317,0.835609,0.081997
STANDARD,81,0,3,0.140623,0.025102,0.115405
KC,81,0,1,2.01688,1.78115,0.140341
STANDARD,81,0,3,0.231884,0.057779,0.173911
KC,81,0,1,2.59996,2.29089,0.124088
STANDARD,81,0,15,1.14645,0.569313,0.576385
KC,81,0,1,1.02335,0.85673,0.082372
STANDARD,81,0,11,1.27904,0.507314,0.770048
KC,81,0,1,1.35711,0.995339,0.171048
STANDARD,81,0,2,0.191753,0.040278,0.151289
KC,81,0,1,2.00849,1.68877,0.127085
STANDARD,81,0,8,0.453902,0.146028,0.307488
KC,81,0,1,1.18141,1.01824,0.079423
STANDARD,81,0,2,0.191831,0.036447,0.155073
KC,81,0,1,1.68308,1.32494,0.16864
STANDARD,81,20,12,1.47219,0.580893,0.889285
KC,81,20,1,1.6223,1.38882,0.102429
STANDARD,81,20,3,0.131238,0.023735,0.107386
KC,81,20,1,1.22493,1.06202,0.07728
STANDARD,81,20,5,0.507262,0.128819,0.377639
KC,81,20,1,1.77325,1.43302,0.160371
STANDARD,81,20,2,0.186589,0.043335,0.142996
KC,81,20,1,1.80146,1.60637,0.084545
STANDARD,81,20,9,0.488513,0.167432,0.320676
KC,81,20,1,0.668226,0.518714,0.073677
STANDARD,81,20,14,1.67142,0.762319,0.883527
KC,81,20,1,0.896003,0.640996,0.129322
STANDARD,81,20,14,1.67708,0.725457,0.94924
KC,81,20,1,0.543353,0.387826,0.076076
STANDARD,81,20,12,0.71017,0.282484,0.427155
KC,81,20,1,0.68635,0.534015,0.075898
STANDARD,81,20,2,0.087846,0.011056,0.076728
KC,81,20,1,1.78567,1.58435,0.125436
STANDARD,81,20,2,0.126483,0.023655,0.102643
KC,81,20,1,1.78349,1.44482,0.173258
STANDARD,81,20,3,0.188714,0.052039,0.136435
KC,81,20,1,1.28314,1.11992,0.079185
STANDARD,81,20,6,0.292549,0.078917,0.213391
KC,81,20,1,1.05254,0.901119,0.075369
STANDARD,81,20,13,1.62651,0.662142,0.962162
KC,81,20,1,1.16669,0.867693,0.139053
STANDARD,81,20,9,0.996067,0.361833,0.63309
KC,81,20,1,1.1595,0.89883,0.119799
STANDARD,81,20,3,0.130083,0.022555,0.107425
KC,81,20,1,1.88138,1.68208,0.123013
STANDARD,81,20,7,0.759921,0.260473,0.498446
KC,81,20,1,1.29788,1.05552,0.151136
STANDARD,81,20,10,1.08872,0.434504,0.652658
KC,81,20,1,1.04439,0.815347,0.117743
STANDARD,81,20,5,0.232457,0.053819,0.178436
KC,81,20,1,1.58842,1.38295,0.129028
STANDARD,81,20,4,0.404253,0.117558,0.286138
KC,81,20,1,2.02812,1.70472,0.14191
STANDARD,81,20,11,0.787395,0.30577,0.481016
KC,81,20,1,0.696286,0.544763,0.075205
STANDARD,81,20,15,1.01391,0.480462,0.532797
KC,81,20,1,0.65332,0.457069,0.119018
STANDARD,81,20,2,0.181842,0.039903,0.141679
KC,81,20,1,2.14032,1.79277,0.170792
STANDARD,81,20,10,1.02224,0.381686,0.614359
KC,81,20,1,0.753574,0.598786,0.076753
STANDARD,81,20,12,0.71768,0.289798,0.427351
KC,81,20,1,0.501536,0.338264,0.076215
STANDARD,81,20,4,0.182929,0.040475,0.142296
KC,81,20,1,1.82159,1.5035,0.150202
STANDARD,81,20,7,0.661952,0.185886,0.475245
KC,81,20,1,2.78993,2.55564,0.083704
STANDARD,81,20,2,0.115283,0.01172,0.103498
KC,81,20,1,2.19274,1.86151,0.157335
STANDARD,81,20,2,0.181511,0.04008,0.141219
KC,81,20,1,1.71045,1.41778,0.116706
STANDARD,81,20,2,0.085382,0.012923,0.072396
KC,81,20,1,1.57655,1.40767,0.082052
STANDARD,81,20,16,1.52138,0.779363,0.740772
KC,81,20,1,0.982745,0.615838,0.151009
STANDARD,81,20,3,0.284532,0.070046,0.214138
KC,81,20,1,1.97505,1.67315,0.123676
STANDARD,81,20,3,0.134773,0.026632,0.108023
KC,81,20,1,1.01364,0.852986,0.073018
STANDARD,81,20,14,0.904552,0.40744,0.496476
KC,81,20,1,0.67952,0.474576,0.118691
STANDARD,81,20,7,0.75278,0.255771,0.495862
KC,81,20,1,1.35169,1.05536,0.126312
STANDARD,81,20,4,0.397895,0.113205,0.284162
KC,81,20,1,2.78535,2.55058,0.103822
STANDARD,81,20,4,0.184685,0.041514,0.143011
KC,81,20,1,2.02588,1.68673,0.170003
STANDARD,81,20,2,0.17293,0.033927,0.138738
KC,81,20,1,2.23615,1.89476,0.164622
STANDARD,81,20,14,0.899741,0.40041,0.498723
KC,81,20,1,0.782302,0.629126,0.076051
STANDARD,81,20,18,1.80321,0.970093,0.831614
KC,81,20,1,0.826394,0.53174,0.113865
STANDARD,81,20,17,2.33454,1.15296,1.17887
KC,81,20,1,0.591614,0.360003,0.117665
STANDARD,81,20,13,0.90736,0.409175,0.497552
KC,81,20,1,0.952823,0.785343,0.08208
STANDARD,81,20,22,18.4877,17.0179,1.46656
KC,81,20,1,0.979667,0.617549,0.170553
STANDARD,81,20,3,0.262641,0.074713,0.187592
KC,81,20,1,4.30563,3.9856,0.130006
STANDARD,81,20,6,0.322468,0.091526,0.230656
KC,81,20,1,1.8027,1.58084,0.139459
STANDARD,81,20,2,0.14424,0.035266,0.10877
KC,81,20,1,1.74334,1.38258,0.174086
STANDARD,81,20,3,0.226442,0.048127,0.178146
KC,81,20,1,1.97738,1.80707,0.087638
STANDARD,81,20,3,0.143526,0.02704,0.116363
KC,81,20,1,2.05343,1.82202,0.133053
STANDARD,81,20,14,1.95214,0.896905,1.05276
KC,81,20,1,1.34073,1.09507,0.084343
STANDARD,81,20,2,0.091507,0.014091,0.07735
KC,81,20,1,1.04481,0.879634,0.082333
STANDARD,81,20,3,0.141028,0.025741,0.115161
KC,81,20,1,1.53466,1.30934,0.139939
STANDARD,81,40,4,0.304412,0.087247,0.216628
KC,81,40,1,2.22476,1.94525,0.10883
STANDARD,81,40,5,0.236545,0.056098,0.180238
KC,81,40,1,1.49103,1.33251,0.081821
STANDARD,81,40,9,0.483874,0.159041,0.319141
KC,81,40,1,1.21372,0.890738,0.15539
STANDARD,81,40,16,1.97292,0.919284,1.05147
KC,81,40,1,0.910485,0.579981,0.152718
STANDARD,81,40,4,0.182144,0.03979,0.142197
KC,81,40,1,1.08114,0.927826,0.076984
STANDARD,81,40,2,0.085586,0.007763,0.07776
KC,81,40,1,2.31721,2.10952,0.131677
STANDARD,81,40,16,1.46093,0.6701,0.789414
KC,81,40,1,0.643218,0.311219,0.155818
STANDARD,81,40,3,0.248111,0.065464,0.182362
KC,81,40,1,1.23634,0.983584,0.078607
STANDARD,81,40,5,0.233073,0.054957,0.177922
KC,81,40,1,1.02356,0.864448,0.082577
STANDARD,81,40,9,0.937653,0.336706,0.599552
KC,81,40,1,1.39709,1.06358,0.162399
STANDARD,81,40,2,0.182336,0.037793,0.144366
KC,81,40,1,1.99365,1.71909,0.098738
STANDARD,81,40,4,0.179545,0.037136,0.142256
KC,81,40,1,2.43815,2.22428,0.127582
STANDARD,81,40,15,1.80881,0.827602,0.979098
KC,81,40,1,1.09048,0.750273,0.163785
STANDARD,81,40,17,1.41722,0.665989,0.750062
KC,81,40,1,0.525512,0.369739,0.076289
STANDARD,81,40,4,0.180017,0.03749,0.142374
KC,81,40,1,1.49542,1.2934,0.122902
STANDARD,81,40,2,0.12909,0.012136,0.116799
KC,81,40,1,2.0788,1.73972,0.175354
STANDARD,81,40,11,0.87708,0.302673,0.573502
KC,81,40,1,1.13424,0.977334,0.076519
STANDARD,81,40,4,0.178967,0.036763,0.142055
KC,81,40,1,1.34539,1.14462,0.121728
STANDARD,81,40,2,0.145014,0.033966,0.110832
KC,81,40,1,1.77225,1.44689,0.150348
STANDARD,81,40,3,0.243223,0.073396,0.16943
KC,81,40,1,1.91538,1.74711,0.084189
STANDARD,81,40,3,0.133562,0.025328,0.108121
KC,81,40,1,1.61311,1.42101,0.115699
STANDARD,81,40,3,0.288239,0.070617,0.217197
KC,81,40,1,1.99322,1.72584,0.157073
STANDARD,81,40,19,1.85711,0.979038,0.876569
KC,81,40,1,0.504727,0.348674,0.076718
STANDARD,81,40,4,0.179567,0.036536,0.142885
KC,81,40,1,1.9829,1.75698,0.146753
STANDARD,81,40,8,0.741324,0.2106,0.529868
KC,81,40,1,1.30792,0.977763,0.157474
STANDARD,81,40,13,1.09868,0.474002,0.623689
KC,81,40,1,0.844704,0.690046,0.076736
STANDARD,81,40,2,0.083334,0.005926,0.077347
KC,81,40,1,1.38199,1.18727,0.115372
STANDARD,81,40,12,1.44565,0.583682,0.85989
KC,81,40,1,1.23523,0.966808,0.138566
STANDARD,81,40,11,1.10819,0.415131,0.691579
KC,81,40,1,0.711367,0.557568,0.076369
STANDARD,81,40,14,0.935828,0.438056,0.497122
KC,81,40,1,0.815445,0.662024,0.076069
STANDARD,81,40,12,1.47581,0.610914,0.862847
KC,81,40,1,1.04451,0.792155,0.123288
STANDARD,81,40,2,0.179978,0.036878,0.142943
KC,81,40,1,2.38557,2.0938,0.116143
STANDARD,81,40,7,0.354172,0.098553,0.25532
KC,81,40,1,1.42373,1.21275,0.133153
STANDARD,81,40,3,0.28626,0.072021,0.213926
KC,81,40,1,2.57881,2.29644,0.159909
STANDARD,81,40,8,0.598431,0.21652,0.381183
KC,81,40,1,1.54296,1.38429,0.081943
STANDARD,81,40,2,0.083632,0.011524,0.07205
KC,81,40,1,2.96858,2.76873,0.123094
STANDARD,81,40,14,1.69424,0.731456,0.960321
KC,81,40,1,0.837203,0.558999,0.159407
STANDARD,81,40,2,0.083396,0.011505,0.071829
KC,81,40,1,2.73643,2.57551,0.081382
STANDARD,81,40,18,2.51174,1.25401,1.25479
KC,81,40,1,0.96156,0.594935,0.161083
STANDARD,81,40,2,0.128248,0.021656,0.106347
KC,81,40,1,1.09304,0.887551,0.110986
STANDARD,81,40,4,0.195849,0.041814,0.153859
KC,81,40,1,1.40388,1.23626,0.082193
STANDARD,81,40,4,0.426601,0.091742,0.334351
KC,81,40,1,1.98044,1.61892,0.171475
STANDARD,81,40,8,0.757118,0.261168,0.495031
KC,81,40,1,1.48453,1.31589,0.082706
STANDARD,81,40,13,0.909456,0.413019,0.495821
KC,81,40,1,1.69098,1.34701,0.174072
STANDARD,81,40,3,0.23659,0.053802,0.182633
KC,81,40,1,1.83843,1.53784,0.124992
STANDARD,81,40,8,0.452041,0.142577,0.309089
KC,81,40,1,1.07048,0.912643,0.082333
STANDARD,81,40,14,1.03278,0.498593,0.533529
KC,81,40,1,1.023,0.68008,0.168307
STANDARD,81,40,19,4.13831,2.81496,1.31816
KC,81,40,1,0.773491,0.615081,0.082881
STANDARD,81,40,3,0.143217,0.027193,0.115907
KC,81,40,1,1.94293,1.74075,0.126192
STANDARD,81,40,5,0.554286,0.142338,0.411129
KC,81,40,1,2.49777,2.19974,0.123761
STANDARD,81,60,5,0.235053,0.054756,0.180097
KC,81,60,1,1.473,1.32539,0.076903
STANDARD,81,60,3,0.13217,0.02481,0.10725
KC,81,60,1,2.24761,1.95656,0.130198
STANDARD,81,60,19,2.84659,1.54383,1.29985
KC,81,60,1,0.503961,0.351456,0.082562
STANDARD,81,60,2,0.083282,0.01159,0.071634
KC,81,60,1,1.39386,1.24706,0.076407
STANDARD,81,60,12,0.854033,0.358356,0.494888
KC,81,60,1,1.01416,0.680943,0.162443
STANDARD,81,60,2,0.120935,0.006252,0.114627
KC,81,60,1,2.04558,1.72622,0.160232
STANDARD,81,60,2,0.132226,0.020308,0.111759
KC,81,60,1,2.95862,2.81323,0.075253
STANDARD,81,60,4,0.314891,0.090603,0.223938
KC,81,60,1,1.64301,1.30165,0.134507
STANDARD,81,60,10,1.16076,0.44818,0.711337
KC,81,60,1,1.02347,0.761626,0.101788
STANDARD,81,60,4,0.179107,0.036996,0.141961
KC,81,60,1,1.08136,0.936335,0.074459
STANDARD,81,60,4,0.395855,0.11073,0.284561
KC,81,60,1,1.54365,1.28942,0.153347
STANDARD,81,60,5,0.37654,0.113705,0.262341
KC,81,60,1,1.45782,1.30033,0.076786
STANDARD,81,60,11,0.676627,0.261995,0.41416
KC,81,60,1,1.4484,1.12425,0.157916
STANDARD,81,60,3,0.206908,0.054198,0.15251
KC,81,60,1,1.83321,1.52107,0.145843
STANDARD,81,60,8,0.543225,0.178453,0.364137
KC,81,60,1,1.65763,1.51097,0.076748
STANDARD,81,60,4,0.180636,0.037084,0.143402
KC,81,60,1,1.59507,1.40565,0.119507
STANDARD,81,60,6,0.471781,0.136928,0.334285
KC,81,60,1,1.59958,1.28417,0.110909
STANDARD,81,60,20,1.67195,0.953855,0.711779
KC,81,60,1,0.464212,0.318401,0.075516
STANDARD,81,60,3,0.278048,0.072212,0.205413
KC,81,60,1,2.25478,1.93187,0.159273
STANDARD,81,60,2,0.182748,0.039792,0.142725
KC,81,60,1,2.08981,1.89949,0.103281
STANDARD,81,60,4,0.178827,0.036451,0.142218
KC,81,60,1,1.09115,0.935492,0.07543
STANDARD,81,60,5,0.512239,0.155292,0.356167
KC,81,60,1,1.65294,1.31125,0.173062
STANDARD,81,60,2,0.178753,0.035167,0.143393
KC,81,60,1,1.24564,1.03882,0.076393
STANDARD,81,60,3,0.130259,0.017733,0.112424
KC,81,60,1,1.74019,1.59384,0.076159
STANDARD,81,60,17,2.293,1.18018,1.10999
KC,81,60,1,0.809075,0.568377,0.141602
STANDARD,81,60,9,1.02486,0.377686,0.645648
KC,81,60,1,1.20478,1.0015,0.108256
STANDARD,81,60,3,0.130989,0.018188,0.112698
KC,81,60,1,1.48435,1.33729,0.076432
STANDARD,81,60,4,0.178196,0.036537,0.141502
KC,81,60,1,1.56251,1.21273,0.140346
STANDARD,81,60,7,0.709727,0.23357,0.475159
KC,81,60,1,1.93192,1.67859,0.105139
STANDARD,81,60,12,0.72973,0.299556,0.429652
KC,81,60,1,1.20632,1.01494,0.121149
STANDARD,81,60,2,0.180136,0.038955,0.141044
KC,81,60,1,1.5618,1.29846,0.142061
STANDARD,81,60,20,5.25648,4.13113,1.11213
KC,81,60,1,0.872682,0.549009,0.155863
STANDARD,81,60,7,0.591389,0.188633,0.401965
KC,81,60,1,1.61698,1.29875,0.152525
STANDARD,81,60,10,0.562016,0.202246,0.356812
KC,81,60,1,0.878146,0.731685,0.076443
STANDARD,81,60,3,0.130436,0.023777,0.106539
KC,81,60,1,0.83436,0.6879,0.076049
STANDARD,81,60,3,0.285738,0.069892,0.215449
KC,81,60,1,2.12365,1.79898,0.159298
STANDARD,81,60,10,0.956627,0.357589,0.597882
KC,81,60,1,0.742134,0.596891,0.07516
STANDARD,81,60,3,0.130589,0.02334,0.107142
KC,81,60,1,1.22093,1.07544,0.075231
STANDARD,81,60,3,0.131946,0.024153,0.107682
KC,81,60,1,1.75907,1.42913,0.161905
STANDARD,81,60,13,1.52751,0.639645,0.88586
KC,81,60,1,1.17783,0.895661,0.116212
STANDARD,81,60,8,0.465767,0.151733,0.313645
KC,81,60,1,1.19278,1.03428,0.082482
STANDARD,81,60,3,0.141407,0.024984,0.116304
KC,81,60,1,1.54728,1.34978,0.122433
STANDARD,81,60,3,0.190132,0.032219,0.157725
KC,81,60,1,3.09049,2.7965,0.117504
STANDARD,81,60,3,0.143112,0.026094,0.116883
KC,81,60,1,2.66961,2.46482,0.129076
STANDARD,81,60,4,0.428167,0.121072,0.306498
KC,81,60,1,1.78566,1.43883,0.167526
STANDARD,81,60,3,0.218591,0.035407,0.183026
KC,81,60,1,1.23332,1.07578,0.082231
STANDARD,81,60,2,0.089845,0.012693,0.077087
KC,81,60,1,1.2062,1.04844,0.082105
STANDARD,81,60,3,0.29495,0.07537,0.219238
KC,81,60,1,1.90319,1.5573,0.167391
STANDARD,81,60,14,1.88544,0.861424,1.02198
KC,81,60,1,0.92357,0.756957,0.082051
STANDARD,81,60,3,0.140484,0.024887,0.115473
KC,81,60,1,1.64142,1.43881,0.105807
STANDARD,81,80,4,0.394611,0.08609,0.307953
KC,81,80,1,1.7211,1.43615,0.126549
STANDARD,81,80,2,0.123526,0.01025,0.1132
KC,81,80,1,2.86343,2.601,0.095845
STANDARD,81,80,3,0.12851,0.021934,0.106473
KC,81,80,1,1.43325,1.22672,0.123319
STANDARD,81,80,3,0.288397,0.07113,0.216804
KC,81,80,1,1.87898,1.54752,0.162472
STANDARD,81,80,12,0.890376,0.365453,0.523949
KC,81,80,1,0.786552,0.635329,0.074984
STANDARD,81,80,15,1.00718,0.475872,0.530641
KC,81,80,1,0.601477,0.399589,0.117001
STANDARD,81,80,2,0.179058,0.03786,0.140992
KC,81,80,1,1.96127,1.5814,0.163909
STANDARD,81,80,3,0.285453,0.049225,0.235824
KC,81,80,1,1.79477,1.55772,0.082139
STANDARD,81,80,10,0.560953,0.205006,0.355504
KC,81,80,1,0.843038,0.691604,0.075788
STANDARD,81,80,3,0.279522,0.068106,0.210981
KC,81,80,1,1.5097,1.18313,0.152696
STANDARD,81,80,3,0.291599,0.078072,0.213077
KC,81,80,1,2.23494,1.98762,0.083635
STANDARD,81,80,3,0.133027,0.024347,0.108564
KC,81,80,1,1.29025,1.13258,0.081767
STANDARD,81,80,2,0.182549,0.039021,0.143339
KC,81,80,1,1.72754,1.36319,0.148693
STANDARD,81,80,3,0.29217,0.075977,0.215846
KC,81,80,1,1.43649,1.16486,0.113993
STANDARD,81,80,9,0.477626,0.151338,0.325888
KC,81,80,1,1.01976,0.866721,0.076244
STANDARD,81,80,14,1.18332,0.545556,0.636699
KC,81,80,1,1.0017,0.682189,0.147933
STANDARD,81,80,17,2.22414,1.05852,1.16273
KC,81,80,1,0.9875,0.727354,0.11788
STANDARD,81,80,2,0.083238,0.0056,0.077574
KC,81,80,1,1.18656,1.03357,0.076727
STANDARD,81,80,3,0.129666,0.022551,0.107009
KC,81,80,1,2.25644,2.0521,0.128203
STANDARD,81,80,12,1.26806,0.505956,0.760755
KC,81,80,1,1.16621,0.856061,0.13605
STANDARD,81,80,3,0.196648,0.046231,0.150234
KC,81,80,1,3.31644,3.11971,0.119954
STANDARD,81,80,13,1.49785,0.639551,0.856351
KC,81,80,1,1.13979,0.776678,0.152721
STANDARD,81,80,9,0.755714,0.272818,0.481863
KC,81,80,1,0.841153,0.68835,0.076175
STANDARD,81,80,18,1.37696,0.736818,0.636743
KC,81,80,1,0.443643,0.292479,0.075401
STANDARD,81,80,14,1.74176,0.759128,0.980566
KC,81,80,1,0.938422,0.615099,0.148862
STANDARD,81,80,3,0.287731,0.072451,0.215011
KC,81,80,1,2.44575,2.20455,0.116073
STANDARD,81,80,3,0.131545,0.018329,0.113107
KC,81,80,1,1.26389,1.06467,0.123386
STANDARD,81,80,12,1.26535,0.532901,0.730784
KC,81,80,1,1.1595,0.822136,0.162227
STANDARD,81,80,12,0.966584,0.396793,0.56876
KC,81,80,1,1.47987,1.3266,0.07614
STANDARD,81,80,4,0.180562,0.037909,0.142503
KC,81,80,1,1.44973,1.24337,0.129725
STANDARD,81,80,4,0.292033,0.066692,0.225069
KC,81,80,1,1.72719,1.35475,0.158941
STANDARD,81,80,3,0.156609,0.029533,0.126945
KC,81,80,1,1.37374,1.20625,0.080887
STANDARD,81,80,2,0.085389,0.01275,0.072562
KC,81,80,1,2.46758,2.27472,0.116555
STANDARD,81,80,5,0.367157,0.080485,0.286262
KC,81,80,1,1.9638,1.66096,0.127816
STANDARD,81,80,13,0.827521,0.362946,0.463983
KC,81,80,1,0.8353,0.681903,0.076106
STANDARD,81,80,10,0.570006,0.215468,0.354115
KC,81,80,1,1.42122,1.2234,0.121466
STANDARD,81,80,9,0.901578,0.325101,0.575264
KC,81,80,1,1.62318,1.28426,0.167447
STANDARD,81,80,3,0.221202,0.044685,0.176265
KC,81,80,1,3.02713,2.87478,0.076256
STANDARD,81,80,19,3.03962,1.69174,1.3447
KC,81,80,1,0.913088,0.581708,0.155799
STANDARD,81,80,7,0.544546,0.169092,0.374868
KC,81,80,1,1.3064,1.14693,0.082113
STANDARD,81,80,16,1.21973,0.608537,0.610414
KC,81,80,1,1.24902,0.931146,0.133206
STANDARD,81,80,4,0.382124,0.101544,0.280211
KC,81,80,1,1.87076,1.51315,0.171481
STANDARD,81,80,4,0.299348,0.074253,0.224748
KC,81,80,1,2.54261,2.37246,0.087795
STANDARD,81,80,2,0.194178,0.014995,0.178967
KC,81,80,1,1.81699,1.46856,0.162281
STANDARD,81,80,4,0.430382,0.120032,0.309888
KC,81,80,1,2.09275,1.73582,0.123616
STANDARD,81,80,2,0.094298,0.014187,0.080034
KC,81,80,1,1.21528,1.04702,0.084328
STANDARD,81,80,3,0.145622,0.026853,0.118644
KC,81,80,1,2.01489,1.67944,0.148797
STANDARD,81,80,4,0.432446,0.121838,0.310139
KC,81,80,1,2.45396,2.2457,0.118681
STANDARD,81,80,16,1.25483,0.620707,0.633225
KC,81,80,1,1.6406,1.26282,0.186459
STANDARD,81,80,3,0.268516,0.05659,0.211668
KC,81,80,1,1.71466,1.36432,0.158096
STANDARD,81,100,3,0.200606,0.047859,0.152527
KC,81,100,1,2.24846,2.07603,0.082438
STANDARD,81,100,10,0.796677,0.272477,0.498042
KC,81,100,1,0.724053,0.390656,0.16055
STANDARD,81,100,2,0.106019,0.014376,0.091574
KC,81,100,1,1.5072,1.17598,0.159621
STANDARD,81,100,2,0.127141,0.017211,0.109782
KC,81,100,1,1.03799,0.778294,0.104029
STANDARD,81,100,12,0.75071,0.304531,0.445555
KC,81,100,1,0.371212,0.215307,0.077476
STANDARD,81,100,10,0.572635,0.207367,0.364785
KC,81,100,1,0.882605,0.554342,0.15658
STANDARD,81,100,6,0.589797,0.188378,0.400561
KC,81,100,1,1.03943,0.707734,0.165897
STANDARD,81,100,4,0.400691,0.110202,0.289929
KC,81,100,1,1.00871,0.753227,0.093275
STANDARD,81,100,9,0.511739,0.178288,0.33301
KC,81,100,1,0.459236,0.303573,0.076765
STANDARD,81,100,15,1.05353,0.496487,0.556308
KC,81,100,1,0.763878,0.434074,0.157205
STANDARD,81,100,20,3.56374,2.47499,1.08685
KC,81,100,1,0.648398,0.304314,0.167656
STANDARD,81,100,15,1.39139,0.630261,0.759651
KC,81,100,1,0.507998,0.335245,0.08471
STANDARD,81,100,2,0.098075,0.015028,0.082955
KC,81,100,1,0.95114,0.77885,0.085127
STANDARD,81,100,3,0.308133,0.078344,0.229427
KC,81,100,1,1.58803,1.23529,0.165284
STANDARD,81,100,3,0.312874,0.086603,0.22582
KC,81,100,1,1.28746,0.977941,0.12192
STANDARD,81,100,8,0.478683,0.150677,0.327468
KC,81,100,1,0.696968,0.525853,0.084413
STANDARD,81,100,11,0.715297,0.269835,0.444729
KC,81,100,1,0.616895,0.402207,0.129378
STANDARD,81,100,16,2.09019,0.946507,1.14117
KC,81,100,1,0.829855,0.497478,0.148076
STANDARD,81,100,12,1.16573,0.459928,0.704455
KC,81,100,1,0.527557,0.360495,0.080124
STANDARD,81,100,2,0.093428,0.006611,0.086739
KC,81,100,1,2.23425,2.02098,0.131663
STANDARD,81,100,3,0.297259,0.077862,0.218959
KC,81,100,1,1.32049,1.07699,0.155484
STANDARD,81,100,13,1.45383,0.60914,0.842942
KC,81,100,1,0.356471,0.191662,0.080738
STANDARD,81,100,10,0.618182,0.213365,0.404205
KC,81,100,1,0.634521,0.470392,0.081833
STANDARD,81,100,3,0.148344,0.028518,0.119682
KC,81,100,1,1.2314,0.927141,0.128416
STANDARD,81,100,16,1.98371,0.913594,1.06815
KC,81,100,1,0.763526,0.428081,0.154327
STANDARD,81,100,3,0.148494,0.028078,0.120274
KC,81,100,1,0.883732,0.724302,0.078426
STANDARD,81,100,2,0.094206,0.015035,0.079088
KC,81,100,1,0.931399,0.769849,0.079497
STANDARD,81,100,17,2.35839,1.12098,1.23438
KC,81,100,1,0.622808,0.284684,0.165226
STANDARD,81,100,5,0.526099,0.161886,0.363464
KC,81,100,1,0.94392,0.738824,0.085955
STANDARD,81,100,2,0.093311,0.014942,0.078284
KC,81,100,1,0.970545,0.807509,0.081729
STANDARD,81,100,12,0.777702,0.313824,0.463214
KC,81,100,1,0.850006,0.500199,0.166437
STANDARD,81,100,2,0.18671,0.038087,0.148287
KC,81,100,1,1.51451,1.25832,0.139177
STANDARD,81,100,16,1.77383,0.899897,0.872268
KC,81,100,1,0.303631,0.145236,0.078515
STANDARD,81,100,3,0.145843,0.02815,0.117557
KC,81,100,1,1.1873,1.01859,0.08307
STANDARD,81,100,11,1.38241,0.55031,0.830218
KC,81,100,1,0.660292,0.439735,0.13297
STANDARD,81,100,10,1.22912,0.44766,0.780073
KC,81,100,1,0.719138,0.489628,0.08287
STANDARD,81,100,13,0.910611,0.395807,0.513984
KC,81,100,1,0.34475,0.178139,0.082043
STANDARD,81,100,4,0.191577,0.035296,0.156073
KC,81,100,1,1.16012,0.951714,0.126831
STANDARD,81,100,2,0.186984,0.038903,0.147871
KC,81,100,1,2.33824,2.09593,0.157619
STANDARD,81,100,17,1.63506,0.778369,0.855174
KC,81,100,1,0.332497,0.16959,0.078409
STANDARD,81,100,3,0.155443,0.029525,0.125769
KC,81,100,1,1.03211,0.842361,0.088072
STANDARD,81,100,3,0.314339,0.082817,0.231193
KC,81,100,1,1.53332,1.2038,0.170632
STANDARD,81,100,3,0.323063,0.081995,0.240702
KC,81,100,1,1.26998,0.986824,0.110611
STANDARD,81,100,19,1.81456,1.017,0.796348
KC,81,100,1,0.491972,0.308509,0.084753
STANDARD,81,100,2,0.201718,0.043575,0.157894
KC,81,100,1,1.83671,1.41967,0.175659
STANDARD,81,100,3,0.318509,0.083895,0.234156
KC,81,100,1,1.50203,1.26608,0.099846
STANDARD,81,100,19,3.9216,3.07598,0.844196
KC,81,100,1,0.692591,0.435081,0.164307
STANDARD,81,100,12,1.63314,0.687199,0.943985
KC,81,100,1,0.583424,0.327728,0.125314
STANDARD,81,100,4,0.217397,0.049556,0.167634
KC,81,100,1,1.11563,0.93808,0.087171
STANDARD,81,100,11,1.01192,0.411735,0.599253
KC,81,100,1,0.990707,0.624319,0.176959
STANDARD,91,0,15,2.34505,0.987395,1.35541
KC,91,0,1,0.940971,0.63666,0.111906
STANDARD,91,0,4,0.245327,0.050715,0.194401
KC,91,0,1,1.89523,1.62314,0.161638
STANDARD,91,0,13,1.80573,0.744161,1.05979
KC,91,0,1,1.42129,1.01352,0.185604
STANDARD,91,0,2,0.131118,0.016944,0.114094
KC,91,0,1,4.38167,4.114,0.160334
STANDARD,91,0,4,0.368396,0.086878,0.281177
KC,91,0,1,2.45156,2.0537,0.17029
STANDARD,91,0,4,0.256115,0.054727,0.201165
KC,91,0,1,1.74998,1.54255,0.101216
STANDARD,91,0,14,2.0477,0.859187,1.18643
KC,91,0,1,1.60863,1.17968,0.204461
STANDARD,91,0,2,0.18874,0.042594,0.145948
KC,91,0,1,3.14738,2.9353,0.107241
STANDARD,91,0,16,2.52092,1.16327,1.35503
KC,91,0,1,1.57637,1.20612,0.144614
STANDARD,91,0,4,0.2643,0.056704,0.207348
KC,91,0,1,1.23282,1.01272,0.102066
STANDARD,91,0,2,0.113947,0.016686,0.097185
KC,91,0,1,2.03002,1.76016,0.167393
STANDARD,91,0,3,0.257415,0.034784,0.22239
KC,91,0,1,2.74138,2.36632,0.149967
STANDARD,91,0,2,0.113997,0.016834,0.097079
KC,91,0,1,3.51872,3.24755,0.169023
STANDARD,91,0,3,0.220204,0.049953,0.170033
KC,91,0,1,2.47344,2.07789,0.174348
STANDARD,91,0,14,1.18557,0.496652,0.688051
KC,91,0,1,0.937554,0.732227,0.101955
STANDARD,91,0,10,0.887795,0.287272,0.599738
KC,91,0,1,2.42459,1.9914,0.210812
STANDARD,91,0,15,2.00507,0.815978,1.18716
KC,91,0,1,0.718311,0.511577,0.102212
STANDARD,91,0,3,0.187591,0.036717,0.150714
KC,91,0,1,1.76113,1.48519,0.168518
STANDARD,91,0,7,0.937021,0.248596,0.687426
KC,91,0,1,2.67547,2.29238,0.156092
STANDARD,91,0,4,0.257362,0.055083,0.202034
KC,91,0,1,2.462,2.25073,0.107363
STANDARD,91,0,3,0.368648,0.097831,0.270409
KC,91,0,1,2.386,2.00388,0.18633
STANDARD,91,0,7,0.595168,0.162996,0.431655
KC,91,0,1,1.3538,1.14345,0.103902
STANDARD,91,0,4,0.253522,0.053264,0.20003
KC,91,0,1,2.00268,1.71752,0.167866
STANDARD,91,0,3,0.320949,0.074039,0.246545
KC,91,0,1,2.27156,1.90185,0.14443
STANDARD,91,0,14,1.19075,0.499636,0.690198
KC,91,0,1,0.835376,0.63314,0.100243
STANDARD,91,0,5,0.636035,0.184791,0.45039
KC,91,0,1,2.56905,2.19932,0.211532
STANDARD,91,0,5,0.317643,0.063775,0.253621
KC,91,0,1,3.13543,2.86703,0.163987
STANDARD,91,0,3,0.35537,0.088662,0.266259
KC,91,0,1,4.15689,3.7763,0.153683
STANDARD,91,0,2,0.118027,0.018884,0.099057
KC,91,0,1,2.37676,1.987,0.173457
STANDARD,91,0,4,0.49318,0.137264,0.355337
KC,91,0,1,3.0383,2.66838,0.145316
STANDARD,91,0,11,0.844511,0.313006,0.530851
KC,91,0,1,1.69313,1.26812,0.206496
STANDARD,91,0,2,0.177845,0.041707,0.135988
KC,91,0,1,2.98183,2.70619,0.172472
STANDARD,91,0,2,0.192579,0.043658,0.148803
KC,91,0,1,1.7631,1.55105,0.107281
STANDARD,91,0,2,0.117688,0.017306,0.100294
KC,91,0,1,1.60192,1.3377,0.16042
STANDARD,91,0,2,0.22931,0.046827,0.182277
KC,91,0,1,1.90962,1.54179,0.210532
STANDARD,91,0,2,0.155136,0.037057,0.117941
KC,91,0,1,2.99271,2.77659,0.103806
STANDARD,91,0,11,1.48853,0.572767,0.914061
KC,91,0,1,1.45703,1.04637,0.198537
STANDARD,91,0,15,1.95174,0.826936,1.123
KC,91,0,1,0.647037,0.429356,0.100108
STANDARD,91,0,11,0.811822,0.281904,0.529308
KC,91,0,1,1.35141,1.07738,0.157521
STANDARD,91,0,3,0.3638,0.093992,0.269369
KC,91,0,1,2.6141,2.22816,0.21332
STANDARD,91,0,10,0.924223,0.321727,0.601666
KC,91,0,1,1.50414,1.28025,0.109726
STANDARD,91,0,3,0.194858,0.035902,0.158791
KC,91,0,1,3.27499,2.81616,0.231392
STANDARD,91,0,4,0.545313,0.156034,0.388646
KC,91,0,1,2.33251,1.97821,0.156112
STANDARD,91,0,16,2.30345,1.08455,1.20573
KC,91,0,1,1.64912,1.29633,0.192239
STANDARD,91,0,3,0.398562,0.097188,0.301075
KC,91,0,1,2.13143,1.83769,0.121201
STANDARD,91,0,3,0.212067,0.044128,0.167759
KC,91,0,1,2.54072,2.19741,0.183981
STANDARD,91,0,3,0.357786,0.081995,0.275438
KC,91,0,1,2.47865,2.05923,0.153904
STANDARD,91,0,9,0.749336,0.257037,0.49164
KC,91,0,1,2.1762,1.86539,0.181997
STANDARD,91,0,2,0.273094,0.060683,0.212203
KC,91,0,1,2.73749,2.34284,0.228289
STANDARD,91,0,4,0.423495,0.127559,0.295495
KC,91,0,1,2.37975,2.11586,0.120197
STANDARD,91,20,4,0.550259,0.157187,0.392455
KC,91,20,1,2.80774,2.31968,0.239403
STANDARD,91,20,13,1.41359,0.504892,0.907388
KC,91,20,1,1.07781,0.864065,0.103987
STANDARD,91,20,3,0.191441,0.03723,0.154044
KC,91,20,1,2.06228,1.79406,0.163981
STANDARD,91,20,4,0.465724,0.113792,0.351493
KC,91,20,1,2.66142,2.26379,0.159551
STANDARD,91,20,3,0.197599,0.026982,0.170437
KC,91,20,1,1.34873,1.12965,0.109536
STANDARD,91,20,4,0.548124,0.160617,0.386953
KC,91,20,1,2.29914,1.98378,0.206717
STANDARD,91,20,2,0.219495,0.044525,0.174754
KC,91,20,1,1.27539,1.05756,0.110531
STANDARD,91,20,8,0.598315,0.176662,0.421082
KC,91,20,1,2.05566,1.75962,0.188134
STANDARD,91,20,10,1.33347,0.465531,0.866584
KC,91,20,1,1.62622,1.22174,0.162349
STANDARD,91,20,2,0.133884,0.006682,0.127107
KC,91,20,1,1.30254,1.07184,0.121208
STANDARD,91,20,2,0.121649,0.017751,0.103801
KC,91,20,1,2.47161,2.19619,0.168384
STANDARD,91,20,2,0.148171,0.020032,0.128053
KC,91,20,1,2.47918,2.05234,0.194073
STANDARD,91,20,16,1.52802,0.701414,0.825472
KC,91,20,1,0.786957,0.56733,0.10667
STANDARD,91,20,3,0.195631,0.03879,0.156673
KC,91,20,1,3.19777,2.66631,0.22731
STANDARD,91,20,14,1.77965,0.760486,1.0178
KC,91,20,1,1.04473,0.824824,0.109775
STANDARD,91,20,3,0.191564,0.037051,0.154347
KC,91,20,1,2.33402,2.04609,0.18096
STANDARD,91,20,3,0.292752,0.063591,0.228822
KC,91,20,1,2.59305,2.20354,0.154611
STANDARD,91,20,4,0.262431,0.056974,0.205223
KC,91,20,1,1.77452,1.53858,0.113395
STANDARD,91,20,12,1.77584,0.697361,1.07666
KC,91,20,1,1.78545,1.33618,0.218127
STANDARD,91,20,2,0.163204,0.006195,0.15694
KC,91,20,1,1.48446,1.24997,0.113332
STANDARD,91,20,8,0.557365,0.162394,0.394472
KC,91,20,1,1.51602,1.23453,0.165323
STANDARD,91,20,4,0.474697,0.122971,0.351249
KC,91,20,1,2.2492,1.83267,0.188566
STANDARD,91,20,4,0.262062,0.047087,0.21475
KC,91,20,1,1.07421,0.871354,0.099384
STANDARD,91,20,3,0.18457,0.034444,0.149965
KC,91,20,1,1.8346,1.53368,0.186582
STANDARD,91,20,7,0.815658,0.213971,0.600908
KC,91,20,1,1.5343,1.30877,0.106198
STANDARD,91,20,3,0.189653,0.025392,0.164107
KC,91,20,1,2.09878,1.69149,0.178006
STANDARD,91,20,17,2.83301,1.27537,1.55481
KC,91,20,1,1.01675,0.795618,0.109929
STANDARD,91,20,4,0.263555,0.056401,0.206911
KC,91,20,1,2.00945,1.73012,0.172105
STANDARD,91,20,3,0.314892,0.097717,0.216913
KC,91,20,1,2.64469,2.14002,0.205227
STANDARD,91,20,18,1.80996,0.87289,0.935761
KC,91,20,1,0.712398,0.496265,0.107926
STANDARD,91,20,17,2.84497,1.33774,1.5045
KC,91,20,1,1.44257,1.03714,0.183233
STANDARD,91,20,13,1.14916,0.456637,0.691607
KC,91,20,1,1.03654,0.818728,0.109556
STANDARD,91,20,2,0.122224,0.01876,0.10337
KC,91,20,1,2.51369,2.10029,0.179741
STANDARD,91,20,3,0.355874,0.09081,0.264724
KC,91,20,1,3.05014,2.65126,0.163188
STANDARD,91,20,7,0.516993,0.152939,0.363575
KC,91,20,1,2.66945,2.37422,0.18616
STANDARD,91,20,12,1.77794,0.696253,1.08002
KC,91,20,1,1.52884,1.06934,0.158612
STANDARD,91,20,3,0.196039,0.037961,0.15791
KC,91,20,1,2.72657,2.40322,0.195732
STANDARD,91,20,6,0.798718,0.241919,0.55579
KC,91,20,1,2.97454,2.53069,0.201865
STANDARD,91,20,5,0.347019,0.085144,0.261548
KC,91,20,1,2.31953,2.03611,0.173683
STANDARD,91,20,16,2.7194,1.17404,1.50915
KC,91,20,1,1.4208,1.00198,0.17777
STANDARD,91,20,16,1.66914,0.773754,0.894127
KC,91,20,1,1.30893,1.0556,0.135487
STANDARD,91,20,12,1.82278,0.702461,1.11847
KC,91,20,1,1.88672,1.35898,0.228052
STANDARD,91,20,3,0.218119,0.036407,0.181543
KC,91,20,1,1.50989,1.27029,0.119118
STANDARD,91,20,3,0.206436,0.040924,0.165335
KC,91,20,1,2.56512,2.10992,0.196832
STANDARD,91,20,13,2.07751,0.88384,1.19168
KC,91,20,1,0.933163,0.694793,0.118508
STANDARD,91,20,21,5.09651,3.68746,1.40699
KC,91,20,1,1.28405,0.800076,0.231041
STANDARD,91,20,2,0.208164,0.047776,0.16018
KC,91,20,1,1.9453,1.71368,0.116494
STANDARD,91,20,2,0.13166,0.020007,0.111556
KC,91,20,1,2.49962,2.15115,0.193832
STANDARD,91,20,7,1.06712,0.369854,0.696238
KC,91,20,1,2.09989,1.60637,0.17281
STANDARD,91,20,3,0.209345,0.042664,0.166488
KC,91,20,1,2.0536,1.78517,0.136711
STANDARD,91,40,3,0.380027,0.091192,0.288443
KC,91,40,1,2.23957,1.82458,0.200373
STANDARD,91,40,2,0.158368,0.021767,0.136474
KC,91,40,1,1.46928,1.25333,0.107004
STANDARD,91,40,3,0.183663,0.034145,0.149359
KC,91,40,1,2.17598,1.86878,0.182104
STANDARD,91,40,12,1.77039,0.664486,1.10379
KC,91,40,1,1.50049,1.09377,0.162656
STANDARD,91,40,4,0.265059,0.05767,0.207139
KC,91,40,1,3.00774,2.73085,0.167711
STANDARD,91,40,14,2.1785,0.974104,1.20239
KC,91,40,1,1.06828,0.637371,0.20131
STANDARD,91,40,15,1.31278,0.539853,0.771871
KC,91,40,1,0.904982,0.6963,0.10375
STANDARD,91,40,15,2.40836,1.02584,1.38006
KC,91,40,1,1.72045,1.32741,0.194237
STANDARD,91,40,2,0.241485,0.011377,0.229872
KC,91,40,1,2.14946,1.81755,0.163336
STANDARD,91,40,2,0.119381,0.017614,0.101676
KC,91,40,1,2.34905,2.065,0.180659
STANDARD,91,40,17,2.87511,1.30715,1.56524
KC,91,40,1,1.11392,0.847566,0.138496
STANDARD,91,40,6,0.417277,0.109787,0.307108
KC,91,40,1,2.69183,2.42792,0.161544
STANDARD,91,40,2,0.252575,0.054525,0.197801
KC,91,40,1,2.2122,1.79691,0.16787
STANDARD,91,40,4,0.276321,0.060857,0.215216
KC,91,40,1,2.91682,2.64624,0.159203
STANDARD,91,40,9,1.27003,0.47086,0.797733
KC,91,40,1,1.97561,1.56602,0.164419
STANDARD,91,40,14,1.23443,0.492067,0.741348
KC,91,40,1,0.729132,0.513751,0.107532
STANDARD,91,40,5,0.424482,0.112272,0.311865
KC,91,40,1,2.56637,2.0581,0.21544
STANDARD,91,40,15,1.70895,0.672957,1.03428
KC,91,40,1,1.19366,0.968338,0.112249
STANDARD,91,40,7,0.506602,0.142778,0.363348
KC,91,40,1,2.50831,2.02515,0.191301
STANDARD,91,40,5,0.710626,0.221266,0.488768
KC,91,40,1,2.18496,1.87051,0.135548
STANDARD,91,40,5,0.332683,0.079651,0.252727
KC,91,40,1,2.56891,2.27692,0.185979
STANDARD,91,40,4,0.476231,0.118048,0.357712
KC,91,40,1,2.02757,1.628,0.157045
STANDARD,91,40,7,0.498938,0.139838,0.358616
KC,91,40,1,2.5367,2.25118,0.179758
STANDARD,91,40,4,0.554238,0.158462,0.395205
KC,91,40,1,2.81605,2.41367,0.168226
STANDARD,91,40,15,1.43836,0.662608,0.774642
KC,91,40,1,0.87133,0.648901,0.11652
STANDARD,91,40,4,0.545432,0.157204,0.38761
KC,91,40,1,2.22988,1.8719,0.208565
STANDARD,91,40,17,1.89828,0.898715,0.99791
KC,91,40,1,0.663329,0.438414,0.11225
STANDARD,91,40,14,1.75166,0.775926,0.974168
KC,91,40,1,1.72327,1.25269,0.224573
STANDARD,91,40,10,1.50101,0.54761,0.951763
KC,91,40,1,1.45366,1.21949,0.11766
STANDARD,91,40,11,0.899265,0.325111,0.573377
KC,91,40,1,1.50758,1.23172,0.168491
STANDARD,91,40,6,0.684654,0.196604,0.487412
KC,91,40,1,2.35683,1.95893,0.165064
STANDARD,91,40,2,0.126196,0.020047,0.106048
KC,91,40,1,1.59608,1.30861,0.17762
STANDARD,91,40,20,3.97105,2.1449,1.82284
KC,91,40,1,0.833392,0.496077,0.140061
STANDARD,91,40,13,1.10619,0.423877,0.681418
KC,91,40,1,0.91216,0.697996,0.10553
STANDARD,91,40,5,0.66765,0.20461,0.462305
KC,91,40,1,2.83878,2.5183,0.213505
STANDARD,91,40,4,0.28569,0.059676,0.225764
KC,91,40,1,1.59845,1.3824,0.108926
STANDARD,91,40,3,0.193807,0.037441,0.156181
KC,91,40,1,2.05175,1.75534,0.188734
STANDARD,91,40,2,0.182655,0.046174,0.13637
KC,91,40,1,2.04183,1.61977,0.184988
STANDARD,91,40,9,0.705248,0.234344,0.470262
KC,91,40,1,1.26389,1.0504,0.10639
STANDARD,91,40,18,2.51955,1.21615,1.30123
KC,91,40,1,1.03685,0.709045,0.161977
STANDARD,91,40,3,0.407853,0.108274,0.299247
KC,91,40,1,2.37744,2.06138,0.154839
STANDARD,91,40,12,1.12175,0.438761,0.682081
KC,91,40,1,2.09072,1.59718,0.237673
STANDARD,91,40,14,2.51163,1.10911,1.40018
KC,91,40,1,1.49297,1.10239,0.126191
STANDARD,91,40,15,1.50494,0.673591,0.830199
KC,91,40,1,1.82363,1.45321,0.199643
STANDARD,91,40,15,2.65123,1.19526,1.45372
KC,91,40,1,1.22087,0.854688,0.146885
STANDARD,91,40,3,0.201248,0.038604,0.162473
KC,91,40,1,3.34151,3.02748,0.190919
STANDARD,91,40,6,0.704686,0.216025,0.487912
KC,91,40,1,2.62394,2.19608,0.180252
STANDARD,91,40,5,0.371556,0.092274,0.278951
KC,91,40,1,2.93302,2.51025,0.173741
STANDARD,91,40,15,2.56703,1.17316,1.39145
KC,91,40,1,0.907402,0.668144,0.119278
STANDARD,91,40,12,1.06578,0.411652,0.653265
KC,91,40,1,1.94375,1.57852,0.197163
STANDARD,91,60,10,1.4595,0.55542,0.902557
KC,91,60,1,1.91077,1.50271,0.163978
STANDARD,91,60,17,1.65917,0.746938,0.899466
KC,91,60,1,0.64134,0.422254,0.109552
STANDARD,91,60,8,1.20559,0.411266,0.793033
KC,91,60,1,2.06154,1.70616,0.187472
STANDARD,91,60,6,0.705163,0.152968,0.551496
KC,91,60,1,1.42105,1.20237,0.10875
STANDARD,91,60,2,0.121213,0.017626,0.103495
KC,91,60,1,3.54609,3.31318,0.127524
STANDARD,91,60,8,1.22366,0.445188,0.777263
KC,91,60,1,1.60202,1.19306,0.162589
STANDARD,91,60,14,1.25332,0.512359,0.739888
KC,91,60,1,1.00283,0.786669,0.107302
STANDARD,91,60,4,0.520644,0.139915,0.380115
KC,91,60,1,3.2605,2.79657,0.228326
STANDARD,91,60,13,1.20689,0.48943,0.716415
KC,91,60,1,0.692317,0.476593,0.107019
STANDARD,91,60,8,0.582,0.176246,0.405199
KC,91,60,1,1.8286,1.38319,0.217619
STANDARD,91,60,10,1.28165,0.434865,0.845381
KC,91,60,1,1.792,1.37479,0.172808
STANDARD,91,60,13,1.13177,0.448391,0.682466
KC,91,60,1,0.94408,0.726462,0.108598
STANDARD,91,60,11,1.37074,0.511273,0.858096
KC,91,60,1,1.36643,0.904241,0.223508
STANDARD,91,60,4,0.56078,0.162588,0.39756
KC,91,60,1,1.80295,1.43185,0.156558
STANDARD,91,60,14,1.24298,0.50752,0.734391
KC,91,60,1,1.51557,1.23583,0.172475
STANDARD,91,60,15,2.26198,0.921562,1.33845
KC,91,60,1,1.19725,0.786812,0.196727
STANDARD,91,60,8,0.626775,0.197086,0.429128
KC,91,60,1,1.56452,1.33996,0.112202
STANDARD,91,60,11,1.57536,0.619666,0.95413
KC,91,60,1,1.98821,1.54405,0.237994
STANDARD,91,60,3,0.395395,0.061405,0.333621
KC,91,60,1,1.62871,1.32283,0.15829
STANDARD,91,60,3,0.19965,0.038571,0.160899
KC,91,60,1,2.71746,2.42739,0.18155
STANDARD,91,60,2,0.206732,0.043679,0.162887
KC,91,60,1,2.60025,2.20448,0.157981
STANDARD,91,60,3,0.191697,0.037484,0.154046
KC,91,60,1,2.16347,1.94922,0.110162
STANDARD,91,60,2,0.252407,0.054105,0.198059
KC,91,60,1,2.38018,1.90673,0.223335
STANDARD,91,60,2,0.253744,0.05419,0.199241
KC,91,60,1,2.1381,1.72042,0.169629
STANDARD,91,60,3,0.19672,0.037601,0.158938
KC,91,60,1,1.58373,1.36759,0.108999
STANDARD,91,60,12,1.74077,0.674044,1.06514
KC,91,60,1,1.83727,1.35232,0.246308
STANDARD,91,60,3,0.318345,0.076074,0.242068
KC,91,60,1,1.31554,1.09421,0.109793
STANDARD,91,60,16,1.49048,0.671947,0.817372
KC,91,60,1,1.31581,0.859558,0.216142
STANDARD,91,60,18,3.02107,1.39113,1.59553
KC,91,60,1,0.782333,0.554757,0.109208
STANDARD,91,60,13,1.17545,0.470181,0.692617
KC,91,60,1,1.48045,1.21931,0.153533
STANDARD,91,60,4,0.539534,0.154774,0.384162
KC,91,60,1,3.01157,2.56578,0.204293
STANDARD,91,60,3,0.20183,0.040712,0.160935
KC,91,60,1,3.14995,2.86458,0.175144
STANDARD,91,60,3,0.394142,0.09899,0.294714
KC,91,60,1,2.32352,1.8969,0.233174
STANDARD,91,60,14,1.4607,0.595542,0.863967
KC,91,60,1,0.910864,0.687237,0.112018
STANDARD,91,60,2,0.125054,0.019646,0.105313
KC,91,60,1,2.07952,1.79787,0.171991
STANDARD,91,60,2,0.177117,0.051751,0.125099
KC,91,60,1,2.56262,2.10571,0.215866
STANDARD,91,60,2,0.188231,0.036585,0.151462
KC,91,60,1,1.87747,1.65167,0.113389
STANDARD,91,60,3,0.196895,0.038188,0.158535
KC,91,60,1,2.39844,2.04724,0.187353
STANDARD,91,60,2,0.252979,0.053078,0.199642
KC,91,60,1,2.0196,1.56411,0.208975
STANDARD,91,60,10,0.819956,0.28154,0.537668
KC,91,60,1,1.20258,0.986468,0.105667
STANDARD,91,60,16,2.31994,1.09296,1.21505
KC,91,60,1,1.33173,0.889263,0.198141
STANDARD,91,60,3,0.438356,0.11423,0.323692
KC,91,60,1,2.49251,2.11781,0.171792
STANDARD,91,60,3,0.214315,0.043532,0.170595
KC,91,60,1,2.56782,2.21801,0.173696
STANDARD,91,60,2,0.237226,0.055802,0.181168
KC,91,60,1,2.96429,2.44619,0.183272
STANDARD,91,60,5,0.38332,0.09462,0.288345
KC,91,60,1,2.77033,2.45784,0.18812
STANDARD,91,60,3,0.337294,0.099024,0.237849
KC,91,60,1,2.6933,2.26066,0.169731
STANDARD,91,60,16,1.6778,0.77489,0.901628
KC,91,60,1,0.997734,0.765443,0.118551
STANDARD,91,60,16,2.97346,1.35785,1.61277
KC,91,60,1,2.07295,1.47587,0.278173
STANDARD,91,60,14,1.55675,0.644254,0.911257
KC,91,60,1,1.09231,0.834423,0.117591
STANDARD,91,60,21,10.9712,8.99693,1.97134
KC,91,60,1,1.41054,0.830365,0.24397
STANDARD,91,80,2,0.249126,0.052796,0.196069
KC,91,80,1,2.17642,1.66896,0.200885
STANDARD,91,80,4,0.268526,0.058172,0.2101
KC,91,80,1,1.83759,1.60097,0.112754
STANDARD,91,80,16,2.69939,1.19209,1.46416
KC,91,80,1,1.50662,1.06545,0.207196
STANDARD,91,80,2,0.253357,0.054176,0.19899
KC,91,80,1,2.81672,2.46406,0.121547
STANDARD,91,80,20,3.16548,1.64156,1.52156
KC,91,80,1,1.17998,0.76958,0.181473
STANDARD,91,80,10,1.35906,0.489039,0.868669
KC,91,80,1,1.03567,0.80527,0.114538
STANDARD,91,80,20,2.61679,1.45865,1.15647
KC,91,80,1,1.19529,0.759339,0.185018
STANDARD,91,80,3,0.3867,0.100826,0.285492
KC,91,80,1,3.26675,2.85764,0.167582
STANDARD,91,80,4,0.275459,0.063856,0.211329
KC,91,80,1,2.85141,2.50133,0.222026
STANDARD,91,80,9,1.3581,0.460293,0.896155
KC,91,80,1,1.40519,1.06593,0.160949
STANDARD,91,80,21,6.14316,4.88809,1.25313
KC,91,80,1,1.18971,0.712362,0.226884
STANDARD,91,80,3,0.31806,0.090127,0.227691
KC,91,80,1,3.88221,3.57998,0.186701
STANDARD,91,80,9,1.19389,0.39146,0.801416
KC,91,80,1,1.9751,1.52805,0.203405
STANDARD,91,80,14,1.26086,0.527248,0.732594
KC,91,80,1,0.992647,0.768699,0.110218
STANDARD,91,80,2,0.121788,0.018414,0.103279
KC,91,80,1,2.06193,1.74175,0.177621
STANDARD,91,80,18,3.12561,1.39068,1.7322
KC,91,80,1,0.829915,0.509783,0.165232
STANDARD,91,80,2,0.123731,0.018749,0.104884
KC,91,80,1,2.37437,2.08833,0.174014
STANDARD,91,80,7,1.0348,0.29652,0.737361
KC,91,80,1,2.13181,1.73435,0.221215
STANDARD,91,80,14,1.56609,0.685125,0.879566
KC,91,80,1,1.08712,0.858148,0.113755
STANDARD,91,80,2,0.125734,0.019467,0.106166
KC,91,80,1,1.81943,1.51743,0.188215
STANDARD,91,80,3,0.400189,0.104184,0.295659
KC,91,80,1,2.51821,2.06052,0.211514
STANDARD,91,80,15,1.56217,0.649345,0.911524
KC,91,80,1,1.10039,0.873213,0.11267
STANDARD,91,80,3,0.196434,0.038323,0.157951
KC,91,80,1,2.55347,2.04997,0.195222
STANDARD,91,80,2,0.25426,0.057909,0.196137
KC,91,80,1,2.17946,1.76465,0.164187
STANDARD,91,80,13,1.17674,0.488412,0.687397
KC,91,80,1,1.20106,0.979276,0.110114
STANDARD,91,80,4,0.550077,0.156206,0.393299
KC,91,80,1,3.65818,3.1767,0.239607
STANDARD,91,80,21,2.85308,1.72664,1.12481
KC,91,80,1,2.96315,2.64429,0.174141
STANDARD,91,80,4,0.560805,0.16392,0.396245
KC,91,80,1,2.12196,1.82418,0.133248
STANDARD,91,80,12,0.997181,0.384822,0.611573
KC,91,80,1,1.00704,0.723335,0.170986
STANDARD,91,80,3,0.401157,0.104426,0.29628
KC,91,80,1,2.23379,1.85259,0.235727
STANDARD,91,80,2,0.257283,0.059304,0.197752
KC,91,80,1,1.8859,1.58141,0.134483
STANDARD,91,80,7,0.530328,0.153995,0.375836
KC,91,80,1,2.86146,2.57232,0.159384
STANDARD,91,80,4,0.558525,0.164041,0.393888
KC,91,80,1,3.57867,3.35521,0.111221
STANDARD,91,80,14,2.27778,0.881184,1.35811
KC,91,80,1,1.52223,1.05371,0.224321
STANDARD,91,80,16,1.57893,0.662311,0.915303
KC,91,80,1,0.730711,0.519757,0.108078
STANDARD,91,80,17,2.27856,1.10193,1.17472
KC,91,80,1,0.983552,0.539572,0.195857
STANDARD,91,80,13,2.14474,0.830571,1.31208
KC,91,80,1,0.979578,0.74502,0.112719
STANDARD,91,80,2,0.127113,0.019402,0.107612
KC,91,80,1,1.71303,1.47903,0.119326
STANDARD,91,80,14,2.39036,1.01805,1.37014
KC,91,80,1,1.74296,1.27649,0.223025
STANDARD,91,80,3,0.289583,0.030596,0.258836
KC,91,80,1,1.88963,1.66205,0.112146
STANDARD,91,80,5,0.379043,0.092939,0.285746
KC,91,80,1,2.29106,1.66171,0.290695
STANDARD,91,80,2,0.173177,0.02677,0.146305
KC,91,80,1,1.78221,1.54039,0.12005
STANDARD,91,80,3,0.213255,0.042116,0.170958
KC,91,80,1,2.10112,1.7758,0.201833
STANDARD,91,80,2,0.193382,0.058397,0.134779
KC,91,80,1,2.78406,2.28203,0.172009
STANDARD,91,80,3,0.220627,0.044306,0.176127
KC,91,80,1,2.34705,2.08123,0.12183
STANDARD,91,80,2,0.265717,0.016023,0.24951
KC,91,80,1,4.28501,3.77628,0.242786
STANDARD,91,80,3,0.326939,0.076081,0.250493
KC,91,80,1,1.55696,1.30348,0.129686
STANDARD,91,80,4,0.29314,0.064726,0.22815
KC,91,80,1,2.30168,1.99323,0.186836
STANDARD,91,80,4,0.538502,0.140551,0.397482
KC,91,80,1,2.57056,2.16542,0.178921
STANDARD,91,80,5,0.359048,0.090396,0.268345
KC,91,80,1,2.92099,2.6326,0.165416
STANDARD,91,100,12,1.76091,0.678256,1.08106
KC,91,100,1,0.663168,0.437942,0.111761
STANDARD,91,100,13,1.19709,0.500348,0.695806
KC,91,100,1,0.558716,0.341704,0.105662
STANDARD,91,100,17,2.97245,1.34228,1.62746
KC,91,100,1,0.871696,0.406985,0.216343
STANDARD,91,100,9,1.00521,0.368038,0.636186
KC,91,100,1,0.902504,0.677529,0.112279
STANDARD,91,100,4,0.276199,0.061107,0.214832
KC,91,100,1,1.39263,1.10717,0.174078
STANDARD,91,100,8,1.09581,0.291491,0.803221
KC,91,100,1,1.79125,1.32276,0.223262
STANDARD,91,100,14,1.25665,0.505914,0.749678
KC,91,100,1,0.582722,0.36119,0.110386
STANDARD,91,100,4,0.267032,0.059243,0.207549
KC,91,100,1,1.82596,1.53333,0.188246
STANDARD,91,100,3,0.324218,0.099323,0.224467
KC,91,100,1,1.97075,1.49996,0.225379
STANDARD,91,100,10,0.930263,0.327195,0.602192
KC,91,100,1,1.00733,0.782124,0.111886
STANDARD,91,100,14,1.21685,0.462731,0.753094
KC,91,100,1,1.21016,0.739841,0.221799
STANDARD,91,100,12,1.6752,0.668533,1.00515
KC,91,100,1,1.42963,1.00899,0.171574
STANDARD,91,100,2,0.128619,0.019962,0.108559
KC,91,100,1,1.21485,0.98878,0.113164
STANDARD,91,100,2,0.125453,0.007148,0.118214
KC,91,100,1,1.81046,1.52782,0.171084
STANDARD,91,100,18,3.10931,1.39247,1.71401
KC,91,100,1,0.65924,0.282731,0.195666
STANDARD,91,100,14,1.31513,0.549416,0.76467
KC,91,100,1,0.584052,0.360179,0.11158
STANDARD,91,100,2,0.125049,0.019142,0.105811
KC,91,100,1,1.44641,1.16459,0.171007
STANDARD,91,100,2,0.253789,0.052981,0.2006
KC,91,100,1,1.85436,1.4608,0.224532
STANDARD,91,100,12,1.32523,0.463678,0.860264
KC,91,100,1,0.809368,0.603665,0.101753
STANDARD,91,100,4,0.244087,0.039554,0.204345
KC,91,100,1,1.82712,1.51783,0.176192
STANDARD,91,100,2,0.259326,0.05495,0.204095
KC,91,100,1,2.24371,1.83106,0.201513
STANDARD,91,100,4,0.412177,0.122386,0.289393
KC,91,100,1,2.60883,2.3834,0.112067
STANDARD,91,100,3,0.197226,0.039377,0.15768
KC,91,100,1,1.81949,1.39189,0.18139
STANDARD,91,100,14,2.2644,0.956581,1.30547
KC,91,100,1,0.554492,0.331694,0.111232
STANDARD,91,100,2,0.125173,0.019651,0.105425
KC,91,100,1,1.18354,0.946435,0.11016
STANDARD,91,100,4,0.271833,0.061469,0.210113
KC,91,100,1,2.21119,1.71714,0.190515
STANDARD,91,100,5,0.712155,0.215525,0.495918
KC,91,100,1,1.47206,1.17438,0.132362
STANDARD,91,100,4,0.265478,0.059426,0.205814
KC,91,100,1,1.50118,1.20773,0.185663
STANDARD,91,100,12,1.88913,0.750711,1.13657
KC,91,100,1,1.14701,0.818209,0.155088
STANDARD,91,100,4,0.265903,0.058201,0.207457
KC,91,100,1,1.40295,1.17628,0.104897
STANDARD,91,100,4,0.255125,0.055647,0.199232
KC,91,100,1,1.69533,1.24714,0.213426
STANDARD,91,100,2,0.257811,0.055845,0.201703
KC,91,100,1,2.29026,1.80221,0.238482
STANDARD,91,100,8,0.614117,0.185198,0.428343
KC,91,100,1,1.11082,0.886544,0.111928
STANDARD,91,100,11,0.889442,0.296739,0.591966
KC,91,100,1,1.26382,0.793189,0.222749
STANDARD,91,100,15,2.5024,1.12591,1.37425
KC,91,100,1,0.833322,0.534079,0.130894
STANDARD,91,100,4,0.277648,0.05087,0.226529
KC,91,100,1,1.5894,1.35558,0.119835
STANDARD,91,100,18,2.97463,1.45887,1.51304
KC,91,100,1,0.986446,0.517117,0.218596
STANDARD,91,100,12,1.71626,0.68008,1.03457
KC,91,100,1,0.705471,0.479325,0.112543
STANDARD,91,100,3,0.200982,0.039851,0.160953
KC,91,100,1,1.38193,1.15944,0.110419
STANDARD,91,100,10,1.52097,0.562321,0.957165
KC,91,100,1,1.22977,0.872587,0.191143
STANDARD,91,100,2,0.267863,0.05591,0.211756
KC,91,100,1,1.67659,1.28521,0.148088
STANDARD,91,100,3,0.206297,0.040164,0.165955
KC,91,100,1,1.5506,1.30117,0.114322
STANDARD,91,100,13,1.94007,0.813414,1.12478
KC,91,100,1,0.79355,0.335863,0.187174
STANDARD,91,100,8,1.31095,0.462546,0.846965
KC,91,100,1,0.975096,0.649089,0.176004
STANDARD,91,100,4,0.298403,0.068317,0.229818
KC,91,100,1,1.46185,1.21147,0.127429
STANDARD,91,100,5,0.773928,0.187782,0.58533
KC,91,100,1,2.26655,1.8156,0.238813
STANDARD,91,100,16,1.82568,0.833026,0.991233
KC,91,100,1,0.672866,0.433595,0.118058
STANDARD,91,100,13,1.55763,0.657163,0.887017
KC,91,100,1,1.18676,0.645619,0.207571
STANDARD,91,100,4,0.590357,0.168191,0.421602
KC,91,100,1,2.70772,2.27394,0.180492
STANDARD,91,100,15,1.53564,0.665246,0.856713
KC,91,100,1,0.962406,0.453656,0.240001
