STANDARD,1,0,3,0.025574,0.025008,0.000342
MATRIX,1,0,2,0.006999,0.006553,0.000192
STANDARD,1,0,3,0.017622,0.017165,0.000281
MATRIX,1,0,2,0.006055,0.00563,0.000169
STANDARD,1,0,2,0.006912,0.006633,0.00019
MATRIX,1,0,1,0.003178,0.00292,0.000102
STANDARD,1,0,3,0.01687,0.016463,0.00028
MATRIX,1,0,2,0.005789,0.005303,0.000198
STANDARD,1,0,2,0.007677,0.007397,0.0002
MATRIX,1,0,1,0.00288,0.002646,0.000106
STANDARD,1,0,3,0.018906,0.018292,0.000404
MATRIX,1,0,2,0.007604,0.006908,0.000256
STANDARD,1,0,4,0.110638,0.109606,0.00062
MATRIX,1,0,3,0.0286,0.027534,0.000375
STANDARD,1,0,4,0.092091,0.089585,0.000562
MATRIX,1,0,3,0.03049,0.029396,0.000382
STANDARD,1,0,2,0.023934,0.023566,0.000274
MATRIX,1,0,1,0.009753,0.009312,0.000196
STANDARD,1,0,4,0.062545,0.06153,0.000673
MATRIX,1,0,3,0.026152,0.024979,0.000444
STANDARD,1,0,4,0.094581,0.093167,0.000707
MATRIX,1,0,3,0.023326,0.022311,0.000396
STANDARD,1,0,3,0.032101,0.031485,0.000441
MATRIX,1,0,2,0.013026,0.012292,0.000309
STANDARD,1,0,4,0.069642,0.068498,0.000653
MATRIX,1,0,3,0.044385,0.043306,0.000419
STANDARD,1,0,3,0.051146,0.048252,0.000627
MATRIX,1,0,1,0.011288,0.010814,0.000205
STANDARD,1,0,3,0.061668,0.059356,0.000552
MATRIX,1,0,1,0.014008,0.013544,0.000201
STANDARD,1,0,4,0.115418,0.114501,0.000628
MATRIX,1,0,3,0.014763,0.01364,0.000415
STANDARD,1,0,4,0.096886,0.094712,0.000773
MATRIX,1,0,3,0.044842,0.043658,0.000471
STANDARD,1,0,4,0.038405,0.037548,0.000607
MATRIX,1,0,3,0.016541,0.015384,0.000428
STANDARD,1,0,4,0.044641,0.043501,0.000788
MATRIX,1,0,3,0.015597,0.0145,0.000436
STANDARD,1,0,2,0.017806,0.017309,0.000394
MATRIX,1,0,1,0.007526,0.006976,0.00022
STANDARD,1,0,4,0.048526,0.047639,0.000631
MATRIX,1,0,3,0.018352,0.016879,0.00042
STANDARD,1,0,4,0.04614,0.045084,0.000616
MATRIX,1,0,3,0.01792,0.016645,0.000423
STANDARD,1,0,3,0.022375,0.021737,0.00046
MATRIX,1,0,1,0.010367,0.009872,0.000235
STANDARD,1,0,3,0.023149,0.022358,0.000449
MATRIX,1,0,2,0.009993,0.009195,0.000318
STANDARD,1,0,3,0.026326,0.025433,0.000533
MATRIX,1,0,1,0.006672,0.00619,0.000216
STANDARD,1,0,3,0.024269,0.023636,0.00046
MATRIX,1,0,1,0.00655,0.005057,0.001235
STANDARD,1,0,2,0.015396,0.015005,0.000295
MATRIX,1,0,1,0.006407,0.005959,0.000203
STANDARD,1,0,4,0.050649,0.048428,0.000874
MATRIX,1,0,3,0.026092,0.024252,0.000424
STANDARD,1,0,4,0.042184,0.041165,0.000659
MATRIX,1,0,3,0.016234,0.015084,0.000449
STANDARD,1,0,4,0.044527,0.043672,0.000603
MATRIX,1,0,3,0.01769,0.016029,0.000465
STANDARD,1,20,4,0.044188,0.043156,0.000616
MATRIX,1,20,3,0.020228,0.019169,0.000431
STANDARD,1,20,3,0.02408,0.02283,0.001042
MATRIX,1,20,1,0.006036,0.005518,0.000208
STANDARD,1,20,3,0.024941,0.024285,0.000467
MATRIX,1,20,1,0.005912,0.005418,0.000233
STANDARD,1,20,4,0.041722,0.040839,0.00061
MATRIX,1,20,3,0.015045,0.013975,0.000414
STANDARD,1,20,2,0.011288,0.010829,0.000338
MATRIX,1,20,1,0.005585,0.005112,0.000212
STANDARD,1,20,4,0.041635,0.040773,0.000605
MATRIX,1,20,3,0.013212,0.0119,0.000449
STANDARD,1,20,3,0.023237,0.022558,0.000499
MATRIX,1,20,1,0.005933,0.005455,0.000185
STANDARD,1,20,2,0.012129,0.011711,0.000303
MATRIX,1,20,1,0.006121,0.005654,0.000215
STANDARD,1,20,4,0.043071,0.042219,0.000594
MATRIX,1,20,3,0.013349,0.012224,0.000437
STANDARD,1,20,3,0.023622,0.023007,0.000449
MATRIX,1,20,1,0.005888,0.00511,0.000282
STANDARD,1,20,4,0.043142,0.042233,0.000649
MATRIX,1,20,3,0.014481,0.013009,0.000442
STANDARD,1,20,3,0.024852,0.024186,0.000474
MATRIX,1,20,1,0.006864,0.006373,0.000229
STANDARD,1,20,3,0.022922,0.02187,0.000476
MATRIX,1,20,1,0.00587,0.005043,0.000414
STANDARD,1,20,2,0.01037,0.00983,0.000386
MATRIX,1,20,1,0.005738,0.005257,0.000214
STANDARD,1,20,2,0.011213,0.010693,0.000367
MATRIX,1,20,1,0.005606,0.005028,0.000236
STANDARD,1,20,4,0.045455,0.04448,0.000685
MATRIX,1,20,3,0.016474,0.015411,0.000423
STANDARD,1,20,4,0.051326,0.049181,0.000641
MATRIX,1,20,3,0.025946,0.02475,0.000442
STANDARD,1,20,3,0.035639,0.034999,0.000463
MATRIX,1,20,2,0.012478,0.011727,0.000314
STANDARD,1,20,3,0.024626,0.023978,0.000451
MATRIX,1,20,1,0.00735,0.006811,0.000248
STANDARD,1,20,3,0.028656,0.027955,0.00047
MATRIX,1,20,2,0.010426,0.009584,0.000307
STANDARD,1,20,3,0.027157,0.025531,0.000479
MATRIX,1,20,2,0.011459,0.01064,0.000333
STANDARD,1,20,4,0.041766,0.040799,0.000672
MATRIX,1,20,3,0.017602,0.016428,0.000498
STANDARD,1,20,3,0.02784,0.027194,0.000455
MATRIX,1,20,1,0.005781,0.005222,0.000213
STANDARD,1,20,3,0.024826,0.024194,0.000446
MATRIX,1,20,2,0.017038,0.016222,0.000311
STANDARD,1,20,3,0.023458,0.022897,0.000361
MATRIX,1,20,2,0.007863,0.007122,0.000302
STANDARD,1,20,4,0.034964,0.034118,0.000562
MATRIX,1,20,3,0.013834,0.012647,0.00041
STANDARD,1,20,4,0.047063,0.046376,0.000472
MATRIX,1,20,3,0.013291,0.012244,0.000391
STANDARD,1,20,4,0.046252,0.045434,0.000571
MATRIX,1,20,3,0.012864,0.011811,0.000398
STANDARD,1,20,3,0.022677,0.022073,0.000429
MATRIX,1,20,1,0.005714,0.005236,0.000212
STANDARD,1,20,3,0.020323,0.019632,0.000512
MATRIX,1,20,1,0.004587,0.004307,0.000112
STANDARD,1,40,3,0.017833,0.017327,0.000349
MATRIX,1,40,1,0.004801,0.004376,0.000209
STANDARD,1,40,3,0.017537,0.017048,0.000346
MATRIX,1,40,1,0.00382,0.003534,0.000127
STANDARD,1,40,2,0.009737,0.009289,0.00033
MATRIX,1,40,1,0.003897,0.003628,0.000116
STANDARD,1,40,2,0.008422,0.008124,0.000227
MATRIX,1,40,1,0.003425,0.003164,0.000108
STANDARD,1,40,3,0.018502,0.017958,0.000377
MATRIX,1,40,2,0.00739,0.006952,0.000194
STANDARD,1,40,3,0.016974,0.016094,0.000688
MATRIX,1,40,1,0.005104,0.004574,0.000229
STANDARD,1,40,3,0.01818,0.017637,0.000343
MATRIX,1,40,2,0.008924,0.008054,0.000365
STANDARD,1,40,3,0.017536,0.017077,0.000305
MATRIX,1,40,1,0.003913,0.003604,0.000138
STANDARD,1,40,2,0.009057,0.008764,0.000225
MATRIX,1,40,1,0.004294,0.004017,0.000123
STANDARD,1,40,3,0.017375,0.016834,0.000373
MATRIX,1,40,1,0.003796,0.003452,0.000152
STANDARD,1,40,3,0.018467,0.017788,0.00047
MATRIX,1,40,1,0.005074,0.004606,0.000203
STANDARD,1,40,3,0.019471,0.018901,0.000406
MATRIX,1,40,2,0.007169,0.006519,0.000247
STANDARD,1,40,2,0.008106,0.007801,0.000214
MATRIX,1,40,1,0.004217,0.003751,0.000177
STANDARD,1,40,3,0.017703,0.017191,0.000343
MATRIX,1,40,2,0.008639,0.007839,0.000319
STANDARD,1,40,3,0.016353,0.015863,0.000348
MATRIX,1,40,1,0.003263,0.002995,0.000112
STANDARD,1,40,3,0.016313,0.015727,0.000425
MATRIX,1,40,2,0.008675,0.008018,0.000258
STANDARD,1,40,3,0.018725,0.018225,0.000358
MATRIX,1,40,2,0.007557,0.006802,0.000303
STANDARD,1,40,3,0.016097,0.015585,0.000374
MATRIX,1,40,2,0.008406,0.007645,0.000295
STANDARD,1,40,2,0.008633,0.008285,0.000263
MATRIX,1,40,1,0.005501,0.004929,0.000209
STANDARD,1,40,4,0.032435,0.031537,0.00062
MATRIX,1,40,3,0.012425,0.011451,0.000364
STANDARD,1,40,3,0.017245,0.016791,0.000336
MATRIX,1,40,2,0.006221,0.005645,0.000232
STANDARD,1,40,3,0.01742,0.016848,0.000418
MATRIX,1,40,1,0.005643,0.005199,0.000192
STANDARD,1,40,2,0.009209,0.008919,0.000225
MATRIX,1,40,1,0.004199,0.003876,0.000146
STANDARD,1,40,2,0.010067,0.009679,0.000296
MATRIX,1,40,1,0.00353,0.003244,0.000139
STANDARD,1,40,2,0.008154,0.007881,0.000209
MATRIX,1,40,1,0.003761,0.003408,0.000199
STANDARD,1,40,3,0.018021,0.017577,0.000317
MATRIX,1,40,3,0.010305,0.009426,0.000333
STANDARD,1,40,3,0.015891,0.015369,0.000376
MATRIX,1,40,1,0.004772,0.004433,0.000123
STANDARD,1,40,4,0.037457,0.036705,0.000533
MATRIX,1,40,3,0.011936,0.010906,0.00037
STANDARD,1,40,3,0.014973,0.014393,0.000382
MATRIX,1,40,1,0.004623,0.004065,0.000237
STANDARD,1,40,3,0.015052,0.014536,0.000369
MATRIX,1,40,1,0.0036,0.003315,0.000127
STANDARD,1,60,4,0.032681,0.031939,0.000504
MATRIX,1,60,3,0.01319,0.012142,0.000434
STANDARD,1,60,2,0.007134,0.006849,0.000214
MATRIX,1,60,1,0.004002,0.003658,0.00016
STANDARD,1,60,4,0.02795,0.027205,0.000494
MATRIX,1,60,3,0.011007,0.01003,0.000331
STANDARD,1,60,4,0.026708,0.026074,0.000449
MATRIX,1,60,3,0.009317,0.0083,0.000421
STANDARD,1,60,3,0.018132,0.017519,0.000422
MATRIX,1,60,2,0.007389,0.006846,0.000198
STANDARD,1,60,3,0.014821,0.01434,0.000346
MATRIX,1,60,1,0.003301,0.003031,0.000123
STANDARD,1,60,3,0.017826,0.017293,0.000392
MATRIX,1,60,1,0.004274,0.003961,0.000122
STANDARD,1,60,3,0.018325,0.01785,0.000335
MATRIX,1,60,2,0.00466,0.004173,0.000205
STANDARD,1,60,2,0.006115,0.005876,0.000177
MATRIX,1,60,1,0.004131,0.003796,0.000153
STANDARD,1,60,2,0.006742,0.006347,0.000305
MATRIX,1,60,1,0.003749,0.003375,0.000186
STANDARD,1,60,4,0.032607,0.031805,0.000546
MATRIX,1,60,3,0.012342,0.011493,0.000337
STANDARD,1,60,3,0.01475,0.014291,0.000317
MATRIX,1,60,1,0.003294,0.00304,0.000108
STANDARD,1,60,4,0.028793,0.028199,0.000416
MATRIX,1,60,3,0.010228,0.009432,0.0003
STANDARD,1,60,3,0.014127,0.013601,0.000371
MATRIX,1,60,1,0.005129,0.00474,0.000157
STANDARD,1,60,3,0.019412,0.019056,0.000244
MATRIX,1,60,2,0.006849,0.006144,0.000326
STANDARD,1,60,2,0.01244,0.011839,0.00043
MATRIX,1,60,1,0.007465,0.006824,0.000267
STANDARD,1,60,4,0.037798,0.0368,0.000658
MATRIX,1,60,3,0.016498,0.015094,0.000476
STANDARD,1,60,3,0.026732,0.02565,0.00077
MATRIX,1,60,2,0.006932,0.006348,0.000251
STANDARD,1,60,3,0.01864,0.018209,0.000302
MATRIX,1,60,2,0.006563,0.005968,0.000224
STANDARD,1,60,3,0.015567,0.015018,0.0004
MATRIX,1,60,2,0.006563,0.005986,0.000241
STANDARD,1,60,2,0.007191,0.006938,0.00019
MATRIX,1,60,1,0.003142,0.002894,0.000108
STANDARD,1,60,3,0.016511,0.015931,0.000397
MATRIX,1,60,1,0.004054,0.003509,0.000267
STANDARD,1,60,3,0.016397,0.015767,0.000432
MATRIX,1,60,1,0.003058,0.002761,0.000142
STANDARD,1,60,3,0.016114,0.015675,0.000292
MATRIX,1,60,2,0.006715,0.006238,0.000188
STANDARD,1,60,4,0.030175,0.029514,0.000421
MATRIX,1,60,3,0.009641,0.008947,0.000274
STANDARD,1,60,2,0.012924,0.012391,0.000408
MATRIX,1,60,1,0.006671,0.006178,0.000209
STANDARD,1,60,3,0.022707,0.022008,0.000493
MATRIX,1,60,2,0.011389,0.010412,0.000358
STANDARD,1,60,2,0.009766,0.00928,0.000338
MATRIX,1,60,1,0.007415,0.006783,0.000274
STANDARD,1,60,2,0.01149,0.01099,0.000343
MATRIX,1,60,1,0.007443,0.006823,0.000329
STANDARD,1,60,3,0.020096,0.019567,0.000357
MATRIX,1,60,1,0.004633,0.004241,0.000199
STANDARD,1,80,3,0.025008,0.024331,0.000452
MATRIX,1,80,2,0.011678,0.010554,0.000401
STANDARD,1,80,2,0.014002,0.013462,0.000379
MATRIX,1,80,1,0.006118,0.005539,0.000246
STANDARD,1,80,2,0.012693,0.012145,0.000397
MATRIX,1,80,1,0.0039,0.003573,0.000149
STANDARD,1,80,3,0.02314,0.022532,0.000416
MATRIX,1,80,1,0.006665,0.006143,0.000237
STANDARD,1,80,2,0.015038,0.014525,0.000363
MATRIX,1,80,1,0.008703,0.008001,0.000324
STANDARD,1,80,2,0.012815,0.012165,0.000428
MATRIX,1,80,1,0.003784,0.003397,0.000165
STANDARD,1,80,2,0.0081,0.007632,0.000357
MATRIX,1,80,1,0.006309,0.005832,0.000173
STANDARD,1,80,3,0.027201,0.026372,0.000577
MATRIX,1,80,1,0.008565,0.007601,0.000472
STANDARD,1,80,3,0.025486,0.024869,0.000421
MATRIX,1,80,2,0.01294,0.012064,0.000376
STANDARD,1,80,2,0.012678,0.012088,0.000448
MATRIX,1,80,1,0.007175,0.006616,0.000216
STANDARD,1,80,4,0.040839,0.039777,0.000752
MATRIX,1,80,3,0.015734,0.014236,0.000511
STANDARD,1,80,4,0.034205,0.033337,0.000598
MATRIX,1,80,3,0.012164,0.011281,0.000311
STANDARD,1,80,3,0.018308,0.017684,0.000445
MATRIX,1,80,1,0.005532,0.005105,0.000197
STANDARD,1,80,3,0.014815,0.014426,0.000267
MATRIX,1,80,1,0.004176,0.003764,0.000171
STANDARD,1,80,4,0.028334,0.027585,0.000479
MATRIX,1,80,3,0.01229,0.011462,0.000323
STANDARD,1,80,4,0.03035,0.029656,0.000481
MATRIX,1,80,3,0.011912,0.011115,0.000302
STANDARD,1,80,2,0.007754,0.007406,0.000263
MATRIX,1,80,1,0.003094,0.002838,0.000111
STANDARD,1,80,4,0.038532,0.037686,0.000577
MATRIX,1,80,3,0.013759,0.012658,0.000422
STANDARD,1,80,2,0.010149,0.009707,0.000339
MATRIX,1,80,1,0.005173,0.004705,0.000197
STANDARD,1,80,4,0.041919,0.040913,0.000654
MATRIX,1,80,3,0.019033,0.017915,0.000433
STANDARD,1,80,3,0.022447,0.02167,0.000555
MATRIX,1,80,1,0.007767,0.007246,0.000192
STANDARD,1,80,3,0.022952,0.022351,0.000377
MATRIX,1,80,1,0.009178,0.008428,0.000318
STANDARD,1,80,3,0.020039,0.019007,0.000827
MATRIX,1,80,1,0.004073,0.003768,0.000124
STANDARD,1,80,4,0.034533,0.033569,0.000532
MATRIX,1,80,3,0.012776,0.011801,0.000362
STANDARD,1,80,3,0.01786,0.017263,0.000394
MATRIX,1,80,1,0.003595,0.003265,0.000145
STANDARD,1,80,3,0.019096,0.018426,0.000472
MATRIX,1,80,1,0.004532,0.004118,0.000187
STANDARD,1,80,2,0.010848,0.010432,0.000312
MATRIX,1,80,1,0.006932,0.006478,0.000177
STANDARD,1,80,3,0.01594,0.015247,0.000477
MATRIX,1,80,1,0.003393,0.003101,0.000109
STANDARD,1,80,2,0.008027,0.007771,0.00019
MATRIX,1,80,1,0.003344,0.003081,0.00011
STANDARD,1,80,3,0.026268,0.02564,0.000438
MATRIX,1,80,1,0.005122,0.00465,0.000213
STANDARD,1,100,3,0.027701,0.026531,0.000895
MATRIX,1,100,2,0.014925,0.013234,0.000522
STANDARD,1,100,3,0.026939,0.026205,0.000491
MATRIX,1,100,2,0.007345,0.006891,0.000169
STANDARD,1,100,4,0.045357,0.044199,0.00078
MATRIX,1,100,3,0.019778,0.018386,0.000511
STANDARD,1,100,3,0.032959,0.030498,0.000751
MATRIX,1,100,1,0.008551,0.007505,0.000355
STANDARD,1,100,3,0.025189,0.024258,0.000401
MATRIX,1,100,1,0.005846,0.004991,0.000645
STANDARD,1,100,4,0.046011,0.044695,0.000949
MATRIX,1,100,3,0.018774,0.017374,0.00046
STANDARD,1,100,4,0.04163,0.04045,0.000775
MATRIX,1,100,3,0.014585,0.012958,0.00059
STANDARD,1,100,3,0.026411,0.025723,0.00049
MATRIX,1,100,2,0.010817,0.009791,0.000441
STANDARD,1,100,2,0.014149,0.013616,0.000378
MATRIX,1,100,1,0.006404,0.006028,0.000174
STANDARD,1,100,3,0.02075,0.02024,0.000373
MATRIX,1,100,2,0.006668,0.005936,0.000286
STANDARD,1,100,4,0.033403,0.032654,0.000508
MATRIX,1,100,3,0.01114,0.01019,0.000298
STANDARD,1,100,2,0.01001,0.009576,0.000326
MATRIX,1,100,1,0.005553,0.005042,0.000202
STANDARD,1,100,4,0.032881,0.032114,0.0005
MATRIX,1,100,3,0.0105,0.009748,0.000279
STANDARD,1,100,4,0.031949,0.031293,0.000439
MATRIX,1,100,3,0.013268,0.012184,0.000432
STANDARD,1,100,3,0.02018,0.019551,0.000472
MATRIX,1,100,2,0.006563,0.006113,0.000189
STANDARD,1,100,4,0.031624,0.030922,0.000485
MATRIX,1,100,3,0.01222,0.011328,0.000331
STANDARD,1,100,3,0.020363,0.019661,0.000494
MATRIX,1,100,2,0.008212,0.007496,0.000286
STANDARD,1,100,4,0.034121,0.033332,0.000548
MATRIX,1,100,3,0.013911,0.012852,0.00039
STANDARD,1,100,3,0.018575,0.01811,0.000341
MATRIX,1,100,1,0.003846,0.003469,0.000169
STANDARD,1,100,4,0.032525,0.031848,0.000477
MATRIX,1,100,3,0.013076,0.012144,0.000343
STANDARD,1,100,3,0.01868,0.018203,0.000318
MATRIX,1,100,1,0.004113,0.003792,0.000147
STANDARD,1,100,3,0.019708,0.019074,0.000451
MATRIX,1,100,2,0.007964,0.007258,0.000306
STANDARD,1,100,2,0.009169,0.008863,0.000223
MATRIX,1,100,1,0.0044,0.004031,0.00018
STANDARD,1,100,4,0.028146,0.027433,0.000495
MATRIX,1,100,3,0.013812,0.012779,0.000425
STANDARD,1,100,4,0.032445,0.031866,0.000386
MATRIX,1,100,3,0.011423,0.010537,0.000319
STANDARD,1,100,3,0.021977,0.021338,0.000465
MATRIX,1,100,2,0.006547,0.006021,0.000228
STANDARD,1,100,3,0.016886,0.016279,0.000435
MATRIX,1,100,1,0.004147,0.003847,0.000134
STANDARD,1,100,3,0.016763,0.016143,0.000443
MATRIX,1,100,1,0.00396,0.003644,0.000144
STANDARD,1,100,3,0.018745,0.018269,0.000338
MATRIX,1,100,2,0.006979,0.006409,0.00021
STANDARD,1,100,2,0.009937,0.00958,0.000266
MATRIX,1,100,1,0.003929,0.00349,0.000185
STANDARD,11,0,10,0.23264,0.217656,0.014245
MATRIX,11,0,1,0.011192,0.005947,0.002372
STANDARD,11,0,12,0.340935,0.324571,0.015491
MATRIX,11,0,1,0.009893,0.005759,0.001659
STANDARD,11,0,11,0.273629,0.257314,0.015543
MATRIX,11,0,1,0.008856,0.005322,0.00148
STANDARD,11,0,12,0.325121,0.307818,0.016552
MATRIX,11,0,1,0.00957,0.00543,0.00169
STANDARD,11,0,4,0.031819,0.026189,0.005405
MATRIX,11,0,5,0.041293,0.019834,0.00811
STANDARD,11,0,13,0.434354,0.415449,0.018029
MATRIX,11,0,1,0.013083,0.007803,0.001853
STANDARD,11,0,2,0.010399,0.007775,0.002513
MATRIX,11,0,1,0.009592,0.005019,0.001565
STANDARD,11,0,9,0.163949,0.15054,0.012737
MATRIX,11,0,1,0.011055,0.00623,0.001824
STANDARD,11,0,2,0.009143,0.006631,0.002419
MATRIX,11,0,1,0.012313,0.0059,0.002853
STANDARD,11,0,2,0.010386,0.007575,0.002744
MATRIX,11,0,1,0.012832,0.006886,0.002446
STANDARD,11,0,10,0.195517,0.181092,0.013756
MATRIX,11,0,1,0.012254,0.006518,0.002611
STANDARD,11,0,3,0.022052,0.016791,0.005104
MATRIX,11,0,1,0.01047,0.005345,0.002377
STANDARD,11,0,8,0.145616,0.13181,0.013133
MATRIX,11,0,1,0.014419,0.007993,0.002942
STANDARD,11,0,2,0.01137,0.00834,0.00293
MATRIX,11,0,1,0.012365,0.005998,0.002648
STANDARD,11,0,11,0.31737,0.296188,0.020209
MATRIX,11,0,1,0.017572,0.010158,0.003073
STANDARD,11,0,14,0.56138,0.535599,0.02449
MATRIX,11,0,1,0.01048,0.005914,0.001753
STANDARD,11,0,13,0.33548,0.31865,0.016099
MATRIX,11,0,1,0.01011,0.005624,0.001715
STANDARD,11,0,3,0.017048,0.013628,0.003294
MATRIX,11,0,2,0.015264,0.008015,0.002622
STANDARD,11,0,11,0.284476,0.269805,0.013971
MATRIX,11,0,1,0.009807,0.00569,0.001564
STANDARD,11,0,9,0.164339,0.150781,0.012915
MATRIX,11,0,1,0.009715,0.005493,0.001563
STANDARD,11,0,3,0.01742,0.01407,0.003228
MATRIX,11,0,1,0.008794,0.004795,0.001637
STANDARD,11,0,14,0.567323,0.544165,0.022074
MATRIX,11,0,1,0.020291,0.011782,0.003542
STANDARD,11,0,3,0.028011,0.021013,0.006713
MATRIX,11,0,1,0.014767,0.007447,0.002798
STANDARD,11,0,13,0.503026,0.480092,0.021647
MATRIX,11,0,1,0.013482,0.007211,0.002909
STANDARD,11,0,4,0.026919,0.021992,0.004742
MATRIX,11,0,2,0.014988,0.007623,0.002746
STANDARD,11,0,15,0.516212,0.495725,0.019633
MATRIX,11,0,2,0.018123,0.011141,0.002516
STANDARD,11,0,2,0.010374,0.007714,0.002587
MATRIX,11,0,1,0.010732,0.005536,0.002273
STANDARD,11,0,10,0.196035,0.182909,0.01253
MATRIX,11,0,1,0.010305,0.005293,0.002152
STANDARD,11,0,17,0.752854,0.727884,0.023855
MATRIX,11,0,2,0.017325,0.010179,0.002671
STANDARD,11,0,4,0.030045,0.024977,0.004855
MATRIX,11,0,2,0.014837,0.007574,0.002661
STANDARD,11,20,10,0.214441,0.200916,0.012915
MATRIX,11,20,1,0.009494,0.005379,0.001598
STANDARD,11,20,3,0.018279,0.014102,0.004055
MATRIX,11,20,1,0.009174,0.004878,0.00163
STANDARD,11,20,16,0.591981,0.571601,0.019317
MATRIX,11,20,2,0.015901,0.009378,0.002393
STANDARD,11,20,12,0.305306,0.290056,0.014596
MATRIX,11,20,1,0.009933,0.005577,0.001613
STANDARD,11,20,13,0.364838,0.348523,0.015567
MATRIX,11,20,1,0.009659,0.005555,0.001796
STANDARD,11,20,12,0.304085,0.288362,0.014943
MATRIX,11,20,1,0.009944,0.005164,0.001678
STANDARD,11,20,4,0.028053,0.022818,0.005064
MATRIX,11,20,2,0.015,0.007502,0.003179
STANDARD,11,20,5,0.045677,0.039654,0.005776
MATRIX,11,20,2,0.015298,0.007784,0.003217
STANDARD,11,20,8,0.182823,0.168622,0.013457
MATRIX,11,20,1,0.016051,0.00883,0.003104
STANDARD,11,20,2,0.009741,0.007146,0.00252
MATRIX,11,20,1,0.008946,0.004869,0.00162
STANDARD,11,20,14,0.442189,0.423076,0.01824
MATRIX,11,20,2,0.017432,0.009919,0.002793
STANDARD,11,20,13,0.400112,0.383546,0.015767
MATRIX,11,20,1,0.009939,0.005968,0.001595
STANDARD,11,20,2,0.010626,0.007669,0.002865
MATRIX,11,20,1,0.009481,0.004867,0.001595
STANDARD,11,20,3,0.01896,0.015283,0.003556
MATRIX,11,20,1,0.009288,0.005184,0.001584
STANDARD,11,20,13,0.362907,0.345917,0.016238
MATRIX,11,20,1,0.0094,0.005603,0.001589
STANDARD,11,20,2,0.011057,0.00804,0.002935
MATRIX,11,20,1,0.009045,0.004779,0.001868
STANDARD,11,20,14,0.490504,0.472023,0.017554
MATRIX,11,20,1,0.009454,0.005418,0.001563
STANDARD,11,20,5,0.044404,0.038459,0.005712
MATRIX,11,20,2,0.014438,0.007665,0.002517
STANDARD,11,20,10,0.227808,0.214419,0.01278
MATRIX,11,20,1,0.009565,0.005484,0.001555
STANDARD,11,20,15,0.559108,0.539998,0.018265
MATRIX,11,20,2,0.016943,0.010092,0.002392
STANDARD,11,20,2,0.009149,0.006318,0.002762
MATRIX,11,20,1,0.009205,0.004638,0.001725
STANDARD,11,20,10,0.204807,0.192571,0.011662
MATRIX,11,20,1,0.009884,0.005632,0.001688
STANDARD,11,20,2,0.009241,0.006602,0.002547
MATRIX,11,20,1,0.011035,0.005587,0.00182
STANDARD,11,20,2,0.008268,0.006068,0.002137
MATRIX,11,20,1,0.008582,0.004482,0.001509
STANDARD,11,20,2,0.008551,0.006317,0.00217
MATRIX,11,20,1,0.009295,0.004786,0.00171
STANDARD,11,20,15,0.5597,0.54017,0.018637
MATRIX,11,20,2,0.017861,0.010532,0.002571
STANDARD,11,20,6,0.073606,0.06442,0.008806
MATRIX,11,20,1,0.012234,0.006271,0.002403
STANDARD,11,20,13,0.358352,0.342426,0.0152
MATRIX,11,20,1,0.009724,0.005674,0.001562
STANDARD,11,20,3,0.017891,0.013361,0.004374
MATRIX,11,20,1,0.011951,0.005445,0.002566
STANDARD,11,20,2,0.009592,0.007124,0.002385
MATRIX,11,20,1,0.00957,0.005055,0.001704
STANDARD,11,40,3,0.017354,0.013962,0.003283
MATRIX,11,40,1,0.009216,0.004825,0.001799
STANDARD,11,40,10,0.200505,0.187168,0.012769
MATRIX,11,40,1,0.009612,0.005319,0.001591
STANDARD,11,40,3,0.017944,0.01457,0.003253
MATRIX,11,40,1,0.009508,0.004983,0.001882
STANDARD,11,40,9,0.148093,0.136347,0.01126
MATRIX,11,40,1,0.01053,0.006005,0.001772
STANDARD,11,40,4,0.031426,0.026471,0.004746
MATRIX,11,40,2,0.015254,0.007826,0.002536
STANDARD,11,40,4,0.028768,0.023997,0.004556
MATRIX,11,40,1,0.009009,0.004859,0.001795
STANDARD,11,40,3,0.017289,0.013643,0.003535
MATRIX,11,40,1,0.008754,0.004676,0.001727
STANDARD,11,40,2,0.008881,0.006533,0.002274
MATRIX,11,40,1,0.00862,0.004688,0.001639
STANDARD,11,40,3,0.018145,0.014688,0.003345
MATRIX,11,40,1,0.008859,0.004819,0.001502
STANDARD,11,40,2,0.008951,0.006595,0.002296
MATRIX,11,40,1,0.008961,0.004778,0.001811
STANDARD,11,40,2,0.009002,0.006313,0.00263
MATRIX,11,40,1,0.009231,0.004957,0.001532
STANDARD,11,40,2,0.008552,0.006362,0.00213
MATRIX,11,40,1,0.008937,0.004886,0.001551
STANDARD,11,40,7,0.093405,0.083912,0.009151
MATRIX,11,40,1,0.010274,0.005827,0.001642
STANDARD,11,40,6,0.064313,0.056037,0.007934
MATRIX,11,40,1,0.010344,0.0057,0.001772
STANDARD,11,40,14,0.469163,0.450248,0.018027
MATRIX,11,40,1,0.01054,0.005778,0.002088
STANDARD,11,40,15,0.569728,0.550865,0.017947
MATRIX,11,40,2,0.017319,0.010938,0.002375
STANDARD,11,40,2,0.0106,0.007495,0.003039
MATRIX,11,40,1,0.010565,0.005693,0.002177
STANDARD,11,40,2,0.010042,0.007416,0.002556
MATRIX,11,40,1,0.008918,0.00474,0.001572
STANDARD,11,40,7,0.089566,0.079268,0.009852
MATRIX,11,40,1,0.009611,0.00543,0.001783
STANDARD,11,40,14,0.460968,0.439432,0.020564
MATRIX,11,40,1,0.009866,0.005814,0.001578
STANDARD,11,40,2,0.008563,0.00649,0.002016
MATRIX,11,40,1,0.008786,0.004927,0.001459
STANDARD,11,40,14,0.468503,0.450537,0.017138
MATRIX,11,40,1,0.009799,0.0056,0.001588
STANDARD,11,40,2,0.009663,0.00735,0.002249
MATRIX,11,40,1,0.008799,0.004678,0.001676
STANDARD,11,40,4,0.028136,0.023537,0.004423
MATRIX,11,40,1,0.009177,0.004814,0.001829
STANDARD,11,40,15,0.535839,0.517097,0.017873
MATRIX,11,40,2,0.017565,0.010492,0.002593
STANDARD,11,40,13,0.349304,0.332707,0.015874
MATRIX,11,40,1,0.010297,0.005507,0.001928
STANDARD,11,40,12,0.30236,0.286181,0.015487
MATRIX,11,40,1,0.009757,0.005542,0.001532
STANDARD,11,40,3,0.018735,0.01494,0.003631
MATRIX,11,40,1,0.009275,0.005127,0.00157
STANDARD,11,40,3,0.017352,0.014072,0.003158
MATRIX,11,40,1,0.008376,0.004555,0.001571
STANDARD,11,40,3,0.020399,0.015206,0.005036
MATRIX,11,40,1,0.009356,0.005169,0.001831
STANDARD,11,60,4,0.030573,0.0252,0.005176
MATRIX,11,60,2,0.017433,0.009149,0.002903
STANDARD,11,60,2,0.008704,0.006512,0.002121
MATRIX,11,60,1,0.01004,0.005514,0.001627
STANDARD,11,60,2,0.009257,0.006902,0.002288
MATRIX,11,60,1,0.012227,0.005928,0.002775
STANDARD,11,60,4,0.04245,0.033682,0.008418
MATRIX,11,60,3,0.034529,0.016627,0.006483
STANDARD,11,60,3,0.057462,0.042611,0.010431
MATRIX,11,60,1,0.015601,0.007816,0.00404
STANDARD,11,60,10,0.259002,0.240515,0.017589
MATRIX,11,60,1,0.01921,0.010743,0.003244
STANDARD,11,60,6,0.105063,0.091655,0.012818
MATRIX,11,60,2,0.039212,0.01773,0.008278
STANDARD,11,60,14,0.762258,0.715415,0.03975
MATRIX,11,60,1,0.018319,0.010899,0.003315
STANDARD,11,60,17,1.3173,1.27548,0.039909
MATRIX,11,60,2,0.037149,0.022545,0.005477
STANDARD,11,60,3,0.031147,0.024553,0.006374
MATRIX,11,60,1,0.015374,0.007842,0.003274
STANDARD,11,60,7,0.147193,0.131793,0.014558
MATRIX,11,60,1,0.021331,0.011841,0.003095
STANDARD,11,60,4,0.059528,0.048326,0.008262
MATRIX,11,60,2,0.030463,0.015312,0.005887
STANDARD,11,60,12,0.622596,0.588899,0.031762
MATRIX,11,60,1,0.019031,0.011023,0.003219
STANDARD,11,60,9,0.248041,0.227685,0.019265
MATRIX,11,60,1,0.018211,0.009793,0.00345
STANDARD,11,60,13,0.646243,0.605746,0.038817
MATRIX,11,60,1,0.013724,0.00727,0.003447
STANDARD,11,60,3,0.021478,0.016478,0.004807
MATRIX,11,60,1,0.011574,0.005913,0.002412
STANDARD,11,60,12,0.574022,0.544162,0.028426
MATRIX,11,60,1,0.018875,0.01064,0.003431
STANDARD,11,60,8,0.229838,0.210747,0.0183
MATRIX,11,60,1,0.017748,0.009372,0.003694
STANDARD,11,60,22,3.11459,3.05317,0.055938
MATRIX,11,60,2,0.032601,0.01698,0.005893
STANDARD,11,60,16,1.02367,0.976549,0.045234
MATRIX,11,60,2,0.034606,0.018209,0.00634
STANDARD,11,60,2,0.029819,0.020899,0.008817
MATRIX,11,60,1,0.053357,0.023647,0.015709
STANDARD,11,60,14,0.761885,0.720339,0.039971
MATRIX,11,60,1,0.024603,0.014297,0.00441
STANDARD,11,60,15,0.640273,0.605798,0.033099
MATRIX,11,60,2,0.021007,0.011375,0.003615
STANDARD,11,60,3,0.024143,0.018431,0.005501
MATRIX,11,60,2,0.029704,0.013043,0.007915
STANDARD,11,60,14,0.681422,0.648141,0.031995
MATRIX,11,60,2,0.035258,0.017835,0.006351
STANDARD,11,60,7,0.151349,0.132452,0.018181
MATRIX,11,60,1,0.020467,0.011573,0.004067
STANDARD,11,60,10,0.336109,0.306313,0.027077
MATRIX,11,60,1,0.037079,0.023237,0.006323
STANDARD,11,60,3,0.033354,0.024803,0.008223
MATRIX,11,60,1,0.018713,0.009253,0.003803
STANDARD,11,60,10,0.348372,0.315308,0.030161
MATRIX,11,60,1,0.02484,0.013644,0.005596
STANDARD,11,60,11,0.782219,0.704364,0.072261
MATRIX,11,60,1,0.048518,0.027173,0.010263
STANDARD,11,80,4,0.058753,0.046483,0.011945
MATRIX,11,80,2,0.027278,0.012414,0.005621
STANDARD,11,80,2,0.019524,0.012027,0.004846
MATRIX,11,80,1,0.020464,0.008578,0.003918
STANDARD,11,80,3,0.031262,0.023441,0.007607
MATRIX,11,80,1,0.016955,0.007746,0.003812
STANDARD,11,80,7,0.149918,0.131306,0.017925
MATRIX,11,80,1,0.01953,0.010362,0.003992
STANDARD,11,80,7,0.148034,0.129196,0.018119
MATRIX,11,80,1,0.021173,0.012069,0.003828
STANDARD,11,80,7,0.149606,0.131546,0.01727
MATRIX,11,80,1,0.0193,0.010737,0.003716
STANDARD,11,80,2,0.015825,0.01074,0.004965
MATRIX,11,80,1,0.017741,0.009007,0.003811
STANDARD,11,80,10,0.342752,0.315898,0.025703
MATRIX,11,80,1,0.019291,0.010262,0.003702
STANDARD,11,80,9,0.271435,0.247478,0.022962
MATRIX,11,80,1,0.019035,0.010044,0.003847
STANDARD,11,80,3,0.031806,0.023918,0.007648
MATRIX,11,80,2,0.029929,0.013605,0.005945
STANDARD,11,80,10,0.303904,0.277462,0.025366
MATRIX,11,80,1,0.020334,0.010927,0.004018
STANDARD,11,80,18,1.49743,1.44485,0.050022
MATRIX,11,80,2,0.029372,0.015041,0.006127
STANDARD,11,80,8,0.220488,0.19443,0.022938
MATRIX,11,80,1,0.020351,0.010678,0.004214
STANDARD,11,80,14,0.927515,0.885949,0.038428
MATRIX,11,80,2,0.03522,0.019936,0.005791
STANDARD,11,80,2,0.021214,0.01561,0.005065
MATRIX,11,80,1,0.021868,0.009602,0.003504
STANDARD,11,80,10,0.330507,0.298754,0.029963
MATRIX,11,80,1,0.01974,0.010395,0.003922
STANDARD,11,80,10,0.302857,0.275465,0.026338
MATRIX,11,80,1,0.019619,0.010362,0.00391
STANDARD,11,80,4,0.049078,0.038642,0.010096
MATRIX,11,80,2,0.029992,0.014449,0.005925
STANDARD,11,80,3,0.030084,0.022111,0.007747
MATRIX,11,80,1,0.017634,0.008635,0.003714
STANDARD,11,80,14,0.790719,0.754359,0.034778
MATRIX,11,80,2,0.035074,0.019051,0.00612
STANDARD,11,80,4,0.049069,0.037984,0.009998
MATRIX,11,80,2,0.029821,0.014747,0.005532
STANDARD,11,80,2,0.017724,0.012845,0.004768
MATRIX,11,80,1,0.018925,0.009974,0.003673
STANDARD,11,80,12,0.640318,0.605492,0.032931
MATRIX,11,80,1,0.021981,0.011867,0.004376
STANDARD,11,80,15,0.977143,0.935267,0.040047
MATRIX,11,80,2,0.036606,0.019726,0.006722
STANDARD,11,80,2,0.028889,0.018168,0.010613
MATRIX,11,80,1,0.01931,0.009394,0.003967
STANDARD,11,80,2,0.040333,0.028713,0.011503
MATRIX,11,80,1,0.037507,0.021466,0.006982
STANDARD,11,80,10,0.485194,0.443316,0.040789
MATRIX,11,80,1,0.021083,0.010933,0.004072
STANDARD,11,80,8,0.284893,0.259357,0.024259
MATRIX,11,80,2,0.028101,0.013507,0.005585
STANDARD,11,80,12,0.628474,0.581808,0.039667
MATRIX,11,80,1,0.021806,0.01108,0.004446
STANDARD,11,80,6,0.109767,0.092347,0.01687
MATRIX,11,80,2,0.031387,0.014267,0.006255
STANDARD,11,100,10,0.211873,0.193785,0.017314
MATRIX,11,100,1,0.014527,0.006923,0.002899
STANDARD,11,100,2,0.011835,0.008143,0.003571
MATRIX,11,100,1,0.012793,0.006757,0.002549
STANDARD,11,100,4,0.049376,0.038636,0.010425
MATRIX,11,100,2,0.033748,0.015838,0.006962
STANDARD,11,100,13,0.71738,0.681426,0.03454
MATRIX,11,100,1,0.023904,0.012994,0.004963
STANDARD,11,100,13,0.63964,0.60102,0.036354
MATRIX,11,100,1,0.020214,0.010554,0.004052
STANDARD,11,100,2,0.014767,0.010241,0.004413
MATRIX,11,100,1,0.012833,0.006071,0.002898
STANDARD,11,100,4,0.059879,0.046778,0.012748
MATRIX,11,100,2,0.029377,0.013798,0.005352
STANDARD,11,100,12,0.448323,0.416234,0.030655
MATRIX,11,100,1,0.011974,0.006121,0.002529
STANDARD,11,100,4,0.034551,0.027557,0.006792
MATRIX,11,100,2,0.018603,0.008999,0.00375
STANDARD,11,100,2,0.010744,0.007541,0.003134
MATRIX,11,100,1,0.01176,0.005817,0.002513
STANDARD,11,100,2,0.010188,0.006621,0.003494
MATRIX,11,100,1,0.011562,0.005835,0.002493
STANDARD,11,100,3,0.022681,0.016745,0.00577
MATRIX,11,100,2,0.020528,0.009736,0.004043
STANDARD,11,100,13,0.691448,0.653071,0.036563
MATRIX,11,100,1,0.017799,0.009753,0.003436
STANDARD,11,100,2,0.023678,0.018226,0.005286
MATRIX,11,100,1,0.014091,0.006253,0.003433
STANDARD,11,100,10,0.218226,0.197921,0.01952
MATRIX,11,100,1,0.01395,0.006715,0.003313
STANDARD,11,100,3,0.022717,0.016897,0.005654
MATRIX,11,100,1,0.012059,0.005889,0.002641
STANDARD,11,100,4,0.046984,0.03664,0.009894
MATRIX,11,100,1,0.012802,0.005621,0.003281
STANDARD,11,100,15,1.20179,1.15044,0.049722
MATRIX,11,100,2,0.046228,0.023751,0.010333
STANDARD,11,100,14,0.661467,0.619777,0.039522
MATRIX,11,100,1,0.013844,0.007285,0.002987
STANDARD,11,100,2,0.010746,0.007455,0.003226
MATRIX,11,100,1,0.011908,0.005763,0.002857
STANDARD,11,100,4,0.036436,0.02896,0.007231
MATRIX,11,100,2,0.017855,0.008377,0.003554
STANDARD,11,100,2,0.012091,0.00846,0.003527
MATRIX,11,100,1,0.011099,0.005509,0.002312
STANDARD,11,100,3,0.02061,0.015409,0.005061
MATRIX,11,100,2,0.01855,0.009527,0.003295
STANDARD,11,100,9,0.159824,0.144841,0.014461
MATRIX,11,100,1,0.012163,0.006035,0.002423
STANDARD,11,100,11,0.242346,0.223938,0.017746
MATRIX,11,100,2,0.018627,0.008516,0.004169
STANDARD,11,100,2,0.010639,0.006892,0.003664
MATRIX,11,100,1,0.011722,0.006071,0.002334
STANDARD,11,100,19,1.16377,1.13062,0.031972
MATRIX,11,100,2,0.021607,0.01137,0.003895
STANDARD,11,100,13,0.405736,0.3832,0.021677
MATRIX,11,100,1,0.011049,0.005914,0.002075
STANDARD,11,100,4,0.044269,0.035437,0.008565
MATRIX,11,100,2,0.028377,0.01326,0.005859
STANDARD,11,100,2,0.016018,0.010833,0.005075
MATRIX,11,100,1,0.016266,0.007911,0.003474
STANDARD,21,0,13,0.417347,0.355994,0.060495
MATRIX,21,0,1,0.025517,0.009145,0.006718
STANDARD,21,0,12,0.319886,0.262262,0.056791
MATRIX,21,0,1,0.035451,0.011175,0.009549
STANDARD,21,0,13,0.430641,0.370763,0.058987
MATRIX,21,0,1,0.025914,0.009532,0.006631
STANDARD,21,0,2,0.015051,0.00608,0.008904
MATRIX,21,0,1,0.024603,0.008353,0.006823
STANDARD,21,0,2,0.015394,0.006302,0.009013
MATRIX,21,0,1,0.027625,0.008856,0.007553
STANDARD,21,0,2,0.016059,0.006951,0.009028
MATRIX,21,0,1,0.024799,0.008628,0.006664
STANDARD,21,0,4,0.042145,0.024856,0.017094
MATRIX,21,0,1,0.027103,0.008616,0.006778
STANDARD,21,0,14,0.527608,0.462811,0.063925
MATRIX,21,0,1,0.026162,0.009465,0.006812
STANDARD,21,0,13,0.418432,0.359699,0.057836
MATRIX,21,0,1,0.025387,0.009212,0.006584
STANDARD,21,0,3,0.027735,0.013906,0.013671
MATRIX,21,0,2,0.039407,0.012811,0.009687
STANDARD,21,0,3,0.028097,0.014025,0.013922
MATRIX,21,0,1,0.024261,0.008169,0.006536
STANDARD,21,0,6,0.096196,0.067124,0.028692
MATRIX,21,0,1,0.027672,0.009338,0.007036
STANDARD,21,0,3,0.02942,0.014484,0.014792
MATRIX,21,0,2,0.044876,0.015137,0.010961
STANDARD,21,0,13,0.406545,0.344786,0.06083
MATRIX,21,0,1,0.02748,0.009453,0.00754
STANDARD,21,0,13,0.415491,0.353168,0.061415
MATRIX,21,0,1,0.042318,0.014351,0.01186
STANDARD,21,0,13,0.428506,0.370203,0.057493
MATRIX,21,0,1,0.025313,0.009426,0.006674
STANDARD,21,0,5,0.08417,0.053256,0.030522
MATRIX,21,0,2,0.057664,0.01894,0.014203
STANDARD,21,0,15,0.598333,0.526352,0.070967
MATRIX,21,0,1,0.026811,0.009767,0.0071
STANDARD,21,0,4,0.044903,0.025489,0.019176
MATRIX,21,0,5,0.095289,0.031766,0.021007
STANDARD,21,0,16,0.741728,0.651917,0.088582
MATRIX,21,0,1,0.026206,0.009656,0.00698
STANDARD,21,0,3,0.027779,0.01322,0.014416
MATRIX,21,0,1,0.02604,0.008878,0.006976
STANDARD,21,0,14,0.489644,0.421043,0.067594
MATRIX,21,0,1,0.024662,0.008911,0.006612
STANDARD,21,0,3,0.028665,0.014983,0.013549
MATRIX,21,0,1,0.024154,0.007977,0.006697
STANDARD,21,0,3,0.026438,0.013339,0.012967
MATRIX,21,0,2,0.039773,0.012541,0.010012
STANDARD,21,0,3,0.02732,0.012991,0.014186
MATRIX,21,0,2,0.042344,0.013572,0.0108
STANDARD,21,0,10,0.234233,0.186361,0.047214
MATRIX,21,0,1,0.026758,0.009557,0.007041
STANDARD,21,0,13,0.356876,0.298934,0.05713
MATRIX,21,0,1,0.026304,0.009039,0.007902
STANDARD,21,0,4,0.040385,0.022776,0.017389
MATRIX,21,0,2,0.03911,0.012741,0.009938
STANDARD,21,0,4,0.043098,0.024675,0.018208
MATRIX,21,0,2,0.039941,0.013309,0.01021
STANDARD,21,0,7,0.111001,0.079899,0.030635
MATRIX,21,0,1,0.025976,0.009154,0.006588
STANDARD,21,20,2,0.014948,0.005852,0.009031
MATRIX,21,20,1,0.024787,0.008431,0.006851
STANDARD,21,20,14,0.454121,0.391825,0.061385
MATRIX,21,20,1,0.024923,0.00908,0.006585
STANDARD,21,20,3,0.029716,0.014351,0.015225
MATRIX,21,20,1,0.024161,0.008302,0.006617
STANDARD,21,20,9,0.186916,0.14399,0.042334
MATRIX,21,20,1,0.026621,0.009625,0.007136
STANDARD,21,20,4,0.045627,0.02616,0.019219
MATRIX,21,20,2,0.042415,0.014033,0.010538
STANDARD,21,20,14,0.493901,0.431847,0.061072
MATRIX,21,20,1,0.025118,0.009015,0.006645
STANDARD,21,20,4,0.040821,0.023035,0.017579
MATRIX,21,20,2,0.039931,0.012516,0.010617
STANDARD,21,20,3,0.027394,0.013624,0.013634
MATRIX,21,20,1,0.023724,0.007816,0.006555
STANDARD,21,20,13,0.388197,0.3301,0.057298
MATRIX,21,20,1,0.025123,0.008965,0.006877
STANDARD,21,20,7,0.113402,0.079727,0.033239
MATRIX,21,20,1,0.027536,0.009576,0.006947
STANDARD,21,20,13,0.488606,0.418709,0.068897
MATRIX,21,20,1,0.0268,0.00994,0.00675
STANDARD,21,20,3,0.029004,0.013974,0.014891
MATRIX,21,20,2,0.042819,0.014093,0.010632
STANDARD,21,20,3,0.030162,0.015388,0.014613
MATRIX,21,20,1,0.027172,0.009235,0.007272
STANDARD,21,20,12,0.359741,0.300951,0.057959
MATRIX,21,20,1,0.030951,0.012996,0.007248
STANDARD,21,20,4,0.041987,0.022637,0.019137
MATRIX,21,20,2,0.04242,0.014156,0.010555
STANDARD,21,20,2,0.015994,0.006594,0.009328
MATRIX,21,20,1,0.025363,0.008358,0.00707
STANDARD,21,20,3,0.029819,0.015579,0.014067
MATRIX,21,20,1,0.02576,0.008715,0.006975
STANDARD,21,20,4,0.044264,0.024969,0.019084
MATRIX,21,20,2,0.042688,0.013914,0.010561
STANDARD,21,20,3,0.023408,0.011642,0.011637
MATRIX,21,20,1,0.021777,0.007401,0.005852
STANDARD,21,20,15,0.477614,0.418522,0.058203
MATRIX,21,20,1,0.022563,0.008609,0.005945
STANDARD,21,20,4,0.036801,0.021008,0.01558
MATRIX,21,20,2,0.035005,0.011514,0.008992
STANDARD,21,20,2,0.01443,0.006247,0.008119
MATRIX,21,20,1,0.021916,0.007562,0.005997
STANDARD,21,20,18,0.732352,0.661275,0.069947
MATRIX,21,20,1,0.022214,0.008341,0.005802
STANDARD,21,20,16,0.5333,0.469875,0.062477
MATRIX,21,20,1,0.021774,0.008048,0.005638
STANDARD,21,20,3,0.023945,0.01179,0.012024
MATRIX,21,20,1,0.021605,0.007597,0.005745
STANDARD,21,20,8,0.13204,0.100461,0.031089
MATRIX,21,20,1,0.021547,0.007792,0.005671
STANDARD,21,20,15,0.461225,0.401566,0.058688
MATRIX,21,20,1,0.021631,0.007848,0.005678
STANDARD,21,20,2,0.013188,0.005224,0.007883
MATRIX,21,20,1,0.021154,0.007111,0.005854
STANDARD,21,20,2,0.014784,0.006266,0.008451
MATRIX,21,20,1,0.023264,0.008153,0.005955
STANDARD,21,20,2,0.013569,0.005263,0.008234
MATRIX,21,20,1,0.022655,0.00731,0.005984
STANDARD,21,40,3,0.023602,0.011894,0.011575
MATRIX,21,40,1,0.02174,0.007397,0.005608
STANDARD,21,40,14,0.449279,0.392642,0.055716
MATRIX,21,40,14,0.208467,0.072559,0.043589
STANDARD,21,40,10,0.1898,0.149909,0.039314
MATRIX,21,40,1,0.021438,0.007784,0.00568
STANDARD,21,40,3,0.02399,0.011113,0.012732
MATRIX,21,40,2,0.035088,0.011371,0.008896
STANDARD,21,40,2,0.013972,0.005521,0.008375
MATRIX,21,40,1,0.021562,0.007488,0.005897
STANDARD,21,40,16,0.576666,0.512929,0.062742
MATRIX,21,40,1,0.021897,0.007933,0.005579
STANDARD,21,40,13,0.348534,0.297586,0.050142
MATRIX,21,40,1,0.022467,0.008452,0.005851
STANDARD,21,40,4,0.036108,0.020365,0.015563
MATRIX,21,40,2,0.035184,0.011809,0.008476
STANDARD,21,40,7,0.09055,0.063259,0.026915
MATRIX,21,40,1,0.022735,0.008022,0.006207
STANDARD,21,40,3,0.023558,0.011929,0.011476
MATRIX,21,40,1,0.021663,0.007707,0.005814
STANDARD,21,40,5,0.05135,0.031695,0.01941
MATRIX,21,40,1,0.021594,0.00785,0.005661
STANDARD,21,40,3,0.023685,0.011017,0.012535
MATRIX,21,40,1,0.02137,0.00775,0.005592
STANDARD,21,40,2,0.012977,0.005037,0.007875
MATRIX,21,40,1,0.021343,0.007342,0.005909
STANDARD,21,40,2,0.013889,0.005935,0.007893
MATRIX,21,40,1,0.021659,0.007355,0.005913
STANDARD,21,40,12,0.298789,0.251301,0.046803
MATRIX,21,40,1,0.022232,0.0084,0.005619
STANDARD,21,40,7,0.094442,0.066688,0.027312
MATRIX,21,40,2,0.035911,0.011359,0.009432
STANDARD,21,40,2,0.014088,0.005835,0.008191
MATRIX,21,40,1,0.021471,0.007333,0.005896
STANDARD,21,40,19,1.03866,0.962074,0.075385
MATRIX,21,40,1,0.023758,0.008613,0.006352
STANDARD,21,40,10,0.222236,0.175292,0.046275
MATRIX,21,40,1,0.036465,0.012819,0.010126
STANDARD,21,40,13,0.356793,0.301578,0.05434
MATRIX,21,40,1,0.022995,0.008554,0.006186
STANDARD,21,40,6,0.072698,0.048352,0.024039
MATRIX,21,40,1,0.02266,0.008019,0.005798
STANDARD,21,40,2,0.014034,0.005746,0.008223
MATRIX,21,40,1,0.021804,0.00761,0.005986
STANDARD,21,40,8,0.124851,0.092213,0.032221
MATRIX,21,40,1,0.023005,0.008451,0.006044
STANDARD,21,40,9,0.155194,0.11997,0.034671
MATRIX,21,40,1,0.021972,0.007975,0.005718
STANDARD,21,40,2,0.013343,0.005466,0.007773
MATRIX,21,40,1,0.021456,0.007369,0.005961
STANDARD,21,40,3,0.023265,0.011131,0.011972
MATRIX,21,40,2,0.035334,0.011852,0.008692
STANDARD,21,40,3,0.023228,0.01087,0.012232
MATRIX,21,40,1,0.0215,0.007527,0.005814
STANDARD,21,40,14,0.383809,0.325591,0.057353
MATRIX,21,40,1,0.023317,0.008996,0.00605
STANDARD,21,40,3,0.024356,0.011968,0.012241
MATRIX,21,40,1,0.022236,0.007512,0.006046
STANDARD,21,40,7,0.10485,0.076399,0.028039
MATRIX,21,40,1,0.021857,0.007468,0.005848
STANDARD,21,60,4,0.038785,0.021979,0.016615
MATRIX,21,60,2,0.035939,0.011502,0.009022
STANDARD,21,60,10,0.185929,0.14524,0.040103
MATRIX,21,60,1,0.022489,0.008087,0.005835
STANDARD,21,60,13,0.412929,0.35804,0.054091
MATRIX,21,60,1,0.022615,0.008194,0.006057
STANDARD,21,60,3,0.02458,0.012394,0.012062
MATRIX,21,60,1,0.022077,0.007753,0.005965
STANDARD,21,60,3,0.02478,0.012056,0.012565
MATRIX,21,60,1,0.022358,0.007429,0.006306
STANDARD,21,60,14,0.431518,0.37491,0.055798
MATRIX,21,60,1,0.022696,0.008545,0.005816
STANDARD,21,60,7,0.10944,0.078104,0.030924
MATRIX,21,60,1,0.024827,0.009675,0.006076
STANDARD,21,60,4,0.039305,0.021389,0.017731
MATRIX,21,60,2,0.036788,0.012605,0.009044
STANDARD,21,60,3,0.025013,0.012142,0.012728
MATRIX,21,60,2,0.036218,0.011802,0.009089
STANDARD,21,60,3,0.023237,0.011104,0.011959
MATRIX,21,60,1,0.022192,0.007788,0.00601
STANDARD,21,60,7,0.144917,0.103615,0.040593
MATRIX,21,60,1,0.029959,0.010541,0.007919
STANDARD,21,60,3,0.024231,0.011895,0.012206
MATRIX,21,60,2,0.035602,0.011472,0.008919
STANDARD,21,60,4,0.038208,0.021743,0.016229
MATRIX,21,60,2,0.035803,0.011792,0.008808
STANDARD,21,60,3,0.024042,0.011735,0.012178
MATRIX,21,60,1,0.022001,0.007492,0.005834
STANDARD,21,60,13,0.321984,0.270434,0.050763
MATRIX,21,60,1,0.022001,0.008323,0.005694
STANDARD,21,60,12,0.268419,0.22088,0.046842
MATRIX,21,60,1,0.022003,0.008101,0.005957
STANDARD,21,60,3,0.025366,0.012775,0.012454
MATRIX,21,60,2,0.035014,0.01146,0.008545
STANDARD,21,60,12,0.284262,0.236379,0.047149
MATRIX,21,60,1,0.022693,0.008012,0.006216
STANDARD,21,60,23,1.77672,1.68205,0.093205
MATRIX,21,60,2,0.036357,0.013161,0.008572
STANDARD,21,60,15,0.509848,0.450643,0.058336
MATRIX,21,60,1,0.021806,0.007982,0.005839
STANDARD,21,60,2,0.013111,0.005397,0.007629
MATRIX,21,60,1,0.021205,0.007234,0.005763
STANDARD,21,60,9,0.149107,0.113192,0.035426
MATRIX,21,60,1,0.022346,0.008138,0.006019
STANDARD,21,60,4,0.038931,0.022843,0.015863
MATRIX,21,60,2,0.03801,0.012617,0.009649
STANDARD,21,60,2,0.014327,0.005848,0.008417
MATRIX,21,60,1,0.022283,0.007564,0.006076
STANDARD,21,60,2,0.019755,0.00766,0.01197
MATRIX,21,60,1,0.035219,0.01206,0.009684
STANDARD,21,60,15,0.509226,0.447503,0.060806
MATRIX,21,60,1,0.022847,0.008794,0.00582
STANDARD,21,60,4,0.037066,0.020733,0.016158
MATRIX,21,60,2,0.036178,0.012291,0.008933
STANDARD,21,60,12,0.285396,0.238197,0.046479
MATRIX,21,60,1,0.021916,0.008143,0.005681
STANDARD,21,60,4,0.039256,0.022461,0.016606
MATRIX,21,60,2,0.034966,0.011878,0.008706
STANDARD,21,60,3,0.023425,0.011463,0.011797
MATRIX,21,60,1,0.021391,0.00746,0.005682
STANDARD,21,80,3,0.023871,0.01174,0.011996
MATRIX,21,80,2,0.035315,0.011985,0.008689
STANDARD,21,80,2,0.013633,0.005849,0.007718
MATRIX,21,80,1,0.021994,0.007545,0.005844
STANDARD,21,80,19,1.59018,1.47366,0.11342
MATRIX,21,80,1,0.044014,0.017049,0.011033
STANDARD,21,80,3,0.047529,0.024998,0.021482
MATRIX,21,80,1,0.032432,0.009902,0.01043
STANDARD,21,80,4,0.061711,0.03682,0.02455
MATRIX,21,80,2,0.061185,0.022964,0.014382
STANDARD,21,80,5,0.062346,0.03797,0.024095
MATRIX,21,80,3,0.054973,0.018233,0.013643
STANDARD,21,80,19,1.01135,0.919881,0.090141
MATRIX,21,80,1,0.026102,0.00983,0.006758
STANDARD,21,80,15,0.493405,0.42866,0.063807
MATRIX,21,80,1,0.023346,0.008508,0.0062
STANDARD,21,80,2,0.015188,0.006587,0.008511
MATRIX,21,80,1,0.026881,0.008911,0.007469
STANDARD,21,80,11,0.238078,0.192644,0.044796
MATRIX,21,80,1,0.022664,0.007946,0.00615
STANDARD,21,80,2,0.013872,0.005569,0.008227
MATRIX,21,80,1,0.023466,0.008037,0.006505
STANDARD,21,80,3,0.030705,0.014435,0.016122
MATRIX,21,80,1,0.02376,0.008029,0.006436
STANDARD,21,80,4,0.036664,0.021259,0.015193
MATRIX,21,80,2,0.035608,0.01213,0.00862
STANDARD,21,80,10,0.194536,0.154163,0.039782
MATRIX,21,80,1,0.022122,0.008088,0.005965
STANDARD,21,80,4,0.045803,0.025796,0.019792
MATRIX,21,80,2,0.036495,0.011992,0.009271
STANDARD,21,80,4,0.037723,0.021566,0.015948
MATRIX,21,80,2,0.039195,0.012726,0.00933
STANDARD,21,80,3,0.025727,0.013746,0.011855
MATRIX,21,80,1,0.021795,0.007542,0.005998
STANDARD,21,80,4,0.03514,0.019189,0.015764
MATRIX,21,80,2,0.035142,0.011518,0.008808
STANDARD,21,80,29,3.46761,3.34661,0.11881
MATRIX,21,80,2,0.044175,0.017489,0.010575
STANDARD,21,80,2,0.014677,0.006318,0.008296
MATRIX,21,80,1,0.022585,0.007715,0.006525
STANDARD,21,80,2,0.014577,0.006175,0.008338
MATRIX,21,80,1,0.023642,0.008156,0.006515
STANDARD,21,80,4,0.040474,0.023194,0.017065
MATRIX,21,80,2,0.037469,0.012507,0.009252
STANDARD,21,80,11,0.261793,0.214893,0.04618
MATRIX,21,80,1,0.025784,0.009034,0.007204
STANDARD,21,80,15,0.566054,0.499993,0.065105
MATRIX,21,80,1,0.023198,0.008568,0.006193
STANDARD,21,80,4,0.037741,0.02138,0.016158
MATRIX,21,80,1,0.022912,0.007903,0.006104
STANDARD,21,80,2,0.023019,0.009768,0.013141
MATRIX,21,80,1,0.032951,0.012145,0.007837
STANDARD,21,80,15,0.53578,0.471406,0.063324
MATRIX,21,80,1,0.024041,0.008757,0.006421
STANDARD,21,80,3,0.026864,0.013994,0.012738
MATRIX,21,80,1,0.023222,0.007817,0.006521
STANDARD,21,80,2,0.014486,0.005664,0.008751
MATRIX,21,80,1,0.02377,0.008072,0.006644
STANDARD,21,80,3,0.02619,0.012775,0.013285
MATRIX,21,80,1,0.023744,0.008161,0.006497
STANDARD,21,100,4,0.042044,0.024805,0.016984
MATRIX,21,100,2,0.038692,0.01234,0.010079
STANDARD,21,100,3,0.026706,0.013141,0.013378
MATRIX,21,100,1,0.026034,0.008301,0.007817
STANDARD,21,100,3,0.04041,0.02108,0.019147
MATRIX,21,100,2,0.057213,0.019025,0.015685
STANDARD,21,100,18,0.797079,0.715041,0.080669
MATRIX,21,100,1,0.025124,0.009233,0.006538
STANDARD,21,100,2,0.015014,0.006009,0.008932
MATRIX,21,100,1,0.024002,0.008325,0.006638
STANDARD,21,100,9,0.174946,0.13383,0.040445
MATRIX,21,100,1,0.025616,0.009532,0.006835
STANDARD,21,100,3,0.036635,0.01847,0.017865
MATRIX,21,100,1,0.030003,0.009496,0.008571
STANDARD,21,100,3,0.025925,0.012173,0.013607
MATRIX,21,100,1,0.025171,0.009025,0.006712
STANDARD,21,100,4,0.040978,0.022549,0.018195
MATRIX,21,100,1,0.024981,0.008473,0.007129
STANDARD,21,100,11,0.285223,0.233671,0.050676
MATRIX,21,100,1,0.025091,0.009514,0.006525
STANDARD,21,100,12,0.30443,0.251426,0.052219
MATRIX,21,100,1,0.024811,0.008533,0.006569
STANDARD,21,100,4,0.052625,0.031526,0.020837
MATRIX,21,100,2,0.047275,0.015718,0.011225
STANDARD,21,100,3,0.027679,0.014022,0.01347
MATRIX,21,100,1,0.037463,0.017573,0.008986
STANDARD,21,100,11,0.288441,0.238882,0.048733
MATRIX,21,100,1,0.024924,0.009047,0.006727
STANDARD,21,100,2,0.014938,0.005907,0.008959
MATRIX,21,100,1,0.024719,0.008882,0.006339
STANDARD,21,100,10,0.267261,0.218788,0.047741
MATRIX,21,100,1,0.038907,0.013841,0.010367
STANDARD,21,100,3,0.033447,0.017328,0.015939
MATRIX,21,100,1,0.032155,0.01117,0.00883
STANDARD,21,100,11,0.406831,0.314392,0.091456
MATRIX,21,100,1,0.02693,0.009369,0.007514
STANDARD,21,100,3,0.028038,0.013813,0.014089
MATRIX,21,100,2,0.040724,0.012899,0.009712
STANDARD,21,100,21,1.41126,1.32017,0.08969
MATRIX,21,100,1,0.025623,0.009255,0.006389
STANDARD,21,100,11,0.361189,0.30693,0.053511
MATRIX,21,100,1,0.038233,0.013543,0.010385
STANDARD,21,100,12,0.415729,0.343299,0.071142
MATRIX,21,100,1,0.027011,0.008963,0.007413
STANDARD,21,100,4,0.043431,0.024001,0.019178
MATRIX,21,100,1,0.024687,0.00858,0.006423
STANDARD,21,100,14,0.663284,0.580033,0.081559
MATRIX,21,100,1,0.032987,0.01146,0.009509
STANDARD,21,100,2,0.016952,0.007021,0.009843
MATRIX,21,100,1,0.025981,0.009387,0.007457
STANDARD,21,100,4,0.062761,0.037796,0.024664
MATRIX,21,100,2,0.056306,0.019736,0.013545
STANDARD,21,100,15,0.626328,0.538466,0.084198
MATRIX,21,100,1,0.025947,0.010164,0.006305
STANDARD,21,100,4,0.039436,0.022497,0.016736
MATRIX,21,100,2,0.037639,0.011964,0.009366
STANDARD,21,100,7,0.099712,0.067435,0.031795
MATRIX,21,100,3,0.054793,0.017286,0.013825
STANDARD,21,100,2,0.013753,0.005351,0.008322
MATRIX,21,100,1,0.022355,0.007594,0.006082
STANDARD,31,0,10,0.22348,0.137663,0.085105
MATRIX,31,0,1,0.044031,0.012733,0.01314
STANDARD,31,0,9,0.211502,0.135003,0.075891
MATRIX,31,0,1,0.042304,0.012439,0.012796
STANDARD,31,0,9,0.195604,0.119734,0.075262
MATRIX,31,0,1,0.042773,0.013013,0.012553
STANDARD,31,0,2,0.024623,0.006507,0.018045
MATRIX,31,0,1,0.043478,0.012511,0.013118
STANDARD,31,0,4,0.058448,0.023524,0.034719
MATRIX,31,0,2,0.080295,0.019407,0.019599
STANDARD,31,0,5,0.079605,0.03793,0.041399
MATRIX,31,0,1,0.042262,0.012317,0.012498
STANDARD,31,0,7,0.131306,0.068806,0.06205
MATRIX,31,0,1,0.045048,0.013542,0.013406
STANDARD,31,0,11,0.315195,0.214846,0.09964
MATRIX,31,0,1,0.045633,0.01318,0.014109
STANDARD,31,0,4,0.062024,0.024999,0.036827
MATRIX,31,0,4,0.13289,0.032394,0.036694
STANDARD,31,0,18,0.986239,0.821797,0.163131
MATRIX,31,0,1,0.047636,0.013502,0.015675
STANDARD,31,0,4,0.079708,0.030287,0.049145
MATRIX,31,0,1,0.057045,0.016871,0.017297
STANDARD,31,0,4,0.064292,0.026543,0.037471
MATRIX,31,0,2,0.070265,0.018318,0.020084
STANDARD,31,0,8,0.179304,0.105736,0.07298
MATRIX,31,0,1,0.045992,0.013503,0.013973
STANDARD,31,0,10,0.284468,0.188647,0.095115
MATRIX,31,0,1,0.058699,0.017667,0.016787
STANDARD,31,0,4,0.061838,0.023689,0.037895
MATRIX,31,0,1,0.055681,0.01733,0.018449
STANDARD,31,0,2,0.02409,0.006318,0.017701
MATRIX,31,0,1,0.04691,0.013409,0.013838
STANDARD,31,0,3,0.043247,0.013582,0.029439
MATRIX,31,0,1,0.054109,0.017436,0.014264
STANDARD,31,0,5,0.08739,0.042275,0.044826
MATRIX,31,0,1,0.047177,0.013667,0.014963
STANDARD,31,0,15,0.620638,0.481912,0.137626
MATRIX,31,0,1,0.046654,0.014122,0.01353
STANDARD,31,0,2,0.036568,0.009202,0.027239
MATRIX,31,0,1,0.071393,0.020315,0.020979
STANDARD,31,0,2,0.023443,0.006298,0.017075
MATRIX,31,0,1,0.045193,0.012832,0.013077
STANDARD,31,0,10,0.273605,0.182476,0.090405
MATRIX,31,0,1,0.049637,0.016604,0.013545
STANDARD,31,0,9,0.240998,0.149054,0.091361
MATRIX,31,0,2,0.11457,0.030494,0.031133
STANDARD,31,0,13,0.474499,0.349283,0.124291
MATRIX,31,0,1,0.048923,0.013824,0.014513
STANDARD,31,0,14,0.637718,0.465869,0.169835
MATRIX,31,0,1,0.059413,0.017563,0.019493
STANDARD,31,0,14,0.527214,0.393838,0.132377
MATRIX,31,0,1,0.046479,0.013635,0.014267
STANDARD,31,0,2,0.027088,0.005987,0.021026
MATRIX,31,0,1,0.057202,0.017833,0.017905
STANDARD,31,0,15,1.04484,0.813664,0.229298
MATRIX,31,0,1,0.079313,0.022646,0.023539
STANDARD,31,0,13,0.668233,0.495226,0.171577
MATRIX,31,0,1,0.04704,0.013332,0.014216
STANDARD,31,0,10,0.283373,0.183238,0.099359
MATRIX,31,0,1,0.04955,0.013901,0.014638
STANDARD,31,20,11,0.301105,0.198861,0.101573
MATRIX,31,20,1,0.046518,0.01366,0.013561
STANDARD,31,20,3,0.043468,0.016259,0.027074
MATRIX,31,20,1,0.049577,0.017508,0.013104
STANDARD,31,20,2,0.024621,0.006569,0.017985
MATRIX,31,20,1,0.049604,0.015151,0.01471
STANDARD,31,20,15,0.591573,0.456535,0.133944
MATRIX,31,20,1,0.046145,0.013656,0.014409
STANDARD,31,20,10,0.267443,0.17533,0.091475
MATRIX,31,20,1,0.045789,0.013508,0.013731
STANDARD,31,20,10,0.251427,0.162904,0.08786
MATRIX,31,20,1,0.043191,0.013023,0.012768
STANDARD,31,20,15,0.610744,0.482331,0.127415
MATRIX,31,20,1,0.044509,0.013457,0.013464
STANDARD,31,20,12,0.369257,0.264529,0.103896
MATRIX,31,20,1,0.044568,0.013289,0.012906
STANDARD,31,20,4,0.055055,0.021766,0.033086
MATRIX,31,20,2,0.07233,0.019427,0.019785
STANDARD,31,20,13,0.406126,0.291967,0.113342
MATRIX,31,20,1,0.043237,0.012979,0.012728
STANDARD,31,20,4,0.054625,0.019698,0.034703
MATRIX,31,20,2,0.075752,0.018109,0.02212
STANDARD,31,20,2,0.024059,0.006071,0.017925
MATRIX,31,20,1,0.042425,0.011885,0.013133
STANDARD,31,20,8,0.173261,0.100213,0.072447
MATRIX,31,20,1,0.04453,0.012968,0.013116
STANDARD,31,20,15,0.573143,0.439667,0.132421
MATRIX,31,20,1,0.045452,0.013463,0.013504
STANDARD,31,20,3,0.0403,0.012774,0.027386
MATRIX,31,20,1,0.046662,0.01297,0.014522
STANDARD,31,20,11,0.326861,0.224559,0.101512
MATRIX,31,20,1,0.049793,0.017155,0.013778
STANDARD,31,20,12,0.394064,0.280637,0.112526
MATRIX,31,20,1,0.047346,0.014314,0.01365
STANDARD,31,20,9,0.236333,0.148967,0.086622
MATRIX,31,20,7,0.488954,0.134648,0.123003
STANDARD,31,20,3,0.050035,0.017681,0.032164
MATRIX,31,20,2,0.081453,0.021134,0.021842
STANDARD,31,20,8,0.226012,0.132134,0.093274
MATRIX,31,20,1,0.057055,0.016311,0.015045
STANDARD,31,20,16,1.0467,0.813933,0.23097
MATRIX,31,20,1,0.072245,0.02072,0.021893
STANDARD,31,20,13,0.842647,0.640943,0.200274
MATRIX,31,20,1,0.068458,0.022142,0.017675
STANDARD,31,20,20,1.53911,1.33702,0.200549
MATRIX,31,20,1,0.051213,0.01639,0.014144
STANDARD,31,20,2,0.026575,0.006482,0.02002
MATRIX,31,20,1,0.052532,0.016728,0.016095
STANDARD,31,20,10,0.287263,0.188254,0.098324
MATRIX,31,20,1,0.073888,0.020266,0.022609
STANDARD,31,20,14,0.551318,0.42063,0.129763
MATRIX,31,20,1,0.051041,0.014168,0.015881
STANDARD,31,20,4,0.066534,0.02466,0.041662
MATRIX,31,20,3,0.11094,0.028513,0.027478
STANDARD,31,20,3,0.045886,0.017811,0.027913
MATRIX,31,20,1,0.06918,0.021463,0.018328
STANDARD,31,20,17,0.879878,0.717251,0.1613
MATRIX,31,20,1,0.049843,0.015365,0.013099
STANDARD,31,20,2,0.026712,0.007469,0.019164
MATRIX,31,20,1,0.051489,0.014252,0.014868
STANDARD,31,40,5,0.130412,0.0571,0.072741
MATRIX,31,40,2,0.212793,0.051524,0.061766
STANDARD,31,40,5,0.157475,0.069542,0.08721
MATRIX,31,40,2,0.164433,0.045619,0.045156
STANDARD,31,40,2,0.025733,0.006479,0.019178
MATRIX,31,40,1,0.048767,0.013254,0.015519
STANDARD,31,40,3,0.042132,0.013761,0.028237
MATRIX,31,40,2,0.080311,0.021058,0.022756
STANDARD,31,40,3,0.060245,0.018799,0.041232
MATRIX,31,40,1,0.071822,0.025036,0.017182
STANDARD,31,40,16,0.847299,0.68865,0.15746
MATRIX,31,40,1,0.056489,0.016184,0.018226
STANDARD,31,40,8,0.190546,0.114372,0.075642
MATRIX,31,40,1,0.050884,0.014867,0.015589
STANDARD,31,40,2,0.026287,0.006729,0.019479
MATRIX,31,40,1,0.05362,0.017355,0.013745
STANDARD,31,40,3,0.043744,0.013112,0.030484
MATRIX,31,40,1,0.049314,0.013343,0.01509
STANDARD,31,40,12,0.418199,0.302828,0.114394
MATRIX,31,40,1,0.047227,0.013943,0.013141
STANDARD,31,40,5,0.092967,0.041643,0.051
MATRIX,31,40,2,0.082153,0.023192,0.01999
STANDARD,31,40,5,0.170476,0.073306,0.096765
MATRIX,31,40,2,0.134883,0.034709,0.036255
STANDARD,31,40,4,0.104331,0.042218,0.061778
MATRIX,31,40,1,0.088618,0.02334,0.026194
STANDARD,31,40,19,1.41263,1.16623,0.24443
MATRIX,31,40,1,0.052193,0.015137,0.01444
STANDARD,31,40,15,0.661633,0.512147,0.148315
MATRIX,31,40,1,0.056657,0.015226,0.017448
STANDARD,31,40,13,0.42809,0.310236,0.116868
MATRIX,31,40,1,0.047979,0.014829,0.014151
STANDARD,31,40,2,0.026237,0.00655,0.019583
MATRIX,31,40,1,0.047246,0.01385,0.013367
STANDARD,31,40,11,0.327909,0.221053,0.106072
MATRIX,31,40,1,0.048673,0.015507,0.013418
STANDARD,31,40,12,0.385087,0.271107,0.112991
MATRIX,31,40,1,0.047952,0.014253,0.013481
STANDARD,31,40,3,0.04494,0.014324,0.030409
MATRIX,31,40,1,0.048163,0.015025,0.014012
STANDARD,31,40,12,0.416486,0.303492,0.112132
MATRIX,31,40,1,0.047812,0.014056,0.013437
STANDARD,31,40,12,0.364115,0.250616,0.112627
MATRIX,31,40,1,0.058523,0.01755,0.01883
STANDARD,31,40,2,0.02671,0.007277,0.019353
MATRIX,31,40,1,0.049893,0.014138,0.013848
STANDARD,31,40,20,1.3706,1.18645,0.182683
MATRIX,31,40,1,0.049284,0.014249,0.014515
STANDARD,31,40,21,1.46866,1.26139,0.20546
MATRIX,31,40,2,0.085485,0.022893,0.023155
STANDARD,31,40,3,0.044922,0.015502,0.029267
MATRIX,31,40,1,0.050189,0.014669,0.013896
STANDARD,31,40,13,0.454829,0.33455,0.119359
MATRIX,31,40,1,0.046312,0.013501,0.013347
STANDARD,31,40,2,0.026025,0.006031,0.019929
MATRIX,31,40,1,0.048239,0.013025,0.015435
STANDARD,31,40,10,0.270917,0.16944,0.100803
MATRIX,31,40,1,0.049759,0.016209,0.013148
STANDARD,31,40,12,0.427969,0.30572,0.121329
MATRIX,31,40,1,0.048735,0.01358,0.014867
STANDARD,31,60,20,1.34887,1.14508,0.202009
MATRIX,31,60,2,0.077515,0.021888,0.019353
STANDARD,31,60,4,0.070674,0.027169,0.043173
MATRIX,31,60,5,0.196404,0.049298,0.051344
STANDARD,31,60,4,0.061899,0.024251,0.037393
MATRIX,31,60,1,0.050672,0.015387,0.014124
STANDARD,31,60,3,0.054215,0.018811,0.035226
MATRIX,31,60,1,0.053696,0.01528,0.015842
STANDARD,31,60,18,1.02362,0.839541,0.182473
MATRIX,31,60,1,0.057352,0.016599,0.015955
STANDARD,31,60,4,0.097922,0.03729,0.059985
MATRIX,31,60,2,0.127587,0.038494,0.035184
STANDARD,31,60,2,0.039949,0.009637,0.030217
MATRIX,31,60,1,0.084804,0.030628,0.022354
STANDARD,31,60,4,0.086341,0.030935,0.055126
MATRIX,31,60,2,0.096566,0.027483,0.024968
STANDARD,31,60,4,0.064201,0.024649,0.039323
MATRIX,31,60,2,0.084973,0.023182,0.022786
STANDARD,31,60,4,0.064,0.024338,0.039421
MATRIX,31,60,2,0.08057,0.021246,0.023125
STANDARD,31,60,3,0.043259,0.013779,0.02931
MATRIX,31,60,1,0.049654,0.013549,0.015067
STANDARD,31,60,3,0.04629,0.013888,0.032263
MATRIX,31,60,1,0.055871,0.015886,0.016233
STANDARD,31,60,12,0.427703,0.299033,0.127707
MATRIX,31,60,1,0.051095,0.013689,0.014321
STANDARD,31,60,3,0.043735,0.014336,0.029146
MATRIX,31,60,1,0.053171,0.013761,0.017562
STANDARD,31,60,2,0.029406,0.009346,0.019959
MATRIX,31,60,1,0.057592,0.017988,0.016217
STANDARD,31,60,13,0.454703,0.328947,0.124865
MATRIX,31,60,1,0.052944,0.014533,0.017849
STANDARD,31,60,3,0.044575,0.017847,0.026536
MATRIX,31,60,1,0.050301,0.013345,0.015582
STANDARD,31,60,2,0.026859,0.006314,0.020428
MATRIX,31,60,1,0.052117,0.01406,0.015581
STANDARD,31,60,14,0.549258,0.412606,0.135551
MATRIX,31,60,1,0.049503,0.013522,0.0159
STANDARD,31,60,4,0.068244,0.028531,0.039198
MATRIX,31,60,2,0.090613,0.019939,0.027522
STANDARD,31,60,4,0.078793,0.030274,0.048163
MATRIX,31,60,2,0.087976,0.025468,0.02262
STANDARD,31,60,4,0.081827,0.033627,0.0478
MATRIX,31,60,1,0.069871,0.019804,0.020908
STANDARD,31,60,13,0.48109,0.354281,0.125819
MATRIX,31,60,1,0.048517,0.013531,0.014531
STANDARD,31,60,3,0.043722,0.013546,0.030035
MATRIX,31,60,2,0.082393,0.021767,0.021806
STANDARD,31,60,9,0.238751,0.147432,0.090629
MATRIX,31,60,1,0.048946,0.013305,0.015943
STANDARD,31,60,5,0.097585,0.042524,0.054714
MATRIX,31,60,2,0.087782,0.023159,0.0224
STANDARD,31,60,11,0.354488,0.247734,0.105945
MATRIX,31,60,1,0.052368,0.014932,0.014555
STANDARD,31,60,3,0.043886,0.015133,0.028596
MATRIX,31,60,2,0.078253,0.020928,0.019641
STANDARD,31,60,4,0.06356,0.025618,0.037679
MATRIX,31,60,1,0.047344,0.012505,0.015399
STANDARD,31,60,4,0.06537,0.024427,0.040703
MATRIX,31,60,2,0.085082,0.023083,0.021899
STANDARD,31,80,4,0.06132,0.024445,0.036646
MATRIX,31,80,2,0.080922,0.023754,0.020262
STANDARD,31,80,4,0.063729,0.023388,0.040108
MATRIX,31,80,2,0.078055,0.022052,0.019934
STANDARD,31,80,17,0.841387,0.670801,0.169158
MATRIX,31,80,1,0.046548,0.013418,0.01314
STANDARD,31,80,11,0.352178,0.243417,0.107797
MATRIX,31,80,1,0.053924,0.015946,0.017019
STANDARD,31,80,10,0.292286,0.192111,0.099442
MATRIX,31,80,1,0.045802,0.013057,0.013589
STANDARD,31,80,7,0.160656,0.090863,0.069297
MATRIX,31,80,1,0.051543,0.014861,0.014265
STANDARD,31,80,19,1.08286,0.906623,0.174711
MATRIX,31,80,1,0.052104,0.014899,0.014454
STANDARD,31,80,9,0.223815,0.13483,0.088304
MATRIX,31,80,1,0.051053,0.014693,0.015906
STANDARD,31,80,2,0.032797,0.009898,0.022802
MATRIX,31,80,1,0.064707,0.018898,0.018597
STANDARD,31,80,12,0.449318,0.322982,0.125385
MATRIX,31,80,1,0.077341,0.02346,0.022573
STANDARD,31,80,5,0.087377,0.041488,0.045582
MATRIX,31,80,1,0.050909,0.015872,0.01324
STANDARD,31,80,12,0.478022,0.337255,0.13955
MATRIX,31,80,1,0.050449,0.014214,0.014703
STANDARD,31,80,2,0.034402,0.008411,0.025895
MATRIX,31,80,1,0.052274,0.014371,0.015723
STANDARD,31,80,10,0.296883,0.19771,0.098478
MATRIX,31,80,1,0.054811,0.016641,0.014533
STANDARD,31,80,13,0.486817,0.359919,0.125895
MATRIX,31,80,1,0.049919,0.014774,0.013885
STANDARD,31,80,4,0.068998,0.026145,0.042623
MATRIX,31,80,2,0.088714,0.023103,0.022988
STANDARD,31,80,3,0.044358,0.013629,0.03058
MATRIX,31,80,1,0.050753,0.014522,0.014758
STANDARD,31,80,3,0.03994,0.012617,0.027154
MATRIX,31,80,1,0.0458,0.012083,0.01503
STANDARD,31,80,2,0.025392,0.00635,0.01897
MATRIX,31,80,1,0.050111,0.012859,0.016088
STANDARD,31,80,9,0.250389,0.155917,0.093709
MATRIX,31,80,1,0.049491,0.013788,0.015527
STANDARD,31,80,7,0.152483,0.081754,0.070244
MATRIX,31,80,1,0.048802,0.01457,0.014168
STANDARD,31,80,10,0.29579,0.191481,0.103497
MATRIX,31,80,1,0.051439,0.014378,0.016422
STANDARD,31,80,14,0.60631,0.463321,0.141893
MATRIX,31,80,1,0.05066,0.015383,0.013967
STANDARD,31,80,4,0.065661,0.02652,0.038925
MATRIX,31,80,2,0.081279,0.021566,0.022217
STANDARD,31,80,17,0.851799,0.696921,0.153682
MATRIX,31,80,1,0.053789,0.016581,0.01398
STANDARD,31,80,16,0.857466,0.685776,0.170388
MATRIX,31,80,1,0.054671,0.016047,0.016287
STANDARD,31,80,13,0.578743,0.438702,0.138829
MATRIX,31,80,1,0.075705,0.021802,0.022393
STANDARD,31,80,4,0.129015,0.047015,0.075585
MATRIX,31,80,2,0.126607,0.037248,0.036089
STANDARD,31,80,11,0.382516,0.259199,0.122161
MATRIX,31,80,1,0.055554,0.015028,0.017981
STANDARD,31,80,10,0.414931,0.272999,0.140944
MATRIX,31,80,1,0.077131,0.022678,0.026243
STANDARD,31,100,2,0.026947,0.007229,0.019622
MATRIX,31,100,1,0.05174,0.014904,0.014836
STANDARD,31,100,4,0.075284,0.029529,0.045511
MATRIX,31,100,3,0.118362,0.027702,0.034148
STANDARD,31,100,2,0.037837,0.00815,0.029596
MATRIX,31,100,1,0.059428,0.019914,0.016619
STANDARD,31,100,9,0.345687,0.224139,0.119153
MATRIX,31,100,1,0.071413,0.021214,0.018269
STANDARD,31,100,14,0.651117,0.491175,0.158822
MATRIX,31,100,1,0.05096,0.015494,0.014472
STANDARD,31,100,17,0.916731,0.741301,0.173918
MATRIX,31,100,1,0.048418,0.014276,0.014549
STANDARD,31,100,2,0.025736,0.007756,0.017906
MATRIX,31,100,1,0.055753,0.015815,0.016734
STANDARD,31,100,2,0.026235,0.006275,0.019864
MATRIX,31,100,1,0.047987,0.013561,0.014265
STANDARD,31,100,12,0.449023,0.320453,0.127583
MATRIX,31,100,1,0.049867,0.015419,0.013591
STANDARD,31,100,2,0.02447,0.006146,0.018258
MATRIX,31,100,1,0.043852,0.012191,0.013402
STANDARD,31,100,14,0.560282,0.431047,0.128116
MATRIX,31,100,1,0.047883,0.013202,0.013924
STANDARD,31,100,16,0.740644,0.595145,0.14436
MATRIX,31,100,1,0.048211,0.014279,0.013525
STANDARD,31,100,13,0.450024,0.327101,0.121951
MATRIX,31,100,1,0.048076,0.014677,0.01352
STANDARD,31,100,12,0.408513,0.295328,0.112315
MATRIX,31,100,1,0.049205,0.014277,0.013023
STANDARD,31,100,3,0.049792,0.016648,0.032284
MATRIX,31,100,1,0.070719,0.019667,0.021166
STANDARD,31,100,2,0.028492,0.0061,0.022326
MATRIX,31,100,1,0.050999,0.012369,0.01785
STANDARD,31,100,3,0.044021,0.013864,0.03001
MATRIX,31,100,2,0.075891,0.020237,0.021252
STANDARD,31,100,16,0.734789,0.586174,0.147417
MATRIX,31,100,1,0.048069,0.014585,0.01299
STANDARD,31,100,14,0.56779,0.432953,0.133661
MATRIX,31,100,1,0.048026,0.014233,0.014375
STANDARD,31,100,10,0.279083,0.186557,0.091856
MATRIX,31,100,1,0.048802,0.013938,0.014981
STANDARD,31,100,15,0.636131,0.498978,0.136008
MATRIX,31,100,1,0.047242,0.013463,0.013764
STANDARD,31,100,13,0.464557,0.340972,0.122633
MATRIX,31,100,1,0.047284,0.012948,0.013823
STANDARD,31,100,18,0.962984,0.798405,0.163113
MATRIX,31,100,1,0.045865,0.013819,0.012933
STANDARD,31,100,6,0.113155,0.059088,0.053682
MATRIX,31,100,8,0.254948,0.066909,0.061611
STANDARD,31,100,4,0.064001,0.026589,0.037196
MATRIX,31,100,2,0.079402,0.021042,0.020056
STANDARD,31,100,2,0.02461,0.007338,0.017186
MATRIX,31,100,1,0.046665,0.012442,0.014638
STANDARD,31,100,3,0.04448,0.013469,0.030878
MATRIX,31,100,1,0.050901,0.012998,0.015504
STANDARD,31,100,5,0.085604,0.035123,0.050154
MATRIX,31,100,2,0.081223,0.022077,0.021334
STANDARD,31,100,12,0.372729,0.264743,0.107004
MATRIX,31,100,1,0.048724,0.015418,0.012888
STANDARD,31,100,4,0.061836,0.024128,0.03744
MATRIX,31,100,2,0.073882,0.019369,0.020485
STANDARD,41,0,6,0.166283,0.061796,0.104096
MATRIX,41,0,1,0.075223,0.018891,0.02331
STANDARD,41,0,6,0.148945,0.054314,0.094149
MATRIX,41,0,1,0.076976,0.0185,0.02614
STANDARD,41,0,12,0.551696,0.335647,0.215008
MATRIX,41,0,1,0.078481,0.021912,0.023737
STANDARD,41,0,12,0.442503,0.245836,0.195828
MATRIX,41,0,1,0.078877,0.018869,0.028065
STANDARD,41,0,2,0.040697,0.008462,0.032146
MATRIX,41,0,1,0.077619,0.02118,0.023155
STANDARD,41,0,4,0.090192,0.024206,0.065695
MATRIX,41,0,2,0.126593,0.029094,0.038842
STANDARD,41,0,14,0.623443,0.391028,0.231392
MATRIX,41,0,1,0.077673,0.019816,0.025242
STANDARD,41,0,2,0.036606,0.006848,0.029686
MATRIX,41,0,1,0.076237,0.019193,0.022814
STANDARD,41,0,2,0.036482,0.005664,0.030751
MATRIX,41,0,1,0.077897,0.019576,0.026136
STANDARD,41,0,6,0.149745,0.053251,0.096137
MATRIX,41,0,2,0.129183,0.029532,0.037779
STANDARD,41,0,11,0.383791,0.204286,0.178762
MATRIX,41,0,1,0.075702,0.019345,0.02443
STANDARD,41,0,4,0.094702,0.026341,0.068089
MATRIX,41,0,2,0.1262,0.029729,0.03996
STANDARD,41,0,4,0.093064,0.027621,0.065236
MATRIX,41,0,4,0.216026,0.047866,0.063116
STANDARD,41,0,8,0.243008,0.114197,0.128263
MATRIX,41,0,1,0.077036,0.020433,0.023895
STANDARD,41,0,2,0.041005,0.00712,0.033785
MATRIX,41,0,1,0.080268,0.02054,0.024677
STANDARD,41,0,4,0.101649,0.028389,0.072955
MATRIX,41,0,2,0.136929,0.032202,0.041726
STANDARD,41,0,5,0.122263,0.038043,0.083928
MATRIX,41,0,2,0.128491,0.03002,0.037168
STANDARD,41,0,2,0.063683,0.009682,0.053799
MATRIX,41,0,1,0.133205,0.033823,0.040295
STANDARD,41,0,13,0.75151,0.476436,0.273763
MATRIX,41,0,1,0.091474,0.022634,0.028953
STANDARD,41,0,18,1.31563,0.969964,0.34411
MATRIX,41,0,1,0.097052,0.023179,0.030706
STANDARD,41,0,3,0.08135,0.017639,0.063527
MATRIX,41,0,2,0.238881,0.062078,0.074111
STANDARD,41,0,8,0.284002,0.126204,0.157119
MATRIX,41,0,1,0.094074,0.023746,0.032756
STANDARD,41,0,8,0.225532,0.095618,0.129386
MATRIX,41,0,2,0.130117,0.03109,0.039152
STANDARD,41,0,2,0.043376,0.008389,0.034918
MATRIX,41,0,1,0.085879,0.022834,0.024232
STANDARD,41,0,7,0.197858,0.081153,0.116253
MATRIX,41,0,1,0.080126,0.01961,0.026528
STANDARD,41,0,2,0.038868,0.008279,0.030515
MATRIX,41,0,1,0.075091,0.018981,0.023491
STANDARD,41,0,3,0.063735,0.013852,0.049742
MATRIX,41,0,1,0.077273,0.019,0.024924
STANDARD,41,0,3,0.069034,0.014519,0.054326
MATRIX,41,0,1,0.082878,0.019894,0.023838
STANDARD,41,0,3,0.071337,0.014353,0.056835
MATRIX,41,0,1,0.083918,0.023489,0.026526
STANDARD,41,0,3,0.06961,0.015265,0.054203
MATRIX,41,0,2,0.139547,0.030996,0.040783
STANDARD,41,20,4,0.088665,0.023207,0.065213
MATRIX,41,20,2,0.134724,0.033248,0.039497
STANDARD,41,20,16,0.876464,0.602925,0.272351
MATRIX,41,20,1,0.082173,0.021987,0.026248
STANDARD,41,20,4,0.094415,0.024819,0.069221
MATRIX,41,20,1,0.085081,0.020741,0.026783
STANDARD,41,20,11,0.414105,0.229856,0.183385
MATRIX,41,20,1,0.077586,0.018852,0.025779
STANDARD,41,20,3,0.060329,0.014346,0.045818
MATRIX,41,20,1,0.079173,0.020099,0.027125
STANDARD,41,20,16,0.811751,0.556539,0.254035
MATRIX,41,20,1,0.076165,0.020005,0.024187
STANDARD,41,20,2,0.03849,0.008024,0.030372
MATRIX,41,20,1,0.075653,0.018672,0.022634
STANDARD,41,20,3,0.060674,0.014565,0.045959
MATRIX,41,20,2,0.129339,0.029321,0.038717
STANDARD,41,20,3,0.06887,0.016711,0.051983
MATRIX,41,20,1,0.082398,0.022097,0.025013
STANDARD,41,20,5,0.128022,0.038578,0.089146
MATRIX,41,20,2,0.133647,0.030815,0.042541
STANDARD,41,20,13,0.596996,0.374557,0.22152
MATRIX,41,20,1,0.117487,0.030259,0.036418
STANDARD,41,20,3,0.064357,0.015655,0.048551
MATRIX,41,20,2,0.131901,0.03101,0.037884
STANDARD,41,20,2,0.039463,0.006297,0.033099
MATRIX,41,20,1,0.077208,0.019287,0.023868
STANDARD,41,20,3,0.061289,0.015308,0.04583
MATRIX,41,20,1,0.075971,0.019455,0.024408
STANDARD,41,20,4,0.09064,0.024104,0.066278
MATRIX,41,20,2,0.132336,0.030812,0.041472
STANDARD,41,20,5,0.124385,0.045332,0.078783
MATRIX,41,20,2,0.12172,0.029773,0.035501
STANDARD,41,20,2,0.037421,0.00658,0.030732
MATRIX,41,20,1,0.077339,0.018508,0.025632
STANDARD,41,20,18,0.967872,0.689199,0.277285
MATRIX,41,20,1,0.078539,0.020354,0.026617
STANDARD,41,20,12,0.47234,0.279948,0.191497
MATRIX,41,20,1,0.07855,0.021342,0.024874
STANDARD,41,20,13,0.549581,0.336169,0.212488
MATRIX,41,20,1,0.077535,0.019795,0.025663
STANDARD,41,20,3,0.06049,0.012943,0.047378
MATRIX,41,20,2,0.131168,0.031282,0.038442
STANDARD,41,20,15,0.746033,0.497698,0.247194
MATRIX,41,20,1,0.076661,0.019472,0.024902
STANDARD,41,20,8,0.237802,0.110085,0.127129
MATRIX,41,20,2,0.125308,0.028574,0.038393
STANDARD,41,20,12,0.51457,0.319217,0.194383
MATRIX,41,20,1,0.075678,0.019299,0.024298
STANDARD,41,20,12,0.522464,0.313298,0.208317
MATRIX,41,20,1,0.082458,0.023868,0.024869
STANDARD,41,20,7,0.209163,0.087908,0.120752
MATRIX,41,20,1,0.081147,0.021141,0.025833
STANDARD,41,20,18,1.21657,0.856165,0.358929
MATRIX,41,20,1,0.081744,0.022366,0.026654
STANDARD,41,20,2,0.041621,0.005871,0.035683
MATRIX,41,20,1,0.08167,0.022312,0.02568
STANDARD,41,20,3,0.065268,0.013654,0.051392
MATRIX,41,20,1,0.080395,0.020598,0.025963
STANDARD,41,20,3,0.063971,0.015082,0.048747
MATRIX,41,20,1,0.083928,0.022713,0.026553
STANDARD,41,40,2,0.040584,0.005842,0.034651
MATRIX,41,40,1,0.076299,0.020157,0.023854
STANDARD,41,40,3,0.061104,0.012338,0.0486
MATRIX,41,40,1,0.078241,0.020203,0.025451
STANDARD,41,40,2,0.039865,0.007225,0.032566
MATRIX,41,40,1,0.078095,0.020305,0.024123
STANDARD,41,40,15,0.754461,0.505743,0.247551
MATRIX,41,40,1,0.079092,0.021284,0.024816
STANDARD,41,40,5,0.135021,0.046567,0.088156
MATRIX,41,40,1,0.082935,0.02165,0.026388
STANDARD,41,40,2,0.03678,0.00522,0.031496
MATRIX,41,40,1,0.076138,0.019028,0.024643
STANDARD,41,40,20,1.38194,1.07172,0.308755
MATRIX,41,40,1,0.079669,0.021535,0.025538
STANDARD,41,40,19,1.16693,0.867311,0.298192
MATRIX,41,40,1,0.074764,0.019147,0.023211
STANDARD,41,40,3,0.064779,0.013981,0.050646
MATRIX,41,40,1,0.077011,0.020746,0.023186
STANDARD,41,40,16,0.832445,0.566181,0.264957
MATRIX,41,40,1,0.083062,0.020356,0.028511
STANDARD,41,40,13,0.578378,0.364167,0.213187
MATRIX,41,40,1,0.077805,0.02047,0.024387
STANDARD,41,40,2,0.036545,0.005742,0.030729
MATRIX,41,40,1,0.080169,0.020332,0.025959
STANDARD,41,40,5,0.119175,0.038665,0.080232
MATRIX,41,40,1,0.077608,0.020579,0.024935
STANDARD,41,40,12,0.552888,0.337449,0.214488
MATRIX,41,40,1,0.111672,0.032672,0.031785
STANDARD,41,40,14,0.64392,0.403167,0.239701
MATRIX,41,40,1,0.080286,0.0225,0.023893
STANDARD,41,40,16,0.856769,0.588162,0.26734
MATRIX,41,40,1,0.080107,0.020087,0.026948
STANDARD,41,40,4,0.088292,0.022045,0.066014
MATRIX,41,40,2,0.117512,0.028336,0.034132
STANDARD,41,40,2,0.038685,0.006019,0.032592
MATRIX,41,40,1,0.077875,0.021791,0.023025
STANDARD,41,40,3,0.06476,0.013919,0.050652
MATRIX,41,40,1,0.077669,0.020107,0.022481
STANDARD,41,40,15,0.71353,0.479287,0.233191
MATRIX,41,40,1,0.077367,0.020786,0.024
STANDARD,41,40,2,0.035909,0.005335,0.030485
MATRIX,41,40,1,0.080947,0.021162,0.027197
STANDARD,41,40,4,0.091575,0.025351,0.065982
MATRIX,41,40,2,0.120992,0.027836,0.036124
STANDARD,41,40,15,0.764258,0.517869,0.245276
MATRIX,41,40,1,0.080518,0.020445,0.025647
STANDARD,41,40,3,0.061557,0.012764,0.048655
MATRIX,41,40,1,0.076395,0.019243,0.024225
STANDARD,41,40,3,0.062106,0.01441,0.047538
MATRIX,41,40,1,0.079341,0.020474,0.025532
STANDARD,41,40,3,0.063526,0.013931,0.049455
MATRIX,41,40,2,0.126671,0.031228,0.036891
STANDARD,41,40,3,0.065738,0.014062,0.051492
MATRIX,41,40,1,0.078803,0.021862,0.024265
STANDARD,41,40,7,0.200162,0.079558,0.120103
MATRIX,41,40,1,0.083357,0.02014,0.029416
STANDARD,41,40,15,0.757142,0.505516,0.250015
MATRIX,41,40,1,0.075866,0.018897,0.026024
STANDARD,41,40,2,0.035194,0.005742,0.029372
MATRIX,41,40,1,0.073451,0.0196,0.021944
STANDARD,41,60,3,0.059023,0.013744,0.045138
MATRIX,41,60,1,0.076462,0.018,0.026946
STANDARD,41,60,14,0.595196,0.369132,0.225079
MATRIX,41,60,1,0.074541,0.018802,0.024494
STANDARD,41,60,3,0.057937,0.012757,0.045037
MATRIX,41,60,1,0.076986,0.018492,0.02648
STANDARD,41,60,6,0.157829,0.059492,0.097994
MATRIX,41,60,1,0.077557,0.019151,0.025107
STANDARD,41,60,8,0.239046,0.112953,0.125557
MATRIX,41,60,1,0.072821,0.019663,0.022701
STANDARD,41,60,3,0.061249,0.013595,0.047524
MATRIX,41,60,1,0.073617,0.018277,0.023114
STANDARD,41,60,3,0.060448,0.014949,0.045357
MATRIX,41,60,2,0.127053,0.030894,0.038334
STANDARD,41,60,12,0.475637,0.279417,0.195272
MATRIX,41,60,1,0.073422,0.020809,0.022443
STANDARD,41,60,4,0.089196,0.023654,0.065288
MATRIX,41,60,2,0.120846,0.028117,0.037514
STANDARD,41,60,2,0.036792,0.007543,0.029166
MATRIX,41,60,1,0.076287,0.01834,0.025699
STANDARD,41,60,2,0.039441,0.005448,0.033907
MATRIX,41,60,1,0.074131,0.018812,0.022971
STANDARD,41,60,15,0.733348,0.501272,0.231008
MATRIX,41,60,1,0.073305,0.018744,0.023354
STANDARD,41,60,9,0.27318,0.135903,0.13671
MATRIX,41,60,2,0.12597,0.030974,0.039439
STANDARD,41,60,3,0.059391,0.012688,0.046531
MATRIX,41,60,1,0.076313,0.021038,0.023972
STANDARD,41,60,4,0.09025,0.023914,0.066083
MATRIX,41,60,3,0.169341,0.037888,0.049979
STANDARD,41,60,15,0.690011,0.443326,0.245552
MATRIX,41,60,1,0.075762,0.020335,0.023553
STANDARD,41,60,14,0.705785,0.456787,0.24783
MATRIX,41,60,1,0.081532,0.021324,0.026638
STANDARD,41,60,2,0.037983,0.006849,0.031043
MATRIX,41,60,1,0.077384,0.019287,0.024221
STANDARD,41,60,17,0.933757,0.660639,0.271858
MATRIX,41,60,1,0.081173,0.020281,0.026574
STANDARD,41,60,2,0.041191,0.006512,0.034593
MATRIX,41,60,1,0.080538,0.02133,0.025028
STANDARD,41,60,14,0.563801,0.334698,0.228057
MATRIX,41,60,1,0.079767,0.02239,0.024058
STANDARD,41,60,11,0.441122,0.26027,0.180085
MATRIX,41,60,1,0.080584,0.020096,0.026166
STANDARD,41,60,14,0.644665,0.412508,0.230986
MATRIX,41,60,1,0.077353,0.021727,0.024306
STANDARD,41,60,9,0.293916,0.15499,0.138235
MATRIX,41,60,1,0.079402,0.019284,0.02744
STANDARD,41,60,12,0.473096,0.286021,0.186239
MATRIX,41,60,1,0.075541,0.019213,0.024345
STANDARD,41,60,2,0.037328,0.00704,0.030214
MATRIX,41,60,1,0.078299,0.020059,0.023941
STANDARD,41,60,11,0.411279,0.230454,0.180068
MATRIX,41,60,1,0.078876,0.020566,0.02503
STANDARD,41,60,3,0.067527,0.013785,0.053595
MATRIX,41,60,1,0.079985,0.022126,0.024985
STANDARD,41,60,3,0.06107,0.013188,0.047722
MATRIX,41,60,1,0.075906,0.020246,0.02405
STANDARD,41,60,18,1.05945,0.756621,0.301465
MATRIX,41,60,1,0.08027,0.020966,0.025587
STANDARD,41,80,12,0.466514,0.263903,0.201685
MATRIX,41,80,1,0.135125,0.029743,0.038534
STANDARD,41,80,6,0.145085,0.052622,0.092057
MATRIX,41,80,7,0.423785,0.09469,0.109859
STANDARD,41,80,4,0.08568,0.024196,0.061234
MATRIX,41,80,3,0.169228,0.036891,0.051254
STANDARD,41,80,12,0.537417,0.311533,0.224782
MATRIX,41,80,1,0.108455,0.027048,0.031517
STANDARD,41,80,17,1.02683,0.690359,0.334815
MATRIX,41,80,1,0.086805,0.023491,0.026281
STANDARD,41,80,15,0.853798,0.557505,0.294971
MATRIX,41,80,1,0.079968,0.021415,0.025102
STANDARD,41,80,4,0.102342,0.023462,0.078677
MATRIX,41,80,2,0.150907,0.040168,0.041975
STANDARD,41,80,16,1.18903,0.808843,0.378153
MATRIX,41,80,1,0.088595,0.023841,0.027979
STANDARD,41,80,16,0.942778,0.633312,0.307997
MATRIX,41,80,1,0.083557,0.022927,0.026886
STANDARD,41,80,3,0.061858,0.014026,0.047693
MATRIX,41,80,2,0.13217,0.030313,0.042689
STANDARD,41,80,6,0.17826,0.062054,0.115782
MATRIX,41,80,4,0.247553,0.054791,0.070879
STANDARD,41,80,3,0.071281,0.016346,0.054724
MATRIX,41,80,2,0.140418,0.031932,0.042823
STANDARD,41,80,4,0.100917,0.028923,0.071687
MATRIX,41,80,3,0.182786,0.040324,0.051088
STANDARD,41,80,4,0.098667,0.028346,0.070071
MATRIX,41,80,2,0.133492,0.031547,0.039059
STANDARD,41,80,5,0.133601,0.043319,0.089926
MATRIX,41,80,2,0.136916,0.033723,0.039688
STANDARD,41,80,16,0.899954,0.624256,0.274357
MATRIX,41,80,1,0.075856,0.019737,0.023614
STANDARD,41,80,2,0.039627,0.006488,0.03306
MATRIX,41,80,1,0.082137,0.022847,0.024438
STANDARD,41,80,15,0.994192,0.639552,0.352767
MATRIX,41,80,1,0.079006,0.020381,0.024782
STANDARD,41,80,2,0.040798,0.007099,0.033628
MATRIX,41,80,1,0.082031,0.020642,0.026442
STANDARD,41,80,12,0.546936,0.327755,0.218158
MATRIX,41,80,1,0.082057,0.02134,0.026076
STANDARD,41,80,2,0.041499,0.006384,0.035047
MATRIX,41,80,1,0.085685,0.021483,0.026828
STANDARD,41,80,14,0.798909,0.505734,0.291713
MATRIX,41,80,1,0.085144,0.021822,0.023522
STANDARD,41,80,4,0.096045,0.025923,0.069869
MATRIX,41,80,2,0.142564,0.033264,0.04125
STANDARD,41,80,11,0.394362,0.211355,0.182234
MATRIX,41,80,1,0.0807,0.020668,0.024471
STANDARD,41,80,2,0.041524,0.006295,0.035159
MATRIX,41,80,1,0.085168,0.022659,0.025428
STANDARD,41,80,3,0.07223,0.016416,0.055655
MATRIX,41,80,1,0.084119,0.023421,0.026662
STANDARD,41,80,2,0.040475,0.006393,0.034005
MATRIX,41,80,1,0.081534,0.02216,0.025345
STANDARD,41,80,2,0.040303,0.006674,0.03356
MATRIX,41,80,1,0.081239,0.020122,0.024966
STANDARD,41,80,2,0.040011,0.006608,0.033272
MATRIX,41,80,1,0.083471,0.02078,0.026778
STANDARD,41,80,11,0.414745,0.232185,0.181754
MATRIX,41,80,1,0.078583,0.022078,0.023526
STANDARD,41,100,8,0.227992,0.094331,0.133164
MATRIX,41,100,2,0.125471,0.030995,0.036999
STANDARD,41,100,19,1.24575,0.93128,0.313025
MATRIX,41,100,1,0.075174,0.019074,0.023781
STANDARD,41,100,3,0.068272,0.016597,0.051523
MATRIX,41,100,1,0.081551,0.021063,0.027284
STANDARD,41,100,8,0.230525,0.104297,0.125673
MATRIX,41,100,1,0.075935,0.020149,0.023042
STANDARD,41,100,12,0.492431,0.292649,0.198971
MATRIX,41,100,1,0.081381,0.020166,0.028009
STANDARD,41,100,14,0.661427,0.420339,0.240032
MATRIX,41,100,1,0.076359,0.019582,0.023285
STANDARD,41,100,4,0.08651,0.021327,0.064939
MATRIX,41,100,4,0.221694,0.049162,0.061205
STANDARD,41,100,11,0.430707,0.246295,0.183535
MATRIX,41,100,1,0.075894,0.02008,0.023878
STANDARD,41,100,5,0.186915,0.057506,0.128994
MATRIX,41,100,3,0.184906,0.041464,0.055522
STANDARD,41,100,4,0.127142,0.030599,0.096258
MATRIX,41,100,2,0.138267,0.031245,0.040448
STANDARD,41,100,11,0.416872,0.223874,0.192162
MATRIX,41,100,1,0.085969,0.021692,0.028456
STANDARD,41,100,2,0.04187,0.00813,0.033613
MATRIX,41,100,1,0.079361,0.020287,0.024102
STANDARD,41,100,4,0.096094,0.02701,0.068809
MATRIX,41,100,1,0.089433,0.02192,0.025044
STANDARD,41,100,15,0.748924,0.453221,0.29437
MATRIX,41,100,1,0.082454,0.02061,0.027713
STANDARD,41,100,11,0.458306,0.248955,0.208489
MATRIX,41,100,1,0.090447,0.024501,0.028944
STANDARD,41,100,3,0.066561,0.01495,0.051456
MATRIX,41,100,1,0.081973,0.021368,0.026875
STANDARD,41,100,4,0.09854,0.027937,0.070352
MATRIX,41,100,2,0.136581,0.031982,0.04136
STANDARD,41,100,3,0.063441,0.014365,0.048931
MATRIX,41,100,1,0.081972,0.022214,0.024945
STANDARD,41,100,6,0.171587,0.065313,0.105848
MATRIX,41,100,1,0.085375,0.020665,0.029821
STANDARD,41,100,12,0.453083,0.262606,0.189519
MATRIX,41,100,1,0.077923,0.021124,0.023881
STANDARD,41,100,3,0.063334,0.013877,0.049276
MATRIX,41,100,2,0.134361,0.031288,0.038028
STANDARD,41,100,10,0.38138,0.205251,0.175393
MATRIX,41,100,1,0.084519,0.022984,0.027956
STANDARD,41,100,2,0.041285,0.007031,0.03416
MATRIX,41,100,1,0.084474,0.021779,0.026089
STANDARD,41,100,2,0.038829,0.007231,0.031506
MATRIX,41,100,1,0.079988,0.020456,0.024582
STANDARD,41,100,2,0.038092,0.00681,0.031193
MATRIX,41,100,1,0.074244,0.019552,0.023203
STANDARD,41,100,3,0.063692,0.012071,0.051447
MATRIX,41,100,1,0.079919,0.021206,0.024672
STANDARD,41,100,3,0.067362,0.014437,0.052776
MATRIX,41,100,1,0.080637,0.021217,0.024349
STANDARD,41,100,12,0.516072,0.305269,0.20988
MATRIX,41,100,1,0.079169,0.020367,0.024373
STANDARD,41,100,2,0.039597,0.007191,0.032327
MATRIX,41,100,1,0.083461,0.02198,0.025261
STANDARD,41,100,11,0.419016,0.227745,0.190433
MATRIX,41,100,1,0.082142,0.021352,0.025357
STANDARD,51,0,11,0.533246,0.250338,0.282186
MATRIX,51,0,1,0.11757,0.028511,0.039207
STANDARD,51,0,3,0.112099,0.018501,0.093398
MATRIX,51,0,1,0.182787,0.043392,0.048074
STANDARD,51,0,10,0.467291,0.190871,0.275726
MATRIX,51,0,1,0.118238,0.029984,0.038371
STANDARD,51,0,3,0.094591,0.012529,0.081932
MATRIX,51,0,2,0.188126,0.04235,0.058774
STANDARD,51,0,4,0.12513,0.027601,0.097329
MATRIX,51,0,1,0.116478,0.026379,0.04036
STANDARD,51,0,9,0.384541,0.151526,0.232301
MATRIX,51,0,1,0.116801,0.028341,0.039405
STANDARD,51,0,7,0.261597,0.079609,0.181447
MATRIX,51,0,1,0.119508,0.028703,0.039162
STANDARD,51,0,14,0.844224,0.438433,0.404618
MATRIX,51,0,1,0.11754,0.028629,0.038476
STANDARD,51,0,19,1.4109,0.930523,0.478842
MATRIX,51,0,1,0.118281,0.030757,0.038024
STANDARD,51,0,12,0.579622,0.258268,0.320499
MATRIX,51,0,1,0.119083,0.029912,0.039043
STANDARD,51,0,3,0.090608,0.013683,0.076797
MATRIX,51,0,2,0.191385,0.042925,0.061368
STANDARD,51,0,2,0.055502,0.00675,0.048687
MATRIX,51,0,1,0.131764,0.034648,0.044044
STANDARD,51,0,10,0.461445,0.195277,0.265475
MATRIX,51,0,1,0.118032,0.030979,0.038235
STANDARD,51,0,3,0.093109,0.014616,0.078353
MATRIX,51,0,2,0.194947,0.040777,0.063006
STANDARD,51,0,12,0.698601,0.315791,0.38156
MATRIX,51,0,1,0.118342,0.028592,0.040015
STANDARD,51,0,8,0.322267,0.114083,0.207581
MATRIX,51,0,1,0.121283,0.030434,0.040943
STANDARD,51,0,13,0.890267,0.45231,0.436677
MATRIX,51,0,1,0.146055,0.038901,0.050862
STANDARD,51,0,10,0.51751,0.221192,0.295614
MATRIX,51,0,1,0.154859,0.035213,0.05704
STANDARD,51,0,3,0.097734,0.015063,0.082491
MATRIX,51,0,1,0.120609,0.027998,0.041482
STANDARD,51,0,15,0.880021,0.487228,0.391691
MATRIX,51,0,1,0.129395,0.030275,0.044566
STANDARD,51,0,2,0.065098,0.008067,0.056954
MATRIX,51,0,1,0.127856,0.031366,0.042301
STANDARD,51,0,3,0.095292,0.016875,0.07827
MATRIX,51,0,1,0.119478,0.027361,0.040574
STANDARD,51,0,5,0.166383,0.040271,0.125814
MATRIX,51,0,2,0.197022,0.042507,0.065328
STANDARD,51,0,5,0.173492,0.039756,0.133436
MATRIX,51,0,2,0.19009,0.043389,0.057159
STANDARD,51,0,4,0.130863,0.024206,0.106414
MATRIX,51,0,2,0.189021,0.042327,0.058428
STANDARD,51,0,6,0.209758,0.059217,0.150169
MATRIX,51,0,1,0.114064,0.027771,0.038202
STANDARD,51,0,12,0.582434,0.292989,0.288484
MATRIX,51,0,1,0.112167,0.026421,0.036446
STANDARD,51,0,5,0.187401,0.045277,0.141762
MATRIX,51,0,1,0.123275,0.031739,0.040708
STANDARD,51,0,2,0.057717,0.006249,0.05138
MATRIX,51,0,1,0.112166,0.028759,0.035961
STANDARD,51,0,6,0.212929,0.0591,0.153471
MATRIX,51,0,1,0.118253,0.027371,0.03999
STANDARD,51,20,2,0.057391,0.006003,0.05132
MATRIX,51,20,1,0.119167,0.028941,0.040866
STANDARD,51,20,10,0.426991,0.168999,0.257277
MATRIX,51,20,1,0.119799,0.030428,0.038077
STANDARD,51,20,2,0.056571,0.00661,0.049893
MATRIX,51,20,1,0.119283,0.028978,0.040566
STANDARD,51,20,2,0.064912,0.007138,0.057682
MATRIX,51,20,1,0.121406,0.029081,0.039965
STANDARD,51,20,12,0.612378,0.307025,0.304462
MATRIX,51,20,1,0.118978,0.030529,0.038179
STANDARD,51,20,15,0.942406,0.525631,0.415497
MATRIX,51,20,1,0.115545,0.027703,0.038398
STANDARD,51,20,3,0.092065,0.013525,0.078391
MATRIX,51,20,1,0.115615,0.027774,0.038574
STANDARD,51,20,4,0.131383,0.024449,0.106732
MATRIX,51,20,2,0.191755,0.041835,0.061146
STANDARD,51,20,17,1.13762,0.706531,0.429652
MATRIX,51,20,1,0.114132,0.028359,0.037118
STANDARD,51,20,6,0.207031,0.055842,0.150786
MATRIX,51,20,4,0.353063,0.069666,0.101187
STANDARD,51,20,2,0.057877,0.00582,0.051993
MATRIX,51,20,1,0.115861,0.029645,0.037835
STANDARD,51,20,16,1.00118,0.61427,0.385781
MATRIX,51,20,1,0.113392,0.028146,0.038305
STANDARD,51,20,7,0.253445,0.075414,0.177586
MATRIX,51,20,5,0.386974,0.080758,0.112813
STANDARD,51,20,13,0.640014,0.326282,0.312878
MATRIX,51,20,1,0.136888,0.032522,0.043649
STANDARD,51,20,9,0.376537,0.142498,0.233376
MATRIX,51,20,1,0.112524,0.026534,0.037371
STANDARD,51,20,5,0.160783,0.036979,0.12353
MATRIX,51,20,1,0.11203,0.027699,0.037211
STANDARD,51,20,15,0.891602,0.494003,0.396376
MATRIX,51,20,1,0.117216,0.027373,0.038853
STANDARD,51,20,10,0.437319,0.184723,0.251807
MATRIX,51,20,1,0.117228,0.027393,0.039176
STANDARD,51,20,13,0.723518,0.37661,0.345873
MATRIX,51,20,1,0.123593,0.034204,0.037892
STANDARD,51,20,3,0.091415,0.013978,0.077264
MATRIX,51,20,1,0.117242,0.027055,0.040205
STANDARD,51,20,16,1.03372,0.596681,0.4358
MATRIX,51,20,1,0.11871,0.029322,0.0391
STANDARD,51,20,7,0.269468,0.07938,0.189497
MATRIX,51,20,1,0.119785,0.030466,0.039507
STANDARD,51,20,2,0.056488,0.006258,0.050163
MATRIX,51,20,1,0.11861,0.029811,0.03856
STANDARD,51,20,2,0.054948,0.006115,0.048769
MATRIX,51,20,1,0.119058,0.027663,0.040655
STANDARD,51,20,4,0.130881,0.025193,0.105456
MATRIX,51,20,2,0.182523,0.040013,0.05253
STANDARD,51,20,15,0.809918,0.445634,0.363113
MATRIX,51,20,1,0.113925,0.02698,0.039183
STANDARD,51,20,2,0.056578,0.006186,0.050327
MATRIX,51,20,1,0.112679,0.029659,0.035619
STANDARD,51,20,10,0.457297,0.191089,0.265509
MATRIX,51,20,1,0.112102,0.0265,0.037785
STANDARD,51,20,2,0.055509,0.006924,0.048522
MATRIX,51,20,1,0.120379,0.028335,0.040646
STANDARD,51,20,20,1.82721,1.30776,0.517884
MATRIX,51,20,1,0.118597,0.030685,0.038292
STANDARD,51,40,2,0.059779,0.006055,0.053634
MATRIX,51,40,1,0.115432,0.027989,0.039452
STANDARD,51,40,2,0.054563,0.006544,0.047955
MATRIX,51,40,1,0.118242,0.030687,0.037961
STANDARD,51,40,2,0.057924,0.006055,0.051784
MATRIX,51,40,1,0.116376,0.029371,0.038664
STANDARD,51,40,8,0.317688,0.111322,0.205763
MATRIX,51,40,1,0.1157,0.028188,0.03925
STANDARD,51,40,3,0.090587,0.013166,0.07729
MATRIX,51,40,1,0.11628,0.028484,0.037892
STANDARD,51,40,12,0.624723,0.300338,0.323508
MATRIX,51,40,1,0.117305,0.028813,0.039715
STANDARD,51,40,2,0.060667,0.006616,0.053978
MATRIX,51,40,1,0.115986,0.030155,0.03702
STANDARD,51,40,16,0.976597,0.567745,0.407621
MATRIX,51,40,1,0.116281,0.02806,0.03857
STANDARD,51,40,18,1.20704,0.757231,0.448519
MATRIX,51,40,1,0.116792,0.029981,0.037516
STANDARD,51,40,2,0.078925,0.009099,0.069716
MATRIX,51,40,1,0.157143,0.0391,0.048915
STANDARD,51,40,4,0.13044,0.023867,0.106333
MATRIX,51,40,2,0.194552,0.041716,0.063757
STANDARD,51,40,12,0.593747,0.290065,0.302758
MATRIX,51,40,1,0.115943,0.029143,0.038268
STANDARD,51,40,4,0.128059,0.023723,0.104116
MATRIX,51,40,2,0.189144,0.041807,0.060873
STANDARD,51,40,17,1.13394,0.704846,0.427764
MATRIX,51,40,1,0.117677,0.027324,0.040545
STANDARD,51,40,15,0.873367,0.503015,0.369074
MATRIX,51,40,1,0.113699,0.02905,0.037432
STANDARD,51,40,6,0.205355,0.058828,0.146128
MATRIX,51,40,3,0.263452,0.053544,0.082532
STANDARD,51,40,12,0.534776,0.237097,0.296764
MATRIX,51,40,1,0.113438,0.026717,0.038064
STANDARD,51,40,5,0.162963,0.036695,0.125902
MATRIX,51,40,2,0.18201,0.041537,0.057244
STANDARD,51,40,8,0.315432,0.121599,0.193293
MATRIX,51,40,2,0.204198,0.044809,0.060004
STANDARD,51,40,17,1.05423,0.640848,0.412033
MATRIX,51,40,1,0.112053,0.027824,0.037404
STANDARD,51,40,4,0.119582,0.024691,0.094693
MATRIX,51,40,2,0.179418,0.039016,0.056757
STANDARD,51,40,14,0.704949,0.368868,0.335097
MATRIX,51,40,1,0.112172,0.027406,0.036682
STANDARD,51,40,3,0.084973,0.014357,0.070478
MATRIX,51,40,2,0.182145,0.040028,0.058015
STANDARD,51,40,3,0.102953,0.015754,0.087003
MATRIX,51,40,2,0.198325,0.044174,0.054634
STANDARD,51,40,13,0.761664,0.386744,0.373951
MATRIX,51,40,1,0.121677,0.031818,0.039054
STANDARD,51,40,11,0.488299,0.214637,0.272884
MATRIX,51,40,1,0.112547,0.029364,0.035518
STANDARD,51,40,10,0.423439,0.171788,0.250961
MATRIX,51,40,1,0.11368,0.028735,0.036871
STANDARD,51,40,7,0.25369,0.080862,0.172349
MATRIX,51,40,2,0.180384,0.0403,0.055998
STANDARD,51,40,14,0.803166,0.436296,0.365706
MATRIX,51,40,1,0.110863,0.028931,0.034744
STANDARD,51,40,3,0.085821,0.013865,0.071813
MATRIX,51,40,2,0.182426,0.039084,0.058935
STANDARD,51,60,3,0.087851,0.01369,0.07403
MATRIX,51,60,2,0.178701,0.039151,0.055211
STANDARD,51,60,22,2.1059,1.55347,0.550786
MATRIX,51,60,1,0.132708,0.033877,0.041603
STANDARD,51,60,14,0.80104,0.433438,0.366545
MATRIX,51,60,1,0.120475,0.030976,0.040504
STANDARD,51,60,19,1.42789,0.967961,0.458491
MATRIX,51,60,1,0.111795,0.026976,0.037369
STANDARD,51,60,17,1.02249,0.616639,0.404601
MATRIX,51,60,1,0.11007,0.027017,0.035941
STANDARD,51,60,22,2.30504,1.68888,0.614373
MATRIX,51,60,1,0.1158,0.028552,0.037594
STANDARD,51,60,3,0.091006,0.012885,0.077983
MATRIX,51,60,2,0.190119,0.040619,0.061996
STANDARD,51,60,6,0.208041,0.057053,0.150573
MATRIX,51,60,7,0.527157,0.111846,0.14582
STANDARD,51,60,2,0.052988,0.005607,0.047314
MATRIX,51,60,1,0.114277,0.025717,0.037724
STANDARD,51,60,4,0.116209,0.021425,0.094552
MATRIX,51,60,2,0.186238,0.041402,0.060838
STANDARD,51,60,3,0.085058,0.012575,0.072354
MATRIX,51,60,2,0.182917,0.042011,0.05618
STANDARD,51,60,2,0.055363,0.006022,0.049279
MATRIX,51,60,1,0.11201,0.028452,0.037057
STANDARD,51,60,2,0.06036,0.005761,0.054523
MATRIX,51,60,1,0.111045,0.028173,0.03614
STANDARD,51,60,5,0.179725,0.044669,0.13471
MATRIX,51,60,4,0.334566,0.071112,0.096931
STANDARD,51,60,4,0.142374,0.025806,0.116343
MATRIX,51,60,1,0.122742,0.027613,0.041955
STANDARD,51,60,3,0.088423,0.013893,0.074399
MATRIX,51,60,1,0.116267,0.026914,0.039412
STANDARD,51,60,13,0.710669,0.37871,0.331073
MATRIX,51,60,1,0.117847,0.029756,0.037034
STANDARD,51,60,15,0.865312,0.500494,0.363644
MATRIX,51,60,1,0.111659,0.02899,0.035621
STANDARD,51,60,4,0.120579,0.022835,0.097498
MATRIX,51,60,2,0.180654,0.039532,0.056111
STANDARD,51,60,16,1.07359,0.653061,0.419358
MATRIX,51,60,1,0.115892,0.02974,0.038995
STANDARD,51,60,8,0.316425,0.114047,0.201757
MATRIX,51,60,13,0.991844,0.199259,0.282976
STANDARD,51,60,13,0.669789,0.341796,0.327046
MATRIX,51,60,1,0.126517,0.029779,0.045061
STANDARD,51,60,4,0.124986,0.022993,0.101774
MATRIX,51,60,2,0.180781,0.038356,0.057852
STANDARD,51,60,3,0.087622,0.013844,0.07365
MATRIX,51,60,2,0.181603,0.041776,0.055161
STANDARD,51,60,15,0.802967,0.443964,0.35785
MATRIX,51,60,1,0.111225,0.026745,0.037419
STANDARD,51,60,11,0.497853,0.218001,0.279009
MATRIX,51,60,1,0.117834,0.028257,0.038342
STANDARD,51,60,4,0.124264,0.025293,0.098722
MATRIX,51,60,2,0.192553,0.042412,0.062419
STANDARD,51,60,5,0.166939,0.038598,0.128007
MATRIX,51,60,7,0.533007,0.113296,0.153471
STANDARD,51,60,4,0.117274,0.021637,0.095396
MATRIX,51,60,2,0.179859,0.039471,0.056264
STANDARD,51,60,3,0.088094,0.01244,0.075526
MATRIX,51,60,2,0.180635,0.04093,0.055766
STANDARD,51,80,12,0.572101,0.285936,0.285355
MATRIX,51,80,1,0.112699,0.026061,0.039286
STANDARD,51,80,15,0.894474,0.521735,0.371625
MATRIX,51,80,1,0.114243,0.028156,0.036925
STANDARD,51,80,8,0.319084,0.113029,0.205471
MATRIX,51,80,1,0.116238,0.028482,0.0369
STANDARD,51,80,4,0.125957,0.024148,0.101595
MATRIX,51,80,1,0.121526,0.027758,0.043288
STANDARD,51,80,14,0.741097,0.383372,0.356612
MATRIX,51,80,1,0.114302,0.02739,0.037746
STANDARD,51,80,4,0.123396,0.025295,0.097894
MATRIX,51,80,1,0.114645,0.026741,0.037922
STANDARD,51,80,6,0.209389,0.055368,0.153602
MATRIX,51,80,1,0.124293,0.02958,0.044155
STANDARD,51,80,3,0.084461,0.012845,0.071465
MATRIX,51,80,1,0.120138,0.03041,0.03915
STANDARD,51,80,3,0.113555,0.02043,0.092941
MATRIX,51,80,1,0.127983,0.03361,0.041563
STANDARD,51,80,7,0.309128,0.095535,0.213056
MATRIX,51,80,1,0.119294,0.029417,0.039372
STANDARD,51,80,3,0.097363,0.014239,0.082942
MATRIX,51,80,1,0.12352,0.030622,0.040295
STANDARD,51,80,15,1.03588,0.585608,0.44884
MATRIX,51,80,1,0.134093,0.03129,0.045291
STANDARD,51,80,15,0.955619,0.534411,0.41992
MATRIX,51,80,1,0.111932,0.028887,0.035419
STANDARD,51,80,17,1.04063,0.612475,0.426846
MATRIX,51,80,1,0.118973,0.028779,0.040083
STANDARD,51,80,4,0.130147,0.026545,0.103339
MATRIX,51,80,2,0.194791,0.04374,0.062786
STANDARD,51,80,3,0.094192,0.013248,0.080784
MATRIX,51,80,1,0.120441,0.027446,0.042778
STANDARD,51,80,3,0.103992,0.016886,0.086895
MATRIX,51,80,1,0.120224,0.02922,0.038695
STANDARD,51,80,11,0.499905,0.231697,0.267481
MATRIX,51,80,1,0.113045,0.029369,0.035828
STANDARD,51,80,14,0.863237,0.491691,0.37037
MATRIX,51,80,1,0.112751,0.029804,0.036202
STANDARD,51,80,4,0.12026,0.024504,0.095542
MATRIX,51,80,2,0.184859,0.038868,0.059833
STANDARD,51,80,3,0.123147,0.018007,0.104395
MATRIX,51,80,1,0.13348,0.032262,0.043942
STANDARD,51,80,2,0.059018,0.006993,0.051957
MATRIX,51,80,1,0.115203,0.028953,0.037406
STANDARD,51,80,3,0.086703,0.011891,0.074671
MATRIX,51,80,2,0.186965,0.042734,0.056807
STANDARD,51,80,2,0.055522,0.006214,0.049241
MATRIX,51,80,1,0.114,0.029857,0.036018
STANDARD,51,80,13,0.671337,0.346595,0.323758
MATRIX,51,80,1,0.112186,0.027883,0.036925
STANDARD,51,80,5,0.171206,0.039755,0.131173
MATRIX,51,80,2,0.189908,0.041447,0.058741
STANDARD,51,80,3,0.093143,0.012313,0.080697
MATRIX,51,80,1,0.131591,0.030577,0.048862
STANDARD,51,80,20,1.49485,0.95879,0.534489
MATRIX,51,80,1,0.11198,0.027242,0.037467
STANDARD,51,80,4,0.120538,0.020646,0.09962
MATRIX,51,80,2,0.184233,0.03936,0.059732
STANDARD,51,80,15,0.857599,0.490967,0.365596
MATRIX,51,80,1,0.110667,0.026685,0.036814
STANDARD,51,100,20,1.74519,1.23027,0.513398
MATRIX,51,100,1,0.123027,0.030554,0.039054
STANDARD,51,100,2,0.054218,0.005821,0.048333
MATRIX,51,100,1,0.118146,0.027229,0.041213
STANDARD,51,100,2,0.056318,0.006629,0.049624
MATRIX,51,100,1,0.118614,0.028043,0.041277
STANDARD,51,100,12,0.608239,0.296347,0.310991
MATRIX,51,100,1,0.117245,0.028837,0.037804
STANDARD,51,100,2,0.056397,0.006727,0.049595
MATRIX,51,100,1,0.118369,0.02756,0.040513
STANDARD,51,100,11,0.497844,0.227187,0.269824
MATRIX,51,100,1,0.11466,0.027073,0.038431
STANDARD,51,100,2,0.054346,0.006152,0.04813
MATRIX,51,100,1,0.114023,0.026944,0.038815
STANDARD,51,100,4,0.135461,0.023161,0.112003
MATRIX,51,100,2,0.192414,0.041451,0.057453
STANDARD,51,100,4,0.131448,0.02464,0.106598
MATRIX,51,100,1,0.128982,0.032442,0.044412
STANDARD,51,100,9,0.372929,0.144216,0.228053
MATRIX,51,100,4,0.337466,0.069842,0.102532
STANDARD,51,100,5,0.180934,0.040545,0.140047
MATRIX,51,100,2,0.240782,0.055998,0.075573
STANDARD,51,100,3,0.093967,0.014236,0.079552
MATRIX,51,100,2,0.192661,0.040717,0.059271
STANDARD,51,100,4,0.139813,0.027427,0.112145
MATRIX,51,100,2,0.183778,0.042169,0.056172
STANDARD,51,100,4,0.116754,0.022229,0.094263
MATRIX,51,100,2,0.179311,0.040246,0.055234
STANDARD,51,100,6,0.21078,0.056449,0.153896
MATRIX,51,100,4,0.339721,0.071001,0.097449
STANDARD,51,100,9,0.372398,0.132296,0.23946
MATRIX,51,100,2,0.187193,0.04109,0.058277
STANDARD,51,100,9,0.373918,0.143833,0.229427
MATRIX,51,100,1,0.120529,0.027665,0.041593
STANDARD,51,100,14,0.935515,0.552553,0.381796
MATRIX,51,100,1,0.115788,0.027225,0.038789
STANDARD,51,100,16,0.927482,0.526952,0.399294
MATRIX,51,100,1,0.117515,0.030173,0.03772
STANDARD,51,100,15,0.890056,0.502941,0.385998
MATRIX,51,100,1,0.113724,0.028478,0.037247
STANDARD,51,100,14,0.762894,0.409599,0.352257
MATRIX,51,100,1,0.115357,0.028769,0.039092
STANDARD,51,100,9,0.429615,0.164476,0.264438
MATRIX,51,100,1,0.122724,0.030147,0.043213
STANDARD,51,100,7,0.274952,0.083027,0.191385
MATRIX,51,100,1,0.115393,0.028503,0.037453
STANDARD,51,100,3,0.087766,0.01402,0.073592
MATRIX,51,100,1,0.116879,0.027558,0.039713
STANDARD,51,100,2,0.054954,0.005946,0.048941
MATRIX,51,100,1,0.116424,0.030081,0.038144
STANDARD,51,100,7,0.265984,0.082893,0.182613
MATRIX,51,100,1,0.116524,0.028347,0.037464
STANDARD,51,100,3,0.092712,0.014262,0.078299
MATRIX,51,100,1,0.116861,0.029063,0.038177
STANDARD,51,100,12,0.592591,0.287826,0.303906
MATRIX,51,100,1,0.115408,0.027213,0.038375
STANDARD,51,100,3,0.099454,0.012938,0.086309
MATRIX,51,100,2,0.238431,0.051407,0.0669
STANDARD,51,100,3,0.088569,0.013968,0.074457
MATRIX,51,100,1,0.113057,0.026023,0.038929
STANDARD,61,0,12,0.675582,0.27732,0.397417
MATRIX,61,0,1,0.151403,0.037142,0.0477
STANDARD,61,0,2,0.071811,0.006435,0.06531
MATRIX,61,0,1,0.152686,0.036757,0.050299
STANDARD,61,0,9,0.462664,0.138066,0.323965
MATRIX,61,0,1,0.154966,0.03725,0.050299
STANDARD,61,0,14,0.921174,0.408277,0.511784
MATRIX,61,0,1,0.161377,0.038888,0.052995
STANDARD,61,0,3,0.112765,0.013592,0.099034
MATRIX,61,0,1,0.152313,0.036853,0.048983
STANDARD,61,0,19,1.50169,0.876668,0.623738
MATRIX,61,0,1,0.153782,0.036267,0.049947
STANDARD,61,0,6,0.262651,0.06465,0.197583
MATRIX,61,0,1,0.163894,0.035796,0.05095
STANDARD,61,0,13,0.80685,0.361441,0.44444
MATRIX,61,0,1,0.152484,0.036264,0.049952
STANDARD,61,0,2,0.069603,0.005351,0.064177
MATRIX,61,0,1,0.150943,0.035655,0.049339
STANDARD,61,0,4,0.160165,0.021743,0.138209
MATRIX,61,0,2,0.247696,0.053864,0.075108
STANDARD,61,0,3,0.10978,0.012453,0.09715
MATRIX,61,0,1,0.1499,0.03551,0.048759
STANDARD,61,0,5,0.419157,0.087664,0.330873
MATRIX,61,0,2,0.521304,0.122483,0.140669
STANDARD,61,0,2,0.100507,0.010882,0.089529
MATRIX,61,0,1,0.211931,0.050239,0.066588
STANDARD,61,0,15,1.06135,0.497164,0.563111
MATRIX,61,0,1,0.160319,0.03901,0.051917
STANDARD,61,0,4,0.179425,0.025385,0.15381
MATRIX,61,0,1,0.163909,0.038861,0.054682
STANDARD,61,0,2,0.128102,0.010008,0.11799
MATRIX,61,0,1,0.187948,0.048188,0.062156
STANDARD,61,0,6,0.299179,0.065357,0.233451
MATRIX,61,0,6,0.682591,0.138434,0.194768
STANDARD,61,0,15,0.988744,0.450616,0.537033
MATRIX,61,0,1,0.157132,0.037951,0.050881
STANDARD,61,0,2,0.076682,0.006586,0.070023
MATRIX,61,0,1,0.15967,0.037171,0.052833
STANDARD,61,0,3,0.121737,0.01481,0.106732
MATRIX,61,0,2,0.268192,0.058299,0.082804
STANDARD,61,0,12,0.731208,0.305528,0.424819
MATRIX,61,0,1,0.154763,0.03787,0.049827
STANDARD,61,0,15,1.01726,0.48524,0.530945
MATRIX,61,0,1,0.184971,0.039051,0.055857
STANDARD,61,0,2,0.073468,0.007004,0.066393
MATRIX,61,0,1,0.218538,0.050867,0.067839
STANDARD,61,0,5,0.23304,0.043934,0.188794
MATRIX,61,0,2,0.263344,0.055884,0.081256
STANDARD,61,0,2,0.076862,0.005527,0.071267
MATRIX,61,0,1,0.158076,0.037008,0.050081
STANDARD,61,0,2,0.076517,0.006553,0.069898
MATRIX,61,0,1,0.16216,0.038239,0.052655
STANDARD,61,0,2,0.081141,0.006618,0.074438
MATRIX,61,0,1,0.187918,0.038857,0.068938
STANDARD,61,0,3,0.114225,0.014203,0.099873
MATRIX,61,0,1,0.161447,0.040758,0.051068
STANDARD,61,0,11,0.611293,0.221878,0.388594
MATRIX,61,0,1,0.157566,0.038711,0.052068
STANDARD,61,0,6,0.297739,0.065777,0.231599
MATRIX,61,0,1,0.174587,0.041051,0.056415
STANDARD,61,20,13,0.85511,0.367234,0.48698
MATRIX,61,20,1,0.181526,0.041935,0.057946
STANDARD,61,20,7,0.354267,0.082051,0.271578
MATRIX,61,20,1,0.185134,0.045922,0.059299
STANDARD,61,20,11,0.699701,0.249433,0.449319
MATRIX,61,20,1,0.161999,0.038861,0.05266
STANDARD,61,20,13,0.902386,0.40008,0.501388
MATRIX,61,20,1,0.209398,0.050297,0.076954
STANDARD,61,20,16,1.37102,0.614387,0.755268
MATRIX,61,20,1,0.162871,0.038422,0.052569
STANDARD,61,20,4,0.182895,0.026182,0.156483
MATRIX,61,20,2,0.285777,0.059634,0.091586
STANDARD,61,20,16,1.21608,0.632119,0.582714
MATRIX,61,20,1,0.169265,0.039232,0.055298
STANDARD,61,20,12,0.779113,0.314568,0.463641
MATRIX,61,20,1,0.178061,0.042465,0.056474
STANDARD,61,20,3,0.133596,0.01513,0.118312
MATRIX,61,20,1,0.178529,0.043784,0.057935
STANDARD,61,20,12,0.798071,0.302395,0.49468
MATRIX,61,20,1,0.177043,0.041085,0.055458
STANDARD,61,20,11,0.659419,0.238016,0.420558
MATRIX,61,20,1,0.195986,0.043892,0.06569
STANDARD,61,20,7,0.455123,0.128164,0.326084
MATRIX,61,20,1,0.157434,0.037504,0.051046
STANDARD,61,20,4,0.171199,0.024259,0.146704
MATRIX,61,20,2,0.267484,0.056652,0.08295
STANDARD,61,20,3,0.122334,0.014325,0.107798
MATRIX,61,20,1,0.16166,0.038395,0.053027
STANDARD,61,20,16,1.177,0.596519,0.579224
MATRIX,61,20,1,0.170822,0.040236,0.055619
STANDARD,61,20,4,0.224619,0.03187,0.192484
MATRIX,61,20,2,0.294828,0.073425,0.079285
STANDARD,61,20,8,0.410198,0.118058,0.291621
MATRIX,61,20,5,0.570972,0.114588,0.161414
STANDARD,61,20,11,0.664273,0.259244,0.404267
MATRIX,61,20,1,0.176528,0.040252,0.056708
STANDARD,61,20,4,0.166602,0.024794,0.141594
MATRIX,61,20,3,0.364033,0.075471,0.104971
STANDARD,61,20,2,0.07209,0.005758,0.066265
MATRIX,61,20,1,0.158992,0.037185,0.051793
STANDARD,61,20,16,1.42523,0.744416,0.679339
MATRIX,61,20,1,0.22806,0.044699,0.076969
STANDARD,61,20,13,0.97792,0.398559,0.578152
MATRIX,61,20,1,0.220802,0.04683,0.074293
STANDARD,61,20,3,0.126773,0.01317,0.113447
MATRIX,61,20,2,0.272321,0.05749,0.086416
STANDARD,61,20,4,0.198931,0.031498,0.167143
MATRIX,61,20,4,0.518602,0.105084,0.155791
STANDARD,61,20,3,0.132585,0.016551,0.115855
MATRIX,61,20,1,0.167026,0.038742,0.056178
STANDARD,61,20,6,0.279964,0.05848,0.221088
MATRIX,61,20,4,0.455185,0.091492,0.135157
STANDARD,61,20,3,0.132178,0.014873,0.117159
MATRIX,61,20,2,0.29033,0.060572,0.088011
STANDARD,61,20,2,0.079745,0.006773,0.072902
MATRIX,61,20,1,0.189775,0.041562,0.064393
STANDARD,61,20,3,0.11815,0.013846,0.104157
MATRIX,61,20,2,0.255025,0.057012,0.07898
STANDARD,61,20,2,0.076757,0.006623,0.070058
MATRIX,61,20,1,0.165099,0.036182,0.053925
STANDARD,61,40,13,0.825338,0.363746,0.460569
MATRIX,61,40,1,0.163329,0.042347,0.050704
STANDARD,61,40,4,0.173479,0.025414,0.147851
MATRIX,61,40,2,0.268557,0.060387,0.082387
STANDARD,61,40,22,2.51936,1.7054,0.812192
MATRIX,61,40,1,0.15827,0.037754,0.052528
STANDARD,61,40,13,0.796815,0.34866,0.447167
MATRIX,61,40,1,0.182773,0.044604,0.05485
STANDARD,61,40,2,0.073642,0.006326,0.06725
MATRIX,61,40,1,0.160343,0.036561,0.051071
STANDARD,61,40,5,0.222218,0.040217,0.181641
MATRIX,61,40,2,0.270519,0.056723,0.08365
STANDARD,61,40,12,0.757205,0.304066,0.45227
MATRIX,61,40,1,0.164696,0.039318,0.053099
STANDARD,61,40,2,0.077312,0.006878,0.070356
MATRIX,61,40,1,0.162945,0.037945,0.053038
STANDARD,61,40,5,0.231224,0.041407,0.189423
MATRIX,61,40,5,0.555611,0.110795,0.167446
STANDARD,61,40,3,0.122454,0.013458,0.108839
MATRIX,61,40,1,0.15853,0.036712,0.052435
STANDARD,61,40,12,0.788803,0.317967,0.469875
MATRIX,61,40,1,0.175223,0.043651,0.059642
STANDARD,61,40,4,0.167046,0.024973,0.141852
MATRIX,61,40,1,0.171532,0.039493,0.05624
STANDARD,61,40,3,0.11962,0.014379,0.105087
MATRIX,61,40,1,0.165082,0.039849,0.05277
STANDARD,61,40,13,0.882353,0.403256,0.478098
MATRIX,61,40,1,0.178086,0.041952,0.053511
STANDARD,61,40,4,0.169618,0.026254,0.14301
MATRIX,61,40,3,0.351126,0.074026,0.103104
STANDARD,61,40,12,0.789852,0.302849,0.486119
MATRIX,61,40,1,0.173646,0.038825,0.05342
STANDARD,61,40,2,0.087026,0.008022,0.078899
MATRIX,61,40,1,0.164604,0.039918,0.052583
STANDARD,61,40,13,0.786592,0.332347,0.453297
MATRIX,61,40,1,0.171628,0.04087,0.054154
STANDARD,61,40,6,0.275801,0.060841,0.214563
MATRIX,61,40,4,0.451747,0.091776,0.133032
STANDARD,61,40,5,0.234482,0.039612,0.194529
MATRIX,61,40,2,0.259285,0.057276,0.080694
STANDARD,61,40,9,0.462665,0.147029,0.315063
MATRIX,61,40,1,0.158601,0.039098,0.051347
STANDARD,61,40,4,0.179695,0.027154,0.152281
MATRIX,61,40,2,0.265198,0.057729,0.080297
STANDARD,61,40,3,0.198214,0.016735,0.181309
MATRIX,61,40,1,0.184101,0.050145,0.053085
STANDARD,61,40,5,0.300087,0.049041,0.250547
MATRIX,61,40,2,0.301257,0.064722,0.092151
STANDARD,61,40,3,0.123354,0.013385,0.109809
MATRIX,61,40,2,0.282474,0.06103,0.089217
STANDARD,61,40,3,0.121102,0.013591,0.107369
MATRIX,61,40,2,0.267275,0.059718,0.081454
STANDARD,61,40,3,0.118328,0.013428,0.104713
MATRIX,61,40,2,0.258863,0.056031,0.079198
STANDARD,61,40,10,0.593658,0.199464,0.3935
MATRIX,61,40,1,0.163716,0.040602,0.054379
STANDARD,61,40,15,1.0706,0.530717,0.538618
MATRIX,61,40,1,0.16958,0.040367,0.053973
STANDARD,61,40,12,0.732509,0.302913,0.428662
MATRIX,61,40,1,0.156202,0.037674,0.051449
STANDARD,61,60,3,0.127336,0.01356,0.113576
MATRIX,61,60,1,0.169191,0.040014,0.054206
STANDARD,61,60,16,1.29379,0.623466,0.669035
MATRIX,61,60,1,0.218064,0.053071,0.068592
STANDARD,61,60,10,0.598876,0.206207,0.391992
MATRIX,61,60,1,0.170275,0.040371,0.059216
STANDARD,61,60,2,0.07665,0.006353,0.070232
MATRIX,61,60,1,0.156244,0.036944,0.050094
STANDARD,61,60,3,0.14396,0.015514,0.128241
MATRIX,61,60,2,0.276069,0.062833,0.080854
STANDARD,61,60,3,0.131007,0.01531,0.115529
MATRIX,61,60,2,0.29056,0.061534,0.088739
STANDARD,61,60,3,0.119766,0.016939,0.10269
MATRIX,61,60,1,0.158056,0.037404,0.05169
STANDARD,61,60,13,0.806645,0.328332,0.477309
MATRIX,61,60,1,0.173418,0.039637,0.056175
STANDARD,61,60,10,0.613775,0.213219,0.399698
MATRIX,61,60,1,0.184697,0.040583,0.061375
STANDARD,61,60,13,0.860507,0.393253,0.466389
MATRIX,61,60,1,0.162817,0.039767,0.0525
STANDARD,61,60,12,0.798977,0.335797,0.462327
MATRIX,61,60,1,0.165724,0.040134,0.054957
STANDARD,61,60,2,0.081045,0.005801,0.075154
MATRIX,61,60,1,0.172813,0.041181,0.059864
STANDARD,61,60,3,0.141218,0.018689,0.122365
MATRIX,61,60,2,0.279135,0.061759,0.083394
STANDARD,61,60,3,0.127271,0.015536,0.111556
MATRIX,61,60,1,0.169956,0.041689,0.055121
STANDARD,61,60,4,0.172369,0.024489,0.147551
MATRIX,61,60,2,0.273284,0.059265,0.084901
STANDARD,61,60,17,1.3493,0.747324,0.600779
MATRIX,61,60,1,0.181571,0.041836,0.055531
STANDARD,61,60,3,0.122663,0.013504,0.109001
MATRIX,61,60,1,0.167744,0.039559,0.054997
STANDARD,61,60,2,0.072107,0.005907,0.066128
MATRIX,61,60,1,0.162786,0.03723,0.055972
STANDARD,61,60,3,0.133285,0.014378,0.118755
MATRIX,61,60,2,0.275546,0.059478,0.085367
STANDARD,61,60,4,0.179161,0.026536,0.152365
MATRIX,61,60,2,0.410536,0.100919,0.129404
STANDARD,61,60,2,0.079176,0.006651,0.072461
MATRIX,61,60,1,0.170624,0.044378,0.057932
STANDARD,61,60,5,0.217315,0.038744,0.178259
MATRIX,61,60,2,0.252905,0.054013,0.078372
STANDARD,61,60,3,0.128812,0.014573,0.114079
MATRIX,61,60,1,0.164496,0.039406,0.054224
STANDARD,61,60,4,0.170687,0.021911,0.14851
MATRIX,61,60,5,0.584235,0.116705,0.173603
STANDARD,61,60,3,0.127873,0.014497,0.113206
MATRIX,61,60,2,0.26009,0.059735,0.080224
STANDARD,61,60,10,0.53081,0.178927,0.351147
MATRIX,61,60,1,0.158028,0.03784,0.051588
STANDARD,61,60,12,0.762044,0.314871,0.44629
MATRIX,61,60,1,0.164476,0.038778,0.053975
STANDARD,61,60,2,0.10526,0.008496,0.096676
MATRIX,61,60,1,0.202816,0.04842,0.066386
STANDARD,61,60,11,1.00677,0.368384,0.637319
MATRIX,61,60,1,0.195679,0.047421,0.063871
STANDARD,61,60,12,0.88167,0.339078,0.541684
MATRIX,61,60,1,0.201566,0.047727,0.066801
STANDARD,61,80,13,1.10913,0.470862,0.637118
MATRIX,61,80,1,0.226369,0.056403,0.073809
STANDARD,61,80,18,1.87096,1.03278,0.836645
MATRIX,61,80,1,0.200922,0.048706,0.065371
STANDARD,61,80,12,0.874017,0.362114,0.510982
MATRIX,61,80,1,0.194952,0.047546,0.062896
STANDARD,61,80,17,1.5159,0.795553,0.718964
MATRIX,61,80,1,0.180009,0.042715,0.059824
STANDARD,61,80,3,0.161316,0.017018,0.144094
MATRIX,61,80,2,0.317059,0.068384,0.0989
STANDARD,61,80,14,1.10429,0.508888,0.594241
MATRIX,61,80,1,0.197965,0.043888,0.063727
STANDARD,61,80,2,0.085486,0.007106,0.078303
MATRIX,61,80,1,0.182814,0.042214,0.059568
STANDARD,61,80,3,0.13469,0.014241,0.120287
MATRIX,61,80,1,0.1801,0.042426,0.058255
STANDARD,61,80,10,0.616451,0.205646,0.410088
MATRIX,61,80,1,0.175507,0.042337,0.056344
STANDARD,61,80,16,1.44198,0.704802,0.735773
MATRIX,61,80,1,0.211089,0.047818,0.070288
STANDARD,61,80,11,0.775246,0.306774,0.467604
MATRIX,61,80,1,0.198175,0.046922,0.06605
STANDARD,61,80,2,0.08561,0.007768,0.077767
MATRIX,61,80,1,0.185371,0.044948,0.063304
STANDARD,61,80,3,0.249263,0.03323,0.215769
MATRIX,61,80,2,0.296206,0.06198,0.089626
STANDARD,61,80,2,0.083857,0.007091,0.076697
MATRIX,61,80,1,0.195387,0.046454,0.062212
STANDARD,61,80,12,0.982904,0.379233,0.602684
MATRIX,61,80,1,0.233674,0.066881,0.065041
STANDARD,61,80,14,1.39619,0.620099,0.774466
MATRIX,61,80,1,0.217486,0.044426,0.080853
STANDARD,61,80,5,0.286853,0.054903,0.231606
MATRIX,61,80,1,0.214219,0.051654,0.065536
STANDARD,61,80,9,0.596258,0.173957,0.421467
MATRIX,61,80,1,0.190338,0.044884,0.062272
STANDARD,61,80,17,1.53529,0.826426,0.707558
MATRIX,61,80,1,0.186225,0.043652,0.06236
STANDARD,61,80,4,0.193226,0.026938,0.166015
MATRIX,61,80,2,0.317169,0.067424,0.094196
STANDARD,61,80,13,1.09793,0.503581,0.592894
MATRIX,61,80,1,0.19432,0.046003,0.062529
STANDARD,61,80,2,0.090699,0.007099,0.083513
MATRIX,61,80,1,0.200806,0.049344,0.063035
STANDARD,61,80,12,0.838465,0.324474,0.513031
MATRIX,61,80,1,0.204293,0.050656,0.068393
STANDARD,61,80,16,1.41828,0.734042,0.682865
MATRIX,61,80,1,0.190117,0.04556,0.063091
STANDARD,61,80,17,1.55619,0.831338,0.723293
MATRIX,61,80,1,0.186351,0.04465,0.059817
STANDARD,61,80,17,1.57517,0.827764,0.745975
MATRIX,61,80,1,0.181764,0.045722,0.060169
STANDARD,61,80,3,0.156048,0.017295,0.138579
MATRIX,61,80,2,0.370533,0.083284,0.096676
STANDARD,61,80,2,0.085201,0.006546,0.078579
MATRIX,61,80,1,0.174187,0.041082,0.056434
STANDARD,61,80,9,0.498258,0.14491,0.352688
MATRIX,61,80,1,0.180486,0.041111,0.060146
STANDARD,61,80,3,0.140555,0.015267,0.125141
MATRIX,61,80,2,0.303896,0.066418,0.093816
STANDARD,61,100,12,0.950433,0.375594,0.573809
MATRIX,61,100,1,0.186775,0.044008,0.060319
STANDARD,61,100,2,0.093996,0.008365,0.085554
MATRIX,61,100,1,0.173553,0.040851,0.057881
STANDARD,61,100,10,0.593303,0.206936,0.385663
MATRIX,61,100,1,0.179163,0.043814,0.05591
STANDARD,61,100,13,0.939998,0.389148,0.549813
MATRIX,61,100,1,0.188739,0.043098,0.063882
STANDARD,61,100,3,0.144819,0.018102,0.126549
MATRIX,61,100,1,0.171581,0.041329,0.05548
STANDARD,61,100,9,0.539298,0.171157,0.367464
MATRIX,61,100,4,0.494546,0.100456,0.146922
STANDARD,61,100,5,0.248202,0.046185,0.201644
MATRIX,61,100,2,0.283158,0.063052,0.086393
STANDARD,61,100,13,1.0537,0.465996,0.586598
MATRIX,61,100,1,0.187068,0.043821,0.059835
STANDARD,61,100,3,0.143487,0.013945,0.129396
MATRIX,61,100,2,0.309366,0.068091,0.093561
STANDARD,61,100,2,0.088553,0.006902,0.081581
MATRIX,61,100,1,0.180865,0.042854,0.058478
STANDARD,61,100,15,1.14183,0.525698,0.614894
MATRIX,61,100,1,0.20834,0.049908,0.058993
STANDARD,61,100,4,0.190176,0.027479,0.162456
MATRIX,61,100,2,0.290868,0.063551,0.088062
STANDARD,61,100,13,0.850701,0.363498,0.486214
MATRIX,61,100,1,0.175122,0.040817,0.058552
STANDARD,61,100,3,0.133775,0.013863,0.119754
MATRIX,61,100,2,0.286661,0.062679,0.088311
STANDARD,61,100,13,1.00643,0.426511,0.578822
MATRIX,61,100,1,0.183499,0.042805,0.060305
STANDARD,61,100,16,1.30829,0.644801,0.662227
MATRIX,61,100,1,0.207822,0.051116,0.066863
STANDARD,61,100,11,0.776759,0.293632,0.481617
MATRIX,61,100,1,0.178849,0.042581,0.057927
STANDARD,61,100,4,0.19423,0.030091,0.163836
MATRIX,61,100,2,0.293577,0.065183,0.093152
STANDARD,61,100,5,0.235303,0.043191,0.191798
MATRIX,61,100,1,0.172902,0.040939,0.056392
STANDARD,61,100,2,0.083805,0.00704,0.076682
MATRIX,61,100,1,0.190687,0.043303,0.063241
STANDARD,61,100,3,0.13277,0.013741,0.118885
MATRIX,61,100,2,0.27598,0.058868,0.083999
STANDARD,61,100,13,1.11074,0.442982,0.665878
MATRIX,61,100,1,0.216382,0.058206,0.068658
STANDARD,61,100,15,1.49712,0.714767,0.780919
MATRIX,61,100,1,0.252282,0.057464,0.066506
STANDARD,61,100,14,1.11688,0.495495,0.62012
MATRIX,61,100,1,0.222654,0.05632,0.071345
STANDARD,61,100,15,1.24303,0.608063,0.63376
MATRIX,61,100,1,0.174373,0.041547,0.056108
STANDARD,61,100,14,1.07814,0.501409,0.575585
MATRIX,61,100,1,0.278909,0.062491,0.076432
STANDARD,61,100,3,0.139216,0.017295,0.121754
MATRIX,61,100,2,0.286185,0.060882,0.086118
STANDARD,61,100,10,0.617921,0.215694,0.401517
MATRIX,61,100,1,0.184981,0.042525,0.060289
STANDARD,61,100,5,0.26311,0.044473,0.218296
MATRIX,61,100,3,0.507995,0.10319,0.13502
STANDARD,61,100,11,0.836344,0.320227,0.514951
MATRIX,61,100,1,0.188201,0.046831,0.060295
STANDARD,71,0,8,0.583144,0.131047,0.451455
MATRIX,71,0,1,0.274399,0.061304,0.088569
STANDARD,71,0,12,0.941663,0.333751,0.60701
MATRIX,71,0,1,0.234319,0.051054,0.072472
STANDARD,71,0,9,0.692206,0.172902,0.518595
MATRIX,71,0,1,0.249878,0.055681,0.078669
STANDARD,71,0,2,0.110055,0.006846,0.10313
MATRIX,71,0,1,0.250793,0.056987,0.077792
STANDARD,71,0,2,0.107135,0.006424,0.100639
MATRIX,71,0,1,0.222434,0.051592,0.072219
STANDARD,71,0,2,0.102323,0.006521,0.095711
MATRIX,71,0,1,0.223696,0.050957,0.073608
STANDARD,71,0,16,1.47402,0.636587,0.83616
MATRIX,71,0,1,0.223641,0.052435,0.072901
STANDARD,71,0,2,0.124938,0.006697,0.118159
MATRIX,71,0,1,0.312449,0.070898,0.103575
STANDARD,71,0,2,0.120708,0.00733,0.113307
MATRIX,71,0,1,0.239341,0.055786,0.077846
STANDARD,71,0,4,0.257751,0.027995,0.229437
MATRIX,71,0,2,0.387902,0.080844,0.118142
STANDARD,71,0,2,0.10906,0.006649,0.102334
MATRIX,71,0,1,0.346934,0.07447,0.105245
STANDARD,71,0,2,0.112221,0.006412,0.105736
MATRIX,71,0,1,0.238695,0.053674,0.076586
STANDARD,71,0,6,0.390313,0.062481,0.327416
MATRIX,71,0,4,0.710199,0.139895,0.199239
STANDARD,71,0,3,0.175206,0.01596,0.159093
MATRIX,71,0,2,0.392029,0.086555,0.118193
STANDARD,71,0,12,1.03816,0.353742,0.683461
MATRIX,71,0,1,0.238731,0.056274,0.078901
STANDARD,71,0,2,0.117083,0.00748,0.109499
MATRIX,71,0,1,0.22606,0.05208,0.072475
STANDARD,71,0,10,0.74846,0.200802,0.546886
MATRIX,71,0,1,0.247898,0.056751,0.082111
STANDARD,71,0,11,0.990423,0.318191,0.67127
MATRIX,71,0,1,0.258464,0.063305,0.078032
STANDARD,71,0,13,1.09725,0.381011,0.71516
MATRIX,71,0,1,0.259206,0.058643,0.082318
STANDARD,71,0,3,0.178228,0.014111,0.163919
MATRIX,71,0,2,0.378158,0.07892,0.115649
STANDARD,71,0,2,0.109495,0.00716,0.102259
MATRIX,71,0,1,0.236536,0.053642,0.078178
STANDARD,71,0,14,1.21921,0.474883,0.743301
MATRIX,71,0,1,0.24752,0.057634,0.079828
STANDARD,71,0,13,1.17131,0.419653,0.750595
MATRIX,71,0,1,0.284122,0.066929,0.090112
STANDARD,71,0,2,0.11103,0.007386,0.103573
MATRIX,71,0,1,0.253545,0.060658,0.081064
STANDARD,71,0,10,0.733042,0.191584,0.540727
MATRIX,71,0,2,0.403933,0.083728,0.119787
STANDARD,71,0,2,0.140014,0.008938,0.130971
MATRIX,71,0,1,0.243523,0.05656,0.074705
STANDARD,71,0,2,0.108316,0.007146,0.1011
MATRIX,71,0,1,0.231064,0.050999,0.07837
STANDARD,71,0,14,1.1955,0.448001,0.746437
MATRIX,71,0,1,0.236311,0.056354,0.076622
STANDARD,71,0,10,0.852077,0.245688,0.605563
MATRIX,71,0,1,0.25001,0.059564,0.077383
STANDARD,71,0,2,0.111828,0.006984,0.104769
MATRIX,71,0,1,0.237993,0.052167,0.077907
STANDARD,71,20,13,1.11099,0.423191,0.68676
MATRIX,71,20,1,0.243875,0.055853,0.080319
STANDARD,71,20,12,0.994093,0.357396,0.635753
MATRIX,71,20,1,0.244251,0.054586,0.080049
STANDARD,71,20,2,0.108038,0.00684,0.101095
MATRIX,71,20,1,0.242451,0.05182,0.080154
STANDARD,71,20,18,2.05678,1.0323,1.02293
MATRIX,71,20,1,0.237799,0.053961,0.077088
STANDARD,71,20,2,0.116942,0.006233,0.110627
MATRIX,71,20,1,0.241801,0.055171,0.075509
STANDARD,71,20,3,0.166671,0.013849,0.152663
MATRIX,71,20,2,0.3876,0.075994,0.120451
STANDARD,71,20,2,0.143479,0.008432,0.134965
MATRIX,71,20,1,0.247168,0.056779,0.078108
STANDARD,71,20,3,0.173458,0.014564,0.158739
MATRIX,71,20,1,0.240507,0.05815,0.076639
STANDARD,71,20,14,1.28234,0.525654,0.755555
MATRIX,71,20,1,0.246983,0.055081,0.080791
STANDARD,71,20,15,1.38069,0.597766,0.781733
MATRIX,71,20,1,0.219755,0.051023,0.0715
STANDARD,71,20,14,1.21896,0.463786,0.754059
MATRIX,71,20,1,0.236816,0.054128,0.07556
STANDARD,71,20,10,0.716934,0.201863,0.514355
MATRIX,71,20,1,0.286609,0.063458,0.09918
STANDARD,71,20,4,0.230786,0.026409,0.204138
MATRIX,71,20,2,0.466036,0.094446,0.140855
STANDARD,71,20,2,0.102018,0.006414,0.095527
MATRIX,71,20,1,0.230294,0.050199,0.074494
STANDARD,71,20,4,0.260813,0.024231,0.236293
MATRIX,71,20,2,0.385864,0.080884,0.116523
STANDARD,71,20,11,0.812302,0.24986,0.56158
MATRIX,71,20,1,0.226039,0.051829,0.074406
STANDARD,71,20,3,0.176455,0.014561,0.161735
MATRIX,71,20,1,0.247785,0.058593,0.079481
STANDARD,71,20,16,1.52629,0.651791,0.873273
MATRIX,71,20,1,0.252454,0.062171,0.079253
STANDARD,71,20,7,0.479745,0.09168,0.38751
MATRIX,71,20,1,0.237764,0.055863,0.076816
STANDARD,71,20,4,0.246479,0.027855,0.218379
MATRIX,71,20,2,0.407554,0.087037,0.125123
STANDARD,71,20,2,0.104197,0.005926,0.098204
MATRIX,71,20,1,0.251834,0.055162,0.08242
STANDARD,71,20,14,1.26164,0.498646,0.761834
MATRIX,71,20,1,0.239454,0.056733,0.078138
STANDARD,71,20,12,0.9487,0.331173,0.616665
MATRIX,71,20,1,0.234909,0.056247,0.075346
STANDARD,71,20,3,0.185327,0.018884,0.166267
MATRIX,71,20,1,0.235056,0.050831,0.077189
STANDARD,71,20,14,1.20308,0.447207,0.754752
MATRIX,71,20,1,0.224967,0.051675,0.071958
STANDARD,71,20,3,0.189914,0.01785,0.171909
MATRIX,71,20,2,0.487626,0.102268,0.169078
STANDARD,71,20,2,0.111738,0.007033,0.104631
MATRIX,71,20,1,0.266246,0.058954,0.08419
STANDARD,71,20,2,0.123676,0.007583,0.116011
MATRIX,71,20,1,0.291608,0.064391,0.098164
STANDARD,71,20,11,0.977583,0.293974,0.682553
MATRIX,71,20,1,0.286742,0.075946,0.088521
STANDARD,71,20,8,0.6301,0.141817,0.48765
MATRIX,71,20,1,0.331354,0.079174,0.09354
STANDARD,71,40,12,1.02713,0.335869,0.690268
MATRIX,71,40,1,0.316253,0.072065,0.099235
STANDARD,71,40,12,1.02428,0.35056,0.672577
MATRIX,71,40,1,0.327198,0.079773,0.106663
STANDARD,71,40,3,0.172376,0.014938,0.157268
MATRIX,71,40,1,0.245501,0.052678,0.079162
STANDARD,71,40,16,1.57001,0.700855,0.86795
MATRIX,71,40,1,0.252655,0.057827,0.077531
STANDARD,71,40,13,1.04258,0.376358,0.665237
MATRIX,71,40,1,0.229472,0.051109,0.072879
STANDARD,71,40,4,0.255195,0.025619,0.229324
MATRIX,71,40,2,0.417602,0.087005,0.127062
STANDARD,71,40,3,0.178609,0.013296,0.165125
MATRIX,71,40,1,0.270726,0.062717,0.087314
STANDARD,71,40,3,0.164922,0.014773,0.150006
MATRIX,71,40,1,0.22097,0.049732,0.071048
STANDARD,71,40,14,1.25884,0.474109,0.78364
MATRIX,71,40,1,0.224467,0.055003,0.072061
STANDARD,71,40,4,0.228257,0.028849,0.199168
MATRIX,71,40,2,0.443664,0.09468,0.149779
STANDARD,71,40,3,0.167477,0.015786,0.151527
MATRIX,71,40,2,0.363914,0.076806,0.109498
STANDARD,71,40,10,0.759289,0.213008,0.54552
MATRIX,71,40,1,0.237016,0.054332,0.076965
STANDARD,71,40,18,1.85188,0.850167,1.00026
MATRIX,71,40,1,0.240395,0.056281,0.079495
STANDARD,71,40,16,1.74362,0.820156,0.922085
MATRIX,71,40,1,0.243267,0.056377,0.081769
STANDARD,71,40,16,1.67007,0.785314,0.883513
MATRIX,71,40,1,0.233722,0.055224,0.075494
STANDARD,71,40,16,1.4214,0.634685,0.785516
MATRIX,71,40,1,0.244789,0.05686,0.075673
STANDARD,71,40,4,0.246441,0.030541,0.215559
MATRIX,71,40,4,0.693962,0.13894,0.196314
STANDARD,71,40,3,0.174925,0.017133,0.15761
MATRIX,71,40,2,0.379295,0.078344,0.113172
STANDARD,71,40,2,0.109271,0.006828,0.102373
MATRIX,71,40,1,0.237243,0.051895,0.078835
STANDARD,71,40,4,0.231793,0.02878,0.202719
MATRIX,71,40,2,0.374253,0.081383,0.114499
STANDARD,71,40,15,1.35737,0.552566,0.803694
MATRIX,71,40,1,0.233168,0.053368,0.076748
STANDARD,71,40,11,0.991402,0.305509,0.684886
MATRIX,71,40,1,0.23687,0.055974,0.075547
STANDARD,71,40,14,1.19063,0.484344,0.70528
MATRIX,71,40,1,0.229803,0.050891,0.077255
STANDARD,71,40,3,0.182705,0.015382,0.167165
MATRIX,71,40,1,0.248373,0.060063,0.079815
STANDARD,71,40,8,0.536589,0.123462,0.41258
MATRIX,71,40,1,0.221754,0.050326,0.071272
STANDARD,71,40,4,0.253439,0.028257,0.224922
MATRIX,71,40,2,0.460123,0.110482,0.14335
STANDARD,71,40,14,1.23793,0.494811,0.741987
MATRIX,71,40,1,0.258888,0.075574,0.075285
STANDARD,71,40,19,2.20526,1.20075,1.00299
MATRIX,71,40,1,0.218857,0.050406,0.071583
STANDARD,71,40,15,1.44498,0.62139,0.822293
MATRIX,71,40,1,0.237161,0.05307,0.079575
STANDARD,71,40,7,0.451354,0.096548,0.354354
MATRIX,71,40,1,0.226095,0.052524,0.074795
STANDARD,71,60,5,0.288337,0.04307,0.244963
MATRIX,71,60,2,0.356679,0.074562,0.10817
STANDARD,71,60,14,1.20957,0.453793,0.754708
MATRIX,71,60,2,0.396969,0.082102,0.120904
STANDARD,71,60,3,0.175731,0.014386,0.161177
MATRIX,71,60,1,0.321856,0.096755,0.108697
STANDARD,71,60,12,0.966761,0.339116,0.626729
MATRIX,71,60,1,0.26843,0.062918,0.092803
STANDARD,71,60,8,0.549104,0.119749,0.428726
MATRIX,71,60,1,0.247324,0.057521,0.076832
STANDARD,71,60,15,1.37899,0.568695,0.809174
MATRIX,71,60,1,0.241279,0.055115,0.077294
STANDARD,71,60,10,0.905914,0.298144,0.606998
MATRIX,71,60,1,0.321073,0.070374,0.099824
STANDARD,71,60,2,0.10689,0.006846,0.099976
MATRIX,71,60,1,0.250482,0.057655,0.075782
STANDARD,71,60,2,0.107164,0.006212,0.100874
MATRIX,71,60,1,0.243743,0.056215,0.076366
STANDARD,71,60,11,0.907677,0.280671,0.626112
MATRIX,71,60,1,0.268642,0.063428,0.083103
STANDARD,71,60,2,0.110123,0.006982,0.103053
MATRIX,71,60,1,0.24467,0.056306,0.072757
STANDARD,71,60,4,0.224034,0.023713,0.200057
MATRIX,71,60,5,0.788165,0.154478,0.21839
STANDARD,71,60,3,0.167912,0.014331,0.153419
MATRIX,71,60,1,0.250648,0.058963,0.077105
STANDARD,71,60,15,1.45205,0.591171,0.859517
MATRIX,71,60,1,0.251094,0.05439,0.083196
STANDARD,71,60,12,0.933872,0.298308,0.634578
MATRIX,71,60,1,0.248328,0.050504,0.082682
STANDARD,71,60,4,0.226146,0.02651,0.199352
MATRIX,71,60,2,0.366439,0.074138,0.112766
STANDARD,71,60,12,0.903472,0.312501,0.590112
MATRIX,71,60,1,0.229302,0.054398,0.071568
STANDARD,71,60,4,0.30693,0.032049,0.274544
MATRIX,71,60,5,0.825492,0.165258,0.235346
STANDARD,71,60,3,0.177027,0.016131,0.160733
MATRIX,71,60,2,0.39356,0.08013,0.118053
STANDARD,71,60,5,0.300934,0.045621,0.254964
MATRIX,71,60,2,0.417921,0.096525,0.118461
STANDARD,71,60,16,1.51333,0.63536,0.876685
MATRIX,71,60,1,0.208868,0.049841,0.06737
STANDARD,71,60,9,0.528297,0.133606,0.394045
MATRIX,71,60,1,0.200769,0.045325,0.06429
STANDARD,71,60,2,0.097881,0.005766,0.092021
MATRIX,71,60,1,0.222823,0.049712,0.067872
STANDARD,71,60,4,0.20543,0.02428,0.180843
MATRIX,71,60,2,0.325164,0.068899,0.099627
STANDARD,71,60,2,0.096703,0.005863,0.090762
MATRIX,71,60,1,0.21048,0.048029,0.068056
STANDARD,71,60,2,0.095066,0.006771,0.088197
MATRIX,71,60,1,0.201674,0.047294,0.063197
STANDARD,71,60,7,0.405856,0.074429,0.330906
MATRIX,71,60,2,0.329472,0.070018,0.099864
STANDARD,71,60,3,0.151146,0.011067,0.139936
MATRIX,71,60,1,0.200713,0.046198,0.066828
STANDARD,71,60,3,0.143889,0.011949,0.13181
MATRIX,71,60,1,0.19911,0.045751,0.065422
STANDARD,71,60,14,1.11248,0.448468,0.663044
MATRIX,71,60,1,0.213197,0.051226,0.070661
STANDARD,71,80,3,0.210386,0.018055,0.192132
MATRIX,71,80,2,0.389611,0.077136,0.120591
STANDARD,71,80,13,1.08339,0.39343,0.688778
MATRIX,71,80,1,0.227836,0.056077,0.078578
STANDARD,71,80,10,0.777649,0.199394,0.577448
MATRIX,71,80,1,0.29202,0.078629,0.104006
STANDARD,71,80,10,0.725406,0.189374,0.535309
MATRIX,71,80,1,0.220007,0.050603,0.072246
STANDARD,71,80,3,0.150668,0.013204,0.137336
MATRIX,71,80,1,0.20661,0.048113,0.070251
STANDARD,71,80,3,0.170325,0.015744,0.154408
MATRIX,71,80,1,0.231566,0.055713,0.08801
STANDARD,71,80,6,0.348978,0.057988,0.290618
MATRIX,71,80,1,0.206035,0.047638,0.06815
STANDARD,71,80,4,0.214505,0.024216,0.190065
MATRIX,71,80,2,0.33264,0.068533,0.101753
STANDARD,71,80,13,0.930321,0.315417,0.613908
MATRIX,71,80,1,0.232131,0.049747,0.071888
STANDARD,71,80,3,0.147786,0.015071,0.13255
MATRIX,71,80,1,0.201466,0.045171,0.065876
STANDARD,71,80,4,0.205788,0.023349,0.182201
MATRIX,71,80,2,0.320499,0.067182,0.098119
STANDARD,71,80,3,0.145721,0.011713,0.133871
MATRIX,71,80,1,0.201802,0.045095,0.067125
STANDARD,71,80,4,0.230542,0.024018,0.206275
MATRIX,71,80,2,0.360962,0.076207,0.104167
STANDARD,71,80,15,1.2431,0.509565,0.732461
MATRIX,71,80,1,0.277705,0.062838,0.10069
STANDARD,71,80,9,0.600255,0.155579,0.444036
MATRIX,71,80,1,0.20463,0.04743,0.066403
STANDARD,71,80,3,0.250454,0.028957,0.221292
MATRIX,71,80,1,0.217804,0.048399,0.068652
STANDARD,71,80,2,0.107599,0.006649,0.100859
MATRIX,71,80,1,0.208278,0.046575,0.069446
STANDARD,71,80,2,0.098061,0.006576,0.091407
MATRIX,71,80,1,0.204385,0.046616,0.067728
STANDARD,71,80,15,1.21664,0.486709,0.728831
MATRIX,71,80,1,0.216455,0.048508,0.067913
STANDARD,71,80,3,0.15873,0.013986,0.144585
MATRIX,71,80,1,0.208359,0.046815,0.069528
STANDARD,71,80,2,0.109322,0.008467,0.100759
MATRIX,71,80,1,0.231379,0.050898,0.075476
STANDARD,71,80,3,0.165612,0.014466,0.150981
MATRIX,71,80,1,0.208928,0.04634,0.068363
STANDARD,71,80,4,0.207434,0.022288,0.184942
MATRIX,71,80,2,0.337735,0.072625,0.102655
STANDARD,71,80,2,0.09831,0.005769,0.092478
MATRIX,71,80,1,0.215191,0.048155,0.072744
STANDARD,71,80,12,0.845218,0.29608,0.548372
MATRIX,71,80,1,0.219741,0.05101,0.069962
STANDARD,71,80,4,0.21431,0.024611,0.189468
MATRIX,71,80,3,0.464996,0.098165,0.138204
STANDARD,71,80,3,0.147226,0.012737,0.134338
MATRIX,71,80,1,0.204186,0.047199,0.06749
STANDARD,71,80,4,0.220567,0.022082,0.198264
MATRIX,71,80,3,0.468844,0.09531,0.138754
STANDARD,71,80,8,0.51455,0.10927,0.404733
MATRIX,71,80,1,0.22199,0.049666,0.073577
STANDARD,71,80,3,0.14857,0.012946,0.135494
MATRIX,71,80,1,0.200288,0.046801,0.064529
STANDARD,71,100,5,0.27778,0.039649,0.237777
MATRIX,71,100,3,0.464039,0.093419,0.138616
STANDARD,71,100,11,0.854886,0.251641,0.602409
MATRIX,71,100,1,0.241646,0.06356,0.074807
STANDARD,71,100,3,0.153928,0.012706,0.14105
MATRIX,71,100,1,0.20444,0.047254,0.066291
STANDARD,71,100,3,0.156875,0.011889,0.144826
MATRIX,71,100,2,0.375855,0.078735,0.114674
STANDARD,71,100,3,0.159093,0.013835,0.145081
MATRIX,71,100,2,0.365802,0.076907,0.109862
STANDARD,71,100,2,0.113966,0.007134,0.106745
MATRIX,71,100,1,0.23,0.055733,0.076056
STANDARD,71,100,24,2.98608,1.89635,1.0879
MATRIX,71,100,1,0.211023,0.045705,0.070015
STANDARD,71,100,13,1.25101,0.427329,0.822563
MATRIX,71,100,1,0.239133,0.051526,0.084735
STANDARD,71,100,5,0.386843,0.048625,0.337766
MATRIX,71,100,8,1.25532,0.262868,0.332808
STANDARD,71,100,13,1.05066,0.360019,0.689643
MATRIX,71,100,1,0.197781,0.046208,0.064253
STANDARD,71,100,2,0.101581,0.005501,0.096016
MATRIX,71,100,1,0.223524,0.049971,0.074763
STANDARD,71,100,11,0.803298,0.268617,0.533931
MATRIX,71,100,1,0.227681,0.054663,0.075646
STANDARD,71,100,7,0.43233,0.082219,0.349657
MATRIX,71,100,1,0.211482,0.047237,0.068684
STANDARD,71,100,3,0.154817,0.011844,0.142826
MATRIX,71,100,1,0.212967,0.045171,0.069805
STANDARD,71,100,2,0.103437,0.00587,0.097495
MATRIX,71,100,1,0.274998,0.059079,0.075661
STANDARD,71,100,7,0.396798,0.080966,0.315351
MATRIX,71,100,1,0.208583,0.045619,0.069098
STANDARD,71,100,16,1.27354,0.53938,0.732955
MATRIX,71,100,1,0.209418,0.04765,0.065006
STANDARD,71,100,4,0.211853,0.02296,0.188696
MATRIX,71,100,2,0.349756,0.073743,0.103008
STANDARD,71,100,3,0.150468,0.012171,0.138119
MATRIX,71,100,2,0.342462,0.071088,0.103525
STANDARD,71,100,4,0.203261,0.021005,0.182046
MATRIX,71,100,2,0.328511,0.06865,0.097796
STANDARD,71,100,3,0.155038,0.013392,0.141512
MATRIX,71,100,2,0.341248,0.071897,0.102698
STANDARD,71,100,2,0.095852,0.006277,0.089504
MATRIX,71,100,1,0.212668,0.048066,0.066143
STANDARD,71,100,4,0.211723,0.024389,0.187129
MATRIX,71,100,2,0.396384,0.074325,0.116023
STANDARD,71,100,4,0.210548,0.026339,0.183995
MATRIX,71,100,2,0.363221,0.07408,0.109288
STANDARD,71,100,14,1.02224,0.390882,0.630328
MATRIX,71,100,1,0.199491,0.048232,0.064928
STANDARD,71,100,3,0.142325,0.012258,0.129942
MATRIX,71,100,2,0.35384,0.072608,0.10807
STANDARD,71,100,11,0.76541,0.234033,0.530656
MATRIX,71,100,1,0.199408,0.046474,0.064529
STANDARD,71,100,5,0.274415,0.038098,0.236034
MATRIX,71,100,2,0.334563,0.07128,0.101336
STANDARD,71,100,15,1.28884,0.55434,0.733231
MATRIX,71,100,1,0.208801,0.0477,0.067875
STANDARD,71,100,15,1.21821,0.508275,0.708799
MATRIX,71,100,1,0.217171,0.049546,0.069099
STANDARD,81,0,3,0.200697,0.013933,0.186611
MATRIX,81,0,2,0.457516,0.095098,0.131446
STANDARD,81,0,14,1.38048,0.448681,0.930753
MATRIX,81,0,1,0.260444,0.05611,0.082176
STANDARD,81,0,14,1.26662,0.425653,0.839962
MATRIX,81,0,1,0.273549,0.060449,0.084631
STANDARD,81,0,7,0.514967,0.078971,0.435536
MATRIX,81,0,1,0.268441,0.058313,0.084662
STANDARD,81,0,19,2.06034,0.9157,1.14314
MATRIX,81,0,1,0.278473,0.062791,0.089021
STANDARD,81,0,8,0.571021,0.107591,0.462947
MATRIX,81,0,2,0.420454,0.086714,0.122974
STANDARD,81,0,3,0.184755,0.011749,0.172856
MATRIX,81,0,1,0.262204,0.056827,0.081522
STANDARD,81,0,9,0.69442,0.137179,0.556607
MATRIX,81,0,1,0.313653,0.066108,0.093354
STANDARD,81,0,4,0.27893,0.024472,0.254239
MATRIX,81,0,1,0.292379,0.06571,0.088169
STANDARD,81,0,12,1.03282,0.26498,0.766962
MATRIX,81,0,1,0.282135,0.058648,0.085136
STANDARD,81,0,15,1.4013,0.488039,0.912221
MATRIX,81,0,1,0.301231,0.065628,0.094666
STANDARD,81,0,8,0.5753,0.104059,0.470752
MATRIX,81,0,1,0.293519,0.061282,0.093893
STANDARD,81,0,3,0.223819,0.014071,0.209575
MATRIX,81,0,2,0.477183,0.093873,0.139602
STANDARD,81,0,6,0.482126,0.065444,0.416212
MATRIX,81,0,1,0.284409,0.064991,0.084329
STANDARD,81,0,4,0.271198,0.02182,0.249163
MATRIX,81,0,2,0.456351,0.093081,0.133403
STANDARD,81,0,2,0.115556,0.00579,0.109678
MATRIX,81,0,1,0.261144,0.057298,0.083345
STANDARD,81,0,3,0.182651,0.012662,0.169864
MATRIX,81,0,1,0.259614,0.054851,0.08183
STANDARD,81,0,10,0.747283,0.174614,0.572021
MATRIX,81,0,1,0.284074,0.066132,0.085167
STANDARD,81,0,4,0.280033,0.024789,0.255024
MATRIX,81,0,2,0.489655,0.104731,0.153448
STANDARD,81,0,3,0.182138,0.013706,0.168287
MATRIX,81,0,1,0.262784,0.055724,0.083185
STANDARD,81,0,22,2.87474,1.58912,1.28375
MATRIX,81,0,1,0.269657,0.060622,0.084402
STANDARD,81,0,3,0.180929,0.013083,0.167711
MATRIX,81,0,2,0.442975,0.091138,0.128198
STANDARD,81,0,4,0.253193,0.022749,0.230224
MATRIX,81,0,1,0.323672,0.06181,0.119065
STANDARD,81,0,7,0.506473,0.082655,0.423395
MATRIX,81,0,1,0.267247,0.056619,0.083794
STANDARD,81,0,3,0.198561,0.012698,0.18572
MATRIX,81,0,2,0.434356,0.087397,0.12909
STANDARD,81,0,2,0.140915,0.006316,0.134508
MATRIX,81,0,1,0.310013,0.064214,0.090079
STANDARD,81,0,3,0.186764,0.01305,0.173582
MATRIX,81,0,1,0.281619,0.060736,0.090238
STANDARD,81,0,3,0.194706,0.013187,0.181387
MATRIX,81,0,1,0.283591,0.064892,0.087493
STANDARD,81,0,4,0.255064,0.021886,0.232954
MATRIX,81,0,3,0.645137,0.129767,0.175326
STANDARD,81,0,3,0.209625,0.014446,0.195019
MATRIX,81,0,1,0.304758,0.065247,0.09546
STANDARD,81,20,10,0.803028,0.201105,0.6012
MATRIX,81,20,1,0.359426,0.080485,0.11932
STANDARD,81,20,11,0.846135,0.2246,0.620757
MATRIX,81,20,1,0.260551,0.058996,0.08165
STANDARD,81,20,2,0.119701,0.005945,0.113688
MATRIX,81,20,1,0.274186,0.062021,0.085633
STANDARD,81,20,12,1.08615,0.266228,0.81901
MATRIX,81,20,1,0.272941,0.060221,0.085615
STANDARD,81,20,3,0.183547,0.013616,0.1698
MATRIX,81,20,1,0.286996,0.06409,0.08752
STANDARD,81,20,2,0.125043,0.006833,0.118137
MATRIX,81,20,1,0.294822,0.064933,0.09441
STANDARD,81,20,2,0.123342,0.00629,0.116987
MATRIX,81,20,1,0.285431,0.061602,0.091202
STANDARD,81,20,2,0.178404,0.010836,0.167444
MATRIX,81,20,1,0.30581,0.066018,0.095901
STANDARD,81,20,2,0.120071,0.005509,0.114498
MATRIX,81,20,1,0.261753,0.056506,0.083231
STANDARD,81,20,12,1.15457,0.35295,0.800768
MATRIX,81,20,1,0.290135,0.0625,0.093314
STANDARD,81,20,12,1.02902,0.310006,0.718184
MATRIX,81,20,1,0.272498,0.061625,0.084757
STANDARD,81,20,6,0.485765,0.060855,0.424416
MATRIX,81,20,4,0.932871,0.175651,0.269938
STANDARD,81,20,8,0.63763,0.13147,0.505571
MATRIX,81,20,1,0.527749,0.164376,0.174027
STANDARD,81,20,9,0.761761,0.169674,0.5914
MATRIX,81,20,1,0.317222,0.072694,0.095235
STANDARD,81,20,2,0.135114,0.006935,0.128099
MATRIX,81,20,1,0.271327,0.059042,0.086311
STANDARD,81,20,4,0.274532,0.024249,0.250049
MATRIX,81,20,2,0.437443,0.092042,0.130827
STANDARD,81,20,2,0.15174,0.006158,0.145517
MATRIX,81,20,1,0.286285,0.05892,0.093242
STANDARD,81,20,16,1.51341,0.540892,0.971355
MATRIX,81,20,1,0.304088,0.068286,0.096009
STANDARD,81,20,8,0.668755,0.127679,0.540423
MATRIX,81,20,1,0.3488,0.070516,0.130811
STANDARD,81,20,13,1.07147,0.333051,0.7375
MATRIX,81,20,1,0.260566,0.057304,0.081145
STANDARD,81,20,3,0.189119,0.013282,0.175699
MATRIX,81,20,2,0.462166,0.091862,0.130411
STANDARD,81,20,8,0.769368,0.132927,0.635723
MATRIX,81,20,1,0.273889,0.059512,0.085706
STANDARD,81,20,8,0.576391,0.11268,0.463195
MATRIX,81,20,2,0.461505,0.094832,0.136478
STANDARD,81,20,3,0.194406,0.012476,0.181776
MATRIX,81,20,2,0.485136,0.099393,0.146904
STANDARD,81,20,2,0.120026,0.005633,0.114325
MATRIX,81,20,1,0.271088,0.059387,0.086262
STANDARD,81,20,3,0.198692,0.013773,0.184782
MATRIX,81,20,1,0.304985,0.067177,0.086668
STANDARD,81,20,21,2.67243,1.3603,1.31033
MATRIX,81,20,1,0.294109,0.069746,0.087643
STANDARD,81,20,4,0.260041,0.022906,0.236901
MATRIX,81,20,2,0.445906,0.087618,0.134769
STANDARD,81,20,3,0.189968,0.014027,0.175788
MATRIX,81,20,1,0.26184,0.056616,0.083083
STANDARD,81,20,13,1.18584,0.357962,0.824825
MATRIX,81,20,1,0.2816,0.065938,0.087338
STANDARD,81,40,14,1.34104,0.423333,0.916664
MATRIX,81,40,1,0.283663,0.061905,0.091752
STANDARD,81,40,23,3.18264,1.78124,1.39974
MATRIX,81,40,1,0.308708,0.065849,0.09577
STANDARD,81,40,5,0.34687,0.037044,0.309512
MATRIX,81,40,4,0.807554,0.157122,0.221861
STANDARD,81,40,2,0.118258,0.006126,0.112021
MATRIX,81,40,1,0.271844,0.057986,0.084424
STANDARD,81,40,3,0.183466,0.013011,0.170323
MATRIX,81,40,1,0.270154,0.057836,0.086871
STANDARD,81,40,11,0.884875,0.222034,0.662081
MATRIX,81,40,1,0.272851,0.05873,0.084499
STANDARD,81,40,13,1.17652,0.376622,0.79897
MATRIX,81,40,1,0.293316,0.064109,0.091289
STANDARD,81,40,5,0.337943,0.033036,0.304648
MATRIX,81,40,2,0.449374,0.093588,0.136442
STANDARD,81,40,3,0.184529,0.013215,0.17118
MATRIX,81,40,2,0.417606,0.084979,0.124179
STANDARD,81,40,3,0.197187,0.012343,0.184708
MATRIX,81,40,1,0.276946,0.057928,0.090348
STANDARD,81,40,2,0.124157,0.006218,0.117873
MATRIX,81,40,1,0.300367,0.065651,0.091893
STANDARD,81,40,4,0.252713,0.022189,0.230306
MATRIX,81,40,2,0.421394,0.087398,0.123936
STANDARD,81,40,4,0.255228,0.020503,0.234497
MATRIX,81,40,2,0.459724,0.093578,0.131099
STANDARD,81,40,4,0.260592,0.024031,0.236357
MATRIX,81,40,4,0.783217,0.152186,0.215691
STANDARD,81,40,4,0.282521,0.024953,0.257307
MATRIX,81,40,4,0.771503,0.147479,0.220625
STANDARD,81,40,4,0.257677,0.023059,0.234405
MATRIX,81,40,2,0.426235,0.084132,0.12508
STANDARD,81,40,4,0.274513,0.023057,0.251254
MATRIX,81,40,2,0.424932,0.085262,0.127039
STANDARD,81,40,15,1.38852,0.46024,0.927145
MATRIX,81,40,1,0.279106,0.059741,0.090951
STANDARD,81,40,11,1.01836,0.27824,0.739305
MATRIX,81,40,1,0.298005,0.065193,0.091388
STANDARD,81,40,5,0.336556,0.038368,0.297904
MATRIX,81,40,2,0.440897,0.086693,0.134732
STANDARD,81,40,11,0.880923,0.221938,0.658265
MATRIX,81,40,1,0.350075,0.08275,0.118095
STANDARD,81,40,9,0.672105,0.145432,0.526069
MATRIX,81,40,1,0.294417,0.06933,0.095167
STANDARD,81,40,5,0.38995,0.047336,0.342277
MATRIX,81,40,2,0.489677,0.099199,0.155562
STANDARD,81,40,8,0.607836,0.116025,0.491233
MATRIX,81,40,1,0.305851,0.065831,0.098354
STANDARD,81,40,2,0.118917,0.005846,0.112999
MATRIX,81,40,1,0.264381,0.057359,0.085673
STANDARD,81,40,6,0.440926,0.058004,0.382552
MATRIX,81,40,1,0.318501,0.062114,0.096379
STANDARD,81,40,8,0.604521,0.109151,0.494777
MATRIX,81,40,1,0.275689,0.061913,0.087354
STANDARD,81,40,3,0.194164,0.013698,0.180326
MATRIX,81,40,1,0.27903,0.064326,0.087145
STANDARD,81,40,11,1.00267,0.264466,0.737348
MATRIX,81,40,1,0.282698,0.063017,0.090698
STANDARD,81,40,17,1.63084,0.635463,0.9941
MATRIX,81,40,1,0.293741,0.064582,0.092823
STANDARD,81,60,2,0.122752,0.005724,0.116957
MATRIX,81,60,1,0.277097,0.057621,0.088135
STANDARD,81,60,3,0.188982,0.01493,0.173913
MATRIX,81,60,1,0.2703,0.0556,0.087111
STANDARD,81,60,6,0.513102,0.066986,0.445696
MATRIX,81,60,1,0.288701,0.062851,0.088579
STANDARD,81,60,7,0.487245,0.072266,0.414523
MATRIX,81,60,1,0.317123,0.058835,0.109516
STANDARD,81,60,3,0.186502,0.013021,0.173329
MATRIX,81,60,2,0.423762,0.085829,0.125146
STANDARD,81,60,2,0.127325,0.005307,0.121953
MATRIX,81,60,1,0.275842,0.057783,0.083655
STANDARD,81,60,11,0.903269,0.23071,0.671729
MATRIX,81,60,1,0.30264,0.068207,0.094166
STANDARD,81,60,12,1.05069,0.302798,0.74701
MATRIX,81,60,1,0.304873,0.066172,0.095484
STANDARD,81,60,10,0.925422,0.220899,0.703763
MATRIX,81,60,1,0.282721,0.062206,0.089659
STANDARD,81,60,4,0.268137,0.02239,0.245508
MATRIX,81,60,2,0.452394,0.091887,0.133304
STANDARD,81,60,4,0.274334,0.026817,0.247291
MATRIX,81,60,2,0.468573,0.092214,0.137594
STANDARD,81,60,10,0.816356,0.190333,0.625305
MATRIX,81,60,1,0.28341,0.064496,0.086196
STANDARD,81,60,2,0.125965,0.005865,0.120034
MATRIX,81,60,1,0.26365,0.058022,0.084718
STANDARD,81,60,2,0.119796,0.006155,0.113571
MATRIX,81,60,1,0.269163,0.055998,0.086506
STANDARD,81,60,2,0.123404,0.006481,0.116856
MATRIX,81,60,1,0.285226,0.060563,0.091486
STANDARD,81,60,7,0.506622,0.074235,0.431755
MATRIX,81,60,6,1.20548,0.229074,0.331681
STANDARD,81,60,14,1.34322,0.460174,0.881905
MATRIX,81,60,1,0.271989,0.059578,0.086831
STANDARD,81,60,13,1.05501,0.29764,0.756487
MATRIX,81,60,1,0.264391,0.060465,0.082745
STANDARD,81,60,2,0.128193,0.006602,0.121518
MATRIX,81,60,1,0.292904,0.072568,0.085356
STANDARD,81,60,13,1.08088,0.313545,0.766451
MATRIX,81,60,1,0.275746,0.061501,0.087637
STANDARD,81,60,23,3.27742,1.88905,1.38664
MATRIX,81,60,1,0.277389,0.061306,0.091829
STANDARD,81,60,2,0.123513,0.007079,0.116361
MATRIX,81,60,1,0.264155,0.058743,0.082367
STANDARD,81,60,2,0.123264,0.006078,0.117107
MATRIX,81,60,1,0.261606,0.05828,0.080343
STANDARD,81,60,14,1.24039,0.401688,0.837672
MATRIX,81,60,1,0.284986,0.063323,0.086079
STANDARD,81,60,12,0.971651,0.276121,0.694632
MATRIX,81,60,1,0.387324,0.082068,0.139026
STANDARD,81,60,2,0.127776,0.007297,0.120385
MATRIX,81,60,1,0.274858,0.061461,0.085231
STANDARD,81,60,2,0.12338,0.006207,0.117101
MATRIX,81,60,1,0.287355,0.062613,0.086818
STANDARD,81,60,4,0.254794,0.020162,0.234392
MATRIX,81,60,2,0.440539,0.086846,0.130172
STANDARD,81,60,11,0.886166,0.206817,0.678587
MATRIX,81,60,1,0.285769,0.063487,0.091085
STANDARD,81,60,13,1.14355,0.33762,0.805
MATRIX,81,60,1,0.277653,0.058819,0.089218
STANDARD,81,80,15,1.35699,0.471402,0.884503
MATRIX,81,80,1,0.366581,0.077636,0.12991
STANDARD,81,80,18,1.82519,0.775196,1.04871
MATRIX,81,80,1,0.268287,0.057769,0.085658
STANDARD,81,80,3,0.208491,0.015183,0.19315
MATRIX,81,80,2,0.463825,0.093802,0.137214
STANDARD,81,80,3,0.191569,0.013252,0.178178
MATRIX,81,80,2,0.448561,0.089848,0.137876
STANDARD,81,80,3,0.191677,0.014689,0.176805
MATRIX,81,80,1,0.261541,0.057891,0.082884
STANDARD,81,80,9,0.781232,0.166407,0.614199
MATRIX,81,80,1,0.353048,0.069226,0.124734
STANDARD,81,80,4,0.363293,0.031573,0.331445
MATRIX,81,80,2,0.487128,0.094904,0.149892
STANDARD,81,80,2,0.139777,0.00734,0.13234
MATRIX,81,80,1,0.333167,0.069427,0.103889
STANDARD,81,80,3,0.192975,0.013842,0.178997
MATRIX,81,80,2,0.432528,0.085941,0.131505
STANDARD,81,80,14,1.36273,0.45925,0.902442
MATRIX,81,80,1,0.300527,0.069735,0.098761
STANDARD,81,80,3,0.202578,0.012541,0.189894
MATRIX,81,80,2,0.445363,0.09275,0.127338
STANDARD,81,80,3,0.249238,0.017178,0.231911
MATRIX,81,80,2,0.464364,0.089275,0.145494
STANDARD,81,80,5,0.377036,0.039684,0.337041
MATRIX,81,80,4,0.846506,0.1849,0.224931
STANDARD,81,80,15,1.37651,0.497623,0.877825
MATRIX,81,80,1,0.289437,0.058205,0.099895
STANDARD,81,80,22,2.89553,1.57612,1.31778
MATRIX,81,80,1,0.298683,0.060473,0.106392
STANDARD,81,80,4,0.298664,0.02448,0.273928
MATRIX,81,80,2,0.485056,0.09571,0.141743
STANDARD,81,80,4,0.25222,0.02132,0.230691
MATRIX,81,80,2,0.437184,0.088552,0.130801
STANDARD,81,80,14,1.28334,0.39563,0.886696
MATRIX,81,80,1,0.310015,0.070044,0.089981
STANDARD,81,80,12,1.04177,0.289688,0.751269
MATRIX,81,80,1,0.328358,0.080419,0.106176
STANDARD,81,80,4,0.256795,0.02169,0.234891
MATRIX,81,80,2,0.434661,0.087742,0.128177
STANDARD,81,80,5,0.330414,0.03662,0.293489
MATRIX,81,80,4,0.8275,0.158374,0.229945
STANDARD,81,80,5,0.333548,0.038516,0.2947
MATRIX,81,80,2,0.440646,0.088042,0.130199
STANDARD,81,80,4,0.258715,0.022528,0.235989
MATRIX,81,80,1,0.262455,0.055673,0.083352
STANDARD,81,80,13,1.21219,0.399424,0.811787
MATRIX,81,80,1,0.283168,0.059298,0.089501
STANDARD,81,80,11,0.8997,0.213993,0.684895
MATRIX,81,80,1,0.319152,0.065632,0.102109
STANDARD,81,80,3,0.183822,0.013292,0.170362
MATRIX,81,80,1,0.265596,0.057884,0.081857
STANDARD,81,80,17,1.67689,0.633123,1.04258
MATRIX,81,80,1,0.37894,0.068294,0.112444
STANDARD,81,80,4,0.260552,0.023152,0.237174
MATRIX,81,80,2,0.463643,0.097238,0.138249
STANDARD,81,80,2,0.122481,0.006201,0.11621
MATRIX,81,80,1,0.284757,0.065123,0.08688
STANDARD,81,80,3,0.185094,0.011432,0.173528
MATRIX,81,80,2,0.41668,0.082539,0.123561
STANDARD,81,100,16,1.58889,0.606872,0.980885
MATRIX,81,100,1,0.293344,0.062176,0.091229
STANDARD,81,100,19,2.18711,1.01135,1.17439
MATRIX,81,100,1,0.319142,0.061413,0.117268
STANDARD,81,100,7,0.520145,0.087575,0.432087
MATRIX,81,100,1,0.269495,0.061098,0.083769
STANDARD,81,100,7,0.495932,0.081642,0.413833
MATRIX,81,100,1,0.259413,0.057378,0.081961
STANDARD,81,100,2,0.175207,0.007197,0.167784
MATRIX,81,100,1,0.296844,0.068342,0.090177
STANDARD,81,100,9,0.658655,0.137964,0.520111
MATRIX,81,100,1,0.272484,0.057253,0.08829
STANDARD,81,100,4,0.243265,0.023906,0.219144
MATRIX,81,100,1,0.263369,0.058296,0.083774
STANDARD,81,100,7,0.557944,0.093178,0.464286
MATRIX,81,100,1,0.29394,0.064544,0.091775
STANDARD,81,100,3,0.183089,0.012944,0.17001
MATRIX,81,100,1,0.266662,0.06135,0.083014
STANDARD,81,100,8,0.555184,0.105259,0.449407
MATRIX,81,100,1,0.270564,0.057806,0.085629
STANDARD,81,100,3,0.212191,0.012698,0.199349
MATRIX,81,100,1,0.35709,0.076381,0.115572
STANDARD,81,100,12,1.0213,0.325876,0.694658
MATRIX,81,100,1,0.263444,0.057868,0.082597
STANDARD,81,100,3,0.188465,0.015488,0.172838
MATRIX,81,100,2,0.425857,0.086677,0.129883
STANDARD,81,100,4,0.264886,0.026928,0.237741
MATRIX,81,100,2,0.431911,0.090265,0.129083
STANDARD,81,100,3,0.188178,0.013688,0.174356
MATRIX,81,100,1,0.277213,0.061039,0.087968
STANDARD,81,100,3,0.187627,0.013628,0.17387
MATRIX,81,100,2,0.423694,0.086427,0.12771
STANDARD,81,100,4,0.34833,0.030736,0.317295
MATRIX,81,100,2,0.445566,0.091812,0.127833
STANDARD,81,100,2,0.119144,0.006233,0.112843
MATRIX,81,100,1,0.277631,0.063913,0.08701
STANDARD,81,100,11,0.938045,0.236179,0.701099
MATRIX,81,100,1,0.288751,0.060269,0.090979
STANDARD,81,100,11,0.891925,0.240886,0.650278
MATRIX,81,100,1,0.291584,0.060784,0.092544
STANDARD,81,100,11,0.859309,0.216057,0.642525
MATRIX,81,100,1,0.284519,0.062642,0.08738
STANDARD,81,100,3,0.197555,0.01216,0.18525
MATRIX,81,100,1,0.27389,0.059745,0.085963
STANDARD,81,100,2,0.122426,0.006278,0.116081
MATRIX,81,100,1,0.314083,0.064588,0.11143
STANDARD,81,100,2,0.133625,0.007374,0.126161
MATRIX,81,100,1,0.271397,0.059662,0.08602
STANDARD,81,100,6,0.422165,0.057071,0.364726
MATRIX,81,100,5,0.990318,0.190494,0.27546
STANDARD,81,100,3,0.19717,0.012379,0.184627
MATRIX,81,100,1,0.291512,0.062248,0.089168
STANDARD,81,100,2,0.122039,0.006156,0.115811
MATRIX,81,100,1,0.288408,0.063262,0.091743
STANDARD,81,100,3,0.200746,0.013045,0.187549
MATRIX,81,100,1,0.292139,0.064445,0.090988
STANDARD,81,100,2,0.123178,0.006369,0.11674
MATRIX,81,100,1,0.268455,0.058484,0.086396
STANDARD,81,100,15,1.49301,0.498091,0.993824
MATRIX,81,100,1,0.285263,0.061735,0.090625
STANDARD,91,0,4,0.338193,0.028191,0.309678
MATRIX,91,0,3,0.784124,0.147189,0.221627
STANDARD,91,0,5,0.406606,0.036884,0.369434
MATRIX,91,0,1,0.354474,0.078381,0.108049
STANDARD,91,0,14,1.5295,0.432686,1.09573
MATRIX,91,0,1,0.323549,0.068658,0.100861
STANDARD,91,0,14,1.6377,0.477638,1.15893
MATRIX,91,0,1,0.417931,0.080411,0.153635
STANDARD,91,0,4,0.372903,0.027473,0.345074
MATRIX,91,0,2,0.530854,0.103673,0.156673
STANDARD,91,0,15,1.98626,0.528363,1.45656
MATRIX,91,0,1,0.348829,0.076044,0.109596
STANDARD,91,0,2,0.144777,0.005414,0.139287
MATRIX,91,0,1,0.331005,0.069644,0.102351
STANDARD,91,0,3,0.23805,0.013817,0.224087
MATRIX,91,0,1,0.385512,0.082294,0.137137
STANDARD,91,0,2,0.175736,0.00646,0.169209
MATRIX,91,0,1,0.355739,0.076242,0.105404
STANDARD,91,0,3,0.250047,0.013376,0.236531
MATRIX,91,0,2,0.563295,0.111766,0.165344
STANDARD,91,0,2,0.162284,0.008321,0.153875
MATRIX,91,0,1,0.366586,0.081366,0.110923
STANDARD,91,0,8,0.688129,0.101247,0.586363
MATRIX,91,0,1,0.342315,0.074796,0.101139
STANDARD,91,0,2,0.172578,0.00694,0.165551
MATRIX,91,0,1,0.357869,0.08104,0.104468
STANDARD,91,0,19,2.49787,1.08322,1.41323
MATRIX,91,0,1,0.35467,0.075343,0.110098
STANDARD,91,0,3,0.244683,0.015607,0.228892
MATRIX,91,0,2,0.545284,0.106457,0.161745
STANDARD,91,0,12,1.20769,0.318838,0.88801
MATRIX,91,0,1,0.330768,0.071427,0.101724
STANDARD,91,0,13,1.29702,0.333133,0.962992
MATRIX,91,0,1,0.333307,0.071954,0.10419
STANDARD,91,0,2,0.169455,0.006261,0.163126
MATRIX,91,0,1,0.355989,0.076464,0.108858
STANDARD,91,0,17,1.92383,0.666915,1.25569
MATRIX,91,0,1,0.325424,0.069558,0.101377
STANDARD,91,0,10,0.897208,0.164334,0.732221
MATRIX,91,0,1,0.354959,0.078936,0.106407
STANDARD,91,0,3,0.247843,0.012937,0.234761
MATRIX,91,0,1,0.338328,0.072981,0.106729
STANDARD,91,0,4,0.329559,0.025201,0.304141
MATRIX,91,0,2,0.548829,0.110306,0.162022
STANDARD,91,0,11,1.08514,0.207271,0.877009
MATRIX,91,0,1,0.410912,0.098541,0.141356
STANDARD,91,0,14,1.46181,0.422849,1.03802
MATRIX,91,0,1,0.340179,0.072305,0.105567
STANDARD,91,0,3,0.222146,0.013622,0.208377
MATRIX,91,0,2,0.526533,0.103492,0.157828
STANDARD,91,0,3,0.222235,0.013759,0.208305
MATRIX,91,0,1,0.327539,0.069743,0.101815
STANDARD,91,0,2,0.179924,0.008254,0.171597
MATRIX,91,0,1,0.454102,0.111567,0.165025
STANDARD,91,0,3,0.230203,0.013759,0.216283
MATRIX,91,0,1,0.379495,0.080156,0.121229
STANDARD,91,0,16,1.72402,0.516903,1.20596
MATRIX,91,0,1,0.337118,0.071231,0.103272
STANDARD,91,0,13,1.32842,0.342006,0.985441
MATRIX,91,0,1,0.366798,0.079739,0.110505
STANDARD,91,20,4,0.428858,0.027936,0.400626
MATRIX,91,20,2,0.570055,0.114394,0.164252
STANDARD,91,20,16,1.78018,0.595896,1.18311
MATRIX,91,20,1,0.327708,0.069534,0.102505
STANDARD,91,20,4,0.321163,0.025659,0.295266
MATRIX,91,20,2,0.540145,0.107484,0.159462
STANDARD,91,20,6,0.514157,0.054499,0.459291
MATRIX,91,20,3,0.786256,0.151873,0.224953
STANDARD,91,20,4,0.33345,0.026331,0.30687
MATRIX,91,20,2,0.556985,0.113576,0.15787
STANDARD,91,20,16,1.89063,0.641563,1.24792
MATRIX,91,20,1,0.338776,0.077671,0.102528
STANDARD,91,20,6,0.520249,0.062137,0.45768
MATRIX,91,20,2,0.595075,0.120835,0.169458
STANDARD,91,20,12,1.2037,0.279658,0.923224
MATRIX,91,20,1,0.327651,0.072592,0.101957
STANDARD,91,20,15,1.61864,0.507051,1.11047
MATRIX,91,20,1,0.325835,0.068741,0.101201
STANDARD,91,20,4,0.351085,0.025722,0.325119
MATRIX,91,20,2,0.577893,0.116986,0.16795
STANDARD,91,20,2,0.14553,0.005919,0.139535
MATRIX,91,20,1,0.32558,0.068879,0.101616
STANDARD,91,20,9,0.816274,0.149534,0.666141
MATRIX,91,20,1,0.33578,0.073342,0.101141
STANDARD,91,20,3,0.255035,0.01441,0.240444
MATRIX,91,20,1,0.36837,0.082683,0.111557
STANDARD,91,20,14,1.54798,0.457037,1.08992
MATRIX,91,20,1,0.35691,0.081421,0.108209
STANDARD,91,20,13,1.32617,0.360784,0.964505
MATRIX,91,20,1,0.354694,0.078581,0.106948
STANDARD,91,20,5,0.424211,0.038164,0.385671
MATRIX,91,20,3,1.19658,0.194087,0.401498
STANDARD,91,20,14,1.39141,0.395377,0.99509
MATRIX,91,20,1,0.342646,0.076275,0.102547
STANDARD,91,20,6,0.484799,0.056458,0.427964
MATRIX,91,20,4,0.943591,0.17936,0.266401
STANDARD,91,20,3,0.258143,0.014675,0.243292
MATRIX,91,20,2,0.542943,0.110799,0.156412
STANDARD,91,20,13,1.63168,0.396998,1.23351
MATRIX,91,20,1,0.421577,0.081695,0.125237
STANDARD,91,20,16,2.01337,0.659518,1.35265
MATRIX,91,20,1,0.326406,0.069388,0.102193
STANDARD,91,20,2,0.158673,0.006887,0.151699
MATRIX,91,20,1,0.346047,0.074524,0.106594
STANDARD,91,20,18,2.11589,0.745247,1.3692
MATRIX,91,20,1,0.356429,0.077192,0.109253
STANDARD,91,20,6,0.514143,0.059058,0.454711
MATRIX,91,20,4,0.992585,0.195373,0.271473
STANDARD,91,20,2,0.15906,0.007618,0.151355
MATRIX,91,20,1,0.350427,0.077927,0.109801
STANDARD,91,20,4,0.323738,0.02483,0.298692
MATRIX,91,20,1,0.38032,0.082551,0.109409
STANDARD,91,20,3,0.242663,0.01221,0.230314
MATRIX,91,20,2,0.541875,0.107358,0.159061
STANDARD,91,20,2,0.145877,0.00571,0.140102
MATRIX,91,20,1,0.35688,0.077078,0.107958
STANDARD,91,20,3,0.229894,0.011458,0.218273
MATRIX,91,20,1,0.328861,0.06938,0.102739
STANDARD,91,20,11,1.04656,0.233318,0.812518
MATRIX,91,20,1,0.340593,0.072534,0.105429
STANDARD,91,40,9,0.928405,0.168853,0.758865
MATRIX,91,40,1,0.338628,0.071933,0.105484
STANDARD,91,40,14,1.44218,0.394677,1.04644
MATRIX,91,40,1,0.367741,0.07528,0.11323
STANDARD,91,40,14,1.40604,0.398062,1.00692
MATRIX,91,40,1,0.384309,0.076842,0.125935
STANDARD,91,40,21,2.97588,1.4188,1.55554
MATRIX,91,40,1,0.349976,0.075708,0.10591
STANDARD,91,40,14,1.42444,0.423978,0.999524
MATRIX,91,40,1,0.331001,0.070428,0.102968
STANDARD,91,40,5,0.396896,0.037874,0.358738
MATRIX,91,40,1,0.363412,0.07373,0.116617
STANDARD,91,40,3,0.242261,0.01481,0.22731
MATRIX,91,40,1,0.34704,0.072047,0.112226
STANDARD,91,40,2,0.161974,0.005763,0.156144
MATRIX,91,40,1,0.35118,0.07373,0.105831
STANDARD,91,40,3,0.258626,0.016781,0.241646
MATRIX,91,40,1,0.369535,0.080682,0.114321
STANDARD,91,40,2,0.148226,0.006595,0.141561
MATRIX,91,40,1,0.33463,0.070938,0.103558
STANDARD,91,40,4,0.3225,0.023799,0.298451
MATRIX,91,40,2,0.57377,0.110729,0.177786
STANDARD,91,40,13,1.34493,0.355124,0.988849
MATRIX,91,40,1,0.335322,0.071725,0.104379
STANDARD,91,40,11,1.26886,0.275061,0.992859
MATRIX,91,40,1,0.420599,0.081437,0.120237
STANDARD,91,40,4,0.307494,0.023705,0.283546
MATRIX,91,40,2,0.546637,0.111863,0.158375
STANDARD,91,40,10,0.933285,0.193683,0.738928
MATRIX,91,40,1,0.357198,0.080461,0.109039
STANDARD,91,40,9,0.829693,0.144014,0.684963
MATRIX,91,40,1,0.463875,0.081715,0.112913
STANDARD,91,40,7,0.586837,0.079662,0.50667
MATRIX,91,40,1,0.445406,0.078289,0.131097
STANDARD,91,40,12,1.2164,0.322548,0.89293
MATRIX,91,40,1,0.346839,0.073686,0.111141
STANDARD,91,40,15,1.55506,0.476041,1.07791
MATRIX,91,40,1,0.361439,0.078148,0.109939
STANDARD,91,40,3,0.255298,0.016055,0.239025
MATRIX,91,40,1,0.35526,0.075593,0.115342
STANDARD,91,40,2,0.153944,0.008613,0.145251
MATRIX,91,40,1,0.338443,0.075413,0.105071
STANDARD,91,40,13,1.42633,0.373536,1.05175
MATRIX,91,40,1,0.420079,0.081097,0.137485
STANDARD,91,40,6,0.578086,0.061667,0.515989
MATRIX,91,40,1,0.338183,0.072222,0.104769
STANDARD,91,40,8,0.730193,0.113227,0.616367
MATRIX,91,40,1,0.375472,0.078488,0.116569
STANDARD,91,40,18,2.04223,0.768838,1.27209
MATRIX,91,40,1,0.340434,0.074779,0.107567
STANDARD,91,40,2,0.144434,0.005597,0.138767
MATRIX,91,40,1,0.324469,0.069181,0.101054
STANDARD,91,40,19,2.48416,0.985264,1.49744
MATRIX,91,40,1,0.327867,0.071638,0.101958
STANDARD,91,40,2,0.171059,0.005819,0.165173
MATRIX,91,40,1,0.372357,0.078593,0.120071
STANDARD,91,40,3,0.244301,0.014817,0.229339
MATRIX,91,40,2,0.550311,0.107242,0.163101
STANDARD,91,40,6,0.513099,0.057407,0.455253
MATRIX,91,40,2,0.595449,0.116016,0.17222
STANDARD,91,60,9,0.887923,0.143314,0.743938
MATRIX,91,60,1,0.349236,0.075974,0.110931
STANDARD,91,60,11,1.10192,0.240344,0.860797
MATRIX,91,60,1,0.340717,0.073155,0.105918
STANDARD,91,60,17,1.93458,0.676354,1.257
MATRIX,91,60,1,0.348058,0.071495,0.108649
STANDARD,91,60,12,1.24031,0.265384,0.973983
MATRIX,91,60,1,0.336819,0.071561,0.105146
STANDARD,91,60,2,0.160135,0.007106,0.152959
MATRIX,91,60,1,0.340017,0.073498,0.104162
STANDARD,91,60,3,0.239865,0.014749,0.224944
MATRIX,91,60,2,0.618457,0.126424,0.16671
STANDARD,91,60,10,0.888722,0.185182,0.702903
MATRIX,91,60,1,0.357938,0.072579,0.111298
STANDARD,91,60,2,0.146087,0.006633,0.139373
MATRIX,91,60,1,0.402961,0.091189,0.128735
STANDARD,91,60,15,1.58595,0.478692,1.1062
MATRIX,91,60,1,0.326526,0.069086,0.100509
STANDARD,91,60,9,0.842617,0.152392,0.68957
MATRIX,91,60,1,0.435278,0.09795,0.145907
STANDARD,91,60,14,1.34711,0.346865,0.999222
MATRIX,91,60,1,0.351405,0.076706,0.109839
STANDARD,91,60,10,0.972542,0.19849,0.773321
MATRIX,91,60,1,0.352731,0.075293,0.112297
STANDARD,91,60,2,0.147508,0.006033,0.141407
MATRIX,91,60,1,0.361116,0.077599,0.11239
STANDARD,91,60,3,0.231907,0.011588,0.220136
MATRIX,91,60,1,0.329188,0.07007,0.102608
STANDARD,91,60,6,0.484796,0.059686,0.424732
MATRIX,91,60,4,1.00007,0.181677,0.282288
STANDARD,91,60,13,1.37244,0.370672,1.00082
MATRIX,91,60,1,0.348399,0.080003,0.104957
STANDARD,91,60,8,0.703055,0.110372,0.592133
MATRIX,91,60,7,1.58442,0.295371,0.431842
STANDARD,91,60,4,0.302283,0.022578,0.279504
MATRIX,91,60,2,0.546929,0.110614,0.158331
STANDARD,91,60,7,0.66168,0.099639,0.56155
MATRIX,91,60,1,0.354374,0.07466,0.120639
STANDARD,91,60,22,3.03862,1.43106,1.60589
MATRIX,91,60,1,0.379736,0.081877,0.110777
STANDARD,91,60,9,1.06865,0.168723,0.899103
MATRIX,91,60,2,0.695615,0.14328,0.235905
STANDARD,91,60,3,0.249159,0.012056,0.236944
MATRIX,91,60,1,0.38047,0.076618,0.124946
STANDARD,91,60,6,0.525705,0.063892,0.46143
MATRIX,91,60,1,0.340226,0.072809,0.104739
STANDARD,91,60,2,0.167157,0.006288,0.16079
MATRIX,91,60,1,0.371386,0.079729,0.117005
STANDARD,91,60,3,0.226147,0.012443,0.213546
MATRIX,91,60,2,0.533644,0.105889,0.155852
STANDARD,91,60,11,1.17606,0.261422,0.913869
MATRIX,91,60,1,0.356119,0.075663,0.108504
STANDARD,91,60,9,0.77902,0.140006,0.638338
MATRIX,91,60,1,0.419546,0.097499,0.121488
STANDARD,91,60,11,1.08801,0.240215,0.846967
MATRIX,91,60,1,0.456138,0.095063,0.142711
STANDARD,91,60,13,1.25713,0.318737,0.937414
MATRIX,91,60,1,0.330703,0.072943,0.10297
STANDARD,91,60,12,1.14559,0.26963,0.875106
MATRIX,91,60,1,0.343158,0.078906,0.106265
STANDARD,91,80,13,1.37585,0.37962,0.995191
MATRIX,91,80,1,0.373492,0.084625,0.11001
STANDARD,91,80,4,0.362883,0.026683,0.33598
MATRIX,91,80,1,0.367151,0.073255,0.114506
STANDARD,91,80,2,0.147986,0.006472,0.141446
MATRIX,91,80,1,0.32737,0.070317,0.101315
STANDARD,91,80,10,0.959574,0.200008,0.758877
MATRIX,91,80,1,0.365421,0.07388,0.116883
STANDARD,91,80,2,0.149548,0.006375,0.143097
MATRIX,91,80,1,0.402317,0.08963,0.133487
STANDARD,91,80,5,0.418855,0.043307,0.375208
MATRIX,91,80,3,0.759251,0.149105,0.217177
STANDARD,91,80,10,1.00121,0.184446,0.8159
MATRIX,91,80,1,0.376569,0.080212,0.117168
STANDARD,91,80,6,0.515599,0.056129,0.459084
MATRIX,91,80,1,0.340721,0.070989,0.108503
STANDARD,91,80,8,0.778552,0.131753,0.646241
MATRIX,91,80,1,0.34168,0.072929,0.106533
STANDARD,91,80,4,0.3046,0.021852,0.282534
MATRIX,91,80,2,0.52317,0.105916,0.153892
STANDARD,91,80,10,0.98251,0.191999,0.789811
MATRIX,91,80,1,0.365402,0.077756,0.111752
STANDARD,91,80,3,0.272077,0.018743,0.253117
MATRIX,91,80,1,0.37257,0.090794,0.115971
STANDARD,91,80,4,0.311922,0.023228,0.288482
MATRIX,91,80,2,0.621703,0.139554,0.172572
STANDARD,91,80,4,0.327094,0.022255,0.304586
MATRIX,91,80,2,0.583924,0.115823,0.169125
STANDARD,91,80,3,0.243904,0.013826,0.229912
MATRIX,91,80,1,0.367946,0.082841,0.111332
STANDARD,91,80,16,1.78231,0.598449,1.18272
MATRIX,91,80,1,0.349209,0.075999,0.106639
STANDARD,91,80,11,1.13051,0.246488,0.882672
MATRIX,91,80,1,0.363611,0.081263,0.109765
STANDARD,91,80,2,0.152587,0.007325,0.145143
MATRIX,91,80,1,0.340348,0.072459,0.106236
STANDARD,91,80,3,0.228153,0.013681,0.214322
MATRIX,91,80,1,0.354433,0.075417,0.109578
STANDARD,91,80,3,0.227965,0.012999,0.214821
MATRIX,91,80,1,0.364575,0.076739,0.112706
STANDARD,91,80,3,0.242089,0.013847,0.228077
MATRIX,91,80,2,0.561589,0.111901,0.166148
STANDARD,91,80,7,0.699237,0.084221,0.614555
MATRIX,91,80,1,0.38583,0.099066,0.111355
STANDARD,91,80,13,1.38077,0.371529,1.00833
MATRIX,91,80,1,0.356732,0.076054,0.110671
STANDARD,91,80,3,0.247235,0.012778,0.234317
MATRIX,91,80,2,0.541727,0.107373,0.15999
STANDARD,91,80,2,0.143992,0.007091,0.136837
MATRIX,91,80,1,0.349277,0.073477,0.107514
STANDARD,91,80,4,0.311958,0.023726,0.287988
MATRIX,91,80,1,0.383157,0.072889,0.116681
STANDARD,91,80,3,0.238691,0.014605,0.223921
MATRIX,91,80,1,0.341949,0.072375,0.109406
STANDARD,91,80,11,1.01324,0.22033,0.79208
MATRIX,91,80,1,0.353634,0.074136,0.119336
STANDARD,91,80,14,1.35449,0.374403,0.979149
MATRIX,91,80,1,0.348957,0.075861,0.111494
STANDARD,91,80,7,0.578247,0.080278,0.497559
MATRIX,91,80,1,0.350661,0.078135,0.105148
STANDARD,91,100,4,0.324723,0.023938,0.300551
MATRIX,91,100,2,0.603323,0.124486,0.173281
STANDARD,91,100,3,0.234034,0.014505,0.219348
MATRIX,91,100,1,0.429287,0.089945,0.150682
STANDARD,91,100,16,1.72714,0.555196,1.17082
MATRIX,91,100,1,0.369337,0.078357,0.117342
STANDARD,91,100,19,2.49826,1.05325,1.44355
MATRIX,91,100,1,0.346653,0.076002,0.111602
STANDARD,91,100,2,0.151816,0.007532,0.144206
MATRIX,91,100,1,0.346586,0.072939,0.113108
STANDARD,91,100,15,1.64623,0.514314,1.1309
MATRIX,91,100,1,0.362361,0.079407,0.106781
STANDARD,91,100,8,0.708774,0.110552,0.597627
MATRIX,91,100,2,0.574369,0.115937,0.165186
STANDARD,91,100,17,1.89642,0.602754,1.29241
MATRIX,91,100,1,0.371966,0.079655,0.112559
STANDARD,91,100,5,0.426969,0.04385,0.382834
MATRIX,91,100,2,0.54327,0.10674,0.158597
STANDARD,91,100,2,0.18071,0.007806,0.172836
MATRIX,91,100,1,0.333803,0.068546,0.107598
STANDARD,91,100,3,0.21935,0.013598,0.205607
MATRIX,91,100,2,0.623344,0.104822,0.173017
STANDARD,91,100,3,0.230231,0.012175,0.217892
MATRIX,91,100,1,0.333305,0.070348,0.107034
STANDARD,91,100,14,1.46478,0.428704,1.03513
MATRIX,91,100,1,0.343786,0.072132,0.110916
STANDARD,91,100,12,1.22295,0.293465,0.928652
MATRIX,91,100,1,0.385546,0.079995,0.116841
STANDARD,91,100,3,0.240999,0.013899,0.226939
MATRIX,91,100,1,0.345973,0.072462,0.11061
STANDARD,91,100,2,0.148282,0.006818,0.141396
MATRIX,91,100,1,0.34852,0.073243,0.109844
STANDARD,91,100,3,0.235431,0.013456,0.221827
MATRIX,91,100,2,0.579131,0.1199,0.179356
STANDARD,91,100,7,0.692928,0.089313,0.603082
MATRIX,91,100,1,0.434089,0.108905,0.136677
STANDARD,91,100,4,0.380561,0.02801,0.352273
MATRIX,91,100,2,0.588428,0.119695,0.184627
STANDARD,91,100,12,1.15206,0.282615,0.868588
MATRIX,91,100,1,0.367103,0.077447,0.117435
STANDARD,91,100,17,2.10941,0.759633,1.34849
MATRIX,91,100,1,0.363358,0.078531,0.113943
STANDARD,91,100,2,0.15143,0.006386,0.144961
MATRIX,91,100,1,0.357004,0.077835,0.108094
STANDARD,91,100,3,0.223145,0.01425,0.20875
MATRIX,91,100,1,0.384719,0.087796,0.115949
STANDARD,91,100,14,1.4167,0.41772,0.997977
MATRIX,91,100,1,0.349448,0.073758,0.107893
STANDARD,91,100,3,0.222141,0.013884,0.208111
MATRIX,91,100,1,0.354352,0.073342,0.110581
STANDARD,91,100,10,0.885607,0.155312,0.729622
MATRIX,91,100,1,0.339652,0.070126,0.110111
STANDARD,91,100,10,0.89497,0.168991,0.725277
MATRIX,91,100,1,0.327038,0.069762,0.101293
STANDARD,91,100,2,0.150164,0.006059,0.144042
MATRIX,91,100,1,0.334179,0.071245,0.10834
STANDARD,91,100,7,0.605504,0.08647,0.518609
MATRIX,91,100,1,0.326883,0.070449,0.10187
STANDARD,91,100,4,0.324653,0.023889,0.300535
MATRIX,91,100,2,0.610058,0.123018,0.179937
