BA,1,0,0.023893,3
KC,1,0,0.005261,1
KCRDK,1,0,0.007366,1
KCRDKL,1,0,0.005313,1
KCU,1,0,0.003858,1
KCUD,1,0,0.003418,1
HOG,1,0,0.004766,1
HOGL,1,0,0.00428,1
BA,1,0,0.009568,3
KC,1,0,0.002265,1
KCRDK,1,0,0.003409,1
KCRDKL,1,0,0.002853,1
KCU,1,0,0.002206,1
KCUD,1,0,0.002215,1
HOG,1,0,0.004843,1
HOGL,1,0,0.004306,1
BA,1,0,0.009596,3
KC,1,0,0.004289,2
KCRDK,1,0,0.005061,2
KCRDKL,1,0,0.004243,2
KCU,1,0,0.003408,2
KCUD,1,0,0.004236,2
HOG,1,0,0.007199,2
HOGL,1,0,0.006453,2
BA,1,0,0.008217,3
KC,1,0,0.002128,1
KCRDK,1,0,0.003128,1
KCRDKL,1,0,0.002679,1
KCU,1,0,0.002081,1
KCUD,1,0,0.002054,1
HOG,1,0,0.004549,1
HOGL,1,0,0.004131,1
BA,1,0,0.00925,3
KC,1,0,0.004056,2
KCRDK,1,0,0.004927,2
KCRDKL,1,0,0.004722,2
KCU,1,0,0.003417,2
KCUD,1,0,0.004056,2
HOG,1,0,0.007111,2
HOGL,1,0,0.006701,2
BA,1,0,0.008758,3
KC,1,0,0.002289,1
KCRDK,1,0,0.002844,1
KCRDKL,1,0,0.002541,1
KCU,1,0,0.002255,1
KCUD,1,0,0.002257,1
HOG,1,0,0.003658,1
HOGL,1,0,0.003323,1
BA,1,0,0.008724,3
KC,1,0,0.00214,1
KCRDK,1,0,0.003002,1
KCRDKL,1,0,0.002541,1
KCU,1,0,0.002077,1
KCUD,1,0,0.002062,1
HOG,1,0,0.004462,1
HOGL,1,0,0.003807,1
BA,1,0,0.004277,2
KC,1,0,0.003115,1
KCRDK,1,0,0.003103,1
KCRDKL,1,0,0.002614,1
KCU,1,0,0.002073,1
KCUD,1,0,0.002491,1
HOG,1,0,0.004587,1
HOGL,1,0,0.004099,1
BA,1,0,0.01764,4
KC,1,0,0.00297,1
KCRDK,1,0,0.007774,3
KCRDKL,1,0,0.006724,3
KCU,1,0,0.005569,3
KCUD,1,0,0.004573,2
HOG,1,0,0.010693,3
HOGL,1,0,0.009747,3
BA,1,0,0.004108,2
KC,1,0,0.003367,1
KCRDK,1,0,0.003331,1
KCRDKL,1,0,0.002885,1
KCU,1,0,0.002251,1
KCUD,1,0,0.002918,1
HOG,1,0,0.004825,1
HOGL,1,0,0.004369,1
BA,1,0,0.004578,2
KC,1,0,0.003148,1
KCRDK,1,0,0.00335,1
KCRDKL,1,0,0.002917,1
KCU,1,0,0.002258,1
KCUD,1,0,0.003009,1
HOG,1,0,0.004882,1
HOGL,1,0,0.00438,1
BA,1,0,0.016608,4
KC,1,0,0.004127,2
KCRDK,1,0,0.005695,2
KCRDKL,1,0,0.004824,2
KCU,1,0,0.00519,3
KCUD,1,0,0.004057,2
HOG,1,0,0.0079,2
HOGL,1,0,0.006574,2
BA,1,0,0.009862,3
KC,1,0,0.002278,1
KCRDK,1,0,0.003318,1
KCRDKL,1,0,0.002693,1
KCU,1,0,0.002254,1
KCUD,1,0,0.002247,1
HOG,1,0,0.004789,1
HOGL,1,0,0.00372,1
BA,1,0,0.009066,3
KC,1,0,0.002146,1
KCRDK,1,0,0.003076,1
KCRDKL,1,0,0.002615,1
KCU,1,0,0.002089,1
KCUD,1,0,0.002084,1
HOG,1,0,0.004541,1
HOGL,1,0,0.004126,1
BA,1,0,0.004069,2
KC,1,0,0.003328,1
KCRDK,1,0,0.00346,1
KCRDKL,1,0,0.002909,1
KCU,1,0,0.00231,1
KCUD,1,0,0.003052,1
HOG,1,0,0.00494,1
HOGL,1,0,0.004417,1
BA,1,0,0.004844,2
KC,1,0,0.003159,1
KCRDK,1,0,0.003427,1
KCRDKL,1,0,0.002866,1
KCU,1,0,0.00225,1
KCUD,1,0,0.003047,1
HOG,1,0,0.004906,1
HOGL,1,0,0.004365,1
BA,1,0,0.008958,3
KC,1,0,0.002195,1
KCRDK,1,0,0.00337,1
KCRDKL,1,0,0.002752,1
KCU,1,0,0.002137,1
KCUD,1,0,0.002142,1
HOG,1,0,0.004158,1
HOGL,1,0,0.003507,1
BA,1,0,0.009217,3
KC,1,0,0.004044,2
KCRDK,1,0,0.004982,2
KCRDKL,1,0,0.004403,2
KCU,1,0,0.003607,2
KCUD,1,0,0.003879,2
HOG,1,0,0.006792,2
HOGL,1,0,0.005723,2
BA,1,0,0.009462,3
KC,1,0,0.004152,2
KCRDK,1,0,0.00549,2
KCRDKL,1,0,0.00454,2
KCU,1,0,0.003497,2
KCUD,1,0,0.004177,2
HOG,1,0,0.007703,2
HOGL,1,0,0.006752,2
BA,1,0,0.009452,3
KC,1,0,0.002063,1
KCRDK,1,0,0.002956,1
KCRDKL,1,0,0.00253,1
KCU,1,0,0.002026,1
KCUD,1,0,0.002027,1
HOG,1,0,0.004408,1
HOGL,1,0,0.004011,1
BA,1,20,0.00952,3
KC,1,20,0.002292,1
KCRDK,1,20,0.003276,1
KCRDKL,1,20,0.002799,1
KCU,1,20,0.002248,1
KCUD,1,20,0.002245,1
HOG,1,20,0.004731,1
HOGL,1,20,0.0043,1
BA,1,20,0.009575,3
KC,1,20,0.002268,1
KCRDK,1,20,0.003391,1
KCRDKL,1,20,0.002851,1
KCU,1,20,0.002236,1
KCUD,1,20,0.002228,1
HOG,1,20,0.004855,1
HOGL,1,20,0.004336,1
BA,1,20,0.009637,3
KC,1,20,0.00427,2
KCRDK,1,20,0.005017,2
KCRDKL,1,20,0.004278,2
KCU,1,20,0.003425,2
KCUD,1,20,0.004254,2
HOG,1,20,0.007219,2
HOGL,1,20,0.006566,2
BA,1,20,0.008247,3
KC,1,20,0.002133,1
KCRDK,1,20,0.003115,1
KCRDKL,1,20,0.002643,1
KCU,1,20,0.002068,1
KCUD,1,20,0.002087,1
HOG,1,20,0.004568,1
HOGL,1,20,0.004149,1
BA,1,20,0.009281,3
KC,1,20,0.004056,2
KCRDK,1,20,0.004928,2
KCRDKL,1,20,0.004687,2
KCU,1,20,0.00344,2
KCUD,1,20,0.004072,2
HOG,1,20,0.007161,2
HOGL,1,20,0.006691,2
BA,1,20,0.008756,3
KC,1,20,0.00227,1
KCRDK,1,20,0.00283,1
KCRDKL,1,20,0.002529,1
KCU,1,20,0.002256,1
KCUD,1,20,0.002253,1
HOG,1,20,0.003633,1
HOGL,1,20,0.003313,1
BA,1,20,0.008676,3
KC,1,20,0.002119,1
KCRDK,1,20,0.002998,1
KCRDKL,1,20,0.002549,1
KCU,1,20,0.00209,1
KCUD,1,20,0.002068,1
HOG,1,20,0.004455,1
HOGL,1,20,0.003803,1
BA,1,20,0.004271,2
KC,1,20,0.003116,1
KCRDK,1,20,0.003118,1
KCRDKL,1,20,0.002608,1
KCU,1,20,0.00206,1
KCUD,1,20,0.002501,1
HOG,1,20,0.004565,1
HOGL,1,20,0.004129,1
BA,1,20,0.017397,4
KC,1,20,0.002962,1
KCRDK,1,20,0.007749,3
KCRDKL,1,20,0.006724,3
KCU,1,20,0.005573,3
KCUD,1,20,0.004569,2
HOG,1,20,0.0107,3
HOGL,1,20,0.009731,3
BA,1,20,0.004089,2
KC,1,20,0.003344,1
KCRDK,1,20,0.003348,1
KCRDKL,1,20,0.00285,1
KCU,1,20,0.002253,1
KCUD,1,20,0.002892,1
HOG,1,20,0.004835,1
HOGL,1,20,0.004367,1
BA,1,20,0.004553,2
KC,1,20,0.003104,1
KCRDK,1,20,0.003414,1
KCRDKL,1,20,0.002871,1
KCU,1,20,0.00224,1
KCUD,1,20,0.003008,1
HOG,1,20,0.004906,1
HOGL,1,20,0.004372,1
BA,1,20,0.016562,4
KC,1,20,0.004101,2
KCRDK,1,20,0.005629,2
KCRDKL,1,20,0.004708,2
KCU,1,20,0.005218,3
KCUD,1,20,0.004031,2
HOG,1,20,0.007851,2
HOGL,1,20,0.006562,2
BA,1,20,0.009814,3
KC,1,20,0.002289,1
KCRDK,1,20,0.00332,1
KCRDKL,1,20,0.002694,1
KCU,1,20,0.002245,1
KCUD,1,20,0.002223,1
HOG,1,20,0.004787,1
HOGL,1,20,0.003676,1
BA,1,20,0.009043,3
KC,1,20,0.002126,1
KCRDK,1,20,0.003028,1
KCRDKL,1,20,0.002607,1
KCU,1,20,0.002086,1
KCUD,1,20,0.002072,1
HOG,1,20,0.004514,1
HOGL,1,20,0.004102,1
BA,1,20,0.004049,2
KC,1,20,0.003313,1
KCRDK,1,20,0.003424,1
KCRDKL,1,20,0.002871,1
KCU,1,20,0.002285,1
KCUD,1,20,0.003048,1
HOG,1,20,0.004904,1
HOGL,1,20,0.0044,1
BA,1,20,0.004848,2
KC,1,20,0.003125,1
KCRDK,1,20,0.003407,1
KCRDKL,1,20,0.002826,1
KCU,1,20,0.002206,1
KCUD,1,20,0.003031,1
HOG,1,20,0.004907,1
HOGL,1,20,0.004339,1
BA,1,20,0.008879,3
KC,1,20,0.00217,1
KCRDK,1,20,0.003353,1
KCRDKL,1,20,0.002746,1
KCU,1,20,0.002139,1
KCUD,1,20,0.002119,1
HOG,1,20,0.004108,1
HOGL,1,20,0.003456,1
BA,1,20,0.009172,3
KC,1,20,0.004039,2
KCRDK,1,20,0.005041,2
KCRDKL,1,20,0.004402,2
KCU,1,20,0.003608,2
KCUD,1,20,0.003868,2
HOG,1,20,0.006735,2
HOGL,1,20,0.005693,2
BA,1,20,0.00947,3
KC,1,20,0.004145,2
KCRDK,1,20,0.005441,2
KCRDKL,1,20,0.004523,2
KCU,1,20,0.003467,2
KCUD,1,20,0.004182,2
HOG,1,20,0.007674,2
HOGL,1,20,0.006726,2
BA,1,20,0.009394,3
KC,1,20,0.002057,1
KCRDK,1,20,0.002949,1
KCRDKL,1,20,0.002497,1
KCU,1,20,0.002003,1
KCUD,1,20,0.001976,1
HOG,1,20,0.004397,1
HOGL,1,20,0.004001,1
BA,1,40,0.009486,3
KC,1,40,0.002271,1
KCRDK,1,40,0.003257,1
KCRDKL,1,40,0.002817,1
KCU,1,40,0.00225,1
KCUD,1,40,0.002207,1
HOG,1,40,0.004729,1
HOGL,1,40,0.004253,1
BA,1,40,0.009527,3
KC,1,40,0.002254,1
KCRDK,1,40,0.003383,1
KCRDKL,1,40,0.002833,1
KCU,1,40,0.00222,1
KCUD,1,40,0.002215,1
HOG,1,40,0.00484,1
HOGL,1,40,0.004336,1
BA,1,40,0.009577,3
KC,1,40,0.00427,2
KCRDK,1,40,0.004996,2
KCRDKL,1,40,0.004251,2
KCU,1,40,0.003399,2
KCUD,1,40,0.004239,2
HOG,1,40,0.007184,2
HOGL,1,40,0.006501,2
BA,1,40,0.008182,3
KC,1,40,0.002126,1
KCRDK,1,40,0.003085,1
KCRDKL,1,40,0.002634,1
KCU,1,40,0.002085,1
KCUD,1,40,0.002054,1
HOG,1,40,0.004547,1
HOGL,1,40,0.004111,1
BA,1,40,0.009264,3
KC,1,40,0.004035,2
KCRDK,1,40,0.004897,2
KCRDKL,1,40,0.004685,2
KCU,1,40,0.00343,2
KCUD,1,40,0.004049,2
HOG,1,40,0.007105,2
HOGL,1,40,0.006635,2
BA,1,40,0.008746,3
KC,1,40,0.00227,1
KCRDK,1,40,0.002796,1
KCRDKL,1,40,0.002545,1
KCU,1,40,0.002235,1
KCUD,1,40,0.00222,1
HOG,1,40,0.003628,1
HOGL,1,40,0.003335,1
BA,1,40,0.008665,3
KC,1,40,0.002108,1
KCRDK,1,40,0.002985,1
KCRDKL,1,40,0.002523,1
KCU,1,40,0.002074,1
KCUD,1,40,0.002067,1
HOG,1,40,0.004447,1
HOGL,1,40,0.003765,1
BA,1,40,0.004253,2
KC,1,40,0.003127,1
KCRDK,1,40,0.003097,1
KCRDKL,1,40,0.002607,1
KCU,1,40,0.002052,1
KCUD,1,40,0.002482,1
HOG,1,40,0.004553,1
HOGL,1,40,0.004091,1
BA,1,40,0.017463,4
KC,1,40,0.002964,1
KCRDK,1,40,0.007714,3
KCRDKL,1,40,0.006708,3
KCU,1,40,0.00557,3
KCUD,1,40,0.004525,2
HOG,1,40,0.010654,3
HOGL,1,40,0.009707,3
BA,1,40,0.004087,2
KC,1,40,0.003346,1
KCRDK,1,40,0.003317,1
KCRDKL,1,40,0.00286,1
KCU,1,40,0.002253,1
KCUD,1,40,0.002908,1
HOG,1,40,0.004813,1
HOGL,1,40,0.004351,1
BA,1,40,0.004547,2
KC,1,40,0.003104,1
KCRDK,1,40,0.003423,1
KCRDKL,1,40,0.002912,1
KCU,1,40,0.002231,1
KCUD,1,40,0.003,1
HOG,1,40,0.00488,1
HOGL,1,40,0.004376,1
BA,1,40,0.016483,4
KC,1,40,0.00412,2
KCRDK,1,40,0.005581,2
KCRDKL,1,40,0.00482,2
KCU,1,40,0.005199,3
KCUD,1,40,0.004046,2
HOG,1,40,0.007869,2
HOGL,1,40,0.006565,2
BA,1,40,0.009861,3
KC,1,40,0.002267,1
KCRDK,1,40,0.0033,1
KCRDKL,1,40,0.00269,1
KCU,1,40,0.002232,1
KCUD,1,40,0.002223,1
HOG,1,40,0.004765,1
HOGL,1,40,0.00368,1
BA,1,40,0.009037,3
KC,1,40,0.00212,1
KCRDK,1,40,0.003064,1
KCRDKL,1,40,0.002613,1
KCU,1,40,0.002069,1
KCUD,1,40,0.00205,1
HOG,1,40,0.004514,1
HOGL,1,40,0.004102,1
BA,1,40,0.004069,2
KC,1,40,0.003305,1
KCRDK,1,40,0.003405,1
KCRDKL,1,40,0.002916,1
KCU,1,40,0.002266,1
KCUD,1,40,0.003051,1
HOG,1,40,0.00491,1
HOGL,1,40,0.00442,1
BA,1,40,0.004843,2
KC,1,40,0.003123,1
KCRDK,1,40,0.003421,1
KCRDKL,1,40,0.002873,1
KCU,1,40,0.002238,1
KCUD,1,40,0.003104,1
HOG,1,40,0.004872,1
HOGL,1,40,0.004331,1
BA,1,40,0.008876,3
KC,1,40,0.002179,1
KCRDK,1,40,0.003377,1
KCRDKL,1,40,0.00275,1
KCU,1,40,0.002123,1
KCUD,1,40,0.002103,1
HOG,1,40,0.004111,1
HOGL,1,40,0.003505,1
BA,1,40,0.0092,3
KC,1,40,0.004037,2
KCRDK,1,40,0.005015,2
KCRDKL,1,40,0.004425,2
KCU,1,40,0.003585,2
KCUD,1,40,0.003861,2
HOG,1,40,0.006749,2
HOGL,1,40,0.005683,2
BA,1,40,0.009497,3
KC,1,40,0.004152,2
KCRDK,1,40,0.005436,2
KCRDKL,1,40,0.00448,2
KCU,1,40,0.003477,2
KCUD,1,40,0.004177,2
HOG,1,40,0.007663,2
HOGL,1,40,0.006774,2
BA,1,40,0.009408,3
KC,1,40,0.002044,1
KCRDK,1,40,0.002928,1
KCRDKL,1,40,0.002542,1
KCU,1,40,0.002008,1
KCUD,1,40,0.001991,1
HOG,1,40,0.004392,1
HOGL,1,40,0.004004,1
BA,1,60,0.009558,3
KC,1,60,0.002276,1
KCRDK,1,60,0.003297,1
KCRDKL,1,60,0.002797,1
KCU,1,60,0.002242,1
KCUD,1,60,0.00223,1
HOG,1,60,0.00474,1
HOGL,1,60,0.00428,1
BA,1,60,0.00954,3
KC,1,60,0.002255,1
KCRDK,1,60,0.003379,1
KCRDKL,1,60,0.00283,1
KCU,1,60,0.002207,1
KCUD,1,60,0.002204,1
HOG,1,60,0.004839,1
HOGL,1,60,0.004322,1
BA,1,60,0.009651,3
KC,1,60,0.004285,2
KCRDK,1,60,0.004998,2
KCRDKL,1,60,0.004264,2
KCU,1,60,0.003447,2
KCUD,1,60,0.004231,2
HOG,1,60,0.007211,2
HOGL,1,60,0.006514,2
BA,1,60,0.008192,3
KC,1,60,0.002122,1
KCRDK,1,60,0.003068,1
KCRDKL,1,60,0.002617,1
KCU,1,60,0.002081,1
KCUD,1,60,0.002066,1
HOG,1,60,0.004572,1
HOGL,1,60,0.004149,1
BA,1,60,0.009266,3
KC,1,60,0.004041,2
KCRDK,1,60,0.004906,2
KCRDKL,1,60,0.004651,2
KCU,1,60,0.003425,2
KCUD,1,60,0.004064,2
HOG,1,60,0.00712,2
HOGL,1,60,0.006653,2
BA,1,60,0.008778,3
KC,1,60,0.0023,1
KCRDK,1,60,0.00283,1
KCRDKL,1,60,0.002559,1
KCU,1,60,0.002261,1
KCUD,1,60,0.002254,1
HOG,1,60,0.003666,1
HOGL,1,60,0.003309,1
BA,1,60,0.008707,3
KC,1,60,0.002127,1
KCRDK,1,60,0.003004,1
KCRDKL,1,60,0.002516,1
KCU,1,60,0.002077,1
KCUD,1,60,0.002077,1
HOG,1,60,0.004474,1
HOGL,1,60,0.003836,1
BA,1,60,0.004257,2
KC,1,60,0.003136,1
KCRDK,1,60,0.003095,1
KCRDKL,1,60,0.002618,1
KCU,1,60,0.002048,1
KCUD,1,60,0.002489,1
HOG,1,60,0.004559,1
HOGL,1,60,0.004103,1
BA,1,60,0.017407,4
KC,1,60,0.002986,1
KCRDK,1,60,0.007749,3
KCRDKL,1,60,0.006715,3
KCU,1,60,0.005589,3
KCUD,1,60,0.004586,2
HOG,1,60,0.010807,3
HOGL,1,60,0.009738,3
BA,1,60,0.004115,2
KC,1,60,0.003383,1
KCRDK,1,60,0.003372,1
KCRDKL,1,60,0.002951,1
KCU,1,60,0.002271,1
KCUD,1,60,0.002936,1
HOG,1,60,0.004829,1
HOGL,1,60,0.004409,1
BA,1,60,0.004568,2
KC,1,60,0.003133,1
KCRDK,1,60,0.003377,1
KCRDKL,1,60,0.002918,1
KCU,1,60,0.002225,1
KCUD,1,60,0.002989,1
HOG,1,60,0.004864,1
HOGL,1,60,0.004386,1
BA,1,60,0.016548,4
KC,1,60,0.004118,2
KCRDK,1,60,0.005717,2
KCRDKL,1,60,0.004863,2
KCU,1,60,0.005212,3
KCUD,1,60,0.004037,2
HOG,1,60,0.007983,2
HOGL,1,60,0.00655,2
BA,1,60,0.00993,3
KC,1,60,0.002296,1
KCRDK,1,60,0.003342,1
KCRDKL,1,60,0.002699,1
KCU,1,60,0.002243,1
KCUD,1,60,0.002229,1
HOG,1,60,0.004771,1
HOGL,1,60,0.003706,1
BA,1,60,0.009046,3
KC,1,60,0.002137,1
KCRDK,1,60,0.003086,1
KCRDKL,1,60,0.002619,1
KCU,1,60,0.002074,1
KCUD,1,60,0.002092,1
HOG,1,60,0.004541,1
HOGL,1,60,0.004114,1
BA,1,60,0.004057,2
KC,1,60,0.003348,1
KCRDK,1,60,0.003455,1
KCRDKL,1,60,0.00294,1
KCU,1,60,0.002302,1
KCUD,1,60,0.003068,1
HOG,1,60,0.004916,1
HOGL,1,60,0.004447,1
BA,1,60,0.004917,2
KC,1,60,0.003164,1
KCRDK,1,60,0.003436,1
KCRDKL,1,60,0.002867,1
KCU,1,60,0.002248,1
KCUD,1,60,0.003034,1
HOG,1,60,0.004914,1
HOGL,1,60,0.00436,1
BA,1,60,0.0089,3
KC,1,60,0.002184,1
KCRDK,1,60,0.003458,1
KCRDKL,1,60,0.002748,1
KCU,1,60,0.002174,1
KCUD,1,60,0.002127,1
HOG,1,60,0.00416,1
HOGL,1,60,0.003502,1
BA,1,60,0.009214,3
KC,1,60,0.004059,2
KCRDK,1,60,0.005071,2
KCRDKL,1,60,0.004396,2
KCU,1,60,0.003613,2
KCUD,1,60,0.003867,2
HOG,1,60,0.006765,2
HOGL,1,60,0.005702,2
BA,1,60,0.009495,3
KC,1,60,0.00414,2
KCRDK,1,60,0.005476,2
KCRDKL,1,60,0.004496,2
KCU,1,60,0.003501,2
KCUD,1,60,0.004173,2
HOG,1,60,0.007691,2
HOGL,1,60,0.006776,2
BA,1,60,0.009409,3
KC,1,60,0.002063,1
KCRDK,1,60,0.002946,1
KCRDKL,1,60,0.002531,1
KCU,1,60,0.002007,1
KCUD,1,60,0.001996,1
HOG,1,60,0.004404,1
HOGL,1,60,0.003997,1
BA,1,80,0.009502,3
KC,1,80,0.002284,1
KCRDK,1,80,0.003282,1
KCRDKL,1,80,0.002822,1
KCU,1,80,0.002248,1
KCUD,1,80,0.002243,1
HOG,1,80,0.004843,1
HOGL,1,80,0.004304,1
BA,1,80,0.009556,3
KC,1,80,0.002266,1
KCRDK,1,80,0.003374,1
KCRDKL,1,80,0.002874,1
KCU,1,80,0.002228,1
KCUD,1,80,0.002231,1
HOG,1,80,0.004849,1
HOGL,1,80,0.004362,1
BA,1,80,0.009616,3
KC,1,80,0.004304,2
KCRDK,1,80,0.005031,2
KCRDKL,1,80,0.004291,2
KCU,1,80,0.003407,2
KCUD,1,80,0.004239,2
HOG,1,80,0.007215,2
HOGL,1,80,0.006517,2
BA,1,80,0.00823,3
KC,1,80,0.002134,1
KCRDK,1,80,0.003084,1
KCRDKL,1,80,0.002625,1
KCU,1,80,0.002106,1
KCUD,1,80,0.002076,1
HOG,1,80,0.004629,1
HOGL,1,80,0.004118,1
BA,1,80,0.009278,3
KC,1,80,0.004055,2
KCRDK,1,80,0.004925,2
KCRDKL,1,80,0.004777,2
KCU,1,80,0.003451,2
KCUD,1,80,0.004071,2
HOG,1,80,0.007131,2
HOGL,1,80,0.006679,2
BA,1,80,0.008764,3
KC,1,80,0.002285,1
KCRDK,1,80,0.002851,1
KCRDKL,1,80,0.002538,1
KCU,1,80,0.002255,1
KCUD,1,80,0.002244,1
HOG,1,80,0.003644,1
HOGL,1,80,0.003338,1
BA,1,80,0.00869,3
KC,1,80,0.002124,1
KCRDK,1,80,0.003014,1
KCRDKL,1,80,0.002562,1
KCU,1,80,0.002079,1
KCUD,1,80,0.002075,1
HOG,1,80,0.00447,1
HOGL,1,80,0.003792,1
BA,1,80,0.004278,2
KC,1,80,0.003116,1
KCRDK,1,80,0.00312,1
KCRDKL,1,80,0.002622,1
KCU,1,80,0.002066,1
KCUD,1,80,0.002492,1
HOG,1,80,0.004569,1
HOGL,1,80,0.004107,1
BA,1,80,0.017527,4
KC,1,80,0.002972,1
KCRDK,1,80,0.00777,3
KCRDKL,1,80,0.006738,3
KCU,1,80,0.005574,3
KCUD,1,80,0.004567,2
HOG,1,80,0.0107,3
HOGL,1,80,0.00975,3
BA,1,80,0.004122,2
KC,1,80,0.003347,1
KCRDK,1,80,0.003373,1
KCRDKL,1,80,0.002879,1
KCU,1,80,0.00228,1
KCUD,1,80,0.002903,1
HOG,1,80,0.004831,1
HOGL,1,80,0.004381,1
BA,1,80,0.004598,2
KC,1,80,0.00313,1
KCRDK,1,80,0.003378,1
KCRDKL,1,80,0.002907,1
KCU,1,80,0.002223,1
KCUD,1,80,0.002989,1
HOG,1,80,0.004886,1
HOGL,1,80,0.004398,1
BA,1,80,0.016546,4
KC,1,80,0.004145,2
KCRDK,1,80,0.007373,3
KCRDKL,1,80,0.0049,2
KCU,1,80,0.005263,3
KCUD,1,80,0.004076,2
HOG,1,80,0.007906,2
HOGL,1,80,0.006581,2
BA,1,80,0.009888,3
KC,1,80,0.002294,1
KCRDK,1,80,0.003353,1
KCRDKL,1,80,0.002694,1
KCU,1,80,0.002257,1
KCUD,1,80,0.002234,1
HOG,1,80,0.004837,1
HOGL,1,80,0.003712,1
BA,1,80,0.009041,3
KC,1,80,0.002131,1
KCRDK,1,80,0.003132,1
KCRDKL,1,80,0.002635,1
KCU,1,80,0.002091,1
KCUD,1,80,0.002082,1
HOG,1,80,0.00456,1
HOGL,1,80,0.00413,1
BA,1,80,0.004055,2
KC,1,80,0.003322,1
KCRDK,1,80,0.003469,1
KCRDKL,1,80,0.002925,1
KCU,1,80,0.002306,1
KCUD,1,80,0.003077,1
HOG,1,80,0.004933,1
HOGL,1,80,0.004406,1
BA,1,80,0.004865,2
KC,1,80,0.003138,1
KCRDK,1,80,0.003458,1
KCRDKL,1,80,0.002858,1
KCU,1,80,0.002245,1
KCUD,1,80,0.00304,1
HOG,1,80,0.004879,1
HOGL,1,80,0.004358,1
BA,1,80,0.008922,3
KC,1,80,0.002177,1
KCRDK,1,80,0.003367,1
KCRDKL,1,80,0.002718,1
KCU,1,80,0.002145,1
KCUD,1,80,0.002129,1
HOG,1,80,0.004169,1
HOGL,1,80,0.003507,1
BA,1,80,0.009221,3
KC,1,80,0.004056,2
KCRDK,1,80,0.004864,2
KCRDKL,1,80,0.004541,2
KCU,1,80,0.003625,2
KCUD,1,80,0.00391,2
HOG,1,80,0.006789,2
HOGL,1,80,0.005726,2
BA,1,80,0.009516,3
KC,1,80,0.004151,2
KCRDK,1,80,0.005514,2
KCRDKL,1,80,0.004551,2
KCU,1,80,0.003492,2
KCUD,1,80,0.004187,2
HOG,1,80,0.007727,2
HOGL,1,80,0.006879,2
BA,1,80,0.009407,3
KC,1,80,0.002065,1
KCRDK,1,80,0.002962,1
KCRDKL,1,80,0.002535,1
KCU,1,80,0.002028,1
KCUD,1,80,0.002021,1
HOG,1,80,0.004454,1
HOGL,1,80,0.004015,1
BA,1,100,0.009529,3
KC,1,100,0.002309,1
KCRDK,1,100,0.003269,1
KCRDKL,1,100,0.002827,1
KCU,1,100,0.002291,1
KCUD,1,100,0.002272,1
HOG,1,100,0.004751,1
HOGL,1,100,0.004315,1
BA,1,100,0.009595,3
KC,1,100,0.002291,1
KCRDK,1,100,0.003444,1
KCRDKL,1,100,0.002889,1
KCU,1,100,0.002252,1
KCUD,1,100,0.002257,1
HOG,1,100,0.00492,1
HOGL,1,100,0.004379,1
BA,1,100,0.009649,3
KC,1,100,0.004308,2
KCRDK,1,100,0.005055,2
KCRDKL,1,100,0.004286,2
KCU,1,100,0.003429,2
KCUD,1,100,0.004273,2
HOG,1,100,0.007283,2
HOGL,1,100,0.006547,2
BA,1,100,0.008255,3
KC,1,100,0.002141,1
KCRDK,1,100,0.003154,1
KCRDKL,1,100,0.002672,1
KCU,1,100,0.002082,1
KCUD,1,100,0.002084,1
HOG,1,100,0.004586,1
HOGL,1,100,0.004133,1
BA,1,100,0.00929,3
KC,1,100,0.004066,2
KCRDK,1,100,0.005452,2
KCRDKL,1,100,0.004796,2
KCU,1,100,0.00349,2
KCUD,1,100,0.004092,2
HOG,1,100,0.007368,2
HOGL,1,100,0.006727,2
BA,1,100,0.008769,3
KC,1,100,0.002311,1
KCRDK,1,100,0.002835,1
KCRDKL,1,100,0.002573,1
KCU,1,100,0.002279,1
KCUD,1,100,0.002253,1
HOG,1,100,0.003583,1
HOGL,1,100,0.003375,1
BA,1,100,0.008703,3
KC,1,100,0.002127,1
KCRDK,1,100,0.002951,1
KCRDKL,1,100,0.002565,1
KCU,1,100,0.00209,1
KCUD,1,100,0.002091,1
HOG,1,100,0.004184,1
HOGL,1,100,0.003823,1
BA,1,100,0.004271,2
KC,1,100,0.003112,1
KCRDK,1,100,0.003133,1
KCRDKL,1,100,0.002635,1
KCU,1,100,0.002054,1
KCUD,1,100,0.002497,1
HOG,1,100,0.004604,1
HOGL,1,100,0.00413,1
BA,1,100,0.017461,4
KC,1,100,0.002974,1
KCRDK,1,100,0.007856,3
KCRDKL,1,100,0.006783,3
KCU,1,100,0.0056,3
KCUD,1,100,0.004582,2
HOG,1,100,0.010783,3
HOGL,1,100,0.009749,3
BA,1,100,0.004097,2
KC,1,100,0.003352,1
KCRDK,1,100,0.003382,1
KCRDKL,1,100,0.002874,1
KCU,1,100,0.002272,1
KCUD,1,100,0.002917,1
HOG,1,100,0.004868,1
HOGL,1,100,0.004369,1
BA,1,100,0.004547,2
KC,1,100,0.003116,1
KCRDK,1,100,0.003459,1
KCRDKL,1,100,0.00292,1
KCU,1,100,0.002241,1
KCUD,1,100,0.003022,1
HOG,1,100,0.0049,1
HOGL,1,100,0.004387,1
BA,1,100,0.016558,4
KC,1,100,0.004154,2
KCRDK,1,100,0.005613,2
KCRDKL,1,100,0.004817,2
KCU,1,100,0.005228,3
KCUD,1,100,0.004058,2
HOG,1,100,0.007222,2
HOGL,1,100,0.006552,2
BA,1,100,0.009804,3
KC,1,100,0.002285,1
KCRDK,1,100,0.003134,1
KCRDKL,1,100,0.002718,1
KCU,1,100,0.00225,1
KCUD,1,100,0.002242,1
HOG,1,100,0.004091,1
HOGL,1,100,0.003708,1
BA,1,100,0.009036,3
KC,1,100,0.002126,1
KCRDK,1,100,0.003086,1
KCRDKL,1,100,0.002649,1
KCU,1,100,0.002088,1
KCUD,1,100,0.00209,1
HOG,1,100,0.004536,1
HOGL,1,100,0.004108,1
BA,1,100,0.004062,2
KC,1,100,0.003347,1
KCRDK,1,100,0.003461,1
KCRDKL,1,100,0.002923,1
KCU,1,100,0.0023,1
KCUD,1,100,0.003034,1
HOG,1,100,0.004944,1
HOGL,1,100,0.004414,1
BA,1,100,0.004846,2
KC,1,100,0.003143,1
KCRDK,1,100,0.003447,1
KCRDKL,1,100,0.002866,1
KCU,1,100,0.002253,1
KCUD,1,100,0.003056,1
HOG,1,100,0.004894,1
HOGL,1,100,0.004356,1
BA,1,100,0.008917,3
KC,1,100,0.002185,1
KCRDK,1,100,0.00333,1
KCRDKL,1,100,0.002745,1
KCU,1,100,0.002145,1
KCUD,1,100,0.002139,1
HOG,1,100,0.004071,1
HOGL,1,100,0.0035,1
BA,1,100,0.009236,3
KC,1,100,0.004056,2
KCRDK,1,100,0.004881,2
KCRDKL,1,100,0.004411,2
KCU,1,100,0.003625,2
KCUD,1,100,0.003883,2
HOG,1,100,0.006123,2
HOGL,1,100,0.005709,2
BA,1,100,0.009521,3
KC,1,100,0.004138,2
KCRDK,1,100,0.005481,2
KCRDKL,1,100,0.004489,2
KCU,1,100,0.003488,2
KCUD,1,100,0.004167,2
HOG,1,100,0.007678,2
HOGL,1,100,0.006747,2
BA,1,100,0.009454,3
KC,1,100,0.002058,1
KCRDK,1,100,0.002967,1
KCRDKL,1,100,0.002514,1
KCU,1,100,0.002015,1
KCUD,1,100,0.002009,1
HOG,1,100,0.004417,1
HOGL,1,100,0.004028,1
BA,11,0,0.029299,5
KC,11,0,0.022618,1
KCRDK,11,0,0.010749,2
KCRDKL,11,0,0.010329,2
KCU,11,0,0.008966,2
KCUD,11,0,0.011762,2
HOG,11,0,0.012908,2
HOGL,11,0,0.012715,2
BA,11,0,0.041952,6
KC,11,0,0.025326,1
KCRDK,11,0,0.006906,1
KCRDKL,11,0,0.005936,1
KCU,11,0,0.005698,1
KCUD,11,0,0.006499,1
HOG,11,0,0.007961,1
HOGL,11,0,0.007833,1
BA,11,0,0.413922,16
KC,11,0,0.012229,1
KCRDK,11,0,0.014985,2
KCRDKL,11,0,0.007441,1
KCU,11,0,0.010343,2
KCUD,11,0,0.006892,1
HOG,11,0,0.016875,2
HOGL,11,0,0.008967,1
BA,11,0,0.010166,3
KC,11,0,0.022755,1
KCRDK,11,0,0.006214,1
KCRDKL,11,0,0.005713,1
KCU,11,0,0.005545,1
KCUD,11,0,0.006466,1
HOG,11,0,0.007675,1
HOGL,11,0,0.00721,1
BA,11,0,0.256012,14
KC,11,0,0.012018,1
KCRDK,11,0,0.007161,1
KCRDKL,11,0,0.006866,1
KCU,11,0,0.00579,1
KCUD,11,0,0.006064,1
HOG,11,0,0.008705,1
HOGL,11,0,0.008383,1
BA,11,0,0.010591,3
KC,11,0,0.019994,1
KCRDK,11,0,0.007079,1
KCRDKL,11,0,0.006678,1
KCU,11,0,0.005324,1
KCUD,11,0,0.006052,1
HOG,11,0,0.008283,1
HOGL,11,0,0.007422,1
BA,11,0,0.01781,4
KC,11,0,0.026173,1
KCRDK,11,0,0.010174,2
KCRDKL,11,0,0.00956,2
KCU,11,0,0.008553,2
KCUD,11,0,0.01019,2
HOG,11,0,0.012403,2
HOGL,11,0,0.011872,2
BA,11,0,0.005414,2
KC,11,0,0.034548,1
KCRDK,11,0,0.006184,1
KCRDKL,11,0,0.006056,1
KCU,11,0,0.005153,1
KCUD,11,0,0.005586,1
HOG,11,0,0.008002,1
HOGL,11,0,0.007145,1
BA,11,0,0.446568,17
KC,11,0,0.017821,1
KCRDK,11,0,0.016086,2
KCRDKL,11,0,0.007223,1
KCU,11,0,0.010263,2
KCUD,11,0,0.006402,1
HOG,11,0,0.016404,2
HOGL,11,0,0.0085,1
BA,11,0,0.005257,2
KC,11,0,0.023683,1
KCRDK,11,0,0.006803,1
KCRDKL,11,0,0.006292,1
KCU,11,0,0.005651,1
KCUD,11,0,0.006527,1
HOG,11,0,0.007869,1
HOGL,11,0,0.007563,1
BA,11,0,0.005712,2
KC,11,0,0.022372,1
KCRDK,11,0,0.006547,1
KCRDKL,11,0,0.005973,1
KCU,11,0,0.00565,1
KCUD,11,0,0.006589,1
HOG,11,0,0.007927,1
HOGL,11,0,0.007806,1
BA,11,0,0.182048,12
KC,11,0,0.010362,1
KCRDK,11,0,0.007852,1
KCRDKL,11,0,0.006737,1
KCU,11,0,0.005895,1
KCUD,11,0,0.006966,1
HOG,11,0,0.009267,1
HOGL,11,0,0.007845,1
BA,11,0,0.011157,3
KC,11,0,0.021127,1
KCRDK,11,0,0.006646,1
KCRDKL,11,0,0.00644,1
KCU,11,0,0.005725,1
KCUD,11,0,0.006295,1
HOG,11,0,0.008458,1
HOGL,11,0,0.007539,1
BA,11,0,0.010867,3
KC,11,0,0.025375,1
KCRDK,11,0,0.00628,1
KCRDKL,11,0,0.005991,1
KCU,11,0,0.005162,1
KCUD,11,0,0.005611,1
HOG,11,0,0.007621,1
HOGL,11,0,0.007546,1
BA,11,0,0.005219,2
KC,11,0,0.022569,1
KCRDK,11,0,0.006504,1
KCRDKL,11,0,0.00637,1
KCU,11,0,0.005406,1
KCUD,11,0,0.006184,1
HOG,11,0,0.008393,1
HOGL,11,0,0.007475,1
BA,11,0,0.006031,2
KC,11,0,0.01953,1
KCRDK,11,0,0.006546,1
KCRDKL,11,0,0.005962,1
KCU,11,0,0.005448,1
KCUD,11,0,0.006433,1
HOG,11,0,0.008342,1
HOGL,11,0,0.007425,1
BA,11,0,0.038396,6
KC,11,0,0.023006,1
KCRDK,11,0,0.01348,2
KCRDKL,11,0,0.011657,2
KCU,11,0,0.009092,2
KCUD,11,0,0.010641,2
HOG,11,0,0.014465,2
HOGL,11,0,0.012823,2
BA,11,0,0.178948,12
KC,11,0,0.011368,1
KCRDK,11,0,0.008375,1
KCRDKL,11,0,0.007954,1
KCU,11,0,0.005641,1
KCUD,11,0,0.00611,1
HOG,11,0,0.00992,1
HOGL,11,0,0.008276,1
BA,11,0,0.444838,17
KC,11,0,0.011037,1
KCRDK,11,0,0.015289,2
KCRDKL,11,0,0.013811,2
KCU,11,0,0.00997,2
KCUD,11,0,0.006781,1
HOG,11,0,0.016536,2
HOGL,11,0,0.009399,1
BA,11,0,0.02835,5
KC,11,0,0.023218,1
KCRDK,11,0,0.010421,2
KCRDKL,11,0,0.009399,2
KCU,11,0,0.008497,2
KCUD,11,0,0.010452,2
HOG,11,0,0.012183,2
HOGL,11,0,0.011973,2
BA,11,20,0.029746,5
KC,11,20,0.021152,1
KCRDK,11,20,0.011102,2
KCRDKL,11,20,0.010364,2
KCU,11,20,0.009021,2
KCUD,11,20,0.011732,2
HOG,11,20,0.012832,2
HOGL,11,20,0.012269,2
BA,11,20,0.042123,6
KC,11,20,0.022681,1
KCRDK,11,20,0.006459,1
KCRDKL,11,20,0.006267,1
KCU,11,20,0.005834,1
KCUD,11,20,0.006441,1
HOG,11,20,0.008316,1
HOGL,11,20,0.007745,1
BA,11,20,0.415348,16
KC,11,20,0.012117,1
KCRDK,11,20,0.015429,2
KCRDKL,11,20,0.007549,1
KCU,11,20,0.010684,2
KCUD,11,20,0.006833,1
HOG,11,20,0.017122,2
HOGL,11,20,0.009305,1
BA,11,20,0.010141,3
KC,11,20,0.024455,1
KCRDK,11,20,0.006567,1
KCRDKL,11,20,0.005691,1
KCU,11,20,0.00532,1
KCUD,11,20,0.006509,1
HOG,11,20,0.008058,1
HOGL,11,20,0.007193,1
BA,11,20,0.259073,14
KC,11,20,0.011958,1
KCRDK,11,20,0.007568,1
KCRDKL,11,20,0.006918,1
KCU,11,20,0.006083,1
KCUD,11,20,0.006063,1
HOG,11,20,0.009065,1
HOGL,11,20,0.008355,1
BA,11,20,0.010665,3
KC,11,20,0.020703,1
KCRDK,11,20,0.006832,1
KCRDKL,11,20,0.006215,1
KCU,11,20,0.005309,1
KCUD,11,20,0.006481,1
HOG,11,20,0.008054,1
HOGL,11,20,0.007559,1
BA,11,20,0.017814,4
KC,11,20,0.01636,1
KCRDK,11,20,0.010284,2
KCRDKL,11,20,0.009675,2
KCU,11,20,0.008868,2
KCUD,11,20,0.010697,2
HOG,11,20,0.012925,2
HOGL,11,20,0.012124,2
BA,11,20,0.005454,2
KC,11,20,0.029899,1
KCRDK,11,20,0.006245,1
KCRDKL,11,20,0.006104,1
KCU,11,20,0.005151,1
KCUD,11,20,0.00561,1
HOG,11,20,0.007673,1
HOGL,11,20,0.007631,1
BA,11,20,0.443877,17
KC,11,20,0.01792,1
KCRDK,11,20,0.015175,2
KCRDKL,11,20,0.007094,1
KCU,11,20,0.010713,2
KCUD,11,20,0.006836,1
HOG,11,20,0.016551,2
HOGL,11,20,0.008921,1
BA,11,20,0.005241,2
KC,11,20,0.022276,1
KCRDK,11,20,0.006471,1
KCRDKL,11,20,0.006278,1
KCU,11,20,0.005672,1
KCUD,11,20,0.006496,1
HOG,11,20,0.00825,1
HOGL,11,20,0.007405,1
BA,11,20,0.005708,2
KC,11,20,0.024527,1
KCRDK,11,20,0.006911,1
KCRDKL,11,20,0.00641,1
KCU,11,20,0.005271,1
KCUD,11,20,0.006209,1
HOG,11,20,0.008341,1
HOGL,11,20,0.007877,1
BA,11,20,0.183037,12
KC,11,20,0.010531,1
KCRDK,11,20,0.007669,1
KCRDKL,11,20,0.007126,1
KCU,11,20,0.005931,1
KCUD,11,20,0.006989,1
HOG,11,20,0.009389,1
HOGL,11,20,0.007437,1
BA,11,20,0.011143,3
KC,11,20,0.017412,1
KCRDK,11,20,0.006681,1
KCRDKL,11,20,0.006459,1
KCU,11,20,0.005358,1
KCUD,11,20,0.00608,1
HOG,11,20,0.008166,1
HOGL,11,20,0.007665,1
BA,11,20,0.01095,3
KC,11,20,0.021286,1
KCRDK,11,20,0.006226,1
KCRDKL,11,20,0.006094,1
KCU,11,20,0.005571,1
KCUD,11,20,0.005661,1
HOG,11,20,0.008058,1
HOGL,11,20,0.007619,1
BA,11,20,0.005224,2
KC,11,20,0.027685,1
KCRDK,11,20,0.006992,1
KCRDKL,11,20,0.006191,1
KCU,11,20,0.005649,1
KCUD,11,20,0.006582,1
HOG,11,20,0.008447,1
HOGL,11,20,0.007548,1
BA,11,20,0.006008,2
KC,11,20,0.022662,1
KCRDK,11,20,0.006533,1
KCRDKL,11,20,0.005927,1
KCU,11,20,0.005715,1
KCUD,11,20,0.00653,1
HOG,11,20,0.008127,1
HOGL,11,20,0.007839,1
BA,11,20,0.038179,6
KC,11,20,0.028173,1
KCRDK,11,20,0.013002,2
KCRDKL,11,20,0.01156,2
KCU,11,20,0.009137,2
KCUD,11,20,0.01031,2
HOG,11,20,0.014464,2
HOGL,11,20,0.012845,2
BA,11,20,0.179826,12
KC,11,20,0.01143,1
KCRDK,11,20,0.008243,1
KCRDKL,11,20,0.00787,1
KCU,11,20,0.005637,1
KCUD,11,20,0.006088,1
HOG,11,20,0.010404,1
HOGL,11,20,0.008309,1
BA,11,20,0.440121,17
KC,11,20,0.011146,1
KCRDK,11,20,0.015326,2
KCRDKL,11,20,0.007602,1
KCU,11,20,0.010388,2
KCUD,11,20,0.006447,1
HOG,11,20,0.016638,2
HOGL,11,20,0.00908,1
BA,11,20,0.028309,5
KC,11,20,0.043693,1
KCRDK,11,20,0.010182,2
KCRDKL,11,20,0.009374,2
KCU,11,20,0.008512,2
KCUD,11,20,0.010412,2
HOG,11,20,0.012146,2
HOGL,11,20,0.011572,2
BA,11,40,0.029223,5
KC,11,40,0.022683,1
KCRDK,11,40,0.010855,2
KCRDKL,11,40,0.010479,2
KCU,11,40,0.009201,2
KCUD,11,40,0.011653,2
HOG,11,40,0.01315,2
HOGL,11,40,0.012289,2
BA,11,40,0.042457,6
KC,11,40,0.023201,1
KCRDK,11,40,0.006868,1
KCRDKL,11,40,0.005923,1
KCU,11,40,0.005684,1
KCUD,11,40,0.006054,1
HOG,11,40,0.008333,1
HOGL,11,40,0.007802,1
BA,11,40,0.413743,16
KC,11,40,0.012177,1
KCRDK,11,40,0.01543,2
KCRDKL,11,40,0.007445,1
KCU,11,40,0.010406,2
KCUD,11,40,0.006595,1
HOG,11,40,0.016717,2
HOGL,11,40,0.008896,1
BA,11,40,0.010136,3
KC,11,40,0.024164,1
KCRDK,11,40,0.006277,1
KCRDKL,11,40,0.005678,1
KCU,11,40,0.00513,1
KCUD,11,40,0.006029,1
HOG,11,40,0.007976,1
HOGL,11,40,0.007183,1
BA,11,40,0.257435,14
KC,11,40,0.011813,1
KCRDK,11,40,0.007558,1
KCRDKL,11,40,0.00649,1
KCU,11,40,0.006006,1
KCUD,11,40,0.006013,1
HOG,11,40,0.008623,1
HOGL,11,40,0.008353,1
BA,11,40,0.010623,3
KC,11,40,0.019685,1
KCRDK,11,40,0.006709,1
KCRDKL,11,40,0.006614,1
KCU,11,40,0.005376,1
KCUD,11,40,0.006404,1
HOG,11,40,0.00832,1
HOGL,11,40,0.00774,1
BA,11,40,0.017887,4
KC,11,40,0.021867,1
KCRDK,11,40,0.010181,2
KCRDKL,11,40,0.010063,2
KCU,11,40,0.008629,2
KCUD,11,40,0.010244,2
HOG,11,40,0.012434,2
HOGL,11,40,0.012195,2
BA,11,40,0.00543,2
KC,11,40,0.02847,1
KCRDK,11,40,0.006182,1
KCRDKL,11,40,0.006021,1
KCU,11,40,0.005464,1
KCUD,11,40,0.005926,1
HOG,11,40,0.007592,1
HOGL,11,40,0.007523,1
BA,11,40,0.43957,17
KC,11,40,0.017458,1
KCRDK,11,40,0.015177,2
KCRDKL,11,40,0.007209,1
KCU,11,40,0.010676,2
KCUD,11,40,0.006414,1
HOG,11,40,0.016393,2
HOGL,11,40,0.008905,1
BA,11,40,0.005257,2
KC,11,40,0.022662,1
KCRDK,11,40,0.006409,1
KCRDKL,11,40,0.006284,1
KCU,11,40,0.005667,1
KCUD,11,40,0.006436,1
HOG,11,40,0.008234,1
HOGL,11,40,0.007873,1
BA,11,40,0.005689,2
KC,11,40,0.021617,1
KCRDK,11,40,0.006848,1
KCRDKL,11,40,0.006478,1
KCU,11,40,0.005592,1
KCUD,11,40,0.006404,1
HOG,11,40,0.007897,1
HOGL,11,40,0.007839,1
BA,11,40,0.181087,12
KC,11,40,0.010121,1
KCRDK,11,40,0.007463,1
KCRDKL,11,40,0.007511,1
KCU,11,40,0.005865,1
KCUD,11,40,0.006572,1
HOG,11,40,0.009004,1
HOGL,11,40,0.007699,1
BA,11,40,0.011119,3
KC,11,40,0.019173,1
KCRDK,11,40,0.006984,1
KCRDKL,11,40,0.006445,1
KCU,11,40,0.0053,1
KCUD,11,40,0.006302,1
HOG,11,40,0.008458,1
HOGL,11,40,0.007882,1
BA,11,40,0.010866,3
KC,11,40,0.023853,1
KCRDK,11,40,0.006135,1
KCRDKL,11,40,0.005745,1
KCU,11,40,0.005517,1
KCUD,11,40,0.00596,1
HOG,11,40,0.00796,1
HOGL,11,40,0.007535,1
BA,11,40,0.005222,2
KC,11,40,0.022905,1
KCRDK,11,40,0.006867,1
KCRDKL,11,40,0.006342,1
KCU,11,40,0.00569,1
KCUD,11,40,0.006468,1
HOG,11,40,0.008363,1
HOGL,11,40,0.00745,1
BA,11,40,0.006001,2
KC,11,40,0.017595,1
KCRDK,11,40,0.006458,1
KCRDKL,11,40,0.006325,1
KCU,11,40,0.005667,1
KCUD,11,40,0.006476,1
HOG,11,40,0.008349,1
HOGL,11,40,0.007406,1
BA,11,40,0.038155,6
KC,11,40,0.025716,1
KCRDK,11,40,0.013352,2
KCRDKL,11,40,0.011544,2
KCU,11,40,0.009042,2
KCUD,11,40,0.010241,2
HOG,11,40,0.014431,2
HOGL,11,40,0.012808,2
BA,11,40,0.178613,12
KC,11,40,0.011095,1
KCRDK,11,40,0.008401,1
KCRDKL,11,40,0.007605,1
KCU,11,40,0.005616,1
KCUD,11,40,0.006468,1
HOG,11,40,0.010256,1
HOGL,11,40,0.008183,1
BA,11,40,0.438854,17
KC,11,40,0.010948,1
KCRDK,11,40,0.015467,2
KCRDKL,11,40,0.0079,1
KCU,11,40,0.010547,2
KCUD,11,40,0.006608,1
HOG,11,40,0.016936,2
HOGL,11,40,0.009524,1
BA,11,40,0.028307,5
KC,11,40,0.018524,1
KCRDK,11,40,0.010411,2
KCRDKL,11,40,0.009717,2
KCU,11,40,0.008512,2
KCUD,11,40,0.010444,2
HOG,11,40,0.012152,2
HOGL,11,40,0.011633,2
BA,11,60,0.029081,5
KC,11,60,0.020761,1
KCRDK,11,60,0.010579,2
KCRDKL,11,60,0.010013,2
KCU,11,60,0.008921,2
KCUD,11,60,0.011668,2
HOG,11,60,0.013102,2
HOGL,11,60,0.012297,2
BA,11,60,0.041827,6
KC,11,60,0.023864,1
KCRDK,11,60,0.006446,1
KCRDKL,11,60,0.006281,1
KCU,11,60,0.005239,1
KCUD,11,60,0.006439,1
HOG,11,60,0.008497,1
HOGL,11,60,0.007361,1
BA,11,60,0.407823,16
KC,11,60,0.012329,1
KCRDK,11,60,0.015753,2
KCRDKL,11,60,0.007916,1
KCU,11,60,0.01018,2
KCUD,11,60,0.006776,1
HOG,11,60,0.017044,2
HOGL,11,60,0.008913,1
BA,11,60,0.010135,3
KC,11,60,0.025887,1
KCRDK,11,60,0.006152,1
KCRDKL,11,60,0.006035,1
KCU,11,60,0.005505,1
KCUD,11,60,0.006391,1
HOG,11,60,0.00801,1
HOGL,11,60,0.007548,1
BA,11,60,0.254824,14
KC,11,60,0.011768,1
KCRDK,11,60,0.007645,1
KCRDKL,11,60,0.006885,1
KCU,11,60,0.006049,1
KCUD,11,60,0.006038,1
HOG,11,60,0.008617,1
HOGL,11,60,0.008441,1
BA,11,60,0.01059,3
KC,11,60,0.019278,1
KCRDK,11,60,0.006664,1
KCRDKL,11,60,0.006145,1
KCU,11,60,0.00565,1
KCUD,11,60,0.006405,1
HOG,11,60,0.007888,1
HOGL,11,60,0.007764,1
BA,11,60,0.017732,4
KC,11,60,0.024094,1
KCRDK,11,60,0.010586,2
KCRDKL,11,60,0.009625,2
KCU,11,60,0.008631,2
KCUD,11,60,0.010572,2
HOG,11,60,0.012872,2
HOGL,11,60,0.012139,2
BA,11,60,0.005422,2
KC,11,60,0.033397,1
KCRDK,11,60,0.006555,1
KCRDKL,11,60,0.006031,1
KCU,11,60,0.005113,1
KCUD,11,60,0.005923,1
HOG,11,60,0.007624,1
HOGL,11,60,0.007133,1
BA,11,60,0.440561,17
KC,11,60,0.017456,1
KCRDK,11,60,0.015115,2
KCRDKL,11,60,0.007255,1
KCU,11,60,0.010262,2
KCUD,11,60,0.006737,1
HOG,11,60,0.016774,2
HOGL,11,60,0.008497,1
BA,11,60,0.005269,2
KC,11,60,0.024202,1
KCRDK,11,60,0.006586,1
KCRDKL,11,60,0.005871,1
KCU,11,60,0.005274,1
KCUD,11,60,0.006449,1
HOG,11,60,0.008431,1
HOGL,11,60,0.007545,1
BA,11,60,0.005683,2
KC,11,60,0.021977,1
KCRDK,11,60,0.006865,1
KCRDKL,11,60,0.006272,1
KCU,11,60,0.005594,1
KCUD,11,60,0.006478,1
HOG,11,60,0.007913,1
HOGL,11,60,0.007431,1
BA,11,60,0.181128,12
KC,11,60,0.010293,1
KCRDK,11,60,0.007415,1
KCRDKL,11,60,0.007702,1
KCU,11,60,0.006357,1
KCUD,11,60,0.006717,1
HOG,11,60,0.009288,1
HOGL,11,60,0.007275,1
BA,11,60,0.011096,3
KC,11,60,0.020321,1
KCRDK,11,60,0.006963,1
KCRDKL,11,60,0.006338,1
KCU,11,60,0.005655,1
KCUD,11,60,0.006267,1
HOG,11,60,0.008404,1
HOGL,11,60,0.007856,1
BA,11,60,0.010841,3
KC,11,60,0.024031,1
KCRDK,11,60,0.006136,1
KCRDKL,11,60,0.006061,1
KCU,11,60,0.005513,1
KCUD,11,60,0.005564,1
HOG,11,60,0.007584,1
HOGL,11,60,0.007519,1
BA,11,60,0.005221,2
KC,11,60,0.021558,1
KCRDK,11,60,0.006865,1
KCRDKL,11,60,0.005914,1
KCU,11,60,0.005689,1
KCUD,11,60,0.006463,1
HOG,11,60,0.00797,1
HOGL,11,60,0.007416,1
BA,11,60,0.006166,2
KC,11,60,0.018816,1
KCRDK,11,60,0.006488,1
KCRDKL,11,60,0.0059,1
KCU,11,60,0.00526,1
KCUD,11,60,0.00614,1
HOG,11,60,0.007985,1
HOGL,11,60,0.007752,1
BA,11,60,0.038082,6
KC,11,60,0.020253,1
KCRDK,11,60,0.012897,2
KCRDKL,11,60,0.011376,2
KCU,11,60,0.008691,2
KCUD,11,60,0.010197,2
HOG,11,60,0.014694,2
HOGL,11,60,0.013117,2
BA,11,60,0.17875,12
KC,11,60,0.011369,1
KCRDK,11,60,0.008574,1
KCRDKL,11,60,0.00748,1
KCU,11,60,0.005975,1
KCUD,11,60,0.006063,1
HOG,11,60,0.010246,1
HOGL,11,60,0.008607,1
BA,11,60,0.443712,17
KC,11,60,0.01112,1
KCRDK,11,60,0.015032,2
KCRDKL,11,60,0.014264,2
KCU,11,60,0.009965,2
KCUD,11,60,0.006378,1
HOG,11,60,0.017027,2
HOGL,11,60,0.009321,1
BA,11,60,0.028303,5
KC,11,60,0.026952,1
KCRDK,11,60,0.010159,2
KCRDKL,11,60,0.009385,2
KCU,11,60,0.008909,2
KCUD,11,60,0.010456,2
HOG,11,60,0.012598,2
HOGL,11,60,0.011764,2
BA,11,80,0.029187,5
KC,11,80,0.022113,1
KCRDK,11,80,0.010495,2
KCRDKL,11,80,0.010444,2
KCU,11,80,0.009206,2
KCUD,11,80,0.011646,2
HOG,11,80,0.012776,2
HOGL,11,80,0.012334,2
BA,11,80,0.042301,6
KC,11,80,0.022298,1
KCRDK,11,80,0.006496,1
KCRDKL,11,80,0.005908,1
KCU,11,80,0.005656,1
KCUD,11,80,0.006441,1
HOG,11,80,0.008272,1
HOGL,11,80,0.007763,1
BA,11,80,0.414756,16
KC,11,80,0.01229,1
KCRDK,11,80,0.015612,2
KCRDKL,11,80,0.007512,1
KCU,11,80,0.010755,2
KCUD,11,80,0.006808,1
HOG,11,80,0.017256,2
HOGL,11,80,0.008935,1
BA,11,80,0.010145,3
KC,11,80,0.021475,1
KCRDK,11,80,0.006177,1
KCRDKL,11,80,0.005672,1
KCU,11,80,0.005677,1
KCUD,11,80,0.006235,1
HOG,11,80,0.008016,1
HOGL,11,80,0.007158,1
BA,11,80,0.255215,14
KC,11,80,0.011774,1
KCRDK,11,80,0.007563,1
KCRDKL,11,80,0.006895,1
KCU,11,80,0.006032,1
KCUD,11,80,0.006027,1
HOG,11,80,0.009091,1
HOGL,11,80,0.008475,1
BA,11,80,0.010635,3
KC,11,80,0.019585,1
KCRDK,11,80,0.007077,1
KCRDKL,11,80,0.006621,1
KCU,11,80,0.005703,1
KCUD,11,80,0.006058,1
HOG,11,80,0.008413,1
HOGL,11,80,0.007609,1
BA,11,80,0.017781,4
KC,11,80,0.021547,1
KCRDK,11,80,0.010269,2
KCRDKL,11,80,0.010038,2
KCU,11,80,0.009058,2
KCUD,11,80,0.010617,2
HOG,11,80,0.012888,2
HOGL,11,80,0.01229,2
BA,11,80,0.005431,2
KC,11,80,0.025699,1
KCRDK,11,80,0.006199,1
KCRDKL,11,80,0.005677,1
KCU,11,80,0.005106,1
KCUD,11,80,0.005937,1
HOG,11,80,0.008035,1
HOGL,11,80,0.007531,1
BA,11,80,0.44502,17
KC,11,80,0.017615,1
KCRDK,11,80,0.015412,2
KCRDKL,11,80,0.007554,1
KCU,11,80,0.010533,2
KCUD,11,80,0.006401,1
HOG,11,80,0.016899,2
HOGL,11,80,0.008883,1
BA,11,80,0.005228,2
KC,11,80,0.023619,1
KCRDK,11,80,0.006783,1
KCRDKL,11,80,0.00627,1
KCU,11,80,0.005275,1
KCUD,11,80,0.006078,1
HOG,11,80,0.008236,1
HOGL,11,80,0.007762,1
BA,11,80,0.005685,2
KC,11,80,0.022632,1
KCRDK,11,80,0.006815,1
KCRDKL,11,80,0.006022,1
KCU,11,80,0.005823,1
KCUD,11,80,0.006311,1
HOG,11,80,0.008306,1
HOGL,11,80,0.007382,1
BA,11,80,0.182481,12
KC,11,80,0.010465,1
KCRDK,11,80,0.007431,1
KCRDKL,11,80,0.006978,1
KCU,11,80,0.006212,1
KCUD,11,80,0.006522,1
HOG,11,80,0.009302,1
HOGL,11,80,0.007293,1
BA,11,80,0.011106,3
KC,11,80,0.020447,1
KCRDK,11,80,0.006664,1
KCRDKL,11,80,0.006178,1
KCU,11,80,0.005686,1
KCUD,11,80,0.006275,1
HOG,11,80,0.008452,1
HOGL,11,80,0.007887,1
BA,11,80,0.010879,3
KC,11,80,0.02186,1
KCRDK,11,80,0.006565,1
KCRDKL,11,80,0.006101,1
KCU,11,80,0.005535,1
KCUD,11,80,0.006079,1
HOG,11,80,0.007911,1
HOGL,11,80,0.007563,1
BA,11,80,0.005208,2
KC,11,80,0.024167,1
KCRDK,11,80,0.006507,1
KCRDKL,11,80,0.006337,1
KCU,11,80,0.005339,1
KCUD,11,80,0.006499,1
HOG,11,80,0.008365,1
HOGL,11,80,0.007456,1
BA,11,80,0.006003,2
KC,11,80,0.021494,1
KCRDK,11,80,0.006484,1
KCRDKL,11,80,0.006313,1
KCU,11,80,0.005293,1
KCUD,11,80,0.006123,1
HOG,11,80,0.008327,1
HOGL,11,80,0.007805,1
BA,11,80,0.038154,6
KC,11,80,0.024101,1
KCRDK,11,80,0.013312,2
KCRDKL,11,80,0.011541,2
KCU,11,80,0.008874,2
KCUD,11,80,0.010588,2
HOG,11,80,0.014692,2
HOGL,11,80,0.013095,2
BA,11,80,0.179068,12
KC,11,80,0.011313,1
KCRDK,11,80,0.008176,1
KCRDKL,11,80,0.008171,1
KCU,11,80,0.005818,1
KCUD,11,80,0.006453,1
HOG,11,80,0.010229,1
HOGL,11,80,0.008195,1
BA,11,80,0.438699,17
KC,11,80,0.011198,1
KCRDK,11,80,0.015794,2
KCRDKL,11,80,0.008198,1
KCU,11,80,0.009927,2
KCUD,11,80,0.006758,1
HOG,11,80,0.016877,2
HOGL,11,80,0.009422,1
BA,11,80,0.0283,5
KC,11,80,0.025824,1
KCRDK,11,80,0.010002,2
KCRDKL,11,80,0.009276,2
KCU,11,80,0.008506,2
KCUD,11,80,0.010542,2
HOG,11,80,0.012581,2
HOGL,11,80,0.012136,2
BA,11,100,0.02916,5
KC,11,100,0.022848,1
KCRDK,11,100,0.011096,2
KCRDKL,11,100,0.010276,2
KCU,11,100,0.008929,2
KCUD,11,100,0.011702,2
HOG,11,100,0.012967,2
HOGL,11,100,0.012286,2
BA,11,100,0.041911,6
KC,11,100,0.019022,1
KCRDK,11,100,0.00647,1
KCRDKL,11,100,0.005873,1
KCU,11,100,0.005283,1
KCUD,11,100,0.006058,1
HOG,11,100,0.008315,1
HOGL,11,100,0.007791,1
BA,11,100,0.409005,16
KC,11,100,0.008204,1
KCRDK,11,100,0.008896,1
KCRDKL,11,100,0.00757,1
KCU,11,100,0.010624,2
KCUD,11,100,0.006438,1
HOG,11,100,0.009878,1
HOGL,11,100,0.008935,1
BA,11,100,0.010162,3
KC,11,100,0.023836,1
KCRDK,11,100,0.006549,1
KCRDKL,11,100,0.00606,1
KCU,11,100,0.005132,1
KCUD,11,100,0.006025,1
HOG,11,100,0.007628,1
HOGL,11,100,0.007146,1
BA,11,100,0.25487,14
KC,11,100,0.005701,1
KCRDK,11,100,0.006756,1
KCRDKL,11,100,0.006629,1
KCU,11,100,0.006042,1
KCUD,11,100,0.006042,1
HOG,11,100,0.00787,1
HOGL,11,100,0.007356,1
BA,11,100,0.010563,3
KC,11,100,0.01816,1
KCRDK,11,100,0.007248,1
KCRDKL,11,100,0.006314,1
KCU,11,100,0.005692,1
KCUD,11,100,0.006061,1
HOG,11,100,0.007914,1
HOGL,11,100,0.0078,1
BA,11,100,0.017673,4
KC,11,100,0.022553,1
KCRDK,11,100,0.010255,2
KCRDKL,11,100,0.010091,2
KCU,11,100,0.008606,2
KCUD,11,100,0.01057,2
HOG,11,100,0.012724,2
HOGL,11,100,0.011872,2
BA,11,100,0.005421,2
KC,11,100,0.031169,1
KCRDK,11,100,0.00617,1
KCRDKL,11,100,0.005687,1
KCU,11,100,0.005136,1
KCUD,11,100,0.005918,1
HOG,11,100,0.008296,1
HOGL,11,100,0.007546,1
BA,11,100,0.44584,17
KC,11,100,0.009002,1
KCRDK,11,100,0.007976,1
KCRDKL,11,100,0.007651,1
KCU,11,100,0.010731,2
KCUD,11,100,0.006956,1
HOG,11,100,0.009357,1
HOGL,11,100,0.008513,1
BA,11,100,0.005232,2
KC,11,100,0.026575,1
KCRDK,11,100,0.006436,1
KCRDKL,11,100,0.006015,1
KCU,11,100,0.005547,1
KCUD,11,100,0.006461,1
HOG,11,100,0.007877,1
HOGL,11,100,0.007736,1
BA,11,100,0.005683,2
KC,11,100,0.020649,1
KCRDK,11,100,0.006459,1
KCRDKL,11,100,0.005947,1
KCU,11,100,0.005243,1
KCUD,11,100,0.006691,1
HOG,11,100,0.008087,1
HOGL,11,100,0.007396,1
BA,11,100,0.181518,12
KC,11,100,0.006689,1
KCRDK,11,100,0.007802,1
KCRDKL,11,100,0.006752,1
KCU,11,100,0.006198,1
KCUD,11,100,0.00693,1
HOG,11,100,0.008235,1
HOGL,11,100,0.007738,1
BA,11,100,0.011145,3
KC,11,100,0.019138,1
KCRDK,11,100,0.00664,1
KCRDKL,11,100,0.00611,1
KCU,11,100,0.005644,1
KCUD,11,100,0.006299,1
HOG,11,100,0.008519,1
HOGL,11,100,0.007902,1
BA,11,100,0.010856,3
KC,11,100,0.020076,1
KCRDK,11,100,0.006526,1
KCRDKL,11,100,0.005679,1
KCU,11,100,0.005523,1
KCUD,11,100,0.005973,1
HOG,11,100,0.008099,1
HOGL,11,100,0.007155,1
BA,11,100,0.005219,2
KC,11,100,0.024585,1
KCRDK,11,100,0.006585,1
KCRDKL,11,100,0.006448,1
KCU,11,100,0.005332,1
KCUD,11,100,0.006489,1
HOG,11,100,0.008393,1
HOGL,11,100,0.007436,1
BA,11,100,0.00601,2
KC,11,100,0.022092,1
KCRDK,11,100,0.006481,1
KCRDKL,11,100,0.006528,1
KCU,11,100,0.005314,1
KCUD,11,100,0.006684,1
HOG,11,100,0.008182,1
HOGL,11,100,0.007808,1
BA,11,100,0.038212,6
KC,11,100,0.021244,1
KCRDK,11,100,0.013082,2
KCRDKL,11,100,0.0117,2
KCU,11,100,0.008737,2
KCUD,11,100,0.010633,2
HOG,11,100,0.014368,2
HOGL,11,100,0.012977,2
BA,11,100,0.179437,12
KC,11,100,0.007891,1
KCRDK,11,100,0.009433,1
KCRDKL,11,100,0.007458,1
KCU,11,100,0.006042,1
KCUD,11,100,0.00651,1
HOG,11,100,0.009787,1
HOGL,11,100,0.008563,1
BA,11,100,0.443504,17
KC,11,100,0.008018,1
KCRDK,11,100,0.008852,1
KCRDKL,11,100,0.014347,2
KCU,11,100,0.010249,2
KCUD,11,100,0.006779,1
HOG,11,100,0.010404,1
HOGL,11,100,0.009392,1
BA,11,100,0.028414,5
KC,11,100,0.025821,1
KCRDK,11,100,0.010434,2
KCRDKL,11,100,0.009372,2
KCU,11,100,0.008529,2
KCUD,11,100,0.010461,2
HOG,11,100,0.012252,2
HOGL,11,100,0.011587,2
BA,21,0,0.035215,5
KC,21,0,0.059692,1
KCRDK,21,0,0.024778,2
KCRDKL,21,0,0.023953,2
KCU,21,0,0.022383,2
KCUD,21,0,0.025064,2
HOG,21,0,0.025266,2
HOGL,21,0,0.026568,2
BA,21,0,0.066911,7
KC,21,0,0.040464,1
KCRDK,21,0,0.014978,1
KCRDKL,21,0,0.013172,1
KCU,21,0,0.012795,1
KCUD,21,0,0.013243,1
HOG,21,0,0.015257,1
HOGL,21,0,0.014687,1
BA,21,0,0.467881,17
KC,21,0,0.032361,1
KCRDK,21,0,0.017197,1
KCRDKL,21,0,0.014978,1
KCU,21,0,0.012796,1
KCUD,21,0,0.02454,1
HOG,21,0,0.017413,1
HOGL,21,0,0.016082,1
BA,21,0,0.023559,4
KC,21,0,0.073274,1
KCRDK,21,0,0.024023,2
KCRDKL,21,0,0.021983,2
KCU,21,0,0.02045,2
KCUD,21,0,0.024567,2
HOG,21,0,0.025553,2
HOGL,21,0,0.02377,2
BA,21,0,0.251217,13
KC,21,0,0.036159,1
KCRDK,21,0,0.015107,1
KCRDKL,21,0,0.01589,1
KCU,21,0,0.012612,1
KCUD,21,0,0.013441,1
HOG,21,0,0.01654,1
HOGL,21,0,0.017755,1
BA,21,0,0.014956,3
KC,21,0,0.053266,1
KCRDK,21,0,0.014298,1
KCRDKL,21,0,0.014345,1
KCU,21,0,0.012418,1
KCUD,21,0,0.013054,1
HOG,21,0,0.01642,1
HOGL,21,0,0.014729,1
BA,21,0,0.023778,4
KC,21,0,0.052867,1
KCRDK,21,0,0.022647,2
KCRDKL,21,0,0.022057,2
KCU,21,0,0.022099,2
KCUD,21,0,0.022454,2
HOG,21,0,0.026116,2
HOGL,21,0,0.024208,2
BA,21,0,0.049639,6
KC,21,0,0.080302,1
KCRDK,21,0,0.050716,5
KCRDKL,21,0,0.049065,5
KCU,21,0,0.0476,5
KCUD,21,0,0.022216,2
HOG,21,0,0.055732,5
HOGL,21,0,0.055128,5
BA,21,0,0.533621,18
KC,21,0,0.039305,1
KCRDK,21,0,0.016042,1
KCRDKL,21,0,0.01559,1
KCU,21,0,0.012914,1
KCUD,21,0,0.013596,1
HOG,21,0,0.017059,1
HOGL,21,0,0.016693,1
BA,21,0,0.015725,3
KC,21,0,0.073968,1
KCRDK,21,0,0.023473,2
KCRDKL,21,0,0.02277,2
KCU,21,0,0.022123,2
KCUD,21,0,0.023011,2
HOG,21,0,0.026427,2
HOGL,21,0,0.024562,2
BA,21,0,0.008821,2
KC,21,0,0.057691,1
KCRDK,21,0,0.014223,1
KCRDKL,21,0,0.013285,1
KCU,21,0,0.012463,1
KCUD,21,0,0.014544,1
HOG,21,0,0.015199,1
HOGL,21,0,0.01519,1
BA,21,0,0.207406,12
KC,21,0,0.028605,1
KCRDK,21,0,0.01515,1
KCRDKL,21,0,0.015449,1
KCU,21,0,0.012663,1
KCUD,21,0,0.013496,1
HOG,21,0,0.016652,1
HOGL,21,0,0.015793,1
BA,21,0,0.024254,4
KC,21,0,0.050187,1
KCRDK,21,0,0.014025,1
KCRDKL,21,0,0.013426,1
KCU,21,0,0.012403,1
KCUD,21,0,0.012981,1
HOG,21,0,0.016562,1
HOGL,21,0,0.015066,1
BA,21,0,0.015258,3
KC,21,0,0.071879,1
KCRDK,21,0,0.013482,1
KCRDKL,21,0,0.013407,1
KCU,21,0,0.012304,1
KCUD,21,0,0.012696,1
HOG,21,0,0.014937,1
HOGL,21,0,0.015672,1
BA,21,0,0.007978,2
KC,21,0,0.061124,1
KCRDK,21,0,0.014915,1
KCRDKL,21,0,0.012875,1
KCU,21,0,0.013556,1
KCUD,21,0,0.013332,1
HOG,21,0,0.016313,1
HOGL,21,0,0.014551,1
BA,21,0,0.00887,2
KC,21,0,0.075016,1
KCRDK,21,0,0.014951,1
KCRDKL,21,0,0.013503,1
KCU,21,0,0.012877,1
KCUD,21,0,0.013831,1
HOG,21,0,0.015623,1
HOGL,21,0,0.014712,1
BA,21,0,0.047599,6
KC,21,0,0.055716,1
KCRDK,21,0,0.025397,2
KCRDKL,21,0,0.024729,2
KCU,21,0,0.02093,2
KCUD,21,0,0.024408,2
HOG,21,0,0.026828,2
HOGL,21,0,0.024942,2
BA,21,0,0.191739,12
KC,21,0,0.031458,1
KCRDK,21,0,0.015798,1
KCRDKL,21,0,0.01453,1
KCU,21,0,0.013915,1
KCUD,21,0,0.014165,1
HOG,21,0,0.017092,1
HOGL,21,0,0.016419,1
BA,21,0,0.494495,18
KC,21,0,0.026356,1
KCRDK,21,0,0.016366,1
KCRDKL,21,0,0.015252,1
KCU,21,0,0.012824,1
KCUD,21,0,0.013384,1
HOG,21,0,0.016722,1
HOGL,21,0,0.015985,1
BA,21,0,0.036258,5
KC,21,0,0.05012,1
KCRDK,21,0,0.022436,2
KCRDKL,21,0,0.023228,2
KCU,21,0,0.020903,2
KCUD,21,0,0.023519,2
HOG,21,0,0.025948,2
HOGL,21,0,0.025129,2
BA,21,20,0.036149,5
KC,21,20,0.056659,1
KCRDK,21,20,0.023516,2
KCRDKL,21,20,0.023413,2
KCU,21,20,0.021399,2
KCUD,21,20,0.023735,2
HOG,21,20,0.026971,2
HOGL,21,20,0.024694,2
BA,21,20,0.067123,7
KC,21,20,0.0482,1
KCRDK,21,20,0.013718,1
KCRDKL,21,20,0.013032,1
KCU,21,20,0.012403,1
KCUD,21,20,0.013,1
HOG,21,20,0.015257,1
HOGL,21,20,0.014716,1
BA,21,20,0.468292,17
KC,21,20,0.029597,1
KCRDK,21,20,0.01604,1
KCRDKL,21,20,0.015075,1
KCU,21,20,0.012959,1
KCUD,21,20,0.013919,1
HOG,21,20,0.016934,1
HOGL,21,20,0.017464,1
BA,21,20,0.023755,4
KC,21,20,0.054534,1
KCRDK,21,20,0.023706,2
KCRDKL,21,20,0.022563,2
KCU,21,20,0.021895,2
KCUD,21,20,0.024709,2
HOG,21,20,0.025818,2
HOGL,21,20,0.023803,2
BA,21,20,0.25166,13
KC,21,20,0.032601,1
KCRDK,21,20,0.016375,1
KCRDKL,21,20,0.014886,1
KCU,21,20,0.01268,1
KCUD,21,20,0.013463,1
HOG,21,20,0.016552,1
HOGL,21,20,0.016012,1
BA,21,20,0.015578,3
KC,21,20,0.042654,1
KCRDK,21,20,0.014004,1
KCRDKL,21,20,0.014603,1
KCU,21,20,0.013719,1
KCUD,21,20,0.013161,1
HOG,21,20,0.015194,1
HOGL,21,20,0.014787,1
BA,21,20,0.023759,4
KC,21,20,0.058441,1
KCRDK,21,20,0.022531,2
KCRDKL,21,20,0.021939,2
KCU,21,20,0.02208,2
KCUD,21,20,0.022751,2
HOG,21,20,0.026291,2
HOGL,21,20,0.024615,2
BA,21,20,0.04977,6
KC,21,20,0.077058,1
KCRDK,21,20,0.049781,5
KCRDKL,21,20,0.048954,5
KCU,21,20,0.04699,5
KCUD,21,20,0.02216,2
HOG,21,20,0.054775,5
HOGL,21,20,0.053059,5
BA,21,20,0.532737,18
KC,21,20,0.024468,1
KCRDK,21,20,0.015429,1
KCRDKL,21,20,0.015946,1
KCU,21,20,0.012817,1
KCUD,21,20,0.014738,1
HOG,21,20,0.017011,1
HOGL,21,20,0.017927,1
BA,21,20,0.015641,3
KC,21,20,0.073996,1
KCRDK,21,20,0.022895,2
KCRDKL,21,20,0.022318,2
KCU,21,20,0.020943,2
KCUD,21,20,0.023043,2
HOG,21,20,0.026352,2
HOGL,21,20,0.026144,2
BA,21,20,0.008761,2
KC,21,20,0.057276,1
KCRDK,21,20,0.014026,1
KCRDKL,21,20,0.013349,1
KCU,21,20,0.01377,1
KCUD,21,20,0.013327,1
HOG,21,20,0.016467,1
HOGL,21,20,0.015322,1
BA,21,20,0.206974,12
KC,21,20,0.034119,1
KCRDK,21,20,0.015342,1
KCRDKL,21,20,0.015199,1
KCU,21,20,0.01288,1
KCUD,21,20,0.013627,1
HOG,21,20,0.016714,1
HOGL,21,20,0.015987,1
BA,21,20,0.024155,4
KC,21,20,0.054013,1
KCRDK,21,20,0.013969,1
KCRDKL,21,20,0.013305,1
KCU,21,20,0.012461,1
KCUD,21,20,0.01423,1
HOG,21,20,0.016063,1
HOGL,21,20,0.015882,1
BA,21,20,0.015209,3
KC,21,20,0.082655,1
KCRDK,21,20,0.014661,1
KCRDKL,21,20,0.012988,1
KCU,21,20,0.01234,1
KCUD,21,20,0.012769,1
HOG,21,20,0.014915,1
HOGL,21,20,0.01425,1
BA,21,20,0.00799,2
KC,21,20,0.06263,1
KCRDK,21,20,0.013624,1
KCRDKL,21,20,0.012925,1
KCU,21,20,0.012326,1
KCUD,21,20,0.01322,1
HOG,21,20,0.015027,1
HOGL,21,20,0.014476,1
BA,21,20,0.008797,2
KC,21,20,0.098338,1
KCRDK,21,20,0.014914,1
KCRDKL,21,20,0.012962,1
KCU,21,20,0.013565,1
KCUD,21,20,0.014254,1
HOG,21,20,0.016192,1
HOGL,21,20,0.015649,1
BA,21,20,0.047614,6
KC,21,20,0.053117,1
KCRDK,21,20,0.025249,2
KCRDKL,21,20,0.024468,2
KCU,21,20,0.022075,2
KCUD,21,20,0.022533,2
HOG,21,20,0.027716,2
HOGL,21,20,0.025873,2
BA,21,20,0.192791,12
KC,21,20,0.030589,1
KCRDK,21,20,0.015514,1
KCRDKL,21,20,0.01471,1
KCU,21,20,0.012557,1
KCUD,21,20,0.013026,1
HOG,21,20,0.018408,1
HOGL,21,20,0.017423,1
BA,21,20,0.495369,18
KC,21,20,0.02431,1
KCRDK,21,20,0.015061,1
KCRDKL,21,20,0.015199,1
KCU,21,20,0.012776,1
KCUD,21,20,0.013323,1
HOG,21,20,0.016602,1
HOGL,21,20,0.017128,1
BA,21,20,0.036231,5
KC,21,20,0.057207,1
KCRDK,21,20,0.022371,2
KCRDKL,21,20,0.021719,2
KCU,21,20,0.021963,2
KCUD,21,20,0.024253,2
HOG,21,20,0.025104,2
HOGL,21,20,0.025856,2
BA,21,40,0.036567,5
KC,21,40,0.057864,1
KCRDK,21,40,0.023135,2
KCRDKL,21,40,0.022883,2
KCU,21,40,0.022315,2
KCUD,21,40,0.023718,2
HOG,21,40,0.025348,2
HOGL,21,40,0.024823,2
BA,21,40,0.067071,7
KC,21,40,0.045488,1
KCRDK,21,40,0.013851,1
KCRDKL,21,40,0.013158,1
KCU,21,40,0.012953,1
KCUD,21,40,0.013095,1
HOG,21,40,0.015815,1
HOGL,21,40,0.015447,1
BA,21,40,0.467014,17
KC,21,40,0.032314,1
KCRDK,21,40,0.015595,1
KCRDKL,21,40,0.015001,1
KCU,21,40,0.012813,1
KCUD,21,40,0.013427,1
HOG,21,40,0.018135,1
HOGL,21,40,0.016265,1
BA,21,40,0.024186,4
KC,21,40,0.060182,1
KCRDK,21,40,0.023539,2
KCRDKL,21,40,0.022718,2
KCU,21,40,0.021753,2
KCUD,21,40,0.023329,2
HOG,21,40,0.025766,2
HOGL,21,40,0.0249,2
BA,21,40,0.252044,13
KC,21,40,0.035162,1
KCRDK,21,40,0.015132,1
KCRDKL,21,40,0.015159,1
KCU,21,40,0.012665,1
KCUD,21,40,0.014586,1
HOG,21,40,0.016498,1
HOGL,21,40,0.017232,1
BA,21,40,0.014987,3
KC,21,40,0.04621,1
KCRDK,21,40,0.01398,1
KCRDKL,21,40,0.013293,1
KCU,21,40,0.013579,1
KCUD,21,40,0.01431,1
HOG,21,40,0.015189,1
HOGL,21,40,0.014797,1
BA,21,40,0.023981,4
KC,21,40,0.046449,1
KCRDK,21,40,0.023917,2
KCRDKL,21,40,0.02313,2
KCU,21,40,0.021216,2
KCUD,21,40,0.023309,2
HOG,21,40,0.024925,2
HOGL,21,40,0.024705,2
BA,21,40,0.05005,6
KC,21,40,0.082764,1
KCRDK,21,40,0.050204,5
KCRDKL,21,40,0.048477,5
KCU,21,40,0.047769,5
KCUD,21,40,0.022053,2
HOG,21,40,0.054723,5
HOGL,21,40,0.052976,5
BA,21,40,0.533628,18
KC,21,40,0.040244,1
KCRDK,21,40,0.016773,1
KCRDKL,21,40,0.017161,1
KCU,21,40,0.013511,1
KCUD,21,40,0.014746,1
HOG,21,40,0.017237,1
HOGL,21,40,0.016704,1
BA,21,40,0.015744,3
KC,21,40,0.07278,1
KCRDK,21,40,0.023234,2
KCRDKL,21,40,0.024052,2
KCU,21,40,0.021121,2
KCUD,21,40,0.024228,2
HOG,21,40,0.025258,2
HOGL,21,40,0.024589,2
BA,21,40,0.008786,2
KC,21,40,0.05568,1
KCRDK,21,40,0.013857,1
KCRDKL,21,40,0.014538,1
KCU,21,40,0.012399,1
KCUD,21,40,0.01442,1
HOG,21,40,0.015164,1
HOGL,21,40,0.016466,1
BA,21,40,0.206824,12
KC,21,40,0.027996,1
KCRDK,21,40,0.015083,1
KCRDKL,21,40,0.015031,1
KCU,21,40,0.013451,1
KCUD,21,40,0.013536,1
HOG,21,40,0.016649,1
HOGL,21,40,0.015916,1
BA,21,40,0.024153,4
KC,21,40,0.052446,1
KCRDK,21,40,0.013936,1
KCRDKL,21,40,0.013239,1
KCU,21,40,0.013592,1
KCUD,21,40,0.014209,1
HOG,21,40,0.015338,1
HOGL,21,40,0.014911,1
BA,21,40,0.015304,3
KC,21,40,0.060276,1
KCRDK,21,40,0.014169,1
KCRDKL,21,40,0.014007,1
KCU,21,40,0.013364,1
KCUD,21,40,0.013886,1
HOG,21,40,0.014842,1
HOGL,21,40,0.025949,1
BA,21,40,0.008015,2
KC,21,40,0.064686,1
KCRDK,21,40,0.013751,1
KCRDKL,21,40,0.013076,1
KCU,21,40,0.013638,1
KCUD,21,40,0.014403,1
HOG,21,40,0.015531,1
HOGL,21,40,0.014505,1
BA,21,40,0.008809,2
KC,21,40,0.085401,1
KCRDK,21,40,0.01376,1
KCRDKL,21,40,0.013369,1
KCU,21,40,0.012931,1
KCUD,21,40,0.013109,1
HOG,21,40,0.015005,1
HOGL,21,40,0.01443,1
BA,21,40,0.047308,6
KC,21,40,0.063829,1
KCRDK,21,40,0.024917,2
KCRDKL,21,40,0.024584,2
KCU,21,40,0.021022,2
KCUD,21,40,0.023704,2
HOG,21,40,0.027886,2
HOGL,21,40,0.02611,2
BA,21,40,0.192342,12
KC,21,40,0.030198,1
KCRDK,21,40,0.015675,1
KCRDKL,21,40,0.014804,1
KCU,21,40,0.012569,1
KCUD,21,40,0.013122,1
HOG,21,40,0.017157,1
HOGL,21,40,0.016167,1
BA,21,40,0.495055,18
KC,21,40,0.025819,1
KCRDK,21,40,0.016462,1
KCRDKL,21,40,0.015043,1
KCU,21,40,0.013976,1
KCUD,21,40,0.014606,1
HOG,21,40,0.016684,1
HOGL,21,40,0.017073,1
BA,21,40,0.036193,5
KC,21,40,0.049773,1
KCRDK,21,40,0.02222,2
KCRDKL,21,40,0.021547,2
KCU,21,40,0.020773,2
KCUD,21,40,0.022135,2
HOG,21,40,0.024554,2
HOGL,21,40,0.02387,2
BA,21,60,0.035957,5
KC,21,60,0.055772,1
KCRDK,21,60,0.022808,2
KCRDKL,21,60,0.022569,2
KCU,21,60,0.02222,2
KCUD,21,60,0.023552,2
HOG,21,60,0.025016,2
HOGL,21,60,0.025569,2
BA,21,60,0.067063,7
KC,21,60,0.053889,1
KCRDK,21,60,0.013537,1
KCRDKL,21,60,0.014104,1
KCU,21,60,0.013522,1
KCUD,21,60,0.013036,1
HOG,21,60,0.015069,1
HOGL,21,60,0.014508,1
BA,21,60,0.466792,17
KC,21,60,0.025837,1
KCRDK,21,60,0.01518,1
KCRDKL,21,60,0.01503,1
KCU,21,60,0.012729,1
KCUD,21,60,0.013303,1
HOG,21,60,0.01795,1
HOGL,21,60,0.015874,1
BA,21,60,0.023535,4
KC,21,60,0.075642,1
KCRDK,21,60,0.022326,2
KCRDKL,21,60,0.02261,2
KCU,21,60,0.021928,2
KCUD,21,60,0.024767,2
HOG,21,60,0.025745,2
HOGL,21,60,0.025004,2
BA,21,60,0.25199,13
KC,21,60,0.032323,1
KCRDK,21,60,0.016309,1
KCRDKL,21,60,0.015872,1
KCU,21,60,0.012549,1
KCUD,21,60,0.013395,1
HOG,21,60,0.016446,1
HOGL,21,60,0.016471,1
BA,21,60,0.014884,3
KC,21,60,0.045218,1
KCRDK,21,60,0.013944,1
KCRDKL,21,60,0.013138,1
KCU,21,60,0.01266,1
KCUD,21,60,0.012845,1
HOG,21,60,0.015057,1
HOGL,21,60,0.014623,1
BA,21,60,0.023772,4
KC,21,60,0.053344,1
KCRDK,21,60,0.022314,2
KCRDKL,21,60,0.02167,2
KCU,21,60,0.021058,2
KCUD,21,60,0.022502,2
HOG,21,60,0.026115,2
HOGL,21,60,0.024577,2
BA,21,60,0.049776,6
KC,21,60,0.065044,1
KCRDK,21,60,0.051316,5
KCRDKL,21,60,0.048607,5
KCU,21,60,0.046615,5
KCUD,21,60,0.022139,2
HOG,21,60,0.056422,5
HOGL,21,60,0.053296,5
BA,21,60,0.533343,18
KC,21,60,0.036218,1
KCRDK,21,60,0.015376,1
KCRDKL,21,60,0.017382,1
KCU,21,60,0.013305,1
KCUD,21,60,0.013416,1
HOG,21,60,0.01698,1
HOGL,21,60,0.017757,1
BA,21,60,0.015679,3
KC,21,60,0.055007,1
KCRDK,21,60,0.024182,2
KCRDKL,21,60,0.023331,2
KCU,21,60,0.020998,2
KCUD,21,60,0.88959,2
HOG,21,60,0.02624,2
HOGL,21,60,0.024338,2
BA,21,60,0.008773,2
KC,21,60,0.054997,1
KCRDK,21,60,0.013738,1
KCRDKL,21,60,0.013164,1
KCU,21,60,0.012268,1
KCUD,21,60,0.01429,1
HOG,21,60,0.015144,1
HOGL,21,60,0.015032,1
BA,21,60,0.20719,12
KC,21,60,0.029557,1
KCRDK,21,60,0.015315,1
KCRDKL,21,60,0.014529,1
KCU,21,60,0.012813,1
KCUD,21,60,0.013554,1
HOG,21,60,0.016625,1
HOGL,21,60,0.015871,1
BA,21,60,0.024158,4
KC,21,60,0.058751,1
KCRDK,21,60,0.014153,1
KCRDKL,21,60,0.013326,1
KCU,21,60,0.013689,1
KCUD,21,60,0.013071,1
HOG,21,60,0.016639,1
HOGL,21,60,0.016082,1
BA,21,60,0.015245,3
KC,21,60,0.056859,1
KCRDK,21,60,0.014007,1
KCRDKL,21,60,0.013552,1
KCU,21,60,0.012369,1
KCUD,21,60,0.014041,1
HOG,21,60,0.016053,1
HOGL,21,60,0.014397,1
BA,21,60,0.007996,2
KC,21,60,0.057903,1
KCRDK,21,60,0.014336,1
KCRDKL,21,60,0.013575,1
KCU,21,60,0.012342,1
KCUD,21,60,0.014455,1
HOG,21,60,0.015103,1
HOGL,21,60,0.014469,1
BA,21,60,0.008716,2
KC,21,60,0.07194,1
KCRDK,21,60,0.013789,1
KCRDKL,21,60,0.012998,1
KCU,21,60,0.012403,1
KCUD,21,60,0.013142,1
HOG,21,60,0.015244,1
HOGL,21,60,0.014659,1
BA,21,60,0.047602,6
KC,21,60,0.057702,1
KCRDK,21,60,0.025168,2
KCRDKL,21,60,0.023152,2
KCU,21,60,0.021376,2
KCUD,21,60,0.023156,2
HOG,21,60,0.028012,2
HOGL,21,60,0.024864,2
BA,21,60,0.192246,12
KC,21,60,0.033785,1
KCRDK,21,60,0.015879,1
KCRDKL,21,60,0.014925,1
KCU,21,60,0.012831,1
KCUD,21,60,0.014481,1
HOG,21,60,0.018413,1
HOGL,21,60,0.016441,1
BA,21,60,0.495124,18
KC,21,60,0.026288,1
KCRDK,21,60,0.016466,1
KCRDKL,21,60,0.016098,1
KCU,21,60,0.014011,1
KCUD,21,60,0.014696,1
HOG,21,60,0.01689,1
HOGL,21,60,0.017302,1
BA,21,60,0.0364,5
KC,21,60,0.06319,1
KCRDK,21,60,0.023881,2
KCRDKL,21,60,0.023129,2
KCU,21,60,0.0209,2
KCUD,21,60,0.022454,2
HOG,21,60,0.024741,2
HOGL,21,60,0.024556,2
BA,21,80,0.036182,5
KC,21,80,0.049682,1
KCRDK,21,80,0.023393,2
KCRDKL,21,80,0.024109,2
KCU,21,80,0.022519,2
KCUD,21,80,0.023821,2
HOG,21,80,0.026559,2
HOGL,21,80,0.024921,2
BA,21,80,0.067212,7
KC,21,80,0.049902,1
KCRDK,21,80,0.013755,1
KCRDKL,21,80,0.014261,1
KCU,21,80,0.013341,1
KCUD,21,80,0.013012,1
HOG,21,80,0.015032,1
HOGL,21,80,0.015717,1
BA,21,80,0.468079,17
KC,21,80,0.03165,1
KCRDK,21,80,0.015306,1
KCRDKL,21,80,0.016571,1
KCU,21,80,0.012846,1
KCUD,21,80,0.014682,1
HOG,21,80,0.017707,1
HOGL,21,80,0.016096,1
BA,21,80,0.023576,4
KC,21,80,0.079569,1
KCRDK,21,80,0.022177,2
KCRDKL,21,80,0.02274,2
KCU,21,80,0.02169,2
KCUD,21,80,0.023192,2
HOG,21,80,0.024374,2
HOGL,21,80,0.02499,2
BA,21,80,0.252304,13
KC,21,80,0.02962,1
KCRDK,21,80,0.016326,1
KCRDKL,21,80,0.01615,1
KCU,21,80,0.012831,1
KCUD,21,80,0.013594,1
HOG,21,80,0.018444,1
HOGL,21,80,0.016049,1
BA,21,80,0.015036,3
KC,21,80,0.048515,1
KCRDK,21,80,0.01395,1
KCRDKL,21,80,0.014737,1
KCU,21,80,0.013018,1
KCUD,21,80,0.013174,1
HOG,21,80,0.015191,1
HOGL,21,80,0.016068,1
BA,21,80,0.023886,4
KC,21,80,0.052282,1
KCRDK,21,80,0.022711,2
KCRDKL,21,80,0.021777,2
KCU,21,80,0.020757,2
KCUD,21,80,0.022413,2
HOG,21,80,0.025863,2
HOGL,21,80,4.4445,2
BA,21,80,0.066256,6
KC,21,80,0.075114,1
KCRDK,21,80,0.049746,5
KCRDKL,21,80,0.047831,5
KCU,21,80,0.047456,5
KCUD,21,80,0.021958,2
HOG,21,80,0.055782,5
HOGL,21,80,0.053117,5
BA,21,80,0.533423,18
KC,21,80,0.038308,1
KCRDK,21,80,0.015701,1
KCRDKL,21,80,0.015345,1
KCU,21,80,0.012899,1
KCUD,21,80,0.014753,1
HOG,21,80,0.018443,1
HOGL,21,80,0.017774,1
BA,21,80,0.015692,3
KC,21,80,0.072936,1
KCRDK,21,80,0.023063,2
KCRDKL,21,80,0.023216,2
KCU,21,80,0.020759,2
KCUD,21,80,0.022715,2
HOG,21,80,0.026209,2
HOGL,21,80,0.024498,2
BA,21,80,0.008725,2
KC,21,80,0.047174,1
KCRDK,21,80,0.014214,1
KCRDKL,21,80,0.013782,1
KCU,21,80,0.012283,1
KCUD,21,80,0.014337,1
HOG,21,80,0.015247,1
HOGL,21,80,0.014787,1
BA,21,80,0.207041,12
KC,21,80,0.031975,1
KCRDK,21,80,0.015086,1
KCRDKL,21,80,0.015778,1
KCU,21,80,0.012713,1
KCUD,21,80,0.013469,1
HOG,21,80,0.017909,1
HOGL,21,80,0.015823,1
BA,21,80,0.024193,4
KC,21,80,0.055256,1
KCRDK,21,80,0.013839,1
KCRDKL,21,80,0.013242,1
KCU,21,80,0.012329,1
KCUD,21,80,0.014267,1
HOG,21,80,0.016535,1
HOGL,21,80,0.016065,1
BA,21,80,0.015355,3
KC,21,80,0.075046,1
KCRDK,21,80,0.013393,1
KCRDKL,21,80,0.0127,1
KCU,21,80,0.012154,1
KCUD,21,80,0.013861,1
HOG,21,80,0.014643,1
HOGL,21,80,0.015356,1
BA,21,80,0.007943,2
KC,21,80,0.056589,1
KCRDK,21,80,0.013633,1
KCRDKL,21,80,0.012981,1
KCU,21,80,0.013494,1
KCUD,21,80,0.014366,1
HOG,21,80,0.016236,1
HOGL,21,80,0.014479,1
BA,21,80,0.008799,2
KC,21,80,0.135879,1
KCRDK,21,80,0.014466,1
KCRDKL,21,80,0.01379,1
KCU,21,80,0.012526,1
KCUD,21,80,0.015048,1
HOG,21,80,0.015197,1
HOGL,21,80,0.014473,1
BA,21,80,0.047255,6
KC,21,80,0.056679,1
KCRDK,21,80,0.025075,2
KCRDKL,21,80,0.024638,2
KCU,21,80,0.020746,2
KCUD,21,80,0.022372,2
HOG,21,80,0.026808,2
HOGL,21,80,0.024802,2
BA,21,80,0.191838,12
KC,21,80,0.031591,1
KCRDK,21,80,0.014921,1
KCRDKL,21,80,0.014597,1
KCU,21,80,0.013228,1
KCUD,21,80,0.012972,1
HOG,21,80,0.016898,1
HOGL,21,80,0.017188,1
BA,21,80,0.495581,18
KC,21,80,0.024963,1
KCRDK,21,80,0.015097,1
KCRDKL,21,80,0.014947,1
KCU,21,80,0.012662,1
KCUD,21,80,0.013434,1
HOG,21,80,0.016625,1
HOGL,21,80,0.015919,1
BA,21,80,0.036388,5
KC,21,80,0.048572,1
KCRDK,21,80,0.022887,2
KCRDKL,21,80,0.021792,2
KCU,21,80,0.022118,2
KCUD,21,80,0.023422,2
HOG,21,80,0.024826,2
HOGL,21,80,0.023866,2
BA,21,100,0.03601,5
KC,21,100,0.046869,1
KCRDK,21,100,0.024759,2
KCRDKL,21,100,0.022747,2
KCU,21,100,0.021095,2
KCUD,21,100,0.024932,2
HOG,21,100,0.02533,2
HOGL,21,100,0.02575,2
BA,21,100,0.067012,7
KC,21,100,0.038112,1
KCRDK,21,100,0.013533,1
KCRDKL,21,100,0.012975,1
KCU,21,100,0.012439,1
KCUD,21,100,0.014372,1
HOG,21,100,0.015269,1
HOGL,21,100,0.015837,1
BA,21,100,0.467195,17
KC,21,100,0.018799,1
KCRDK,21,100,0.016504,1
KCRDKL,21,100,0.016504,1
KCU,21,100,0.012888,1
KCUD,21,100,0.01344,1
HOG,21,100,0.017593,1
HOGL,21,100,0.01669,1
BA,21,100,0.023585,4
KC,21,100,0.054018,1
KCRDK,21,100,0.022321,2
KCRDKL,21,100,0.021535,2
KCU,21,100,0.021867,2
KCUD,21,100,0.024986,2
HOG,21,100,0.024595,2
HOGL,21,100,0.023743,2
BA,21,100,0.267037,13
KC,21,100,0.026142,1
KCRDK,21,100,0.01614,1
KCRDKL,21,100,0.014899,1
KCU,21,100,0.012568,1
KCUD,21,100,0.01472,1
HOG,21,100,0.017386,1
HOGL,21,100,0.017241,1
BA,21,100,0.014967,3
KC,21,100,0.034821,1
KCRDK,21,100,0.01385,1
KCRDKL,21,100,0.014785,1
KCU,21,100,0.01252,1
KCUD,21,100,0.014303,1
HOG,21,100,0.015346,1
HOGL,21,100,0.015946,1
BA,21,100,0.023788,4
KC,21,100,0.038315,1
KCRDK,21,100,0.022502,2
KCRDKL,21,100,0.023151,2
KCU,21,100,0.020773,2
KCUD,21,100,0.02261,2
HOG,21,100,0.025228,2
HOGL,21,100,0.024955,2
BA,21,100,0.049838,6
KC,21,100,0.067649,1
KCRDK,21,100,0.049701,5
KCRDKL,21,100,0.049704,5
KCU,21,100,0.047655,5
KCUD,21,100,0.021829,2
HOG,21,100,0.05422,5
HOGL,21,100,0.052869,5
BA,21,100,0.532659,18
KC,21,100,0.020556,1
KCRDK,21,100,0.017123,1
KCRDKL,21,100,0.015477,1
KCU,21,100,0.012718,1
KCUD,21,100,0.01335,1
HOG,21,100,0.018108,1
HOGL,21,100,0.016551,1
BA,21,100,0.015633,3
KC,21,100,0.046927,1
KCRDK,21,100,0.022859,2
KCRDKL,21,100,0.023051,2
KCU,21,100,0.021995,2
KCUD,21,100,0.024263,2
HOG,21,100,0.02658,2
HOGL,21,100,0.025175,2
BA,21,100,0.008749,2
KC,21,100,0.042583,1
KCRDK,21,100,0.013895,1
KCRDKL,21,100,0.01319,1
KCU,21,100,0.012205,1
KCUD,21,100,0.014462,1
HOG,21,100,0.015099,1
HOGL,21,100,0.014539,1
BA,21,100,0.206888,12
KC,21,100,0.021293,1
KCRDK,21,100,0.017972,1
KCRDKL,21,100,0.014629,1
KCU,21,100,0.012697,1
KCUD,21,100,0.015242,1
HOG,21,100,0.017248,1
HOGL,21,100,0.016764,1
BA,21,100,0.02415,4
KC,21,100,0.047933,1
KCRDK,21,100,0.013821,1
KCRDKL,21,100,0.013256,1
KCU,21,100,0.012383,1
KCUD,21,100,0.014664,1
HOG,21,100,0.01595,1
HOGL,21,100,0.014787,1
BA,21,100,0.015836,3
KC,21,100,0.043686,1
KCRDK,21,100,0.013204,1
KCRDKL,21,100,0.013205,1
KCU,21,100,0.012679,1
KCUD,21,100,0.012543,1
HOG,21,100,0.0147,1
HOGL,21,100,0.01422,1
BA,21,100,0.007941,2
KC,21,100,0.052995,1
KCRDK,21,100,0.013573,1
KCRDKL,21,100,0.014285,1
KCU,21,100,0.013528,1
KCUD,21,100,0.013304,1
HOG,21,100,0.015129,1
HOGL,21,100,0.015889,1
BA,21,100,0.008768,2
KC,21,100,0.065625,1
KCRDK,21,100,0.01508,1
KCRDKL,21,100,0.01368,1
KCU,21,100,0.013176,1
KCUD,21,100,0.014504,1
HOG,21,100,0.015195,1
HOGL,21,100,0.015889,1
BA,21,100,0.047463,6
KC,21,100,0.049424,1
KCRDK,21,100,0.024354,2
KCRDKL,21,100,0.023284,2
KCU,21,100,0.021074,2
KCUD,21,100,0.022605,2
HOG,21,100,0.027183,2
HOGL,21,100,0.024698,2
BA,21,100,0.192154,12
KC,21,100,0.023545,1
KCRDK,21,100,0.017758,1
KCRDKL,21,100,0.014541,1
KCU,21,100,0.012547,1
KCUD,21,100,0.013024,1
HOG,21,100,0.017078,1
HOGL,21,100,0.01568,1
BA,21,100,0.49635,18
KC,21,100,0.021558,1
KCRDK,21,100,0.016308,1
KCRDKL,21,100,0.016473,1
KCU,21,100,0.012842,1
KCUD,21,100,0.013494,1
HOG,21,100,0.017139,1
HOGL,21,100,0.016027,1
BA,21,100,0.036283,5
KC,21,100,0.047126,1
KCRDK,21,100,0.022804,2
KCRDKL,21,100,0.022316,2
KCU,21,100,0.021896,2
KCUD,21,100,0.023524,2
HOG,21,100,0.024604,2
HOGL,21,100,0.024429,2
BA,31,0,0.047549,5
KC,31,0,0.196825,1
KCRDK,31,0,0.042115,2
KCRDKL,31,0,0.044088,2
KCU,31,0,0.042358,2
KCUD,31,0,0.042458,2
HOG,31,0,0.044028,2
HOGL,31,0,0.046143,2
BA,31,0,0.07694,6
KC,31,0,0.197427,1
KCRDK,31,0,0.024483,1
KCRDKL,31,0,0.024013,1
KCU,31,0,0.023565,1
KCUD,31,0,0.024286,1
HOG,31,0,0.026617,1
HOGL,31,0,0.025873,1
BA,31,0,0.522436,17
KC,31,0,0.054594,1
KCRDK,31,0,0.026947,1
KCRDKL,31,0,0.026827,1
KCU,31,0,0.025243,1
KCUD,31,0,0.024562,1
HOG,31,0,0.029761,1
HOGL,31,0,0.027785,1
BA,31,0,0.032991,4
KC,31,0,0.270947,1
KCRDK,31,0,0.041396,2
KCRDKL,31,0,0.040749,2
KCU,31,0,0.039852,2
KCUD,31,0,0.042385,2
HOG,31,0,0.046669,2
HOGL,31,0,0.044771,2
BA,31,0,0.323139,14
KC,31,0,0.066348,1
KCRDK,31,0,0.027052,1
KCRDKL,31,0,0.026945,1
KCU,31,0,0.024961,1
KCUD,31,0,0.024704,1
HOG,31,0,0.02851,1
HOGL,31,0,0.030351,1
BA,31,0,0.021833,3
KC,31,0,0.219645,1
KCRDK,31,0,0.027793,1
KCRDKL,31,0,0.025787,1
KCU,31,0,0.023521,1
KCUD,31,0,0.027253,1
HOG,31,0,0.026369,1
HOGL,31,0,0.025952,1
BA,31,0,0.032798,4
KC,31,0,0.233198,1
KCRDK,31,0,0.041548,2
KCRDKL,31,0,0.043235,2
KCU,31,0,0.042315,2
KCUD,31,0,0.041394,2
HOG,31,0,0.046527,2
HOGL,31,0,0.043327,2
BA,31,0,0.022451,3
KC,31,0,0.305486,1
KCRDK,31,0,0.041575,2
KCRDKL,31,0,0.040754,2
KCU,31,0,0.04092,2
KCUD,31,0,0.042041,2
HOG,31,0,0.044156,2
HOGL,31,0,0.043198,2
BA,31,0,0.571103,18
KC,31,0,0.047145,1
KCRDK,31,0,0.026715,1
KCRDKL,31,0,0.024856,1
KCU,31,0,0.023943,1
KCUD,31,0,0.024575,1
HOG,31,0,0.027122,1
HOGL,31,0,0.02691,1
BA,31,0,0.02223,3
KC,31,0,0.218213,1
KCRDK,31,0,0.041444,2
KCRDKL,31,0,0.040741,2
KCU,31,0,0.043725,2
KCUD,31,0,0.062135,2
HOG,31,0,0.046698,2
HOGL,31,0,0.04352,2
BA,31,0,0.012885,2
KC,31,0,0.155562,1
KCRDK,31,0,0.025881,1
KCRDKL,31,0,0.024106,1
KCU,31,0,0.025785,1
KCUD,31,0,0.026688,1
HOG,31,0,0.028918,1
HOGL,31,0,0.028179,1
BA,31,0,0.337066,14
KC,31,0,0.058964,1
KCRDK,31,0,0.026955,1
KCRDKL,31,0,0.026573,1
KCU,31,0,0.024291,1
KCUD,31,0,0.024664,1
HOG,31,0,0.028456,1
HOGL,31,0,0.027828,1
BA,31,0,0.022428,3
KC,31,0,0.188299,1
KCRDK,31,0,0.02486,1
KCRDKL,31,0,0.025764,1
KCU,31,0,0.023734,1
KCUD,31,0,0.024034,1
HOG,31,0,0.026539,1
HOGL,31,0,0.02568,1
BA,31,0,0.022513,3
KC,31,0,0.192559,1
KCRDK,31,0,0.024242,1
KCRDKL,31,0,0.02662,1
KCU,31,0,0.025921,1
KCUD,31,0,0.026689,1
HOG,31,0,0.025867,1
HOGL,31,0,0.02514,1
BA,31,0,0.012093,2
KC,31,0,0.173968,1
KCRDK,31,0,0.025172,1
KCRDKL,31,0,0.025221,1
KCU,31,0,0.024548,1
KCUD,31,0,0.024124,1
HOG,31,0,0.026257,1
HOGL,31,0,0.025632,1
BA,31,0,0.013044,2
KC,31,0,0.199315,1
KCRDK,31,0,0.024673,1
KCRDKL,31,0,0.026704,1
KCU,31,0,0.025857,1
KCUD,31,0,0.026619,1
HOG,31,0,0.028821,1
HOGL,31,0,0.025467,1
BA,31,0,0.079046,7
KC,31,0,0.204534,1
KCRDK,31,0,0.044425,2
KCRDKL,31,0,0.044883,2
KCU,31,0,0.03975,2
KCUD,31,0,0.043716,2
HOG,31,0,0.048176,2
HOGL,31,0,0.046214,2
BA,31,0,0.189201,11
KC,31,0,0.060853,1
KCRDK,31,0,0.029885,1
KCRDKL,31,0,0.027464,1
KCU,31,0,0.023359,1
KCUD,31,0,0.024161,1
HOG,31,0,0.028514,1
HOGL,31,0,0.027323,1
BA,31,0,0.467708,17
KC,31,0,0.047704,1
KCRDK,31,0,0.026624,1
KCRDKL,31,0,0.026155,1
KCU,31,0,0.02362,1
KCUD,31,0,0.024265,1
HOG,31,0,0.028146,1
HOGL,31,0,0.028509,1
BA,31,0,0.047413,5
KC,31,0,0.226239,1
KCRDK,31,0,0.04374,2
KCRDKL,31,0,0.042946,2
KCU,31,0,0.040462,2
KCUD,31,0,0.040711,2
HOG,31,0,0.045809,2
HOGL,31,0,0.0454,2
BA,31,20,0.04775,5
KC,31,20,0.196712,1
KCRDK,31,20,0.044637,2
KCRDKL,31,20,0.043285,2
KCU,31,20,0.040296,2
KCUD,31,20,0.044683,2
HOG,31,20,0.046253,2
HOGL,31,20,0.044493,2
BA,31,20,0.066486,6
KC,31,20,0.203849,1
KCRDK,31,20,0.024723,1
KCRDKL,31,20,0.025284,1
KCU,31,20,0.023226,1
KCUD,31,20,0.023925,1
HOG,31,20,0.025923,1
HOGL,31,20,0.025698,1
BA,31,20,0.523135,17
KC,31,20,0.053118,1
KCRDK,31,20,0.026875,1
KCRDKL,31,20,0.026269,1
KCU,31,20,0.023893,1
KCUD,31,20,0.024516,1
HOG,31,20,0.029648,1
HOGL,31,20,0.029026,1
BA,31,20,0.033056,4
KC,31,20,0.214626,1
KCRDK,31,20,0.043991,2
KCRDKL,31,20,0.040239,2
KCU,31,20,0.039409,2
KCUD,31,20,0.041748,2
HOG,31,20,0.046169,2
HOGL,31,20,0.042884,2
BA,31,20,0.323418,14
KC,31,20,0.066134,1
KCRDK,31,20,0.026715,1
KCRDKL,31,20,0.026568,1
KCU,31,20,0.023775,1
KCUD,31,20,0.024522,1
HOG,31,20,0.028459,1
HOGL,31,20,0.029062,1
BA,31,20,0.021712,3
KC,31,20,0.1501,1
KCRDK,31,20,0.026349,1
KCRDKL,31,20,0.024671,1
KCU,31,20,0.023632,1
KCUD,31,20,0.02692,1
HOG,31,20,0.026295,1
HOGL,31,20,0.026629,1
BA,31,20,0.032878,4
KC,31,20,0.169562,1
KCRDK,31,20,0.04453,2
KCRDKL,31,20,0.043642,2
KCU,31,20,0.039777,2
KCUD,31,20,0.044002,2
HOG,31,20,0.046551,2
HOGL,31,20,0.045777,2
BA,31,20,0.02366,3
KC,31,20,0.187147,1
KCRDK,31,20,0.044029,2
KCRDKL,31,20,0.040314,2
KCU,31,20,0.041963,2
KCUD,31,20,0.04067,2
HOG,31,20,0.046337,2
HOGL,31,20,0.043019,2
BA,31,20,0.571519,18
KC,31,20,0.047366,1
KCRDK,31,20,0.025706,1
KCRDKL,31,20,0.028705,1
KCU,31,20,0.024117,1
KCUD,31,20,0.027028,1
HOG,31,20,0.029932,1
HOGL,31,20,0.028617,1
BA,31,20,0.022582,3
KC,31,20,0.241913,1
KCRDK,31,20,0.041911,2
KCRDKL,31,20,0.04139,2
KCU,31,20,0.042688,2
KCUD,31,20,0.041938,2
HOG,31,20,0.044397,2
HOGL,31,20,0.046326,2
BA,31,20,0.014141,2
KC,31,20,0.197988,1
KCRDK,31,20,0.025327,1
KCRDKL,31,20,0.025655,1
KCU,31,20,0.023815,1
KCUD,31,20,0.027038,1
HOG,31,20,0.029217,1
HOGL,31,20,0.026054,1
BA,31,20,0.338855,14
KC,31,20,0.059528,1
KCRDK,31,20,0.026955,1
KCRDKL,31,20,0.027143,1
KCU,31,20,0.024217,1
KCUD,31,20,0.024649,1
HOG,31,20,0.028565,1
HOGL,31,20,0.027975,1
BA,31,20,0.022145,3
KC,31,20,0.170304,1
KCRDK,31,20,0.025915,1
KCRDKL,31,20,0.027593,1
KCU,31,20,0.023767,1
KCUD,31,20,0.024218,1
HOG,31,20,0.026463,1
HOGL,31,20,0.026207,1
BA,31,20,0.021993,3
KC,31,20,0.297037,1
KCRDK,31,20,0.024706,1
KCRDKL,31,20,0.023993,1
KCU,31,20,0.023705,1
KCUD,31,20,0.02386,1
HOG,31,20,0.028952,1
HOGL,31,20,0.026503,1
BA,31,20,0.012347,2
KC,31,20,0.233459,1
KCRDK,31,20,0.024593,1
KCRDKL,31,20,0.024283,1
KCU,31,20,0.02338,1
KCUD,31,20,0.024341,1
HOG,31,20,0.026594,1
HOGL,31,20,0.025724,1
BA,31,20,0.013152,2
KC,31,20,0.263833,1
KCRDK,31,20,0.024792,1
KCRDKL,31,20,0.025129,1
KCU,31,20,0.023591,1
KCUD,31,20,0.024257,1
HOG,31,20,0.026251,1
HOGL,31,20,0.025815,1
BA,31,20,0.079127,7
KC,31,20,0.19518,1
KCRDK,31,20,0.045529,2
KCRDKL,31,20,0.0443,2
KCU,31,20,0.041113,2
KCUD,31,20,0.04137,2
HOG,31,20,0.048519,2
HOGL,31,20,0.047282,2
BA,31,20,0.190239,11
KC,31,20,0.064363,1
KCRDK,31,20,0.026987,1
KCRDKL,31,20,0.026374,1
KCU,31,20,0.024771,1
KCUD,31,20,0.024207,1
HOG,31,20,0.028661,1
HOGL,31,20,0.031438,1
BA,31,20,0.469684,17
KC,31,20,0.049824,1
KCRDK,31,20,0.026652,1
KCRDKL,31,20,0.026527,1
KCU,31,20,0.023628,1
KCUD,31,20,0.02451,1
HOG,31,20,0.028491,1
HOGL,31,20,0.027466,1
BA,31,20,0.047461,5
KC,31,20,0.183817,1
KCRDK,31,20,0.041485,2
KCRDKL,31,20,0.041023,2
KCU,31,20,0.042127,2
KCUD,31,20,0.041349,2
HOG,31,20,0.046413,2
HOGL,31,20,0.04596,2
BA,31,40,0.047843,5
KC,31,40,0.175866,1
KCRDK,31,40,0.043443,2
KCRDKL,31,40,0.046174,2
KCU,31,40,0.043594,2
KCUD,31,40,0.043163,2
HOG,31,40,0.048305,2
HOGL,31,40,0.04365,2
BA,31,40,0.066671,6
KC,31,40,0.16744,1
KCRDK,31,40,0.025603,1
KCRDKL,31,40,0.024555,1
KCU,31,40,0.023483,1
KCUD,31,40,0.024164,1
HOG,31,40,0.026532,1
HOGL,31,40,0.025762,1
BA,31,40,0.526049,17
KC,31,40,0.055014,1
KCRDK,31,40,0.029911,1
KCRDKL,31,40,0.027084,1
KCU,31,40,0.025133,1
KCUD,31,40,0.02468,1
HOG,31,40,0.031256,1
HOGL,31,40,0.031771,1
BA,31,40,0.032825,4
KC,31,40,0.24626,1
KCRDK,31,40,0.040963,2
KCRDKL,31,40,0.043658,2
KCU,31,40,0.042045,2
KCUD,31,40,0.041855,2
HOG,31,40,0.043476,2
HOGL,31,40,0.045207,2
BA,31,40,0.323641,14
KC,31,40,0.061917,1
KCRDK,31,40,0.02712,1
KCRDKL,31,40,0.026394,1
KCU,31,40,0.026167,1
KCUD,31,40,0.024304,1
HOG,31,40,0.028004,1
HOGL,31,40,0.027368,1
BA,31,40,0.02157,3
KC,31,40,0.203605,1
KCRDK,31,40,0.024998,1
KCRDKL,31,40,0.024257,1
KCU,31,40,0.024732,1
KCUD,31,40,0.023984,1
HOG,31,40,0.026097,1
HOGL,31,40,0.0261,1
BA,31,40,0.032665,4
KC,31,40,0.20961,1
KCRDK,31,40,0.041074,2
KCRDKL,31,40,0.042948,2
KCU,31,40,0.039206,2
KCUD,31,40,0.041202,2
HOG,31,40,0.046458,2
HOGL,31,40,0.045971,2
BA,31,40,0.022252,3
KC,31,40,0.196975,1
KCRDK,31,40,0.04142,2
KCRDKL,31,40,0.040846,2
KCU,31,40,0.042434,2
KCUD,31,40,0.041881,2
HOG,31,40,0.046033,2
HOGL,31,40,0.046422,2
BA,31,40,0.572679,18
KC,31,40,0.04775,1
KCRDK,31,40,0.025434,1
KCRDKL,31,40,0.027532,1
KCU,31,40,0.026517,1
KCUD,31,40,0.024314,1
HOG,31,40,0.029697,1
HOGL,31,40,0.028296,1
BA,31,40,0.022372,3
KC,31,40,0.206137,1
KCRDK,31,40,0.042001,2
KCRDKL,31,40,0.041089,2
KCU,31,40,0.042116,2
KCUD,31,40,0.103652,2
HOG,31,40,0.043882,2
HOGL,31,40,0.046778,2
BA,31,40,0.012841,2
KC,31,40,0.187667,1
KCRDK,31,40,0.028955,1
KCRDKL,31,40,0.025388,1
KCU,31,40,0.023253,1
KCUD,31,40,0.028637,1
HOG,31,40,0.026923,1
HOGL,31,40,0.028174,1
BA,31,40,0.337479,14
KC,31,40,0.060093,1
KCRDK,31,40,0.029479,1
KCRDKL,31,40,0.026805,1
KCU,31,40,0.023756,1
KCUD,31,40,0.024662,1
HOG,31,40,0.029646,1
HOGL,31,40,0.027697,1
BA,31,40,0.02221,3
KC,31,40,0.205383,1
KCRDK,31,40,0.024878,1
KCRDKL,31,40,0.026936,1
KCU,31,40,0.026224,1
KCUD,31,40,0.026959,1
HOG,31,40,0.029505,1
HOGL,31,40,0.0271,1
BA,31,40,0.022351,3
KC,31,40,0.229736,1
KCRDK,31,40,0.02461,1
KCRDKL,31,40,0.025072,1
KCU,31,40,0.024767,1
KCUD,31,40,0.024063,1
HOG,31,40,0.026145,1
HOGL,31,40,0.025531,1
BA,31,40,0.013897,2
KC,31,40,0.188498,1
KCRDK,31,40,0.028199,1
KCRDKL,31,40,0.026416,1
KCU,31,40,0.023455,1
KCUD,31,40,0.025594,1
HOG,31,40,0.02919,1
HOGL,31,40,0.026043,1
BA,31,40,0.013607,2
KC,31,40,0.178871,1
KCRDK,31,40,0.026228,1
KCRDKL,31,40,0.024408,1
KCU,31,40,0.023504,1
KCUD,31,40,0.02472,1
HOG,31,40,0.026501,1
HOGL,31,40,0.025825,1
BA,31,40,0.07947,7
KC,31,40,0.178432,1
KCRDK,31,40,0.04447,2
KCRDKL,31,40,0.045588,2
KCU,31,40,0.042588,2
KCUD,31,40,0.044094,2
HOG,31,40,0.048814,2
HOGL,31,40,0.044101,2
BA,31,40,0.189531,11
KC,31,40,0.065166,1
KCRDK,31,40,0.026777,1
KCRDKL,31,40,0.029231,1
KCU,31,40,0.023757,1
KCUD,31,40,0.024303,1
HOG,31,40,0.029094,1
HOGL,31,40,0.027509,1
BA,31,40,0.468965,17
KC,31,40,0.049147,1
KCRDK,31,40,0.027377,1
KCRDKL,31,40,0.028781,1
KCU,31,40,0.023952,1
KCUD,31,40,0.024428,1
HOG,31,40,0.028327,1
HOGL,31,40,0.030014,1
BA,31,40,0.047467,5
KC,31,40,0.23374,1
KCRDK,31,40,0.041673,2
KCRDKL,31,40,0.041602,2
KCU,31,40,0.039893,2
KCUD,31,40,0.043937,2
HOG,31,40,0.043509,2
HOGL,31,40,0.043392,2
BA,31,60,0.04785,5
KC,31,60,0.208505,1
KCRDK,31,60,0.0421,2
KCRDKL,31,60,0.04178,2
KCU,31,60,0.04,2
KCUD,31,60,0.045266,2
HOG,31,60,0.04701,2
HOGL,31,60,0.046533,2
BA,31,60,0.066586,6
KC,31,60,0.192841,1
KCRDK,31,60,0.024724,1
KCRDKL,31,60,0.02687,1
KCU,31,60,0.023679,1
KCUD,31,60,0.024078,1
HOG,31,60,0.026233,1
HOGL,31,60,0.025612,1
BA,31,60,0.526296,17
KC,31,60,0.055843,1
KCRDK,31,60,0.027149,1
KCRDKL,31,60,0.027965,1
KCU,31,60,0.023894,1
KCUD,31,60,0.02446,1
HOG,31,60,0.028566,1
HOGL,31,60,0.027798,1
BA,31,60,0.032914,4
KC,31,60,0.218937,1
KCRDK,31,60,0.041262,2
KCRDKL,31,60,0.040753,2
KCU,31,60,0.042213,2
KCUD,31,60,0.041727,2
HOG,31,60,0.043554,2
HOGL,31,60,0.042707,2
BA,31,60,0.323125,14
KC,31,60,0.070981,1
KCRDK,31,60,0.030698,1
KCRDKL,31,60,0.027798,1
KCU,31,60,0.023689,1
KCUD,31,60,0.027035,1
HOG,31,60,0.028127,1
HOGL,31,60,0.027435,1
BA,31,60,0.021621,3
KC,31,60,0.182959,1
KCRDK,31,60,0.02642,1
KCRDKL,31,60,0.02448,1
KCU,31,60,0.023221,1
KCUD,31,60,0.023914,1
HOG,31,60,0.029467,1
HOGL,31,60,0.027774,1
BA,31,60,0.032681,4
KC,31,60,0.19521,1
KCRDK,31,60,0.041281,2
KCRDKL,31,60,0.043464,2
KCU,31,60,0.04244,2
KCUD,31,60,0.041555,2
HOG,31,60,0.046653,2
HOGL,31,60,0.046266,2
BA,31,60,0.023732,3
KC,31,60,0.290674,1
KCRDK,31,60,0.041763,2
KCRDKL,31,60,0.043286,2
KCU,31,60,0.043695,2
KCUD,31,60,0.042141,2
HOG,31,60,0.045494,2
HOGL,31,60,0.04594,2
BA,31,60,0.571967,18
KC,31,60,0.047706,1
KCRDK,31,60,0.028433,1
KCRDKL,31,60,0.027999,1
KCU,31,60,0.026575,1
KCUD,31,60,0.024731,1
HOG,31,60,0.027169,1
HOGL,31,60,0.025886,1
BA,31,60,0.02252,3
KC,31,60,0.219798,1
KCRDK,31,60,0.042182,2
KCRDKL,31,60,0.041674,2
KCU,31,60,0.040189,2
KCUD,31,60,0.041965,2
HOG,31,60,0.04838,2
HOGL,31,60,0.044014,2
BA,31,60,0.012825,2
KC,31,60,0.222474,1
KCRDK,31,60,0.026798,1
KCRDKL,31,60,0.024537,1
KCU,31,60,0.023603,1
KCUD,31,60,0.024615,1
HOG,31,60,0.030393,1
HOGL,31,60,0.026497,1
BA,31,60,0.336666,14
KC,31,60,0.068909,1
KCRDK,31,60,0.02971,1
KCRDKL,31,60,0.026612,1
KCU,31,60,0.025184,1
KCUD,31,60,0.024717,1
HOG,31,60,0.028622,1
HOGL,31,60,0.027745,1
BA,31,60,0.022282,3
KC,31,60,0.153023,1
KCRDK,31,60,0.025163,1
KCRDKL,31,60,0.024526,1
KCU,31,60,0.023639,1
KCUD,31,60,0.026929,1
HOG,31,60,0.029349,1
HOGL,31,60,0.026688,1
BA,31,60,0.022039,3
KC,31,60,0.173688,1
KCRDK,31,60,0.024511,1
KCRDKL,31,60,0.026624,1
KCU,31,60,0.023197,1
KCUD,31,60,0.023683,1
HOG,31,60,0.025924,1
HOGL,31,60,0.025561,1
BA,31,60,0.012099,2
KC,31,60,0.173542,1
KCRDK,31,60,0.024729,1
KCRDKL,31,60,0.02433,1
KCU,31,60,0.02335,1
KCUD,31,60,0.02416,1
HOG,31,60,0.026227,1
HOGL,31,60,0.025696,1
BA,31,60,0.013136,2
KC,31,60,0.241124,1
KCRDK,31,60,0.024484,1
KCRDKL,31,60,0.025228,1
KCU,31,60,0.023426,1
KCUD,31,60,0.024284,1
HOG,31,60,0.026275,1
HOGL,31,60,0.026767,1
BA,31,60,0.079229,7
KC,31,60,0.20651,1
KCRDK,31,60,0.044414,2
KCRDKL,31,60,0.042825,2
KCU,31,60,0.043102,2
KCUD,31,60,0.044125,2
HOG,31,60,0.048808,2
HOGL,31,60,0.044429,2
BA,31,60,0.190253,11
KC,31,60,0.076592,1
KCRDK,31,60,0.030321,1
KCRDKL,31,60,0.026803,1
KCU,31,60,0.024031,1
KCUD,31,60,0.024649,1
HOG,31,60,0.029158,1
HOGL,31,60,0.027681,1
BA,31,60,0.47039,17
KC,31,60,0.054532,1
KCRDK,31,60,0.027033,1
KCRDKL,31,60,0.02668,1
KCU,31,60,0.023898,1
KCUD,31,60,0.024577,1
HOG,31,60,0.028328,1
HOGL,31,60,0.028639,1
BA,31,60,0.047874,5
KC,31,60,0.220371,1
KCRDK,31,60,0.04158,2
KCRDKL,31,60,0.043162,2
KCU,31,60,0.039788,2
KCUD,31,60,0.041021,2
HOG,31,60,0.083337,2
HOGL,31,60,0.045113,2
BA,31,80,0.047715,5
KC,31,80,0.212085,1
KCRDK,31,80,0.042627,2
KCRDKL,31,80,0.042031,2
KCU,31,80,0.040281,2
KCUD,31,80,0.042582,2
HOG,31,80,0.044444,2
HOGL,31,80,0.043757,2
BA,31,80,0.066791,6
KC,31,80,0.195228,1
KCRDK,31,80,0.024955,1
KCRDKL,31,80,0.027027,1
KCU,31,80,0.023526,1
KCUD,31,80,0.026729,1
HOG,31,80,0.029012,1
HOGL,31,80,0.028682,1
BA,31,80,0.524244,17
KC,31,80,0.055413,1
KCRDK,31,80,0.027122,1
KCRDKL,31,80,0.029536,1
KCU,31,80,0.024284,1
KCUD,31,80,0.02462,1
HOG,31,80,0.028641,1
HOGL,31,80,0.030565,1
BA,31,80,0.033013,4
KC,31,80,0.230119,1
KCRDK,31,80,0.041276,2
KCRDKL,31,80,0.040799,2
KCU,31,80,0.042472,2
KCUD,31,80,0.044652,2
HOG,31,80,0.046252,2
HOGL,31,80,0.044444,2
BA,31,80,0.323642,14
KC,31,80,0.062886,1
KCRDK,31,80,0.02985,1
KCRDKL,31,80,0.026908,1
KCU,31,80,0.02377,1
KCUD,31,80,0.024761,1
HOG,31,80,0.02968,1
HOGL,31,80,0.027977,1
BA,31,80,0.021945,3
KC,31,80,0.18054,1
KCRDK,31,80,0.028133,1
KCRDKL,31,80,0.024776,1
KCU,31,80,0.023628,1
KCUD,31,80,0.024456,1
HOG,31,80,0.02922,1
HOGL,31,80,0.02609,1
BA,31,80,0.032794,4
KC,31,80,0.181786,1
KCRDK,31,80,0.041887,2
KCRDKL,31,80,0.044944,2
KCU,31,80,0.040142,2
KCUD,31,80,0.041782,2
HOG,31,80,0.046897,2
HOGL,31,80,0.043783,2
BA,31,80,0.022452,3
KC,31,80,0.231943,1
KCRDK,31,80,0.0413,2
KCRDKL,31,80,0.040408,2
KCU,31,80,0.04199,2
KCUD,31,80,0.043302,2
HOG,31,80,0.04633,2
HOGL,31,80,0.043015,2
BA,31,80,0.570772,18
KC,31,80,0.04713,1
KCRDK,31,80,0.026089,1
KCRDKL,31,80,0.025226,1
KCU,31,80,0.023773,1
KCUD,31,80,0.025867,1
HOG,31,80,0.02698,1
HOGL,31,80,0.025417,1
BA,31,80,0.022273,3
KC,31,80,0.260168,1
KCRDK,31,80,0.041795,2
KCRDKL,31,80,0.043359,2
KCU,31,80,0.042076,2
KCUD,31,80,0.044231,2
HOG,31,80,0.046541,2
HOGL,31,80,0.046193,2
BA,31,80,0.012789,2
KC,31,80,0.23559,1
KCRDK,31,80,0.024857,1
KCRDKL,31,80,0.024349,1
KCU,31,80,0.023393,1
KCUD,31,80,0.026856,1
HOG,31,80,0.026348,1
HOGL,31,80,0.029225,1
BA,31,80,0.336392,14
KC,31,80,0.062527,1
KCRDK,31,80,0.026957,1
KCRDKL,31,80,0.026568,1
KCU,31,80,0.026644,1
KCUD,31,80,0.024767,1
HOG,31,80,0.031052,1
HOGL,31,80,0.027648,1
BA,31,80,0.022185,3
KC,31,80,0.188765,1
KCRDK,31,80,0.024694,1
KCRDKL,31,80,0.024546,1
KCU,31,80,0.023221,1
KCUD,31,80,0.023755,1
HOG,31,80,0.026188,1
HOGL,31,80,0.025677,1
BA,31,80,0.021904,3
KC,31,80,0.198107,1
KCRDK,31,80,0.0244,1
KCRDKL,31,80,0.023999,1
KCU,31,80,0.023225,1
KCUD,31,80,0.023698,1
HOG,31,80,0.026127,1
HOGL,31,80,0.025984,1
BA,31,80,0.012327,2
KC,31,80,0.266413,1
KCRDK,31,80,0.025421,1
KCRDKL,31,80,0.025383,1
KCU,31,80,0.023522,1
KCUD,31,80,0.024278,1
HOG,31,80,0.026498,1
HOGL,31,80,0.026009,1
BA,31,80,0.013519,2
KC,31,80,0.215491,1
KCRDK,31,80,0.024823,1
KCRDKL,31,80,0.02697,1
KCU,31,80,0.023367,1
KCUD,31,80,0.026725,1
HOG,31,80,0.026242,1
HOGL,31,80,0.025625,1
BA,31,80,0.079179,7
KC,31,80,0.218302,1
KCRDK,31,80,0.044489,2
KCRDKL,31,80,0.042926,2
KCU,31,80,0.042581,2
KCUD,31,80,0.043848,2
HOG,31,80,0.048403,2
HOGL,31,80,0.046444,2
BA,31,80,0.189744,11
KC,31,80,0.073431,1
KCRDK,31,80,0.027154,1
KCRDKL,31,80,0.026415,1
KCU,31,80,0.023812,1
KCUD,31,80,0.02413,1
HOG,31,80,0.028959,1
HOGL,31,80,0.027477,1
BA,31,80,0.469599,17
KC,31,80,0.048152,1
KCRDK,31,80,0.029384,1
KCRDKL,31,80,0.030518,1
KCU,31,80,0.025112,1
KCUD,31,80,0.024487,1
HOG,31,80,0.031137,1
HOGL,31,80,0.027346,1
BA,31,80,0.064377,5
KC,31,80,0.175622,1
KCRDK,31,80,0.041641,2
KCRDKL,31,80,0.040659,2
KCU,31,80,0.039518,2
KCUD,31,80,0.040824,2
HOG,31,80,0.043566,2
HOGL,31,80,0.045661,2
BA,31,100,0.047677,5
KC,31,100,0.137998,1
KCRDK,31,100,0.045282,2
KCRDKL,31,100,0.044607,2
KCU,31,100,0.042601,2
KCUD,31,100,0.045914,2
HOG,31,100,0.047411,2
HOGL,31,100,0.047246,2
BA,31,100,0.067854,6
KC,31,100,0.160732,1
KCRDK,31,100,0.024865,1
KCRDKL,31,100,0.024472,1
KCU,31,100,0.023415,1
KCUD,31,100,0.023935,1
HOG,31,100,0.02897,1
HOGL,31,100,0.029488,1
BA,31,100,0.525053,17
KC,31,100,0.030965,1
KCRDK,31,100,0.0316,1
KCRDKL,31,100,0.02679,1
KCU,31,100,0.026222,1
KCUD,31,100,0.027174,1
HOG,31,100,0.032388,1
HOGL,31,100,0.030507,1
BA,31,100,0.032984,4
KC,31,100,0.240072,1
KCRDK,31,100,0.041342,2
KCRDKL,31,100,0.043169,2
KCU,31,100,0.039792,2
KCUD,31,100,0.044615,2
HOG,31,100,0.046638,2
HOGL,31,100,0.045847,2
BA,31,100,0.323188,14
KC,31,100,0.040627,1
KCRDK,31,100,0.028466,1
KCRDKL,31,100,0.026989,1
KCU,31,100,0.0238,1
KCUD,31,100,0.024714,1
HOG,31,100,0.030765,1
HOGL,31,100,0.029239,1
BA,31,100,0.021614,3
KC,31,100,0.161534,1
KCRDK,31,100,0.025145,1
KCRDKL,31,100,0.027244,1
KCU,31,100,0.023473,1
KCUD,31,100,0.024294,1
HOG,31,100,0.026309,1
HOGL,31,100,0.026485,1
BA,31,100,0.032686,4
KC,31,100,0.187746,1
KCRDK,31,100,0.041704,2
KCRDKL,31,100,0.040858,2
KCU,31,100,0.042129,2
KCUD,31,100,0.043682,2
HOG,31,100,0.046912,2
HOGL,31,100,0.042828,2
BA,31,100,0.022406,3
KC,31,100,0.214685,1
KCRDK,31,100,0.041548,2
KCRDKL,31,100,0.043361,2
KCU,31,100,0.042706,2
KCUD,31,100,0.043367,2
HOG,31,100,0.046514,2
HOGL,31,100,0.04556,2
BA,31,100,0.571704,18
KC,31,100,0.024549,1
KCRDK,31,100,0.025817,1
KCRDKL,31,100,0.026447,1
KCU,31,100,0.025122,1
KCUD,31,100,0.024545,1
HOG,31,100,0.027445,1
HOGL,31,100,0.02554,1
BA,31,100,0.023616,3
KC,31,100,0.172065,1
KCRDK,31,100,0.041959,2
KCRDKL,31,100,0.043759,2
KCU,31,100,0.042352,2
KCUD,31,100,0.041778,2
HOG,31,100,0.044479,2
HOGL,31,100,0.046526,2
BA,31,100,0.012942,2
KC,31,100,0.216535,1
KCRDK,31,100,0.028029,1
KCRDKL,31,100,0.024568,1
KCU,31,100,0.02363,1
KCUD,31,100,0.027184,1
HOG,31,100,0.029496,1
HOGL,31,100,0.026332,1
BA,31,100,0.338705,14
KC,31,100,0.044417,1
KCRDK,31,100,0.028879,1
KCRDKL,31,100,0.026551,1
KCU,31,100,0.023988,1
KCUD,31,100,0.024717,1
HOG,31,100,0.029466,1
HOGL,31,100,0.027707,1
BA,31,100,0.023499,3
KC,31,100,0.165346,1
KCRDK,31,100,0.027751,1
KCRDKL,31,100,0.027423,1
KCU,31,100,0.02346,1
KCUD,31,100,0.026838,1
HOG,31,100,0.027106,1
HOGL,31,100,0.026768,1
BA,31,100,0.022218,3
KC,31,100,0.158964,1
KCRDK,31,100,0.02592,1
KCRDKL,31,100,0.025357,1
KCU,31,100,0.023433,1
KCUD,31,100,0.024778,1
HOG,31,100,0.025936,1
HOGL,31,100,0.02547,1
BA,31,100,0.012211,2
KC,31,100,0.18161,1
KCRDK,31,100,0.024749,1
KCRDKL,31,100,0.026948,1
KCU,31,100,0.023411,1
KCUD,31,100,0.024294,1
HOG,31,100,0.026407,1
HOGL,31,100,0.026051,1
BA,31,100,0.0131,2
KC,31,100,0.202615,1
KCRDK,31,100,0.025624,1
KCRDKL,31,100,0.02557,1
KCU,31,100,0.023502,1
KCUD,31,100,0.024224,1
HOG,31,100,0.026665,1
HOGL,31,100,0.025948,1
BA,31,100,0.079526,7
KC,31,100,0.194696,1
KCRDK,31,100,0.043984,2
KCRDKL,31,100,0.042815,2
KCU,31,100,0.040107,2
KCUD,31,100,0.041631,2
HOG,31,100,0.04547,2
HOGL,31,100,0.04703,2
BA,31,100,0.190053,11
KC,31,100,0.04402,1
KCRDK,31,100,0.028352,1
KCRDKL,31,100,0.026349,1
KCU,31,100,0.023717,1
KCUD,31,100,0.024221,1
HOG,31,100,0.029642,1
HOGL,31,100,0.030245,1
BA,31,100,0.469419,17
KC,31,100,0.030874,1
KCRDK,31,100,0.032328,1
KCRDKL,31,100,0.026636,1
KCU,31,100,0.023842,1
KCUD,31,100,0.024383,1
HOG,31,100,0.03173,1
HOGL,31,100,0.027385,1
BA,31,100,0.047715,5
KC,31,100,0.172444,1
KCRDK,31,100,0.041631,2
KCRDKL,31,100,4.1988,2
KCU,31,100,0.044022,2
KCUD,31,100,0.046372,2
HOG,31,100,0.052884,2
HOGL,31,100,0.051916,2
BA,41,0,0.074316,5
KC,41,0,0.211656,1
KCRDK,41,0,0.094826,2
KCRDKL,41,0,0.088506,2
KCU,41,0,0.091053,2
KCUD,41,0,0.085793,2
HOG,41,0,0.093484,2
HOGL,41,0,0.09752,2
BA,41,0,0.099313,6
KC,41,0,0.165031,1
KCRDK,41,0,0.051542,1
KCRDKL,41,0,0.050218,1
KCU,41,0,0.046926,1
KCUD,41,0,0.049969,1
HOG,41,0,0.054671,1
HOGL,41,0,0.053929,1
BA,41,0,11.725,16
KC,41,0,0.145144,1
KCRDK,41,0,0.064652,1
KCRDKL,41,0,0.062718,1
KCU,41,0,0.050279,1
KCUD,41,0,0.056496,1
HOG,41,0,0.054839,1
HOGL,41,0,0.0563,1
BA,41,0,0.05433,4
KC,41,0,0.256372,1
KCRDK,41,0,0.084885,2
KCRDKL,41,0,0.092048,2
KCU,41,0,0.088704,2
KCUD,41,0,0.093245,2
HOG,41,0,0.0976,2
HOGL,41,0,0.095175,2
BA,41,0,0.360212,13
KC,41,0,0.198096,1
KCRDK,41,0,0.051029,1
KCRDKL,41,0,0.04497,1
KCU,41,0,0.041942,1
KCUD,41,0,0.042448,1
HOG,41,0,0.046382,1
HOGL,41,0,0.046057,1
BA,41,0,0.031794,3
KC,41,0,0.254305,1
KCRDK,41,0,0.043461,1
KCRDKL,41,0,0.041976,1
KCU,41,0,0.040715,1
KCUD,41,0,0.046783,1
HOG,41,0,0.044058,1
HOGL,41,0,0.043963,1
BA,41,0,0.046266,4
KC,41,0,0.250456,1
KCRDK,41,0,0.072497,2
KCRDKL,41,0,0.079448,2
KCU,41,0,0.070708,2
KCUD,41,0,0.072157,2
HOG,41,0,0.075027,2
HOGL,41,0,0.079904,2
BA,41,0,0.086137,6
KC,41,0,0.269962,1
KCRDK,41,0,0.169246,5
KCRDKL,41,0,0.191022,6
KCU,41,0,0.162981,5
KCUD,41,0,0.076139,2
HOG,41,0,0.172489,5
HOGL,41,0,0.194909,6
BA,41,0,1.66475,19
KC,41,0,0.08592,1
KCRDK,41,0,0.050229,1
KCRDKL,41,0,0.05002,1
KCU,41,0,0.041606,1
KCUD,41,0,0.041971,1
HOG,41,0,0.046349,1
HOGL,41,0,0.046122,1
BA,41,0,0.032359,3
KC,41,0,0.249981,1
KCRDK,41,0,0.072964,2
KCRDKL,41,0,0.076637,2
KCU,41,0,0.074899,2
KCUD,41,0,0.077737,2
HOG,41,0,0.080835,2
HOGL,41,0,0.079679,2
BA,41,0,0.019224,2
KC,41,0,0.229226,1
KCRDK,41,0,0.042757,1
KCRDKL,41,0,0.0419,1
KCU,41,0,0.041045,1
KCUD,41,0,0.041776,1
HOG,41,0,0.044492,1
HOGL,41,0,0.046143,1
BA,41,0,0.283405,12
KC,41,0,0.095356,1
KCRDK,41,0,0.044681,1
KCRDKL,41,0,0.0471,1
KCU,41,0,0.041894,1
KCUD,41,0,0.042458,1
HOG,41,0,0.046555,1
HOGL,41,0,0.045366,1
BA,41,0,0.047378,4
KC,41,0,0.202145,1
KCRDK,41,0,0.047955,1
KCRDKL,41,0,0.047177,1
KCU,41,0,0.046478,1
KCUD,41,0,0.047072,1
HOG,41,0,0.050018,1
HOGL,41,0,0.049552,1
BA,41,0,0.032599,3
KC,41,0,0.244236,1
KCRDK,41,0,0.04794,1
KCRDKL,41,0,0.041876,1
KCU,41,0,0.040537,1
KCUD,41,0,0.041616,1
HOG,41,0,0.044137,1
HOGL,41,0,0.043568,1
BA,41,0,0.018701,2
KC,41,0,0.231157,1
KCRDK,41,0,0.043197,1
KCRDKL,41,0,0.041968,1
KCU,41,0,0.043093,1
KCUD,41,0,0.041924,1
HOG,41,0,0.043895,1
HOGL,41,0,0.043589,1
BA,41,0,0.019624,2
KC,41,0,0.228043,1
KCRDK,41,0,0.047908,1
KCRDKL,41,0,0.041671,1
KCU,41,0,0.04079,1
KCUD,41,0,0.041896,1
HOG,41,0,0.044617,1
HOGL,41,0,0.043269,1
BA,41,0,0.104506,7
KC,41,0,0.230096,1
KCRDK,41,0,0.075407,2
KCRDKL,41,0,0.078746,2
KCU,41,0,0.075756,2
KCUD,41,0,0.07736,2
HOG,41,0,0.082511,2
HOGL,41,0,0.080445,2
BA,41,0,0.225692,11
KC,41,0,0.090808,1
KCRDK,41,0,0.05042,1
KCRDKL,41,0,0.048887,1
KCU,41,0,0.046324,1
KCUD,41,0,0.041676,1
HOG,41,0,0.046745,1
HOGL,41,0,0.045275,1
BA,41,0,0.549391,17
KC,41,0,0.090463,1
KCRDK,41,0,0.044247,1
KCRDKL,41,0,0.044322,1
KCU,41,0,0.041177,1
KCUD,41,0,0.042129,1
HOG,41,0,0.048588,1
HOGL,41,0,0.045537,1
BA,41,0,0.047516,4
KC,41,0,0.22807,1
KCRDK,41,0,0.161213,5
KCRDKL,41,0,0.070819,2
KCU,41,0,0.162429,5
KCUD,41,0,0.076792,2
HOG,41,0,0.167105,5
HOGL,41,0,0.073671,2
BA,41,20,0.065779,5
KC,41,20,0.232411,1
KCRDK,41,20,0.073702,2
KCRDKL,41,20,0.078667,2
KCU,41,20,0.077017,2
KCUD,41,20,0.080287,2
HOG,41,20,0.081304,2
HOGL,41,20,0.082212,2
BA,41,20,0.087298,6
KC,41,20,0.308287,1
KCRDK,41,20,0.048121,1
KCRDKL,41,20,0.041476,1
KCU,41,20,0.040839,1
KCUD,41,20,0.041979,1
HOG,41,20,0.045173,1
HOGL,41,20,0.04379,1
BA,41,20,0.515292,16
KC,41,20,0.153087,1
KCRDK,41,20,0.045015,1
KCRDKL,41,20,0.044694,1
KCU,41,20,0.04215,1
KCUD,41,20,0.042459,1
HOG,41,20,0.046625,1
HOGL,41,20,0.048529,1
BA,41,20,0.046667,4
KC,41,20,0.279273,1
KCRDK,41,20,0.072184,2
KCRDKL,41,20,0.076423,2
KCU,41,20,0.075262,2
KCUD,41,20,0.073368,2
HOG,41,20,0.08116,2
HOGL,41,20,0.079249,2
BA,41,20,0.329813,13
KC,41,20,0.147859,1
KCRDK,41,20,0.050894,1
KCRDKL,41,20,0.044517,1
KCU,41,20,0.041423,1
KCUD,41,20,0.043372,1
HOG,41,20,0.046717,1
HOGL,41,20,0.046473,1
BA,41,20,0.032145,3
KC,41,20,0.2258,1
KCRDK,41,20,0.043243,1
KCRDKL,41,20,0.042963,1
KCU,41,20,0.041068,1
KCUD,41,20,0.042478,1
HOG,41,20,0.04562,1
HOGL,41,20,0.043992,1
BA,41,20,0.046768,4
KC,41,20,0.276717,1
KCRDK,41,20,0.075114,2
KCRDKL,41,20,0.074016,2
KCU,41,20,0.074582,2
KCUD,41,20,0.074095,2
HOG,41,20,0.077147,2
HOGL,41,20,0.081001,2
BA,41,20,0.087032,6
KC,41,20,0.28209,1
KCRDK,41,20,0.166785,5
KCRDKL,41,20,0.194823,6
KCU,41,20,0.16108,5
KCUD,41,20,0.078683,2
HOG,41,20,0.176777,5
HOGL,41,20,0.198911,6
BA,41,20,2.46217,19
KC,41,20,0.221592,1
KCRDK,41,20,0.046429,1
KCRDKL,41,20,0.044862,1
KCU,41,20,0.041657,1
KCUD,41,20,0.043247,1
HOG,41,20,0.047589,1
HOGL,41,20,0.046627,1
BA,41,20,0.033121,3
KC,41,20,0.23651,1
KCRDK,41,20,0.074356,2
KCRDKL,41,20,0.079073,2
KCU,41,20,0.071699,2
KCUD,41,20,0.079527,2
HOG,41,20,0.082712,2
HOGL,41,20,0.081654,2
BA,41,20,0.020045,2
KC,41,20,0.198389,1
KCRDK,41,20,0.043504,1
KCRDKL,41,20,0.042654,1
KCU,41,20,0.047343,1
KCUD,41,20,0.043001,1
HOG,41,20,0.046104,1
HOGL,41,20,0.045072,1
BA,41,20,0.286818,12
KC,41,20,0.102631,1
KCRDK,41,20,0.047542,1
KCRDKL,41,20,0.051602,1
KCU,41,20,0.045471,1
KCUD,41,20,0.046541,1
HOG,41,20,0.051873,1
HOGL,41,20,0.051124,1
BA,41,20,0.05116,4
KC,41,20,0.244149,1
KCRDK,41,20,0.046931,1
KCRDKL,41,20,0.045911,1
KCU,41,20,0.043503,1
KCUD,41,20,0.044977,1
HOG,41,20,0.04745,1
HOGL,41,20,0.047238,1
BA,41,20,0.033898,3
KC,41,20,0.278078,1
KCRDK,41,20,0.045435,1
KCRDKL,41,20,0.045384,1
KCU,41,20,0.042756,1
KCUD,41,20,0.041962,1
HOG,41,20,0.044486,1
HOGL,41,20,0.044082,1
BA,41,20,0.019466,2
KC,41,20,0.239505,1
KCRDK,41,20,0.043254,1
KCRDKL,41,20,0.04466,1
KCU,41,20,0.041999,1
KCUD,41,20,0.042565,1
HOG,41,20,0.044759,1
HOGL,41,20,0.044832,1
BA,41,20,0.022138,2
KC,41,20,0.22904,1
KCRDK,41,20,0.048581,1
KCRDKL,41,20,0.043366,1
KCU,41,20,0.041687,1
KCUD,41,20,0.042995,1
HOG,41,20,0.045152,1
HOGL,41,20,0.049828,1
BA,41,20,0.105165,7
KC,41,20,13.6688,1
KCRDK,41,20,0.075458,2
KCRDKL,41,20,0.078607,2
KCU,41,20,0.070393,2
KCUD,41,20,0.073123,2
HOG,41,20,0.083388,2
HOGL,41,20,0.075771,2
BA,41,20,0.225872,11
KC,41,20,0.096654,1
KCRDK,41,20,0.045113,1
KCRDKL,41,20,0.049898,1
KCU,41,20,0.047351,1
KCUD,41,20,0.047399,1
HOG,41,20,0.054724,1
HOGL,41,20,0.046125,1
BA,41,20,0.551873,17
KC,41,20,0.089709,1
KCRDK,41,20,0.222104,1
KCRDKL,41,20,0.044083,1
KCU,41,20,0.04616,1
KCUD,41,20,0.047332,1
HOG,41,20,0.046208,1
HOGL,41,20,0.045594,1
BA,41,20,0.048519,4
KC,41,20,0.248857,1
KCRDK,41,20,0.169979,5
KCRDKL,41,20,0.077248,2
KCU,41,20,0.165529,5
KCUD,41,20,0.077231,2
HOG,41,20,0.175715,5
HOGL,41,20,0.074201,2
BA,41,40,0.065549,5
KC,41,40,0.229221,1
KCRDK,41,40,0.076337,2
KCRDKL,41,40,0.073929,2
KCU,41,40,0.076987,2
KCUD,41,40,0.074474,2
HOG,41,40,0.082117,2
HOGL,41,40,0.080941,2
BA,41,40,0.088754,6
KC,41,40,0.327215,1
KCRDK,41,40,0.043376,1
KCRDKL,41,40,0.047909,1
KCU,41,40,0.049011,1
KCUD,41,40,0.042915,1
HOG,41,40,0.050301,1
HOGL,41,40,0.049877,1
BA,41,40,0.515838,16
KC,41,40,0.111917,1
KCRDK,41,40,0.045506,1
KCRDKL,41,40,0.04548,1
KCU,41,40,0.041968,1
KCUD,41,40,0.043217,1
HOG,41,40,0.046987,1
HOGL,41,40,0.047191,1
BA,41,40,0.046757,4
KC,41,40,0.338175,1
KCRDK,41,40,0.073333,2
KCRDKL,41,40,0.07753,2
KCU,41,40,0.071341,2
KCUD,41,40,0.078871,2
HOG,41,40,0.075272,2
HOGL,41,40,0.07448,2
BA,41,40,0.350922,13
KC,41,40,0.174098,1
KCRDK,41,40,0.051844,1
KCRDKL,41,40,0.049874,1
KCU,41,40,0.047471,1
KCUD,41,40,0.048091,1
HOG,41,40,0.051855,1
HOGL,41,40,0.051193,1
BA,41,40,0.031784,3
KC,41,40,0.245807,1
KCRDK,41,40,0.050961,1
KCRDKL,41,40,0.042643,1
KCU,41,40,0.041567,1
KCUD,41,40,0.042455,1
HOG,41,40,0.045432,1
HOGL,41,40,0.04458,1
BA,41,40,0.046879,4
KC,41,40,0.206674,1
KCRDK,41,40,0.079445,2
KCRDKL,41,40,0.072505,2
KCU,41,40,0.071266,2
KCUD,41,40,0.078952,2
HOG,41,40,0.081931,2
HOGL,41,40,0.081335,2
BA,41,40,0.085905,6
KC,41,40,0.267973,1
KCRDK,41,40,0.163407,5
KCRDKL,41,40,0.167936,5
KCU,41,40,0.159977,5
KCUD,41,40,0.07775,2
HOG,41,40,0.17638,5
HOGL,41,40,0.205941,6
BA,41,40,19.144,19
KC,41,40,0.123793,1
KCRDK,41,40,0.050885,1
KCRDKL,41,40,0.050931,1
KCU,41,40,0.04179,1
KCUD,41,40,0.042483,1
HOG,41,40,0.048081,1
HOGL,41,40,0.046883,1
BA,41,40,0.032454,3
KC,41,40,0.254004,1
KCRDK,41,40,0.077306,2
KCRDKL,41,40,0.080103,2
KCU,41,40,0.071184,2
KCUD,41,40,0.078292,2
HOG,41,40,0.076446,2
HOGL,41,40,0.080554,2
BA,41,40,0.019298,2
KC,41,40,0.229335,1
KCRDK,41,40,0.043313,1
KCRDKL,41,40,0.042932,1
KCU,41,40,0.043944,1
KCUD,41,40,0.04251,1
HOG,41,40,0.050185,1
HOGL,41,40,0.050307,1
BA,41,40,0.284674,12
KC,41,40,0.107212,1
KCRDK,41,40,0.045005,1
KCRDKL,41,40,0.045991,1
KCU,41,40,0.042004,1
KCUD,41,40,0.042361,1
HOG,41,40,0.047532,1
HOGL,41,40,0.045802,1
BA,41,40,0.047492,4
KC,41,40,0.262385,1
KCRDK,41,40,0.048708,1
KCRDKL,41,40,0.042647,1
KCU,41,40,0.041366,1
KCUD,41,40,0.041967,1
HOG,41,40,0.044692,1
HOGL,41,40,0.044342,1
BA,41,40,0.063522,3
KC,41,40,0.231571,1
KCRDK,41,40,0.043132,1
KCRDKL,41,40,0.042239,1
KCU,41,40,0.041346,1
KCUD,41,40,0.041111,1
HOG,41,40,0.043912,1
HOGL,41,40,0.043377,1
BA,41,40,0.018688,2
KC,41,40,0.248036,1
KCRDK,41,40,0.048643,1
KCRDKL,41,40,0.04285,1
KCU,41,40,0.041694,1
KCUD,41,40,0.042864,1
HOG,41,40,0.044776,1
HOGL,41,40,0.044141,1
BA,41,40,0.019671,2
KC,41,40,0.259489,1
KCRDK,41,40,0.043118,1
KCRDKL,41,40,0.047625,1
KCU,41,40,0.046638,1
KCUD,41,40,0.047407,1
HOG,41,40,0.049969,1
HOGL,41,40,0.049239,1
BA,41,40,0.104198,7
KC,41,40,0.229811,1
KCRDK,41,40,0.076109,2
KCRDKL,41,40,0.079377,2
KCU,41,40,0.076702,2
KCUD,41,40,0.077627,2
HOG,41,40,0.082586,2
HOGL,41,40,0.080897,2
BA,41,40,0.225469,11
KC,41,40,0.102604,1
KCRDK,41,40,0.051088,1
KCRDKL,41,40,0.044636,1
KCU,41,40,0.041682,1
KCUD,41,40,0.041713,1
HOG,41,40,0.047167,1
HOGL,41,40,0.047818,1
BA,41,40,0.551435,17
KC,41,40,0.096467,1
KCRDK,41,40,0.044831,1
KCRDKL,41,40,0.045272,1
KCU,41,40,0.041941,1
KCUD,41,40,0.042603,1
HOG,41,40,0.046955,1
HOGL,41,40,0.04605,1
BA,41,40,0.048069,4
KC,41,40,0.275009,1
KCRDK,41,40,0.164068,5
KCRDKL,41,40,0.077607,2
KCU,41,40,0.164713,5
KCUD,41,40,0.072343,2
HOG,41,40,0.176304,5
HOGL,41,40,0.075012,2
BA,41,60,0.065245,5
KC,41,60,0.197138,1
KCRDK,41,60,0.081272,2
KCRDKL,41,60,0.07279,2
KCU,41,60,0.076056,2
KCUD,41,60,0.07888,2
HOG,41,60,0.081232,2
HOGL,41,60,0.081029,2
BA,41,60,0.086812,6
KC,41,60,0.215027,1
KCRDK,41,60,0.042895,1
KCRDKL,41,60,0.042086,1
KCU,41,60,0.041226,1
KCUD,41,60,0.042455,1
HOG,41,60,0.045125,1
HOGL,41,60,0.044179,1
BA,41,60,0.513687,16
KC,41,60,0.162731,1
KCRDK,41,60,0.045756,1
KCRDKL,41,60,0.04515,1
KCU,41,60,0.042163,1
KCUD,41,60,0.043,1
HOG,41,60,0.046997,1
HOGL,41,60,0.045785,1
BA,41,60,0.046632,4
KC,41,60,0.270464,1
KCRDK,41,60,0.078887,2
KCRDKL,41,60,0.077672,2
KCU,41,60,0.071194,2
KCUD,41,60,0.079255,2
HOG,41,60,0.080621,2
HOGL,41,60,0.081866,2
BA,41,60,0.329074,13
KC,41,60,0.108237,1
KCRDK,41,60,0.045323,1
KCRDKL,41,60,0.044115,1
KCU,41,60,0.041239,1
KCUD,41,60,0.042343,1
HOG,41,60,0.046333,1
HOGL,41,60,0.045509,1
BA,41,60,0.031626,3
KC,41,60,0.259217,1
KCRDK,41,60,0.048152,1
KCRDKL,41,60,0.042323,1
KCU,41,60,0.040983,1
KCUD,41,60,0.041982,1
HOG,41,60,0.044775,1
HOGL,41,60,0.044256,1
BA,41,60,0.046616,4
KC,41,60,0.30929,1
KCRDK,41,60,0.085537,2
KCRDKL,41,60,0.077593,2
KCU,41,60,0.076009,2
KCUD,41,60,0.078002,2
HOG,41,60,0.081293,2
HOGL,41,60,0.080061,2
BA,41,60,0.085242,6
KC,41,60,0.342292,1
KCRDK,41,60,0.163693,5
KCRDKL,41,60,0.197977,6
KCU,41,60,0.165106,5
KCUD,41,60,0.072282,2
HOG,41,60,0.171974,5
HOGL,41,60,0.198969,6
BA,41,60,2.66595,19
KC,41,60,0.08098,1
KCRDK,41,60,0.045543,1
KCRDKL,41,60,0.045064,1
KCU,41,60,0.041947,1
KCUD,41,60,0.042751,1
HOG,41,60,0.047269,1
HOGL,41,60,0.046568,1
BA,41,60,0.032656,3
KC,41,60,0.286099,1
KCRDK,41,60,0.072105,2
KCRDKL,41,60,0.071745,2
KCU,41,60,0.074725,2
KCUD,41,60,0.077009,2
HOG,41,60,0.080656,2
HOGL,41,60,0.074788,2
BA,41,60,0.019346,2
KC,41,60,0.231811,1
KCRDK,41,60,0.042451,1
KCRDKL,41,60,0.042193,1
KCU,41,60,0.041238,1
KCUD,41,60,0.04206,1
HOG,41,60,0.044271,1
HOGL,41,60,0.044032,1
BA,41,60,0.284826,12
KC,41,60,0.100032,1
KCRDK,41,60,0.044757,1
KCRDKL,41,60,0.046561,1
KCU,41,60,0.041622,1
KCUD,41,60,0.048287,1
HOG,41,60,0.046512,1
HOGL,41,60,0.046053,1
BA,41,60,0.047418,4
KC,41,60,0.242505,1
KCRDK,41,60,0.043035,1
KCRDKL,41,60,0.047794,1
KCU,41,60,0.046549,1
KCUD,41,60,0.046852,1
HOG,41,60,0.044622,1
HOGL,41,60,0.049359,1
BA,41,60,0.032418,3
KC,41,60,0.238687,1
KCRDK,41,60,0.047888,1
KCRDKL,41,60,0.044537,1
KCU,41,60,0.040916,1
KCUD,41,60,0.046527,1
HOG,41,60,0.049337,1
HOGL,41,60,0.048682,1
BA,41,60,0.020783,2
KC,41,60,0.235594,1
KCRDK,41,60,0.045514,1
KCRDKL,41,60,0.042324,1
KCU,41,60,0.041497,1
KCUD,41,60,0.047525,1
HOG,41,60,0.049745,1
HOGL,41,60,0.049448,1
BA,41,60,0.019502,2
KC,41,60,0.222328,1
KCRDK,41,60,0.049715,1
KCRDKL,41,60,0.042193,1
KCU,41,60,0.041387,1
KCUD,41,60,0.041899,1
HOG,41,60,0.044365,1
HOGL,41,60,0.043738,1
BA,41,60,0.104154,7
KC,41,60,0.225004,1
KCRDK,41,60,0.075293,2
KCRDKL,41,60,0.081121,2
KCU,41,60,0.070331,2
KCUD,41,60,0.072392,2
HOG,41,60,0.081886,2
HOGL,41,60,0.080424,2
BA,41,60,0.898697,11
KC,41,60,0.104163,1
KCRDK,41,60,0.044898,1
KCRDKL,41,60,0.044249,1
KCU,41,60,0.041336,1
KCUD,41,60,0.042179,1
HOG,41,60,0.048265,1
HOGL,41,60,0.045645,1
BA,41,60,0.553321,17
KC,41,60,0.093056,1
KCRDK,41,60,0.050352,1
KCRDKL,41,60,0.044608,1
KCU,41,60,0.044078,1
KCUD,41,60,0.042577,1
HOG,41,60,0.046733,1
HOGL,41,60,0.046167,1
BA,41,60,0.047754,4
KC,41,60,0.232632,1
KCRDK,41,60,0.166606,5
KCRDKL,41,60,0.073576,2
KCU,41,60,0.165941,5
KCUD,41,60,0.073144,2
HOG,41,60,0.174885,5
HOGL,41,60,0.080747,2
BA,41,80,0.06578,5
KC,41,80,0.220234,1
KCRDK,41,80,0.079612,2
KCRDKL,41,80,0.079067,2
KCU,41,80,0.077646,2
KCUD,41,80,0.078922,2
HOG,41,80,0.081162,2
HOGL,41,80,0.081234,2
BA,41,80,0.086967,6
KC,41,80,0.306592,1
KCRDK,41,80,0.042867,1
KCRDKL,41,80,0.042651,1
KCU,41,80,0.041467,1
KCUD,41,80,0.042344,1
HOG,41,80,0.044669,1
HOGL,41,80,0.044185,1
BA,41,80,0.51628,16
KC,41,80,0.136331,1
KCRDK,41,80,0.050773,1
KCRDKL,41,80,0.044867,1
KCU,41,80,0.041587,1
KCUD,41,80,0.042737,1
HOG,41,80,0.046621,1
HOGL,41,80,0.051171,1
BA,41,80,0.046698,4
KC,41,80,7.09885,1
KCRDK,41,80,0.07731,2
KCRDKL,41,80,0.076968,2
KCU,41,80,0.069835,2
KCUD,41,80,0.078534,2
HOG,41,80,0.075285,2
HOGL,41,80,0.082336,2
BA,41,80,0.331276,13
KC,41,80,0.155177,1
KCRDK,41,80,0.049659,1
KCRDKL,41,80,0.049194,1
KCU,41,80,0.041857,1
KCUD,41,80,0.042434,1
HOG,41,80,0.046264,1
HOGL,41,80,0.050682,1
BA,41,80,0.031728,3
KC,41,80,0.222825,1
KCRDK,41,80,0.045201,1
KCRDKL,41,80,0.043078,1
KCU,41,80,0.041328,1
KCUD,41,80,0.041793,1
HOG,41,80,0.044744,1
HOGL,41,80,0.044782,1
BA,41,80,0.047033,4
KC,41,80,0.285279,1
KCRDK,41,80,0.072821,2
KCRDKL,41,80,0.076736,2
KCU,41,80,0.069628,2
KCUD,41,80,0.079219,2
HOG,41,80,0.075259,2
HOGL,41,80,0.079213,2
BA,41,80,0.086023,6
KC,41,80,0.283928,1
KCRDK,41,80,0.163691,5
KCRDKL,41,80,0.191517,6
KCU,41,80,0.184138,5
KCUD,41,80,0.071233,2
HOG,41,80,0.172959,5
HOGL,41,80,0.202371,6
BA,41,80,3.06241,19
KC,41,80,0.088713,1
KCRDK,41,80,0.047676,1
KCRDKL,41,80,0.047187,1
KCU,41,80,0.041339,1
KCUD,41,80,0.042173,1
HOG,41,80,0.047016,1
HOGL,41,80,0.046443,1
BA,41,80,0.032495,3
KC,41,80,0.218632,1
KCRDK,41,80,0.073267,2
KCRDKL,41,80,0.077771,2
KCU,41,80,0.070889,2
KCUD,41,80,0.07798,2
HOG,41,80,0.081379,2
HOGL,41,80,0.080582,2
BA,41,80,0.019243,2
KC,41,80,0.193425,1
KCRDK,41,80,0.042756,1
KCRDKL,41,80,0.05124,1
KCU,41,80,0.040769,1
KCUD,41,80,0.04272,1
HOG,41,80,0.04485,1
HOGL,41,80,0.044286,1
BA,41,80,0.283489,12
KC,41,80,0.113755,1
KCRDK,41,80,0.044868,1
KCRDKL,41,80,0.046315,1
KCU,41,80,0.041572,1
KCUD,41,80,0.042255,1
HOG,41,80,0.046862,1
HOGL,41,80,0.045652,1
BA,41,80,0.047749,4
KC,41,80,0.191056,1
KCRDK,41,80,0.051601,1
KCRDKL,41,80,0.049977,1
KCU,41,80,0.047891,1
KCUD,41,80,0.048037,1
HOG,41,80,0.053818,1
HOGL,41,80,0.051376,1
BA,41,80,0.037425,3
KC,41,80,0.243628,1
KCRDK,41,80,0.058119,1
KCRDKL,41,80,0.058428,1
KCU,41,80,0.047811,1
KCUD,41,80,0.048768,1
HOG,41,80,0.052991,1
HOGL,41,80,0.051527,1
BA,41,80,0.024408,2
KC,41,80,0.240878,1
KCRDK,41,80,0.058978,1
KCRDKL,41,80,0.06086,1
KCU,41,80,0.050182,1
KCUD,41,80,0.057485,1
HOG,41,80,0.053432,1
HOGL,41,80,0.051242,1
BA,41,80,0.022566,2
KC,41,80,0.239302,1
KCRDK,41,80,0.051287,1
KCRDKL,41,80,0.050005,1
KCU,41,80,0.047781,1
KCUD,41,80,0.049182,1
HOG,41,80,0.054431,1
HOGL,41,80,0.051907,1
BA,41,80,0.118819,7
KC,41,80,0.154725,1
KCRDK,41,80,0.08857,2
KCRDKL,41,80,0.087517,2
KCU,41,80,0.089201,2
KCUD,41,80,0.092004,2
HOG,41,80,0.100446,2
HOGL,41,80,0.098203,2
BA,41,80,0.25025,11
KC,41,80,0.099107,1
KCRDK,41,80,0.053624,1
KCRDKL,41,80,0.052862,1
KCU,41,80,0.049917,1
KCUD,41,80,0.048777,1
HOG,41,80,0.056064,1
HOGL,41,80,0.052892,1
BA,41,80,0.637212,17
KC,41,80,0.099477,1
KCRDK,41,80,0.053489,1
KCRDKL,41,80,0.053683,1
KCU,41,80,0.048429,1
KCUD,41,80,0.049106,1
HOG,41,80,0.054275,1
HOGL,41,80,0.054675,1
BA,41,80,0.054798,4
KC,41,80,0.252142,1
KCRDK,41,80,0.199498,5
KCRDKL,41,80,0.095495,2
KCU,41,80,0.200554,5
KCUD,41,80,0.087909,2
HOG,41,80,0.208856,5
HOGL,41,80,0.091583,2
BA,41,100,0.074449,5
KC,41,100,0.216708,1
KCRDK,41,100,0.085327,2
KCRDKL,41,100,0.091622,2
KCU,41,100,0.089756,2
KCUD,41,100,0.092078,2
HOG,41,100,0.096521,2
HOGL,41,100,0.087674,2
BA,41,100,0.097657,6
KC,41,100,0.211937,1
KCRDK,41,100,0.057119,1
KCRDKL,41,100,0.056204,1
KCU,41,100,0.048523,1
KCUD,41,100,0.05448,1
HOG,41,100,0.060742,1
HOGL,41,100,0.058395,1
BA,41,100,0.555551,16
KC,41,100,0.077782,1
KCRDK,41,100,0.062138,1
KCRDKL,41,100,0.058759,1
KCU,41,100,0.054087,1
KCUD,41,100,0.05468,1
HOG,41,100,0.061663,1
HOGL,41,100,0.060315,1
BA,41,100,0.053423,4
KC,41,100,1.25344,1
KCRDK,41,100,0.091786,2
KCRDKL,41,100,0.094169,2
KCU,41,100,0.088975,2
KCUD,41,100,0.087687,2
HOG,41,100,0.097959,2
HOGL,41,100,0.097821,2
BA,41,100,0.358813,13
KC,41,100,0.097858,1
KCRDK,41,100,0.061682,1
KCRDKL,41,100,0.054116,1
KCU,41,100,0.048603,1
KCUD,41,100,0.055911,1
HOG,41,100,0.056299,1
HOGL,41,100,0.062108,1
BA,41,100,0.0368,3
KC,41,100,0.140738,1
KCRDK,41,100,0.051465,1
KCRDKL,41,100,0.049918,1
KCU,41,100,0.049146,1
KCUD,41,100,0.048405,1
HOG,41,100,0.05202,1
HOGL,41,100,0.051306,1
BA,41,100,0.053961,4
KC,41,100,0.229412,1
KCRDK,41,100,0.087066,2
KCRDKL,41,100,0.086409,2
KCU,41,100,0.090448,2
KCUD,41,100,0.093963,2
HOG,41,100,0.095966,2
HOGL,41,100,0.087599,2
BA,41,100,0.097972,6
KC,41,100,0.252117,1
KCRDK,41,100,0.198537,5
KCRDKL,41,100,0.236458,6
KCU,41,100,0.191227,5
KCUD,41,100,0.086531,2
HOG,41,100,0.249127,6
HOGL,41,100,0.248425,6
BA,41,100,2.31358,19
KC,41,100,0.071636,1
KCRDK,41,100,0.055229,1
KCRDKL,41,100,0.052109,1
KCU,41,100,0.04768,1
KCUD,41,100,0.048646,1
HOG,41,100,0.056904,1
HOGL,41,100,0.053472,1
BA,41,100,0.037306,3
KC,41,100,0.237955,1
KCRDK,41,100,0.089712,2
KCRDKL,41,100,0.096003,2
KCU,41,100,0.091859,2
KCUD,41,100,0.097045,2
HOG,41,100,0.094706,2
HOGL,41,100,0.092616,2
BA,41,100,0.023394,2
KC,41,100,0.208471,1
KCRDK,41,100,0.057444,1
KCRDKL,41,100,0.05712,1
KCU,41,100,0.05443,1
KCUD,41,100,0.055624,1
HOG,41,100,0.052133,1
HOGL,41,100,0.058357,1
BA,41,100,0.311555,12
KC,41,100,0.083916,1
KCRDK,41,100,0.055348,1
KCRDKL,41,100,0.052688,1
KCU,41,100,0.047895,1
KCUD,41,100,0.049426,1
HOG,41,100,0.054861,1
HOGL,41,100,0.05326,1
BA,41,100,0.054056,4
KC,41,100,0.21438,1
KCRDK,41,100,0.05077,1
KCRDKL,41,100,0.049818,1
KCU,41,100,0.054105,1
KCUD,41,100,0.047963,1
HOG,41,100,0.052676,1
HOGL,41,100,0.051251,1
BA,41,100,0.036522,3
KC,41,100,0.252259,1
KCRDK,41,100,0.056994,1
KCRDKL,41,100,0.049536,1
KCU,41,100,0.051827,1
KCUD,41,100,0.049937,1
HOG,41,100,0.051284,1
HOGL,41,100,0.05125,1
BA,41,100,0.024511,2
KC,41,100,0.157061,1
KCRDK,41,100,0.057374,1
KCRDKL,41,100,0.048908,1
KCU,41,100,0.047685,1
KCUD,41,100,0.0571,1
HOG,41,100,0.053103,1
HOGL,41,100,0.051779,1
BA,41,100,0.022642,2
KC,41,100,0.224945,1
KCRDK,41,100,0.057305,1
KCRDKL,41,100,0.058902,1
KCU,41,100,0.047532,1
KCUD,41,100,0.05629,1
HOG,41,100,0.058857,1
HOGL,41,100,0.058808,1
BA,41,100,0.120268,7
KC,41,100,0.23219,1
KCRDK,41,100,0.089077,2
KCRDKL,41,100,0.096047,2
KCU,41,100,0.089005,2
KCUD,41,100,0.089923,2
HOG,41,100,0.098221,2
HOGL,41,100,0.096808,2
BA,41,100,0.252095,11
KC,41,100,0.079209,1
KCRDK,41,100,0.054153,1
KCRDKL,41,100,0.052955,1
KCU,41,100,0.046903,1
KCUD,41,100,0.047714,1
HOG,41,100,0.054224,1
HOGL,41,100,0.052381,1
BA,41,100,0.60047,17
KC,41,100,0.067374,1
KCRDK,41,100,0.055226,1
KCRDKL,41,100,0.052974,1
KCU,41,100,0.047248,1
KCUD,41,100,0.047798,1
HOG,41,100,0.055309,1
HOGL,41,100,0.052766,1
BA,41,100,0.054286,4
KC,41,100,0.242459,1
KCRDK,41,100,0.092894,2
KCRDKL,41,100,0.091941,2
KCU,41,100,0.196483,5
KCUD,41,100,0.086674,2
HOG,41,100,0.099566,2
HOGL,41,100,0.096999,2
BA,51,0,0.105989,5
KC,51,0,0.32247,1
KCRDK,51,0,0.141573,2
KCRDKL,51,0,0.132462,2
KCU,51,0,0.137033,2
KCUD,51,0,0.140287,2
HOG,51,0,0.146168,2
HOGL,51,0,0.149391,2
BA,51,0,0.107944,5
KC,51,0,0.291199,1
KCRDK,51,0,0.081112,1
KCRDKL,51,0,0.076043,1
KCU,51,0,0.072791,1
KCUD,51,0,0.074163,1
HOG,51,0,0.076853,1
HOGL,51,0,0.077206,1
BA,51,0,0.760834,17
KC,51,0,0.208111,1
KCRDK,51,0,0.078064,1
KCRDKL,51,0,0.079086,1
KCU,51,0,0.075333,1
KCUD,51,0,0.075861,1
HOG,51,0,0.081682,1
HOGL,51,0,0.081028,1
BA,51,0,0.076403,4
KC,51,0,0.264032,1
KCRDK,51,0,0.142221,2
KCRDKL,51,0,0.13024,2
KCU,51,0,0.138923,2
KCUD,51,0,0.139352,2
HOG,51,0,0.134509,2
HOGL,51,0,0.133085,2
BA,51,0,0.444244,13
KC,51,0,0.247754,1
KCRDK,51,0,0.081469,1
KCRDKL,51,0,0.082913,1
KCU,51,0,0.074322,1
KCUD,51,0,0.074531,1
HOG,51,0,0.080834,1
HOGL,51,0,0.083833,1
BA,51,0,0.054088,3
KC,51,0,0.289933,1
KCRDK,51,0,0.077543,1
KCRDKL,51,0,0.07711,1
KCU,51,0,0.073079,1
KCUD,51,0,0.077117,1
HOG,51,0,0.080587,1
HOGL,51,0,0.080024,1
BA,51,0,0.079677,4
KC,51,0,0.268519,1
KCRDK,51,0,0.134666,2
KCRDKL,51,0,0.141434,2
KCU,51,0,0.136564,2
KCUD,51,0,0.140498,2
HOG,51,0,0.145268,2
HOGL,51,0,0.144598,2
BA,51,0,0.103864,5
KC,51,0,0.314335,1
KCRDK,51,0,0.242945,4
KCRDKL,51,0,0.304634,5
KCU,51,0,0.24351,4
KCUD,51,0,0.138859,2
HOG,51,0,0.254776,4
HOGL,51,0,0.310539,5
BA,51,0,0.764479,17
KC,51,0,0.142701,1
KCRDK,51,0,0.078552,1
KCRDKL,51,0,0.070322,1
KCU,51,0,0.065603,1
KCUD,51,0,0.066677,1
HOG,51,0,0.072714,1
HOGL,51,0,0.072416,1
BA,51,0,0.049501,3
KC,51,0,0.46149,1
KCRDK,51,0,0.123143,2
KCRDKL,51,0,0.124059,2
KCU,51,0,0.112557,2
KCUD,51,0,0.123722,2
HOG,51,0,0.1263,2
HOGL,51,0,0.125161,2
BA,51,0,0.030352,2
KC,51,0,0.427566,1
KCRDK,51,0,0.068068,1
KCRDKL,51,0,0.069135,1
KCU,51,0,0.067404,1
KCUD,51,0,0.068107,1
HOG,51,0,0.070676,1
HOGL,51,0,0.070201,1
BA,51,0,0.35587,12
KC,51,0,0.308931,1
KCRDK,51,0,0.070523,1
KCRDKL,51,0,0.070126,1
KCU,51,0,0.06599,1
KCUD,51,0,0.066884,1
HOG,51,0,0.075946,1
HOGL,51,0,0.070146,1
BA,51,0,0.070249,4
KC,51,0,0.386539,1
KCRDK,51,0,0.067159,1
KCRDKL,51,0,0.067772,1
KCU,51,0,0.064847,1
KCUD,51,0,0.066278,1
HOG,51,0,0.069259,1
HOGL,51,0,0.072741,1
BA,51,0,0.048933,3
KC,51,0,0.457799,1
KCRDK,51,0,0.066895,1
KCRDKL,51,0,0.070985,1
KCU,51,0,0.065415,1
KCUD,51,0,0.065286,1
HOG,51,0,0.068906,1
HOGL,51,0,0.06755,1
BA,51,0,0.028765,2
KC,51,0,0.447991,1
KCRDK,51,0,0.067184,1
KCRDKL,51,0,0.066611,1
KCU,51,0,0.065898,1
KCUD,51,0,0.066897,1
HOG,51,0,0.070374,1
HOGL,51,0,0.069108,1
BA,51,0,0.030439,2
KC,51,0,0.389558,1
KCRDK,51,0,0.070745,1
KCRDKL,51,0,0.071411,1
KCU,51,0,0.065214,1
KCUD,51,0,0.06561,1
HOG,51,0,0.069355,1
HOGL,51,0,0.06839,1
BA,51,0,0.118199,6
KC,51,0,0.475931,1
KCRDK,51,0,0.125541,2
KCRDKL,51,0,0.123641,2
KCU,51,0,0.119752,2
KCUD,51,0,0.170426,3
HOG,51,0,0.120628,2
HOGL,51,0,0.12595,2
BA,51,0,0.298702,11
KC,51,0,0.293874,1
KCRDK,51,0,0.069553,1
KCRDKL,51,0,0.069243,1
KCU,51,0,0.065532,1
KCUD,51,0,0.066544,1
HOG,51,0,0.071442,1
HOGL,51,0,0.070507,1
BA,51,0,0.638837,17
KC,51,0,0.205718,1
KCRDK,51,0,0.070206,1
KCRDKL,51,0,0.073867,1
KCU,51,0,0.066437,1
KCUD,51,0,0.067355,1
HOG,51,0,0.072221,1
HOGL,51,0,0.071456,1
BA,51,0,0.069403,4
KC,51,0,0.422393,1
KCRDK,51,0,0.114969,2
KCRDKL,51,0,0.121843,2
KCU,51,0,0.120066,2
KCUD,51,0,0.121991,2
HOG,51,0,0.125282,2
HOGL,51,0,0.126811,2
BA,51,20,0.096304,5
KC,51,20,0.434975,1
KCRDK,51,20,0.11523,2
KCRDKL,51,20,0.12535,2
KCU,51,20,0.120799,2
KCUD,51,20,0.12387,2
HOG,51,20,0.126613,2
HOGL,51,20,0.126318,2
BA,51,20,0.095669,5
KC,51,20,0.41153,1
KCRDK,51,20,0.074987,1
KCRDKL,51,20,0.067174,1
KCU,51,20,0.065297,1
KCUD,51,20,0.065299,1
HOG,51,20,0.068535,1
HOGL,51,20,0.068098,1
BA,51,20,3.25734,17
KC,51,20,0.320039,1
KCRDK,51,20,0.077476,1
KCRDKL,51,20,0.069176,1
KCU,51,20,0.073845,1
KCUD,51,20,0.066779,1
HOG,51,20,0.07245,1
HOGL,51,20,0.071284,1
BA,51,20,0.069569,4
KC,51,20,0.48967,1
KCRDK,51,20,0.113912,2
KCRDKL,51,20,0.123717,2
KCU,51,20,0.120002,2
KCUD,51,20,0.122419,2
HOG,51,20,0.125413,2
HOGL,51,20,0.12598,2
BA,51,20,0.40215,13
KC,51,20,0.333804,1
KCRDK,51,20,0.073964,1
KCRDKL,51,20,0.070517,1
KCU,51,20,0.066561,1
KCUD,51,20,0.06678,1
HOG,51,20,0.071573,1
HOGL,51,20,0.070992,1
BA,51,20,0.048121,3
KC,51,20,0.387475,1
KCRDK,51,20,0.067208,1
KCRDKL,51,20,0.06837,1
KCU,51,20,0.066,1
KCUD,51,20,0.066759,1
HOG,51,20,0.070198,1
HOGL,51,20,0.069566,1
BA,51,20,0.069376,4
KC,51,20,0.40795,1
KCRDK,51,20,0.115045,2
KCRDKL,51,20,0.12255,2
KCU,51,20,0.113232,2
KCUD,51,20,0.124051,2
HOG,51,20,0.118389,2
HOGL,51,20,0.117802,2
BA,51,20,0.094369,5
KC,51,20,0.459067,1
KCRDK,51,20,0.214183,4
KCRDKL,51,20,0.270414,5
KCU,51,20,0.209009,4
KCUD,51,20,0.123302,2
HOG,51,20,0.218325,4
HOGL,51,20,0.274035,5
BA,51,20,0.699112,17
KC,51,20,0.284955,1
KCRDK,51,20,0.069795,1
KCRDKL,51,20,0.074257,1
KCU,51,20,0.066324,1
KCUD,51,20,0.067453,1
HOG,51,20,0.072423,1
HOGL,51,20,0.071961,1
BA,51,20,0.048978,3
KC,51,20,0.440352,1
KCRDK,51,20,0.117141,2
KCRDKL,51,20,1.55577,2
KCU,51,20,0.119047,2
KCUD,51,20,0.121769,2
HOG,51,20,0.118166,2
HOGL,51,20,0.124758,2
BA,51,20,0.029801,2
KC,51,20,0.429498,1
KCRDK,51,20,0.067392,1
KCRDKL,51,20,0.070384,1
KCU,51,20,0.064813,1
KCUD,51,20,0.067067,1
HOG,51,20,0.069377,1
HOGL,51,20,0.069937,1
BA,51,20,0.3535,12
KC,51,20,0.306367,1
KCRDK,51,20,0.069064,1
KCRDKL,51,20,0.072987,1
KCU,51,20,0.066596,1
KCUD,51,20,0.06778,1
HOG,51,20,0.07262,1
HOGL,51,20,0.07107,1
BA,51,20,0.069434,4
KC,51,20,0.426938,1
KCRDK,51,20,0.067445,1
KCRDKL,51,20,0.06671,1
KCU,51,20,0.065914,1
KCUD,51,20,0.066735,1
HOG,51,20,0.069565,1
HOGL,51,20,0.072128,1
BA,51,20,0.049093,3
KC,51,20,0.423904,1
KCRDK,51,20,0.067476,1
KCRDKL,51,20,0.068445,1
KCU,51,20,0.066674,1
KCUD,51,20,0.065847,1
HOG,51,20,0.069658,1
HOGL,51,20,0.069855,1
BA,51,20,0.029401,2
KC,51,20,0.431772,1
KCRDK,51,20,0.067947,1
KCRDKL,51,20,0.067124,1
KCU,51,20,0.065502,1
KCUD,51,20,0.066104,1
HOG,51,20,0.069026,1
HOGL,51,20,0.068725,1
BA,51,20,0.02969,2
KC,51,20,0.351287,1
KCRDK,51,20,0.067103,1
KCRDKL,51,20,0.067388,1
KCU,51,20,0.066579,1
KCUD,51,20,0.067086,1
HOG,51,20,0.069688,1
HOGL,51,20,0.069307,1
BA,51,20,0.119112,6
KC,51,20,0.482806,1
KCRDK,51,20,0.126049,2
KCRDKL,51,20,0.124636,2
KCU,51,20,0.111774,2
KCUD,51,20,0.172897,3
HOG,51,20,0.120354,2
HOGL,51,20,0.11915,2
BA,51,20,0.297182,11
KC,51,20,0.230497,1
KCRDK,51,20,0.070192,1
KCRDKL,51,20,0.069825,1
KCU,51,20,0.065843,1
KCUD,51,20,0.06704,1
HOG,51,20,0.072856,1
HOGL,51,20,0.071488,1
BA,51,20,0.639805,17
KC,51,20,0.204209,1
KCRDK,51,20,0.069119,1
KCRDKL,51,20,0.068722,1
KCU,51,20,0.065161,1
KCUD,51,20,0.065763,1
HOG,51,20,0.070761,1
HOGL,51,20,0.069606,1
BA,51,20,0.069826,4
KC,51,20,0.310849,1
KCRDK,51,20,0.116063,2
KCRDKL,51,20,0.115888,2
KCU,51,20,0.112805,2
KCUD,51,20,0.11434,2
HOG,51,20,0.118272,2
HOGL,51,20,0.125251,2
BA,51,40,0.096557,5
KC,51,40,0.439648,1
KCRDK,51,40,0.123278,2
KCRDKL,51,40,0.116865,2
KCU,51,40,0.121277,2
KCUD,51,40,0.115543,2
HOG,51,40,0.127898,2
HOGL,51,40,0.127282,2
BA,51,40,0.096185,5
KC,51,40,0.46132,1
KCRDK,51,40,0.067621,1
KCRDKL,51,40,0.068079,1
KCU,51,40,0.065868,1
KCUD,51,40,0.066854,1
HOG,51,40,0.069912,1
HOGL,51,40,0.068896,1
BA,51,40,0.7049,17
KC,51,40,0.277936,1
KCRDK,51,40,0.070314,1
KCRDKL,51,40,0.070065,1
KCU,51,40,0.065842,1
KCUD,51,40,0.067566,1
HOG,51,40,0.072393,1
HOGL,51,40,0.071693,1
BA,51,40,0.069654,4
KC,51,40,0.479551,1
KCRDK,51,40,0.115995,2
KCRDKL,51,40,0.125511,2
KCU,51,40,0.122159,2
KCUD,51,40,0.116985,2
HOG,51,40,0.120088,2
HOGL,51,40,0.126967,2
BA,51,40,0.405038,13
KC,51,40,0.337379,1
KCRDK,51,40,0.069275,1
KCRDKL,51,40,0.077362,1
KCU,51,40,0.065478,1
KCUD,51,40,0.066126,1
HOG,51,40,0.071345,1
HOGL,51,40,0.070885,1
BA,51,40,0.048304,3
KC,51,40,0.372606,1
KCRDK,51,40,0.067032,1
KCRDKL,51,40,0.071664,1
KCU,51,40,0.065856,1
KCUD,51,40,0.066059,1
HOG,51,40,0.069069,1
HOGL,51,40,0.069056,1
BA,51,40,0.069547,4
KC,51,40,0.482289,1
KCRDK,51,40,0.124066,2
KCRDKL,51,40,0.124773,2
KCU,51,40,0.121265,2
KCUD,51,40,0.123268,2
HOG,51,40,0.120905,2
HOGL,51,40,0.126419,2
BA,51,40,0.094838,5
KC,51,40,0.471181,1
KCRDK,51,40,0.220163,4
KCRDKL,51,40,0.260011,5
KCU,51,40,0.21549,4
KCUD,51,40,0.122293,2
HOG,51,40,0.21579,4
HOGL,51,40,0.26364,5
BA,51,40,0.694763,17
KC,51,40,0.258957,1
KCRDK,51,40,0.077806,1
KCRDKL,51,40,0.074021,1
KCU,51,40,0.065959,1
KCUD,51,40,0.066458,1
HOG,51,40,0.072082,1
HOGL,51,40,0.071679,1
BA,51,40,0.048723,3
KC,51,40,0.359525,1
KCRDK,51,40,0.116915,2
KCRDKL,51,40,0.125309,2
KCU,51,40,0.116607,2
KCUD,51,40,0.116527,2
HOG,51,40,0.126025,2
HOGL,51,40,0.124457,2
BA,51,40,0.029505,2
KC,51,40,0.458703,1
KCRDK,51,40,0.0755,1
KCRDKL,51,40,0.074939,1
KCU,51,40,0.073243,1
KCUD,51,40,0.065963,1
HOG,51,40,0.07046,1
HOGL,51,40,0.06871,1
BA,51,40,0.353517,12
KC,51,40,0.133719,1
KCRDK,51,40,0.072852,1
KCRDKL,51,40,0.069994,1
KCU,51,40,0.066869,1
KCUD,51,40,0.075511,1
HOG,51,40,0.07927,1
HOGL,51,40,0.079335,1
BA,51,40,0.06916,4
KC,51,40,0.339252,1
KCRDK,51,40,0.067969,1
KCRDKL,51,40,0.070262,1
KCU,51,40,0.065547,1
KCUD,51,40,0.065274,1
HOG,51,40,0.069128,1
HOGL,51,40,0.069266,1
BA,51,40,0.049507,3
KC,51,40,0.476239,1
KCRDK,51,40,0.075843,1
KCRDKL,51,40,0.071642,1
KCU,51,40,0.064972,1
KCUD,51,40,0.065779,1
HOG,51,40,0.069811,1
HOGL,51,40,0.068606,1
BA,51,40,0.028917,2
KC,51,40,0.345434,1
KCRDK,51,40,0.076053,1
KCRDKL,51,40,0.075119,1
KCU,51,40,0.073151,1
KCUD,51,40,0.066334,1
HOG,51,40,0.069537,1
HOGL,51,40,0.069733,1
BA,51,40,0.030207,2
KC,51,40,0.501096,1
KCRDK,51,40,0.068923,1
KCRDKL,51,40,0.067976,1
KCU,51,40,0.065429,1
KCUD,51,40,0.066553,1
HOG,51,40,0.070379,1
HOGL,51,40,0.071085,1
BA,51,40,0.119081,6
KC,51,40,0.426318,1
KCRDK,51,40,0.126418,2
KCRDKL,51,40,0.124307,2
KCU,51,40,0.113478,2
KCUD,51,40,0.16351,3
HOG,51,40,0.121751,2
HOGL,51,40,0.119011,2
BA,51,40,0.297312,11
KC,51,40,0.220511,1
KCRDK,51,40,0.07005,1
KCRDKL,51,40,0.07065,1
KCU,51,40,0.067102,1
KCUD,51,40,0.067294,1
HOG,51,40,0.073947,1
HOGL,51,40,0.072954,1
BA,51,40,0.64139,17
KC,51,40,0.319625,1
KCRDK,51,40,0.069561,1
KCRDKL,51,40,0.074429,1
KCU,51,40,0.066064,1
KCUD,51,40,0.066801,1
HOG,51,40,0.071838,1
HOGL,51,40,0.071472,1
BA,51,40,0.073992,4
KC,51,40,0.459926,1
KCRDK,51,40,0.123018,2
KCRDKL,51,40,0.11394,2
KCU,51,40,0.121362,2
KCUD,51,40,0.123136,2
HOG,51,40,0.12776,2
HOGL,51,40,0.125859,2
BA,51,60,0.113519,5
KC,51,60,0.413113,1
KCRDK,51,60,0.124963,2
KCRDKL,51,60,0.125061,2
KCU,51,60,0.121854,2
KCUD,51,60,0.123521,2
HOG,51,60,0.127763,2
HOGL,51,60,0.126034,2
BA,51,60,0.096718,5
KC,51,60,0.429698,1
KCRDK,51,60,0.067304,1
KCRDKL,51,60,0.067427,1
KCU,51,60,0.066366,1
KCUD,51,60,0.0668,1
HOG,51,60,0.069951,1
HOGL,51,60,0.069899,1
BA,51,60,0.704412,17
KC,51,60,0.262282,1
KCRDK,51,60,0.07028,1
KCRDKL,51,60,0.071248,1
KCU,51,60,0.066624,1
KCUD,51,60,0.067088,1
HOG,51,60,0.071631,1
HOGL,51,60,0.071416,1
BA,51,60,0.069213,4
KC,51,60,0.48626,1
KCRDK,51,60,0.120754,2
KCRDKL,51,60,0.114489,2
KCU,51,60,0.112338,2
KCUD,51,60,0.122623,2
HOG,51,60,0.125468,2
HOGL,51,60,0.12652,2
BA,51,60,0.452982,13
KC,51,60,0.270302,1
KCRDK,51,60,0.069414,1
KCRDKL,51,60,0.069203,1
KCU,51,60,0.065353,1
KCUD,51,60,0.066624,1
HOG,51,60,0.071658,1
HOGL,51,60,0.070419,1
BA,51,60,0.047939,3
KC,51,60,0.408008,1
KCRDK,51,60,0.067771,1
KCRDKL,51,60,0.068148,1
KCU,51,60,0.065142,1
KCUD,51,60,0.065268,1
HOG,51,60,0.070927,1
HOGL,51,60,0.068995,1
BA,51,60,0.069167,4
KC,51,60,0.416011,1
KCRDK,51,60,0.116165,2
KCRDKL,51,60,0.114927,2
KCU,51,60,0.116958,2
KCUD,51,60,0.1145,2
HOG,51,60,0.127275,2
HOGL,51,60,0.12518,2
BA,51,60,0.093527,5
KC,51,60,0.453137,1
KCRDK,51,60,0.211976,4
KCRDKL,51,60,0.260765,5
KCU,51,60,0.213933,4
KCUD,51,60,0.12182,2
HOG,51,60,0.224797,4
HOGL,51,60,0.275576,5
BA,51,60,0.691567,17
KC,51,60,0.326196,1
KCRDK,51,60,0.069106,1
KCRDKL,51,60,0.070984,1
KCU,51,60,0.066487,1
KCUD,51,60,0.066259,1
HOG,51,60,0.071414,1
HOGL,51,60,0.072128,1
BA,51,60,0.049398,3
KC,51,60,0.429693,1
KCRDK,51,60,0.118658,2
KCRDKL,51,60,0.114713,2
KCU,51,60,0.119918,2
KCUD,51,60,0.122723,2
HOG,51,60,0.130862,2
HOGL,51,60,0.117044,2
BA,51,60,0.029381,2
KC,51,60,0.35628,1
KCRDK,51,60,0.067985,1
KCRDKL,51,60,0.076654,1
KCU,51,60,0.072504,1
KCUD,51,60,0.074637,1
HOG,51,60,0.077924,1
HOGL,51,60,0.078151,1
BA,51,60,0.35724,12
KC,51,60,0.140581,1
KCRDK,51,60,0.069271,1
KCRDKL,51,60,0.069728,1
KCU,51,60,0.066038,1
KCUD,51,60,0.066171,1
HOG,51,60,0.071247,1
HOGL,51,60,0.070908,1
BA,51,60,0.069895,4
KC,51,60,0.395711,1
KCRDK,51,60,0.075787,1
KCRDKL,51,60,0.068055,1
KCU,51,60,0.065572,1
KCUD,51,60,0.075579,1
HOG,51,60,0.07026,1
HOGL,51,60,0.077656,1
BA,51,60,0.048811,3
KC,51,60,0.457844,1
KCRDK,51,60,0.070462,1
KCRDKL,51,60,0.067499,1
KCU,51,60,0.065288,1
KCUD,51,60,0.073645,1
HOG,51,60,0.069371,1
HOGL,51,60,0.068219,1
BA,51,60,0.02968,2
KC,51,60,0.44991,1
KCRDK,51,60,0.067693,1
KCRDKL,51,60,0.068246,1
KCU,51,60,0.065892,1
KCUD,51,60,0.066288,1
HOG,51,60,0.069817,1
HOGL,51,60,0.069327,1
BA,51,60,0.031065,2
KC,51,60,0.387353,1
KCRDK,51,60,0.074993,1
KCRDKL,51,60,0.070832,1
KCU,51,60,0.06596,1
KCUD,51,60,0.06547,1
HOG,51,60,0.069118,1
HOGL,51,60,0.069029,1
BA,51,60,0.119209,6
KC,51,60,0.470906,1
KCRDK,51,60,0.117254,2
KCRDKL,51,60,0.123991,2
KCU,51,60,0.123581,2
KCUD,51,60,0.16272,3
HOG,51,60,0.128051,2
HOGL,51,60,0.125554,2
BA,51,60,0.306861,11
KC,51,60,0.347731,1
KCRDK,51,60,0.077739,1
KCRDKL,51,60,0.07025,1
KCU,51,60,0.065776,1
KCUD,51,60,0.067003,1
HOG,51,60,0.072499,1
HOGL,51,60,0.073136,1
BA,51,60,0.639121,17
KC,51,60,0.17341,1
KCRDK,51,60,0.068773,1
KCRDKL,51,60,0.072161,1
KCU,51,60,0.065799,1
KCUD,51,60,0.066644,1
HOG,51,60,0.071695,1
HOGL,51,60,0.070251,1
BA,51,60,0.069587,4
KC,51,60,0.40952,1
KCRDK,51,60,0.115296,2
KCRDKL,51,60,0.121948,2
KCU,51,60,0.12055,2
KCUD,51,60,0.122869,2
HOG,51,60,0.126502,2
HOGL,51,60,0.126078,2
BA,51,80,0.095438,5
KC,51,80,0.428302,1
KCRDK,51,80,0.113584,2
KCRDKL,51,80,0.123217,2
KCU,51,80,0.111289,2
KCUD,51,80,0.115479,2
HOG,51,80,0.127687,2
HOGL,51,80,0.126089,2
BA,51,80,0.09571,5
KC,51,80,0.459498,1
KCRDK,51,80,0.067629,1
KCRDKL,51,80,0.06716,1
KCU,51,80,0.073773,1
KCUD,51,80,0.066803,1
HOG,51,80,0.069875,1
HOGL,51,80,0.06885,1
BA,51,80,0.702614,17
KC,51,80,0.329621,1
KCRDK,51,80,0.07761,1
KCRDKL,51,80,0.070545,1
KCU,51,80,0.073949,1
KCUD,51,80,0.066546,1
HOG,51,80,0.075173,1
HOGL,51,80,0.07131,1
BA,51,80,0.068765,4
KC,51,80,0.516985,1
KCRDK,51,80,0.114463,2
KCRDKL,51,80,0.114371,2
KCU,51,80,0.120693,2
KCUD,51,80,0.116832,2
HOG,51,80,0.127042,2
HOGL,51,80,0.117915,2
BA,51,80,0.402998,13
KC,51,80,0.361069,1
KCRDK,51,80,0.06917,1
KCRDKL,51,80,0.070146,1
KCU,51,80,0.066103,1
KCUD,51,80,0.067076,1
HOG,51,80,0.071083,1
HOGL,51,80,0.069491,1
BA,51,80,0.047893,3
KC,51,80,0.403629,1
KCRDK,51,80,0.071588,1
KCRDKL,51,80,0.068131,1
KCU,51,80,0.066105,1
KCUD,51,80,0.067319,1
HOG,51,80,0.070334,1
HOGL,51,80,0.072958,1
BA,51,80,0.070537,4
KC,51,80,0.410015,1
KCRDK,51,80,0.115447,2
KCRDKL,51,80,0.115081,2
KCU,51,80,0.120075,2
KCUD,51,80,0.123517,2
HOG,51,80,0.126566,2
HOGL,51,80,0.117893,2
BA,51,80,0.09476,5
KC,51,80,0.442898,1
KCRDK,51,80,0.218384,4
KCRDKL,51,80,0.262644,5
KCU,51,80,0.207475,4
KCUD,51,80,0.122093,2
HOG,51,80,0.223616,4
HOGL,51,80,0.26325,5
BA,51,80,0.691277,17
KC,51,80,0.270799,1
KCRDK,51,80,0.077622,1
KCRDKL,51,80,0.070579,1
KCU,51,80,0.074015,1
KCUD,51,80,0.076527,1
HOG,51,80,0.080569,1
HOGL,51,80,0.079463,1
BA,51,80,0.048771,3
KC,51,80,0.427945,1
KCRDK,51,80,0.115956,2
KCRDKL,51,80,0.122213,2
KCU,51,80,0.12013,2
KCUD,51,80,0.114808,2
HOG,51,80,0.127018,2
HOGL,51,80,0.116493,2
BA,51,80,0.029629,2
KC,51,80,0.415307,1
KCRDK,51,80,0.067281,1
KCRDKL,51,80,0.067564,1
KCU,51,80,0.065222,1
KCUD,51,80,0.065378,1
HOG,51,80,0.06871,1
HOGL,51,80,0.068495,1
BA,51,80,0.353824,12
KC,51,80,0.138871,1
KCRDK,51,80,0.069906,1
KCRDKL,51,80,0.069142,1
KCU,51,80,0.065696,1
KCUD,51,80,0.066599,1
HOG,51,80,0.071099,1
HOGL,51,80,0.06984,1
BA,51,80,0.069698,4
KC,51,80,0.391568,1
KCRDK,51,80,0.067925,1
KCRDKL,51,80,0.067951,1
KCU,51,80,0.065536,1
KCUD,51,80,0.066414,1
HOG,51,80,0.070493,1
HOGL,51,80,0.069267,1
BA,51,80,0.049321,3
KC,51,80,0.357919,1
KCRDK,51,80,0.071281,1
KCRDKL,51,80,0.067775,1
KCU,51,80,0.06584,1
KCUD,51,80,0.066107,1
HOG,51,80,0.07051,1
HOGL,51,80,0.068169,1
BA,51,80,0.028938,2
KC,51,80,0.494551,1
KCRDK,51,80,0.066895,1
KCRDKL,51,80,0.074586,1
KCU,51,80,0.073031,1
KCUD,51,80,0.066525,1
HOG,51,80,0.069657,1
HOGL,51,80,0.06929,1
BA,51,80,0.029844,2
KC,51,80,0.426014,1
KCRDK,51,80,0.067487,1
KCRDKL,51,80,0.067164,1
KCU,51,80,0.065201,1
KCUD,51,80,0.065687,1
HOG,51,80,0.069906,1
HOGL,51,80,0.067821,1
BA,51,80,0.117381,6
KC,51,80,0.430731,1
KCRDK,51,80,0.118303,2
KCRDKL,51,80,0.125249,2
KCU,51,80,0.112837,2
KCUD,51,80,0.167175,3
HOG,51,80,0.120718,2
HOGL,51,80,0.119004,2
BA,51,80,0.30072,11
KC,51,80,0.237552,1
KCRDK,51,80,0.070512,1
KCRDKL,51,80,0.073286,1
KCU,51,80,0.065408,1
KCUD,51,80,0.065288,1
HOG,51,80,0.075101,1
HOGL,51,80,0.069691,1
BA,51,80,2.41265,17
KC,51,80,0.292968,1
KCRDK,51,80,0.066406,1
KCRDKL,51,80,0.06739,1
KCU,51,80,0.070155,1
KCUD,51,80,0.072756,1
HOG,51,80,0.068428,1
HOGL,51,80,0.067824,1
BA,51,80,0.065361,4
KC,51,80,0.459822,1
KCRDK,51,80,0.110465,2
KCRDKL,51,80,0.110508,2
KCU,51,80,0.115184,2
KCUD,51,80,0.118377,2
HOG,51,80,0.121598,2
HOGL,51,80,0.112779,2
BA,51,100,0.090121,5
KC,51,100,0.39117,1
KCRDK,51,100,0.112098,2
KCRDKL,51,100,0.1201,2
KCU,51,100,0.117079,2
KCUD,51,100,0.119279,2
HOG,51,100,0.122826,2
HOGL,51,100,0.122567,2
BA,51,100,5.31366,5
KC,51,100,0.32075,1
KCRDK,51,100,0.06679,1
KCRDKL,51,100,0.0752,1
KCU,51,100,0.073381,1
KCUD,51,100,0.074054,1
HOG,51,100,0.077357,1
HOGL,51,100,0.07677,1
BA,51,100,0.701053,17
KC,51,100,0.120277,1
KCRDK,51,100,0.079094,1
KCRDKL,51,100,0.077755,1
KCU,51,100,0.073817,1
KCUD,51,100,0.07425,1
HOG,51,100,0.072425,1
HOGL,51,100,0.070828,1
BA,51,100,0.068815,4
KC,51,100,0.488991,1
KCRDK,51,100,0.114468,2
KCRDKL,51,100,0.115254,2
KCU,51,100,0.120858,2
KCUD,51,100,0.123689,2
HOG,51,100,0.126475,2
HOGL,51,100,0.126294,2
BA,51,100,0.400531,13
KC,51,100,0.143419,1
KCRDK,51,100,0.071194,1
KCRDKL,51,100,0.07388,1
KCU,51,100,0.065384,1
KCUD,51,100,0.066507,1
HOG,51,100,0.072226,1
HOGL,51,100,0.07075,1
BA,51,100,0.052226,3
KC,51,100,0.34514,1
KCRDK,51,100,0.075085,1
KCRDKL,51,100,0.066738,1
KCU,51,100,0.065029,1
KCUD,51,100,0.065673,1
HOG,51,100,0.068891,1
HOGL,51,100,0.068741,1
BA,51,100,0.068864,4
KC,51,100,0.463697,1
KCRDK,51,100,0.114499,2
KCRDKL,51,100,0.123365,2
KCU,51,100,0.120414,2
KCUD,51,100,0.12266,2
HOG,51,100,0.129842,2
HOGL,51,100,0.124863,2
BA,51,100,0.093954,5
KC,51,100,0.35095,1
KCRDK,51,100,0.264896,5
KCRDKL,51,100,0.260426,5
KCU,51,100,0.213565,4
KCUD,51,100,0.121788,2
HOG,51,100,0.27322,5
HOGL,51,100,0.263426,5
BA,51,100,0.690743,17
KC,51,100,0.170512,1
KCRDK,51,100,0.071896,1
KCRDKL,51,100,0.080877,1
KCU,51,100,0.065038,1
KCUD,51,100,0.074049,1
HOG,51,100,0.081235,1
HOGL,51,100,0.070514,1
BA,51,100,0.048449,3
KC,51,100,0.413861,1
KCRDK,51,100,0.127216,2
KCRDKL,51,100,0.114939,2
KCU,51,100,0.119742,2
KCUD,51,100,0.121758,2
HOG,51,100,0.126992,2
HOGL,51,100,0.129866,2
BA,51,100,0.029568,2
KC,51,100,0.372418,1
KCRDK,51,100,0.067731,1
KCRDKL,51,100,0.070158,1
KCU,51,100,0.065445,1
KCUD,51,100,0.065821,1
HOG,51,100,0.069828,1
HOGL,51,100,0.069445,1
BA,51,100,0.355658,12
KC,51,100,0.105556,1
KCRDK,51,100,0.070589,1
KCRDKL,51,100,0.074138,1
KCU,51,100,0.065952,1
KCUD,51,100,0.067543,1
HOG,51,100,0.071626,1
HOGL,51,100,0.070551,1
BA,51,100,0.07002,4
KC,51,100,0.298794,1
KCRDK,51,100,0.067193,1
KCRDKL,51,100,0.067656,1
KCU,51,100,0.064601,1
KCUD,51,100,0.06536,1
HOG,51,100,0.069555,1
HOGL,51,100,0.073585,1
BA,51,100,0.048302,3
KC,51,100,0.420704,1
KCRDK,51,100,0.074323,1
KCRDKL,51,100,0.069818,1
KCU,51,100,0.065345,1
KCUD,51,100,0.065827,1
HOG,51,100,0.073352,1
HOGL,51,100,0.068498,1
BA,51,100,0.029452,2
KC,51,100,0.436326,1
KCRDK,51,100,0.067117,1
KCRDKL,51,100,0.067348,1
KCU,51,100,0.065701,1
KCUD,51,100,0.074741,1
HOG,51,100,0.068811,1
HOGL,51,100,0.069176,1
BA,51,100,0.029724,2
KC,51,100,0.432086,1
KCRDK,51,100,0.066919,1
KCRDKL,51,100,0.07497,1
KCU,51,100,0.072224,1
KCUD,51,100,0.073217,1
HOG,51,100,0.076235,1
HOGL,51,100,0.076104,1
BA,51,100,0.118414,6
KC,51,100,0.444422,1
KCRDK,51,100,0.12492,2
KCRDKL,51,100,0.126578,2
KCU,51,100,0.121168,2
KCUD,51,100,0.172633,3
HOG,51,100,0.128372,2
HOGL,51,100,0.126797,2
BA,51,100,0.297767,11
KC,51,100,0.119218,1
KCRDK,51,100,0.071017,1
KCRDKL,51,100,0.073641,1
KCU,51,100,0.065538,1
KCUD,51,100,0.070674,1
HOG,51,100,0.072735,1
HOGL,51,100,0.071249,1
BA,51,100,0.638492,17
KC,51,100,0.153005,1
KCRDK,51,100,0.070415,1
KCRDKL,51,100,0.068458,1
KCU,51,100,0.065413,1
KCUD,51,100,0.066239,1
HOG,51,100,0.07184,1
HOGL,51,100,0.081709,1
BA,51,100,0.069864,4
KC,51,100,0.417981,1
KCRDK,51,100,0.121972,2
KCRDKL,51,100,0.126372,2
KCU,51,100,0.117145,2
KCUD,51,100,0.114749,2
HOG,51,100,0.117917,2
HOGL,51,100,0.118716,2
BA,61,0,0.121954,5
KC,61,0,0.505021,1
KCRDK,61,0,0.173448,2
KCRDKL,61,0,0.175676,2
KCU,61,0,0.170593,2
KCUD,61,0,0.177128,2
HOG,61,0,0.164582,2
HOGL,61,0,0.177992,2
BA,61,0,0.192239,7
KC,61,0,0.464312,1
KCRDK,61,0,0.105762,1
KCRDKL,61,0,0.099857,1
KCU,61,0,0.091629,1
KCUD,61,0,0.092196,1
HOG,61,0,0.096025,1
HOGL,61,0,0.100597,1
BA,61,0,0.780245,17
KC,61,0,0.348055,1
KCRDK,61,0,0.09741,1
KCRDKL,61,0,0.102659,1
KCU,61,0,0.092954,1
KCUD,61,0,0.093681,1
HOG,61,0,0.099209,1
HOGL,61,0,0.098004,1
BA,61,0,0.091285,4
KC,61,0,0.545688,1
KCRDK,61,0,0.173795,2
KCRDKL,61,0,0.17927,2
KCU,61,0,0.162696,2
KCUD,61,0,0.162107,2
HOG,61,0,0.167401,2
HOGL,61,0,0.183,2
BA,61,0,0.485507,13
KC,61,0,0.370854,1
KCRDK,61,0,0.097181,1
KCRDKL,61,0,0.097778,1
KCU,61,0,0.094178,1
KCUD,61,0,0.094156,1
HOG,61,0,0.099597,1
HOGL,61,0,0.103738,1
BA,61,0,0.070408,3
KC,61,0,0.414514,1
KCRDK,61,0,0.107655,1
KCRDKL,61,0,0.095873,1
KCU,61,0,0.095868,1
KCUD,61,0,0.093039,1
HOG,61,0,0.096877,1
HOGL,61,0,0.096556,1
BA,61,0,0.091808,4
KC,61,0,0.495522,1
KCRDK,61,0,0.16538,2
KCRDKL,61,0,0.162122,2
KCU,61,0,0.176499,2
KCUD,61,0,0.166512,2
HOG,61,0,0.16632,2
HOGL,61,0,0.179162,2
BA,61,0,0.12273,5
KC,61,0,0.608104,1
KCRDK,61,0,0.295107,4
KCRDKL,61,0,0.307938,4
KCU,61,0,0.290144,4
KCUD,61,0,0.171432,2
HOG,61,0,0.311935,4
HOGL,61,0,0.301961,4
BA,61,0,19.2181,17
KC,61,0,0.351925,1
KCRDK,61,0,0.095176,1
KCRDKL,61,0,0.094854,1
KCU,61,0,0.091437,1
KCUD,61,0,0.089935,1
HOG,61,0,0.097496,1
HOGL,61,0,0.101369,1
BA,61,0,0.064973,3
KC,61,0,0.503717,1
KCRDK,61,0,0.160973,2
KCRDKL,61,0,0.161409,2
KCU,61,0,0.157474,2
KCUD,61,0,0.161216,2
HOG,61,0,0.16568,2
HOGL,61,0,0.176932,2
BA,61,0,0.039737,2
KC,61,0,0.57704,1
KCRDK,61,0,0.094065,1
KCRDKL,61,0,0.094032,1
KCU,61,0,0.092047,1
KCUD,61,0,0.092971,1
HOG,61,0,0.102551,1
HOGL,61,0,0.096126,1
BA,61,0,0.552953,14
KC,61,0,0.318155,1
KCRDK,61,0,0.09748,1
KCRDKL,61,0,0.097212,1
KCU,61,0,0.093638,1
KCUD,61,0,0.094191,1
HOG,61,0,0.099002,1
HOGL,61,0,0.097933,1
BA,61,0,0.092629,4
KC,61,0,0.421223,1
KCRDK,61,0,0.11311,1
KCRDKL,61,0,0.107194,1
KCU,61,0,0.103124,1
KCUD,61,0,0.103479,1
HOG,61,0,0.109545,1
HOGL,61,0,0.109071,1
BA,61,0,0.070311,3
KC,61,0,0.316845,1
KCRDK,61,0,0.109671,1
KCRDKL,61,0,0.11467,1
KCU,61,0,0.103639,1
KCUD,61,0,0.10596,1
HOG,61,0,0.109066,1
HOGL,61,0,0.108921,1
BA,61,0,0.042581,2
KC,61,0,0.494079,1
KCRDK,61,0,0.108567,1
KCRDKL,61,0,0.109235,1
KCU,61,0,0.104306,1
KCUD,61,0,0.105217,1
HOG,61,0,0.112014,1
HOGL,61,0,0.109951,1
BA,61,0,0.043435,2
KC,61,0,0.345048,1
KCRDK,61,0,0.109366,1
KCRDKL,61,0,0.10773,1
KCU,61,0,0.104132,1
KCUD,61,0,0.104458,1
HOG,61,0,0.111325,1
HOGL,61,0,0.109432,1
BA,61,0,0.201266,7
KC,61,0,0.550195,1
KCRDK,61,0,0.165673,2
KCRDKL,61,0,0.180826,2
KCU,61,0,0.159659,2
KCUD,61,0,0.240557,3
HOG,61,0,0.179569,2
HOGL,61,0,0.182235,2
BA,61,0,0.408905,12
KC,61,0,0.238197,1
KCRDK,61,0,0.098323,1
KCRDKL,61,0,0.097071,1
KCU,61,0,0.093906,1
KCUD,61,0,0.093766,1
HOG,61,0,0.101114,1
HOGL,61,0,0.098562,1
BA,61,0,0.846085,18
KC,61,0,0.34787,1
KCRDK,61,0,0.096202,1
KCRDKL,61,0,0.097074,1
KCU,61,0,0.093139,1
KCUD,61,0,0.093915,1
HOG,61,0,0.099051,1
HOGL,61,0,0.098599,1
BA,61,0,0.092646,4
KC,61,0,0.58641,1
KCRDK,61,0,0.369348,5
KCRDKL,61,0,0.36662,5
KCU,61,0,0.366078,5
KCUD,61,0,0.733539,2
HOG,61,0,0.374919,5
HOGL,61,0,0.375306,5
BA,61,20,0.122375,5
KC,61,20,0.551518,1
KCRDK,61,20,0.162942,2
KCRDKL,61,20,0.1751,2
KCU,61,20,0.165726,2
KCUD,61,20,0.167056,2
HOG,61,20,0.170771,2
HOGL,61,20,0.165083,2
BA,61,20,0.194434,7
KC,61,20,0.516487,1
KCRDK,61,20,0.095445,1
KCRDKL,61,20,0.095004,1
KCU,61,20,0.092698,1
KCUD,61,20,0.09277,1
HOG,61,20,0.096807,1
HOGL,61,20,0.096139,1
BA,61,20,0.782479,17
KC,61,20,2.4577,1
KCRDK,61,20,0.09712,1
KCRDKL,61,20,0.097286,1
KCU,61,20,0.092656,1
KCUD,61,20,0.093664,1
HOG,61,20,0.100129,1
HOGL,61,20,0.098383,1
BA,61,20,0.091873,4
KC,61,20,0.591884,1
KCRDK,61,20,0.163528,2
KCRDKL,61,20,0.175006,2
KCU,61,20,0.172132,2
KCUD,61,20,0.180577,2
HOG,61,20,0.166348,2
HOGL,61,20,0.172527,2
BA,61,20,0.488359,13
KC,61,20,0.395633,1
KCRDK,61,20,0.09597,1
KCRDKL,61,20,0.097558,1
KCU,61,20,0.092311,1
KCUD,61,20,0.093589,1
HOG,61,20,0.098776,1
HOGL,61,20,0.104193,1
BA,61,20,0.064732,3
KC,61,20,0.516642,1
KCRDK,61,20,0.095683,1
KCRDKL,61,20,0.095236,1
KCU,61,20,0.093564,1
KCUD,61,20,0.0947,1
HOG,61,20,0.097866,1
HOGL,61,20,0.103515,1
BA,61,20,0.092287,4
KC,61,20,0.506398,1
KCRDK,61,20,0.161247,2
KCRDKL,61,20,0.161137,2
KCU,61,20,0.169503,2
KCUD,61,20,0.172052,2
HOG,61,20,0.164872,2
HOGL,61,20,0.174719,2
BA,61,20,0.121589,5
KC,61,20,0.549302,1
KCRDK,61,20,0.296439,4
KCRDKL,61,20,0.309433,4
KCU,61,20,0.291015,4
KCUD,61,20,0.171108,2
HOG,61,20,0.314841,4
HOGL,61,20,0.315135,4
BA,61,20,0.791021,17
KC,61,20,0.351209,1
KCRDK,61,20,0.109035,1
KCRDKL,61,20,0.113986,1
KCU,61,20,0.093939,1
KCUD,61,20,0.106123,1
HOG,61,20,0.111652,1
HOGL,61,20,0.117445,1
BA,61,20,0.065742,3
KC,61,20,0.503928,1
KCRDK,61,20,0.173832,2
KCRDKL,61,20,0.173794,2
KCU,61,20,0.159799,2
KCUD,61,20,0.161355,2
HOG,61,20,0.178717,2
HOGL,61,20,0.177389,2
BA,61,20,0.040188,2
KC,61,20,0.576003,1
KCRDK,61,20,0.094427,1
KCRDKL,61,20,0.094929,1
KCU,61,20,0.098961,1
KCUD,61,20,0.094235,1
HOG,61,20,0.103922,1
HOGL,61,20,0.102708,1
BA,61,20,0.550128,14
KC,61,20,0.348965,1
KCRDK,61,20,0.098501,1
KCRDKL,61,20,0.097667,1
KCU,61,20,0.093146,1
KCUD,61,20,0.093931,1
HOG,61,20,0.100759,1
HOGL,61,20,0.099462,1
BA,61,20,0.093105,4
KC,61,20,0.50403,1
KCRDK,61,20,0.094918,1
KCRDKL,61,20,0.095071,1
KCU,61,20,0.091342,1
KCUD,61,20,0.092797,1
HOG,61,20,0.098703,1
HOGL,61,20,0.097542,1
BA,61,20,0.06529,3
KC,61,20,0.556756,1
KCRDK,61,20,0.095196,1
KCRDKL,61,20,0.094448,1
KCU,61,20,0.091961,1
KCUD,61,20,0.093759,1
HOG,61,20,0.097839,1
HOGL,61,20,0.09675,1
BA,61,20,0.039982,2
KC,61,20,0.916948,1
KCRDK,61,20,0.107869,1
KCRDKL,61,20,0.100726,1
KCU,61,20,0.092907,1
KCUD,61,20,0.094365,1
HOG,61,20,0.097116,1
HOGL,61,20,0.097308,1
BA,61,20,0.040743,2
KC,61,20,0.588157,1
KCRDK,61,20,0.100555,1
KCRDKL,61,20,0.09483,1
KCU,61,20,0.092818,1
KCUD,61,20,0.092661,1
HOG,61,20,0.097439,1
HOGL,61,20,0.096189,1
BA,61,20,0.186812,7
KC,61,20,0.56194,1
KCRDK,61,20,0.166492,2
KCRDKL,61,20,0.175884,2
KCU,61,20,0.170917,2
KCUD,61,20,0.241071,3
HOG,61,20,0.181031,2
HOGL,61,20,0.178764,2
BA,61,20,0.410782,12
KC,61,20,0.360944,1
KCRDK,61,20,0.115104,1
KCRDKL,61,20,0.101311,1
KCU,61,20,0.092499,1
KCUD,61,20,0.093696,1
HOG,61,20,0.099384,1
HOGL,61,20,0.097809,1
BA,61,20,0.849756,18
KC,61,20,0.306648,1
KCRDK,61,20,0.097292,1
KCRDKL,61,20,0.096939,1
KCU,61,20,0.093571,1
KCUD,61,20,0.093894,1
HOG,61,20,0.099145,1
HOGL,61,20,0.098533,1
BA,61,20,0.092235,4
KC,61,20,0.497109,1
KCRDK,61,20,0.366879,5
KCRDKL,61,20,0.36752,5
KCU,61,20,0.358676,5
KCUD,61,20,0.161537,2
HOG,61,20,0.373128,5
HOGL,61,20,0.387763,5
BA,61,40,0.121875,5
KC,61,40,0.554925,1
KCRDK,61,40,0.161368,2
KCRDKL,61,40,0.16267,2
KCU,61,40,0.158934,2
KCUD,61,40,0.16185,2
HOG,61,40,0.176378,2
HOGL,61,40,0.179085,2
BA,61,40,0.193982,7
KC,61,40,0.543768,1
KCRDK,61,40,0.107448,1
KCRDKL,61,40,0.095236,1
KCU,61,40,0.10553,1
KCUD,61,40,0.105678,1
HOG,61,40,0.110621,1
HOGL,61,40,0.108733,1
BA,61,40,0.786082,17
KC,61,40,0.397245,1
KCRDK,61,40,0.109028,1
KCRDKL,61,40,0.110047,1
KCU,61,40,0.093268,1
KCUD,61,40,0.094472,1
HOG,61,40,0.098821,1
HOGL,61,40,0.098049,1
BA,61,40,0.091835,4
KC,61,40,0.598529,1
KCRDK,61,40,0.16024,2
KCRDKL,61,40,0.173252,2
KCU,61,40,0.16987,2
KCUD,61,40,0.174253,2
HOG,61,40,0.177005,2
HOGL,61,40,0.175922,2
BA,61,40,0.485558,13
KC,61,40,0.430336,1
KCRDK,61,40,0.096213,1
KCRDKL,61,40,0.097936,1
KCU,61,40,0.09216,1
KCUD,61,40,0.092858,1
HOG,61,40,0.099986,1
HOGL,61,40,0.098878,1
BA,61,40,0.065268,3
KC,61,40,0.463425,1
KCRDK,61,40,0.105793,1
KCRDKL,61,40,0.095863,1
KCU,61,40,0.09317,1
KCUD,61,40,0.094474,1
HOG,61,40,0.097967,1
HOGL,61,40,0.097725,1
BA,61,40,0.092899,4
KC,61,40,0.509902,1
KCRDK,61,40,0.161318,2
KCRDKL,61,40,0.162771,2
KCU,61,40,0.17588,2
KCUD,61,40,0.161605,2
HOG,61,40,0.178787,2
HOGL,61,40,0.1774,2
BA,61,40,0.12427,5
KC,61,40,0.610622,1
KCRDK,61,40,0.308298,4
KCRDKL,61,40,0.309803,4
KCU,61,40,0.302323,4
KCUD,61,40,0.171172,2
HOG,61,40,0.314817,4
HOGL,61,40,0.312854,4
BA,61,40,0.807575,17
KC,61,40,0.363924,1
KCRDK,61,40,0.097704,1
KCRDKL,61,40,0.097444,1
KCU,61,40,0.092773,1
KCUD,61,40,0.093564,1
HOG,61,40,0.099622,1
HOGL,61,40,0.105286,1
BA,61,40,0.065715,3
KC,61,40,0.573257,1
KCRDK,61,40,0.16287,2
KCRDKL,61,40,0.17508,2
KCU,61,40,0.172047,2
KCUD,61,40,0.17303,2
HOG,61,40,0.178546,2
HOGL,61,40,0.182776,2
BA,61,40,0.039833,2
KC,61,40,0.572265,1
KCRDK,61,40,0.105894,1
KCRDKL,61,40,0.101409,1
KCU,61,40,0.092526,1
KCUD,61,40,0.09304,1
HOG,61,40,0.098022,1
HOGL,61,40,0.096854,1
BA,61,40,0.551295,14
KC,61,40,0.422005,1
KCRDK,61,40,0.095586,1
KCRDKL,61,40,0.100818,1
KCU,61,40,0.091713,1
KCUD,61,40,0.092326,1
HOG,61,40,0.098359,1
HOGL,61,40,0.097587,1
BA,61,40,0.091475,4
KC,61,40,0.558196,1
KCRDK,61,40,0.093857,1
KCRDKL,61,40,0.094994,1
KCU,61,40,0.092039,1
KCUD,61,40,0.092909,1
HOG,61,40,0.096831,1
HOGL,61,40,0.095589,1
BA,61,40,0.065036,3
KC,61,40,0.606927,1
KCRDK,61,40,0.094581,1
KCRDKL,61,40,0.095002,1
KCU,61,40,0.093157,1
KCUD,61,40,0.0936,1
HOG,61,40,0.097762,1
HOGL,61,40,0.096883,1
BA,61,40,0.039645,2
KC,61,40,0.518264,1
KCRDK,61,40,0.094405,1
KCRDKL,61,40,0.095403,1
KCU,61,40,0.09311,1
KCUD,61,40,0.093445,1
HOG,61,40,0.097187,1
HOGL,61,40,0.096287,1
BA,61,40,0.040526,2
KC,61,40,0.618332,1
KCRDK,61,40,0.094923,1
KCRDKL,61,40,0.100668,1
KCU,61,40,0.093291,1
KCUD,61,40,0.094547,1
HOG,61,40,0.103658,1
HOGL,61,40,0.097329,1
BA,61,40,0.187447,7
KC,61,40,0.570784,1
KCRDK,61,40,0.163692,2
KCRDKL,61,40,0.174692,2
KCU,61,40,0.169639,2
KCUD,61,40,0.240028,3
HOG,61,40,0.167904,2
HOGL,61,40,0.16487,2
BA,61,40,0.406976,12
KC,61,40,0.407733,1
KCRDK,61,40,0.09658,1
KCRDKL,61,40,0.097708,1
KCU,61,40,0.093286,1
KCUD,61,40,0.098409,1
HOG,61,40,0.099199,1
HOGL,61,40,0.098298,1
BA,61,40,0.847214,18
KC,61,40,0.401073,1
KCRDK,61,40,0.097418,1
KCRDKL,61,40,0.096766,1
KCU,61,40,0.093389,1
KCUD,61,40,0.093826,1
HOG,61,40,0.098774,1
HOGL,61,40,0.097436,1
BA,61,40,0.092019,4
KC,61,40,0.537318,1
KCRDK,61,40,0.364966,5
KCRDKL,61,40,0.376595,5
KCU,61,40,0.359182,5
KCUD,61,40,0.160355,2
HOG,61,40,0.384276,5
HOGL,61,40,0.375907,5
BA,61,60,0.122403,5
KC,61,60,0.583438,1
KCRDK,61,60,0.160352,2
KCRDKL,61,60,0.170549,2
KCU,61,60,0.170722,2
KCUD,61,60,0.161326,2
HOG,61,60,0.176619,2
HOGL,61,60,0.176061,2
BA,61,60,0.192597,7
KC,61,60,0.554509,1
KCRDK,61,60,0.107468,1
KCRDKL,61,60,0.107757,1
KCU,61,60,0.092672,1
KCUD,61,60,0.104976,1
HOG,61,60,0.107941,1
HOGL,61,60,0.095819,1
BA,61,60,0.784869,17
KC,61,60,0.371596,1
KCRDK,61,60,0.109675,1
KCRDKL,61,60,0.109637,1
KCU,61,60,0.093705,1
KCUD,61,60,0.105886,1
HOG,61,60,0.112214,1
HOGL,61,60,0.09878,1
BA,61,60,0.092745,4
KC,61,60,0.564552,1
KCRDK,61,60,0.175433,2
KCRDKL,61,60,0.257806,2
KCU,61,60,0.15662,2
KCUD,61,60,0.172734,2
HOG,61,60,0.177491,2
HOGL,61,60,0.177044,2
BA,61,60,0.488238,13
KC,61,60,0.393637,1
KCRDK,61,60,0.107272,1
KCRDKL,61,60,0.110105,1
KCU,61,60,0.091665,1
KCUD,61,60,0.093464,1
HOG,61,60,0.098608,1
HOGL,61,60,0.097412,1
BA,61,60,0.064805,3
KC,61,60,0.506443,1
KCRDK,61,60,0.106498,1
KCRDKL,61,60,0.093986,1
KCU,61,60,0.093812,1
KCUD,61,60,0.093669,1
HOG,61,60,0.097355,1
HOGL,61,60,0.09661,1
BA,61,60,0.09225,4
KC,61,60,0.646498,1
KCRDK,61,60,0.162854,2
KCRDKL,61,60,0.176078,2
KCU,61,60,0.170942,2
KCUD,61,60,0.162572,2
HOG,61,60,0.17662,2
HOGL,61,60,0.176669,2
BA,61,60,0.122018,5
KC,61,60,0.584217,1
KCRDK,61,60,0.296374,4
KCRDKL,61,60,0.308445,4
KCU,61,60,0.290978,4
KCUD,61,60,0.173129,2
HOG,61,60,0.304627,4
HOGL,61,60,0.301414,4
BA,61,60,0.788605,17
KC,61,60,0.349838,1
KCRDK,61,60,0.109076,1
KCRDKL,61,60,0.103497,1
KCU,61,60,0.093534,1
KCUD,61,60,0.094443,1
HOG,61,60,0.100481,1
HOGL,61,60,0.100972,1
BA,61,60,0.065858,3
KC,61,60,0.508518,1
KCRDK,61,60,0.161055,2
KCRDKL,61,60,0.172422,2
KCU,61,60,0.159481,2
KCUD,61,60,0.172912,2
HOG,61,60,0.177812,2
HOGL,61,60,0.164153,2
BA,61,60,0.039876,2
KC,61,60,0.559403,1
KCRDK,61,60,0.105877,1
KCRDKL,61,60,0.0947,1
KCU,61,60,0.094054,1
KCUD,61,60,0.095686,1
HOG,61,60,0.099077,1
HOGL,61,60,0.097164,1
BA,61,60,0.549595,14
KC,61,60,0.369676,1
KCRDK,61,60,0.109393,1
KCRDKL,61,60,0.097759,1
KCU,61,60,0.093733,1
KCUD,61,60,0.106915,1
HOG,61,60,0.099872,1
HOGL,61,60,0.097863,1
BA,61,60,0.093494,4
KC,61,60,0.451785,1
KCRDK,61,60,0.093875,1
KCRDKL,61,60,0.095791,1
KCU,61,60,0.093025,1
KCUD,61,60,0.112342,1
HOG,61,60,0.097901,1
HOGL,61,60,0.097225,1
BA,61,60,0.065622,3
KC,61,60,0.554669,1
KCRDK,61,60,0.105253,1
KCRDKL,61,60,0.106522,1
KCU,61,60,0.092562,1
KCUD,61,60,0.09382,1
HOG,61,60,0.097311,1
HOGL,61,60,0.096373,1
BA,61,60,0.039662,2
KC,61,60,0.592529,1
KCRDK,61,60,0.09427,1
KCRDKL,61,60,0.096234,1
KCU,61,60,0.093064,1
KCUD,61,60,0.093855,1
HOG,61,60,0.097215,1
HOGL,61,60,0.108238,1
BA,61,60,0.040532,2
KC,61,60,0.536418,1
KCRDK,61,60,0.111028,1
KCRDKL,61,60,0.094181,1
KCU,61,60,0.092819,1
KCUD,61,60,0.106353,1
HOG,61,60,0.109148,1
HOGL,61,60,0.108901,1
BA,61,60,0.188864,7
KC,61,60,0.543089,1
KCRDK,61,60,0.164693,2
KCRDKL,61,60,0.177042,2
KCU,61,60,0.160944,2
KCUD,61,60,0.229725,3
HOG,61,60,0.168306,2
HOGL,61,60,0.166036,2
BA,61,60,0.410741,12
KC,61,60,0.35374,1
KCRDK,61,60,0.096292,1
KCRDKL,61,60,0.096001,1
KCU,61,60,0.092788,1
KCUD,61,60,0.092439,1
HOG,61,60,0.105154,1
HOGL,61,60,0.103541,1
BA,61,60,0.848899,18
KC,61,60,0.332855,1
KCRDK,61,60,0.096918,1
KCRDKL,61,60,0.097578,1
KCU,61,60,0.099209,1
KCUD,61,60,0.093374,1
HOG,61,60,0.09974,1
HOGL,61,60,0.098613,1
BA,61,60,0.0927,4
KC,61,60,0.554682,1
KCRDK,61,60,0.373511,5
KCRDKL,61,60,0.367609,5
KCU,61,60,0.363874,5
KCUD,61,60,0.160698,2
HOG,61,60,0.373386,5
HOGL,61,60,0.371752,5
BA,61,80,0.122878,5
KC,61,80,0.49879,1
KCRDK,61,80,0.173424,2
KCRDKL,61,80,0.174266,2
KCU,61,80,0.170626,2
KCUD,61,80,0.173692,2
HOG,61,80,0.178094,2
HOGL,61,80,0.177694,2
BA,61,80,0.194043,7
KC,61,80,0.512552,1
KCRDK,61,80,0.094331,1
KCRDKL,61,80,0.094729,1
KCU,61,80,0.092763,1
KCUD,61,80,0.093542,1
HOG,61,80,0.096972,1
HOGL,61,80,0.096718,1
BA,61,80,0.788686,17
KC,61,80,0.376062,1
KCRDK,61,80,0.098141,1
KCRDKL,61,80,0.099189,1
KCU,61,80,0.094098,1
KCUD,61,80,0.09571,1
HOG,61,80,0.099762,1
HOGL,61,80,0.0997,1
BA,61,80,0.091726,4
KC,61,80,0.722531,1
KCRDK,61,80,0.163049,2
KCRDKL,61,80,0.173626,2
KCU,61,80,0.171018,2
KCUD,61,80,0.163478,2
HOG,61,80,0.177596,2
HOGL,61,80,0.178138,2
BA,61,80,0.486047,13
KC,61,80,0.405106,1
KCRDK,61,80,0.096254,1
KCRDKL,61,80,0.097529,1
KCU,61,80,0.093186,1
KCUD,61,80,0.117922,1
HOG,61,80,0.098779,1
HOGL,61,80,0.099309,1
BA,61,80,0.064608,3
KC,61,80,0.501816,1
KCRDK,61,80,0.105974,1
KCRDKL,61,80,0.09451,1
KCU,61,80,0.09148,1
KCUD,61,80,0.092469,1
HOG,61,80,0.097045,1
HOGL,61,80,0.096072,1
BA,61,80,0.092078,4
KC,61,80,0.570778,1
KCRDK,61,80,0.173907,2
KCRDKL,61,80,0.176275,2
KCU,61,80,0.16014,2
KCUD,61,80,0.174214,2
HOG,61,80,0.178009,2
HOGL,61,80,0.183222,2
BA,61,80,0.122622,5
KC,61,80,0.654194,1
KCRDK,61,80,0.31206,4
KCRDKL,61,80,0.309167,4
KCU,61,80,0.295235,4
KCUD,61,80,7.62189,2
HOG,61,80,0.313682,4
HOGL,61,80,0.313054,4
BA,61,80,0.786978,17
KC,61,80,0.341368,1
KCRDK,61,80,0.10964,1
KCRDKL,61,80,0.104327,1
KCU,61,80,0.093544,1
KCUD,61,80,0.093939,1
HOG,61,80,0.100835,1
HOGL,61,80,0.100006,1
BA,61,80,0.066164,3
KC,61,80,0.56848,1
KCRDK,61,80,0.164639,2
KCRDKL,61,80,0.163515,2
KCU,61,80,0.172515,2
KCUD,61,80,0.173776,2
HOG,61,80,0.178601,2
HOGL,61,80,0.176769,2
BA,61,80,0.045512,2
KC,61,80,0.514242,1
KCRDK,61,80,0.094548,1
KCRDKL,61,80,0.093964,1
KCU,61,80,0.092535,1
KCUD,61,80,0.093889,1
HOG,61,80,0.09635,1
HOGL,61,80,0.096631,1
BA,61,80,0.546572,14
KC,61,80,0.361295,1
KCRDK,61,80,0.096589,1
KCRDKL,61,80,0.097525,1
KCU,61,80,0.093089,1
KCUD,61,80,0.093382,1
HOG,61,80,0.099718,1
HOGL,61,80,0.103609,1
BA,61,80,0.092662,4
KC,61,80,0.499722,1
KCRDK,61,80,0.094966,1
KCRDKL,61,80,0.095019,1
KCU,61,80,0.092566,1
KCUD,61,80,0.092993,1
HOG,61,80,0.097454,1
HOGL,61,80,0.097299,1
BA,61,80,0.065011,3
KC,61,80,0.617044,1
KCRDK,61,80,0.093949,1
KCRDKL,61,80,0.099161,1
KCU,61,80,0.092971,1
KCUD,61,80,0.093248,1
HOG,61,80,0.097434,1
HOGL,61,80,0.096289,1
BA,61,80,0.040556,2
KC,61,80,0.505564,1
KCRDK,61,80,0.094398,1
KCRDKL,61,80,0.093744,1
KCU,61,80,0.092106,1
KCUD,61,80,0.093236,1
HOG,61,80,0.095736,1
HOGL,61,80,0.096033,1
BA,61,80,0.04079,2
KC,61,80,0.598019,1
KCRDK,61,80,0.094726,1
KCRDKL,61,80,0.09484,1
KCU,61,80,0.093016,1
KCUD,61,80,0.093898,1
HOG,61,80,0.098094,1
HOGL,61,80,0.097552,1
BA,61,80,0.187894,7
KC,61,80,0.555334,1
KCRDK,61,80,0.165846,2
KCRDKL,61,80,0.175841,2
KCU,61,80,0.159238,2
KCUD,61,80,0.23902,3
HOG,61,80,0.167643,2
HOGL,61,80,0.17841,2
BA,61,80,0.408705,12
KC,61,80,0.384836,1
KCRDK,61,80,0.096714,1
KCRDKL,61,80,0.108376,1
KCU,61,80,0.105034,1
KCUD,61,80,0.092308,1
HOG,61,80,0.100665,1
HOGL,61,80,0.09816,1
BA,61,80,0.847031,18
KC,61,80,0.34865,1
KCRDK,61,80,0.09641,1
KCRDKL,61,80,0.097976,1
KCU,61,80,0.092863,1
KCUD,61,80,0.093817,1
HOG,61,80,0.098827,1
HOGL,61,80,0.098053,1
BA,61,80,0.092947,4
KC,61,80,0.556018,1
KCRDK,61,80,0.367382,5
KCRDKL,61,80,0.366084,5
KCU,61,80,0.358208,5
KCUD,61,80,0.172218,2
HOG,61,80,0.387514,5
HOGL,61,80,0.370558,5
BA,61,100,0.123586,5
KC,61,100,0.566473,1
KCRDK,61,100,0.164441,2
KCRDKL,61,100,0.163732,2
KCU,61,100,0.171934,2
KCUD,61,100,0.163909,2
HOG,61,100,0.168037,2
HOGL,61,100,0.165985,2
BA,61,100,0.192913,7
KC,61,100,0.435619,1
KCRDK,61,100,0.093867,1
KCRDKL,61,100,0.09538,1
KCU,61,100,0.092988,1
KCUD,61,100,0.093897,1
HOG,61,100,0.098052,1
HOGL,61,100,0.096647,1
BA,61,100,0.779958,17
KC,61,100,0.205155,1
KCRDK,61,100,0.098947,1
KCRDKL,61,100,0.097369,1
KCU,61,100,0.092402,1
KCUD,61,100,0.093578,1
HOG,61,100,0.100677,1
HOGL,61,100,0.099251,1
BA,61,100,0.091928,4
KC,61,100,0.52366,1
KCRDK,61,100,0.163138,2
KCRDKL,61,100,0.163104,2
KCU,61,100,0.156989,2
KCUD,61,100,0.172431,2
HOG,61,100,0.177075,2
HOGL,61,100,0.176941,2
BA,61,100,0.485153,13
KC,61,100,0.271613,1
KCRDK,61,100,0.099027,1
KCRDKL,61,100,0.097374,1
KCU,61,100,0.092352,1
KCUD,61,100,0.093903,1
HOG,61,100,0.102088,1
HOGL,61,100,0.099355,1
BA,61,100,0.065064,3
KC,61,100,0.482878,1
KCRDK,61,100,0.106202,1
KCRDKL,61,100,0.095162,1
KCU,61,100,0.092733,1
KCUD,61,100,0.094462,1
HOG,61,100,0.098154,1
HOGL,61,100,0.097111,1
BA,61,100,0.091323,4
KC,61,100,0.452498,1
KCRDK,61,100,0.173986,2
KCRDKL,61,100,0.17586,2
KCU,61,100,0.17074,2
KCUD,61,100,0.1611,2
HOG,61,100,0.177342,2
HOGL,61,100,0.178206,2
BA,61,100,0.123054,5
KC,61,100,0.573988,1
KCRDK,61,100,0.296097,4
KCRDKL,61,100,0.314606,4
KCU,61,100,0.292049,4
KCUD,61,100,0.172335,2
HOG,61,100,0.315034,4
HOGL,61,100,0.313497,4
BA,61,100,0.799759,17
KC,61,100,0.156294,1
KCRDK,61,100,0.099804,1
KCRDKL,61,100,0.098119,1
KCU,61,100,0.092464,1
KCUD,61,100,0.092734,1
HOG,61,100,0.10148,1
HOGL,61,100,0.104073,1
BA,61,100,0.065598,3
KC,61,100,0.510226,1
KCRDK,61,100,0.163781,2
KCRDKL,61,100,0.175011,2
KCU,61,100,0.159344,2
KCUD,61,100,0.171811,2
HOG,61,100,0.178077,2
HOGL,61,100,0.182074,2
BA,61,100,0.039852,2
KC,61,100,0.498143,1
KCRDK,61,100,0.095364,1
KCRDKL,61,100,0.095437,1
KCU,61,100,0.092726,1
KCUD,61,100,0.093763,1
HOG,61,100,0.098271,1
HOGL,61,100,0.096831,1
BA,61,100,0.549777,14
KC,61,100,0.13615,1
KCRDK,61,100,0.098314,1
KCRDKL,61,100,0.097051,1
KCU,61,100,0.093045,1
KCUD,61,100,0.093471,1
HOG,61,100,0.100585,1
HOGL,61,100,0.098981,1
BA,61,100,0.092794,4
KC,61,100,0.434436,1
KCRDK,61,100,0.095681,1
KCRDKL,61,100,0.095235,1
KCU,61,100,0.091782,1
KCUD,61,100,0.093678,1
HOG,61,100,0.098236,1
HOGL,61,100,0.096431,1
BA,61,100,0.065105,3
KC,61,100,0.444286,1
KCRDK,61,100,0.106103,1
KCRDKL,61,100,0.093866,1
KCU,61,100,0.092878,1
KCUD,61,100,0.092362,1
HOG,61,100,0.097416,1
HOGL,61,100,0.097317,1
BA,61,100,0.039795,2
KC,61,100,0.555809,1
KCRDK,61,100,0.094638,1
KCRDKL,61,100,0.096559,1
KCU,61,100,0.092534,1
KCUD,61,100,0.094145,1
HOG,61,100,0.096776,1
HOGL,61,100,0.096079,1
BA,61,100,0.040244,2
KC,61,100,0.533126,1
KCRDK,61,100,0.106124,1
KCRDKL,61,100,0.095351,1
KCU,61,100,0.092075,1
KCUD,61,100,0.105406,1
HOG,61,100,0.096367,1
HOGL,61,100,0.095639,1
BA,61,100,0.187419,7
KC,61,100,0.425463,1
KCRDK,61,100,0.17585,2
KCRDKL,61,100,0.175955,2
KCU,61,100,0.160177,2
KCUD,61,100,0.243393,3
HOG,61,100,0.168115,2
HOGL,61,100,0.177577,2
BA,61,100,0.408189,12
KC,61,100,0.15001,1
KCRDK,61,100,0.108857,1
KCRDKL,61,100,0.108305,1
KCU,61,100,0.092273,1
KCUD,61,100,0.104937,1
HOG,61,100,0.110775,1
HOGL,61,100,0.109161,1
BA,61,100,0.84483,18
KC,61,100,0.194222,1
KCRDK,61,100,0.098803,1
KCRDKL,61,100,0.108158,1
KCU,61,100,0.105392,1
KCUD,61,100,0.093482,1
HOG,61,100,0.099367,1
HOGL,61,100,0.097776,1
BA,61,100,0.092951,4
KC,61,100,0.487883,1
KCRDK,61,100,0.366019,5
KCRDKL,61,100,0.364827,5
KCU,61,100,0.368924,5
KCUD,61,100,0.172714,2
HOG,61,100,0.383412,5
HOGL,61,100,0.368582,5
BA,71,0,0.154777,5
KC,71,0,0.553396,1
KCRDK,71,0,0.22,2
KCRDKL,71,0,0.235162,2
KCU,71,0,0.231262,2
KCUD,71,0,0.23515,2
HOG,71,0,0.238065,2
HOGL,71,0,0.238281,2
BA,71,0,0.294216,8
KC,71,0,0.760186,1
KCRDK,71,0,0.144716,1
KCRDKL,71,0,0.136295,1
KCU,71,0,0.128108,1
KCUD,71,0,0.128361,1
HOG,71,0,0.133152,1
HOGL,71,0,0.131349,1
BA,71,0,0.822847,16
KC,71,0,0.486156,1
KCRDK,71,0,0.131905,1
KCRDKL,71,0,0.131854,1
KCU,71,0,0.127866,1
KCUD,71,0,0.128649,1
HOG,71,0,0.133895,1
HOGL,71,0,0.132883,1
BA,71,0,0.116428,4
KC,71,0,2.2301,1
KCRDK,71,0,0.232834,2
KCRDKL,71,0,0.242856,2
KCU,71,0,0.215013,2
KCUD,71,0,0.235077,2
HOG,71,0,0.22369,2
HOGL,71,0,0.238185,2
BA,71,0,0.640645,14
KC,71,0,0.458916,1
KCRDK,71,0,0.131785,1
KCRDKL,71,0,0.131142,1
KCU,71,0,0.128627,1
KCUD,71,0,0.12835,1
HOG,71,0,0.134402,1
HOGL,71,0,0.13373,1
BA,71,0,0.084703,3
KC,71,0,0.720006,1
KCRDK,71,0,0.130134,1
KCRDKL,71,0,0.130019,1
KCU,71,0,0.128019,1
KCUD,71,0,0.128637,1
HOG,71,0,0.132944,1
HOGL,71,0,0.132252,1
BA,71,0,0.118204,4
KC,71,0,1.41993,1
KCRDK,71,0,0.219437,2
KCRDKL,71,0,0.233939,2
KCU,71,0,0.231256,2
KCUD,71,0,0.233237,2
HOG,71,0,0.238963,2
HOGL,71,0,0.238473,2
BA,71,0,6.83937,5
KC,71,0,1.39183,1
KCRDK,71,0,0.490511,5
KCRDKL,71,0,0.502471,5
KCU,71,0,0.495527,5
KCUD,71,0,0.216274,2
HOG,71,0,0.512973,5
HOGL,71,0,0.509437,5
BA,71,0,0.897508,17
KC,71,0,0.471823,1
KCRDK,71,0,0.132344,1
KCRDKL,71,0,0.133656,1
KCU,71,0,0.142879,1
KCUD,71,0,0.142471,1
HOG,71,0,0.14907,1
HOGL,71,0,0.147867,1
BA,71,0,0.083956,3
KC,71,0,1.02293,1
KCRDK,71,0,0.233077,2
KCRDKL,71,0,0.236011,2
KCU,71,0,0.231256,2
KCUD,71,0,0.232652,2
HOG,71,0,0.238349,2
HOGL,71,0,0.221423,2
BA,71,0,0.052932,2
KC,71,0,0.661028,1
KCRDK,71,0,0.142717,1
KCRDKL,71,0,0.144148,1
KCU,71,0,0.141172,1
KCUD,71,0,0.142602,1
HOG,71,0,0.145585,1
HOGL,71,0,0.145604,1
BA,71,0,0.503866,12
KC,71,0,0.407269,1
KCRDK,71,0,0.148037,1
KCRDKL,71,0,0.147401,1
KCU,71,0,0.127406,1
KCUD,71,0,0.14336,1
HOG,71,0,0.149632,1
HOGL,71,0,0.148228,1
BA,71,0,0.118603,4
KC,71,0,1.15123,1
KCRDK,71,0,0.144381,1
KCRDKL,71,0,0.143867,1
KCU,71,0,0.141683,1
KCUD,71,0,0.143462,1
HOG,71,0,0.146339,1
HOGL,71,0,0.145215,1
BA,71,0,0.083961,3
KC,71,0,0.762124,1
KCRDK,71,0,0.142646,1
KCRDKL,71,0,0.149898,1
KCU,71,0,0.125082,1
KCUD,71,0,0.140679,1
HOG,71,0,0.14576,1
HOGL,71,0,0.147115,1
BA,71,0,0.058967,2
KC,71,0,1.28032,1
KCRDK,71,0,0.142213,1
KCRDKL,71,0,0.14335,1
KCU,71,0,0.14035,1
KCUD,71,0,0.141691,1
HOG,71,0,0.146019,1
HOGL,71,0,0.145173,1
BA,71,0,0.088043,3
KC,71,0,0.744175,1
KCRDK,71,0,0.143067,1
KCRDKL,71,0,0.143453,1
KCU,71,0,0.141304,1
KCUD,71,0,0.142001,1
HOG,71,0,0.146743,1
HOGL,71,0,0.145277,1
BA,71,0,0.233694,7
KC,71,0,0.69197,1
KCRDK,71,0,0.224008,2
KCRDKL,71,0,0.238403,2
KCU,71,0,0.235384,2
KCUD,71,0,0.234755,2
HOG,71,0,0.240993,2
HOGL,71,0,0.238977,2
BA,71,0,0.494669,12
KC,71,0,0.449421,1
KCRDK,71,0,0.132669,1
KCRDKL,71,0,0.132415,1
KCU,71,0,0.12997,1
KCUD,71,0,0.128915,1
HOG,71,0,0.135947,1
HOGL,71,0,0.140875,1
BA,71,0,0.977647,18
KC,71,0,0.406998,1
KCRDK,71,0,0.133842,1
KCRDKL,71,0,0.132926,1
KCU,71,0,0.129539,1
KCUD,71,0,0.128902,1
HOG,71,0,0.13545,1
HOGL,71,0,0.134056,1
BA,71,0,0.117371,4
KC,71,0,1.82171,1
KCRDK,71,0,0.400354,4
KCRDKL,71,0,0.418633,4
KCU,71,0,0.412448,4
KCUD,71,0,0.233883,2
HOG,71,0,0.420667,4
HOGL,71,0,0.420072,4
BA,71,20,0.155888,5
KC,71,20,1.40662,1
KCRDK,71,20,0.234729,2
KCRDKL,71,20,0.236521,2
KCU,71,20,0.234271,2
KCUD,71,20,0.236242,2
HOG,71,20,0.240736,2
HOGL,71,20,0.24085,2
BA,71,20,0.294027,8
KC,71,20,1.75125,1
KCRDK,71,20,0.128571,1
KCRDKL,71,20,0.137125,1
KCU,71,20,0.127492,1
KCUD,71,20,0.135607,1
HOG,71,20,0.131589,1
HOGL,71,20,0.131492,1
BA,71,20,0.818163,16
KC,71,20,0.464514,1
KCRDK,71,20,0.133716,1
KCRDKL,71,20,0.133512,1
KCU,71,20,0.137853,1
KCUD,71,20,0.129479,1
HOG,71,20,0.136842,1
HOGL,71,20,0.134952,1
BA,71,20,0.116663,4
KC,71,20,0.862629,1
KCRDK,71,20,0.216568,2
KCRDKL,71,20,0.233817,2
KCU,71,20,0.233247,2
KCUD,71,20,0.236783,2
HOG,71,20,0.239547,2
HOGL,71,20,0.238985,2
BA,71,20,0.637651,14
KC,71,20,0.468013,1
KCRDK,71,20,0.131651,1
KCRDKL,71,20,0.132938,1
KCU,71,20,0.128347,1
KCUD,71,20,0.128838,1
HOG,71,20,0.135206,1
HOGL,71,20,0.134502,1
BA,71,20,0.083418,3
KC,71,20,0.473926,1
KCRDK,71,20,0.131788,1
KCRDKL,71,20,0.132087,1
KCU,71,20,0.127458,1
KCUD,71,20,0.128993,1
HOG,71,20,0.133457,1
HOGL,71,20,0.132893,1
BA,71,20,0.124834,4
KC,71,20,0.780313,1
KCRDK,71,20,0.219506,2
KCRDKL,71,20,0.237342,2
KCU,71,20,0.230686,2
KCUD,71,20,0.232199,2
HOG,71,20,0.239129,2
HOGL,71,20,0.237749,2
BA,71,20,0.155686,5
KC,71,20,0.951277,1
KCRDK,71,20,0.509287,5
KCRDKL,71,20,0.508968,5
KCU,71,20,0.483642,5
KCUD,71,20,0.219906,2
HOG,71,20,0.516755,5
HOGL,71,20,0.513029,5
BA,71,20,0.905867,17
KC,71,20,0.426145,1
KCRDK,71,20,0.132806,1
KCRDKL,71,20,0.133719,1
KCU,71,20,0.135773,1
KCUD,71,20,0.128766,1
HOG,71,20,0.135551,1
HOGL,71,20,0.142957,1
BA,71,20,0.083745,3
KC,71,20,0.713569,1
KCRDK,71,20,0.222112,2
KCRDKL,71,20,0.243363,2
KCU,71,20,0.216021,2
KCUD,71,20,0.235489,2
HOG,71,20,0.242168,2
HOGL,71,20,0.24154,2
BA,71,20,0.052587,2
KC,71,20,0.673858,1
KCRDK,71,20,0.130225,1
KCRDKL,71,20,0.129222,1
KCU,71,20,0.126909,1
KCUD,71,20,0.12702,1
HOG,71,20,0.13223,1
HOGL,71,20,0.13155,1
BA,71,20,0.510308,12
KC,71,20,0.305781,1
KCRDK,71,20,0.132773,1
KCRDKL,71,20,0.133235,1
KCU,71,20,0.128918,1
KCUD,71,20,0.130475,1
HOG,71,20,0.135077,1
HOGL,71,20,0.135433,1
BA,71,20,0.11777,4
KC,71,20,1.84555,1
KCRDK,71,20,0.130491,1
KCRDKL,71,20,0.130131,1
KCU,71,20,0.127379,1
KCUD,71,20,0.128075,1
HOG,71,20,0.132458,1
HOGL,71,20,0.132531,1
BA,71,20,0.083934,3
KC,71,20,1.13487,1
KCRDK,71,20,0.129211,1
KCRDKL,71,20,0.130337,1
KCU,71,20,0.127516,1
KCUD,71,20,0.127642,1
HOG,71,20,0.133118,1
HOGL,71,20,0.132064,1
BA,71,20,0.0511,2
KC,71,20,0.608573,1
KCRDK,71,20,0.129947,1
KCRDKL,71,20,0.129886,1
KCU,71,20,0.128625,1
KCUD,71,20,0.129829,1
HOG,71,20,0.133863,1
HOGL,71,20,0.132591,1
BA,71,20,0.085467,3
KC,71,20,0.657054,1
KCRDK,71,20,0.130218,1
KCRDKL,71,20,0.129592,1
KCU,71,20,0.128118,1
KCUD,71,20,0.129034,1
HOG,71,20,0.132845,1
HOGL,71,20,0.134135,1
BA,71,20,0.234066,7
KC,71,20,0.723272,1
KCRDK,71,20,0.22146,2
KCRDKL,71,20,0.235306,2
KCU,71,20,0.231976,2
KCUD,71,20,0.23422,2
HOG,71,20,0.224096,2
HOGL,71,20,0.238966,2
BA,71,20,0.492338,12
KC,71,20,0.408314,1
KCRDK,71,20,0.132355,1
KCRDKL,71,20,0.131529,1
KCU,71,20,0.127657,1
KCUD,71,20,0.130213,1
HOG,71,20,0.136728,1
HOGL,71,20,0.134024,1
BA,71,20,0.982562,18
KC,71,20,0.432788,1
KCRDK,71,20,0.140402,1
KCRDKL,71,20,0.133403,1
KCU,71,20,0.127386,1
KCUD,71,20,0.128776,1
HOG,71,20,0.134538,1
HOGL,71,20,0.132494,1
BA,71,20,0.116506,4
KC,71,20,0.664079,1
KCRDK,71,20,0.398817,4
KCRDKL,71,20,0.415526,4
KCU,71,20,0.410101,4
KCUD,71,20,0.233724,2
HOG,71,20,0.422381,4
HOGL,71,20,0.42346,4
BA,71,40,0.155398,5
KC,71,40,0.652005,1
KCRDK,71,40,0.220018,2
KCRDKL,71,40,0.237317,2
KCU,71,40,0.229525,2
KCUD,71,40,0.234813,2
HOG,71,40,0.23856,2
HOGL,71,40,0.239691,2
BA,71,40,0.29348,8
KC,71,40,1.00562,1
KCRDK,71,40,0.129917,1
KCRDKL,71,40,0.130786,1
KCU,71,40,0.127324,1
KCUD,71,40,0.128809,1
HOG,71,40,0.132607,1
HOGL,71,40,0.132645,1
BA,71,40,0.824565,16
KC,71,40,0.439438,1
KCRDK,71,40,0.136928,1
KCRDKL,71,40,0.139214,1
KCU,71,40,0.127352,1
KCUD,71,40,0.128056,1
HOG,71,40,0.133183,1
HOGL,71,40,0.133302,1
BA,71,40,0.117237,4
KC,71,40,0.62763,1
KCRDK,71,40,0.218419,2
KCRDKL,71,40,0.232569,2
KCU,71,40,0.232401,2
KCUD,71,40,0.234351,2
HOG,71,40,0.238517,2
HOGL,71,40,0.238004,2
BA,71,40,0.638745,14
KC,71,40,0.508809,1
KCRDK,71,40,0.13092,1
KCRDKL,71,40,0.139681,1
KCU,71,40,0.127157,1
KCUD,71,40,0.128873,1
HOG,71,40,0.134026,1
HOGL,71,40,0.131885,1
BA,71,40,0.082951,3
KC,71,40,0.925834,1
KCRDK,71,40,0.129366,1
KCRDKL,71,40,0.130591,1
KCU,71,40,0.127946,1
KCUD,71,40,0.128751,1
HOG,71,40,0.131709,1
HOGL,71,40,0.130846,1
BA,71,40,0.117243,4
KC,71,40,1.07905,1
KCRDK,71,40,0.219137,2
KCRDKL,71,40,0.235537,2
KCU,71,40,0.232585,2
KCUD,71,40,0.234594,2
HOG,71,40,0.239572,2
HOGL,71,40,0.238592,2
BA,71,40,0.156365,5
KC,71,40,1.28246,1
KCRDK,71,40,0.491673,5
KCRDKL,71,40,0.490956,5
KCU,71,40,0.499052,5
KCUD,71,40,0.217556,2
HOG,71,40,0.517989,5
HOGL,71,40,0.503605,5
BA,71,40,0.903672,17
KC,71,40,0.424883,1
KCRDK,71,40,0.133575,1
KCRDKL,71,40,0.133726,1
KCU,71,40,0.128594,1
KCUD,71,40,0.129192,1
HOG,71,40,0.134737,1
HOGL,71,40,0.134252,1
BA,71,40,0.084608,3
KC,71,40,2.42701,1
KCRDK,71,40,0.218751,2
KCRDKL,71,40,0.23391,2
KCU,71,40,0.231752,2
KCUD,71,40,0.235941,2
HOG,71,40,0.240312,2
HOGL,71,40,0.238838,2
BA,71,40,0.053538,2
KC,71,40,0.628716,1
KCRDK,71,40,0.128964,1
KCRDKL,71,40,0.128609,1
KCU,71,40,0.126184,1
KCUD,71,40,0.127723,1
HOG,71,40,0.133058,1
HOGL,71,40,0.13149,1
BA,71,40,0.500427,12
KC,71,40,0.323857,1
KCRDK,71,40,0.131811,1
KCRDKL,71,40,0.132063,1
KCU,71,40,0.128438,1
KCUD,71,40,0.128926,1
HOG,71,40,0.134768,1
HOGL,71,40,0.134169,1
BA,71,40,0.118512,4
KC,71,40,5.65612,1
KCRDK,71,40,0.130784,1
KCRDKL,71,40,0.129854,1
KCU,71,40,0.127472,1
KCUD,71,40,0.128033,1
HOG,71,40,0.132479,1
HOGL,71,40,0.132032,1
BA,71,40,0.083348,3
KC,71,40,0.847055,1
KCRDK,71,40,0.145038,1
KCRDKL,71,40,0.129935,1
KCU,71,40,0.128096,1
KCUD,71,40,0.129008,1
HOG,71,40,0.133983,1
HOGL,71,40,0.132024,1
BA,71,40,0.052096,2
KC,71,40,1.12443,1
KCRDK,71,40,0.130102,1
KCRDKL,71,40,0.130045,1
KCU,71,40,0.126795,1
KCUD,71,40,0.128274,1
HOG,71,40,0.13209,1
HOGL,71,40,0.131126,1
BA,71,40,0.085154,3
KC,71,40,7.39469,1
KCRDK,71,40,0.14319,1
KCRDKL,71,40,0.129017,1
KCU,71,40,0.126603,1
KCUD,71,40,0.134159,1
HOG,71,40,0.133363,1
HOGL,71,40,0.132032,1
BA,71,40,0.233204,7
KC,71,40,0.97118,1
KCRDK,71,40,0.236928,2
KCRDKL,71,40,0.238123,2
KCU,71,40,0.232402,2
KCUD,71,40,0.234138,2
HOG,71,40,0.24964,2
HOGL,71,40,0.222412,2
BA,71,40,0.494466,12
KC,71,40,0.69049,1
KCRDK,71,40,0.1333,1
KCRDKL,71,40,0.13408,1
KCU,71,40,0.127823,1
KCUD,71,40,0.128146,1
HOG,71,40,0.136774,1
HOGL,71,40,0.133526,1
BA,71,40,0.981475,18
KC,71,40,0.429909,1
KCRDK,71,40,0.132714,1
KCRDKL,71,40,0.132879,1
KCU,71,40,0.128724,1
KCUD,71,40,0.128698,1
HOG,71,40,0.13441,1
HOGL,71,40,0.133101,1
BA,71,40,0.118089,4
KC,71,40,0.836706,1
KCRDK,71,40,0.397851,4
KCRDKL,71,40,0.414659,4
KCU,71,40,0.410551,4
KCUD,71,40,0.232897,2
HOG,71,40,0.421923,4
HOGL,71,40,0.421776,4
BA,71,60,0.155978,5
KC,71,60,0.995255,1
KCRDK,71,60,0.220045,2
KCRDKL,71,60,0.235355,2
KCU,71,60,0.23163,2
KCUD,71,60,0.23612,2
HOG,71,60,0.239422,2
HOGL,71,60,0.2407,2
BA,71,60,0.29342,8
KC,71,60,1.45464,1
KCRDK,71,60,0.129359,1
KCRDKL,71,60,0.129747,1
KCU,71,60,0.126946,1
KCUD,71,60,0.127562,1
HOG,71,60,0.132262,1
HOGL,71,60,0.130799,1
BA,71,60,0.822233,16
KC,71,60,0.453146,1
KCRDK,71,60,0.131596,1
KCRDKL,71,60,0.132041,1
KCU,71,60,0.127436,1
KCUD,71,60,0.128129,1
HOG,71,60,0.141092,1
HOGL,71,60,0.132996,1
BA,71,60,0.11626,4
KC,71,60,1.34889,1
KCRDK,71,60,0.218446,2
KCRDKL,71,60,0.235244,2
KCU,71,60,0.216395,2
KCUD,71,60,0.23466,2
HOG,71,60,0.241342,2
HOGL,71,60,0.239032,2
BA,71,60,0.643986,14
KC,71,60,0.481239,1
KCRDK,71,60,0.130619,1
KCRDKL,71,60,0.130465,1
KCU,71,60,0.126009,1
KCUD,71,60,0.127076,1
HOG,71,60,0.132053,1
HOGL,71,60,0.132342,1
BA,71,60,0.082865,3
KC,71,60,0.525144,1
KCRDK,71,60,0.129031,1
KCRDKL,71,60,0.130098,1
KCU,71,60,0.127362,1
KCUD,71,60,0.127938,1
HOG,71,60,0.131466,1
HOGL,71,60,0.132512,1
BA,71,60,0.116321,4
KC,71,60,0.941117,1
KCRDK,71,60,0.219577,2
KCRDKL,71,60,0.235525,2
KCU,71,60,0.230888,2
KCUD,71,60,0.232102,2
HOG,71,60,0.237338,2
HOGL,71,60,0.237137,2
BA,71,60,0.155066,5
KC,71,60,2.90668,1
KCRDK,71,60,0.490517,5
KCRDKL,71,60,0.48787,5
KCU,71,60,0.479923,5
KCUD,71,60,0.217433,2
HOG,71,60,0.511299,5
HOGL,71,60,0.494965,5
BA,71,60,0.900562,17
KC,71,60,0.462883,1
KCRDK,71,60,0.132745,1
KCRDKL,71,60,0.131968,1
KCU,71,60,0.127007,1
KCUD,71,60,0.127736,1
HOG,71,60,0.133675,1
HOGL,71,60,0.134263,1
BA,71,60,0.083366,3
KC,71,60,7.98034,1
KCRDK,71,60,0.220889,2
KCRDKL,71,60,0.237234,2
KCU,71,60,0.233671,2
KCUD,71,60,0.236545,2
HOG,71,60,0.241209,2
HOGL,71,60,0.239183,2
BA,71,60,0.05314,2
KC,71,60,0.785849,1
KCRDK,71,60,0.144765,1
KCRDKL,71,60,0.136918,1
KCU,71,60,0.126942,1
KCUD,71,60,0.127535,1
HOG,71,60,0.138565,1
HOGL,71,60,0.131951,1
BA,71,60,0.502868,12
KC,71,60,0.426306,1
KCRDK,71,60,0.137928,1
KCRDKL,71,60,0.131151,1
KCU,71,60,0.126875,1
KCUD,71,60,0.12861,1
HOG,71,60,0.140358,1
HOGL,71,60,0.132295,1
BA,71,60,0.117314,4
KC,71,60,0.790685,1
KCRDK,71,60,0.129611,1
KCRDKL,71,60,0.128471,1
KCU,71,60,0.126288,1
KCUD,71,60,0.127542,1
HOG,71,60,0.131252,1
HOGL,71,60,0.132059,1
BA,71,60,0.083884,3
KC,71,60,0.745645,1
KCRDK,71,60,0.143609,1
KCRDKL,71,60,0.130184,1
KCU,71,60,0.126701,1
KCUD,71,60,0.128084,1
HOG,71,60,0.131662,1
HOGL,71,60,0.130443,1
BA,71,60,0.051428,2
KC,71,60,2.64867,1
KCRDK,71,60,0.128978,1
KCRDKL,71,60,0.12904,1
KCU,71,60,0.127703,1
KCUD,71,60,0.127139,1
HOG,71,60,0.138803,1
HOGL,71,60,0.131682,1
BA,71,60,0.08559,3
KC,71,60,1.65632,1
KCRDK,71,60,0.12854,1
KCRDKL,71,60,0.128624,1
KCU,71,60,0.126389,1
KCUD,71,60,0.127676,1
HOG,71,60,0.132032,1
HOGL,71,60,0.131971,1
BA,71,60,0.233677,7
KC,71,60,2.01683,1
KCRDK,71,60,0.224006,2
KCRDKL,71,60,0.257201,2
KCU,71,60,0.232358,2
KCUD,71,60,0.232395,2
HOG,71,60,0.241042,2
HOGL,71,60,0.240073,2
BA,71,60,0.4942,12
KC,71,60,0.455113,1
KCRDK,71,60,0.147043,1
KCRDKL,71,60,0.139256,1
KCU,71,60,0.128253,1
KCUD,71,60,0.127898,1
HOG,71,60,0.135428,1
HOGL,71,60,0.136026,1
BA,71,60,0.98235,18
KC,71,60,0.432231,1
KCRDK,71,60,0.131744,1
KCRDKL,71,60,0.131386,1
KCU,71,60,0.126715,1
KCUD,71,60,0.128551,1
HOG,71,60,0.134291,1
HOGL,71,60,0.131666,1
BA,71,60,0.116028,4
KC,71,60,0.741046,1
KCRDK,71,60,0.395774,4
KCRDKL,71,60,0.396308,4
KCU,71,60,0.407983,4
KCUD,71,60,0.233885,2
HOG,71,60,0.419593,4
HOGL,71,60,0.405187,4
BA,71,80,0.1636,5
KC,71,80,0.603443,1
KCRDK,71,80,0.22122,2
KCRDKL,71,80,0.238631,2
KCU,71,80,0.233713,2
KCUD,71,80,0.235347,2
HOG,71,80,0.239585,2
HOGL,71,80,0.221931,2
BA,71,80,0.293253,8
KC,71,80,0.688678,1
KCRDK,71,80,0.129368,1
KCRDKL,71,80,0.129441,1
KCU,71,80,0.127012,1
KCUD,71,80,0.129397,1
HOG,71,80,0.132883,1
HOGL,71,80,0.131254,1
BA,71,80,0.821396,16
KC,71,80,0.444022,1
KCRDK,71,80,0.132171,1
KCRDKL,71,80,0.132561,1
KCU,71,80,0.128875,1
KCUD,71,80,0.128973,1
HOG,71,80,0.134535,1
HOGL,71,80,0.132365,1
BA,71,80,0.118114,4
KC,71,80,2.01712,1
KCRDK,71,80,0.219901,2
KCRDKL,71,80,0.235339,2
KCU,71,80,0.231726,2
KCUD,71,80,0.236433,2
HOG,71,80,0.239185,2
HOGL,71,80,0.22193,2
BA,71,80,0.638254,14
KC,71,80,0.503461,1
KCRDK,71,80,0.13111,1
KCRDKL,71,80,0.131858,1
KCU,71,80,0.127454,1
KCUD,71,80,0.128221,1
HOG,71,80,0.14082,1
HOGL,71,80,0.140203,1
BA,71,80,0.084392,3
KC,71,80,0.844001,1
KCRDK,71,80,0.144417,1
KCRDKL,71,80,0.130352,1
KCU,71,80,0.126969,1
KCUD,71,80,0.127719,1
HOG,71,80,0.131597,1
HOGL,71,80,0.131215,1
BA,71,80,0.117701,4
KC,71,80,0.653119,1
KCRDK,71,80,0.217949,2
KCRDKL,71,80,0.234215,2
KCU,71,80,0.231738,2
KCUD,71,80,0.233172,2
HOG,71,80,0.239621,2
HOGL,71,80,0.221132,2
BA,71,80,0.155814,5
KC,71,80,1.8489,1
KCRDK,71,80,0.489353,5
KCRDKL,71,80,0.507578,5
KCU,71,80,0.500674,5
KCUD,71,80,0.217272,2
HOG,71,80,0.515304,5
HOGL,71,80,0.513266,5
BA,71,80,0.904672,17
KC,71,80,0.465459,1
KCRDK,71,80,0.132843,1
KCRDKL,71,80,0.1331,1
KCU,71,80,0.128627,1
KCUD,71,80,0.128325,1
HOG,71,80,0.13524,1
HOGL,71,80,0.134861,1
BA,71,80,0.083975,3
KC,71,80,0.921957,1
KCRDK,71,80,0.218724,2
KCRDKL,71,80,0.234845,2
KCU,71,80,0.230689,2
KCUD,71,80,0.233522,2
HOG,71,80,0.238602,2
HOGL,71,80,0.239975,2
BA,71,80,0.053167,2
KC,71,80,0.772233,1
KCRDK,71,80,0.129716,1
KCRDKL,71,80,0.136051,1
KCU,71,80,0.127429,1
KCUD,71,80,0.128164,1
HOG,71,80,0.132327,1
HOGL,71,80,0.867143,1
BA,71,80,0.50118,12
KC,71,80,0.426914,1
KCRDK,71,80,0.130679,1
KCRDKL,71,80,0.130211,1
KCU,71,80,0.126462,1
KCUD,71,80,0.127067,1
HOG,71,80,0.132473,1
HOGL,71,80,0.132342,1
BA,71,80,0.1182,4
KC,71,80,0.954479,1
KCRDK,71,80,0.130963,1
KCRDKL,71,80,0.130157,1
KCU,71,80,0.127609,1
KCUD,71,80,0.128301,1
HOG,71,80,0.132847,1
HOGL,71,80,0.132927,1
BA,71,80,0.083296,3
KC,71,80,0.827538,1
KCRDK,71,80,0.144438,1
KCRDKL,71,80,0.128592,1
KCU,71,80,0.126395,1
KCUD,71,80,0.184634,1
HOG,71,80,0.128718,1
HOGL,71,80,0.13025,1
BA,71,80,0.058715,2
KC,71,80,1.87394,1
KCRDK,71,80,0.14499,1
KCRDKL,71,80,0.129999,1
KCU,71,80,0.126497,1
KCUD,71,80,0.127571,1
HOG,71,80,0.131231,1
HOGL,71,80,0.131832,1
BA,71,80,0.084082,3
KC,71,80,1.93403,1
KCRDK,71,80,0.144193,1
KCRDKL,71,80,0.128353,1
KCU,71,80,0.126254,1
KCUD,71,80,0.127805,1
HOG,71,80,0.131722,1
HOGL,71,80,0.131497,1
BA,71,80,0.233979,7
KC,71,80,1.26683,1
KCRDK,71,80,0.223872,2
KCRDKL,71,80,0.239074,2
KCU,71,80,0.23318,2
KCUD,71,80,0.231728,2
HOG,71,80,0.224076,2
HOGL,71,80,0.237783,2
BA,71,80,0.490825,12
KC,71,80,0.491392,1
KCRDK,71,80,0.131642,1
KCRDKL,71,80,0.131472,1
KCU,71,80,0.12677,1
KCUD,71,80,0.129115,1
HOG,71,80,0.136154,1
HOGL,71,80,0.132949,1
BA,71,80,0.98319,18
KC,71,80,0.424738,1
KCRDK,71,80,0.131311,1
KCRDKL,71,80,0.132173,1
KCU,71,80,0.127097,1
KCUD,71,80,0.12766,1
HOG,71,80,0.13353,1
HOGL,71,80,0.133508,1
BA,71,80,0.117263,4
KC,71,80,0.825078,1
KCRDK,71,80,0.398564,4
KCRDKL,71,80,0.416621,4
KCU,71,80,0.394723,4
KCUD,71,80,0.23399,2
HOG,71,80,0.406518,4
HOGL,71,80,0.417624,4
BA,71,100,0.154958,5
KC,71,100,0.768244,1
KCRDK,71,100,0.234927,2
KCRDKL,71,100,0.221329,2
KCU,71,100,0.231755,2
KCUD,71,100,0.234391,2
HOG,71,100,0.239857,2
HOGL,71,100,0.238226,2
BA,71,100,0.295733,8
KC,71,100,0.534666,1
KCRDK,71,100,0.129115,1
KCRDKL,71,100,0.128808,1
KCU,71,100,13.0271,1
KCUD,71,100,0.128671,1
HOG,71,100,0.129668,1
HOGL,71,100,0.133574,1
BA,71,100,0.822432,16
KC,71,100,0.389055,1
KCRDK,71,100,0.133629,1
KCRDKL,71,100,0.132236,1
KCU,71,100,0.12693,1
KCUD,71,100,0.127288,1
HOG,71,100,0.135609,1
HOGL,71,100,0.132564,1
BA,71,100,0.117521,4
KC,71,100,0.807358,1
KCRDK,71,100,0.219604,2
KCRDKL,71,100,0.235702,2
KCU,71,100,0.216103,2
KCUD,71,100,0.233336,2
HOG,71,100,0.238122,2
HOGL,71,100,0.22101,2
BA,71,100,0.640148,14
KC,71,100,0.406281,1
KCRDK,71,100,0.141148,1
KCRDKL,71,100,0.131657,1
KCU,71,100,0.127866,1
KCUD,71,100,0.128369,1
HOG,71,100,0.135122,1
HOGL,71,100,0.137885,1
BA,71,100,0.083155,3
KC,71,100,0.75346,1
KCRDK,71,100,0.12946,1
KCRDKL,71,100,0.129276,1
KCU,71,100,0.127163,1
KCUD,71,100,0.12769,1
HOG,71,100,0.131062,1
HOGL,71,100,0.131099,1
BA,71,100,0.116667,4
KC,71,100,1.25253,1
KCRDK,71,100,0.219441,2
KCRDKL,71,100,0.233657,2
KCU,71,100,0.230892,2
KCUD,71,100,0.23317,2
HOG,71,100,0.23857,2
HOGL,71,100,0.23855,2
BA,71,100,0.157524,5
KC,71,100,1.14889,1
KCRDK,71,100,0.505048,5
KCRDKL,71,100,0.49286,5
KCU,71,100,0.486066,5
KCUD,71,100,0.233683,2
HOG,71,100,0.514486,5
HOGL,71,100,0.507784,5
BA,71,100,0.90253,17
KC,71,100,0.252816,1
KCRDK,71,100,0.135412,1
KCRDKL,71,100,0.133114,1
KCU,71,100,0.127798,1
KCUD,71,100,0.128119,1
HOG,71,100,0.136816,1
HOGL,71,100,0.135479,1
BA,71,100,0.084895,3
KC,71,100,1.22247,1
KCRDK,71,100,0.22065,2
KCRDKL,71,100,0.236309,2
KCU,71,100,0.231457,2
KCUD,71,100,0.232567,2
HOG,71,100,0.238458,2
HOGL,71,100,0.239361,2
BA,71,100,0.052684,2
KC,71,100,1.16701,1
KCRDK,71,100,0.13039,1
KCRDKL,71,100,0.137763,1
KCU,71,100,0.127839,1
KCUD,71,100,0.128287,1
HOG,71,100,0.132318,1
HOGL,71,100,0.132003,1
BA,71,100,0.509675,12
KC,71,100,0.202376,1
KCRDK,71,100,0.132605,1
KCRDKL,71,100,0.13161,1
KCU,71,100,0.127468,1
KCUD,71,100,0.128035,1
HOG,71,100,0.13636,1
HOGL,71,100,0.133888,1
BA,71,100,0.117429,4
KC,71,100,0.695629,1
KCRDK,71,100,0.130019,1
KCRDKL,71,100,0.130599,1
KCU,71,100,0.127492,1
KCUD,71,100,0.129436,1
HOG,71,100,0.132519,1
HOGL,71,100,0.132017,1
BA,71,100,0.084978,3
KC,71,100,1.10184,1
KCRDK,71,100,0.143883,1
KCRDKL,71,100,0.129604,1
KCU,71,100,0.127213,1
KCUD,71,100,0.170842,1
HOG,71,100,0.131356,1
HOGL,71,100,0.130187,1
BA,71,100,0.051111,2
KC,71,100,0.87008,1
KCRDK,71,100,0.130277,1
KCRDKL,71,100,0.131301,1
KCU,71,100,0.136257,1
KCUD,71,100,0.12924,1
HOG,71,100,0.132743,1
HOGL,71,100,0.133252,1
BA,71,100,0.085725,3
KC,71,100,1.49087,1
KCRDK,71,100,0.130325,1
KCRDKL,71,100,0.130608,1
KCU,71,100,0.127238,1
KCUD,71,100,0.129702,1
HOG,71,100,0.132627,1
HOGL,71,100,0.133026,1
BA,71,100,0.232992,7
KC,71,100,0.890076,1
KCRDK,71,100,0.222257,2
KCRDKL,71,100,0.238562,2
KCU,71,100,0.234161,2
KCUD,71,100,0.236105,2
HOG,71,100,0.241696,2
HOGL,71,100,0.238564,2
BA,71,100,0.498761,12
KC,71,100,0.222509,1
KCRDK,71,100,0.132746,1
KCRDKL,71,100,0.131849,1
KCU,71,100,0.126678,1
KCUD,71,100,0.127986,1
HOG,71,100,0.134429,1
HOGL,71,100,0.132645,1
BA,71,100,0.985838,18
KC,71,100,13.7105,1
KCRDK,71,100,0.152962,1
KCRDKL,71,100,0.149397,1
KCU,71,100,0.142713,1
KCUD,71,100,0.143281,1
HOG,71,100,0.168556,1
HOGL,71,100,0.140676,1
BA,71,100,0.113077,4
KC,71,100,1.10282,1
KCRDK,71,100,0.389747,4
KCRDKL,71,100,0.404827,4
KCU,71,100,0.382851,4
KCUD,71,100,0.227561,2
HOG,71,100,0.408203,4
HOGL,71,100,0.408259,4
BA,81,0,0.187622,5
KC,81,0,0.961139,1
KCRDK,81,0,0.277897,2
KCRDKL,81,0,0.296437,2
KCU,81,0,0.290744,2
KCUD,81,0,0.295513,2
HOG,81,0,0.300759,2
HOGL,81,0,0.298969,2
BA,81,0,0.238859,6
KC,81,0,0.703999,1
KCRDK,81,0,0.163771,1
KCRDKL,81,0,0.163274,1
KCU,81,0,0.163407,1
KCUD,81,0,0.164639,1
HOG,81,0,0.169355,1
HOGL,81,0,0.16806,1
BA,81,0,0.90186,16
KC,81,0,0.348927,1
KCRDK,81,0,0.167613,1
KCRDKL,81,0,0.16757,1
KCU,81,0,0.162298,1
KCUD,81,0,0.16324,1
HOG,81,0,0.170198,1
HOGL,81,0,0.170789,1
BA,81,0,0.143267,4
KC,81,0,0.978494,1
KCRDK,81,0,0.275052,2
KCRDKL,81,0,0.292637,2
KCU,81,0,0.299121,2
KCUD,81,0,0.272847,2
HOG,81,0,0.29922,2
HOGL,81,0,0.299668,2
BA,81,0,0.651595,13
KC,81,0,0.366216,1
KCRDK,81,0,0.16528,1
KCRDKL,81,0,0.166243,1
KCU,81,0,0.161435,1
KCUD,81,0,0.162238,1
HOG,81,0,0.168858,1
HOGL,81,0,0.167406,1
BA,81,0,0.103588,3
KC,81,0,1.18471,1
KCRDK,81,0,0.165374,1
KCRDKL,81,0,0.163752,1
KCU,81,0,0.160657,1
KCUD,81,0,0.160852,1
HOG,81,0,0.166574,1
HOGL,81,0,0.166918,1
BA,81,0,0.144455,4
KC,81,0,1.292,1
KCRDK,81,0,0.280208,2
KCRDKL,81,0,0.296328,2
KCU,81,0,0.291507,2
KCUD,81,0,0.294942,2
HOG,81,0,0.301366,2
HOGL,81,0,0.299497,2
BA,81,0,0.235678,6
KC,81,0,1.63341,1
KCRDK,81,0,0.505958,4
KCRDKL,81,0,0.639222,5
KCU,81,0,0.498745,4
KCUD,81,0,0.293974,2
HOG,81,0,0.532849,4
HOGL,81,0,0.641526,5
BA,81,0,1.12728,18
KC,81,0,0.350914,1
KCRDK,81,0,0.170387,1
KCRDKL,81,0,0.169306,1
KCU,81,0,0.163156,1
KCUD,81,0,0.163653,1
HOG,81,0,0.171114,1
HOGL,81,0,0.173178,1
BA,81,0,0.102065,3
KC,81,0,0.796985,1
KCRDK,81,0,0.274345,2
KCRDKL,81,0,0.296204,2
KCU,81,0,0.290792,2
KCUD,81,0,0.29343,2
HOG,81,0,0.298964,2
HOGL,81,0,0.297098,2
BA,81,0,0.063595,2
KC,81,0,0.78083,1
KCRDK,81,0,0.184575,1
KCRDKL,81,0,0.16443,1
KCU,81,0,0.161759,1
KCUD,81,0,0.164025,1
HOG,81,0,0.166907,1
HOGL,81,0,0.16722,1
BA,81,0,0.589833,12
KC,81,0,0.426418,1
KCRDK,81,0,0.168734,1
KCRDKL,81,0,0.169143,1
KCU,81,0,0.163154,1
KCUD,81,0,0.165391,1
HOG,81,0,0.172625,1
HOGL,81,0,0.172246,1
BA,81,0,0.144194,4
KC,81,0,1.12936,1
KCRDK,81,0,0.167048,1
KCRDKL,81,0,0.166988,1
KCU,81,0,0.162446,1
KCUD,81,0,0.162955,1
HOG,81,0,0.178414,1
HOGL,81,0,0.168971,1
BA,81,0,0.102314,3
KC,81,0,0.743541,1
KCRDK,81,0,0.168605,1
KCRDKL,81,0,0.166972,1
KCU,81,0,0.165119,1
KCUD,81,0,0.165922,1
HOG,81,0,0.178117,1
HOGL,81,0,0.168644,1
BA,81,0,0.063371,2
KC,81,0,1.2918,1
KCRDK,81,0,0.165791,1
KCRDKL,81,0,0.165999,1
KCU,81,0,0.163013,1
KCUD,81,0,0.164617,1
HOG,81,0,0.177719,1
HOGL,81,0,0.167785,1
BA,81,0,0.063723,2
KC,81,0,0.874843,1
KCRDK,81,0,0.162202,1
KCRDKL,81,0,0.172728,1
KCU,81,0,0.159166,1
KCUD,81,0,0.160579,1
HOG,81,0,0.165815,1
HOGL,81,0,0.164178,1
BA,81,0,0.286425,7
KC,81,0,0.857533,1
KCRDK,81,0,0.278701,2
KCRDKL,81,0,0.299403,2
KCU,81,0,0.273713,2
KCUD,81,0,0.408145,3
HOG,81,0,0.283277,2
HOGL,81,0,0.3023,2
BA,81,0,0.507253,11
KC,81,0,0.515956,1
KCRDK,81,0,0.166974,1
KCRDKL,81,0,0.175894,1
KCU,81,0,0.172627,1
KCUD,81,0,0.162984,1
HOG,81,0,0.171157,1
HOGL,81,0,0.169858,1
BA,81,0,13.092,17
KC,81,0,0.404236,1
KCRDK,81,0,0.16929,1
KCRDKL,81,0,0.168845,1
KCU,81,0,0.164199,1
KCUD,81,0,0.164387,1
HOG,81,0,0.170978,1
HOGL,81,0,0.169459,1
BA,81,0,0.143197,4
KC,81,0,0.672205,1
KCRDK,81,0,0.626077,5
KCRDKL,81,0,0.61946,5
KCU,81,0,0.629393,5
KCUD,81,0,0.291123,2
HOG,81,0,0.669947,5
HOGL,81,0,0.630308,5
BA,81,20,0.186149,5
KC,81,20,0.941573,1
KCRDK,81,20,0.280001,2
KCRDKL,81,20,0.295874,2
KCU,81,20,0.293801,2
KCUD,81,20,0.295152,2
HOG,81,20,0.300964,2
HOGL,81,20,0.301587,2
BA,81,20,0.240583,6
KC,81,20,0.847321,1
KCRDK,81,20,0.167346,1
KCRDKL,81,20,0.166962,1
KCU,81,20,0.16413,1
KCUD,81,20,0.165869,1
HOG,81,20,0.16899,1
HOGL,81,20,0.16779,1
BA,81,20,0.902636,16
KC,81,20,0.475163,1
KCRDK,81,20,0.168507,1
KCRDKL,81,20,6.89316,1
KCU,81,20,0.16509,1
KCUD,81,20,0.167031,1
HOG,81,20,0.172398,1
HOGL,81,20,0.172059,1
BA,81,20,0.143519,4
KC,81,20,0.772421,1
KCRDK,81,20,0.277787,2
KCRDKL,81,20,0.298221,2
KCU,81,20,0.296694,2
KCUD,81,20,0.295299,2
HOG,81,20,0.300485,2
HOGL,81,20,0.429321,2
BA,81,20,0.652965,13
KC,81,20,0.451414,1
KCRDK,81,20,0.165288,1
KCRDKL,81,20,0.165814,1
KCU,81,20,0.162955,1
KCUD,81,20,0.162137,1
HOG,81,20,0.177736,1
HOGL,81,20,0.169067,1
BA,81,20,0.103699,3
KC,81,20,0.630602,1
KCRDK,81,20,0.163925,1
KCRDKL,81,20,0.164781,1
KCU,81,20,0.16105,1
KCUD,81,20,0.161947,1
HOG,81,20,0.167818,1
HOGL,81,20,0.16727,1
BA,81,20,0.143147,4
KC,81,20,0.630703,1
KCRDK,81,20,0.29414,2
KCRDKL,81,20,0.294732,2
KCU,81,20,0.29414,2
KCUD,81,20,0.298089,2
HOG,81,20,0.30301,2
HOGL,81,20,0.298658,2
BA,81,20,0.240282,6
KC,81,20,0.792138,1
KCRDK,81,20,0.50602,4
KCRDKL,81,20,0.644489,5
KCU,81,20,0.514805,4
KCUD,81,20,0.294451,2
HOG,81,20,0.53158,4
HOGL,81,20,0.646526,5
BA,81,20,1.12609,18
KC,81,20,0.412489,1
KCRDK,81,20,0.16971,1
KCRDKL,81,20,0.168829,1
KCU,81,20,0.163717,1
KCUD,81,20,0.162689,1
HOG,81,20,0.171996,1
HOGL,81,20,0.170292,1
BA,81,20,0.10407,3
KC,81,20,0.794607,1
KCRDK,81,20,0.276574,2
KCRDKL,81,20,0.273652,2
KCU,81,20,0.291534,2
KCUD,81,20,0.293684,2
HOG,81,20,0.299381,2
HOGL,81,20,0.29943,2
BA,81,20,0.080173,2
KC,81,20,1.72585,1
KCRDK,81,20,0.16371,1
KCRDKL,81,20,0.161543,1
KCU,81,20,0.159207,1
KCUD,81,20,0.159149,1
HOG,81,20,0.164912,1
HOGL,81,20,0.16407,1
BA,81,20,0.590302,12
KC,81,20,0.36115,1
KCRDK,81,20,0.166189,1
KCRDKL,81,20,0.177555,1
KCU,81,20,0.162524,1
KCUD,81,20,0.162744,1
HOG,81,20,0.168877,1
HOGL,81,20,0.168719,1
BA,81,20,0.144049,4
KC,81,20,0.760956,1
KCRDK,81,20,0.163809,1
KCRDKL,81,20,0.16369,1
KCU,81,20,0.162531,1
KCUD,81,20,0.162339,1
HOG,81,20,0.167482,1
HOGL,81,20,0.167116,1
BA,81,20,0.103283,3
KC,81,20,0.681282,1
KCRDK,81,20,0.16307,1
KCRDKL,81,20,0.163074,1
KCU,81,20,0.160175,1
KCUD,81,20,0.162438,1
HOG,81,20,0.165299,1
HOGL,81,20,0.168005,1
BA,81,20,0.062552,2
KC,81,20,0.71417,1
KCRDK,81,20,0.164591,1
KCRDKL,81,20,0.173673,1
KCU,81,20,0.161948,1
KCUD,81,20,0.163681,1
HOG,81,20,0.167246,1
HOGL,81,20,0.16684,1
BA,81,20,0.064009,2
KC,81,20,0.802836,1
KCRDK,81,20,0.1802,1
KCRDKL,81,20,0.180411,1
KCU,81,20,0.177397,1
KCUD,81,20,0.178385,1
HOG,81,20,0.19171,1
HOGL,81,20,0.164445,1
BA,81,20,0.279609,7
KC,81,20,0.694183,1
KCRDK,81,20,0.29914,2
KCRDKL,81,20,0.300155,2
KCU,81,20,0.292151,2
KCUD,81,20,0.407886,3
HOG,81,20,0.303721,2
HOGL,81,20,0.300038,2
BA,81,20,0.509714,11
KC,81,20,0.522331,1
KCRDK,81,20,0.165414,1
KCRDKL,81,20,0.164217,1
KCU,81,20,0.158939,1
KCUD,81,20,0.160399,1
HOG,81,20,0.177592,1
HOGL,81,20,0.167176,1
BA,81,20,0.98909,17
KC,81,20,0.415398,1
KCRDK,81,20,0.165308,1
KCRDKL,81,20,0.165575,1
KCU,81,20,0.160367,1
KCUD,81,20,0.160751,1
HOG,81,20,0.18662,1
HOGL,81,20,0.184653,1
BA,81,20,0.14587,4
KC,81,20,0.68572,1
KCRDK,81,20,0.619626,5
KCRDKL,81,20,0.613009,5
KCU,81,20,0.616015,5
KCUD,81,20,0.278887,2
HOG,81,20,0.672259,5
HOGL,81,20,0.648134,5
BA,81,40,0.18884,5
KC,81,40,0.856832,1
KCRDK,81,40,0.296957,2
KCRDKL,81,40,0.297753,2
KCU,81,40,0.294919,2
KCUD,81,40,0.296901,2
HOG,81,40,0.300665,2
HOGL,81,40,0.297864,2
BA,81,40,0.237966,6
KC,81,40,0.889953,1
KCRDK,81,40,0.164692,1
KCRDKL,81,40,0.164159,1
KCU,81,40,0.161877,1
KCUD,81,40,0.162086,1
HOG,81,40,0.167486,1
HOGL,81,40,0.16586,1
BA,81,40,0.904554,16
KC,81,40,0.463499,1
KCRDK,81,40,0.167173,1
KCRDKL,81,40,0.166303,1
KCU,81,40,0.162802,1
KCUD,81,40,0.163551,1
HOG,81,40,0.169803,1
HOGL,81,40,0.16903,1
BA,81,40,0.151728,4
KC,81,40,0.768396,1
KCRDK,81,40,0.274663,2
KCRDKL,81,40,0.293897,2
KCU,81,40,0.291668,2
KCUD,81,40,0.294753,2
HOG,81,40,0.30109,2
HOGL,81,40,0.300572,2
BA,81,40,0.65617,13
KC,81,40,0.508038,1
KCRDK,81,40,0.165312,1
KCRDKL,81,40,0.165109,1
KCU,81,40,0.162881,1
KCUD,81,40,0.162993,1
HOG,81,40,0.16966,1
HOGL,81,40,0.169986,1
BA,81,40,0.10374,3
KC,81,40,0.751957,1
KCRDK,81,40,0.16628,1
KCRDKL,81,40,0.173175,1
KCU,81,40,0.161201,1
KCUD,81,40,0.162076,1
HOG,81,40,0.166228,1
HOGL,81,40,0.166521,1
BA,81,40,0.143673,4
KC,81,40,0.933176,1
KCRDK,81,40,0.279137,2
KCRDKL,81,40,0.296014,2
KCU,81,40,0.291527,2
KCUD,81,40,0.293408,2
HOG,81,40,0.305035,2
HOGL,81,40,0.298432,2
BA,81,40,0.248295,6
KC,81,40,0.849182,1
KCRDK,81,40,0.520478,4
KCRDKL,81,40,0.636504,5
KCU,81,40,0.494876,4
KCUD,81,40,0.293536,2
HOG,81,40,0.528715,4
HOGL,81,40,0.644479,5
BA,81,40,1.12673,18
KC,81,40,0.368765,1
KCRDK,81,40,0.164976,1
KCRDKL,81,40,0.16463,1
KCU,81,40,0.160209,1
KCUD,81,40,0.161161,1
HOG,81,40,0.168453,1
HOGL,81,40,0.1684,1
BA,81,40,0.104257,3
KC,81,40,0.936383,1
KCRDK,81,40,0.274516,2
KCRDKL,81,40,0.293433,2
KCU,81,40,0.290112,2
KCUD,81,40,0.293485,2
HOG,81,40,0.30221,2
HOGL,81,40,0.296838,2
BA,81,40,0.063814,2
KC,81,40,0.646386,1
KCRDK,81,40,0.162282,1
KCRDKL,81,40,0.161721,1
KCU,81,40,0.161036,1
KCUD,81,40,0.161208,1
HOG,81,40,0.165838,1
HOGL,81,40,0.165814,1
BA,81,40,0.596399,12
KC,81,40,0.365996,1
KCRDK,81,40,0.165936,1
KCRDKL,81,40,0.164405,1
KCU,81,40,0.161722,1
KCUD,81,40,0.163454,1
HOG,81,40,0.169031,1
HOGL,81,40,0.168489,1
BA,81,40,0.145478,4
KC,81,40,0.705542,1
KCRDK,81,40,0.165475,1
KCRDKL,81,40,0.164697,1
KCU,81,40,0.161342,1
KCUD,81,40,0.164094,1
HOG,81,40,0.168844,1
HOGL,81,40,0.169953,1
BA,81,40,0.104675,3
KC,81,40,0.678904,1
KCRDK,81,40,0.166001,1
KCRDKL,81,40,0.1653,1
KCU,81,40,0.1637,1
KCUD,81,40,0.164784,1
HOG,81,40,0.170169,1
HOGL,81,40,0.168707,1
BA,81,40,0.064233,2
KC,81,40,0.83863,1
KCRDK,81,40,0.165983,1
KCRDKL,81,40,0.164676,1
KCU,81,40,0.161686,1
KCUD,81,40,0.163211,1
HOG,81,40,0.170514,1
HOGL,81,40,0.167411,1
BA,81,40,0.064356,2
KC,81,40,0.878644,1
KCRDK,81,40,0.181433,1
KCRDKL,81,40,0.182287,1
KCU,81,40,0.162128,1
KCUD,81,40,0.162037,1
HOG,81,40,0.167482,1
HOGL,81,40,0.165924,1
BA,81,40,0.277749,7
KC,81,40,0.505333,1
KCRDK,81,40,0.29604,2
KCRDKL,81,40,0.299273,2
KCU,81,40,0.294701,2
KCUD,81,40,0.422397,3
HOG,81,40,0.284913,2
HOGL,81,40,0.300716,2
BA,81,40,0.509552,11
KC,81,40,0.473265,1
KCRDK,81,40,0.167349,1
KCRDKL,81,40,0.169096,1
KCU,81,40,0.160487,1
KCUD,81,40,0.162336,1
HOG,81,40,0.178651,1
HOGL,81,40,0.168448,1
BA,81,40,0.989593,17
KC,81,40,0.393844,1
KCRDK,81,40,0.166912,1
KCRDKL,81,40,0.166446,1
KCU,81,40,0.162191,1
KCUD,81,40,0.163529,1
HOG,81,40,0.170628,1
HOGL,81,40,0.169668,1
BA,81,40,0.143596,4
KC,81,40,0.813493,1
KCRDK,81,40,0.636954,5
KCRDKL,81,40,0.63702,5
KCU,81,40,0.613268,5
KCUD,81,40,0.294161,2
HOG,81,40,0.648297,5
HOGL,81,40,0.644476,5
BA,81,60,0.189787,5
KC,81,60,0.794442,1
KCRDK,81,60,0.275766,2
KCRDKL,81,60,0.298254,2
KCU,81,60,0.308747,2
KCUD,81,60,0.275536,2
HOG,81,60,0.302108,2
HOGL,81,60,0.302597,2
BA,81,60,0.23961,6
KC,81,60,0.945876,1
KCRDK,81,60,0.165789,1
KCRDKL,81,60,0.165286,1
KCU,81,60,0.160601,1
KCUD,81,60,0.163127,1
HOG,81,60,0.166555,1
HOGL,81,60,0.165957,1
BA,81,60,0.900585,16
KC,81,60,0.434348,1
KCRDK,81,60,0.166343,1
KCRDKL,81,60,0.165982,1
KCU,81,60,0.162103,1
KCUD,81,60,0.16421,1
HOG,81,60,0.169929,1
HOGL,81,60,0.169536,1
BA,81,60,0.142973,4
KC,81,60,1.08554,1
KCRDK,81,60,0.276323,2
KCRDKL,81,60,0.293281,2
KCU,81,60,0.293502,2
KCUD,81,60,0.297004,2
HOG,81,60,0.3012,2
HOGL,81,60,0.298412,2
BA,81,60,0.653347,13
KC,81,60,0.412703,1
KCRDK,81,60,0.16608,1
KCRDKL,81,60,0.16442,1
KCU,81,60,0.16124,1
KCUD,81,60,0.164315,1
HOG,81,60,0.168552,1
HOGL,81,60,0.16761,1
BA,81,60,0.103294,3
KC,81,60,0.813065,1
KCRDK,81,60,0.164004,1
KCRDKL,81,60,0.163461,1
KCU,81,60,0.162053,1
KCUD,81,60,0.163106,1
HOG,81,60,0.169401,1
HOGL,81,60,0.170587,1
BA,81,60,0.149241,4
KC,81,60,0.607572,1
KCRDK,81,60,0.294495,2
KCRDKL,81,60,0.294951,2
KCU,81,60,0.292121,2
KCUD,81,60,0.273078,2
HOG,81,60,0.280407,2
HOGL,81,60,0.302368,2
BA,81,60,0.23723,6
KC,81,60,0.851712,1
KCRDK,81,60,0.521373,4
KCRDKL,81,60,0.640864,5
KCU,81,60,0.490701,4
KCUD,81,60,0.291163,2
HOG,81,60,0.523509,4
HOGL,81,60,0.632857,5
BA,81,60,1.11842,18
KC,81,60,0.423924,1
KCRDK,81,60,0.174536,1
KCRDKL,81,60,0.176141,1
KCU,81,60,0.159133,1
KCUD,81,60,0.159955,1
HOG,81,60,0.16843,1
HOGL,81,60,0.170115,1
BA,81,60,0.104226,3
KC,81,60,0.916242,1
KCRDK,81,60,0.293863,2
KCRDKL,81,60,0.296936,2
KCU,81,60,0.292818,2
KCUD,81,60,0.296532,2
HOG,81,60,0.301769,2
HOGL,81,60,0.300475,2
BA,81,60,0.065172,2
KC,81,60,0.863269,1
KCRDK,81,60,0.164048,1
KCRDKL,81,60,0.163186,1
KCU,81,60,0.15913,1
KCUD,81,60,0.160177,1
HOG,81,60,0.165483,1
HOGL,81,60,0.166007,1
BA,81,60,0.59505,12
KC,81,60,0.392962,1
KCRDK,81,60,0.166077,1
KCRDKL,81,60,0.165894,1
KCU,81,60,0.159831,1
KCUD,81,60,0.161246,1
HOG,81,60,0.168214,1
HOGL,81,60,0.176211,1
BA,81,60,0.145965,4
KC,81,60,0.486652,1
KCRDK,81,60,0.162397,1
KCRDKL,81,60,0.162106,1
KCU,81,60,0.160262,1
KCUD,81,60,0.159081,1
HOG,81,60,0.175513,1
HOGL,81,60,0.164807,1
BA,81,60,0.103491,3
KC,81,60,0.720501,1
KCRDK,81,60,0.161999,1
KCRDKL,81,60,0.170396,1
KCU,81,60,0.158604,1
KCUD,81,60,0.159145,1
HOG,81,60,0.165383,1
HOGL,81,60,0.174086,1
BA,81,60,0.063838,2
KC,81,60,0.935546,1
KCRDK,81,60,0.163111,1
KCRDKL,81,60,0.162112,1
KCU,81,60,0.15839,1
KCUD,81,60,0.161288,1
HOG,81,60,0.164167,1
HOGL,81,60,0.164772,1
BA,81,60,0.064381,2
KC,81,60,0.69107,1
KCRDK,81,60,0.163549,1
KCRDKL,81,60,0.161909,1
KCU,81,60,0.159147,1
KCUD,81,60,0.160891,1
HOG,81,60,0.164674,1
HOGL,81,60,0.1657,1
BA,81,60,0.280732,7
KC,81,60,0.570267,1
KCRDK,81,60,0.278888,2
KCRDKL,81,60,0.297845,2
KCU,81,60,0.301024,2
KCUD,81,60,0.385438,3
HOG,81,60,0.28137,2
HOGL,81,60,0.300136,2
BA,81,60,0.507422,11
KC,81,60,0.376627,1
KCRDK,81,60,0.165276,1
KCRDKL,81,60,0.164269,1
KCU,81,60,0.158111,1
KCUD,81,60,0.15946,1
HOG,81,60,0.166661,1
HOGL,81,60,0.16697,1
BA,81,60,0.985553,17
KC,81,60,0.413729,1
KCRDK,81,60,0.164324,1
KCRDKL,81,60,0.164024,1
KCU,81,60,0.159764,1
KCUD,81,60,0.162072,1
HOG,81,60,0.167418,1
HOGL,81,60,0.166044,1
BA,81,60,0.143138,4
KC,81,60,0.638297,1
KCRDK,81,60,0.640879,5
KCRDKL,81,60,0.618139,5
KCU,81,60,0.62923,5
KCUD,81,60,0.271503,2
HOG,81,60,0.650478,5
HOGL,81,60,0.620828,5
BA,81,80,0.198492,5
KC,81,80,0.672053,1
KCRDK,81,80,0.296744,2
KCRDKL,81,80,0.297277,2
KCU,81,80,0.29247,2
KCUD,81,80,0.293337,2
HOG,81,80,0.299059,2
HOGL,81,80,0.301136,2
BA,81,80,0.238854,6
KC,81,80,0.802291,1
KCRDK,81,80,0.162265,1
KCRDKL,81,80,0.161398,1
KCU,81,80,0.159812,1
KCUD,81,80,0.161146,1
HOG,81,80,0.166106,1
HOGL,81,80,0.166799,1
BA,81,80,0.905819,16
KC,81,80,0.419786,1
KCRDK,81,80,0.174761,1
KCRDKL,81,80,0.16568,1
KCU,81,80,0.161071,1
KCUD,81,80,0.161576,1
HOG,81,80,0.16652,1
HOGL,81,80,0.164893,1
BA,81,80,0.14302,4
KC,81,80,0.652403,1
KCRDK,81,80,0.274547,2
KCRDKL,81,80,0.297206,2
KCU,81,80,0.290328,2
KCUD,81,80,0.294833,2
HOG,81,80,0.298197,2
HOGL,81,80,0.298783,2
BA,81,80,0.652519,13
KC,81,80,0.430441,1
KCRDK,81,80,0.16592,1
KCRDKL,81,80,0.164492,1
KCU,81,80,0.161744,1
KCUD,81,80,0.163122,1
HOG,81,80,0.16775,1
HOGL,81,80,0.165716,1
BA,81,80,0.10342,3
KC,81,80,0.772534,1
KCRDK,81,80,0.164557,1
KCRDKL,81,80,0.162737,1
KCU,81,80,0.168433,1
KCUD,81,80,0.160029,1
HOG,81,80,0.165577,1
HOGL,81,80,0.165654,1
BA,81,80,0.141825,4
KC,81,80,0.6108,1
KCRDK,81,80,0.272645,2
KCRDKL,81,80,0.293055,2
KCU,81,80,0.291756,2
KCUD,81,80,0.291826,2
HOG,81,80,3.64079,2
HOGL,81,80,0.305815,2
BA,81,80,0.23533,6
KC,81,80,1.1836,1
KCRDK,81,80,0.49951,4
KCRDKL,81,80,0.521774,4
KCU,81,80,0.513247,4
KCUD,81,80,0.293411,2
HOG,81,80,0.527125,4
HOGL,81,80,0.641451,5
BA,81,80,1.12119,18
KC,81,80,0.38995,1
KCRDK,81,80,0.18413,1
KCRDKL,81,80,0.184044,1
KCU,81,80,0.159533,1
KCUD,81,80,0.178996,1
HOG,81,80,0.167005,1
HOGL,81,80,0.168066,1
BA,81,80,0.103871,3
KC,81,80,0.927087,1
KCRDK,81,80,0.29233,2
KCRDKL,81,80,0.303011,2
KCU,81,80,0.270656,2
KCUD,81,80,0.29349,2
HOG,81,80,0.302272,2
HOGL,81,80,0.280725,2
BA,81,80,0.065138,2
KC,81,80,0.735151,1
KCRDK,81,80,0.163776,1
KCRDKL,81,80,0.164084,1
KCU,81,80,0.158432,1
KCUD,81,80,0.160745,1
HOG,81,80,0.165769,1
HOGL,81,80,0.164655,1
BA,81,80,0.593286,12
KC,81,80,0.384406,1
KCRDK,81,80,0.164247,1
KCRDKL,81,80,0.165834,1
KCU,81,80,0.160856,1
KCUD,81,80,0.161188,1
HOG,81,80,0.168368,1
HOGL,81,80,0.166693,1
BA,81,80,0.144159,4
KC,81,80,0.662762,1
KCRDK,81,80,0.184125,1
KCRDKL,81,80,0.164194,1
KCU,81,80,0.162485,1
KCUD,81,80,0.162729,1
HOG,81,80,0.166741,1
HOGL,81,80,0.166822,1
BA,81,80,0.102708,3
KC,81,80,0.717836,1
KCRDK,81,80,0.179171,1
KCRDKL,81,80,0.161,1
KCU,81,80,0.158526,1
KCUD,81,80,0.158975,1
HOG,81,80,0.16521,1
HOGL,81,80,0.164572,1
BA,81,80,0.063208,2
KC,81,80,1.04597,1
KCRDK,81,80,0.161483,1
KCRDKL,81,80,0.161752,1
KCU,81,80,0.159622,1
KCUD,81,80,0.16076,1
HOG,81,80,0.16398,1
HOGL,81,80,0.163876,1
BA,81,80,0.063549,2
KC,81,80,0.835516,1
KCRDK,81,80,0.161744,1
KCRDKL,81,80,0.16081,1
KCU,81,80,0.15872,1
KCUD,81,80,0.159597,1
HOG,81,80,0.164018,1
HOGL,81,80,0.162699,1
BA,81,80,0.278952,7
KC,81,80,0.746554,1
KCRDK,81,80,0.279117,2
KCRDKL,81,80,0.297416,2
KCU,81,80,0.292168,2
KCUD,81,80,0.405893,3
HOG,81,80,0.283774,2
HOGL,81,80,0.301928,2
BA,81,80,0.506616,11
KC,81,80,0.618421,1
KCRDK,81,80,0.163367,1
KCRDKL,81,80,0.164341,1
KCU,81,80,0.159432,1
KCUD,81,80,0.160479,1
HOG,81,80,0.168141,1
HOGL,81,80,0.166626,1
BA,81,80,0.989527,17
KC,81,80,0.46301,1
KCRDK,81,80,0.16474,1
KCRDKL,81,80,0.165306,1
KCU,81,80,0.16,1
KCUD,81,80,0.160527,1
HOG,81,80,0.166251,1
HOGL,81,80,0.175886,1
BA,81,80,0.14522,4
KC,81,80,0.715467,1
KCRDK,81,80,0.623713,5
KCRDKL,81,80,0.621767,5
KCU,81,80,0.629574,5
KCUD,81,80,0.292902,2
HOG,81,80,0.628885,5
HOGL,81,80,0.646868,5
BA,81,100,0.189582,5
KC,81,100,0.761593,1
KCRDK,81,100,0.297722,2
KCRDKL,81,100,0.296872,2
KCU,81,100,0.294376,2
KCUD,81,100,0.297776,2
HOG,81,100,0.299425,2
HOGL,81,100,0.299689,2
BA,81,100,0.238916,6
KC,81,100,0.803313,1
KCRDK,81,100,0.18174,1
KCRDKL,81,100,0.172069,1
KCU,81,100,0.160849,1
KCUD,81,100,0.160875,1
HOG,81,100,0.164984,1
HOGL,81,100,0.163344,1
BA,81,100,0.903719,16
KC,81,100,0.327402,1
KCRDK,81,100,0.175472,1
KCRDKL,81,100,0.164772,1
KCU,81,100,0.161619,1
KCUD,81,100,0.160938,1
HOG,81,100,0.169203,1
HOGL,81,100,0.166273,1
BA,81,100,0.143173,4
KC,81,100,0.611112,1
KCRDK,81,100,0.274203,2
KCRDKL,81,100,0.296921,2
KCU,81,100,0.294665,2
KCUD,81,100,0.294264,2
HOG,81,100,0.298422,2
HOGL,81,100,0.29839,2
BA,81,100,0.658615,13
KC,81,100,0.405348,1
KCRDK,81,100,0.167325,1
KCRDKL,81,100,0.164413,1
KCU,81,100,0.160263,1
KCUD,81,100,0.162157,1
HOG,81,100,0.168388,1
HOGL,81,100,0.166388,1
BA,81,100,0.103705,3
KC,81,100,0.523163,1
KCRDK,81,100,0.161389,1
KCRDKL,81,100,0.161294,1
KCU,81,100,0.159413,1
KCUD,81,100,0.15918,1
HOG,81,100,0.165833,1
HOGL,81,100,0.165276,1
BA,81,100,0.143646,4
KC,81,100,0.688352,1
KCRDK,81,100,0.274193,2
KCRDKL,81,100,0.275004,2
KCU,81,100,0.290379,2
KCUD,81,100,0.292997,2
HOG,81,100,0.307234,2
HOGL,81,100,0.27514,2
BA,81,100,0.235691,6
KC,81,100,0.756296,1
KCRDK,81,100,0.613794,5
KCRDKL,81,100,0.641966,5
KCU,81,100,0.496115,4
KCUD,81,100,0.293054,2
HOG,81,100,0.646875,5
HOGL,81,100,0.649498,5
BA,81,100,1.1178,18
KC,81,100,0.349161,1
KCRDK,81,100,0.168649,1
KCRDKL,81,100,0.165181,1
KCU,81,100,0.158629,1
KCUD,81,100,0.160312,1
HOG,81,100,0.171583,1
HOGL,81,100,0.166743,1
BA,81,100,0.103486,3
KC,81,100,0.814822,1
KCRDK,81,100,0.293741,2
KCRDKL,81,100,0.273606,2
KCU,81,100,0.290268,2
KCUD,81,100,0.291887,2
HOG,81,100,0.296552,2
HOGL,81,100,0.296703,2
BA,81,100,0.06435,2
KC,81,100,0.719806,1
KCRDK,81,100,0.162857,1
KCRDKL,81,100,0.161859,1
KCU,81,100,0.158911,1
KCUD,81,100,0.160557,1
HOG,81,100,0.164853,1
HOGL,81,100,0.164008,1
BA,81,100,0.590462,12
KC,81,100,0.298454,1
KCRDK,81,100,0.166078,1
KCRDKL,81,100,0.174293,1
KCU,81,100,0.159506,1
KCUD,81,100,0.160114,1
HOG,81,100,0.168927,1
HOGL,81,100,0.166457,1
BA,81,100,0.144739,4
KC,81,100,0.631527,1
KCRDK,81,100,0.163774,1
KCRDKL,81,100,0.163367,1
KCU,81,100,0.158176,1
KCUD,81,100,0.159789,1
HOG,81,100,0.174694,1
HOGL,81,100,0.165904,1
BA,81,100,0.102358,3
KC,81,100,0.704768,1
KCRDK,81,100,0.161664,1
KCRDKL,81,100,0.162242,1
KCU,81,100,0.159928,1
KCUD,81,100,0.160275,1
HOG,81,100,0.166328,1
HOGL,81,100,0.164776,1
BA,81,100,0.06397,2
KC,81,100,0.719814,1
KCRDK,81,100,0.163998,1
KCRDKL,81,100,0.163113,1
KCU,81,100,0.161453,1
KCUD,81,100,0.161774,1
HOG,81,100,0.166053,1
HOGL,81,100,0.166437,1
BA,81,100,0.064688,2
KC,81,100,0.69289,1
KCRDK,81,100,0.163164,1
KCRDKL,81,100,0.162727,1
KCU,81,100,0.160861,1
KCUD,81,100,0.160189,1
HOG,81,100,0.16457,1
HOGL,81,100,0.162817,1
BA,81,100,0.2786,7
KC,81,100,0.629102,1
KCRDK,81,100,0.276997,2
KCRDKL,81,100,0.297108,2
KCU,81,100,0.292807,2
KCUD,81,100,0.419316,3
HOG,81,100,0.282538,2
HOGL,81,100,0.309818,2
BA,81,100,0.507227,11
KC,81,100,0.323641,1
KCRDK,81,100,0.168328,1
KCRDKL,81,100,0.165764,1
KCU,81,100,0.159945,1
KCUD,81,100,0.159768,1
HOG,81,100,0.16936,1
HOGL,81,100,0.167964,1
BA,81,100,0.987317,17
KC,81,100,0.367565,1
KCRDK,81,100,0.16687,1
KCRDKL,81,100,0.165192,1
KCU,81,100,0.160107,1
KCUD,81,100,0.16164,1
HOG,81,100,0.168441,1
HOGL,81,100,0.166321,1
BA,81,100,0.143827,4
KC,81,100,0.746291,1
KCRDK,81,100,0.627497,5
KCRDKL,81,100,0.621683,5
KCU,81,100,0.632198,5
KCUD,81,100,0.292839,2
HOG,81,100,0.645604,5
HOGL,81,100,0.622326,5
BA,91,0,0.230141,5
KC,91,0,1.14491,1
KCRDK,91,0,0.342907,2
KCRDKL,91,0,0.344516,2
KCU,91,0,0.373308,2
KCUD,91,0,0.350457,2
HOG,91,0,0.345183,2
HOGL,91,0,0.370975,2
BA,91,0,0.405351,8
KC,91,0,1.15475,1
KCRDK,91,0,0.200944,1
KCRDKL,91,0,0.20158,1
KCU,91,0,0.199125,1
KCUD,91,0,0.198151,1
HOG,91,0,0.206824,1
HOGL,91,0,0.203125,1
BA,91,0,1.05187,16
KC,91,0,0.475629,1
KCRDK,91,0,0.2035,1
KCRDKL,91,0,0.20481,1
KCU,91,0,0.200798,1
KCUD,91,0,0.200718,1
HOG,91,0,0.207712,1
HOGL,91,0,0.207988,1
BA,91,0,0.176184,4
KC,91,0,1.23832,1
KCRDK,91,0,0.342237,2
KCRDKL,91,0,0.344044,2
KCU,91,0,0.362972,2
KCUD,91,0,0.36537,2
HOG,91,0,0.371719,2
HOGL,91,0,0.34691,2
BA,91,0,0.867346,14
KC,91,0,0.50681,1
KCRDK,91,0,0.207321,1
KCRDKL,91,0,0.205371,1
KCU,91,0,0.200982,1
KCUD,91,0,0.203978,1
HOG,91,0,0.206583,1
HOGL,91,0,0.209584,1
BA,91,0,0.127322,3
KC,91,0,0.554351,1
KCRDK,91,0,0.201774,1
KCRDKL,91,0,0.201468,1
KCU,91,0,0.19905,1
KCUD,91,0,0.199691,1
HOG,91,0,0.204352,1
HOGL,91,0,0.208542,1
BA,91,0,0.177395,4
KC,91,0,1.51044,1
KCRDK,91,0,0.340702,2
KCRDKL,91,0,0.367603,2
KCU,91,0,0.36313,2
KCUD,91,0,0.459281,2
HOG,91,0,0.369127,2
HOGL,91,0,0.371035,2
BA,91,0,0.231624,5
KC,91,0,1.47535,1
KCRDK,91,0,0.623471,4
KCRDKL,91,0,0.659819,4
KCU,91,0,0.616221,4
KCUD,91,0,0.365071,2
HOG,91,0,0.673817,4
HOGL,91,0,0.664717,4
BA,91,0,1.16661,17
KC,91,0,0.450477,1
KCRDK,91,0,0.205331,1
KCRDKL,91,0,0.20492,1
KCU,91,0,0.1972,1
KCUD,91,0,0.198102,1
HOG,91,0,0.207092,1
HOGL,91,0,0.206489,1
BA,91,0,0.124959,3
KC,91,0,7.60508,1
KCRDK,91,0,0.343147,2
KCRDKL,91,0,0.36749,2
KCU,91,0,0.337127,2
KCUD,91,0,0.369214,2
HOG,91,0,0.369242,2
HOGL,91,0,0.367367,2
BA,91,0,0.07997,2
KC,91,0,1.47195,1
KCRDK,91,0,0.202156,1
KCRDKL,91,0,0.200533,1
KCU,91,0,0.19682,1
KCUD,91,0,0.198902,1
HOG,91,0,0.204119,1
HOGL,91,0,0.20469,1
BA,91,0,0.771438,13
KC,91,0,0.604106,1
KCRDK,91,0,0.204592,1
KCRDKL,91,0,0.202989,1
KCU,91,0,0.196711,1
KCUD,91,0,0.198365,1
HOG,91,0,0.206257,1
HOGL,91,0,0.216735,1
BA,91,0,0.175364,4
KC,91,0,1.22084,1
KCRDK,91,0,0.201261,1
KCRDKL,91,0,0.201697,1
KCU,91,0,0.197005,1
KCUD,91,0,0.199006,1
HOG,91,0,0.202913,1
HOGL,91,0,0.203409,1
BA,91,0,0.125606,3
KC,91,0,1.06778,1
KCRDK,91,0,0.223084,1
KCRDKL,91,0,0.201527,1
KCU,91,0,0.19827,1
KCUD,91,0,0.198504,1
HOG,91,0,0.204084,1
HOGL,91,0,0.20404,1
BA,91,0,0.07892,2
KC,91,0,1.68616,1
KCRDK,91,0,0.213227,1
KCRDKL,91,0,0.202982,1
KCU,91,0,0.198792,1
KCUD,91,0,0.200537,1
HOG,91,0,0.204198,1
HOGL,91,0,0.204602,1
BA,91,0,0.233264,5
KC,91,0,1.37573,1
KCRDK,91,0,0.20138,1
KCRDKL,91,0,0.21514,1
KCU,91,0,0.199151,1
KCUD,91,0,0.198306,1
HOG,91,0,0.204265,1
HOGL,91,0,0.20202,1
BA,91,0,0.337916,7
KC,91,0,1.11714,1
KCRDK,91,0,0.345917,2
KCRDKL,91,0,0.343308,2
KCU,91,0,0.364539,2
KCUD,91,0,0.504745,3
HOG,91,0,0.369242,2
HOGL,91,0,0.371436,2
BA,91,0,0.617253,11
KC,91,0,0.537023,1
KCRDK,91,0,0.205801,1
KCRDKL,91,0,0.20599,1
KCU,91,0,0.198678,1
KCUD,91,0,0.200704,1
HOG,91,0,0.208148,1
HOGL,91,0,0.206392,1
BA,91,0,1.14703,17
KC,91,0,0.495058,1
KCRDK,91,0,0.215119,1
KCRDKL,91,0,0.204339,1
KCU,91,0,0.200666,1
KCUD,91,0,0.199351,1
HOG,91,0,0.207093,1
HOGL,91,0,0.205757,1
BA,91,0,0.177219,4
KC,91,0,0.954039,1
KCRDK,91,0,0.761114,5
KCRDKL,91,0,0.763738,5
KCU,91,0,0.779457,5
KCUD,91,0,0.362463,2
HOG,91,0,0.796839,5
HOGL,91,0,0.79525,5
BA,91,20,0.231787,5
KC,91,20,1.40772,1
KCRDK,91,20,0.345777,2
KCRDKL,91,20,0.371481,2
KCU,91,20,0.366744,2
KCUD,91,20,0.371194,2
HOG,91,20,0.375083,2
HOGL,91,20,0.374685,2
BA,91,20,0.405968,8
KC,91,20,1.22407,1
KCRDK,91,20,0.203043,1
KCRDKL,91,20,0.203374,1
KCU,91,20,0.200689,1
KCUD,91,20,0.200392,1
HOG,91,20,0.207704,1
HOGL,91,20,0.204603,1
BA,91,20,1.05426,16
KC,91,20,0.505481,1
KCRDK,91,20,0.205799,1
KCRDKL,91,20,0.204356,1
KCU,91,20,0.199478,1
KCUD,91,20,0.200291,1
HOG,91,20,0.209315,1
HOGL,91,20,0.208132,1
BA,91,20,0.176347,4
KC,91,20,1.33296,1
KCRDK,91,20,0.339993,2
KCRDKL,91,20,0.366595,2
KCU,91,20,0.362502,2
KCUD,91,20,0.368765,2
HOG,91,20,0.37493,2
HOGL,91,20,0.37185,2
BA,91,20,0.876404,14
KC,91,20,0.649018,1
KCRDK,91,20,0.203803,1
KCRDKL,91,20,0.204097,1
KCU,91,20,0.199228,1
KCUD,91,20,0.200735,1
HOG,91,20,0.207246,1
HOGL,91,20,0.208235,1
BA,91,20,0.125884,3
KC,91,20,0.909392,1
KCRDK,91,20,0.202383,1
KCRDKL,91,20,0.203987,1
KCU,91,20,0.199562,1
KCUD,91,20,0.201168,1
HOG,91,20,0.205242,1
HOGL,91,20,0.203674,1
BA,91,20,0.174367,4
KC,91,20,1.24368,1
KCRDK,91,20,0.344631,2
KCRDKL,91,20,0.371026,2
KCU,91,20,0.363578,2
KCUD,91,20,0.366135,2
HOG,91,20,0.348423,2
HOGL,91,20,0.372131,2
BA,91,20,0.233146,5
KC,91,20,1.89769,1
KCRDK,91,20,0.62113,4
KCRDKL,91,20,0.646452,4
KCU,91,20,0.635249,4
KCUD,91,20,0.362089,2
HOG,91,20,0.655283,4
HOGL,91,20,0.648976,4
BA,91,20,1.17302,17
KC,91,20,0.482865,1
KCRDK,91,20,0.204654,1
KCRDKL,91,20,0.205378,1
KCU,91,20,0.198893,1
KCUD,91,20,0.199537,1
HOG,91,20,0.207139,1
HOGL,91,20,0.20831,1
BA,91,20,0.127416,3
KC,91,20,1.37641,1
KCRDK,91,20,0.342341,2
KCRDKL,91,20,0.367865,2
KCU,91,20,0.363196,2
KCUD,91,20,0.369042,2
HOG,91,20,0.371272,2
HOGL,91,20,0.369893,2
BA,91,20,0.080245,2
KC,91,20,2.05987,1
KCRDK,91,20,0.202101,1
KCRDKL,91,20,0.200999,1
KCU,91,20,0.199534,1
KCUD,91,20,0.199581,1
HOG,91,20,0.202331,1
HOGL,91,20,0.205616,1
BA,91,20,0.791968,13
KC,91,20,0.580266,1
KCRDK,91,20,0.205693,1
KCRDKL,91,20,0.206228,1
KCU,91,20,0.200426,1
KCUD,91,20,0.200283,1
HOG,91,20,0.207519,1
HOGL,91,20,0.206772,1
BA,91,20,0.175697,4
KC,91,20,1.10309,1
KCRDK,91,20,0.200932,1
KCRDKL,91,20,0.21602,1
KCU,91,20,0.200846,1
KCUD,91,20,0.2016,1
HOG,91,20,0.20608,1
HOGL,91,20,0.205016,1
BA,91,20,0.127646,3
KC,91,20,1.4326,1
KCRDK,91,20,0.203126,1
KCRDKL,91,20,0.201976,1
KCU,91,20,0.19853,1
KCUD,91,20,0.199033,1
HOG,91,20,0.204707,1
HOGL,91,20,0.204312,1
BA,91,20,0.118835,2
KC,91,20,5.68286,1
KCRDK,91,20,0.205989,1
KCRDKL,91,20,0.204867,1
KCU,91,20,0.20159,1
KCUD,91,20,0.203381,1
HOG,91,20,0.208724,1
HOGL,91,20,0.206819,1
BA,91,20,1.18955,5
KC,91,20,2.69352,1
KCRDK,91,20,0.207336,1
KCRDKL,91,20,0.202319,1
KCU,91,20,0.199789,1
KCUD,91,20,0.199952,1
HOG,91,20,0.205787,1
HOGL,91,20,0.205738,1
BA,91,20,0.337889,7
KC,91,20,3.27277,1
KCRDK,91,20,0.346051,2
KCRDKL,91,20,0.370232,2
KCU,91,20,0.363279,2
KCUD,91,20,0.515429,3
HOG,91,20,0.350598,2
HOGL,91,20,0.372276,2
BA,91,20,0.618035,11
KC,91,20,0.955752,1
KCRDK,91,20,0.206618,1
KCRDKL,91,20,0.206324,1
KCU,91,20,0.199725,1
KCUD,91,20,0.201698,1
HOG,91,20,0.209522,1
HOGL,91,20,0.207524,1
BA,91,20,1.15101,17
KC,91,20,0.592521,1
KCRDK,91,20,0.20519,1
KCRDKL,91,20,0.203992,1
KCU,91,20,0.198624,1
KCUD,91,20,0.201077,1
HOG,91,20,0.20777,1
HOGL,91,20,0.207049,1
BA,91,20,0.175523,4
KC,91,20,2.22545,1
KCRDK,91,20,0.775747,5
KCRDKL,91,20,0.797544,5
KCU,91,20,0.788912,5
KCUD,91,20,0.364427,2
HOG,91,20,0.804684,5
HOGL,91,20,0.800873,5
BA,91,40,0.233656,5
KC,91,40,2.46261,1
KCRDK,91,40,0.344851,2
KCRDKL,91,40,0.370245,2
KCU,91,40,0.362415,2
KCUD,91,40,0.366689,2
HOG,91,40,0.371334,2
HOGL,91,40,0.375196,2
BA,91,40,0.405992,8
KC,91,40,1.63754,1
KCRDK,91,40,0.214452,1
KCRDKL,91,40,2.24482,1
KCU,91,40,0.198284,1
KCUD,91,40,0.200697,1
HOG,91,40,0.204795,1
HOGL,91,40,0.205829,1
BA,91,40,1.05721,16
KC,91,40,0.604378,1
KCRDK,91,40,0.205561,1
KCRDKL,91,40,0.205467,1
KCU,91,40,0.200132,1
KCUD,91,40,0.202981,1
HOG,91,40,0.20761,1
HOGL,91,40,0.20726,1
BA,91,40,0.176718,4
KC,91,40,3.86668,1
KCRDK,91,40,0.347265,2
KCRDKL,91,40,0.366538,2
KCU,91,40,0.365059,2
KCUD,91,40,0.368001,2
HOG,91,40,0.375356,2
HOGL,91,40,0.3723,2
BA,91,40,0.874895,14
KC,91,40,1.12357,1
KCRDK,91,40,0.206176,1
KCRDKL,91,40,0.205467,1
KCU,91,40,0.243131,1
KCUD,91,40,0.199264,1
HOG,91,40,0.206901,1
HOGL,91,40,0.207438,1
BA,91,40,0.126693,3
KC,91,40,2.38926,1
KCRDK,91,40,0.21766,1
KCRDKL,91,40,0.205051,1
KCU,91,40,0.203311,1
KCUD,91,40,0.20388,1
HOG,91,40,0.206567,1
HOGL,91,40,0.207471,1
BA,91,40,0.17703,4
KC,91,40,3.09992,1
KCRDK,91,40,0.342623,2
KCRDKL,91,40,0.367987,2
KCU,91,40,0.364946,2
KCUD,91,40,0.365871,2
HOG,91,40,0.370938,2
HOGL,91,40,2.2073,2
BA,91,40,0.22956,5
KC,91,40,9.64076,1
KCRDK,91,40,0.653789,4
KCRDKL,91,40,0.65521,4
KCU,91,40,0.620935,4
KCUD,91,40,0.342608,2
HOG,91,40,0.634847,4
HOGL,91,40,0.654659,4
BA,91,40,1.18482,17
KC,91,40,0.65803,1
KCRDK,91,40,0.206751,1
KCRDKL,91,40,0.207448,1
KCU,91,40,0.201023,1
KCUD,91,40,0.201342,1
HOG,91,40,0.211045,1
HOGL,91,40,0.209206,1
BA,91,40,0.130197,3
KC,91,40,3.58125,1
KCRDK,91,40,0.349867,2
KCRDKL,91,40,0.369198,2
KCU,91,40,0.363426,2
KCUD,91,40,0.365715,2
HOG,91,40,0.37174,2
HOGL,91,40,0.372012,2
BA,91,40,0.081384,2
KC,91,40,2.17187,1
KCRDK,91,40,0.204162,1
KCRDKL,91,40,0.203064,1
KCU,91,40,0.199587,1
KCUD,91,40,0.202237,1
HOG,91,40,0.207806,1
HOGL,91,40,0.216935,1
BA,91,40,0.772109,13
KC,91,40,0.796481,1
KCRDK,91,40,0.205665,1
KCRDKL,91,40,0.206656,1
KCU,91,40,0.199869,1
KCUD,91,40,0.202033,1
HOG,91,40,0.204795,1
HOGL,91,40,0.20438,1
BA,91,40,0.176055,4
KC,91,40,2.42512,1
KCRDK,91,40,0.207466,1
KCRDKL,91,40,0.204729,1
KCU,91,40,0.200619,1
KCUD,91,40,0.201977,1
HOG,91,40,0.207002,1
HOGL,91,40,0.206265,1
BA,91,40,0.129315,3
KC,91,40,6.169,1
KCRDK,91,40,0.201796,1
KCRDKL,91,40,0.203012,1
KCU,91,40,0.199861,1
KCUD,91,40,0.200388,1
HOG,91,40,0.20552,1
HOGL,91,40,0.205116,1
BA,91,40,0.078953,2
KC,91,40,3.39742,1
KCRDK,91,40,0.205441,1
KCRDKL,91,40,0.212375,1
KCU,91,40,0.198678,1
KCUD,91,40,0.199366,1
HOG,91,40,0.204064,1
HOGL,91,40,0.203096,1
BA,91,40,0.233973,5
KC,91,40,2.72996,1
KCRDK,91,40,3.39857,1
KCRDKL,91,40,0.200364,1
KCU,91,40,0.197548,1
KCUD,91,40,0.200052,1
HOG,91,40,0.205367,1
HOGL,91,40,0.204852,1
BA,91,40,0.339065,7
KC,91,40,2.57811,1
KCRDK,91,40,0.347294,2
KCRDKL,91,40,0.369857,2
KCU,91,40,0.365763,2
KCUD,91,40,0.507977,3
HOG,91,40,0.352557,2
HOGL,91,40,0.374715,2
BA,91,40,0.619816,11
KC,91,40,0.922691,1
KCRDK,91,40,0.206361,1
KCRDKL,91,40,0.205799,1
KCU,91,40,0.200435,1
KCUD,91,40,0.200803,1
HOG,91,40,0.208702,1
HOGL,91,40,0.208295,1
BA,91,40,1.15785,17
KC,91,40,0.578375,1
KCRDK,91,40,0.206718,1
KCRDKL,91,40,0.20613,1
KCU,91,40,0.202553,1
KCUD,91,40,0.213985,1
HOG,91,40,0.209498,1
HOGL,91,40,0.208426,1
BA,91,40,0.182352,4
KC,91,40,2.43741,1
KCRDK,91,40,0.773371,5
KCRDKL,91,40,0.769937,5
KCU,91,40,0.755979,5
KCUD,91,40,0.363517,2
HOG,91,40,0.79693,5
HOGL,91,40,0.785568,5
BA,91,60,0.228971,5
KC,91,60,2.43138,1
KCRDK,91,60,0.346258,2
KCRDKL,91,60,0.373524,2
KCU,91,60,0.366713,2
KCUD,91,60,0.341994,2
HOG,91,60,0.349307,2
HOGL,91,60,0.350289,2
BA,91,60,0.40863,8
KC,91,60,1.41291,1
KCRDK,91,60,0.203584,1
KCRDKL,91,60,0.204137,1
KCU,91,60,0.200063,1
KCUD,91,60,0.201336,1
HOG,91,60,0.206523,1
HOGL,91,60,0.206352,1
BA,91,60,1.05838,16
KC,91,60,0.632022,1
KCRDK,91,60,0.207753,1
KCRDKL,91,60,0.206819,1
KCU,91,60,0.201465,1
KCUD,91,60,0.201687,1
HOG,91,60,0.209129,1
HOGL,91,60,0.207068,1
BA,91,60,0.177933,4
KC,91,60,3.53274,1
KCRDK,91,60,0.34836,2
KCRDKL,91,60,0.368575,2
KCU,91,60,0.363122,2
KCUD,91,60,0.366901,2
HOG,91,60,0.374308,2
HOGL,91,60,0.372563,2
BA,91,60,0.880979,14
KC,91,60,1.54092,1
KCRDK,91,60,0.205772,1
KCRDKL,91,60,0.204958,1
KCU,91,60,0.200267,1
KCUD,91,60,0.202562,1
HOG,91,60,0.210113,1
HOGL,91,60,0.207605,1
BA,91,60,0.127989,3
KC,91,60,3.58596,1
KCRDK,91,60,0.205587,1
KCRDKL,91,60,0.205752,1
KCU,91,60,0.201965,1
KCUD,91,60,0.20009,1
HOG,91,60,0.208075,1
HOGL,91,60,0.206297,1
BA,91,60,0.176271,4
KC,91,60,4.43043,1
KCRDK,91,60,0.341592,2
KCRDKL,91,60,0.366547,2
KCU,91,60,0.363811,2
KCUD,91,60,0.363468,2
HOG,91,60,0.374977,2
HOGL,91,60,0.34552,2
BA,91,60,0.233177,5
KC,91,60,4.95836,1
KCRDK,91,60,0.630496,4
KCRDKL,91,60,0.653369,4
KCU,91,60,0.646445,4
KCUD,91,60,0.369244,2
HOG,91,60,0.660703,4
HOGL,91,60,0.66113,4
BA,91,60,1.18101,17
KC,91,60,0.571942,1
KCRDK,91,60,0.206502,1
KCRDKL,91,60,0.207655,1
KCU,91,60,0.201029,1
KCUD,91,60,0.202547,1
HOG,91,60,0.20927,1
HOGL,91,60,0.209692,1
BA,91,60,0.12829,3
KC,91,60,2.97368,1
KCRDK,91,60,0.346978,2
KCRDKL,91,60,0.371411,2
KCU,91,60,0.367941,2
KCUD,91,60,0.366795,2
HOG,91,60,0.373498,2
HOGL,91,60,0.372025,2
BA,91,60,0.081867,2
KC,91,60,3.0565,1
KCRDK,91,60,0.203619,1
KCRDKL,91,60,0.203832,1
KCU,91,60,0.201213,1
KCUD,91,60,0.203507,1
HOG,91,60,0.208486,1
HOGL,91,60,0.217569,1
BA,91,60,0.780537,13
KC,91,60,0.811928,1
KCRDK,91,60,0.20562,1
KCRDKL,91,60,0.205057,1
KCU,91,60,0.200718,1
KCUD,91,60,0.200381,1
HOG,91,60,0.206823,1
HOGL,91,60,0.207985,1
BA,91,60,0.177372,4
KC,91,60,3.74326,1
KCRDK,91,60,0.206302,1
KCRDKL,91,60,0.203982,1
KCU,91,60,0.199657,1
KCUD,91,60,0.200139,1
HOG,91,60,0.219807,1
HOGL,91,60,0.206112,1
BA,91,60,0.127882,3
KC,91,60,2.5943,1
KCRDK,91,60,0.204708,1
KCRDKL,91,60,0.202566,1
KCU,91,60,0.200683,1
KCUD,91,60,0.202212,1
HOG,91,60,0.205569,1
HOGL,91,60,0.206214,1
BA,91,60,0.079724,2
KC,91,60,5.39211,1
KCRDK,91,60,0.205016,1
KCRDKL,91,60,0.203865,1
KCU,91,60,0.199342,1
KCUD,91,60,0.200527,1
HOG,91,60,0.20682,1
HOGL,91,60,0.205723,1
BA,91,60,0.235493,5
KC,91,60,2.86404,1
KCRDK,91,60,0.202536,1
KCRDKL,91,60,0.202247,1
KCU,91,60,0.199935,1
KCUD,91,60,0.201587,1
HOG,91,60,0.205791,1
HOGL,91,60,0.205202,1
BA,91,60,0.341072,7
KC,91,60,2.77331,1
KCRDK,91,60,0.349779,2
KCRDKL,91,60,0.370011,2
KCU,91,60,0.364927,2
KCUD,91,60,0.50659,3
HOG,91,60,0.369791,2
HOGL,91,60,0.370736,2
BA,91,60,0.621166,11
KC,91,60,0.62769,1
KCRDK,91,60,0.205994,1
KCRDKL,91,60,0.206185,1
KCU,91,60,0.201323,1
KCUD,91,60,0.200847,1
HOG,91,60,0.207554,1
HOGL,91,60,0.206331,1
BA,91,60,1.15435,17
KC,91,60,0.59421,1
KCRDK,91,60,0.207414,1
KCRDKL,91,60,0.206843,1
KCU,91,60,0.199292,1
KCUD,91,60,0.201062,1
HOG,91,60,0.20814,1
HOGL,91,60,0.207881,1
BA,91,60,0.177036,4
KC,91,60,3.57208,1
KCRDK,91,60,0.77657,5
KCRDKL,91,60,0.820528,5
KCU,91,60,0.772211,5
KCUD,91,60,0.343341,2
HOG,91,60,0.802959,5
HOGL,91,60,0.808251,5
BA,91,80,0.230809,5
KC,91,80,1.68392,1
KCRDK,91,80,0.343035,2
KCRDKL,91,80,0.366633,2
KCU,91,80,0.36293,2
KCUD,91,80,0.367328,2
HOG,91,80,0.37104,2
HOGL,91,80,0.370808,2
BA,91,80,0.407235,8
KC,91,80,2.80549,1
KCRDK,91,80,0.2058,1
KCRDKL,91,80,0.206121,1
KCU,91,80,0.202878,1
KCUD,91,80,0.201148,1
HOG,91,80,0.208558,1
HOGL,91,80,0.206704,1
BA,91,80,1.0629,16
KC,91,80,0.631697,1
KCRDK,91,80,0.206551,1
KCRDKL,91,80,0.207346,1
KCU,91,80,0.20041,1
KCUD,91,80,0.200755,1
HOG,91,80,0.208699,1
HOGL,91,80,0.205528,1
BA,91,80,0.17685,4
KC,91,80,2.65879,1
KCRDK,91,80,0.346404,2
KCRDKL,91,80,0.369478,2
KCU,91,80,0.365511,2
KCUD,91,80,0.368115,2
HOG,91,80,0.372865,2
HOGL,91,80,0.371272,2
BA,91,80,0.876432,14
KC,91,80,0.791871,1
KCRDK,91,80,0.207452,1
KCRDKL,91,80,0.208541,1
KCU,91,80,0.204192,1
KCUD,91,80,0.202464,1
HOG,91,80,0.20766,1
HOGL,91,80,0.208848,1
BA,91,80,0.125909,3
KC,91,80,1.58668,1
KCRDK,91,80,0.201971,1
KCRDKL,91,80,0.204871,1
KCU,91,80,0.2016,1
KCUD,91,80,0.200579,1
HOG,91,80,0.205524,1
HOGL,91,80,0.20493,1
BA,91,80,0.177757,4
KC,91,80,2.97317,1
KCRDK,91,80,0.345361,2
KCRDKL,91,80,0.366365,2
KCU,91,80,0.363555,2
KCUD,91,80,0.366297,2
HOG,91,80,0.372766,2
HOGL,91,80,0.370781,2
BA,91,80,0.232874,5
KC,91,80,2.99203,1
KCRDK,91,80,0.625807,4
KCRDKL,91,80,0.651921,4
KCU,91,80,0.644562,4
KCUD,91,80,0.340408,2
HOG,91,80,0.662529,4
HOGL,91,80,0.660461,4
BA,91,80,1.17291,17
KC,91,80,0.614254,1
KCRDK,91,80,0.205372,1
KCRDKL,91,80,6.78479,1
KCU,91,80,0.221813,1
KCUD,91,80,0.221765,1
HOG,91,80,0.229483,1
HOGL,91,80,0.229516,1
BA,91,80,0.129531,3
KC,91,80,3.9192,1
KCRDK,91,80,0.368385,2
KCRDKL,91,80,0.370252,2
KCU,91,80,0.367504,2
KCUD,91,80,0.368023,2
HOG,91,80,0.374836,2
HOGL,91,80,0.370856,2
BA,91,80,0.081518,2
KC,91,80,2.62927,1
KCRDK,91,80,0.202707,1
KCRDKL,91,80,0.225646,1
KCU,91,80,0.222186,1
KCUD,91,80,0.223389,1
HOG,91,80,0.227771,1
HOGL,91,80,0.228804,1
BA,91,80,0.777235,13
KC,91,80,0.576737,1
KCRDK,91,80,0.227591,1
KCRDKL,91,80,0.226976,1
KCU,91,80,0.220849,1
KCUD,91,80,0.224187,1
HOG,91,80,0.229156,1
HOGL,91,80,0.228648,1
BA,91,80,0.178741,4
KC,91,80,4.5544,1
KCRDK,91,80,0.206731,1
KCRDKL,91,80,0.229392,1
KCU,91,80,0.201594,1
KCUD,91,80,0.224919,1
HOG,91,80,0.230107,1
HOGL,91,80,0.204891,1
BA,91,80,0.128706,3
KC,91,80,3.34926,1
KCRDK,91,80,0.226671,1
KCRDKL,91,80,0.225348,1
KCU,91,80,0.221492,1
KCUD,91,80,0.22302,1
HOG,91,80,0.227437,1
HOGL,91,80,0.228413,1
BA,91,80,0.08158,2
KC,91,80,4.26004,1
KCRDK,91,80,0.228147,1
KCRDKL,91,80,0.22698,1
KCU,91,80,0.222365,1
KCUD,91,80,0.223813,1
HOG,91,80,0.227321,1
HOGL,91,80,0.229372,1
BA,91,80,0.237135,5
KC,91,80,5.53111,1
KCRDK,91,80,0.227801,1
KCRDKL,91,80,0.203655,1
KCU,91,80,0.221857,1
KCUD,91,80,0.223415,1
HOG,91,80,0.22735,1
HOGL,91,80,0.22746,1
BA,91,80,0.342091,7
KC,91,80,1.02548,1
KCRDK,91,80,0.369757,2
KCRDKL,91,80,0.347689,2
KCU,91,80,0.368341,2
KCUD,91,80,0.509821,3
HOG,91,80,0.378911,2
HOGL,91,80,0.373263,2
BA,91,80,0.624559,11
KC,91,80,0.572664,1
KCRDK,91,80,0.227804,1
KCRDKL,91,80,0.228945,1
KCU,91,80,0.223812,1
KCUD,91,80,0.223957,1
HOG,91,80,0.231563,1
HOGL,91,80,0.231524,1
BA,91,80,1.16024,17
KC,91,80,0.636174,1
KCRDK,91,80,0.22884,1
KCRDKL,91,80,0.230557,1
KCU,91,80,0.202822,1
KCUD,91,80,0.237874,1
HOG,91,80,0.208771,1
HOGL,91,80,0.23107,1
BA,91,80,0.180154,4
KC,91,80,1.90331,1
KCRDK,91,80,0.79456,5
KCRDKL,91,80,0.79317,5
KCU,91,80,0.762984,5
KCUD,91,80,0.363486,2
HOG,91,80,0.775271,5
HOGL,91,80,0.804757,5
BA,91,100,0.230499,5
KC,91,100,2.36449,1
KCRDK,91,100,0.349842,2
KCRDKL,91,100,0.373366,2
KCU,91,100,0.368282,2
KCUD,91,100,0.368526,2
HOG,91,100,0.374104,2
HOGL,91,100,0.373775,2
BA,91,100,0.418728,8
KC,91,100,1.66373,1
KCRDK,91,100,0.204557,1
KCRDKL,91,100,0.210151,1
KCU,91,100,0.1997,1
KCUD,91,100,0.20157,1
HOG,91,100,0.208015,1
HOGL,91,100,0.208005,1
BA,91,100,1.06346,16
KC,91,100,0.512715,1
KCRDK,91,100,0.209275,1
KCRDKL,91,100,0.206794,1
KCU,91,100,0.201925,1
KCUD,91,100,0.202502,1
HOG,91,100,0.211701,1
HOGL,91,100,0.20996,1
BA,91,100,0.176738,4
KC,91,100,1.60222,1
KCRDK,91,100,0.341718,2
KCRDKL,91,100,0.36867,2
KCU,91,100,0.364156,2
KCUD,91,100,0.367756,2
HOG,91,100,0.374134,2
HOGL,91,100,0.373565,2
BA,91,100,0.875696,14
KC,91,100,0.538052,1
KCRDK,91,100,0.207998,1
KCRDKL,91,100,0.20649,1
KCU,91,100,0.199678,1
KCUD,91,100,0.20196,1
HOG,91,100,0.210805,1
HOGL,91,100,0.209284,1
BA,91,100,0.128525,3
KC,91,100,1.53106,1
KCRDK,91,100,0.203533,1
KCRDKL,91,100,0.202993,1
KCU,91,100,0.202205,1
KCUD,91,100,0.202451,1
HOG,91,100,0.206083,1
HOGL,91,100,0.206751,1
BA,91,100,0.178503,4
KC,91,100,1.08154,1
KCRDK,91,100,0.342172,2
KCRDKL,91,100,0.36613,2
KCU,91,100,0.362889,2
KCUD,91,100,0.363945,2
HOG,91,100,0.373184,2
HOGL,91,100,0.368542,2
BA,91,100,0.230407,5
KC,91,100,1.0523,1
KCRDK,91,100,0.626141,4
KCRDKL,91,100,0.652252,4
KCU,91,100,0.648404,4
KCUD,91,100,0.368692,2
HOG,91,100,0.66035,4
HOGL,91,100,0.662798,4
BA,91,100,1.1781,17
KC,91,100,0.452318,1
KCRDK,91,100,0.211787,1
KCRDKL,91,100,0.209084,1
KCU,91,100,0.202061,1
KCUD,91,100,0.20331,1
HOG,91,100,0.213989,1
HOGL,91,100,0.209495,1
BA,91,100,0.128251,3
KC,91,100,1.02794,1
KCRDK,91,100,0.344948,2
KCRDKL,91,100,0.367379,2
KCU,91,100,0.364147,2
KCUD,91,100,0.367344,2
HOG,91,100,0.377125,2
HOGL,91,100,0.374846,2
BA,91,100,0.081998,2
KC,91,100,1.20897,1
KCRDK,91,100,0.203399,1
KCRDKL,91,100,0.204349,1
KCU,91,100,0.199872,1
KCUD,91,100,0.201862,1
HOG,91,100,0.206385,1
HOGL,91,100,0.206149,1
BA,91,100,0.778112,13
KC,91,100,0.476861,1
KCRDK,91,100,0.20815,1
KCRDKL,91,100,0.207806,1
KCU,91,100,0.201336,1
KCUD,91,100,0.200195,1
HOG,91,100,0.208884,1
HOGL,91,100,0.207823,1
BA,91,100,0.175706,4
KC,91,100,0.755154,1
KCRDK,91,100,0.21478,1
KCRDKL,91,100,0.211176,1
KCU,91,100,0.198923,1
KCUD,91,100,0.199693,1
HOG,91,100,0.20506,1
HOGL,91,100,0.205137,1
BA,91,100,0.127438,3
KC,91,100,0.825558,1
KCRDK,91,100,0.202721,1
KCRDKL,91,100,0.201522,1
KCU,91,100,0.198994,1
KCUD,91,100,0.198703,1
HOG,91,100,0.214772,1
HOGL,91,100,0.20498,1
BA,91,100,0.078559,2
KC,91,100,1.46293,1
KCRDK,91,100,0.205665,1
KCRDKL,91,100,0.203687,1
KCU,91,100,0.199054,1
KCUD,91,100,0.20218,1
HOG,91,100,0.20645,1
HOGL,91,100,0.206108,1
BA,91,100,0.23383,5
KC,91,100,1.10994,1
KCRDK,91,100,0.201957,1
KCRDKL,91,100,0.203037,1
KCU,91,100,0.199042,1
KCUD,91,100,0.199304,1
HOG,91,100,0.20591,1
HOGL,91,100,0.205912,1
BA,91,100,0.339597,7
KC,91,100,1.17328,1
KCRDK,91,100,0.344285,2
KCRDKL,91,100,0.370303,2
KCU,91,100,0.363538,2
KCUD,91,100,0.506611,3
HOG,91,100,0.371858,2
HOGL,91,100,0.37135,2
BA,91,100,0.620529,11
KC,91,100,0.449948,1
KCRDK,91,100,0.207746,1
KCRDKL,91,100,0.206396,1
KCU,91,100,0.203226,1
KCUD,91,100,0.20361,1
HOG,91,100,0.212183,1
HOGL,91,100,0.210773,1
BA,91,100,1.15298,17
KC,91,100,0.515465,1
KCRDK,91,100,0.20805,1
KCRDKL,91,100,0.205111,1
KCU,91,100,0.200277,1
KCUD,91,100,0.199866,1
HOG,91,100,0.207121,1
HOGL,91,100,0.204868,1
BA,91,100,0.17611,4
KC,91,100,2.38394,1
KCRDK,91,100,0.772817,5
KCRDKL,91,100,1.22903,5
KCU,91,100,0.77846,5
KCUD,91,100,0.340126,2
HOG,91,100,0.805287,5
HOGL,91,100,0.794032,5
