KCA,1,90,1,500,1,0.231166,0.230601,0.000324
KCF,1,90,1,500,1,0.184189,0.183735,0.000293
KCA,1,90,3,500,1,0.038724,0.038402,0.000181
KCF,1,90,3,500,1,0.033359,0.03297,0.000229
KCA,1,90,5,500,1,0.038698,0.038285,0.000271
KCF,1,90,5,500,1,0.038515,0.03805,0.000253
KCA,1,90,7,500,1,0.051276,0.050911,0.000227
KCF,1,90,7,500,1,0.03412,0.03363,0.000288
KCA,1,90,9,500,1,0.040225,0.03978,0.000234
KCF,1,90,9,500,1,0.034566,0.03422,0.000202
KCA,21,90,1,500,1,0.251599,0.233502,0.009334
KCF,21,90,1,500,1,0.230886,0.216434,0.00776
KCA,21,90,3,500,1,0.214826,0.19811,0.009045
KCF,21,90,3,500,1,0.225241,0.209291,0.008657
KCA,21,90,5,500,1,0.270228,0.253733,0.010054
KCF,21,90,5,500,1,0.262327,0.247744,0.007445
KCA,21,90,7,500,1,0.266765,0.252537,0.007712
KCF,21,90,7,500,1,0.241254,0.226114,0.007973
KCA,21,90,9,500,1,0.229669,0.215493,0.007372
KCF,21,90,9,500,1,0.272906,0.255364,0.010534
KCA,41,90,1,500,1,0.745155,0.688578,0.028215
KCF,41,90,1,500,1,0.694241,0.640076,0.0292
KCA,41,90,3,500,1,0.715972,0.658405,0.029893
KCF,41,90,3,500,1,0.718774,0.663411,0.028975
KCA,41,90,5,500,1,0.785996,0.720849,0.029386
KCF,41,90,5,500,1,0.837525,0.776729,0.03094
KCA,41,90,7,500,1,1.52805,1.44379,0.039528
KCF,41,90,7,500,1,0.947043,0.87315,0.03454
KCA,41,90,9,500,1,1.11414,1.03556,0.034427
KCF,41,90,9,500,1,1.09199,1.02118,0.039951
KCA,61,90,1,500,1,1.27155,1.1468,0.061343
KCF,61,90,1,500,1,1.35072,1.23816,0.060045
KCA,61,90,3,500,1,1.31595,1.19975,0.061132
KCF,61,90,3,500,1,1.3642,1.25304,0.058261
KCA,61,90,5,500,1,1.2561,1.14343,0.058101
KCF,61,90,5,500,1,1.32749,1.21798,0.056838
KCA,61,90,7,500,1,1.26415,1.14966,0.059964
KCF,61,90,7,500,1,1.33005,1.22078,0.058358
KCA,61,90,9,500,1,1.43388,1.31909,0.061284
KCF,61,90,9,500,1,1.49931,1.38319,0.060197
KCA,81,90,1,500,1,3.97122,3.74188,0.115022
KCF,81,90,1,500,1,3.15549,2.94682,0.111475
KCA,81,90,3,500,1,4.83426,4.61901,0.121786
KCF,81,90,3,500,1,4.84915,4.57403,0.12552
KCA,81,90,5,500,1,3.76301,3.51621,0.133202
KCF,81,90,5,500,1,3.13981,2.90036,0.125957
KCA,81,90,7,500,1,4.13643,3.90762,0.114881
KCF,81,90,7,500,1,3.30537,3.0841,0.122601
KCA,81,90,9,500,1,3.75696,3.46105,0.154992
KCF,81,90,9,500,1,3.29493,2.93607,0.164284
KCA,101,90,1,500,1,6.77262,6.40157,0.17901
KCF,101,90,1,500,1,5.33416,4.97855,0.181296
KCA,101,90,3,500,1,6.59828,6.26169,0.166759
KCF,101,90,3,500,1,4.79733,4.43291,0.209781
KCA,101,90,5,500,1,6.4198,6.04064,0.197912
KCF,101,90,5,500,1,5.00278,4.67537,0.170782
KCA,101,90,7,500,1,5.77797,5.45218,0.173449
KCF,101,90,7,500,1,5.72928,5.37519,0.174073
KCA,101,90,9,500,1,6.3513,6.03081,0.171284
KCF,101,90,9,500,1,4.89499,4.5625,0.177087
KCA,1,90,1,500,1,0.11795,0.117499,0.000251
KCF,1,90,1,500,1,0.109217,0.108804,0.000235
KCA,1,90,3,500,1,0.102191,0.101725,0.000253
KCF,1,90,3,500,1,0.077123,0.075314,0.000219
KCA,1,90,5,500,1,0.086145,0.085774,0.000185
KCF,1,90,5,500,1,0.0823,0.081863,0.000216
KCA,1,90,7,500,1,0.080319,0.079915,0.000216
KCF,1,90,7,500,1,0.099813,0.099277,0.000293
KCA,1,90,9,500,1,0.098575,0.09815,0.000232
KCF,1,90,9,500,1,0.09346,0.093023,0.000253
KCA,21,90,1,500,1,0.345671,0.326409,0.011094
KCF,21,90,1,500,1,0.346611,0.330544,0.008178
KCA,21,90,3,500,1,0.347343,0.327827,0.009345
KCF,21,90,3,500,1,0.369339,0.351174,0.009876
KCA,21,90,5,500,1,0.370482,0.347237,0.011172
KCF,21,90,5,500,1,0.572754,0.541768,0.015931
KCA,21,90,7,500,1,0.349616,0.330149,0.01084
KCF,21,90,7,500,1,0.314067,0.293148,0.010536
KCA,21,90,9,500,1,0.238415,0.222094,0.008737
KCF,21,90,9,500,1,0.203291,0.187611,0.008417
KCA,41,90,1,500,1,0.883035,0.827196,0.029678
KCF,41,90,1,500,1,0.643301,0.583454,0.030339
KCA,41,90,3,500,1,0.652604,0.594748,0.030597
KCF,41,90,3,500,1,0.668788,0.607845,0.03135
KCA,41,90,5,500,1,0.677133,0.620833,0.030724
KCF,41,90,5,500,1,0.61519,0.55794,0.029917
KCA,41,90,7,500,1,0.786221,0.727666,0.03058
KCF,41,90,7,500,1,0.687837,0.631153,0.030649
KCA,41,90,9,500,1,0.74801,0.692956,0.029032
KCF,41,90,9,500,1,0.599521,0.544736,0.028843
KCA,61,90,1,500,1,1.29219,1.17622,0.060621
KCF,61,90,1,500,1,1.23061,1.11887,0.05846
KCA,61,90,3,500,1,1.26175,1.14927,0.058589
KCF,61,90,3,500,1,1.22683,1.11249,0.058634
KCA,61,90,5,500,1,1.26644,1.15658,0.056557
KCF,61,90,5,500,1,1.22859,1.11819,0.058953
KCA,61,90,7,500,1,1.27283,1.15918,0.059411
KCF,61,90,7,500,1,1.39332,1.25221,0.086681
KCA,61,90,9,500,1,1.33326,1.21654,0.05996
KCF,61,90,9,500,1,1.23188,1.12364,0.056146
KCA,81,90,1,500,1,2.41566,2.21911,0.100112
KCF,81,90,1,500,1,1.9845,1.79181,0.100717
KCA,81,90,3,500,1,2.39727,2.21393,0.094294
KCF,81,90,3,500,1,2.22201,2.04033,0.093714
KCA,81,90,5,500,1,2.33779,2.15316,0.096912
KCF,81,90,5,500,1,2.08415,1.89753,0.096524
KCA,81,90,7,500,1,2.41725,2.2298,0.098401
KCF,81,90,7,500,1,2.00616,1.81155,0.100156
KCA,81,90,9,500,1,2.39383,2.21237,0.093161
KCF,81,90,9,500,1,1.96707,1.78761,0.09265
KCA,101,90,1,500,1,3.66331,3.36517,0.154686
KCF,101,90,1,500,1,2.87949,2.57968,0.156716
KCA,101,90,3,500,1,3.45565,3.17936,0.144232
KCF,101,90,3,500,1,2.89934,2.59477,0.154481
KCA,101,90,5,500,1,3.54701,3.26272,0.148578
KCF,101,90,5,500,1,2.77801,2.48837,0.150302
KCA,101,90,7,500,1,3.54077,3.26263,0.144207
KCF,101,90,7,500,1,2.78216,2.48973,0.152322
KCA,101,90,9,500,1,3.5495,3.24732,0.159074
KCF,101,90,9,500,1,2.82533,2.54032,0.147197
KCA,1,90,1,500,1,0.035966,0.035641,0.000186
KCF,1,90,1,500,1,0.031061,0.030718,0.000196
KCA,1,90,3,500,1,0.030183,0.029689,0.000267
KCF,1,90,3,500,1,0.028192,0.027828,0.000215
KCA,1,90,5,500,1,0.039154,0.038767,0.000232
KCF,1,90,5,500,1,0.029608,0.029304,0.000161
KCA,1,90,7,500,1,0.02646,0.026085,0.000231
KCF,1,90,7,500,1,0.029075,0.028708,0.000222
KCA,1,90,9,500,1,0.033194,0.032694,0.000252
KCF,1,90,9,500,1,0.032714,0.032226,0.000286
KCA,21,90,1,500,1,0.224855,0.209513,0.008335
KCF,21,90,1,500,1,0.23321,0.217208,0.008353
KCA,21,90,3,500,1,0.233102,0.215474,0.008793
KCF,21,90,3,500,1,0.244332,0.228321,0.008749
KCA,21,90,5,500,1,0.222325,0.206903,0.008303
KCF,21,90,5,500,1,0.232065,0.216278,0.008188
KCA,21,90,7,500,1,0.228503,0.211853,0.009077
KCF,21,90,7,500,1,0.238272,0.220491,0.010649
KCA,21,90,9,500,1,0.232682,0.214478,0.010153
KCF,21,90,9,500,1,0.228674,0.211823,0.00965
KCA,41,90,1,500,1,1.36825,1.31519,0.027999
KCF,41,90,1,500,1,0.867506,0.812058,0.02987
KCA,41,90,3,500,1,1.65323,1.60001,0.02885
KCF,41,90,3,500,1,0.890737,0.83492,0.029683
KCA,41,90,5,500,1,1.72707,1.66604,0.03672
KCF,41,90,5,500,1,1.08694,1.02702,0.0306
KCA,41,90,7,500,1,1.81891,1.75474,0.028944
KCF,41,90,7,500,1,0.800925,0.746738,0.028355
KCA,41,90,9,500,1,1.39128,1.33498,0.029377
KCF,41,90,9,500,1,0.975776,0.919577,0.02968
KCA,61,90,1,500,1,2.41905,2.31145,0.056531
KCF,61,90,1,500,1,1.69512,1.57172,0.061517
KCA,61,90,3,500,1,2.49381,2.38151,0.061349
KCF,61,90,3,500,1,1.63428,1.50947,0.064385
KCA,61,90,5,500,1,2.5946,2.4864,0.057252
KCF,61,90,5,500,1,1.66431,1.54941,0.061195
KCA,61,90,7,500,1,2.395,2.28138,0.061209
KCF,61,90,7,500,1,1.64359,1.52694,0.058593
KCA,61,90,9,500,1,2.47946,2.36167,0.060069
KCF,61,90,9,500,1,1.66911,1.55,0.061049
KCA,81,90,1,500,1,5.02798,4.82955,0.103894
KCF,81,90,1,500,1,8.58931,8.38453,0.112369
KCA,81,90,3,500,1,5.35442,5.17125,0.096835
KCF,81,90,3,500,1,7.83212,7.63642,0.102543
KCA,81,90,5,500,1,5.13512,4.94664,0.101595
KCF,81,90,5,500,1,7.77349,7.56749,0.105156
KCA,81,90,7,500,1,5.22359,5.02492,0.101318
KCF,81,90,7,500,1,7.60808,7.4039,0.103776
KCA,81,90,9,500,1,4.97998,4.78995,0.098233
KCF,81,90,9,500,1,7.46407,7.27057,0.102085
KCA,101,90,1,500,1,7.70683,7.42705,0.146399
KCF,101,90,1,500,1,7.27444,6.98475,0.150217
KCA,101,90,3,500,1,7.81672,7.52965,0.152217
KCF,101,90,3,500,1,6.95198,6.65512,0.15759
KCA,101,90,5,500,1,8.79764,8.49259,0.156073
KCF,101,90,5,500,1,7.54711,7.25248,0.15468
KCA,101,90,7,500,1,7.64131,7.36148,0.146703
KCF,101,90,7,500,1,7.36702,7.05094,0.159877
KCA,101,90,9,500,1,7.60909,7.31222,0.152391
KCF,101,90,9,500,1,7.12194,6.82187,0.158078
KCA,1,90,1,500,2,0.051936,0.05126,0.00038
KCF,1,90,1,500,2,0.053051,0.052438,0.000355
KCA,1,90,3,500,2,0.044653,0.043965,0.000379
KCF,1,90,3,500,2,0.044663,0.04405,0.000319
KCA,1,90,5,500,2,0.059617,0.059075,0.000274
KCF,1,90,5,500,2,0.050426,0.049691,0.000459
KCA,1,90,7,500,2,0.049074,0.048374,0.000382
KCF,1,90,7,500,2,0.05296,0.052219,0.000379
KCA,1,90,9,500,2,0.047782,0.047097,0.000332
KCF,1,90,9,500,2,0.052071,0.051253,0.000439
KCA,21,90,1,500,1,0.211516,0.195902,0.008326
KCF,21,90,1,500,1,0.184081,0.1666,0.009576
KCA,21,90,3,500,1,0.205747,0.188012,0.009913
KCF,21,90,3,500,1,0.192497,0.175811,0.008541
KCA,21,90,5,500,1,0.214061,0.198521,0.008604
KCF,21,90,5,500,1,0.186078,0.168626,0.009746
KCA,21,90,7,500,1,0.218604,0.202612,0.008696
KCF,21,90,7,500,1,0.18799,0.170183,0.009847
KCA,21,90,9,500,1,0.208672,0.190674,0.010221
KCF,21,90,9,500,1,0.196333,0.180618,0.008543
KCA,41,90,1,500,1,0.49054,0.432968,0.030089
KCF,41,90,1,500,1,0.424442,0.370545,0.028469
KCA,41,90,3,500,1,0.452255,0.394688,0.029302
KCF,41,90,3,500,1,0.445458,0.390803,0.028297
KCA,41,90,5,500,1,0.467323,0.411636,0.030058
KCF,41,90,5,500,1,0.469255,0.411457,0.030774
KCA,41,90,7,500,1,0.439134,0.382882,0.028689
KCF,41,90,7,500,1,0.46398,0.405802,0.030247
KCA,41,90,9,500,1,0.450057,0.396308,0.027955
KCF,41,90,9,500,1,0.438056,0.382117,0.029755
KCA,61,90,1,500,1,0.989938,0.879323,0.057312
KCF,61,90,1,500,1,0.847694,0.738153,0.057806
KCA,61,90,3,500,1,0.984914,0.869182,0.05849
KCF,61,90,3,500,1,0.852421,0.740795,0.059394
KCA,61,90,5,500,1,1.07157,0.954544,0.061274
KCF,61,90,5,500,1,0.851724,0.741947,0.057248
KCA,61,90,7,500,1,1.47111,1.28833,0.09491
KCF,61,90,7,500,1,1.08577,0.964999,0.062935
KCA,61,90,9,500,1,1.02114,0.903907,0.057809
KCF,61,90,9,500,1,0.853734,0.743506,0.058141
KCA,81,90,1,500,1,1.87489,1.6842,0.098444
KCF,81,90,1,500,1,1.67256,1.47508,0.102317
KCA,81,90,3,500,1,2.0352,1.75056,0.126203
KCF,81,90,3,500,1,2.12114,1.90889,0.112597
KCA,81,90,5,500,1,1.96369,1.71837,0.145364
KCF,81,90,5,500,1,1.68467,1.49458,0.099072
KCA,81,90,7,500,1,2.38847,2.15918,0.128129
KCF,81,90,7,500,1,2.14453,1.87113,0.153475
KCA,81,90,9,500,1,1.85904,1.66337,0.103952
KCF,81,90,9,500,1,1.94858,1.75514,0.09907
KCA,101,90,1,500,1,2.94251,2.65559,0.148282
KCF,101,90,1,500,1,2.91008,2.60559,0.164289
KCA,101,90,3,500,1,3.07062,2.7818,0.15022
KCF,101,90,3,500,1,2.96938,2.67111,0.157382
KCA,101,90,5,500,1,3.07932,2.79125,0.152618
KCF,101,90,5,500,1,3.01354,2.71851,0.155089
KCA,101,90,7,500,1,2.99852,2.70711,0.153345
KCF,101,90,7,500,1,2.90063,2.59828,0.160883
KCA,101,90,9,500,1,3.02279,2.74115,0.145054
KCF,101,90,9,500,1,2.77887,2.48711,0.144887
KCA,1,90,1,500,2,0.051276,0.050561,0.000401
KCF,1,90,1,500,2,0.053976,0.053244,0.00037
KCA,1,90,3,500,2,0.049412,0.048722,0.000391
KCF,1,90,3,500,2,0.04799,0.047225,0.000397
KCA,1,90,5,500,2,0.048792,0.048174,0.00031
KCF,1,90,5,500,2,0.057766,0.057116,0.00036
KCA,1,90,7,500,2,0.050711,0.050027,0.000334
KCF,1,90,7,500,2,0.051934,0.051302,0.000374
KCA,1,90,9,500,2,0.05327,0.052684,0.000302
KCF,1,90,9,500,2,0.05883,0.058243,0.000301
KCA,21,90,1,500,1,0.17608,0.157352,0.010201
KCF,21,90,1,500,1,0.152124,0.136232,0.00875
KCA,21,90,3,500,1,0.163054,0.146509,0.00864
KCF,21,90,3,500,1,0.167072,0.152232,0.007931
KCA,21,90,5,500,1,0.165973,0.148445,0.008717
KCF,21,90,5,500,1,0.155061,0.137242,0.010632
KCA,21,90,7,500,1,0.170952,0.153256,0.009687
KCF,21,90,7,500,1,0.157442,0.141395,0.008893
KCA,21,90,9,500,1,0.167738,0.150276,0.009131
KCF,21,90,9,500,1,0.158547,0.143517,0.008042
KCA,41,90,1,500,1,0.393364,0.338371,0.029039
KCF,41,90,1,500,1,0.40687,0.349155,0.030355
KCA,41,90,3,500,1,0.395867,0.337965,0.029057
KCF,41,90,3,500,1,0.392546,0.336389,0.028723
KCA,41,90,5,500,1,0.404871,0.345305,0.030118
KCF,41,90,5,500,1,0.418921,0.363292,0.027649
KCA,41,90,7,500,1,0.403296,0.346864,0.030253
KCF,41,90,7,500,1,0.395855,0.340689,0.027963
KCA,41,90,9,500,1,0.395559,0.341419,0.028306
KCF,41,90,9,500,1,0.406578,0.348946,0.030276
KCA,61,90,1,500,1,0.717039,0.596336,0.060502
KCF,61,90,1,500,1,0.83959,0.722356,0.064172
KCA,61,90,3,500,1,0.748283,0.634836,0.059045
KCF,61,90,3,500,1,0.800429,0.686252,0.06088
KCA,61,90,5,500,1,0.720115,0.604509,0.060837
KCF,61,90,5,500,1,0.789794,0.678565,0.058159
KCA,61,90,7,500,1,0.720574,0.607849,0.058882
KCF,61,90,7,500,1,0.766325,0.652996,0.060012
KCA,61,90,9,500,1,0.72411,0.609069,0.060434
KCF,61,90,9,500,1,0.808892,0.688566,0.064388
KCA,81,90,1,500,1,1.22306,1.01777,0.104113
KCF,81,90,1,500,1,1.16276,0.961274,0.102085
KCA,81,90,3,500,1,1.2089,1.01055,0.105985
KCF,81,90,3,500,1,1.13488,0.937684,0.098863
KCA,81,90,5,500,1,1.08325,0.893497,0.097772
KCF,81,90,5,500,1,1.15836,0.972536,0.097118
KCA,81,90,7,500,1,1.07065,0.881173,0.098365
KCF,81,90,7,500,1,1.13278,0.934694,0.101215
KCA,81,90,9,500,1,1.10978,0.91304,0.101652
KCF,81,90,9,500,1,1.31969,1.10073,0.100037
KCA,101,90,1,500,1,2.40241,2.11346,0.151246
KCF,101,90,1,500,1,1.91952,1.60835,0.161378
KCA,101,90,3,500,1,2.45479,2.14173,0.161455
KCF,101,90,3,500,1,1.94377,1.64025,0.153292
KCA,101,90,5,500,1,2.39822,2.11569,0.146643
KCF,101,90,5,500,1,1.88031,1.597,0.145844
KCA,101,90,7,500,1,2.42964,2.11417,0.16429
KCF,101,90,7,500,1,1.98457,1.7033,0.145622
KCA,101,90,9,500,1,2.35544,2.06771,0.151405
KCF,101,90,9,500,1,1.98292,1.70114,0.145811
KCA,1,90,1,500,1,0.037767,0.037439,0.000185
KCF,1,90,1,500,1,0.037071,0.036768,0.000167
KCA,1,90,3,500,1,0.047032,0.046715,0.000184
KCF,1,90,3,500,1,0.039345,0.039032,0.000165
KCA,1,90,5,500,1,0.065487,0.065083,0.000256
KCF,1,90,5,500,1,0.218999,0.218477,0.000326
KCA,1,90,7,500,1,0.036319,0.035945,0.000221
KCF,1,90,7,500,1,0.039886,0.039488,0.000233
KCA,1,90,9,500,1,0.038176,0.037854,0.000182
KCF,1,90,9,500,1,0.038188,0.037858,0.000185
KCA,21,90,1,500,1,0.279276,0.262327,0.009339
KCF,21,90,1,500,1,0.236672,0.221173,0.008437
KCA,21,90,3,500,1,0.262201,0.246085,0.007843
KCF,21,90,3,500,1,0.235809,0.21961,0.008968
KCA,21,90,5,500,1,0.262566,0.24433,0.009344
KCF,21,90,5,500,1,0.223579,0.209635,0.007352
KCA,21,90,7,500,1,0.271788,0.254133,0.010089
KCF,21,90,7,500,1,0.247136,0.230286,0.009284
KCA,21,90,9,500,1,0.270228,0.253165,0.009726
KCF,21,90,9,500,1,0.241159,0.224705,0.009486
KCA,41,90,1,500,1,1.09876,1.0397,0.030343
KCF,41,90,1,500,1,0.926159,0.866989,0.031414
KCA,41,90,3,500,1,1.07919,1.02676,0.027771
KCF,41,90,3,500,1,0.881743,0.829909,0.026964
KCA,41,90,5,500,1,1.13993,1.08475,0.029373
KCF,41,90,5,500,1,0.883346,0.828126,0.029068
KCA,41,90,7,500,1,1.05245,0.9967,0.031022
KCF,41,90,7,500,1,0.861262,0.807485,0.028512
KCA,41,90,9,500,1,1.10805,1.05279,0.029227
KCF,41,90,9,500,1,0.902739,0.849614,0.027782
KCA,61,90,1,500,1,2.69554,2.58633,0.056899
KCF,61,90,1,500,1,2.38592,2.26575,0.062385
KCA,61,90,3,500,1,2.83579,2.72785,0.055271
KCF,61,90,3,500,1,2.4194,2.2997,0.062145
KCA,61,90,5,500,1,2.69108,2.58218,0.056505
KCF,61,90,5,500,1,2.36872,2.2507,0.061393
KCA,61,90,7,500,1,2.83742,2.72143,0.06047
KCF,61,90,7,500,1,2.33772,2.22484,0.059031
KCA,61,90,9,500,1,2.71702,2.59993,0.058672
KCF,61,90,9,500,1,2.43576,2.32395,0.060106
KCA,81,90,1,500,1,4.33788,4.15361,0.095418
KCF,81,90,1,500,1,4.24159,4.04494,0.102811
KCA,81,90,3,500,1,4.1967,4.01124,0.095492
KCF,81,90,3,500,1,4.56507,4.38054,0.096382
KCA,81,90,5,500,1,4.24088,4.04558,0.098623
KCF,81,90,5,500,1,4.1776,3.98302,0.103998
KCA,81,90,7,500,1,4.25653,4.02654,0.096145
KCF,81,90,7,500,1,4.33275,4.14188,0.096969
KCA,81,90,9,500,1,4.17326,3.98742,0.09941
KCF,81,90,9,500,1,4.49171,4.30197,0.099237
KCA,101,90,1,500,1,13.4586,13.1382,0.162607
KCF,101,90,1,500,1,7.60632,7.3199,0.148667
KCA,101,90,3,500,1,12.8615,12.5605,0.152857
KCF,101,90,3,500,1,7.86498,7.56974,0.157246
KCA,101,90,5,500,1,13.4656,13.1644,0.167292
KCF,101,90,5,500,1,7.58259,7.29731,0.149206
KCA,101,90,7,500,1,12.174,11.8825,0.148223
KCF,101,90,7,500,1,7.64933,7.35718,0.154775
KCA,101,90,9,500,1,11.8897,11.6101,0.144968
KCF,101,90,9,500,1,7.68969,7.40184,0.149265
KCA,1,90,1,500,1,0.043191,0.042847,0.000188
KCF,1,90,1,500,1,0.029585,0.029181,0.000238
KCA,1,90,3,500,1,0.030288,0.029884,0.000272
KCF,1,90,3,500,1,0.040442,0.04008,0.000198
KCA,1,90,5,500,1,0.0448,0.044418,0.000212
KCF,1,90,5,500,1,0.039896,0.039449,0.000244
KCA,1,90,7,500,1,0.02985,0.029461,0.0002
KCF,1,90,7,500,1,0.034464,0.034101,0.00022
KCA,1,90,9,500,1,0.046725,0.046368,0.000204
KCF,1,90,9,500,1,0.032815,0.032469,0.000209
KCA,21,90,1,500,1,0.220104,0.203688,0.008741
KCF,21,90,1,500,1,0.196744,0.182043,0.007482
KCA,21,90,3,500,1,0.215457,0.198314,0.01012
KCF,21,90,3,500,1,0.196493,0.181783,0.008032
KCA,21,90,5,500,1,0.226996,0.209196,0.008188
KCF,21,90,5,500,1,0.202847,0.186099,0.009699
KCA,21,90,7,500,1,0.213244,0.19665,0.008535
KCF,21,90,7,500,1,0.222794,0.204842,0.009047
KCA,21,90,9,500,1,0.20341,0.188072,0.00823
KCF,21,90,9,500,1,0.197084,0.180776,0.00837
KCA,41,90,1,500,1,0.817423,0.765051,0.02845
KCF,41,90,1,500,1,0.698243,0.643019,0.027092
KCA,41,90,3,500,1,0.825984,0.772071,0.026763
KCF,41,90,3,500,1,0.69881,0.646504,0.027498
KCA,41,90,5,500,1,0.808305,0.757527,0.026525
KCF,41,90,5,500,1,0.68922,0.636416,0.028173
KCA,41,90,7,500,1,0.811143,0.754986,0.030013
KCF,41,90,7,500,1,0.874656,0.823118,0.027397
KCA,41,90,9,500,1,0.805493,0.75231,0.026929
KCF,41,90,9,500,1,0.692538,0.641175,0.026222
KCA,61,90,1,500,1,2.00351,1.88332,0.061495
KCF,61,90,1,500,1,1.80533,1.6925,0.059834
KCA,61,90,3,500,1,2.08646,1.97012,0.057148
KCF,61,90,3,500,1,1.82715,1.7169,0.057818
KCA,61,90,5,500,1,2.02211,1.90906,0.060565
KCF,61,90,5,500,1,1.82122,1.70173,0.059695
KCA,61,90,7,500,1,1.96761,1.85759,0.054581
KCF,61,90,7,500,1,1.8279,1.71781,0.056028
KCA,61,90,9,500,1,2.27452,2.16071,0.058751
KCF,61,90,9,500,1,1.80217,1.6932,0.056951
KCA,81,90,1,500,1,3.19794,3.01452,0.095297
KCF,81,90,1,500,1,3.0006,2.81468,0.097329
KCA,81,90,3,500,1,3.40854,3.22003,0.096788
KCF,81,90,3,500,1,3.03885,2.83466,0.106401
KCA,81,90,5,500,1,3.22971,3.04435,0.097158
KCF,81,90,5,500,1,3.00121,2.81127,0.099049
KCA,81,90,7,500,1,3.12876,2.93407,0.098936
KCF,81,90,7,500,1,2.99651,2.80575,0.10056
KCA,81,90,9,500,1,3.39318,3.20705,0.095623
KCF,81,90,9,500,1,3.02928,2.82874,0.103798
KCA,101,90,1,500,1,4.92412,4.60853,0.162413
KCF,101,90,1,500,1,3.55373,3.24573,0.153141
KCA,101,90,3,500,1,4.94608,4.65451,0.154789
KCF,101,90,3,500,1,3.57107,3.28224,0.152855
KCA,101,90,5,500,1,4.90177,4.61602,0.150175
KCF,101,90,5,500,1,3.52423,3.24603,0.142018
KCA,101,90,7,500,1,4.9177,4.62033,0.151977
KCF,101,90,7,500,1,3.69664,3.38885,0.15629
KCA,101,90,9,500,1,4.83566,4.55314,0.148191
KCF,101,90,9,500,1,3.55891,3.25078,0.155592
KCA,1,90,1,500,1,0.030743,0.030266,0.000247
KCF,1,90,1,500,1,0.029973,0.029551,0.0002
KCA,1,90,3,500,1,0.026677,0.02625,0.000251
KCF,1,90,3,500,1,0.031636,0.031254,0.000239
KCA,1,90,5,500,1,0.028142,0.027791,0.00019
KCF,1,90,5,500,1,0.028685,0.028313,0.000198
KCA,1,90,7,500,1,0.036014,0.035586,0.000271
KCF,1,90,7,500,1,0.035678,0.035345,0.000188
KCA,1,90,9,500,1,0.030905,0.030546,0.000216
KCF,1,90,9,500,1,0.033384,0.032951,0.000226
KCA,21,90,1,500,1,0.256281,0.241049,0.008002
KCF,21,90,1,500,1,0.210838,0.193509,0.008267
KCA,21,90,3,500,1,0.236979,0.220699,0.00869
KCF,21,90,3,500,1,0.206773,0.191991,0.007761
KCA,21,90,5,500,1,0.236652,0.220591,0.008443
KCF,21,90,5,500,1,0.218451,0.202287,0.009141
KCA,21,90,7,500,1,0.244063,0.229094,0.00819
KCF,21,90,7,500,1,0.205619,0.188434,0.008188
KCA,21,90,9,500,1,0.244599,0.228827,0.008555
KCF,21,90,9,500,1,0.22312,0.203614,0.0117
KCA,41,90,1,500,1,0.99864,0.9428,0.029634
KCF,41,90,1,500,1,0.807232,0.752281,0.027759
KCA,41,90,3,500,1,0.989183,0.932853,0.028304
KCF,41,90,3,500,1,0.875096,0.821186,0.029349
KCA,41,90,5,500,1,0.946978,0.894674,0.02737
KCF,41,90,5,500,1,0.795821,0.741248,0.028632
KCA,41,90,7,500,1,1.05419,0.969165,0.038038
KCF,41,90,7,500,1,0.882388,0.825168,0.03088
KCA,41,90,9,500,1,0.99253,0.938234,0.029579
KCF,41,90,9,500,1,0.821881,0.768264,0.028906
KCA,61,90,1,500,1,3.61018,3.48287,0.072873
KCF,61,90,1,500,1,2.59671,2.47598,0.063189
KCA,61,90,3,500,1,2.92168,2.80007,0.062049
KCF,61,90,3,500,1,1.98994,1.86788,0.064687
KCA,61,90,5,500,1,2.78317,2.67299,0.057837
KCF,61,90,5,500,1,2.1125,2.00027,0.059071
KCA,61,90,7,500,1,2.8709,2.76217,0.056721
KCF,61,90,7,500,1,2.00363,1.89124,0.058476
KCA,61,90,9,500,1,2.98383,2.86438,0.062182
KCF,61,90,9,500,1,2.06927,1.95535,0.058786
KCA,81,90,1,500,1,3.81296,3.61777,0.09712
KCF,81,90,1,500,1,3.45321,3.26014,0.097453
KCA,81,90,3,500,1,4.68473,4.4921,0.101694
KCF,81,90,3,500,1,4.09796,3.88896,0.107775
KCA,81,90,5,500,1,3.76108,3.57463,0.097442
KCF,81,90,5,500,1,3.38142,3.18947,0.100153
KCA,81,90,7,500,1,3.7142,3.52825,0.096745
KCF,81,90,7,500,1,3.39381,3.20342,0.098261
KCA,81,90,9,500,1,3.7303,3.52605,0.102747
KCF,81,90,9,500,1,3.36134,3.16069,0.099059
KCA,101,90,1,500,1,9.91209,9.63463,0.143584
KCF,101,90,1,500,1,5.74064,5.42906,0.158456
KCA,101,90,3,500,1,10.1027,9.81838,0.149868
KCF,101,90,3,500,1,5.65711,5.36958,0.149318
KCA,101,90,5,500,1,11.2645,10.9648,0.162788
KCF,101,90,5,500,1,5.79257,5.47288,0.15181
KCA,101,90,7,500,1,9.53644,9.23543,0.153897
KCF,101,90,7,500,1,6.09586,5.75977,0.158585
KCA,101,90,9,500,1,11.0444,10.7546,0.152667
KCF,101,90,9,500,1,6.37526,6.03052,0.163674
KCA,1,90,1,500,2,0.05278,0.052035,0.000431
KCF,1,90,1,500,2,0.054741,0.054033,0.00036
KCA,1,90,3,500,2,0.05072,0.049963,0.000416
KCF,1,90,3,500,2,0.057102,0.056212,0.000491
KCA,1,90,5,500,2,0.049347,0.048776,0.000296
KCF,1,90,5,500,2,0.060832,0.060211,0.0003
KCA,1,90,7,500,2,0.054349,0.053655,0.000382
KCF,1,90,7,500,2,0.050456,0.04995,0.00026
KCA,1,90,9,500,2,0.064115,0.063248,0.000445
KCF,1,90,9,500,2,0.05075,0.050136,0.000335
KCA,21,90,1,500,1,0.171775,0.155506,0.008904
KCF,21,90,1,500,1,0.167017,0.150896,0.008275
KCA,21,90,3,500,1,0.177561,0.160724,0.009094
KCF,21,90,3,500,1,0.16734,0.151022,0.009085
KCA,21,90,5,500,1,0.167567,0.151242,0.00839
KCF,21,90,5,500,1,0.169122,0.152783,0.009025
KCA,21,90,7,500,1,0.175364,0.159725,0.007855
KCF,21,90,7,500,1,0.169153,0.152513,0.008897
KCA,21,90,9,500,1,0.181202,0.16503,0.008487
KCF,21,90,9,500,1,0.165141,0.14915,0.008872
KCA,41,90,1,500,1,0.359279,0.303181,0.029777
KCF,41,90,1,500,1,0.370389,0.317389,0.027343
KCA,41,90,3,500,1,0.422648,0.347477,0.049333
KCF,41,90,3,500,1,0.462338,0.38042,0.033709
KCA,41,90,5,500,1,0.358398,0.303641,0.028702
KCF,41,90,5,500,1,0.369427,0.312635,0.030347
KCA,41,90,7,500,1,0.401109,0.338122,0.031238
KCF,41,90,7,500,1,0.397691,0.330215,0.037999
KCA,41,90,9,500,1,0.540289,0.469746,0.037547
KCF,41,90,9,500,1,0.569495,0.499868,0.042386
KCA,61,90,1,500,1,0.732486,0.61626,0.060583
KCF,61,90,1,500,1,0.707303,0.596636,0.057396
KCA,61,90,3,500,1,0.704005,0.58845,0.061054
KCF,61,90,3,500,1,0.712536,0.59483,0.060439
KCA,61,90,5,500,1,0.727519,0.612504,0.060767
KCF,61,90,5,500,1,0.756465,0.642603,0.060296
KCA,61,90,7,500,1,0.709785,0.592671,0.061496
KCF,61,90,7,500,1,0.686116,0.575279,0.058134
KCA,61,90,9,500,1,0.703338,0.58505,0.058972
KCF,61,90,9,500,1,0.687003,0.57405,0.05936
KCA,81,90,1,500,1,1.55747,1.36356,0.10085
KCF,81,90,1,500,1,1.43075,1.22532,0.105897
KCA,81,90,3,500,1,1.56613,1.373,0.10106
KCF,81,90,3,500,1,1.33735,1.14422,0.098905
KCA,81,90,5,500,1,1.55679,1.36497,0.098932
KCF,81,90,5,500,1,1.39574,1.20511,0.101031
KCA,81,90,7,500,1,1.60159,1.39156,0.103866
KCF,81,90,7,500,1,1.38905,1.18627,0.103256
KCA,81,90,9,500,1,1.60775,1.39326,0.11436
KCF,81,90,9,500,1,1.41544,1.22318,0.099935
KCA,101,90,1,500,1,2.78673,2.49246,0.15143
KCF,101,90,1,500,1,2.21919,1.90748,0.155668
KCA,101,90,3,500,1,2.89212,2.60281,0.151862
KCF,101,90,3,500,1,2.25135,1.9606,0.151823
KCA,101,90,5,500,1,2.78876,2.49503,0.156377
KCF,101,90,5,500,1,2.40122,1.9809,0.201321
KCA,101,90,7,500,1,2.8977,2.61227,0.147551
KCF,101,90,7,500,1,2.38362,2.10018,0.146702
KCA,101,90,9,500,1,2.70988,2.41798,0.155919
KCF,101,90,9,500,1,2.42704,2.11952,0.153857
KCA,1,90,1,500,2,0.052464,0.051796,0.000336
KCF,1,90,1,500,2,0.050975,0.050295,0.000353
KCA,1,90,3,500,2,0.048507,0.047852,0.000337
KCF,1,90,3,500,2,0.051081,0.050421,0.000359
KCA,1,90,5,500,2,0.04897,0.048337,0.000305
KCF,1,90,5,500,2,0.049191,0.048499,0.000327
KCA,1,90,7,500,2,0.050482,0.049911,0.000311
KCF,1,90,7,500,2,0.052583,0.052078,0.000261
KCA,1,90,9,500,2,0.051589,0.05102,0.000299
KCF,1,90,9,500,2,0.056512,0.055858,0.000383
KCA,21,90,1,500,1,0.193428,0.177665,0.008337
KCF,21,90,1,500,1,0.191829,0.17455,0.009685
KCA,21,90,3,500,1,0.195333,0.178217,0.009665
KCF,21,90,3,500,1,0.19111,0.173787,0.010098
KCA,21,90,5,500,1,0.201857,0.185654,0.007927
KCF,21,90,5,500,1,0.182999,0.166825,0.008598
KCA,21,90,7,500,1,0.185182,0.167806,0.009146
KCF,21,90,7,500,1,0.174783,0.158283,0.009461
KCA,21,90,9,500,1,0.195251,0.177979,0.00794
KCF,21,90,9,500,1,0.178499,0.161901,0.009302
KCA,41,90,1,500,1,0.534398,0.479688,0.028764
KCF,41,90,1,500,1,0.486948,0.429863,0.029858
KCA,41,90,3,500,1,0.48412,0.42629,0.028861
KCF,41,90,3,500,1,0.473869,0.414347,0.032137
KCA,41,90,5,500,1,0.494737,0.438247,0.028229
KCF,41,90,5,500,1,0.502407,0.445093,0.029301
KCA,41,90,7,500,1,0.472898,0.415128,0.028367
KCF,41,90,7,500,1,0.47379,0.418337,0.029831
KCA,41,90,9,500,1,0.479185,0.422544,0.030724
KCF,41,90,9,500,1,0.493439,0.434687,0.030085
KCA,61,90,1,500,1,0.998302,0.880495,0.058394
KCF,61,90,1,500,1,0.820453,0.704596,0.062364
KCA,61,90,3,500,1,0.980796,0.864491,0.05899
KCF,61,90,3,500,1,0.840525,0.72787,0.059741
KCA,61,90,5,500,1,0.92614,0.812687,0.058774
KCF,61,90,5,500,1,0.830098,0.719929,0.057074
KCA,61,90,7,500,1,0.923575,0.808051,0.06042
KCF,61,90,7,500,1,0.857008,0.736536,0.061054
KCA,61,90,9,500,1,0.950453,0.835851,0.059033
KCF,61,90,9,500,1,0.850077,0.739879,0.056654
KCA,81,90,1,500,1,1.83471,1.6388,0.102304
KCF,81,90,1,500,1,1.45306,1.25223,0.102572
KCA,81,90,3,500,1,1.71468,1.51967,0.103877
KCF,81,90,3,500,1,1.6293,1.34298,0.125057
KCA,81,90,5,500,1,1.65074,1.46151,0.0982
KCF,81,90,5,500,1,1.7205,1.53245,0.097411
KCA,81,90,7,500,1,1.82462,1.54086,0.124302
KCF,81,90,7,500,1,1.4847,1.29618,0.097557
KCA,81,90,9,500,1,1.84356,1.58702,0.127492
KCF,81,90,9,500,1,1.44544,1.26044,0.095785
KCA,101,90,1,500,1,1.94582,1.65714,0.147388
KCF,101,90,1,500,1,1.56078,1.25004,0.155464
KCA,101,90,3,500,1,1.9644,1.65608,0.151501
KCF,101,90,3,500,1,1.6988,1.36214,0.187129
KCA,101,90,5,500,1,1.97801,1.68348,0.147828
KCF,101,90,5,500,1,1.50757,1.2151,0.146427
KCA,101,90,7,500,1,1.93456,1.64067,0.147887
KCF,101,90,7,500,1,1.50476,1.21953,0.144313
KCA,101,90,9,500,1,1.92164,1.6216,0.151376
KCF,101,90,9,500,1,1.54741,1.24512,0.155263
KCA,1,90,1,500,1,0.03368,0.033365,0.000174
KCF,1,90,1,500,1,0.035963,0.035593,0.000209
KCA,1,90,3,500,1,0.033295,0.03292,0.000239
KCF,1,90,3,500,1,0.033306,0.032905,0.000192
KCA,1,90,5,500,1,0.033209,0.032811,0.000203
KCF,1,90,5,500,1,0.031491,0.03112,0.000239
KCA,1,90,7,500,1,0.034866,0.034564,0.000167
KCF,1,90,7,500,1,0.034792,0.034503,0.000159
KCA,1,90,9,500,1,0.032542,0.032131,0.000225
KCF,1,90,9,500,1,0.050678,0.050323,0.000198
KCA,21,90,1,500,1,0.206232,0.191907,0.007484
KCF,21,90,1,500,1,0.189954,0.171147,0.009863
KCA,21,90,3,500,1,0.2052,0.189736,0.008098
KCF,21,90,3,500,1,0.185018,0.169418,0.008338
KCA,21,90,5,500,1,0.196328,0.179608,0.009259
KCF,21,90,5,500,1,0.188362,0.172485,0.009013
KCA,21,90,7,500,1,0.202751,0.184381,0.010429
KCF,21,90,7,500,1,0.18432,0.167646,0.00956
KCA,21,90,9,500,1,0.201268,0.183553,0.009475
KCF,21,90,9,500,1,0.185524,0.169414,0.009231
KCA,41,90,1,500,1,0.786325,0.73218,0.027856
KCF,41,90,1,500,1,0.657571,0.601792,0.029799
KCA,41,90,3,500,1,0.752797,0.702394,0.026208
KCF,41,90,3,500,1,0.702951,0.650591,0.02737
KCA,41,90,5,500,1,0.786136,0.73151,0.030454
KCF,41,90,5,500,1,0.874286,0.819649,0.027437
KCA,41,90,7,500,1,0.768014,0.713211,0.028767
KCF,41,90,7,500,1,0.633087,0.581965,0.026632
KCA,41,90,9,500,1,0.797405,0.745168,0.027825
KCF,41,90,9,500,1,0.686554,0.631702,0.028158
KCA,61,90,1,500,1,1.83646,1.72526,0.057479
KCF,61,90,1,500,1,1.63431,1.52468,0.056772
KCA,61,90,3,500,1,1.9306,1.81728,0.06134
KCF,61,90,3,500,1,1.59533,1.48536,0.058056
KCA,61,90,5,500,1,2.30466,2.18304,0.063353
KCF,61,90,5,500,1,2.25352,2.13149,0.064491
KCA,61,90,7,500,1,1.88728,1.77663,0.056739
KCF,61,90,7,500,1,1.60819,1.49507,0.058996
KCA,61,90,9,500,1,1.80853,1.69667,0.058139
KCF,61,90,9,500,1,1.64827,1.50218,0.091546
KCA,81,90,1,500,1,3.96878,3.7834,0.096852
KCF,81,90,1,500,1,2.30379,2.10827,0.101013
KCA,81,90,3,500,1,3.94053,3.75917,0.093956
KCF,81,90,3,500,1,2.48495,2.29601,0.0975
KCA,81,90,5,500,1,3.96897,3.76808,0.101452
KCF,81,90,5,500,1,2.30509,2.11749,0.0981
KCA,81,90,7,500,1,3.78146,3.59732,0.095505
KCF,81,90,7,500,1,2.56327,2.37383,0.097621
KCA,81,90,9,500,1,3.82953,3.64639,0.094576
KCF,81,90,9,500,1,2.329,2.1278,0.104384
KCA,101,90,1,500,1,5.36599,5.08211,0.142479
KCF,101,90,1,500,1,4.51493,4.22603,0.153559
KCA,101,90,3,500,1,5.1391,4.83264,0.155309
KCF,101,90,3,500,1,4.76637,4.48452,0.145636
KCA,101,90,5,500,1,5.27377,4.9685,0.15539
KCF,101,90,5,500,1,4.71971,4.42291,0.150663
KCA,101,90,7,500,1,5.06553,4.78123,0.147395
KCF,101,90,7,500,1,4.56302,4.28185,0.144434
KCA,101,90,9,500,1,5.1525,4.86886,0.148012
KCF,101,90,9,500,1,4.54145,4.25887,0.146381
KCA,1,90,1,500,1,0.025924,0.025456,0.00028
KCF,1,90,1,500,1,0.029103,0.028704,0.000205
KCA,1,90,3,500,1,0.147695,0.147221,0.000308
KCF,1,90,3,500,1,0.102003,0.101394,0.000341
KCA,1,90,5,500,1,0.026789,0.026412,0.000241
KCF,1,90,5,500,1,0.028049,0.02768,0.000211
KCA,1,90,7,500,1,0.027954,0.02758,0.000224
KCF,1,90,7,500,1,0.029617,0.029231,0.000201
KCA,1,90,9,500,1,0.027547,0.02703,0.000301
KCF,1,90,9,500,1,0.026724,0.026227,0.00027
KCA,21,90,1,500,1,0.200101,0.183791,0.009016
KCF,21,90,1,500,1,0.203584,0.18751,0.009269
KCA,21,90,3,500,1,0.207214,0.19013,0.009768
KCF,21,90,3,500,1,0.20863,0.191984,0.008417
KCA,21,90,5,500,1,0.206291,0.189149,0.00961
KCF,21,90,5,500,1,0.189796,0.174183,0.008878
KCA,21,90,7,500,1,0.203469,0.185074,0.010414
KCF,21,90,7,500,1,0.197946,0.182297,0.008877
KCA,21,90,9,500,1,0.20453,0.187235,0.008861
KCF,21,90,9,500,1,0.20103,0.183367,0.009491
KCA,41,90,1,500,1,0.84008,0.787622,0.028032
KCF,41,90,1,500,1,0.63761,0.581147,0.028153
KCA,41,90,3,500,1,1.00194,0.94833,0.029071
KCF,41,90,3,500,1,0.651227,0.594825,0.029838
KCA,41,90,5,500,1,0.843095,0.790444,0.028108
KCF,41,90,5,500,1,0.700786,0.642218,0.030542
KCA,41,90,7,500,1,0.825807,0.774401,0.026939
KCF,41,90,7,500,1,0.710822,0.658611,0.027646
KCA,41,90,9,500,1,0.81775,0.766671,0.026133
KCF,41,90,9,500,1,0.641426,0.587942,0.027075
KCA,61,90,1,500,1,1.52395,1.41526,0.055943
KCF,61,90,1,500,1,1.30155,1.19363,0.056476
KCA,61,90,3,500,1,1.70021,1.56768,0.067847
KCF,61,90,3,500,1,1.16543,1.05605,0.056357
KCA,61,90,5,500,1,1.48515,1.37329,0.059265
KCF,61,90,5,500,1,1.18307,1.06909,0.058586
KCA,61,90,7,500,1,1.55668,1.44367,0.060492
KCF,61,90,7,500,1,1.18912,1.07115,0.060196
KCA,61,90,9,500,1,1.53347,1.42298,0.057547
KCF,61,90,9,500,1,1.19788,1.08727,0.055922
KCA,81,90,1,500,1,2.49699,2.31361,0.094537
KCF,81,90,1,500,1,2.71877,2.52453,0.100105
KCA,81,90,3,500,1,2.48756,2.30121,0.097003
KCF,81,90,3,500,1,2.40638,2.21856,0.096481
KCA,81,90,5,500,1,2.68677,2.50292,0.094948
KCF,81,90,5,500,1,2.48645,2.29279,0.102902
KCA,81,90,7,500,1,2.62939,2.42584,0.103948
KCF,81,90,7,500,1,2.53165,2.32578,0.104977
KCA,81,90,9,500,1,2.50227,2.31029,0.102859
KCF,81,90,9,500,1,2.46436,2.27598,0.098954
KCA,101,90,1,500,1,3.63846,3.34836,0.146543
KCF,101,90,1,500,1,3.67757,3.39339,0.150773
KCA,101,90,3,500,1,3.64196,3.3603,0.1503
KCF,101,90,3,500,1,3.7502,3.44438,0.158097
KCA,101,90,5,500,1,3.60237,3.3186,0.15041
KCF,101,90,5,500,1,3.5603,3.27916,0.147231
KCA,101,90,7,500,1,3.9235,3.61408,0.1677
KCF,101,90,7,500,1,4.46484,4.09232,0.186055
KCA,101,90,9,500,1,3.6531,3.36774,0.150609
KCF,101,90,9,500,1,3.57221,3.29237,0.143481
KCA,1,90,1,500,2,0.061893,0.061164,0.000365
KCF,1,90,1,500,2,0.072049,0.07149,0.000261
KCA,1,90,3,500,2,0.067158,0.066507,0.000334
KCF,1,90,3,500,2,0.063053,0.062554,0.00026
KCA,1,90,5,500,2,0.064213,0.063669,0.000304
KCF,1,90,5,500,2,0.066728,0.066018,0.000344
KCA,1,90,7,500,2,0.057329,0.056608,0.000397
KCF,1,90,7,500,2,0.058119,0.057466,0.00033
KCA,1,90,9,500,2,0.061696,0.060993,0.000364
KCF,1,90,9,500,2,0.065794,0.065168,0.000334
KCA,21,90,1,500,1,0.091388,0.074663,0.008386
KCF,21,90,1,500,1,0.084628,0.066778,0.009057
KCA,21,90,3,500,1,0.082033,0.066527,0.008261
KCF,21,90,3,500,1,0.077758,0.062609,0.007884
KCA,21,90,5,500,1,0.089918,0.072962,0.00941
KCF,21,90,5,500,1,0.093232,0.076092,0.008331
KCA,21,90,7,500,1,0.090472,0.070828,0.011071
KCF,21,90,7,500,1,0.080629,0.064538,0.008344
KCA,21,90,9,500,1,0.09374,0.076471,0.008775
KCF,21,90,9,500,1,0.083563,0.067192,0.008654
KCA,41,90,1,500,1,0.143344,0.086888,0.029338
KCF,41,90,1,500,1,0.13173,0.078669,0.02733
KCA,41,90,3,500,1,0.139835,0.085496,0.027729
KCF,41,90,3,500,1,0.130182,0.076735,0.028829
KCA,41,90,5,500,1,0.137783,0.085216,0.027202
KCF,41,90,5,500,1,0.129159,0.076608,0.027938
KCA,41,90,7,500,1,0.135659,0.082266,0.02705
KCF,41,90,7,500,1,0.127565,0.076007,0.026291
KCA,41,90,9,500,1,0.134448,0.079501,0.027857
KCF,41,90,9,500,1,0.136699,0.078835,0.030215
KCA,61,90,1,500,1,0.275748,0.162286,0.058477
KCF,61,90,1,500,1,0.262014,0.150708,0.05816
KCA,61,90,3,500,1,0.269267,0.156755,0.058178
KCF,61,90,3,500,1,0.281845,0.165204,0.060202
KCA,61,90,5,500,1,0.2928,0.171584,0.061951
KCF,61,90,5,500,1,0.292629,0.17421,0.058782
KCA,61,90,7,500,1,0.280832,0.159212,0.060094
KCF,61,90,7,500,1,0.285716,0.170975,0.059479
KCA,61,90,9,500,1,0.272821,0.161751,0.056801
KCF,61,90,9,500,1,0.251662,0.144968,0.054321
KCA,81,90,1,500,1,0.446642,0.257081,0.098194
KCF,81,90,1,500,1,0.450668,0.263172,0.097056
KCA,81,90,3,500,1,0.455094,0.250776,0.105904
KCF,81,90,3,500,1,0.636425,0.399656,0.102528
KCA,81,90,5,500,1,0.869573,0.580334,0.134236
KCF,81,90,5,500,1,0.454807,0.259141,0.098829
KCA,81,90,7,500,1,0.444595,0.249405,0.102773
KCF,81,90,7,500,1,0.456141,0.267973,0.096104
KCA,81,90,9,500,1,0.435063,0.245571,0.09883
KCF,81,90,9,500,1,0.452334,0.268345,0.093513
KCA,101,90,1,500,1,0.776832,0.471631,0.157859
KCF,101,90,1,500,1,0.806018,0.50476,0.149632
KCA,101,90,3,500,1,0.753675,0.463747,0.145092
KCF,101,90,3,500,1,0.801842,0.508575,0.144591
KCA,101,90,5,500,1,0.801558,0.480428,0.161737
KCF,101,90,5,500,1,0.902026,0.514857,0.221018
KCA,101,90,7,500,1,1.12204,0.748894,0.195063
KCF,101,90,7,500,1,1.08789,0.774978,0.158906
KCA,101,90,9,500,1,0.781362,0.485601,0.14774
KCF,101,90,9,500,1,0.79949,0.500332,0.1523
KCA,1,90,1,500,1,0.034555,0.034141,0.000233
KCF,1,90,1,500,1,0.034906,0.034571,0.000187
KCA,1,90,3,500,1,0.037048,0.036581,0.000276
KCF,1,90,3,500,1,0.032751,0.032399,0.000201
KCA,1,90,5,500,1,0.032833,0.032377,0.000267
KCF,1,90,5,500,1,0.032454,0.032103,0.000187
KCA,1,90,7,500,1,0.032094,0.03178,0.000169
KCF,1,90,7,500,1,0.033095,0.032688,0.000259
KCA,1,90,9,500,1,0.031076,0.0306,0.000266
KCF,1,90,9,500,1,0.033353,0.032986,0.000224
KCA,21,90,1,500,1,0.227327,0.209498,0.008436
KCF,21,90,1,500,1,0.210701,0.193763,0.00991
KCA,21,90,3,500,1,0.213731,0.198417,0.007792
KCF,21,90,3,500,1,0.211872,0.194703,0.009504
KCA,21,90,5,500,1,0.233224,0.216963,0.008814
KCF,21,90,5,500,1,0.218865,0.202145,0.008684
KCA,21,90,7,500,1,0.229714,0.213713,0.008132
KCF,21,90,7,500,1,0.216688,0.200602,0.008856
KCA,21,90,9,500,1,0.213506,0.195398,0.009921
KCF,21,90,9,500,1,0.229847,0.213555,0.008907
KCA,41,90,1,500,1,0.915586,0.863762,0.026859
KCF,41,90,1,500,1,0.855255,0.799287,0.030144
KCA,41,90,3,500,1,0.97542,0.924212,0.027017
KCF,41,90,3,500,1,0.76456,0.711929,0.028533
KCA,41,90,5,500,1,0.953716,0.900183,0.02827
KCF,41,90,5,500,1,0.794025,0.739006,0.026884
KCA,41,90,7,500,1,1.14829,1.09581,0.028487
KCF,41,90,7,500,1,1.21786,1.15079,0.040432
KCA,41,90,9,500,1,1.23099,1.16418,0.042564
KCF,41,90,9,500,1,0.973753,0.91537,0.02675
KCA,61,90,1,500,1,2.07896,1.97126,0.055705
KCF,61,90,1,500,1,1.86492,1.75325,0.058995
KCA,61,90,3,500,1,2.05682,1.94602,0.059052
KCF,61,90,3,500,1,2.11001,1.98989,0.060715
KCA,61,90,5,500,1,2.0847,1.97613,0.056728
KCF,61,90,5,500,1,1.85275,1.74298,0.056591
KCA,61,90,7,500,1,2.17763,2.06383,0.06122
KCF,61,90,7,500,1,1.94236,1.81812,0.062952
KCA,61,90,9,500,1,2.32084,2.19828,0.061961
KCF,61,90,9,500,1,2.24269,2.13117,0.0579
KCA,81,90,1,500,1,5.55695,5.36815,0.097693
KCF,81,90,1,500,1,4.3989,4.21042,0.097742
KCA,81,90,3,500,1,3.84369,3.62224,0.102891
KCF,81,90,3,500,1,3.94532,3.76172,0.094983
KCA,81,90,5,500,1,3.5232,3.30325,0.094464
KCF,81,90,5,500,1,4.13457,3.95279,0.093436
KCA,81,90,7,500,1,3.39268,3.20688,0.098333
KCF,81,90,7,500,1,4.24835,4.0577,0.100243
KCA,81,90,9,500,1,3.39708,3.20948,0.094668
KCF,81,90,9,500,1,3.86474,3.68081,0.095368
KCA,101,90,1,500,1,7.45826,7.16739,0.146652
KCF,101,90,1,500,1,5.56004,5.27705,0.145335
KCA,101,90,3,500,1,7.45027,7.172,0.144149
KCF,101,90,3,500,1,5.5664,5.2897,0.141849
KCA,101,90,5,500,1,7.27093,6.97326,0.151748
KCF,101,90,5,500,1,5.74551,5.4567,0.151203
KCA,101,90,7,500,1,8.33392,8.05834,0.143701
KCF,101,90,7,500,1,6.15528,5.86756,0.152316
KCA,101,90,9,500,1,7.055,6.77132,0.149262
KCF,101,90,9,500,1,5.43631,5.15348,0.143636
KCA,1,90,1,500,2,0.049302,0.048647,0.000396
KCF,1,90,1,500,2,0.052137,0.051461,0.000377
KCA,1,90,3,500,2,0.052025,0.05136,0.000364
KCF,1,90,3,500,2,0.051267,0.050591,0.000339
KCA,1,90,5,500,2,0.04909,0.048499,0.000281
KCF,1,90,5,500,2,0.053156,0.052516,0.000387
KCA,1,90,7,500,2,0.048926,0.048183,0.000399
KCF,1,90,7,500,2,0.047228,0.0465,0.000411
KCA,1,90,9,500,2,0.054209,0.05346,0.000358
KCF,1,90,9,500,2,0.050025,0.049314,0.00034
KCA,21,90,1,500,1,0.181323,0.164133,0.00779
KCF,21,90,1,500,1,0.166542,0.150963,0.008033
KCA,21,90,3,500,1,0.178664,0.161482,0.009246
KCF,21,90,3,500,1,0.185871,0.170147,0.008638
KCA,21,90,5,500,1,0.17098,0.154099,0.009282
KCF,21,90,5,500,1,0.242321,0.213105,0.017241
KCA,21,90,7,500,1,0.167332,0.150583,0.008876
KCF,21,90,7,500,1,0.179164,0.16257,0.007511
KCA,21,90,9,500,1,0.16885,0.149918,0.008915
KCF,21,90,9,500,1,0.169143,0.152869,0.008813
KCA,41,90,1,500,1,0.540559,0.456326,0.037883
KCF,41,90,1,500,1,0.379089,0.325472,0.028022
KCA,41,90,3,500,1,0.426313,0.37163,0.028756
KCF,41,90,3,500,1,0.430646,0.376188,0.028274
KCA,41,90,5,500,1,0.419926,0.360012,0.032444
KCF,41,90,5,500,1,0.536506,0.424283,0.064565
KCA,41,90,7,500,1,0.641125,0.576104,0.033377
KCF,41,90,7,500,1,0.462168,0.391684,0.034483
KCA,41,90,9,500,1,0.417648,0.364552,0.027958
KCF,41,90,9,500,1,0.390939,0.335543,0.028214
KCA,61,90,1,500,1,0.742397,0.631103,0.058215
KCF,61,90,1,500,1,0.879733,0.768636,0.059747
KCA,61,90,3,500,1,0.896002,0.773109,0.062274
KCF,61,90,3,500,1,1.21197,1.08275,0.064869
KCA,61,90,5,500,1,0.95848,0.820971,0.080649
KCF,61,90,5,500,1,1.02374,0.903175,0.059104
KCA,61,90,7,500,1,0.792017,0.679252,0.058831
KCF,61,90,7,500,1,0.888066,0.772164,0.059462
KCA,61,90,9,500,1,0.748185,0.633405,0.057566
KCF,61,90,9,500,1,0.880813,0.770498,0.05793
KCA,81,90,1,500,1,1.33224,1.14341,0.098223
KCF,81,90,1,500,1,1.0737,0.887872,0.098899
KCA,81,90,3,500,1,1.40796,1.20009,0.108757
KCF,81,90,3,500,1,1.15481,0.965229,0.098686
KCA,81,90,5,500,1,1.68286,1.4798,0.102767
KCF,81,90,5,500,1,1.11871,0.9181,0.100674
KCA,81,90,7,500,1,1.39874,1.19884,0.104084
KCF,81,90,7,500,1,1.11471,0.923997,0.101384
KCA,81,90,9,500,1,1.34201,1.14237,0.102919
KCF,81,90,9,500,1,1.13512,0.937357,0.104869
KCA,101,90,1,500,1,3.31594,2.96232,0.175737
KCF,101,90,1,500,1,2.88528,2.57973,0.157251
KCA,101,90,3,500,1,2.76682,2.47492,0.145336
KCF,101,90,3,500,1,2.76307,2.46967,0.150098
KCA,101,90,5,500,1,2.72254,2.42756,0.145981
KCF,101,90,5,500,1,2.79918,2.50202,0.150424
KCA,101,90,7,500,1,2.62673,2.34025,0.143754
KCF,101,90,7,500,1,2.63027,2.34307,0.145136
KCA,101,90,9,500,1,2.54224,2.25262,0.145979
KCF,101,90,9,500,1,2.57228,2.29407,0.14305
KCA,1,90,1,500,1,0.031909,0.031468,0.000246
KCF,1,90,1,500,1,0.03109,0.030676,0.000236
KCA,1,90,3,500,1,0.031665,0.031264,0.000205
KCF,1,90,3,500,1,0.031827,0.031444,0.000195
KCA,1,90,5,500,1,0.032238,0.031888,0.000203
KCF,1,90,5,500,1,0.03176,0.031327,0.000239
KCA,1,90,7,500,1,0.032023,0.031704,0.000167
KCF,1,90,7,500,1,0.031568,0.031181,0.000247
KCA,1,90,9,500,1,0.030723,0.030291,0.00021
KCF,1,90,9,500,1,0.042558,0.042191,0.000218
KCA,21,90,1,500,1,0.226953,0.212652,0.007705
KCF,21,90,1,500,1,0.219472,0.205037,0.008105
KCA,21,90,3,500,1,0.223136,0.209397,0.007168
KCF,21,90,3,500,1,0.222012,0.20723,0.007717
KCA,21,90,5,500,1,0.217174,0.203318,0.007397
KCF,21,90,5,500,1,0.223686,0.209528,0.007325
KCA,21,90,7,500,1,0.222335,0.208041,0.007247
KCF,21,90,7,500,1,0.215332,0.200981,0.007344
KCA,21,90,9,500,1,0.226584,0.212146,0.007677
KCF,21,90,9,500,1,0.226683,0.212324,0.00788
KCA,41,90,1,500,1,0.88643,0.838485,0.024798
KCF,41,90,1,500,1,0.79395,0.745406,0.025
KCA,41,90,3,500,1,0.886373,0.836123,0.026451
KCF,41,90,3,500,1,0.792988,0.743387,0.025308
KCA,41,90,5,500,1,0.884996,0.836372,0.025406
KCF,41,90,5,500,1,0.796371,0.746994,0.02581
KCA,41,90,7,500,1,0.895305,0.846908,0.02537
KCF,41,90,7,500,1,0.795556,0.745675,0.02573
KCA,41,90,9,500,1,0.897938,0.847991,0.026158
KCF,41,90,9,500,1,0.755496,0.707085,0.02528
KCA,61,90,1,500,1,2.16827,2.06259,0.055282
KCF,61,90,1,500,1,2.93709,2.83029,0.055779
KCA,61,90,3,500,1,2.21327,2.10775,0.055136
KCF,61,90,3,500,1,2.94472,2.83775,0.055181
KCA,61,90,5,500,1,2.19216,2.08713,0.054286
KCF,61,90,5,500,1,2.93957,2.83374,0.055253
KCA,61,90,7,500,1,2.18354,2.07827,0.05516
KCF,61,90,7,500,1,2.90148,2.79468,0.055428
KCA,61,90,9,500,1,2.17159,2.06612,0.055161
KCF,61,90,9,500,1,2.94132,2.83447,0.055806
KCA,81,90,1,500,1,3.88106,3.69862,0.094987
KCF,81,90,1,500,1,6.22898,6.04762,0.094375
KCA,81,90,3,500,1,3.88935,3.70763,0.094542
KCF,81,90,3,500,1,6.30283,6.12076,0.093734
KCA,81,90,5,500,1,3.89595,3.71732,0.092331
KCF,81,90,5,500,1,6.35109,6.17205,0.092825
KCA,81,90,7,500,1,3.77555,3.59692,0.092982
KCF,81,90,7,500,1,6.27822,6.09653,0.09338
KCA,81,90,9,500,1,3.74514,3.56683,0.093124
KCF,81,90,9,500,1,7.3064,7.12459,0.094053
KCA,101,90,1,500,1,6.51211,6.22782,0.143227
KCF,101,90,1,500,1,6.04159,5.76803,0.140098
KCA,101,90,3,500,1,6.33253,6.06131,0.140986
KCF,101,90,3,500,1,5.98898,5.71191,0.143325
KCA,101,90,5,500,1,6.28646,6.01677,0.140289
KCF,101,90,5,500,1,6.15662,5.88335,0.141156
KCA,101,90,7,500,1,6.33135,6.05665,0.142067
KCF,101,90,7,500,1,5.92867,5.65488,0.142759
KCA,101,90,9,500,1,6.34802,6.07366,0.142943
KCF,101,90,9,500,1,5.91172,5.63224,0.145555
KCA,1,90,1,500,1,0.0315,0.031189,0.000179
KCF,1,90,1,500,1,0.038078,0.037728,0.000207
KCA,1,90,3,500,1,0.036988,0.036636,0.000198
KCF,1,90,3,500,1,0.032827,0.032398,0.000246
KCA,1,90,5,500,1,0.031865,0.031555,0.000171
KCF,1,90,5,500,1,0.032669,0.032219,0.000263
KCA,1,90,7,500,1,0.031421,0.031088,0.00018
KCF,1,90,7,500,1,0.034333,0.034005,0.000193
KCA,1,90,9,500,1,0.03331,0.032962,0.000207
KCF,1,90,9,500,1,0.03256,0.032208,0.000221
KCA,21,90,1,500,1,0.200641,0.186188,0.007718
KCF,21,90,1,500,1,0.197053,0.181865,0.008587
KCA,21,90,3,500,1,0.201239,0.187033,0.007398
KCF,21,90,3,500,1,0.195192,0.180935,0.007415
KCA,21,90,5,500,1,0.199016,0.184178,0.007317
KCF,21,90,5,500,1,0.19198,0.177019,0.007701
KCA,21,90,7,500,1,0.197577,0.182084,0.008661
KCF,21,90,7,500,1,0.201173,0.187468,0.007329
KCA,21,90,9,500,1,0.201436,0.186811,0.007769
KCF,21,90,9,500,1,0.204005,0.190143,0.007399
KCA,41,90,1,500,1,0.685638,0.636261,0.025759
KCF,41,90,1,500,1,0.577707,0.527536,0.025746
KCA,41,90,3,500,1,0.683284,0.633628,0.026269
KCF,41,90,3,500,1,0.589075,0.540388,0.025701
KCA,41,90,5,500,1,0.686483,0.637192,0.026056
KCF,41,90,5,500,1,0.592064,0.541835,0.025745
KCA,41,90,7,500,1,0.687374,0.637425,0.026274
KCF,41,90,7,500,1,0.598089,0.545784,0.02832
KCA,41,90,9,500,1,0.684207,0.635335,0.025357
KCF,41,90,9,500,1,0.587791,0.537487,0.025774
KCA,61,90,1,500,1,1.85215,1.74696,0.054307
KCF,61,90,1,500,1,1.50526,1.40198,0.053206
KCA,61,90,3,500,1,1.88965,1.78652,0.053095
KCF,61,90,3,500,1,1.50491,1.40148,0.05388
KCA,61,90,5,500,1,1.8377,1.73322,0.054368
KCF,61,90,5,500,1,1.507,1.40046,0.055339
KCA,61,90,7,500,1,1.88694,1.78203,0.054498
KCF,61,90,7,500,1,1.5222,1.41669,0.05454
KCA,61,90,9,500,1,1.92273,1.81978,0.053332
KCF,61,90,9,500,1,1.769,1.66454,0.054399
KCA,81,90,1,500,1,2.66077,2.46262,0.094629
KCF,81,90,1,500,1,2.7442,2.52778,0.128936
KCA,81,90,3,500,1,2.43619,2.25912,0.092632
KCF,81,90,3,500,1,2.55555,2.37476,0.094012
KCA,81,90,5,500,1,2.53043,2.35079,0.093078
KCF,81,90,5,500,1,2.63165,2.45162,0.093359
KCA,81,90,7,500,1,2.51032,2.33364,0.091242
KCF,81,90,7,500,1,2.622,2.44556,0.09108
KCA,81,90,9,500,1,2.42299,2.24569,0.091336
KCF,81,90,9,500,1,2.50319,2.32544,0.092481
KCA,101,90,1,500,1,5.03167,4.75427,0.139283
KCF,101,90,1,500,1,3.56242,3.29054,0.141434
KCA,101,90,3,500,1,4.91329,4.64643,0.138826
KCF,101,90,3,500,1,3.42973,3.15964,0.140429
KCA,101,90,5,500,1,4.86957,4.59601,0.139546
KCF,101,90,5,500,1,4.29842,4.02569,0.142609
KCA,101,90,7,500,1,5.0519,4.77858,0.141138
KCF,101,90,7,500,1,3.60908,3.33182,0.14443
KCA,101,90,9,500,1,4.98984,4.72144,0.139991
KCF,101,90,9,500,1,3.54746,3.27545,0.142045
KCA,1,90,1,500,1,0.039151,0.038753,0.000213
KCF,1,90,1,500,1,0.042596,0.042115,0.000311
KCA,1,90,3,500,1,0.034147,0.033697,0.000248
KCF,1,90,3,500,1,0.035277,0.03489,0.000189
KCA,1,90,5,500,1,0.039885,0.03951,0.000229
KCF,1,90,5,500,1,0.03431,0.03397,0.000193
KCA,1,90,7,500,1,0.034707,0.034374,0.00017
KCF,1,90,7,500,1,0.037845,0.037546,0.000167
KCA,1,90,9,500,1,0.03421,0.033861,0.000206
KCF,1,90,9,500,1,0.035162,0.0348,0.000219
KCA,21,90,1,500,1,0.206669,0.192322,0.007586
KCF,21,90,1,500,1,0.208121,0.193576,0.00789
KCA,21,90,3,500,1,0.207752,0.193452,0.007417
KCF,21,90,3,500,1,0.207349,0.192797,0.007954
KCA,21,90,5,500,1,0.207172,0.192026,0.007856
KCF,21,90,5,500,1,0.207032,0.193106,0.007362
KCA,21,90,7,500,1,0.208434,0.193222,0.007967
KCF,21,90,7,500,1,0.209433,0.195143,0.007466
KCA,21,90,9,500,1,0.210161,0.195364,0.007983
KCF,21,90,9,500,1,0.208834,0.194942,0.007319
KCA,41,90,1,500,1,0.860737,0.811977,0.02519
KCF,41,90,1,500,1,0.659731,0.61106,0.024856
KCA,41,90,3,500,1,0.890098,0.841511,0.025337
KCF,41,90,3,500,1,0.662808,0.613164,0.025956
KCA,41,90,5,500,1,0.883237,0.834153,0.025674
KCF,41,90,5,500,1,0.645761,0.595868,0.026074
KCA,41,90,7,500,1,1.10733,1.05404,0.028626
KCF,41,90,7,500,1,0.885769,0.827812,0.0295
KCA,41,90,9,500,1,0.976765,0.925167,0.026771
KCF,41,90,9,500,1,0.852415,0.771999,0.033088
KCA,61,90,1,500,1,1.74537,1.64086,0.054
KCF,61,90,1,500,1,1.86496,1.75921,0.055433
KCA,61,90,3,500,1,1.73727,1.63229,0.054442
KCF,61,90,3,500,1,1.79183,1.6867,0.054901
KCA,61,90,5,500,1,1.74606,1.64216,0.054738
KCF,61,90,5,500,1,1.77845,1.67324,0.054803
KCA,61,90,7,500,1,1.73403,1.62969,0.053974
KCF,61,90,7,500,1,1.77653,1.67076,0.055113
KCA,61,90,9,500,1,1.74005,1.63479,0.054528
KCF,61,90,9,500,1,1.88959,1.78355,0.05555
KCA,81,90,1,500,1,2.74299,2.56564,0.091464
KCF,81,90,1,500,1,1.78067,1.60514,0.090823
KCA,81,90,3,500,1,2.77783,2.60218,0.091008
KCF,81,90,3,500,1,1.77012,1.595,0.091247
KCA,81,90,5,500,1,2.76704,2.5909,0.091294
KCF,81,90,5,500,1,1.77919,1.60181,0.092135
KCA,81,90,7,500,1,2.65573,2.47621,0.093435
KCF,81,90,7,500,1,1.74054,1.55713,0.095075
KCA,81,90,9,500,1,2.71776,2.53983,0.091947
KCF,81,90,9,500,1,1.89471,1.71617,0.092701
KCA,101,90,1,500,1,4.52997,4.25851,0.139328
KCF,101,90,1,500,1,3.75256,3.48323,0.139795
KCA,101,90,3,500,1,4.75077,4.47998,0.14069
KCF,101,90,3,500,1,3.69282,3.42176,0.139624
KCA,101,90,5,500,1,4.72877,4.46158,0.139006
KCF,101,90,5,500,1,3.7571,3.4888,0.139058
KCA,101,90,7,500,1,4.52236,4.25255,0.139112
KCF,101,90,7,500,1,3.75684,3.48686,0.139508
KCA,101,90,9,500,1,4.74955,4.47953,0.140651
KCF,101,90,9,500,1,3.64387,3.36941,0.141281
KCA,1,90,1,500,1,0.02515,0.024812,0.000192
KCF,1,90,1,500,1,0.027508,0.027158,0.000187
KCA,1,90,3,500,1,0.025287,0.024908,0.000239
KCF,1,90,3,500,1,0.025457,0.025119,0.000198
KCA,1,90,5,500,1,0.027148,0.026833,0.000182
KCF,1,90,5,500,1,0.026097,0.025751,0.000195
KCA,1,90,7,500,1,0.028756,0.028458,0.000168
KCF,1,90,7,500,1,0.025155,0.024773,0.000221
KCA,1,90,9,500,1,0.034348,0.033997,0.000205
KCF,1,90,9,500,1,0.025085,0.024624,0.000266
KCA,21,90,1,500,1,0.232022,0.218198,0.007305
KCF,21,90,1,500,1,0.191273,0.177393,0.007481
KCA,21,90,3,500,1,0.243558,0.228232,0.008211
KCF,21,90,3,500,1,0.190836,0.17703,0.007228
KCA,21,90,5,500,1,0.233395,0.219086,0.007256
KCF,21,90,5,500,1,0.199776,0.184547,0.008333
KCA,21,90,7,500,1,0.233102,0.219072,0.007135
KCF,21,90,7,500,1,0.200218,0.186053,0.007253
KCA,21,90,9,500,1,0.229602,0.215246,0.007448
KCF,21,90,9,500,1,0.198206,0.184462,0.007117
KCA,41,90,1,500,1,0.890118,0.838988,0.026659
KCF,41,90,1,500,1,0.728243,0.676339,0.026605
KCA,41,90,3,500,1,0.882381,0.833002,0.025607
KCF,41,90,3,500,1,0.71971,0.668821,0.027683
KCA,41,90,5,500,1,0.852806,0.802383,0.026458
KCF,41,90,5,500,1,0.692135,0.640019,0.027322
KCA,41,90,7,500,1,0.893747,0.843713,0.026095
KCF,41,90,7,500,1,0.740856,0.690162,0.026763
KCA,41,90,9,500,1,0.972938,0.921925,0.027266
KCF,41,90,9,500,1,0.947632,0.895558,0.026942
KCA,61,90,1,500,1,2.51413,2.4085,0.054968
KCF,61,90,1,500,1,2.13489,2.02863,0.05604
KCA,61,90,3,500,1,2.50336,2.3985,0.054678
KCF,61,90,3,500,1,2.10858,2.00234,0.05483
KCA,61,90,5,500,1,2.50069,2.39492,0.055031
KCF,61,90,5,500,1,2.0834,1.97828,0.054154
KCA,61,90,7,500,1,2.47251,2.36842,0.053918
KCF,61,90,7,500,1,2.18386,2.01684,0.1171
KCA,61,90,9,500,1,2.42896,2.32668,0.052855
KCF,61,90,9,500,1,2.0736,1.97065,0.053996
KCA,81,90,1,500,1,3.30214,3.12036,0.094018
KCF,81,90,1,500,1,5.48339,5.30151,0.094746
KCA,81,90,3,500,1,3.31228,3.13422,0.092278
KCF,81,90,3,500,1,5.66676,5.48607,0.09438
KCA,81,90,5,500,1,3.39157,3.212,0.092741
KCF,81,90,5,500,1,5.63428,5.45161,0.095465
KCA,81,90,7,500,1,3.37674,3.19579,0.093706
KCF,81,90,7,500,1,5.61944,5.43761,0.094941
KCA,81,90,9,500,1,3.37377,3.19374,0.093206
KCF,81,90,9,500,1,5.585,5.40328,0.093779
KCA,101,90,1,500,1,7.26324,6.99,0.141541
KCF,101,90,1,500,1,6.91916,6.63801,0.146577
KCA,101,90,3,500,1,7.06604,6.79445,0.141361
KCF,101,90,3,500,1,6.45862,6.18196,0.143065
KCA,101,90,5,500,1,7.22703,6.95342,0.142459
KCF,101,90,5,500,1,6.49676,6.21945,0.143722
KCA,101,90,7,500,1,7.21128,6.9439,0.139133
KCF,101,90,7,500,1,6.25315,5.98098,0.141782
KCA,101,90,9,500,1,7.24646,6.97242,0.144952
KCF,101,90,9,500,1,6.56014,6.28202,0.145052
KCA,1,90,1,500,1,0.039503,0.039162,0.000175
KCF,1,90,1,500,1,0.032792,0.03237,0.000243
KCA,1,90,3,500,1,0.032327,0.032013,0.000172
KCF,1,90,3,500,1,0.036677,0.036357,0.00018
KCA,1,90,5,500,1,0.032904,0.032545,0.000217
KCF,1,90,5,500,1,0.035783,0.035459,0.000192
KCA,1,90,7,500,1,0.035136,0.034745,0.000198
KCF,1,90,7,500,1,0.033433,0.032974,0.000264
KCA,1,90,9,500,1,0.032742,0.032394,0.000204
KCF,1,90,9,500,1,0.0356,0.03525,0.000217
KCA,21,90,1,500,1,0.22264,0.208659,0.007293
KCF,21,90,1,500,1,0.245909,0.230736,0.00833
KCA,21,90,3,500,1,0.237395,0.222453,0.008143
KCF,21,90,3,500,1,0.254392,0.239897,0.007575
KCA,21,90,5,500,1,0.234693,0.219538,0.008128
KCF,21,90,5,500,1,0.253689,0.239185,0.007575
KCA,21,90,7,500,1,0.235254,0.219759,0.007932
KCF,21,90,7,500,1,0.251209,0.236298,0.008286
KCA,21,90,9,500,1,0.236804,0.221748,0.008149
KCF,21,90,9,500,1,0.245812,0.231551,0.007841
KCA,41,90,1,500,1,1.05754,1.00611,0.02725
KCF,41,90,1,500,1,0.863078,0.812522,0.026492
KCA,41,90,3,500,1,1.06563,1.01472,0.026588
KCF,41,90,3,500,1,0.8737,0.822283,0.026499
KCA,41,90,5,500,1,1.05341,1.00383,0.026121
KCF,41,90,5,500,1,0.861226,0.811645,0.025248
KCA,41,90,7,500,1,1.05015,1.00103,0.0259
KCF,41,90,7,500,1,0.866941,0.817097,0.02564
KCA,41,90,9,500,1,1.05568,1.00677,0.02589
KCF,41,90,9,500,1,0.861085,0.811042,0.026366
KCA,61,90,1,500,1,3.66096,3.55477,0.055878
KCF,61,90,1,500,1,1.97381,1.86683,0.054898
KCA,61,90,3,500,1,3.6359,3.52899,0.056029
KCF,61,90,3,500,1,1.99444,1.8866,0.055382
KCA,61,90,5,500,1,3.7016,3.59576,0.056081
KCF,61,90,5,500,1,1.97601,1.86994,0.055596
KCA,61,90,7,500,1,3.57594,3.47001,0.056265
KCF,61,90,7,500,1,1.97411,1.86013,0.062746
KCA,61,90,9,500,1,3.86367,3.75924,0.05474
KCF,61,90,9,500,1,1.98441,1.87644,0.056098
KCA,81,90,1,500,1,3.53962,3.36062,0.093245
KCF,81,90,1,500,1,6.2213,6.04165,0.091969
KCA,81,90,3,500,1,3.63149,3.45319,0.092829
KCF,81,90,3,500,1,6.17611,5.99945,0.090475
KCA,81,90,5,500,1,3.63624,3.45914,0.092023
KCF,81,90,5,500,1,6.20974,6.03394,0.090928
KCA,81,90,7,500,1,3.56902,3.39136,0.092917
KCF,81,90,7,500,1,7.08927,6.87866,0.123857
KCA,81,90,9,500,1,3.67008,3.48876,0.094026
KCF,81,90,9,500,1,6.26172,6.08066,0.093626
KCA,101,90,1,500,1,9.51248,9.24022,0.141854
KCF,101,90,1,500,1,5.5837,5.30771,0.141869
KCA,101,90,3,500,1,9.69602,9.42348,0.144429
KCF,101,90,3,500,1,6.51713,6.21467,0.158681
KCA,101,90,5,500,1,9.29933,9.02688,0.142154
KCF,101,90,5,500,1,5.43624,5.158,0.142497
KCA,101,90,7,500,1,9.3216,9.04387,0.144026
KCF,101,90,7,500,1,5.56381,5.28591,0.143692
KCA,101,90,9,500,1,9.41936,9.1457,0.141876
KCF,101,90,9,500,1,5.61174,5.27805,0.202277
KCA,1,90,1,500,1,0.029925,0.029553,0.000242
KCF,1,90,1,500,1,0.03015,0.029781,0.000226
KCA,1,90,3,500,1,0.029184,0.028862,0.000178
KCF,1,90,3,500,1,0.030367,0.030041,0.000181
KCA,1,90,5,500,1,0.03468,0.034352,0.000176
KCF,1,90,5,500,1,0.029761,0.029436,0.000184
KCA,1,90,7,500,1,0.029595,0.029212,0.000233
KCF,1,90,7,500,1,0.03504,0.034645,0.000252
KCA,1,90,9,500,1,0.031327,0.030998,0.00019
KCF,1,90,9,500,1,0.031327,0.030985,0.000184
KCA,21,90,1,500,1,0.188358,0.173932,0.00734
KCF,21,90,1,500,1,0.182792,0.168091,0.007838
KCA,21,90,3,500,1,0.187957,0.171674,0.008768
KCF,21,90,3,500,1,0.207064,0.191708,0.008515
KCA,21,90,5,500,1,0.190532,0.173702,0.008931
KCF,21,90,5,500,1,0.185792,0.169891,0.008758
KCA,21,90,7,500,1,0.182933,0.169033,0.007137
KCF,21,90,7,500,1,0.18025,0.164948,0.008522
KCA,21,90,9,500,1,0.188547,0.171612,0.00921
KCF,21,90,9,500,1,0.184019,0.16855,0.008545
KCA,41,90,1,500,1,0.395623,0.344232,0.026559
KCF,41,90,1,500,1,0.519861,0.468564,0.027083
KCA,41,90,3,500,1,0.402974,0.346193,0.031642
KCF,41,90,3,500,1,0.525263,0.47424,0.026422
KCA,41,90,5,500,1,0.395765,0.344099,0.026802
KCF,41,90,5,500,1,0.517605,0.466421,0.026922
KCA,41,90,7,500,1,0.398355,0.346485,0.027155
KCF,41,90,7,500,1,0.533646,0.481813,0.026454
KCA,41,90,9,500,1,0.397182,0.347776,0.025518
KCF,41,90,9,500,1,0.516878,0.467316,0.025449
KCA,61,90,1,500,1,1.033,0.924821,0.056258
KCF,61,90,1,500,1,1.06279,0.957252,0.055624
KCA,61,90,3,500,1,1.02256,0.912856,0.056306
KCF,61,90,3,500,1,1.06552,0.959911,0.055423
KCA,61,90,5,500,1,0.99353,0.888754,0.054639
KCF,61,90,5,500,1,1.06422,0.959112,0.054288
KCA,61,90,7,500,1,1.01884,0.910161,0.056032
KCF,61,90,7,500,1,1.06205,0.956524,0.055913
KCA,61,90,9,500,1,1.00197,0.892798,0.05747
KCF,61,90,9,500,1,1.06307,0.95673,0.056315
KCA,81,90,1,500,1,2.16682,1.98476,0.094264
KCF,81,90,1,500,1,1.75771,1.57494,0.094578
KCA,81,90,3,500,1,2.17815,1.99392,0.094945
KCF,81,90,3,500,1,1.76377,1.57973,0.095905
KCA,81,90,5,500,1,2.16285,1.97993,0.094699
KCF,81,90,5,500,1,1.74293,1.56436,0.092236
KCA,81,90,7,500,1,2.16787,1.98418,0.095209
KCF,81,90,7,500,1,1.75516,1.57309,0.095192
KCA,81,90,9,500,1,2.04312,1.86198,0.093429
KCF,81,90,9,500,1,1.74272,1.56494,0.092884
KCA,101,90,1,500,1,3.26231,2.98957,0.141715
KCF,101,90,1,500,1,2.97347,2.69622,0.143513
KCA,101,90,3,500,1,3.29285,3.01501,0.143422
KCF,101,90,3,500,1,2.93262,2.65709,0.140809
KCA,101,90,5,500,1,3.32674,3.05342,0.141116
KCF,101,90,5,500,1,2.98536,2.7108,0.143436
KCA,101,90,7,500,1,3.14784,2.87478,0.141883
KCF,101,90,7,500,1,2.96512,2.69117,0.142046
KCA,101,90,9,500,1,3.26961,2.99602,0.140875
KCF,101,90,9,500,1,2.92523,2.65449,0.13908
KCA,1,90,1,500,2,0.041566,0.040764,0.000439
KCF,1,90,1,500,2,0.047258,0.046666,0.000277
KCA,1,90,3,500,2,0.044516,0.043885,0.000336
KCF,1,90,3,500,2,0.047035,0.046286,0.000394
KCA,1,90,5,500,2,0.041986,0.041277,0.000365
KCF,1,90,5,500,2,0.040624,0.040022,0.000311
KCA,1,90,7,500,2,0.041425,0.040889,0.00028
KCF,1,90,7,500,2,0.057979,0.057492,0.000252
KCA,1,90,9,500,2,0.051655,0.050992,0.000359
KCF,1,90,9,500,2,0.043755,0.043194,0.00031
KCA,21,90,1,500,1,0.156951,0.140727,0.008763
KCF,21,90,1,500,1,0.184989,0.170288,0.00785
KCA,21,90,3,500,1,0.155427,0.140184,0.007825
KCF,21,90,3,500,1,0.190989,0.175156,0.008701
KCA,21,90,5,500,1,0.213706,0.197322,0.008234
KCF,21,90,5,500,1,0.191203,0.176414,0.007767
KCA,21,90,7,500,1,0.155174,0.138962,0.008553
KCF,21,90,7,500,1,0.18873,0.173125,0.008622
KCA,21,90,9,500,1,0.157983,0.141265,0.008991
KCF,21,90,9,500,1,0.194974,0.179566,0.008583
KCA,41,90,1,500,1,0.419311,0.364863,0.028748
KCF,41,90,1,500,1,0.403744,0.35089,0.02755
KCA,41,90,3,500,1,0.416461,0.363542,0.027734
KCF,41,90,3,500,1,0.40237,0.350759,0.027343
KCA,41,90,5,500,1,0.421181,0.367786,0.027995
KCF,41,90,5,500,1,0.400184,0.348444,0.026989
KCA,41,90,7,500,1,0.436588,0.383828,0.027492
KCF,41,90,7,500,1,0.39826,0.346655,0.027051
KCA,41,90,9,500,1,0.419898,0.365617,0.028817
KCF,41,90,9,500,1,0.415847,0.362017,0.028267
KCA,61,90,1,500,1,0.893029,0.781782,0.057913
KCF,61,90,1,500,1,0.810282,0.70132,0.057034
KCA,61,90,3,500,1,0.890942,0.781191,0.057235
KCF,61,90,3,500,1,0.867066,0.76035,0.05591
KCA,61,90,5,500,1,0.944913,0.835248,0.058027
KCF,61,90,5,500,1,0.907691,0.800044,0.056548
KCA,61,90,7,500,1,0.888596,0.77646,0.057586
KCF,61,90,7,500,1,0.852176,0.745282,0.055583
KCA,61,90,9,500,1,0.892595,0.782158,0.05732
KCF,61,90,9,500,1,0.831884,0.724964,0.056816
KCA,81,90,1,500,1,1.17099,0.987897,0.095476
KCF,81,90,1,500,1,1.17051,0.991571,0.092145
KCA,81,90,3,500,1,1.20489,1.02279,0.093006
KCF,81,90,3,500,1,1.18567,1.00353,0.094338
KCA,81,90,5,500,1,1.19769,1.01625,0.093598
KCF,81,90,5,500,1,1.17269,0.995222,0.091206
KCA,81,90,7,500,1,1.19736,1.01813,0.093329
KCF,81,90,7,500,1,1.16589,0.988715,0.091629
KCA,81,90,9,500,1,1.19984,1.01765,0.094283
KCF,81,90,9,500,1,1.18029,0.997625,0.094405
KCA,101,90,1,500,1,1.96387,1.68565,0.143854
KCF,101,90,1,500,1,1.7129,1.43406,0.143493
KCA,101,90,3,500,1,1.95895,1.68435,0.142239
KCF,101,90,3,500,1,1.69344,1.42254,0.141033
KCA,101,90,5,500,1,1.9378,1.66684,0.140657
KCF,101,90,5,500,1,1.67541,1.40311,0.140468
KCA,101,90,7,500,1,1.96583,1.69463,0.140748
KCF,101,90,7,500,1,1.69737,1.42623,0.13971
KCA,101,90,9,500,1,1.95683,1.68254,0.142377
KCF,101,90,9,500,1,1.71745,1.44062,0.142855
KCA,1,90,1,500,1,0.03229,0.031983,0.000173
KCF,1,90,1,500,1,0.039551,0.039188,0.000218
KCA,1,90,3,500,1,0.032428,0.032086,0.00021
KCF,1,90,3,500,1,0.033871,0.033502,0.000225
KCA,1,90,5,500,1,0.033004,0.03268,0.000188
KCF,1,90,5,500,1,0.03326,0.032928,0.000186
KCA,1,90,7,500,1,0.036393,0.036019,0.000212
KCF,1,90,7,500,1,0.036879,0.036523,0.000219
KCA,1,90,9,500,1,0.034176,0.033812,0.000223
KCF,1,90,9,500,1,0.036504,0.036157,0.000192
KCA,21,90,1,500,1,0.20164,0.187324,0.00769
KCF,21,90,1,500,1,0.231789,0.218121,0.007228
KCA,21,90,3,500,1,0.201288,0.186251,0.007881
KCF,21,90,3,500,1,0.201319,0.187227,0.007355
KCA,21,90,5,500,1,0.199471,0.185597,0.007324
KCF,21,90,5,500,1,0.202176,0.188069,0.007407
KCA,21,90,7,500,1,0.200945,0.186564,0.007432
KCF,21,90,7,500,1,0.193274,0.179275,0.007426
KCA,21,90,9,500,1,0.197393,0.183549,0.007386
KCF,21,90,9,500,1,0.200548,0.185641,0.007954
KCA,41,90,1,500,1,0.927348,0.877181,0.025692
KCF,41,90,1,500,1,0.824364,0.774768,0.025542
KCA,41,90,3,500,1,0.919603,0.870382,0.025498
KCF,41,90,3,500,1,0.83129,0.78227,0.025439
KCA,41,90,5,500,1,0.884502,0.835056,0.025751
KCF,41,90,5,500,1,0.812835,0.763078,0.026199
KCA,41,90,7,500,1,0.921843,0.871775,0.025953
KCF,41,90,7,500,1,0.817794,0.76642,0.027481
KCA,41,90,9,500,1,0.930198,0.878333,0.027576
KCF,41,90,9,500,1,0.823665,0.772968,0.026233
KCA,61,90,1,500,1,2.87874,2.77242,0.055606
KCF,61,90,1,500,1,1.73851,1.63222,0.05575
KCA,61,90,3,500,1,2.859,2.75435,0.054161
KCF,61,90,3,500,1,1.79399,1.6879,0.05545
KCA,61,90,5,500,1,2.83463,2.72966,0.054504
KCF,61,90,5,500,1,1.73497,1.62907,0.054785
KCA,61,90,7,500,1,2.87782,2.77401,0.054383
KCF,61,90,7,500,1,1.7079,1.60209,0.054822
KCA,61,90,9,500,1,2.86817,2.76336,0.054551
KCF,61,90,9,500,1,1.76183,1.65728,0.054027
KCA,81,90,1,500,1,4.61249,4.43255,0.093514
KCF,81,90,1,500,1,4.40153,4.21759,0.095463
KCA,81,90,3,500,1,5.17064,4.97269,0.11104
KCF,81,90,3,500,1,5.39298,5.20325,0.099472
KCA,81,90,5,500,1,4.52741,4.34953,0.092511
KCF,81,90,5,500,1,4.38636,4.20376,0.09529
KCA,81,90,7,500,1,4.58858,4.41107,0.092333
KCF,81,90,7,500,1,4.46177,4.27444,0.102061
KCA,81,90,9,500,1,4.60414,4.4247,0.093019
KCF,81,90,9,500,1,4.44155,4.25888,0.095636
KCA,101,90,1,500,1,7.71274,7.44203,0.140698
KCF,101,90,1,500,1,5.31514,5.04248,0.141746
KCA,101,90,3,500,1,9.27151,8.99872,0.142276
KCF,101,90,3,500,1,5.28161,5.00258,0.143531
KCA,101,90,5,500,1,7.5639,7.28787,0.143758
KCF,101,90,5,500,1,5.24975,4.97184,0.143498
KCA,101,90,7,500,1,7.46841,7.19585,0.142107
KCF,101,90,7,500,1,5.29564,5.0192,0.142006
KCA,101,90,9,500,1,7.53162,7.26015,0.139392
KCF,101,90,9,500,1,5.2549,4.98356,0.139693
KCA,1,90,1,500,2,0.04689,0.046252,0.000327
KCF,1,90,1,500,2,0.064103,0.063424,0.000349
KCA,1,90,3,500,2,0.047741,0.047194,0.000297
KCF,1,90,3,500,2,0.047957,0.047278,0.000384
KCA,1,90,5,500,2,0.049392,0.048772,0.000328
KCF,1,90,5,500,2,0.054022,0.053358,0.000342
KCA,1,90,7,500,2,0.058034,0.057481,0.000289
KCF,1,90,7,500,2,0.054951,0.054308,0.000349
KCA,1,90,9,500,2,0.047714,0.04712,0.000298
KCF,1,90,9,500,2,0.050766,0.050192,0.000312
KCA,21,90,1,500,1,0.332849,0.313097,0.010669
KCF,21,90,1,500,1,0.311706,0.293414,0.010833
KCA,21,90,3,500,1,0.19717,0.180987,0.008514
KCF,21,90,3,500,1,0.188382,0.171866,0.009316
KCA,21,90,5,500,1,0.194729,0.180554,0.007491
KCF,21,90,5,500,1,0.188516,0.173312,0.008585
KCA,21,90,7,500,1,0.19505,0.18085,0.007316
KCF,21,90,7,500,1,0.192047,0.176581,0.009066
KCA,21,90,9,500,1,0.190946,0.176291,0.007694
KCF,21,90,9,500,1,0.190301,0.175615,0.007728
KCA,41,90,1,500,1,0.500214,0.449297,0.027265
KCF,41,90,1,500,1,0.48202,0.428664,0.026857
KCA,41,90,3,500,1,0.520684,0.46957,0.026359
KCF,41,90,3,500,1,0.476364,0.426753,0.025698
KCA,41,90,5,500,1,0.420794,0.370074,0.026805
KCF,41,90,5,500,1,0.482557,0.431163,0.026682
KCA,41,90,7,500,1,0.427393,0.377329,0.026004
KCF,41,90,7,500,1,0.474213,0.424661,0.025817
KCA,41,90,9,500,1,0.42133,0.371153,0.026335
KCF,41,90,9,500,1,0.474769,0.424486,0.026698
KCA,61,90,1,500,1,1.31129,1.2081,0.053192
KCF,61,90,1,500,1,1.21186,1.10811,0.053177
KCA,61,90,3,500,1,1.31273,1.20684,0.054436
KCF,61,90,3,500,1,1.21034,1.10527,0.053904
KCA,61,90,5,500,1,1.2869,1.18245,0.053865
KCF,61,90,5,500,1,1.1928,1.08884,0.05407
KCA,61,90,7,500,1,1.2682,1.16292,0.054563
KCF,61,90,7,500,1,1.20281,1.0989,0.053712
KCA,61,90,9,500,1,1.27896,1.17592,0.053294
KCF,61,90,9,500,1,1.20806,1.10326,0.054314
KCA,81,90,1,500,1,2.69255,2.51283,0.092469
KCF,81,90,1,500,1,1.53407,1.35331,0.093006
KCA,81,90,3,500,1,2.62819,2.44944,0.093017
KCF,81,90,3,500,1,1.52058,1.34025,0.093263
KCA,81,90,5,500,1,2.6387,2.45995,0.091486
KCF,81,90,5,500,1,1.53497,1.35674,0.091869
KCA,81,90,7,500,1,2.67944,2.50108,0.092415
KCF,81,90,7,500,1,1.52724,1.34875,0.09271
KCA,81,90,9,500,1,3.25216,3.06702,0.094641
KCF,81,90,9,500,1,1.54732,1.35023,0.093767
KCA,101,90,1,500,1,2.37804,2.10241,0.139445
KCF,101,90,1,500,1,3.10852,2.83725,0.140243
KCA,101,90,3,500,1,2.39676,2.12432,0.140465
KCF,101,90,3,500,1,3.09324,2.81977,0.141907
KCA,101,90,5,500,1,2.43813,2.17071,0.137926
KCF,101,90,5,500,1,2.91699,2.64641,0.140477
KCA,101,90,7,500,1,2.40795,2.13884,0.138694
KCF,101,90,7,500,1,3.09488,2.82681,0.13887
KCA,101,90,9,500,1,2.42808,2.1541,0.141445
KCF,101,90,9,500,1,3.0768,2.80141,0.142054
KCA,1,90,1,500,1,0.032,0.031642,0.000187
KCF,1,90,1,500,1,0.027375,0.027001,0.000203
KCA,1,90,3,500,1,0.029383,0.029051,0.000193
KCF,1,90,3,500,1,0.02637,0.026025,0.000198
KCA,1,90,5,500,1,0.03166,0.031267,0.000244
KCF,1,90,5,500,1,0.026463,0.026105,0.000215
KCA,1,90,7,500,1,0.028344,0.028003,0.000206
KCF,1,90,7,500,1,0.034073,0.033677,0.000215
KCA,1,90,9,500,1,0.026864,0.026464,0.000214
KCF,1,90,9,500,1,0.02759,0.027258,0.000192
KCA,21,90,1,500,1,0.176665,0.162223,0.007674
KCF,21,90,1,500,1,0.172919,0.158087,0.008034
KCA,21,90,3,500,1,0.176464,0.161409,0.008117
KCF,21,90,3,500,1,0.173056,0.15841,0.007609
KCA,21,90,5,500,1,0.179867,0.16462,0.008204
KCF,21,90,5,500,1,0.17422,0.159069,0.008155
KCA,21,90,7,500,1,0.1748,0.159318,0.007837
KCF,21,90,7,500,1,0.172864,0.157863,0.008247
KCA,21,90,9,500,1,0.178298,0.16361,0.007535
KCF,21,90,9,500,1,0.172856,0.158188,0.007934
KCA,41,90,1,500,1,0.495039,0.441866,0.02829
KCF,41,90,1,500,1,0.435318,0.383354,0.026965
KCA,41,90,3,500,1,0.501956,0.450047,0.027021
KCF,41,90,3,500,1,0.433495,0.381575,0.027548
KCA,41,90,5,500,1,0.497884,0.444187,0.028629
KCF,41,90,5,500,1,0.440079,0.388204,0.027216
KCA,41,90,7,500,1,0.496976,0.445844,0.026935
KCF,41,90,7,500,1,0.436043,0.384573,0.027234
KCA,41,90,9,500,1,0.491423,0.442346,0.025422
KCF,41,90,9,500,1,0.432168,0.381998,0.026232
KCA,61,90,1,500,1,1.2001,1.09389,0.054686
KCF,61,90,1,500,1,1.12829,1.02311,0.054567
KCA,61,90,3,500,1,1.25877,1.15347,0.054585
KCF,61,90,3,500,1,1.14017,1.03414,0.055426
KCA,61,90,5,500,1,1.21719,1.11365,0.053825
KCF,61,90,5,500,1,1.09384,0.990177,0.053598
KCA,61,90,7,500,1,1.2212,1.11592,0.054562
KCF,61,90,7,500,1,1.13072,1.02313,0.055946
KCA,61,90,9,500,1,1.22451,1.11842,0.055177
KCF,61,90,9,500,1,1.1045,0.999037,0.054108
KCA,81,90,1,500,1,1.79155,1.61176,0.093523
KCF,81,90,1,500,1,1.66899,1.49025,0.092928
KCA,81,90,3,500,1,1.98986,1.81128,0.092056
KCF,81,90,3,500,1,1.69959,1.52079,0.09167
KCA,81,90,5,500,1,1.77638,1.60067,0.090597
KCF,81,90,5,500,1,1.67557,1.4966,0.092612
KCA,81,90,7,500,1,1.79527,1.61114,0.095005
KCF,81,90,7,500,1,1.70684,1.52682,0.093586
KCA,81,90,9,500,1,2.0391,1.84693,0.104761
KCF,81,90,9,500,1,2.28881,2.03211,0.157424
KCA,101,90,1,500,1,2.74212,2.46922,0.140295
KCF,101,90,1,500,1,2.6441,2.37644,0.138548
KCA,101,90,3,500,1,2.84763,2.57778,0.140398
KCF,101,90,3,500,1,2.65723,2.38789,0.139841
KCA,101,90,5,500,1,2.6897,2.41391,0.14278
KCF,101,90,5,500,1,2.65562,2.38042,0.143553
KCA,101,90,7,500,1,2.76448,2.49526,0.13933
KCF,101,90,7,500,1,2.61655,2.34704,0.139636
KCA,101,90,9,500,1,2.78589,2.5112,0.1408
KCF,101,90,9,500,1,2.63321,2.36075,0.14185
KCA,1,90,1,500,1,0.034361,0.034056,0.00017
KCF,1,90,1,500,1,0.032753,0.032411,0.000196
KCA,1,90,3,500,1,0.032928,0.032504,0.00022
KCF,1,90,3,500,1,0.032272,0.031926,0.000209
KCA,1,90,5,500,1,0.031699,0.031283,0.000229
KCF,1,90,5,500,1,0.032868,0.03243,0.000228
KCA,1,90,7,500,1,0.0326,0.032298,0.000166
KCF,1,90,7,500,1,0.032907,0.032533,0.000202
KCA,1,90,9,500,1,0.031839,0.031497,0.00021
KCF,1,90,9,500,1,0.033261,0.03295,0.000166
KCA,21,90,1,500,1,0.244403,0.230406,0.00733
KCF,21,90,1,500,1,0.208248,0.193664,0.007774
KCA,21,90,3,500,1,0.24051,0.226502,0.007187
KCF,21,90,3,500,1,0.200528,0.186421,0.00748
KCA,21,90,5,500,1,0.2418,0.227904,0.006986
KCF,21,90,5,500,1,0.205289,0.191389,0.007397
KCA,21,90,7,500,1,0.249099,0.234026,0.007258
KCF,21,90,7,500,1,0.201431,0.186533,0.008107
KCA,21,90,9,500,1,0.243259,0.229378,0.00736
KCF,21,90,9,500,1,0.202987,0.188794,0.007523
KCA,41,90,1,500,1,0.801011,0.752353,0.025164
KCF,41,90,1,500,1,1.06131,1.00791,0.029723
KCA,41,90,3,500,1,0.97575,0.909093,0.025316
KCF,41,90,3,500,1,1.02537,0.975841,0.026057
KCA,41,90,5,500,1,0.954649,0.904839,0.025987
KCF,41,90,5,500,1,0.903764,0.854571,0.025687
KCA,41,90,7,500,1,0.815556,0.765658,0.026179
KCF,41,90,7,500,1,0.906436,0.856622,0.026102
KCA,41,90,9,500,1,0.811654,0.762413,0.026024
KCF,41,90,9,500,1,0.901146,0.851508,0.025549
KCA,61,90,1,500,1,2.18764,2.08409,0.053658
KCF,61,90,1,500,1,1.84741,1.74285,0.054628
KCA,61,90,3,500,1,2.16372,2.05992,0.053212
KCF,61,90,3,500,1,1.70385,1.59858,0.054948
KCA,61,90,5,500,1,2.18632,2.08387,0.053118
KCF,61,90,5,500,1,1.83933,1.73304,0.056496
KCA,61,90,7,500,1,2.2054,2.10211,0.054289
KCF,61,90,7,500,1,1.85576,1.74903,0.055836
KCA,61,90,9,500,1,2.20037,2.09663,0.053878
KCF,61,90,9,500,1,1.84672,1.74056,0.055521
KCA,81,90,1,500,1,4.49783,4.31865,0.092698
KCF,81,90,1,500,1,4.63139,4.45087,0.094605
KCA,81,90,3,500,1,3.50717,3.33061,0.092083
KCF,81,90,3,500,1,4.36568,4.18261,0.095942
KCA,81,90,5,500,1,3.55682,3.37946,0.091093
KCF,81,90,5,500,1,4.42613,4.24717,0.093977
KCA,81,90,7,500,1,3.58024,3.40648,0.090338
KCF,81,90,7,500,1,4.36123,4.18177,0.094659
KCA,81,90,9,500,1,3.55462,3.37847,0.091613
KCF,81,90,9,500,1,4.45574,4.27526,0.094256
KCA,101,90,1,500,1,5.82911,5.56058,0.138977
KCF,101,90,1,500,1,4.76767,4.49744,0.138882
KCA,101,90,3,500,1,5.68883,5.42133,0.139033
KCF,101,90,3,500,1,4.78394,4.51304,0.139581
KCA,101,90,5,500,1,5.66769,5.39925,0.139688
KCF,101,90,5,500,1,4.81469,4.54366,0.140635
KCA,101,90,7,500,1,5.4996,5.22744,0.140756
KCF,101,90,7,500,1,4.81465,4.5444,0.139377
KCA,101,90,9,500,1,5.69626,5.42563,0.140998
KCF,101,90,9,500,1,4.83559,4.56224,0.140248
KCA,1,90,1,500,1,0.02824,0.027901,0.000186
KCF,1,90,1,500,1,0.036167,0.03574,0.000222
KCA,1,90,3,500,1,0.029135,0.028716,0.000248
KCF,1,90,3,500,1,0.030355,0.030007,0.000187
KCA,1,90,5,500,1,0.029136,0.028751,0.000251
KCF,1,90,5,500,1,0.029669,0.029313,0.000206
KCA,1,90,7,500,1,0.028905,0.028461,0.000251
KCF,1,90,7,500,1,0.028684,0.028277,0.000239
KCA,1,90,9,500,1,0.035916,0.035538,0.000229
KCF,1,90,9,500,1,0.029614,0.029288,0.00018
KCA,21,90,1,500,1,0.182373,0.167551,0.008025
KCF,21,90,1,500,1,0.182296,0.167353,0.008156
KCA,21,90,3,500,1,0.185962,0.17111,0.007939
KCF,21,90,3,500,1,0.170032,0.155166,0.008245
KCA,21,90,5,500,1,0.180068,0.165047,0.008133
KCF,21,90,5,500,1,0.171302,0.15642,0.008158
KCA,21,90,7,500,1,0.18068,0.165562,0.008115
KCF,21,90,7,500,1,0.176203,0.162166,0.007568
KCA,21,90,9,500,1,0.371962,0.356254,0.008145
KCF,21,90,9,500,1,0.20797,0.192727,0.00744
KCA,41,90,1,500,1,0.600998,0.543032,0.02753
KCF,41,90,1,500,1,0.532739,0.480546,0.027335
KCA,41,90,3,500,1,0.550608,0.501282,0.025561
KCF,41,90,3,500,1,0.495464,0.446401,0.025383
KCA,41,90,5,500,1,0.548279,0.499235,0.025765
KCF,41,90,5,500,1,0.496915,0.446368,0.02573
KCA,41,90,7,500,1,0.544045,0.49445,0.026218
KCF,41,90,7,500,1,0.493805,0.44373,0.025276
KCA,41,90,9,500,1,0.572592,0.521797,0.025986
KCF,41,90,9,500,1,0.499108,0.449088,0.025497
KCA,61,90,1,500,1,1.22807,1.12375,0.053929
KCF,61,90,1,500,1,1.25241,1.14834,0.054091
KCA,61,90,3,500,1,1.26994,1.16695,0.053732
KCF,61,90,3,500,1,1.24764,1.14325,0.054695
KCA,61,90,5,500,1,1.28512,1.17782,0.055921
KCF,61,90,5,500,1,1.23496,1.12909,0.053606
KCA,61,90,7,500,1,1.26482,1.15926,0.054611
KCF,61,90,7,500,1,1.25655,1.15174,0.053995
KCA,61,90,9,500,1,1.26624,1.16388,0.053083
KCF,61,90,9,500,1,1.26954,1.1654,0.05353
KCA,81,90,1,500,1,2.49073,2.31471,0.091074
KCF,81,90,1,500,1,2.55619,2.37303,0.096367
KCA,81,90,3,500,1,2.51404,2.33302,0.093271
KCF,81,90,3,500,1,2.58883,2.40937,0.092765
KCA,81,90,5,500,1,2.51084,2.33355,0.092089
KCF,81,90,5,500,1,2.57098,2.39038,0.093579
KCA,81,90,7,500,1,2.49545,2.31822,0.092512
KCF,81,90,7,500,1,2.59793,2.41903,0.093215
KCA,81,90,9,500,1,2.50013,2.32039,0.093233
KCF,81,90,9,500,1,2.54442,2.36439,0.093031
KCA,101,90,1,500,1,2.98466,2.71192,0.140135
KCF,101,90,1,500,1,3.03075,2.76376,0.1385
KCA,101,90,3,500,1,3.12015,2.85264,0.138516
KCF,101,90,3,500,1,3.06586,2.79468,0.139696
KCA,101,90,5,500,1,3.01427,2.74414,0.139621
KCF,101,90,5,500,1,3.07305,2.80033,0.141724
KCA,101,90,7,500,1,2.92088,2.65223,0.138403
KCF,101,90,7,500,1,2.97613,2.70854,0.138389
KCA,101,90,9,500,1,2.88568,2.61645,0.138678
KCF,101,90,9,500,1,3.0383,2.76831,0.140183
KCA,1,90,1,500,1,0.027266,0.026953,0.000171
KCF,1,90,1,500,1,0.027121,0.026733,0.000231
KCA,1,90,3,500,1,0.02679,0.026463,0.000182
KCF,1,90,3,500,1,0.027472,0.027138,0.000185
KCA,1,90,5,500,1,0.028446,0.02802,0.000245
KCF,1,90,5,500,1,0.029251,0.028844,0.000217
KCA,1,90,7,500,1,0.027737,0.027433,0.000166
KCF,1,90,7,500,1,0.027164,0.026859,0.000164
KCA,1,90,9,500,1,0.026363,0.026008,0.000201
KCF,1,90,9,500,1,0.027366,0.027002,0.000219
KCA,21,90,1,500,1,0.297339,0.281904,0.008312
KCF,21,90,1,500,1,0.346909,0.331862,0.008369
KCA,21,90,3,500,1,0.299304,0.285125,0.007306
KCF,21,90,3,500,1,0.350327,0.335262,0.008315
KCA,21,90,5,500,1,0.298413,0.283684,0.007838
KCF,21,90,5,500,1,0.356846,0.340986,0.00883
KCA,21,90,7,500,1,0.302974,0.287787,0.008058
KCF,21,90,7,500,1,0.364479,0.347992,0.00885
KCA,21,90,9,500,1,0.305533,0.288813,0.008921
KCF,21,90,9,500,1,0.354582,0.338347,0.008992
KCA,41,90,1,500,1,1.56458,1.50525,0.031917
KCF,41,90,1,500,1,1.29277,1.23953,0.027816
KCA,41,90,3,500,1,1.43104,1.37776,0.028252
KCF,41,90,3,500,1,1.27925,1.2256,0.027394
KCA,41,90,5,500,1,1.4067,1.35335,0.028428
KCF,41,90,5,500,1,1.26747,1.21338,0.027803
KCA,41,90,7,500,1,1.43295,1.37997,0.028025
KCF,41,90,7,500,1,1.35024,1.2952,0.029365
KCA,41,90,9,500,1,1.41207,1.35924,0.028122
KCF,41,90,9,500,1,1.27806,1.22403,0.028599
KCA,61,90,1,500,1,4.04567,3.94125,0.054273
KCF,61,90,1,500,1,2.27409,2.17003,0.05476
KCA,61,90,3,500,1,3.80196,3.6973,0.054128
KCF,61,90,3,500,1,2.26553,2.15878,0.055882
KCA,61,90,5,500,1,3.80163,3.69829,0.053347
KCF,61,90,5,500,1,2.25318,2.14817,0.055134
KCA,61,90,7,500,1,3.77664,3.67185,0.054452
KCF,61,90,7,500,1,2.25437,2.14882,0.054591
KCA,61,90,9,500,1,3.84541,3.73962,0.054278
KCF,61,90,9,500,1,2.29634,2.19149,0.055282
KCA,81,90,1,500,1,12.5561,12.373,0.095349
KCF,81,90,1,500,1,4.76233,4.5799,0.094963
KCA,81,90,3,500,1,11.606,11.4258,0.094179
KCF,81,90,3,500,1,4.7475,4.56791,0.093751
KCA,81,90,5,500,1,11.5513,11.3686,0.095827
KCF,81,90,5,500,1,4.74928,4.56604,0.095867
KCA,81,90,7,500,1,11.4264,11.2446,0.095177
KCF,81,90,7,500,1,4.75077,4.5697,0.094639
KCA,81,90,9,500,1,11.879,11.6961,0.09561
KCF,81,90,9,500,1,5.53584,5.31164,0.130158
KCA,101,90,1,500,1,8.62393,8.34889,0.142826
KCF,101,90,1,500,1,3.81005,3.53414,0.142683
KCA,101,90,3,500,1,8.59208,8.31584,0.142928
KCF,101,90,3,500,1,3.81089,3.53328,0.143181
KCA,101,90,5,500,1,8.53548,8.26381,0.142281
KCF,101,90,5,500,1,3.78126,3.51201,0.138427
KCA,101,90,7,500,1,9.40544,9.11258,0.143516
KCF,101,90,7,500,1,3.79388,3.5211,0.1399
KCA,101,90,9,500,1,8.6078,8.34185,0.136946
KCF,101,90,9,500,1,3.78389,3.51532,0.138173
KCA,1,90,1,500,1,0.030266,0.029928,0.000164
KCF,1,90,1,500,1,0.034851,0.034494,0.000222
KCA,1,90,3,500,1,0.030875,0.030544,0.000189
KCF,1,90,3,500,1,0.031937,0.031602,0.000186
KCA,1,90,5,500,1,0.031962,0.0316,0.000205
KCF,1,90,5,500,1,0.032521,0.032125,0.000202
KCA,1,90,7,500,1,0.033059,0.032743,0.00018
KCF,1,90,7,500,1,0.030785,0.030401,0.000241
KCA,1,90,9,500,1,0.030413,0.030109,0.000165
KCF,1,90,9,500,1,0.031912,0.031573,0.000168
KCA,21,90,1,500,1,0.259117,0.244893,0.007479
KCF,21,90,1,500,1,0.19595,0.181364,0.007971
KCA,21,90,3,500,1,0.261178,0.247029,0.007618
KCF,21,90,3,500,1,0.195037,0.180023,0.008047
KCA,21,90,5,500,1,0.246233,0.232167,0.007632
KCF,21,90,5,500,1,0.20095,0.185654,0.008115
KCA,21,90,7,500,1,0.25268,0.238874,0.007188
KCF,21,90,7,500,1,0.197876,0.183542,0.007409
KCA,21,90,9,500,1,0.260186,0.245484,0.007687
KCF,21,90,9,500,1,0.198267,0.183614,0.007854
KCA,41,90,1,500,1,0.833863,0.78343,0.025933
KCF,41,90,1,500,1,0.853408,0.803556,0.025607
KCA,41,90,3,500,1,0.830027,0.77881,0.02699
KCF,41,90,3,500,1,0.851248,0.800936,0.025697
KCA,41,90,5,500,1,0.839923,0.788702,0.027553
KCF,41,90,5,500,1,0.845504,0.795144,0.025925
KCA,41,90,7,500,1,0.827645,0.778184,0.025672
KCF,41,90,7,500,1,0.852769,0.803404,0.025071
KCA,41,90,9,500,1,0.827258,0.777108,0.026309
KCF,41,90,9,500,1,0.850168,0.799268,0.026068
KCA,61,90,1,500,1,3.17077,3.06586,0.054171
KCF,61,90,1,500,1,1.51969,1.41627,0.054065
KCA,61,90,3,500,1,3.21455,3.1103,0.054492
KCF,61,90,3,500,1,1.48391,1.37723,0.056179
KCA,61,90,5,500,1,3.13495,3.02896,0.055186
KCF,61,90,5,500,1,1.52315,1.41553,0.056176
KCA,61,90,7,500,1,3.15329,3.04796,0.054493
KCF,61,90,7,500,1,1.54276,1.43626,0.055229
KCA,61,90,9,500,1,3.2805,3.16692,0.057223
KCF,61,90,9,500,1,1.54748,1.44335,0.054499
KCA,81,90,1,500,1,3.93902,3.75986,0.093883
KCF,81,90,1,500,1,7.16337,6.9789,0.096964
KCA,81,90,3,500,1,3.95653,3.77652,0.093151
KCF,81,90,3,500,1,7.7097,7.51041,0.111619
KCA,81,90,5,500,1,4.07245,3.89373,0.092266
KCF,81,90,5,500,1,7.35179,7.17149,0.094834
KCA,81,90,7,500,1,4.03294,3.85284,0.093503
KCF,81,90,7,500,1,7.13849,6.95458,0.096549
KCA,81,90,9,500,1,4.03359,3.85325,0.09352
KCF,81,90,9,500,1,7.11276,6.92884,0.096724
KCA,101,90,1,500,1,5.97237,5.69795,0.142207
KCF,101,90,1,500,1,4.14479,3.86929,0.142713
KCA,101,90,3,500,1,6.19315,5.91538,0.143134
KCF,101,90,3,500,1,4.15889,3.88105,0.144084
KCA,101,90,5,500,1,6.15667,5.88181,0.142122
KCF,101,90,5,500,1,4.14255,3.86518,0.143012
KCA,101,90,7,500,1,6.15157,5.87913,0.141862
KCF,101,90,7,500,1,4.03927,3.76429,0.140658
KCA,101,90,9,500,1,6.18037,5.91213,0.138701
KCF,101,90,9,500,1,4.09308,3.82301,0.139692
KCA,1,90,1,500,1,0.031004,0.03065,0.000217
KCF,1,90,1,500,1,0.035524,0.035045,0.000256
KCA,1,90,3,500,1,0.031912,0.031548,0.000226
KCF,1,90,3,500,1,0.031708,0.03126,0.000242
KCA,1,90,5,500,1,0.032179,0.031828,0.00021
KCF,1,90,5,500,1,0.035199,0.034881,0.000181
KCA,1,90,7,500,1,0.031757,0.031396,0.00022
KCF,1,90,7,500,1,0.030497,0.03011,0.000187
KCA,1,90,9,500,1,0.030909,0.030538,0.000219
KCF,1,90,9,500,1,0.03211,0.031606,0.00029
KCA,21,90,1,500,1,0.213828,0.19937,0.007719
KCF,21,90,1,500,1,0.18294,0.166946,0.00858
KCA,21,90,3,500,1,0.216781,0.201244,0.008084
KCF,21,90,3,500,1,0.181731,0.166672,0.00814
KCA,21,90,5,500,1,0.212298,0.198034,0.007478
KCF,21,90,5,500,1,0.188263,0.173881,0.007609
KCA,21,90,7,500,1,0.213037,0.198284,0.007723
KCF,21,90,7,500,1,0.184304,0.169281,0.007964
KCA,21,90,9,500,1,0.214305,0.199725,0.0075
KCF,21,90,9,500,1,0.181993,0.167316,0.007751
KCA,41,90,1,500,1,0.86757,0.817724,0.025484
KCF,41,90,1,500,1,0.936791,0.887013,0.025816
KCA,41,90,3,500,1,0.877458,0.826167,0.026977
KCF,41,90,3,500,1,0.946282,0.895347,0.026447
KCA,41,90,5,500,1,0.871078,0.820764,0.02664
KCF,41,90,5,500,1,0.939718,0.889462,0.026297
KCA,41,90,7,500,1,0.881628,0.83255,0.025771
KCF,41,90,7,500,1,0.932762,0.883493,0.025666
KCA,41,90,9,500,1,0.875148,0.825479,0.026205
KCF,41,90,9,500,1,0.939073,0.888977,0.025858
KCA,61,90,1,500,1,2.05227,1.94783,0.054294
KCF,61,90,1,500,1,1.87806,1.77219,0.055254
KCA,61,90,3,500,1,2.35235,2.24619,0.055496
KCF,61,90,3,500,1,1.94081,1.82063,0.065396
KCA,61,90,5,500,1,2.23693,2.13114,0.055229
KCF,61,90,5,500,1,1.9375,1.83086,0.05533
KCA,61,90,7,500,1,2.1025,1.99887,0.053484
KCF,61,90,7,500,1,1.93963,1.8349,0.054797
KCA,61,90,9,500,1,2.25716,2.14903,0.059438
KCF,61,90,9,500,1,2.36419,2.25565,0.055849
KCA,81,90,1,500,1,3.61292,3.40344,0.113281
KCF,81,90,1,500,1,5.21836,5.03866,0.093865
KCA,81,90,3,500,1,3.43317,3.25474,0.091809
KCF,81,90,3,500,1,5.49111,5.3082,0.093717
KCA,81,90,5,500,1,3.45354,3.27493,0.093041
KCF,81,90,5,500,1,5.11254,4.93064,0.095298
KCA,81,90,7,500,1,3.36995,3.19026,0.093566
KCF,81,90,7,500,1,5.09202,4.90931,0.095027
KCA,81,90,9,500,1,3.3753,3.19706,0.092988
KCF,81,90,9,500,1,5.25534,5.07236,0.095663
KCA,101,90,1,500,1,6.05451,5.77813,0.142682
KCF,101,90,1,500,1,7.71663,7.44184,0.142879
KCA,101,90,3,500,1,6.04039,5.76906,0.140145
KCF,101,90,3,500,1,6.50582,6.23486,0.139336
KCA,101,90,5,500,1,5.9991,5.72687,0.142426
KCF,101,90,5,500,1,6.53989,6.26329,0.14328
KCA,101,90,7,500,1,5.9877,5.71901,0.139303
KCF,101,90,7,500,1,6.50317,6.23007,0.141186
KCA,101,90,9,500,1,6.04522,5.77206,0.142675
KCF,101,90,9,500,1,7.65948,7.37747,0.147647
KCA,1,90,1,500,2,0.046424,0.04562,0.000412
KCF,1,90,1,500,2,0.044028,0.04338,0.00034
KCA,1,90,3,500,2,0.044288,0.043626,0.000366
KCF,1,90,3,500,2,0.045416,0.044718,0.000383
KCA,1,90,5,500,2,0.044202,0.043678,0.000275
KCF,1,90,5,500,2,0.058565,0.057898,0.000334
KCA,1,90,7,500,2,0.042517,0.041788,0.000378
KCF,1,90,7,500,2,0.047588,0.046969,0.000368
KCA,1,90,9,500,2,0.044146,0.043535,0.000342
KCF,1,90,9,500,2,0.054021,0.053461,0.000304
KCA,21,90,1,500,1,0.189694,0.175021,0.00812
KCF,21,90,1,500,1,0.159301,0.143662,0.008294
KCA,21,90,3,500,1,0.192649,0.177174,0.008099
KCF,21,90,3,500,1,0.158711,0.143751,0.007485
KCA,21,90,5,500,1,0.193559,0.178686,0.008074
KCF,21,90,5,500,1,0.160677,0.14539,0.008011
KCA,21,90,7,500,1,0.191449,0.177107,0.007313
KCF,21,90,7,500,1,0.158048,0.143342,0.007659
KCA,21,90,9,500,1,0.191157,0.176074,0.008024
KCF,21,90,9,500,1,0.15992,0.143666,0.009075
KCA,41,90,1,500,1,0.513752,0.463909,0.026224
KCF,41,90,1,500,1,0.414842,0.365415,0.025686
KCA,41,90,3,500,1,0.525793,0.474977,0.026592
KCF,41,90,3,500,1,0.426094,0.374416,0.02605
KCA,41,90,5,500,1,0.515791,0.465406,0.026052
KCF,41,90,5,500,1,0.415421,0.365344,0.026118
KCA,41,90,7,500,1,0.515005,0.465381,0.025829
KCF,41,90,7,500,1,0.411139,0.360621,0.025988
KCA,41,90,9,500,1,0.515647,0.465967,0.026347
KCF,41,90,9,500,1,0.426628,0.37456,0.026831
KCA,61,90,1,500,1,1.34104,1.23644,0.054707
KCF,61,90,1,500,1,1.01313,0.90758,0.054784
KCA,61,90,3,500,1,1.33863,1.23229,0.055482
KCF,61,90,3,500,1,1.0157,0.910714,0.053833
KCA,61,90,5,500,1,1.33693,1.2261,0.058003
KCF,61,90,5,500,1,0.956328,0.850045,0.054713
KCA,61,90,7,500,1,1.32273,1.21758,0.053993
KCF,61,90,7,500,1,1.01659,0.912217,0.054382
KCA,61,90,9,500,1,1.32887,1.2248,0.053939
KCF,61,90,9,500,1,0.955827,0.851465,0.053886
KCA,81,90,1,500,1,2.20404,2.02312,0.094581
KCF,81,90,1,500,1,1.69625,1.5129,0.094663
KCA,81,90,3,500,1,2.21958,2.03911,0.094085
KCF,81,90,3,500,1,1.70095,1.51901,0.093666
KCA,81,90,5,500,1,2.29686,2.10556,0.105426
KCF,81,90,5,500,1,1.87109,1.65893,0.1114
KCA,81,90,7,500,1,2.19912,2.01917,0.092884
KCF,81,90,7,500,1,1.68113,1.50342,0.09151
KCA,81,90,9,500,1,2.22474,2.03286,0.09891
KCF,81,90,9,500,1,1.67163,1.4939,0.091502
KCA,101,90,1,500,1,2.18791,1.91355,0.141825
KCF,101,90,1,500,1,2.21903,1.94831,0.140114
KCA,101,90,3,500,1,2.46529,2.1961,0.139237
KCF,101,90,3,500,1,2.12574,1.85538,0.140422
KCA,101,90,5,500,1,2.34032,2.06953,0.139949
KCF,101,90,5,500,1,2.12084,1.85267,0.138994
KCA,101,90,7,500,1,2.37842,2.10303,0.141305
KCF,101,90,7,500,1,2.21984,1.94221,0.142611
KCA,101,90,9,500,1,2.16694,1.89595,0.140839
KCF,101,90,9,500,1,2.21945,1.94682,0.142355
KCA,1,90,1,500,1,0.032345,0.031984,0.000222
KCF,1,90,1,500,1,0.033387,0.033031,0.000207
KCA,1,90,3,500,1,0.03252,0.032144,0.000197
KCF,1,90,3,500,1,0.033841,0.033446,0.000201
KCA,1,90,5,500,1,0.033241,0.032869,0.00023
KCF,1,90,5,500,1,0.034379,0.034021,0.000223
KCA,1,90,7,500,1,0.033667,0.033344,0.00019
KCF,1,90,7,500,1,0.034084,0.033742,0.000192
KCA,1,90,9,500,1,0.033429,0.033003,0.000249
KCF,1,90,9,500,1,0.033224,0.032865,0.000216
KCA,21,90,1,500,1,0.149132,0.133931,0.007697
KCF,21,90,1,500,1,0.130329,0.115284,0.007866
KCA,21,90,3,500,1,0.150581,0.134399,0.008502
KCF,21,90,3,500,1,0.134111,0.119538,0.007657
KCA,21,90,5,500,1,0.155507,0.140336,0.007839
KCF,21,90,5,500,1,0.147208,0.132162,0.008263
KCA,21,90,7,500,1,0.146082,0.130948,0.007853
KCF,21,90,7,500,1,0.13233,0.116498,0.008296
KCA,21,90,9,500,1,0.151276,0.136246,0.007917
KCF,21,90,9,500,1,0.13257,0.117046,0.008505
KCA,41,90,1,500,1,0.272776,0.219785,0.027523
KCF,41,90,1,500,1,0.266481,0.215139,0.026533
KCA,41,90,3,500,1,0.272198,0.218819,0.027956
KCF,41,90,3,500,1,0.262811,0.211764,0.02666
KCA,41,90,5,500,1,0.268886,0.216625,0.026897
KCF,41,90,5,500,1,0.281154,0.231237,0.025511
KCA,41,90,7,500,1,0.268912,0.216262,0.027193
KCF,41,90,7,500,1,0.264648,0.213202,0.027288
KCA,41,90,9,500,1,0.261301,0.208178,0.027142
KCF,41,90,9,500,1,0.266078,0.214602,0.027239
KCA,61,90,1,500,1,0.499186,0.39064,0.056409
KCF,61,90,1,500,1,0.496819,0.392204,0.054378
KCA,61,90,3,500,1,0.514535,0.405162,0.05693
KCF,61,90,3,500,1,0.504583,0.398844,0.054314
KCA,61,90,5,500,1,0.511191,0.400846,0.058032
KCF,61,90,5,500,1,0.508487,0.401569,0.055473
KCA,61,90,7,500,1,0.508685,0.397728,0.057984
KCF,61,90,7,500,1,0.507327,0.399458,0.055343
KCA,61,90,9,500,1,0.48904,0.37993,0.05649
KCF,61,90,9,500,1,0.506455,0.39949,0.055536
KCA,81,90,1,500,1,0.941281,0.757955,0.094856
KCF,81,90,1,500,1,0.79561,0.617286,0.092177
KCA,81,90,3,500,1,0.936558,0.750772,0.096067
KCF,81,90,3,500,1,0.806998,0.624294,0.09482
KCA,81,90,5,500,1,0.939506,0.755784,0.095784
KCF,81,90,5,500,1,0.800257,0.61896,0.093886
KCA,81,90,7,500,1,0.955074,0.767866,0.098162
KCF,81,90,7,500,1,0.809789,0.624869,0.096244
KCA,81,90,9,500,1,0.922417,0.737927,0.09531
KCF,81,90,9,500,1,0.802628,0.62174,0.094021
KCA,101,90,1,500,1,1.61189,1.31679,0.147202
KCF,101,90,1,500,1,1.93097,1.64421,0.145449
KCA,101,90,3,500,1,1.40224,1.12855,0.141156
KCF,101,90,3,500,1,1.58909,1.31239,0.142472
KCA,101,90,5,500,1,1.4122,1.13793,0.141023
KCF,101,90,5,500,1,1.54455,1.27007,0.141307
KCA,101,90,7,500,1,1.35637,1.08578,0.138592
KCF,101,90,7,500,1,1.56868,1.29671,0.13947
KCA,101,90,9,500,1,1.41359,1.13732,0.142308
KCF,101,90,9,500,1,1.55848,1.28244,0.141924
KCA,1,90,1,500,2,0.05552,0.054905,0.000311
KCF,1,90,1,500,2,0.052711,0.052115,0.00032
KCA,1,90,3,500,2,0.046479,0.045835,0.000341
KCF,1,90,3,500,2,0.046695,0.046187,0.000268
KCA,1,90,5,500,2,0.046548,0.0458,0.0004
KCF,1,90,5,500,2,0.047084,0.046465,0.000311
KCA,1,90,7,500,2,0.047384,0.046731,0.00035
KCF,1,90,7,500,2,0.053555,0.052862,0.000347
KCA,1,90,9,500,2,0.048671,0.048078,0.000337
KCF,1,90,9,500,2,0.06996,0.069314,0.000371
KCA,21,90,1,500,1,0.163282,0.14695,0.008586
KCF,21,90,1,500,1,0.167205,0.151798,0.008473
KCA,21,90,3,500,1,0.164459,0.147745,0.008723
KCF,21,90,3,500,1,0.167092,0.151709,0.008029
KCA,21,90,5,500,1,0.16413,0.147683,0.008855
KCF,21,90,5,500,1,0.168206,0.152594,0.007672
KCA,21,90,7,500,1,0.168424,0.15293,0.008003
KCF,21,90,7,500,1,0.166847,0.152008,0.007915
KCA,21,90,9,500,1,0.167867,0.152894,0.007827
KCF,21,90,9,500,1,0.170771,0.156048,0.007778
KCA,41,90,1,500,1,0.343981,0.293257,0.026368
KCF,41,90,1,500,1,0.341277,0.290131,0.027002
KCA,41,90,3,500,1,0.344682,0.294714,0.025971
KCF,41,90,3,500,1,0.343318,0.293222,0.025945
KCA,41,90,5,500,1,0.343521,0.292645,0.02637
KCF,41,90,5,500,1,0.349186,0.297651,0.027515
KCA,41,90,7,500,1,0.345658,0.293371,0.027639
KCF,41,90,7,500,1,0.344694,0.292828,0.027255
KCA,41,90,9,500,1,0.348672,0.297297,0.02681
KCF,41,90,9,500,1,0.340933,0.289411,0.027183
KCA,61,90,1,500,1,0.741422,0.629036,0.058265
KCF,61,90,1,500,1,1.03049,0.917746,0.057915
KCA,61,90,3,500,1,0.744294,0.634814,0.057383
KCF,61,90,3,500,1,0.741724,0.632646,0.05756
KCA,61,90,5,500,1,0.739916,0.63032,0.057608
KCF,61,90,5,500,1,0.690803,0.583195,0.056079
KCA,61,90,7,500,1,0.748437,0.637903,0.057471
KCF,61,90,7,500,1,0.68743,0.579755,0.056639
KCA,61,90,9,500,1,0.741666,0.631187,0.057358
KCF,61,90,9,500,1,0.696532,0.589764,0.05567
KCA,81,90,1,500,1,1.23833,1.05892,0.092562
KCF,81,90,1,500,1,1.15753,0.975632,0.092902
KCA,81,90,3,500,1,1.22181,1.03903,0.095441
KCF,81,90,3,500,1,1.16055,0.976348,0.095495
KCA,81,90,5,500,1,1.62528,1.42657,0.098081
KCF,81,90,5,500,1,1.17345,0.990294,0.094227
KCA,81,90,7,500,1,1.2376,1.05366,0.094942
KCF,81,90,7,500,1,1.16612,0.981372,0.095882
KCA,81,90,9,500,1,1.24235,1.06169,0.093909
KCF,81,90,9,500,1,1.15248,0.973001,0.092267
KCA,101,90,1,500,1,1.48017,1.20455,0.143398
KCF,101,90,1,500,1,1.27889,1.00128,0.143507
KCA,101,90,3,500,1,1.52939,1.24781,0.145664
KCF,101,90,3,500,1,1.30147,1.02231,0.144154
KCA,101,90,5,500,1,1.5271,1.24884,0.144413
KCF,101,90,5,500,1,1.32122,1.03966,0.145971
KCA,101,90,7,500,1,1.53488,1.25473,0.144869
KCF,101,90,7,500,1,1.27293,0.995535,0.143562
KCA,101,90,9,500,1,1.52443,1.24495,0.144866
KCF,101,90,9,500,1,1.57175,1.22645,0.164618
KCA,1,90,1,500,2,0.051773,0.051209,0.000301
KCF,1,90,1,500,2,0.045937,0.045416,0.000276
KCA,1,90,3,500,2,0.063605,0.062838,0.000412
KCF,1,90,3,500,2,0.04687,0.046168,0.000389
KCA,1,90,5,500,2,0.04256,0.041986,0.000307
KCF,1,90,5,500,2,0.058994,0.058416,0.000335
KCA,1,90,7,500,2,0.051066,0.05043,0.000332
KCF,1,90,7,500,2,0.053413,0.052795,0.000315
KCA,1,90,9,500,2,0.043795,0.043142,0.000348
KCF,1,90,9,500,2,0.044128,0.043456,0.000316
KCA,21,90,1,500,1,0.165022,0.148783,0.008987
KCF,21,90,1,500,1,0.163261,0.147886,0.00835
KCA,21,90,3,500,1,0.169889,0.154184,0.008575
KCF,21,90,3,500,1,0.15807,0.142308,0.008664
KCA,21,90,5,500,1,0.167695,0.152749,0.007732
KCF,21,90,5,500,1,0.162603,0.146472,0.008736
KCA,21,90,7,500,1,0.167936,0.152728,0.00781
KCF,21,90,7,500,1,0.162846,0.147835,0.007879
KCA,21,90,9,500,1,0.171022,0.154918,0.008862
KCF,21,90,9,500,1,0.159526,0.144298,0.007891
KCA,41,90,1,500,1,0.445085,0.392751,0.027199
KCF,41,90,1,500,1,0.439608,0.385768,0.02824
KCA,41,90,3,500,1,0.455137,0.401249,0.028812
KCF,41,90,3,500,1,0.446026,0.392285,0.027924
KCA,41,90,5,500,1,0.451711,0.398546,0.028217
KCF,41,90,5,500,1,0.44097,0.388911,0.027179
KCA,41,90,7,500,1,0.452685,0.399544,0.027597
KCF,41,90,7,500,1,0.441365,0.388006,0.027952
KCA,41,90,9,500,1,0.456109,0.402493,0.028483
KCF,41,90,9,500,1,0.445553,0.390968,0.028613
KCA,61,90,1,500,1,0.756937,0.64888,0.056606
KCF,61,90,1,500,1,0.740386,0.631821,0.05642
KCA,61,90,3,500,1,0.755191,0.647798,0.055924
KCF,61,90,3,500,1,0.749357,0.64419,0.055692
KCA,61,90,5,500,1,0.761044,0.6541,0.055468
KCF,61,90,5,500,1,0.73781,0.630209,0.055539
KCA,61,90,7,500,1,0.762913,0.656808,0.055753
KCF,61,90,7,500,1,0.765091,0.658761,0.055266
KCA,61,90,9,500,1,0.89071,0.782211,0.057767
KCF,61,90,9,500,1,1.0321,0.902318,0.074302
KCA,81,90,1,500,1,1.11923,0.938279,0.094311
KCF,81,90,1,500,1,1.2538,1.02623,0.138227
KCA,81,90,3,500,1,1.12977,0.948996,0.093683
KCF,81,90,3,500,1,1.18951,1.00818,0.09432
KCA,81,90,5,500,1,1.1235,0.940307,0.094764
KCF,81,90,5,500,1,1.1992,1.01528,0.095149
KCA,81,90,7,500,1,1.54073,1.26372,0.12759
KCF,81,90,7,500,1,1.74374,1.52402,0.101496
KCA,81,90,9,500,1,1.11943,0.937282,0.093697
KCF,81,90,9,500,1,1.16592,0.986191,0.093494
KCA,101,90,1,500,1,1.5948,1.31523,0.144089
KCF,101,90,1,500,1,1.51402,1.23094,0.145364
KCA,101,90,3,500,1,1.58021,1.30443,0.141285
KCF,101,90,3,500,1,1.50792,1.23543,0.140901
KCA,101,90,5,500,1,1.57572,1.3008,0.141546
KCF,101,90,5,500,1,1.4913,1.21717,0.141159
KCA,101,90,7,500,1,1.57885,1.30258,0.140806
KCF,101,90,7,500,1,1.48696,1.21431,0.140681
KCA,101,90,9,500,1,1.57875,1.29794,0.144395
KCF,101,90,9,500,1,1.49613,1.21443,0.146042
KCA,1,90,1,500,1,0.027733,0.027312,0.000229
KCF,1,90,1,500,1,0.030711,0.030369,0.000187
KCA,1,90,3,500,1,0.028113,0.027724,0.000243
KCF,1,90,3,500,1,0.028751,0.028343,0.00026
KCA,1,90,5,500,1,0.028309,0.027979,0.000179
KCF,1,90,5,500,1,0.028636,0.028212,0.000206
KCA,1,90,7,500,1,0.027987,0.027684,0.000171
KCF,1,90,7,500,1,0.02893,0.028542,0.000188
KCA,1,90,9,500,1,0.029512,0.02909,0.000212
KCF,1,90,9,500,1,0.028817,0.028468,0.00021
KCA,21,90,1,500,1,0.334364,0.307289,0.013927
KCF,21,90,1,500,1,0.269803,0.252828,0.008879
KCA,21,90,3,500,1,0.191546,0.176134,0.008444
KCF,21,90,3,500,1,0.175839,0.161178,0.007925
KCA,21,90,5,500,1,0.187132,0.172327,0.008108
KCF,21,90,5,500,1,0.178381,0.162761,0.008642
KCA,21,90,7,500,1,0.191771,0.177182,0.007762
KCF,21,90,7,500,1,0.182573,0.167576,0.007688
KCA,21,90,9,500,1,0.184014,0.170041,0.007058
KCF,21,90,9,500,1,0.175923,0.161848,0.007363
KCA,41,90,1,500,1,0.569403,0.518297,0.02753
KCF,41,90,1,500,1,0.469239,0.418372,0.025684
KCA,41,90,3,500,1,0.583487,0.531569,0.027424
KCF,41,90,3,500,1,0.49167,0.438315,0.028193
KCA,41,90,5,500,1,0.548587,0.498095,0.0263
KCF,41,90,5,500,1,0.46889,0.417248,0.026562
KCA,41,90,7,500,1,0.577954,0.528133,0.026261
KCF,41,90,7,500,1,0.47384,0.422095,0.026904
KCA,41,90,9,500,1,0.564169,0.514803,0.02578
KCF,41,90,9,500,1,0.470248,0.420077,0.025678
KCA,61,90,1,500,1,1.29514,1.19016,0.054974
KCF,61,90,1,500,1,1.1575,1.05163,0.054334
KCA,61,90,3,500,1,1.30991,1.2062,0.053764
KCF,61,90,3,500,1,1.18399,1.07881,0.055209
KCA,61,90,5,500,1,1.31021,1.20693,0.053614
KCF,61,90,5,500,1,1.18148,1.07719,0.053885
KCA,61,90,7,500,1,1.29235,1.1876,0.053977
KCF,61,90,7,500,1,1.18717,1.08311,0.053194
KCA,61,90,9,500,1,1.29862,1.19375,0.054234
KCF,61,90,9,500,1,1.15519,1.05031,0.054271
KCA,81,90,1,500,1,2.53504,2.35687,0.092656
KCF,81,90,1,500,1,2.07545,1.8955,0.092627
KCA,81,90,3,500,1,2.67107,2.48996,0.09381
KCF,81,90,3,500,1,2.48422,2.30304,0.094428
KCA,81,90,5,500,1,2.68539,2.506,0.093502
KCF,81,90,5,500,1,2.08731,1.90657,0.093376
KCA,81,90,7,500,1,2.84748,2.66945,0.09196
KCF,81,90,7,500,1,2.11895,1.94079,0.091781
KCA,81,90,9,500,1,2.55218,2.37579,0.090955
KCF,81,90,9,500,1,2.0619,1.88425,0.092357
KCA,101,90,1,500,1,3.25588,2.98229,0.14142
KCF,101,90,1,500,1,2.51538,2.24105,0.142435
KCA,101,90,3,500,1,3.11598,2.84896,0.137435
KCF,101,90,3,500,1,2.5001,2.23199,0.138777
KCA,101,90,5,500,1,3.09848,2.8303,0.138773
KCF,101,90,5,500,1,2.51218,2.24144,0.14033
KCA,101,90,7,500,1,3.11641,2.84254,0.139557
KCF,101,90,7,500,1,2.48233,2.21417,0.138625
KCA,101,90,9,500,1,3.21016,2.94328,0.137595
KCF,101,90,9,500,1,2.47983,2.21076,0.139546
KCA,1,90,1,500,1,0.032471,0.032156,0.000175
KCF,1,90,1,500,1,0.03349,0.033173,0.000172
KCA,1,90,3,500,1,0.037598,0.037277,0.000179
KCF,1,90,3,500,1,0.032876,0.032501,0.000195
KCA,1,90,5,500,1,0.114982,0.112904,0.000347
KCF,1,90,5,500,1,0.068057,0.066433,0.000288
KCA,1,90,7,500,1,0.034242,0.033872,0.00023
KCF,1,90,7,500,1,0.032953,0.032464,0.000285
KCA,1,90,9,500,1,0.03237,0.032057,0.000176
KCF,1,90,9,500,1,0.037787,0.037353,0.000242
KCA,21,90,1,500,1,0.205351,0.191471,0.00747
KCF,21,90,1,500,1,0.190878,0.176754,0.007502
KCA,21,90,3,500,1,0.211647,0.196642,0.008363
KCF,21,90,3,500,1,0.196478,0.181629,0.008042
KCA,21,90,5,500,1,0.20848,0.194006,0.007846
KCF,21,90,5,500,1,0.192654,0.177656,0.008113
KCA,21,90,7,500,1,0.207914,0.192921,0.007947
KCF,21,90,7,500,1,0.196544,0.181801,0.008055
KCA,21,90,9,500,1,0.200172,0.185717,0.007595
KCF,21,90,9,500,1,0.192536,0.178465,0.007399
KCA,41,90,1,500,1,0.750222,0.701836,0.02506
KCF,41,90,1,500,1,0.76108,0.711996,0.02574
KCA,41,90,3,500,1,0.757625,0.707627,0.026174
KCF,41,90,3,500,1,0.79366,0.743158,0.025439
KCA,41,90,5,500,1,0.763409,0.715094,0.025147
KCF,41,90,5,500,1,0.804299,0.753637,0.026542
KCA,41,90,7,500,1,0.756416,0.705418,0.02708
KCF,41,90,7,500,1,0.792683,0.742193,0.025955
KCA,41,90,9,500,1,0.7646,0.714692,0.025953
KCF,41,90,9,500,1,0.794982,0.744931,0.026086
KCA,61,90,1,500,1,1.71879,1.61237,0.055595
KCF,61,90,1,500,1,1.17657,1.06988,0.054297
KCA,61,90,3,500,1,1.70971,1.60452,0.05432
KCF,61,90,3,500,1,1.17836,1.07203,0.055368
KCA,61,90,5,500,1,1.72742,1.62318,0.054114
KCF,61,90,5,500,1,1.18038,1.07487,0.054409
KCA,61,90,7,500,1,1.71123,1.60679,0.054369
KCF,61,90,7,500,1,1.1814,1.07686,0.054106
KCA,61,90,9,500,1,1.66017,1.55473,0.053807
KCF,61,90,9,500,1,1.24426,1.11773,0.05383
KCA,81,90,1,500,1,2.91975,2.74076,0.092553
KCF,81,90,1,500,1,2.75164,2.57518,0.09097
KCA,81,90,3,500,1,3.29139,3.03145,0.118556
KCF,81,90,3,500,1,2.74657,2.56926,0.09212
KCA,81,90,5,500,1,2.94581,2.76544,0.093501
KCF,81,90,5,500,1,2.70864,2.5277,0.09386
KCA,81,90,7,500,1,2.76777,2.59144,0.092571
KCF,81,90,7,500,1,2.67626,2.49711,0.092753
KCA,81,90,9,500,1,2.95323,2.77456,0.092969
KCF,81,90,9,500,1,2.71741,2.54247,0.090429
KCA,101,90,1,500,1,5.10652,4.83449,0.141108
KCF,101,90,1,500,1,2.80308,2.53545,0.137659
KCA,101,90,3,500,1,5.20668,4.93605,0.140339
KCF,101,90,3,500,1,2.93894,2.66436,0.142671
KCA,101,90,5,500,1,5.20551,4.93733,0.139576
KCF,101,90,5,500,1,2.87476,2.60171,0.139803
KCA,101,90,7,500,1,5.17663,4.90919,0.139103
KCF,101,90,7,500,1,2.95587,2.6875,0.138351
KCA,101,90,9,500,1,5.98163,5.70868,0.142574
KCF,101,90,9,500,1,3.33014,3.00299,0.144298
KCA,1,90,1,500,1,0.020464,0.020049,0.000222
KCF,1,90,1,500,1,0.020679,0.020274,0.000211
KCA,1,90,3,500,1,0.020656,0.020287,0.000215
KCF,1,90,3,500,1,0.02052,0.020224,0.000157
KCA,1,90,5,500,1,0.02026,0.0199,0.000218
KCF,1,90,5,500,1,0.020995,0.020617,0.000225
KCA,1,90,7,500,1,0.020266,0.019959,0.000177
KCF,1,90,7,500,1,0.022593,0.022174,0.000248
KCA,1,90,9,500,1,0.035935,0.035585,0.000211
KCF,1,90,9,500,1,0.019945,0.019651,0.000162
KCA,21,90,1,500,1,0.222146,0.207113,0.007917
KCF,21,90,1,500,1,0.192566,0.178402,0.007497
KCA,21,90,3,500,1,0.225099,0.209934,0.008207
KCF,21,90,3,500,1,0.187167,0.173081,0.007312
KCA,21,90,5,500,1,0.225911,0.210735,0.007577
KCF,21,90,5,500,1,0.197239,0.182178,0.00793
KCA,21,90,7,500,1,0.221275,0.205928,0.007691
KCF,21,90,7,500,1,0.188134,0.173437,0.007423
KCA,21,90,9,500,1,0.223097,0.208387,0.007906
KCF,21,90,9,500,1,0.187059,0.171832,0.008143
KCA,41,90,1,500,1,0.799878,0.750883,0.025671
KCF,41,90,1,500,1,0.582558,0.53345,0.025525
KCA,41,90,3,500,1,0.810916,0.760898,0.026286
KCF,41,90,3,500,1,0.585896,0.534907,0.026643
KCA,41,90,5,500,1,0.802786,0.752969,0.026355
KCF,41,90,5,500,1,0.587287,0.53668,0.025927
KCA,41,90,7,500,1,0.87035,0.820082,0.026452
KCF,41,90,7,500,1,0.636262,0.585846,0.026473
KCA,41,90,9,500,1,0.798138,0.749408,0.025544
KCF,41,90,9,500,1,0.582256,0.532815,0.026041
KCA,61,90,1,500,1,1.52405,1.42113,0.053081
KCF,61,90,1,500,1,1.47554,1.37238,0.053425
KCA,61,90,3,500,1,1.59395,1.48919,0.054736
KCF,61,90,3,500,1,1.49827,1.39224,0.054383
KCA,61,90,5,500,1,1.60887,1.50448,0.054369
KCF,61,90,5,500,1,1.45646,1.3493,0.058104
KCA,61,90,7,500,1,1.60264,1.49717,0.054549
KCF,61,90,7,500,1,1.47363,1.36804,0.054805
KCA,61,90,9,500,1,1.60409,1.50087,0.053306
KCF,61,90,9,500,1,1.43104,1.32708,0.055054
KCA,81,90,1,500,1,2.51262,2.33742,0.091466
KCF,81,90,1,500,1,2.79211,2.61663,0.090468
KCA,81,90,3,500,1,2.9244,2.74104,0.099061
KCF,81,90,3,500,1,3.26347,3.07265,0.101418
KCA,81,90,5,500,1,2.52234,2.34516,0.092608
KCF,81,90,5,500,1,2.79385,2.61218,0.095114
KCA,81,90,7,500,1,2.52381,2.34465,0.093619
KCF,81,90,7,500,1,2.81259,2.63078,0.094538
KCA,81,90,9,500,1,2.50237,2.32495,0.092312
KCF,81,90,9,500,1,2.87364,2.69429,0.093168
KCA,101,90,1,500,1,4.85725,4.59196,0.137136
KCF,101,90,1,500,1,3.98703,3.71913,0.138228
KCA,101,90,3,500,1,4.83278,4.56214,0.140155
KCF,101,90,3,500,1,3.98922,3.71828,0.139637
KCA,101,90,5,500,1,4.81689,4.55136,0.136953
KCF,101,90,5,500,1,3.96049,3.69544,0.137158
KCA,101,90,7,500,1,4.7466,4.48181,0.136513
KCF,101,90,7,500,1,3.96134,3.69716,0.136725
KCA,101,90,9,500,1,4.80289,4.53882,0.136875
KCF,101,90,9,500,1,3.93537,3.66781,0.138669
KCA,1,90,1,500,1,0.032358,0.031999,0.000213
KCF,1,90,1,500,1,0.035027,0.034703,0.000181
KCA,1,90,3,500,1,0.031763,0.031423,0.000207
KCF,1,90,3,500,1,0.033475,0.033155,0.000173
KCA,1,90,5,500,1,0.031795,0.031404,0.000204
KCF,1,90,5,500,1,0.03386,0.033455,0.000241
KCA,1,90,7,500,1,0.03755,0.037231,0.000189
KCF,1,90,7,500,1,0.040236,0.039918,0.000167
KCA,1,90,9,500,1,0.032507,0.032206,0.000169
KCF,1,90,9,500,1,0.032486,0.032141,0.000201
KCA,21,90,1,500,1,0.290263,0.272792,0.009935
KCF,21,90,1,500,1,0.287138,0.266097,0.009551
KCA,21,90,3,500,1,0.193835,0.178336,0.007951
KCF,21,90,3,500,1,0.185601,0.170169,0.008393
KCA,21,90,5,500,1,0.192756,0.176313,0.00794
KCF,21,90,5,500,1,0.191428,0.176386,0.007648
KCA,21,90,7,500,1,0.192342,0.177083,0.008043
KCF,21,90,7,500,1,0.18248,0.16729,0.00791
KCA,21,90,9,500,1,0.192184,0.175829,0.008702
KCF,21,90,9,500,1,0.187054,0.172062,0.007851
KCA,41,90,1,500,1,0.472289,0.419067,0.027665
KCF,41,90,1,500,1,0.444761,0.391678,0.028058
KCA,41,90,3,500,1,0.475336,0.421946,0.028154
KCF,41,90,3,500,1,0.441855,0.389636,0.027009
KCA,41,90,5,500,1,0.473827,0.420149,0.027732
KCF,41,90,5,500,1,0.452373,0.399851,0.027254
KCA,41,90,7,500,1,0.468958,0.415527,0.027698
KCF,41,90,7,500,1,0.443024,0.39171,0.026652
KCA,41,90,9,500,1,0.468624,0.414765,0.028618
KCF,41,90,9,500,1,0.441129,0.38674,0.028247
KCA,61,90,1,500,1,0.825325,0.712999,0.058617
KCF,61,90,1,500,1,0.774536,0.665758,0.056848
KCA,61,90,3,500,1,0.824846,0.714115,0.057662
KCF,61,90,3,500,1,0.77495,0.667175,0.056002
KCA,61,90,5,500,1,0.848205,0.739118,0.056993
KCF,61,90,5,500,1,0.775285,0.668824,0.05604
KCA,61,90,7,500,1,0.827541,0.716709,0.057993
KCF,61,90,7,500,1,0.774394,0.667871,0.055349
KCA,61,90,9,500,1,0.824009,0.714426,0.057416
KCF,61,90,9,500,1,0.777789,0.671344,0.056201
KCA,81,90,1,500,1,1.46437,1.27982,0.096224
KCF,81,90,1,500,1,1.45932,1.27719,0.095248
KCA,81,90,3,500,1,1.49841,1.31486,0.095408
KCF,81,90,3,500,1,1.51706,1.3361,0.094625
KCA,81,90,5,500,1,1.44714,1.26189,0.096929
KCF,81,90,5,500,1,1.45785,1.27572,0.095122
KCA,81,90,7,500,1,1.51585,1.33114,0.09636
KCF,81,90,7,500,1,1.50446,1.32332,0.095248
KCA,81,90,9,500,1,1.5406,1.33971,0.097018
KCF,81,90,9,500,1,1.48396,1.30401,0.094043
KCA,101,90,1,500,1,2.89618,2.6229,0.142473
KCF,101,90,1,500,1,2.63697,2.36554,0.141544
KCA,101,90,3,500,1,2.78616,2.51047,0.143423
KCF,101,90,3,500,1,2.62668,2.3512,0.143064
KCA,101,90,5,500,1,3.66404,3.37371,0.147332
KCF,101,90,5,500,1,2.83509,2.55787,0.143689
KCA,101,90,7,500,1,2.86915,2.59244,0.145295
KCF,101,90,7,500,1,2.58874,2.31705,0.141532
KCA,101,90,9,500,1,2.75765,2.47922,0.144987
KCF,101,90,9,500,1,2.60219,2.33192,0.141543
KCA,1,90,1,500,2,0.04699,0.046231,0.000381
KCF,1,90,1,500,2,0.042242,0.041597,0.000349
KCA,1,90,3,500,2,0.044119,0.043421,0.000374
KCF,1,90,3,500,2,0.042179,0.041618,0.00031
KCA,1,90,5,500,2,0.041358,0.040782,0.000331
KCF,1,90,5,500,2,0.041797,0.041225,0.000316
KCA,1,90,7,500,2,0.060485,0.059822,0.000377
KCF,1,90,7,500,2,0.050394,0.049745,0.000357
KCA,1,90,9,500,2,0.046125,0.045494,0.000329
KCF,1,90,9,500,2,0.044078,0.043466,0.000314
KCA,21,90,1,500,1,0.16865,0.153825,0.007384
KCF,21,90,1,500,1,0.16301,0.148465,0.007951
KCA,21,90,3,500,1,0.169243,0.153862,0.008243
KCF,21,90,3,500,1,0.161103,0.145592,0.008749
KCA,21,90,5,500,1,0.173437,0.158906,0.007575
KCF,21,90,5,500,1,0.16456,0.149729,0.007946
KCA,21,90,7,500,1,0.169472,0.154417,0.008379
KCF,21,90,7,500,1,0.162838,0.148464,0.00805
KCA,21,90,9,500,1,0.21804,0.199748,0.011035
KCF,21,90,9,500,1,0.436719,0.409295,0.014497
KCA,41,90,1,500,1,0.442034,0.389202,0.02775
KCF,41,90,1,500,1,0.497433,0.444892,0.026902
KCA,41,90,3,500,1,0.442719,0.391852,0.027383
KCF,41,90,3,500,1,0.495244,0.442829,0.027217
KCA,41,90,5,500,1,0.443766,0.391584,0.027471
KCF,41,90,5,500,1,0.499653,0.445846,0.027044
KCA,41,90,7,500,1,0.436107,0.385156,0.027262
KCF,41,90,7,500,1,0.485876,0.436102,0.025949
KCA,41,90,9,500,1,0.44012,0.390422,0.025686
KCF,41,90,9,500,1,0.485333,0.435916,0.025135
KCA,61,90,1,500,1,1.09199,0.988208,0.053295
KCF,61,90,1,500,1,0.997112,0.891901,0.055643
KCA,61,90,3,500,1,1.07955,0.976371,0.053489
KCF,61,90,3,500,1,0.986707,0.881967,0.054243
KCA,61,90,5,500,1,1.09698,0.993587,0.053469
KCF,61,90,5,500,1,0.993082,0.889822,0.053489
KCA,61,90,7,500,1,1.09518,0.992285,0.053858
KCF,61,90,7,500,1,0.984116,0.879638,0.053925
KCA,61,90,9,500,1,1.1012,0.995687,0.05379
KCF,61,90,9,500,1,0.974181,0.871204,0.053459
KCA,81,90,1,500,1,1.2012,1.02503,0.091605
KCF,81,90,1,500,1,1.58732,1.40781,0.092323
KCA,81,90,3,500,1,1.21034,1.03059,0.093258
KCF,81,90,3,500,1,1.58643,1.40823,0.091446
KCA,81,90,5,500,1,1.20332,1.02591,0.091372
KCF,81,90,5,500,1,1.58799,1.41175,0.091534
KCA,81,90,7,500,1,1.16046,0.983162,0.092096
KCF,81,90,7,500,1,1.57905,1.40186,0.091904
KCA,81,90,9,500,1,1.20746,1.03135,0.090436
KCF,81,90,9,500,1,1.5775,1.4018,0.092113
KCA,101,90,1,500,1,2.07425,1.80176,0.140733
KCF,101,90,1,500,1,1.8476,1.57625,0.14062
KCA,101,90,3,500,1,2.10332,1.83361,0.138592
KCF,101,90,3,500,1,1.83892,1.57258,0.137694
KCA,101,90,5,500,1,1.98228,1.71341,0.138185
KCF,101,90,5,500,1,1.84228,1.57614,0.137617
KCA,101,90,7,500,1,1.96386,1.69771,0.138082
KCF,101,90,7,500,1,1.8301,1.56057,0.138788
KCA,101,90,9,500,1,2.07682,1.80397,0.142036
KCF,101,90,9,500,1,1.86019,1.5835,0.144325
KCA,1,90,1,500,2,0.048374,0.047841,0.000268
KCF,1,90,1,500,2,0.046937,0.046321,0.00032
KCA,1,90,3,500,2,0.046871,0.046329,0.000305
KCF,1,90,3,500,2,0.050049,0.04946,0.000301
KCA,1,90,5,500,2,0.04913,0.048501,0.000316
KCF,1,90,5,500,2,0.049199,0.04862,0.000334
KCA,1,90,7,500,2,0.049641,0.049048,0.000335
KCF,1,90,7,500,2,0.046893,0.046286,0.000344
KCA,1,90,9,500,2,0.054862,0.0542,0.000355
KCF,1,90,9,500,2,0.048824,0.048146,0.000353
KCA,21,90,1,500,1,0.1369,0.121003,0.008374
KCF,21,90,1,500,1,0.131921,0.116625,0.008329
KCA,21,90,3,500,1,0.137267,0.122557,0.007666
KCF,21,90,3,500,1,0.129738,0.11501,0.007844
KCA,21,90,5,500,1,0.133417,0.117581,0.008383
KCF,21,90,5,500,1,0.132226,0.116866,0.008478
KCA,21,90,7,500,1,0.137042,0.120355,0.009101
KCF,21,90,7,500,1,0.128644,0.113811,0.007706
KCA,21,90,9,500,1,0.139787,0.123939,0.008679
KCF,21,90,9,500,1,0.133406,0.117973,0.008478
KCA,41,90,1,500,1,0.334594,0.280265,0.028777
KCF,41,90,1,500,1,0.329941,0.278405,0.02714
KCA,41,90,3,500,1,0.338264,0.282362,0.02786
KCF,41,90,3,500,1,0.321323,0.267985,0.02793
KCA,41,90,5,500,1,0.339549,0.28501,0.029349
KCF,41,90,5,500,1,0.31819,0.265573,0.027498
KCA,41,90,7,500,1,0.52579,0.453041,0.041989
KCF,41,90,7,500,1,0.369307,0.308765,0.029108
KCA,41,90,9,500,1,0.33557,0.283218,0.027197
KCF,41,90,9,500,1,0.314406,0.262469,0.026903
KCA,61,90,1,500,1,0.691618,0.581861,0.05766
KCF,61,90,1,500,1,0.621485,0.513651,0.05701
KCA,61,90,3,500,1,0.679644,0.567049,0.057706
KCF,61,90,3,500,1,0.629421,0.523186,0.055678
KCA,61,90,5,500,1,0.695698,0.585479,0.05741
KCF,61,90,5,500,1,0.629827,0.522355,0.056724
KCA,61,90,7,500,1,0.675762,0.564865,0.05755
KCF,61,90,7,500,1,0.630381,0.524577,0.055079
KCA,61,90,9,500,1,0.768146,0.63298,0.083264
KCF,61,90,9,500,1,0.669333,0.551447,0.057428
KCA,81,90,1,500,1,1.14293,0.957658,0.096417
KCF,81,90,1,500,1,1.08836,0.910624,0.092026
KCA,81,90,3,500,1,1.1562,0.972362,0.094762
KCF,81,90,3,500,1,1.1447,0.963628,0.093543
KCA,81,90,5,500,1,1.16067,0.976959,0.095788
KCF,81,90,5,500,1,1.12351,0.944657,0.094052
KCA,81,90,7,500,1,1.17034,0.983336,0.097672
KCF,81,90,7,500,1,1.14157,0.958922,0.094838
KCA,81,90,9,500,1,1.57441,1.34885,0.105452
KCF,81,90,9,500,1,1.19511,1.00377,0.098189
KCA,101,90,1,500,1,2.10279,1.82608,0.144269
KCF,101,90,1,500,1,2.17595,1.90309,0.143388
KCA,101,90,3,500,1,2.12641,1.85224,0.143515
KCF,101,90,3,500,1,1.92609,1.65393,0.141929
KCA,101,90,5,500,1,2.10702,1.8298,0.143814
KCF,101,90,5,500,1,2.04087,1.76463,0.142477
KCA,101,90,7,500,1,2.04221,1.76426,0.14291
KCF,101,90,7,500,1,1.91665,1.64496,0.141335
KCA,101,90,9,500,1,2.19075,1.91472,0.143343
KCF,101,90,9,500,1,2.01037,1.7399,0.140041
KCA,1,90,1,500,1,0.03319,0.032852,0.000203
KCF,1,90,1,500,1,0.03388,0.033529,0.000218
KCA,1,90,3,500,1,0.033312,0.032985,0.000172
KCF,1,90,3,500,1,0.033952,0.033633,0.000176
KCA,1,90,5,500,1,0.034588,0.034234,0.000215
KCF,1,90,5,500,1,0.039681,0.039309,0.000221
KCA,1,90,7,500,1,0.032997,0.032657,0.000191
KCF,1,90,7,500,1,0.034255,0.033933,0.000166
KCA,1,90,9,500,1,0.035699,0.035313,0.000219
KCF,1,90,9,500,1,0.035611,0.035237,0.000223
KCA,21,90,1,500,1,0.166775,0.151429,0.007739
KCF,21,90,1,500,1,0.181173,0.165631,0.00872
KCA,21,90,3,500,1,0.166589,0.150981,0.008391
KCF,21,90,3,500,1,0.17446,0.158603,0.008567
KCA,21,90,5,500,1,0.167167,0.15087,0.008578
KCF,21,90,5,500,1,0.185026,0.169875,0.008315
KCA,21,90,7,500,1,0.166482,0.151845,0.007541
KCF,21,90,7,500,1,0.176721,0.161975,0.007726
KCA,21,90,9,500,1,0.165933,0.151085,0.007843
KCF,21,90,9,500,1,0.185096,0.169296,0.008548
KCA,41,90,1,500,1,0.394315,0.341237,0.027703
KCF,41,90,1,500,1,0.408711,0.356061,0.028065
KCA,41,90,3,500,1,0.39403,0.340763,0.027872
KCF,41,90,3,500,1,0.409731,0.357283,0.027353
KCA,41,90,5,500,1,0.396409,0.341475,0.029018
KCF,41,90,5,500,1,0.410365,0.357865,0.027549
KCA,41,90,7,500,1,0.411782,0.358793,0.027655
KCF,41,90,7,500,1,0.417411,0.364103,0.027903
KCA,41,90,9,500,1,0.394393,0.341331,0.027908
KCF,41,90,9,500,1,0.398048,0.346151,0.027547
KCA,61,90,1,500,1,0.94529,0.835165,0.057659
KCF,61,90,1,500,1,0.804642,0.69415,0.05886
KCA,61,90,3,500,1,0.93265,0.823496,0.057741
KCF,61,90,3,500,1,0.803752,0.694352,0.057254
KCA,61,90,5,500,1,0.934648,0.823763,0.057592
KCF,61,90,5,500,1,0.809945,0.701783,0.056645
KCA,61,90,7,500,1,0.9703,0.85779,0.059882
KCF,61,90,7,500,1,0.802919,0.696053,0.055981
KCA,61,90,9,500,1,0.942058,0.831332,0.057353
KCF,61,90,9,500,1,0.794087,0.686463,0.05699
KCA,81,90,1,500,1,1.36195,1.17532,0.097335
KCF,81,90,1,500,1,1.25847,1.05348,0.119014
KCA,81,90,3,500,1,1.45208,1.26403,0.099067
KCF,81,90,3,500,1,1.27636,1.09538,0.094645
KCA,81,90,5,500,1,1.3572,1.1712,0.097797
KCF,81,90,5,500,1,1.22567,1.04228,0.09552
KCA,81,90,7,500,1,1.37127,1.18454,0.098348
KCF,81,90,7,500,1,1.24244,1.05847,0.09534
KCA,81,90,9,500,1,1.44772,1.25159,0.106319
KCF,81,90,9,500,1,1.22164,1.03913,0.096209
KCA,101,90,1,500,1,1.84835,1.56705,0.149582
KCF,101,90,1,500,1,2.28718,1.96495,0.17897
KCA,101,90,3,500,1,1.75994,1.48385,0.143123
KCF,101,90,3,500,1,1.69079,1.41874,0.142727
KCA,101,90,5,500,1,1.71903,1.44431,0.143181
KCF,101,90,5,500,1,1.73233,1.46052,0.141514
KCA,101,90,7,500,1,1.69514,1.42012,0.142512
KCF,101,90,7,500,1,1.72983,1.45784,0.142801
KCA,101,90,9,500,1,1.7508,1.46948,0.145183
KCF,101,90,9,500,1,1.75969,1.48421,0.141713
KCA,1,90,1,500,1,0.029556,0.029227,0.000179
KCF,1,90,1,500,1,0.032986,0.032679,0.000171
KCA,1,90,3,500,1,0.045164,0.044627,0.000314
KCF,1,90,3,500,1,0.05916,0.058605,0.000308
KCA,1,90,5,500,1,0.030006,0.029692,0.000177
KCF,1,90,5,500,1,0.030073,0.02966,0.000215
KCA,1,90,7,500,1,0.029137,0.028711,0.000233
KCF,1,90,7,500,1,0.032782,0.032417,0.000194
KCA,1,90,9,500,1,0.034695,0.034309,0.000225
KCF,1,90,9,500,1,0.030156,0.029791,0.000229
KCA,21,90,1,500,1,0.161258,0.146373,0.007182
KCF,21,90,1,500,1,0.162894,0.148337,0.007656
KCA,21,90,3,500,1,0.20866,0.192512,0.008714
KCF,21,90,3,500,1,0.1648,0.148998,0.008927
KCA,21,90,5,500,1,0.168439,0.153766,0.00772
KCF,21,90,5,500,1,0.162549,0.147895,0.00756
KCA,21,90,7,500,1,0.17548,0.159337,0.008757
KCF,21,90,7,500,1,0.162655,0.147407,0.008158
KCA,21,90,9,500,1,0.166645,0.15154,0.007845
KCF,21,90,9,500,1,0.162235,0.146707,0.008742
KCA,41,90,1,500,1,0.423104,0.371593,0.026643
KCF,41,90,1,500,1,0.419454,0.367923,0.02719
KCA,41,90,3,500,1,0.452804,0.399952,0.028025
KCF,41,90,3,500,1,0.416329,0.363959,0.027694
KCA,41,90,5,500,1,0.420966,0.370622,0.026574
KCF,41,90,5,500,1,0.416201,0.36552,0.026209
KCA,41,90,7,500,1,0.429145,0.378131,0.026619
KCF,41,90,7,500,1,0.41884,0.367877,0.02699
KCA,41,90,9,500,1,0.424494,0.374312,0.026272
KCF,41,90,9,500,1,0.423678,0.373808,0.02577
KCA,61,90,1,500,1,1.10396,0.996538,0.055819
KCF,61,90,1,500,1,0.974111,0.866934,0.056644
KCA,61,90,3,500,1,1.11379,1.00551,0.057184
KCF,61,90,3,500,1,0.975022,0.86765,0.056563
KCA,61,90,5,500,1,1.11261,1.0048,0.056652
KCF,61,90,5,500,1,0.974586,0.867688,0.056527
KCA,61,90,7,500,1,1.1121,1.00262,0.057752
KCF,61,90,7,500,1,0.986482,0.879071,0.056476
KCA,61,90,9,500,1,1.09461,0.989161,0.055515
KCF,61,90,9,500,1,0.989271,0.88165,0.056487
KCA,81,90,1,500,1,1.54453,1.36539,0.093641
KCF,81,90,1,500,1,1.72815,1.54833,0.092014
KCA,81,90,3,500,1,1.57102,1.39251,0.092219
KCF,81,90,3,500,1,1.72475,1.54563,0.093867
KCA,81,90,5,500,1,1.57806,1.40012,0.092582
KCF,81,90,5,500,1,1.71824,1.5424,0.091364
KCA,81,90,7,500,1,1.57379,1.392,0.094087
KCF,81,90,7,500,1,1.7004,1.51839,0.094033
KCA,81,90,9,500,1,1.57881,1.40154,0.091352
KCF,81,90,9,500,1,1.70345,1.5254,0.09281
KCA,101,90,1,500,1,3.23653,2.95988,0.143497
KCF,101,90,1,500,1,3.08023,2.73216,0.177484
KCA,101,90,3,500,1,2.64114,2.37443,0.136822
KCF,101,90,3,500,1,2.68087,2.41479,0.137563
KCA,101,90,5,500,1,2.64869,2.3808,0.137512
KCF,101,90,5,500,1,2.67298,2.40728,0.136883
KCA,101,90,7,500,1,2.77269,2.50334,0.139526
KCF,101,90,7,500,1,2.70968,2.43894,0.13973
KCA,101,90,9,500,1,2.56778,2.29947,0.139265
KCF,101,90,9,500,1,2.74342,2.46932,0.142198
KCA,1,90,1,500,1,0.031857,0.031426,0.000256
KCF,1,90,1,500,1,0.034213,0.033778,0.000233
KCA,1,90,3,500,1,0.03092,0.030535,0.0002
KCF,1,90,3,500,1,0.035278,0.034919,0.000209
KCA,1,90,5,500,1,0.030557,0.030225,0.000198
KCF,1,90,5,500,1,0.03105,0.030619,0.000229
KCA,1,90,7,500,1,0.031434,0.031135,0.000168
KCF,1,90,7,500,1,0.042545,0.042198,0.000212
KCA,1,90,9,500,1,0.030387,0.030037,0.000209
KCF,1,90,9,500,1,0.030976,0.030647,0.000181
KCA,21,90,1,500,1,0.169694,0.156388,0.006947
KCF,21,90,1,500,1,0.160897,0.146131,0.007803
KCA,21,90,3,500,1,0.17532,0.159172,0.008563
KCF,21,90,3,500,1,0.164804,0.149457,0.008485
KCA,21,90,5,500,1,0.174951,0.159753,0.007921
KCF,21,90,5,500,1,0.164904,0.149471,0.008588
KCA,21,90,7,500,1,0.176047,0.160768,0.007823
KCF,21,90,7,500,1,0.17943,0.165041,0.007494
KCA,21,90,9,500,1,0.174677,0.158805,0.008349
KCF,21,90,9,500,1,0.164533,0.148953,0.008517
KCA,41,90,1,500,1,0.438677,0.386827,0.026855
KCF,41,90,1,500,1,0.421899,0.370376,0.027158
KCA,41,90,3,500,1,0.420096,0.368589,0.02668
KCF,41,90,3,500,1,0.416747,0.365752,0.026579
KCA,41,90,5,500,1,0.446048,0.392168,0.028552
KCF,41,90,5,500,1,0.423532,0.370967,0.028014
KCA,41,90,7,500,1,0.444689,0.393049,0.026923
KCF,41,90,7,500,1,0.421826,0.370273,0.027215
KCA,41,90,9,500,1,0.433961,0.380861,0.028244
KCF,41,90,9,500,1,0.417619,0.365469,0.026628
KCA,61,90,1,500,1,1.1421,1.03289,0.058252
KCF,61,90,1,500,1,0.936609,0.828603,0.05633
KCA,61,90,3,500,1,1.1384,1.02863,0.058674
KCF,61,90,3,500,1,0.942732,0.8345,0.057556
KCA,61,90,5,500,1,1.10255,0.997111,0.054722
KCF,61,90,5,500,1,0.956365,0.851393,0.054699
KCA,61,90,7,500,1,1.11816,1.01348,0.053933
KCF,61,90,7,500,1,0.942903,0.838837,0.054275
KCA,61,90,9,500,1,1.09659,0.991778,0.055298
KCF,61,90,9,500,1,0.949509,0.844536,0.054802
KCA,81,90,1,500,1,2.11544,1.93306,0.094702
KCF,81,90,1,500,1,1.72566,1.54519,0.094585
KCA,81,90,3,500,1,2.10651,1.92278,0.095829
KCF,81,90,3,500,1,1.84824,1.66545,0.0959
KCA,81,90,5,500,1,2.05777,1.88054,0.091553
KCF,81,90,5,500,1,1.82014,1.64102,0.094327
KCA,81,90,7,500,1,2.46834,2.25715,0.101979
KCF,81,90,7,500,1,2.19757,2.00738,0.102104
KCA,81,90,9,500,1,2.17854,1.98452,0.10197
KCF,81,90,9,500,1,1.88616,1.69823,0.091768
KCA,101,90,1,500,1,2.42745,2.15655,0.139542
KCF,101,90,1,500,1,2.21462,1.94586,0.140023
KCA,101,90,3,500,1,2.3994,2.13276,0.137821
KCF,101,90,3,500,1,2.35521,2.08727,0.138305
KCA,101,90,5,500,1,2.704,2.4273,0.143768
KCF,101,90,5,500,1,2.38563,2.11185,0.141179
KCA,101,90,7,500,1,2.42335,2.15696,0.137973
KCF,101,90,7,500,1,2.36308,2.09288,0.139434
KCA,101,90,9,500,1,2.50383,2.23456,0.140009
KCF,101,90,9,500,1,2.35719,2.08405,0.141786
KCA,1,90,1,500,2,0.044057,0.043419,0.000342
KCF,1,90,1,500,2,0.044858,0.044187,0.000352
KCA,1,90,3,500,2,0.046121,0.045569,0.000301
KCF,1,90,3,500,2,0.044509,0.044006,0.000264
KCA,1,90,5,500,2,0.044847,0.044255,0.000313
KCF,1,90,5,500,2,0.044328,0.043746,0.000286
KCA,1,90,7,500,2,0.04408,0.043472,0.000362
KCF,1,90,7,500,2,0.043262,0.042723,0.00029
KCA,1,90,9,500,2,0.044058,0.043456,0.000303
KCF,1,90,9,500,2,0.050239,0.049644,0.000333
KCA,21,90,1,500,1,0.173614,0.157837,0.008541
KCF,21,90,1,500,1,0.164085,0.149608,0.007657
KCA,21,90,3,500,1,0.168555,0.152981,0.008337
KCF,21,90,3,500,1,0.165301,0.149894,0.008492
KCA,21,90,5,500,1,0.172449,0.15697,0.008122
KCF,21,90,5,500,1,0.165984,0.151016,0.008073
KCA,21,90,7,500,1,0.171256,0.156415,0.007798
KCF,21,90,7,500,1,0.167137,0.151865,0.008478
KCA,21,90,9,500,1,0.171253,0.156512,0.00756
KCF,21,90,9,500,1,0.170232,0.155435,0.007764
KCA,41,90,1,500,1,0.436319,0.383613,0.027227
KCF,41,90,1,500,1,0.449085,0.395896,0.027984
KCA,41,90,3,500,1,0.440512,0.387828,0.02781
KCF,41,90,3,500,1,0.451681,0.398689,0.028232
KCA,41,90,5,500,1,0.437127,0.385723,0.026541
KCF,41,90,5,500,1,0.448322,0.396372,0.027387
KCA,41,90,7,500,1,0.446258,0.392255,0.02888
KCF,41,90,7,500,1,0.445099,0.393309,0.02735
KCA,41,90,9,500,1,0.443679,0.390333,0.028261
KCF,41,90,9,500,1,0.45352,0.399445,0.028354
KCA,61,90,1,500,1,1.10768,0.997995,0.057561
KCF,61,90,1,500,1,0.922223,0.814521,0.057191
KCA,61,90,3,500,1,1.11929,1.01068,0.057039
KCF,61,90,3,500,1,0.921051,0.814809,0.055843
KCA,61,90,5,500,1,1.11595,1.00573,0.057101
KCF,61,90,5,500,1,0.867968,0.761082,0.056524
KCA,61,90,7,500,1,1.10404,0.999545,0.055123
KCF,61,90,7,500,1,0.925875,0.819257,0.0561
KCA,61,90,9,500,1,1.11982,1.00987,0.057256
KCF,61,90,9,500,1,0.922122,0.813738,0.056734
KCA,81,90,1,500,1,2.42112,2.22158,0.108269
KCF,81,90,1,500,1,1.88046,1.69648,0.095895
KCA,81,90,3,500,1,2.26492,2.08609,0.093732
KCF,81,90,3,500,1,1.84748,1.67043,0.09328
KCA,81,90,5,500,1,2.21589,2.03669,0.094303
KCF,81,90,5,500,1,1.86069,1.68135,0.093976
KCA,81,90,7,500,1,2.2448,2.06524,0.094459
KCF,81,90,7,500,1,1.87076,1.69126,0.093469
KCA,81,90,9,500,1,2.27224,2.09306,0.093909
KCF,81,90,9,500,1,1.88583,1.70562,0.095467
KCA,101,90,1,500,1,2.77516,2.47789,0.164488
KCF,101,90,1,500,1,3.36399,3.06589,0.152669
KCA,101,90,3,500,1,2.65009,2.38015,0.139087
KCF,101,90,3,500,1,2.74099,2.47437,0.13696
KCA,101,90,5,500,1,3.62633,3.3529,0.144663
KCF,101,90,5,500,1,3.09005,2.73375,0.209819
KCA,101,90,7,500,1,2.64883,2.38158,0.138026
KCF,101,90,7,500,1,2.57961,2.30732,0.14018
KCA,101,90,9,500,1,2.69065,2.30965,0.166116
KCF,101,90,9,500,1,2.73565,2.4685,0.138367
KCA,1,90,1,500,1,0.028018,0.027695,0.000174
KCF,1,90,1,500,1,0.028681,0.028219,0.000263
KCA,1,90,3,500,1,0.027524,0.027182,0.000204
KCF,1,90,3,500,1,0.028274,0.027947,0.000174
KCA,1,90,5,500,1,0.028032,0.027686,0.000214
KCF,1,90,5,500,1,0.028263,0.027832,0.00023
KCA,1,90,7,500,1,0.028182,0.02785,0.000198
KCF,1,90,7,500,1,0.028302,0.027889,0.000269
KCA,1,90,9,500,1,0.027869,0.027483,0.000244
KCF,1,90,9,500,1,0.029323,0.028954,0.000227
KCA,21,90,1,500,1,0.167712,0.152287,0.00815
KCF,21,90,1,500,1,0.174786,0.158616,0.008783
KCA,21,90,3,500,1,0.16604,0.149812,0.008507
KCF,21,90,3,500,1,0.169588,0.154346,0.008004
KCA,21,90,5,500,1,0.163501,0.148641,0.007735
KCF,21,90,5,500,1,0.179581,0.164016,0.008482
KCA,21,90,7,500,1,0.1659,0.149328,0.008856
KCF,21,90,7,500,1,0.170041,0.153456,0.009382
KCA,21,90,9,500,1,0.168945,0.153109,0.008476
KCF,21,90,9,500,1,0.170058,0.155342,0.007755
KCA,41,90,1,500,1,0.52145,0.469688,0.027235
KCF,41,90,1,500,1,0.521693,0.468924,0.028071
KCA,41,90,3,500,1,0.522931,0.471276,0.027106
KCF,41,90,3,500,1,0.521842,0.470403,0.027119
KCA,41,90,5,500,1,0.517474,0.465634,0.027166
KCF,41,90,5,500,1,0.520845,0.46896,0.027358
KCA,41,90,7,500,1,0.511412,0.461055,0.026673
KCF,41,90,7,500,1,0.516762,0.465057,0.027074
KCA,41,90,9,500,1,0.517571,0.464828,0.027503
KCF,41,90,9,500,1,0.522307,0.469826,0.027833
KCA,61,90,1,500,1,1.02223,0.913851,0.056083
KCF,61,90,1,500,1,1.00706,0.898204,0.05792
KCA,61,90,3,500,1,1.29324,1.18442,0.057324
KCF,61,90,3,500,1,1.29049,1.16915,0.06741
KCA,61,90,5,500,1,1.00759,0.89875,0.058234
KCF,61,90,5,500,1,1.01319,0.90538,0.057333
KCA,61,90,7,500,1,1.1672,1.06152,0.055209
KCF,61,90,7,500,1,1.00718,0.900395,0.055898
KCA,61,90,9,500,1,1.01477,0.907026,0.056272
KCF,61,90,9,500,1,1.00943,0.902797,0.05673
KCA,81,90,1,500,1,1.68622,1.50504,0.094095
KCF,81,90,1,500,1,1.88435,1.70571,0.092758
KCA,81,90,3,500,1,2.02675,1.83715,0.098693
KCF,81,90,3,500,1,2.12199,1.92497,0.105917
KCA,81,90,5,500,1,1.68133,1.50013,0.09376
KCF,81,90,5,500,1,1.88823,1.70588,0.09609
KCA,81,90,7,500,1,1.69468,1.5156,0.093908
KCF,81,90,7,500,1,1.89267,1.71471,0.092629
KCA,81,90,9,500,1,1.68562,1.5061,0.092597
KCF,81,90,9,500,1,1.86797,1.68592,0.095631
KCA,101,90,1,500,1,2.92128,2.64745,0.141624
KCF,101,90,1,500,1,3.13979,2.86444,0.142473
KCA,101,90,3,500,1,2.83621,2.56861,0.137799
KCF,101,90,3,500,1,3.23088,2.95909,0.141313
KCA,101,90,5,500,1,2.88268,2.61516,0.139065
KCF,101,90,5,500,1,3.14495,2.87301,0.141653
KCA,101,90,7,500,1,2.88927,2.6204,0.138731
KCF,101,90,7,500,1,3.15421,2.88189,0.141564
KCA,101,90,9,500,1,2.9167,2.6471,0.140911
KCF,101,90,9,500,1,3.18178,2.91201,0.140505
KCA,1,90,1,500,1,0.040331,0.03998,0.000204
KCF,1,90,1,500,1,0.034596,0.03427,0.000181
KCA,1,90,3,500,1,0.034971,0.034635,0.000175
KCF,1,90,3,500,1,0.034509,0.034141,0.000219
KCA,1,90,5,500,1,0.034867,0.034522,0.00021
KCF,1,90,5,500,1,0.034971,0.034599,0.000228
KCA,1,90,7,500,1,0.034709,0.034356,0.000209
KCF,1,90,7,500,1,0.033986,0.033564,0.000246
KCA,1,90,9,500,1,0.034885,0.034456,0.000246
KCF,1,90,9,500,1,0.034907,0.034555,0.00021
KCA,21,90,1,500,1,0.220236,0.2054,0.008008
KCF,21,90,1,500,1,0.20152,0.186855,0.007857
KCA,21,90,3,500,1,0.221082,0.205891,0.008419
KCF,21,90,3,500,1,0.207507,0.193317,0.007329
KCA,21,90,5,500,1,0.223707,0.209487,0.007602
KCF,21,90,5,500,1,0.209699,0.195163,0.00776
KCA,21,90,7,500,1,0.218884,0.204057,0.008112
KCF,21,90,7,500,1,0.205206,0.19155,0.007135
KCA,21,90,9,500,1,0.218098,0.203029,0.007777
KCF,21,90,9,500,1,0.206643,0.192448,0.007335
KCA,41,90,1,500,1,0.93578,0.885252,0.0262
KCF,41,90,1,500,1,0.858403,0.807697,0.026416
KCA,41,90,3,500,1,0.914713,0.865531,0.026374
KCF,41,90,3,500,1,0.856999,0.807039,0.025725
KCA,41,90,5,500,1,0.881706,0.832175,0.025626
KCF,41,90,5,500,1,0.846418,0.79776,0.024875
KCA,41,90,7,500,1,0.894743,0.845027,0.026126
KCF,41,90,7,500,1,0.848444,0.798862,0.025516
KCA,41,90,9,500,1,0.912991,0.864108,0.025442
KCF,41,90,9,500,1,0.840924,0.791839,0.025754
KCA,61,90,1,500,1,2.0585,1.95466,0.054075
KCF,61,90,1,500,1,1.71399,1.6074,0.0559
KCA,61,90,3,500,1,2.05998,1.95909,0.052211
KCF,61,90,3,500,1,1.67503,1.57263,0.053434
KCA,61,90,5,500,1,2.08423,1.98086,0.054196
KCF,61,90,5,500,1,1.68702,1.58161,0.054319
KCA,61,90,7,500,1,2.44252,2.32792,0.056486
KCF,61,90,7,500,1,1.87192,1.75122,0.068908
KCA,61,90,9,500,1,2.04973,1.94749,0.053825
KCF,61,90,9,500,1,1.70108,1.59481,0.056108
KCA,81,90,1,500,1,2.42848,2.25344,0.091157
KCF,81,90,1,500,1,4.81576,4.63529,0.095911
KCA,81,90,3,500,1,2.39712,2.22075,0.091678
KCF,81,90,3,500,1,4.47493,4.29627,0.092897
KCA,81,90,5,500,1,2.36521,2.18932,0.091197
KCF,81,90,5,500,1,4.62862,4.452,0.090896
KCA,81,90,7,500,1,2.3397,2.16233,0.091106
KCF,81,90,7,500,1,4.6087,4.43399,0.090913
KCA,81,90,9,500,1,2.30316,2.12912,0.090131
KCF,81,90,9,500,1,4.59226,4.41695,0.091296
KCA,101,90,1,500,1,7.08261,6.81496,0.139989
KCF,101,90,1,500,1,3.68794,3.41535,0.139177
KCA,101,90,3,500,1,7.02762,6.76173,0.137684
KCF,101,90,3,500,1,3.96311,3.69639,0.137387
KCA,101,90,5,500,1,7.01723,6.75027,0.13932
KCF,101,90,5,500,1,3.97063,3.69631,0.141392
KCA,101,90,7,500,1,6.79926,6.53099,0.13798
KCF,101,90,7,500,1,3.77072,3.50228,0.139566
KCA,101,90,9,500,1,7.69019,7.40938,0.151652
KCF,101,90,9,500,1,4.29193,4.01004,0.140547
KCA,1,90,1,500,1,0.03492,0.034567,0.000196
KCF,1,90,1,500,1,0.038012,0.037601,0.000217
KCA,1,90,3,500,1,0.035398,0.035072,0.000183
KCF,1,90,3,500,1,0.034866,0.034553,0.000173
KCA,1,90,5,500,1,0.03368,0.033364,0.000183
KCF,1,90,5,500,1,0.035205,0.034862,0.000195
KCA,1,90,7,500,1,0.035046,0.034715,0.00019
KCF,1,90,7,500,1,0.035263,0.034917,0.000198
KCA,1,90,9,500,1,0.038763,0.0384,0.000212
KCF,1,90,9,500,1,0.035267,0.034811,0.000268
KCA,21,90,1,500,1,0.188676,0.173077,0.008073
KCF,21,90,1,500,1,0.192561,0.177817,0.00772
KCA,21,90,3,500,1,0.184559,0.169497,0.008013
KCF,21,90,3,500,1,0.194112,0.179276,0.007622
KCA,21,90,5,500,1,0.184634,0.168472,0.008789
KCF,21,90,5,500,1,0.194494,0.178906,0.008561
KCA,21,90,7,500,1,0.18366,0.167071,0.009425
KCF,21,90,7,500,1,0.194034,0.17936,0.007665
KCA,21,90,9,500,1,0.192081,0.176335,0.00835
KCF,21,90,9,500,1,0.193923,0.178997,0.00779
KCA,41,90,1,500,1,0.451655,0.3973,0.029116
KCF,41,90,1,500,1,0.425271,0.373147,0.027426
KCA,41,90,3,500,1,0.450097,0.397125,0.027832
KCF,41,90,3,500,1,0.432574,0.379981,0.027954
KCA,41,90,5,500,1,0.44861,0.395914,0.027535
KCF,41,90,5,500,1,0.440191,0.38812,0.02729
KCA,41,90,7,500,1,0.440392,0.386033,0.028635
KCF,41,90,7,500,1,0.435806,0.382365,0.027438
KCA,41,90,9,500,1,0.452172,0.399318,0.027558
KCF,41,90,9,500,1,0.42927,0.377362,0.027133
KCA,61,90,1,500,1,0.847571,0.738726,0.056655
KCF,61,90,1,500,1,0.818306,0.712828,0.055707
KCA,61,90,3,500,1,0.841511,0.731029,0.057694
KCF,61,90,3,500,1,0.816978,0.710937,0.055844
KCA,61,90,5,500,1,0.83419,0.723921,0.057593
KCF,61,90,5,500,1,0.824221,0.716268,0.057572
KCA,61,90,7,500,1,0.85368,0.744717,0.056833
KCF,61,90,7,500,1,0.81542,0.709049,0.056376
KCA,61,90,9,500,1,0.86283,0.753284,0.056473
KCF,61,90,9,500,1,0.831198,0.725369,0.055986
KCA,81,90,1,500,1,1.21362,1.02911,0.096055
KCF,81,90,1,500,1,1.1553,0.975324,0.094467
KCA,81,90,3,500,1,1.24318,1.0595,0.096061
KCF,81,90,3,500,1,1.07484,0.896203,0.093405
KCA,81,90,5,500,1,1.24468,1.06124,0.096172
KCF,81,90,5,500,1,1.15292,0.972451,0.094515
KCA,81,90,7,500,1,1.24416,1.06144,0.09536
KCF,81,90,7,500,1,1.15908,0.978069,0.095821
KCA,81,90,9,500,1,1.24092,1.05514,0.097064
KCF,81,90,9,500,1,1.1819,1.00019,0.095424
KCA,101,90,1,500,1,2.73226,2.38805,0.155793
KCF,101,90,1,500,1,2.00649,1.70725,0.147004
KCA,101,90,3,500,1,2.27827,2.00444,0.142573
KCF,101,90,3,500,1,1.93733,1.66453,0.14342
KCA,101,90,5,500,1,2.28821,2.01271,0.143745
KCF,101,90,5,500,1,1.89383,1.62001,0.143788
KCA,101,90,7,500,1,2.42463,2.14912,0.143289
KCF,101,90,7,500,1,1.93476,1.66258,0.141814
KCA,101,90,9,500,1,2.31877,2.04056,0.144765
KCF,101,90,9,500,1,1.87907,1.60266,0.14341
KCA,1,90,1,500,1,0.025802,0.025458,0.000206
KCF,1,90,1,500,1,0.026964,0.026565,0.000253
KCA,1,90,3,500,1,0.026273,0.025859,0.000236
KCF,1,90,3,500,1,0.027519,0.027192,0.000174
KCA,1,90,5,500,1,0.029391,0.029049,0.000203
KCF,1,90,5,500,1,0.026113,0.025798,0.000183
KCA,1,90,7,500,1,0.026918,0.026587,0.000194
KCF,1,90,7,500,1,0.026284,0.02584,0.000245
KCA,1,90,9,500,1,0.027297,0.026904,0.000254
KCF,1,90,9,500,1,0.026546,0.026152,0.000201
KCA,21,90,1,500,1,0.256183,0.241771,0.007644
KCF,21,90,1,500,1,0.217137,0.203193,0.007347
KCA,21,90,3,500,1,0.246128,0.231557,0.007797
KCF,21,90,3,500,1,0.203863,0.189781,0.007488
KCA,21,90,5,500,1,0.254959,0.240404,0.007561
KCF,21,90,5,500,1,0.204334,0.189471,0.00813
KCA,21,90,7,500,1,0.254608,0.240575,0.007302
KCF,21,90,7,500,1,0.21128,0.196484,0.007851
KCA,21,90,9,500,1,0.252632,0.237512,0.008049
KCF,21,90,9,500,1,0.202343,0.187887,0.008061
KCA,41,90,1,500,1,0.853684,0.805437,0.025174
KCF,41,90,1,500,1,0.70237,0.653349,0.025639
KCA,41,90,3,500,1,0.861999,0.81348,0.025108
KCF,41,90,3,500,1,0.700335,0.650614,0.026448
KCA,41,90,5,500,1,0.849801,0.800275,0.02577
KCF,41,90,5,500,1,0.700874,0.651048,0.026334
KCA,41,90,7,500,1,0.848046,0.798533,0.026153
KCF,41,90,7,500,1,0.704512,0.653934,0.026304
KCA,41,90,9,500,1,0.825453,0.775826,0.026307
KCF,41,90,9,500,1,0.704328,0.654265,0.025806
KCA,61,90,1,500,1,2.04201,1.93823,0.053342
KCF,61,90,1,500,1,1.78252,1.67956,0.053909
KCA,61,90,3,500,1,1.94091,1.83839,0.053371
KCF,61,90,3,500,1,1.86182,1.75924,0.053144
KCA,61,90,5,500,1,1.88959,1.78723,0.052948
KCF,61,90,5,500,1,1.86513,1.76179,0.053768
KCA,61,90,7,500,1,2.37785,2.27189,0.056141
KCF,61,90,7,500,1,1.91331,1.80769,0.055203
KCA,61,90,9,500,1,2.01407,1.91163,0.052926
KCF,61,90,9,500,1,1.78275,1.67935,0.053636
KCA,81,90,1,500,1,2.53244,2.35543,0.091803
KCF,81,90,1,500,1,2.71567,2.53854,0.091657
KCA,81,90,3,500,1,2.66461,2.48832,0.091612
KCF,81,90,3,500,1,2.71881,2.54079,0.092624
KCA,81,90,5,500,1,2.56704,2.38987,0.091052
KCF,81,90,5,500,1,2.77204,2.59379,0.092107
KCA,81,90,7,500,1,2.64083,2.46568,0.090851
KCF,81,90,7,500,1,2.71707,2.54047,0.092241
KCA,81,90,9,500,1,2.55542,2.38027,0.091233
KCF,81,90,9,500,1,2.68401,2.50436,0.093247
KCA,101,90,1,500,1,6.01395,5.74495,0.139308
KCF,101,90,1,500,1,5.73388,5.46324,0.139985
KCA,101,90,3,500,1,6.13958,5.8693,0.140033
KCF,101,90,3,500,1,5.7662,5.49522,0.139666
KCA,101,90,5,500,1,6.11715,5.85189,0.136991
KCF,101,90,5,500,1,5.71075,5.44361,0.13816
KCA,101,90,7,500,1,6.08563,5.81871,0.13922
KCF,101,90,7,500,1,5.70342,5.43046,0.141179
KCA,101,90,9,500,1,6.24589,5.97457,0.141921
KCF,101,90,9,500,1,5.70554,5.42987,0.142565
KCA,1,90,1,500,1,0.033818,0.033474,0.0002
KCF,1,90,1,500,1,0.02741,0.027095,0.000176
KCA,1,90,3,500,1,0.027051,0.026749,0.000167
KCF,1,90,3,500,1,0.02774,0.027395,0.000213
KCA,1,90,5,500,1,0.025455,0.025128,0.000175
KCF,1,90,5,500,1,0.027358,0.027012,0.000198
KCA,1,90,7,500,1,0.026698,0.026377,0.000186
KCF,1,90,7,500,1,0.032963,0.032623,0.000192
KCA,1,90,9,500,1,0.027043,0.026646,0.00024
KCF,1,90,9,500,1,0.031028,0.030688,0.000196
KCA,21,90,1,500,1,0.2139,0.199594,0.00706
KCF,21,90,1,500,1,0.206066,0.191213,0.008183
KCA,21,90,3,500,1,0.215097,0.200891,0.007241
KCF,21,90,3,500,1,0.207776,0.193389,0.007565
KCA,21,90,5,500,1,0.220074,0.205269,0.007812
KCF,21,90,5,500,1,0.207157,0.192121,0.008315
KCA,21,90,7,500,1,0.219219,0.204139,0.008137
KCF,21,90,7,500,1,0.212551,0.197727,0.008105
KCA,21,90,9,500,1,0.213156,0.199284,0.00726
KCF,21,90,9,500,1,0.203497,0.188714,0.008083
KCA,41,90,1,500,1,0.8619,0.811748,0.026467
KCF,41,90,1,500,1,0.713773,0.663332,0.026527
KCA,41,90,3,500,1,0.872443,0.8223,0.026453
KCF,41,90,3,500,1,0.718605,0.668053,0.025746
KCA,41,90,5,500,1,0.846571,0.796238,0.026507
KCF,41,90,5,500,1,0.719528,0.669616,0.025688
KCA,41,90,7,500,1,0.848671,0.800068,0.024861
KCF,41,90,7,500,1,0.717044,0.668587,0.025448
KCA,41,90,9,500,1,0.852879,0.804372,0.025481
KCF,41,90,9,500,1,0.712191,0.662353,0.026658
KCA,61,90,1,500,1,2.29505,2.19188,0.05336
KCF,61,90,1,500,1,2.14303,2.03811,0.055204
KCA,61,90,3,500,1,2.34498,2.23948,0.055223
KCF,61,90,3,500,1,2.16814,2.06157,0.055958
KCA,61,90,5,500,1,2.3412,2.23846,0.053233
KCF,61,90,5,500,1,2.32137,2.21649,0.055319
KCA,61,90,7,500,1,2.33411,2.23254,0.052828
KCF,61,90,7,500,1,2.14448,2.03987,0.0552
KCA,61,90,9,500,1,2.36508,2.26287,0.053112
KCF,61,90,9,500,1,2.14645,2.04019,0.056148
KCA,81,90,1,500,1,2.5819,2.40501,0.091574
KCF,81,90,1,500,1,2.64356,2.46372,0.093695
KCA,81,90,3,500,1,2.55088,2.37596,0.091153
KCF,81,90,3,500,1,2.56141,2.38635,0.090454
KCA,81,90,5,500,1,2.74665,2.54638,0.096932
KCF,81,90,5,500,1,2.67974,2.50259,0.092593
KCA,81,90,7,500,1,2.57721,2.39963,0.091953
KCF,81,90,7,500,1,2.62619,2.44716,0.093172
KCA,81,90,9,500,1,2.57161,2.39542,0.091049
KCF,81,90,9,500,1,2.75113,2.57112,0.094349
KCA,101,90,1,500,1,4.17299,3.90831,0.137289
KCF,101,90,1,500,1,2.91872,2.65252,0.138115
KCA,101,90,3,500,1,4.20882,3.9427,0.1377
KCF,101,90,3,500,1,2.92349,2.65805,0.136897
KCA,101,90,5,500,1,4.16817,3.90001,0.139895
KCF,101,90,5,500,1,2.91751,2.64828,0.138693
KCA,101,90,7,500,1,4.20873,3.94251,0.137154
KCF,101,90,7,500,1,2.92101,2.65575,0.136392
KCA,101,90,9,500,1,4.20113,3.93508,0.137768
KCF,101,90,9,500,1,2.91648,2.64901,0.139266
KCA,1,90,1,500,1,0.031019,0.030696,0.000181
KCF,1,90,1,500,1,0.033573,0.033205,0.00022
KCA,1,90,3,500,1,0.02739,0.02686,0.000336
KCF,1,90,3,500,1,0.027841,0.02748,0.00021
KCA,1,90,5,500,1,0.028534,0.028215,0.000188
KCF,1,90,5,500,1,0.04026,0.039911,0.000206
KCA,1,90,7,500,1,0.026606,0.026276,0.000194
KCF,1,90,7,500,1,0.032656,0.032293,0.000211
KCA,1,90,9,500,1,0.027916,0.027602,0.000169
KCF,1,90,9,500,1,0.037131,0.036805,0.000197
KCA,21,90,1,500,1,0.269401,0.255734,0.007174
KCF,21,90,1,500,1,0.215157,0.200959,0.007909
KCA,21,90,3,500,1,0.266388,0.252284,0.007182
KCF,21,90,3,500,1,0.211504,0.197775,0.007231
KCA,21,90,5,500,1,0.267288,0.253289,0.007163
KCF,21,90,5,500,1,0.212723,0.198274,0.007715
KCA,21,90,7,500,1,0.26864,0.254668,0.00731
KCF,21,90,7,500,1,0.215404,0.200534,0.00815
KCA,21,90,9,500,1,0.268307,0.254286,0.007237
KCF,21,90,9,500,1,0.217017,0.201719,0.008174
KCA,41,90,1,500,1,0.733196,0.685664,0.024501
KCF,41,90,1,500,1,0.780915,0.730381,0.026363
KCA,41,90,3,500,1,0.727194,0.677444,0.025855
KCF,41,90,3,500,1,0.773228,0.722093,0.026901
KCA,41,90,5,500,1,0.730546,0.682034,0.025552
KCF,41,90,5,500,1,0.772502,0.723242,0.025508
KCA,41,90,7,500,1,0.730203,0.681526,0.025694
KCF,41,90,7,500,1,0.767985,0.719225,0.02561
KCA,41,90,9,500,1,0.72752,0.67774,0.026325
KCF,41,90,9,500,1,0.781164,0.728446,0.027877
KCA,61,90,1,500,1,2.15822,2.05206,0.055653
KCF,61,90,1,500,1,2.15236,2.04501,0.056375
KCA,61,90,3,500,1,2.09727,1.99294,0.054501
KCF,61,90,3,500,1,2.11504,2.00766,0.056235
KCA,61,90,5,500,1,2.21792,2.107,0.061036
KCF,61,90,5,500,1,2.6626,2.55452,0.056914
KCA,61,90,7,500,1,2.06585,1.95923,0.056624
KCF,61,90,7,500,1,2.1123,2.00378,0.055968
KCA,61,90,9,500,1,2.06846,1.96337,0.053869
KCF,61,90,9,500,1,2.11874,2.01196,0.056199
KCA,81,90,1,500,1,2.78462,2.608,0.090988
KCF,81,90,1,500,1,3.64412,3.4655,0.093227
KCA,81,90,3,500,1,2.92162,2.74639,0.090733
KCF,81,90,3,500,1,3.50627,3.3273,0.09452
KCA,81,90,5,500,1,2.76444,2.58741,0.091604
KCF,81,90,5,500,1,3.53702,3.35847,0.093782
KCA,81,90,7,500,1,2.70622,2.52849,0.09054
KCF,81,90,7,500,1,3.55454,3.37699,0.093315
KCA,81,90,9,500,1,2.69723,2.52235,0.090319
KCF,81,90,9,500,1,3.94349,3.74568,0.113213
KCA,101,90,1,500,1,5.02803,4.7584,0.139872
KCF,101,90,1,500,1,3.73048,3.45574,0.14156
KCA,101,90,3,500,1,4.94913,4.67983,0.139408
KCF,101,90,3,500,1,3.68995,3.41611,0.14185
KCA,101,90,5,500,1,4.76107,4.4913,0.139807
KCF,101,90,5,500,1,3.68085,3.40501,0.144628
KCA,101,90,7,500,1,4.86684,4.59922,0.140309
KCF,101,90,7,500,1,3.47328,3.203,0.138801
KCA,101,90,9,500,1,4.87872,4.61366,0.136865
KCF,101,90,9,500,1,3.56915,3.30205,0.138042
KCA,1,90,1,500,2,0.043987,0.043431,0.00032
KCF,1,90,1,500,2,0.043927,0.043178,0.000387
KCA,1,90,3,500,2,0.041777,0.04107,0.000358
KCF,1,90,3,500,2,0.041867,0.041252,0.000309
KCA,1,90,5,500,2,0.040492,0.03999,0.000257
KCF,1,90,5,500,2,0.046185,0.04544,0.00037
KCA,1,90,7,500,2,0.041634,0.040966,0.000381
KCF,1,90,7,500,2,0.045012,0.044479,0.000297
KCA,1,90,9,500,2,0.042377,0.041686,0.000395
KCF,1,90,9,500,2,0.044372,0.043815,0.000278
KCA,21,90,1,500,1,0.172285,0.156979,0.008184
KCF,21,90,1,500,1,0.227949,0.21336,0.007784
KCA,21,90,3,500,1,0.177145,0.1622,0.007542
KCF,21,90,3,500,1,0.229624,0.214927,0.007931
KCA,21,90,5,500,1,0.175493,0.160406,0.007945
KCF,21,90,5,500,1,0.23774,0.223508,0.007486
KCA,21,90,7,500,1,0.168261,0.15328,0.008011
KCF,21,90,7,500,1,0.229285,0.213596,0.008309
KCA,21,90,9,500,1,0.172616,0.158343,0.00742
KCF,21,90,9,500,1,0.226386,0.211191,0.008535
KCA,41,90,1,500,1,0.585303,0.532536,0.027882
KCF,41,90,1,500,1,0.48068,0.429301,0.027241
KCA,41,90,3,500,1,0.575772,0.523737,0.026974
KCF,41,90,3,500,1,0.471976,0.420295,0.027239
KCA,41,90,5,500,1,0.565021,0.514765,0.026337
KCF,41,90,5,500,1,0.46586,0.414951,0.026641
KCA,41,90,7,500,1,0.706733,0.649651,0.033179
KCF,41,90,7,500,1,0.484889,0.430102,0.026888
KCA,41,90,9,500,1,0.561326,0.513022,0.025295
KCF,41,90,9,500,1,0.469347,0.418375,0.026992
KCA,61,90,1,500,1,1.34101,1.23516,0.055635
KCF,61,90,1,500,1,1.03343,0.92671,0.055876
KCA,61,90,3,500,1,1.34269,1.23871,0.054013
KCF,61,90,3,500,1,0.984203,0.878868,0.054316
KCA,61,90,5,500,1,1.333,1.23106,0.053117
KCF,61,90,5,500,1,0.96884,0.864748,0.054496
KCA,61,90,7,500,1,1.30942,1.20769,0.052848
KCF,61,90,7,500,1,1.03152,0.929807,0.052913
KCA,61,90,9,500,1,1.33313,1.22919,0.054144
KCF,61,90,9,500,1,1.02289,0.918669,0.053888
KCA,81,90,1,500,1,2.04419,1.86489,0.09283
KCF,81,90,1,500,1,1.86337,1.68359,0.092743
KCA,81,90,3,500,1,1.94471,1.76664,0.092064
KCF,81,90,3,500,1,1.87789,1.69852,0.092584
KCA,81,90,5,500,1,1.93213,1.75517,0.091248
KCF,81,90,5,500,1,1.86813,1.69029,0.092648
KCA,81,90,7,500,1,1.95799,1.77694,0.094137
KCF,81,90,7,500,1,1.87088,1.68911,0.095141
KCA,81,90,9,500,1,1.92788,1.75419,0.089652
KCF,81,90,9,500,1,1.87529,1.70131,0.089576
KCA,101,90,1,500,1,3.74058,3.4477,0.142198
KCF,101,90,1,500,1,3.01399,2.74006,0.141991
KCA,101,90,3,500,1,3.62611,3.35408,0.140567
KCF,101,90,3,500,1,3.031,2.75745,0.141528
KCA,101,90,5,500,1,3.47256,3.20115,0.14013
KCF,101,90,5,500,1,2.99993,2.72929,0.140071
KCA,101,90,7,500,1,3.69804,3.43258,0.138182
KCF,101,90,7,500,1,2.99663,2.73038,0.137876
KCA,101,90,9,500,1,3.489,3.21915,0.13914
KCF,101,90,9,500,1,2.90611,2.63894,0.137384
KCA,1,90,1,500,1,0.035393,0.034988,0.00022
KCF,1,90,1,500,1,0.035985,0.035595,0.000211
KCA,1,90,3,500,1,0.035672,0.035328,0.000197
KCF,1,90,3,500,1,0.031892,0.031498,0.00022
KCA,1,90,5,500,1,0.03153,0.031198,0.000187
KCF,1,90,5,500,1,0.044078,0.043743,0.000177
KCA,1,90,7,500,1,0.031479,0.031105,0.000214
KCF,1,90,7,500,1,0.032565,0.032095,0.000247
KCA,1,90,9,500,1,0.041514,0.041068,0.000256
KCF,1,90,9,500,1,0.035337,0.035012,0.000177
KCA,21,90,1,500,1,0.234613,0.220292,0.007271
KCF,21,90,1,500,1,0.205199,0.1901,0.00834
KCA,21,90,3,500,1,0.233583,0.21907,0.007876
KCF,21,90,3,500,1,0.206361,0.191192,0.008611
KCA,21,90,5,500,1,0.226599,0.21254,0.007312
KCF,21,90,5,500,1,0.206876,0.192553,0.007359
KCA,21,90,7,500,1,0.236872,0.222002,0.007706
KCF,21,90,7,500,1,0.205264,0.190206,0.008369
KCA,21,90,9,500,1,0.232601,0.218427,0.00752
KCF,21,90,9,500,1,0.2048,0.190133,0.007723
KCA,41,90,1,500,1,0.958198,0.910267,0.024983
KCF,41,90,1,500,1,0.755462,0.706608,0.025588
KCA,41,90,3,500,1,0.95903,0.908766,0.02657
KCF,41,90,3,500,1,0.762416,0.711904,0.025882
KCA,41,90,5,500,1,0.95482,0.904784,0.026482
KCF,41,90,5,500,1,0.772404,0.721123,0.026412
KCA,41,90,7,500,1,0.952165,0.902351,0.026275
KCF,41,90,7,500,1,0.75752,0.706824,0.026393
KCA,41,90,9,500,1,0.962388,0.912048,0.026347
KCF,41,90,9,500,1,0.76419,0.713959,0.025797
KCA,61,90,1,500,1,1.87882,1.77557,0.053826
KCF,61,90,1,500,1,1.63614,1.53097,0.054359
KCA,61,90,3,500,1,1.82506,1.7218,0.053027
KCF,61,90,3,500,1,1.58248,1.48013,0.05339
KCA,61,90,5,500,1,1.82312,1.72088,0.052912
KCF,61,90,5,500,1,1.61848,1.51633,0.05256
KCA,61,90,7,500,1,1.87327,1.76957,0.053874
KCF,61,90,7,500,1,1.65295,1.54886,0.053728
KCA,61,90,9,500,1,2.18981,2.07071,0.069642
KCF,61,90,9,500,1,1.69271,1.56329,0.071498
KCA,81,90,1,500,1,4.14651,3.97095,0.091679
KCF,81,90,1,500,1,2.82792,2.64642,0.094625
KCA,81,90,3,500,1,4.40123,4.2226,0.094371
KCF,81,90,3,500,1,3.0457,2.85466,0.094965
KCA,81,90,5,500,1,4.078,3.90408,0.090077
KCF,81,90,5,500,1,2.81159,2.63431,0.093423
KCA,81,90,7,500,1,4.03449,3.86016,0.090419
KCF,81,90,7,500,1,2.80156,2.62417,0.093243
KCA,81,90,9,500,1,4.10723,3.92954,0.091372
KCF,81,90,9,500,1,2.81063,2.62716,0.095766
KCA,101,90,1,500,1,6.30859,6.03856,0.139365
KCF,101,90,1,500,1,4.84322,4.57225,0.139881
KCA,101,90,3,500,1,6.14311,5.87328,0.139933
KCF,101,90,3,500,1,4.76138,4.48687,0.140218
KCA,101,90,5,500,1,6.01159,5.74581,0.136665
KCF,101,90,5,500,1,4.76512,4.49932,0.137241
KCA,101,90,7,500,1,6.10998,5.84526,0.136846
KCF,101,90,7,500,1,4.76295,4.49704,0.137353
KCA,101,90,9,500,1,6.15572,5.88689,0.139302
KCF,101,90,9,500,1,4.81522,4.54258,0.141501
KCA,1,90,1,500,1,0.060249,0.059687,0.000337
KCF,1,90,1,500,1,0.066861,0.06645,0.000226
KCA,1,90,3,500,1,0.061462,0.060921,0.000316
KCF,1,90,3,500,1,0.056782,0.056398,0.000223
KCA,1,90,5,500,1,0.077504,0.076961,0.000299
KCF,1,90,5,500,1,0.065641,0.065079,0.000296
KCA,1,90,7,500,1,0.037004,0.03667,0.000202
KCF,1,90,7,500,1,0.037121,0.036747,0.000177
KCA,1,90,9,500,1,0.034666,0.034348,0.000171
KCF,1,90,9,500,1,0.034391,0.034032,0.000215
KCA,21,90,1,500,1,0.317405,0.2981,0.009418
KCF,21,90,1,500,1,0.197045,0.18312,0.007494
KCA,21,90,3,500,1,0.242064,0.22784,0.007412
KCF,21,90,3,500,1,0.197293,0.18352,0.007209
KCA,21,90,5,500,1,0.239045,0.224683,0.007543
KCF,21,90,5,500,1,0.20102,0.186377,0.007699
KCA,21,90,7,500,1,0.242514,0.227921,0.007669
KCF,21,90,7,500,1,0.19592,0.181939,0.007585
KCA,21,90,9,500,1,0.23778,0.22347,0.007748
KCF,21,90,9,500,1,0.199871,0.184877,0.008185
KCA,41,90,1,500,1,0.962438,0.912975,0.025732
KCF,41,90,1,500,1,0.835296,0.786623,0.025618
KCA,41,90,3,500,1,0.962937,0.913096,0.025984
KCF,41,90,3,500,1,0.839283,0.788816,0.026396
KCA,41,90,5,500,1,0.963041,0.912715,0.026471
KCF,41,90,5,500,1,0.834326,0.783296,0.026276
KCA,41,90,7,500,1,0.974913,0.924256,0.02657
KCF,41,90,7,500,1,0.839079,0.788677,0.026522
KCA,41,90,9,500,1,0.963325,0.915317,0.024986
KCF,41,90,9,500,1,0.844009,0.793993,0.026463
KCA,61,90,1,500,1,2.63886,2.53213,0.056363
KCF,61,90,1,500,1,1.86346,1.75375,0.058491
KCA,61,90,3,500,1,2.7219,2.61856,0.053392
KCF,61,90,3,500,1,1.8309,1.72596,0.055461
KCA,61,90,5,500,1,2.60707,2.50444,0.053431
KCF,61,90,5,500,1,1.84273,1.73796,0.054452
KCA,61,90,7,500,1,2.60874,2.50729,0.053226
KCF,61,90,7,500,1,1.84967,1.74477,0.055134
KCA,61,90,9,500,1,2.64416,2.54,0.054256
KCF,61,90,9,500,1,1.82419,1.71453,0.059461
KCA,81,90,1,500,1,4.19933,4.01977,0.093428
KCF,81,90,1,500,1,5.98983,5.80631,0.095322
KCA,81,90,3,500,1,4.64645,4.46917,0.092253
KCF,81,90,3,500,1,6.20764,6.02868,0.094923
KCA,81,90,5,500,1,4.21474,4.03719,0.092553
KCF,81,90,5,500,1,5.94359,5.76317,0.094222
KCA,81,90,7,500,1,4.27611,4.09979,0.091519
KCF,81,90,7,500,1,6.01292,5.82756,0.098648
KCA,81,90,9,500,1,4.24676,4.06788,0.09288
KCF,81,90,9,500,1,6.00991,5.82757,0.095314
KCA,101,90,1,500,1,7.062,6.79587,0.138526
KCF,101,90,1,500,1,6.29741,6.02384,0.140996
KCA,101,90,3,500,1,7.25731,6.97212,0.153684
KCF,101,90,3,500,1,7.65321,7.35304,0.159163
KCA,101,90,5,500,1,7.02739,6.75503,0.141032
KCF,101,90,5,500,1,6.28056,6.00292,0.14115
KCA,101,90,7,500,1,7.03651,6.76726,0.139177
KCF,101,90,7,500,1,6.19805,5.92791,0.140749
KCA,101,90,9,500,1,6.98447,6.71259,0.141247
KCF,101,90,9,500,1,6.27347,5.99854,0.141862
KCA,1,90,1,500,1,0.026374,0.026028,0.000206
KCF,1,90,1,500,1,0.027498,0.027122,0.000227
KCA,1,90,3,500,1,0.031027,0.030633,0.000223
KCF,1,90,3,500,1,0.026956,0.026644,0.000176
KCA,1,90,5,500,1,0.026361,0.025954,0.0002
KCF,1,90,5,500,1,0.025761,0.025422,0.000203
KCA,1,90,7,500,1,0.026248,0.025916,0.000187
KCF,1,90,7,500,1,0.027226,0.026908,0.000181
KCA,1,90,9,500,1,0.025844,0.025522,0.000177
KCF,1,90,9,500,1,0.026459,0.026071,0.000208
KCA,21,90,1,500,1,0.233162,0.219657,0.006991
KCF,21,90,1,500,1,0.199211,0.184416,0.008004
KCA,21,90,3,500,1,0.238974,0.22429,0.007849
KCF,21,90,3,500,1,0.210393,0.195538,0.008106
KCA,21,90,5,500,1,0.231911,0.218288,0.007056
KCF,21,90,5,500,1,0.207225,0.193526,0.007114
KCA,21,90,7,500,1,0.239448,0.223948,0.008138
KCF,21,90,7,500,1,0.20694,0.192952,0.007297
KCA,21,90,9,500,1,0.241365,0.227512,0.007355
KCF,21,90,9,500,1,0.208397,0.193592,0.008067
KCA,41,90,1,500,1,0.86606,0.815911,0.026385
KCF,41,90,1,500,1,0.776232,0.725979,0.0259
KCA,41,90,3,500,1,0.856449,0.805927,0.026478
KCF,41,90,3,500,1,0.777536,0.727186,0.025754
KCA,41,90,5,500,1,0.849729,0.801095,0.025547
KCF,41,90,5,500,1,0.767655,0.717656,0.025891
KCA,41,90,7,500,1,0.845281,0.795551,0.025921
KCF,41,90,7,500,1,0.774835,0.723949,0.026123
KCA,41,90,9,500,1,0.848158,0.799547,0.025667
KCF,41,90,9,500,1,0.763118,0.715137,0.024799
KCA,61,90,1,500,1,2.59115,2.48823,0.053363
KCF,61,90,1,500,1,1.99968,1.89605,0.05339
KCA,61,90,3,500,1,2.55684,2.45505,0.0522
KCF,61,90,3,500,1,1.98091,1.87852,0.053346
KCA,61,90,5,500,1,2.59934,2.49654,0.053381
KCF,61,90,5,500,1,2.07253,1.96901,0.053622
KCA,61,90,7,500,1,2.58974,2.48751,0.053089
KCF,61,90,7,500,1,1.99125,1.88862,0.05278
KCA,61,90,9,500,1,2.59614,2.49246,0.054018
KCF,61,90,9,500,1,2.001,1.89644,0.054212
KCA,81,90,1,500,1,3.46712,3.2922,0.090808
KCF,81,90,1,500,1,2.4547,2.27685,0.092106
KCA,81,90,3,500,1,3.37092,3.19282,0.092256
KCF,81,90,3,500,1,2.67377,2.49126,0.095815
KCA,81,90,5,500,1,3.4959,3.32014,0.090591
KCF,81,90,5,500,1,2.39844,2.22151,0.092033
KCA,81,90,7,500,1,3.38235,3.2071,0.091403
KCF,81,90,7,500,1,2.39262,2.2133,0.09299
KCA,81,90,9,500,1,3.38937,3.21168,0.092537
KCF,81,90,9,500,1,2.55642,2.37706,0.092596
KCA,101,90,1,500,1,6.50306,6.22661,0.138049
KCF,101,90,1,500,1,3.73014,3.46149,0.140026
KCA,101,90,3,500,1,6.28688,6.01683,0.140782
KCF,101,90,3,500,1,3.83773,3.56678,0.140396
KCA,101,90,5,500,1,6.25602,5.98553,0.141129
KCF,101,90,5,500,1,3.85063,3.57696,0.141092
KCA,101,90,7,500,1,6.28842,6.01626,0.143725
KCF,101,90,7,500,1,3.86281,3.59076,0.141453
KCA,101,90,9,500,1,6.99907,6.72414,0.147204
KCF,101,90,9,500,1,4.87722,4.56633,0.172325
KCA,1,90,1,500,1,0.026903,0.026553,0.000211
KCF,1,90,1,500,1,0.026535,0.02617,0.000202
KCA,1,90,3,500,1,0.027497,0.027142,0.00021
KCF,1,90,3,500,1,0.027367,0.027005,0.000213
KCA,1,90,5,500,1,0.026251,0.025848,0.000241
KCF,1,90,5,500,1,0.039831,0.039421,0.000213
KCA,1,90,7,500,1,0.026615,0.026264,0.00022
KCF,1,90,7,500,1,0.028083,0.027721,0.000204
KCA,1,90,9,500,1,0.027529,0.027094,0.000241
KCF,1,90,9,500,1,0.030386,0.030061,0.000192
KCA,21,90,1,500,1,0.222941,0.207829,0.007333
KCF,21,90,1,500,1,0.205373,0.191004,0.007911
KCA,21,90,3,500,1,0.30865,0.292449,0.009275
KCF,21,90,3,500,1,0.199116,0.185106,0.007699
KCA,21,90,5,500,1,0.224362,0.209544,0.008021
KCF,21,90,5,500,1,0.19786,0.183717,0.007386
KCA,21,90,7,500,1,0.231134,0.216029,0.008083
KCF,21,90,7,500,1,0.198714,0.184555,0.007476
KCA,21,90,9,500,1,0.236356,0.221257,0.008035
KCF,21,90,9,500,1,0.20403,0.188645,0.00845
KCA,41,90,1,500,1,0.91698,0.866711,0.026504
KCF,41,90,1,500,1,0.810265,0.759767,0.025827
KCA,41,90,3,500,1,0.911909,0.861657,0.025926
KCF,41,90,3,500,1,0.786605,0.736997,0.025885
KCA,41,90,5,500,1,0.908467,0.857712,0.026675
KCF,41,90,5,500,1,0.809487,0.757512,0.027115
KCA,41,90,7,500,1,0.893321,0.843976,0.025954
KCF,41,90,7,500,1,0.802908,0.753646,0.026146
KCA,41,90,9,500,1,0.919437,0.86993,0.026066
KCF,41,90,9,500,1,0.808473,0.757045,0.026815
KCA,61,90,1,500,1,1.75739,1.65308,0.053726
KCF,61,90,1,500,1,1.79939,1.69374,0.055253
KCA,61,90,3,500,1,1.73548,1.63509,0.051992
KCF,61,90,3,500,1,1.77997,1.67755,0.053408
KCA,61,90,5,500,1,1.7388,1.63593,0.053378
KCF,61,90,5,500,1,1.79298,1.68834,0.054457
KCA,61,90,7,500,1,1.75466,1.65018,0.054086
KCF,61,90,7,500,1,1.7934,1.68785,0.054425
KCA,61,90,9,500,1,1.73663,1.63091,0.055254
KCF,61,90,9,500,1,1.80515,1.69828,0.05529
KCA,81,90,1,500,1,4.72846,4.55359,0.090592
KCF,81,90,1,500,1,5.6263,5.44603,0.094852
KCA,81,90,3,500,1,5.02275,4.84598,0.09169
KCF,81,90,3,500,1,5.744,5.56688,0.092644
KCA,81,90,5,500,1,4.50985,4.33375,0.091169
KCF,81,90,5,500,1,5.77797,5.6003,0.093393
KCA,81,90,7,500,1,4.5048,4.32653,0.092798
KCF,81,90,7,500,1,5.69557,5.5132,0.09492
KCA,81,90,9,500,1,4.64236,4.46825,0.089686
KCF,81,90,9,500,1,5.58799,5.40824,0.094436
KCA,101,90,1,500,1,7.22538,6.95956,0.137365
KCF,101,90,1,500,1,5.8847,5.6152,0.140379
KCA,101,90,3,500,1,7.30069,7.03155,0.13974
KCF,101,90,3,500,1,5.79464,5.52261,0.141331
KCA,101,90,5,500,1,7.21733,6.95316,0.136888
KCF,101,90,5,500,1,5.79892,5.52725,0.140059
KCA,101,90,7,500,1,7.21854,6.95341,0.13689
KCF,101,90,7,500,1,5.73451,5.46428,0.140169
KCA,101,90,9,500,1,7.21583,6.9487,0.138269
KCF,101,90,9,500,1,5.81815,5.54932,0.139761
KCA,1,90,1,500,2,0.048662,0.047968,0.000389
KCF,1,90,1,500,2,0.048101,0.047548,0.000302
KCA,1,90,3,500,2,0.046009,0.045487,0.000272
KCF,1,90,3,500,2,0.048788,0.048199,0.00034
KCA,1,90,5,500,2,0.048436,0.047896,0.000299
KCF,1,90,5,500,2,0.047001,0.046283,0.000386
KCA,1,90,7,500,2,0.047422,0.046891,0.000283
KCF,1,90,7,500,2,0.048605,0.047853,0.000382
KCA,1,90,9,500,2,0.047638,0.047091,0.000307
KCF,1,90,9,500,2,0.050638,0.04999,0.000324
KCA,21,90,1,500,1,0.173513,0.157839,0.008693
KCF,21,90,1,500,1,0.164823,0.149332,0.008517
KCA,21,90,3,500,1,0.172122,0.156588,0.007928
KCF,21,90,3,500,1,0.156613,0.141395,0.007722
KCA,21,90,5,500,1,0.171155,0.154765,0.008927
KCF,21,90,5,500,1,0.1577,0.142856,0.007874
KCA,21,90,7,500,1,0.166255,0.150988,0.007871
KCF,21,90,7,500,1,0.162748,0.147028,0.008736
KCA,21,90,9,500,1,0.182585,0.165987,0.00788
KCF,21,90,9,500,1,0.158274,0.143062,0.008425
KCA,41,90,1,500,1,0.408266,0.354075,0.028785
KCF,41,90,1,500,1,0.460496,0.408527,0.027493
KCA,41,90,3,500,1,0.405968,0.352671,0.027571
KCF,41,90,3,500,1,0.46215,0.4094,0.02797
KCA,41,90,5,500,1,0.413927,0.360819,0.027602
KCF,41,90,5,500,1,0.46407,0.411271,0.028139
KCA,41,90,7,500,1,0.409496,0.35646,0.028074
KCF,41,90,7,500,1,0.46624,0.413603,0.027839
KCA,41,90,9,500,1,0.411898,0.358629,0.027684
KCF,41,90,9,500,1,0.463404,0.410387,0.0282
KCA,61,90,1,500,1,0.796044,0.684792,0.058488
KCF,61,90,1,500,1,0.789691,0.680992,0.056602
KCA,61,90,3,500,1,0.793295,0.684168,0.057344
KCF,61,90,3,500,1,0.776611,0.669085,0.057016
KCA,61,90,5,500,1,0.793923,0.683214,0.05788
KCF,61,90,5,500,1,0.785612,0.678087,0.05604
KCA,61,90,7,500,1,0.801668,0.692053,0.057338
KCF,61,90,7,500,1,0.76858,0.660629,0.056897
KCA,61,90,9,500,1,0.811538,0.699681,0.059199
KCF,61,90,9,500,1,0.780409,0.671828,0.057212
KCA,81,90,1,500,1,1.28622,1.10104,0.096996
KCF,81,90,1,500,1,1.04156,0.861634,0.093774
KCA,81,90,3,500,1,1.28301,1.09902,0.096703
KCF,81,90,3,500,1,1.04493,0.86338,0.094539
KCA,81,90,5,500,1,1.2741,1.09108,0.096097
KCF,81,90,5,500,1,1.04234,0.863538,0.092615
KCA,81,90,7,500,1,1.29503,1.10969,0.096769
KCF,81,90,7,500,1,1.05272,0.8712,0.094473
KCA,81,90,9,500,1,1.29199,1.10682,0.095622
KCF,81,90,9,500,1,1.04383,0.863075,0.093696
KCA,101,90,1,500,1,1.97891,1.69292,0.145345
KCF,101,90,1,500,1,1.85861,1.5697,0.144051
KCA,101,90,3,500,1,1.97773,1.67993,0.143608
KCF,101,90,3,500,1,1.76167,1.49064,0.141698
KCA,101,90,5,500,1,1.97815,1.6805,0.143372
KCF,101,90,5,500,1,1.98706,1.70228,0.142572
KCA,101,90,7,500,1,1.93449,1.63696,0.144535
KCF,101,90,7,500,1,1.85723,1.57532,0.141569
KCA,101,90,9,500,1,1.99907,1.70194,0.144356
KCF,101,90,9,500,1,1.82883,1.54403,0.142432
KCA,1,90,1,500,1,0.031966,0.031589,0.000219
KCF,1,90,1,500,1,0.03714,0.03668,0.000247
KCA,1,90,3,500,1,0.030806,0.030498,0.000171
KCF,1,90,3,500,1,0.031211,0.030876,0.000191
KCA,1,90,5,500,1,0.030309,0.029921,0.000226
KCF,1,90,5,500,1,0.031977,0.031632,0.000196
KCA,1,90,7,500,1,0.032275,0.031875,0.000221
KCF,1,90,7,500,1,0.032375,0.032002,0.000201
KCA,1,90,9,500,1,0.030035,0.029704,0.000192
KCF,1,90,9,500,1,0.030781,0.030441,0.000191
KCA,21,90,1,500,1,0.241903,0.228005,0.00738
KCF,21,90,1,500,1,0.194839,0.179991,0.008209
KCA,21,90,3,500,1,0.243466,0.22892,0.007903
KCF,21,90,3,500,1,0.194038,0.179115,0.00807
KCA,21,90,5,500,1,0.24194,0.227526,0.007923
KCF,21,90,5,500,1,0.206824,0.192176,0.007921
KCA,21,90,7,500,1,0.244553,0.230076,0.007458
KCF,21,90,7,500,1,0.195032,0.179665,0.008534
KCA,21,90,9,500,1,0.239459,0.225421,0.007323
KCF,21,90,9,500,1,0.19437,0.179825,0.00746
KCA,41,90,1,500,1,0.697987,0.647498,0.026754
KCF,41,90,1,500,1,0.68285,0.633106,0.026128
KCA,41,90,3,500,1,0.702837,0.652793,0.026021
KCF,41,90,3,500,1,0.710824,0.660234,0.026314
KCA,41,90,5,500,1,0.702291,0.650831,0.027338
KCF,41,90,5,500,1,0.675258,0.623155,0.027483
KCA,41,90,7,500,1,0.700295,0.650582,0.026043
KCF,41,90,7,500,1,0.696108,0.645712,0.026432
KCA,41,90,9,500,1,0.693552,0.643235,0.026462
KCF,41,90,9,500,1,0.696198,0.643981,0.027781
KCA,61,90,1,500,1,2.00943,1.9056,0.05481
KCF,61,90,1,500,1,2.15736,2.05152,0.055903
KCA,61,90,3,500,1,1.9328,1.82929,0.054341
KCF,61,90,3,500,1,2.06226,1.9553,0.056273
KCA,61,90,5,500,1,1.97725,1.86858,0.057853
KCF,61,90,5,500,1,2.06664,1.95975,0.055852
KCA,61,90,7,500,1,1.9618,1.85886,0.053099
KCF,61,90,7,500,1,2.012,1.90794,0.05448
KCA,61,90,9,500,1,1.98485,1.88074,0.054497
KCF,61,90,9,500,1,2.0607,1.95304,0.057258
KCA,81,90,1,500,1,2.46671,2.29035,0.091321
KCF,81,90,1,500,1,3.21182,3.0315,0.094451
KCA,81,90,3,500,1,2.51582,2.34028,0.090685
KCF,81,90,3,500,1,3.07183,2.89268,0.094528
KCA,81,90,5,500,1,2.50814,2.33134,0.091225
KCF,81,90,5,500,1,3.18899,3.00888,0.094893
KCA,81,90,7,500,1,2.50905,2.33406,0.090582
KCF,81,90,7,500,1,3.09281,2.91276,0.094362
KCA,81,90,9,500,1,2.51307,2.33661,0.091806
KCF,81,90,9,500,1,3.19552,3.01436,0.094775
KCA,101,90,1,500,1,6.67789,6.39877,0.139402
KCF,101,90,1,500,1,3.29333,3.02398,0.140417
KCA,101,90,3,500,1,6.64628,6.37952,0.138428
KCF,101,90,3,500,1,3.54703,3.2728,0.144602
KCA,101,90,5,500,1,6.67393,6.39996,0.141935
KCF,101,90,5,500,1,3.30552,3.02936,0.143521
KCA,101,90,7,500,1,6.60212,6.32787,0.141921
KCF,101,90,7,500,1,3.38647,3.11102,0.143164
KCA,101,90,9,500,1,6.61182,6.34005,0.138065
KCF,101,90,9,500,1,3.34012,3.06921,0.140657
KCA,1,90,1,500,1,0.030497,0.030134,0.000225
KCF,1,90,1,500,1,0.037642,0.037285,0.000208
KCA,1,90,3,500,1,0.038515,0.03817,0.000202
KCF,1,90,3,500,1,0.030818,0.030467,0.000199
KCA,1,90,5,500,1,0.031162,0.030846,0.000171
KCF,1,90,5,500,1,0.030026,0.029696,0.000194
KCA,1,90,7,500,1,0.030412,0.030096,0.000182
KCF,1,90,7,500,1,0.032798,0.032465,0.000188
KCA,1,90,9,500,1,0.031084,0.030737,0.000215
KCF,1,90,9,500,1,0.036617,0.036281,0.000196
KCA,21,90,1,500,1,0.217741,0.203164,0.007166
KCF,21,90,1,500,1,0.206266,0.191715,0.007721
KCA,21,90,3,500,1,0.221878,0.206356,0.007903
KCF,21,90,3,500,1,0.206128,0.191704,0.0078
KCA,21,90,5,500,1,0.216851,0.202995,0.007093
KCF,21,90,5,500,1,0.204426,0.18924,0.00841
KCA,21,90,7,500,1,0.217129,0.202538,0.007925
KCF,21,90,7,500,1,0.209758,0.195316,0.007239
KCA,21,90,9,500,1,0.221365,0.207117,0.007495
KCF,21,90,9,500,1,0.211539,0.19689,0.008155
KCA,41,90,1,500,1,0.724296,0.674531,0.026458
KCF,41,90,1,500,1,0.643817,0.593474,0.026017
KCA,41,90,3,500,1,0.727506,0.677308,0.026355
KCF,41,90,3,500,1,0.663978,0.615029,0.025208
KCA,41,90,5,500,1,0.722044,0.673497,0.025447
KCF,41,90,5,500,1,0.650617,0.601691,0.025262
KCA,41,90,7,500,1,0.726646,0.676803,0.026064
KCF,41,90,7,500,1,0.639525,0.588685,0.026147
KCA,41,90,9,500,1,0.722418,0.674017,0.025456
KCF,41,90,9,500,1,0.64788,0.599237,0.025336
KCA,61,90,1,500,1,1.48249,1.37449,0.057153
KCF,61,90,1,500,1,1.25381,1.15048,0.053893
KCA,61,90,3,500,1,1.48822,1.38428,0.053289
KCF,61,90,3,500,1,1.25205,1.14881,0.053575
KCA,61,90,5,500,1,1.46967,1.36691,0.053246
KCF,61,90,5,500,1,1.25201,1.14937,0.053082
KCA,61,90,7,500,1,1.5325,1.42828,0.054354
KCF,61,90,7,500,1,1.25563,1.15137,0.054158
KCA,61,90,9,500,1,1.52691,1.41223,0.064512
KCF,61,90,9,500,1,1.41132,1.30129,0.053251
KCA,81,90,1,500,1,1.91141,1.73745,0.09014
KCF,81,90,1,500,1,2.69168,2.51501,0.091324
KCA,81,90,3,500,1,1.8277,1.64977,0.091848
KCF,81,90,3,500,1,2.69711,2.52054,0.090919
KCA,81,90,5,500,1,1.91887,1.7379,0.092794
KCF,81,90,5,500,1,2.71398,2.53235,0.094461
KCA,81,90,7,500,1,1.89012,1.71607,0.090373
KCF,81,90,7,500,1,2.69192,2.51596,0.091598
KCA,81,90,9,500,1,1.82862,1.65412,0.090368
KCF,81,90,9,500,1,2.6905,2.51463,0.091063
KCA,101,90,1,500,1,5.8141,5.54516,0.139073
KCF,101,90,1,500,1,4.45732,4.18747,0.140658
KCA,101,90,3,500,1,5.82152,5.54687,0.141999
KCF,101,90,3,500,1,4.40532,4.13548,0.140429
KCA,101,90,5,500,1,5.98488,5.71647,0.140007
KCF,101,90,5,500,1,4.47919,4.20473,0.141623
KCA,101,90,7,500,1,5.74883,5.47842,0.140461
KCF,101,90,7,500,1,4.41088,4.13462,0.144046
KCA,101,90,9,500,1,5.79964,5.53216,0.138657
KCF,101,90,9,500,1,4.28168,4.01025,0.141701
KCA,1,90,1,500,1,0.027097,0.026778,0.000173
KCF,1,90,1,500,1,0.027729,0.027399,0.000196
KCA,1,90,3,500,1,0.027133,0.026819,0.000172
KCF,1,90,3,500,1,0.026754,0.026395,0.000223
KCA,1,90,5,500,1,0.026898,0.026453,0.000252
KCF,1,90,5,500,1,0.036407,0.036035,0.000236
KCA,1,90,7,500,1,0.027508,0.027146,0.000203
KCF,1,90,7,500,1,0.027629,0.027282,0.000214
KCA,1,90,9,500,1,0.031058,0.030711,0.000204
KCF,1,90,9,500,1,0.027841,0.027518,0.000192
KCA,21,90,1,500,1,0.205596,0.190997,0.007978
KCF,21,90,1,500,1,0.207417,0.19297,0.007687
KCA,21,90,3,500,1,0.206084,0.191122,0.008396
KCF,21,90,3,500,1,0.330448,0.306371,0.016567
KCA,21,90,5,500,1,0.205084,0.191065,0.007192
KCF,21,90,5,500,1,0.207822,0.192518,0.008228
KCA,21,90,7,500,1,0.205124,0.190572,0.007648
KCF,21,90,7,500,1,0.205805,0.191711,0.007425
KCA,21,90,9,500,1,0.207368,0.192288,0.007731
KCF,21,90,9,500,1,0.200257,0.186689,0.007045
KCA,41,90,1,500,1,0.922516,0.87185,0.026591
KCF,41,90,1,500,1,0.781519,0.71789,0.038857
KCA,41,90,3,500,1,1.16745,1.1164,0.026387
KCF,41,90,3,500,1,0.901396,0.851857,0.025627
KCA,41,90,5,500,1,0.918482,0.868596,0.025762
KCF,41,90,5,500,1,0.7364,0.686259,0.026031
KCA,41,90,7,500,1,0.909062,0.86005,0.025439
KCF,41,90,7,500,1,0.732439,0.682405,0.026138
KCA,41,90,9,500,1,0.913442,0.863304,0.026175
KCF,41,90,9,500,1,0.730166,0.679953,0.026299
KCA,61,90,1,500,1,2.1837,2.07984,0.054683
KCF,61,90,1,500,1,2.1879,2.08171,0.054787
KCA,61,90,3,500,1,2.19392,2.08921,0.054855
KCF,61,90,3,500,1,2.14373,2.04096,0.053004
KCA,61,90,5,500,1,2.28511,2.1472,0.089108
KCF,61,90,5,500,1,2.16356,2.05935,0.053889
KCA,61,90,7,500,1,2.19836,2.09541,0.053349
KCF,61,90,7,500,1,2.16798,2.06597,0.052586
KCA,61,90,9,500,1,2.82354,2.71054,0.059922
KCF,61,90,9,500,1,2.42456,2.30454,0.057624
KCA,81,90,1,500,1,3.56228,3.38006,0.095679
KCF,81,90,1,500,1,3.33586,3.15931,0.090904
KCA,81,90,3,500,1,3.70012,3.51908,0.094251
KCF,81,90,3,500,1,3.27051,3.08916,0.09384
KCA,81,90,5,500,1,3.82364,3.64672,0.0925
KCF,81,90,5,500,1,3.32389,3.14377,0.09299
KCA,81,90,7,500,1,3.73054,3.55274,0.092609
KCF,81,90,7,500,1,3.29056,3.11112,0.092007
KCA,81,90,9,500,1,3.70691,3.52793,0.093177
KCF,81,90,9,500,1,3.29214,3.11295,0.091514
KCA,101,90,1,500,1,7.43635,7.16773,0.140186
KCF,101,90,1,500,1,5.77406,5.50493,0.139469
KCA,101,90,3,500,1,7.40021,7.13522,0.137709
KCF,101,90,3,500,1,5.74817,5.47752,0.141129
KCA,101,90,5,500,1,7.43216,7.16168,0.139356
KCF,101,90,5,500,1,5.70845,5.43639,0.141217
KCA,101,90,7,500,1,7.3298,7.06279,0.139873
KCF,101,90,7,500,1,5.69058,5.41898,0.140663
KCA,101,90,9,500,1,7.42039,7.14923,0.140901
KCF,101,90,9,500,1,6.16755,5.87666,0.157767
KCA,1,90,1,500,1,0.031192,0.030753,0.000269
KCF,1,90,1,500,1,0.030776,0.030415,0.000213
KCA,1,90,3,500,1,0.033096,0.032694,0.000254
KCF,1,90,3,500,1,0.030472,0.03012,0.000208
KCA,1,90,5,500,1,0.030619,0.030273,0.000212
KCF,1,90,5,500,1,0.035091,0.034654,0.000253
KCA,1,90,7,500,1,0.030275,0.029841,0.000242
KCF,1,90,7,500,1,0.033819,0.033369,0.000247
KCA,1,90,9,500,1,0.030976,0.030641,0.000167
KCF,1,90,9,500,1,0.031352,0.031016,0.000206
KCA,21,90,1,500,1,0.223252,0.208644,0.007779
KCF,21,90,1,500,1,0.191376,0.177127,0.007443
KCA,21,90,3,500,1,0.223898,0.209428,0.007372
KCF,21,90,3,500,1,0.20349,0.188992,0.007853
KCA,21,90,5,500,1,0.224464,0.208271,0.009302
KCF,21,90,5,500,1,0.199,0.184552,0.007249
KCA,21,90,7,500,1,0.220435,0.205868,0.007229
KCF,21,90,7,500,1,0.202918,0.188221,0.008061
KCA,21,90,9,500,1,0.223261,0.208758,0.007695
KCF,21,90,9,500,1,0.200158,0.186224,0.007544
KCA,41,90,1,500,1,0.821872,0.773113,0.025782
KCF,41,90,1,500,1,0.720609,0.669473,0.025854
KCA,41,90,3,500,1,0.822233,0.774135,0.025081
KCF,41,90,3,500,1,0.723515,0.67365,0.025841
KCA,41,90,5,500,1,0.814821,0.766251,0.02554
KCF,41,90,5,500,1,0.721134,0.670066,0.026912
KCA,41,90,7,500,1,0.817989,0.769183,0.025172
KCF,41,90,7,500,1,0.714849,0.666303,0.025367
KCA,41,90,9,500,1,0.816992,0.768539,0.025363
KCF,41,90,9,500,1,0.711844,0.663651,0.024942
KCA,61,90,1,500,1,1.56286,1.45936,0.054256
KCF,61,90,1,500,1,1.68645,1.58229,0.053646
KCA,61,90,3,500,1,1.55805,1.4529,0.054871
KCF,61,90,3,500,1,1.66076,1.55712,0.053326
KCA,61,90,5,500,1,1.5651,1.46103,0.05383
KCF,61,90,5,500,1,1.65269,1.54742,0.054834
KCA,61,90,7,500,1,1.54173,1.43993,0.053152
KCF,61,90,7,500,1,1.66212,1.55878,0.053602
KCA,61,90,9,500,1,1.5706,1.46806,0.053342
KCF,61,90,9,500,1,1.66649,1.56205,0.054558
KCA,81,90,1,500,1,2.72511,2.54917,0.091593
KCF,81,90,1,500,1,3.06821,2.89022,0.092251
KCA,81,90,3,500,1,2.78797,2.61158,0.091951
KCF,81,90,3,500,1,3.09133,2.91438,0.091754
KCA,81,90,5,500,1,2.70644,2.53101,0.091316
KCF,81,90,5,500,1,2.99596,2.81582,0.092953
KCA,81,90,7,500,1,2.7373,2.55894,0.092271
KCF,81,90,7,500,1,2.89092,2.71187,0.092613
KCA,81,90,9,500,1,2.8063,2.62896,0.091749
KCF,81,90,9,500,1,2.84695,2.67135,0.091653
KCA,101,90,1,500,1,4.502,4.23599,0.138099
KCF,101,90,1,500,1,4.20419,3.93564,0.139023
KCA,101,90,3,500,1,4.42397,4.15634,0.138609
KCF,101,90,3,500,1,4.08724,3.81882,0.138094
KCA,101,90,5,500,1,4.53118,4.26415,0.138449
KCF,101,90,5,500,1,4.05199,3.78196,0.139719
KCA,101,90,7,500,1,4.55704,4.28567,0.141203
KCF,101,90,7,500,1,4.08682,3.81434,0.141484
KCA,101,90,9,500,1,4.54458,4.2724,0.142096
KCF,101,90,9,500,1,4.24274,3.96747,0.142552
KCA,1,90,1,500,1,0.032326,0.03198,0.000197
KCF,1,90,1,500,1,0.030959,0.030652,0.000173
KCA,1,90,3,500,1,0.030807,0.030456,0.000217
KCF,1,90,3,500,1,0.03339,0.033079,0.000174
KCA,1,90,5,500,1,0.03119,0.030845,0.000198
KCF,1,90,5,500,1,0.03359,0.03321,0.000229
KCA,1,90,7,500,1,0.030672,0.030343,0.000188
KCF,1,90,7,500,1,0.031608,0.031213,0.000196
KCA,1,90,9,500,1,0.035293,0.034852,0.000246
KCF,1,90,9,500,1,0.037974,0.037651,0.000185
KCA,21,90,1,500,1,0.186077,0.170652,0.008045
KCF,21,90,1,500,1,0.15686,0.141906,0.008035
KCA,21,90,3,500,1,0.186625,0.169935,0.008839
KCF,21,90,3,500,1,0.156402,0.141684,0.007787
KCA,21,90,5,500,1,0.187178,0.17152,0.008506
KCF,21,90,5,500,1,0.159853,0.143852,0.008778
KCA,21,90,7,500,1,0.187538,0.170572,0.008734
KCF,21,90,7,500,1,0.162398,0.147273,0.008031
KCA,21,90,9,500,1,0.186698,0.170912,0.007891
KCF,21,90,9,500,1,0.201957,0.183203,0.011523
KCA,41,90,1,500,1,0.358917,0.305053,0.027811
KCF,41,90,1,500,1,0.397465,0.344568,0.0272
KCA,41,90,3,500,1,0.362745,0.309591,0.027677
KCF,41,90,3,500,1,0.402251,0.348331,0.027924
KCA,41,90,5,500,1,0.357473,0.305411,0.027184
KCF,41,90,5,500,1,0.395822,0.343568,0.027973
KCA,41,90,7,500,1,0.481462,0.386533,0.039009
KCF,41,90,7,500,1,0.396648,0.344444,0.027303
KCA,41,90,9,500,1,0.35498,0.302293,0.027711
KCF,41,90,9,500,1,0.394658,0.34298,0.027053
KCA,61,90,1,500,1,0.76145,0.652375,0.056904
KCF,61,90,1,500,1,0.839628,0.732392,0.056537
KCA,61,90,3,500,1,0.757275,0.646869,0.057437
KCF,61,90,3,500,1,0.829424,0.721527,0.057516
KCA,61,90,5,500,1,0.740061,0.629,0.057275
KCF,61,90,5,500,1,0.82932,0.722438,0.05683
KCA,61,90,7,500,1,0.774293,0.663851,0.057742
KCF,61,90,7,500,1,0.837289,0.72911,0.056798
KCA,61,90,9,500,1,0.759101,0.649136,0.057035
KCF,61,90,9,500,1,0.832718,0.726586,0.055607
KCA,81,90,1,500,1,1.42494,1.23955,0.097122
KCF,81,90,1,500,1,1.34533,1.16268,0.095825
KCA,81,90,3,500,1,1.42988,1.24456,0.097984
KCF,81,90,3,500,1,1.34163,1.16058,0.095468
KCA,81,90,5,500,1,1.72476,1.53661,0.10084
KCF,81,90,5,500,1,1.35079,1.14546,0.097822
KCA,81,90,7,500,1,1.43587,1.25098,0.09625
KCF,81,90,7,500,1,1.33736,1.15647,0.094816
KCA,81,90,9,500,1,1.43973,1.25446,0.097506
KCF,81,90,9,500,1,1.33839,1.16,0.094114
KCA,101,90,1,500,1,2.07441,1.79869,0.142658
KCF,101,90,1,500,1,1.98414,1.70832,0.144646
KCA,101,90,3,500,1,2.0652,1.79075,0.143985
KCF,101,90,3,500,1,1.95453,1.68459,0.141403
KCA,101,90,5,500,1,2.40487,2.1079,0.142091
KCF,101,90,5,500,1,1.95221,1.68005,0.143078
KCA,101,90,7,500,1,2.20151,1.9057,0.146366
KCF,101,90,7,500,1,1.97619,1.68703,0.144954
KCA,101,90,9,500,1,2.16021,1.86727,0.144665
KCF,101,90,9,500,1,1.95723,1.67835,0.147211
KCA,1,90,1,500,1,0.0253,0.024943,0.000213
KCF,1,90,1,500,1,0.026296,0.025945,0.000213
KCA,1,90,3,500,1,0.027071,0.026642,0.00024
KCF,1,90,3,500,1,0.027864,0.027507,0.000175
KCA,1,90,5,500,1,0.025424,0.024987,0.000252
KCF,1,90,5,500,1,0.040287,0.039857,0.000224
KCA,1,90,7,500,1,0.025173,0.024745,0.00025
KCF,1,90,7,500,1,0.025769,0.025338,0.000258
KCA,1,90,9,500,1,0.025823,0.025496,0.000194
KCF,1,90,9,500,1,0.026577,0.026221,0.000213
KCA,21,90,1,500,1,0.232703,0.216826,0.00863
KCF,21,90,1,500,1,0.207394,0.192034,0.008522
KCA,21,90,3,500,1,0.231151,0.216792,0.007364
KCF,21,90,3,500,1,0.203304,0.189004,0.007583
KCA,21,90,5,500,1,0.230751,0.215726,0.007843
KCF,21,90,5,500,1,0.204759,0.18858,0.008722
KCA,21,90,7,500,1,0.227243,0.212261,0.008285
KCF,21,90,7,500,1,0.218282,0.203752,0.007589
KCA,21,90,9,500,1,0.236961,0.220925,0.008343
KCF,21,90,9,500,1,0.210474,0.194398,0.009118
KCA,41,90,1,500,1,0.946004,0.894305,0.02784
KCF,41,90,1,500,1,0.748392,0.69599,0.027116
KCA,41,90,3,500,1,0.918992,0.866721,0.028018
KCF,41,90,3,500,1,0.734764,0.680709,0.028447
KCA,41,90,5,500,1,0.942473,0.891347,0.0274
KCF,41,90,5,500,1,0.729981,0.676971,0.027601
KCA,41,90,7,500,1,0.944815,0.893457,0.027499
KCF,41,90,7,500,1,0.732156,0.678781,0.027636
KCA,41,90,9,500,1,0.935749,0.885657,0.026288
KCF,41,90,9,500,1,0.728581,0.677508,0.026918
KCA,61,90,1,500,1,2.42042,2.31219,0.056019
KCF,61,90,1,500,1,1.74829,1.64127,0.056447
KCA,61,90,3,500,1,2.43212,2.32555,0.056132
KCF,61,90,3,500,1,1.67614,1.56887,0.055495
KCA,61,90,5,500,1,2.46173,2.35424,0.057126
KCF,61,90,5,500,1,1.75705,1.64918,0.05603
KCA,61,90,7,500,1,2.45638,2.35068,0.056316
KCF,61,90,7,500,1,1.87843,1.6755,0.118064
KCA,61,90,9,500,1,2.6632,2.54332,0.062961
KCF,61,90,9,500,1,1.74705,1.63969,0.05681
KCA,81,90,1,500,1,3.15825,2.97665,0.094712
KCF,81,90,1,500,1,6.40997,6.22521,0.096389
KCA,81,90,3,500,1,3.08199,2.90181,0.094181
KCF,81,90,3,500,1,6.55563,6.37282,0.095273
KCA,81,90,5,500,1,3.13576,2.95682,0.092696
KCF,81,90,5,500,1,6.37851,6.19686,0.095311
KCA,81,90,7,500,1,3.14822,2.96496,0.094047
KCF,81,90,7,500,1,6.46949,6.28512,0.094914
KCA,81,90,9,500,1,3.0943,2.91507,0.09374
KCF,81,90,9,500,1,6.40954,6.22997,0.094131
KCA,101,90,1,500,1,7.37139,7.08548,0.139993
KCF,101,90,1,500,1,5.76098,5.48281,0.140365
KCA,101,90,3,500,1,7.14383,6.87229,0.14098
KCF,101,90,3,500,1,5.75841,5.47598,0.142296
KCA,101,90,5,500,1,7.1543,6.88437,0.140375
KCF,101,90,5,500,1,5.90824,5.63927,0.138929
KCA,101,90,7,500,1,7.2429,6.97244,0.139656
KCF,101,90,7,500,1,5.75102,5.47966,0.141531
KCA,101,90,9,500,1,7.25326,6.97928,0.142334
KCF,101,90,9,500,1,5.88541,5.60354,0.142138
KCA,1,90,1,500,1,0.034515,0.034162,0.000202
KCF,1,90,1,500,1,0.033997,0.033622,0.000217
KCA,1,90,3,500,1,0.032957,0.032616,0.000187
KCF,1,90,3,500,1,0.033835,0.033501,0.000182
KCA,1,90,5,500,1,0.035472,0.035142,0.000184
KCF,1,90,5,500,1,0.032638,0.032332,0.000172
KCA,1,90,7,500,1,0.03322,0.032858,0.000219
KCF,1,90,7,500,1,0.034058,0.033703,0.000202
KCA,1,90,9,500,1,0.037394,0.037088,0.000172
KCF,1,90,9,500,1,0.034515,0.034179,0.000196
KCA,21,90,1,500,1,0.229967,0.215545,0.007596
KCF,21,90,1,500,1,0.197522,0.183746,0.007363
KCA,21,90,3,500,1,0.226385,0.211569,0.007864
KCF,21,90,3,500,1,0.192181,0.177743,0.007519
KCA,21,90,5,500,1,0.234048,0.218743,0.008044
KCF,21,90,5,500,1,0.201298,0.186766,0.007576
KCA,21,90,7,500,1,0.230689,0.214913,0.008547
KCF,21,90,7,500,1,0.201127,0.186534,0.007609
KCA,21,90,9,500,1,0.231846,0.216363,0.008019
KCF,21,90,9,500,1,0.195718,0.180614,0.007759
KCA,41,90,1,500,1,1.10616,1.05441,0.027004
KCF,41,90,1,500,1,0.853491,0.801412,0.027681
KCA,41,90,3,500,1,1.07146,1.01945,0.027485
KCF,41,90,3,500,1,0.846248,0.793246,0.028089
KCA,41,90,5,500,1,1.10671,1.05346,0.028685
KCF,41,90,5,500,1,0.85235,0.799354,0.027843
KCA,41,90,7,500,1,1.10381,1.05083,0.028694
KCF,41,90,7,500,1,0.854699,0.801413,0.028142
KCA,41,90,9,500,1,1.10416,1.05119,0.028235
KCF,41,90,9,500,1,0.85322,0.800427,0.027864
KCA,61,90,1,500,1,2.40054,2.2937,0.056366
KCF,61,90,1,500,1,2.17916,2.07225,0.056023
KCA,61,90,3,500,1,2.38189,2.27457,0.055689
KCF,61,90,3,500,1,2.17169,2.06438,0.056405
KCA,61,90,5,500,1,2.38302,2.27714,0.05595
KCF,61,90,5,500,1,2.24614,2.13952,0.056113
KCA,61,90,7,500,1,2.54424,2.42734,0.056856
KCF,61,90,7,500,1,2.14319,2.03646,0.056032
KCA,61,90,9,500,1,2.34524,2.23975,0.05533
KCF,61,90,9,500,1,2.16323,2.05707,0.056109
KCA,81,90,1,500,1,4.92167,4.74103,0.094563
KCF,81,90,1,500,1,7.7424,7.56459,0.093427
KCA,81,90,3,500,1,4.86998,4.69329,0.092517
KCF,81,90,3,500,1,7.67487,7.49633,0.09346
KCA,81,90,5,500,1,5.16308,4.97065,0.095511
KCF,81,90,5,500,1,7.5457,7.36653,0.093982
KCA,81,90,7,500,1,4.84879,4.6671,0.094168
KCF,81,90,7,500,1,7.47448,7.29651,0.093315
KCA,81,90,9,500,1,4.88483,4.70675,0.092845
KCF,81,90,9,500,1,7.71327,7.53587,0.093509
KCA,101,90,1,500,1,7.58058,7.31089,0.140669
KCF,101,90,1,500,1,5.7461,5.47143,0.143051
KCA,101,90,3,500,1,7.88406,7.56451,0.141081
KCF,101,90,3,500,1,5.60566,5.33197,0.142698
KCA,101,90,5,500,1,7.77675,7.50493,0.140969
KCF,101,90,5,500,1,5.74062,5.46591,0.142338
KCA,101,90,7,500,1,7.55729,7.28634,0.141225
KCF,101,90,7,500,1,5.6782,5.40188,0.142337
KCA,101,90,9,500,1,7.54474,7.27542,0.139734
KCF,101,90,9,500,1,5.76652,5.49391,0.141753
KCA,1,90,1,500,1,0.0254,0.025067,0.000195
KCF,1,90,1,500,1,0.026434,0.026012,0.000237
KCA,1,90,3,500,1,0.02562,0.025269,0.000196
KCF,1,90,3,500,1,0.0261,0.025791,0.000174
KCA,1,90,5,500,1,0.026093,0.025772,0.000178
KCF,1,90,5,500,1,0.025812,0.025343,0.000253
KCA,1,90,7,500,1,0.025966,0.025567,0.000228
KCF,1,90,7,500,1,0.028441,0.028063,0.000224
KCA,1,90,9,500,1,0.026013,0.025685,0.000186
KCF,1,90,9,500,1,0.026247,0.025908,0.000188
KCA,21,90,1,500,1,0.237579,0.222536,0.00734
KCF,21,90,1,500,1,0.201905,0.187477,0.007829
KCA,21,90,3,500,1,0.234495,0.219133,0.007898
KCF,21,90,3,500,1,0.209627,0.194243,0.00834
KCA,21,90,5,500,1,0.243965,0.22985,0.007374
KCF,21,90,5,500,1,0.202857,0.188469,0.007717
KCA,21,90,7,500,1,0.238817,0.224237,0.007359
KCF,21,90,7,500,1,0.200637,0.185764,0.008178
KCA,21,90,9,500,1,0.247709,0.232429,0.007702
KCF,21,90,9,500,1,0.20546,0.190597,0.007723
KCA,41,90,1,500,1,0.905743,0.854288,0.027138
KCF,41,90,1,500,1,0.766885,0.715407,0.027164
KCA,41,90,3,500,1,0.888455,0.838149,0.026377
KCF,41,90,3,500,1,0.74163,0.690933,0.026713
KCA,41,90,5,500,1,0.895944,0.844785,0.027396
KCF,41,90,5,500,1,0.761807,0.711248,0.026533
KCA,41,90,7,500,1,0.88272,0.833977,0.025541
KCF,41,90,7,500,1,0.746888,0.697646,0.025922
KCA,41,90,9,500,1,0.885993,0.836827,0.025832
KCF,41,90,9,500,1,0.757103,0.707037,0.02636
KCA,61,90,1,500,1,5.99142,5.88824,0.054521
KCF,61,90,1,500,1,2.32358,2.2184,0.055374
KCA,61,90,3,500,1,6.08628,5.97956,0.056262
KCF,61,90,3,500,1,2.35598,2.24896,0.056118
KCA,61,90,5,500,1,6.26092,6.15582,0.055558
KCF,61,90,5,500,1,2.7234,2.61357,0.059268
KCA,61,90,7,500,1,6.12571,6.01917,0.056832
KCF,61,90,7,500,1,2.43528,2.32787,0.057766
KCA,61,90,9,500,1,6.0481,5.94224,0.05579
KCF,61,90,9,500,1,2.3488,2.24159,0.056548
KCA,81,90,1,500,1,6.25837,6.07347,0.098807
KCF,81,90,1,500,1,5.19489,4.99662,0.108476
KCA,81,90,3,500,1,5.20949,5.03281,0.091762
KCF,81,90,3,500,1,4.76945,4.58621,0.097048
KCA,81,90,5,500,1,5.27509,5.09679,0.092862
KCF,81,90,5,500,1,4.7961,4.61152,0.096698
KCA,81,90,7,500,1,5.16094,4.98653,0.090877
KCF,81,90,7,500,1,4.77357,4.59435,0.094716
KCA,81,90,9,500,1,5.22002,5.0434,0.091431
KCF,81,90,9,500,1,4.79481,4.61471,0.094761
KCA,101,90,1,500,1,7.81763,7.54616,0.141114
KCF,101,90,1,500,1,6.00474,5.7303,0.141174
KCA,101,90,3,500,1,7.51837,7.24785,0.140224
KCF,101,90,3,500,1,5.95867,5.68464,0.141595
KCA,101,90,5,500,1,7.43983,7.17119,0.138592
KCF,101,90,5,500,1,5.95399,5.68506,0.140531
KCA,101,90,7,500,1,7.68751,7.42109,0.138252
KCF,101,90,7,500,1,5.98132,5.71168,0.139694
KCA,101,90,9,500,1,7.86057,7.59288,0.139095
KCF,101,90,9,500,1,5.97622,5.70287,0.141437
KCA,1,90,1,500,1,0.030675,0.030322,0.000178
KCF,1,90,1,500,1,0.03457,0.034158,0.000257
KCA,1,90,3,500,1,0.032426,0.032026,0.000212
KCF,1,90,3,500,1,0.032167,0.031828,0.000189
KCA,1,90,5,500,1,0.032288,0.031971,0.000176
KCF,1,90,5,500,1,0.032309,0.031975,0.000188
KCA,1,90,7,500,1,0.032354,0.031917,0.000252
KCF,1,90,7,500,1,0.031374,0.031056,0.000174
KCA,1,90,9,500,1,0.031389,0.030968,0.000231
KCF,1,90,9,500,1,0.032632,0.032294,0.000191
KCA,21,90,1,500,1,0.205331,0.191244,0.007387
KCF,21,90,1,500,1,0.197604,0.182971,0.0078
KCA,21,90,3,500,1,0.211134,0.197484,0.00717
KCF,21,90,3,500,1,0.2032,0.188339,0.007995
KCA,21,90,5,500,1,0.212727,0.198145,0.007897
KCF,21,90,5,500,1,0.205996,0.190556,0.008678
KCA,21,90,7,500,1,0.21498,0.200147,0.00767
KCF,21,90,7,500,1,0.203147,0.188743,0.007634
KCA,21,90,9,500,1,0.211136,0.197019,0.007564
KCF,21,90,9,500,1,0.201644,0.186874,0.007925
KCA,41,90,1,500,1,0.87865,0.828716,0.02583
KCF,41,90,1,500,1,0.740348,0.689698,0.026637
KCA,41,90,3,500,1,0.863587,0.813949,0.02609
KCF,41,90,3,500,1,0.771563,0.717389,0.02957
KCA,41,90,5,500,1,0.857301,0.808512,0.025391
KCF,41,90,5,500,1,0.765186,0.716095,0.025282
KCA,41,90,7,500,1,0.853704,0.805299,0.025363
KCF,41,90,7,500,1,0.767572,0.718868,0.025623
KCA,41,90,9,500,1,0.866169,0.81366,0.025345
KCF,41,90,9,500,1,0.753198,0.703614,0.025811
KCA,61,90,1,500,1,2.0343,1.93283,0.053132
KCF,61,90,1,500,1,1.72159,1.61706,0.053896
KCA,61,90,3,500,1,2.06081,1.95754,0.053382
KCF,61,90,3,500,1,1.8612,1.75628,0.055918
KCA,61,90,5,500,1,2.31915,2.21196,0.055552
KCF,61,90,5,500,1,2.17583,2.05353,0.064677
KCA,61,90,7,500,1,2.1232,1.9909,0.073007
KCF,61,90,7,500,1,1.82543,1.71912,0.056152
KCA,61,90,9,500,1,2.06275,1.95966,0.054461
KCF,61,90,9,500,1,1.80776,1.70169,0.055467
KCA,81,90,1,500,1,3.15546,2.97559,0.093607
KCF,81,90,1,500,1,3.42913,3.24619,0.09581
KCA,81,90,3,500,1,3.0571,2.87961,0.092623
KCF,81,90,3,500,1,3.59626,3.41507,0.093687
KCA,81,90,5,500,1,3.15244,2.97217,0.094013
KCF,81,90,5,500,1,3.52255,3.34185,0.093671
KCA,81,90,7,500,1,3.15915,2.97814,0.093472
KCF,81,90,7,500,1,3.53706,3.33209,0.118246
KCA,81,90,9,500,1,3.98476,3.77591,0.097024
KCF,81,90,9,500,1,3.70262,3.47877,0.095953
KCA,101,90,1,500,1,5.34006,5.07182,0.140271
KCF,101,90,1,500,1,4.43628,4.16202,0.14273
KCA,101,90,3,500,1,5.54297,5.27249,0.140852
KCF,101,90,3,500,1,4.5864,4.30728,0.14443
KCA,101,90,5,500,1,5.38089,5.11109,0.139465
KCF,101,90,5,500,1,4.53524,4.26514,0.141045
KCA,101,90,7,500,1,5.42374,5.1569,0.138697
KCF,101,90,7,500,1,4.5426,4.27139,0.140945
KCA,101,90,9,500,1,5.69949,5.42844,0.139822
KCF,101,90,9,500,1,4.5762,4.30029,0.142414
KCA,1,90,1,500,1,0.018382,0.018037,0.000196
KCF,1,90,1,500,1,0.021786,0.02137,0.000218
KCA,1,90,3,500,1,0.019326,0.01892,0.000259
KCF,1,90,3,500,1,0.019149,0.018811,0.000193
KCA,1,90,5,500,1,0.024656,0.024323,0.000194
KCF,1,90,5,500,1,0.019736,0.019286,0.000251
KCA,1,90,7,500,1,0.021351,0.021043,0.000166
KCF,1,90,7,500,1,0.018122,0.017778,0.000195
KCA,1,90,9,500,1,0.019253,0.018939,0.000184
KCF,1,90,9,500,1,0.017899,0.01755,0.000185
KCA,21,90,1,500,1,0.238238,0.224162,0.007256
KCF,21,90,1,500,1,0.215367,0.200207,0.008064
KCA,21,90,3,500,1,0.237401,0.222996,0.007702
KCF,21,90,3,500,1,0.214591,0.200169,0.00747
KCA,21,90,5,500,1,0.235889,0.221697,0.007624
KCF,21,90,5,500,1,0.215511,0.201203,0.007427
KCA,21,90,7,500,1,0.233431,0.219492,0.007309
KCF,21,90,7,500,1,0.215423,0.200861,0.007465
KCA,21,90,9,500,1,0.2241,0.209597,0.007725
KCF,21,90,9,500,1,0.216152,0.201856,0.007418
KCA,41,90,1,500,1,0.929419,0.879684,0.026119
KCF,41,90,1,500,1,0.757901,0.707414,0.026991
KCA,41,90,3,500,1,0.938593,0.888719,0.025728
KCF,41,90,3,500,1,0.746611,0.697002,0.025767
KCA,41,90,5,500,1,0.934027,0.883825,0.026037
KCF,41,90,5,500,1,0.714951,0.664839,0.026217
KCA,41,90,7,500,1,0.927751,0.878463,0.025815
KCF,41,90,7,500,1,0.761535,0.710691,0.025846
KCA,41,90,9,500,1,0.936581,0.88571,0.026695
KCF,41,90,9,500,1,0.869392,0.819416,0.025428
KCA,61,90,1,500,1,2.51794,2.41239,0.055911
KCF,61,90,1,500,1,1.68749,1.58035,0.056097
KCA,61,90,3,500,1,2.55194,2.44715,0.055017
KCF,61,90,3,500,1,1.72606,1.6223,0.053442
KCA,61,90,5,500,1,2.92245,2.81605,0.056113
KCF,61,90,5,500,1,2.1157,1.98521,0.060985
KCA,61,90,7,500,1,2.58194,2.4746,0.056705
KCF,61,90,7,500,1,1.63243,1.52577,0.055906
KCA,61,90,9,500,1,2.54959,2.44563,0.053869
KCF,61,90,9,500,1,1.66862,1.56361,0.054618
KCA,81,90,1,500,1,3.11619,2.93871,0.09236
KCF,81,90,1,500,1,6.21745,6.03704,0.094166
KCA,81,90,3,500,1,2.98425,2.80961,0.090679
KCF,81,90,3,500,1,6.02988,5.85195,0.092735
KCA,81,90,5,500,1,2.92808,2.74917,0.092213
KCF,81,90,5,500,1,6.02706,5.84703,0.094338
KCA,81,90,7,500,1,2.98254,2.80706,0.090337
KCF,81,90,7,500,1,6.02586,5.84886,0.093031
KCA,81,90,9,500,1,2.98712,2.81191,0.090747
KCF,81,90,9,500,1,6.0627,5.88344,0.093801
KCA,101,90,1,500,1,6.8418,6.5705,0.140411
KCF,101,90,1,500,1,5.59924,5.32765,0.140999
KCA,101,90,3,500,1,7.68027,7.38959,0.161294
KCF,101,90,3,500,1,6.36104,6.08405,0.141476
KCA,101,90,5,500,1,6.68949,6.4247,0.137034
KCF,101,90,5,500,1,5.8222,5.55326,0.139405
KCA,101,90,7,500,1,8.09152,7.78615,0.147311
KCF,101,90,7,500,1,6.34336,6.01191,0.142984
KCA,101,90,9,500,1,6.82536,6.55813,0.139677
KCF,101,90,9,500,1,5.94048,5.66576,0.142589
KCA,1,90,1,500,1,0.023851,0.023518,0.000189
KCF,1,90,1,500,1,0.032458,0.03211,0.0002
KCA,1,90,3,500,1,0.039846,0.039503,0.00019
KCF,1,90,3,500,1,0.024641,0.024303,0.000188
KCA,1,90,5,500,1,0.024848,0.024507,0.000207
KCF,1,90,5,500,1,0.025532,0.025181,0.000198
KCA,1,90,7,500,1,0.024891,0.024492,0.000212
KCF,1,90,7,500,1,0.023843,0.023405,0.000238
KCA,1,90,9,500,1,0.023927,0.023613,0.000167
KCF,1,90,9,500,1,0.024848,0.024477,0.000171
KCA,21,90,1,500,1,0.194502,0.180438,0.007179
KCF,21,90,1,500,1,0.181282,0.166362,0.008233
KCA,21,90,3,500,1,0.19479,0.180198,0.007369
KCF,21,90,3,500,1,0.183846,0.170166,0.007208
KCA,21,90,5,500,1,0.333707,0.309457,0.011445
KCF,21,90,5,500,1,0.31739,0.302535,0.008142
KCA,21,90,7,500,1,0.329695,0.310794,0.011895
KCF,21,90,7,500,1,0.301102,0.27652,0.010895
KCA,21,90,9,500,1,0.198349,0.182771,0.00795
KCF,21,90,9,500,1,0.185004,0.170247,0.007921
KCA,41,90,1,500,1,0.781563,0.731364,0.026599
KCF,41,90,1,500,1,0.720883,0.671061,0.025656
KCA,41,90,3,500,1,0.787024,0.737167,0.026263
KCF,41,90,3,500,1,0.718517,0.668418,0.02591
KCA,41,90,5,500,1,0.759604,0.71187,0.024579
KCF,41,90,5,500,1,0.709772,0.660353,0.025356
KCA,41,90,7,500,1,0.771745,0.720509,0.02754
KCF,41,90,7,500,1,0.72436,0.672747,0.02656
KCA,41,90,9,500,1,0.781687,0.731573,0.02639
KCF,41,90,9,500,1,0.712221,0.66155,0.026054
KCA,61,90,1,500,1,1.52506,1.42035,0.054911
KCF,61,90,1,500,1,1.47092,1.36544,0.055193
KCA,61,90,3,500,1,1.53036,1.4255,0.055109
KCF,61,90,3,500,1,1.46122,1.3561,0.054956
KCA,61,90,5,500,1,1.52404,1.42113,0.053896
KCF,61,90,5,500,1,1.43608,1.33318,0.053063
KCA,61,90,7,500,1,1.51181,1.40985,0.052857
KCF,61,90,7,500,1,1.38738,1.28552,0.052984
KCA,61,90,9,500,1,1.49446,1.39219,0.053732
KCF,61,90,9,500,1,1.44485,1.3394,0.055322
KCA,81,90,1,500,1,3.18466,3.00907,0.09146
KCF,81,90,1,500,1,2.66477,2.48612,0.092612
KCA,81,90,3,500,1,3.28182,3.10359,0.091351
KCF,81,90,3,500,1,2.61263,2.43769,0.090583
KCA,81,90,5,500,1,3.25476,3.07705,0.091878
KCF,81,90,5,500,1,2.60839,2.42923,0.093156
KCA,81,90,7,500,1,3.31543,3.13462,0.092788
KCF,81,90,7,500,1,2.61648,2.43872,0.092307
KCA,81,90,9,500,1,3.18047,3.00501,0.090713
KCF,81,90,9,500,1,2.61921,2.44376,0.090801
KCA,101,90,1,500,1,5.2925,4.99834,0.165811
KCF,101,90,1,500,1,4.22362,3.95742,0.137201
KCA,101,90,3,500,1,5.04217,4.77387,0.13851
KCF,101,90,3,500,1,4.19642,3.92953,0.138016
KCA,101,90,5,500,1,5.17344,4.90697,0.138821
KCF,101,90,5,500,1,4.15838,3.89118,0.13765
KCA,101,90,7,500,1,5.04245,4.77323,0.13798
KCF,101,90,7,500,1,4.19281,3.92514,0.139101
KCA,101,90,9,500,1,5.06101,4.79197,0.139297
KCF,101,90,9,500,1,4.2019,3.93271,0.139911
KCA,1,90,1,500,1,0.028531,0.028135,0.000222
KCF,1,90,1,500,1,0.031094,0.030729,0.000217
KCA,1,90,3,500,1,0.029253,0.028879,0.000215
KCF,1,90,3,500,1,0.028751,0.028377,0.000204
KCA,1,90,5,500,1,0.027876,0.02753,0.000212
KCF,1,90,5,500,1,0.028428,0.028061,0.000225
KCA,1,90,7,500,1,0.029232,0.028902,0.000183
KCF,1,90,7,500,1,0.039176,0.038859,0.000179
KCA,1,90,9,500,1,0.028305,0.027976,0.000194
KCF,1,90,9,500,1,0.028797,0.028476,0.000172
KCA,21,90,1,500,1,0.180479,0.165993,0.00715
KCF,21,90,1,500,1,0.174418,0.159565,0.008259
KCA,21,90,3,500,1,0.180313,0.165463,0.007859
KCF,21,90,3,500,1,0.178047,0.163031,0.008253
KCA,21,90,5,500,1,0.184327,0.168976,0.008269
KCF,21,90,5,500,1,0.175105,0.160076,0.007875
KCA,21,90,7,500,1,0.190114,0.173848,0.008594
KCF,21,90,7,500,1,0.178217,0.162432,0.008729
KCA,21,90,9,500,1,0.183902,0.169542,0.007488
KCF,21,90,9,500,1,0.175221,0.160088,0.008091
KCA,41,90,1,500,1,0.544403,0.492569,0.027586
KCF,41,90,1,500,1,0.44742,0.396386,0.026798
KCA,41,90,3,500,1,0.533339,0.484392,0.024827
KCF,41,90,3,500,1,0.447066,0.39761,0.026339
KCA,41,90,5,500,1,0.545768,0.495504,0.026458
KCF,41,90,5,500,1,0.436509,0.384612,0.026938
KCA,41,90,7,500,1,0.530626,0.480996,0.026193
KCF,41,90,7,500,1,0.443573,0.393601,0.025906
KCA,41,90,9,500,1,0.53964,0.490546,0.025614
KCF,41,90,9,500,1,0.446759,0.397706,0.025589
KCA,61,90,1,500,1,1.33332,1.23066,0.053361
KCF,61,90,1,500,1,1.16613,1.06042,0.056032
KCA,61,90,3,500,1,1.72472,1.59244,0.059466
KCF,61,90,3,500,1,1.33796,1.2266,0.057306
KCA,61,90,5,500,1,1.34776,1.24413,0.054808
KCF,61,90,5,500,1,1.21523,1.08117,0.056822
KCA,61,90,7,500,1,1.35562,1.25034,0.054987
KCF,61,90,7,500,1,1.17116,1.06543,0.055332
KCA,61,90,9,500,1,1.32211,1.21827,0.053838
KCF,61,90,9,500,1,1.15094,1.04792,0.053264
KCA,81,90,1,500,1,2.39492,2.21195,0.09541
KCF,81,90,1,500,1,2.03991,1.85958,0.094596
KCA,81,90,3,500,1,2.39832,2.21975,0.093031
KCF,81,90,3,500,1,1.9828,1.80485,0.092297
KCA,81,90,5,500,1,2.41588,2.23652,0.093712
KCF,81,90,5,500,1,1.92265,1.74315,0.092514
KCA,81,90,7,500,1,2.40427,2.22731,0.09185
KCF,81,90,7,500,1,1.97968,1.80176,0.092759
KCA,81,90,9,500,1,2.39092,2.21377,0.091934
KCF,81,90,9,500,1,1.98938,1.81083,0.093072
KCA,101,90,1,500,1,3.18401,2.91303,0.140123
KCF,101,90,1,500,1,2.69256,2.42101,0.139438
KCA,101,90,3,500,1,3.35127,3.08143,0.138983
KCF,101,90,3,500,1,2.66473,2.39577,0.13953
KCA,101,90,5,500,1,3.33295,3.06675,0.137166
KCF,101,90,5,500,1,2.60519,2.33865,0.137856
KCA,101,90,7,500,1,3.3385,3.07302,0.137156
KCF,101,90,7,500,1,2.53316,2.26825,0.136301
KCA,101,90,9,500,1,3.7025,3.38463,0.156275
KCF,101,90,9,500,1,2.74472,2.46617,0.141985
KCA,1,90,1,500,1,0.020372,0.019982,0.00023
KCF,1,90,1,500,1,0.021149,0.020812,0.00019
KCA,1,90,3,500,1,0.022652,0.022274,0.000234
KCF,1,90,3,500,1,0.022267,0.021905,0.000216
KCA,1,90,5,500,1,0.020411,0.020011,0.000233
KCF,1,90,5,500,1,0.027023,0.026708,0.000164
KCA,1,90,7,500,1,0.019222,0.018839,0.000249
KCF,1,90,7,500,1,0.021073,0.020605,0.000275
KCA,1,90,9,500,1,0.025391,0.025072,0.000171
KCF,1,90,9,500,1,0.021024,0.020704,0.000167
KCA,21,90,1,500,1,0.186476,0.172619,0.007308
KCF,21,90,1,500,1,0.177788,0.163266,0.007341
KCA,21,90,3,500,1,0.18323,0.168639,0.007911
KCF,21,90,3,500,1,0.178983,0.163524,0.00854
KCA,21,90,5,500,1,0.184089,0.169181,0.007726
KCF,21,90,5,500,1,0.178647,0.162915,0.008879
KCA,21,90,7,500,1,0.18648,0.172452,0.007543
KCF,21,90,7,500,1,0.184107,0.169184,0.008348
KCA,21,90,9,500,1,0.19047,0.175099,0.00796
KCF,21,90,9,500,1,0.182647,0.167709,0.008241
KCA,41,90,1,500,1,0.774496,0.726298,0.025133
KCF,41,90,1,500,1,0.644842,0.595778,0.02531
KCA,41,90,3,500,1,0.762897,0.712903,0.026177
KCF,41,90,3,500,1,0.632763,0.582689,0.025527
KCA,41,90,5,500,1,0.75813,0.708242,0.02625
KCF,41,90,5,500,1,0.647824,0.597656,0.025913
KCA,41,90,7,500,1,0.775789,0.727047,0.025639
KCF,41,90,7,500,1,0.642422,0.593778,0.025239
KCA,41,90,9,500,1,0.776456,0.728179,0.025146
KCF,41,90,9,500,1,0.647787,0.599256,0.025089
KCA,61,90,1,500,1,1.40031,1.29843,0.053234
KCF,61,90,1,500,1,1.10256,0.999928,0.052436
KCA,61,90,3,500,1,1.60187,1.49464,0.053412
KCF,61,90,3,500,1,1.1353,1.03288,0.052397
KCA,61,90,5,500,1,1.48474,1.38096,0.053863
KCF,61,90,5,500,1,1.13943,1.03668,0.052426
KCA,61,90,7,500,1,1.47301,1.36997,0.052988
KCF,61,90,7,500,1,1.13737,1.03265,0.054548
KCA,61,90,9,500,1,1.45385,1.35139,0.053014
KCF,61,90,9,500,1,1.12471,1.02299,0.052968
KCA,81,90,1,500,1,2.49389,2.31918,0.090119
KCF,81,90,1,500,1,2.96003,2.78584,0.090508
KCA,81,90,3,500,1,2.51086,2.33705,0.089758
KCF,81,90,3,500,1,2.95003,2.77316,0.091135
KCA,81,90,5,500,1,2.51461,2.33795,0.091304
KCF,81,90,5,500,1,3.14268,2.96478,0.092712
KCA,81,90,7,500,1,2.52164,2.34382,0.092224
KCF,81,90,7,500,1,2.89352,2.7164,0.091772
KCA,81,90,9,500,1,2.51556,2.34207,0.089765
KCF,81,90,9,500,1,2.9976,2.82278,0.090269
KCA,101,90,1,500,1,4.36315,4.09372,0.140323
KCF,101,90,1,500,1,5.14822,4.87634,0.140611
KCA,101,90,3,500,1,4.49278,4.22623,0.137637
KCF,101,90,3,500,1,4.77056,4.50407,0.137968
KCA,101,90,5,500,1,5.2767,5.00566,0.142028
KCF,101,90,5,500,1,5.75996,5.40476,0.14979
KCA,101,90,7,500,1,4.2704,4.00451,0.13839
KCF,101,90,7,500,1,5.25976,4.98722,0.14191
KCA,101,90,9,500,1,4.35282,4.08742,0.136978
KCF,101,90,9,500,1,5.02795,4.76248,0.137413
KCA,1,90,1,500,1,0.035063,0.034708,0.000196
KCF,1,90,1,500,1,0.035636,0.035276,0.000214
KCA,1,90,3,500,1,0.034368,0.033939,0.000244
KCF,1,90,3,500,1,0.034552,0.034198,0.000202
KCA,1,90,5,500,1,0.034528,0.034176,0.000218
KCF,1,90,5,500,1,0.034603,0.034272,0.000186
KCA,1,90,7,500,1,0.035052,0.034739,0.000174
KCF,1,90,7,500,1,0.034694,0.034347,0.000208
KCA,1,90,9,500,1,0.033502,0.033163,0.000194
KCF,1,90,9,500,1,0.034794,0.034446,0.000203
KCA,21,90,1,500,1,0.213056,0.198162,0.007724
KCF,21,90,1,500,1,0.197362,0.183249,0.007248
KCA,21,90,3,500,1,0.213377,0.198986,0.007195
KCF,21,90,3,500,1,0.201205,0.187027,0.007552
KCA,21,90,5,500,1,0.212335,0.196434,0.008357
KCF,21,90,5,500,1,0.198651,0.183902,0.008127
KCA,21,90,7,500,1,0.213634,0.198774,0.008065
KCF,21,90,7,500,1,0.205097,0.190691,0.007861
KCA,21,90,9,500,1,0.214562,0.200509,0.007225
KCF,21,90,9,500,1,0.201603,0.187842,0.007184
KCA,41,90,1,500,1,0.79075,0.74106,0.026461
KCF,41,90,1,500,1,0.620672,0.570528,0.02615
KCA,41,90,3,500,1,0.807825,0.75867,0.025992
KCF,41,90,3,500,1,0.619213,0.569701,0.025436
KCA,41,90,5,500,1,0.791796,0.743144,0.025786
KCF,41,90,5,500,1,0.622273,0.573535,0.025332
KCA,41,90,7,500,1,0.806347,0.756646,0.025643
KCF,41,90,7,500,1,0.624332,0.575143,0.025591
KCA,41,90,9,500,1,0.79114,0.742238,0.025933
KCF,41,90,9,500,1,0.621839,0.571919,0.025895
KCA,61,90,1,500,1,2.09278,1.99122,0.053106
KCF,61,90,1,500,1,1.53695,1.40928,0.07792
KCA,61,90,3,500,1,2.08197,1.97992,0.053416
KCF,61,90,3,500,1,1.50319,1.39989,0.053922
KCA,61,90,5,500,1,2.07648,1.97432,0.053637
KCF,61,90,5,500,1,1.50909,1.40275,0.055533
KCA,61,90,7,500,1,2.08842,1.98499,0.054354
KCF,61,90,7,500,1,1.51863,1.41343,0.055339
KCA,61,90,9,500,1,2.08418,1.982,0.053654
KCF,61,90,9,500,1,1.47217,1.36608,0.055811
KCA,81,90,1,500,1,3.17486,2.99711,0.092035
KCF,81,90,1,500,1,3.51493,3.33436,0.094186
KCA,81,90,3,500,1,3.14615,2.97268,0.089683
KCF,81,90,3,500,1,3.5058,3.33154,0.090367
KCA,81,90,5,500,1,3.29351,3.12025,0.089886
KCF,81,90,5,500,1,3.46643,3.29232,0.089663
KCA,81,90,7,500,1,3.15975,2.98556,0.090831
KCF,81,90,7,500,1,3.4912,3.31504,0.091136
KCA,81,90,9,500,1,3.14973,2.97139,0.092575
KCF,81,90,9,500,1,3.40089,3.22399,0.091266
KCA,101,90,1,500,1,6.23867,5.96766,0.141338
KCF,101,90,1,500,1,4.8225,4.54863,0.141815
KCA,101,90,3,500,1,6.23243,5.96563,0.138753
KCF,101,90,3,500,1,4.75757,4.49132,0.137329
KCA,101,90,5,500,1,6.1254,5.86028,0.137427
KCF,101,90,5,500,1,4.92392,4.65604,0.138264
KCA,101,90,7,500,1,6.18262,5.91871,0.136819
KCF,101,90,7,500,1,4.82797,4.56133,0.137294
KCA,101,90,9,500,1,6.25046,5.97908,0.140607
KCF,101,90,9,500,1,4.80756,4.53363,0.141318
KCA,1,90,1,500,2,0.053171,0.052605,0.000301
KCF,1,90,1,500,2,0.055748,0.055072,0.000347
KCA,1,90,3,500,2,0.051644,0.051029,0.000359
KCF,1,90,3,500,2,0.049422,0.048826,0.000355
KCA,1,90,5,500,2,0.051165,0.050465,0.000342
KCF,1,90,5,500,2,0.050115,0.049524,0.00032
KCA,1,90,7,500,2,0.049154,0.048472,0.000333
KCF,1,90,7,500,2,0.054173,0.053621,0.0003
KCA,1,90,9,500,2,0.063007,0.062375,0.000333
KCF,1,90,9,500,2,0.059236,0.058621,0.000304
KCA,21,90,1,500,1,0.11958,0.103221,0.008927
KCF,21,90,1,500,1,0.119658,0.10499,0.007725
KCA,21,90,3,500,1,0.136654,0.11771,0.010858
KCF,21,90,3,500,1,0.210693,0.191144,0.011553
KCA,21,90,5,500,1,0.122399,0.106595,0.00855
KCF,21,90,5,500,1,0.119483,0.103998,0.008377
KCA,21,90,7,500,1,0.118538,0.103304,0.008282
KCF,21,90,7,500,1,0.120876,0.105331,0.008308
KCA,21,90,9,500,1,0.192191,0.167691,0.01
KCF,21,90,9,500,1,0.192341,0.174365,0.010936
KCA,41,90,1,500,1,0.369948,0.302203,0.037897
KCF,41,90,1,500,1,0.233152,0.181609,0.02623
KCA,41,90,3,500,1,0.246291,0.194452,0.026931
KCF,41,90,3,500,1,0.23219,0.180967,0.025773
KCA,41,90,5,500,1,0.258475,0.20575,0.027147
KCF,41,90,5,500,1,0.230001,0.179703,0.025808
KCA,41,90,7,500,1,0.250641,0.19813,0.026718
KCF,41,90,7,500,1,0.232861,0.181912,0.026129
KCA,41,90,9,500,1,0.363738,0.311014,0.026991
KCF,41,90,9,500,1,0.493964,0.414661,0.045441
KCA,61,90,1,500,1,0.483351,0.37435,0.056471
KCF,61,90,1,500,1,0.436042,0.332246,0.053774
KCA,61,90,3,500,1,0.4911,0.380184,0.05705
KCF,61,90,3,500,1,0.441477,0.335477,0.055205
KCA,61,90,5,500,1,0.479511,0.370525,0.056222
KCF,61,90,5,500,1,0.443299,0.338536,0.054305
KCA,61,90,7,500,1,0.489196,0.378518,0.056787
KCF,61,90,7,500,1,0.442363,0.335898,0.05555
KCA,61,90,9,500,1,0.484976,0.376232,0.05645
KCF,61,90,9,500,1,0.445542,0.341122,0.054162
KCA,81,90,1,500,1,0.921151,0.73752,0.095635
KCF,81,90,1,500,1,0.912157,0.728597,0.094584
KCA,81,90,3,500,1,1.13365,0.944936,0.09701
KCF,81,90,3,500,1,1.13273,0.934846,0.113269
KCA,81,90,5,500,1,0.929009,0.7378,0.094717
KCF,81,90,5,500,1,0.925795,0.748615,0.093036
KCA,81,90,7,500,1,0.888125,0.706258,0.095578
KCF,81,90,7,500,1,0.939257,0.755863,0.09401
KCA,81,90,9,500,1,0.917632,0.734356,0.095754
KCF,81,90,9,500,1,0.926918,0.748217,0.092414
KCA,101,90,1,500,1,1.63556,1.35809,0.143984
KCF,101,90,1,500,1,1.31306,1.04155,0.140091
KCA,101,90,3,500,1,1.64731,1.36897,0.144511
KCF,101,90,3,500,1,1.30952,1.03806,0.140402
KCA,101,90,5,500,1,2.07311,1.6848,0.186134
KCF,101,90,5,500,1,1.60306,1.27596,0.173703
KCA,101,90,7,500,1,1.66228,1.38477,0.144823
KCF,101,90,7,500,1,1.32202,1.04928,0.141063
KCA,101,90,9,500,1,1.66426,1.38998,0.143092
KCF,101,90,9,500,1,1.41265,1.1185,0.162679
KCA,1,90,1,500,2,0.09591,0.095282,0.000324
KCF,1,90,1,500,2,0.057837,0.05719,0.000314
KCA,1,90,3,500,2,0.043862,0.043254,0.000302
KCF,1,90,3,500,2,0.043681,0.043097,0.00033
KCA,1,90,5,500,2,0.044623,0.043969,0.000346
KCF,1,90,5,500,2,0.044957,0.044224,0.000372
KCA,1,90,7,500,2,0.050783,0.050119,0.000359
KCF,1,90,7,500,2,0.044109,0.043414,0.000373
KCA,1,90,9,500,2,0.049319,0.048619,0.000363
KCF,1,90,9,500,2,0.047704,0.047102,0.000323
KCA,21,90,1,500,1,0.177419,0.161129,0.008625
KCF,21,90,1,500,1,0.17034,0.154814,0.008636
KCA,21,90,3,500,1,0.175183,0.160229,0.007533
KCF,21,90,3,500,1,0.167698,0.152838,0.007678
KCA,21,90,5,500,1,0.176771,0.160561,0.008562
KCF,21,90,5,500,1,0.165448,0.150293,0.008287
KCA,21,90,7,500,1,0.175883,0.159944,0.008485
KCF,21,90,7,500,1,0.16859,0.152466,0.008839
KCA,21,90,9,500,1,0.170253,0.156614,0.007147
KCF,21,90,9,500,1,0.163854,0.149261,0.007533
KCA,41,90,1,500,1,0.599855,0.547302,0.027991
KCF,41,90,1,500,1,0.473875,0.421668,0.027144
KCA,41,90,3,500,1,0.58042,0.528638,0.027565
KCF,41,90,3,500,1,0.475702,0.424593,0.026971
KCA,41,90,5,500,1,0.566186,0.516743,0.02613
KCF,41,90,5,500,1,0.4753,0.425945,0.02572
KCA,41,90,7,500,1,0.574148,0.52405,0.026102
KCF,41,90,7,500,1,0.475918,0.424495,0.027301
KCA,41,90,9,500,1,0.567339,0.517954,0.025563
KCF,41,90,9,500,1,0.472074,0.421736,0.025933
KCA,61,90,1,500,1,1.26878,1.16303,0.055076
KCF,61,90,1,500,1,1.216,1.1097,0.05655
KCA,61,90,3,500,1,1.25358,1.15004,0.053184
KCF,61,90,3,500,1,1.19044,1.08581,0.055544
KCA,61,90,5,500,1,1.25976,1.15569,0.05374
KCF,61,90,5,500,1,1.16619,1.06146,0.054681
KCA,61,90,7,500,1,1.25714,1.15354,0.05349
KCF,61,90,7,500,1,1.16308,1.05856,0.05478
KCA,61,90,9,500,1,1.29102,1.16113,0.079634
KCF,61,90,9,500,1,1.25419,1.13926,0.058369
KCA,81,90,1,500,1,2.17371,1.9985,0.090769
KCF,81,90,1,500,1,1.78321,1.60423,0.093905
KCA,81,90,3,500,1,2.19016,2.01137,0.092593
KCF,81,90,3,500,1,1.78301,1.60326,0.093418
KCA,81,90,5,500,1,2.14005,1.96032,0.091224
KCF,81,90,5,500,1,1.77287,1.59536,0.092476
KCA,81,90,7,500,1,2.11881,1.94148,0.091704
KCF,81,90,7,500,1,1.78724,1.60929,0.092673
KCA,81,90,9,500,1,2.15156,1.97264,0.093025
KCF,81,90,9,500,1,1.6612,1.48341,0.091876
KCA,101,90,1,500,1,3.42793,3.15712,0.141625
KCF,101,90,1,500,1,3.45068,3.15568,0.160849
KCA,101,90,3,500,1,2.85987,2.59463,0.137304
KCF,101,90,3,500,1,3.12139,2.85567,0.137353
KCA,101,90,5,500,1,2.95755,2.68636,0.140733
KCF,101,90,5,500,1,3.26945,2.9892,0.141174
KCA,101,90,7,500,1,2.95869,2.69242,0.136815
KCF,101,90,7,500,1,3.10211,2.83352,0.139327
KCA,101,90,9,500,1,2.93816,2.67024,0.139241
KCF,101,90,9,500,1,3.13767,2.86937,0.138724
KCA,1,90,1,500,1,0.037983,0.037671,0.000172
KCF,1,90,1,500,1,0.045478,0.04512,0.000217
KCA,1,90,3,500,1,0.038337,0.038005,0.000192
KCF,1,90,3,500,1,0.038196,0.037812,0.000218
KCA,1,90,5,500,1,0.037407,0.037029,0.000178
KCF,1,90,5,500,1,0.039822,0.039485,0.000202
KCA,1,90,7,500,1,0.037045,0.036665,0.00023
KCF,1,90,7,500,1,0.047604,0.047241,0.000189
KCA,1,90,9,500,1,0.040467,0.040112,0.000193
KCF,1,90,9,500,1,0.037952,0.03759,0.0002
KCA,21,90,1,500,1,0.256634,0.242657,0.007183
KCF,21,90,1,500,1,0.219077,0.204174,0.008358
KCA,21,90,3,500,1,0.266999,0.252943,0.007383
KCF,21,90,3,500,1,0.231616,0.216977,0.007964
KCA,21,90,5,500,1,0.268865,0.254818,0.007404
KCF,21,90,5,500,1,0.233099,0.217958,0.008094
KCA,21,90,7,500,1,0.272572,0.25696,0.008044
KCF,21,90,7,500,1,0.236604,0.221438,0.008061
KCA,21,90,9,500,1,0.265518,0.249822,0.008243
KCF,21,90,9,500,1,0.237306,0.22202,0.008038
KCA,41,90,1,500,1,1.23134,1.17863,0.028343
KCF,41,90,1,500,1,0.932294,0.879484,0.028148
KCA,41,90,3,500,1,1.23278,1.17971,0.027618
KCF,41,90,3,500,1,0.933564,0.880933,0.027493
KCA,41,90,5,500,1,1.22171,1.16946,0.027536
KCF,41,90,5,500,1,0.937806,0.884818,0.027494
KCA,41,90,7,500,1,1.22805,1.17618,0.027386
KCF,41,90,7,500,1,0.930985,0.877109,0.028223
KCA,41,90,9,500,1,1.23326,1.18104,0.027629
KCF,41,90,9,500,1,0.953045,0.900295,0.027919
KCA,61,90,1,500,1,6.59448,6.49217,0.053206
KCF,61,90,1,500,1,5.06043,4.95574,0.054903
KCA,61,90,3,500,1,7.60575,7.49809,0.057325
KCF,61,90,3,500,1,5.91746,5.76907,0.069309
KCA,61,90,5,500,1,6.55537,6.45251,0.053547
KCF,61,90,5,500,1,5.13913,5.03478,0.055084
KCA,61,90,7,500,1,6.48807,6.38484,0.053738
KCF,61,90,7,500,1,5.23367,5.12836,0.056382
KCA,61,90,9,500,1,6.44344,6.33609,0.057334
KCF,61,90,9,500,1,5.23667,5.12787,0.056054
KCA,81,90,1,500,1,6.95427,6.77711,0.091627
KCF,81,90,1,500,1,8.90484,8.72495,0.093207
KCA,81,90,3,500,1,6.91955,6.74442,0.090579
KCF,81,90,3,500,1,8.84309,8.66389,0.093934
KCA,81,90,5,500,1,6.87331,6.69742,0.091108
KCF,81,90,5,500,1,9.73584,9.55504,0.094535
KCA,81,90,7,500,1,6.99002,6.81243,0.091761
KCF,81,90,7,500,1,8.84777,8.67068,0.092303
KCA,81,90,9,500,1,6.94656,6.76987,0.091623
KCF,81,90,9,500,1,8.79367,8.61393,0.092801
KCA,101,90,1,500,1,10.5122,10.2448,0.138584
KCF,101,90,1,500,1,7.68788,7.41331,0.14094
KCA,101,90,3,500,1,10.4908,10.2231,0.137918
KCF,101,90,3,500,1,7.94574,7.67713,0.139485
KCA,101,90,5,500,1,10.4943,10.2248,0.139853
KCF,101,90,5,500,1,7.96513,7.68948,0.142475
KCA,101,90,7,500,1,10.4396,10.175,0.137123
KCF,101,90,7,500,1,7.94923,7.67869,0.140172
KCA,101,90,9,500,1,11.6494,11.3808,0.138364
KCF,101,90,9,500,1,7.90093,7.63256,0.138248
KCA,1,90,1,500,2,0.046908,0.04629,0.000332
KCF,1,90,1,500,2,0.050206,0.0494,0.000488
KCA,1,90,3,500,2,0.04879,0.048227,0.000301
KCF,1,90,3,500,2,0.047363,0.046807,0.000295
KCA,1,90,5,500,2,0.048299,0.047727,0.000323
KCF,1,90,5,500,2,0.04779,0.047226,0.000317
KCA,1,90,7,500,2,0.046563,0.046029,0.0003
KCF,1,90,7,500,2,0.047503,0.046854,0.000324
KCA,1,90,9,500,2,0.050954,0.050326,0.000322
KCF,1,90,9,500,2,0.047254,0.046642,0.000324
KCA,21,90,1,500,1,0.230637,0.214631,0.00864
KCF,21,90,1,500,1,0.208553,0.193023,0.008641
KCA,21,90,3,500,1,0.176248,0.16022,0.008661
KCF,21,90,3,500,1,0.20996,0.193501,0.009138
KCA,21,90,5,500,1,0.180699,0.165016,0.008441
KCF,21,90,5,500,1,0.210881,0.195467,0.00857
KCA,21,90,7,500,1,0.181887,0.165498,0.008818
KCF,21,90,7,500,1,0.206441,0.191612,0.007807
KCA,21,90,9,500,1,0.206546,0.190958,0.007801
KCF,21,90,9,500,1,0.212563,0.198009,0.007491
KCA,41,90,1,500,1,0.459107,0.406318,0.027429
KCF,41,90,1,500,1,0.455875,0.404294,0.026904
KCA,41,90,3,500,1,0.487281,0.434663,0.027515
KCF,41,90,3,500,1,0.468427,0.413974,0.027942
KCA,41,90,5,500,1,0.4658,0.413273,0.027516
KCF,41,90,5,500,1,0.444016,0.392717,0.026688
KCA,41,90,7,500,1,0.46413,0.412077,0.0272
KCF,41,90,7,500,1,0.452595,0.399917,0.027461
KCA,41,90,9,500,1,0.469454,0.416754,0.027741
KCF,41,90,9,500,1,0.441195,0.388803,0.027704
KCA,61,90,1,500,1,1.21339,1.10331,0.058322
KCF,61,90,1,500,1,1.08207,0.972833,0.057735
KCA,61,90,3,500,1,1.15812,1.04955,0.057144
KCF,61,90,3,500,1,1.09973,0.992014,0.057066
KCA,61,90,5,500,1,1.21801,1.10954,0.05702
KCF,61,90,5,500,1,1.11624,1.00882,0.056592
KCA,61,90,7,500,1,1.23576,1.1253,0.057404
KCF,61,90,7,500,1,1.11113,1.0038,0.056651
KCA,61,90,9,500,1,1.23394,1.12407,0.057601
KCF,61,90,9,500,1,1.08434,0.977295,0.056034
KCA,81,90,1,500,1,2.12891,1.94705,0.095103
KCF,81,90,1,500,1,1.94316,1.76144,0.095726
KCA,81,90,3,500,1,2.13803,1.9563,0.095135
KCF,81,90,3,500,1,1.92721,1.74674,0.094389
KCA,81,90,5,500,1,2.14375,1.96137,0.095311
KCF,81,90,5,500,1,1.93082,1.75096,0.094468
KCA,81,90,7,500,1,2.43705,2.23105,0.106997
KCF,81,90,7,500,1,2.0044,1.81373,0.09736
KCA,81,90,9,500,1,2.16048,1.97413,0.099211
KCF,81,90,9,500,1,1.91599,1.73722,0.093593
KCA,101,90,1,500,1,3.23004,2.95777,0.141728
KCF,101,90,1,500,1,2.55991,2.28907,0.140932
KCA,101,90,3,500,1,3.14539,2.87157,0.14122
KCF,101,90,3,500,1,2.45559,2.18397,0.141715
KCA,101,90,5,500,1,3.16477,2.89489,0.140157
KCF,101,90,5,500,1,2.55896,2.28771,0.141594
KCA,101,90,7,500,1,3.18738,2.91176,0.14155
KCF,101,90,7,500,1,2.56044,2.28745,0.141752
KCA,101,90,9,500,1,3.14747,2.87379,0.142106
KCF,101,90,9,500,1,2.56443,2.29515,0.139305
KCA,1,90,1,500,1,0.033026,0.032663,0.000225
KCF,1,90,1,500,1,0.033034,0.032631,0.000213
KCA,1,90,3,500,1,0.032994,0.032644,0.000209
KCF,1,90,3,500,1,0.033945,0.033556,0.000208
KCA,1,90,5,500,1,0.033458,0.033153,0.000171
KCF,1,90,5,500,1,0.03805,0.037732,0.000183
KCA,1,90,7,500,1,0.034082,0.033713,0.000199
KCF,1,90,7,500,1,0.033846,0.033471,0.000218
KCA,1,90,9,500,1,0.033122,0.032699,0.000232
KCF,1,90,9,500,1,0.033256,0.032895,0.000224
KCA,21,90,1,500,1,0.198979,0.182602,0.008915
KCF,21,90,1,500,1,0.2041,0.189239,0.007888
KCA,21,90,3,500,1,0.198227,0.181934,0.008474
KCF,21,90,3,500,1,0.193412,0.178013,0.008382
KCA,21,90,5,500,1,0.200612,0.185483,0.007714
KCF,21,90,5,500,1,0.189746,0.174957,0.007895
KCA,21,90,7,500,1,0.194542,0.17806,0.008689
KCF,21,90,7,500,1,0.190638,0.175545,0.008266
KCA,21,90,9,500,1,0.196165,0.180863,0.007997
KCF,21,90,9,500,1,0.194423,0.179645,0.007796
KCA,41,90,1,500,1,0.603053,0.549041,0.028726
KCF,41,90,1,500,1,0.475641,0.423637,0.02747
KCA,41,90,3,500,1,0.60206,0.548922,0.028204
KCF,41,90,3,500,1,0.482462,0.428934,0.028271
KCA,41,90,5,500,1,0.607746,0.554814,0.028017
KCF,41,90,5,500,1,0.483233,0.429353,0.028419
KCA,41,90,7,500,1,0.605341,0.553296,0.027311
KCF,41,90,7,500,1,0.483988,0.431899,0.02743
KCA,41,90,9,500,1,0.607487,0.5536,0.028248
KCF,41,90,9,500,1,0.483539,0.430339,0.027327
KCA,61,90,1,500,1,1.1557,1.04573,0.057836
KCF,61,90,1,500,1,1.03949,0.93121,0.057073
KCA,61,90,3,500,1,0.986558,0.878905,0.056728
KCF,61,90,3,500,1,1.0248,0.916645,0.057124
KCA,61,90,5,500,1,0.993289,0.883694,0.057481
KCF,61,90,5,500,1,1.03826,0.929512,0.057687
KCA,61,90,7,500,1,0.970113,0.867525,0.053655
KCF,61,90,7,500,1,1.0371,0.931844,0.05548
KCA,61,90,9,500,1,0.985034,0.87236,0.060388
KCF,61,90,9,500,1,1.04476,0.936515,0.056872
KCA,81,90,1,500,1,2.19725,2.01545,0.094381
KCF,81,90,1,500,1,1.9742,1.79395,0.093829
KCA,81,90,3,500,1,2.15206,1.97224,0.090785
KCF,81,90,3,500,1,1.78676,1.61193,0.090619
KCA,81,90,5,500,1,2.16134,1.98104,0.092918
KCF,81,90,5,500,1,1.94568,1.7664,0.092099
KCA,81,90,7,500,1,2.18111,2.00291,0.093148
KCF,81,90,7,500,1,1.962,1.77931,0.09503
KCA,81,90,9,500,1,2.14596,1.96484,0.096115
KCF,81,90,9,500,1,1.98667,1.80347,0.094382
KCA,101,90,1,500,1,2.21551,1.94434,0.140524
KCF,101,90,1,500,1,3.1045,2.83561,0.139103
KCA,101,90,3,500,1,2.22238,1.94893,0.141712
KCF,101,90,3,500,1,3.12747,2.83458,0.164693
KCA,101,90,5,500,1,2.38584,2.115,0.140104
KCF,101,90,5,500,1,3.07365,2.80137,0.142995
KCA,101,90,7,500,1,2.37019,2.10385,0.137319
KCF,101,90,7,500,1,3.10505,2.82632,0.147275
KCA,101,90,9,500,1,2.38378,2.11308,0.139201
KCF,101,90,9,500,1,3.09281,2.82607,0.138252
KCA,1,90,1,500,1,0.031113,0.030769,0.000182
KCF,1,90,1,500,1,0.031127,0.030719,0.000226
KCA,1,90,3,500,1,0.031029,0.030612,0.000225
KCF,1,90,3,500,1,0.030909,0.030594,0.000177
KCA,1,90,5,500,1,0.03139,0.03104,0.000181
KCF,1,90,5,500,1,0.031217,0.030843,0.000214
KCA,1,90,7,500,1,0.031356,0.03104,0.000183
KCF,1,90,7,500,1,0.032715,0.032358,0.00022
KCA,1,90,9,500,1,0.03106,0.030744,0.000176
KCF,1,90,9,500,1,0.037274,0.036909,0.000181
KCA,21,90,1,500,1,0.176331,0.161614,0.008162
KCF,21,90,1,500,1,0.170722,0.156303,0.007475
KCA,21,90,3,500,1,0.176256,0.161792,0.007338
KCF,21,90,3,500,1,0.164235,0.149925,0.007423
KCA,21,90,5,500,1,0.176608,0.161552,0.007703
KCF,21,90,5,500,1,0.169394,0.15439,0.008048
KCA,21,90,7,500,1,0.183571,0.168015,0.008457
KCF,21,90,7,500,1,0.169448,0.155061,0.007464
KCA,21,90,9,500,1,0.179248,0.165175,0.007593
KCF,21,90,9,500,1,0.169863,0.155262,0.007816
KCA,41,90,1,500,1,0.510031,0.459465,0.02681
KCF,41,90,1,500,1,0.437356,0.386398,0.02593
KCA,41,90,3,500,1,0.509125,0.460166,0.02573
KCF,41,90,3,500,1,0.432533,0.383297,0.025592
KCA,41,90,5,500,1,0.509615,0.461315,0.025131
KCF,41,90,5,500,1,0.437362,0.387494,0.025231
KCA,41,90,7,500,1,0.494736,0.445599,0.025549
KCF,41,90,7,500,1,0.434731,0.385535,0.025411
KCA,41,90,9,500,1,0.502924,0.452199,0.027028
KCF,41,90,9,500,1,0.446986,0.397752,0.02513
KCA,61,90,1,500,1,1.11183,1.0062,0.055262
KCF,61,90,1,500,1,1.18363,1.07596,0.056417
KCA,61,90,3,500,1,1.07937,0.976771,0.05394
KCF,61,90,3,500,1,1.1685,1.06481,0.054612
KCA,61,90,5,500,1,1.11826,1.01481,0.054435
KCF,61,90,5,500,1,1.17454,1.06734,0.056507
KCA,61,90,7,500,1,1.10533,1.00296,0.053208
KCF,61,90,7,500,1,1.17195,1.06737,0.054725
KCA,61,90,9,500,1,1.11236,1.0084,0.053996
KCF,61,90,9,500,1,1.17572,1.07185,0.053941
KCA,81,90,1,500,1,2.05937,1.88141,0.090972
KCF,81,90,1,500,1,2.05122,1.87176,0.095016
KCA,81,90,3,500,1,2.04628,1.86667,0.092907
KCF,81,90,3,500,1,2.04926,1.86953,0.093445
KCA,81,90,5,500,1,2.05969,1.88316,0.091641
KCF,81,90,5,500,1,2.03529,1.85486,0.093742
KCA,81,90,7,500,1,2.05808,1.88238,0.091443
KCF,81,90,7,500,1,2.02231,1.8468,0.090342
KCA,81,90,9,500,1,2.05306,1.87743,0.090571
KCF,81,90,9,500,1,2.03961,1.86373,0.091498
KCA,101,90,1,500,1,3.7741,3.50713,0.138603
KCF,101,90,1,500,1,3.35726,3.08771,0.140194
KCA,101,90,3,500,1,3.77267,3.50758,0.137477
KCF,101,90,3,500,1,3.29811,3.0304,0.138626
KCA,101,90,5,500,1,3.76499,3.49915,0.137666
KCF,101,90,5,500,1,3.28367,3.01642,0.138871
KCA,101,90,7,500,1,4.68865,4.41911,0.141237
KCF,101,90,7,500,1,3.93249,3.62585,0.152377
KCA,101,90,9,500,1,3.77699,3.49926,0.148817
KCF,101,90,9,500,1,3.2765,3.00402,0.1406
KCA,1,90,1,500,1,0.036284,0.035913,0.000228
KCF,1,90,1,500,1,0.031729,0.031363,0.000213
KCA,1,90,3,500,1,0.029142,0.028809,0.000174
KCF,1,90,3,500,1,0.029343,0.028992,0.000203
KCA,1,90,5,500,1,0.029068,0.028751,0.000171
KCF,1,90,5,500,1,0.035375,0.035048,0.000193
KCA,1,90,7,500,1,0.029122,0.028751,0.000229
KCF,1,90,7,500,1,0.028622,0.028285,0.000194
KCA,1,90,9,500,1,0.027842,0.02749,0.000214
KCF,1,90,9,500,1,0.029642,0.029221,0.000222
KCA,21,90,1,500,1,0.246678,0.232396,0.007829
KCF,21,90,1,500,1,0.197096,0.182766,0.007776
KCA,21,90,3,500,1,0.230857,0.216488,0.007297
KCF,21,90,3,500,1,0.196808,0.181939,0.008249
KCA,21,90,5,500,1,0.228787,0.214546,0.007381
KCF,21,90,5,500,1,0.197553,0.183433,0.007689
KCA,21,90,7,500,1,0.228084,0.213271,0.007636
KCF,21,90,7,500,1,0.196692,0.181495,0.00784
KCA,21,90,9,500,1,0.227934,0.212603,0.00779
KCF,21,90,9,500,1,0.200836,0.185279,0.008474
KCA,41,90,1,500,1,0.656737,0.606307,0.02706
KCF,41,90,1,500,1,0.612678,0.560391,0.027366
KCA,41,90,3,500,1,0.649693,0.600337,0.025653
KCF,41,90,3,500,1,0.604227,0.553006,0.027214
KCA,41,90,5,500,1,0.648153,0.596657,0.026731
KCF,41,90,5,500,1,0.604869,0.553902,0.027071
KCA,41,90,7,500,1,0.629916,0.579783,0.026395
KCF,41,90,7,500,1,0.574404,0.523975,0.02638
KCA,41,90,9,500,1,0.660682,0.610129,0.02671
KCF,41,90,9,500,1,0.603834,0.552644,0.026595
KCA,61,90,1,500,1,1.80081,1.6939,0.056903
KCF,61,90,1,500,1,1.71201,1.60321,0.056948
KCA,61,90,3,500,1,1.8032,1.69808,0.053881
KCF,61,90,3,500,1,1.71783,1.61042,0.057704
KCA,61,90,5,500,1,1.7754,1.67208,0.054069
KCF,61,90,5,500,1,1.70018,1.59306,0.055967
KCA,61,90,7,500,1,1.78283,1.67855,0.054507
KCF,61,90,7,500,1,1.73224,1.62362,0.057505
KCA,61,90,9,500,1,1.7674,1.66299,0.054497
KCF,61,90,9,500,1,1.68337,1.57831,0.055133
KCA,81,90,1,500,1,3.98583,3.80587,0.093829
KCF,81,90,1,500,1,4.06989,3.88602,0.096914
KCA,81,90,3,500,1,3.96239,3.78435,0.092694
KCF,81,90,3,500,1,3.85226,3.67022,0.096418
KCA,81,90,5,500,1,4.19292,4.01342,0.093554
KCF,81,90,5,500,1,4.54907,4.34851,0.112589
KCA,81,90,7,500,1,3.8568,3.67991,0.092531
KCF,81,90,7,500,1,3.82006,3.64011,0.094709
KCA,81,90,9,500,1,4.0818,3.90404,0.091727
KCF,81,90,9,500,1,3.98611,3.80638,0.094146
KCA,101,90,1,500,1,4.15565,3.88935,0.13779
KCF,101,90,1,500,1,3.98896,3.72144,0.138948
KCA,101,90,3,500,1,4.07009,3.80177,0.138003
KCF,101,90,3,500,1,3.9301,3.66446,0.137174
KCA,101,90,5,500,1,4.1699,3.90429,0.137617
KCF,101,90,5,500,1,3.83079,3.5625,0.139355
KCA,101,90,7,500,1,4.18772,3.91766,0.140012
KCF,101,90,7,500,1,4.03682,3.76136,0.142902
KCA,101,90,9,500,1,4.14905,3.87953,0.139222
KCF,101,90,9,500,1,4.05941,3.78965,0.138189
KCA,1,90,1,500,1,0.03264,0.032285,0.000212
KCF,1,90,1,500,1,0.033832,0.033353,0.000267
KCA,1,90,3,500,1,0.032105,0.031783,0.00018
KCF,1,90,3,500,1,0.034419,0.033953,0.000262
KCA,1,90,5,500,1,0.032836,0.032395,0.000241
KCF,1,90,5,500,1,0.033333,0.032942,0.000211
KCA,1,90,7,500,1,0.032368,0.032059,0.000169
KCF,1,90,7,500,1,0.033318,0.032869,0.000237
KCA,1,90,9,500,1,0.033291,0.03291,0.000176
KCF,1,90,9,500,1,0.033681,0.03333,0.000213
KCA,21,90,1,500,1,0.185564,0.169057,0.008949
KCF,21,90,1,500,1,0.178388,0.163074,0.008291
KCA,21,90,3,500,1,0.183389,0.168194,0.007861
KCF,21,90,3,500,1,0.181774,0.166534,0.007708
KCA,21,90,5,500,1,0.185487,0.169268,0.008727
KCF,21,90,5,500,1,0.179682,0.164267,0.0085
KCA,21,90,7,500,1,0.181618,0.166343,0.007909
KCF,21,90,7,500,1,0.179233,0.162815,0.00803
KCA,21,90,9,500,1,0.185705,0.170396,0.007787
KCF,21,90,9,500,1,0.178368,0.163199,0.008282
KCA,41,90,1,500,1,0.537188,0.48391,0.028505
KCF,41,90,1,500,1,0.503944,0.450626,0.028155
KCA,41,90,3,500,1,0.529836,0.475917,0.028239
KCF,41,90,3,500,1,0.501201,0.448109,0.028245
KCA,41,90,5,500,1,0.535944,0.482196,0.028231
KCF,41,90,5,500,1,0.505062,0.451929,0.02806
KCA,41,90,7,500,1,0.520798,0.467308,0.028543
KCF,41,90,7,500,1,0.501707,0.4488,0.027468
KCA,41,90,9,500,1,0.528952,0.475605,0.028198
KCF,41,90,9,500,1,0.508887,0.455291,0.028073
KCA,61,90,1,500,1,1.03614,0.926328,0.057146
KCF,61,90,1,500,1,0.961947,0.853637,0.056998
KCA,61,90,3,500,1,1.02827,0.918694,0.057492
KCF,61,90,3,500,1,0.961016,0.853428,0.056898
KCA,61,90,5,500,1,1.03891,0.930704,0.057032
KCF,61,90,5,500,1,0.914123,0.807159,0.056771
KCA,61,90,7,500,1,1.00458,0.900812,0.054811
KCF,61,90,7,500,1,0.958319,0.852113,0.056623
KCA,61,90,9,500,1,1.00908,0.903873,0.054885
KCF,61,90,9,500,1,0.889798,0.78468,0.054111
KCA,81,90,1,500,1,2.08972,1.90401,0.097894
KCF,81,90,1,500,1,2.14948,1.9679,0.095518
KCA,81,90,3,500,1,1.98203,1.79857,0.095671
KCF,81,90,3,500,1,2.02277,1.84539,0.093402
KCA,81,90,5,500,1,2.04699,1.86734,0.094361
KCF,81,90,5,500,1,2.12658,1.94831,0.09433
KCA,81,90,7,500,1,1.94568,1.7632,0.095625
KCF,81,90,7,500,1,2.19032,2.01182,0.094407
KCA,81,90,9,500,1,2.0748,1.89262,0.095275
KCF,81,90,9,500,1,2.15164,1.9693,0.096463
KCA,101,90,1,500,1,3.25645,2.97921,0.142401
KCF,101,90,1,500,1,2.45264,2.18187,0.141825
KCA,101,90,3,500,1,3.9426,3.53064,0.202122
KCF,101,90,3,500,1,2.48632,2.2161,0.141735
KCA,101,90,5,500,1,3.46096,3.15938,0.146708
KCF,101,90,5,500,1,2.49233,2.21808,0.14312
KCA,101,90,7,500,1,3.25833,2.9737,0.143238
KCF,101,90,7,500,1,2.50889,2.23495,0.140843
KCA,101,90,9,500,1,3.24152,2.97207,0.138396
KCF,101,90,9,500,1,2.49027,2.22013,0.14096
KCA,1,90,1,500,1,0.032163,0.031766,0.000209
KCF,1,90,1,500,1,0.031903,0.031573,0.000178
KCA,1,90,3,500,1,0.030439,0.030097,0.000197
KCF,1,90,3,500,1,0.041451,0.041108,0.0002
KCA,1,90,5,500,1,0.043299,0.042934,0.000225
KCF,1,90,5,500,1,0.031741,0.031295,0.000247
KCA,1,90,7,500,1,0.030716,0.030377,0.000195
KCF,1,90,7,500,1,0.03257,0.03221,0.000204
KCA,1,90,9,500,1,0.031657,0.031258,0.000206
KCF,1,90,9,500,1,0.034458,0.034105,0.000216
KCA,21,90,1,500,1,0.299472,0.279942,0.011905
KCF,21,90,1,500,1,0.281588,0.265241,0.008727
KCA,21,90,3,500,1,0.326762,0.283674,0.019972
KCF,21,90,3,500,1,0.173016,0.157046,0.008952
KCA,21,90,5,500,1,0.174308,0.158523,0.008424
KCF,21,90,5,500,1,0.171141,0.15556,0.008717
KCA,21,90,7,500,1,0.170841,0.155743,0.007608
KCF,21,90,7,500,1,0.17512,0.160311,0.007997
KCA,21,90,9,500,1,0.17763,0.162153,0.008003
KCF,21,90,9,500,1,0.167696,0.152834,0.00773
KCA,41,90,1,500,1,0.466023,0.413762,0.027141
KCF,41,90,1,500,1,0.460041,0.40426,0.027852
KCA,41,90,3,500,1,0.463266,0.410526,0.027668
KCF,41,90,3,500,1,0.448353,0.394558,0.028702
KCA,41,90,5,500,1,0.466403,0.413937,0.027363
KCF,41,90,5,500,1,0.457303,0.404744,0.027507
KCA,41,90,7,500,1,0.465755,0.41369,0.027204
KCF,41,90,7,500,1,0.446851,0.395218,0.027271
KCA,41,90,9,500,1,0.465459,0.413275,0.027297
KCF,41,90,9,500,1,0.458584,0.406046,0.028078
KCA,61,90,1,500,1,1.02879,0.919731,0.057204
KCF,61,90,1,500,1,0.847422,0.739965,0.056536
KCA,61,90,3,500,1,1.04541,0.935417,0.057324
KCF,61,90,3,500,1,0.837171,0.73089,0.056056
KCA,61,90,5,500,1,1.04317,0.93416,0.057241
KCF,61,90,5,500,1,0.841934,0.735426,0.05592
KCA,61,90,7,500,1,1.03366,0.924997,0.056826
KCF,61,90,7,500,1,0.835833,0.728995,0.05603
KCA,61,90,9,500,1,1.11436,0.979756,0.083264
KCF,61,90,9,500,1,1.13318,0.97612,0.089731
KCA,81,90,1,500,1,1.98162,1.79841,0.095596
KCF,81,90,1,500,1,1.75381,1.57242,0.094835
KCA,81,90,3,500,1,1.78319,1.59871,0.097066
KCF,81,90,3,500,1,1.75345,1.57276,0.094841
KCA,81,90,5,500,1,2.09665,1.87572,0.115113
KCF,81,90,5,500,1,1.82913,1.63709,0.0983
KCA,81,90,7,500,1,1.79079,1.60445,0.097314
KCF,81,90,7,500,1,1.66346,1.48278,0.094785
KCA,81,90,9,500,1,2.03184,1.85292,0.09425
KCF,81,90,9,500,1,2.11058,1.90272,0.115798
KCA,101,90,1,500,1,3.09753,2.82009,0.142758
KCF,101,90,1,500,1,2.91496,2.64135,0.144775
KCA,101,90,3,500,1,3.09245,2.82279,0.14106
KCF,101,90,3,500,1,2.93413,2.6601,0.143716
KCA,101,90,5,500,1,3.09741,2.82743,0.141135
KCF,101,90,5,500,1,3.02155,2.74944,0.142529
KCA,101,90,7,500,1,3.19234,2.92308,0.14055
KCF,101,90,7,500,1,3.05408,2.78415,0.141727
KCA,101,90,9,500,1,3.22178,2.95312,0.140644
KCF,101,90,9,500,1,2.96368,2.69473,0.140084
KCA,1,90,1,500,2,0.046861,0.046234,0.000337
KCF,1,90,1,500,2,0.043999,0.043399,0.000356
KCA,1,90,3,500,2,0.044394,0.043749,0.000353
KCF,1,90,3,500,2,0.044843,0.044319,0.000272
KCA,1,90,5,500,2,0.043386,0.042796,0.00032
KCF,1,90,5,500,2,0.054583,0.053983,0.000318
KCA,1,90,7,500,2,0.055989,0.055366,0.000317
KCF,1,90,7,500,2,0.044606,0.044041,0.000299
KCA,1,90,9,500,2,0.044872,0.044306,0.000324
KCF,1,90,9,500,2,0.052316,0.051712,0.000307
KCA,21,90,1,500,1,0.175578,0.158739,0.0086
KCF,21,90,1,500,1,0.175395,0.16069,0.00788
KCA,21,90,3,500,1,0.171068,0.156011,0.007759
KCF,21,90,3,500,1,0.15947,0.144208,0.008331
KCA,21,90,5,500,1,0.174978,0.159609,0.008458
KCF,21,90,5,500,1,0.162184,0.146827,0.008475
KCA,21,90,7,500,1,0.176985,0.161791,0.007941
KCF,21,90,7,500,1,0.163993,0.147676,0.008577
KCA,21,90,9,500,1,0.174894,0.159628,0.008073
KCF,21,90,9,500,1,0.163868,0.14815,0.008693
KCA,41,90,1,500,1,0.398089,0.345084,0.027877
KCF,41,90,1,500,1,0.408215,0.355083,0.027743
KCA,41,90,3,500,1,0.624648,0.569982,0.02804
KCF,41,90,3,500,1,0.629925,0.555314,0.038967
KCA,41,90,5,500,1,0.399153,0.346179,0.027504
KCF,41,90,5,500,1,0.409052,0.356761,0.027378
KCA,41,90,7,500,1,0.397996,0.344758,0.027964
KCF,41,90,7,500,1,0.405635,0.353111,0.027175
KCA,41,90,9,500,1,0.397213,0.344793,0.027222
KCF,41,90,9,500,1,0.402758,0.350922,0.027439
KCA,61,90,1,500,1,0.95009,0.840592,0.057927
KCF,61,90,1,500,1,0.987047,0.878696,0.057392
KCA,61,90,3,500,1,0.958127,0.846561,0.058574
KCF,61,90,3,500,1,0.974989,0.865656,0.057711
KCA,61,90,5,500,1,0.949891,0.839499,0.057536
KCF,61,90,5,500,1,0.96339,0.855853,0.057121
KCA,61,90,7,500,1,0.951608,0.841221,0.057634
KCF,61,90,7,500,1,0.987106,0.879202,0.05734
KCA,61,90,9,500,1,0.963079,0.851836,0.058523
KCF,61,90,9,500,1,0.986791,0.877838,0.058268
KCA,81,90,1,500,1,1.48182,1.29931,0.096167
KCF,81,90,1,500,1,1.6355,1.45013,0.096097
KCA,81,90,3,500,1,1.45208,1.26875,0.096132
KCF,81,90,3,500,1,1.65171,1.47078,0.095207
KCA,81,90,5,500,1,1.41613,1.23024,0.098212
KCF,81,90,5,500,1,1.62555,1.44303,0.096602
KCA,81,90,7,500,1,1.45669,1.27254,0.096328
KCF,81,90,7,500,1,1.59313,1.41197,0.09545
KCA,81,90,9,500,1,1.43881,1.25481,0.096446
KCF,81,90,9,500,1,1.62087,1.44033,0.09526
KCA,101,90,1,500,1,2.39716,2.11982,0.14286
KCF,101,90,1,500,1,2.45988,2.19111,0.140812
KCA,101,90,3,500,1,2.40495,2.13211,0.14223
KCF,101,90,3,500,1,2.47355,2.20008,0.14247
KCA,101,90,5,500,1,2.3185,2.0461,0.142772
KCF,101,90,5,500,1,2.43566,2.16622,0.14154
KCA,101,90,7,500,1,2.38831,2.11595,0.141575
KCF,101,90,7,500,1,2.62621,2.3567,0.140995
KCA,101,90,9,500,1,2.36756,2.08883,0.145577
KCF,101,90,9,500,1,2.42736,2.15091,0.145136
KCA,1,90,1,500,1,0.032021,0.031676,0.000205
KCF,1,90,1,500,1,0.044155,0.04382,0.000182
KCA,1,90,3,500,1,0.032453,0.032086,0.000226
KCF,1,90,3,500,1,0.038158,0.037821,0.000191
KCA,1,90,5,500,1,0.032715,0.032365,0.000204
KCF,1,90,5,500,1,0.032441,0.032054,0.000244
KCA,1,90,7,500,1,0.033204,0.032871,0.000194
KCF,1,90,7,500,1,0.033025,0.032633,0.000235
KCA,1,90,9,500,1,0.032166,0.031831,0.000196
KCF,1,90,9,500,1,0.037311,0.0369,0.000261
KCA,21,90,1,500,1,0.206128,0.192357,0.007363
KCF,21,90,1,500,1,0.194542,0.179879,0.008207
KCA,21,90,3,500,1,0.206951,0.192763,0.007582
KCF,21,90,3,500,1,0.193274,0.17922,0.007295
KCA,21,90,5,500,1,0.201048,0.185865,0.008057
KCF,21,90,5,500,1,0.193939,0.180258,0.007188
KCA,21,90,7,500,1,0.197243,0.182759,0.007603
KCF,21,90,7,500,1,0.191196,0.176699,0.007687
KCA,21,90,9,500,1,0.197352,0.182887,0.008002
KCF,21,90,9,500,1,0.189265,0.175347,0.007436
KCA,41,90,1,500,1,0.479169,0.430149,0.025649
KCF,41,90,1,500,1,0.545369,0.494154,0.027377
KCA,41,90,3,500,1,0.482062,0.432554,0.025799
KCF,41,90,3,500,1,0.540364,0.490559,0.026159
KCA,41,90,5,500,1,0.478907,0.429851,0.026087
KCF,41,90,5,500,1,0.540935,0.491784,0.025467
KCA,41,90,7,500,1,0.475348,0.42633,0.025627
KCF,41,90,7,500,1,0.539932,0.491295,0.025404
KCA,41,90,9,500,1,0.48271,0.433163,0.025376
KCF,41,90,9,500,1,0.534312,0.485906,0.024906
KCA,61,90,1,500,1,1.78065,1.67185,0.056985
KCF,61,90,1,500,1,1.33698,1.22981,0.055929
KCA,61,90,3,500,1,1.39438,1.29202,0.052696
KCF,61,90,3,500,1,1.31877,1.21474,0.054243
KCA,61,90,5,500,1,1.41169,1.30144,0.059037
KCF,61,90,5,500,1,1.31809,1.21308,0.054633
KCA,61,90,7,500,1,1.40001,1.29624,0.054307
KCF,61,90,7,500,1,1.31785,1.21228,0.054859
KCA,61,90,9,500,1,1.41486,1.31091,0.054404
KCF,61,90,9,500,1,1.39555,1.29069,0.053943
KCA,81,90,1,500,1,2.12023,1.94217,0.092446
KCF,81,90,1,500,1,2.18062,2.00109,0.093075
KCA,81,90,3,500,1,2.06726,1.89005,0.091635
KCF,81,90,3,500,1,2.1633,1.98448,0.092876
KCA,81,90,5,500,1,2.13043,1.95156,0.092647
KCF,81,90,5,500,1,2.15973,1.97971,0.093407
KCA,81,90,7,500,1,2.1222,1.94421,0.092569
KCF,81,90,7,500,1,2.19703,2.01992,0.091654
KCA,81,90,9,500,1,2.06908,1.89313,0.091209
KCF,81,90,9,500,1,2.16332,1.98722,0.091422
KCA,101,90,1,500,1,4.00074,3.72757,0.141556
KCF,101,90,1,500,1,3.15884,2.88702,0.140338
KCA,101,90,3,500,1,3.95351,3.68829,0.136996
KCF,101,90,3,500,1,3.01298,2.74886,0.136349
KCA,101,90,5,500,1,4.0062,3.74099,0.137339
KCF,101,90,5,500,1,3.00809,2.74276,0.13651
KCA,101,90,7,500,1,3.85945,3.59318,0.137477
KCF,101,90,7,500,1,2.99833,2.73104,0.138935
KCA,101,90,9,500,1,4.07114,3.80449,0.138256
KCF,101,90,9,500,1,3.01635,2.74771,0.138795
KCA,1,90,1,500,1,0.04055,0.040183,0.000229
KCF,1,90,1,500,1,0.036272,0.035939,0.000186
KCA,1,90,3,500,1,0.036113,0.035802,0.000174
KCF,1,90,3,500,1,0.034914,0.034596,0.000177
KCA,1,90,5,500,1,0.034161,0.033751,0.000239
KCF,1,90,5,500,1,0.037406,0.037038,0.000211
KCA,1,90,7,500,1,0.034534,0.034222,0.00018
KCF,1,90,7,500,1,0.035623,0.035278,0.000198
KCA,1,90,9,500,1,0.037388,0.037057,0.000177
KCF,1,90,9,500,1,0.035236,0.034902,0.000198
KCA,21,90,1,500,1,0.214364,0.20049,0.007261
KCF,21,90,1,500,1,0.199814,0.185797,0.00728
KCA,21,90,3,500,1,0.208716,0.195102,0.007172
KCF,21,90,3,500,1,0.19893,0.184386,0.00786
KCA,21,90,5,500,1,0.215058,0.199781,0.007679
KCF,21,90,5,500,1,0.203739,0.189494,0.007698
KCA,21,90,7,500,1,0.212847,0.198669,0.007039
KCF,21,90,7,500,1,0.198188,0.183797,0.007996
KCA,21,90,9,500,1,0.20794,0.19325,0.007653
KCF,21,90,9,500,1,0.19578,0.181246,0.008025
KCA,41,90,1,500,1,0.483091,0.43472,0.025257
KCF,41,90,1,500,1,0.621826,0.573291,0.024916
KCA,41,90,3,500,1,0.481281,0.433368,0.024907
KCF,41,90,3,500,1,0.641521,0.592219,0.026187
KCA,41,90,5,500,1,0.482173,0.433615,0.025436
KCF,41,90,5,500,1,0.622727,0.574942,0.024672
KCA,41,90,7,500,1,0.483728,0.434618,0.025995
KCF,41,90,7,500,1,0.641346,0.592502,0.025347
KCA,41,90,9,500,1,0.48063,0.432782,0.024862
KCF,41,90,9,500,1,0.624906,0.577098,0.024946
KCA,61,90,1,500,1,2.01846,1.91685,0.052996
KCF,61,90,1,500,1,2.20668,2.0926,0.065394
KCA,61,90,3,500,1,2.16332,2.04469,0.063078
KCF,61,90,3,500,1,1.73518,1.62946,0.05561
KCA,61,90,5,500,1,2.11313,2.00634,0.055578
KCF,61,90,5,500,1,1.71375,1.60908,0.054912
KCA,61,90,7,500,1,1.92504,1.82182,0.053315
KCF,61,90,7,500,1,1.7316,1.62524,0.05569
KCA,61,90,9,500,1,2.00228,1.89903,0.053904
KCF,61,90,9,500,1,1.69089,1.58691,0.053742
KCA,81,90,1,500,1,1.8553,1.67842,0.091859
KCF,81,90,1,500,1,3.07183,2.89582,0.091058
KCA,81,90,3,500,1,1.79611,1.61906,0.090906
KCF,81,90,3,500,1,3.08152,2.90516,0.091503
KCA,81,90,5,500,1,1.84227,1.66638,0.090832
KCF,81,90,5,500,1,3.09959,2.92396,0.091574
KCA,81,90,7,500,1,1.79988,1.62477,0.090447
KCF,81,90,7,500,1,3.11507,2.93979,0.091703
KCA,81,90,9,500,1,1.85921,1.68322,0.090656
KCF,81,90,9,500,1,2.91305,2.73723,0.090674
KCA,101,90,1,500,1,6.04535,5.75264,0.152608
KCF,101,90,1,500,1,3.07536,2.80056,0.145213
KCA,101,90,3,500,1,5.07549,4.80518,0.138992
KCF,101,90,3,500,1,2.56079,2.29139,0.139964
KCA,101,90,5,500,1,4.92654,4.64808,0.149726
KCF,101,90,5,500,1,2.56478,2.29345,0.139602
KCA,101,90,7,500,1,5.08334,4.81905,0.13633
KCF,101,90,7,500,1,2.5526,2.28505,0.139492
KCA,101,90,9,500,1,4.94921,4.68158,0.137534
KCF,101,90,9,500,1,2.99186,2.72289,0.140624
KCA,1,90,1,500,1,0.028063,0.02772,0.000205
KCF,1,90,1,500,1,0.029786,0.029423,0.000205
KCA,1,90,3,500,1,0.028125,0.027734,0.000204
KCF,1,90,3,500,1,0.029181,0.028839,0.000175
KCA,1,90,5,500,1,0.028019,0.027693,0.00018
KCF,1,90,5,500,1,0.035104,0.034782,0.000185
KCA,1,90,7,500,1,0.027187,0.026846,0.000201
KCF,1,90,7,500,1,0.031688,0.031354,0.000176
KCA,1,90,9,500,1,0.028935,0.028544,0.000203
KCF,1,90,9,500,1,0.030037,0.029618,0.000245
KCA,21,90,1,500,1,0.188608,0.173756,0.008109
KCF,21,90,1,500,1,0.185946,0.172063,0.007468
KCA,21,90,3,500,1,0.186844,0.173607,0.006954
KCF,21,90,3,500,1,0.188632,0.174039,0.007709
KCA,21,90,5,500,1,0.179558,0.165599,0.007116
KCF,21,90,5,500,1,0.185058,0.170833,0.007331
KCA,21,90,7,500,1,0.188584,0.174531,0.00735
KCF,21,90,7,500,1,0.194474,0.180412,0.007753
KCA,21,90,9,500,1,0.187491,0.173108,0.007381
KCF,21,90,9,500,1,0.190304,0.175801,0.007754
KCA,41,90,1,500,1,0.553602,0.503193,0.026661
KCF,41,90,1,500,1,0.521089,0.470458,0.026348
KCA,41,90,3,500,1,0.553831,0.50445,0.02566
KCF,41,90,3,500,1,0.538095,0.488267,0.026155
KCA,41,90,5,500,1,0.559881,0.510976,0.025812
KCF,41,90,5,500,1,0.515547,0.467058,0.025319
KCA,41,90,7,500,1,0.55227,0.503339,0.025845
KCF,41,90,7,500,1,0.50142,0.45112,0.025908
KCA,41,90,9,500,1,0.548472,0.499216,0.026257
KCF,41,90,9,500,1,0.519641,0.468805,0.026715
KCA,61,90,1,500,1,1.33219,1.22894,0.05367
KCF,61,90,1,500,1,1.45666,1.35044,0.056164
KCA,61,90,3,500,1,1.25158,1.1477,0.053717
KCF,61,90,3,500,1,1.44995,1.34706,0.053655
KCA,61,90,5,500,1,1.34961,1.2476,0.052533
KCF,61,90,5,500,1,1.44754,1.34495,0.053504
KCA,61,90,7,500,1,1.3275,1.22452,0.05394
KCF,61,90,7,500,1,1.44436,1.34066,0.053907
KCA,61,90,9,500,1,1.32932,1.22609,0.053652
KCF,61,90,9,500,1,1.45699,1.35365,0.053841
KCA,81,90,1,500,1,1.96168,1.78229,0.092922
KCF,81,90,1,500,1,3.19737,3.01803,0.093973
KCA,81,90,3,500,1,2.05161,1.87336,0.09213
KCF,81,90,3,500,1,3.16988,2.98482,0.096718
KCA,81,90,5,500,1,1.91343,1.73735,0.091982
KCF,81,90,5,500,1,3.23786,3.05838,0.094332
KCA,81,90,7,500,1,1.94261,1.76774,0.090645
KCF,81,90,7,500,1,3.22847,3.0479,0.094022
KCA,81,90,9,500,1,2.0454,1.86636,0.092749
KCF,81,90,9,500,1,3.21816,3.03025,0.101686
KCA,101,90,1,500,1,4.85533,4.58736,0.14032
KCF,101,90,1,500,1,3.21004,2.93604,0.142359
KCA,101,90,3,500,1,4.83851,4.56602,0.139395
KCF,101,90,3,500,1,3.3141,3.04571,0.139565
KCA,101,90,5,500,1,4.9321,4.66538,0.138102
KCF,101,90,5,500,1,3.32304,3.05363,0.140171
KCA,101,90,7,500,1,4.82222,4.557,0.137251
KCF,101,90,7,500,1,3.99402,3.7165,0.146372
KCA,101,90,9,500,1,4.96037,4.68015,0.146548
KCF,101,90,9,500,1,3.24195,2.96987,0.140849
KCA,1,90,1,500,1,0.037243,0.036774,0.000266
KCF,1,90,1,500,1,0.037378,0.037037,0.000192
KCA,1,90,3,500,1,0.036121,0.035775,0.000198
KCF,1,90,3,500,1,0.036774,0.036382,0.000223
KCA,1,90,5,500,1,0.036933,0.036516,0.000267
KCF,1,90,5,500,1,0.037726,0.037379,0.000178
KCA,1,90,7,500,1,0.041942,0.041562,0.000217
KCF,1,90,7,500,1,0.042112,0.041744,0.000219
KCA,1,90,9,500,1,0.037115,0.03675,0.000217
KCF,1,90,9,500,1,0.041844,0.041477,0.000217
KCA,21,90,1,500,1,0.243674,0.227932,0.008803
KCF,21,90,1,500,1,0.20534,0.191383,0.007566
KCA,21,90,3,500,1,0.247654,0.232837,0.007912
KCF,21,90,3,500,1,0.205947,0.1917,0.007541
KCA,21,90,5,500,1,0.269932,0.25572,0.00776
KCF,21,90,5,500,1,0.233701,0.22029,0.007096
KCA,21,90,7,500,1,0.239621,0.225593,0.007127
KCF,21,90,7,500,1,0.204173,0.190245,0.007641
KCA,21,90,9,500,1,0.241259,0.226694,0.007786
KCF,21,90,9,500,1,0.199345,0.184901,0.007852
KCA,41,90,1,500,1,0.897467,0.848027,0.025997
KCF,41,90,1,500,1,0.867895,0.817912,0.025729
KCA,41,90,3,500,1,0.889782,0.840949,0.025562
KCF,41,90,3,500,1,0.859168,0.808735,0.026315
KCA,41,90,5,500,1,0.912134,0.862165,0.026129
KCF,41,90,5,500,1,0.854444,0.804355,0.02605
KCA,41,90,7,500,1,0.875245,0.826148,0.025856
KCF,41,90,7,500,1,0.853913,0.804054,0.02602
KCA,41,90,9,500,1,0.885299,0.835543,0.025732
KCF,41,90,9,500,1,0.869844,0.819264,0.026633
KCA,61,90,1,500,1,2.48009,2.37327,0.057056
KCF,61,90,1,500,1,2.16025,2.05211,0.057659
KCA,61,90,3,500,1,2.46626,2.36317,0.053734
KCF,61,90,3,500,1,2.15774,2.05137,0.056337
KCA,61,90,5,500,1,2.34344,2.24158,0.053409
KCF,61,90,5,500,1,2.04537,1.93934,0.055672
KCA,61,90,7,500,1,2.47177,2.36715,0.054619
KCF,61,90,7,500,1,2.11527,2.0076,0.056667
KCA,61,90,9,500,1,2.465,2.36086,0.054119
KCF,61,90,9,500,1,2.09527,1.98705,0.057772
KCA,81,90,1,500,1,4.66212,4.48487,0.092206
KCF,81,90,1,500,1,3.02127,2.84105,0.09462
KCA,81,90,3,500,1,4.69292,4.51823,0.09065
KCF,81,90,3,500,1,2.92337,2.7451,0.09392
KCA,81,90,5,500,1,4.63316,4.45539,0.091773
KCF,81,90,5,500,1,2.92544,2.74582,0.093432
KCA,81,90,7,500,1,4.54576,4.36933,0.091511
KCF,81,90,7,500,1,2.95001,2.7713,0.093788
KCA,81,90,9,500,1,4.48612,4.30806,0.09222
KCF,81,90,9,500,1,3.01481,2.83296,0.094843
KCA,101,90,1,500,1,6.99945,6.72708,0.141656
KCF,101,90,1,500,1,7.5464,7.2745,0.140026
KCA,101,90,3,500,1,6.93254,6.66339,0.138691
KCF,101,90,3,500,1,7.45133,7.18195,0.138919
KCA,101,90,5,500,1,6.96033,6.69046,0.139705
KCF,101,90,5,500,1,7.43663,7.16394,0.139976
KCA,101,90,7,500,1,6.92666,6.65589,0.140971
KCF,101,90,7,500,1,7.40909,7.14134,0.138447
KCA,101,90,9,500,1,6.76707,6.50169,0.137636
KCF,101,90,9,500,1,7.46191,7.19421,0.137907
KCA,1,90,1,500,1,0.03486,0.034509,0.000208
KCF,1,90,1,500,1,0.032695,0.032314,0.000209
KCA,1,90,3,500,1,0.0466,0.046245,0.000217
KCF,1,90,3,500,1,0.032823,0.032504,0.000176
KCA,1,90,5,500,1,0.032708,0.032386,0.000176
KCF,1,90,5,500,1,0.032756,0.032413,0.000208
KCA,1,90,7,500,1,0.032553,0.032244,0.000178
KCF,1,90,7,500,1,0.035733,0.035419,0.000179
KCA,1,90,9,500,1,0.04635,0.046044,0.000172
KCF,1,90,9,500,1,0.033208,0.03286,0.000212
KCA,21,90,1,500,1,0.198888,0.183908,0.008175
KCF,21,90,1,500,1,0.186541,0.172096,0.007659
KCA,21,90,3,500,1,0.204615,0.189574,0.007881
KCF,21,90,3,500,1,0.184068,0.169158,0.007916
KCA,21,90,5,500,1,0.207597,0.192122,0.007865
KCF,21,90,5,500,1,0.187446,0.17183,0.008546
KCA,21,90,7,500,1,0.201021,0.185327,0.008125
KCF,21,90,7,500,1,0.194922,0.18013,0.007832
KCA,21,90,9,500,1,0.203757,0.188344,0.007731
KCF,21,90,9,500,1,0.189086,0.174335,0.007808
KCA,41,90,1,500,1,0.59853,0.545569,0.027711
KCF,41,90,1,500,1,0.531544,0.479413,0.027168
KCA,41,90,3,500,1,0.59464,0.541679,0.027977
KCF,41,90,3,500,1,0.532822,0.479875,0.027757
KCA,41,90,5,500,1,0.602633,0.547178,0.029931
KCF,41,90,5,500,1,0.518928,0.467547,0.026834
KCA,41,90,7,500,1,0.586372,0.535856,0.0268
KCF,41,90,7,500,1,0.515451,0.464951,0.025833
KCA,41,90,9,500,1,0.583026,0.532543,0.02647
KCF,41,90,9,500,1,0.528713,0.477725,0.026995
KCA,61,90,1,500,1,1.22343,1.11809,0.056146
KCF,61,90,1,500,1,1.13077,1.02336,0.05612
KCA,61,90,3,500,1,1.24053,1.13184,0.057038
KCF,61,90,3,500,1,1.12173,1.01497,0.056626
KCA,61,90,5,500,1,1.2244,1.11899,0.055438
KCF,61,90,5,500,1,1.10884,1.00204,0.055979
KCA,61,90,7,500,1,1.21981,1.11504,0.054581
KCF,61,90,7,500,1,1.08128,0.977043,0.05326
KCA,61,90,9,500,1,1.20554,1.10209,0.053202
KCF,61,90,9,500,1,1.12858,1.0248,0.054256
KCA,81,90,1,500,1,2.03325,1.85618,0.091972
KCF,81,90,1,500,1,1.95823,1.77843,0.09338
KCA,81,90,3,500,1,2.16303,1.98629,0.092102
KCF,81,90,3,500,1,1.88796,1.70939,0.093452
KCA,81,90,5,500,1,2.15496,1.97865,0.091701
KCF,81,90,5,500,1,1.97307,1.79724,0.090439
KCA,81,90,7,500,1,2.15223,1.97679,0.091199
KCF,81,90,7,500,1,1.94876,1.77283,0.091152
KCA,81,90,9,500,1,2.16497,1.99081,0.090007
KCF,81,90,9,500,1,1.94568,1.77062,0.09116
KCA,101,90,1,500,1,2.77461,2.50806,0.138278
KCF,101,90,1,500,1,2.43666,2.16929,0.138169
KCA,101,90,3,500,1,2.78727,2.5166,0.140908
KCF,101,90,3,500,1,2.36893,2.10155,0.139517
KCA,101,90,5,500,1,2.88063,2.57736,0.161389
KCF,101,90,5,500,1,2.42516,2.15291,0.141093
KCA,101,90,7,500,1,2.74407,2.47043,0.140103
KCF,101,90,7,500,1,2.38482,2.11744,0.138552
KCA,101,90,9,500,1,2.65856,2.38685,0.139433
KCF,101,90,9,500,1,2.49865,2.22347,0.143945
KCA,1,90,1,500,1,0.031815,0.031487,0.000183
KCF,1,90,1,500,1,0.032826,0.032505,0.000183
KCA,1,90,3,500,1,0.032428,0.031955,0.000265
KCF,1,90,3,500,1,0.032613,0.032233,0.000215
KCA,1,90,5,500,1,0.031638,0.031279,0.000216
KCF,1,90,5,500,1,0.032785,0.032456,0.000175
KCA,1,90,7,500,1,0.036215,0.035888,0.000192
KCF,1,90,7,500,1,0.032873,0.032494,0.000226
KCA,1,90,9,500,1,0.032447,0.032089,0.000211
KCF,1,90,9,500,1,0.032672,0.032335,0.000192
KCA,21,90,1,500,1,0.194404,0.179081,0.008111
KCF,21,90,1,500,1,0.195523,0.180855,0.008077
KCA,21,90,3,500,1,0.192363,0.177822,0.008046
KCF,21,90,3,500,1,0.192853,0.178929,0.007344
KCA,21,90,5,500,1,0.202213,0.18784,0.007317
KCF,21,90,5,500,1,0.193433,0.179422,0.007329
KCA,21,90,7,500,1,0.200207,0.185487,0.007956
KCF,21,90,7,500,1,0.19587,0.180923,0.008328
KCA,21,90,9,500,1,0.248251,0.231923,0.009044
KCF,21,90,9,500,1,0.323246,0.296052,0.014268
KCA,41,90,1,500,1,1.0431,0.990492,0.028122
KCF,41,90,1,500,1,0.965264,0.915122,0.025633
KCA,41,90,3,500,1,0.864587,0.811242,0.028465
KCF,41,90,3,500,1,0.768139,0.719168,0.025866
KCA,41,90,5,500,1,0.808236,0.758535,0.026019
KCF,41,90,5,500,1,0.749226,0.697961,0.027127
KCA,41,90,7,500,1,0.836109,0.787331,0.025684
KCF,41,90,7,500,1,0.776661,0.727001,0.025947
KCA,41,90,9,500,1,0.809889,0.760911,0.025769
KCF,41,90,9,500,1,0.772958,0.72217,0.026858
KCA,61,90,1,500,1,1.91873,1.81379,0.055963
KCF,61,90,1,500,1,2.02775,1.9194,0.056379
KCA,61,90,3,500,1,2.00365,1.89953,0.054158
KCF,61,90,3,500,1,2.06162,1.95306,0.057274
KCA,61,90,5,500,1,1.99573,1.88962,0.05535
KCF,61,90,5,500,1,2.06604,1.95955,0.056043
KCA,61,90,7,500,1,2.14183,2.03791,0.053948
KCF,61,90,7,500,1,2.06698,1.96193,0.056087
KCA,61,90,9,500,1,1.98882,1.88369,0.055123
KCF,61,90,9,500,1,2.08046,1.97507,0.055393
KCA,81,90,1,500,1,4.31568,4.13695,0.092726
KCF,81,90,1,500,1,5.17282,4.99139,0.094385
KCA,81,90,3,500,1,4.24623,4.06827,0.091292
KCF,81,90,3,500,1,5.22197,5.04252,0.094033
KCA,81,90,5,500,1,4.19628,4.02061,0.0913
KCF,81,90,5,500,1,5.37555,5.19152,0.095986
KCA,81,90,7,500,1,4.21548,4.03687,0.093194
KCF,81,90,7,500,1,5.22925,5.0478,0.094164
KCA,81,90,9,500,1,4.27983,4.10188,0.091806
KCF,81,90,9,500,1,5.20047,5.02247,0.093245
KCA,101,90,1,500,1,5.88185,5.61618,0.13762
KCF,101,90,1,500,1,7.14345,6.87146,0.142875
KCA,101,90,3,500,1,5.82063,5.5538,0.138351
KCF,101,90,3,500,1,5.72337,5.45399,0.140262
KCA,101,90,5,500,1,5.82282,5.5551,0.13882
KCF,101,90,5,500,1,5.69733,5.42948,0.139141
KCA,101,90,7,500,1,5.80001,5.53369,0.13763
KCF,101,90,7,500,1,5.70468,5.43345,0.141243
KCA,101,90,9,500,1,6.94258,6.62546,0.161579
KCF,101,90,9,500,1,5.71887,5.45047,0.139004
KCA,1,90,1,500,1,0.034133,0.033784,0.000195
KCF,1,90,1,500,1,0.035337,0.035004,0.000193
KCA,1,90,3,500,1,0.038818,0.03849,0.000182
KCF,1,90,3,500,1,0.03529,0.034909,0.000232
KCA,1,90,5,500,1,0.036268,0.035932,0.0002
KCF,1,90,5,500,1,0.041748,0.041353,0.000174
KCA,1,90,7,500,1,0.034173,0.033828,0.000207
KCF,1,90,7,500,1,0.034774,0.034411,0.000216
KCA,1,90,9,500,1,0.038466,0.038143,0.000177
KCF,1,90,9,500,1,0.037342,0.036992,0.000196
KCA,21,90,1,500,1,0.246103,0.2312,0.008062
KCF,21,90,1,500,1,0.215381,0.20042,0.008049
KCA,21,90,3,500,1,0.236814,0.222084,0.007787
KCF,21,90,3,500,1,0.212443,0.197963,0.007692
KCA,21,90,5,500,1,0.24436,0.22957,0.008036
KCF,21,90,5,500,1,0.214299,0.200147,0.007371
KCA,21,90,7,500,1,0.249695,0.232413,0.01048
KCF,21,90,7,500,1,0.360182,0.337184,0.010171
KCA,21,90,9,500,1,0.243881,0.228801,0.007735
KCF,21,90,9,500,1,0.216882,0.201868,0.007779
KCA,41,90,1,500,1,1.2009,1.15044,0.026804
KCF,41,90,1,500,1,1.07791,1.02604,0.027533
KCA,41,90,3,500,1,1.20445,1.1552,0.025772
KCF,41,90,3,500,1,1.07345,1.02083,0.028583
KCA,41,90,5,500,1,1.18572,1.13598,0.026147
KCF,41,90,5,500,1,1.07001,1.01797,0.026495
KCA,41,90,7,500,1,1.19167,1.14196,0.025833
KCF,41,90,7,500,1,1.0756,1.02402,0.027472
KCA,41,90,9,500,1,1.18841,1.13874,0.025752
KCF,41,90,9,500,1,1.06364,1.01363,0.0261
KCA,61,90,1,500,1,2.71743,2.61107,0.055547
KCF,61,90,1,500,1,2.34065,2.23404,0.056498
KCA,61,90,3,500,1,2.77944,2.67673,0.053857
KCF,61,90,3,500,1,2.36326,2.25843,0.054831
KCA,61,90,5,500,1,2.76385,2.66165,0.052623
KCF,61,90,5,500,1,2.56929,2.4653,0.054781
KCA,61,90,7,500,1,2.78261,2.67945,0.053513
KCF,61,90,7,500,1,2.33461,2.22703,0.05715
KCA,61,90,9,500,1,2.77888,2.67366,0.054416
KCF,61,90,9,500,1,2.29193,2.18561,0.055668
KCA,81,90,1,500,1,6.13552,5.95753,0.092795
KCF,81,90,1,500,1,6.1136,5.93215,0.095092
KCA,81,90,3,500,1,6.09187,5.91345,0.092873
KCF,81,90,3,500,1,6.30523,6.12298,0.095477
KCA,81,90,5,500,1,6.14258,5.96756,0.090519
KCF,81,90,5,500,1,6.16083,5.98176,0.094174
KCA,81,90,7,500,1,6.1104,5.93394,0.091496
KCF,81,90,7,500,1,6.13823,5.95623,0.096001
KCA,81,90,9,500,1,6.19365,6.01672,0.091931
KCF,81,90,9,500,1,6.29972,6.12017,0.094255
KCA,101,90,1,500,1,9.47008,9.20009,0.140826
KCF,101,90,1,500,1,7.4913,7.215,0.142389
KCA,101,90,3,500,1,9.36297,9.09595,0.139623
KCF,101,90,3,500,1,7.4182,7.14411,0.141767
KCA,101,90,5,500,1,11.3165,11.0478,0.139767
KCF,101,90,5,500,1,7.15561,6.88057,0.143487
KCA,101,90,7,500,1,9.46288,9.19228,0.140956
KCF,101,90,7,500,1,7.55474,7.27999,0.141886
KCA,101,90,9,500,1,9.39844,9.13074,0.139217
KCF,101,90,9,500,1,7.52754,7.25324,0.141736
KCA,1,90,1,500,1,0.026344,0.025944,0.000237
KCF,1,90,1,500,1,0.027462,0.027139,0.000176
KCA,1,90,3,500,1,0.026577,0.026234,0.0002
KCF,1,90,3,500,1,0.027118,0.026773,0.000195
KCA,1,90,5,500,1,0.028723,0.028351,0.000223
KCF,1,90,5,500,1,0.028309,0.027991,0.000179
KCA,1,90,7,500,1,0.02747,0.027143,0.000185
KCF,1,90,7,500,1,0.027784,0.027419,0.000221
KCA,1,90,9,500,1,0.027324,0.026964,0.000218
KCF,1,90,9,500,1,0.035109,0.034774,0.000174
KCA,21,90,1,500,1,0.206822,0.192462,0.007464
KCF,21,90,1,500,1,0.200795,0.186141,0.00807
KCA,21,90,3,500,1,0.20452,0.190785,0.00737
KCF,21,90,3,500,1,0.195776,0.180957,0.007749
KCA,21,90,5,500,1,0.205391,0.190916,0.007253
KCF,21,90,5,500,1,0.204445,0.190083,0.007846
KCA,21,90,7,500,1,0.204724,0.190715,0.007151
KCF,21,90,7,500,1,0.200338,0.186429,0.007272
KCA,21,90,9,500,1,0.202571,0.188072,0.007132
KCF,21,90,9,500,1,0.198538,0.184868,0.007169
KCA,41,90,1,500,1,0.78419,0.735056,0.025732
KCF,41,90,1,500,1,0.688033,0.638677,0.025808
KCA,41,90,3,500,1,0.787442,0.737205,0.026465
KCF,41,90,3,500,1,0.686953,0.636415,0.025845
KCA,41,90,5,500,1,0.763746,0.715698,0.024926
KCF,41,90,5,500,1,0.677596,0.629119,0.02531
KCA,41,90,7,500,1,0.787577,0.735378,0.028407
KCF,41,90,7,500,1,0.678591,0.622946,0.030697
KCA,41,90,9,500,1,0.778576,0.728732,0.026222
KCF,41,90,9,500,1,0.683075,0.632801,0.026103
KCA,61,90,1,500,1,1.19809,1.09339,0.05318
KCF,61,90,1,500,1,1.55049,1.44701,0.054335
KCA,61,90,3,500,1,1.13662,1.03163,0.055069
KCF,61,90,3,500,1,1.60608,1.50285,0.053148
KCA,61,90,5,500,1,1.18511,1.0836,0.052374
KCF,61,90,5,500,1,1.61904,1.51818,0.052432
KCA,61,90,7,500,1,1.26968,1.1671,0.053467
KCF,61,90,7,500,1,1.58162,1.48057,0.052419
KCA,61,90,9,500,1,1.19733,1.09593,0.052542
KCF,61,90,9,500,1,1.60551,1.50296,0.052905
KCA,81,90,1,500,1,3.50549,3.32674,0.091716
KCF,81,90,1,500,1,4.25786,4.07959,0.093036
KCA,81,90,3,500,1,3.54876,3.36815,0.093563
KCF,81,90,3,500,1,4.12088,3.94102,0.093139
KCA,81,90,5,500,1,3.42583,3.24828,0.091476
KCF,81,90,5,500,1,4.20651,4.02605,0.095055
KCA,81,90,7,500,1,3.55362,3.37619,0.092001
KCF,81,90,7,500,1,4.17953,4.00113,0.092939
KCA,81,90,9,500,1,3.5597,3.38118,0.093229
KCF,81,90,9,500,1,4.20744,4.02193,0.094569
KCA,101,90,1,500,1,6.09871,5.82803,0.140115
KCF,101,90,1,500,1,4.05674,3.78407,0.140894
KCA,101,90,3,500,1,5.85383,5.58715,0.138842
KCF,101,90,3,500,1,4.15853,3.88435,0.142747
KCA,101,90,5,500,1,5.94606,5.67653,0.140639
KCF,101,90,5,500,1,5.13696,4.86236,0.141708
KCA,101,90,7,500,1,5.95021,5.68359,0.138265
KCF,101,90,7,500,1,4.17052,3.89873,0.143112
KCA,101,90,9,500,1,5.92855,5.66198,0.137486
KCF,101,90,9,500,1,4.18588,3.91633,0.140929
KCA,1,90,1,500,1,0.030462,0.030097,0.000229
KCF,1,90,1,500,1,0.044654,0.044194,0.000287
KCA,1,90,3,500,1,0.039958,0.03953,0.000265
KCF,1,90,3,500,1,0.038647,0.038256,0.000239
KCA,1,90,5,500,1,0.047067,0.046608,0.000299
KCF,1,90,5,500,1,0.074698,0.074173,0.000275
KCA,1,90,7,500,1,0.031262,0.030919,0.000212
KCF,1,90,7,500,1,0.030078,0.029712,0.000217
KCA,1,90,9,500,1,0.031777,0.03139,0.000237
KCF,1,90,9,500,1,0.034371,0.033982,0.000202
KCA,21,90,1,500,1,0.206906,0.192401,0.007401
KCF,21,90,1,500,1,0.206052,0.191414,0.007857
KCA,21,90,3,500,1,0.220814,0.2069,0.00741
KCF,21,90,3,500,1,0.209655,0.194778,0.007929
KCA,21,90,5,500,1,0.203922,0.189399,0.007515
KCF,21,90,5,500,1,0.22108,0.206787,0.007765
KCA,21,90,7,500,1,0.204765,0.190774,0.00722
KCF,21,90,7,500,1,0.21066,0.194912,0.008529
KCA,21,90,9,500,1,0.211148,0.197249,0.007111
KCF,21,90,9,500,1,0.207858,0.193711,0.007768
KCA,41,90,1,500,1,0.739649,0.691177,0.025676
KCF,41,90,1,500,1,0.610759,0.559749,0.02711
KCA,41,90,3,500,1,0.735082,0.686032,0.026042
KCF,41,90,3,500,1,0.599944,0.550429,0.025711
KCA,41,90,5,500,1,0.749715,0.699666,0.026353
KCF,41,90,5,500,1,0.611038,0.561298,0.025937
KCA,41,90,7,500,1,0.733934,0.684512,0.026421
KCF,41,90,7,500,1,0.599896,0.550815,0.024982
KCA,41,90,9,500,1,0.739805,0.691478,0.025183
KCF,41,90,9,500,1,0.602152,0.552819,0.025973
KCA,61,90,1,500,1,1.07055,0.967533,0.053956
KCF,61,90,1,500,1,1.4185,1.31545,0.053577
KCA,61,90,3,500,1,1.12002,1.01574,0.054351
KCF,61,90,3,500,1,1.4326,1.32898,0.05416
KCA,61,90,5,500,1,1.1166,1.01223,0.054462
KCF,61,90,5,500,1,1.47703,1.37315,0.054229
KCA,61,90,7,500,1,1.1226,1.01884,0.054009
KCF,61,90,7,500,1,1.46707,1.36221,0.054155
KCA,61,90,9,500,1,1.11416,1.0126,0.052951
KCF,61,90,9,500,1,1.44826,1.34606,0.052888
KCA,81,90,1,500,1,1.99212,1.81345,0.092785
KCF,81,90,1,500,1,2.87252,2.69407,0.092552
KCA,81,90,3,500,1,2.00669,1.82904,0.0922
KCF,81,90,3,500,1,2.92096,2.74301,0.092547
KCA,81,90,5,500,1,2.00619,1.82999,0.09074
KCF,81,90,5,500,1,3.05706,2.88076,0.091223
KCA,81,90,7,500,1,2.00963,1.83391,0.091474
KCF,81,90,7,500,1,2.88702,2.7106,0.091676
KCA,81,90,9,500,1,2.00058,1.82281,0.092451
KCF,81,90,9,500,1,2.76436,2.5848,0.092297
KCA,101,90,1,500,1,3.05079,2.78237,0.138314
KCF,101,90,1,500,1,2.45664,2.18474,0.141091
KCA,101,90,3,500,1,3.10155,2.83287,0.139188
KCF,101,90,3,500,1,2.45119,2.18057,0.14
KCA,101,90,5,500,1,3.05695,2.79054,0.136653
KCF,101,90,5,500,1,2.32164,2.05522,0.139075
KCA,101,90,7,500,1,3.33195,3.06414,0.138541
KCF,101,90,7,500,1,2.43304,2.16079,0.140942
KCA,101,90,9,500,1,3.0406,2.77283,0.137918
KCF,101,90,9,500,1,2.45352,2.18828,0.137758
KCA,1,90,1,500,1,0.031744,0.031393,0.000216
KCF,1,90,1,500,1,0.032308,0.031984,0.000185
KCA,1,90,3,500,1,0.031318,0.030991,0.000192
KCF,1,90,3,500,1,0.032058,0.031675,0.000235
KCA,1,90,5,500,1,0.031464,0.031144,0.000186
KCF,1,90,5,500,1,0.032953,0.032624,0.000178
KCA,1,90,7,500,1,0.031223,0.030893,0.0002
KCF,1,90,7,500,1,0.032541,0.032056,0.000248
KCA,1,90,9,500,1,0.036746,0.036396,0.000206
KCF,1,90,9,500,1,0.034844,0.034479,0.000215
KCA,21,90,1,500,1,0.178674,0.164451,0.007396
KCF,21,90,1,500,1,0.18818,0.173672,0.007645
KCA,21,90,3,500,1,0.170142,0.155682,0.00738
KCF,21,90,3,500,1,0.186415,0.171854,0.007681
KCA,21,90,5,500,1,0.176995,0.16207,0.007799
KCF,21,90,5,500,1,0.1903,0.175717,0.007534
KCA,21,90,7,500,1,0.183134,0.167366,0.008724
KCF,21,90,7,500,1,0.385436,0.365132,0.008491
KCA,21,90,9,500,1,0.18026,0.164682,0.008521
KCF,21,90,9,500,1,0.191996,0.176046,0.00903
KCA,41,90,1,500,1,0.687313,0.634123,0.028435
KCF,41,90,1,500,1,0.525566,0.472546,0.027465
KCA,41,90,3,500,1,0.689061,0.636544,0.027772
KCF,41,90,3,500,1,0.527933,0.475283,0.027484
KCA,41,90,5,500,1,0.697067,0.643378,0.028736
KCF,41,90,5,500,1,0.529323,0.477562,0.027186
KCA,41,90,7,500,1,0.690835,0.63777,0.027967
KCF,41,90,7,500,1,0.529453,0.477161,0.027416
KCA,41,90,9,500,1,0.706506,0.654095,0.027864
KCF,41,90,9,500,1,0.546267,0.493566,0.027443
KCA,61,90,1,500,1,1.11477,1.0059,0.056722
KCF,61,90,1,500,1,0.996223,0.890062,0.055488
KCA,61,90,3,500,1,1.12611,1.01635,0.057977
KCF,61,90,3,500,1,1.00237,0.894834,0.055845
KCA,61,90,5,500,1,1.10385,0.999322,0.054642
KCF,61,90,5,500,1,0.963613,0.858073,0.054492
KCA,61,90,7,500,1,1.11159,1.00185,0.057759
KCF,61,90,7,500,1,1.01207,0.905429,0.055749
KCA,61,90,9,500,1,1.10294,0.997729,0.054419
KCF,61,90,9,500,1,0.988407,0.884458,0.053718
KCA,81,90,1,500,1,2.00903,1.83247,0.091052
KCF,81,90,1,500,1,1.99896,1.82018,0.094539
KCA,81,90,3,500,1,1.97725,1.79872,0.093185
KCF,81,90,3,500,1,2.25624,2.02823,0.140896
KCA,81,90,5,500,1,1.98482,1.80757,0.092779
KCF,81,90,5,500,1,2.01741,1.83718,0.095681
KCA,81,90,7,500,1,1.88914,1.71362,0.090544
KCF,81,90,7,500,1,2.03993,1.86105,0.094536
KCA,81,90,9,500,1,2.00436,1.82665,0.092146
KCF,81,90,9,500,1,1.98897,1.81,0.094458
KCA,101,90,1,500,1,3.77495,3.50391,0.140215
KCF,101,90,1,500,1,2.39168,2.12316,0.138594
KCA,101,90,3,500,1,3.87108,3.597,0.141096
KCF,101,90,3,500,1,2.46707,2.19571,0.139501
KCA,101,90,5,500,1,3.8225,3.54978,0.140623
KCF,101,90,5,500,1,2.51684,2.24393,0.140844
KCA,101,90,7,500,1,3.81817,3.54476,0.140907
KCF,101,90,7,500,1,2.33413,2.06352,0.140154
KCA,101,90,9,500,1,3.63928,3.36899,0.138719
KCF,101,90,9,500,1,2.38038,2.09058,0.161787
KCA,1,90,1,500,1,0.033599,0.033246,0.000204
KCF,1,90,1,500,1,0.034115,0.03376,0.000206
KCA,1,90,3,500,1,0.033551,0.033213,0.000206
KCF,1,90,3,500,1,0.033806,0.033432,0.000212
KCA,1,90,5,500,1,0.122784,0.122403,0.000231
KCF,1,90,5,500,1,0.127526,0.127045,0.000303
KCA,1,90,7,500,1,0.034316,0.033949,0.000224
KCF,1,90,7,500,1,0.034313,0.033966,0.000197
KCA,1,90,9,500,1,0.034151,0.033789,0.000209
KCF,1,90,9,500,1,0.034206,0.033831,0.000173
KCA,21,90,1,500,1,0.189038,0.174778,0.007942
KCF,21,90,1,500,1,0.195155,0.180284,0.008318
KCA,21,90,3,500,1,0.191234,0.176616,0.008
KCF,21,90,3,500,1,0.204547,0.190758,0.007052
KCA,21,90,5,500,1,0.194636,0.178408,0.008676
KCF,21,90,5,500,1,0.192659,0.178601,0.007515
KCA,21,90,7,500,1,0.185159,0.171039,0.007735
KCF,21,90,7,500,1,0.189882,0.175465,0.007746
KCA,21,90,9,500,1,0.188528,0.174663,0.007291
KCF,21,90,9,500,1,0.191156,0.177293,0.007386
KCA,41,90,1,500,1,0.734765,0.685653,0.026027
KCF,41,90,1,500,1,0.625912,0.57569,0.026224
KCA,41,90,3,500,1,0.702311,0.653416,0.025937
KCF,41,90,3,500,1,0.622041,0.572549,0.025698
KCA,41,90,5,500,1,0.764965,0.71634,0.025636
KCF,41,90,5,500,1,0.624815,0.575288,0.025878
KCA,41,90,7,500,1,0.738654,0.68865,0.026243
KCF,41,90,7,500,1,0.629624,0.578883,0.026762
KCA,41,90,9,500,1,0.722239,0.673912,0.025494
KCF,41,90,9,500,1,0.621958,0.572045,0.025602
KCA,61,90,1,500,1,1.89174,1.7882,0.054317
KCF,61,90,1,500,1,1.79772,1.69261,0.05489
KCA,61,90,3,500,1,1.86188,1.75919,0.052785
KCF,61,90,3,500,1,1.71964,1.6154,0.055198
KCA,61,90,5,500,1,1.86606,1.76397,0.052968
KCF,61,90,5,500,1,1.6942,1.58994,0.055057
KCA,61,90,7,500,1,1.9459,1.84311,0.054029
KCF,61,90,7,500,1,1.61943,1.51151,0.056795
KCA,61,90,9,500,1,1.86159,1.75849,0.05374
KCF,61,90,9,500,1,1.69479,1.58952,0.055525
KCA,81,90,1,500,1,2.85493,2.67945,0.091551
KCF,81,90,1,500,1,3.41024,3.23338,0.092343
KCA,81,90,3,500,1,2.89004,2.71286,0.091885
KCF,81,90,3,500,1,3.42884,3.25128,0.092038
KCA,81,90,5,500,1,2.83997,2.66685,0.089691
KCF,81,90,5,500,1,3.4964,3.3219,0.090326
KCA,81,90,7,500,1,2.92668,2.75175,0.090559
KCF,81,90,7,500,1,3.46445,3.28841,0.090989
KCA,81,90,9,500,1,2.86611,2.6892,0.091387
KCF,81,90,9,500,1,3.45367,3.27343,0.093752
KCA,101,90,1,500,1,5.14852,4.87683,0.141313
KCF,101,90,1,500,1,4.61899,4.34712,0.139978
KCA,101,90,3,500,1,5.08049,4.81442,0.137578
KCF,101,90,3,500,1,4.58712,4.31887,0.139684
KCA,101,90,5,500,1,5.09862,4.8316,0.138181
KCF,101,90,5,500,1,4.76512,4.49712,0.139067
KCA,101,90,7,500,1,5.12892,4.85638,0.140388
KCF,101,90,7,500,1,4.65023,4.38,0.140106
KCA,101,90,9,500,1,5.21416,4.9483,0.136715
KCF,101,90,9,500,1,4.54022,4.27304,0.139503
KCA,1,90,1,500,2,0.058669,0.058129,0.000288
KCF,1,90,1,500,2,0.049993,0.04941,0.000342
KCA,1,90,3,500,2,0.049014,0.048505,0.000275
KCF,1,90,3,500,2,0.051543,0.051011,0.000281
KCA,1,90,5,500,2,0.048737,0.048217,0.000271
KCF,1,90,5,500,2,0.051016,0.050339,0.000382
KCA,1,90,7,500,2,0.049425,0.048827,0.000325
KCF,1,90,7,500,2,0.053126,0.052518,0.000326
KCA,1,90,9,500,2,0.047719,0.047172,0.000275
KCF,1,90,9,500,2,0.061644,0.061041,0.00032
KCA,21,90,1,500,1,0.171548,0.15719,0.007071
KCF,21,90,1,500,1,0.162637,0.148272,0.007883
KCA,21,90,3,500,1,0.172454,0.156541,0.008277
KCF,21,90,3,500,1,0.164819,0.149654,0.008279
KCA,21,90,5,500,1,0.172538,0.157509,0.007594
KCF,21,90,5,500,1,0.16639,0.151085,0.008164
KCA,21,90,7,500,1,0.174545,0.159747,0.007587
KCF,21,90,7,500,1,0.168323,0.153567,0.007862
KCA,21,90,9,500,1,0.171025,0.155513,0.008073
KCF,21,90,9,500,1,0.167488,0.152834,0.007814
KCA,41,90,1,500,1,0.479484,0.426983,0.027587
KCF,41,90,1,500,1,0.451435,0.399605,0.027013
KCA,41,90,3,500,1,0.469244,0.415167,0.029283
KCF,41,90,3,500,1,0.452059,0.401243,0.026583
KCA,41,90,5,500,1,0.478526,0.425797,0.027844
KCF,41,90,5,500,1,0.457471,0.40447,0.028027
KCA,41,90,7,500,1,0.484067,0.431603,0.027325
KCF,41,90,7,500,1,0.456649,0.404593,0.027241
KCA,41,90,9,500,1,0.463931,0.414616,0.02531
KCF,41,90,9,500,1,0.443444,0.394589,0.025597
KCA,61,90,1,500,1,1.06551,0.956489,0.057609
KCF,61,90,1,500,1,0.991642,0.886056,0.055807
KCA,61,90,3,500,1,1.05321,0.947214,0.055802
KCF,61,90,3,500,1,0.996375,0.888012,0.056584
KCA,61,90,5,500,1,1.04794,0.94345,0.055667
KCF,61,90,5,500,1,0.962979,0.855848,0.056058
KCA,61,90,7,500,1,1.06479,0.956399,0.057136
KCF,61,90,7,500,1,0.994711,0.887242,0.056473
KCA,61,90,9,500,1,1.0686,0.962071,0.056412
KCF,61,90,9,500,1,0.985643,0.87888,0.056262
KCA,81,90,1,500,1,2.30926,2.12982,0.093792
KCF,81,90,1,500,1,1.90072,1.72298,0.093751
KCA,81,90,3,500,1,2.22484,2.04825,0.091501
KCF,81,90,3,500,1,1.86759,1.69294,0.089598
KCA,81,90,5,500,1,2.17547,1.99624,0.093544
KCF,81,90,5,500,1,1.87098,1.68993,0.094192
KCA,81,90,7,500,1,2.24163,2.06201,0.093465
KCF,81,90,7,500,1,1.9479,1.76664,0.095189
KCA,81,90,9,500,1,2.2655,2.08531,0.093367
KCF,81,90,9,500,1,1.89844,1.71783,0.094015
KCA,101,90,1,500,1,2.87757,2.61121,0.138056
KCF,101,90,1,500,1,3.34178,3.0004,0.139603
KCA,101,90,3,500,1,2.80037,2.52571,0.142139
KCF,101,90,3,500,1,3.16764,2.8933,0.142367
KCA,101,90,5,500,1,2.76372,2.49602,0.139325
KCF,101,90,5,500,1,3.12409,2.85184,0.14117
KCA,101,90,7,500,1,2.88185,2.61179,0.139515
KCF,101,90,7,500,1,3.64018,3.31508,0.14754
KCA,101,90,9,500,1,2.80351,2.53538,0.138939
KCF,101,90,9,500,1,2.9347,2.66574,0.140062
KCA,1,90,1,500,1,0.037187,0.03685,0.000194
KCF,1,90,1,500,1,0.035869,0.035506,0.000225
KCA,1,90,3,500,1,0.036301,0.035921,0.00023
KCF,1,90,3,500,1,0.03929,0.03893,0.000205
KCA,1,90,5,500,1,0.036452,0.036056,0.000248
KCF,1,90,5,500,1,0.044809,0.044468,0.000189
KCA,1,90,7,500,1,0.03797,0.037635,0.000189
KCF,1,90,7,500,1,0.03616,0.035838,0.000183
KCA,1,90,9,500,1,0.037786,0.03729,0.000263
KCF,1,90,9,500,1,0.03633,0.035927,0.000204
KCA,21,90,1,500,1,0.218977,0.20479,0.007167
KCF,21,90,1,500,1,0.205505,0.191712,0.007174
KCA,21,90,3,500,1,0.213616,0.198989,0.007868
KCF,21,90,3,500,1,0.20533,0.190617,0.00801
KCA,21,90,5,500,1,0.26169,0.244215,0.010751
KCF,21,90,5,500,1,0.235926,0.214203,0.010185
KCA,21,90,7,500,1,0.213327,0.198685,0.007686
KCF,21,90,7,500,1,0.205388,0.191261,0.007452
KCA,21,90,9,500,1,0.224579,0.210055,0.007834
KCF,21,90,9,500,1,0.209346,0.1948,0.007927
KCA,41,90,1,500,1,0.972184,0.922618,0.02597
KCF,41,90,1,500,1,0.809577,0.759672,0.025624
KCA,41,90,3,500,1,1.15612,1.08147,0.048835
KCF,41,90,3,500,1,1.28416,1.2192,0.035039
KCA,41,90,5,500,1,1.04923,0.992407,0.028053
KCF,41,90,5,500,1,0.83014,0.777602,0.028056
KCA,41,90,7,500,1,0.908736,0.859337,0.026446
KCF,41,90,7,500,1,0.786276,0.735846,0.025979
KCA,41,90,9,500,1,0.900421,0.849856,0.027067
KCF,41,90,9,500,1,0.808349,0.758117,0.026451
KCA,61,90,1,500,1,1.95638,1.85335,0.054475
KCF,61,90,1,500,1,1.64932,1.54411,0.055253
KCA,61,90,3,500,1,1.96575,1.86322,0.052816
KCF,61,90,3,500,1,1.63523,1.52926,0.056401
KCA,61,90,5,500,1,2.13475,2.03043,0.054584
KCF,61,90,5,500,1,1.58593,1.47903,0.056341
KCA,61,90,7,500,1,1.95628,1.85239,0.053967
KCF,61,90,7,500,1,1.62781,1.52022,0.057634
KCA,61,90,9,500,1,1.92301,1.82021,0.052912
KCF,61,90,9,500,1,1.63626,1.5316,0.05494
KCA,81,90,1,500,1,2.61459,2.43999,0.090323
KCF,81,90,1,500,1,5.11181,4.93338,0.093876
KCA,81,90,3,500,1,2.59726,2.42356,0.090025
KCF,81,90,3,500,1,4.99749,4.82068,0.093061
KCA,81,90,5,500,1,2.58946,2.41342,0.091548
KCF,81,90,5,500,1,4.98872,4.80842,0.094453
KCA,81,90,7,500,1,2.59041,2.41707,0.089982
KCF,81,90,7,500,1,5.01038,4.83372,0.093103
KCA,81,90,9,500,1,2.59467,2.41957,0.091166
KCF,81,90,9,500,1,5.00956,4.83159,0.093076
KCA,101,90,1,500,1,7.0814,6.81245,0.140086
KCF,101,90,1,500,1,5.07182,4.80275,0.139992
KCA,101,90,3,500,1,6.90648,6.63844,0.138271
KCF,101,90,3,500,1,5.22014,4.95216,0.139274
KCA,101,90,5,500,1,7.10075,6.82787,0.141937
KCF,101,90,5,500,1,5.31166,5.03606,0.141441
KCA,101,90,7,500,1,6.98696,6.70956,0.146015
KCF,101,90,7,500,1,5.23911,4.97017,0.139591
KCA,101,90,9,500,1,6.90116,6.63338,0.138876
KCF,101,90,9,500,1,5.31662,5.04706,0.13962
KCA,1,90,1,500,1,0.027052,0.02673,0.000184
KCF,1,90,1,500,1,0.035815,0.035454,0.000207
KCA,1,90,3,500,1,0.026723,0.026345,0.000228
KCF,1,90,3,500,1,0.030662,0.030282,0.00023
KCA,1,90,5,500,1,0.026735,0.026386,0.000211
KCF,1,90,5,500,1,0.028193,0.027839,0.000202
KCA,1,90,7,500,1,0.028723,0.028385,0.000198
KCF,1,90,7,500,1,0.027239,0.026879,0.000208
KCA,1,90,9,500,1,0.028159,0.027806,0.000213
KCF,1,90,9,500,1,0.032011,0.031562,0.000253
KCA,21,90,1,500,1,0.225689,0.211935,0.00741
KCF,21,90,1,500,1,0.1962,0.182182,0.007467
KCA,21,90,3,500,1,0.226762,0.212011,0.007597
KCF,21,90,3,500,1,0.190715,0.175952,0.007759
KCA,21,90,5,500,1,0.228975,0.213702,0.008108
KCF,21,90,5,500,1,0.199466,0.1856,0.007318
KCA,21,90,7,500,1,0.226911,0.211538,0.008043
KCF,21,90,7,500,1,0.199546,0.184915,0.007848
KCA,21,90,9,500,1,0.226901,0.211991,0.008185
KCF,21,90,9,500,1,0.217958,0.203045,0.008014
KCA,41,90,1,500,1,1.03869,0.985093,0.030048
KCF,41,90,1,500,1,0.912847,0.85353,0.035351
KCA,41,90,3,500,1,0.944249,0.895837,0.025661
KCF,41,90,3,500,1,0.64469,0.596428,0.024522
KCA,41,90,5,500,1,0.947324,0.89811,0.025526
KCF,41,90,5,500,1,0.627979,0.579243,0.024933
KCA,41,90,7,500,1,0.950699,0.899576,0.027125
KCF,41,90,7,500,1,0.649547,0.599128,0.026293
KCA,41,90,9,500,1,0.944895,0.895914,0.025197
KCF,41,90,9,500,1,0.657924,0.608575,0.025138
KCA,61,90,1,500,1,1.829,1.72652,0.053168
KCF,61,90,1,500,1,1.69575,1.59252,0.053513
KCA,61,90,3,500,1,1.83205,1.72854,0.053933
KCF,61,90,3,500,1,1.71588,1.61084,0.055212
KCA,61,90,5,500,1,1.83065,1.7251,0.054087
KCF,61,90,5,500,1,1.70343,1.59735,0.055158
KCA,61,90,7,500,1,1.77124,1.66722,0.053568
KCF,61,90,7,500,1,1.65458,1.5506,0.05324
KCA,61,90,9,500,1,1.83506,1.72888,0.054768
KCF,61,90,9,500,1,1.6951,1.58998,0.054708
KCA,81,90,1,500,1,3.93077,3.75646,0.090339
KCF,81,90,1,500,1,5.88372,5.70721,0.091947
KCA,81,90,3,500,1,4.0745,3.90131,0.089437
KCF,81,90,3,500,1,5.83736,5.65917,0.094397
KCA,81,90,5,500,1,3.99767,3.82398,0.090035
KCF,81,90,5,500,1,7.43539,7.13426,0.170161
KCA,81,90,7,500,1,3.82636,3.64896,0.091947
KCF,81,90,7,500,1,5.83436,5.6534,0.095277
KCA,81,90,9,500,1,3.95506,3.77922,0.091541
KCF,81,90,9,500,1,6.08079,5.88916,0.097521
KCA,101,90,1,500,1,6.66689,6.403,0.136062
KCF,101,90,1,500,1,5.87913,5.6114,0.139052
KCA,101,90,3,500,1,6.63058,6.36462,0.138308
KCF,101,90,3,500,1,5.70274,5.4338,0.139327
KCA,101,90,5,500,1,6.65963,6.39477,0.136823
KCF,101,90,5,500,1,5.85622,5.58784,0.139923
KCA,101,90,7,500,1,6.60044,6.33208,0.140222
KCF,101,90,7,500,1,5.89213,5.61764,0.142373
KCA,101,90,9,500,1,6.69188,6.42087,0.14016
KCF,101,90,9,500,1,5.96657,5.69254,0.141162
KCA,1,90,1,500,2,0.04825,0.047596,0.000363
KCF,1,90,1,500,2,0.046851,0.04631,0.000296
KCA,1,90,3,500,2,0.047702,0.047022,0.000354
KCF,1,90,3,500,2,0.048494,0.047884,0.000346
KCA,1,90,5,500,2,0.047793,0.047204,0.000328
KCF,1,90,5,500,2,0.047823,0.0472,0.000331
KCA,1,90,7,500,2,0.053588,0.052955,0.000356
KCF,1,90,7,500,2,0.046475,0.045887,0.000336
KCA,1,90,9,500,2,0.046995,0.046315,0.000357
KCF,1,90,9,500,2,0.048198,0.047589,0.000357
KCA,21,90,1,500,1,0.175694,0.160376,0.008059
KCF,21,90,1,500,1,0.157553,0.142712,0.007726
KCA,21,90,3,500,1,0.170943,0.15526,0.00849
KCF,21,90,3,500,1,0.157904,0.142688,0.008319
KCA,21,90,5,500,1,0.175965,0.160199,0.008237
KCF,21,90,5,500,1,0.160004,0.145178,0.007766
KCA,21,90,7,500,1,0.179691,0.164396,0.008065
KCF,21,90,7,500,1,0.159239,0.144386,0.007688
KCA,21,90,9,500,1,0.176641,0.160642,0.008771
KCF,21,90,9,500,1,0.159991,0.144747,0.008251
KCA,41,90,1,500,1,0.41077,0.35733,0.028112
KCF,41,90,1,500,1,0.422765,0.370381,0.027724
KCA,41,90,3,500,1,0.431311,0.378866,0.027613
KCF,41,90,3,500,1,0.41658,0.365347,0.026941
KCA,41,90,5,500,1,0.418919,0.365803,0.027837
KCF,41,90,5,500,1,0.404713,0.352965,0.026449
KCA,41,90,7,500,1,0.41545,0.363214,0.027133
KCF,41,90,7,500,1,0.416761,0.364553,0.027819
KCA,41,90,9,500,1,0.41791,0.365925,0.02687
KCF,41,90,9,500,1,0.406485,0.353312,0.027804
KCA,61,90,1,500,1,0.935533,0.825635,0.057765
KCF,61,90,1,500,1,0.903701,0.794244,0.057102
KCA,61,90,3,500,1,0.928912,0.819018,0.056701
KCF,61,90,3,500,1,0.911992,0.805697,0.05611
KCA,61,90,5,500,1,0.921603,0.813509,0.056409
KCF,61,90,5,500,1,0.903871,0.796058,0.057673
KCA,61,90,7,500,1,0.941041,0.83216,0.057676
KCF,61,90,7,500,1,0.917321,0.808515,0.056787
KCA,61,90,9,500,1,0.920767,0.812329,0.057114
KCF,61,90,9,500,1,0.911113,0.803602,0.056535
KCA,81,90,1,500,1,1.6581,1.47591,0.095608
KCF,81,90,1,500,1,1.47528,1.29516,0.094008
KCA,81,90,3,500,1,1.73039,1.54774,0.095978
KCF,81,90,3,500,1,1.49673,1.31448,0.097388
KCA,81,90,5,500,1,1.74165,1.55907,0.095799
KCF,81,90,5,500,1,1.46234,1.28358,0.093563
KCA,81,90,7,500,1,1.74368,1.56081,0.095277
KCF,81,90,7,500,1,1.48337,1.30472,0.094309
KCA,81,90,9,500,1,1.73078,1.54841,0.096265
KCF,81,90,9,500,1,1.48239,1.3023,0.095177
KCA,101,90,1,500,1,2.84436,2.57015,0.143247
KCF,101,90,1,500,1,2.88406,2.56449,0.186356
KCA,101,90,3,500,1,2.8372,2.5642,0.142135
KCF,101,90,3,500,1,2.68521,2.41111,0.143849
KCA,101,90,5,500,1,2.94721,2.6752,0.142225
KCF,101,90,5,500,1,2.70519,2.43624,0.140997
KCA,101,90,7,500,1,2.93881,2.66699,0.142286
KCF,101,90,7,500,1,2.71684,2.4428,0.143148
KCA,101,90,9,500,1,2.94043,2.66491,0.143721
KCF,101,90,9,500,1,2.72559,2.45485,0.142173
KCA,1,90,1,500,1,0.035047,0.034692,0.000213
KCF,1,90,1,500,1,0.036443,0.036114,0.000179
KCA,1,90,3,500,1,0.03594,0.03554,0.000219
KCF,1,90,3,500,1,0.036249,0.035823,0.000232
KCA,1,90,5,500,1,0.035783,0.035465,0.000174
KCF,1,90,5,500,1,0.039513,0.039196,0.000169
KCA,1,90,7,500,1,0.036293,0.035932,0.000212
KCF,1,90,7,500,1,0.037855,0.037495,0.000218
KCA,1,90,9,500,1,0.036633,0.036298,0.000203
KCF,1,90,9,500,1,0.038224,0.037881,0.000196
KCA,21,90,1,500,1,0.230282,0.215155,0.008158
KCF,21,90,1,500,1,0.193742,0.179858,0.007367
KCA,21,90,3,500,1,0.235467,0.220104,0.008355
KCF,21,90,3,500,1,0.206786,0.192001,0.008249
KCA,21,90,5,500,1,0.25547,0.240924,0.007895
KCF,21,90,5,500,1,0.20352,0.189077,0.007773
KCA,21,90,7,500,1,0.231218,0.217079,0.007694
KCF,21,90,7,500,1,0.207433,0.192919,0.0078
KCA,21,90,9,500,1,0.234343,0.219869,0.00802
KCF,21,90,9,500,1,0.207727,0.193294,0.007886
KCA,41,90,1,500,1,1.16087,1.07439,0.063455
KCF,41,90,1,500,1,0.895392,0.845433,0.025409
KCA,41,90,3,500,1,1.0342,0.985098,0.025811
KCF,41,90,3,500,1,0.855144,0.80456,0.026396
KCA,41,90,5,500,1,1.05854,1.00853,0.025998
KCF,41,90,5,500,1,0.850781,0.800902,0.026251
KCA,41,90,7,500,1,1.0409,0.990731,0.026157
KCF,41,90,7,500,1,0.866735,0.815215,0.027629
KCA,41,90,9,500,1,1.03196,0.982798,0.025733
KCF,41,90,9,500,1,0.855957,0.80634,0.026603
KCA,61,90,1,500,1,2.51204,2.40666,0.05531
KCF,61,90,1,500,1,2.14076,2.03351,0.056788
KCA,61,90,3,500,1,2.39084,2.28847,0.053274
KCF,61,90,3,500,1,2.07951,1.97407,0.055674
KCA,61,90,5,500,1,2.51145,2.40186,0.054446
KCF,61,90,5,500,1,2.11892,2.01251,0.056421
KCA,61,90,7,500,1,2.55578,2.45014,0.055286
KCF,61,90,7,500,1,2.02096,1.91482,0.056082
KCA,61,90,9,500,1,3.03587,2.9294,0.056336
KCF,61,90,9,500,1,2.33607,2.22423,0.057824
KCA,81,90,1,500,1,4.66506,4.48561,0.093106
KCF,81,90,1,500,1,5.77898,5.59808,0.094097
KCA,81,90,3,500,1,4.62721,4.45377,0.089405
KCF,81,90,3,500,1,5.73031,5.54443,0.094385
KCA,81,90,5,500,1,4.77343,4.5956,0.092484
KCF,81,90,5,500,1,5.78459,5.60446,0.095065
KCA,81,90,7,500,1,4.34043,4.1657,0.090596
KCF,81,90,7,500,1,5.77707,5.59818,0.094729
KCA,81,90,9,500,1,4.6091,4.43475,0.089963
KCF,81,90,9,500,1,5.86691,5.68828,0.09394
KCA,101,90,1,500,1,7.51366,7.24473,0.138688
KCF,101,90,1,500,1,6.28986,6.01954,0.140575
KCA,101,90,3,500,1,7.63509,7.36757,0.139377
KCF,101,90,3,500,1,6.32319,6.05073,0.141301
KCA,101,90,5,500,1,7.63041,7.36275,0.137648
KCF,101,90,5,500,1,6.03784,5.76886,0.140221
KCA,101,90,7,500,1,7.65966,7.39105,0.139885
KCF,101,90,7,500,1,8.24783,7.92525,0.190705
KCA,101,90,9,500,1,7.43792,7.17017,0.13991
KCF,101,90,9,500,1,6.36539,6.09026,0.14251
KCA,1,90,1,500,1,0.029494,0.029127,0.000214
KCF,1,90,1,500,1,0.031027,0.03066,0.00019
KCA,1,90,3,500,1,0.029945,0.029608,0.000187
KCF,1,90,3,500,1,0.030305,0.029895,0.000263
KCA,1,90,5,500,1,0.029577,0.029209,0.000227
KCF,1,90,5,500,1,0.029989,0.029587,0.000248
KCA,1,90,7,500,1,0.029748,0.029301,0.000251
KCF,1,90,7,500,1,0.032575,0.032223,0.000201
KCA,1,90,9,500,1,0.029994,0.029676,0.000176
KCF,1,90,9,500,1,0.033138,0.032816,0.000186
KCA,21,90,1,500,1,0.19821,0.182391,0.008406
KCF,21,90,1,500,1,0.165845,0.150958,0.007823
KCA,21,90,3,500,1,0.198001,0.182688,0.00793
KCF,21,90,3,500,1,0.16938,0.154192,0.008156
KCA,21,90,5,500,1,0.198837,0.182055,0.008739
KCF,21,90,5,500,1,0.169112,0.153729,0.008333
KCA,21,90,7,500,1,0.198504,0.182498,0.008342
KCF,21,90,7,500,1,0.167141,0.151541,0.00841
KCA,21,90,9,500,1,0.352206,0.327619,0.012342
KCF,21,90,9,500,1,0.196896,0.175477,0.010727
KCA,41,90,1,500,1,0.473181,0.419225,0.028472
KCF,41,90,1,500,1,0.414482,0.360732,0.028475
KCA,41,90,3,500,1,0.454128,0.401917,0.027297
KCF,41,90,3,500,1,0.41136,0.357213,0.02851
KCA,41,90,5,500,1,0.468474,0.414574,0.027925
KCF,41,90,5,500,1,0.412214,0.360373,0.027188
KCA,41,90,7,500,1,0.470032,0.417469,0.027072
KCF,41,90,7,500,1,0.415594,0.36421,0.026841
KCA,41,90,9,500,1,0.673564,0.589621,0.043163
KCF,41,90,9,500,1,0.585471,0.521053,0.027827
KCA,61,90,1,500,1,1.26874,1.16062,0.056913
KCF,61,90,1,500,1,1.10251,0.993207,0.057661
KCA,61,90,3,500,1,1.25141,1.14532,0.055246
KCF,61,90,3,500,1,1.09484,0.988714,0.054582
KCA,61,90,5,500,1,1.24109,1.13547,0.055304
KCF,61,90,5,500,1,1.09591,0.987789,0.057208
KCA,61,90,7,500,1,1.2464,1.14071,0.056207
KCF,61,90,7,500,1,1.12024,1.01372,0.056588
KCA,61,90,9,500,1,1.24487,1.14102,0.053905
KCF,61,90,9,500,1,1.09237,0.987795,0.055255
KCA,81,90,1,500,1,1.86352,1.67799,0.094967
KCF,81,90,1,500,1,1.70694,1.52326,0.094848
KCA,81,90,3,500,1,1.78972,1.61029,0.093001
KCF,81,90,3,500,1,1.82069,1.63815,0.094928
KCA,81,90,5,500,1,1.80472,1.62777,0.09181
KCF,81,90,5,500,1,1.77524,1.5979,0.091029
KCA,81,90,7,500,1,1.71823,1.54099,0.091291
KCF,81,90,7,500,1,1.79367,1.61655,0.090708
KCA,81,90,9,500,1,1.80507,1.62607,0.092807
KCF,81,90,9,500,1,1.78098,1.60309,0.092198
KCA,101,90,1,500,1,3.11284,2.82603,0.158112
KCF,101,90,1,500,1,3.16546,2.84261,0.14939
KCA,101,90,3,500,1,2.73928,2.46856,0.139176
KCF,101,90,3,500,1,2.59144,2.32669,0.136493
KCA,101,90,5,500,1,2.60616,2.3354,0.139411
KCF,101,90,5,500,1,2.57851,2.30833,0.139031
KCA,101,90,7,500,1,2.57621,2.31111,0.136098
KCF,101,90,7,500,1,2.52636,2.25856,0.139681
KCA,101,90,9,500,1,2.7292,2.45928,0.139849
KCF,101,90,9,500,1,2.5828,2.31193,0.140007
KCA,1,90,1,500,1,0.036768,0.036456,0.00018
KCF,1,90,1,500,1,0.033812,0.033499,0.000177
KCA,1,90,3,500,1,0.033346,0.032999,0.000214
KCF,1,90,3,500,1,0.037592,0.037245,0.00018
KCA,1,90,5,500,1,0.033791,0.033445,0.000205
KCF,1,90,5,500,1,0.033981,0.033618,0.000211
KCA,1,90,7,500,1,0.033958,0.033598,0.000215
KCF,1,90,7,500,1,0.033013,0.032675,0.00019
KCA,1,90,9,500,1,0.033142,0.032831,0.000173
KCF,1,90,9,500,1,0.03384,0.033492,0.000215
KCA,21,90,1,500,1,0.204819,0.188643,0.008639
KCF,21,90,1,500,1,0.206362,0.190797,0.008647
KCA,21,90,3,500,1,0.199424,0.183564,0.008587
KCF,21,90,3,500,1,0.207884,0.192772,0.008271
KCA,21,90,5,500,1,0.19928,0.182999,0.009026
KCF,21,90,5,500,1,0.212092,0.196531,0.008484
KCA,21,90,7,500,1,0.200529,0.185148,0.008414
KCF,21,90,7,500,1,0.20395,0.188937,0.007703
KCA,21,90,9,500,1,0.20246,0.185857,0.008842
KCF,21,90,9,500,1,0.20536,0.190373,0.007933
KCA,41,90,1,500,1,0.462473,0.409366,0.027986
KCF,41,90,1,500,1,0.443937,0.391832,0.026935
KCA,41,90,3,500,1,0.472782,0.416513,0.031052
KCF,41,90,3,500,1,0.4471,0.394879,0.027832
KCA,41,90,5,500,1,0.461134,0.40856,0.027663
KCF,41,90,5,500,1,0.443076,0.391237,0.026404
KCA,41,90,7,500,1,0.462145,0.408689,0.028231
KCF,41,90,7,500,1,0.459066,0.406323,0.02723
KCA,41,90,9,500,1,0.456728,0.403546,0.028285
KCF,41,90,9,500,1,0.44233,0.389015,0.028095
KCA,61,90,1,500,1,1.4084,1.29985,0.056502
KCF,61,90,1,500,1,1.10721,0.999852,0.057487
KCA,61,90,3,500,1,1.40894,1.29991,0.056867
KCF,61,90,3,500,1,1.11284,1.0034,0.057042
KCA,61,90,5,500,1,1.40011,1.29001,0.057122
KCF,61,90,5,500,1,1.09984,0.992161,0.057272
KCA,61,90,7,500,1,1.80036,1.68395,0.060186
KCF,61,90,7,500,1,1.54487,1.38718,0.090075
KCA,61,90,9,500,1,1.41299,1.30393,0.057625
KCF,61,90,9,500,1,1.10374,0.996788,0.056153
KCA,81,90,1,500,1,2.07178,1.88973,0.095405
KCF,81,90,1,500,1,1.85739,1.67955,0.093953
KCA,81,90,3,500,1,2.08633,1.90349,0.094687
KCF,81,90,3,500,1,1.84391,1.66756,0.092581
KCA,81,90,5,500,1,2.09305,1.91192,0.094493
KCF,81,90,5,500,1,2.01626,1.79787,0.121064
KCA,81,90,7,500,1,2.06115,1.87802,0.095824
KCF,81,90,7,500,1,1.87259,1.69423,0.093895
KCA,81,90,9,500,1,2.11761,1.93498,0.095346
KCF,81,90,9,500,1,1.83241,1.65294,0.094232
KCA,101,90,1,500,1,2.7628,2.49179,0.141576
KCF,101,90,1,500,1,3.03485,2.76995,0.13688
KCA,101,90,3,500,1,2.85103,2.5814,0.140822
KCF,101,90,3,500,1,3.03159,2.76584,0.137692
KCA,101,90,5,500,1,2.84783,2.57627,0.141495
KCF,101,90,5,500,1,2.96948,2.70358,0.137543
KCA,101,90,7,500,1,2.862,2.59058,0.141713
KCF,101,90,7,500,1,3.04835,2.7772,0.138101
KCA,101,90,9,500,1,2.75145,2.47589,0.143037
KCF,101,90,9,500,1,3.01521,2.74855,0.137871
KCA,1,90,1,500,1,0.035348,0.035034,0.00018
KCF,1,90,1,500,1,0.040864,0.04055,0.00018
KCA,1,90,3,500,1,0.032414,0.032095,0.000189
KCF,1,90,3,500,1,0.032119,0.03176,0.000199
KCA,1,90,5,500,1,0.032471,0.032108,0.000174
KCF,1,90,5,500,1,0.035679,0.035347,0.000199
KCA,1,90,7,500,1,0.031841,0.031507,0.000197
KCF,1,90,7,500,1,0.033134,0.032668,0.000253
KCA,1,90,9,500,1,0.033092,0.032671,0.000247
KCF,1,90,9,500,1,0.033338,0.032982,0.000212
KCA,21,90,1,500,1,0.218346,0.203394,0.007758
KCF,21,90,1,500,1,0.199349,0.184797,0.007776
KCA,21,90,3,500,1,0.234716,0.219801,0.007952
KCF,21,90,3,500,1,0.200301,0.185119,0.008177
KCA,21,90,5,500,1,0.223021,0.208484,0.007581
KCF,21,90,5,500,1,0.20185,0.187505,0.0079
KCA,21,90,7,500,1,0.234896,0.220049,0.007842
KCF,21,90,7,500,1,0.199768,0.186057,0.007223
KCA,21,90,9,500,1,0.228502,0.213154,0.007647
KCF,21,90,9,500,1,0.198876,0.184563,0.007723
KCA,41,90,1,500,1,1.25872,1.20832,0.026878
KCF,41,90,1,500,1,0.685062,0.633038,0.027248
KCA,41,90,3,500,1,1.25503,1.2045,0.026792
KCF,41,90,3,500,1,0.674128,0.623076,0.027054
KCA,41,90,5,500,1,1.23036,1.18104,0.025729
KCF,41,90,5,500,1,0.666163,0.616302,0.026192
KCA,41,90,7,500,1,1.23296,1.18467,0.025057
KCF,41,90,7,500,1,0.670345,0.619823,0.026741
KCA,41,90,9,500,1,1.56905,1.50865,0.037218
KCF,41,90,9,500,1,0.913504,0.859106,0.029094
KCA,61,90,1,500,1,2.65388,2.54834,0.054465
KCF,61,90,1,500,1,2.27975,2.17416,0.055929
KCA,61,90,3,500,1,2.60408,2.50326,0.052274
KCF,61,90,3,500,1,2.32532,2.22129,0.054936
KCA,61,90,5,500,1,2.59119,2.48915,0.053536
KCF,61,90,5,500,1,2.31875,2.21294,0.055857
KCA,61,90,7,500,1,2.6152,2.51214,0.053465
KCF,61,90,7,500,1,2.33285,2.22692,0.05525
KCA,61,90,9,500,1,2.65624,2.55214,0.054161
KCF,61,90,9,500,1,2.33528,2.22945,0.055561
KCA,81,90,1,500,1,3.36618,3.18811,0.092089
KCF,81,90,1,500,1,3.58583,3.40447,0.095826
KCA,81,90,3,500,1,3.36843,3.19299,0.091179
KCF,81,90,3,500,1,3.57949,3.40113,0.093372
KCA,81,90,5,500,1,3.35122,3.17566,0.091607
KCF,81,90,5,500,1,3.64807,3.46733,0.094401
KCA,81,90,7,500,1,3.76973,3.5783,0.10687
KCF,81,90,7,500,1,4.01792,3.78684,0.141464
KCA,81,90,9,500,1,3.34927,3.17261,0.091675
KCF,81,90,9,500,1,3.47206,3.29393,0.092007
KCA,101,90,1,500,1,7.64526,7.37493,0.140562
KCF,101,90,1,500,1,5.74083,5.46607,0.142629
KCA,101,90,3,500,1,7.66783,7.403,0.137123
KCF,101,90,3,500,1,5.75335,5.48521,0.139967
KCA,101,90,5,500,1,7.65644,7.38828,0.139412
KCF,101,90,5,500,1,5.8084,5.5355,0.142229
KCA,101,90,7,500,1,7.62859,7.36028,0.138905
KCF,101,90,7,500,1,5.67399,5.40318,0.140188
KCA,101,90,9,500,1,7.60205,7.33827,0.135906
KCF,101,90,9,500,1,5.83705,5.57014,0.139548
KCA,1,90,1,500,1,0.034132,0.033743,0.0002
KCF,1,90,1,500,1,0.024814,0.024456,0.000207
KCA,1,90,3,500,1,0.024307,0.023965,0.000179
KCF,1,90,3,500,1,0.024068,0.02375,0.000173
KCA,1,90,5,500,1,0.023601,0.023219,0.000237
KCF,1,90,5,500,1,0.023851,0.023511,0.00019
KCA,1,90,7,500,1,0.024206,0.02385,0.00021
KCF,1,90,7,500,1,0.022395,0.022008,0.000239
KCA,1,90,9,500,1,0.036833,0.036501,0.000182
KCF,1,90,9,500,1,0.024553,0.024166,0.000216
KCA,21,90,1,500,1,0.209652,0.195816,0.007214
KCF,21,90,1,500,1,0.180804,0.166874,0.007343
KCA,21,90,3,500,1,0.209349,0.195426,0.007363
KCF,21,90,3,500,1,0.184039,0.169119,0.008146
KCA,21,90,5,500,1,0.209746,0.195717,0.007339
KCF,21,90,5,500,1,0.181717,0.166602,0.008233
KCA,21,90,7,500,1,0.209635,0.196141,0.00701
KCF,21,90,7,500,1,0.179912,0.166169,0.007252
KCA,21,90,9,500,1,0.208894,0.19365,0.00818
KCF,21,90,9,500,1,0.181275,0.167445,0.007421
KCA,41,90,1,500,1,0.941357,0.891885,0.026103
KCF,41,90,1,500,1,0.69554,0.645054,0.025665
KCA,41,90,3,500,1,0.928597,0.879874,0.025594
KCF,41,90,3,500,1,0.699955,0.650166,0.025644
KCA,41,90,5,500,1,0.933058,0.883284,0.026269
KCF,41,90,5,500,1,0.695751,0.645407,0.025994
KCA,41,90,7,500,1,0.911435,0.862015,0.025941
KCF,41,90,7,500,1,0.681853,0.632658,0.025487
KCA,41,90,9,500,1,0.943534,0.893118,0.026799
KCF,41,90,9,500,1,0.70562,0.657018,0.024902
KCA,61,90,1,500,1,1.85045,1.7498,0.052329
KCF,61,90,1,500,1,1.59988,1.49505,0.055545
KCA,61,90,3,500,1,1.90907,1.80807,0.052472
KCF,61,90,3,500,1,1.5609,1.45935,0.053059
KCA,61,90,5,500,1,1.92044,1.81974,0.052035
KCF,61,90,5,500,1,1.57397,1.47083,0.054264
KCA,61,90,7,500,1,1.87131,1.76962,0.053185
KCF,61,90,7,500,1,1.58725,1.48399,0.053804
KCA,61,90,9,500,1,1.90386,1.80067,0.053917
KCF,61,90,9,500,1,1.59118,1.48628,0.054841
KCA,81,90,1,500,1,2.52441,2.34491,0.094219
KCF,81,90,1,500,1,3.66437,3.4618,0.11268
KCA,81,90,3,500,1,2.09461,1.91936,0.090706
KCF,81,90,3,500,1,2.93497,2.75838,0.09298
KCA,81,90,5,500,1,2.06079,1.88778,0.089541
KCF,81,90,5,500,1,2.90708,2.73168,0.09155
KCA,81,90,7,500,1,2.02486,1.85087,0.089824
KCF,81,90,7,500,1,2.84515,2.67247,0.089206
KCA,81,90,9,500,1,2.09901,1.92519,0.090231
KCF,81,90,9,500,1,2.83428,2.66003,0.090284
KCA,101,90,1,500,1,5.18287,4.91879,0.136823
KCF,101,90,1,500,1,4.92328,4.65526,0.140536
KCA,101,90,3,500,1,5.2262,4.95718,0.13934
KCF,101,90,3,500,1,4.90209,4.63447,0.137072
KCA,101,90,5,500,1,5.21855,4.94879,0.139898
KCF,101,90,5,500,1,4.91666,4.64415,0.141149
KCA,101,90,7,500,1,5.2249,4.95415,0.138924
KCF,101,90,7,500,1,4.72555,4.45347,0.141406
KCA,101,90,9,500,1,5.17877,4.91551,0.135784
KCF,101,90,9,500,1,6.19129,5.9253,0.137408
