BA,1,0,2,0.005645,0.005362,0.000171
KCU,1,0,1,0.00258,0.002278,0.000143
BA,1,0,2,0.004406,0.004102,0.000186
KCU,1,0,1,0.002352,0.002049,0.000148
BA,1,0,2,0.003991,0.003705,0.000174
KCU,1,0,1,0.002393,0.002081,0.000144
BA,1,0,2,0.003911,0.003625,0.000181
KCU,1,0,1,0.00248,0.002146,0.000157
BA,1,0,2,0.004067,0.00374,0.000192
KCU,1,0,1,0.00247,0.002145,0.000151
BA,1,0,2,0.00401,0.003707,0.000188
KCU,1,0,1,0.002646,0.002277,0.000161
BA,1,0,2,0.004083,0.003769,0.000201
KCU,1,0,1,0.002429,0.00211,0.000146
BA,1,0,2,0.004008,0.003699,0.000189
KCU,1,0,1,0.00246,0.002127,0.000155
BA,1,0,2,0.004033,0.003709,0.000207
KCU,1,0,1,0.002499,0.002156,0.000153
BA,1,0,2,0.00395,0.00365,0.000187
KCU,1,0,1,0.002495,0.002166,0.000148
BA,1,0,2,0.003978,0.003673,0.000188
KCU,1,0,1,0.002448,0.002091,0.000165
BA,1,0,2,0.004078,0.003765,0.000194
KCU,1,0,1,0.002505,0.002169,0.000155
BA,1,0,2,0.004126,0.00381,0.000201
KCU,1,0,1,0.002697,0.002348,0.00015
BA,1,0,2,0.004015,0.003712,0.000186
KCU,1,0,1,0.002447,0.002119,0.000146
BA,1,0,2,0.003934,0.003633,0.000187
KCU,1,0,1,0.002554,0.002188,0.000166
BA,1,0,2,0.004126,0.00377,0.000218
KCU,1,0,1,0.002643,0.002293,0.000161
BA,1,0,2,0.004074,0.003747,0.000197
KCU,1,0,1,0.002648,0.002295,0.000157
BA,1,0,2,0.004106,0.003784,0.000201
KCU,1,0,1,0.002553,0.002201,0.00015
BA,1,0,2,0.003991,0.003667,0.000207
KCU,1,0,1,0.002525,0.002172,0.00016
BA,1,0,2,0.003938,0.003635,0.000196
KCU,1,0,1,0.002512,0.002161,0.000158
BA,1,0,2,0.004059,0.003744,0.000194
KCU,1,0,1,0.002539,0.002205,0.000151
BA,1,0,2,0.003988,0.003671,0.000199
KCU,1,0,1,0.002514,0.002167,0.000154
BA,1,0,2,0.004057,0.003739,0.000199
KCU,1,0,1,0.002502,0.00218,0.000144
BA,1,0,2,0.003876,0.003556,0.000208
KCU,1,0,1,0.002482,0.002126,0.000162
BA,1,0,2,0.004013,0.003685,0.000211
KCU,1,0,1,0.002438,0.002099,0.000147
BA,1,0,2,0.003934,0.003623,0.000189
KCU,1,0,1,0.002403,0.002095,0.000143
BA,1,0,2,0.004015,0.003701,0.000198
KCU,1,0,1,0.002935,0.002554,0.00016
BA,1,0,2,0.003867,0.003563,0.000193
KCU,1,0,1,0.002477,0.002121,0.00016
BA,1,0,2,0.004021,0.003694,0.000214
KCU,1,0,1,0.002549,0.002193,0.000161
BA,1,0,2,0.004011,0.003683,0.0002
KCU,1,0,1,0.002552,0.002208,0.000153
BA,1,20,2,0.00413,0.003794,0.00022
KCU,1,20,1,0.002582,0.002237,0.000156
BA,1,20,2,0.004096,0.003771,0.000205
KCU,1,20,1,0.002746,0.002384,0.000162
BA,1,20,2,0.003916,0.003608,0.000204
KCU,1,20,1,0.002561,0.002192,0.000172
BA,1,20,2,0.003826,0.003543,0.000177
KCU,1,20,1,0.002347,0.002017,0.000134
BA,1,20,2,0.003261,0.002989,0.000175
KCU,1,20,1,0.001972,0.001692,0.00012
BA,1,20,2,0.00325,0.002982,0.000164
KCU,1,20,1,0.002097,0.001769,0.000147
BA,1,20,2,0.003185,0.002924,0.000159
KCU,1,20,1,0.002036,0.001758,0.000131
BA,1,20,2,0.003098,0.002852,0.000154
KCU,1,20,1,0.002074,0.001756,0.000141
BA,1,20,2,0.003222,0.002963,0.000168
KCU,1,20,1,0.001998,0.0017,0.00012
BA,1,20,2,0.003218,0.002964,0.000158
KCU,1,20,1,0.00205,0.001765,0.000125
BA,1,20,2,0.003205,0.002946,0.000167
KCU,1,20,1,0.002068,0.001769,0.000131
BA,1,20,2,0.00321,0.002955,0.00016
KCU,1,20,1,0.001997,0.001721,0.000128
BA,1,20,2,0.003195,0.002945,0.000158
KCU,1,20,1,0.002026,0.001751,0.00012
BA,1,20,2,0.003342,0.003046,0.000183
KCU,1,20,1,0.002014,0.001754,0.000122
BA,1,20,2,0.003224,0.002971,0.000161
KCU,1,20,1,0.002096,0.001799,0.00013
BA,1,20,2,0.003347,0.003069,0.000175
KCU,1,20,1,0.002052,0.001768,0.000128
BA,1,20,2,0.003145,0.002897,0.000157
KCU,1,20,1,0.002036,0.001737,0.000135
BA,1,20,2,0.003132,0.002875,0.000162
KCU,1,20,1,0.001973,0.001694,0.000128
BA,1,20,2,0.003108,0.002859,0.000159
KCU,1,20,1,0.001936,0.001643,0.000125
BA,1,20,2,0.003205,0.002949,0.000164
KCU,1,20,1,0.002033,0.001751,0.000125
BA,1,20,2,0.003103,0.002858,0.000157
KCU,1,20,1,0.002,0.001709,0.000129
BA,1,20,2,0.003112,0.00286,0.000169
KCU,1,20,1,0.002032,0.001739,0.000133
BA,1,20,2,0.003214,0.002943,0.000167
KCU,1,20,1,0.001987,0.001708,0.000121
BA,1,20,2,0.003209,0.002956,0.00016
KCU,1,20,1,0.002066,0.001806,0.00012
BA,1,20,2,0.003371,0.003092,0.000158
KCU,1,20,1,0.002157,0.001859,0.000135
BA,1,20,2,0.003515,0.003244,0.000169
KCU,1,20,1,0.002245,0.001953,0.000133
BA,1,20,2,0.003407,0.003127,0.000178
KCU,1,20,1,0.002137,0.00185,0.000129
BA,1,20,2,0.003256,0.002991,0.000166
KCU,1,20,1,0.002111,0.001811,0.000132
BA,1,20,2,0.003247,0.002984,0.000165
KCU,1,20,1,0.002037,0.001765,0.000125
BA,1,20,2,0.003162,0.002916,0.000153
KCU,1,20,1,0.001958,0.001683,0.00013
BA,1,40,2,0.003358,0.003078,0.00017
KCU,1,40,1,0.002209,0.001904,0.000131
BA,1,40,2,0.003341,0.003017,0.000166
KCU,1,40,1,0.002343,0.001954,0.000151
BA,1,40,2,0.003209,0.002959,0.000152
KCU,1,40,1,0.001957,0.001698,0.000121
BA,1,40,2,0.003196,0.00294,0.000165
KCU,1,40,1,0.002007,0.001737,0.000121
BA,1,40,2,0.00321,0.002949,0.000173
KCU,1,40,1,0.002032,0.001753,0.000125
BA,1,40,2,0.00327,0.002983,0.000164
KCU,1,40,1,0.00205,0.00176,0.000127
BA,1,40,2,0.003197,0.002932,0.000174
KCU,1,40,1,0.002062,0.001774,0.000126
BA,1,40,2,0.003419,0.003141,0.000176
KCU,1,40,1,0.002243,0.001929,0.00014
BA,1,40,2,0.003265,0.002995,0.00018
KCU,1,40,1,0.002118,0.001794,0.000142
BA,1,40,2,0.00326,0.002998,0.000165
KCU,1,40,1,0.002132,0.00183,0.000131
BA,1,40,2,0.003266,0.00298,0.000191
KCU,1,40,1,0.00205,0.001753,0.000141
BA,1,40,2,0.003289,0.003007,0.000185
KCU,1,40,1,0.002022,0.001746,0.000133
BA,1,40,2,0.003211,0.002953,0.000164
KCU,1,40,1,0.002093,0.001803,0.000127
BA,1,40,2,0.003121,0.00288,0.000156
KCU,1,40,1,0.001992,0.0017,0.00013
BA,1,40,2,0.003223,0.002962,0.000168
KCU,1,40,1,0.002078,0.001782,0.000131
BA,1,40,2,0.00316,0.002915,0.000156
KCU,1,40,1,0.002017,0.001737,0.000125
BA,1,40,2,0.003194,0.002924,0.000164
KCU,1,40,1,0.002043,0.001758,0.000125
BA,1,40,2,0.00317,0.002907,0.000157
KCU,1,40,1,0.002037,0.001743,0.000131
BA,1,40,2,0.003224,0.002971,0.000165
KCU,1,40,1,0.001953,0.001671,0.000122
BA,1,40,2,0.003273,0.002992,0.000187
KCU,1,40,1,0.002116,0.001789,0.000141
BA,1,40,2,0.003155,0.002892,0.000171
KCU,1,40,1,0.001962,0.00171,0.000117
BA,1,40,2,0.003284,0.003013,0.000173
KCU,1,40,1,0.002062,0.001797,0.000125
BA,1,40,2,0.003356,0.00308,0.000172
KCU,1,40,1,0.002124,0.001816,0.000133
BA,1,40,2,0.003366,0.003095,0.000174
KCU,1,40,1,0.002095,0.001809,0.000132
BA,1,40,2,0.003301,0.003041,0.000163
KCU,1,40,1,0.002158,0.001849,0.000133
BA,1,40,2,0.003306,0.003038,0.000176
KCU,1,40,1,0.002139,0.001842,0.000129
BA,1,40,2,0.003401,0.00313,0.000174
KCU,1,40,1,0.00204,0.001765,0.000121
BA,1,40,2,0.003175,0.002901,0.000165
KCU,1,40,1,0.002177,0.001877,0.00013
BA,1,40,2,0.003289,0.003021,0.000173
KCU,1,40,1,0.001986,0.001718,0.000122
BA,1,40,2,0.003431,0.003146,0.000184
KCU,1,40,1,0.002264,0.001931,0.000144
BA,1,60,2,0.003225,0.002967,0.000165
KCU,1,60,1,0.002027,0.00175,0.000127
BA,1,60,2,0.003086,0.002842,0.000157
KCU,1,60,1,0.001929,0.001665,0.000121
BA,1,60,2,0.003187,0.002916,0.000172
KCU,1,60,1,0.001948,0.001677,0.000134
BA,1,60,2,0.003155,0.002893,0.000169
KCU,1,60,1,0.002004,0.001727,0.000126
BA,1,60,2,0.003236,0.002983,0.00016
KCU,1,60,1,0.002085,0.001788,0.000129
BA,1,60,2,0.00315,0.002893,0.000165
KCU,1,60,1,0.001992,0.001724,0.000122
BA,1,60,2,0.00331,0.003028,0.000184
KCU,1,60,1,0.002025,0.001744,0.000128
BA,1,60,2,0.003313,0.003045,0.000173
KCU,1,60,1,0.00204,0.001776,0.000122
BA,1,60,2,0.003259,0.002987,0.000171
KCU,1,60,1,0.002106,0.001778,0.000138
BA,1,60,2,0.003232,0.002978,0.000164
KCU,1,60,1,0.00202,0.001747,0.000127
BA,1,60,2,0.003261,0.003007,0.000159
KCU,1,60,1,0.002072,0.001775,0.00013
BA,1,60,2,0.003173,0.00291,0.000167
KCU,1,60,1,0.002086,0.00179,0.000132
BA,1,60,2,0.003359,0.003108,0.000152
KCU,1,60,1,0.002204,0.001889,0.000136
BA,1,60,2,0.003681,0.00302,0.00056
KCU,1,60,1,0.002165,0.001886,0.000122
BA,1,60,2,0.003294,0.003026,0.000166
KCU,1,60,1,0.002076,0.001786,0.000129
BA,1,60,2,0.003228,0.002967,0.000167
KCU,1,60,1,0.002111,0.001808,0.000134
BA,1,60,2,0.00328,0.003018,0.000166
KCU,1,60,1,0.002019,0.001749,0.00012
BA,1,60,2,0.003899,0.003626,0.000171
KCU,1,60,1,0.002062,0.001775,0.000126
BA,1,60,2,0.003338,0.003068,0.000179
KCU,1,60,1,0.002164,0.001876,0.000132
BA,1,60,2,0.003269,0.003006,0.000169
KCU,1,60,1,0.002077,0.001797,0.000132
BA,1,60,2,0.003225,0.002956,0.000174
KCU,1,60,1,0.002149,0.001829,0.000129
BA,1,60,2,0.003261,0.002994,0.000181
KCU,1,60,1,0.002061,0.00176,0.000141
BA,1,60,2,0.003273,0.003003,0.000187
KCU,1,60,1,0.002017,0.001749,0.000125
BA,1,60,2,0.003232,0.002975,0.00016
KCU,1,60,1,0.002044,0.001751,0.000127
BA,1,60,2,0.003477,0.003208,0.000172
KCU,1,60,1,0.002049,0.001779,0.000124
BA,1,60,2,0.003363,0.00308,0.000179
KCU,1,60,1,0.002167,0.001863,0.000137
BA,1,60,2,0.00333,0.003061,0.000182
KCU,1,60,1,0.002124,0.001823,0.000134
BA,1,60,2,0.003187,0.002934,0.000165
KCU,1,60,1,0.001966,0.001713,0.000121
BA,1,60,2,0.003226,0.002969,0.000164
KCU,1,60,1,0.002189,0.001889,0.000132
BA,1,60,2,0.003203,0.002937,0.000175
KCU,1,60,1,0.001975,0.001692,0.000131
BA,1,80,2,0.003249,0.002981,0.000177
KCU,1,80,1,0.002076,0.001765,0.000147
BA,1,80,2,0.003282,0.003036,0.00015
KCU,1,80,1,0.002049,0.001762,0.000128
BA,1,80,2,0.003242,0.002985,0.000162
KCU,1,80,1,0.002161,0.00185,0.00013
BA,1,80,2,0.003275,0.002992,0.000193
KCU,1,80,1,0.001997,0.001717,0.000144
BA,1,80,2,0.003249,0.002999,0.000165
KCU,1,80,1,0.002116,0.001827,0.000135
BA,1,80,2,0.003312,0.003051,0.00017
KCU,1,80,1,0.002074,0.001794,0.000123
BA,1,80,2,0.003346,0.003062,0.000176
KCU,1,80,1,0.002159,0.001827,0.000149
BA,1,80,2,0.003336,0.003074,0.000173
KCU,1,80,1,0.00216,0.001862,0.000133
BA,1,80,2,0.003354,0.003098,0.000169
KCU,1,80,1,0.002196,0.001897,0.000132
BA,1,80,2,0.003332,0.003078,0.000159
KCU,1,80,1,0.002086,0.001809,0.000128
BA,1,80,2,0.003375,0.003113,0.000172
KCU,1,80,1,0.00221,0.001896,0.000141
BA,1,80,2,0.003471,0.003192,0.00018
KCU,1,80,1,0.002247,0.001938,0.000133
BA,1,80,2,0.003315,0.003041,0.000177
KCU,1,80,1,0.002143,0.001844,0.000133
BA,1,80,2,0.00331,0.003032,0.000181
KCU,1,80,1,0.002095,0.001796,0.000133
BA,1,80,2,0.003248,0.002981,0.000172
KCU,1,80,1,0.001972,0.001716,0.000123
BA,1,80,2,0.003143,0.002905,0.000154
KCU,1,80,1,0.002006,0.001733,0.000126
BA,1,80,2,0.003209,0.002951,0.000174
KCU,1,80,1,0.002093,0.001803,0.000133
BA,1,80,2,0.003259,0.002989,0.000174
KCU,1,80,1,0.002127,0.001829,0.00013
BA,1,80,2,0.003362,0.00308,0.000171
KCU,1,80,1,0.002068,0.001759,0.000142
BA,1,80,2,0.00337,0.003104,0.000171
KCU,1,80,1,0.002175,0.001863,0.000131
BA,1,80,2,0.00332,0.003027,0.000196
KCU,1,80,1,0.002055,0.001752,0.000145
BA,1,80,2,0.003323,0.003046,0.000176
KCU,1,80,1,0.002117,0.001821,0.000129
BA,1,80,2,0.003259,0.002997,0.000166
KCU,1,80,1,0.002035,0.001764,0.000123
BA,1,80,2,0.003214,0.002955,0.000165
KCU,1,80,1,0.002056,0.001766,0.00013
BA,1,80,2,0.003444,0.003166,0.000172
KCU,1,80,1,0.002249,0.001938,0.000134
BA,1,80,2,0.003231,0.00297,0.000166
KCU,1,80,1,0.002198,0.001913,0.000124
BA,1,80,2,0.003137,0.002888,0.000158
KCU,1,80,1,0.002073,0.001775,0.000129
BA,1,80,2,0.00309,0.002841,0.000161
KCU,1,80,1,0.002055,0.001758,0.000132
BA,1,80,2,0.003175,0.002889,0.000174
KCU,1,80,1,0.002044,0.001726,0.000148
BA,1,80,2,0.003264,0.002973,0.000194
KCU,1,80,1,0.002083,0.001767,0.00014
BA,1,100,2,0.003194,0.002935,0.000168
KCU,1,100,1,0.002073,0.001756,0.000148
BA,1,100,2,0.003293,0.002994,0.000195
KCU,1,100,1,0.002096,0.00177,0.000144
BA,1,100,2,0.00329,0.003015,0.000176
KCU,1,100,1,0.002077,0.001776,0.000133
BA,1,100,2,0.003294,0.003023,0.000174
KCU,1,100,1,0.002148,0.001844,0.000134
BA,1,100,2,0.003347,0.00307,0.000175
KCU,1,100,1,0.002167,0.001856,0.00014
BA,1,100,2,0.003291,0.003028,0.000167
KCU,1,100,1,0.002081,0.001799,0.000125
BA,1,100,2,0.003503,0.00321,0.000185
KCU,1,100,1,0.002178,0.001843,0.000157
BA,1,100,2,0.003487,0.003185,0.000195
KCU,1,100,1,0.002199,0.001899,0.000147
BA,1,100,2,0.003257,0.002993,0.000168
KCU,1,100,1,0.002006,0.001719,0.000129
BA,1,100,2,0.003308,0.003002,0.000177
KCU,1,100,1,0.002083,0.001784,0.000135
BA,1,100,2,0.003195,0.002932,0.000173
KCU,1,100,1,0.002078,0.00177,0.000134
BA,1,100,2,0.00317,0.00291,0.000168
KCU,1,100,1,0.001946,0.00168,0.000129
BA,1,100,2,0.003271,0.002995,0.000172
KCU,1,100,1,0.00209,0.001788,0.000131
BA,1,100,2,0.003247,0.002971,0.000181
KCU,1,100,1,0.002093,0.001795,0.000134
BA,1,100,2,0.003212,0.002949,0.000167
KCU,1,100,1,0.002029,0.001753,0.000121
BA,1,100,2,0.003255,0.002985,0.000174
KCU,1,100,1,0.002003,0.001726,0.000125
BA,1,100,2,0.003298,0.002946,0.00026
KCU,1,100,1,0.0021,0.001802,0.000135
BA,1,100,2,0.003153,0.002888,0.000175
KCU,1,100,1,0.001962,0.001677,0.00012
BA,1,100,2,0.003238,0.00297,0.000177
KCU,1,100,1,0.002026,0.001729,0.000128
BA,1,100,2,0.003263,0.002998,0.000176
KCU,1,100,1,0.001993,0.0017,0.000143
BA,1,100,2,0.003295,0.003014,0.000182
KCU,1,100,1,0.002145,0.001824,0.000141
BA,1,100,2,0.003333,0.003071,0.000171
KCU,1,100,1,0.002103,0.001811,0.00013
BA,1,100,2,0.003364,0.003087,0.000177
KCU,1,100,1,0.002135,0.001857,0.000123
BA,1,100,2,0.003325,0.003057,0.000173
KCU,1,100,1,0.002067,0.0018,0.000124
BA,1,100,2,0.003341,0.003051,0.000187
KCU,1,100,1,0.002131,0.001825,0.000137
BA,1,100,2,0.003234,0.002967,0.000171
KCU,1,100,1,0.002055,0.00176,0.000129
BA,1,100,2,0.003286,0.00301,0.000172
KCU,1,100,1,0.002114,0.001811,0.000131
BA,1,100,2,0.003137,0.002871,0.000174
KCU,1,100,1,0.002016,0.001733,0.000126
BA,1,100,2,0.003357,0.003087,0.000171
KCU,1,100,1,0.002087,0.001792,0.000133
BA,1,100,2,0.003254,0.002981,0.000174
KCU,1,100,1,0.002136,0.001835,0.00013
BA,11,0,2,0.005186,0.003174,0.001896
KCU,11,0,1,0.008079,0.004158,0.0019
BA,11,0,2,0.005477,0.003275,0.002092
KCU,11,0,1,0.007466,0.003731,0.00177
BA,11,0,2,0.005475,0.003393,0.001966
KCU,11,0,1,0.007675,0.003914,0.001784
BA,11,0,2,0.005436,0.003337,0.001986
KCU,11,0,1,0.007534,0.003617,0.001818
BA,11,0,2,0.005454,0.003429,0.001917
KCU,11,0,1,0.007591,0.003772,0.00183
BA,11,0,2,0.005302,0.003246,0.001946
KCU,11,0,1,0.007571,0.003655,0.001824
BA,11,0,2,0.005344,0.003292,0.001932
KCU,11,0,1,0.007451,0.003676,0.00183
BA,11,0,2,0.005401,0.003305,0.001974
KCU,11,0,1,0.007748,0.003782,0.001838
BA,11,0,2,0.005317,0.003266,0.001943
KCU,11,0,1,0.007443,0.003716,0.001806
BA,11,0,2,0.005439,0.003367,0.001961
KCU,11,0,1,0.007783,0.003768,0.00187
BA,11,0,2,0.005375,0.003313,0.001959
KCU,11,0,1,0.007481,0.003686,0.001858
BA,11,0,2,0.005311,0.003305,0.001895
KCU,11,0,1,0.007589,0.003646,0.00184
BA,11,0,2,0.005338,0.003265,0.001956
KCU,11,0,1,0.007468,0.003645,0.001871
BA,11,0,2,0.005441,0.003353,0.001976
KCU,11,0,1,0.007807,0.003822,0.001827
BA,11,0,2,0.005417,0.00332,0.001979
KCU,11,0,1,0.007486,0.003682,0.001837
BA,11,0,2,0.005274,0.003285,0.001878
KCU,11,0,1,0.007436,0.003653,0.001863
BA,11,0,2,0.005411,0.003311,0.001984
KCU,11,0,1,0.007698,0.003704,0.001845
BA,11,0,2,0.005415,0.003351,0.001948
KCU,11,0,1,0.007585,0.003614,0.001814
BA,11,0,2,0.005463,0.003332,0.001993
KCU,11,0,1,0.007728,0.003743,0.001845
BA,11,0,2,0.005442,0.003356,0.00197
KCU,11,0,1,0.007962,0.003908,0.001859
BA,11,0,2,0.005415,0.003182,0.002122
KCU,11,0,1,0.007519,0.003757,0.001828
BA,11,0,2,0.00544,0.003346,0.001978
KCU,11,0,1,0.007756,0.003761,0.001867
BA,11,0,2,0.005352,0.003313,0.001929
KCU,11,0,1,0.00774,0.003717,0.001892
BA,11,0,2,0.005458,0.003359,0.001984
KCU,11,0,1,0.007484,0.003653,0.001881
BA,11,0,2,0.005517,0.003426,0.001981
KCU,11,0,1,0.007869,0.003814,0.001836
BA,11,0,2,0.00529,0.003275,0.001906
KCU,11,0,1,0.00757,0.003746,0.001854
BA,11,0,2,0.005395,0.003307,0.001976
KCU,11,0,1,0.007412,0.003659,0.001824
BA,11,0,2,0.00548,0.003359,0.002001
KCU,11,0,1,0.007805,0.003762,0.001843
BA,11,0,2,0.005422,0.00335,0.00197
KCU,11,0,1,0.007707,0.003682,0.0019
BA,11,0,2,0.005543,0.003422,0.001975
KCU,11,0,1,0.007742,0.003737,0.001843
BA,11,20,2,0.005492,0.003427,0.001953
KCU,11,20,1,0.007833,0.003751,0.001919
BA,11,20,2,0.005421,0.003352,0.001951
KCU,11,20,1,0.007378,0.003644,0.001813
BA,11,20,2,0.005351,0.003335,0.001902
KCU,11,20,1,0.007677,0.003721,0.001808
BA,11,20,2,0.005562,0.003473,0.001976
KCU,11,20,1,0.00778,0.003737,0.001888
BA,11,20,2,0.00552,0.003414,0.001987
KCU,11,20,1,0.007761,0.003736,0.001863
BA,11,20,2,0.005633,0.003477,0.002031
KCU,11,20,1,0.007579,0.003757,0.00184
BA,11,20,2,0.005515,0.003431,0.001968
KCU,11,20,1,0.007445,0.003636,0.001851
BA,11,20,2,0.00555,0.003538,0.0019
KCU,11,20,1,0.007426,0.003667,0.001837
BA,11,20,2,0.005574,0.003358,0.002098
KCU,11,20,1,0.00783,0.003809,0.001882
BA,11,20,2,0.005665,0.003562,0.001988
KCU,11,20,1,0.007808,0.003783,0.001886
BA,11,20,2,0.00559,0.003452,0.001992
KCU,11,20,1,0.008284,0.004264,0.001862
BA,11,20,2,0.005439,0.003361,0.001961
KCU,11,20,1,0.00756,0.00369,0.001926
BA,11,20,2,0.005565,0.003432,0.002009
KCU,11,20,1,0.007691,0.003706,0.00185
BA,11,20,2,0.005529,0.003451,0.00196
KCU,11,20,1,0.007676,0.003698,0.001828
BA,11,20,2,0.005542,0.003282,0.002141
KCU,11,20,1,0.007517,0.003699,0.001833
BA,11,20,2,0.005521,0.003408,0.002002
KCU,11,20,1,0.007761,0.00374,0.001838
BA,11,20,2,0.005465,0.003392,0.001958
KCU,11,20,1,0.007513,0.003693,0.00188
BA,11,20,2,0.005543,0.00346,0.00197
KCU,11,20,1,0.007615,0.003802,0.001831
BA,11,20,2,0.005589,0.003496,0.001977
KCU,11,20,1,0.007724,0.003753,0.001825
BA,11,20,2,0.005514,0.003478,0.001921
KCU,11,20,1,0.007643,0.003659,0.001854
BA,11,20,2,0.005615,0.003487,0.002003
KCU,11,20,1,0.007728,0.003715,0.001869
BA,11,20,2,0.005546,0.003466,0.00194
KCU,11,20,1,0.007861,0.003802,0.001884
BA,11,20,2,0.005567,0.003513,0.001939
KCU,11,20,1,0.007498,0.003708,0.001836
BA,11,20,2,0.005788,0.003504,0.002164
KCU,11,20,1,0.007718,0.003773,0.001854
BA,11,20,2,0.005648,0.003532,0.001998
KCU,11,20,1,0.007657,0.003765,0.001897
BA,11,20,2,0.005377,0.003179,0.002082
KCU,11,20,1,0.007803,0.0039,0.001904
BA,11,20,2,0.005541,0.003429,0.00199
KCU,11,20,1,0.007753,0.003684,0.001874
BA,11,20,2,0.005595,0.00347,0.002001
KCU,11,20,1,0.007572,0.003599,0.001836
BA,11,20,2,0.005426,0.003345,0.001965
KCU,11,20,1,0.007677,0.003714,0.00184
BA,11,20,2,0.005405,0.003301,0.001989
KCU,11,20,1,0.007718,0.003742,0.001839
BA,11,40,2,0.005508,0.003367,0.002018
KCU,11,40,1,0.007635,0.003848,0.001806
BA,11,40,2,0.005525,0.00327,0.002142
KCU,11,40,1,0.007457,0.003671,0.001818
BA,11,40,2,0.005629,0.003501,0.001993
KCU,11,40,1,0.007625,0.003807,0.00184
BA,11,40,2,0.005507,0.003405,0.001976
KCU,11,40,1,0.007747,0.00377,0.001833
BA,11,40,2,0.005412,0.003341,0.001961
KCU,11,40,1,0.007749,0.00375,0.001873
BA,11,40,2,0.005488,0.003413,0.001954
KCU,11,40,1,0.00781,0.003754,0.001918
BA,11,40,2,0.005266,0.003305,0.001846
KCU,11,40,1,0.007657,0.00367,0.001843
BA,11,40,2,0.005518,0.003413,0.001986
KCU,11,40,1,0.007566,0.003713,0.001888
BA,11,40,2,0.005453,0.003336,0.001995
KCU,11,40,1,0.007853,0.003817,0.001864
BA,11,40,2,0.005328,0.003259,0.001958
KCU,11,40,1,0.007599,0.003647,0.001835
BA,11,40,2,0.005335,0.003258,0.001945
KCU,11,40,1,0.007488,0.003658,0.001929
BA,11,40,2,0.005788,0.003511,0.002162
KCU,11,40,1,0.00759,0.003602,0.001861
BA,11,40,2,0.005426,0.003342,0.001968
KCU,11,40,1,0.007685,0.003715,0.001831
BA,11,40,2,0.005583,0.00344,0.002003
KCU,11,40,1,0.007703,0.003721,0.001831
BA,11,40,2,0.005418,0.003349,0.001959
KCU,11,40,1,0.007673,0.003612,0.001917
BA,11,40,2,0.00529,0.003266,0.00191
KCU,11,40,1,0.007455,0.003658,0.00188
BA,11,40,2,0.005556,0.00342,0.002014
KCU,11,40,1,0.007805,0.003831,0.001791
BA,11,40,2,0.005582,0.003472,0.001992
KCU,11,40,1,0.007777,0.003739,0.001874
BA,11,40,2,0.00591,0.003817,0.001977
KCU,11,40,1,0.007589,0.003651,0.001825
BA,11,40,2,0.005468,0.003378,0.001977
KCU,11,40,1,0.007553,0.003722,0.001837
BA,11,40,2,0.005526,0.003415,0.001989
KCU,11,40,1,0.00773,0.003679,0.001898
BA,11,40,2,0.005413,0.003319,0.001984
KCU,11,40,1,0.007761,0.003754,0.001865
BA,11,40,2,0.005569,0.003434,0.002008
KCU,11,40,1,0.007786,0.00362,0.001842
BA,11,40,2,0.005477,0.003384,0.001973
KCU,11,40,1,0.007652,0.003658,0.001854
BA,11,40,2,0.005325,0.003257,0.001961
KCU,11,40,1,0.007399,0.003617,0.001821
BA,11,40,2,0.00546,0.003343,0.001997
KCU,11,40,1,0.00765,0.003664,0.001852
BA,11,40,2,0.005738,0.003612,0.002007
KCU,11,40,1,0.007653,0.003828,0.001843
BA,11,40,2,0.005281,0.003218,0.001946
KCU,11,40,1,0.007853,0.003696,0.001993
BA,11,40,2,0.00557,0.003372,0.002082
KCU,11,40,1,0.007531,0.003728,0.001832
BA,11,40,2,0.005476,0.003422,0.001933
KCU,11,40,1,0.007532,0.003717,0.001842
BA,11,60,2,0.005411,0.003341,0.001954
KCU,11,60,1,0.007439,0.003666,0.001847
BA,11,60,2,0.005645,0.003524,0.002004
KCU,11,60,1,0.007693,0.003806,0.001928
BA,11,60,2,0.005574,0.003459,0.001998
KCU,11,60,1,0.007868,0.003983,0.001857
BA,11,60,2,0.005434,0.003357,0.00196
KCU,11,60,1,0.007677,0.00368,0.001893
BA,11,60,2,0.005484,0.003388,0.001979
KCU,11,60,1,0.007766,0.00376,0.001859
BA,11,60,2,0.005514,0.003408,0.001987
KCU,11,60,1,0.007575,0.003585,0.001824
BA,11,60,2,0.005516,0.003409,0.001989
KCU,11,60,1,0.007742,0.003751,0.001841
BA,11,60,2,0.005459,0.003385,0.00195
KCU,11,60,1,0.007707,0.003737,0.001837
BA,11,60,2,0.005591,0.003513,0.001956
KCU,11,60,1,0.007796,0.003767,0.00186
BA,11,60,2,0.00537,0.003308,0.001956
KCU,11,60,1,0.007612,0.00362,0.00189
BA,11,60,2,0.005381,0.003344,0.001924
KCU,11,60,1,0.00749,0.003712,0.001829
BA,11,60,2,0.005512,0.003384,0.00199
KCU,11,60,1,0.007452,0.003674,0.001717
BA,11,60,2,0.005464,0.0034,0.001944
KCU,11,60,1,0.007753,0.003683,0.001926
BA,11,60,2,0.005475,0.003365,0.001996
KCU,11,60,1,0.007512,0.003718,0.001843
BA,11,60,2,0.005338,0.003263,0.001966
KCU,11,60,1,0.007589,0.003618,0.001846
BA,11,60,2,0.005412,0.003154,0.002135
KCU,11,60,1,0.007632,0.00361,0.001899
BA,11,60,2,0.005502,0.003244,0.002138
KCU,11,60,1,0.007744,0.003768,0.001825
BA,11,60,2,0.005496,0.003394,0.001981
KCU,11,60,1,0.007741,0.003825,0.001923
BA,11,60,2,0.005405,0.003325,0.001964
KCU,11,60,1,0.007395,0.003638,0.001817
BA,11,60,2,0.005493,0.003404,0.001974
KCU,11,60,1,0.007515,0.003723,0.001811
BA,11,60,2,0.00545,0.003405,0.001929
KCU,11,60,1,0.007749,0.003717,0.001873
BA,11,60,2,0.005526,0.003448,0.001961
KCU,11,60,1,0.007739,0.003545,0.001889
BA,11,60,2,0.00574,0.003643,0.001959
KCU,11,60,1,0.007686,0.003656,0.001867
BA,11,60,2,0.005378,0.003288,0.00197
KCU,11,60,1,0.007469,0.003664,0.001823
BA,11,60,2,0.005743,0.003466,0.002154
KCU,11,60,1,0.007564,0.003761,0.001844
BA,11,60,2,0.005457,0.003414,0.001935
KCU,11,60,1,0.007834,0.003715,0.001975
BA,11,60,2,0.005587,0.003491,0.001986
KCU,11,60,1,0.007771,0.003769,0.001857
BA,11,60,2,0.005663,0.00355,0.001998
KCU,11,60,1,0.007919,0.003849,0.001873
BA,11,60,2,0.005392,0.003407,0.001869
KCU,11,60,1,0.007477,0.003517,0.001821
BA,11,60,2,0.005445,0.00321,0.002126
KCU,11,60,1,0.008218,0.004263,0.001857
BA,11,80,2,0.005568,0.003506,0.001949
KCU,11,80,1,0.007774,0.003746,0.001851
BA,11,80,2,0.005508,0.00343,0.001958
KCU,11,80,1,0.007717,0.003488,0.001928
BA,11,80,2,0.005479,0.003412,0.001955
KCU,11,80,1,0.008046,0.003948,0.001924
BA,11,80,2,0.005572,0.003454,0.001976
KCU,11,80,1,0.007697,0.003741,0.001836
BA,11,80,2,0.005522,0.003389,0.002018
KCU,11,80,1,0.007478,0.00367,0.001861
BA,11,80,2,0.005477,0.003216,0.002132
KCU,11,80,1,0.0075,0.003723,0.001844
BA,11,80,2,0.005631,0.003596,0.001918
KCU,11,80,1,0.007801,0.003647,0.002002
BA,11,80,2,0.005876,0.003569,0.002195
KCU,11,80,1,0.007475,0.003754,0.001776
BA,11,80,2,0.005601,0.003495,0.001985
KCU,11,80,1,0.007827,0.003767,0.001923
BA,11,80,2,0.005562,0.00345,0.001998
KCU,11,80,1,0.007792,0.003798,0.001995
BA,11,80,2,0.005452,0.00335,0.001983
KCU,11,80,1,0.007573,0.003635,0.001832
BA,11,80,2,0.005627,0.003524,0.001987
KCU,11,80,1,0.007573,0.003752,0.00186
BA,11,80,2,0.005675,0.00356,0.001996
KCU,11,80,1,0.007891,0.003701,0.001823
BA,11,80,2,0.00543,0.003356,0.001965
KCU,11,80,1,0.007449,0.003684,0.00181
BA,11,80,2,0.005572,0.003471,0.001962
KCU,11,80,1,0.007635,0.003867,0.001796
BA,11,80,2,0.005607,0.003511,0.001983
KCU,11,80,1,0.007666,0.003617,0.001898
BA,11,80,2,0.005588,0.003479,0.001985
KCU,11,80,1,0.00758,0.003728,0.001884
BA,11,80,2,0.005596,0.003466,0.002011
KCU,11,80,1,0.007816,0.00379,0.001868
BA,11,80,2,0.005512,0.003434,0.001968
KCU,11,80,1,0.007632,0.003672,0.001816
BA,11,80,2,0.005523,0.003401,0.002006
KCU,11,80,1,0.007773,0.003716,0.001896
BA,11,80,2,0.005486,0.003366,0.002
KCU,11,80,1,0.007608,0.00357,0.001879
BA,11,80,2,0.005424,0.003378,0.001931
KCU,11,80,1,0.007572,0.003729,0.001877
BA,11,80,2,0.005428,0.003174,0.002146
KCU,11,80,1,0.007799,0.003767,0.001873
BA,11,80,2,0.005546,0.003437,0.001992
KCU,11,80,1,0.007804,0.003626,0.001841
BA,11,80,2,0.005696,0.003422,0.002158
KCU,11,80,1,0.007415,0.003653,0.001822
BA,11,80,2,0.005388,0.003293,0.001954
KCU,11,80,1,0.007568,0.00372,0.001924
BA,11,80,2,0.005523,0.003248,0.00216
KCU,11,80,1,0.007847,0.003792,0.001865
BA,11,80,2,0.005329,0.003262,0.001958
KCU,11,80,1,0.007597,0.003635,0.001819
BA,11,80,2,0.005508,0.003412,0.001973
KCU,11,80,1,0.007716,0.003742,0.001836
BA,11,80,2,0.005586,0.003465,0.002002
KCU,11,80,1,0.007806,0.003617,0.001864
BA,11,100,2,0.005825,0.003358,0.001949
KCU,11,100,1,0.007418,0.003699,0.001797
BA,11,100,2,0.005411,0.003332,0.001968
KCU,11,100,1,0.007798,0.003763,0.001865
BA,11,100,2,0.005454,0.003403,0.001936
KCU,11,100,1,0.00785,0.00373,0.00191
BA,11,100,2,0.005393,0.003314,0.001958
KCU,11,100,1,0.007751,0.003759,0.001841
BA,11,100,2,0.005363,0.00326,0.001993
KCU,11,100,1,0.007762,0.00375,0.001873
BA,11,100,2,0.00545,0.00335,0.001984
KCU,11,100,1,0.007559,0.003714,0.001886
BA,11,100,2,0.005493,0.003345,0.00201
KCU,11,100,1,0.00767,0.003655,0.001841
BA,11,100,2,0.00557,0.003354,0.002097
KCU,11,100,1,0.007536,0.00367,0.00186
BA,11,100,2,0.00603,0.003855,0.002053
KCU,11,100,1,0.007494,0.003663,0.001843
BA,11,100,2,0.005218,0.003169,0.001937
KCU,11,100,1,0.007681,0.003635,0.001911
BA,11,100,2,0.005274,0.003201,0.001963
KCU,11,100,1,0.007421,0.003531,0.001953
BA,11,100,2,0.00545,0.003337,0.001999
KCU,11,100,1,0.007746,0.003751,0.001855
BA,11,100,2,0.005507,0.003394,0.001993
KCU,11,100,1,0.007683,0.003705,0.001845
BA,11,100,2,0.005529,0.003377,0.002031
KCU,11,100,1,0.007963,0.003885,0.00189
BA,11,100,2,0.005503,0.003383,0.002002
KCU,11,100,1,0.007801,0.003544,0.001936
BA,11,100,2,0.005411,0.003314,0.001984
KCU,11,100,1,0.007433,0.003655,0.001831
BA,11,100,2,0.005504,0.003418,0.001968
KCU,11,100,1,0.007596,0.0038,0.001819
BA,11,100,2,0.005604,0.003456,0.002013
KCU,11,100,1,0.007724,0.003772,0.001894
BA,11,100,2,0.005421,0.003178,0.00213
KCU,11,100,1,0.007497,0.003714,0.001827
BA,11,100,2,0.005502,0.003399,0.001983
KCU,11,100,1,0.007756,0.003751,0.001842
BA,11,100,2,0.005593,0.003458,0.002018
KCU,11,100,1,0.007899,0.003776,0.001925
BA,11,100,2,0.005491,0.003383,0.00199
KCU,11,100,1,0.007782,0.003819,0.001953
BA,11,100,2,0.005509,0.003435,0.00196
KCU,11,100,1,0.007838,0.003759,0.001903
BA,11,100,2,0.005542,0.003394,0.002032
KCU,11,100,1,0.007575,0.003726,0.001875
BA,11,100,2,0.005426,0.003338,0.001974
KCU,11,100,1,0.007623,0.003673,0.001836
BA,11,100,2,0.005423,0.003341,0.001965
KCU,11,100,1,0.007474,0.003695,0.001833
BA,11,100,2,0.005603,0.00349,0.00199
KCU,11,100,1,0.007857,0.003768,0.001922
BA,11,100,2,0.005356,0.003261,0.001978
KCU,11,100,1,0.007669,0.003671,0.001854
BA,11,100,2,0.005397,0.003292,0.001966
KCU,11,100,1,0.007672,0.003743,0.001771
BA,11,100,2,0.005513,0.003448,0.001942
KCU,11,100,1,0.007663,0.003734,0.001913
BA,21,0,2,0.01022,0.003887,0.006197
KCU,21,0,1,0.021409,0.00745,0.00622
BA,21,0,2,0.013031,0.003646,0.00925
KCU,21,0,1,0.025462,0.009368,0.007423
BA,21,0,2,0.013115,0.004654,0.008329
KCU,21,0,1,0.025812,0.009025,0.00829
BA,21,0,2,0.013644,0.004465,0.009039
KCU,21,0,1,0.025658,0.008789,0.008339
BA,21,0,2,0.012921,0.004512,0.008279
KCU,21,0,1,0.026439,0.009396,0.007581
BA,21,0,2,0.013027,0.004583,0.008307
KCU,21,0,1,0.026327,0.009312,0.007637
BA,21,0,2,0.012778,0.004493,0.00816
KCU,21,0,1,0.025986,0.009476,0.007582
BA,21,0,2,0.012899,0.004537,0.008211
KCU,21,0,1,0.026375,0.008726,0.008291
BA,21,0,2,0.013135,0.004589,0.008415
KCU,21,0,1,0.028703,0.009217,0.008551
BA,21,0,2,0.012598,0.003472,0.009006
KCU,21,0,1,0.025331,0.00872,0.008141
BA,21,0,2,0.01303,0.003624,0.009282
KCU,21,0,1,0.025759,0.008913,0.008364
BA,21,0,2,0.014696,0.00386,0.010694
KCU,21,0,1,0.030036,0.010138,0.00984
BA,21,0,2,0.014706,0.003819,0.010753
KCU,21,0,1,0.030127,0.010205,0.009826
BA,21,0,2,0.01481,0.004909,0.00976
KCU,21,0,1,0.029792,0.009945,0.009822
BA,21,0,2,0.015048,0.003995,0.0109
KCU,21,0,1,0.029844,0.010052,0.008942
BA,21,0,2,0.016142,0.005017,0.010988
KCU,21,0,1,0.030634,0.010298,0.009935
BA,21,0,2,0.01526,0.005146,0.009973
KCU,21,0,1,0.030543,0.01031,0.01012
BA,21,0,2,0.015243,0.005156,0.009951
KCU,21,0,1,0.031063,0.010221,0.009556
BA,21,0,2,0.015012,0.005016,0.009856
KCU,21,0,1,0.031628,0.01065,0.008878
BA,21,0,2,0.016036,0.005143,0.010754
KCU,21,0,1,0.029747,0.009919,0.009909
BA,21,0,2,0.015184,0.005134,0.009907
KCU,21,0,1,0.030223,0.010108,0.01002
BA,21,0,2,0.015682,0.003909,0.011639
KCU,21,0,1,0.030057,0.010117,0.009918
BA,21,0,2,0.015635,0.005232,0.010256
KCU,21,0,1,0.032583,0.01049,0.010476
BA,21,0,2,0.016576,0.005233,0.011203
KCU,21,0,1,0.031722,0.010599,0.010564
BA,21,0,2,0.01498,0.003958,0.010876
KCU,21,0,1,0.030536,0.010429,0.009071
BA,21,0,2,0.014864,0.003962,0.010761
KCU,21,0,1,0.030214,0.01029,0.009726
BA,21,0,2,0.014871,0.004892,0.009816
KCU,21,0,1,0.030341,0.010582,0.009563
BA,21,0,2,0.014862,0.004897,0.009821
KCU,21,0,1,0.03039,0.010144,0.010066
BA,21,0,2,0.015366,0.005193,0.010034
KCU,21,0,1,0.032138,0.010403,0.01029
BA,21,0,2,0.01495,0.003919,0.010885
KCU,21,0,1,0.030814,0.010424,0.010137
BA,21,20,2,0.01545,0.00416,0.011145
KCU,21,20,1,0.030924,0.010476,0.010243
BA,21,20,2,0.014933,0.003931,0.010863
KCU,21,20,1,0.031069,0.010357,0.009496
BA,21,20,2,0.014834,0.003906,0.0108
KCU,21,20,1,0.031033,0.010224,0.008974
BA,21,20,2,0.015391,0.005224,0.010028
KCU,21,20,1,0.03031,0.010513,0.009583
BA,21,20,2,0.015386,0.003919,0.011344
KCU,21,20,1,0.033986,0.013845,0.010057
BA,21,20,2,0.015032,0.005027,0.009867
KCU,21,20,1,0.030303,0.010247,0.010021
BA,21,20,2,0.01484,0.003865,0.010841
KCU,21,20,1,0.029621,0.010178,0.008628
BA,21,20,2,0.014981,0.00495,0.009867
KCU,21,20,1,0.030719,0.010094,0.009592
BA,21,20,2,0.015003,0.005003,0.009846
KCU,21,20,1,0.03108,0.010368,0.010483
BA,21,20,2,0.014973,0.003921,0.010905
KCU,21,20,1,0.030708,0.010165,0.010493
BA,21,20,2,0.01491,0.003852,0.010918
KCU,21,20,1,0.030721,0.010545,0.01001
BA,21,20,2,0.014749,0.004844,0.009766
KCU,21,20,1,0.030664,0.010014,0.009565
BA,21,20,2,0.014821,0.003907,0.01077
KCU,21,20,1,0.031033,0.010162,0.009804
BA,21,20,2,0.01498,0.003939,0.010897
KCU,21,20,1,0.030359,0.010214,0.010013
BA,21,20,2,0.014843,0.004897,0.009809
KCU,21,20,1,0.030159,0.010101,0.009907
BA,21,20,2,0.014885,0.004919,0.009825
KCU,21,20,1,0.030875,0.010377,0.01024
BA,21,20,2,0.015127,0.00512,0.009868
KCU,21,20,1,0.03051,0.010315,0.009993
BA,21,20,2,0.014865,0.003882,0.01085
KCU,21,20,1,0.030108,0.01008,0.008905
BA,21,20,2,0.015409,0.00521,0.01003
KCU,21,20,1,0.030548,0.010304,0.010069
BA,21,20,2,0.014923,0.004964,0.009822
KCU,21,20,1,0.031052,0.010452,0.009415
BA,21,20,2,0.015602,0.0054,0.010051
KCU,21,20,1,0.030569,0.010332,0.010062
BA,21,20,2,0.014986,0.003961,0.010889
KCU,21,20,1,0.031637,0.010321,0.010014
BA,21,20,2,0.014957,0.003956,0.010855
KCU,21,20,1,0.029948,0.010005,0.009912
BA,21,20,2,0.015115,0.00508,0.009893
KCU,21,20,1,0.031051,0.010205,0.009611
BA,21,20,2,0.015035,0.005033,0.009858
KCU,21,20,1,0.029952,0.010049,0.009872
BA,21,20,2,0.015254,0.005119,0.009988
KCU,21,20,1,0.030385,0.01018,0.010087
BA,21,20,2,0.014799,0.004848,0.009823
KCU,21,20,1,0.029855,0.01007,0.008817
BA,21,20,2,0.014507,0.003779,0.010591
KCU,21,20,1,0.029745,0.009935,0.009906
BA,21,20,2,0.015078,0.005122,0.009814
KCU,21,20,1,0.031083,0.010428,0.010193
BA,21,20,2,0.014763,0.003842,0.010756
KCU,21,20,1,0.031385,0.010206,0.010059
BA,21,40,2,0.014898,0.004916,0.009838
KCU,21,40,1,0.030888,0.010391,0.010302
BA,21,40,2,0.014896,0.003869,0.010889
KCU,21,40,1,0.030312,0.010104,0.010109
BA,21,40,2,0.015096,0.005062,0.009885
KCU,21,40,1,0.031042,0.010405,0.010341
BA,21,40,2,0.015118,0.005083,0.009891
KCU,21,40,1,0.030277,0.01029,0.00995
BA,21,40,2,0.015229,0.004044,0.011045
KCU,21,40,1,0.030459,0.010397,0.009976
BA,21,40,2,0.015152,0.004016,0.010988
KCU,21,40,1,0.030224,0.010151,0.010022
BA,21,40,2,0.014849,0.003869,0.010849
KCU,21,40,1,0.02972,0.010047,0.009614
BA,21,40,2,0.014876,0.004911,0.009832
KCU,21,40,1,0.030454,0.0102,0.010137
BA,21,40,2,0.014761,0.004815,0.009807
KCU,21,40,1,0.030297,0.010048,0.01018
BA,21,40,2,0.014937,0.004998,0.0098
KCU,21,40,1,0.030174,0.010079,0.010036
BA,21,40,2,0.015021,0.004945,0.009915
KCU,21,40,1,0.030131,0.010234,0.009776
BA,21,40,2,0.014694,0.004794,0.009757
KCU,21,40,1,0.030322,0.010383,0.009722
BA,21,40,2,0.015111,0.004021,0.010947
KCU,21,40,1,0.030605,0.010278,0.01013
BA,21,40,2,0.01503,0.005058,0.009842
KCU,21,40,1,0.030529,0.010336,0.009346
BA,21,40,2,0.014896,0.003934,0.010828
KCU,21,40,1,0.030507,0.01028,0.010063
BA,21,40,2,0.015038,0.003952,0.010942
KCU,21,40,1,0.03063,0.010138,0.010355
BA,21,40,2,0.016102,0.003943,0.012017
KCU,21,40,1,0.030994,0.010189,0.009992
BA,21,40,2,0.015172,0.005093,0.009938
KCU,21,40,1,0.030091,0.0101,0.00992
BA,21,40,2,0.014668,0.004787,0.009738
KCU,21,40,1,0.029381,0.01041,0.008288
BA,21,40,2,0.014839,0.004914,0.009786
KCU,21,40,1,0.030282,0.010129,0.01005
BA,21,40,2,0.014967,0.005003,0.009823
KCU,21,40,1,0.029867,0.0103,0.009239
BA,21,40,2,0.015239,0.005191,0.009891
KCU,21,40,1,0.030388,0.01019,0.010102
BA,21,40,2,0.015072,0.005104,0.009821
KCU,21,40,1,0.030882,0.010414,0.010263
BA,21,40,2,0.015119,0.005125,0.009864
KCU,21,40,1,0.031499,0.010208,0.010089
BA,21,40,2,0.014918,0.003961,0.01082
KCU,21,40,1,0.031306,0.010865,0.010233
BA,21,40,2,0.01512,0.00404,0.010946
KCU,21,40,1,0.030925,0.010434,0.010215
BA,21,40,2,0.01503,0.005058,0.009833
KCU,21,40,1,0.030759,0.010613,0.009811
BA,21,40,2,0.015191,0.00509,0.009965
KCU,21,40,1,0.030313,0.010163,0.010078
BA,21,40,2,0.015104,0.00508,0.009891
KCU,21,40,1,0.030167,0.01008,0.010015
BA,21,40,2,0.014762,0.003896,0.010733
KCU,21,40,1,0.031221,0.010052,0.010061
BA,21,60,2,0.015009,0.005002,0.009869
KCU,21,60,1,0.031492,0.010224,0.01008
BA,21,60,2,0.015754,0.003928,0.011694
KCU,21,60,1,0.030568,0.010355,0.010126
BA,21,60,2,0.01492,0.003991,0.010798
KCU,21,60,1,0.030707,0.010333,0.010203
BA,21,60,2,0.015192,0.005333,0.00972
KCU,21,60,1,0.030343,0.01041,0.00971
BA,21,60,2,0.014996,0.005035,0.009819
KCU,21,60,1,0.030537,0.010192,0.010184
BA,21,60,2,0.015592,0.005279,0.010177
KCU,21,60,1,0.031144,0.010478,0.010297
BA,21,60,2,0.015086,0.005079,0.009873
KCU,21,60,1,0.030605,0.010303,0.010077
BA,21,60,2,0.01561,0.00535,0.010124
KCU,21,60,1,0.030675,0.010726,0.00991
BA,21,60,2,0.015718,0.004865,0.010719
KCU,21,60,1,0.029967,0.010046,0.009201
BA,21,60,2,0.01497,0.005001,0.009832
KCU,21,60,1,0.029965,0.010056,0.009874
BA,21,60,2,0.015111,0.005096,0.009878
KCU,21,60,1,0.031573,0.010237,0.010112
BA,21,60,2,0.014916,0.004986,0.009792
KCU,21,60,1,0.030138,0.010129,0.009951
BA,21,60,2,0.01503,0.005038,0.009859
KCU,21,60,1,0.031332,0.010187,0.009985
BA,21,60,2,0.014779,0.00383,0.010813
KCU,21,60,1,0.03045,0.010119,0.010212
BA,21,60,2,0.014871,0.004947,0.009794
KCU,21,60,1,0.030363,0.010153,0.010091
BA,21,60,2,0.015419,0.004968,0.010306
KCU,21,60,1,0.031151,0.010449,0.009237
BA,21,60,2,0.014897,0.004986,0.009774
KCU,21,60,1,0.030933,0.010136,0.00969
BA,21,60,2,0.015179,0.005096,0.009948
KCU,21,60,1,0.030206,0.010271,0.009964
BA,21,60,2,0.014768,0.003866,0.010764
KCU,21,60,1,0.030763,0.010198,0.010306
BA,21,60,2,0.015164,0.005146,0.009896
KCU,21,60,1,0.030652,0.010254,0.010175
BA,21,60,2,0.015299,0.005131,0.010026
KCU,21,60,1,0.031031,0.010653,0.009985
BA,21,60,2,0.014947,0.003934,0.010872
KCU,21,60,1,0.030311,0.010267,0.009957
BA,21,60,2,0.015277,0.005187,0.00994
KCU,21,60,1,0.030676,0.010388,0.010091
BA,21,60,2,0.015119,0.004002,0.010975
KCU,21,60,1,0.030638,0.010412,0.010001
BA,21,60,2,0.015066,0.005079,0.009844
KCU,21,60,1,0.03025,0.010166,0.009935
BA,21,60,2,0.015184,0.004082,0.010951
KCU,21,60,1,0.030195,0.010152,0.009926
BA,21,60,2,0.015068,0.005023,0.009911
KCU,21,60,1,0.029917,0.009912,0.009986
BA,21,60,2,0.014945,0.004927,0.009879
KCU,21,60,1,0.030121,0.010165,0.009881
BA,21,60,2,0.015243,0.005198,0.009908
KCU,21,60,1,0.032222,0.010355,0.010075
BA,21,60,2,0.014984,0.005014,0.009838
KCU,21,60,1,0.031128,0.010152,0.009867
BA,21,80,2,0.015456,0.005398,0.009902
KCU,21,80,1,0.030047,0.009946,0.010066
BA,21,80,2,0.014871,0.004975,0.009756
KCU,21,80,1,0.031138,0.010063,0.009952
BA,21,80,2,0.014887,0.004957,0.009798
KCU,21,80,1,0.030064,0.010532,0.009478
BA,21,80,2,0.015058,0.00504,0.00988
KCU,21,80,1,0.030678,0.010218,0.010243
BA,21,80,2,0.015129,0.005099,0.009896
KCU,21,80,1,0.030211,0.010332,0.009761
BA,21,80,2,0.015003,0.005047,0.009817
KCU,21,80,1,0.030575,0.01032,0.010087
BA,21,80,2,0.015658,0.005084,0.010431
KCU,21,80,1,0.030708,0.010272,0.010246
BA,21,80,2,0.01495,0.003945,0.010864
KCU,21,80,1,0.030565,0.010267,0.010142
BA,21,80,2,0.015361,0.005211,0.010009
KCU,21,80,1,0.032322,0.010784,0.010171
BA,21,80,2,0.014928,0.00503,0.009757
KCU,21,80,1,0.030455,0.010245,0.010076
BA,21,80,2,0.01483,0.005007,0.009686
KCU,21,80,1,0.030399,0.010232,0.010031
BA,21,80,2,0.012935,0.003614,0.009181
KCU,21,80,1,0.026472,0.009198,0.008712
BA,21,80,2,0.015193,0.005121,0.009934
KCU,21,80,1,0.030418,0.010248,0.010066
BA,21,80,2,0.016152,0.004005,0.012009
KCU,21,80,1,0.030778,0.010366,0.010192
BA,21,80,2,0.015609,0.00401,0.011455
KCU,21,80,1,0.031278,0.01024,0.009326
BA,21,80,2,0.015888,0.00493,0.010822
KCU,21,80,1,0.030515,0.010275,0.010062
BA,21,80,2,0.015596,0.005325,0.010124
KCU,21,80,1,0.030108,0.009939,0.008266
BA,21,80,2,0.015026,0.005028,0.009857
KCU,21,80,1,0.030154,0.010122,0.009987
BA,21,80,2,0.015053,0.005064,0.009849
KCU,21,80,1,0.030119,0.010235,0.009764
BA,21,80,2,0.01478,0.003876,0.010764
KCU,21,80,1,0.030173,0.009996,0.010052
BA,21,80,2,0.012491,0.004214,0.00815
KCU,21,80,1,0.025849,0.008924,0.008491
BA,21,80,2,0.012651,0.003509,0.009018
KCU,21,80,1,0.025624,0.008863,0.008309
BA,21,80,2,0.013567,0.004404,0.009004
KCU,21,80,1,0.025558,0.008853,0.008219
BA,21,80,2,0.012804,0.004363,0.008309
KCU,21,80,1,0.026255,0.009107,0.008564
BA,21,80,2,0.013047,0.004571,0.008349
KCU,21,80,1,0.027034,0.009174,0.008357
BA,21,80,2,0.013794,0.004557,0.009112
KCU,21,80,1,0.025832,0.008813,0.008496
BA,21,80,2,0.013027,0.004579,0.008319
KCU,21,80,1,0.025977,0.00899,0.008484
BA,21,80,2,0.014834,0.004882,0.009811
KCU,21,80,1,0.03157,0.010193,0.010063
BA,21,80,2,0.01283,0.004414,0.008288
KCU,21,80,1,0.027612,0.009068,0.009374
BA,21,80,2,0.012775,0.004366,0.008274
KCU,21,80,1,0.025389,0.009011,0.007888
BA,21,100,2,0.012765,0.00444,0.008198
KCU,21,100,1,0.025697,0.009045,0.008116
BA,21,100,2,0.012802,0.004428,0.00824
KCU,21,100,1,0.026629,0.008975,0.009103
BA,21,100,2,0.015003,0.004983,0.009888
KCU,21,100,1,0.030301,0.010175,0.010058
BA,21,100,2,0.014957,0.005,0.009795
KCU,21,100,1,0.030317,0.010187,0.010023
BA,21,100,2,0.01486,0.003931,0.010766
KCU,21,100,1,0.030416,0.01025,0.010054
BA,21,100,2,0.015198,0.005148,0.009912
KCU,21,100,1,0.03069,0.010337,0.010173
BA,21,100,2,0.015097,0.005081,0.009873
KCU,21,100,1,0.029552,0.010235,0.009061
BA,21,100,2,0.015166,0.005179,0.00984
KCU,21,100,1,0.030385,0.010465,0.009783
BA,21,100,2,0.016032,0.005035,0.010855
KCU,21,100,1,0.030369,0.010186,0.010013
BA,21,100,2,0.015266,0.005169,0.009947
KCU,21,100,1,0.03029,0.010313,0.01012
BA,21,100,2,0.015253,0.005217,0.009899
KCU,21,100,1,0.030652,0.010365,0.010113
BA,21,100,2,0.015278,0.005087,0.010061
KCU,21,100,1,0.030697,0.010246,0.010133
BA,21,100,2,0.01576,0.005743,0.00988
KCU,21,100,1,0.030825,0.010595,0.010039
BA,21,100,2,0.015311,0.005184,0.009986
KCU,21,100,1,0.030266,0.01013,0.010023
BA,21,100,2,0.01519,0.005102,0.009938
KCU,21,100,1,0.030414,0.010163,0.010105
BA,21,100,2,0.014929,0.003958,0.010835
KCU,21,100,1,0.030054,0.010294,0.009277
BA,21,100,2,0.015228,0.005256,0.009835
KCU,21,100,1,0.029965,0.009883,0.010013
BA,21,100,2,0.015067,0.004975,0.009948
KCU,21,100,1,0.030293,0.010188,0.008981
BA,21,100,2,0.015193,0.005188,0.009861
KCU,21,100,1,0.030402,0.009993,0.010092
BA,21,100,2,0.015145,0.005108,0.009902
KCU,21,100,1,0.030684,0.010376,0.010171
BA,21,100,2,0.014829,0.003898,0.010789
KCU,21,100,1,0.031488,0.010195,0.010038
BA,21,100,2,0.014563,0.004765,0.009662
KCU,21,100,1,0.029385,0.009651,0.009878
BA,21,100,2,0.015856,0.004939,0.010777
KCU,21,100,1,0.030189,0.01035,0.009751
BA,21,100,2,0.01477,0.003888,0.010722
KCU,21,100,1,0.030036,0.010041,0.009965
BA,21,100,2,0.01524,0.004007,0.011075
KCU,21,100,1,0.030832,0.010379,0.010252
BA,21,100,2,0.014888,0.004924,0.009807
KCU,21,100,1,0.030055,0.010142,0.009895
BA,21,100,2,0.01507,0.005053,0.009881
KCU,21,100,1,0.030153,0.010056,0.010011
BA,21,100,2,0.01473,0.004823,0.009755
KCU,21,100,1,0.03011,0.009979,0.010071
BA,21,100,2,0.014949,0.004989,0.009825
KCU,21,100,1,0.030419,0.010361,0.010021
BA,21,100,2,0.014728,0.004768,0.009823
KCU,21,100,1,0.03031,0.010207,0.010107
BA,31,0,2,0.027489,0.006859,0.020493
KCU,31,0,1,0.069553,0.018342,0.022934
BA,31,0,2,0.027526,0.006858,0.02053
KCU,31,0,1,0.062802,0.018516,0.022513
BA,31,0,2,0.027981,0.00727,0.020571
KCU,31,0,1,0.062361,0.01844,0.019607
BA,31,0,2,0.027774,0.00703,0.020596
KCU,31,0,1,0.061534,0.018434,0.021558
BA,31,0,2,0.023496,0.004718,0.018645
KCU,31,0,1,0.053019,0.016259,0.015976
BA,31,0,2,0.024306,0.006249,0.017928
KCU,31,0,1,0.053064,0.016273,0.015711
BA,31,0,2,0.024369,0.006759,0.01745
KCU,31,0,1,0.05351,0.017157,0.016533
BA,31,0,2,0.030178,0.006882,0.023158
KCU,31,0,1,0.061895,0.019373,0.021676
BA,31,0,2,0.027489,0.006824,0.020529
KCU,31,0,1,0.062394,0.018436,0.021779
BA,31,0,2,0.02753,0.006873,0.020518
KCU,31,0,1,0.062124,0.018673,0.019581
BA,31,0,2,0.027869,0.007078,0.020646
KCU,31,0,1,0.061718,0.018579,0.021359
BA,31,0,2,0.027348,0.006739,0.020462
KCU,31,0,1,0.061749,0.018612,0.02136
BA,31,0,2,0.026661,0.003972,0.022552
KCU,31,0,1,0.064106,0.019842,0.018712
BA,31,0,2,0.029096,0.003847,0.025117
KCU,31,0,1,0.060708,0.018289,0.018664
BA,31,0,2,0.02735,0.0068,0.020412
KCU,31,0,1,0.061958,0.018589,0.021463
BA,31,0,2,0.027604,0.004526,0.022934
KCU,31,0,1,0.062108,0.018501,0.021669
BA,31,0,2,0.027401,0.006837,0.020419
KCU,31,0,1,0.062688,0.018472,0.022436
BA,31,0,2,0.027591,0.006891,0.020565
KCU,31,0,1,0.057024,0.017557,0.019296
BA,31,0,2,0.027384,0.006794,0.020445
KCU,31,0,1,0.06138,0.018326,0.021327
BA,31,0,2,0.026994,0.003888,0.022968
KCU,31,0,1,0.06189,0.019293,0.02089
BA,31,0,2,0.027547,0.006911,0.020491
KCU,31,0,1,0.06208,0.019131,0.021216
BA,31,0,2,0.027496,0.006815,0.020536
KCU,31,0,1,0.064626,0.018347,0.019684
BA,31,0,2,0.02789,0.006598,0.021152
KCU,31,0,1,0.061632,0.017908,0.021592
BA,31,0,2,0.027241,0.006458,0.020644
KCU,31,0,1,0.062141,0.018939,0.018859
BA,31,0,2,0.027729,0.006935,0.020644
KCU,31,0,1,0.064652,0.019523,0.020134
BA,31,0,2,0.027824,0.007031,0.02064
KCU,31,0,1,0.062817,0.018598,0.0226
BA,31,0,2,0.02752,0.006827,0.020535
KCU,31,0,1,0.063207,0.018498,0.021267
BA,31,0,2,0.026991,0.003874,0.02298
KCU,31,0,1,0.062205,0.018524,0.02174
BA,31,0,2,0.027544,0.006786,0.02062
KCU,31,0,1,0.061664,0.018674,0.018679
BA,31,0,2,0.027473,0.00682,0.020504
KCU,31,0,1,0.062082,0.018558,0.021605
BA,31,20,2,0.02692,0.004031,0.022753
KCU,31,20,1,0.064562,0.01865,0.018612
BA,31,20,2,0.027843,0.007072,0.020627
KCU,31,20,1,0.062869,0.01892,0.022118
BA,31,20,2,0.027527,0.006906,0.020478
KCU,31,20,1,0.062276,0.018684,0.021677
BA,31,20,2,0.023543,0.004914,0.018502
KCU,31,20,1,0.055493,0.016567,0.017032
BA,31,20,2,0.026024,0.00632,0.019548
KCU,31,20,1,0.055246,0.016725,0.019784
BA,31,20,2,0.02614,0.006302,0.019707
KCU,31,20,1,0.054676,0.016647,0.019401
BA,31,20,2,0.023232,0.005105,0.017999
KCU,31,20,1,0.055049,0.016075,0.01554
BA,31,20,2,0.025039,0.006811,0.018114
KCU,31,20,1,0.053797,0.01619,0.016901
BA,31,20,2,0.02778,0.007094,0.020559
KCU,31,20,1,0.06246,0.018471,0.022421
BA,31,20,2,0.027999,0.007146,0.020713
KCU,31,20,1,0.065299,0.018374,0.020263
BA,31,20,2,0.027566,0.004053,0.023373
KCU,31,20,1,0.06279,0.018469,0.022561
BA,31,20,2,0.027606,0.00693,0.020533
KCU,31,20,1,0.062248,0.018138,0.019736
BA,31,20,2,0.027955,0.006774,0.021049
KCU,31,20,1,0.061802,0.018463,0.021582
BA,31,20,2,0.027479,0.006797,0.020544
KCU,31,20,1,0.062388,0.018555,0.019585
BA,31,20,2,0.02728,0.006688,0.020438
KCU,31,20,1,0.065457,0.018223,0.022661
BA,31,20,2,0.027202,0.006299,0.020744
KCU,31,20,1,0.06062,0.018076,0.018384
BA,31,20,2,0.027342,0.006811,0.020391
KCU,31,20,1,0.061039,0.019006,0.018674
BA,31,20,2,0.027463,0.0068,0.020523
KCU,31,20,1,0.06215,0.018324,0.01966
BA,31,20,2,0.026926,0.003895,0.02289
KCU,31,20,1,0.060485,0.018869,0.017669
BA,31,20,2,0.028139,0.00685,0.021143
KCU,31,20,1,0.064754,0.01815,0.019644
BA,31,20,2,0.027488,0.006881,0.02047
KCU,31,20,1,0.064143,0.018364,0.018595
BA,31,20,2,0.027632,0.007003,0.020493
KCU,31,20,1,0.06178,0.018352,0.021545
BA,31,20,2,0.027389,0.006787,0.020475
KCU,31,20,1,0.061405,0.01845,0.018639
BA,31,20,2,0.027236,0.004009,0.023087
KCU,31,20,1,0.062732,0.018572,0.02226
BA,31,20,2,0.027813,0.007062,0.020604
KCU,31,20,1,0.065087,0.018357,0.019727
BA,31,20,2,0.027322,0.00394,0.023241
KCU,31,20,1,0.062007,0.018658,0.019845
BA,31,20,2,0.027525,0.006781,0.020576
KCU,31,20,1,0.062416,0.018506,0.019873
BA,31,20,2,0.027031,0.003839,0.023057
KCU,31,20,1,0.063307,0.018644,0.022695
BA,31,20,2,0.026828,0.003925,0.022762
KCU,31,20,1,0.061504,0.018361,0.018759
BA,31,20,2,0.026978,0.003886,0.022956
KCU,31,20,1,0.061027,0.018222,0.021168
BA,31,40,2,0.027748,0.007001,0.020607
KCU,31,40,1,0.060553,0.019043,0.019791
BA,31,40,2,0.027508,0.004103,0.023266
KCU,31,40,1,0.061325,0.018214,0.021463
BA,31,40,2,0.027221,0.00667,0.020405
KCU,31,40,1,0.061716,0.019286,0.020716
BA,31,40,2,0.027955,0.006538,0.021275
KCU,31,40,1,0.063424,0.018232,0.019506
BA,31,40,2,0.027686,0.006939,0.020604
KCU,31,40,1,0.061769,0.01823,0.021999
BA,31,40,2,0.026915,0.003975,0.022802
KCU,31,40,1,0.060904,0.01802,0.021272
BA,31,40,2,0.027009,0.003894,0.022969
KCU,31,40,1,0.061666,0.018318,0.019567
BA,31,40,2,0.027182,0.006624,0.020387
KCU,31,40,1,0.064842,0.018337,0.019136
BA,31,40,2,0.027117,0.003927,0.02305
KCU,31,40,1,0.064574,0.018866,0.020768
BA,31,40,2,0.027205,0.006779,0.020276
KCU,31,40,1,0.061789,0.017825,0.022259
BA,31,40,2,0.029204,0.00692,0.022146
KCU,31,40,1,0.059933,0.017485,0.02112
BA,31,40,2,0.026456,0.003775,0.022546
KCU,31,40,1,0.06414,0.018069,0.019329
BA,31,40,2,0.027064,0.006591,0.020334
KCU,31,40,1,0.061795,0.018249,0.021626
BA,31,40,2,0.027422,0.006844,0.020438
KCU,31,40,1,0.063167,0.019121,0.019666
BA,31,40,2,0.02698,0.003898,0.022939
KCU,31,40,1,0.063068,0.018436,0.023042
BA,31,40,2,0.027833,0.007177,0.020521
KCU,31,40,1,0.062656,0.018156,0.0227
BA,31,40,2,0.026792,0.003908,0.022755
KCU,31,40,1,0.066226,0.018493,0.022855
BA,31,40,2,0.028783,0.007891,0.020747
KCU,31,40,1,0.062725,0.019555,0.021293
BA,31,40,2,0.027246,0.003976,0.023113
KCU,31,40,1,0.060915,0.018501,0.020712
BA,31,40,2,0.027772,0.007019,0.020612
KCU,31,40,1,0.062082,0.018318,0.019592
BA,31,40,2,0.027328,0.006715,0.020469
KCU,31,40,1,0.061199,0.018365,0.018612
BA,31,40,2,0.027449,0.006817,0.020494
KCU,31,40,1,0.062121,0.018256,0.022099
BA,31,40,2,0.026887,0.003897,0.022846
KCU,31,40,1,0.061031,0.018855,0.019644
BA,31,40,2,0.027777,0.006943,0.02069
KCU,31,40,1,0.061742,0.018787,0.022143
BA,31,40,2,0.027667,0.00455,0.022977
KCU,31,40,1,0.061789,0.018876,0.018808
BA,31,40,2,0.027373,0.006734,0.020502
KCU,31,40,1,0.062517,0.018877,0.021799
BA,31,40,2,0.027297,0.006703,0.020452
KCU,31,40,1,0.063868,0.018255,0.018539
BA,31,40,2,0.026541,0.003648,0.022753
KCU,31,40,1,0.062226,0.018151,0.022434
BA,31,40,2,0.029598,0.003919,0.025536
KCU,31,40,1,0.062902,0.018803,0.022452
BA,31,40,2,0.027526,0.006822,0.02055
KCU,31,40,1,0.062389,0.018556,0.019635
BA,31,60,2,0.027508,0.006818,0.020543
KCU,31,60,1,0.061545,0.018538,0.018597
BA,31,60,2,0.026885,0.003912,0.022842
KCU,31,60,1,0.061439,0.018454,0.018585
BA,31,60,2,0.02816,0.00736,0.020653
KCU,31,60,1,0.062439,0.018411,0.019653
BA,31,60,2,0.027593,0.006978,0.020483
KCU,31,60,1,0.061866,0.018428,0.021304
BA,31,60,2,0.028128,0.007252,0.020727
KCU,31,60,1,0.065753,0.018671,0.019778
BA,31,60,2,0.027359,0.006742,0.020478
KCU,31,60,1,0.063463,0.018854,0.019868
BA,31,60,2,0.027326,0.00678,0.020403
KCU,31,60,1,0.065186,0.019488,0.019809
BA,31,60,2,0.027297,0.006686,0.020477
KCU,31,60,1,0.062271,0.018424,0.019589
BA,31,60,2,0.027599,0.00696,0.020494
KCU,31,60,1,0.061323,0.018982,0.020442
BA,31,60,2,0.027682,0.006962,0.02057
KCU,31,60,1,0.065102,0.019038,0.019852
BA,31,60,2,0.027092,0.003992,0.022953
KCU,31,60,1,0.061849,0.018454,0.021542
BA,31,60,2,0.027426,0.006744,0.020545
KCU,31,60,1,0.062691,0.01849,0.019753
BA,31,60,2,0.027578,0.006885,0.020563
KCU,31,60,1,0.063403,0.018535,0.022459
BA,31,60,2,0.029839,0.006759,0.022932
KCU,31,60,1,0.06151,0.018595,0.018805
BA,31,60,2,0.027066,0.003954,0.022985
KCU,31,60,1,0.065244,0.018886,0.021446
BA,31,60,2,0.027598,0.00684,0.020614
KCU,31,60,1,0.063006,0.019737,0.021171
BA,31,60,2,0.027657,0.006892,0.020628
KCU,31,60,1,0.063441,0.018772,0.022648
BA,31,60,2,0.027372,0.004034,0.023198
KCU,31,60,1,0.06308,0.018436,0.022612
BA,31,60,2,0.027946,0.007057,0.020732
KCU,31,60,1,0.06213,0.018567,0.021576
BA,31,60,2,0.027492,0.006854,0.020497
KCU,31,60,1,0.062618,0.01851,0.022154
BA,31,60,2,0.02774,0.006962,0.020622
KCU,31,60,1,0.061226,0.018332,0.021079
BA,31,60,2,0.02751,0.006806,0.020558
KCU,31,60,1,0.06198,0.018629,0.018592
BA,31,60,2,0.028767,0.007124,0.021493
KCU,31,60,1,0.063495,0.01927,0.021704
BA,31,60,2,0.027431,0.003989,0.023292
KCU,31,60,1,0.061614,0.01843,0.018688
BA,31,60,2,0.023512,0.00364,0.019737
KCU,31,60,1,0.054732,0.017197,0.015976
BA,31,60,2,0.0238,0.006384,0.017286
KCU,31,60,1,0.053835,0.016336,0.018795
BA,31,60,2,0.023852,0.006303,0.017415
KCU,31,60,1,0.05442,0.016382,0.019321
BA,31,60,2,0.024668,0.006582,0.017954
KCU,31,60,1,0.053949,0.016801,0.018344
BA,31,60,2,0.025384,0.007545,0.017703
KCU,31,60,1,0.056359,0.01753,0.019909
BA,31,60,2,0.023956,0.006382,0.017445
KCU,31,60,1,0.054221,0.01674,0.016726
BA,31,80,2,0.027725,0.006957,0.020633
KCU,31,80,1,0.064451,0.018912,0.021378
BA,31,80,2,0.028238,0.00706,0.021034
KCU,31,80,1,0.063285,0.018519,0.023974
BA,31,80,2,0.027677,0.006902,0.020637
KCU,31,80,1,0.063329,0.015579,0.022987
BA,31,80,2,0.027103,0.003959,0.023
KCU,31,80,1,0.063023,0.018575,0.019898
BA,31,80,2,0.027456,0.00689,0.020417
KCU,31,80,1,0.062311,0.018535,0.021967
BA,31,80,2,0.02786,0.007002,0.020717
KCU,31,80,1,0.065951,0.018763,0.02234
BA,31,80,2,0.027652,0.006966,0.020527
KCU,31,80,1,0.062457,0.016603,0.021344
BA,31,80,2,0.02787,0.007064,0.020651
KCU,31,80,1,0.062275,0.018842,0.021318
BA,31,80,2,0.027567,0.00696,0.020448
KCU,31,80,1,0.075393,0.021993,0.023484
BA,31,80,2,0.027442,0.006924,0.020378
KCU,31,80,1,0.063787,0.018748,0.022721
BA,31,80,2,0.032052,0.00761,0.024293
KCU,31,80,1,0.071534,0.021069,0.022026
BA,31,80,2,0.03,0.006925,0.022931
KCU,31,80,1,0.062609,0.018413,0.022408
BA,31,80,2,0.027557,0.006796,0.020615
KCU,31,80,1,0.06139,0.018627,0.018614
BA,31,80,2,0.027775,0.007085,0.020538
KCU,31,80,1,0.062016,0.018483,0.02264
BA,31,80,2,0.027264,0.003989,0.023123
KCU,31,80,1,0.061541,0.019649,0.018842
BA,31,80,2,0.027787,0.007062,0.020585
KCU,31,80,1,0.06243,0.019168,0.019751
BA,31,80,2,0.027426,0.003993,0.023297
KCU,31,80,1,0.065659,0.01927,0.021267
BA,31,80,2,0.027857,0.007023,0.020689
KCU,31,80,1,0.065529,0.018482,0.022347
BA,31,80,2,0.027488,0.006816,0.020529
KCU,31,80,1,0.061701,0.019266,0.020641
BA,31,80,2,0.027746,0.006958,0.020622
KCU,31,80,1,0.063106,0.018788,0.019797
BA,31,80,2,0.027876,0.007027,0.02071
KCU,31,80,1,0.063089,0.019528,0.01982
BA,31,80,2,0.027778,0.004399,0.023234
KCU,31,80,1,0.061551,0.018356,0.021363
BA,31,80,2,0.027392,0.006758,0.020488
KCU,31,80,1,0.061675,0.018186,0.019404
BA,31,80,2,0.027724,0.006906,0.020675
KCU,31,80,1,0.065994,0.018917,0.022371
BA,31,80,2,0.027629,0.006896,0.020591
KCU,31,80,1,0.06099,0.018742,0.020522
BA,31,80,2,0.027154,0.004045,0.022961
KCU,31,80,1,0.062302,0.018614,0.022063
BA,31,80,2,0.027166,0.003997,0.023027
KCU,31,80,1,0.060972,0.018327,0.018462
BA,31,80,2,0.027653,0.006893,0.02061
KCU,31,80,1,0.062161,0.018114,0.02337
BA,31,80,2,0.027256,0.003973,0.023141
KCU,31,80,1,0.062424,0.018365,0.022369
BA,31,80,2,0.027278,0.003944,0.02319
KCU,31,80,1,0.0645,0.018369,0.021564
BA,31,100,2,0.027864,0.006998,0.020697
KCU,31,100,1,0.065639,0.01912,0.019593
BA,31,100,2,0.027753,0.007014,0.020593
KCU,31,100,1,0.062074,0.018678,0.021565
BA,31,100,2,0.027708,0.006944,0.020619
KCU,31,100,1,0.062742,0.018405,0.022414
BA,31,100,2,0.027771,0.006891,0.020738
KCU,31,100,1,0.063197,0.018522,0.022777
BA,31,100,2,0.028162,0.007144,0.020874
KCU,31,100,1,0.062629,0.018432,0.019725
BA,31,100,2,0.028253,0.007077,0.021023
KCU,31,100,1,0.061566,0.01859,0.018651
BA,31,100,2,0.030653,0.007089,0.023416
KCU,31,100,1,0.061005,0.018254,0.018614
BA,31,100,2,0.027704,0.00411,0.023454
KCU,31,100,1,0.063484,0.019097,0.019913
BA,31,100,2,0.027768,0.004428,0.023199
KCU,31,100,1,0.062344,0.018975,0.02131
BA,31,100,2,0.027663,0.006779,0.020739
KCU,31,100,1,0.063929,0.018849,0.0229
BA,31,100,2,0.028026,0.006764,0.021127
KCU,31,100,1,0.063074,0.018882,0.019927
BA,31,100,2,0.026924,0.003876,0.022896
KCU,31,100,1,0.062936,0.018528,0.019788
BA,31,100,2,0.026659,0.003978,0.02255
KCU,31,100,1,0.062227,0.018351,0.021887
BA,31,100,2,0.027455,0.006774,0.020543
KCU,31,100,1,0.062692,0.018286,0.022525
BA,31,100,2,0.029784,0.006789,0.022851
KCU,31,100,1,0.062972,0.01859,0.022515
BA,31,100,2,0.029775,0.006739,0.022889
KCU,31,100,1,0.062144,0.01867,0.021669
BA,31,100,2,0.0274,0.006772,0.020486
KCU,31,100,1,0.06234,0.018808,0.021527
BA,31,100,2,0.026845,0.00392,0.022778
KCU,31,100,1,0.063595,0.01896,0.022027
BA,31,100,2,0.027472,0.006831,0.0205
KCU,31,100,1,0.062777,0.018795,0.020942
BA,31,100,2,0.026963,0.004888,0.021935
KCU,31,100,1,0.061653,0.018643,0.018742
BA,31,100,2,0.029414,0.003914,0.025354
KCU,31,100,1,0.062448,0.019404,0.02109
BA,31,100,2,0.027597,0.006794,0.020645
KCU,31,100,1,0.065121,0.018543,0.021554
BA,31,100,2,0.027641,0.006915,0.02056
KCU,31,100,1,0.062431,0.01827,0.019735
BA,31,100,2,0.027578,0.006828,0.020621
KCU,31,100,1,0.061631,0.018388,0.021299
BA,31,100,2,0.027724,0.006951,0.020636
KCU,31,100,1,0.061651,0.018113,0.02188
BA,31,100,2,0.027808,0.007068,0.020598
KCU,31,100,1,0.061125,0.01828,0.021178
BA,31,100,2,0.027662,0.006989,0.020528
KCU,31,100,1,0.061311,0.018563,0.019671
BA,31,100,2,0.027797,0.006944,0.020708
KCU,31,100,1,0.062648,0.018447,0.02139
BA,31,100,2,0.02796,0.004063,0.023759
KCU,31,100,1,0.06122,0.018175,0.021332
BA,31,100,2,0.027724,0.003973,0.023599
KCU,31,100,1,0.060927,0.018234,0.021065
BA,41,0,2,0.045276,0.009046,0.036089
KCU,41,0,1,0.110258,0.029254,0.032718
BA,41,0,2,0.045659,0.009311,0.036201
KCU,41,0,1,0.106695,0.029092,0.034615
BA,41,0,2,0.044995,0.008889,0.035962
KCU,41,0,1,0.111414,0.029387,0.037897
BA,41,0,2,0.04473,0.008907,0.035659
KCU,41,0,1,0.110709,0.030194,0.031873
BA,41,0,2,0.042299,0.003784,0.038379
KCU,41,0,1,0.104162,0.028751,0.032482
BA,41,0,2,0.04399,0.008679,0.035166
KCU,41,0,1,0.112562,0.029863,0.034516
BA,41,0,2,0.045424,0.009221,0.036053
KCU,41,0,1,0.106025,0.029134,0.034672
BA,41,0,2,0.045196,0.009058,0.035987
KCU,41,0,1,0.103362,0.028179,0.032746
BA,41,0,2,0.046747,0.010408,0.036194
KCU,41,0,1,0.110682,0.029334,0.039773
BA,41,0,2,0.044816,0.008896,0.03577
KCU,41,0,1,0.105708,0.029204,0.034702
BA,41,0,2,0.046302,0.009831,0.036324
KCU,41,0,1,0.109541,0.029556,0.032942
BA,41,0,2,0.044338,0.008596,0.035594
KCU,41,0,1,0.108734,0.029628,0.035624
BA,41,0,2,0.044285,0.003905,0.04024
KCU,41,0,1,0.105771,0.029225,0.037735
BA,41,0,2,0.0449,0.008881,0.035869
KCU,41,0,1,0.106789,0.029428,0.037936
BA,41,0,2,0.044602,0.008754,0.03568
KCU,41,0,1,0.10866,0.029606,0.040198
BA,41,0,2,0.044817,0.009087,0.035598
KCU,41,0,1,0.10517,0.02917,0.032807
BA,41,0,2,0.044854,0.008937,0.035772
KCU,41,0,1,0.111149,0.029054,0.038052
BA,41,0,2,0.044922,0.008764,0.036015
KCU,41,0,1,0.106772,0.029315,0.037743
BA,41,0,2,0.045412,0.008993,0.036274
KCU,41,0,1,0.112064,0.02961,0.038357
BA,41,0,2,0.043757,0.003935,0.039681
KCU,41,0,1,0.105319,0.030598,0.033222
BA,41,0,2,0.044628,0.008781,0.035712
KCU,41,0,1,0.11076,0.02956,0.032845
BA,41,0,2,0.045166,0.008939,0.036082
KCU,41,0,1,0.106136,0.029378,0.037951
BA,41,0,2,0.04571,0.009279,0.036283
KCU,41,0,1,0.109099,0.031015,0.035089
BA,41,0,2,0.044387,0.008833,0.035415
KCU,41,0,1,0.107966,0.027886,0.036659
BA,41,0,2,0.045123,0.009133,0.035845
KCU,41,0,1,0.109141,0.029663,0.034725
BA,41,0,2,0.044367,0.008586,0.035628
KCU,41,0,1,0.110038,0.030218,0.033031
BA,41,0,2,0.044299,0.008686,0.035465
KCU,41,0,1,0.109954,0.029432,0.032863
BA,41,0,2,0.043878,0.003887,0.039862
KCU,41,0,1,0.108646,0.029323,0.034397
BA,41,0,2,0.045354,0.009122,0.036077
KCU,41,0,1,0.111318,0.029135,0.037647
BA,41,0,2,0.045055,0.008994,0.035916
KCU,41,0,1,0.111068,0.029307,0.03327
BA,41,20,2,0.043869,0.003924,0.03981
KCU,41,20,1,0.104634,0.030648,0.034828
BA,41,20,2,0.046076,0.009148,0.036779
KCU,41,20,1,0.106837,0.029554,0.038329
BA,41,20,2,0.045177,0.009048,0.035985
KCU,41,20,1,0.109423,0.029031,0.039819
BA,41,20,2,0.044352,0.004,0.040208
KCU,41,20,1,0.110758,0.029355,0.032817
BA,41,20,2,0.045624,0.009268,0.036208
KCU,41,20,1,0.106187,0.029799,0.033156
BA,41,20,2,0.0456,0.00925,0.036209
KCU,41,20,1,0.096365,0.026334,0.029922
BA,41,20,2,0.044941,0.008963,0.035825
KCU,41,20,1,0.105756,0.031743,0.033094
BA,41,20,2,0.045603,0.0093,0.036155
KCU,41,20,1,0.107268,0.02923,0.039281
BA,41,20,2,0.045328,0.009277,0.035911
KCU,41,20,1,0.109051,0.029336,0.035051
BA,41,20,2,0.045032,0.008888,0.036002
KCU,41,20,1,0.106295,0.029849,0.037721
BA,41,20,2,0.045094,0.008913,0.036027
KCU,41,20,1,0.107262,0.029108,0.039315
BA,41,20,2,0.044843,0.008974,0.035728
KCU,41,20,1,0.107003,0.030415,0.035251
BA,41,20,2,0.045045,0.009007,0.035882
KCU,41,20,1,0.106801,0.029144,0.034742
BA,41,20,2,0.044758,0.00409,0.040518
KCU,41,20,1,0.105099,0.028916,0.033409
BA,41,20,2,0.045131,0.009038,0.03596
KCU,41,20,1,0.103614,0.02876,0.032407
BA,41,20,2,0.045747,0.009486,0.036118
KCU,41,20,1,0.107623,0.029105,0.039777
BA,41,20,2,0.044577,0.008822,0.035623
KCU,41,20,1,0.109104,0.02973,0.040133
BA,41,20,2,0.044829,0.009022,0.03566
KCU,41,20,1,0.110839,0.029302,0.038079
BA,41,20,2,0.044931,0.008916,0.035857
KCU,41,20,1,0.106077,0.030383,0.034774
BA,41,20,2,0.045969,0.009448,0.03636
KCU,41,20,1,0.109817,0.028965,0.03945
BA,41,20,2,0.047229,0.009359,0.037731
KCU,41,20,1,0.105162,0.029284,0.032894
BA,41,20,2,0.044919,0.008974,0.035803
KCU,41,20,1,0.107644,0.029311,0.039517
BA,41,20,2,0.045112,0.009002,0.035964
KCU,41,20,1,0.105814,0.02927,0.03782
BA,41,20,2,0.045502,0.009259,0.036076
KCU,41,20,1,0.106285,0.029246,0.038
BA,41,20,2,0.045675,0.009371,0.036149
KCU,41,20,1,0.104581,0.03041,0.034869
BA,41,20,2,0.044628,0.008787,0.035702
KCU,41,20,1,0.108561,0.030167,0.035405
BA,41,20,2,0.045517,0.009013,0.036362
KCU,41,20,1,0.107395,0.02954,0.034838
BA,41,20,2,0.043578,0.003834,0.039616
KCU,41,20,1,0.106452,0.0295,0.038027
BA,41,20,2,0.045061,0.009076,0.035839
KCU,41,20,1,0.111788,0.029346,0.037809
BA,41,20,2,0.045769,0.009365,0.036257
KCU,41,20,1,0.105449,0.03078,0.031127
BA,41,40,2,0.045483,0.0094,0.035946
KCU,41,40,1,0.113048,0.028996,0.039966
BA,41,40,2,0.043651,0.003818,0.039693
KCU,41,40,1,0.107626,0.029075,0.03489
BA,41,40,2,0.044382,0.004475,0.039755
KCU,41,40,1,0.110216,0.029185,0.03276
BA,41,40,2,0.04503,0.008874,0.036024
KCU,41,40,1,0.106497,0.031202,0.036062
BA,41,40,2,0.044732,0.008626,0.035932
KCU,41,40,1,0.106011,0.028945,0.037917
BA,41,40,2,0.044872,0.008985,0.03573
KCU,41,40,1,0.11115,0.029574,0.033069
BA,41,40,2,0.04397,0.003917,0.03992
KCU,41,40,1,0.111474,0.029396,0.038129
BA,41,40,2,0.045474,0.009246,0.03607
KCU,41,40,1,0.111584,0.029753,0.033415
BA,41,40,2,0.048925,0.008925,0.039854
KCU,41,40,1,0.129082,0.035007,0.041046
BA,41,40,2,0.04512,0.009,0.035969
KCU,41,40,1,0.112013,0.029871,0.033365
BA,41,40,2,0.045959,0.009527,0.036275
KCU,41,40,1,0.110937,0.031283,0.035468
BA,41,40,2,0.049995,0.00972,0.040131
KCU,41,40,1,0.10997,0.029762,0.040842
BA,41,40,2,0.044584,0.008961,0.035479
KCU,41,40,1,0.097822,0.027876,0.03075
BA,41,40,2,0.046214,0.009992,0.036071
KCU,41,40,1,0.105883,0.02953,0.037449
BA,41,40,2,0.049582,0.00407,0.045361
KCU,41,40,1,0.107911,0.029708,0.03534
BA,41,40,2,0.04521,0.009068,0.03598
KCU,41,40,1,0.106551,0.029791,0.033054
BA,41,40,2,0.045251,0.009163,0.035933
KCU,41,40,1,0.110595,0.029578,0.040419
BA,41,40,2,0.045368,0.00919,0.036031
KCU,41,40,1,0.109519,0.029758,0.040143
BA,41,40,2,0.045115,0.008987,0.035981
KCU,41,40,1,0.108182,0.029894,0.038373
BA,41,40,2,0.04593,0.009163,0.036613
KCU,41,40,1,0.105789,0.030052,0.03357
BA,41,40,2,0.045443,0.009344,0.035945
KCU,41,40,1,0.110909,0.029181,0.037979
BA,41,40,2,0.04526,0.009065,0.03605
KCU,41,40,1,0.107528,0.029309,0.034918
BA,41,40,2,0.045318,0.009038,0.036136
KCU,41,40,1,0.107679,0.029944,0.038255
BA,41,40,2,0.043798,0.008604,0.035043
KCU,41,40,1,0.106661,0.028373,0.0396
BA,41,40,2,0.043943,0.003839,0.03996
KCU,41,40,1,0.108256,0.02837,0.039184
BA,41,40,2,0.045591,0.009609,0.035835
KCU,41,40,1,0.108037,0.029661,0.035303
BA,41,40,2,0.047772,0.008342,0.039255
KCU,41,40,1,0.10638,0.029538,0.038062
BA,41,40,2,0.045636,0.009288,0.036196
KCU,41,40,1,0.104655,0.028832,0.033101
BA,41,40,2,0.045965,0.009627,0.03619
KCU,41,40,1,0.107581,0.029443,0.034698
BA,41,40,2,0.04482,0.009086,0.035599
KCU,41,40,1,0.111556,0.029877,0.033298
BA,41,60,2,0.045185,0.009119,0.035921
KCU,41,60,1,0.113161,0.029776,0.039339
BA,41,60,2,0.045832,0.008966,0.036733
KCU,41,60,1,0.112339,0.029608,0.038491
BA,41,60,2,0.044855,0.009014,0.035691
KCU,41,60,1,0.10958,0.029161,0.039797
BA,41,60,2,0.044483,0.008677,0.035654
KCU,41,60,1,0.105503,0.028766,0.037657
BA,41,60,2,0.044396,0.008629,0.035618
KCU,41,60,1,0.111788,0.029944,0.032947
BA,41,60,2,0.044659,0.008886,0.035613
KCU,41,60,1,0.107114,0.029943,0.033198
BA,41,60,2,0.039732,0.008825,0.030776
KCU,41,60,1,0.093522,0.026787,0.028449
BA,41,60,2,0.040049,0.008928,0.030948
KCU,41,60,1,0.095846,0.026812,0.034769
BA,41,60,2,0.040188,0.009079,0.030973
KCU,41,60,1,0.092418,0.026595,0.028341
BA,41,60,2,0.04068,0.009397,0.031148
KCU,41,60,1,0.101511,0.028089,0.030868
BA,41,60,2,0.045439,0.009063,0.03623
KCU,41,60,1,0.107573,0.029387,0.034874
BA,41,60,2,0.045549,0.009206,0.036201
KCU,41,60,1,0.107454,0.0297,0.038384
BA,41,60,2,0.044549,0.008804,0.0356
KCU,41,60,1,0.105562,0.029232,0.032914
BA,41,60,2,0.049004,0.009832,0.03901
KCU,41,60,1,0.113208,0.03123,0.035873
BA,41,60,2,0.045962,0.009435,0.036378
KCU,41,60,1,0.111056,0.029281,0.03361
BA,41,60,2,0.03964,0.008992,0.030508
KCU,41,60,1,0.102823,0.028294,0.035644
BA,41,60,2,0.044782,0.009045,0.035594
KCU,41,60,1,0.111007,0.029595,0.033136
BA,41,60,2,0.045024,0.00894,0.035933
KCU,41,60,1,0.104673,0.030156,0.032992
BA,41,60,2,0.044694,0.004031,0.040499
KCU,41,60,1,0.105047,0.02914,0.03274
BA,41,60,2,0.045615,0.009379,0.036097
KCU,41,60,1,0.110028,0.029291,0.04006
BA,41,60,2,0.045624,0.009291,0.036184
KCU,41,60,1,0.113319,0.029641,0.034977
BA,41,60,2,0.045246,0.00906,0.036042
KCU,41,60,1,0.105759,0.031011,0.035745
BA,41,60,2,0.045181,0.009051,0.035989
KCU,41,60,1,0.108911,0.029105,0.034908
BA,41,60,2,0.045266,0.009009,0.036104
KCU,41,60,1,0.105593,0.030025,0.034956
BA,41,60,2,0.045633,0.00929,0.036188
KCU,41,60,1,0.110653,0.029055,0.037705
BA,41,60,2,0.045556,0.009293,0.036118
KCU,41,60,1,0.114478,0.029077,0.035078
BA,41,60,2,0.044881,0.008978,0.035755
KCU,41,60,1,0.106185,0.029718,0.033146
BA,41,60,2,0.044917,0.009069,0.035709
KCU,41,60,1,0.114229,0.029454,0.040039
BA,41,60,2,0.045354,0.009114,0.036099
KCU,41,60,1,0.106163,0.030948,0.035854
BA,41,60,2,0.045389,0.009303,0.035948
KCU,41,60,1,0.105627,0.02928,0.037821
BA,41,80,2,0.045182,0.00904,0.036003
KCU,41,80,1,0.105592,0.029414,0.033067
BA,41,80,2,0.044055,0.003945,0.039974
KCU,41,80,1,0.10023,0.027942,0.031092
BA,41,80,2,0.037999,0.003598,0.034262
KCU,41,80,1,0.097345,0.026921,0.03478
BA,41,80,2,0.038486,0.003707,0.034645
KCU,41,80,1,0.094052,0.026907,0.033299
BA,41,80,2,0.039429,0.008686,0.030608
KCU,41,80,1,0.094578,0.026552,0.030431
BA,41,80,2,0.040431,0.009237,0.031063
KCU,41,80,1,0.099019,0.026431,0.033707
BA,41,80,2,0.039287,0.008457,0.030689
KCU,41,80,1,0.102048,0.027008,0.036055
BA,41,80,2,0.039162,0.008291,0.030737
KCU,41,80,1,0.095763,0.027489,0.034116
BA,41,80,2,0.039356,0.008647,0.030576
KCU,41,80,1,0.095062,0.026764,0.033593
BA,41,80,2,0.038973,0.003763,0.035061
KCU,41,80,1,0.096022,0.026103,0.035904
BA,41,80,2,0.039336,0.008599,0.030597
KCU,41,80,1,0.101078,0.026633,0.035314
BA,41,80,2,0.040239,0.009312,0.030795
KCU,41,80,1,0.096297,0.027199,0.030873
BA,41,80,2,0.04396,0.008719,0.035104
KCU,41,80,1,0.090561,0.025582,0.028332
BA,41,80,2,0.039849,0.008823,0.030891
KCU,41,80,1,0.091963,0.026177,0.028386
BA,41,80,2,0.039294,0.008522,0.030636
KCU,41,80,1,0.096532,0.026291,0.030674
BA,41,80,2,0.039123,0.008134,0.03085
KCU,41,80,1,0.098155,0.026604,0.028681
BA,41,80,2,0.038785,0.008293,0.030352
KCU,41,80,1,0.097611,0.026519,0.028461
BA,41,80,2,0.038442,0.003711,0.034593
KCU,41,80,1,0.099825,0.02725,0.033579
BA,41,80,2,0.039143,0.008343,0.030671
KCU,41,80,1,0.0942,0.026363,0.033853
BA,41,80,2,0.038986,0.008301,0.030552
KCU,41,80,1,0.092888,0.026436,0.028643
BA,41,80,2,0.039298,0.008447,0.030715
KCU,41,80,1,0.092738,0.02586,0.033236
BA,41,80,2,0.039899,0.008698,0.031068
KCU,41,80,1,0.094622,0.026138,0.030459
BA,41,80,2,0.039425,0.008637,0.030642
KCU,41,80,1,0.099921,0.027143,0.034084
BA,41,80,2,0.04003,0.008889,0.031003
KCU,41,80,1,0.098317,0.026564,0.033449
BA,41,80,2,0.039287,0.008513,0.030634
KCU,41,80,1,0.094688,0.026238,0.03039
BA,41,80,2,0.038719,0.008195,0.030393
KCU,41,80,1,0.092301,0.026719,0.02793
BA,41,80,2,0.038644,0.008224,0.030282
KCU,41,80,1,0.091886,0.026002,0.028361
BA,41,80,2,0.03845,0.003644,0.034649
KCU,41,80,1,0.100122,0.027427,0.033636
BA,41,80,2,0.038369,0.003639,0.034584
KCU,41,80,1,0.097395,0.026399,0.028298
BA,41,80,2,0.04007,0.009008,0.030918
KCU,41,80,1,0.097515,0.026314,0.035494
BA,41,100,2,0.039574,0.008365,0.031073
KCU,41,100,1,0.095364,0.026769,0.03012
BA,41,100,2,0.038946,0.008359,0.030452
KCU,41,100,1,0.094209,0.026842,0.033499
BA,41,100,2,0.044553,0.008755,0.035651
KCU,41,100,1,0.107176,0.029608,0.037898
BA,41,100,2,0.040431,0.009344,0.030956
KCU,41,100,1,0.108769,0.028698,0.036325
BA,41,100,2,0.04581,0.009143,0.036514
KCU,41,100,1,0.109663,0.029763,0.040598
BA,41,100,2,0.045285,0.009087,0.036049
KCU,41,100,1,0.108085,0.029046,0.040216
BA,41,100,2,0.045178,0.009114,0.03593
KCU,41,100,1,0.107666,0.029722,0.035204
BA,41,100,2,0.045219,0.009288,0.03578
KCU,41,100,1,0.106128,0.029606,0.032974
BA,41,100,2,0.045613,0.009229,0.036209
KCU,41,100,1,0.111987,0.029531,0.03826
BA,41,100,2,0.045516,0.00923,0.03612
KCU,41,100,1,0.098912,0.028139,0.03119
BA,41,100,2,0.045365,0.009236,0.035978
KCU,41,100,1,0.106421,0.0299,0.033072
BA,41,100,2,0.044917,0.004154,0.040615
KCU,41,100,1,0.104725,0.029341,0.032734
BA,41,100,2,0.045523,0.009267,0.036106
KCU,41,100,1,0.110807,0.029377,0.033074
BA,41,100,2,0.04553,0.009339,0.036046
KCU,41,100,1,0.108123,0.030098,0.038429
BA,41,100,2,0.044905,0.008911,0.035848
KCU,41,100,1,0.108398,0.029809,0.035101
BA,41,100,2,0.043991,0.003899,0.039945
KCU,41,100,1,0.105816,0.029717,0.032965
BA,41,100,2,0.039793,0.008649,0.03101
KCU,41,100,1,0.099593,0.026645,0.033025
BA,41,100,2,0.045026,0.008981,0.035907
KCU,41,100,1,0.116926,0.030093,0.040619
BA,41,100,2,0.044865,0.009054,0.03566
KCU,41,100,1,0.106722,0.029428,0.038435
BA,41,100,2,0.044573,0.008784,0.035618
KCU,41,100,1,0.111141,0.029555,0.040516
BA,41,100,2,0.045027,0.009004,0.035879
KCU,41,100,1,0.108755,0.029829,0.035386
BA,41,100,2,0.042483,0.003639,0.038709
KCU,41,100,1,0.103726,0.027452,0.033424
BA,41,100,2,0.044346,0.00852,0.035683
KCU,41,100,1,0.102248,0.027702,0.032573
BA,41,100,2,0.036439,0.003356,0.032951
KCU,41,100,1,0.088282,0.025125,0.031148
BA,41,100,2,0.037356,0.007685,0.029534
KCU,41,100,1,0.091624,0.025024,0.032894
BA,41,100,2,0.04655,0.00862,0.037785
KCU,41,100,1,0.113681,0.029283,0.039198
BA,41,100,2,0.043252,0.008199,0.034901
KCU,41,100,1,0.105696,0.027612,0.032488
BA,41,100,2,0.043615,0.008061,0.035403
KCU,41,100,1,0.102575,0.027866,0.032706
BA,41,100,2,0.043437,0.008,0.035293
KCU,41,100,1,0.106409,0.028181,0.032579
BA,41,100,2,0.043482,0.008285,0.03506
KCU,41,100,1,0.105151,0.027659,0.031792
BA,51,0,2,0.062819,0.009687,0.052958
KCU,51,0,1,0.159335,0.039653,0.054338
BA,51,0,2,0.063174,0.009758,0.053266
KCU,51,0,1,0.161756,0.041142,0.051832
BA,51,0,2,0.062945,0.010301,0.052501
KCU,51,0,1,0.155756,0.039423,0.048747
BA,51,0,2,0.063336,0.009895,0.053287
KCU,51,0,1,0.153852,0.040052,0.048379
BA,51,0,2,0.063335,0.009755,0.05343
KCU,51,0,1,0.156448,0.038936,0.05452
BA,51,0,2,0.062425,0.009599,0.052686
KCU,51,0,1,0.155971,0.039042,0.049045
BA,51,0,2,0.064102,0.010495,0.053469
KCU,51,0,1,0.155653,0.040085,0.048356
BA,51,0,2,0.063772,0.01067,0.052933
KCU,51,0,1,0.155468,0.03937,0.047866
BA,51,0,2,0.064281,0.011048,0.053091
KCU,51,0,1,0.155033,0.038934,0.048439
BA,51,0,2,0.06495,0.010359,0.054441
KCU,51,0,1,0.158578,0.042202,0.049389
BA,51,0,2,0.065494,0.01137,0.053977
KCU,51,0,1,0.164363,0.042289,0.050622
BA,51,0,2,0.066644,0.010994,0.055475
KCU,51,0,1,0.161437,0.04418,0.049959
BA,51,0,2,0.06531,0.010534,0.054627
KCU,51,0,1,0.163617,0.041484,0.050639
BA,51,0,2,0.067401,0.0124,0.054852
KCU,51,0,1,0.169549,0.041867,0.056797
BA,51,0,2,0.065808,0.010715,0.054953
KCU,51,0,1,0.163518,0.0421,0.050242
BA,51,0,2,0.066412,0.011745,0.054523
KCU,51,0,1,0.163737,0.042138,0.050328
BA,51,0,2,0.065627,0.010516,0.054964
KCU,51,0,1,0.162655,0.041774,0.050107
BA,51,0,2,0.068285,0.010772,0.05736
KCU,51,0,1,0.160198,0.040374,0.050249
BA,51,0,2,0.065675,0.011548,0.053979
KCU,51,0,1,0.164173,0.043766,0.054832
BA,51,0,2,0.065257,0.004053,0.061058
KCU,51,0,1,0.164993,0.041798,0.057747
BA,51,0,2,0.066959,0.010749,0.056048
KCU,51,0,1,0.164581,0.042838,0.056216
BA,51,0,2,0.063289,0.010413,0.052741
KCU,51,0,1,0.1443,0.038167,0.043485
BA,51,0,2,0.055911,0.00365,0.052103
KCU,51,0,1,0.142171,0.037116,0.042905
BA,51,0,2,0.057433,0.010297,0.046998
KCU,51,0,1,0.144059,0.038268,0.043367
BA,51,0,2,0.056226,0.003518,0.052567
KCU,51,0,1,0.143474,0.037242,0.049786
BA,51,0,2,0.057131,0.01042,0.046581
KCU,51,0,1,0.145317,0.039825,0.048303
BA,51,0,2,0.056209,0.009901,0.046173
KCU,51,0,1,0.143001,0.037627,0.043694
BA,51,0,2,0.05597,0.003518,0.052311
KCU,51,0,1,0.145272,0.037552,0.050518
BA,51,0,2,0.053966,0.003467,0.050353
KCU,51,0,1,0.140202,0.036299,0.049103
BA,51,0,2,0.058556,0.011313,0.047107
KCU,51,0,1,0.140591,0.039306,0.043571
BA,51,20,2,0.057058,0.010427,0.046498
KCU,51,20,1,0.145515,0.037784,0.045948
BA,51,20,2,0.058235,0.011264,0.046834
KCU,51,20,1,0.143923,0.038001,0.050207
BA,51,20,2,0.056024,0.009906,0.045986
KCU,51,20,1,0.142726,0.03754,0.042781
BA,51,20,2,0.056263,0.003509,0.052608
KCU,51,20,1,0.144027,0.037847,0.043862
BA,51,20,2,0.069304,0.012081,0.057074
KCU,51,20,1,0.163083,0.042714,0.050108
BA,51,20,2,0.06561,0.010666,0.054798
KCU,51,20,1,0.159487,0.040227,0.049674
BA,51,20,2,0.065693,0.010951,0.054596
KCU,51,20,1,0.168674,0.042127,0.053156
BA,51,20,2,0.065737,0.010799,0.054789
KCU,51,20,1,0.161653,0.041587,0.056545
BA,51,20,2,0.064286,0.010921,0.05322
KCU,51,20,1,0.158511,0.04153,0.049452
BA,51,20,2,0.065218,0.011217,0.053854
KCU,51,20,1,0.159346,0.040782,0.049484
BA,51,20,2,0.064588,0.010858,0.053581
KCU,51,20,1,0.157918,0.042577,0.053081
BA,51,20,2,0.064918,0.01112,0.053655
KCU,51,20,1,0.15557,0.041164,0.045996
BA,51,20,2,0.063803,0.010073,0.053584
KCU,51,20,1,0.158428,0.040605,0.04891
BA,51,20,2,0.065894,0.01121,0.054543
KCU,51,20,1,0.157458,0.040358,0.049391
BA,51,20,2,0.065485,0.004832,0.06051
KCU,51,20,1,0.159372,0.039165,0.056504
BA,51,20,2,0.062741,0.010124,0.052476
KCU,51,20,1,0.152255,0.038033,0.053628
BA,51,20,2,0.064727,0.011133,0.053452
KCU,51,20,1,0.1572,0.041622,0.053091
BA,51,20,2,0.065424,0.011459,0.053823
KCU,51,20,1,0.157843,0.04069,0.048735
BA,51,20,2,0.066527,0.011677,0.054713
KCU,51,20,1,0.158449,0.040258,0.049009
BA,51,20,2,0.064694,0.010201,0.054337
KCU,51,20,1,0.15627,0.038838,0.050655
BA,51,20,2,0.062437,0.010204,0.052099
KCU,51,20,1,0.155006,0.039371,0.054339
BA,51,20,2,0.06314,0.010389,0.052613
KCU,51,20,1,0.153949,0.040966,0.052009
BA,51,20,2,0.06492,0.010934,0.053842
KCU,51,20,1,0.158986,0.04031,0.050067
BA,51,20,2,0.06362,0.010452,0.053022
KCU,51,20,1,0.159718,0.040678,0.04887
BA,51,20,2,0.063421,0.010446,0.052827
KCU,51,20,1,0.156551,0.039975,0.054544
BA,51,20,2,0.067315,0.012023,0.055145
KCU,51,20,1,0.162146,0.041421,0.057333
BA,51,20,2,0.066876,0.011808,0.054917
KCU,51,20,1,0.165486,0.042141,0.052716
BA,51,20,2,0.064521,0.010221,0.054159
KCU,51,20,1,0.163633,0.041759,0.058517
BA,51,20,2,0.063773,0.009779,0.053841
KCU,51,20,1,0.159253,0.043097,0.050192
BA,51,20,2,0.067196,0.011831,0.055218
KCU,51,20,1,0.16114,0.043984,0.053091
BA,51,40,2,0.063957,0.010685,0.053127
KCU,51,40,1,0.15995,0.039854,0.055733
BA,51,40,2,0.065758,0.011438,0.054155
KCU,51,40,1,0.166877,0.04089,0.056249
BA,51,40,2,0.067057,0.011994,0.054908
KCU,51,40,1,0.161068,0.040992,0.056561
BA,51,40,2,0.07108,0.004926,0.066011
KCU,51,40,1,0.158383,0.039368,0.056221
BA,51,40,2,0.065274,0.011004,0.054123
KCU,51,40,1,0.159734,0.042733,0.050878
BA,51,40,2,0.066723,0.011755,0.054822
KCU,51,40,1,0.160911,0.041535,0.049779
BA,51,40,2,0.067069,0.011656,0.055268
KCU,51,40,1,0.159427,0.040346,0.049686
BA,51,40,2,0.06426,0.004838,0.059285
KCU,51,40,1,0.164305,0.041702,0.053824
BA,51,40,2,0.066578,0.011878,0.054559
KCU,51,40,1,0.160034,0.041818,0.055251
BA,51,40,2,0.064662,0.003873,0.060638
KCU,51,40,1,0.158472,0.043071,0.049558
BA,51,40,2,0.068826,0.011868,0.056787
KCU,51,40,1,0.158753,0.040037,0.049462
BA,51,40,2,0.066298,0.011301,0.054855
KCU,51,40,1,0.162648,0.042929,0.056096
BA,51,40,2,0.065917,0.011453,0.0543
KCU,51,40,1,0.160237,0.043401,0.050113
BA,51,40,2,0.066628,0.011749,0.054738
KCU,51,40,1,0.160748,0.041634,0.049714
BA,51,40,2,0.065108,0.010079,0.054876
KCU,51,40,1,0.168083,0.042865,0.053423
BA,51,40,2,0.064639,0.010242,0.054247
KCU,51,40,1,0.157618,0.041147,0.049223
BA,51,40,2,0.055866,0.010333,0.045397
KCU,51,40,1,0.138612,0.035528,0.049043
BA,51,40,2,0.064091,0.010714,0.053233
KCU,51,40,1,0.157339,0.039674,0.055188
BA,51,40,2,0.064695,0.010898,0.053653
KCU,51,40,1,0.166324,0.040775,0.056631
BA,51,40,2,0.066932,0.01185,0.054915
KCU,51,40,1,0.162236,0.041511,0.057133
BA,51,40,2,0.065603,0.003999,0.061461
KCU,51,40,1,0.163863,0.042996,0.055359
BA,51,40,2,0.064673,0.010345,0.054181
KCU,51,40,1,0.165997,0.041745,0.058261
BA,51,40,2,0.064892,0.010383,0.054367
KCU,51,40,1,0.164041,0.044224,0.050284
BA,51,40,2,0.059798,0.0115,0.048137
KCU,51,40,1,0.149198,0.03748,0.052629
BA,51,40,2,0.058229,0.011346,0.046759
KCU,51,40,1,0.143779,0.038015,0.050725
BA,51,40,2,0.057398,0.010475,0.046786
KCU,51,40,1,0.148192,0.037698,0.053434
BA,51,40,2,0.057066,0.01024,0.046692
KCU,51,40,1,0.148677,0.038387,0.046455
BA,51,40,2,0.057569,0.010868,0.04657
KCU,51,40,1,0.144397,0.038372,0.050154
BA,51,40,2,0.070491,0.011914,0.058422
KCU,51,40,1,0.165192,0.042212,0.057665
BA,51,40,2,0.066589,0.011154,0.055284
KCU,51,40,1,0.166607,0.0435,0.057767
BA,51,60,2,0.064461,0.003973,0.060348
KCU,51,60,1,0.161796,0.043865,0.054163
BA,51,60,2,0.065564,0.010862,0.054566
KCU,51,60,1,0.1655,0.042824,0.050636
BA,51,60,2,0.068694,0.011672,0.056867
KCU,51,60,1,0.164466,0.042636,0.057353
BA,51,60,2,0.065241,0.010439,0.054651
KCU,51,60,1,0.163279,0.041465,0.057045
BA,51,60,2,0.066514,0.011476,0.054872
KCU,51,60,1,0.163119,0.043144,0.055454
BA,51,60,2,0.059777,0.011901,0.047733
KCU,51,60,1,0.144561,0.038036,0.050778
BA,51,60,2,0.066768,0.011745,0.05488
KCU,51,60,1,0.157215,0.039911,0.054145
BA,51,60,2,0.06619,0.011612,0.054438
KCU,51,60,1,0.162131,0.042962,0.050672
BA,51,60,2,0.071776,0.01117,0.060463
KCU,51,60,1,0.164315,0.042384,0.056776
BA,51,60,2,0.065837,0.010918,0.05478
KCU,51,60,1,0.162919,0.041618,0.049943
BA,51,60,2,0.065828,0.010847,0.054838
KCU,51,60,1,0.164553,0.041936,0.057255
BA,51,60,2,0.065351,0.010729,0.054472
KCU,51,60,1,0.162985,0.044258,0.050794
BA,51,60,2,0.066459,0.011129,0.055188
KCU,51,60,1,0.163322,0.042007,0.056448
BA,51,60,2,0.065374,0.010517,0.054707
KCU,51,60,1,0.167794,0.04145,0.060479
BA,51,60,2,0.065829,0.010955,0.054731
KCU,51,60,1,0.165064,0.041883,0.057743
BA,51,60,2,0.066103,0.011529,0.054411
KCU,51,60,1,0.166318,0.041803,0.060056
BA,51,60,2,0.06597,0.010721,0.055101
KCU,51,60,1,0.16345,0.042681,0.050336
BA,51,60,2,0.065967,0.010822,0.054984
KCU,51,60,1,0.162607,0.040646,0.050411
BA,51,60,2,0.065475,0.010749,0.054578
KCU,51,60,1,0.16202,0.044246,0.050043
BA,51,60,2,0.066592,0.011318,0.055125
KCU,51,60,1,0.165105,0.042477,0.058016
BA,51,60,2,0.065579,0.01076,0.05467
KCU,51,60,1,0.167049,0.042848,0.058284
BA,51,60,2,0.067388,0.012162,0.055071
KCU,51,60,1,0.163975,0.044772,0.05469
BA,51,60,2,0.066003,0.010952,0.054898
KCU,51,60,1,0.164402,0.041458,0.057696
BA,51,60,2,0.066365,0.011182,0.055032
KCU,51,60,1,0.167257,0.042091,0.059695
BA,51,60,2,0.065429,0.010631,0.054649
KCU,51,60,1,0.164334,0.042532,0.050971
BA,51,60,2,0.065457,0.010521,0.054795
KCU,51,60,1,0.161871,0.040971,0.050246
BA,51,60,2,0.06428,0.010538,0.053573
KCU,51,60,1,0.165212,0.041257,0.052481
BA,51,60,2,0.064289,0.010214,0.053924
KCU,51,60,1,0.164119,0.041814,0.050383
BA,51,60,2,0.065408,0.004065,0.061199
KCU,51,60,1,0.165213,0.044989,0.054761
BA,51,60,2,0.065834,0.010839,0.054841
KCU,51,60,1,0.164464,0.042734,0.056309
BA,51,80,2,0.066078,0.010927,0.055001
KCU,51,80,1,0.164308,0.044924,0.050488
BA,51,80,2,0.065715,0.011143,0.054429
KCU,51,80,1,0.164896,0.04219,0.050179
BA,51,80,2,0.065549,0.010726,0.054676
KCU,51,80,1,0.164945,0.043192,0.05663
BA,51,80,2,0.065339,0.004014,0.061175
KCU,51,80,1,0.163764,0.04171,0.050354
BA,51,80,2,0.065968,0.010822,0.055
KCU,51,80,1,0.165545,0.041901,0.057561
BA,51,80,2,0.06513,0.010292,0.054693
KCU,51,80,1,0.165497,0.041982,0.057671
BA,51,80,2,0.065435,0.010852,0.054443
KCU,51,80,1,0.170756,0.042076,0.053948
BA,51,80,2,0.065346,0.010668,0.054504
KCU,51,80,1,0.163617,0.041555,0.057255
BA,51,80,2,0.065588,0.010674,0.054761
KCU,51,80,1,0.165079,0.041908,0.058002
BA,51,80,2,0.056771,0.010348,0.046286
KCU,51,80,1,0.147386,0.038246,0.051701
BA,51,80,2,0.058734,0.011618,0.046978
KCU,51,80,1,0.144822,0.038195,0.050756
BA,51,80,2,0.057449,0.010353,0.046964
KCU,51,80,1,0.145092,0.037906,0.05023
BA,51,80,2,0.057413,0.010339,0.046938
KCU,51,80,1,0.14717,0.039745,0.050039
BA,51,80,2,0.05632,0.003681,0.0525
KCU,51,80,1,0.14361,0.038078,0.043112
BA,51,80,2,0.057701,0.010454,0.04711
KCU,51,80,1,0.145131,0.038174,0.043589
BA,51,80,2,0.056593,0.00977,0.046687
KCU,51,80,1,0.146075,0.038251,0.050549
BA,51,80,2,0.058042,0.010893,0.047007
KCU,51,80,1,0.142918,0.037572,0.043571
BA,51,80,2,0.05827,0.011529,0.046603
KCU,51,80,1,0.149398,0.040165,0.046522
BA,51,80,2,0.057134,0.010304,0.046692
KCU,51,80,1,0.14311,0.037578,0.043524
BA,51,80,2,0.056984,0.010335,0.046511
KCU,51,80,1,0.145233,0.038411,0.043662
BA,51,80,2,0.059361,0.011721,0.047501
KCU,51,80,1,0.141869,0.037614,0.043369
BA,51,80,2,0.058017,0.011221,0.046668
KCU,51,80,1,0.142821,0.038554,0.043021
BA,51,80,2,0.057457,0.011036,0.04628
KCU,51,80,1,0.14083,0.037273,0.042747
BA,51,80,2,0.057767,0.011135,0.04649
KCU,51,80,1,0.146302,0.038425,0.051307
BA,51,80,2,0.058127,0.011197,0.046787
KCU,51,80,1,0.143791,0.037976,0.043602
BA,51,80,2,0.056388,0.00964,0.046606
KCU,51,80,1,0.144615,0.037949,0.050919
BA,51,80,2,0.061112,0.009549,0.051423
KCU,51,80,1,0.139551,0.036091,0.042432
BA,51,80,2,0.055736,0.009654,0.045945
KCU,51,80,1,0.151979,0.038419,0.051342
BA,51,80,2,0.065056,0.01052,0.054388
KCU,51,80,1,0.163012,0.042593,0.050242
BA,51,80,2,0.066818,0.011667,0.055005
KCU,51,80,1,0.162684,0.044405,0.050723
BA,51,100,2,0.065256,0.005021,0.060093
KCU,51,100,1,0.164954,0.041948,0.058026
BA,51,100,2,0.067059,0.011939,0.054973
KCU,51,100,1,0.16302,0.041719,0.050204
BA,51,100,2,0.065828,0.011292,0.054389
KCU,51,100,1,0.169752,0.041602,0.05818
BA,51,100,2,0.065867,0.010782,0.054938
KCU,51,100,1,0.163582,0.041909,0.050681
BA,51,100,2,0.066696,0.012028,0.054519
KCU,51,100,1,0.162129,0.043978,0.050305
BA,51,100,2,0.067513,0.012069,0.055265
KCU,51,100,1,0.163059,0.041078,0.056654
BA,51,100,2,0.064034,0.003994,0.059905
KCU,51,100,1,0.165118,0.042953,0.057491
BA,51,100,2,0.065252,0.004079,0.061028
KCU,51,100,1,0.162498,0.042437,0.055592
BA,51,100,2,0.0645,0.004,0.060366
KCU,51,100,1,0.163932,0.041356,0.050474
BA,51,100,2,0.066394,0.011636,0.05461
KCU,51,100,1,0.16222,0.044827,0.050743
BA,51,100,2,0.066588,0.011642,0.054796
KCU,51,100,1,0.163331,0.042007,0.057076
BA,51,100,2,0.066598,0.005171,0.061279
KCU,51,100,1,0.162581,0.040899,0.057209
BA,51,100,2,0.06687,0.011877,0.054841
KCU,51,100,1,0.163425,0.042045,0.050406
BA,51,100,2,0.072325,0.01181,0.060363
KCU,51,100,1,0.163064,0.042068,0.050394
BA,51,100,2,0.066951,0.011922,0.054886
KCU,51,100,1,0.162354,0.042278,0.049876
BA,51,100,2,0.066594,0.011629,0.054821
KCU,51,100,1,0.163157,0.042196,0.049974
BA,51,100,2,0.066874,0.011949,0.054757
KCU,51,100,1,0.163098,0.043824,0.051153
BA,51,100,2,0.066378,0.01171,0.054524
KCU,51,100,1,0.163653,0.042106,0.057057
BA,51,100,2,0.066382,0.011516,0.05472
KCU,51,100,1,0.159376,0.043962,0.05001
BA,51,100,2,0.057088,0.004969,0.051975
KCU,51,100,1,0.142746,0.037603,0.049515
BA,51,100,2,0.056542,0.010552,0.045856
KCU,51,100,1,0.141669,0.037641,0.04927
BA,51,100,2,0.057341,0.010513,0.046686
KCU,51,100,1,0.139725,0.036335,0.04292
BA,51,100,2,0.057395,0.011006,0.046252
KCU,51,100,1,0.143097,0.038097,0.043328
BA,51,100,2,0.057231,0.004372,0.052717
KCU,51,100,1,0.144123,0.03783,0.044292
BA,51,100,2,0.058212,0.011221,0.046852
KCU,51,100,1,0.142066,0.037279,0.04345
BA,51,100,2,0.062986,0.009512,0.053327
KCU,51,100,1,0.155377,0.04139,0.046673
BA,51,100,2,0.065457,0.010789,0.054525
KCU,51,100,1,0.163335,0.042533,0.05678
BA,51,100,2,0.065539,0.010606,0.05476
KCU,51,100,1,0.161802,0.04016,0.050738
BA,51,100,2,0.066362,0.004182,0.062031
KCU,51,100,1,0.167164,0.042209,0.060208
BA,51,100,2,0.065524,0.010688,0.054683
KCU,51,100,1,0.164534,0.041975,0.056962
BA,61,0,2,0.091639,0.013547,0.077941
KCU,61,0,1,0.247767,0.05774,0.073324
BA,61,0,2,0.093395,0.014242,0.079008
KCU,61,0,1,0.239788,0.057254,0.071697
BA,61,0,2,0.09291,0.005312,0.087461
KCU,61,0,1,0.227667,0.057175,0.071015
BA,61,0,2,0.090895,0.003974,0.086773
KCU,61,0,1,0.23956,0.061343,0.072385
BA,61,0,2,0.101003,0.014772,0.086083
KCU,61,0,1,0.229371,0.057091,0.0721
BA,61,0,2,0.091963,0.005267,0.086551
KCU,61,0,1,0.230104,0.060798,0.076775
BA,61,0,2,0.092267,0.013883,0.078236
KCU,61,0,1,0.239249,0.057662,0.072171
BA,61,0,2,0.093718,0.014999,0.078571
KCU,61,0,1,0.240465,0.05694,0.072855
BA,61,0,2,0.093884,0.014908,0.078808
KCU,61,0,1,0.230243,0.057452,0.073161
BA,61,0,2,0.091273,0.004008,0.087118
KCU,61,0,1,0.239163,0.057341,0.071281
BA,61,0,2,0.089566,0.012541,0.076877
KCU,61,0,1,0.234877,0.054741,0.081307
BA,61,0,2,0.093615,0.014828,0.078639
KCU,61,0,1,0.239013,0.058098,0.071517
BA,61,0,2,0.092129,0.01444,0.077541
KCU,61,0,1,0.23146,0.058269,0.072531
BA,61,0,2,0.09272,0.014059,0.078518
KCU,61,0,1,0.226559,0.056422,0.070737
BA,61,0,2,0.093033,0.013774,0.07911
KCU,61,0,1,0.230465,0.057432,0.081466
BA,61,0,2,0.091753,0.014485,0.077125
KCU,61,0,1,0.226759,0.057321,0.071045
BA,61,0,2,0.094317,0.01552,0.078654
KCU,61,0,1,0.246739,0.057451,0.076063
BA,61,0,2,0.093901,0.015183,0.078571
KCU,61,0,1,0.244969,0.059666,0.082353
BA,61,0,2,0.094286,0.015519,0.078622
KCU,61,0,1,0.225126,0.054508,0.072927
BA,61,0,2,0.094336,0.015583,0.07858
KCU,61,0,1,0.237675,0.057671,0.072029
BA,61,0,2,0.092914,0.014363,0.078402
KCU,61,0,1,0.240358,0.057454,0.082128
BA,61,0,2,0.093922,0.015131,0.078641
KCU,61,0,1,0.241221,0.056954,0.082416
BA,61,0,2,0.095205,0.015748,0.079311
KCU,61,0,1,0.231645,0.058774,0.081406
BA,61,0,2,0.092262,0.005702,0.086418
KCU,61,0,1,0.23136,0.057583,0.082019
BA,61,0,2,0.093986,0.015152,0.078688
KCU,61,0,1,0.232314,0.056981,0.082597
BA,61,0,2,0.096253,0.016696,0.079411
KCU,61,0,1,0.235961,0.061114,0.070752
BA,61,0,2,0.09332,0.015194,0.077984
KCU,61,0,1,0.238772,0.056812,0.071995
BA,61,0,2,0.095006,0.015115,0.079742
KCU,61,0,1,0.229198,0.057001,0.071959
BA,61,0,2,0.092731,0.015024,0.077556
KCU,61,0,1,0.226599,0.056342,0.079805
BA,61,0,2,0.092179,0.014023,0.078009
KCU,61,0,1,0.235346,0.060996,0.071863
BA,61,20,2,0.092484,0.014077,0.078233
KCU,61,20,1,0.234662,0.061035,0.077437
BA,61,20,2,0.091521,0.013484,0.077892
KCU,61,20,1,0.23137,0.06096,0.07764
BA,61,20,2,0.093999,0.014697,0.079156
KCU,61,20,1,0.241126,0.058223,0.081902
BA,61,20,2,0.092407,0.01483,0.077427
KCU,61,20,1,0.226943,0.055517,0.081459
BA,61,20,2,0.090031,0.012718,0.077166
KCU,61,20,1,0.225497,0.055367,0.070777
BA,61,20,2,0.092573,0.014833,0.077589
KCU,61,20,1,0.233662,0.055066,0.070972
BA,61,20,2,0.093021,0.015629,0.077245
KCU,61,20,1,0.239283,0.056575,0.071574
BA,61,20,2,0.091787,0.013534,0.07811
KCU,61,20,1,0.228218,0.056471,0.070709
BA,61,20,2,0.092989,0.014042,0.078789
KCU,61,20,1,0.241471,0.058198,0.0855
BA,61,20,2,0.088212,0.005119,0.082954
KCU,61,20,1,0.224522,0.057395,0.071239
BA,61,20,2,0.092232,0.014759,0.077326
KCU,61,20,1,0.224447,0.056345,0.07077
BA,61,20,2,0.091208,0.013147,0.077897
KCU,61,20,1,0.23849,0.054913,0.081531
BA,61,20,2,0.08928,0.012533,0.076599
KCU,61,20,1,0.236272,0.05475,0.079374
BA,61,20,2,0.099458,0.015496,0.083818
KCU,61,20,1,0.249903,0.059734,0.074647
BA,61,20,2,0.103912,0.01561,0.088158
KCU,61,20,1,0.228052,0.056611,0.072192
BA,61,20,2,0.080643,0.013366,0.067138
KCU,61,20,1,0.211297,0.05138,0.062744
BA,61,20,2,0.082598,0.014684,0.06777
KCU,61,20,1,0.205954,0.052787,0.073154
BA,61,20,2,0.091949,0.013642,0.078154
KCU,61,20,1,0.23033,0.061531,0.072866
BA,61,20,2,0.093037,0.005588,0.087291
KCU,61,20,1,0.23136,0.058337,0.072209
BA,61,20,2,0.094938,0.015077,0.079705
KCU,61,20,1,0.230137,0.058356,0.07227
BA,61,20,2,0.088694,0.012344,0.076208
KCU,61,20,1,0.235454,0.058934,0.071315
BA,61,20,2,0.09462,0.015801,0.078665
KCU,61,20,1,0.245699,0.05986,0.075804
BA,61,20,2,0.093094,0.01395,0.079005
KCU,61,20,1,0.239942,0.061482,0.072746
BA,61,20,2,0.09321,0.01388,0.079176
KCU,61,20,1,0.234834,0.058542,0.081471
BA,61,20,2,0.092114,0.013445,0.078535
KCU,61,20,1,0.232423,0.057748,0.072608
BA,61,20,2,0.092354,0.01389,0.078325
KCU,61,20,1,0.24255,0.058192,0.072226
BA,61,20,2,0.092088,0.01357,0.078365
KCU,61,20,1,0.244456,0.058286,0.082392
BA,61,20,2,0.093969,0.014825,0.078991
KCU,61,20,1,0.230323,0.058675,0.072268
BA,61,20,2,0.094469,0.015381,0.078939
KCU,61,20,1,0.248856,0.057808,0.085097
BA,61,20,2,0.092055,0.013863,0.078048
KCU,61,20,1,0.231893,0.057193,0.082409
BA,61,40,2,0.094942,0.015563,0.079227
KCU,61,40,1,0.230666,0.058016,0.072794
BA,61,40,2,0.094112,0.015317,0.078652
KCU,61,40,1,0.235031,0.058194,0.07611
BA,61,40,2,0.092615,0.014063,0.078406
KCU,61,40,1,0.238213,0.057281,0.085961
BA,61,40,2,0.090835,0.01383,0.076851
KCU,61,40,1,0.237188,0.056568,0.080993
BA,61,40,2,0.093048,0.015276,0.077622
KCU,61,40,1,0.232449,0.056463,0.070558
BA,61,40,2,0.099905,0.014699,0.085057
KCU,61,40,1,0.224824,0.055211,0.071591
BA,61,40,2,0.09215,0.014793,0.077215
KCU,61,40,1,0.237575,0.057352,0.081085
BA,61,40,2,0.091966,0.014502,0.077321
KCU,61,40,1,0.241677,0.057609,0.081803
BA,61,40,2,0.092818,0.015545,0.07713
KCU,61,40,1,0.233242,0.056319,0.074292
BA,61,40,2,0.094046,0.01523,0.07866
KCU,61,40,1,0.238358,0.060864,0.067785
BA,61,40,2,0.093005,0.005494,0.087369
KCU,61,40,1,0.236719,0.058514,0.082613
BA,61,40,2,0.088959,0.013506,0.07531
KCU,61,40,1,0.230711,0.057917,0.070994
BA,61,40,2,0.094487,0.015781,0.078544
KCU,61,40,1,0.229744,0.05756,0.071622
BA,61,40,2,0.101462,0.014877,0.086433
KCU,61,40,1,0.229609,0.056994,0.081301
BA,61,40,2,0.092169,0.005632,0.086398
KCU,61,40,1,0.230482,0.0549,0.070308
BA,61,40,2,0.092412,0.015238,0.077024
KCU,61,40,1,0.233839,0.060852,0.075081
BA,61,40,2,0.093282,0.014187,0.078947
KCU,61,40,1,0.241856,0.05757,0.082994
BA,61,40,2,0.090247,0.013785,0.076319
KCU,61,40,1,0.22984,0.054361,0.078458
BA,61,40,2,0.090084,0.013784,0.076155
KCU,61,40,1,0.220529,0.054084,0.07014
BA,61,40,2,0.090114,0.01382,0.076154
KCU,61,40,1,0.221516,0.054268,0.070696
BA,61,40,2,0.090048,0.013682,0.076205
KCU,61,40,1,0.227611,0.053976,0.069674
BA,61,40,2,0.089535,0.013607,0.075786
KCU,61,40,1,0.229946,0.054641,0.070281
BA,61,40,2,0.090604,0.014037,0.076422
KCU,61,40,1,0.233152,0.057308,0.074796
BA,61,40,2,0.088121,0.003884,0.084098
KCU,61,40,1,0.232468,0.055391,0.07079
BA,61,40,2,0.092438,0.005308,0.086987
KCU,61,40,1,0.224026,0.05599,0.07054
BA,61,40,2,0.089678,0.005375,0.084156
KCU,61,40,1,0.224963,0.0565,0.078618
BA,61,40,2,0.093492,0.015212,0.078135
KCU,61,40,1,0.22544,0.05645,0.070806
BA,61,40,2,0.091562,0.014284,0.077137
KCU,61,40,1,0.233685,0.054779,0.071164
BA,61,40,2,0.089716,0.013532,0.076042
KCU,61,40,1,0.223425,0.058939,0.066662
BA,61,40,2,0.090951,0.013154,0.077653
KCU,61,40,1,0.234937,0.05533,0.071609
BA,61,60,2,0.097149,0.012577,0.084434
KCU,61,60,1,0.222814,0.054879,0.079095
BA,61,60,2,0.093797,0.015304,0.078297
KCU,61,60,1,0.228621,0.05734,0.07132
BA,61,60,2,0.088822,0.005163,0.083521
KCU,61,60,1,0.230232,0.058078,0.06674
BA,61,60,2,0.077514,0.01195,0.065431
KCU,61,60,1,0.203299,0.049037,0.060658
BA,61,60,2,0.077232,0.011936,0.065162
KCU,61,60,1,0.204014,0.049874,0.059868
BA,61,60,2,0.078429,0.012404,0.065883
KCU,61,60,1,0.197354,0.050441,0.059754
BA,61,60,2,0.079421,0.013598,0.065691
KCU,61,60,1,0.20307,0.049402,0.060543
BA,61,60,2,0.075619,0.003432,0.072053
KCU,61,60,1,0.207132,0.049665,0.069388
BA,61,60,2,0.078918,0.0125,0.066282
KCU,61,60,1,0.206027,0.049071,0.068834
BA,61,60,2,0.078577,0.013142,0.065299
KCU,61,60,1,0.196471,0.049064,0.069521
BA,61,60,2,0.079441,0.014048,0.065243
KCU,61,60,1,0.195487,0.049283,0.061067
BA,61,60,2,0.078139,0.013064,0.064946
KCU,61,60,1,0.197466,0.050659,0.060792
BA,61,60,2,0.078156,0.01296,0.065058
KCU,61,60,1,0.191596,0.04771,0.05948
BA,61,60,2,0.082812,0.014893,0.067776
KCU,61,60,1,0.209036,0.051654,0.061213
BA,61,60,2,0.077441,0.011766,0.065542
KCU,61,60,1,0.207317,0.050556,0.061154
BA,61,60,2,0.079868,0.012677,0.067042
KCU,61,60,1,0.204919,0.053717,0.064656
BA,61,60,2,0.082027,0.014798,0.067102
KCU,61,60,1,0.218073,0.051151,0.074741
BA,61,60,2,0.07862,0.013541,0.064937
KCU,61,60,1,0.204762,0.053056,0.060243
BA,61,60,2,0.079954,0.013691,0.06613
KCU,61,60,1,0.194521,0.048799,0.068098
BA,61,60,2,0.080207,0.014129,0.065943
KCU,61,60,1,0.196554,0.049608,0.062222
BA,61,60,2,0.079458,0.00512,0.074203
KCU,61,60,1,0.204939,0.050185,0.070028
BA,61,60,2,0.078332,0.004894,0.073298
KCU,61,60,1,0.200724,0.050839,0.062125
BA,61,60,2,0.081579,0.015288,0.066156
KCU,61,60,1,0.208895,0.049736,0.070984
BA,61,60,2,0.080416,0.005401,0.074851
KCU,61,60,1,0.207985,0.051829,0.070692
BA,61,60,2,0.081685,0.015155,0.066392
KCU,61,60,1,0.20958,0.050248,0.070635
BA,61,60,2,0.080554,0.013455,0.066966
KCU,61,60,1,0.199462,0.05273,0.061492
BA,61,60,2,0.07983,0.013778,0.06591
KCU,61,60,1,0.204406,0.052324,0.073122
BA,61,60,2,0.077456,0.004487,0.072842
KCU,61,60,1,0.208223,0.051437,0.061225
BA,61,60,2,0.083003,0.015458,0.067408
KCU,61,60,1,0.210991,0.052995,0.068835
BA,61,60,2,0.080451,0.013832,0.066484
KCU,61,60,1,0.202073,0.052024,0.071816
BA,61,80,2,0.081396,0.014239,0.06702
KCU,61,80,1,0.20344,0.05232,0.063149
BA,61,80,2,0.08056,0.013558,0.066862
KCU,61,80,1,0.210433,0.05075,0.061997
BA,61,80,2,0.092016,0.013606,0.078265
KCU,61,80,1,0.241123,0.057641,0.085728
BA,61,80,2,0.092353,0.013595,0.078615
KCU,61,80,1,0.229461,0.057131,0.07182
BA,61,80,2,0.089876,0.012327,0.077384
KCU,61,80,1,0.240135,0.056586,0.071931
BA,61,80,2,0.090689,0.01421,0.07633
KCU,61,80,1,0.232629,0.056171,0.070806
BA,61,80,2,0.093447,0.015334,0.077961
KCU,61,80,1,0.240443,0.054495,0.083915
BA,61,80,2,0.093298,0.014961,0.078192
KCU,61,80,1,0.221102,0.05444,0.078699
BA,61,80,2,0.091484,0.014206,0.077138
KCU,61,80,1,0.22352,0.055339,0.071251
BA,61,80,2,0.088751,0.003724,0.084891
KCU,61,80,1,0.2307,0.054912,0.069996
BA,61,80,2,0.090476,0.013839,0.076504
KCU,61,80,1,0.238658,0.056867,0.081804
BA,61,80,2,0.089868,0.01275,0.076979
KCU,61,80,1,0.230838,0.054971,0.070244
BA,61,80,2,0.090235,0.013799,0.076301
KCU,61,80,1,0.231406,0.055093,0.083953
BA,61,80,2,0.091641,0.014064,0.077437
KCU,61,80,1,0.244848,0.056285,0.084233
BA,61,80,2,0.093638,0.015025,0.078473
KCU,61,80,1,0.230382,0.0582,0.080923
BA,61,80,2,0.094184,0.0153,0.07871
KCU,61,80,1,0.228997,0.058312,0.071349
BA,61,80,2,0.093881,0.015851,0.077889
KCU,61,80,1,0.23823,0.056935,0.07162
BA,61,80,2,0.092055,0.01436,0.077555
KCU,61,80,1,0.235914,0.05687,0.071111
BA,61,80,2,0.094158,0.015286,0.078727
KCU,61,80,1,0.242289,0.057964,0.082365
BA,61,80,2,0.092382,0.013935,0.078296
KCU,61,80,1,0.238429,0.060662,0.067026
BA,61,80,2,0.092766,0.013944,0.078675
KCU,61,80,1,0.22368,0.059498,0.070108
BA,61,80,2,0.089266,0.013668,0.075461
KCU,61,80,1,0.21784,0.056176,0.069369
BA,61,80,2,0.087462,0.012114,0.075206
KCU,61,80,1,0.221429,0.055373,0.076505
BA,61,80,2,0.092001,0.013741,0.078118
KCU,61,80,1,0.238144,0.056964,0.071378
BA,61,80,2,0.090631,0.013306,0.077186
KCU,61,80,1,0.241125,0.057203,0.072136
BA,61,80,2,0.091511,0.004038,0.087342
KCU,61,80,1,0.237053,0.055915,0.072596
BA,61,80,2,0.091604,0.013793,0.077665
KCU,61,80,1,0.226924,0.057725,0.078796
BA,61,80,2,0.091054,0.014111,0.076811
KCU,61,80,1,0.23942,0.061918,0.072365
BA,61,80,2,0.102638,0.015524,0.086969
KCU,61,80,1,0.22677,0.059314,0.071168
BA,61,80,2,0.093592,0.014959,0.07849
KCU,61,80,1,0.240238,0.057533,0.080828
BA,61,100,2,0.092055,0.014158,0.077749
KCU,61,100,1,0.227322,0.057251,0.071715
BA,61,100,2,0.080039,0.01377,0.066137
KCU,61,100,1,0.21224,0.05147,0.072118
BA,61,100,2,0.080167,0.013341,0.066686
KCU,61,100,1,0.198386,0.049338,0.06935
BA,61,100,2,0.079456,0.012622,0.066695
KCU,61,100,1,0.212811,0.052968,0.063311
BA,61,100,2,0.078358,0.012023,0.066195
KCU,61,100,1,0.212599,0.050536,0.072013
BA,61,100,2,0.092097,0.014439,0.077514
KCU,61,100,1,0.229751,0.057377,0.081032
BA,61,100,2,0.092607,0.014166,0.078299
KCU,61,100,1,0.224546,0.055674,0.070586
BA,61,100,2,0.087947,0.003831,0.083978
KCU,61,100,1,0.22488,0.058556,0.070611
BA,61,100,2,0.080664,0.003852,0.076684
KCU,61,100,1,0.216102,0.049454,0.070633
BA,61,100,2,0.085685,0.011222,0.074333
KCU,61,100,1,0.227809,0.052982,0.069262
BA,61,100,2,0.090333,0.013414,0.076782
KCU,61,100,1,0.238264,0.05585,0.073419
BA,61,100,2,0.092126,0.01375,0.078237
KCU,61,100,1,0.241499,0.060544,0.077188
BA,61,100,2,0.09162,0.014278,0.077176
KCU,61,100,1,0.236318,0.054777,0.07983
BA,61,100,2,0.0798,0.012932,0.066723
KCU,61,100,1,0.197022,0.053418,0.060757
BA,61,100,2,0.07793,0.012203,0.06559
KCU,61,100,1,0.208683,0.051413,0.060997
BA,61,100,2,0.081839,0.014649,0.067046
KCU,61,100,1,0.202473,0.052631,0.062496
BA,61,100,2,0.079931,0.012897,0.066895
KCU,61,100,1,0.21402,0.053433,0.071356
BA,61,100,2,0.079124,0.013213,0.065766
KCU,61,100,1,0.206387,0.049481,0.069266
BA,61,100,2,0.077543,0.011898,0.065508
KCU,61,100,1,0.205499,0.049264,0.067946
BA,61,100,2,0.08039,0.013345,0.066909
KCU,61,100,1,0.205002,0.052224,0.071565
BA,61,100,2,0.081151,0.01384,0.067177
KCU,61,100,1,0.215141,0.052668,0.072141
BA,61,100,2,0.079354,0.013156,0.066067
KCU,61,100,1,0.213094,0.051365,0.071718
BA,61,100,2,0.077961,0.012428,0.065404
KCU,61,100,1,0.20526,0.049534,0.068197
BA,61,100,2,0.078178,0.012116,0.065924
KCU,61,100,1,0.209722,0.051194,0.060865
BA,61,100,2,0.08019,0.003707,0.076317
KCU,61,100,1,0.210789,0.05068,0.061288
BA,61,100,2,0.080462,0.013263,0.067054
KCU,61,100,1,0.214371,0.051116,0.072389
BA,61,100,2,0.079738,0.013248,0.066358
KCU,61,100,1,0.215198,0.051613,0.072775
BA,61,100,2,0.079696,0.012818,0.066749
KCU,61,100,1,0.21318,0.052473,0.062858
BA,61,100,2,0.079308,0.013074,0.066092
KCU,61,100,1,0.204788,0.052014,0.062035
BA,61,100,2,0.079908,0.013049,0.066726
KCU,61,100,1,0.209248,0.052824,0.06637
BA,71,0,2,0.106184,0.016072,0.089976
KCU,71,0,1,0.293063,0.066849,0.098213
BA,71,0,2,0.106414,0.016092,0.090192
KCU,71,0,1,0.284639,0.067651,0.084664
BA,71,0,2,0.106062,0.016283,0.089625
KCU,71,0,1,0.286372,0.066716,0.096994
BA,71,0,2,0.105367,0.015863,0.089365
KCU,71,0,1,0.285597,0.067627,0.097803
BA,71,0,2,0.106833,0.016527,0.090164
KCU,71,0,1,0.27891,0.067447,0.097583
BA,71,0,2,0.105955,0.015561,0.090233
KCU,71,0,1,0.288693,0.067966,0.081468
BA,71,0,2,0.106613,0.016226,0.090253
KCU,71,0,1,0.276,0.065142,0.096261
BA,71,0,2,0.103794,0.014251,0.089407
KCU,71,0,1,0.268298,0.064218,0.093456
BA,71,0,2,0.103542,0.014138,0.089277
KCU,71,0,1,0.286746,0.06916,0.092738
BA,71,0,2,0.103186,0.015044,0.088019
KCU,71,0,1,0.267786,0.064686,0.081531
BA,71,0,2,0.105777,0.016293,0.089351
KCU,71,0,1,0.283533,0.066921,0.083572
BA,71,0,2,0.100247,0.013291,0.086818
KCU,71,0,1,0.270216,0.067934,0.088192
BA,71,0,2,0.103469,0.003636,0.099694
KCU,71,0,1,0.265677,0.067316,0.092243
BA,71,0,2,0.105251,0.015712,0.089413
KCU,71,0,1,0.284708,0.069652,0.084811
BA,71,0,2,0.106741,0.016742,0.089866
KCU,71,0,1,0.281085,0.071284,0.083245
BA,71,0,2,0.10532,0.015744,0.08944
KCU,71,0,1,0.285648,0.06957,0.085513
BA,71,0,2,0.106562,0.015777,0.090623
KCU,71,0,1,0.284459,0.067554,0.084658
BA,71,0,2,0.104091,0.015826,0.088131
KCU,71,0,1,0.270039,0.064844,0.094357
BA,71,0,2,0.105236,0.014982,0.090119
KCU,71,0,1,0.267219,0.064235,0.081632
BA,71,0,2,0.103541,0.014076,0.089342
KCU,71,0,1,0.270496,0.066813,0.09489
BA,71,0,2,0.106478,0.01625,0.09009
KCU,71,0,1,0.28625,0.067566,0.083827
BA,71,0,2,0.108209,0.016363,0.091709
KCU,71,0,1,0.29461,0.067219,0.101047
BA,71,0,2,0.104508,0.014982,0.089394
KCU,71,0,1,0.289142,0.067538,0.096354
BA,71,0,2,0.10606,0.016181,0.089747
KCU,71,0,1,0.288521,0.069226,0.083061
BA,71,0,2,0.106429,0.015645,0.090648
KCU,71,0,1,0.287967,0.067133,0.101774
BA,71,0,2,0.107924,0.016251,0.09154
KCU,71,0,1,0.286648,0.066551,0.082997
BA,71,0,2,0.106145,0.015556,0.090453
KCU,71,0,1,0.289131,0.068535,0.093845
BA,71,0,2,0.106509,0.016391,0.089968
KCU,71,0,1,0.290457,0.073836,0.090947
BA,71,0,2,0.107055,0.015704,0.091213
KCU,71,0,1,0.29142,0.068459,0.096539
BA,71,0,2,0.108457,0.016465,0.091848
KCU,71,0,1,0.288473,0.066665,0.085328
BA,71,20,2,0.106854,0.016109,0.090608
KCU,71,20,1,0.291167,0.069133,0.096149
BA,71,20,2,0.108421,0.016732,0.091548
KCU,71,20,1,0.284347,0.066756,0.082971
BA,71,20,2,0.107229,0.016413,0.090681
KCU,71,20,1,0.297035,0.068572,0.10049
BA,71,20,2,0.107273,0.015938,0.091204
KCU,71,20,1,0.272846,0.066969,0.084253
BA,71,20,2,0.108942,0.018088,0.090717
KCU,71,20,1,0.292442,0.06888,0.097634
BA,71,20,2,0.117308,0.016007,0.10116
KCU,71,20,1,0.282052,0.068039,0.097823
BA,71,20,2,0.108266,0.016816,0.091306
KCU,71,20,1,0.288344,0.071719,0.083954
BA,71,20,2,0.107808,0.016473,0.091202
KCU,71,20,1,0.292018,0.066399,0.098907
BA,71,20,2,0.107754,0.016696,0.090886
KCU,71,20,1,0.292356,0.071707,0.092215
BA,71,20,2,0.107063,0.01621,0.090709
KCU,71,20,1,0.278862,0.068373,0.101712
BA,71,20,2,0.107703,0.01688,0.090683
KCU,71,20,1,0.287311,0.067853,0.101276
BA,71,20,2,0.106642,0.016209,0.090283
KCU,71,20,1,0.289039,0.06821,0.083701
BA,71,20,2,0.107749,0.016569,0.091044
KCU,71,20,1,0.282746,0.070424,0.085332
BA,71,20,2,0.107484,0.016528,0.090814
KCU,71,20,1,0.287562,0.06709,0.096285
BA,71,20,2,0.105801,0.015957,0.089712
KCU,71,20,1,0.27274,0.068445,0.083486
BA,71,20,2,0.106897,0.016079,0.090676
KCU,71,20,1,0.289069,0.067869,0.084926
BA,71,20,2,0.107437,0.016474,0.090819
KCU,71,20,1,0.276396,0.068333,0.096497
BA,71,20,2,0.108306,0.017788,0.090373
KCU,71,20,1,0.285395,0.071171,0.084026
BA,71,20,2,0.107274,0.016128,0.091003
KCU,71,20,1,0.270263,0.067647,0.096076
BA,71,20,2,0.109219,0.018229,0.090791
KCU,71,20,1,0.28048,0.072707,0.082897
BA,71,20,2,0.11013,0.018392,0.091609
KCU,71,20,1,0.281848,0.067241,0.083172
BA,71,20,2,0.115841,0.017744,0.097955
KCU,71,20,1,0.321679,0.075149,0.109461
BA,71,20,2,0.122816,0.016792,0.105878
KCU,71,20,1,0.320689,0.07412,0.110537
BA,71,20,2,0.120423,0.015931,0.104349
KCU,71,20,1,0.325986,0.079999,0.098051
BA,71,20,2,0.120935,0.016536,0.104254
KCU,71,20,1,0.327353,0.075474,0.096451
BA,71,20,2,0.107433,0.016202,0.091097
KCU,71,20,1,0.285731,0.067303,0.094896
BA,71,20,2,0.105752,0.016109,0.089506
KCU,71,20,1,0.275148,0.067175,0.083465
BA,71,20,2,0.10722,0.016635,0.090461
KCU,71,20,1,0.286848,0.067532,0.083646
BA,71,20,2,0.121599,0.016437,0.105025
KCU,71,20,1,0.32653,0.076071,0.09588
BA,71,20,2,0.121849,0.016582,0.105118
KCU,71,20,1,0.32522,0.073823,0.098297
BA,71,40,2,0.104147,0.003615,0.100409
KCU,71,40,1,0.274665,0.06779,0.088063
BA,71,40,2,0.100219,0.013576,0.086513
KCU,71,40,1,0.272028,0.064476,0.081571
BA,71,40,2,0.105062,0.015274,0.089654
KCU,71,40,1,0.287544,0.067025,0.097936
BA,71,40,2,0.124214,0.018147,0.105909
KCU,71,40,1,0.312669,0.076338,0.109626
BA,71,40,2,0.117964,0.015118,0.1027
KCU,71,40,1,0.314768,0.072313,0.106805
BA,71,40,2,0.104663,0.015162,0.089364
KCU,71,40,1,0.279563,0.066271,0.081523
BA,71,40,2,0.102542,0.014004,0.088392
KCU,71,40,1,0.275138,0.063922,0.083505
BA,71,40,2,0.123136,0.016901,0.106094
KCU,71,40,1,0.321305,0.078655,0.103894
BA,71,40,2,0.12144,0.016556,0.10474
KCU,71,40,1,0.321817,0.078835,0.102813
BA,71,40,2,0.108356,0.016865,0.09135
KCU,71,40,1,0.289109,0.066901,0.094591
BA,71,40,2,0.106549,0.015883,0.090533
KCU,71,40,1,0.291125,0.067739,0.096966
BA,71,40,2,0.105387,0.003731,0.101516
KCU,71,40,1,0.263035,0.061876,0.082027
BA,71,40,2,0.099922,0.013666,0.086123
KCU,71,40,1,0.267733,0.062742,0.078949
BA,71,40,2,0.103281,0.015252,0.087888
KCU,71,40,1,0.274503,0.062132,0.093452
BA,71,40,2,0.099851,0.013882,0.08584
KCU,71,40,1,0.278977,0.068728,0.08202
BA,71,40,2,0.12125,0.016695,0.104413
KCU,71,40,1,0.311493,0.073534,0.096557
BA,71,40,2,0.107965,0.016664,0.091167
KCU,71,40,1,0.28781,0.072198,0.083473
BA,71,40,2,0.106381,0.016097,0.090157
KCU,71,40,1,0.276423,0.067017,0.095728
BA,71,40,2,0.107222,0.01647,0.090617
KCU,71,40,1,0.289619,0.068265,0.084129
BA,71,40,2,0.105618,0.015808,0.08966
KCU,71,40,1,0.28626,0.067574,0.090151
BA,71,40,2,0.097199,0.012326,0.084753
KCU,71,40,1,0.265103,0.064811,0.079837
BA,71,40,2,0.104741,0.01669,0.087922
KCU,71,40,1,0.274826,0.063744,0.082817
BA,71,40,2,0.10596,0.015372,0.090465
KCU,71,40,1,0.280411,0.065809,0.082352
BA,71,40,2,0.104204,0.015297,0.08877
KCU,71,40,1,0.287063,0.07001,0.083563
BA,71,40,2,0.106691,0.016412,0.09013
KCU,71,40,1,0.291206,0.068676,0.08429
BA,71,40,2,0.106091,0.015698,0.090265
KCU,71,40,1,0.285724,0.067724,0.08335
BA,71,40,2,0.106128,0.015879,0.090118
KCU,71,40,1,0.287711,0.06728,0.085648
BA,71,40,2,0.107306,0.01662,0.090549
KCU,71,40,1,0.271745,0.072387,0.083796
BA,71,40,2,0.107246,0.015956,0.091126
KCU,71,40,1,0.285425,0.067206,0.08425
BA,71,40,2,0.107328,0.016212,0.090981
KCU,71,40,1,0.285614,0.067305,0.083889
BA,71,60,2,0.107174,0.016284,0.090758
KCU,71,60,1,0.286243,0.069475,0.083262
BA,71,60,2,0.107164,0.016253,0.090777
KCU,71,60,1,0.288095,0.068057,0.084829
BA,71,60,2,0.10691,0.016366,0.090402
KCU,71,60,1,0.275195,0.069162,0.095194
BA,71,60,2,0.117389,0.016022,0.101221
KCU,71,60,1,0.274055,0.073154,0.090665
BA,71,60,2,0.107792,0.016329,0.091324
KCU,71,60,1,0.296043,0.066801,0.090684
BA,71,60,2,0.104684,0.00371,0.100835
KCU,71,60,1,0.285173,0.072154,0.090851
BA,71,60,2,0.105348,0.01557,0.089644
KCU,71,60,1,0.28746,0.069991,0.09635
BA,71,60,2,0.106534,0.016199,0.090197
KCU,71,60,1,0.289354,0.068832,0.098203
BA,71,60,2,0.105764,0.015994,0.089637
KCU,71,60,1,0.281962,0.066333,0.094381
BA,71,60,2,0.115881,0.015195,0.100531
KCU,71,60,1,0.271752,0.067108,0.08386
BA,71,60,2,0.108177,0.016236,0.0918
KCU,71,60,1,0.276058,0.069358,0.095789
BA,71,60,2,0.10612,0.016046,0.089938
KCU,71,60,1,0.277388,0.067444,0.087794
BA,71,60,2,0.10642,0.015793,0.090485
KCU,71,60,1,0.2853,0.073274,0.083887
BA,71,60,2,0.107843,0.016529,0.091189
KCU,71,60,1,0.28763,0.067048,0.097135
BA,71,60,2,0.108963,0.016417,0.092407
KCU,71,60,1,0.273793,0.068332,0.08441
BA,71,60,2,0.107888,0.016676,0.091068
KCU,71,60,1,0.287348,0.067789,0.084121
BA,71,60,2,0.107071,0.016056,0.090877
KCU,71,60,1,0.291849,0.067801,0.097395
BA,71,60,2,0.121675,0.016595,0.104938
KCU,71,60,1,0.324447,0.075444,0.097627
BA,71,60,2,0.12239,0.01687,0.10537
KCU,71,60,1,0.311502,0.074974,0.096693
BA,71,60,2,0.122768,0.016772,0.105852
KCU,71,60,1,0.309643,0.075597,0.096601
BA,71,60,2,0.10792,0.016702,0.09107
KCU,71,60,1,0.274379,0.068098,0.084111
BA,71,60,2,0.108773,0.017294,0.091335
KCU,71,60,1,0.286488,0.067446,0.084746
BA,71,60,2,0.108064,0.017922,0.09001
KCU,71,60,1,0.271361,0.067904,0.096106
BA,71,60,2,0.10566,0.015903,0.089618
KCU,71,60,1,0.269554,0.066772,0.085106
BA,71,60,2,0.108995,0.017995,0.090857
KCU,71,60,1,0.263843,0.066899,0.082333
BA,71,60,2,0.110823,0.018163,0.092523
KCU,71,60,1,0.272526,0.069432,0.096114
BA,71,60,2,0.10208,0.015623,0.086328
KCU,71,60,1,0.264872,0.063495,0.079629
BA,71,60,2,0.102423,0.0155,0.086804
KCU,71,60,1,0.281697,0.068012,0.101998
BA,71,60,2,0.106993,0.016051,0.090803
KCU,71,60,1,0.270569,0.068489,0.084555
BA,71,60,2,0.108572,0.017658,0.090768
KCU,71,60,1,0.266473,0.066474,0.084324
BA,71,80,2,0.106145,0.015981,0.090029
KCU,71,80,1,0.272051,0.06271,0.092571
BA,71,80,2,0.106214,0.016114,0.089932
KCU,71,80,1,0.277642,0.064651,0.094955
BA,71,80,2,0.103598,0.014742,0.088722
KCU,71,80,1,0.2792,0.06624,0.084618
BA,71,80,2,0.108198,0.017759,0.090295
KCU,71,80,1,0.287049,0.068549,0.095553
BA,71,80,2,0.10373,0.015386,0.08821
KCU,71,80,1,0.278148,0.066038,0.097211
BA,71,80,2,0.10359,0.015197,0.088263
KCU,71,80,1,0.265967,0.062272,0.091063
BA,71,80,2,0.105601,0.015936,0.089526
KCU,71,80,1,0.282804,0.069187,0.083908
BA,71,80,2,0.106039,0.016172,0.08973
KCU,71,80,1,0.285317,0.068807,0.096329
BA,71,80,2,0.106392,0.015938,0.090307
KCU,71,80,1,0.28052,0.068094,0.08258
BA,71,80,2,0.10569,0.00353,0.102021
KCU,71,80,1,0.280251,0.067624,0.083582
BA,71,80,2,0.109022,0.018528,0.090356
KCU,71,80,1,0.279007,0.07277,0.083439
BA,71,80,2,0.108421,0.01773,0.090554
KCU,71,80,1,0.284095,0.073287,0.083452
BA,71,80,2,0.106999,0.016054,0.090783
KCU,71,80,1,0.284598,0.067223,0.097771
BA,71,80,2,0.10792,0.017792,0.089994
KCU,71,80,1,0.28324,0.068168,0.084097
BA,71,80,2,0.107896,0.017727,0.090033
KCU,71,80,1,0.281317,0.067342,0.083123
BA,71,80,2,0.107604,0.015997,0.091472
KCU,71,80,1,0.28116,0.068577,0.083034
BA,71,80,2,0.108423,0.017237,0.091041
KCU,71,80,1,0.282242,0.066574,0.095456
BA,71,80,2,0.106852,0.016685,0.090036
KCU,71,80,1,0.273679,0.076301,0.084751
BA,71,80,2,0.107197,0.016179,0.09089
KCU,71,80,1,0.287663,0.06719,0.096104
BA,71,80,2,0.104821,0.016414,0.088276
KCU,71,80,1,0.267329,0.061326,0.079685
BA,71,80,2,0.107373,0.016026,0.091214
KCU,71,80,1,0.28397,0.069974,0.090312
BA,71,80,2,0.10543,0.015505,0.089797
KCU,71,80,1,0.272009,0.067094,0.094472
BA,71,80,2,0.107089,0.016903,0.090041
KCU,71,80,1,0.285654,0.067056,0.082779
BA,71,80,2,0.107151,0.016254,0.090718
KCU,71,80,1,0.288147,0.066561,0.095584
BA,71,80,2,0.105855,0.016104,0.08961
KCU,71,80,1,0.276035,0.072168,0.083904
BA,71,80,2,0.106345,0.015949,0.090266
KCU,71,80,1,0.273884,0.06888,0.083127
BA,71,80,2,0.107163,0.016034,0.090996
KCU,71,80,1,0.273532,0.066935,0.082897
BA,71,80,2,0.104982,0.003498,0.101351
KCU,71,80,1,0.290436,0.067597,0.096424
BA,71,80,2,0.105713,0.015821,0.089753
KCU,71,80,1,0.277535,0.067862,0.0972
BA,71,80,2,0.105166,0.015588,0.089444
KCU,71,80,1,0.289036,0.07242,0.084531
BA,71,100,2,0.104908,0.015656,0.089121
KCU,71,100,1,0.272624,0.065763,0.085018
BA,71,100,2,0.105642,0.015955,0.089549
KCU,71,100,1,0.277829,0.067846,0.084366
BA,71,100,2,0.105952,0.016147,0.089667
KCU,71,100,1,0.273978,0.068291,0.084913
BA,71,100,2,0.107717,0.016721,0.090844
KCU,71,100,1,0.277921,0.067962,0.097611
BA,71,100,2,0.107303,0.016534,0.09062
KCU,71,100,1,0.290395,0.067679,0.095258
BA,71,100,2,0.104969,0.014948,0.08989
KCU,71,100,1,0.275669,0.068189,0.094782
BA,71,100,2,0.105678,0.01593,0.089614
KCU,71,100,1,0.27712,0.067955,0.084427
BA,71,100,2,0.10581,0.01584,0.089832
KCU,71,100,1,0.276407,0.067176,0.09648
BA,71,100,2,0.122897,0.01708,0.105673
KCU,71,100,1,0.324716,0.075384,0.096045
BA,71,100,2,0.122269,0.016802,0.105324
KCU,71,100,1,0.315933,0.076002,0.109733
BA,71,100,2,0.10788,0.01662,0.091126
KCU,71,100,1,0.276695,0.068797,0.083755
BA,71,100,2,0.106613,0.003804,0.102668
KCU,71,100,1,0.282537,0.068027,0.088927
BA,71,100,2,0.107896,0.016739,0.091023
KCU,71,100,1,0.286453,0.066343,0.084174
BA,71,100,2,0.109069,0.017236,0.091694
KCU,71,100,1,0.275557,0.069883,0.083328
BA,71,100,2,0.108685,0.01688,0.091665
KCU,71,100,1,0.276873,0.067882,0.083686
BA,71,100,2,0.108447,0.016819,0.091477
KCU,71,100,1,0.287925,0.068475,0.083359
BA,71,100,2,0.104598,0.015931,0.088535
KCU,71,100,1,0.275038,0.064397,0.080392
BA,71,100,2,0.104209,0.014965,0.08911
KCU,71,100,1,0.278609,0.069757,0.075785
BA,71,100,2,0.105684,0.016125,0.089425
KCU,71,100,1,0.280274,0.064988,0.081542
BA,71,100,2,0.103465,0.015352,0.087978
KCU,71,100,1,0.281707,0.064349,0.093535
BA,71,100,2,0.103285,0.01515,0.088006
KCU,71,100,1,0.275183,0.064976,0.082013
BA,71,100,2,0.102515,0.01481,0.087574
KCU,71,100,1,0.28438,0.067025,0.094959
BA,71,100,2,0.102781,0.01482,0.087823
KCU,71,100,1,0.28182,0.066156,0.092572
BA,71,100,2,0.104279,0.015452,0.088705
KCU,71,100,1,0.27434,0.066072,0.096151
BA,71,100,2,0.105717,0.015459,0.090122
KCU,71,100,1,0.289155,0.066154,0.097128
BA,71,100,2,0.12221,0.017264,0.104789
KCU,71,100,1,0.32155,0.073276,0.096242
BA,71,100,2,0.103483,0.00341,0.099948
KCU,71,100,1,0.275263,0.067296,0.083052
BA,71,100,2,0.105681,0.015646,0.089907
KCU,71,100,1,0.285612,0.067949,0.083476
BA,71,100,2,0.1052,0.015673,0.089395
KCU,71,100,1,0.285215,0.066707,0.0842
BA,71,100,2,0.106064,0.016202,0.089729
KCU,71,100,1,0.275056,0.066198,0.095563
BA,81,0,2,0.134065,0.018389,0.11555
KCU,81,0,1,0.363552,0.084672,0.110351
BA,81,0,2,0.15368,0.018159,0.135373
KCU,81,0,1,0.391341,0.090846,0.137901
BA,81,0,2,0.133059,0.018023,0.114901
KCU,81,0,1,0.358419,0.083614,0.120077
BA,81,0,2,0.131596,0.01654,0.114917
KCU,81,0,1,0.343639,0.081639,0.108286
BA,81,0,2,0.133344,0.018142,0.115063
KCU,81,0,1,0.356067,0.081214,0.106005
BA,81,0,2,0.135972,0.020119,0.11572
KCU,81,0,1,0.355981,0.081731,0.120208
BA,81,0,2,0.13639,0.020442,0.115807
KCU,81,0,1,0.351726,0.08172,0.108268
BA,81,0,2,0.134703,0.017231,0.117328
KCU,81,0,1,0.344081,0.083008,0.107594
BA,81,0,2,0.153008,0.018482,0.134382
KCU,81,0,1,0.407003,0.093112,0.137778
BA,81,0,2,0.134427,0.017797,0.116498
KCU,81,0,1,0.342636,0.082627,0.106704
BA,81,0,2,0.134066,0.017528,0.116395
KCU,81,0,1,0.346662,0.082324,0.123124
BA,81,0,2,0.133839,0.017627,0.116061
KCU,81,0,1,0.358731,0.083591,0.106174
BA,81,0,2,0.152714,0.018282,0.134289
KCU,81,0,1,0.40567,0.091315,0.124074
BA,81,0,2,0.13345,0.018241,0.115035
KCU,81,0,1,0.383298,0.086872,0.115343
BA,81,0,2,0.153444,0.018823,0.134489
KCU,81,0,1,0.39002,0.097044,0.12267
BA,81,0,2,0.136165,0.018524,0.117504
KCU,81,0,1,0.343789,0.082042,0.107319
BA,81,0,2,0.13428,0.017722,0.116419
KCU,81,0,1,0.346642,0.08678,0.118464
BA,81,0,2,0.135134,0.018429,0.116565
KCU,81,0,1,0.359024,0.082362,0.106248
BA,81,0,2,0.134504,0.017933,0.116428
KCU,81,0,1,0.355685,0.082136,0.105232
BA,81,0,2,0.156136,0.01914,0.136853
KCU,81,0,1,0.391962,0.093172,0.120941
BA,81,0,2,0.134912,0.018503,0.116257
KCU,81,0,1,0.3452,0.082491,0.108142
BA,81,0,2,0.133385,0.017402,0.115847
KCU,81,0,1,0.343386,0.083105,0.119101
BA,81,0,2,0.13365,0.018286,0.115235
KCU,81,0,1,0.344264,0.086143,0.106209
BA,81,0,2,0.153609,0.018708,0.134753
KCU,81,0,1,0.409207,0.091413,0.139858
BA,81,0,2,0.135169,0.018811,0.116196
KCU,81,0,1,0.345549,0.083209,0.106939
BA,81,0,2,0.134717,0.017738,0.116836
KCU,81,0,1,0.360978,0.082562,0.106637
BA,81,0,2,0.133177,0.017703,0.115336
KCU,81,0,1,0.360384,0.081651,0.121486
BA,81,0,2,0.151822,0.003799,0.147883
KCU,81,0,1,0.392974,0.097641,0.124523
BA,81,0,2,0.13637,0.019921,0.116298
KCU,81,0,1,0.362533,0.085016,0.121763
BA,81,0,2,0.133679,0.017716,0.115827
KCU,81,0,1,0.348921,0.083537,0.126935
BA,81,20,2,0.134739,0.018362,0.116236
KCU,81,20,1,0.358658,0.083499,0.119473
BA,81,20,2,0.135282,0.018636,0.116515
KCU,81,20,1,0.370375,0.086515,0.122059
BA,81,20,2,0.136734,0.018109,0.11848
KCU,81,20,1,0.362955,0.082908,0.106971
BA,81,20,2,0.133392,0.018255,0.115006
KCU,81,20,1,0.359336,0.082211,0.105766
BA,81,20,2,0.15571,0.019407,0.136168
KCU,81,20,1,0.399386,0.094738,0.120252
BA,81,20,2,0.134123,0.017812,0.116135
KCU,81,20,1,0.346969,0.083106,0.122308
BA,81,20,2,0.13604,0.018282,0.117619
KCU,81,20,1,0.344266,0.088407,0.106992
BA,81,20,2,0.134248,0.018286,0.115828
KCU,81,20,1,0.343384,0.08801,0.106016
BA,81,20,2,0.134708,0.018312,0.116255
KCU,81,20,1,0.379083,0.087289,0.116294
BA,81,20,2,0.153706,0.018559,0.134999
KCU,81,20,1,0.407415,0.091366,0.144962
BA,81,20,2,0.134853,0.018291,0.116425
KCU,81,20,1,0.346154,0.083707,0.111961
BA,81,20,2,0.134219,0.017032,0.11705
KCU,81,20,1,0.357314,0.083785,0.119269
BA,81,20,2,0.132793,0.017293,0.115355
KCU,81,20,1,0.360782,0.083351,0.120253
BA,81,20,2,0.135834,0.018706,0.11699
KCU,81,20,1,0.344705,0.081818,0.121583
BA,81,20,2,0.132442,0.017614,0.114697
KCU,81,20,1,0.355736,0.087364,0.106709
BA,81,20,2,0.136566,0.018378,0.118059
KCU,81,20,1,0.358294,0.086976,0.107017
BA,81,20,2,0.133362,0.0176,0.115608
KCU,81,20,1,0.360058,0.09033,0.113315
BA,81,20,2,0.134004,0.018122,0.11575
KCU,81,20,1,0.360337,0.081648,0.12293
BA,81,20,2,0.134853,0.018308,0.116405
KCU,81,20,1,0.356281,0.083102,0.105959
BA,81,20,2,0.132836,0.017956,0.114745
KCU,81,20,1,0.357822,0.085552,0.105074
BA,81,20,2,0.132504,0.017578,0.114787
KCU,81,20,1,0.34352,0.084099,0.119684
BA,81,20,2,0.130907,0.016874,0.113903
KCU,81,20,1,0.350792,0.080842,0.104331
BA,81,20,2,0.135012,0.018133,0.11674
KCU,81,20,1,0.354553,0.081143,0.106552
BA,81,20,2,0.13404,0.018013,0.115891
KCU,81,20,1,0.358252,0.088895,0.106869
BA,81,20,2,0.131365,0.016857,0.114362
KCU,81,20,1,0.339398,0.088606,0.106676
BA,81,20,2,0.132636,0.017444,0.11506
KCU,81,20,1,0.354823,0.082818,0.111983
BA,81,20,2,0.132112,0.017127,0.114843
KCU,81,20,1,0.359851,0.082889,0.121193
BA,81,20,2,0.129817,0.017012,0.112645
KCU,81,20,1,0.338538,0.075585,0.114195
BA,81,20,2,0.134116,0.018196,0.115782
KCU,81,20,1,0.344891,0.081902,0.121446
BA,81,20,2,0.135931,0.018215,0.117576
KCU,81,20,1,0.355679,0.081065,0.105562
BA,81,40,2,0.124582,0.003242,0.121218
KCU,81,40,1,0.327592,0.079084,0.102595
BA,81,40,2,0.132359,0.017683,0.114541
KCU,81,40,1,0.343268,0.07661,0.117135
BA,81,40,2,0.135493,0.018337,0.117023
KCU,81,40,1,0.360028,0.086058,0.118732
BA,81,40,2,0.133078,0.018003,0.114939
KCU,81,40,1,0.359792,0.084191,0.119477
BA,81,40,2,0.13444,0.01827,0.116022
KCU,81,40,1,0.343179,0.087348,0.106981
BA,81,40,2,0.135265,0.018941,0.116184
KCU,81,40,1,0.359632,0.081391,0.121776
BA,81,40,2,0.133346,0.017792,0.11541
KCU,81,40,1,0.361596,0.082112,0.120229
BA,81,40,2,0.143916,0.003668,0.140113
KCU,81,40,1,0.346252,0.08327,0.108483
BA,81,40,2,0.128422,0.01568,0.112597
KCU,81,40,1,0.34375,0.076158,0.105141
BA,81,40,2,0.130481,0.01876,0.111586
KCU,81,40,1,0.334259,0.079861,0.105764
BA,81,40,2,0.133403,0.017628,0.115638
KCU,81,40,1,0.346025,0.08282,0.105843
BA,81,40,2,0.128884,0.015458,0.113286
KCU,81,40,1,0.338924,0.078839,0.100989
BA,81,40,2,0.127914,0.01598,0.111801
KCU,81,40,1,0.325156,0.076395,0.11465
BA,81,40,2,0.126866,0.015757,0.110975
KCU,81,40,1,0.338871,0.078699,0.102349
BA,81,40,2,0.126842,0.015549,0.111159
KCU,81,40,1,0.339024,0.076524,0.114185
BA,81,40,2,0.129255,0.015611,0.11351
KCU,81,40,1,0.336125,0.079122,0.109668
BA,81,40,2,0.12858,0.016501,0.11194
KCU,81,40,1,0.339963,0.076731,0.105092
BA,81,40,2,0.134513,0.018721,0.115657
KCU,81,40,1,0.347882,0.077342,0.105796
BA,81,40,2,0.126143,0.015498,0.110517
KCU,81,40,1,0.340474,0.077816,0.114519
BA,81,40,2,0.136846,0.014851,0.121867
KCU,81,40,1,0.334274,0.075073,0.118189
BA,81,40,2,0.126918,0.01595,0.110838
KCU,81,40,1,0.322387,0.076873,0.101177
BA,81,40,2,0.125436,0.015324,0.109972
KCU,81,40,1,0.334864,0.074948,0.101328
BA,81,40,2,0.126042,0.015559,0.110345
KCU,81,40,1,0.346948,0.076491,0.10716
BA,81,40,2,0.128156,0.015999,0.112019
KCU,81,40,1,0.34831,0.076711,0.118923
BA,81,40,2,0.126962,0.015464,0.11136
KCU,81,40,1,0.337989,0.079641,0.101541
BA,81,40,2,0.126903,0.015659,0.111109
KCU,81,40,1,0.338226,0.076378,0.114518
BA,81,40,2,0.130097,0.015736,0.114222
KCU,81,40,1,0.327433,0.076587,0.114036
BA,81,40,2,0.128426,0.016529,0.111768
KCU,81,40,1,0.340458,0.076392,0.116516
BA,81,40,2,0.129326,0.005491,0.123709
KCU,81,40,1,0.333077,0.079848,0.101928
BA,81,40,2,0.128752,0.01617,0.11244
KCU,81,40,1,0.338285,0.077395,0.10448
BA,81,60,2,0.130019,0.017152,0.112722
KCU,81,60,1,0.337818,0.083268,0.103418
BA,81,60,2,0.131668,0.018879,0.11265
KCU,81,60,1,0.33774,0.08084,0.111498
BA,81,60,2,0.129979,0.017998,0.111851
KCU,81,60,1,0.329043,0.081347,0.103957
BA,81,60,2,0.127872,0.005448,0.122285
KCU,81,60,1,0.345134,0.079736,0.121023
BA,81,60,2,0.130183,0.017207,0.112834
KCU,81,60,1,0.331063,0.077945,0.115207
BA,81,60,2,0.126122,0.015443,0.110545
KCU,81,60,1,0.326623,0.076417,0.114165
BA,81,60,2,0.129142,0.016599,0.112414
KCU,81,60,1,0.343499,0.078039,0.115806
BA,81,60,2,0.130826,0.016656,0.114036
KCU,81,60,1,0.34371,0.079981,0.10286
BA,81,60,2,0.129105,0.016093,0.112878
KCU,81,60,1,0.340715,0.076082,0.102352
BA,81,60,2,0.126909,0.015581,0.111175
KCU,81,60,1,0.34115,0.078264,0.114355
BA,81,60,2,0.128321,0.01601,0.112179
KCU,81,60,1,0.344993,0.079488,0.114835
BA,81,60,2,0.128381,0.016276,0.111972
KCU,81,60,1,0.345806,0.08148,0.114214
BA,81,60,2,0.127959,0.015678,0.11215
KCU,81,60,1,0.342939,0.083592,0.103821
BA,81,60,2,0.132626,0.017847,0.114639
KCU,81,60,1,0.353559,0.081206,0.117253
BA,81,60,2,0.131475,0.017167,0.114173
KCU,81,60,1,0.321985,0.082831,0.099677
BA,81,60,2,0.124055,0.015033,0.108885
KCU,81,60,1,0.34746,0.077868,0.123951
BA,81,60,2,0.127153,0.003327,0.123693
KCU,81,60,1,0.369954,0.088469,0.122883
BA,81,60,2,0.151333,0.01814,0.133015
KCU,81,60,1,0.385925,0.088737,0.12202
BA,81,60,2,0.131309,0.016746,0.114433
KCU,81,60,1,0.338346,0.08279,0.103911
BA,81,60,2,0.131329,0.017265,0.113919
KCU,81,60,1,0.353326,0.079375,0.118598
BA,81,60,2,0.148824,0.01768,0.131003
KCU,81,60,1,0.39841,0.087922,0.134728
BA,81,60,2,0.150889,0.017978,0.132752
KCU,81,60,1,0.385837,0.091488,0.13348
BA,81,60,2,0.133361,0.016566,0.116664
KCU,81,60,1,0.352807,0.079453,0.118684
BA,81,60,2,0.12762,0.015128,0.112348
KCU,81,60,1,0.337727,0.082218,0.104007
BA,81,60,2,0.132763,0.017436,0.115189
KCU,81,60,1,0.350303,0.078859,0.119906
BA,81,60,2,0.130808,0.017489,0.113184
KCU,81,60,1,0.336386,0.079155,0.118401
BA,81,60,2,0.132644,0.017959,0.114544
KCU,81,60,1,0.354077,0.082281,0.118247
BA,81,60,2,0.130076,0.016772,0.113164
KCU,81,60,1,0.340871,0.078711,0.110672
BA,81,60,2,0.131624,0.017571,0.11389
KCU,81,60,1,0.34667,0.075734,0.118042
BA,81,60,2,0.131,0.01674,0.114122
KCU,81,60,1,0.337494,0.081509,0.11742
BA,81,80,2,0.129606,0.003509,0.125954
KCU,81,80,1,0.335657,0.074711,0.113042
BA,81,80,2,0.130274,0.016798,0.113339
KCU,81,80,1,0.353752,0.08144,0.118898
BA,81,80,2,0.132687,0.017098,0.115442
KCU,81,80,1,0.353542,0.080735,0.126043
BA,81,80,2,0.130761,0.016812,0.11381
KCU,81,80,1,0.350619,0.081481,0.104521
BA,81,80,2,0.127711,0.015896,0.111684
KCU,81,80,1,0.33251,0.081392,0.104172
BA,81,80,2,0.129974,0.016844,0.112999
KCU,81,80,1,0.336058,0.081672,0.106015
BA,81,80,2,0.132721,0.018008,0.114568
KCU,81,80,1,0.338113,0.079126,0.105509
BA,81,80,2,0.132188,0.01664,0.115403
KCU,81,80,1,0.344448,0.07791,0.102626
BA,81,80,2,0.150591,0.003942,0.146501
KCU,81,80,1,0.401947,0.094744,0.122023
BA,81,80,2,0.133096,0.01667,0.116267
KCU,81,80,1,0.348001,0.080409,0.10327
BA,81,80,2,0.133174,0.018301,0.114735
KCU,81,80,1,0.35257,0.087951,0.104785
BA,81,80,2,0.132041,0.016943,0.114964
KCU,81,80,1,0.350074,0.080239,0.105265
BA,81,80,2,0.131866,0.017648,0.114077
KCU,81,80,1,0.338199,0.080626,0.119308
BA,81,80,2,0.154035,0.019495,0.134397
KCU,81,80,1,0.398909,0.095361,0.138686
BA,81,80,2,0.154142,0.018644,0.135354
KCU,81,80,1,0.392516,0.09167,0.124473
BA,81,80,2,0.13418,0.017986,0.116052
KCU,81,80,1,0.338645,0.078874,0.120159
BA,81,80,2,0.147492,0.017807,0.129546
KCU,81,80,1,0.341841,0.088111,0.106462
BA,81,80,2,0.134499,0.018156,0.116206
KCU,81,80,1,0.349168,0.083785,0.105532
BA,81,80,2,0.130723,0.01575,0.114836
KCU,81,80,1,0.357541,0.086471,0.112616
BA,81,80,2,0.133977,0.017864,0.115974
KCU,81,80,1,0.355103,0.084771,0.104349
BA,81,80,2,0.133341,0.017549,0.115628
KCU,81,80,1,0.340296,0.080934,0.105728
BA,81,80,2,0.130467,0.003529,0.126797
KCU,81,80,1,0.357156,0.083011,0.106798
BA,81,80,2,0.132913,0.017154,0.115616
KCU,81,80,1,0.356449,0.086165,0.114556
BA,81,80,2,0.133467,0.017986,0.115341
KCU,81,80,1,0.355891,0.082051,0.10646
BA,81,80,2,0.132535,0.017564,0.114842
KCU,81,80,1,0.369096,0.083753,0.127025
BA,81,80,2,0.153692,0.018436,0.135109
KCU,81,80,1,0.400924,0.097243,0.128466
BA,81,80,2,0.132852,0.017767,0.114947
KCU,81,80,1,0.356465,0.081321,0.119809
BA,81,80,2,0.153733,0.018471,0.135122
KCU,81,80,1,0.407861,0.094235,0.136372
BA,81,80,2,0.132525,0.017269,0.115127
KCU,81,80,1,0.354715,0.082322,0.105215
BA,81,80,2,0.133026,0.017462,0.115424
KCU,81,80,1,0.340758,0.082517,0.105029
BA,81,100,2,0.133323,0.017729,0.115448
KCU,81,100,1,0.358077,0.082508,0.119835
BA,81,100,2,0.134213,0.018631,0.115437
KCU,81,100,1,0.358971,0.081099,0.121036
BA,81,100,2,0.132092,0.017331,0.114621
KCU,81,100,1,0.352544,0.079572,0.106231
BA,81,100,2,0.152467,0.018407,0.133909
KCU,81,100,1,0.402566,0.090591,0.135121
BA,81,100,2,0.133427,0.017735,0.115554
KCU,81,100,1,0.359754,0.087498,0.106973
BA,81,100,2,0.132001,0.016764,0.115094
KCU,81,100,1,0.343336,0.082131,0.119877
BA,81,100,2,0.133859,0.017801,0.115914
KCU,81,100,1,0.346242,0.08302,0.116982
BA,81,100,2,0.133058,0.01756,0.115361
KCU,81,100,1,0.358451,0.081676,0.106164
BA,81,100,2,0.133325,0.017891,0.115291
KCU,81,100,1,0.361408,0.082082,0.120625
BA,81,100,2,0.133052,0.017816,0.115092
KCU,81,100,1,0.357031,0.080515,0.12
BA,81,100,2,0.133849,0.017201,0.116508
KCU,81,100,1,0.357843,0.081724,0.106858
BA,81,100,2,0.134214,0.017843,0.116237
KCU,81,100,1,0.342714,0.083184,0.105562
BA,81,100,2,0.132865,0.017355,0.11535
KCU,81,100,1,0.358843,0.081886,0.118656
BA,81,100,2,0.132983,0.016948,0.115896
KCU,81,100,1,0.354567,0.080892,0.105897
BA,81,100,2,0.128025,0.015956,0.111932
KCU,81,100,1,0.3302,0.076965,0.114732
BA,81,100,2,0.126344,0.015155,0.111057
KCU,81,100,1,0.324285,0.076996,0.112155
BA,81,100,2,0.129027,0.016037,0.112852
KCU,81,100,1,0.339581,0.076879,0.114117
BA,81,100,2,0.126156,0.015508,0.110514
KCU,81,100,1,0.339587,0.077708,0.102135
BA,81,100,2,0.124979,0.003271,0.121581
KCU,81,100,1,0.337484,0.075662,0.112467
BA,81,100,2,0.147951,0.01724,0.130565
KCU,81,100,1,0.391885,0.092207,0.118929
BA,81,100,2,0.12824,0.015924,0.112182
KCU,81,100,1,0.33903,0.080517,0.104298
BA,81,100,2,0.147877,0.017597,0.130135
KCU,81,100,1,0.391771,0.087226,0.119811
BA,81,100,2,0.127505,0.016082,0.111295
KCU,81,100,1,0.339173,0.076271,0.102083
BA,81,100,2,0.126456,0.015651,0.110655
KCU,81,100,1,0.341999,0.076748,0.116154
BA,81,100,2,0.127067,0.015549,0.111389
KCU,81,100,1,0.34008,0.08133,0.108437
BA,81,100,2,0.128751,0.01679,0.111822
KCU,81,100,1,0.336835,0.077874,0.100646
BA,81,100,2,0.13026,0.016576,0.113549
KCU,81,100,1,0.343241,0.079487,0.101944
BA,81,100,2,0.128899,0.016385,0.112379
KCU,81,100,1,0.34174,0.080599,0.109532
BA,81,100,2,0.128951,0.016149,0.112672
KCU,81,100,1,0.33121,0.078267,0.10388
BA,81,100,2,0.129368,0.016962,0.112275
KCU,81,100,1,0.339771,0.077503,0.113486
BA,91,0,2,0.162294,0.019894,0.142267
KCU,91,0,1,0.43248,0.095864,0.132069
BA,91,0,2,0.161563,0.019933,0.141498
KCU,91,0,1,0.420206,0.095889,0.12985
BA,91,0,2,0.156721,0.017803,0.13878
KCU,91,0,1,0.422173,0.094148,0.129068
BA,91,0,2,0.16072,0.019103,0.141481
KCU,91,0,1,0.429416,0.096977,0.145768
BA,91,0,2,0.161491,0.018755,0.142598
KCU,91,0,1,0.408954,0.095264,0.127342
BA,91,0,2,0.159033,0.01838,0.140516
KCU,91,0,1,0.427006,0.09477,0.127968
BA,91,0,2,0.160402,0.019602,0.140663
KCU,91,0,1,0.428961,0.098597,0.12924
BA,91,0,2,0.161299,0.019137,0.142022
KCU,91,0,1,0.442155,0.098152,0.148632
BA,91,0,2,0.156456,0.018489,0.137834
KCU,91,0,1,0.42832,0.093592,0.127571
BA,91,0,2,0.164162,0.019683,0.144337
KCU,91,0,1,0.444043,0.097049,0.147205
BA,91,0,2,0.161,0.018389,0.142482
KCU,91,0,1,0.427336,0.098794,0.146936
BA,91,0,2,0.157181,0.018535,0.138511
KCU,91,0,1,0.43556,0.098713,0.146209
BA,91,0,2,0.163286,0.019309,0.143846
KCU,91,0,1,0.438446,0.096746,0.13166
BA,91,0,2,0.161673,0.018965,0.142573
KCU,91,0,1,0.422719,0.097707,0.130905
BA,91,0,2,0.161555,0.019454,0.14196
KCU,91,0,1,0.435676,0.096769,0.129263
BA,91,0,2,0.187815,0.020614,0.167057
KCU,91,0,1,0.483271,0.105121,0.143325
BA,91,0,2,0.161619,0.019312,0.142178
KCU,91,0,1,0.434991,0.095603,0.130671
BA,91,0,2,0.16236,0.019822,0.142413
KCU,91,0,1,0.436719,0.095214,0.133106
BA,91,0,2,0.186388,0.02059,0.165659
KCU,91,0,1,0.499592,0.108422,0.154306
BA,91,0,2,0.165136,0.020234,0.144769
KCU,91,0,1,0.436151,0.097526,0.129368
BA,91,0,2,0.188123,0.020741,0.167241
KCU,91,0,1,0.499958,0.110817,0.151168
BA,91,0,2,0.16382,0.020092,0.143574
KCU,91,0,1,0.438903,0.104905,0.133402
BA,91,0,2,0.160341,0.018703,0.141507
KCU,91,0,1,0.443564,0.102034,0.130621
BA,91,0,2,0.162277,0.019441,0.142697
KCU,91,0,1,0.438187,0.097133,0.129891
BA,91,0,2,0.16259,0.020022,0.142422
KCU,91,0,1,0.441091,0.098572,0.146643
BA,91,0,2,0.161626,0.019213,0.14228
KCU,91,0,1,0.435331,0.097324,0.128995
BA,91,0,2,0.163985,0.020613,0.143239
KCU,91,0,1,0.433597,0.098008,0.129031
BA,91,0,2,0.161424,0.019505,0.14179
KCU,91,0,1,0.40737,0.092137,0.140665
BA,91,0,2,0.160497,0.019213,0.14115
KCU,91,0,1,0.432798,0.095234,0.145455
BA,91,0,2,0.154172,0.017637,0.136406
KCU,91,0,1,0.415542,0.089871,0.142063
BA,91,20,2,0.157743,0.018521,0.139094
KCU,91,20,1,0.420342,0.09342,0.126295
BA,91,20,2,0.171549,0.019986,0.151431
KCU,91,20,1,0.501493,0.109984,0.151014
BA,91,20,2,0.190521,0.021528,0.168807
KCU,91,20,1,0.495639,0.113924,0.145976
BA,91,20,2,0.164052,0.019948,0.14397
KCU,91,20,1,0.442182,0.099072,0.147558
BA,91,20,2,0.163653,0.020159,0.143356
KCU,91,20,1,0.444015,0.098147,0.150521
BA,91,20,2,0.165478,0.020173,0.145169
KCU,91,20,1,0.417345,0.093075,0.124824
BA,91,20,2,0.163762,0.019093,0.144535
KCU,91,20,1,0.449326,0.098554,0.155268
BA,91,20,2,0.163719,0.020248,0.143336
KCU,91,20,1,0.435662,0.098127,0.143084
BA,91,20,2,0.160073,0.018429,0.141512
KCU,91,20,1,0.454401,0.099845,0.153413
BA,91,20,2,0.160717,0.019293,0.1413
KCU,91,20,1,0.442229,0.09978,0.131752
BA,91,20,2,0.157333,0.018926,0.138276
KCU,91,20,1,0.439901,0.098034,0.147748
BA,91,20,2,0.161602,0.019317,0.142154
KCU,91,20,1,0.440297,0.097441,0.133571
BA,91,20,2,0.162713,0.019847,0.142723
KCU,91,20,1,0.443887,0.102288,0.131572
BA,91,20,2,0.163934,0.019725,0.144048
KCU,91,20,1,0.439628,0.101788,0.130331
BA,91,20,2,0.163797,0.020345,0.143326
KCU,91,20,1,0.44748,0.102297,0.14857
BA,91,20,2,0.190086,0.021791,0.16815
KCU,91,20,1,0.472644,0.107149,0.141544
BA,91,20,2,0.187162,0.02042,0.166605
KCU,91,20,1,0.488714,0.108078,0.16293
BA,91,20,2,0.16334,0.019583,0.143635
KCU,91,20,1,0.446591,0.103409,0.146912
BA,91,20,2,0.158079,0.018696,0.139245
KCU,91,20,1,0.440062,0.098018,0.129601
BA,91,20,2,0.162309,0.019718,0.142457
KCU,91,20,1,0.439949,0.097826,0.132914
BA,91,20,2,0.163638,0.019367,0.144144
KCU,91,20,1,0.445158,0.099381,0.147424
BA,91,20,2,0.166081,0.020171,0.145774
KCU,91,20,1,0.4392,0.101051,0.130475
BA,91,20,2,0.157044,0.018167,0.138749
KCU,91,20,1,0.433101,0.096937,0.129531
BA,91,20,2,0.160145,0.017835,0.142177
KCU,91,20,1,0.437669,0.098909,0.13759
BA,91,20,2,0.187817,0.02087,0.166775
KCU,91,20,1,0.469134,0.102768,0.155643
BA,91,20,2,0.164698,0.02036,0.144205
KCU,91,20,1,0.445015,0.099149,0.132884
BA,91,20,2,0.162411,0.019396,0.142891
KCU,91,20,1,0.444545,0.099939,0.13318
BA,91,20,2,0.163887,0.020582,0.143166
KCU,91,20,1,0.421035,0.098748,0.130213
BA,91,20,2,0.1575,0.017931,0.139441
KCU,91,20,1,0.419818,0.092264,0.125628
BA,91,20,2,0.154288,0.017046,0.137111
KCU,91,20,1,0.411267,0.090599,0.123348
BA,91,40,2,0.158112,0.018051,0.139927
KCU,91,40,1,0.422029,0.093455,0.127393
BA,91,40,2,0.158365,0.018491,0.139746
KCU,91,40,1,0.423405,0.093524,0.127579
BA,91,40,2,0.158437,0.018693,0.139613
KCU,91,40,1,0.425297,0.094094,0.127756
BA,91,40,2,0.157773,0.017755,0.139891
KCU,91,40,1,0.426824,0.09366,0.142859
BA,91,40,2,0.156022,0.017818,0.138075
KCU,91,40,1,0.406,0.088908,0.123327
BA,91,40,2,0.151186,0.016642,0.134382
KCU,91,40,1,0.405109,0.088809,0.122926
BA,91,40,2,0.15903,0.018227,0.140673
KCU,91,40,1,0.421328,0.093211,0.127155
BA,91,40,2,0.158809,0.01821,0.140467
KCU,91,40,1,0.42222,0.092971,0.127951
BA,91,40,2,0.159597,0.019937,0.139521
KCU,91,40,1,0.412059,0.091249,0.124542
BA,91,40,2,0.161267,0.020039,0.14109
KCU,91,40,1,0.426753,0.094613,0.127828
BA,91,40,2,0.158883,0.018617,0.140131
KCU,91,40,1,0.423125,0.093159,0.126984
BA,91,40,2,0.160604,0.019351,0.141116
KCU,91,40,1,0.425393,0.095159,0.128796
BA,91,40,2,0.160789,0.019705,0.14095
KCU,91,40,1,0.426987,0.094863,0.128122
BA,91,40,2,0.155781,0.017612,0.138045
KCU,91,40,1,0.425011,0.093615,0.142913
BA,91,40,2,0.159904,0.018414,0.141356
KCU,91,40,1,0.430413,0.095462,0.142868
BA,91,40,2,0.159584,0.019432,0.140002
KCU,91,40,1,0.430708,0.096723,0.127474
BA,91,40,2,0.155458,0.01702,0.1383
KCU,91,40,1,0.417495,0.094186,0.145529
BA,91,40,2,0.18862,0.0214,0.167096
KCU,91,40,1,0.488863,0.110062,0.161519
BA,91,40,2,0.158113,0.017857,0.140141
KCU,91,40,1,0.437617,0.09599,0.147283
BA,91,40,2,0.164098,0.021045,0.142928
KCU,91,40,1,0.435709,0.097224,0.131487
BA,91,40,2,0.154856,0.017477,0.137255
KCU,91,40,1,0.431082,0.095113,0.145917
BA,91,40,2,0.189134,0.020918,0.168071
KCU,91,40,1,0.495942,0.110472,0.163436
BA,91,40,2,0.173066,0.018659,0.154273
KCU,91,40,1,0.416186,0.098637,0.141412
BA,91,40,2,0.162217,0.019093,0.143006
KCU,91,40,1,0.440956,0.098521,0.146488
BA,91,40,2,0.162091,0.019409,0.142549
KCU,91,40,1,0.441749,0.099504,0.147092
BA,91,40,2,0.160014,0.018816,0.141073
KCU,91,40,1,0.440004,0.096957,0.128527
BA,91,40,2,0.161763,0.019049,0.142586
KCU,91,40,1,0.443632,0.100776,0.131085
BA,91,40,2,0.161214,0.018991,0.142077
KCU,91,40,1,0.437606,0.09907,0.129752
BA,91,40,2,0.163695,0.019993,0.143566
KCU,91,40,1,0.455022,0.098069,0.139086
BA,91,40,2,0.163902,0.019757,0.14401
KCU,91,40,1,0.473011,0.104144,0.164034
BA,91,60,2,0.188798,0.020613,0.168055
KCU,91,60,1,0.468553,0.10307,0.15685
BA,91,60,2,0.163625,0.01875,0.144753
KCU,91,60,1,0.429258,0.098014,0.147945
BA,91,60,2,0.163451,0.019225,0.144102
KCU,91,60,1,0.441655,0.096729,0.13204
BA,91,60,2,0.166659,0.021573,0.144941
KCU,91,60,1,0.444904,0.100367,0.146078
BA,91,60,2,0.162965,0.019546,0.143274
KCU,91,60,1,0.443157,0.098817,0.148947
BA,91,60,2,0.164729,0.020244,0.144357
KCU,91,60,1,0.440082,0.098646,0.130723
BA,91,60,2,0.163492,0.019101,0.144262
KCU,91,60,1,0.437016,0.09753,0.145923
BA,91,60,2,0.188973,0.02065,0.168185
KCU,91,60,1,0.494321,0.110075,0.161944
BA,91,60,2,0.163427,0.019251,0.144049
KCU,91,60,1,0.451214,0.099573,0.152685
BA,91,60,2,0.165682,0.02094,0.144614
KCU,91,60,1,0.446288,0.102868,0.147179
BA,91,60,2,0.188206,0.020818,0.167246
KCU,91,60,1,0.467286,0.103798,0.15668
BA,91,60,2,0.165427,0.020174,0.145117
KCU,91,60,1,0.437181,0.096166,0.146096
BA,91,60,2,0.162746,0.019668,0.142945
KCU,91,60,1,0.440695,0.105371,0.140155
BA,91,60,2,0.188854,0.021199,0.167511
KCU,91,60,1,0.474011,0.105289,0.142177
BA,91,60,2,0.162298,0.02001,0.142153
KCU,91,60,1,0.445518,0.102401,0.131905
BA,91,60,2,0.165589,0.020959,0.144488
KCU,91,60,1,0.450365,0.100855,0.148834
BA,91,60,2,0.16353,0.019612,0.143789
KCU,91,60,1,0.445133,0.09803,0.150189
BA,91,60,2,0.16697,0.02019,0.146648
KCU,91,60,1,0.445776,0.097968,0.149591
BA,91,60,2,0.165305,0.02073,0.144454
KCU,91,60,1,0.444837,0.1008,0.14754
BA,91,60,2,0.164889,0.020455,0.144303
KCU,91,60,1,0.430204,0.099281,0.149755
BA,91,60,2,0.165845,0.020448,0.145259
KCU,91,60,1,0.445892,0.098463,0.148796
BA,91,60,2,0.164903,0.020976,0.143787
KCU,91,60,1,0.448804,0.100248,0.151014
BA,91,60,2,0.164494,0.020976,0.143381
KCU,91,60,1,0.446551,0.099346,0.131813
BA,91,60,2,0.163337,0.01945,0.143756
KCU,91,60,1,0.44345,0.09856,0.150762
BA,91,60,2,0.167148,0.021075,0.145943
KCU,91,60,1,0.44484,0.098504,0.148004
BA,91,60,2,0.164463,0.020234,0.144074
KCU,91,60,1,0.445306,0.100225,0.149775
BA,91,60,2,0.16538,0.020052,0.145203
KCU,91,60,1,0.440855,0.099566,0.1323
BA,91,60,2,0.161307,0.018899,0.142271
KCU,91,60,1,0.440712,0.097359,0.147521
BA,91,60,2,0.162022,0.01919,0.142695
KCU,91,60,1,0.436162,0.097839,0.130718
BA,91,60,2,0.161301,0.018796,0.142376
KCU,91,60,1,0.42731,0.098365,0.147649
BA,91,80,2,0.161121,0.003442,0.157551
KCU,91,80,1,0.443281,0.099854,0.129187
BA,91,80,2,0.163598,0.019422,0.144031
KCU,91,80,1,0.456672,0.098715,0.139394
BA,91,80,2,0.163497,0.019264,0.144108
KCU,91,80,1,0.439283,0.097541,0.132256
BA,91,80,2,0.162642,0.018849,0.143655
KCU,91,80,1,0.439963,0.09667,0.131537
BA,91,80,2,0.161654,0.018664,0.142861
KCU,91,80,1,0.441705,0.099901,0.131369
BA,91,80,2,0.163525,0.02025,0.143142
KCU,91,80,1,0.440891,0.09799,0.146484
BA,91,80,2,0.159023,0.003435,0.155435
KCU,91,80,1,0.440961,0.098899,0.13093
BA,91,80,2,0.162431,0.018678,0.143619
KCU,91,80,1,0.444606,0.098128,0.151296
BA,91,80,2,0.162758,0.019605,0.143024
KCU,91,80,1,0.443318,0.097523,0.132663
BA,91,80,2,0.16336,0.020237,0.14299
KCU,91,80,1,0.448066,0.099529,0.133081
BA,91,80,2,0.163923,0.02069,0.143097
KCU,91,80,1,0.444296,0.098173,0.147689
BA,91,80,2,0.164428,0.019543,0.144757
KCU,91,80,1,0.441626,0.097944,0.131595
BA,91,80,2,0.1647,0.020386,0.144177
KCU,91,80,1,0.427547,0.099674,0.147576
BA,91,80,2,0.164545,0.020617,0.143795
KCU,91,80,1,0.443045,0.099679,0.146944
BA,91,80,2,0.163162,0.003369,0.15967
KCU,91,80,1,0.445665,0.099418,0.148107
BA,91,80,2,0.16621,0.021656,0.144421
KCU,91,80,1,0.447908,0.102675,0.132301
BA,91,80,2,0.164336,0.020169,0.144033
KCU,91,80,1,0.449565,0.099432,0.14896
BA,91,80,2,0.166313,0.021181,0.14498
KCU,91,80,1,0.445118,0.105798,0.131794
BA,91,80,2,0.167628,0.020471,0.147008
KCU,91,80,1,0.446338,0.098728,0.148388
BA,91,80,2,0.165765,0.020789,0.144845
KCU,91,80,1,0.446209,0.099896,0.147088
BA,91,80,2,0.179196,0.019525,0.159543
KCU,91,80,1,0.444632,0.099054,0.156132
BA,91,80,2,0.163488,0.003641,0.159704
KCU,91,80,1,0.447178,0.100249,0.148388
BA,91,80,2,0.163202,0.018967,0.144102
KCU,91,80,1,0.446271,0.102727,0.131567
BA,91,80,2,0.164318,0.020888,0.143302
KCU,91,80,1,0.447022,0.106437,0.141712
BA,91,80,2,0.16452,0.020099,0.144293
KCU,91,80,1,0.429136,0.107481,0.134853
BA,91,80,2,0.166472,0.022343,0.143994
KCU,91,80,1,0.440761,0.102615,0.131664
BA,91,80,2,0.164107,0.019719,0.144252
KCU,91,80,1,0.439438,0.099299,0.145393
BA,91,80,2,0.165901,0.020952,0.144811
KCU,91,80,1,0.445277,0.100187,0.14853
BA,91,80,2,0.16325,0.019041,0.144048
KCU,91,80,1,0.450404,0.100188,0.150584
BA,91,80,2,0.164608,0.020378,0.144094
KCU,91,80,1,0.451805,0.099306,0.153419
BA,91,100,2,0.164304,0.020127,0.144032
KCU,91,100,1,0.431694,0.099389,0.148065
BA,91,100,2,0.166187,0.020186,0.145873
KCU,91,100,1,0.448489,0.09902,0.147274
BA,91,100,2,0.190985,0.021132,0.169709
KCU,91,100,1,0.488652,0.111605,0.154608
BA,91,100,2,0.164626,0.020705,0.143785
KCU,91,100,1,0.442301,0.098291,0.146216
BA,91,100,2,0.163839,0.020119,0.14359
KCU,91,100,1,0.445197,0.101543,0.148385
BA,91,100,2,0.163801,0.020011,0.143667
KCU,91,100,1,0.438551,0.102479,0.129883
BA,91,100,2,0.163238,0.019883,0.143219
KCU,91,100,1,0.44423,0.099149,0.14935
BA,91,100,2,0.164407,0.02077,0.143504
KCU,91,100,1,0.444829,0.103182,0.146402
BA,91,100,2,0.165228,0.020122,0.14497
KCU,91,100,1,0.44426,0.098059,0.148255
BA,91,100,2,0.164731,0.020321,0.144254
KCU,91,100,1,0.446473,0.099956,0.150274
BA,91,100,2,0.165912,0.019604,0.14617
KCU,91,100,1,0.446185,0.098574,0.147952
BA,91,100,2,0.167177,0.020668,0.146372
KCU,91,100,1,0.444957,0.099507,0.147254
BA,91,100,2,0.163728,0.020431,0.143161
KCU,91,100,1,0.429416,0.09947,0.149848
BA,91,100,2,0.163545,0.019424,0.143984
KCU,91,100,1,0.439143,0.104395,0.130763
BA,91,100,2,0.161798,0.018849,0.142812
KCU,91,100,1,0.443392,0.101228,0.132707
BA,91,100,2,0.163003,0.019481,0.143394
KCU,91,100,1,0.440612,0.098757,0.147606
BA,91,100,2,0.16505,0.021049,0.143857
KCU,91,100,1,0.429366,0.094743,0.142867
BA,91,100,2,0.16603,0.020382,0.145513
KCU,91,100,1,0.434836,0.100352,0.152877
BA,91,100,2,0.166545,0.021094,0.145305
KCU,91,100,1,0.438847,0.097315,0.132395
BA,91,100,2,0.165912,0.020644,0.145131
KCU,91,100,1,0.450219,0.100446,0.149689
BA,91,100,2,0.164317,0.020583,0.143572
KCU,91,100,1,0.44403,0.098061,0.148986
BA,91,100,2,0.163926,0.019613,0.144176
KCU,91,100,1,0.426524,0.099502,0.148095
BA,91,100,2,0.168231,0.020279,0.147807
KCU,91,100,1,0.42935,0.101113,0.132165
BA,91,100,2,0.165297,0.020664,0.144499
KCU,91,100,1,0.442187,0.101747,0.131373
BA,91,100,2,0.163825,0.01991,0.143779
KCU,91,100,1,0.430162,0.100286,0.149524
BA,91,100,2,0.164963,0.019581,0.145243
KCU,91,100,1,0.445218,0.099813,0.148899
BA,91,100,2,0.190526,0.021859,0.168528
KCU,91,100,1,0.510168,0.11349,0.152846
BA,91,100,2,0.163389,0.020336,0.142909
KCU,91,100,1,0.451344,0.102984,0.150548
BA,91,100,2,0.190317,0.021519,0.16865
KCU,91,100,1,0.483777,0.107938,0.161184
BA,91,100,2,0.165431,0.021145,0.144146
KCU,91,100,1,0.444819,0.099991,0.149019
