Gamma, tau, nb_path_to_select, limit_number_paths, time_master_KCRDKL, time_subproblem_KCRDKL, time_master_KCUD, time_subproblem_KCUD, time_master_KCHOGL, time_subproblem_KCHOGL
1,100,2,100,0.008362,0.000395,0.005478,0.000246,0.003376,0.000211
1,100,2,200,0.002927,0.000232,0.002467,8.9e-05,0.002753,0.000631
1,100,2,300,0.004269,0.000324,0.002732,0.000151,0.002524,0.000332
1,100,2,400,0.002436,0.000398,0.004247,0.0002,0.00295,0.000456
1,100,2,500,0.002641,0.000483,0.002686,0.000134,0.002454,0.000474
1,100,2,600,0.003813,0.000702,0.002825,9.9e-05,0.002463,0.000519
1,100,2,700,0.002965,0.000521,0.003881,0.000294,0.005077,0.000985
1,100,2,800,0.00447,0.000961,0.00542,0.000181,0.003129,0.000699
1,100,2,900,0.002476,0.000557,0.002874,9.9e-05,0.002656,0.000738
1,100,2,1000,0.003802,0.000648,0.002694,0.000122,0.002434,0.000801
1,100,2,1100,0.002528,0.000859,0.003507,0.000113,0.002892,0.000771
1,100,2,1200,0.003104,0.000725,0.003262,0.000212,0.003763,0.000921
1,100,2,1300,0.002994,0.000698,0.002697,9.8e-05,0.0026,0.00077
1,100,2,1400,0.002778,0.000714,0.003772,0.000112,0.002932,0.000837
11,100,2,100,0.007597,0.002722,0.010564,0.00258,0.005967,0.002707
11,100,2,200,0.006735,0.002809,0.009966,0.002948,0.007083,0.002962
11,100,2,300,0.006559,0.00337,0.010259,0.002881,0.008172,0.003666
11,100,2,400,0.008801,0.004476,0.012121,0.004642,0.011937,0.006243
11,100,2,500,0.011186,0.006009,0.015756,0.005036,0.009756,0.003516
11,100,2,600,0.008165,0.00333,0.009945,0.002579,0.006455,0.003252
11,100,2,700,0.007342,0.003263,0.009454,0.003062,0.006798,0.003628
11,100,2,800,0.007586,0.003487,0.009529,0.002835,0.007035,0.003559
11,100,2,900,0.007285,0.00442,0.013512,0.00428,0.008795,0.00487
11,100,2,1000,0.008397,0.004474,0.014674,0.004372,0.009701,0.005349
11,100,2,1100,0.008156,0.006503,0.010252,0.003167,0.007844,0.003885
11,100,2,1200,0.008083,0.005313,0.011067,0.003014,0.00775,0.004279
11,100,2,1300,0.00794,0.003823,0.009976,0.002687,0.00675,0.004908
11,100,2,1400,0.007227,0.004173,0.009308,0.002538,0.006809,0.004827
21,100,2,100,0.011387,0.008653,0.014581,0.007735,0.010658,0.008202
21,100,2,200,0.016261,0.01141,0.012873,0.008091,0.014901,0.012331
21,100,2,300,0.017768,0.015224,0.017548,0.009408,0.017244,0.012727
21,100,2,400,0.0169,0.013161,0.014212,0.008275,0.016236,0.014847
21,100,2,500,0.016089,0.012781,0.015722,0.007524,0.018925,0.013531
21,100,2,600,0.016763,0.014012,0.014689,0.007733,0.015172,0.013957
21,100,2,700,0.011702,0.009558,0.015541,0.007949,0.015547,0.013742
21,100,2,800,0.017135,0.014406,0.015304,0.009245,0.017171,0.015456
21,100,2,900,0.019596,0.01381,0.016549,0.010842,0.016367,0.015565
21,100,2,1000,0.016067,0.014091,0.013887,0.010266,0.01502,0.013092
21,100,2,1100,0.016711,0.012875,0.014386,0.007418,0.015359,0.013989
21,100,2,1200,0.018106,0.013564,0.012978,0.009093,0.014615,0.013517
21,100,2,1300,0.017392,0.013782,0.013776,0.007986,0.014902,0.013565
21,100,2,1400,0.01757,0.014293,0.01354,0.008789,0.014825,0.014113
31,100,2,100,0.017325,0.018653,0.017639,0.017881,0.016196,0.020264
31,100,2,200,0.014336,0.017799,0.017636,0.017684,0.018513,0.02193
31,100,2,300,0.016205,0.019508,0.017916,0.018589,0.014718,0.02147
31,100,2,400,0.015177,0.020419,0.018443,0.017335,0.014925,0.020821
31,100,2,500,0.014902,0.020866,0.017768,0.018378,0.014775,0.021022
31,100,2,600,0.014874,0.019363,0.017707,0.015951,0.014659,0.018464
31,100,2,700,0.014995,0.019368,0.017417,0.015597,0.014505,0.019817
31,100,2,800,0.0148,0.018772,0.018111,0.015216,0.015819,0.020069
31,100,2,900,0.014798,0.018198,0.018331,0.016974,0.014934,0.019933
31,100,2,1000,0.015425,0.018012,0.017736,0.015615,0.014731,0.021082
31,100,2,1100,0.014384,0.017852,0.017975,0.015692,0.016414,0.02118
31,100,2,1200,0.015169,0.020609,0.017367,0.016769,0.014848,0.020598
31,100,2,1300,0.014649,0.021985,0.017512,0.017194,0.015899,0.023117
31,100,2,1400,0.015031,0.021578,0.017781,0.018285,0.016091,0.023273
41,100,2,100,0.022186,0.032785,0.024816,0.032275,0.023993,0.035435
41,100,2,200,0.022177,0.038815,0.026305,0.030115,0.030751,0.044231
41,100,2,300,0.030595,0.045139,0.024979,0.03021,0.030969,0.045389
41,100,2,400,0.030808,0.048799,0.02527,0.029603,0.029749,0.04196
41,100,2,500,0.029668,0.046042,0.024336,0.029568,0.02957,0.043857
41,100,2,600,0.030617,0.04346,0.025595,0.029004,0.029782,0.042916
41,100,2,700,0.029913,0.045781,0.024436,0.028245,0.030241,0.045672
41,100,2,800,0.029528,0.044113,0.024752,0.027778,0.031061,0.04401
41,100,2,900,0.030366,0.04422,0.044261,0.050004,0.02911,0.046117
41,100,2,1000,0.030598,0.04529,0.025217,0.028614,0.030371,0.045052
41,100,2,1100,0.02952,0.045249,0.024916,0.028986,0.029562,0.043138
41,100,2,1200,0.029801,0.045979,0.024982,0.029019,0.030018,0.044544
41,100,2,1300,0.030814,0.044859,0.025226,0.028607,0.030256,0.044823
41,100,2,1400,0.030158,0.044241,0.026007,0.028318,0.02954,0.046259
51,100,2,100,0.029522,0.048502,0.031715,0.043225,0.029944,0.04657
51,100,2,200,0.029301,0.047149,0.031918,0.041897,0.029449,0.044783
51,100,2,300,0.028999,0.047454,0.031777,0.042965,0.029261,0.046072
51,100,2,400,0.029044,0.046687,0.031923,0.042704,0.030057,0.045947
51,100,2,500,0.028964,0.04767,0.031904,0.042556,0.030604,0.046897
51,100,2,600,0.030352,0.046717,0.03258,0.043635,0.029185,0.046159
51,100,2,700,0.029474,0.049016,0.031455,0.042206,0.029984,0.047191
51,100,2,800,0.029714,0.047257,0.03445,0.043326,0.029928,0.048712
51,100,2,900,0.029787,0.050458,0.034389,0.045238,0.030415,0.047912
51,100,2,1000,0.031821,0.050093,0.032922,0.04413,0.030943,0.050413
51,100,2,1100,0.031135,0.047851,0.031887,0.041131,0.030097,0.047283
51,100,2,1200,0.030673,0.049169,0.031688,0.043695,0.029909,0.047757
51,100,2,1300,0.030402,0.048448,0.034062,0.042629,0.030943,0.046465
51,100,2,1400,0.030821,0.049244,0.031746,0.042944,0.029968,0.048324
61,100,2,100,0.037934,0.064281,0.04092,0.059434,0.037475,0.064728
61,100,2,200,0.038075,0.064122,0.041608,0.059134,0.037732,0.064093
61,100,2,300,0.038718,0.06409,0.041586,0.059188,0.038919,0.063211
61,100,2,400,0.038974,0.064111,0.040475,0.058746,0.037867,0.063953
61,100,2,500,0.039889,0.064375,0.041317,0.059053,0.037844,0.063445
61,100,2,600,0.038802,0.064348,0.040787,0.058778,0.037959,0.064454
61,100,2,700,0.039599,0.064404,0.040678,0.059274,0.037665,0.063416
61,100,2,800,0.039541,0.064744,0.041518,0.058776,0.037739,0.065696
61,100,2,900,0.039231,0.064462,0.053892,0.06473,0.037499,0.065058
61,100,2,1000,0.038391,0.065112,0.041352,0.06099,0.037643,0.065318
61,100,2,1100,0.039508,0.065882,0.042131,0.058752,0.037351,0.065266
61,100,2,1200,0.038773,0.065622,0.04203,0.059552,0.037376,0.063682
61,100,2,1300,0.060585,0.087957,0.070601,0.095163,0.047658,0.101106
61,100,2,1400,0.040179,0.069109,0.044124,0.062136,0.053121,0.086266
71,100,2,100,0.067915,0.123543,0.061167,0.098377,0.048932,0.087928
71,100,2,200,0.056842,0.093067,0.060734,0.088249,0.048732,0.083307
71,100,2,300,0.048395,0.084644,0.051548,0.081212,0.060301,0.08909
71,100,2,400,0.072357,0.110941,0.072341,0.081737,0.051328,0.101593
71,100,2,500,0.049335,0.084944,0.05095,0.079125,0.048272,0.08597
71,100,2,600,0.047979,0.084649,0.052147,0.078406,0.048429,0.083746
71,100,2,700,0.048915,0.086067,0.050934,0.078349,0.048199,0.084236
71,100,2,800,0.04881,0.086044,0.050994,0.078024,0.04806,0.085635
71,100,2,900,0.049405,0.085345,0.051185,0.079248,0.049138,0.086482
71,100,2,1000,0.048112,0.085367,0.051343,0.080597,0.048208,0.086067
71,100,2,1100,0.048974,0.084564,0.051559,0.078683,0.049225,0.092114
71,100,2,1200,0.050162,0.085653,0.052922,0.078202,0.048148,0.085069
71,100,2,1300,0.053485,0.084813,0.050678,0.077451,0.049295,0.084864
71,100,2,1400,0.049824,0.085307,0.050974,0.079783,0.048053,0.084967
81,100,2,100,0.060179,0.106449,0.064277,0.100058,0.059398,0.106308
81,100,2,200,0.060225,0.107482,0.063391,0.101105,0.059783,0.108412
81,100,2,300,0.060988,0.107676,0.062557,0.100373,0.06096,0.10683
81,100,2,400,0.060283,0.108129,0.06339,0.099704,0.05956,0.107379
81,100,2,500,0.060284,0.10744,0.062584,0.101254,0.061723,0.120822
81,100,2,600,0.09351,0.134392,0.064449,0.101615,0.059376,0.109005
81,100,2,700,0.060145,0.1087,0.063292,0.100503,0.059664,0.107856
81,100,2,800,0.06036,0.110096,0.062455,0.101988,0.059495,0.110979
81,100,2,900,0.060464,0.10814,0.063231,0.09931,0.059562,0.107478
81,100,2,1000,0.061642,0.108017,0.063113,0.099736,0.060729,0.107589
81,100,2,1100,0.060596,0.110637,0.063192,0.100107,0.059226,0.108471
81,100,2,1200,0.059627,0.109265,0.062781,0.100709,0.059434,0.109263
81,100,2,1300,0.060903,0.109724,0.063101,0.100899,0.059458,0.109142
81,100,2,1400,0.060508,0.110068,0.063137,0.100304,0.073667,0.10896
91,100,2,100,0.072036,0.133789,0.077406,0.125179,0.071376,0.132196
91,100,2,200,0.073767,0.133316,0.074694,0.126158,0.072668,0.132144
91,100,2,300,0.072754,0.134868,0.074625,0.126062,0.071828,0.132731
91,100,2,400,0.072339,0.134465,0.07476,0.124557,0.071872,0.133752
91,100,2,500,0.073164,0.135264,0.075856,0.134656,0.073213,0.134001
91,100,2,600,0.072759,0.138852,0.075086,0.124909,0.072936,0.133709
91,100,2,700,0.072979,0.134642,0.074402,0.124136,0.073138,0.133355
91,100,2,800,0.071627,0.132208,0.074067,0.12215,0.071437,0.132173
91,100,2,900,0.072884,0.13412,0.074204,0.124192,0.072456,0.133482
91,100,2,1000,0.073506,0.134134,0.075244,0.123115,0.071402,0.13264
91,100,2,1100,0.07285,0.133906,0.077564,0.128623,0.073341,0.134132
91,100,2,1200,0.073211,0.139182,0.074516,0.125021,0.071314,0.135904
91,100,2,1300,0.072147,0.135366,0.074373,0.124995,0.071325,0.13491
91,100,2,1400,0.072901,0.13707,0.076483,0.125002,0.071428,0.134735
101,100,2,100,0.085926,0.161278,0.08859,0.149448,0.085066,0.160428
101,100,2,200,0.087206,0.162392,0.088628,0.15083,0.085385,0.163943
101,100,2,300,0.086147,0.163116,0.08856,0.14948,0.085201,0.162135
101,100,2,400,0.086058,0.164942,0.088456,0.149346,0.085101,0.16107
101,100,2,500,0.086987,0.162338,0.087926,0.149868,0.085157,0.161247
101,100,2,600,0.086074,0.163295,0.087969,0.149312,0.085038,0.161438
101,100,2,700,0.086332,0.164845,0.087816,0.150798,0.086845,0.160554
101,100,2,800,0.086011,0.163244,0.08859,0.150934,0.086265,0.161367
101,100,2,900,0.086249,0.162721,0.089592,0.149562,0.086259,0.161804
101,100,2,1000,0.08717,0.162295,0.087822,0.149716,0.085033,0.164434
101,100,2,1100,0.088264,0.193674,0.120019,0.202935,0.098937,0.194597
101,100,2,1200,0.12315,0.18704,0.108269,0.159418,0.098095,0.175977
101,100,2,1300,0.088721,0.166107,0.096483,0.160544,0.107588,0.205604
101,100,2,1400,0.092076,0.174794,0.090348,0.156345,0.086336,0.165231
1,100,2,100,0.004331,0.000352,0.004675,0.000157,0.004359,0.000344
1,100,2,200,0.005202,0.000461,0.004644,0.000158,0.003941,0.00041
1,100,2,300,0.004534,0.000397,0.004692,0.000156,0.005347,0.000692
1,100,2,400,0.004434,0.000534,0.004572,0.000172,0.005209,0.000712
1,100,2,500,0.005297,0.000678,0.005829,0.000223,0.004222,0.000587
1,100,2,600,0.00602,0.000651,0.004747,0.000188,0.004484,0.000731
1,100,2,700,0.005848,0.000799,0.005282,0.000235,0.005068,0.000827
1,100,2,800,0.004606,0.000698,0.005292,0.000166,0.004783,0.000935
1,100,2,900,0.00445,0.000729,0.004925,0.000169,0.004265,0.000812
1,100,2,1000,0.004636,0.000777,0.004859,0.000162,0.004482,0.000862
1,100,2,1100,0.004795,0.000812,0.004853,0.000159,0.004245,0.000993
1,100,2,1200,0.004661,0.000851,0.004911,0.000163,0.004407,0.000983
1,100,2,1300,0.004778,0.000949,0.004768,0.000159,0.004221,0.001034
1,100,2,1400,0.004317,0.000985,0.004635,0.000168,0.00437,0.001068
11,100,2,100,0.004512,0.001717,0.005656,0.001611,0.004398,0.001688
11,100,2,200,0.00478,0.00197,0.005005,0.001525,0.005425,0.00196
11,100,2,300,0.004419,0.001963,0.005981,0.001577,0.005141,0.002446
11,100,2,400,0.004877,0.001917,0.006114,0.001579,0.004408,0.001879
11,100,2,500,0.005398,0.002178,0.005203,0.001528,0.005909,0.002171
11,100,2,600,0.004685,0.002514,0.005518,0.001618,0.004772,0.00233
11,100,2,700,0.005226,0.002136,0.006562,0.001647,0.004372,0.001993
11,100,2,800,0.005013,0.002633,0.005074,0.001494,0.005314,0.002298
11,100,2,900,0.005499,0.002752,0.005453,0.001484,0.005427,0.002291
11,100,2,1000,0.004503,0.002074,0.005449,0.00211,0.004344,0.002191
11,100,2,1100,0.005962,0.002142,0.005531,0.001797,0.004734,0.002283
11,100,2,1200,0.006299,0.002285,0.005075,0.001493,0.004938,0.002475
11,100,2,1300,0.004731,0.002234,0.005833,0.002055,0.005303,0.002782
11,100,2,1400,0.004749,0.002288,0.005779,0.001709,0.004369,0.002325
21,100,2,100,0.008104,0.005276,0.007494,0.005808,0.00799,0.005257
21,100,2,200,0.007715,0.005234,0.007509,0.00458,0.006975,0.005493
21,100,2,300,0.00823,0.005837,0.007486,0.005729,0.007274,0.005759
21,100,2,400,0.007637,0.005497,0.007551,0.004651,0.007059,0.006134
21,100,2,500,0.007811,0.00625,0.007624,0.005303,0.007583,0.005721
21,100,2,600,0.007682,0.005746,0.007478,0.004569,0.006658,0.006494
21,100,2,700,0.008253,0.007265,0.008262,0.004853,0.007389,0.005893
21,100,2,800,0.007096,0.00682,0.007918,0.004936,0.007375,0.007592
21,100,2,900,0.008343,0.007147,0.007446,0.004611,0.006902,0.00697
21,100,2,1000,0.007567,0.006594,0.007403,0.005721,0.007789,0.006683
21,100,2,1100,0.006906,0.007826,0.007696,0.005026,0.007901,0.007722
21,100,2,1200,0.007614,0.006783,0.008052,0.004663,0.00674,0.006459
21,100,2,1300,0.007055,0.008755,0.007413,0.005651,0.007753,0.006845
21,100,2,1400,0.007068,0.006788,0.00749,0.005232,0.007871,0.008255
31,100,2,100,0.010736,0.011805,0.010285,0.011159,0.009848,0.012535
31,100,2,200,0.011824,0.01204,0.01082,0.010446,0.011722,0.010834
31,100,2,300,0.012188,0.011423,0.010913,0.009563,0.010232,0.010929
31,100,2,400,0.012064,0.012491,0.010453,0.011047,0.010167,0.01286
31,100,2,500,0.010554,0.012174,0.01215,0.009681,0.010691,0.011617
31,100,2,600,0.012334,0.01134,0.010838,0.010032,0.009842,0.011919
31,100,2,700,0.010647,0.012499,0.011032,0.010749,0.009969,0.01285
31,100,2,800,0.012539,0.012421,0.011538,0.009549,0.010066,0.012391
31,100,2,900,0.01006,0.012796,0.010803,0.011069,0.009836,0.013098
31,100,2,1000,0.011846,0.012485,0.011232,0.009581,0.010499,0.012271
31,100,2,1100,0.010437,0.012596,0.010385,0.011769,0.010288,0.01354
31,100,2,1200,0.010545,0.013664,0.010859,0.009585,0.010432,0.012505
31,100,2,1300,0.010428,0.013338,0.011052,0.010966,0.00986,0.014756
31,100,2,1400,0.011,0.012579,0.010919,0.009769,0.01001,0.013912
41,100,2,100,0.014958,0.021871,0.016391,0.018897,0.014352,0.022666
41,100,2,200,0.01501,0.019427,0.015056,0.019585,0.015932,0.021585
41,100,2,300,0.014906,0.021595,0.016582,0.018702,0.015695,0.023375
41,100,2,400,0.015762,0.02022,0.015101,0.018632,0.015235,0.021573
41,100,2,500,0.016094,0.020531,0.014892,0.018149,0.015034,0.020517
41,100,2,600,0.014748,0.020793,0.015718,0.018357,0.015159,0.021608
41,100,2,700,0.016357,0.021178,0.015786,0.017946,0.020046,0.033469
41,100,2,800,0.023239,0.029436,0.016776,0.019274,0.015366,0.023182
41,100,2,900,0.014771,0.022323,0.016659,0.018521,0.01589,0.022188
41,100,2,1000,0.015877,0.022157,0.015919,0.018919,0.015297,0.021966
41,100,2,1100,0.015543,0.022337,0.016403,0.01825,0.015143,0.023012
41,100,2,1200,0.015829,0.021355,0.015667,0.01908,0.015851,0.022022
41,100,2,1300,0.015005,0.021932,0.015559,0.017947,0.015117,0.023169
41,100,2,1400,0.015534,0.021738,0.015866,0.018674,0.014784,0.024381
51,100,2,100,0.02006,0.029634,0.02001,0.026894,0.019293,0.029546
51,100,2,200,0.020658,0.029942,0.021167,0.026972,0.020434,0.02899
51,100,2,300,0.020659,0.030262,0.020854,0.026867,0.020081,0.029212
51,100,2,400,0.020758,0.029957,0.020563,0.026772,0.021497,0.029482
51,100,2,500,0.019605,0.02937,0.020227,0.027032,0.019524,0.030522
51,100,2,600,0.019482,0.030536,0.01988,0.027318,0.019253,0.030413
51,100,2,700,0.019426,0.030994,0.020141,0.02729,0.019458,0.030624
51,100,2,800,0.019865,0.031132,0.020193,0.027944,0.019514,0.030717
51,100,2,900,0.019728,0.031738,0.019895,0.027548,0.019561,0.030704
51,100,2,1000,0.019409,0.031306,0.020548,0.027917,0.019924,0.030679
51,100,2,1100,0.019834,0.030963,0.019823,0.0272,0.019159,0.030901
51,100,2,1200,0.019373,0.031153,0.01974,0.027135,0.019277,0.031006
51,100,2,1300,0.019711,0.032063,0.019992,0.02711,0.019112,0.031042
51,100,2,1400,0.019512,0.030983,0.020268,0.027374,0.020639,0.031607
61,100,2,100,0.025699,0.041641,0.027528,0.038296,0.025335,0.040212
61,100,2,200,0.025831,0.041123,0.026876,0.037415,0.025349,0.040327
61,100,2,300,0.025932,0.041614,0.027571,0.037628,0.025422,0.041017
61,100,2,400,0.025486,0.041588,0.02718,0.037844,0.025313,0.041266
61,100,2,500,0.025992,0.041526,0.026912,0.037548,0.025601,0.041131
61,100,2,600,0.026124,0.041736,0.027533,0.037368,0.025187,0.042143
61,100,2,700,0.025745,0.042219,0.027175,0.037618,0.025369,0.041926
61,100,2,800,0.025613,0.041965,0.026881,0.037567,0.025413,0.041248
61,100,2,900,0.025468,0.042418,0.027345,0.037312,0.025218,0.041406
61,100,2,1000,0.025416,0.042431,0.027419,0.037404,0.025297,0.042064
61,100,2,1100,0.025765,0.042166,0.026465,0.037573,0.02554,0.042783
61,100,2,1200,0.02584,0.043889,0.027607,0.037022,0.02521,0.041656
61,100,2,1300,0.025381,0.042978,0.026632,0.037763,0.025356,0.041716
61,100,2,1400,0.02564,0.043016,0.026632,0.037519,0.025716,0.042871
71,100,2,100,0.033119,0.05513,0.033108,0.049786,0.032019,0.053608
71,100,2,200,0.032029,0.055821,0.033498,0.049866,0.032136,0.056589
71,100,2,300,0.032217,0.055545,0.032425,0.049824,0.031866,0.053756
71,100,2,400,0.034449,0.05587,0.032782,0.049635,0.03188,0.053546
71,100,2,500,0.03232,0.057058,0.032698,0.050094,0.032683,0.054795
71,100,2,600,0.032438,0.055539,0.03267,0.050028,0.032128,0.053941
71,100,2,700,0.032593,0.057124,0.032978,0.049488,0.031967,0.056614
71,100,2,800,0.033441,0.056767,0.033668,0.049814,0.031854,0.054507
71,100,2,900,0.032386,0.057663,0.03281,0.049231,0.032149,0.056209
71,100,2,1000,0.03208,0.055887,0.032783,0.049726,0.032236,0.05528
71,100,2,1100,0.032411,0.058893,0.03294,0.050526,0.032165,0.056136
71,100,2,1200,0.032711,0.056695,0.032812,0.050602,0.032373,0.056756
71,100,2,1300,0.03236,0.057515,0.032942,0.049322,0.031974,0.056066
71,100,2,1400,0.032959,0.056368,0.032585,0.051319,0.032279,0.056584
81,100,2,100,0.041288,0.070135,0.040459,0.064014,0.040218,0.068757
81,100,2,200,0.040707,0.069266,0.040263,0.064819,0.039649,0.068868
81,100,2,300,0.04151,0.069427,0.040237,0.0649,0.039707,0.068688
81,100,2,400,0.040869,0.070179,0.040229,0.06446,0.039755,0.069295
81,100,2,500,0.040102,0.070888,0.041731,0.0636,0.039519,0.069551
81,100,2,600,0.040524,0.068966,0.039968,0.064278,0.039431,0.069082
81,100,2,700,0.041406,0.072231,0.040243,0.064223,0.039775,0.070123
81,100,2,800,0.04018,0.069843,0.040297,0.065586,0.041284,0.069862
81,100,2,900,0.041164,0.079089,0.04053,0.067661,0.039486,0.070242
81,100,2,1000,0.040422,0.070222,0.041673,0.065208,0.040009,0.071625
81,100,2,1100,0.041245,0.070195,0.040183,0.065247,0.039669,0.070681
81,100,2,1200,0.040423,0.071407,0.040948,0.065766,0.039653,0.070801
81,100,2,1300,0.041179,0.071032,0.040196,0.06505,0.040485,0.071408
81,100,2,1400,0.040466,0.071803,0.040354,0.065512,0.039844,0.073151
91,100,2,100,0.049608,0.086507,0.049084,0.079315,0.048397,0.08717
91,100,2,200,0.05006,0.088087,0.048519,0.078728,0.04938,0.085067
91,100,2,300,0.04884,0.086802,0.049976,0.07898,0.048008,0.085893
91,100,2,400,0.049223,0.086369,0.049226,0.080451,0.048249,0.086366
91,100,2,500,0.048989,0.087883,0.048769,0.078604,0.048243,0.086653
91,100,2,600,0.050337,0.088432,0.048965,0.079818,0.048394,0.087435
91,100,2,700,0.049643,0.086752,0.048894,0.079909,0.048277,0.086762
91,100,2,800,0.048964,0.088183,0.049012,0.079078,0.049053,0.086165
91,100,2,900,0.04891,0.087804,0.049849,0.079574,0.048203,0.087171
91,100,2,1000,0.049268,0.088423,0.048659,0.079989,0.048159,0.087066
91,100,2,1100,0.049427,0.088236,0.048842,0.079623,0.048227,0.087696
91,100,2,1200,0.048736,0.088562,0.049352,0.079222,0.048264,0.087203
91,100,2,1300,0.049203,0.089271,0.059238,0.079552,0.048373,0.089634
91,100,2,1400,0.049515,0.089086,0.048648,0.078654,0.048201,0.087774
101,100,2,100,0.058453,0.106339,0.058641,0.097198,0.05786,0.104782
101,100,2,200,0.058866,0.10608,0.060242,0.096613,0.057562,0.1047
101,100,2,300,0.058372,0.106764,0.067582,0.100112,0.056992,0.10518
101,100,2,400,0.058029,0.105523,0.05768,0.095989,0.057035,0.104014
101,100,2,500,0.057799,0.10489,0.058971,0.095344,0.056602,0.103778
101,100,2,600,0.057385,0.104948,0.058118,0.095815,0.056852,0.104173
101,100,2,700,0.05777,0.105502,0.057813,0.097296,0.056972,0.10441
101,100,2,800,0.057618,0.106221,0.058978,0.097352,0.056795,0.105131
101,100,2,900,0.057998,0.106401,0.059112,0.095509,0.056909,0.105163
101,100,2,1000,0.058686,0.10732,0.058001,0.096036,0.058533,0.105173
101,100,2,1100,0.058054,0.106818,0.057557,0.097779,0.057011,0.105426
101,100,2,1200,0.057989,0.108681,0.057532,0.095927,0.05809,0.107416
101,100,2,1300,0.058753,0.107729,0.057844,0.098665,0.056986,0.10617
101,100,2,1400,0.057705,0.107205,0.058072,0.098842,0.056886,0.106436
1,100,2,100,0.002771,0.000317,0.003456,0.000118,0.002671,0.00023
1,100,2,200,0.002487,0.000304,0.004318,0.000124,0.002778,0.000326
1,100,2,300,0.003433,0.00052,0.003797,0.000114,0.002516,0.00034
1,100,2,400,0.002482,0.000348,0.003901,0.000209,0.003415,0.000469
1,100,2,500,0.002754,0.000384,0.003399,0.000108,0.002486,0.000447
1,100,2,600,0.004031,0.000824,0.003953,0.000146,0.002566,0.000489
1,100,2,700,0.00286,0.000632,0.00491,0.000214,0.002861,0.000633
1,100,2,800,0.002602,0.00055,0.003436,0.000102,0.003083,0.000817
1,100,2,900,0.003941,0.000642,0.003413,0.000103,0.002559,0.000658
1,100,2,1000,0.002625,0.000941,0.004624,0.000168,0.002667,0.000715
1,100,2,1100,0.002601,0.000694,0.003567,0.000138,0.00444,0.001065
1,100,2,1200,0.002951,0.00073,0.003517,0.000104,0.002599,0.001687
1,100,2,1300,0.003249,0.001039,0.003441,0.000112,0.002612,0.000885
1,100,2,1400,0.002734,0.001393,0.004422,0.000183,0.002719,0.000973
11,100,2,100,0.003792,0.001733,0.005552,0.001547,0.003823,0.002563
11,100,2,200,0.004126,0.001778,0.005571,0.002228,0.004015,0.001703
11,100,2,300,0.004153,0.002089,0.004778,0.001481,0.004361,0.002231
11,100,2,400,0.00394,0.001825,0.005203,0.002048,0.00472,0.001791
11,100,2,500,0.005411,0.002006,0.004624,0.001496,0.004551,0.002277
11,100,2,600,0.003771,0.001925,0.00528,0.001582,0.003869,0.001917
11,100,2,700,0.004748,0.002789,0.00459,0.001496,0.004366,0.002301
11,100,2,800,0.003827,0.001971,0.005739,0.001654,0.003819,0.002126
11,100,2,900,0.005064,0.002231,0.004671,0.0015,0.004711,0.002438
11,100,2,1000,0.003802,0.002119,0.005435,0.001547,0.004019,0.003405
11,100,2,1100,0.003977,0.002338,0.005217,0.001956,0.00393,0.002304
11,100,2,1200,0.005095,0.002513,0.00484,0.001502,0.004422,0.002487
11,100,2,1300,0.003918,0.002308,0.005209,0.001706,0.003875,0.002439
11,100,2,1400,0.004331,0.002861,0.004618,0.001516,0.004656,0.002986
21,100,2,100,0.006662,0.005306,0.007403,0.004692,0.007771,0.005926
21,100,2,200,0.00669,0.005109,0.00732,0.005337,0.006585,0.005629
21,100,2,300,0.008147,0.005246,0.007014,0.00459,0.006699,0.005049
21,100,2,400,0.005992,0.005125,0.007063,0.005119,0.006611,0.00572
21,100,2,500,0.007416,0.006037,0.007288,0.005694,0.007003,0.006035
21,100,2,600,0.00661,0.005317,0.007286,0.004573,0.006079,0.005687
21,100,2,700,0.007023,0.006092,0.008187,0.00467,0.006609,0.005905
21,100,2,800,0.006667,0.006429,0.008293,0.004651,0.00646,0.005434
21,100,2,900,0.006795,0.005545,0.00701,0.005045,0.006628,0.005941
21,100,2,1000,0.007376,0.005741,0.007412,0.006079,0.00775,0.005667
21,100,2,1100,0.007517,0.005621,0.007219,0.004949,0.006445,0.006298
21,100,2,1200,0.007666,0.00623,0.007558,0.005863,0.007222,0.006306
21,100,2,1300,0.007384,0.00564,0.007034,0.005821,0.007499,0.007839
21,100,2,1400,0.007129,0.00656,0.008425,0.004964,0.00649,0.005874
31,100,2,100,0.011374,0.011076,0.010626,0.010289,0.010931,0.011126
31,100,2,200,0.009861,0.012544,0.012094,0.009609,0.010569,0.010848
31,100,2,300,0.011636,0.010788,0.011173,0.009651,0.009786,0.010422
31,100,2,400,0.010135,0.01137,0.010212,0.010892,0.009189,0.012466
31,100,2,500,0.010807,0.012204,0.010201,0.012539,0.010733,0.011068
31,100,2,600,0.010276,0.012047,0.012089,0.009713,0.010645,0.012109
31,100,2,700,0.011821,0.010711,0.010512,0.009512,0.009533,0.010795
31,100,2,800,0.010158,0.012395,0.010544,0.011583,0.009203,0.013047
31,100,2,900,0.009987,0.011762,0.010792,0.010578,0.009296,0.012013
31,100,2,1000,0.010584,0.012498,0.012055,0.009863,0.01113,0.011063
31,100,2,1100,0.011783,0.011392,0.010921,0.009813,0.009938,0.011102
31,100,2,1200,0.011053,0.012004,0.010266,0.01051,0.009142,0.012076
31,100,2,1300,0.010182,0.012359,0.010586,0.011753,0.009458,0.013416
31,100,2,1400,0.010884,0.01268,0.011687,0.01083,0.009737,0.011393
41,100,2,100,0.013735,0.020461,0.01528,0.018096,0.015437,0.019575
41,100,2,200,0.013429,0.0209,0.014989,0.017568,0.014087,0.020173
41,100,2,300,0.013854,0.019978,0.015248,0.017706,0.014236,0.022917
41,100,2,400,0.014986,0.020588,0.016024,0.018271,0.014908,0.021532
41,100,2,500,0.015222,0.019808,0.015608,0.019498,0.015035,0.022053
41,100,2,600,0.01389,0.020066,0.014894,0.018423,0.014373,0.021866
41,100,2,700,0.014406,0.020314,0.015263,0.018194,0.014954,0.02211
41,100,2,800,0.013764,0.020183,0.015473,0.017541,0.015311,0.019613
41,100,2,900,0.013511,0.02306,0.015447,0.017824,0.014361,0.021944
41,100,2,1000,0.015544,0.019754,0.015094,0.018047,0.013997,0.022554
41,100,2,1100,0.014846,0.019873,0.015645,0.018801,0.014125,0.021619
41,100,2,1200,0.014974,0.020317,0.01563,0.019543,0.015046,0.021699
41,100,2,1300,0.014601,0.021464,0.015864,0.018464,0.014191,0.022227
41,100,2,1400,0.015082,0.021005,0.016096,0.018177,0.014552,0.022654
51,100,2,100,0.020568,0.030049,0.028374,0.039112,0.025664,0.039017
51,100,2,200,0.018768,0.030484,0.02095,0.02939,0.018558,0.029201
51,100,2,300,0.018771,0.029134,0.020365,0.026025,0.019428,0.028298
51,100,2,400,0.019034,0.029638,0.019768,0.027323,0.018426,0.029315
51,100,2,500,0.018766,0.030168,0.02002,0.026081,0.019813,0.029415
51,100,2,600,0.020215,0.029837,0.020508,0.027705,0.019522,0.02949
51,100,2,700,0.019075,0.029535,0.02032,0.026879,0.019107,0.029147
51,100,2,800,0.018983,0.029032,0.020135,0.026614,0.019665,0.030769
51,100,2,900,0.019862,0.029695,0.020889,0.02634,0.019581,0.029437
51,100,2,1000,0.020072,0.03012,0.020346,0.027845,0.0193,0.030044
51,100,2,1100,0.019335,0.028866,0.019678,0.027339,0.01896,0.030037
51,100,2,1200,0.018947,0.029288,0.019739,0.026592,0.019577,0.029921
51,100,2,1300,0.020087,0.031411,0.020615,0.027124,0.019614,0.029101
51,100,2,1400,0.020143,0.030461,0.021029,0.026902,0.019865,0.029827
61,100,2,100,0.024686,0.041311,0.027118,0.037558,0.024495,0.040995
61,100,2,200,0.025661,0.041387,0.026128,0.037193,0.025031,0.040043
61,100,2,300,0.024617,0.04179,0.026329,0.036862,0.024388,0.040062
61,100,2,400,0.024482,0.042556,0.026373,0.037457,0.024627,0.040025
61,100,2,500,0.024389,0.04153,0.027015,0.037617,0.024792,0.041045
61,100,2,600,0.024941,0.041149,0.026134,0.038276,0.02461,0.039819
61,100,2,700,0.024564,0.04131,0.027,0.036822,0.024571,0.040903
61,100,2,800,0.024435,0.041925,0.026059,0.037831,0.024792,0.041039
61,100,2,900,0.024862,0.041433,0.026616,0.037859,0.024414,0.041227
61,100,2,1000,0.024493,0.041619,0.026973,0.037156,0.02499,0.040989
61,100,2,1100,0.0254,0.041672,0.026802,0.037882,0.024676,0.041158
61,100,2,1200,0.024905,0.042162,0.026164,0.037182,0.024745,0.04251
61,100,2,1300,0.024487,0.042956,0.027231,0.03726,0.024472,0.041242
61,100,2,1400,0.02489,0.040772,0.02808,0.036344,0.024608,0.040522
71,100,2,100,0.031987,0.055373,0.032293,0.049893,0.031594,0.052911
71,100,2,200,0.032507,0.055682,0.033821,0.050094,0.031462,0.053736
71,100,2,300,0.031323,0.055139,0.03313,0.051362,0.031313,0.053816
71,100,2,400,0.032811,0.055163,0.032517,0.049322,0.032069,0.053478
71,100,2,500,0.031034,0.055332,0.032285,0.049935,0.031674,0.053608
71,100,2,600,0.031947,0.057106,0.032896,0.049191,0.032025,0.053382
71,100,2,700,0.032194,0.057196,0.03286,0.050311,0.032347,0.053916
71,100,2,800,0.031368,0.05599,0.032426,0.049825,0.031783,0.053235
71,100,2,900,0.031184,0.055839,0.032761,0.049563,0.032112,0.054242
71,100,2,1000,0.031982,0.055072,0.032467,0.049893,0.031568,0.053812
71,100,2,1100,0.031575,0.055633,0.033361,0.049784,0.031586,0.05376
71,100,2,1200,0.031381,0.05499,0.032325,0.049798,0.031742,0.05574
71,100,2,1300,0.031972,0.057699,0.032308,0.049037,0.031429,0.053177
71,100,2,1400,0.031543,0.05476,0.032166,0.050186,0.032272,0.053144
81,100,2,100,0.041454,0.069016,0.040604,0.06397,0.038784,0.068262
81,100,2,200,0.041458,0.068304,0.039939,0.065211,0.03864,0.068513
81,100,2,300,0.039051,0.069356,0.039873,0.063683,0.039426,0.069264
81,100,2,400,0.039469,0.069064,0.039961,0.063505,0.038975,0.069114
81,100,2,500,0.040123,0.067614,0.039549,0.063379,0.040318,0.067773
81,100,2,600,0.039718,0.069386,0.039825,0.064129,0.039358,0.069559
81,100,2,700,0.039094,0.0695,0.040166,0.064207,0.039065,0.069161
81,100,2,800,0.039663,0.069526,0.03988,0.063701,0.039371,0.068922
81,100,2,900,0.03962,0.068816,0.039767,0.062875,0.038969,0.069022
81,100,2,1000,0.040798,0.068231,0.040146,0.063092,0.038897,0.068116
81,100,2,1100,0.039934,0.068478,0.039879,0.063819,0.039212,0.06899
81,100,2,1200,0.038826,0.069876,0.042593,0.064225,0.039518,0.069151
81,100,2,1300,0.039562,0.068522,0.039864,0.063536,0.038831,0.069868
81,100,2,1400,0.038891,0.070411,0.039812,0.064,0.039238,0.068569
91,100,2,100,0.047779,0.084586,0.048092,0.079546,0.047665,0.084867
91,100,2,200,0.047288,0.086132,0.048897,0.078426,0.047616,0.085277
91,100,2,300,0.047936,0.084761,0.048085,0.078709,0.04739,0.084708
91,100,2,400,0.048579,0.087986,0.048097,0.079069,0.047706,0.08534
91,100,2,500,0.048134,0.08433,0.048377,0.078231,0.0472,0.084991
91,100,2,600,0.04831,0.085527,0.048527,0.08067,0.047524,0.085042
91,100,2,700,0.048503,0.08529,0.048276,0.079712,0.047222,0.085824
91,100,2,800,0.048181,0.08681,0.048259,0.079537,0.047406,0.08471
91,100,2,900,0.048001,0.086726,0.048815,0.079306,0.047522,0.087108
91,100,2,1000,0.048131,0.085987,0.048228,0.077799,0.047198,0.084653
91,100,2,1100,0.048579,0.08501,0.047743,0.078676,0.047259,0.084561
91,100,2,1200,0.047786,0.085683,0.048015,0.079075,0.047655,0.085222
91,100,2,1300,0.047963,0.085399,0.047928,0.078768,0.047052,0.08515
91,100,2,1400,0.047704,0.085017,0.048051,0.078129,0.047029,0.087656
101,100,2,100,0.056766,0.103517,0.05753,0.097079,0.056715,0.102788
101,100,2,200,0.057351,0.105692,0.05752,0.095594,0.056393,0.105076
101,100,2,300,0.057775,0.104923,0.058116,0.098112,0.056843,0.10402
101,100,2,400,0.058005,0.105973,0.059853,0.09694,0.056856,0.104477
101,100,2,500,0.058635,0.105119,0.05918,0.096899,0.05668,0.104219
101,100,2,600,0.057511,0.105731,0.05926,0.095984,0.057212,0.10512
101,100,2,700,0.057927,0.105411,0.059371,0.099028,0.056891,0.105038
101,100,2,800,0.057787,0.106448,0.057682,0.096493,0.056741,0.105568
101,100,2,900,0.057663,0.105364,0.05848,0.097452,0.056955,0.10449
101,100,2,1000,0.057623,0.106544,0.058682,0.096519,0.062166,0.105569
101,100,2,1100,0.058212,0.106303,0.060052,0.096861,0.05705,0.10507
101,100,2,1200,0.058521,0.105809,0.058363,0.096536,0.057238,0.10455
101,100,2,1300,0.058072,0.106138,0.057991,0.09658,0.056899,0.104681
101,100,2,1400,0.057838,0.106318,0.058043,0.096796,0.056969,0.106584
1,100,2,100,0.00431,0.00028,0.004677,0.000191,0.004589,0.000322
1,100,2,200,0.004359,0.000469,0.006216,0.000292,0.004099,0.000429
1,100,2,300,0.004144,0.000466,0.006009,0.000176,0.004417,0.000522
1,100,2,400,0.004696,0.000454,0.0058,0.000388,0.004445,0.000543
1,100,2,500,0.005769,0.000869,0.006017,0.000278,0.004315,0.000656
1,100,2,600,0.005153,0.000732,0.005395,0.000232,0.004454,0.000766
1,100,2,700,0.005556,0.001098,0.004816,0.000231,0.004348,0.000717
1,100,2,800,0.006006,0.000891,0.004944,0.000184,0.004357,0.000719
1,100,2,900,0.004678,0.000824,0.004569,0.000158,0.004386,0.000882
1,100,2,1000,0.00607,0.001133,0.004759,0.000159,0.004361,0.001
1,100,2,1100,0.005688,0.000959,0.004567,0.000172,0.005001,0.00111
1,100,2,1200,0.00537,0.001061,0.004627,0.000173,0.00585,0.001359
1,100,2,1300,0.004772,0.000936,0.004571,0.000165,0.005472,0.001317
1,100,2,1400,0.00481,0.000924,0.004589,0.000188,0.004469,0.00106
11,100,2,100,0.004642,0.001707,0.006383,0.001626,0.004797,0.001725
11,100,2,200,0.005349,0.001999,0.006044,0.002301,0.004687,0.002086
11,100,2,300,0.00547,0.001926,0.005303,0.001512,0.004878,0.002205
11,100,2,400,0.004678,0.0018,0.006591,0.001814,0.004744,0.003286
11,100,2,500,0.004928,0.001957,0.007108,0.00157,0.004587,0.001898
11,100,2,600,0.005496,0.00243,0.005196,0.002077,0.00503,0.002068
11,100,2,700,0.005428,0.002625,0.005435,0.001555,0.005391,0.002159
11,100,2,800,0.004841,0.00211,0.00592,0.001664,0.004502,0.002094
11,100,2,900,0.00561,0.0022,0.00581,0.001688,0.004778,0.002155
11,100,2,1000,0.006339,0.002399,0.005636,0.001532,0.004996,0.002452
11,100,2,1100,0.00484,0.0021,0.0061,0.001731,0.005649,0.002801
11,100,2,1200,0.004817,0.002135,0.00666,0.001792,0.004807,0.002404
11,100,2,1300,0.005167,0.002295,0.005902,0.001831,0.004979,0.002357
11,100,2,1400,0.005817,0.002458,0.005383,0.001642,0.005808,0.002586
21,100,2,100,0.007166,0.005086,0.00757,0.005482,0.007976,0.006166
21,100,2,200,0.007478,0.006204,0.008302,0.004742,0.007737,0.005209
21,100,2,300,0.006926,0.006602,0.007456,0.004753,0.007347,0.006522
21,100,2,400,0.007619,0.005904,0.009127,0.004627,0.006873,0.005549
21,100,2,500,0.007064,0.006784,0.007817,0.005905,0.008164,0.005678
21,100,2,600,0.007397,0.00578,0.007488,0.005371,0.008091,0.006719
21,100,2,700,0.008774,0.006368,0.008739,0.004718,0.006935,0.006276
21,100,2,800,0.007626,0.006605,0.007758,0.005787,0.007906,0.006362
21,100,2,900,0.007205,0.007705,0.00799,0.005647,0.007622,0.007484
21,100,2,1000,0.008046,0.006335,0.008775,0.00469,0.007426,0.007221
21,100,2,1100,0.009361,0.006954,0.00838,0.004817,0.006955,0.006499
21,100,2,1200,0.007651,0.00699,0.008244,0.006085,0.007937,0.006757
21,100,2,1300,0.007837,0.007559,0.008424,0.004904,0.007614,0.007573
21,100,2,1400,0.007622,0.006702,0.007847,0.004653,0.007273,0.00771
31,100,2,100,0.010578,0.011039,0.01064,0.010371,0.009798,0.011498
31,100,2,200,0.011796,0.012444,0.010702,0.010997,0.011414,0.011743
31,100,2,300,0.011054,0.011748,0.011896,0.009639,0.010506,0.011054
31,100,2,400,0.011249,0.011914,0.01062,0.010189,0.009962,0.012597
31,100,2,500,0.011252,0.01266,0.010747,0.012201,0.011051,0.01172
31,100,2,600,0.011594,0.0123,0.011092,0.009623,0.010438,0.012531
31,100,2,700,0.010881,0.011871,0.010647,0.01108,0.011342,0.012108
31,100,2,800,0.012603,0.013535,0.010888,0.009694,0.010166,0.012569
31,100,2,900,0.010899,0.012287,0.010827,0.011586,0.011233,0.012365
31,100,2,1000,0.011942,0.013531,0.010794,0.009733,0.010146,0.013207
31,100,2,1100,0.010929,0.012959,0.011351,0.010888,0.010396,0.01336
31,100,2,1200,0.0111,0.013411,0.01071,0.010422,0.010339,0.013768
31,100,2,1300,0.010274,0.014544,0.011589,0.00962,0.010622,0.012564
31,100,2,1400,0.010497,0.01328,0.011012,0.011461,0.010134,0.013592
41,100,2,100,0.015221,0.021599,0.016845,0.018344,0.015502,0.020178
41,100,2,200,0.014637,0.021224,0.016698,0.01832,0.016014,0.020844
41,100,2,300,0.015494,0.019868,0.016126,0.017758,0.014463,0.021288
41,100,2,400,0.014919,0.02005,0.015379,0.018262,0.014874,0.021826
41,100,2,500,0.015821,0.020527,0.016353,0.019051,0.01564,0.0213
41,100,2,600,0.01587,0.021561,0.016343,0.018493,0.015899,0.022794
41,100,2,700,0.015705,0.019816,0.015,0.018424,0.014655,0.020979
41,100,2,800,0.015687,0.021009,0.015767,0.018773,0.015758,0.021785
41,100,2,900,0.014798,0.022632,0.016071,0.01839,0.015387,0.02285
41,100,2,1000,0.015673,0.02097,0.015978,0.01865,0.015467,0.022667
41,100,2,1100,0.015067,0.022053,0.016183,0.020297,0.015139,0.022389
41,100,2,1200,0.015164,0.021221,0.015664,0.018846,0.01571,0.022034
41,100,2,1300,0.015195,0.022862,0.015957,0.018088,0.01495,0.023508
41,100,2,1400,0.016191,0.021728,0.015672,0.01954,0.016291,0.022691
51,100,2,100,0.020319,0.03007,0.020112,0.027733,0.019344,0.029693
51,100,2,200,0.019683,0.028921,0.020221,0.026609,0.019686,0.03023
51,100,2,300,0.019818,0.030419,0.020417,0.02712,0.020091,0.029946
51,100,2,400,0.020848,0.030574,0.021013,0.026978,0.020534,0.029547
51,100,2,500,0.020941,0.031781,0.029158,0.038808,0.026553,0.040109
51,100,2,600,0.01961,0.030604,0.02072,0.027601,0.0203,0.029686
51,100,2,700,0.019858,0.02993,0.020221,0.026793,0.019495,0.029876
51,100,2,800,0.019645,0.02995,0.020321,0.026982,0.019512,0.030433
51,100,2,900,0.01992,0.031206,0.020177,0.02731,0.019629,0.031386
51,100,2,1000,0.019862,0.030796,0.02019,0.02649,0.019846,0.030297
51,100,2,1100,0.020449,0.030994,0.020606,0.026624,0.020199,0.03042
51,100,2,1200,0.020837,0.031663,0.020933,0.026694,0.02041,0.031493
51,100,2,1300,0.021027,0.031657,0.020421,0.027099,0.019415,0.030669
51,100,2,1400,0.019528,0.031705,0.020173,0.02699,0.020362,0.031323
61,100,2,100,0.026114,0.040085,0.027241,0.037086,0.025513,0.04032
61,100,2,200,0.025404,0.041496,0.027133,0.039113,0.025736,0.040049
61,100,2,300,0.025255,0.041972,0.026511,0.037547,0.025635,0.041912
61,100,2,400,0.026373,0.043191,0.028958,0.037673,0.02556,0.041547
61,100,2,500,0.025651,0.042961,0.026852,0.038187,0.025507,0.042418
61,100,2,600,0.026428,0.041255,0.026582,0.037248,0.02574,0.04068
61,100,2,700,0.025484,0.041756,0.026806,0.03735,0.025381,0.042834
61,100,2,800,0.026571,0.04146,0.026749,0.036998,0.025554,0.041666
61,100,2,900,0.025999,0.042189,0.026848,0.037985,0.026028,0.042556
61,100,2,1000,0.025338,0.042332,0.026799,0.037176,0.025338,0.041755
61,100,2,1100,0.02594,0.043757,0.027333,0.037952,0.025469,0.042754
61,100,2,1200,0.025947,0.042656,0.027744,0.037752,0.02544,0.043252
61,100,2,1300,0.027015,0.043568,0.029386,0.037925,0.025416,0.042625
61,100,2,1400,0.025691,0.043227,0.026978,0.037148,0.025396,0.043888
71,100,2,100,0.03323,0.05508,0.033033,0.049212,0.033039,0.054374
71,100,2,200,0.032264,0.055604,0.032893,0.050439,0.032529,0.05345
71,100,2,300,0.03307,0.056479,0.032963,0.049306,0.032694,0.054526
71,100,2,400,0.032543,0.055813,0.033017,0.049162,0.032397,0.054148
71,100,2,500,0.032801,0.055871,0.033022,0.049743,0.032457,0.054191
71,100,2,600,0.032436,0.055555,0.033007,0.050865,0.032506,0.054737
71,100,2,700,0.033048,0.056441,0.033335,0.049323,0.032313,0.055063
71,100,2,800,0.033201,0.0594,0.032847,0.049354,0.032206,0.054672
71,100,2,900,0.032752,0.059207,0.032714,0.049643,0.032332,0.055062
71,100,2,1000,0.032367,0.056946,0.037433,0.050004,0.032507,0.055796
71,100,2,1100,0.03272,0.05739,0.032927,0.049307,0.032676,0.055377
71,100,2,1200,0.033209,0.058317,0.032889,0.04981,0.032191,0.055817
71,100,2,1300,0.033251,0.056647,0.032947,0.050045,0.032558,0.056221
71,100,2,1400,0.03281,0.060564,0.032815,0.049861,0.032319,0.057522
81,100,2,100,0.042028,0.069204,0.040803,0.063698,0.040751,0.0686
81,100,2,200,0.040149,0.069516,0.040332,0.063759,0.039915,0.070231
81,100,2,300,0.0408,0.069041,0.040619,0.063497,0.039957,0.069665
81,100,2,400,0.040911,0.069947,0.040568,0.064516,0.040318,0.06922
81,100,2,500,0.041014,0.071837,0.040499,0.064206,0.039838,0.070834
81,100,2,600,0.039883,0.070888,0.040471,0.065136,0.039948,0.0699
81,100,2,700,0.040421,0.069921,0.040447,0.06443,0.040092,0.070326
81,100,2,800,0.041123,0.070545,0.040366,0.064423,0.04012,0.069724
81,100,2,900,0.040238,0.071063,0.040126,0.064697,0.039504,0.069847
81,100,2,1000,0.040578,0.070816,0.040258,0.06409,0.039914,0.069952
81,100,2,1100,0.040358,0.070279,0.040915,0.06495,0.039778,0.070338
81,100,2,1200,0.04039,0.071174,0.041294,0.065868,0.039804,0.070788
81,100,2,1300,0.040862,0.071425,0.040586,0.064879,0.039698,0.070663
81,100,2,1400,0.040409,0.070605,0.041272,0.064759,0.040204,0.070842
91,100,2,100,0.048864,0.085979,0.049658,0.078935,0.04871,0.084835
91,100,2,200,0.048781,0.087937,0.049263,0.078762,0.048635,0.085772
91,100,2,300,0.049363,0.089317,0.048948,0.079122,0.048983,0.087981
91,100,2,400,0.04974,0.087784,0.04934,0.080007,0.048625,0.087418
91,100,2,500,0.049095,0.086128,0.0497,0.079995,0.048144,0.08663
91,100,2,600,0.048086,0.085991,0.050081,0.079587,0.048278,0.086395
91,100,2,700,0.05061,0.087806,0.0491,0.079496,0.048199,0.086684
91,100,2,800,0.050664,0.088221,0.048802,0.079216,0.048637,0.086612
91,100,2,900,0.049238,0.088872,0.048758,0.078553,0.048876,0.087266
91,100,2,1000,0.049069,0.087568,0.04881,0.078316,0.050341,0.088719
91,100,2,1100,0.048901,0.087221,0.050225,0.079568,0.048377,0.086902
91,100,2,1200,0.04881,0.088012,0.049608,0.078738,0.048441,0.088811
91,100,2,1300,0.049808,0.089228,0.048703,0.07877,0.048215,0.087365
91,100,2,1400,0.049157,0.090989,0.049032,0.079354,0.048292,0.087799
101,100,2,100,0.05828,0.105189,0.058696,0.096741,0.057416,0.104078
101,100,2,200,0.058108,0.104647,0.05806,0.096651,0.057383,0.104382
101,100,2,300,0.058272,0.10718,0.058942,0.097867,0.057238,0.104437
101,100,2,400,0.057538,0.105542,0.058643,0.096186,0.057636,0.104638
101,100,2,500,0.058442,0.105902,0.058433,0.096605,0.057515,0.104832
101,100,2,600,0.058466,0.106534,0.058344,0.096791,0.057907,0.105325
101,100,2,700,0.058217,0.106302,0.057979,0.096298,0.057466,0.104595
101,100,2,800,0.05944,0.106501,0.058219,0.096037,0.059118,0.105849
101,100,2,900,0.058477,0.107036,0.060469,0.097363,0.057819,0.105939
101,100,2,1000,0.058186,0.107218,0.058317,0.097091,0.057826,0.106083
101,100,2,1100,0.05851,0.107492,0.058693,0.097,0.05767,0.105754
101,100,2,1200,0.058381,0.107262,0.058698,0.096917,0.057917,0.106023
101,100,2,1300,0.058936,0.108019,0.058559,0.095899,0.05773,0.106497
101,100,2,1400,0.059943,0.115126,0.058217,0.096624,0.057877,0.107298
1,100,2,100,0.004485,0.000313,0.00458,0.000171,0.004364,0.000397
1,100,2,200,0.005378,0.000525,0.004774,0.000179,0.004096,0.000389
1,100,2,300,0.006232,0.000427,0.004794,0.000208,0.004191,0.000425
1,100,2,400,0.006055,0.000655,0.004808,0.00019,0.004067,0.0005
1,100,2,500,0.006785,0.000847,0.004682,0.000164,0.004043,0.000529
1,100,2,600,0.004232,0.000599,0.004594,0.000161,0.004145,0.00056
1,100,2,700,0.004946,0.000551,0.004623,0.000174,0.00406,0.000577
1,100,2,800,0.005693,0.000592,0.004865,0.000231,0.004079,0.000538
1,100,2,900,0.005049,0.00055,0.004716,0.000158,0.004144,0.000537
1,100,2,1000,0.005009,0.000572,0.004689,0.000159,0.004059,0.00053
1,100,2,1100,0.004773,0.000554,0.005808,0.000252,0.004144,0.000554
1,100,2,1200,0.004629,0.000491,0.005375,0.00019,0.004366,0.000603
1,100,2,1300,0.005239,0.00065,0.005228,0.000204,0.004014,0.000526
1,100,2,1400,0.005067,0.000633,0.005036,0.000181,0.00404,0.000578
11,100,2,100,0.005608,0.001861,0.00531,0.001527,0.005119,0.001848
11,100,2,200,0.004726,0.001896,0.00558,0.00216,0.004494,0.001902
11,100,2,300,0.005557,0.002193,0.005137,0.001964,0.005004,0.002137
11,100,2,400,0.005982,0.002595,0.005591,0.001497,0.005022,0.002796
11,100,2,500,0.004661,0.002289,0.006315,0.001626,0.004955,0.003407
11,100,2,600,0.005032,0.002687,0.005841,0.001563,0.004694,0.002479
11,100,2,700,0.005578,0.003117,0.005186,0.001977,0.005207,0.002753
11,100,2,800,0.006094,0.002762,0.005193,0.001516,0.004828,0.003272
11,100,2,900,0.004757,0.003267,0.005884,0.001532,0.005769,0.003096
11,100,2,1000,0.00492,0.002875,0.005778,0.00171,0.004611,0.0031
11,100,2,1100,0.005289,0.003105,0.005898,0.001685,0.004742,0.003157
11,100,2,1200,0.005031,0.003658,0.005252,0.00159,0.005529,0.003441
11,100,2,1300,0.005849,0.003508,0.005998,0.001574,0.004998,0.004059
11,100,2,1400,0.005287,0.004068,0.005365,0.001549,0.004854,0.003951
21,100,2,100,0.007935,0.005156,0.007439,0.004862,0.00738,0.005823
21,100,2,200,0.007768,0.005862,0.007965,0.005193,0.007933,0.005426
21,100,2,300,0.008371,0.005401,0.007436,0.005993,0.007926,0.005668
21,100,2,400,0.006993,0.006235,0.008081,0.004914,0.007329,0.005556
21,100,2,500,0.007131,0.005565,0.008314,0.005072,0.00734,0.006741
21,100,2,600,0.007623,0.006206,0.008559,0.00474,0.007131,0.005652
21,100,2,700,0.007176,0.007763,0.007671,0.005275,0.007415,0.006039
21,100,2,800,0.007598,0.005896,0.007521,0.0047,0.007245,0.006221
21,100,2,900,0.007675,0.008242,0.007962,0.004693,0.007336,0.006349
21,100,2,1000,0.007247,0.006356,0.007973,0.00494,0.007753,0.006787
21,100,2,1100,0.007577,0.007677,0.008087,0.004624,0.006937,0.006393
21,100,2,1200,0.007317,0.006526,0.007838,0.005236,0.007493,0.007214
21,100,2,1300,0.007551,0.007199,0.007943,0.005108,0.007434,0.008011
21,100,2,1400,0.008229,0.006685,0.007802,0.004636,0.006856,0.007434
31,100,2,100,0.011905,0.01054,0.011497,0.009634,0.010351,0.010937
31,100,2,200,0.011291,0.011924,0.011063,0.010805,0.01005,0.011713
31,100,2,300,0.011455,0.01151,0.011519,0.010005,0.011044,0.010978
31,100,2,400,0.01244,0.011085,0.010877,0.010223,0.010067,0.012265
31,100,2,500,0.011386,0.012352,0.010553,0.011096,0.011818,0.011816
31,100,2,600,0.011238,0.012947,0.010953,0.010515,0.010436,0.012214
31,100,2,700,0.010689,0.012523,0.010508,0.010837,0.010357,0.011779
31,100,2,800,0.010989,0.013112,0.011058,0.009821,0.010963,0.012384
31,100,2,900,0.011812,0.012454,0.010897,0.009862,0.010325,0.013219
31,100,2,1000,0.011184,0.013291,0.012374,0.010735,0.010375,0.012674
31,100,2,1100,0.010378,0.012226,0.010899,0.011008,0.010761,0.013119
31,100,2,1200,0.010128,0.013367,0.011195,0.009758,0.010843,0.01298
31,100,2,1300,0.010874,0.013595,0.010592,0.010482,0.010014,0.01355
31,100,2,1400,0.011003,0.013296,0.011293,0.010567,0.010523,0.01297
41,100,2,100,0.015029,0.021332,0.015799,0.017882,0.014932,0.022146
41,100,2,200,0.016087,0.020738,0.015681,0.018624,0.015366,0.021046
41,100,2,300,0.015651,0.021613,0.016113,0.018537,0.015758,0.020944
41,100,2,400,0.015129,0.020747,0.016363,0.018492,0.015536,0.021858
41,100,2,500,0.01557,0.019676,0.016172,0.019391,0.015979,0.021329
41,100,2,600,0.01578,0.021283,0.016525,0.018411,0.015674,0.023027
41,100,2,700,0.015035,0.02091,0.015342,0.019063,0.015584,0.02312
41,100,2,800,0.01531,0.021535,0.016011,0.018179,0.015087,0.023369
41,100,2,900,0.015762,0.021113,0.015617,0.018715,0.015136,0.023178
41,100,2,1000,0.015441,0.021485,0.017108,0.018625,0.015476,0.022712
41,100,2,1100,0.015467,0.021147,0.015682,0.018877,0.014795,0.023482
41,100,2,1200,0.015921,0.020901,0.016109,0.018254,0.014963,0.02248
41,100,2,1300,0.01487,0.021543,0.015524,0.017646,0.015116,0.022739
41,100,2,1400,0.015135,0.021429,0.016198,0.019582,0.017682,0.022929
51,100,2,100,0.020816,0.028712,0.02079,0.027159,0.019309,0.029371
51,100,2,200,0.01977,0.029388,0.019977,0.027483,0.019383,0.029215
51,100,2,300,0.019566,0.029531,0.020888,0.02643,0.020034,0.028878
51,100,2,400,0.020553,0.029946,0.020843,0.02634,0.020081,0.028911
51,100,2,500,0.020917,0.030026,0.020649,0.02716,0.020478,0.030666
51,100,2,600,0.020239,0.030467,0.020885,0.027342,0.020025,0.030243
51,100,2,700,0.019828,0.029604,0.020244,0.026825,0.019367,0.029774
51,100,2,800,0.019756,0.029889,0.02005,0.026856,0.020023,0.030214
51,100,2,900,0.019538,0.030725,0.02009,0.026923,0.020909,0.030991
51,100,2,1000,0.021326,0.030003,0.020176,0.026398,0.021294,0.030182
51,100,2,1100,0.021916,0.031828,0.027797,0.039402,0.028129,0.040064
51,100,2,1200,0.021277,0.033774,0.022229,0.02706,0.020824,0.031958
51,100,2,1300,0.021874,0.032662,0.021085,0.029394,0.019625,0.033179
51,100,2,1400,0.019797,0.030946,0.020654,0.027773,0.019391,0.031657
61,100,2,100,0.025519,0.041088,0.027146,0.040252,0.025091,0.039956
61,100,2,200,0.02563,0.041054,0.027501,0.037229,0.027257,0.040277
61,100,2,300,0.025594,0.040666,0.027438,0.037031,0.025173,0.040629
61,100,2,400,0.025397,0.041808,0.02661,0.037616,0.025621,0.041079
61,100,2,500,0.025477,0.041862,0.026335,0.036986,0.025434,0.041028
61,100,2,600,0.025647,0.041547,0.026796,0.037319,0.025414,0.040829
61,100,2,700,0.025931,0.041626,0.026953,0.038687,0.025715,0.04253
61,100,2,800,0.025554,0.042403,0.027057,0.03696,0.025382,0.041708
61,100,2,900,0.025219,0.042135,0.027288,0.038989,0.025297,0.041632
61,100,2,1000,0.025748,0.043155,0.027169,0.037248,0.025503,0.041577
61,100,2,1100,0.025789,0.042872,0.027583,0.037215,0.025491,0.041851
61,100,2,1200,0.025455,0.043009,0.027436,0.037234,0.025581,0.042492
61,100,2,1300,0.026605,0.043598,0.027137,0.037646,0.025383,0.04275
61,100,2,1400,0.025755,0.042739,0.026763,0.036886,0.02535,0.043527
71,100,2,100,0.032951,0.054901,0.032515,0.049254,0.032122,0.054048
71,100,2,200,0.032252,0.056116,0.033069,0.050345,0.032444,0.054181
71,100,2,300,0.032199,0.056941,0.032808,0.049886,0.032293,0.054498
71,100,2,400,0.032922,0.056055,0.032848,0.050095,0.032528,0.0559
71,100,2,500,0.032502,0.056479,0.033064,0.05023,0.032272,0.054829
71,100,2,600,0.033179,0.057023,0.033055,0.050596,0.032348,0.054514
71,100,2,700,0.032562,0.05622,0.032985,0.050677,0.032992,0.054948
71,100,2,800,0.032266,0.057869,0.033089,0.049742,0.032244,0.054911
71,100,2,900,0.033501,0.057005,0.032816,0.049774,0.03233,0.054378
71,100,2,1000,0.032501,0.058873,0.032985,0.050178,0.032348,0.054713
71,100,2,1100,0.032496,0.056491,0.033123,0.049265,0.03269,0.055582
71,100,2,1200,0.03334,0.056317,0.032698,0.049597,0.032407,0.055539
71,100,2,1300,0.032196,0.060468,0.033203,0.049776,0.032423,0.056421
71,100,2,1400,0.03256,0.056978,0.033532,0.050769,0.032177,0.05562
81,100,2,100,0.041868,0.068924,0.040502,0.064911,0.040535,0.069295
81,100,2,200,0.041246,0.069211,0.04019,0.063948,0.040682,0.068915
81,100,2,300,0.040122,0.069436,0.039928,0.063052,0.039889,0.068717
81,100,2,400,0.040636,0.06897,0.04021,0.063169,0.039703,0.068361
81,100,2,500,0.04059,0.068555,0.040293,0.063337,0.040524,0.069387
81,100,2,600,0.039818,0.069947,0.040423,0.063514,0.039906,0.069087
81,100,2,700,0.040991,0.070029,0.040215,0.064973,0.039862,0.069443
81,100,2,800,0.040134,0.070586,0.039978,0.063461,0.039877,0.069485
81,100,2,900,0.040391,0.069939,0.040494,0.064077,0.039826,0.06968
81,100,2,1000,0.040569,0.070076,0.040078,0.065459,0.039597,0.070231
81,100,2,1100,0.040128,0.071639,0.040389,0.063903,0.039911,0.070033
81,100,2,1200,0.040837,0.070332,0.040408,0.064345,0.039809,0.070124
81,100,2,1300,0.040623,0.070677,0.040261,0.063895,0.039934,0.070322
81,100,2,1400,0.040819,0.070427,0.04154,0.064144,0.039581,0.069769
91,100,2,100,0.048947,0.084764,0.048456,0.07855,0.048162,0.084839
91,100,2,200,0.049344,0.085065,0.048854,0.078891,0.04809,0.085662
91,100,2,300,0.049231,0.086743,0.048846,0.07983,0.048515,0.085859
91,100,2,400,0.049074,0.086243,0.048874,0.079702,0.048515,0.08616
91,100,2,500,0.049108,0.086412,0.048967,0.079479,0.048499,0.086286
91,100,2,600,0.049256,0.0863,0.049209,0.079292,0.04818,0.086333
91,100,2,700,0.048884,0.08732,0.048832,0.07875,0.048565,0.08628
91,100,2,800,0.049334,0.087082,0.048748,0.07915,0.048251,0.087821
91,100,2,900,0.049223,0.087535,0.048976,0.078754,0.048376,0.086993
91,100,2,1000,0.050063,0.088061,0.049102,0.08012,0.048406,0.087623
91,100,2,1100,0.049371,0.087595,0.048993,0.080111,0.048562,0.088183
91,100,2,1200,0.050551,0.08827,0.048709,0.079779,0.048253,0.087905
91,100,2,1300,0.050387,0.090008,0.048822,0.078964,0.048457,0.087332
91,100,2,1400,0.050091,0.090075,0.048813,0.079905,0.049613,0.088378
101,100,2,100,0.058618,0.105381,0.05989,0.096619,0.05763,0.104427
101,100,2,200,0.059846,0.105424,0.058582,0.098005,0.058935,0.104491
101,100,2,300,0.058192,0.106611,0.058036,0.096483,0.056963,0.104781
101,100,2,400,0.058526,0.105465,0.058328,0.095444,0.057292,0.10523
101,100,2,500,0.059099,0.105974,0.05841,0.09649,0.057449,0.104508
101,100,2,600,0.058985,0.106393,0.057896,0.096394,0.057211,0.105025
101,100,2,700,0.058353,0.105655,0.061244,0.095857,0.057491,0.107515
101,100,2,800,0.058627,0.107183,0.091179,0.118538,0.068588,0.109777
101,100,2,900,0.066811,0.110176,0.060145,0.122802,0.068439,0.144841
101,100,2,1000,0.06144,0.120538,0.068536,0.113843,0.05788,0.106709
101,100,2,1100,0.058778,0.107524,0.058113,0.111346,0.065413,0.10941
101,100,2,1200,0.085423,0.15451,0.059219,0.108792,0.057529,0.108881
101,100,2,1300,0.058514,0.106296,0.057891,0.096658,0.057122,0.105046
101,100,2,1400,0.058274,0.108465,0.059278,0.096328,0.057633,0.106619
1,100,2,100,0.002526,0.000198,0.002303,0.000105,0.002302,0.000162
1,100,2,200,0.002418,0.000246,0.002439,0.000106,0.002713,0.000209
1,100,2,300,0.002461,0.000257,0.002311,0.000106,0.002562,0.000249
1,100,2,400,0.002709,0.000239,0.002462,0.000131,0.002469,0.000243
1,100,2,500,0.00234,0.000259,0.002348,0.000101,0.003116,0.000461
1,100,2,600,0.002604,0.000319,0.002305,0.000101,0.002273,0.000299
1,100,2,700,0.002308,0.000369,0.002419,0.000177,0.003364,0.000521
1,100,2,800,0.00245,0.000331,0.002293,0.000107,0.00238,0.000389
1,100,2,900,0.0032,0.000577,0.003794,0.000246,0.002588,0.000463
1,100,2,1000,0.002493,0.000369,0.002278,0.000101,0.002264,0.000392
1,100,2,1100,0.002404,0.000386,0.002534,0.000104,0.002284,0.000442
1,100,2,1200,0.002689,0.000566,0.00233,0.000106,0.002352,0.000868
1,100,2,1300,0.003174,0.000584,0.002387,0.000109,0.002312,0.000548
1,100,2,1400,0.002359,0.000453,0.002301,0.000101,0.002716,0.000611
11,100,2,100,0.006207,0.002719,0.008386,0.0025,0.005977,0.003211
11,100,2,200,0.00666,0.00274,0.007989,0.002911,0.006205,0.002818
11,100,2,300,0.006554,0.002864,0.008815,0.002951,0.006156,0.002844
11,100,2,400,0.006154,0.003843,0.008079,0.002388,0.006888,0.003266
11,100,2,500,0.006964,0.003091,0.008535,0.002929,0.006211,0.00342
11,100,2,600,0.006421,0.003936,0.008083,0.002536,0.00708,0.003334
11,100,2,700,0.007145,0.003328,0.008962,0.0027,0.006997,0.003112
11,100,2,800,0.007886,0.003139,0.008915,0.002808,0.006519,0.003198
11,100,2,900,0.007187,0.003314,0.008411,0.002681,0.007724,0.003627
11,100,2,1000,0.006998,0.003825,0.008539,0.002499,0.006126,0.004457
11,100,2,1100,0.006732,0.003286,0.008484,0.002878,0.006715,0.004114
11,100,2,1200,0.007224,0.003623,0.008264,0.002754,0.007115,0.003897
11,100,2,1300,0.007112,0.003931,0.007878,0.002437,0.006722,0.003843
11,100,2,1400,0.007034,0.003942,0.009232,0.002701,0.006701,0.004267
21,100,2,100,0.010371,0.009079,0.012244,0.008176,0.009603,0.008837
21,100,2,200,0.011548,0.008383,0.012384,0.007829,0.010191,0.008413
21,100,2,300,0.010271,0.008304,0.012141,0.009008,0.010551,0.008819
21,100,2,400,0.010879,0.00869,0.01239,0.008305,0.010145,0.008783
21,100,2,500,0.010514,0.008383,0.01158,0.0083,0.010431,0.008412
21,100,2,600,0.01057,0.009188,0.012227,0.007486,0.010168,0.009041
21,100,2,700,0.0102,0.009411,0.012052,0.008995,0.010334,0.008845
21,100,2,800,0.010659,0.009207,0.01227,0.008144,0.010239,0.009113
21,100,2,900,0.010148,0.009683,0.01243,0.009305,0.010791,0.008762
21,100,2,1000,0.010758,0.009615,0.013727,0.007894,0.010161,0.009318
21,100,2,1100,0.010574,0.009709,0.013892,0.008676,0.010222,0.00971
21,100,2,1200,0.010372,0.009864,0.013088,0.007459,0.010284,0.009283
21,100,2,1300,0.011165,0.009545,0.013089,0.007826,0.010178,0.009436
21,100,2,1400,0.009808,0.009921,0.01309,0.008578,0.010842,0.009731
31,100,2,100,0.016087,0.01679,0.016617,0.016033,0.016167,0.018292
31,100,2,200,0.015143,0.016893,0.016865,0.015187,0.014744,0.017672
31,100,2,300,0.01506,0.018534,0.017406,0.017123,0.014952,0.018371
31,100,2,400,0.015338,0.01842,0.017443,0.015713,0.014673,0.01759
31,100,2,500,0.017124,0.016902,0.016561,0.01544,0.014893,0.018454
31,100,2,600,0.014925,0.01891,0.016822,0.015724,0.01526,0.017193
31,100,2,700,0.014821,0.018697,0.016906,0.015767,0.014707,0.018361
31,100,2,800,0.015549,0.01956,0.016201,0.01668,0.014807,0.018816
31,100,2,900,0.015599,0.019386,0.018023,0.016183,0.014398,0.018154
31,100,2,1000,0.01554,0.018914,0.01727,0.015871,0.015341,0.017283
31,100,2,1100,0.01583,0.019896,0.017225,0.015794,0.014828,0.018117
31,100,2,1200,0.015154,0.019156,0.016689,0.016099,0.015605,0.018363
31,100,2,1300,0.015444,0.018931,0.016747,0.016878,0.015524,0.019557
31,100,2,1400,0.015415,0.019106,0.017248,0.015898,0.015398,0.019385
41,100,2,100,0.020809,0.032687,0.024303,0.028731,0.022458,0.030601
41,100,2,200,0.020897,0.030524,0.024739,0.029495,0.021208,0.031643
41,100,2,300,0.021908,0.031768,0.025191,0.028673,0.021139,0.032709
41,100,2,400,0.02236,0.030926,0.024,0.02995,0.021818,0.030959
41,100,2,500,0.021486,0.032445,0.024699,0.031263,0.021855,0.030878
41,100,2,600,0.021906,0.032175,0.02376,0.029056,0.021393,0.031912
41,100,2,700,0.021578,0.032229,0.024298,0.028383,0.021152,0.031441
41,100,2,800,0.022262,0.033547,0.026566,0.028162,0.020749,0.031261
41,100,2,900,0.022515,0.031075,0.024177,0.029018,0.021294,0.031588
41,100,2,1000,0.021634,0.03222,0.024726,0.030078,0.022724,0.032016
41,100,2,1100,0.022291,0.031795,0.023961,0.029267,0.021824,0.032132
41,100,2,1200,0.021588,0.03301,0.025263,0.02958,0.02129,0.033012
41,100,2,1300,0.022542,0.031968,0.023875,0.029832,0.021617,0.031801
41,100,2,1400,0.021923,0.031307,0.023997,0.032529,0.021844,0.032264
51,100,2,100,0.029079,0.046261,0.03028,0.042655,0.029151,0.046435
51,100,2,200,0.02955,0.046066,0.030235,0.042017,0.028587,0.046012
51,100,2,300,0.029632,0.04694,0.030835,0.042822,0.029303,0.047504
51,100,2,400,0.030311,0.046047,0.030806,0.044055,0.028426,0.046161
51,100,2,500,0.029092,0.045584,0.030878,0.04197,0.030315,0.046584
51,100,2,600,0.028636,0.045371,0.030338,0.043511,0.028386,0.046008
51,100,2,700,0.030207,0.047732,0.031681,0.043231,0.028962,0.046757
51,100,2,800,0.029118,0.045988,0.030003,0.042484,0.029316,0.046688
51,100,2,900,0.029951,0.046846,0.030727,0.042419,0.028471,0.04771
51,100,2,1000,0.029235,0.045883,0.031084,0.041823,0.029491,0.048067
51,100,2,1100,0.028891,0.046656,0.043712,0.065388,0.03025,0.046902
51,100,2,1200,0.029089,0.04613,0.030087,0.042682,0.028273,0.048165
51,100,2,1300,0.029828,0.046424,0.031176,0.042507,0.029317,0.046225
51,100,2,1400,0.028873,0.046262,0.030078,0.041984,0.029235,0.046013
61,100,2,100,0.03883,0.063437,0.039255,0.05942,0.038228,0.065072
61,100,2,200,0.037795,0.065196,0.039045,0.058132,0.037222,0.065458
61,100,2,300,0.038,0.063624,0.039455,0.05821,0.037293,0.063705
61,100,2,400,0.038112,0.063579,0.039973,0.058484,0.037566,0.063066
61,100,2,500,0.037913,0.064695,0.039349,0.058079,0.037197,0.063899
61,100,2,600,0.03771,0.065345,0.039132,0.059376,0.03761,0.062832
61,100,2,700,0.037682,0.064968,0.039025,0.058028,0.037275,0.064489
61,100,2,800,0.037952,0.064822,0.038913,0.058909,0.037685,0.064606
61,100,2,900,0.03975,0.065566,0.039195,0.058793,0.037672,0.064391
61,100,2,1000,0.038627,0.06433,0.039275,0.058669,0.037234,0.063638
61,100,2,1100,0.037592,0.064909,0.039182,0.059065,0.037298,0.064204
61,100,2,1200,0.037991,0.065375,0.039306,0.058864,0.037421,0.064
61,100,2,1300,0.03785,0.065063,0.03973,0.058503,0.03714,0.06451
61,100,2,1400,0.037797,0.064358,0.038935,0.059093,0.037061,0.064195
71,100,2,100,0.047654,0.085477,0.049247,0.078021,0.047404,0.083365
71,100,2,200,0.047568,0.0861,0.04963,0.078254,0.047472,0.083813
71,100,2,300,0.047599,0.085422,0.049848,0.078119,0.047737,0.083932
71,100,2,400,0.048464,0.085278,0.05057,0.08065,0.047664,0.084529
71,100,2,500,0.048225,0.084509,0.050565,0.085707,0.047981,0.08597
71,100,2,600,0.047681,0.084631,0.049689,0.078267,0.047855,0.085515
71,100,2,700,0.048019,0.085399,0.052194,0.079898,0.047521,0.086042
71,100,2,800,0.051162,0.084286,0.049992,0.077821,0.047684,0.084124
71,100,2,900,0.048924,0.085212,0.050424,0.079243,0.047969,0.086068
71,100,2,1000,0.048295,0.085778,0.049834,0.077971,0.047654,0.089473
71,100,2,1100,0.04852,0.085028,0.049792,0.077665,0.048138,0.085173
71,100,2,1200,0.048311,0.086019,0.049772,0.078346,0.048168,0.085373
71,100,2,1300,0.049561,0.086661,0.049031,0.078091,0.047795,0.086498
71,100,2,1400,0.047925,0.084686,0.050381,0.078351,0.047065,0.084103
81,100,2,100,0.060053,0.108599,0.060753,0.101028,0.058809,0.106812
81,100,2,200,0.058572,0.108191,0.060999,0.099831,0.058323,0.113776
81,100,2,300,0.059187,0.106791,0.06032,0.100158,0.058899,0.108472
81,100,2,400,0.059331,0.107211,0.060995,0.099066,0.081773,0.129926
81,100,2,500,0.060325,0.109695,0.060641,0.099902,0.05916,0.107756
81,100,2,600,0.059337,0.107988,0.060922,0.100986,0.059178,0.108241
81,100,2,700,0.082512,0.121996,0.068063,0.116128,0.061491,0.113092
81,100,2,800,0.062186,0.123731,0.095142,0.137897,0.06489,0.114279
81,100,2,900,0.062366,0.130537,0.07374,0.128644,0.059352,0.108672
81,100,2,1000,0.060499,0.113692,0.06242,0.105391,0.062563,0.115946
81,100,2,1100,0.070831,0.120726,0.063993,0.129234,0.059313,0.108979
81,100,2,1200,0.060745,0.109311,0.063041,0.100019,0.061864,0.111058
81,100,2,1300,0.060902,0.108704,0.062623,0.100878,0.059721,0.109145
81,100,2,1400,0.060579,0.109538,0.061519,0.10066,0.060457,0.109404
91,100,2,100,0.07274,0.134285,0.074121,0.123856,0.072637,0.132896
91,100,2,200,0.07196,0.132784,0.07442,0.123955,0.071815,0.13338
91,100,2,300,0.074199,0.136412,0.073763,0.125553,0.07242,0.134236
91,100,2,400,0.073027,0.134046,0.074248,0.125059,0.072175,0.136099
91,100,2,500,0.072803,0.135357,0.073847,0.126608,0.07234,0.133879
91,100,2,600,0.073259,0.140777,0.073349,0.124864,0.071422,0.133665
91,100,2,700,0.074767,0.135134,0.073088,0.12369,0.07207,0.132775
91,100,2,800,0.073247,0.134094,0.073011,0.123616,0.071934,0.132856
91,100,2,900,0.073161,0.135121,0.0727,0.122919,0.072287,0.13324
91,100,2,1000,0.072404,0.134514,0.072924,0.123422,0.071544,0.13307
91,100,2,1100,0.072579,0.135872,0.073398,0.123413,0.072509,0.133724
91,100,2,1200,0.071863,0.134557,0.072743,0.123251,0.071296,0.134556
91,100,2,1300,0.072192,0.135158,0.073108,0.12575,0.071364,0.133388
91,100,2,1400,0.072372,0.1371,0.074064,0.124598,0.071477,0.136436
101,100,2,100,0.086359,0.163238,0.086883,0.151443,0.085049,0.163383
101,100,2,200,0.088992,0.161913,0.087265,0.150124,0.085166,0.161346
101,100,2,300,0.085825,0.164512,0.086562,0.151535,0.085205,0.164803
101,100,2,400,0.085937,0.166654,0.088046,0.151357,0.084826,0.162434
101,100,2,500,0.087373,0.162853,0.087471,0.150914,0.086611,0.173653
101,100,2,600,0.086921,0.165002,0.08754,0.151878,0.085948,0.163853
101,100,2,700,0.087364,0.164441,0.088006,0.150016,0.085066,0.162341
101,100,2,800,0.087145,0.1652,0.088621,0.150538,0.085714,0.163448
101,100,2,900,0.087763,0.164125,0.088372,0.150474,0.0859,0.163151
101,100,2,1000,0.09294,0.168778,0.087768,0.150415,0.086856,0.162635
101,100,2,1100,0.086735,0.164268,0.087519,0.151621,0.085626,0.163831
101,100,2,1200,0.086877,0.164659,0.109838,0.151558,0.085108,0.164974
101,100,2,1300,0.087315,0.165515,0.087359,0.15149,0.085788,0.16359
101,100,2,1400,0.08741,0.169255,0.087766,0.151539,0.08551,0.163564
1,100,2,100,0.003114,0.000302,0.003342,0.000106,0.002573,0.00022
1,100,2,200,0.003653,0.000399,0.004759,0.000119,0.002726,0.000323
1,100,2,300,0.003315,0.000279,0.003347,0.000111,0.002913,0.0004
1,100,2,400,0.00332,0.00027,0.003396,0.000111,0.002524,0.000276
1,100,2,500,0.004553,0.000689,0.003514,0.000101,0.002477,0.000319
1,100,2,600,0.003368,0.000272,0.004905,0.0002,0.002724,0.000376
1,100,2,700,0.00441,0.000399,0.003374,0.000106,0.003719,0.000469
1,100,2,800,0.003256,0.000289,0.003354,0.000101,0.00255,0.000345
1,100,2,900,0.003885,0.000328,0.003927,0.000176,0.00266,0.00031
1,100,2,1000,0.00289,0.000298,0.003403,0.000136,0.003645,0.000493
1,100,2,1100,0.003701,0.00027,0.00329,0.000102,0.002567,0.00029
1,100,2,1200,0.004753,0.000338,0.003435,0.000112,0.002533,0.000348
1,100,2,1300,0.003313,0.000297,0.003776,0.000171,0.003029,0.000377
1,100,2,1400,0.003418,0.000296,0.003312,0.000108,0.002568,0.000335
11,100,2,100,0.005761,0.001914,0.004702,0.001909,0.004345,0.001716
11,100,2,200,0.00545,0.002057,0.004755,0.001591,0.004729,0.001866
11,100,2,300,0.00446,0.001816,0.005625,0.001514,0.004077,0.001865
11,100,2,400,0.004563,0.002381,0.004655,0.001538,0.004412,0.00256
11,100,2,500,0.00423,0.001893,0.005313,0.001747,0.003837,0.00194
11,100,2,600,0.005078,0.002262,0.004661,0.001545,0.00536,0.002267
11,100,2,700,0.004973,0.002512,0.004808,0.001541,0.004826,0.002542
11,100,2,800,0.004688,0.002219,0.005713,0.001659,0.003895,0.00218
11,100,2,900,0.004951,0.002396,0.004749,0.001487,0.004315,0.002889
11,100,2,1000,0.004543,0.00229,0.005875,0.001607,0.003859,0.002793
11,100,2,1100,0.005009,0.002408,0.005593,0.001917,0.003994,0.002513
11,100,2,1200,0.005475,0.002613,0.004664,0.001498,0.004075,0.003206
11,100,2,1300,0.004402,0.002465,0.005485,0.001657,0.003971,0.00364
11,100,2,1400,0.004797,0.002659,0.005539,0.001666,0.003987,0.002752
21,100,2,100,0.006589,0.005792,0.007799,0.005015,0.007525,0.006174
21,100,2,200,0.007404,0.005554,0.008184,0.004751,0.006749,0.005141
21,100,2,300,0.007511,0.005131,0.007013,0.005637,0.007365,0.005459
21,100,2,400,0.007126,0.006073,0.007443,0.005214,0.007162,0.005445
21,100,2,500,0.008347,0.00535,0.007055,0.004664,0.006353,0.005771
21,100,2,600,0.007038,0.005796,0.007686,0.004796,0.006492,0.006532
21,100,2,700,0.008243,0.005753,0.007523,0.004672,0.00648,0.005497
21,100,2,800,0.006631,0.006282,0.007896,0.004826,0.006828,0.006667
21,100,2,900,0.008296,0.005933,0.007549,0.004723,0.00652,0.005653
21,100,2,1000,0.006697,0.006772,0.008141,0.005029,0.006913,0.006557
21,100,2,1100,0.008871,0.005825,0.007591,0.004633,0.006438,0.005734
21,100,2,1200,0.006772,0.006785,0.008279,0.005103,0.006504,0.006645
21,100,2,1300,0.007875,0.00588,0.007368,0.004636,0.006298,0.005936
21,100,2,1400,0.006505,0.006621,0.007658,0.004733,0.006949,0.00697
31,100,2,100,0.009551,0.012107,0.009997,0.011415,0.00965,0.012875
31,100,2,200,0.011245,0.012011,0.010273,0.011399,0.011142,0.011207
31,100,2,300,0.011795,0.011146,0.011488,0.009701,0.010207,0.010869
31,100,2,400,0.012705,0.011076,0.010596,0.009854,0.00927,0.011614
31,100,2,500,0.011673,0.011892,0.010861,0.01129,0.010062,0.011996
31,100,2,600,0.010767,0.013286,0.011855,0.009873,0.010784,0.011772
31,100,2,700,0.011342,0.010786,0.010445,0.009542,0.009626,0.010775
31,100,2,800,0.011426,0.011403,0.009951,0.010243,0.009235,0.01199
31,100,2,900,0.010922,0.012213,0.00991,0.011159,0.009126,0.012793
31,100,2,1000,0.011472,0.011993,0.010122,0.011535,0.010801,0.011211
31,100,2,1100,0.011507,0.012303,0.010463,0.009562,0.009926,0.012212
31,100,2,1200,0.010806,0.011166,0.010195,0.009778,0.009374,0.012118
31,100,2,1300,0.010639,0.012306,0.009977,0.011681,0.009461,0.012457
31,100,2,1400,0.010409,0.01257,0.011549,0.010229,0.009948,0.01239
41,100,2,100,0.01521,0.019764,0.015856,0.018725,0.015113,0.024676
41,100,2,200,0.015567,0.020005,0.015494,0.018162,0.014266,0.022242
41,100,2,300,0.01586,0.02001,0.015089,0.018851,0.015119,0.02137
41,100,2,400,0.015542,0.019839,0.014987,0.019361,0.015184,0.022813
41,100,2,500,0.014691,0.02051,0.01562,0.0181,0.0152,0.021492
41,100,2,600,0.014478,0.02033,0.01595,0.01819,0.014193,0.022013
41,100,2,700,0.015121,0.019588,0.014791,0.017875,0.014076,0.021225
41,100,2,800,0.015457,0.020117,0.014814,0.018382,0.01413,0.021326
41,100,2,900,0.015414,0.019689,0.015429,0.018349,0.014361,0.021626
41,100,2,1000,0.015365,0.021115,0.015918,0.018948,0.014741,0.021014
41,100,2,1100,0.015658,0.021064,0.015705,0.017969,0.014478,0.021862
41,100,2,1200,0.015133,0.020795,0.01516,0.018531,0.014236,0.022272
41,100,2,1300,0.014953,0.02058,0.01545,0.019143,0.015096,0.021298
41,100,2,1400,0.014764,0.021172,0.015684,0.018795,0.015212,0.02168
51,100,2,100,0.020213,0.0294,0.019751,0.026848,0.018834,0.029488
51,100,2,200,0.020179,0.028994,0.019595,0.027156,0.019139,0.029159
51,100,2,300,0.020442,0.029595,0.020447,0.026867,0.019895,0.028907
51,100,2,400,0.020313,0.029721,0.02046,0.026921,0.019487,0.029333
51,100,2,500,0.019558,0.029706,0.019745,0.0267,0.018826,0.029617
51,100,2,600,0.019304,0.030071,0.020217,0.026597,0.019549,0.029601
51,100,2,700,0.020213,0.029972,0.020774,0.026563,0.019651,0.029021
51,100,2,800,0.019336,0.02993,0.019612,0.02744,0.018776,0.029162
51,100,2,900,0.01956,0.030113,0.020103,0.028011,0.019209,0.029019
51,100,2,1000,0.020489,0.030351,0.020514,0.026385,0.019549,0.029131
51,100,2,1100,0.020259,0.030251,0.020158,0.027138,0.019595,0.029489
51,100,2,1200,0.019431,0.030888,0.020151,0.026547,0.018784,0.030049
51,100,2,1300,0.018998,0.029759,0.019604,0.027051,0.01894,0.02988
51,100,2,1400,0.019598,0.030547,0.020232,0.027834,0.01978,0.029931
61,100,2,100,0.025888,0.040557,0.026257,0.037279,0.027634,0.040127
61,100,2,200,0.026123,0.042276,0.027517,0.037612,0.024673,0.040219
61,100,2,300,0.024902,0.041742,0.039501,0.057815,0.025169,0.041596
61,100,2,400,0.025208,0.040278,0.027476,0.037361,0.024786,0.040574
61,100,2,500,0.02544,0.041132,0.026198,0.037164,0.025594,0.040041
61,100,2,600,0.024982,0.041165,0.026176,0.037492,0.025141,0.041431
61,100,2,700,0.025445,0.041732,0.026201,0.038709,0.025123,0.040103
61,100,2,800,0.025302,0.041175,0.02631,0.037157,0.02489,0.040207
61,100,2,900,0.025464,0.041608,0.026112,0.037146,0.025327,0.040323
61,100,2,1000,0.025129,0.041273,0.026551,0.037049,0.024836,0.040519
61,100,2,1100,0.025438,0.042302,0.026239,0.037794,0.03892,0.059367
61,100,2,1200,0.033251,0.060082,0.029814,0.039921,0.026103,0.0429
61,100,2,1300,0.032341,0.059949,0.026717,0.041686,0.026198,0.050693
61,100,2,1400,0.02639,0.047356,0.026283,0.038997,0.025851,0.060957
71,100,2,100,0.033255,0.058362,0.046496,0.059504,0.042597,0.075051
71,100,2,200,0.034581,0.06625,0.034049,0.051648,0.042245,0.077849
71,100,2,300,0.034626,0.061209,0.036083,0.068964,0.036159,0.05452
71,100,2,400,0.03274,0.05564,0.032628,0.049329,0.031622,0.053705
71,100,2,500,0.032639,0.055518,0.036577,0.053606,0.034667,0.059461
71,100,2,600,0.039807,0.059977,0.045441,0.051902,0.034218,0.058161
71,100,2,700,0.036073,0.064098,0.032258,0.049957,0.033282,0.055438
71,100,2,800,0.032338,0.055744,0.032739,0.055663,0.031675,0.054071
71,100,2,900,0.033949,0.055605,0.032731,0.049718,0.031724,0.05391
71,100,2,1000,0.032559,0.055722,0.033066,0.050253,0.032629,0.055564
71,100,2,1100,0.03235,0.055864,0.032301,0.049764,0.031757,0.05502
71,100,2,1200,0.033976,0.055716,0.032668,0.049787,0.031803,0.054681
71,100,2,1300,0.032181,0.057701,0.033015,0.050174,0.033576,0.054577
71,100,2,1400,0.032248,0.056972,0.032405,0.050321,0.034593,0.054295
81,100,2,100,0.040478,0.068858,0.040044,0.063835,0.039205,0.069132
81,100,2,200,0.040408,0.06863,0.039932,0.064495,0.039592,0.068413
81,100,2,300,0.04019,0.069698,0.040133,0.063745,0.03931,0.070069
81,100,2,400,0.040707,0.068808,0.039998,0.06377,0.039477,0.068653
81,100,2,500,0.039807,0.069805,0.039817,0.06397,0.039611,0.069321
81,100,2,600,0.040375,0.070053,0.039684,0.064365,0.039126,0.068798
81,100,2,700,0.03992,0.069803,0.039898,0.063664,0.039228,0.068872
81,100,2,800,0.041198,0.069648,0.039631,0.06359,0.038911,0.068735
81,100,2,900,0.040413,0.069087,0.040668,0.064046,0.039523,0.069261
81,100,2,1000,0.039721,0.069554,0.041072,0.064806,0.039197,0.068876
81,100,2,1100,0.040268,0.068688,0.040048,0.063346,0.040115,0.069599
81,100,2,1200,0.039799,0.070452,0.03999,0.064352,0.03945,0.070971
81,100,2,1300,0.040187,0.069704,0.039964,0.064125,0.039441,0.069351
81,100,2,1400,0.04037,0.070026,0.03995,0.064321,0.040022,0.070837
91,100,2,100,0.048696,0.085379,0.04843,0.079193,0.04789,0.086346
91,100,2,200,0.048674,0.086202,0.051258,0.079376,0.047851,0.084811
91,100,2,300,0.049017,0.085656,0.04912,0.079655,0.047442,0.084459
91,100,2,400,0.049459,0.084637,0.048787,0.079875,0.047497,0.084742
91,100,2,500,0.049586,0.08863,0.048839,0.079239,0.047682,0.08543
91,100,2,600,0.048995,0.087029,0.048448,0.079269,0.048503,0.085746
91,100,2,700,0.048536,0.08534,0.048531,0.079137,0.047872,0.085575
91,100,2,800,0.04861,0.085897,0.049848,0.079183,0.047996,0.085719
91,100,2,900,0.048957,0.085973,0.048544,0.079271,0.047917,0.085787
91,100,2,1000,0.048878,0.086194,0.048469,0.079239,0.047657,0.086115
91,100,2,1100,0.048815,0.085961,0.048428,0.078857,0.048379,0.085651
91,100,2,1200,0.048974,0.086274,0.048405,0.078945,0.047766,0.08593
91,100,2,1300,0.049312,0.086687,0.048637,0.080482,0.048518,0.085861
91,100,2,1400,0.049628,0.08584,0.048728,0.079338,0.047672,0.086823
101,100,2,100,0.05911,0.104998,0.058067,0.098239,0.058826,0.105625
101,100,2,200,0.058169,0.104682,0.059436,0.096419,0.057454,0.104212
101,100,2,300,0.059502,0.105895,0.058056,0.096823,0.057881,0.104138
101,100,2,400,0.058461,0.105241,0.057566,0.096283,0.056516,0.10338
101,100,2,500,0.057741,0.104645,0.057863,0.096831,0.063435,0.108877
101,100,2,600,0.058409,0.105871,0.058292,0.097834,0.056665,0.104165
101,100,2,700,0.057721,0.104923,0.057879,0.098296,0.056528,0.104253
101,100,2,800,0.058216,0.106173,0.058096,0.096598,0.056785,0.105619
101,100,2,900,0.058224,0.10419,0.058928,0.096926,0.056483,0.104295
101,100,2,1000,0.059163,0.105967,0.059879,0.096986,0.05817,0.104495
101,100,2,1100,0.058628,0.107119,0.060089,0.096874,0.056932,0.104857
101,100,2,1200,0.060126,0.105832,0.059603,0.097452,0.057638,0.105872
101,100,2,1300,0.05787,0.105526,0.058175,0.096297,0.057033,0.10479
101,100,2,1400,0.058007,0.105371,0.058662,0.096796,0.057108,0.104435
1,100,2,100,0.003222,0.000324,0.003163,0.000117,0.002321,0.000196
1,100,2,200,0.002274,0.000232,0.002973,0.000108,0.002439,0.000238
1,100,2,300,0.002269,0.000261,0.002816,0.00011,0.002292,0.000276
1,100,2,400,0.002642,0.000498,0.003551,0.000142,0.002446,0.000367
1,100,2,500,0.002281,0.000343,0.002854,0.000102,0.002191,0.000382
1,100,2,600,0.002842,0.000468,0.003,0.000162,0.002254,0.00046
1,100,2,700,0.002283,0.000466,0.002873,0.000102,0.002178,0.000512
1,100,2,800,0.00238,0.000547,0.002931,0.000106,0.002204,0.000529
1,100,2,900,0.002876,0.000851,0.003014,0.000109,0.002267,0.000715
1,100,2,1000,0.003076,0.000777,0.002945,0.000118,0.002239,0.000712
1,100,2,1100,0.002237,0.000631,0.003182,0.000107,0.002311,0.000727
1,100,2,1200,0.002229,0.000679,0.002886,0.000106,0.00286,0.001101
1,100,2,1300,0.002725,0.000798,0.002908,0.000108,0.002227,0.000799
1,100,2,1400,0.00237,0.000749,0.003836,0.000165,0.002494,0.000978
11,100,2,100,0.003587,0.001605,0.004544,0.001627,0.003561,0.001612
11,100,2,200,0.004201,0.001752,0.004262,0.00155,0.004479,0.001848
11,100,2,300,0.003696,0.001796,0.004728,0.001711,0.005437,0.003058
11,100,2,400,0.006973,0.003936,0.00765,0.003459,0.006633,0.004001
11,100,2,500,0.005349,0.003035,0.007149,0.003614,0.003893,0.002098
11,100,2,600,0.0042,0.002329,0.004294,0.001531,0.003895,0.002603
11,100,2,700,0.003762,0.002052,0.005613,0.001874,0.003746,0.002161
11,100,2,800,0.004007,0.002249,0.004323,0.001541,0.003551,0.002581
11,100,2,900,0.003833,0.00212,0.00417,0.001919,0.003999,0.002223
11,100,2,1000,0.003546,0.003163,0.004457,0.00155,0.003475,0.002671
11,100,2,1100,0.003882,0.002181,0.00412,0.001816,0.004,0.002321
11,100,2,1200,0.003605,0.002292,0.004688,0.001578,0.003543,0.002291
11,100,2,1300,0.003989,0.002362,0.004141,0.001533,0.004229,0.002495
11,100,2,1400,0.003535,0.002408,0.005127,0.00151,0.003552,0.002441
21,100,2,100,0.009774,0.007931,0.011905,0.008471,0.010945,0.008501
21,100,2,200,0.010016,0.008374,0.01101,0.008053,0.010411,0.008339
21,100,2,300,0.01041,0.008968,0.012275,0.00807,0.01006,0.008298
21,100,2,400,0.00943,0.008669,0.011473,0.007868,0.010045,0.009007
21,100,2,500,0.009936,0.008736,0.011436,0.007722,0.009636,0.00857
21,100,2,600,0.009891,0.009182,0.012113,0.007759,0.009845,0.008467
21,100,2,700,0.009431,0.009601,0.011649,0.007536,0.009893,0.009487
21,100,2,800,0.00998,0.009323,0.011697,0.009358,0.009974,0.009032
21,100,2,900,0.00967,0.009751,0.01175,0.008602,0.010199,0.009583
21,100,2,1000,0.009453,0.009381,0.011578,0.008117,0.009378,0.009411
21,100,2,1100,0.01003,0.009004,0.012117,0.007358,0.009875,0.009882
21,100,2,1200,0.010289,0.009905,0.011448,0.008408,0.009549,0.009455
21,100,2,1300,0.009565,0.009814,0.012485,0.007331,0.009898,0.009832
21,100,2,1400,0.010312,0.009894,0.012155,0.008281,0.00971,0.009692
31,100,2,100,0.015269,0.016568,0.015934,0.015218,0.01416,0.01835
31,100,2,200,0.014382,0.018586,0.016794,0.01651,0.014361,0.017859
31,100,2,300,0.014127,0.018914,0.015514,0.018162,0.015272,0.017979
31,100,2,400,0.013998,0.019143,0.01558,0.0169,0.013972,0.018161
31,100,2,500,0.014832,0.017399,0.015862,0.016426,0.014346,0.018925
31,100,2,600,0.014327,0.018532,0.016634,0.015954,0.014627,0.0184
31,100,2,700,0.014253,0.019242,0.015938,0.016548,0.016087,0.017534
31,100,2,800,0.013845,0.018067,0.015453,0.016733,0.015804,0.017938
31,100,2,900,0.014641,0.017171,0.01611,0.016266,0.014718,0.018975
31,100,2,1000,0.014669,0.019301,0.015594,0.016235,0.014266,0.019252
31,100,2,1100,0.014914,0.017539,0.015997,0.015547,0.014772,0.019559
31,100,2,1200,0.015262,0.019165,0.016022,0.016196,0.014262,0.019963
31,100,2,1300,0.015417,0.018592,0.016429,0.015551,0.014961,0.017895
31,100,2,1400,0.014125,0.018838,0.015792,0.016144,0.015411,0.018853
41,100,2,100,0.021613,0.029379,0.022653,0.02869,0.02332,0.031907
41,100,2,200,0.021667,0.031197,0.023884,0.030495,0.021323,0.030606
41,100,2,300,0.022103,0.033357,0.024849,0.030046,0.021574,0.031947
41,100,2,400,0.022384,0.031702,0.026428,0.029424,0.021374,0.032287
41,100,2,500,0.021959,0.032229,0.024367,0.029505,0.020402,0.031198
41,100,2,600,0.021513,0.033471,0.024119,0.030166,0.021249,0.031466
41,100,2,700,0.021221,0.032656,0.023939,0.030578,0.020905,0.031275
41,100,2,800,0.021124,0.032833,0.024328,0.02849,0.020862,0.031204
41,100,2,900,0.020924,0.033301,0.024716,0.028853,0.021911,0.033849
41,100,2,1000,0.021239,0.031451,0.023194,0.031113,0.020845,0.032991
41,100,2,1100,0.021615,0.031738,0.023168,0.02981,0.021567,0.032313
41,100,2,1200,0.022815,0.032223,0.023741,0.031145,0.021554,0.031892
41,100,2,1300,0.020492,0.034285,0.024515,0.029207,0.021857,0.034497
41,100,2,1400,0.021554,0.031617,0.024641,0.030532,0.021624,0.033088
51,100,2,100,0.029838,0.045962,0.030513,0.042722,0.028609,0.046856
51,100,2,200,0.029312,0.045591,0.029836,0.043379,0.02871,0.047038
51,100,2,300,0.029012,0.04535,0.029868,0.043461,0.028185,0.046796
51,100,2,400,0.029993,0.05002,0.029804,0.043294,0.029324,0.046352
51,100,2,500,0.029195,0.046877,0.030527,0.042803,0.027907,0.046377
51,100,2,600,0.028466,0.04663,0.030632,0.042562,0.027918,0.046428
51,100,2,700,0.027993,0.046117,0.029712,0.042085,0.028962,0.046
51,100,2,800,0.028166,0.046619,0.029638,0.043692,0.028256,0.047315
51,100,2,900,0.029162,0.046599,0.030253,0.043255,0.028072,0.04816
51,100,2,1000,0.028287,0.046675,0.030216,0.042302,0.02889,0.045399
51,100,2,1100,0.028023,0.045185,0.030041,0.042264,0.028792,0.046451
51,100,2,1200,0.028019,0.046844,0.029617,0.043012,0.029847,0.046646
51,100,2,1300,0.029441,0.04647,0.030214,0.042913,0.028025,0.046879
51,100,2,1400,0.028832,0.046687,0.031706,0.041858,0.028651,0.046668
61,100,2,100,0.037216,0.063391,0.038544,0.05817,0.036893,0.063577
61,100,2,200,0.037169,0.063394,0.038742,0.058361,0.036977,0.064518
61,100,2,300,0.037101,0.065023,0.038555,0.05873,0.036936,0.06483
61,100,2,400,0.047632,0.081528,0.044989,0.066786,0.037207,0.06366
61,100,2,500,0.038131,0.06423,0.038598,0.059742,0.03666,0.06365
61,100,2,600,0.038014,0.06508,0.038573,0.060616,0.036669,0.063276
61,100,2,700,0.038101,0.065835,0.039109,0.060171,0.036953,0.06384
61,100,2,800,0.037906,0.064015,0.044294,0.080999,0.041784,0.073699
61,100,2,900,0.046138,0.085471,0.039081,0.058814,0.037253,0.064807
61,100,2,1000,0.038264,0.065997,0.039684,0.060039,0.036803,0.063338
61,100,2,1100,0.037942,0.063804,0.039233,0.05822,0.037626,0.063164
61,100,2,1200,0.038227,0.065014,0.038098,0.059828,0.036829,0.063907
61,100,2,1300,0.03852,0.06439,0.038299,0.05851,0.036737,0.066076
61,100,2,1400,0.038892,0.066524,0.038722,0.058808,0.036726,0.064901
71,100,2,100,0.048533,0.084189,0.049239,0.079319,0.047113,0.08597
71,100,2,200,0.047608,0.084879,0.049366,0.078938,0.047301,0.086859
71,100,2,300,0.046879,0.083951,0.048767,0.077782,0.046716,0.083591
71,100,2,400,0.04779,0.084248,0.04881,0.078566,0.047005,0.08343
71,100,2,500,0.047213,0.083703,0.049588,0.07958,0.046971,0.085348
71,100,2,600,0.049155,0.086395,0.049115,0.078319,0.047261,0.08543
71,100,2,700,0.048289,0.085922,0.048842,0.078746,0.047199,0.086971
71,100,2,800,0.047731,0.085615,0.049114,0.076357,0.047156,0.085066
71,100,2,900,0.047841,0.084975,0.049277,0.078692,0.047024,0.085034
71,100,2,1000,0.047591,0.087028,0.048824,0.078287,0.047171,0.085507
71,100,2,1100,0.047749,0.086305,0.048941,0.078332,0.047391,0.084504
71,100,2,1200,0.048913,0.087299,0.049795,0.080208,0.047618,0.086333
71,100,2,1300,0.049404,0.085202,0.049932,0.080699,0.047496,0.087022
71,100,2,1400,0.047055,0.085019,0.049982,0.078452,0.047502,0.085607
81,100,2,100,0.058153,0.106695,0.059671,0.100322,0.058375,0.106623
81,100,2,200,0.059535,0.10716,0.060053,0.100381,0.058971,0.108927
81,100,2,300,0.058623,0.109204,0.061182,0.101593,0.058493,0.108322
81,100,2,400,0.058336,0.109332,0.060101,0.09969,0.05822,0.108517
81,100,2,500,0.058308,0.109101,0.059639,0.100355,0.057949,0.107391
81,100,2,600,0.058221,0.108627,0.059748,0.100017,0.058151,0.108552
81,100,2,700,0.058415,0.108874,0.060243,0.100558,0.058028,0.108659
81,100,2,800,0.066926,0.108728,0.060918,0.099787,0.058574,0.108215
81,100,2,900,0.059129,0.107849,0.060444,0.102421,0.058321,0.108046
81,100,2,1000,0.060258,0.107753,0.061261,0.100796,0.058328,0.110899
81,100,2,1100,0.05932,0.109762,0.060652,0.101997,0.058348,0.108746
81,100,2,1200,0.058429,0.109752,0.05977,0.100185,0.058422,0.109049
81,100,2,1300,0.058982,0.107364,0.060452,0.10024,0.058896,0.107452
81,100,2,1400,0.058307,0.109272,0.062044,0.10116,0.058169,0.113895
91,100,2,100,0.072069,0.136074,0.073313,0.128852,0.070938,0.132816
91,100,2,200,0.071575,0.137903,0.07334,0.124821,0.070816,0.131383
91,100,2,300,0.072381,0.133954,0.073145,0.123649,0.094031,0.186083
91,100,2,400,0.073786,0.139689,0.073825,0.124928,0.071661,0.13395
91,100,2,500,0.072436,0.134593,0.073798,0.125861,0.071633,0.134435
91,100,2,600,0.072634,0.135891,0.073065,0.123756,0.071799,0.135047
91,100,2,700,0.071964,0.134504,0.073774,0.124624,0.072742,0.134234
91,100,2,800,0.071916,0.133641,0.073951,0.124124,0.071596,0.133991
91,100,2,900,0.072312,0.133781,0.084472,0.147934,0.087469,0.143753
91,100,2,1000,0.1077,0.14891,0.084084,0.134651,0.089605,0.150489
91,100,2,1100,0.085804,0.15014,0.073027,0.125212,0.072718,0.135208
91,100,2,1200,0.079202,0.143182,0.08259,0.164562,0.073363,0.147954
91,100,2,1300,0.073751,0.136564,0.074182,0.124931,0.073856,0.134804
91,100,2,1400,0.072399,0.138117,0.073452,0.125841,0.072128,0.135252
101,100,2,100,0.086772,0.168318,0.087078,0.153594,0.087516,0.162768
101,100,2,200,0.085684,0.164836,0.087948,0.15226,0.08501,0.163628
101,100,2,300,0.091612,0.165841,0.086838,0.150762,0.085552,0.162546
101,100,2,400,0.085899,0.164444,0.086123,0.150581,0.08445,0.163683
101,100,2,500,0.092484,0.165462,0.087704,0.15217,0.085173,0.163681
101,100,2,600,0.086316,0.164196,0.087438,0.151015,0.085191,0.164246
101,100,2,700,0.085588,0.167215,0.086929,0.151627,0.10738,0.163617
101,100,2,800,0.08794,0.164916,0.087404,0.149984,0.084843,0.162442
101,100,2,900,0.08697,0.165767,0.086539,0.15085,0.085189,0.162167
101,100,2,1000,0.085981,0.164644,0.086622,0.150948,0.085571,0.167149
101,100,2,1100,0.086568,0.166556,0.086562,0.149501,0.087096,0.162379
101,100,2,1200,0.085545,0.165085,0.086851,0.152995,0.085209,0.163544
101,100,2,1300,0.085876,0.164751,0.086616,0.149447,0.084996,0.161929
101,100,2,1400,0.086322,0.167791,0.086917,0.151928,0.084708,0.163662
1,100,2,100,0.007549,0.000306,0.005682,0.000242,0.005414,0.000242
1,100,2,200,0.005556,0.000361,0.006437,0.00026,0.005442,0.000227
1,100,2,300,0.006559,0.000293,0.00557,0.000184,0.005571,0.00024
1,100,2,400,0.006965,0.000296,0.005372,0.000184,0.007461,0.000323
1,100,2,500,0.005517,0.000317,0.005634,0.00035,0.007212,0.000235
1,100,2,600,0.00551,0.000202,0.006578,0.000227,0.005576,0.000212
1,100,2,700,0.006008,0.000209,0.006294,0.000189,0.005372,0.000203
1,100,2,800,0.006673,0.000275,0.005798,0.000179,0.005365,0.000239
1,100,2,900,0.006747,0.000252,0.005392,0.000176,0.007174,0.000321
1,100,2,1000,0.006169,0.000244,0.005486,0.000192,0.007142,0.000309
1,100,2,1100,0.005451,0.000214,0.006451,0.000182,0.005639,0.000205
1,100,2,1200,0.005488,0.000224,0.006745,0.00026,0.00537,0.000191
1,100,2,1300,0.005752,0.000248,0.006393,0.000198,0.005347,0.000196
1,100,2,1400,0.005725,0.000254,0.005415,0.000167,0.005398,0.000228
11,100,2,100,0.006259,0.002111,0.005538,0.001936,0.005016,0.001735
11,100,2,200,0.00515,0.002029,0.005308,0.001561,0.005378,0.002145
11,100,2,300,0.004461,0.002176,0.005649,0.002472,0.004354,0.00205
11,100,2,400,0.005159,0.002356,0.005854,0.002269,0.004687,0.002328
11,100,2,500,0.005687,0.002493,0.005059,0.001507,0.004868,0.002886
11,100,2,600,0.004788,0.002406,0.005954,0.001889,0.004932,0.002946
11,100,2,700,0.005018,0.002466,0.006556,0.001598,0.004459,0.00259
11,100,2,800,0.005345,0.003076,0.005178,0.002165,0.005059,0.003292
11,100,2,900,0.005546,0.002743,0.005077,0.001495,0.004721,0.003528
11,100,2,1000,0.004953,0.003632,0.005644,0.001552,0.006132,0.003013
11,100,2,1100,0.004658,0.002891,0.006394,0.001953,0.004726,0.003835
11,100,2,1200,0.004618,0.003205,0.006258,0.00177,0.004643,0.003161
11,100,2,1300,0.0053,0.003781,0.00544,0.001667,0.004787,0.003311
11,100,2,1400,0.004948,0.004118,0.00503,0.001536,0.005796,0.003801
21,100,2,100,0.007487,0.007,0.007976,0.005386,0.007543,0.005605
21,100,2,200,0.008072,0.005566,0.007526,0.004643,0.006795,0.006196
21,100,2,300,0.008164,0.007236,0.008439,0.005049,0.008043,0.005427
21,100,2,400,0.006961,0.005369,0.007231,0.005622,0.007868,0.005616
21,100,2,500,0.007987,0.007372,0.008895,0.004722,0.006885,0.005454
21,100,2,600,0.00685,0.006803,0.008452,0.005004,0.007233,0.006781
21,100,2,700,0.007483,0.006657,0.007441,0.005462,0.007691,0.005927
21,100,2,800,0.007444,0.006987,0.00867,0.004832,0.007139,0.005801
21,100,2,900,0.007084,0.007287,0.008293,0.004741,0.007148,0.007522
21,100,2,1000,0.008413,0.006221,0.007511,0.004617,0.006687,0.007298
21,100,2,1100,0.008193,0.008746,0.008299,0.004692,0.007213,0.006301
21,100,2,1200,0.006971,0.007296,0.008393,0.004756,0.006966,0.007523
21,100,2,1300,0.007743,0.007581,0.007316,0.005075,0.007444,0.006791
21,100,2,1400,0.00693,0.007707,0.008586,0.004894,0.00693,0.006505
31,100,2,100,0.012703,0.010861,0.011625,0.010897,0.011029,0.010478
31,100,2,200,0.011546,0.010855,0.010437,0.010851,0.009915,0.012586
31,100,2,300,0.010851,0.013432,0.010847,0.010505,0.01098,0.011177
31,100,2,400,0.012167,0.012558,0.011526,0.00955,0.010648,0.011011
31,100,2,500,0.011527,0.012888,0.010335,0.012055,0.010313,0.012736
31,100,2,600,0.010033,0.013501,0.012461,0.009778,0.011327,0.011494
31,100,2,700,0.010422,0.011129,0.010506,0.011547,0.009839,0.013521
31,100,2,800,0.011126,0.012595,0.010701,0.010709,0.011244,0.011773
31,100,2,900,0.012222,0.011983,0.010973,0.009553,0.01024,0.011484
31,100,2,1000,0.012134,0.01211,0.010694,0.011922,0.011678,0.012176
31,100,2,1100,0.01154,0.013949,0.010525,0.011072,0.00982,0.014541
31,100,2,1200,0.011465,0.013292,0.011135,0.010369,0.011294,0.011869
31,100,2,1300,0.010334,0.012919,0.010351,0.01187,0.010306,0.013723
31,100,2,1400,0.010272,0.014695,0.011075,0.009564,0.010477,0.01321
41,100,2,100,0.014134,0.023368,0.015333,0.019102,0.015617,0.021695
41,100,2,200,0.016284,0.01978,0.014692,0.019926,0.015649,0.021044
41,100,2,300,0.015055,0.020062,0.015413,0.017871,0.015009,0.020136
41,100,2,400,0.014708,0.020764,0.016085,0.018058,0.015113,0.020462
41,100,2,500,0.019391,0.030644,0.017408,0.018139,0.020201,0.019549
41,100,2,600,0.015028,0.021726,0.016443,0.018324,0.015401,0.022566
41,100,2,700,0.015606,0.019977,0.01546,0.018908,0.015425,0.021236
41,100,2,800,0.014785,0.02091,0.015378,0.01828,0.01541,0.021657
41,100,2,900,0.016012,0.022399,0.016349,0.023523,0.014646,0.020567
41,100,2,1000,0.015427,0.021394,0.016056,0.017946,0.014719,0.021955
41,100,2,1100,0.015856,0.021213,0.016005,0.019039,0.016133,0.022365
41,100,2,1200,0.015368,0.021857,0.016369,0.018287,0.014537,0.023423
41,100,2,1300,0.015416,0.021578,0.015582,0.018835,0.015216,0.022502
41,100,2,1400,0.014755,0.022223,0.015854,0.018353,0.014787,0.023546
51,100,2,100,0.020965,0.028569,0.020631,0.027609,0.019291,0.029259
51,100,2,200,0.019669,0.029012,0.020283,0.02683,0.019212,0.029567
51,100,2,300,0.019521,0.029168,0.020186,0.026767,0.019446,0.029664
51,100,2,400,0.020382,0.02999,0.020776,0.027,0.020067,0.028826
51,100,2,500,0.02046,0.030313,0.020534,0.027548,0.020186,0.028914
51,100,2,600,0.020467,0.030526,0.020615,0.027136,0.020304,0.029587
51,100,2,700,0.019626,0.029502,0.019843,0.026956,0.019355,0.029453
51,100,2,800,0.019461,0.030351,0.020098,0.027292,0.019312,0.030459
51,100,2,900,0.020058,0.030488,0.020128,0.026796,0.020158,0.030457
51,100,2,1000,0.02062,0.030415,0.020719,0.027163,0.019875,0.029675
51,100,2,1100,0.0205,0.030748,0.021067,0.026623,0.019941,0.030038
51,100,2,1200,0.019912,0.030009,0.0203,0.027225,0.019196,0.030615
51,100,2,1300,0.019306,0.030398,0.020676,0.028013,0.019393,0.031753
51,100,2,1400,0.019512,0.030887,0.020153,0.027325,0.019303,0.031203
61,100,2,100,0.025261,0.04074,0.026597,0.037867,0.025993,0.044062
61,100,2,200,0.025939,0.041635,0.025409,0.036938,0.025304,0.040734
61,100,2,300,0.025741,0.042464,0.027053,0.038128,0.025115,0.042468
61,100,2,400,0.025179,0.041736,0.026697,0.037097,0.025546,0.040039
61,100,2,500,0.025351,0.042978,0.027513,0.038546,0.025923,0.040914
61,100,2,600,0.025056,0.041995,0.026738,0.03763,0.02569,0.041382
61,100,2,700,0.025476,0.042131,0.026946,0.03782,0.025086,0.042147
61,100,2,800,0.025527,0.042358,0.035018,0.06067,0.025395,0.043074
61,100,2,900,0.025407,0.043344,0.027191,0.03809,0.025032,0.041735
61,100,2,1000,0.025636,0.042369,0.028399,0.037809,0.025637,0.041626
61,100,2,1100,0.025274,0.043935,0.027331,0.037392,0.025689,0.041423
61,100,2,1200,0.025198,0.042468,0.028251,0.037223,0.025427,0.041358
61,100,2,1300,0.025223,0.042378,0.027026,0.036841,0.024982,0.041781
61,100,2,1400,0.025493,0.042144,0.026688,0.036641,0.025327,0.043711
71,100,2,100,0.032599,0.056086,0.032421,0.049277,0.032724,0.053727
71,100,2,200,0.033465,0.055969,0.032983,0.050043,0.032274,0.054006
71,100,2,300,0.033615,0.058357,0.03604,0.057489,0.032171,0.053978
71,100,2,400,0.033313,0.056067,0.033083,0.049883,0.032423,0.054294
71,100,2,500,0.032752,0.05642,0.032535,0.050064,0.03218,0.054898
71,100,2,600,0.032071,0.0569,0.03244,0.050041,0.032255,0.05505
71,100,2,700,0.032985,0.05628,0.032912,0.049918,0.031951,0.055021
71,100,2,800,0.032328,0.05611,0.033676,0.052501,0.032107,0.054848
71,100,2,900,0.03275,0.055889,0.032522,0.049943,0.032321,0.055984
71,100,2,1000,0.033173,0.056232,0.033228,0.04986,0.032144,0.054735
71,100,2,1100,0.032299,0.056774,0.032937,0.049733,0.032068,0.055405
71,100,2,1200,0.033095,0.056257,0.032803,0.051103,0.032451,0.055649
71,100,2,1300,0.033024,0.057337,0.032998,0.052045,0.032209,0.05616
71,100,2,1400,0.032381,0.057802,0.032713,0.049703,0.032321,0.056091
81,100,2,100,0.041361,0.071043,0.040082,0.063514,0.039657,0.07396
81,100,2,200,0.039841,0.069948,0.040211,0.063561,0.039938,0.068244
81,100,2,300,0.042211,0.069075,0.040225,0.064679,0.039195,0.068693
81,100,2,400,0.041003,0.07017,0.041745,0.064524,0.039425,0.068922
81,100,2,500,0.041009,0.069269,0.042381,0.066235,0.039374,0.070042
81,100,2,600,0.04102,0.070723,0.040099,0.065526,0.039854,0.069328
81,100,2,700,0.040621,0.069409,0.040449,0.065687,0.039412,0.069618
81,100,2,800,0.041344,0.06935,0.041819,0.065036,0.039449,0.069568
81,100,2,900,0.04123,0.069654,0.03992,0.064927,0.039629,0.069089
81,100,2,1000,0.039709,0.070709,0.040048,0.064025,0.041317,0.069982
81,100,2,1100,0.040903,0.069864,0.040285,0.065072,0.039697,0.069419
81,100,2,1200,0.042568,0.069918,0.040526,0.064348,0.03993,0.069831
81,100,2,1300,0.039677,0.072282,0.040016,0.064502,0.039438,0.070588
81,100,2,1400,0.040538,0.0707,0.040264,0.064586,0.039374,0.06999
91,100,2,100,0.049171,0.086545,0.04857,0.07815,0.047841,0.085594
91,100,2,200,0.048973,0.085131,0.048401,0.078871,0.049312,0.085473
91,100,2,300,0.048633,0.088019,0.048386,0.079616,0.048345,0.085327
91,100,2,400,0.049665,0.085837,0.048837,0.081403,0.048092,0.086598
91,100,2,500,0.047786,0.086248,0.065803,0.114594,0.050162,0.090065
91,100,2,600,0.053889,0.097369,0.054696,0.099224,0.050995,0.090654
91,100,2,700,0.052142,0.097306,0.053375,0.086939,0.051608,0.092675
91,100,2,800,0.06697,0.102939,0.06373,0.08017,0.048259,0.087442
91,100,2,900,0.049498,0.08744,0.048924,0.079393,0.051657,0.090038
91,100,2,1000,0.057488,0.113922,0.052243,0.085443,0.052829,0.099281
91,100,2,1100,0.050203,0.089279,0.049187,0.079455,0.048383,0.087229
91,100,2,1200,0.049078,0.088592,0.049961,0.080737,0.048962,0.088474
91,100,2,1300,0.049605,0.08895,0.049197,0.080544,0.047992,0.087741
91,100,2,1400,0.04934,0.089859,0.048968,0.078989,0.048485,0.087998
101,100,2,100,0.058648,0.106221,0.059294,0.096794,0.057507,0.104475
101,100,2,200,0.058569,0.108171,0.05902,0.096423,0.057826,0.105104
101,100,2,300,0.058938,0.105236,0.059411,0.096432,0.057615,0.103581
101,100,2,400,0.05846,0.105308,0.058966,0.096876,0.057244,0.105044
101,100,2,500,0.058953,0.105733,0.059168,0.096575,0.056796,0.104798
101,100,2,600,0.058841,0.106113,0.058543,0.095362,0.05674,0.104108
101,100,2,700,0.058265,0.105615,0.058218,0.0958,0.057586,0.103722
101,100,2,800,0.058618,0.105615,0.061214,0.097049,0.056841,0.103608
101,100,2,900,0.058314,0.107167,0.058352,0.095926,0.057207,0.105996
101,100,2,1000,0.058237,0.106099,0.058647,0.098178,0.057225,0.10513
101,100,2,1100,0.058388,0.107903,0.058811,0.095113,0.057298,0.105471
101,100,2,1200,0.058638,0.106561,0.058314,0.095444,0.05811,0.104963
101,100,2,1300,0.057539,0.107095,0.059652,0.095959,0.057463,0.104993
101,100,2,1400,0.057766,0.107735,0.058036,0.09614,0.056946,0.107153
1,100,2,100,0.002587,0.000211,0.002287,0.000104,0.002399,0.000217
1,100,2,200,0.002478,0.00026,0.003241,0.000166,0.002756,0.000264
1,100,2,300,0.002533,0.000224,0.002279,0.000106,0.002746,0.000371
1,100,2,400,0.00266,0.000387,0.002319,9.8e-05,0.002241,0.000262
1,100,2,500,0.002323,0.000275,0.002298,0.000134,0.002955,0.000539
1,100,2,600,0.002765,0.000299,0.002268,9.9e-05,0.002228,0.00033
1,100,2,700,0.00234,0.000325,0.002491,0.000165,0.002907,0.000507
1,100,2,800,0.002822,0.000375,0.002239,0.000115,0.002928,0.000718
1,100,2,900,0.002616,0.000424,0.003534,0.000167,0.002639,0.000462
1,100,2,1000,0.00232,0.000411,0.002285,0.000109,0.002303,0.000591
1,100,2,1100,0.003135,0.000663,0.002694,0.000134,0.002427,0.000471
1,100,2,1200,0.002363,0.000454,0.002261,9.7e-05,0.002749,0.000673
1,100,2,1300,0.0032,0.000557,0.002551,9.8e-05,0.002247,0.000541
1,100,2,1400,0.002341,0.000487,0.002584,0.000112,0.002852,0.000714
11,100,2,100,0.005797,0.002573,0.008769,0.002473,0.006285,0.002827
11,100,2,200,0.006979,0.002931,0.008665,0.002442,0.005916,0.002924
11,100,2,300,0.006314,0.002856,0.008303,0.002674,0.007111,0.00341
11,100,2,400,0.006389,0.00294,0.008136,0.003067,0.006087,0.002954
11,100,2,500,0.006744,0.003592,0.009059,0.002496,0.006423,0.003394
11,100,2,600,0.006446,0.003174,0.007964,0.002579,0.00678,0.003208
11,100,2,700,0.00643,0.003757,0.008626,0.002636,0.006777,0.003388
11,100,2,800,0.006821,0.003679,0.007744,0.002576,0.006563,0.00336
11,100,2,900,0.00643,0.004454,0.009799,0.002546,0.007181,0.004383
11,100,2,1000,0.006796,0.004364,0.009171,0.002539,0.005838,0.004531
11,100,2,1100,0.00632,0.003498,0.0089,0.002783,0.007067,0.004617
11,100,2,1200,0.006555,0.003675,0.008504,0.002741,0.006233,0.003582
11,100,2,1300,0.006776,0.003794,0.007959,0.002486,0.006464,0.00383
11,100,2,1400,0.006974,0.004229,0.008986,0.002691,0.006475,0.004883
21,100,2,100,0.010064,0.008409,0.012282,0.008057,0.009878,0.009052
21,100,2,200,0.010991,0.008431,0.011589,0.008179,0.010551,0.008278
21,100,2,300,0.010069,0.009132,0.012034,0.00807,0.009912,0.008793
21,100,2,400,0.010502,0.008425,0.012754,0.007345,0.010118,0.009219
21,100,2,500,0.010321,0.008452,0.011807,0.009412,0.010477,0.008558
21,100,2,600,0.010962,0.009173,0.01299,0.008115,0.01022,0.008885
21,100,2,700,0.011317,0.0097,0.01343,0.009015,0.010229,0.009257
21,100,2,800,0.010158,0.010019,0.013705,0.008419,0.010984,0.008839
21,100,2,900,0.010806,0.009773,0.013743,0.007418,0.010055,0.010018
21,100,2,1000,0.011401,0.010422,0.012955,0.008931,0.009542,0.010178
21,100,2,1100,0.010136,0.010075,0.01324,0.007844,0.010734,0.009528
21,100,2,1200,0.011293,0.009839,0.013677,0.007603,0.010707,0.009497
21,100,2,1300,0.010656,0.009859,0.013533,0.007535,0.010785,0.010395
21,100,2,1400,0.011262,0.009417,0.012794,0.008627,0.010386,0.010552
31,100,2,100,0.016585,0.018923,0.017281,0.016921,0.014937,0.01747
31,100,2,200,0.014709,0.01656,0.016432,0.016649,0.014513,0.017675
31,100,2,300,0.015064,0.017722,0.016348,0.016462,0.014572,0.018871
31,100,2,400,0.01466,0.018737,0.016955,0.017803,0.014677,0.018562
31,100,2,500,0.01486,0.018767,0.017289,0.016844,0.01652,0.017601
31,100,2,600,0.014926,0.017213,0.017062,0.015741,0.015277,0.019037
31,100,2,700,0.014543,0.019346,0.016483,0.016295,0.015449,0.018826
31,100,2,800,0.015721,0.017337,0.016529,0.01521,0.014799,0.018298
31,100,2,900,0.014962,0.018262,0.017103,0.01552,0.014959,0.019212
31,100,2,1000,0.015373,0.020663,0.017103,0.016545,0.014449,0.018959
31,100,2,1100,0.015539,0.019789,0.016862,0.016647,0.016053,0.019736
31,100,2,1200,0.015435,0.018509,0.016895,0.016618,0.014916,0.01899
31,100,2,1300,0.014954,0.018676,0.016967,0.017236,0.014958,0.019269
31,100,2,1400,0.015107,0.019389,0.016994,0.016458,0.015143,0.018571
41,100,2,100,0.021025,0.033841,0.024672,0.030094,0.021657,0.033662
41,100,2,200,0.021182,0.030506,0.023476,0.03453,0.022016,0.0334
41,100,2,300,0.022117,0.030562,0.024124,0.029565,0.022279,0.031528
41,100,2,400,0.021907,0.030592,0.023988,0.028882,0.021477,0.031224
41,100,2,500,0.021658,0.030713,0.02425,0.029672,0.021356,0.03147
41,100,2,600,0.023028,0.031534,0.02368,0.030911,0.022427,0.032493
41,100,2,700,0.021458,0.03212,0.024922,0.02885,0.021086,0.032374
41,100,2,800,0.021979,0.031576,0.025855,0.02911,0.021241,0.032697
41,100,2,900,0.022034,0.032034,0.024965,0.029641,0.021514,0.031967
41,100,2,1000,0.022047,0.031508,0.025048,0.030533,0.022198,0.030953
41,100,2,1100,0.021891,0.03202,0.024679,0.028972,0.02134,0.032692
41,100,2,1200,0.021511,0.031832,0.023997,0.029701,0.022835,0.033427
41,100,2,1300,0.021324,0.031499,0.024247,0.029589,0.021369,0.032654
41,100,2,1400,0.021968,0.031928,0.024154,0.029391,0.022199,0.032473
51,100,2,100,0.029658,0.046056,0.030612,0.042447,0.028715,0.045385
51,100,2,200,0.030128,0.045167,0.031096,0.043519,0.028263,0.046524
51,100,2,300,0.028398,0.046104,0.030653,0.042554,0.02937,0.045935
51,100,2,400,0.029892,0.046521,0.031562,0.042568,0.028777,0.046593
51,100,2,500,0.028554,0.045954,0.030703,0.042776,0.029372,0.04719
51,100,2,600,0.02959,0.046053,0.030881,0.043039,0.028972,0.0481
51,100,2,700,0.030499,0.055535,0.03095,0.04253,0.029759,0.047536
51,100,2,800,0.028851,0.04709,0.030189,0.042365,0.029021,0.049632
51,100,2,900,0.029253,0.04645,0.030584,0.042941,0.028628,0.047404
51,100,2,1000,0.028931,0.046791,0.030259,0.042477,0.029192,0.046278
51,100,2,1100,0.028757,0.047126,0.030391,0.043319,0.028388,0.048415
51,100,2,1200,0.029085,0.047648,0.030214,0.042644,0.029075,0.061721
51,100,2,1300,0.028706,0.046309,0.031225,0.043788,0.02856,0.048586
51,100,2,1400,0.02885,0.04786,0.030152,0.042587,0.028735,0.050384
61,100,2,100,0.03743,0.063499,0.038988,0.059519,0.038946,0.06456
61,100,2,200,0.037596,0.06614,0.0392,0.057927,0.03742,0.065074
61,100,2,300,0.037845,0.065796,0.03938,0.059631,0.037256,0.064661
61,100,2,400,0.037373,0.065886,0.039518,0.058009,0.037242,0.063594
61,100,2,500,0.037888,0.063253,0.040014,0.057602,0.037629,0.063574
61,100,2,600,0.03766,0.064786,0.039252,0.059749,0.037383,0.06483
61,100,2,700,0.037341,0.065013,0.03904,0.060347,0.03707,0.064779
61,100,2,800,0.047262,0.081138,0.045638,0.066752,0.037481,0.0636
61,100,2,900,0.040273,0.063661,0.03885,0.058471,0.037264,0.065547
61,100,2,1000,0.038902,0.065482,0.039401,0.062558,0.038991,0.063802
61,100,2,1100,0.03866,0.063214,0.039139,0.058367,0.037016,0.063876
61,100,2,1200,0.038802,0.06506,0.039084,0.060251,0.037746,0.063834
61,100,2,1300,0.0384,0.066971,0.038988,0.058484,0.037038,0.063281
61,100,2,1400,0.038944,0.063764,0.039289,0.058707,0.037246,0.065219
71,100,2,100,0.047661,0.083965,0.05095,0.077941,0.047232,0.083434
71,100,2,200,0.047477,0.084409,0.049759,0.078872,0.047837,0.0841
71,100,2,300,0.048116,0.085704,0.049365,0.077596,0.048805,0.086345
71,100,2,400,0.047482,0.084913,0.049397,0.076755,0.047458,0.083535
71,100,2,500,0.047958,0.084384,0.04919,0.078648,0.047216,0.08503
71,100,2,600,0.048353,0.086139,0.050522,0.079951,0.047218,0.08513
71,100,2,700,0.048485,0.083058,0.049963,0.076893,0.047258,0.084202
71,100,2,800,0.047629,0.086669,0.049376,0.078167,0.047334,0.08579
71,100,2,900,0.047504,0.08588,0.050929,0.081313,0.048971,0.08501
71,100,2,1000,0.047421,0.085626,0.04965,0.078527,0.047618,0.084273
71,100,2,1100,0.048194,0.083952,0.049301,0.077742,0.047441,0.083758
71,100,2,1200,0.04844,0.088108,0.049696,0.080157,0.047923,0.084131
71,100,2,1300,0.047886,0.087253,0.050685,0.080961,0.047598,0.08397
71,100,2,1400,0.048488,0.085318,0.050197,0.076752,0.047426,0.084543
81,100,2,100,0.060762,0.10777,0.061359,0.100955,0.058778,0.110074
81,100,2,200,0.060226,0.107721,0.060898,0.102079,0.058789,0.10822
81,100,2,300,0.059509,0.109376,0.060855,0.101007,0.059014,0.109114
81,100,2,400,0.059047,0.108519,0.06048,0.102358,0.058746,0.107101
81,100,2,500,0.059581,0.109206,0.060844,0.099297,0.058798,0.107158
81,100,2,600,0.060061,0.106999,0.061489,0.099849,0.058765,0.108081
81,100,2,700,0.059628,0.108041,0.06068,0.100128,0.062168,0.110597
81,100,2,800,0.059121,0.108821,0.06129,0.098573,0.058805,0.108212
81,100,2,900,0.061655,0.108722,0.060596,0.100413,0.060336,0.11182
81,100,2,1000,0.059209,0.108422,0.062463,0.106708,0.059936,0.108321
81,100,2,1100,0.062067,0.110113,0.062209,0.099506,0.059197,0.10941
81,100,2,1200,0.060537,0.108324,0.062006,0.100951,0.059288,0.108444
81,100,2,1300,0.059357,0.110586,0.061881,0.100446,0.058828,0.110529
81,100,2,1400,0.060154,0.107915,0.06131,0.102261,0.058961,0.108617
91,100,2,100,0.072766,0.133074,0.073902,0.126773,0.071998,0.133837
91,100,2,200,0.072953,0.136493,0.073769,0.124809,0.071826,0.135353
91,100,2,300,0.073553,0.134649,0.075216,0.125494,0.072191,0.134034
91,100,2,400,0.072416,0.133421,0.074034,0.125516,0.072024,0.136169
91,100,2,500,0.072756,0.134661,0.074375,0.122862,0.071638,0.132624
91,100,2,600,0.073997,0.134679,0.073814,0.123847,0.072097,0.134326
91,100,2,700,0.07295,0.136065,0.075129,0.124772,0.07165,0.134749
91,100,2,800,0.073696,0.134456,0.073718,0.124129,0.074125,0.134178
91,100,2,900,0.072977,0.134738,0.073967,0.124067,0.071983,0.134542
91,100,2,1000,0.074097,0.134893,0.074002,0.124944,0.071924,0.134137
91,100,2,1100,0.073095,0.136912,0.073709,0.12484,0.072489,0.136488
91,100,2,1200,0.072447,0.135881,0.074318,0.1251,0.071809,0.134293
91,100,2,1300,0.073392,0.135587,0.073966,0.125804,0.072284,0.137826
91,100,2,1400,0.073026,0.135682,0.075105,0.124993,0.073582,0.134771
101,100,2,100,0.086226,0.163069,0.087294,0.152524,0.085262,0.162681
101,100,2,200,0.086422,0.163529,0.087425,0.150276,0.085355,0.160682
101,100,2,300,0.086986,0.162376,0.087161,0.150768,0.08941,0.162669
101,100,2,400,0.086064,0.162634,0.08727,0.150634,0.085786,0.161237
101,100,2,500,0.086418,0.163283,0.087451,0.150062,0.085819,0.162028
101,100,2,600,0.086977,0.16237,0.086852,0.150702,0.085483,0.163036
101,100,2,700,0.087485,0.163167,0.087286,0.15009,0.085034,0.160722
101,100,2,800,0.087531,0.162788,0.087135,0.150332,0.085933,0.161357
101,100,2,900,0.086432,0.164166,0.088466,0.150946,0.085052,0.162018
101,100,2,1000,0.086294,0.164671,0.087347,0.149561,0.085245,0.161787
101,100,2,1100,0.086137,0.162436,0.08714,0.150277,0.110481,0.167919
101,100,2,1200,0.087719,0.164562,0.086985,0.152316,0.085371,0.164925
101,100,2,1300,0.088482,0.165376,0.139238,0.229944,0.092958,0.18616
101,100,2,1400,0.114634,0.21037,0.101404,0.162118,0.101655,0.199193
1,100,2,100,0.004135,0.000355,0.004903,0.000271,0.00497,0.00042
1,100,2,200,0.004037,0.000406,0.004608,0.000172,0.005852,0.000451
1,100,2,300,0.003896,0.000507,0.004559,0.000212,0.006118,0.000671
1,100,2,400,0.003967,0.000609,0.004469,0.000191,0.005728,0.000689
1,100,2,500,0.005909,0.000728,0.004579,0.000174,0.006192,0.001007
1,100,2,600,0.004675,0.000676,0.004622,0.000157,0.004628,0.000774
1,100,2,700,0.004805,0.000721,0.005822,0.000267,0.004783,0.000958
1,100,2,800,0.004736,0.000766,0.005353,0.000235,0.005191,0.000972
1,100,2,900,0.004905,0.000853,0.006299,0.000224,0.004411,0.000899
1,100,2,1000,0.004541,0.000911,0.004844,0.000209,0.004422,0.001012
1,100,2,1100,0.004777,0.001876,0.0049,0.00021,0.004418,0.001168
1,100,2,1200,0.00582,0.001618,0.004817,0.000159,0.004953,0.001341
1,100,2,1300,0.005329,0.001301,0.00449,0.000194,0.004868,0.002161
1,100,2,1400,0.005362,0.0015,0.006503,0.000281,0.007449,0.001992
11,100,2,100,0.004609,0.001724,0.00521,0.001531,0.005622,0.00178
11,100,2,200,0.004992,0.001719,0.005556,0.001666,0.004531,0.00181
11,100,2,300,0.005399,0.001976,0.004948,0.002151,0.005179,0.001809
11,100,2,400,0.005466,0.002343,0.004988,0.001505,0.00554,0.002057
11,100,2,500,0.005041,0.001942,0.005324,0.002101,0.004565,0.001892
11,100,2,600,0.005816,0.001983,0.004883,0.002346,0.005114,0.002088
11,100,2,700,0.005093,0.002229,0.004983,0.00146,0.005086,0.002317
11,100,2,800,0.00466,0.002054,0.005653,0.001852,0.004658,0.002034
11,100,2,900,0.005504,0.002359,0.004856,0.001518,0.005257,0.002256
11,100,2,1000,0.005497,0.002531,0.005338,0.001522,0.005683,0.00237
11,100,2,1100,0.004677,0.002198,0.00539,0.002487,0.004524,0.002157
11,100,2,1200,0.005611,0.002397,0.005838,0.002348,0.005075,0.002208
11,100,2,1300,0.005179,0.002837,0.004927,0.001651,0.005925,0.0025
11,100,2,1400,0.005519,0.002579,0.005078,0.001589,0.005293,0.002804
21,100,2,100,0.008051,0.005538,0.007427,0.004848,0.007,0.006272
21,100,2,200,0.008727,0.006006,0.007472,0.006242,0.007862,0.0054
21,100,2,300,0.007999,0.005704,0.00815,0.005636,0.008764,0.006301
21,100,2,400,0.007945,0.006051,0.00761,0.005735,0.008602,0.008257
21,100,2,500,0.008794,0.006455,0.008531,0.005366,0.007581,0.007462
21,100,2,600,0.008442,0.006649,0.007427,0.00478,0.008047,0.007369
21,100,2,700,0.008862,0.00651,0.008148,0.005549,0.007547,0.010015
21,100,2,800,0.00887,0.006944,0.007411,0.00481,0.008038,0.008509
21,100,2,900,0.00887,0.00671,0.007701,0.005349,0.010828,0.011946
21,100,2,1000,0.008897,0.006942,0.012806,0.010999,0.009279,0.017268
21,100,2,1100,0.01164,0.006951,0.007988,0.00514,0.008263,0.008216
21,100,2,1200,0.009267,0.007253,0.008322,0.006291,0.009203,0.008205
21,100,2,1300,0.008259,0.006781,0.008474,0.005261,0.008353,0.007307
21,100,2,1400,0.007743,0.007096,0.00741,0.005725,0.008249,0.009503
31,100,2,100,0.012106,0.013374,0.012113,0.011475,0.010901,0.011068
31,100,2,200,0.012808,0.016585,0.015733,0.013971,0.013963,0.017815
31,100,2,300,0.010388,0.011713,0.010754,0.010852,0.011459,0.011468
31,100,2,400,0.011949,0.011896,0.010883,0.010012,0.010769,0.011371
31,100,2,500,0.01227,0.012768,0.010427,0.010807,0.011192,0.012148
31,100,2,600,0.011087,0.012356,0.010839,0.009966,0.010996,0.01237
31,100,2,700,0.010885,0.012949,0.010438,0.010856,0.011595,0.012294
31,100,2,800,0.011672,0.012295,0.011331,0.009953,0.010457,0.013534
31,100,2,900,0.010981,0.013353,0.010824,0.011085,0.011593,0.012302
31,100,2,1000,0.010542,0.013679,0.010501,0.01107,0.010228,0.014397
31,100,2,1100,0.011771,0.012389,0.011115,0.009653,0.011684,0.013747
31,100,2,1200,0.011065,0.013898,0.011164,0.011467,0.01101,0.012676
31,100,2,1300,0.010834,0.014158,0.010967,0.01094,0.010212,0.013565
31,100,2,1400,0.010769,0.013106,0.011238,0.009773,0.010995,0.014289
41,100,2,100,0.01517,0.021868,0.016729,0.018373,0.015574,0.02031
41,100,2,200,0.015515,0.019788,0.015312,0.01943,0.015785,0.021037
41,100,2,300,0.01577,0.021054,0.016352,0.018617,0.015621,0.022183
41,100,2,400,0.016002,0.020769,0.016022,0.019579,0.016287,0.022779
41,100,2,500,0.014993,0.021393,0.015485,0.01837,0.014821,0.021062
41,100,2,600,0.014983,0.020773,0.015146,0.019629,0.015177,0.021337
41,100,2,700,0.015198,0.021316,0.015613,0.018754,0.015521,0.021359
41,100,2,800,0.015166,0.021129,0.015863,0.019037,0.015148,0.022875
41,100,2,900,0.015352,0.020752,0.015913,0.019458,0.016382,0.021452
41,100,2,1000,0.014908,0.022683,0.016485,0.018916,0.016648,0.022587
41,100,2,1100,0.015433,0.021598,0.015456,0.01887,0.015609,0.022319
41,100,2,1200,0.014806,0.021752,0.015928,0.017892,0.014891,0.022956
41,100,2,1300,0.015626,0.021954,0.015674,0.019165,0.016293,0.021806
41,100,2,1400,0.014379,0.022022,0.015751,0.018234,0.015333,0.023505
51,100,2,100,0.020364,0.029587,0.020299,0.026825,0.020187,0.028667
51,100,2,200,0.021115,0.030473,0.021528,0.02684,0.020348,0.030248
51,100,2,300,0.020854,0.03082,0.02067,0.027733,0.020601,0.029829
51,100,2,400,0.02081,0.030673,0.02048,0.02709,0.020381,0.030041
51,100,2,500,0.020734,0.030987,0.02013,0.027292,0.019933,0.029815
51,100,2,600,0.020167,0.031318,0.019804,0.027019,0.019902,0.030268
51,100,2,700,0.020268,0.030237,0.02041,0.029479,0.021579,0.030309
51,100,2,800,0.020023,0.031108,0.020392,0.027719,0.019564,0.030592
51,100,2,900,0.019957,0.030803,0.019957,0.027861,0.019438,0.030465
51,100,2,1000,0.02016,0.0309,0.021153,0.026797,0.019962,0.031342
51,100,2,1100,0.021051,0.031431,0.021038,0.026876,0.020152,0.030022
51,100,2,1200,0.021546,0.032908,0.021267,0.02761,0.020198,0.030829
51,100,2,1300,0.019512,0.031313,0.020282,0.026656,0.019742,0.030374
51,100,2,1400,0.020963,0.031977,0.020289,0.028196,0.019652,0.03158
61,100,2,100,0.02573,0.041709,0.027947,0.038287,0.025452,0.040845
61,100,2,200,0.02584,0.041581,0.02782,0.038896,0.025521,0.042828
61,100,2,300,0.026348,0.043385,0.026798,0.03814,0.025198,0.041662
61,100,2,400,0.02531,0.042216,0.027549,0.038149,0.025146,0.041159
61,100,2,500,0.026066,0.043155,0.028272,0.037804,0.026324,0.041625
61,100,2,600,0.026711,0.043064,0.027034,0.037973,0.025244,0.041466
61,100,2,700,0.025621,0.043674,0.027252,0.038379,0.025145,0.042948
61,100,2,800,0.02547,0.043597,0.027281,0.0378,0.025164,0.041693
61,100,2,900,0.025347,0.042878,0.02695,0.038841,0.025389,0.041675
61,100,2,1000,0.026104,0.043113,0.026862,0.037507,0.025841,0.042157
61,100,2,1100,0.027098,0.042867,0.027065,0.037881,0.025654,0.041255
61,100,2,1200,0.025641,0.043396,0.037928,0.058093,0.026414,0.042555
61,100,2,1300,0.025365,0.0424,0.026861,0.037215,0.025487,0.042358
61,100,2,1400,0.025441,0.043198,0.028154,0.037112,0.026274,0.042463
71,100,2,100,0.032213,0.056156,0.03275,0.049559,0.032158,0.053553
71,100,2,200,0.032443,0.057433,0.032494,0.05035,0.032392,0.053713
71,100,2,300,0.03222,0.059241,0.034109,0.050946,0.032555,0.054023
71,100,2,400,0.03351,0.055889,0.032759,0.050321,0.032455,0.055975
71,100,2,500,0.03226,0.054697,0.03248,0.049639,0.032001,0.054601
71,100,2,600,0.032392,0.057047,0.032478,0.049961,0.032332,0.05511
71,100,2,700,0.03353,0.05756,0.032806,0.049313,0.033677,0.054351
71,100,2,800,0.032341,0.057288,0.032572,0.050419,0.032038,0.055309
71,100,2,900,0.032923,0.056712,0.032302,0.049992,0.032176,0.055335
71,100,2,1000,0.032427,0.057954,0.032791,0.049769,0.032264,0.055312
71,100,2,1100,0.033364,0.056545,0.032611,0.049671,0.033552,0.0551
71,100,2,1200,0.032629,0.056965,0.032436,0.04946,0.032209,0.055401
71,100,2,1300,0.032505,0.058004,0.032481,0.049769,0.031797,0.055496
71,100,2,1400,0.033846,0.058885,0.033115,0.050417,0.03229,0.055609
81,100,2,100,0.042463,0.069458,0.040292,0.065445,0.039897,0.068419
81,100,2,200,0.041264,0.068969,0.040078,0.06364,0.040614,0.068205
81,100,2,300,0.040281,0.068205,0.039917,0.063949,0.039741,0.070478
81,100,2,400,0.039898,0.069433,0.040114,0.064162,0.0398,0.069181
81,100,2,500,0.040888,0.069534,0.040161,0.064712,0.041042,0.069841
81,100,2,600,0.041002,0.069696,0.040108,0.065168,0.039604,0.071387
81,100,2,700,0.040529,0.070259,0.040265,0.06353,0.03903,0.069285
81,100,2,800,0.041023,0.070096,0.040162,0.063639,0.039543,0.070929
81,100,2,900,0.041345,0.071369,0.040029,0.063728,0.040471,0.070253
81,100,2,1000,0.041803,0.069978,0.040582,0.065238,0.039911,0.069866
81,100,2,1100,0.043714,0.07284,0.040068,0.064891,0.039576,0.069916
81,100,2,1200,0.041104,0.070936,0.040444,0.063858,0.039667,0.07079
81,100,2,1300,0.040661,0.070932,0.041044,0.064247,0.042254,0.072281
81,100,2,1400,0.049046,0.071688,0.040225,0.066642,0.039665,0.071978
91,100,2,100,0.05038,0.08773,0.050016,0.079557,0.048243,0.085759
91,100,2,200,0.050667,0.085924,0.048381,0.078739,0.048032,0.085709
91,100,2,300,0.049204,0.088184,0.048457,0.081877,0.048066,0.087571
91,100,2,400,0.049428,0.086971,0.048746,0.080033,0.048145,0.085994
91,100,2,500,0.049431,0.086551,0.048547,0.07899,0.050121,0.086359
91,100,2,600,0.04912,0.086795,0.050376,0.079781,0.048421,0.085949
91,100,2,700,0.049628,0.086555,0.048523,0.080042,0.047732,0.086753
91,100,2,800,0.050191,0.088916,0.049072,0.078803,0.047724,0.086291
91,100,2,900,0.049249,0.096481,0.048956,0.07951,0.047627,0.086708
91,100,2,1000,0.04936,0.088096,0.049193,0.088239,0.048342,0.087539
91,100,2,1100,0.049839,0.087474,0.048398,0.078986,0.048888,0.087294
91,100,2,1200,0.049652,0.087657,0.051561,0.079962,0.04802,0.09305
91,100,2,1300,0.050147,0.087779,0.049329,0.080582,0.047847,0.087524
91,100,2,1400,0.049445,0.088023,0.048781,0.079599,0.048618,0.087741
101,100,2,100,0.059154,0.104828,0.057908,0.09622,0.057336,0.10457
101,100,2,200,0.057871,0.104314,0.057954,0.098086,0.057266,0.104439
101,100,2,300,0.058062,0.106686,0.058389,0.096493,0.057219,0.10541
101,100,2,400,0.058365,0.105555,0.05818,0.096809,0.057775,0.104539
101,100,2,500,0.058559,0.105673,0.057786,0.096243,0.05749,0.103839
101,100,2,600,0.05951,0.106561,0.058656,0.096269,0.058508,0.105048
101,100,2,700,0.058625,0.105801,0.059706,0.096249,0.057404,0.106625
101,100,2,800,0.059232,0.105718,0.057741,0.09562,0.057806,0.104803
101,100,2,900,0.058453,0.105512,0.057774,0.096215,0.057448,0.10507
101,100,2,1000,0.058374,0.107639,0.057904,0.096191,0.057532,0.106085
101,100,2,1100,0.058523,0.106763,0.076755,0.102879,0.057746,0.106594
101,100,2,1200,0.059481,0.10762,0.058195,0.097322,0.058258,0.106939
101,100,2,1300,0.058553,0.107753,0.059406,0.098411,0.058206,0.105879
101,100,2,1400,0.058291,0.107452,0.059023,0.096438,0.057785,0.106911
1,100,2,100,0.002482,0.000183,0.002221,0.0001,0.002305,0.00025
1,100,2,200,0.002336,0.000195,0.002187,0.000128,0.002778,0.000212
1,100,2,300,0.002417,0.000261,0.002828,0.000113,0.003138,0.000296
1,100,2,400,0.00241,0.000311,0.002185,0.000101,0.002194,0.000258
1,100,2,500,0.002266,0.000265,0.003449,0.000209,0.002766,0.000338
1,100,2,600,0.002371,0.000311,0.002174,0.000105,0.002232,0.000377
1,100,2,700,0.0028,0.000502,0.002937,0.000108,0.002296,0.000396
1,100,2,800,0.002334,0.000324,0.002194,9.7e-05,0.002232,0.000587
1,100,2,900,0.003915,0.000607,0.002414,0.000111,0.002288,0.000419
1,100,2,1000,0.00224,0.00039,0.002316,0.000125,0.002554,0.00072
1,100,2,1100,0.003336,0.000507,0.002374,0.0001,0.002181,0.000453
1,100,2,1200,0.002276,0.000459,0.002203,0.0001,0.002176,0.000555
1,100,2,1300,0.002384,0.000471,0.002198,9.9e-05,0.002343,0.00056
1,100,2,1400,0.002291,0.000478,0.002217,0.000109,0.003132,0.000609
11,100,2,100,0.005769,0.002619,0.008418,0.002648,0.006591,0.002671
11,100,2,200,0.006205,0.003213,0.009071,0.002711,0.005784,0.002709
11,100,2,300,0.006889,0.0028,0.008406,0.002511,0.006694,0.003253
11,100,2,400,0.006782,0.002991,0.007907,0.00308,0.006214,0.002907
11,100,2,500,0.006466,0.003159,0.008679,0.002938,0.006313,0.003111
11,100,2,600,0.006398,0.003242,0.007869,0.002903,0.006501,0.003168
11,100,2,700,0.006574,0.003859,0.008786,0.002673,0.006153,0.003314
11,100,2,800,0.006418,0.003378,0.007761,0.002488,0.006771,0.003312
11,100,2,900,0.006618,0.003133,0.007979,0.002795,0.006129,0.003589
11,100,2,1000,0.006092,0.003351,0.008505,0.002589,0.006247,0.003771
11,100,2,1100,0.007296,0.003488,0.008391,0.00247,0.006182,0.00397
11,100,2,1200,0.00612,0.003525,0.008609,0.002458,0.006706,0.004862
11,100,2,1300,0.007026,0.003583,0.008588,0.002617,0.006007,0.003836
11,100,2,1400,0.006596,0.003928,0.007677,0.003174,0.006214,0.003735
21,100,2,100,0.010106,0.008084,0.012174,0.007441,0.010107,0.007946
21,100,2,200,0.009443,0.008485,0.013002,0.007918,0.010103,0.008783
21,100,2,300,0.009613,0.008445,0.012455,0.007935,0.009923,0.008227
21,100,2,400,0.010055,0.008824,0.013257,0.007778,0.010153,0.008284
21,100,2,500,0.009484,0.008851,0.011911,0.007485,0.01011,0.008907
21,100,2,600,0.009675,0.009662,0.012199,0.007587,0.009456,0.008988
21,100,2,700,0.010303,0.008605,0.012759,0.007253,0.009855,0.00939
21,100,2,800,0.010277,0.009034,0.011924,0.009003,0.009825,0.009184
21,100,2,900,0.010707,0.008968,0.011997,0.008552,0.010063,0.009376
21,100,2,1000,0.010194,0.009367,0.012818,0.008956,0.009409,0.00986
21,100,2,1100,0.010977,0.008738,0.012106,0.008394,0.010349,0.009777
21,100,2,1200,0.010055,0.010181,0.013141,0.008608,0.010078,0.009415
21,100,2,1300,0.010025,0.010129,0.01317,0.007626,0.010183,0.009249
21,100,2,1400,0.010823,0.009413,0.012962,0.008073,0.009913,0.01
31,100,2,100,0.013905,0.016992,0.016294,0.016774,0.01496,0.018186
31,100,2,200,0.014827,0.018048,0.016365,0.015935,0.024636,0.03553
31,100,2,300,0.019454,0.024814,0.031595,0.030093,0.016113,0.021132
31,100,2,400,0.017229,0.023111,0.018075,0.019721,0.01706,0.01838
31,100,2,500,0.016073,0.019693,0.022305,0.022908,0.015816,0.019962
31,100,2,600,0.015915,0.018888,0.017153,0.015961,0.015727,0.01868
31,100,2,700,0.023864,0.033328,0.030535,0.034547,0.015465,0.02061
31,100,2,800,0.015452,0.018665,0.01869,0.017487,0.030437,0.028009
31,100,2,900,0.016667,0.02021,0.017454,0.016623,0.01619,0.020384
31,100,2,1000,0.021416,0.033737,0.018909,0.025749,0.01623,0.0192
31,100,2,1100,0.015832,0.019568,0.018189,0.016373,0.024578,0.0283
31,100,2,1200,0.015112,0.019314,0.018122,0.016595,0.017889,0.020093
31,100,2,1300,0.015462,0.020661,0.018251,0.016467,0.015743,0.021028
31,100,2,1400,0.019995,0.02984,0.017928,0.019693,0.015251,0.021172
41,100,2,100,0.029293,0.039483,0.025997,0.035891,0.022124,0.031359
41,100,2,200,0.021327,0.032612,0.02528,0.03063,0.020952,0.032803
41,100,2,300,0.022195,0.032137,0.024055,0.030632,0.021885,0.031757
41,100,2,400,0.021117,0.030941,0.024631,0.031469,0.024068,0.033033
41,100,2,500,0.023398,0.034125,0.02539,0.029758,0.023123,0.035702
41,100,2,600,0.025663,0.046765,0.027776,0.039922,0.024248,0.034319
41,100,2,700,0.023724,0.033873,0.025847,0.030813,0.030579,0.034363
41,100,2,800,0.02369,0.039352,0.023681,0.030206,0.021626,0.032114
41,100,2,900,0.022271,0.033528,0.024168,0.030544,0.021595,0.032982
41,100,2,1000,0.022085,0.03789,0.023106,0.028062,0.021437,0.03169
41,100,2,1100,0.022675,0.032028,0.023997,0.030496,0.022318,0.033151
41,100,2,1200,0.021799,0.033297,0.025456,0.02908,0.021181,0.03263
41,100,2,1300,0.021946,0.032272,0.026024,0.029751,0.021553,0.03295
41,100,2,1400,0.022306,0.032163,0.024935,0.030053,0.021601,0.032748
51,100,2,100,0.030017,0.046532,0.031336,0.042702,0.028163,0.046124
51,100,2,200,0.028478,0.046589,0.031292,0.043266,0.029542,0.047424
51,100,2,300,0.028512,0.045516,0.031115,0.043037,0.028316,0.046254
51,100,2,400,0.028719,0.04614,0.031013,0.042183,0.029429,0.046709
51,100,2,500,0.029647,0.047241,0.030268,0.042991,0.028338,0.046478
51,100,2,600,0.02911,0.046327,0.031099,0.042858,0.029101,0.047329
51,100,2,700,0.028552,0.046795,0.030505,0.043449,0.028521,0.047473
51,100,2,800,0.028677,0.047539,0.030823,0.043206,0.029103,0.047003
51,100,2,900,0.03019,0.048665,0.030407,0.04323,0.028405,0.047234
51,100,2,1000,0.029148,0.04781,0.03054,0.042909,0.029679,0.047022
51,100,2,1100,0.02998,0.047908,0.031262,0.04309,0.029434,0.046453
51,100,2,1200,0.028892,0.046116,0.030214,0.042622,0.029115,0.046056
51,100,2,1300,0.030064,0.047896,0.040326,0.049739,0.028308,0.047558
51,100,2,1400,0.028907,0.047923,0.030489,0.042432,0.029449,0.047296
61,100,2,100,0.038624,0.065053,0.039473,0.059772,0.037337,0.063805
61,100,2,200,0.038794,0.064914,0.039236,0.059378,0.037297,0.065232
61,100,2,300,0.037511,0.065077,0.039259,0.060819,0.037325,0.064537
61,100,2,400,0.037273,0.065004,0.039017,0.059659,0.037153,0.064386
61,100,2,500,0.038297,0.065523,0.039094,0.060074,0.03788,0.064808
61,100,2,600,0.037431,0.064593,0.039266,0.058681,0.037623,0.064821
61,100,2,700,0.037739,0.06495,0.03958,0.059181,0.037241,0.063821
61,100,2,800,0.038272,0.063947,0.039419,0.058657,0.037289,0.063469
61,100,2,900,0.038298,0.0641,0.039339,0.059465,0.037549,0.064256
61,100,2,1000,0.037886,0.064766,0.039769,0.059872,0.037471,0.064729
61,100,2,1100,0.038379,0.075886,0.04951,0.075147,0.037279,0.065442
61,100,2,1200,0.043458,0.066778,0.039007,0.060497,0.037488,0.065085
61,100,2,1300,0.037956,0.066351,0.03899,0.061807,0.037969,0.064384
61,100,2,1400,0.038783,0.065929,0.039652,0.058687,0.037113,0.065223
71,100,2,100,0.048396,0.083848,0.051865,0.079826,0.049452,0.085428
71,100,2,200,0.048387,0.083965,0.051639,0.077413,0.047177,0.083588
71,100,2,300,0.048892,0.08492,0.05045,0.078539,0.047339,0.084677
71,100,2,400,0.048961,0.08575,0.050725,0.078491,0.047457,0.084194
71,100,2,500,0.048956,0.086667,0.051501,0.079644,0.047784,0.08388
71,100,2,600,0.047928,0.085094,0.051962,0.079213,0.048051,0.084638
71,100,2,700,0.047971,0.084543,0.051002,0.078848,0.047654,0.084237
71,100,2,800,0.048228,0.085761,0.050495,0.077464,0.047039,0.084281
71,100,2,900,0.047948,0.085874,0.050411,0.07922,0.047135,0.084505
71,100,2,1000,0.048106,0.084838,0.051168,0.078926,0.047193,0.08464
71,100,2,1100,0.048084,0.084122,0.04982,0.077708,0.047337,0.085384
71,100,2,1200,0.059763,0.090767,0.050343,0.079639,0.047456,0.084591
71,100,2,1300,0.048375,0.084601,0.050981,0.077962,0.048134,0.086998
71,100,2,1400,0.048503,0.086781,0.051231,0.077983,0.048668,0.086095
81,100,2,100,0.060788,0.109215,0.06216,0.100598,0.063175,0.115299
81,100,2,200,0.059961,0.108048,0.062554,0.108009,0.063149,0.113306
81,100,2,300,0.060707,0.108398,0.061324,0.10115,0.059241,0.108542
81,100,2,400,0.060113,0.11048,0.061645,0.100067,0.059541,0.108086
81,100,2,500,0.059634,0.108936,0.061772,0.100506,0.059699,0.10824
81,100,2,600,0.059918,0.109722,0.063056,0.100423,0.059362,0.108006
81,100,2,700,0.061179,0.110033,0.062257,0.099313,0.05947,0.108302
81,100,2,800,0.060547,0.108955,0.063604,0.101606,0.059081,0.108151
81,100,2,900,0.060976,0.110459,0.061697,0.100731,0.058768,0.110262
81,100,2,1000,0.060338,0.110516,0.062261,0.101593,0.058681,0.10811
81,100,2,1100,0.060449,0.110234,0.061279,0.101094,0.058813,0.10962
81,100,2,1200,0.059412,0.109602,0.060964,0.101622,0.058624,0.107837
81,100,2,1300,0.060836,0.11011,0.061717,0.101352,0.059407,0.109478
81,100,2,1400,0.058851,0.10938,0.061058,0.101378,0.059338,0.109446
91,100,2,100,0.073382,0.13518,0.074253,0.124968,0.072544,0.133949
91,100,2,200,0.072496,0.134168,0.074624,0.124419,0.076918,0.134203
91,100,2,300,0.071957,0.134031,0.074615,0.125242,0.071433,0.135301
91,100,2,400,0.07262,0.134377,0.073548,0.125128,0.071415,0.133175
91,100,2,500,0.072347,0.135419,0.07423,0.12436,0.071096,0.133668
91,100,2,600,0.07373,0.134678,0.073897,0.125648,0.073182,0.134188
91,100,2,700,0.072674,0.137173,0.073727,0.124579,0.071831,0.133729
91,100,2,800,0.072946,0.135406,0.075167,0.125477,0.072201,0.135151
91,100,2,900,0.072728,0.135551,0.076255,0.125233,0.071037,0.135232
91,100,2,1000,0.072524,0.135202,0.074043,0.126411,0.071729,0.134872
91,100,2,1100,0.072321,0.1363,0.073849,0.125838,0.071236,0.137145
91,100,2,1200,0.073284,0.139223,0.073432,0.124682,0.072088,0.134763
91,100,2,1300,0.072961,0.137187,0.074188,0.124881,0.072104,0.136422
91,100,2,1400,0.073832,0.138084,0.074337,0.125533,0.071792,0.13571
101,100,2,100,0.086133,0.163769,0.087542,0.151225,0.085498,0.16196
101,100,2,200,0.086245,0.16496,0.08949,0.155622,0.088787,0.164037
101,100,2,300,0.086604,0.164859,0.088306,0.151654,0.08503,0.162418
101,100,2,400,0.08634,0.164648,0.090066,0.152502,0.085442,0.162909
101,100,2,500,0.085653,0.163493,0.088142,0.151721,0.085731,0.163934
101,100,2,600,0.086272,0.16339,0.087485,0.153025,0.08535,0.162857
101,100,2,700,0.086551,0.164503,0.090219,0.15213,0.085194,0.163212
101,100,2,800,0.086594,0.16355,0.089729,0.151425,0.086323,0.164131
101,100,2,900,0.086362,0.164062,0.087999,0.151871,0.086484,0.163022
101,100,2,1000,0.086507,0.164425,0.087513,0.15171,0.085795,0.165699
101,100,2,1100,0.106409,0.174433,0.087821,0.153489,0.085476,0.165301
101,100,2,1200,0.086873,0.167122,0.087322,0.152896,0.085313,0.165279
101,100,2,1300,0.088348,0.165517,0.088278,0.151885,0.085556,0.16417
101,100,2,1400,0.087335,0.164862,0.087868,0.152367,0.085776,0.163491
1,100,2,100,0.006954,0.000494,0.005355,0.000167,0.008371,0.000641
1,100,2,200,0.006699,0.00063,0.005497,0.000209,0.006745,0.000514
1,100,2,300,0.008222,0.000839,0.005328,0.000161,0.006552,0.000562
1,100,2,400,0.006278,0.000696,0.005839,0.000292,0.005584,0.000712
1,100,2,500,0.005097,0.000632,0.006417,0.000305,0.004928,0.000692
1,100,2,600,0.008295,0.001189,0.005602,0.000238,0.004986,0.000861
1,100,2,700,0.0065,0.001013,0.005487,0.000167,0.005803,0.001429
1,100,2,800,0.00524,0.000843,0.005323,0.000166,0.006209,0.001273
1,100,2,900,0.005067,0.000926,0.006517,0.000231,0.005069,0.001085
1,100,2,1000,0.005239,0.001089,0.007107,0.000219,0.005153,0.001218
1,100,2,1100,0.006246,0.001486,0.005343,0.000165,0.00542,0.00156
1,100,2,1200,0.005649,0.001236,0.005254,0.000182,0.005721,0.002049
1,100,2,1300,0.005298,0.00125,0.005931,0.000263,0.005335,0.001508
1,100,2,1400,0.005079,0.001661,0.006028,0.000212,0.00491,0.001493
11,100,2,100,0.005566,0.002025,0.005569,0.001517,0.005817,0.001767
11,100,2,200,0.005305,0.002098,0.005699,0.001595,0.005637,0.001916
11,100,2,300,0.005061,0.00179,0.006233,0.001599,0.004516,0.001809
11,100,2,400,0.005839,0.002343,0.005528,0.001874,0.004799,0.001983
11,100,2,500,0.005736,0.002434,0.005605,0.001596,0.005866,0.00205
11,100,2,600,0.004953,0.001941,0.006113,0.002153,0.004554,0.002447
11,100,2,700,0.005373,0.002097,0.007048,0.001556,0.004612,0.002031
11,100,2,800,0.00517,0.002685,0.005408,0.001616,0.005779,0.002167
11,100,2,900,0.005376,0.002506,0.005682,0.001551,0.005375,0.002251
11,100,2,1000,0.005484,0.002098,0.006078,0.001845,0.004639,0.002637
11,100,2,1100,0.005146,0.002246,0.006075,0.001919,0.004798,0.00226
11,100,2,1200,0.005613,0.002732,0.005455,0.001609,0.005186,0.002412
11,100,2,1300,0.005275,0.00276,0.005563,0.001547,0.005792,0.00251
11,100,2,1400,0.005095,0.002294,0.006257,0.001696,0.004561,0.003246
21,100,2,100,0.007229,0.005867,0.008196,0.004725,0.007703,0.005149
21,100,2,200,0.007232,0.005178,0.007566,0.005125,0.007383,0.005514
21,100,2,300,0.009302,0.006181,0.008484,0.004693,0.006999,0.005395
21,100,2,400,0.00699,0.006484,0.008383,0.004685,0.007317,0.006526
21,100,2,500,0.007986,0.006045,0.007928,0.004631,0.006841,0.006013
21,100,2,600,0.007407,0.006028,0.00783,0.005179,0.00738,0.006142
21,100,2,700,0.007469,0.005994,0.007714,0.004585,0.0068,0.006494
21,100,2,800,0.007896,0.006896,0.008136,0.004937,0.007765,0.006083
21,100,2,900,0.007064,0.006022,0.00797,0.005153,0.00795,0.007423
21,100,2,1000,0.00867,0.008977,0.008411,0.004943,0.006898,0.007763
21,100,2,1100,0.008239,0.006396,0.007758,0.00475,0.006818,0.007485
21,100,2,1200,0.007773,0.0078,0.008313,0.004847,0.007307,0.006797
21,100,2,1300,0.008148,0.010306,0.008333,0.004686,0.007846,0.006727
21,100,2,1400,0.006684,0.007914,0.00829,0.005618,0.00825,0.008556
31,100,2,100,0.011269,0.011489,0.013225,0.015252,0.010155,0.010572
31,100,2,200,0.00989,0.012129,0.011146,0.011306,0.010036,0.012537
31,100,2,300,0.012902,0.011213,0.011602,0.01001,0.011121,0.01098
31,100,2,400,0.011959,0.011392,0.011008,0.009627,0.010369,0.011147
31,100,2,500,0.010983,0.012202,0.010799,0.011395,0.010393,0.012637
31,100,2,600,0.010375,0.012978,0.012541,0.00985,0.011096,0.011423
31,100,2,700,0.010318,0.012882,0.011187,0.010981,0.009871,0.013145
31,100,2,800,0.01173,0.012598,0.011879,0.010321,0.010374,0.011647
31,100,2,900,0.010856,0.012123,0.010876,0.010636,0.009991,0.01397
31,100,2,1000,0.011182,0.012872,0.012113,0.010692,0.010521,0.012541
31,100,2,1100,0.010392,0.013108,0.011165,0.011259,0.010134,0.014133
31,100,2,1200,0.011633,0.012379,0.011376,0.010759,0.010018,0.012279
31,100,2,1300,0.010491,0.01339,0.010655,0.011065,0.011341,0.0135
31,100,2,1400,0.011786,0.013335,0.010951,0.009714,0.010128,0.013358
41,100,2,100,0.014502,0.021193,0.015442,0.017757,0.014705,0.021177
41,100,2,200,0.015269,0.020137,0.015753,0.01857,0.01464,0.021971
41,100,2,300,0.015882,0.01972,0.015065,0.018592,0.014719,0.020898
41,100,2,400,0.01502,0.021316,0.016375,0.018335,0.015217,0.022945
41,100,2,500,0.015194,0.020807,0.016331,0.018636,0.01512,0.021859
41,100,2,600,0.01536,0.020655,0.016584,0.01843,0.015005,0.021403
41,100,2,700,0.0154,0.021523,0.016346,0.018003,0.014915,0.022562
41,100,2,800,0.01619,0.020909,0.01606,0.019727,0.016153,0.02208
41,100,2,900,0.016025,0.021718,0.016133,0.017832,0.014877,0.023022
41,100,2,1000,0.016066,0.020695,0.015236,0.018404,0.01438,0.022148
41,100,2,1100,0.015493,0.022484,0.016667,0.018708,0.015367,0.022485
41,100,2,1200,0.015822,0.021218,0.015698,0.018778,0.015494,0.022263
41,100,2,1300,0.015284,0.02155,0.016072,0.018864,0.015285,0.02287
41,100,2,1400,0.015522,0.022457,0.015742,0.019033,0.016324,0.022881
51,100,2,100,0.019686,0.029814,0.020229,0.026893,0.020198,0.030674
51,100,2,200,0.019723,0.031149,0.021024,0.027961,0.019402,0.0295
51,100,2,300,0.019619,0.029525,0.02364,0.027584,0.019972,0.029589
51,100,2,400,0.020474,0.030262,0.021054,0.0272,0.020331,0.030075
51,100,2,500,0.021422,0.029728,0.021295,0.027576,0.020188,0.030379
51,100,2,600,0.021482,0.030889,0.020274,0.027043,0.020455,0.029785
51,100,2,700,0.021505,0.030796,0.021629,0.027958,0.019836,0.029677
51,100,2,800,0.021408,0.031031,0.020487,0.026679,0.020015,0.03004
51,100,2,900,0.020633,0.030974,0.020788,0.026722,0.020502,0.031187
51,100,2,1000,0.02074,0.031261,0.021271,0.026749,0.021283,0.031544
51,100,2,1100,0.019997,0.03088,0.020832,0.026956,0.020229,0.030161
51,100,2,1200,0.020914,0.032344,0.020332,0.02662,0.019953,0.031201
51,100,2,1300,0.019759,0.033537,0.020989,0.026708,0.01997,0.031274
51,100,2,1400,0.019908,0.031501,0.020871,0.027113,0.0204,0.030816
61,100,2,100,0.026614,0.041343,0.027716,0.037198,0.026732,0.04038
61,100,2,200,0.02552,0.041934,0.026796,0.03815,0.025617,0.04124
61,100,2,300,0.02601,0.041767,0.026755,0.037381,0.025379,0.040927
61,100,2,400,0.025423,0.042607,0.026994,0.037704,0.025269,0.041288
61,100,2,500,0.026399,0.043658,0.026884,0.037546,0.026406,0.041291
61,100,2,600,0.025895,0.043481,0.027538,0.041581,0.02538,0.043347
61,100,2,700,0.026016,0.04385,0.027722,0.038073,0.02684,0.04219
61,100,2,800,0.026515,0.042081,0.026993,0.037337,0.025531,0.041647
61,100,2,900,0.026338,0.041973,0.027078,0.038434,0.025399,0.042214
61,100,2,1000,0.026045,0.042927,0.02747,0.037618,0.025318,0.042045
61,100,2,1100,0.025717,0.043272,0.032839,0.03824,0.025487,0.042162
61,100,2,1200,0.025899,0.04267,0.027235,0.037042,0.025702,0.041989
61,100,2,1300,0.025994,0.043173,0.027356,0.037654,0.02555,0.042328
61,100,2,1400,0.02566,0.043299,0.027274,0.038169,0.026584,0.042857
71,100,2,100,0.033289,0.058638,0.045582,0.065289,0.032293,0.055936
71,100,2,200,0.033174,0.055481,0.032671,0.050164,0.032947,0.053465
71,100,2,300,0.032883,0.056996,0.032872,0.049965,0.032575,0.053721
71,100,2,400,0.032778,0.055339,0.033549,0.049817,0.032501,0.054023
71,100,2,500,0.032671,0.056768,0.033032,0.05037,0.032476,0.054978
71,100,2,600,0.033168,0.055708,0.033128,0.049857,0.032178,0.054757
71,100,2,700,0.033582,0.055932,0.036564,0.072935,0.045141,0.077924
71,100,2,800,0.038609,0.065507,0.035401,0.066652,0.033797,0.058696
71,100,2,900,0.042768,0.059337,0.035164,0.0529,0.033937,0.066972
71,100,2,1000,0.034735,0.077462,0.038381,0.05365,0.04758,0.063909
71,100,2,1100,0.035023,0.060191,0.035071,0.052205,0.055024,0.080209
71,100,2,1200,0.041822,0.078237,0.033793,0.051267,0.032887,0.056736
71,100,2,1300,0.033634,0.056985,0.033295,0.050322,0.032673,0.055564
71,100,2,1400,0.033511,0.059552,0.034705,0.053931,0.036251,0.05868
81,100,2,100,0.048761,0.102137,0.044211,0.069529,0.04207,0.079526
81,100,2,200,0.040489,0.070384,0.041468,0.06615,0.040525,0.070665
81,100,2,300,0.04119,0.069892,0.041144,0.064613,0.040993,0.071402
81,100,2,400,0.040515,0.071535,0.041624,0.064845,0.040576,0.069376
81,100,2,500,0.041532,0.069999,0.041812,0.066298,0.04009,0.07063
81,100,2,600,0.040701,0.070298,0.040923,0.06599,0.04053,0.070072
81,100,2,700,0.04101,0.070268,0.041009,0.064372,0.041415,0.070609
81,100,2,800,0.040888,0.070794,0.040987,0.064753,0.040239,0.071412
81,100,2,900,0.041654,0.070177,0.040815,0.064575,0.040222,0.07063
81,100,2,1000,0.040742,0.071217,0.041125,0.064479,0.040635,0.070862
81,100,2,1100,0.040557,0.071149,0.040883,0.064713,0.042747,0.071874
81,100,2,1200,0.040824,0.071785,0.040634,0.064208,0.039708,0.072726
81,100,2,1300,0.040954,0.071741,0.040621,0.064015,0.039871,0.071198
81,100,2,1400,0.040743,0.072532,0.040801,0.064312,0.040032,0.071378
91,100,2,100,0.049486,0.086801,0.049003,0.078717,0.048384,0.087491
91,100,2,200,0.049613,0.086757,0.049529,0.079788,0.048416,0.086073
91,100,2,300,0.048444,0.086085,0.049326,0.079155,0.049052,0.086144
91,100,2,400,0.049252,0.088106,0.049569,0.079606,0.048309,0.086783
91,100,2,500,0.049391,0.085954,0.050231,0.080605,0.048726,0.086123
91,100,2,600,0.049841,0.087403,0.048901,0.07886,0.048211,0.086107
91,100,2,700,0.049547,0.088859,0.049044,0.079598,0.05068,0.088912
91,100,2,800,0.050142,0.08814,0.049521,0.08009,0.048219,0.087416
91,100,2,900,0.049953,0.087889,0.049422,0.079085,0.049033,0.08663
91,100,2,1000,0.04983,0.088623,0.049617,0.079635,0.048401,0.087457
91,100,2,1100,0.049044,0.089213,0.051234,0.079282,0.048137,0.08751
91,100,2,1200,0.050366,0.088958,0.048988,0.07887,0.048273,0.087465
91,100,2,1300,0.049332,0.089522,0.049303,0.079275,0.048184,0.088572
91,100,2,1400,0.049467,0.088929,0.048986,0.078733,0.048724,0.088167
101,100,2,100,0.058785,0.105496,0.059845,0.098175,0.058108,0.104445
101,100,2,200,0.060253,0.107275,0.059232,0.097351,0.058624,0.104846
101,100,2,300,0.058806,0.105019,0.059155,0.098137,0.057515,0.104896
101,100,2,400,0.058993,0.107342,0.059015,0.096527,0.057707,0.107071
101,100,2,500,0.059047,0.106304,0.058742,0.098755,0.058088,0.105462
101,100,2,600,0.058904,0.108536,0.059019,0.097569,0.058233,0.107189
101,100,2,700,0.058555,0.106494,0.058474,0.097313,0.057656,0.105726
101,100,2,800,0.058977,0.107934,0.058644,0.096296,0.058829,0.105933
101,100,2,900,0.057855,0.106813,0.058636,0.096894,0.057656,0.10657
101,100,2,1000,0.058317,0.106994,0.060711,0.107686,0.058216,0.106716
101,100,2,1100,0.058942,0.108323,0.062344,0.1036,0.057492,0.106595
101,100,2,1200,0.059108,0.107498,0.058976,0.09756,0.057605,0.105827
101,100,2,1300,0.059416,0.107092,0.059213,0.097756,0.058645,0.106747
101,100,2,1400,0.058993,0.107643,0.060128,0.096647,0.05761,0.106229
1,100,2,100,0.006732,0.000434,0.004691,0.000171,0.007023,0.000459
1,100,2,200,0.005592,0.000411,0.004755,0.000185,0.00444,0.00035
1,100,2,300,0.006513,0.000575,0.004751,0.000187,0.005642,0.000716
1,100,2,400,0.008684,0.000815,0.006365,0.000282,0.005041,0.000611
1,100,2,500,0.004625,0.00054,0.005454,0.000253,0.004864,0.000653
1,100,2,600,0.004659,0.000585,0.006182,0.00026,0.004855,0.000697
1,100,2,700,0.004592,0.000717,0.006858,0.000335,0.004604,0.000695
1,100,2,800,0.008124,0.001129,0.004832,0.000177,0.004529,0.000821
1,100,2,900,0.006087,0.000803,0.004864,0.000175,0.005266,0.000936
1,100,2,1000,0.005136,0.000979,0.004774,0.000186,0.005422,0.00177
1,100,2,1100,0.004855,0.000847,0.004705,0.000179,0.006294,0.001261
1,100,2,1200,0.004893,0.00083,0.005435,0.000198,0.005033,0.000999
1,100,2,1300,0.004677,0.000809,0.005388,0.00024,0.004772,0.001052
1,100,2,1400,0.004566,0.000935,0.005574,0.000241,0.00466,0.000936
11,100,2,100,0.005098,0.002532,0.006259,0.001583,0.004648,0.001806
11,100,2,200,0.004749,0.002007,0.005528,0.002408,0.004497,0.001992
11,100,2,300,0.006594,0.002245,0.006134,0.00194,0.004849,0.002276
11,100,2,400,0.005152,0.00239,0.005046,0.001529,0.006103,0.002797
11,100,2,500,0.005408,0.002987,0.005303,0.001531,0.005878,0.002554
11,100,2,600,0.005084,0.00254,0.006066,0.001708,0.004459,0.003461
11,100,2,700,0.005195,0.002719,0.006041,0.00164,0.004646,0.002749
11,100,2,800,0.004981,0.004086,0.005079,0.001896,0.005183,0.002923
11,100,2,900,0.006072,0.00295,0.005099,0.00152,0.004803,0.004102
11,100,2,1000,0.005228,0.003474,0.005396,0.001528,0.005209,0.003116
11,100,2,1100,0.00499,0.002966,0.00675,0.001657,0.00548,0.003509
11,100,2,1200,0.005032,0.003109,0.005755,0.002133,0.004517,0.003607
11,100,2,1300,0.004941,0.003104,0.006298,0.001637,0.004693,0.003108
11,100,2,1400,0.005317,0.00342,0.005034,0.002416,0.005041,0.003272
21,100,2,100,0.007208,0.006074,0.008198,0.004693,0.007171,0.006235
21,100,2,200,0.007749,0.005506,0.008215,0.004694,0.007168,0.005172
21,100,2,300,0.007457,0.006449,0.007874,0.005889,0.00759,0.006172
21,100,2,400,0.007969,0.005484,0.008457,0.004615,0.007062,0.006138
21,100,2,500,0.008872,0.007841,0.008457,0.004748,0.007209,0.005708
21,100,2,600,0.007011,0.006457,0.008156,0.004725,0.007416,0.007049
21,100,2,700,0.008445,0.006858,0.007574,0.004816,0.006868,0.006825
21,100,2,800,0.008101,0.006977,0.00827,0.005182,0.007909,0.006256
21,100,2,900,0.007171,0.007303,0.007845,0.005118,0.007295,0.007464
21,100,2,1000,0.00777,0.006396,0.008229,0.004695,0.006881,0.00693
21,100,2,1100,0.008096,0.008367,0.008205,0.005308,0.00776,0.006498
21,100,2,1200,0.006959,0.007161,0.007679,0.005034,0.007155,0.007716
21,100,2,1300,0.008575,0.007016,0.007487,0.004631,0.006897,0.007308
21,100,2,1400,0.007901,0.007119,0.007679,0.008535,0.009555,0.007884
31,100,2,100,0.010369,0.012908,0.010541,0.01162,0.01116,0.011178
31,100,2,200,0.01199,0.012269,0.01126,0.009724,0.010949,0.010724
31,100,2,300,0.011962,0.012179,0.010909,0.010845,0.01044,0.012522
31,100,2,400,0.01048,0.013135,0.012195,0.009845,0.011241,0.011862
31,100,2,500,0.013198,0.012027,0.010925,0.009972,0.009844,0.013042
31,100,2,600,0.010889,0.012234,0.011083,0.01003,0.011467,0.011701
31,100,2,700,0.012091,0.012531,0.010659,0.009647,0.010243,0.011733
31,100,2,800,0.011891,0.012423,0.01071,0.010676,0.00998,0.012822
31,100,2,900,0.011432,0.012519,0.011985,0.011083,0.010254,0.012044
31,100,2,1000,0.010345,0.0122,0.010818,0.011619,0.010424,0.013742
31,100,2,1100,0.010757,0.013615,0.011193,0.009845,0.011068,0.012642
31,100,2,1200,0.010242,0.013515,0.010445,0.011544,0.010709,0.013731
31,100,2,1300,0.010368,0.013947,0.010722,0.009813,0.010239,0.012702
31,100,2,1400,0.010385,0.013738,0.010906,0.010446,0.010187,0.013847
41,100,2,100,0.015883,0.020242,0.015344,0.019338,0.015639,0.020943
41,100,2,200,0.01546,0.020831,0.016596,0.018436,0.015491,0.021722
41,100,2,300,0.016179,0.020794,0.015653,0.018572,0.015509,0.022302
41,100,2,400,0.01555,0.021201,0.016384,0.018837,0.015405,0.02188
41,100,2,500,0.015148,0.021375,0.015946,0.018691,0.014872,0.022337
41,100,2,600,0.015701,0.020491,0.015707,0.01865,0.015086,0.021043
41,100,2,700,0.015286,0.020741,0.015652,0.018109,0.016016,0.021049
41,100,2,800,0.015088,0.021595,0.015635,0.017984,0.015226,0.023268
41,100,2,900,0.015402,0.021045,0.01548,0.018646,0.015362,0.026065
41,100,2,1000,0.015677,0.021511,0.015962,0.018076,0.014875,0.022451
41,100,2,1100,0.015229,0.020541,0.015385,0.018176,0.014757,0.02207
41,100,2,1200,0.01532,0.022503,0.01586,0.01829,0.014903,0.02339
41,100,2,1300,0.015134,0.022154,0.01549,0.018613,0.014818,0.024339
41,100,2,1400,0.015625,0.02316,0.016248,0.018503,0.016031,0.023986
51,100,2,100,0.020819,0.028716,0.020867,0.026687,0.020233,0.028967
51,100,2,200,0.019643,0.028815,0.01996,0.026814,0.019296,0.029284
51,100,2,300,0.019457,0.029526,0.020803,0.027531,0.02012,0.029186
51,100,2,400,0.020925,0.030576,0.020663,0.026784,0.020669,0.029731
51,100,2,500,0.020582,0.030593,0.020702,0.026741,0.02049,0.03046
51,100,2,600,0.019954,0.030161,0.022417,0.028538,0.019304,0.029941
51,100,2,700,0.019995,0.030193,0.020203,0.026981,0.019426,0.030054
51,100,2,800,0.020287,0.03022,0.01994,0.027592,0.019413,0.030253
51,100,2,900,0.019549,0.031232,0.020146,0.026968,0.019784,0.030754
51,100,2,1000,0.019647,0.031341,0.020099,0.026948,0.019693,0.030881
51,100,2,1100,0.019702,0.031645,0.019993,0.027098,0.019519,0.031246
51,100,2,1200,0.019949,0.031774,0.02006,0.027209,0.019501,0.030991
51,100,2,1300,0.019932,0.031267,0.019885,0.026922,0.019514,0.031486
51,100,2,1400,0.019674,0.031944,0.019978,0.027224,0.019414,0.031318
61,100,2,100,0.027047,0.041582,0.026943,0.037685,0.025185,0.040166
61,100,2,200,0.025548,0.041116,0.026698,0.036856,0.025454,0.040811
61,100,2,300,0.025546,0.042632,0.027373,0.037749,0.025655,0.041021
61,100,2,400,0.02563,0.041757,0.026735,0.038001,0.025316,0.040895
61,100,2,500,0.025907,0.041637,0.0267,0.037456,0.025261,0.041403
61,100,2,600,0.02568,0.042961,0.027736,0.037586,0.026414,0.041313
61,100,2,700,0.025633,0.042514,0.026627,0.037511,0.025322,0.041716
61,100,2,800,0.025574,0.042234,0.026759,0.038322,0.02524,0.041798
61,100,2,900,0.025732,0.042601,0.026873,0.037823,0.025269,0.041411
61,100,2,1000,0.025713,0.042797,0.026526,0.037295,0.025353,0.042016
61,100,2,1100,0.025483,0.044017,0.027217,0.037263,0.02639,0.043003
61,100,2,1200,0.025421,0.043174,0.026691,0.037192,0.025333,0.042786
61,100,2,1300,0.025601,0.042951,0.026871,0.03718,0.026237,0.042245
61,100,2,1400,0.025568,0.044608,0.026665,0.037292,0.02537,0.042394
71,100,2,100,0.03227,0.05606,0.033304,0.049574,0.032417,0.053658
71,100,2,200,0.033468,0.055091,0.032838,0.049782,0.033486,0.055011
71,100,2,300,0.032714,0.055073,0.032887,0.05094,0.033316,0.054249
71,100,2,400,0.032803,0.05826,0.033123,0.050362,0.032397,0.054332
71,100,2,500,0.032718,0.05623,0.033205,0.050473,0.03221,0.054517
71,100,2,600,0.032676,0.055277,0.033061,0.050505,0.032635,0.056974
71,100,2,700,0.032503,0.057547,0.032618,0.050668,0.032207,0.055354
71,100,2,800,0.032196,0.065641,0.045233,0.069485,0.033083,0.055897
71,100,2,900,0.033737,0.059325,0.033091,0.050094,0.032045,0.055744
71,100,2,1000,0.032996,0.061168,0.032618,0.050754,0.032171,0.055254
71,100,2,1100,0.03306,0.056797,0.032867,0.049712,0.032424,0.056181
71,100,2,1200,0.03301,0.056683,0.032635,0.049565,0.032304,0.055669
71,100,2,1300,0.03255,0.059393,0.032956,0.049722,0.031982,0.055973
71,100,2,1400,0.033081,0.058481,0.033055,0.050005,0.032859,0.056948
81,100,2,100,0.041596,0.070337,0.040348,0.064214,0.040559,0.068503
81,100,2,200,0.039968,0.069577,0.040878,0.064114,0.040829,0.069239
81,100,2,300,0.041058,0.069983,0.0405,0.065222,0.040572,0.071382
81,100,2,400,0.040634,0.06995,0.040356,0.064917,0.039876,0.06928
81,100,2,500,0.040868,0.071802,0.040576,0.06505,0.039957,0.070383
81,100,2,600,0.041586,0.071425,0.041293,0.064081,0.039721,0.070417
81,100,2,700,0.040211,0.070413,0.040501,0.06381,0.039715,0.070572
81,100,2,800,0.041127,0.069906,0.040264,0.064371,0.04032,0.070218
81,100,2,900,0.039984,0.072125,0.040756,0.065286,0.039985,0.070323
81,100,2,1000,0.040749,0.072157,0.04063,0.064405,0.039862,0.070685
81,100,2,1100,0.041166,0.071861,0.041488,0.064999,0.039891,0.071264
81,100,2,1200,0.041119,0.073171,0.040888,0.065023,0.040157,0.071166
81,100,2,1300,0.041168,0.071327,0.040452,0.064594,0.039901,0.071267
81,100,2,1400,0.040943,0.07184,0.042053,0.063982,0.040056,0.072065
91,100,2,100,0.049464,0.088264,0.048879,0.079702,0.048406,0.086198
91,100,2,200,0.049377,0.087465,0.049736,0.079221,0.04872,0.086196
91,100,2,300,0.04974,0.086961,0.04895,0.079847,0.048337,0.086675
91,100,2,400,0.049109,0.087926,0.049283,0.07986,0.048366,0.08677
91,100,2,500,0.049983,0.088657,0.04898,0.079741,0.048467,0.088327
91,100,2,600,0.049626,0.087378,0.049239,0.079649,0.048433,0.08651
91,100,2,700,0.049476,0.087425,0.049062,0.079541,0.050206,0.087451
91,100,2,800,0.049524,0.087849,0.049003,0.079324,0.048466,0.087195
91,100,2,900,0.049301,0.109322,0.050386,0.078784,0.04812,0.087418
91,100,2,1000,0.050109,0.089021,0.048691,0.07839,0.048065,0.087473
91,100,2,1100,0.049504,0.090727,0.049072,0.079557,0.048579,0.089953
91,100,2,1200,0.049693,0.089454,0.04888,0.079843,0.048664,0.088726
91,100,2,1300,0.049188,0.088799,0.049214,0.079936,0.048319,0.088087
91,100,2,1400,0.049051,0.089582,0.049146,0.079449,0.04811,0.088494
101,100,2,100,0.058255,0.10598,0.05868,0.09633,0.057506,0.105124
101,100,2,200,0.058794,0.104757,0.058461,0.096127,0.057058,0.104032
101,100,2,300,0.058483,0.105845,0.058764,0.095965,0.057205,0.107513
101,100,2,400,0.058835,0.107087,0.058772,0.095817,0.057776,0.104144
101,100,2,500,0.05861,0.107574,0.058647,0.097021,0.057293,0.105512
101,100,2,600,0.058767,0.107809,0.057668,0.096887,0.057565,0.106083
101,100,2,700,0.059633,0.107084,0.058361,0.099024,0.057964,0.106634
101,100,2,800,0.059072,0.10854,0.058492,0.096646,0.057558,0.105688
101,100,2,900,0.060177,0.1065,0.058366,0.096498,0.05831,0.10516
101,100,2,1000,0.058114,0.106708,0.05943,0.096469,0.059083,0.106289
101,100,2,1100,0.059397,0.107894,0.058194,0.096422,0.058041,0.10662
101,100,2,1200,0.058754,0.108152,0.0586,0.097085,0.057544,0.107362
101,100,2,1300,0.059556,0.109231,0.058298,0.09739,0.057667,0.109167
101,100,2,1400,0.059055,0.108909,0.058147,0.097896,0.057316,0.10685
1,100,2,100,0.002503,0.000183,0.002295,0.000108,0.002372,0.000191
1,100,2,200,0.002428,0.000227,0.002335,0.000103,0.002785,0.000251
1,100,2,300,0.002693,0.00047,0.002919,0.000159,0.002417,0.0003
1,100,2,400,0.002354,0.000282,0.002257,0.000102,0.002316,0.000342
1,100,2,500,0.003955,0.00047,0.00291,0.000145,0.002343,0.000417
1,100,2,600,0.002513,0.000376,0.002312,0.000103,0.002865,0.000551
1,100,2,700,0.002878,0.00052,0.002272,0.000133,0.002255,0.000451
1,100,2,800,0.002327,0.000513,0.00324,0.000156,0.003641,0.000945
1,100,2,900,0.002454,0.000512,0.002707,0.000113,0.003365,0.001053
1,100,2,1000,0.00389,0.000831,0.002474,0.000147,0.002318,0.000601
1,100,2,1100,0.002337,0.000694,0.003096,0.000209,0.003064,0.000908
1,100,2,1200,0.00234,0.000609,0.002253,0.000114,0.002258,0.00074
1,100,2,1300,0.00294,0.001268,0.002914,0.000145,0.002346,0.000768
1,100,2,1400,0.002369,0.000766,0.002363,0.000106,0.003252,0.001556
11,100,2,100,0.006637,0.002508,0.008592,0.00253,0.006363,0.003875
11,100,2,200,0.006644,0.002872,0.009493,0.002498,0.005612,0.002772
11,100,2,300,0.006616,0.002757,0.008697,0.002466,0.00635,0.002983
11,100,2,400,0.00681,0.00309,0.007805,0.003159,0.006093,0.002884
11,100,2,500,0.006079,0.003715,0.008796,0.002623,0.006195,0.003079
11,100,2,600,0.005639,0.00351,0.008222,0.002368,0.00668,0.003375
11,100,2,700,0.006414,0.003172,0.00836,0.002466,0.006454,0.003435
11,100,2,800,0.006016,0.003062,0.009036,0.002466,0.006098,0.004223
11,100,2,900,0.006389,0.003344,0.009278,0.002754,0.005823,0.004546
11,100,2,1000,0.005858,0.003325,0.008986,0.00276,0.006044,0.003992
11,100,2,1100,0.006778,0.003691,0.008925,0.002726,0.007444,0.004352
11,100,2,1200,0.005862,0.004394,0.008095,0.002381,0.007737,0.004078
11,100,2,1300,0.006406,0.004411,0.008982,0.002516,0.006284,0.004534
11,100,2,1400,0.006058,0.003776,0.008389,0.002718,0.005979,0.003688
21,100,2,100,0.01008,0.008748,0.012789,0.007786,0.010461,0.008908
21,100,2,200,0.011082,0.009601,0.012522,0.009707,0.01014,0.009125
21,100,2,300,0.009623,0.008947,0.013094,0.008182,0.011009,0.008317
21,100,2,400,0.010592,0.009322,0.013555,0.007666,0.010144,0.009729
21,100,2,500,0.010006,0.00885,0.012443,0.009232,0.009756,0.008869
21,100,2,600,0.010628,0.008567,0.012257,0.008743,0.009598,0.009486
21,100,2,700,0.010442,0.008575,0.012414,0.009158,0.009606,0.009667
21,100,2,800,0.010763,0.008913,0.012768,0.008024,0.011235,0.009725
21,100,2,900,0.010034,0.009007,0.01408,0.008377,0.010816,0.009563
21,100,2,1000,0.009879,0.009941,0.012699,0.008551,0.010278,0.009038
21,100,2,1100,0.010064,0.010198,0.013659,0.008717,0.010641,0.009214
21,100,2,1200,0.010526,0.00944,0.014839,0.007856,0.010065,0.009931
21,100,2,1300,0.010973,0.011141,0.012521,0.009587,0.01027,0.00961
21,100,2,1400,0.009698,0.010184,0.012895,0.008193,0.010321,0.009513
31,100,2,100,0.014852,0.017041,0.016678,0.015401,0.015081,0.018711
31,100,2,200,0.015453,0.017208,0.016909,0.01651,0.014629,0.018818
31,100,2,300,0.014163,0.017397,0.017609,0.016013,0.014552,0.019349
31,100,2,400,0.014943,0.016523,0.016475,0.016611,0.01616,0.018182
31,100,2,500,0.015091,0.017105,0.01697,0.01692,0.014878,0.019704
31,100,2,600,0.01437,0.01825,0.017321,0.017595,0.014689,0.018377
31,100,2,700,0.014299,0.018976,0.01781,0.016852,0.0149,0.017705
31,100,2,800,0.014484,0.019563,0.01762,0.017248,0.01472,0.017346
31,100,2,900,0.014483,0.018375,0.017293,0.017171,0.014502,0.019095
31,100,2,1000,0.014824,0.018672,0.017218,0.01765,0.015007,0.019648
31,100,2,1100,0.014778,0.018697,0.016802,0.018151,0.015582,0.02019
31,100,2,1200,0.015644,0.019395,0.017692,0.015517,0.014719,0.019216
31,100,2,1300,0.014743,0.018234,0.017676,0.015711,0.014009,0.019879
31,100,2,1400,0.016052,0.020242,0.016489,0.015554,0.01467,0.018925
41,100,2,100,0.021247,0.03112,0.024624,0.028614,0.021604,0.031644
41,100,2,200,0.021892,0.032053,0.03084,0.031529,0.022017,0.030295
41,100,2,300,0.02104,0.032333,0.024608,0.0284,0.021634,0.032104
41,100,2,400,0.020846,0.030849,0.024178,0.028753,0.021052,0.030693
41,100,2,500,0.021655,0.032036,0.024226,0.030073,0.021143,0.033134
41,100,2,600,0.021407,0.031757,0.024005,0.028948,0.020995,0.031373
41,100,2,700,0.021344,0.030782,0.023986,0.029012,0.021275,0.035047
41,100,2,800,0.022167,0.032586,0.024003,0.029579,0.021956,0.03252
41,100,2,900,0.020865,0.032657,0.024826,0.028453,0.021653,0.030802
41,100,2,1000,0.021177,0.031437,0.024387,0.028631,0.021159,0.031475
41,100,2,1100,0.021176,0.032852,0.02413,0.029044,0.0244,0.033041
41,100,2,1200,0.021626,0.033458,0.02394,0.029899,0.021635,0.03116
41,100,2,1300,0.021504,0.031737,0.023748,0.030162,0.021521,0.031791
41,100,2,1400,0.02097,0.0339,0.02437,0.0296,0.02125,0.031614
51,100,2,100,0.029875,0.04754,0.031041,0.041736,0.029001,0.045045
51,100,2,200,0.028741,0.045495,0.031081,0.04168,0.028608,0.045229
51,100,2,300,0.028535,0.045651,0.031194,0.042686,0.029013,0.046884
51,100,2,400,0.028781,0.046936,0.030622,0.043961,0.028715,0.048377
51,100,2,500,0.028546,0.04676,0.030596,0.043805,0.028827,0.046354
51,100,2,600,0.028852,0.046198,0.030358,0.042417,0.028412,0.045275
51,100,2,700,0.029372,0.046084,0.031115,0.04395,0.028222,0.048064
51,100,2,800,0.028139,0.048436,0.030498,0.043864,0.028403,0.046283
51,100,2,900,0.029189,0.047658,0.031355,0.043866,0.028899,0.047384
51,100,2,1000,0.028875,0.048307,0.030663,0.043641,0.028215,0.04826
51,100,2,1100,0.028679,0.047191,0.031398,0.04242,0.029277,0.04678
51,100,2,1200,0.028583,0.046249,0.031357,0.041857,0.029006,0.0465
51,100,2,1300,0.029263,0.046969,0.03109,0.043684,0.028702,0.04653
51,100,2,1400,0.0288,0.048019,0.030756,0.043575,0.028895,0.047836
61,100,2,100,0.038594,0.06359,0.039642,0.060973,0.037763,0.063677
61,100,2,200,0.037414,0.063816,0.039579,0.060196,0.038686,0.065254
61,100,2,300,0.037064,0.064809,0.039571,0.05856,0.037438,0.064598
61,100,2,400,0.038404,0.062453,0.039072,0.05951,0.037732,0.06385
61,100,2,500,0.037325,0.064187,0.039465,0.06061,0.037309,0.063619
61,100,2,600,0.037925,0.063675,0.039707,0.059808,0.037561,0.064873
61,100,2,700,0.037533,0.065589,0.039679,0.060527,0.037572,0.065306
61,100,2,800,0.037365,0.065283,0.039636,0.05952,0.037145,0.063813
61,100,2,900,0.037372,0.064078,0.039966,0.059739,0.037306,0.06351
61,100,2,1000,0.037384,0.065535,0.039924,0.060486,0.037556,0.064346
61,100,2,1100,0.03746,0.065525,0.040129,0.06115,0.037499,0.065011
61,100,2,1200,0.037508,0.06454,0.039414,0.059676,0.037448,0.067594
61,100,2,1300,0.037819,0.068689,0.039552,0.058197,0.037468,0.064802
61,100,2,1400,0.03808,0.066442,0.039661,0.058759,0.037681,0.066919
71,100,2,100,0.047844,0.084987,0.049329,0.078816,0.048785,0.08498
71,100,2,200,0.04843,0.084327,0.050582,0.078165,0.0488,0.084162
71,100,2,300,0.047516,0.084205,0.050408,0.077102,0.047363,0.085484
71,100,2,400,0.047817,0.085681,0.049622,0.078438,0.047422,0.083591
71,100,2,500,0.048117,0.085891,0.050192,0.080254,0.047249,0.086082
71,100,2,600,0.04744,0.085717,0.050192,0.078196,0.047121,0.084058
71,100,2,700,0.047606,0.085857,0.050848,0.077747,0.048368,0.083472
71,100,2,800,0.060048,0.108402,0.049897,0.078044,0.048042,0.084579
71,100,2,900,0.047856,0.084725,0.049777,0.078985,0.047658,0.084857
71,100,2,1000,0.047996,0.084362,0.049945,0.078777,0.04738,0.084604
71,100,2,1100,0.049463,0.084816,0.050075,0.078417,0.047791,0.084568
71,100,2,1200,0.048563,0.085168,0.049708,0.079458,0.047741,0.088368
71,100,2,1300,0.04796,0.085153,0.049955,0.077886,0.047414,0.088919
71,100,2,1400,0.047791,0.086238,0.050131,0.08007,0.048407,0.086843
81,100,2,100,0.059809,0.107236,0.060903,0.101248,0.058878,0.10726
81,100,2,200,0.059244,0.108525,0.062229,0.100882,0.058677,0.108584
81,100,2,300,0.059826,0.107761,0.061749,0.09921,0.059084,0.108166
81,100,2,400,0.061156,0.108313,0.062867,0.101852,0.059121,0.108992
81,100,2,500,0.059101,0.109396,0.06121,0.101648,0.059156,0.107808
81,100,2,600,0.060003,0.110709,0.062156,0.100794,0.059055,0.109681
81,100,2,700,0.060234,0.108929,0.062377,0.102471,0.058891,0.108382
81,100,2,800,0.05929,0.111216,0.061909,0.099702,0.058879,0.107707
81,100,2,900,0.059427,0.1086,0.062155,0.101925,0.058933,0.109068
81,100,2,1000,0.058994,0.109356,0.061994,0.099606,0.058673,0.107548
81,100,2,1100,0.060926,0.110728,0.061964,0.099793,0.058959,0.10973
81,100,2,1200,0.059991,0.109067,0.061297,0.100013,0.059455,0.108408
81,100,2,1300,0.059826,0.109045,0.060906,0.101581,0.059374,0.109437
81,100,2,1400,0.059049,0.110037,0.060986,0.100538,0.058919,0.107973
91,100,2,100,0.073361,0.136755,0.074014,0.126378,0.071751,0.133596
91,100,2,200,0.071847,0.133986,0.073632,0.125623,0.071444,0.133922
91,100,2,300,0.074126,0.13576,0.074028,0.125325,0.072805,0.134938
91,100,2,400,0.072396,0.136085,0.074113,0.124866,0.071825,0.135138
91,100,2,500,0.072656,0.134982,0.074007,0.125691,0.071631,0.133963
91,100,2,600,0.073487,0.135679,0.074057,0.123765,0.074094,0.134515
91,100,2,700,0.072684,0.134535,0.075121,0.123758,0.071374,0.133277
91,100,2,800,0.07235,0.133556,0.073981,0.124087,0.07215,0.133832
91,100,2,900,0.072525,0.133586,0.07435,0.125372,0.070901,0.133868
91,100,2,1000,0.073587,0.135363,0.07359,0.123523,0.071719,0.133519
91,100,2,1100,0.072125,0.13397,0.074613,0.12432,0.071663,0.134851
91,100,2,1200,0.074471,0.137842,0.07321,0.123229,0.072742,0.134289
91,100,2,1300,0.072293,0.134833,0.073425,0.124413,0.071281,0.136033
91,100,2,1400,0.073419,0.138641,0.073492,0.123659,0.0726,0.13427
101,100,2,100,0.088298,0.163305,0.087973,0.152249,0.085442,0.162939
101,100,2,200,0.088227,0.163977,0.087698,0.150045,0.085502,0.161279
101,100,2,300,0.087349,0.16417,0.087061,0.151429,0.085334,0.163465
101,100,2,400,0.086983,0.166709,0.088657,0.152607,0.086232,0.162908
101,100,2,500,0.086689,0.163704,0.087691,0.151494,0.085625,0.162224
101,100,2,600,0.109778,0.190569,0.10819,0.168621,0.090779,0.196033
101,100,2,700,0.121179,0.189028,0.125192,0.165727,0.105981,0.180159
101,100,2,800,0.08814,0.166469,0.096944,0.158573,0.09988,0.224312
101,100,2,900,0.099291,0.167943,0.089976,0.154379,0.086689,0.164231
101,100,2,1000,0.08743,0.16505,0.088899,0.152363,0.086531,0.16513
101,100,2,1100,0.088,0.165632,0.088366,0.153452,0.086224,0.165119
101,100,2,1200,0.087765,0.164903,0.088335,0.153268,0.086325,0.164626
101,100,2,1300,0.086753,0.167903,0.087819,0.152503,0.085567,0.163388
101,100,2,1400,0.086914,0.165485,0.087954,0.152573,0.086909,0.164313
1,100,2,100,0.002987,0.000242,0.003287,0.000103,0.002592,0.000187
1,100,2,200,0.002636,0.000212,0.00457,0.000128,0.002981,0.000235
1,100,2,300,0.002585,0.000255,0.003238,0.000107,0.00295,0.000387
1,100,2,400,0.002995,0.00044,0.00447,0.000179,0.002641,0.000333
1,100,2,500,0.002604,0.00032,0.003204,0.000113,0.00292,0.000392
1,100,2,600,0.002634,0.000389,0.003249,0.000114,0.002538,0.000429
1,100,2,700,0.002946,0.000501,0.004619,0.000146,0.002762,0.000469
1,100,2,800,0.002641,0.000444,0.003256,0.000159,0.003883,0.000641
1,100,2,900,0.002667,0.000496,0.003229,0.000103,0.002574,0.000577
1,100,2,1000,0.003165,0.000782,0.003686,0.000127,0.002675,0.00061
1,100,2,1100,0.00281,0.00058,0.00406,0.000116,0.0034,0.000856
1,100,2,1200,0.00279,0.000643,0.003276,0.000103,0.00261,0.00072
1,100,2,1300,0.003544,0.000958,0.003316,0.000132,0.002698,0.000804
1,100,2,1400,0.00269,0.000706,0.00457,0.000178,0.002824,0.000987
11,100,2,100,0.00386,0.001656,0.00558,0.001873,0.003809,0.001751
11,100,2,200,0.004695,0.001846,0.004678,0.001529,0.004693,0.002042
11,100,2,300,0.003839,0.001723,0.005147,0.001711,0.003792,0.001697
11,100,2,400,0.004403,0.002119,0.004781,0.00151,0.004368,0.002188
11,100,2,500,0.003829,0.001847,0.005148,0.00192,0.003773,0.001838
11,100,2,600,0.00488,0.002212,0.004706,0.001536,0.004671,0.002097
11,100,2,700,0.003892,0.001903,0.006178,0.00163,0.003951,0.001933
11,100,2,800,0.004512,0.001993,0.004685,0.001568,0.00485,0.002001
11,100,2,900,0.004014,0.002314,0.0056,0.001582,0.004062,0.003264
11,100,2,1000,0.004053,0.002029,0.00562,0.001723,0.003987,0.002115
11,100,2,1100,0.004795,0.002577,0.004746,0.0015,0.004378,0.002281
11,100,2,1200,0.003936,0.002101,0.005077,0.001618,0.003929,0.002228
11,100,2,1300,0.004403,0.002555,0.004643,0.001537,0.004385,0.002595
11,100,2,1400,0.003881,0.00222,0.005432,0.001727,0.003867,0.002322
21,100,2,100,0.006548,0.00512,0.007904,0.005299,0.006489,0.005376
21,100,2,200,0.0069,0.00521,0.00857,0.004694,0.006462,0.004995
21,100,2,300,0.006321,0.005709,0.007685,0.004977,0.007214,0.005132
21,100,2,400,0.006557,0.007514,0.007874,0.004836,0.00677,0.005359
21,100,2,500,0.006531,0.005185,0.008352,0.006098,0.007224,0.00541
21,100,2,600,0.007322,0.006663,0.007857,0.004823,0.007398,0.005305
21,100,2,700,0.006324,0.005298,0.007075,0.005771,0.007354,0.005739
21,100,2,800,0.007135,0.007139,0.008147,0.004705,0.006627,0.00542
21,100,2,900,0.006354,0.005341,0.007072,0.005636,0.006851,0.005807
21,100,2,1000,0.007432,0.005992,0.007875,0.005489,0.007419,0.005781
21,100,2,1100,0.006938,0.005493,0.007124,0.004721,0.006204,0.006659
21,100,2,1200,0.007573,0.006367,0.007689,0.005181,0.007137,0.006086
21,100,2,1300,0.006967,0.005683,0.007288,0.004682,0.006168,0.00628
21,100,2,1400,0.007388,0.006562,0.007861,0.005282,0.007117,0.00597
31,100,2,100,0.009849,0.012217,0.010407,0.011399,0.010451,0.011381
31,100,2,200,0.010159,0.012283,0.011784,0.00988,0.009974,0.011238
31,100,2,300,0.011382,0.01095,0.012208,0.011309,0.009624,0.010738
31,100,2,400,0.010926,0.010726,0.010616,0.011212,0.009163,0.012381
31,100,2,500,0.011116,0.012264,0.010183,0.011367,0.010722,0.011706
31,100,2,600,0.010902,0.01219,0.011766,0.009715,0.01038,0.012313
31,100,2,700,0.010559,0.010953,0.010412,0.010919,0.009516,0.012432
31,100,2,800,0.010777,0.012631,0.01027,0.011582,0.010626,0.011624
31,100,2,900,0.01152,0.012183,0.011301,0.009781,0.01029,0.01127
31,100,2,1000,0.010749,0.011399,0.010462,0.010342,0.009325,0.012711
31,100,2,1100,0.010309,0.012778,0.010167,0.011534,0.010613,0.011964
31,100,2,1200,0.010497,0.012624,0.012747,0.009865,0.010321,0.011175
31,100,2,1300,0.010085,0.011925,0.010528,0.010889,0.009285,0.012734
31,100,2,1400,0.010646,0.012499,0.010368,0.010561,0.009838,0.012446
41,100,2,100,0.014972,0.019503,0.015406,0.018972,0.014819,0.020999
41,100,2,200,0.014658,0.019815,0.015294,0.020012,0.015245,0.019991
41,100,2,300,0.014193,0.020928,0.01604,0.019168,0.015033,0.021068
41,100,2,400,0.014377,0.020288,0.015821,0.018871,0.014788,0.022035
41,100,2,500,0.015193,0.020354,0.015752,0.019795,0.015515,0.020492
41,100,2,600,0.014854,0.021469,0.0165,0.018182,0.014568,0.021459
41,100,2,700,0.014361,0.020999,0.015663,0.020294,0.014095,0.022651
41,100,2,800,0.014651,0.020051,0.015101,0.019674,0.014842,0.020588
41,100,2,900,0.01422,0.021495,0.016457,0.018533,0.01443,0.020625
41,100,2,1000,0.014805,0.021265,0.015967,0.017948,0.015501,0.021873
41,100,2,1100,0.015305,0.020079,0.014858,0.019058,0.013671,0.022108
41,100,2,1200,0.014659,0.020285,0.015305,0.019333,0.014697,0.020881
41,100,2,1300,0.014293,0.021126,0.015901,0.01824,0.014748,0.021542
41,100,2,1400,0.014507,0.021549,0.016033,0.018669,0.014193,0.02268
51,100,2,100,0.019604,0.029181,0.020548,0.027279,0.019726,0.028718
51,100,2,200,0.019977,0.029814,0.020683,0.026963,0.019425,0.029538
51,100,2,300,0.020264,0.028782,0.020502,0.02822,0.018651,0.029776
51,100,2,400,0.018905,0.029174,0.020394,0.027033,0.01883,0.029275
51,100,2,500,0.019031,0.030592,0.020172,0.027063,0.019144,0.029364
51,100,2,600,0.019876,0.029677,0.020851,0.026915,0.019521,0.028705
51,100,2,700,0.019583,0.029386,0.020207,0.026852,0.01891,0.029432
51,100,2,800,0.019382,0.031003,0.020198,0.027171,0.018765,0.029701
51,100,2,900,0.019224,0.029631,0.019884,0.026734,0.019178,0.029184
51,100,2,1000,0.019759,0.030406,0.021106,0.027528,0.020484,0.029872
51,100,2,1100,0.020048,0.030866,0.020782,0.027609,0.019079,0.029502
51,100,2,1200,0.019068,0.030904,0.024177,0.028542,0.019008,0.02981
51,100,2,1300,0.019592,0.029937,0.020098,0.027862,0.018988,0.029314
51,100,2,1400,0.020146,0.03007,0.020513,0.026475,0.019728,0.029447
61,100,2,100,0.025775,0.04046,0.027066,0.038073,0.024734,0.041087
61,100,2,200,0.024817,0.040698,0.02668,0.037475,0.024668,0.041454
61,100,2,300,0.025273,0.041383,0.026616,0.037544,0.025073,0.040681
61,100,2,400,0.024893,0.041218,0.027217,0.037551,0.024799,0.040782
61,100,2,500,0.025178,0.041416,0.026376,0.039412,0.024711,0.040632
61,100,2,600,0.02485,0.041694,0.029512,0.038578,0.024785,0.040636
61,100,2,700,0.024937,0.043932,0.026852,0.037753,0.024916,0.040735
61,100,2,800,0.024882,0.042438,0.027182,0.037978,0.025248,0.040989
61,100,2,900,0.024711,0.041487,0.026747,0.037584,0.025318,0.040618
61,100,2,1000,0.024708,0.041453,0.027031,0.037321,0.024778,0.040716
61,100,2,1100,0.024565,0.041581,0.02703,0.037341,0.026693,0.041598
61,100,2,1200,0.024947,0.041795,0.026671,0.037337,0.025011,0.040712
61,100,2,1300,0.024885,0.042591,0.026585,0.03789,0.026147,0.040806
61,100,2,1400,0.026105,0.042483,0.026544,0.03886,0.025025,0.040827
71,100,2,100,0.032153,0.057054,0.033023,0.049679,0.03164,0.053438
71,100,2,200,0.031422,0.054001,0.032433,0.049809,0.032422,0.054345
71,100,2,300,0.031994,0.054183,0.032832,0.051042,0.032088,0.053931
71,100,2,400,0.031519,0.057515,0.032782,0.050089,0.032366,0.054627
71,100,2,500,0.031893,0.055892,0.033136,0.052563,0.031579,0.05432
71,100,2,600,0.032119,0.054502,0.032955,0.05003,0.0323,0.055659
71,100,2,700,0.03218,0.05557,0.032941,0.050345,0.031877,0.054259
71,100,2,800,0.032084,0.056832,0.033602,0.050484,0.031703,0.054335
71,100,2,900,0.032589,0.054504,0.03359,0.054318,0.032269,0.056082
71,100,2,1000,0.032903,0.064943,0.033294,0.050721,0.03395,0.058198
71,100,2,1100,0.032851,0.055633,0.033331,0.058694,0.032469,0.055055
71,100,2,1200,0.032078,0.057387,0.03764,0.052114,0.032383,0.054311
71,100,2,1300,0.031757,0.056255,0.033173,0.050461,0.031782,0.054106
71,100,2,1400,0.032784,0.05502,0.032297,0.049554,0.031939,0.055104
81,100,2,100,0.045929,0.099131,0.046833,0.064674,0.040052,0.070242
81,100,2,200,0.040929,0.070254,0.041129,0.065216,0.039246,0.071048
81,100,2,300,0.040982,0.069916,0.040767,0.066663,0.039248,0.069029
81,100,2,400,0.040667,0.070806,0.041064,0.06608,0.039643,0.069789
81,100,2,500,0.040178,0.072451,0.040823,0.064434,0.039545,0.069996
81,100,2,600,0.040067,0.070044,0.040057,0.065409,0.039508,0.069519
81,100,2,700,0.0407,0.069027,0.042273,0.065022,0.039954,0.069103
81,100,2,800,0.040736,0.073908,0.041641,0.064964,0.039425,0.090608
81,100,2,900,0.040426,0.070384,0.042302,0.06671,0.039742,0.070228
81,100,2,1000,0.040877,0.069652,0.0402,0.064436,0.039631,0.069706
81,100,2,1100,0.040479,0.070411,0.040652,0.06495,0.03932,0.070407
81,100,2,1200,0.040208,0.069879,0.040639,0.065314,0.040648,0.06931
81,100,2,1300,0.040708,0.069855,0.040144,0.065255,0.039222,0.069342
81,100,2,1400,0.040822,0.07039,0.040105,0.068993,0.03927,0.070187
91,100,2,100,0.049394,0.087371,0.049076,0.079907,0.047519,0.085869
91,100,2,200,0.048338,0.085851,0.049631,0.080031,0.047918,0.085066
91,100,2,300,0.049064,0.084932,0.048794,0.07934,0.048058,0.085847
91,100,2,400,0.048991,0.087824,0.050176,0.079268,0.048216,0.086153
91,100,2,500,0.049002,0.085702,0.050691,0.079314,0.048142,0.086032
91,100,2,600,0.049354,0.086595,0.048853,0.078975,0.047834,0.086887
91,100,2,700,0.049054,0.085709,0.048685,0.080629,0.047542,0.085797
91,100,2,800,0.048826,0.086095,0.048867,0.079616,0.047751,0.086092
91,100,2,900,0.048409,0.085639,0.050431,0.079516,0.04754,0.085336
91,100,2,1000,0.049684,0.087984,0.048594,0.079192,0.048157,0.086326
91,100,2,1100,0.049431,0.088627,0.049089,0.080212,0.047737,0.087324
91,100,2,1200,0.048541,0.085806,0.048789,0.079846,0.047599,0.086213
91,100,2,1300,0.048909,0.086568,0.049096,0.080245,0.048592,0.085344
91,100,2,1400,0.048874,0.086249,0.048839,0.078959,0.047436,0.085578
101,100,2,100,0.057802,0.10583,0.058741,0.097679,0.057065,0.103514
101,100,2,200,0.058296,0.105637,0.058506,0.097052,0.057477,0.104394
101,100,2,300,0.058237,0.104804,0.059224,0.097483,0.056983,0.104152
101,100,2,400,0.059461,0.104545,0.05865,0.097014,0.059283,0.10573
101,100,2,500,0.058611,0.105804,0.059912,0.096708,0.057325,0.104249
101,100,2,600,0.057919,0.106503,0.069562,0.126129,0.070553,0.111034
101,100,2,700,0.062303,0.131538,0.071925,0.11861,0.072386,0.12016
101,100,2,800,0.061331,0.11429,0.070563,0.134252,0.067981,0.117703
101,100,2,900,0.060122,0.109766,0.059285,0.098422,0.059494,0.113035
101,100,2,1000,0.083681,0.148933,0.063971,0.108624,0.080279,0.112748
101,100,2,1100,0.059674,0.107905,0.059977,0.103221,0.057282,0.107023
101,100,2,1200,0.058431,0.108514,0.059665,0.098466,0.058159,0.106866
101,100,2,1300,0.058942,0.108697,0.061179,0.100421,0.057771,0.10622
101,100,2,1400,0.059106,0.106915,0.060277,0.098427,0.058249,0.106245
1,100,2,100,0.002785,0.000204,0.003244,0.000115,0.002784,0.000222
1,100,2,200,0.002601,0.000224,0.003654,0.000111,0.002781,0.000226
1,100,2,300,0.003217,0.000385,0.003892,0.000117,0.002564,0.000299
1,100,2,400,0.002627,0.000292,0.003333,0.000105,0.003591,0.000423
1,100,2,500,0.002796,0.000356,0.003242,0.000108,0.002559,0.000424
1,100,2,600,0.002932,0.000996,0.004517,0.000198,0.002641,0.000468
1,100,2,700,0.002617,0.000446,0.004688,0.000188,0.003478,0.000713
1,100,2,800,0.00343,0.000608,0.003301,0.000111,0.002583,0.000791
1,100,2,900,0.00362,0.000918,0.003471,0.000115,0.002541,0.0006
1,100,2,1000,0.002608,0.000537,0.003281,0.000107,0.002667,0.00066
1,100,2,1100,0.002785,0.000615,0.003274,0.000104,0.003796,0.000895
1,100,2,1200,0.002903,0.000865,0.003344,0.000112,0.002576,0.000769
1,100,2,1300,0.003609,0.000882,0.003656,0.000175,0.002647,0.000832
1,100,2,1400,0.002671,0.000764,0.003833,0.000197,0.003367,0.00101
11,100,2,100,0.006864,0.003328,0.008167,0.002589,0.006778,0.002644
11,100,2,200,0.006781,0.00308,0.008988,0.002614,0.006536,0.002832
11,100,2,300,0.006257,0.003645,0.008526,0.002651,0.007318,0.002849
11,100,2,400,0.006377,0.003278,0.008595,0.002537,0.007074,0.002953
11,100,2,500,0.006311,0.003171,0.008423,0.002456,0.007224,0.003517
11,100,2,600,0.006975,0.003879,0.010493,0.002708,0.007419,0.003849
11,100,2,700,0.006412,0.003157,0.009232,0.002559,0.006289,0.00314
11,100,2,800,0.006918,0.003202,0.008529,0.002788,0.007034,0.00334
11,100,2,900,0.006413,0.00353,0.008543,0.002496,0.006394,0.003364
11,100,2,1000,0.006868,0.00333,0.008555,0.002589,0.007891,0.003942
11,100,2,1100,0.007267,0.003874,0.008533,0.002685,0.006593,0.004096
11,100,2,1200,0.00658,0.003488,0.009041,0.002527,0.007679,0.004114
11,100,2,1300,0.006374,0.004025,0.008757,0.002545,0.00645,0.004385
11,100,2,1400,0.006676,0.003632,0.008086,0.002733,0.006387,0.003885
21,100,2,100,0.01132,0.008246,0.012962,0.008397,0.010463,0.008926
21,100,2,200,0.011041,0.009248,0.014535,0.007482,0.010381,0.009657
21,100,2,300,0.010881,0.00929,0.014571,0.008602,0.010534,0.008707
21,100,2,400,0.010768,0.009193,0.014339,0.008883,0.011108,0.008641
21,100,2,500,0.010427,0.009879,0.014193,0.007586,0.011128,0.008426
21,100,2,600,0.010458,0.008914,0.014223,0.008636,0.010862,0.008991
21,100,2,700,0.010418,0.00999,0.014232,0.007666,0.011206,0.008849
21,100,2,800,0.010666,0.009967,0.013936,0.00876,0.010784,0.009558
21,100,2,900,0.010936,0.010128,0.014538,0.008252,0.011206,0.008889
21,100,2,1000,0.011203,0.01006,0.014184,0.008096,0.01065,0.010386
21,100,2,1100,0.011172,0.011275,0.015176,0.008155,0.011464,0.010041
21,100,2,1200,0.01104,0.011389,0.013567,0.009034,0.010817,0.009997
21,100,2,1300,0.010475,0.010348,0.013003,0.008777,0.010301,0.010322
21,100,2,1400,0.011012,0.010961,0.013841,0.008908,0.011437,0.010865
31,100,2,100,0.015413,0.017568,0.017668,0.017072,0.015282,0.01846
31,100,2,200,0.015725,0.018491,0.017772,0.017144,0.015262,0.017251
31,100,2,300,0.015332,0.017448,0.01794,0.017058,0.015979,0.017639
31,100,2,400,0.014976,0.018689,0.018128,0.016719,0.01474,0.017681
31,100,2,500,0.014719,0.017842,0.017703,0.017474,0.015709,0.017178
31,100,2,600,0.015078,0.018909,0.018879,0.016724,0.015397,0.017246
31,100,2,700,0.014974,0.01814,0.01763,0.016505,0.015076,0.017985
31,100,2,800,0.01537,0.018401,0.017819,0.017314,0.015129,0.017695
31,100,2,900,0.015667,0.01869,0.018763,0.016593,0.015272,0.018331
31,100,2,1000,0.015027,0.019193,0.018453,0.01664,0.01573,0.019994
31,100,2,1100,0.015946,0.018989,0.018185,0.016291,0.017322,0.01897
31,100,2,1200,0.01529,0.017848,0.019085,0.016082,0.01614,0.018696
31,100,2,1300,0.015153,0.019032,0.018479,0.017019,0.015293,0.019508
31,100,2,1400,0.015126,0.02055,0.01796,0.016644,0.015637,0.019634
41,100,2,100,0.022583,0.032275,0.026698,0.029178,0.021951,0.031477
41,100,2,200,0.022543,0.031854,0.027175,0.030602,0.021995,0.031941
41,100,2,300,0.022708,0.031273,0.025656,0.03135,0.022678,0.031377
41,100,2,400,0.022029,0.032056,0.025924,0.029382,0.021827,0.032863
41,100,2,500,0.021748,0.032638,0.026333,0.029577,0.02206,0.030436
41,100,2,600,0.021804,0.030725,0.025323,0.030549,0.023026,0.032968
41,100,2,700,0.022241,0.031488,0.025517,0.028867,0.021756,0.031799
41,100,2,800,0.022296,0.032344,0.026083,0.030547,0.022049,0.032124
41,100,2,900,0.021916,0.033482,0.02647,0.030081,0.022296,0.033414
41,100,2,1000,0.021936,0.032249,0.026351,0.03141,0.024096,0.032967
41,100,2,1100,0.021572,0.034076,0.026184,0.028541,0.022348,0.032493
41,100,2,1200,0.02204,0.032372,0.026379,0.029342,0.023103,0.031848
41,100,2,1300,0.021909,0.03232,0.025422,0.029053,0.021788,0.032433
41,100,2,1400,0.022742,0.03187,0.025382,0.030176,0.02208,0.031323
51,100,2,100,0.029607,0.046956,0.031641,0.042477,0.029864,0.046906
51,100,2,200,0.030277,0.045784,0.032303,0.042268,0.029727,0.048007
51,100,2,300,0.029393,0.047857,0.031679,0.043747,0.029437,0.046816
51,100,2,400,0.029601,0.046222,0.032278,0.042526,0.029279,0.045663
51,100,2,500,0.030098,0.046783,0.032277,0.042489,0.030488,0.047128
51,100,2,600,0.030222,0.045703,0.032964,0.042978,0.029316,0.046361
51,100,2,700,0.029351,0.04769,0.032164,0.042497,0.02938,0.045539
51,100,2,800,0.030292,0.048777,0.0321,0.042201,0.030344,0.046123
51,100,2,900,0.029077,0.048049,0.031716,0.044213,0.029353,0.048117
51,100,2,1000,0.02987,0.049239,0.031834,0.043001,0.029109,0.046647
51,100,2,1100,0.028976,0.046053,0.031367,0.043453,0.029316,0.047755
51,100,2,1200,0.029798,0.048923,0.032276,0.043931,0.029776,0.046726
51,100,2,1300,0.030556,0.047072,0.032358,0.041428,0.029644,0.04645
51,100,2,1400,0.029458,0.04608,0.032203,0.042953,0.029951,0.047105
61,100,2,100,0.038308,0.063142,0.040907,0.058772,0.038392,0.065347
61,100,2,200,0.038401,0.064996,0.040624,0.059093,0.038137,0.063175
61,100,2,300,0.038503,0.065115,0.040725,0.0607,0.038015,0.0644
61,100,2,400,0.038142,0.0635,0.040516,0.061056,0.038093,0.064665
61,100,2,500,0.038277,0.065848,0.040496,0.060774,0.038225,0.065062
61,100,2,600,0.038323,0.065611,0.040914,0.061244,0.038305,0.064098
61,100,2,700,0.038128,0.064922,0.040311,0.060137,0.038393,0.064747
61,100,2,800,0.03829,0.064858,0.040425,0.057961,0.038289,0.066234
61,100,2,900,0.038576,0.065871,0.040153,0.060031,0.038258,0.064241
61,100,2,1000,0.038208,0.06592,0.040299,0.059527,0.037926,0.064878
61,100,2,1100,0.037836,0.064009,0.040407,0.060296,0.037746,0.064477
61,100,2,1200,0.038271,0.065077,0.040527,0.058119,0.038277,0.063899
61,100,2,1300,0.03916,0.066719,0.04031,0.058664,0.038054,0.064609
61,100,2,1400,0.04003,0.065689,0.04036,0.061371,0.038433,0.064006
71,100,2,100,0.04839,0.086369,0.051025,0.079536,0.048933,0.095083
71,100,2,200,0.049031,0.085131,0.051212,0.078609,0.054671,0.087962
71,100,2,300,0.049749,0.085169,0.051046,0.080015,0.050162,0.084439
71,100,2,400,0.048435,0.085169,0.051605,0.078109,0.048848,0.085418
71,100,2,500,0.048521,0.083723,0.052684,0.078942,0.048368,0.085505
71,100,2,600,0.049033,0.08591,0.051845,0.080369,0.048749,0.085853
71,100,2,700,0.048691,0.086027,0.050832,0.080163,0.048398,0.086222
71,100,2,800,0.048854,0.086173,0.051316,0.079937,0.0491,0.084138
71,100,2,900,0.048225,0.084623,0.050996,0.078104,0.048521,0.085142
71,100,2,1000,0.049474,0.084202,0.050679,0.081151,0.04863,0.086272
71,100,2,1100,0.04829,0.086933,0.052669,0.078779,0.04841,0.085593
71,100,2,1200,0.049082,0.087105,0.051746,0.079565,0.048271,0.084896
71,100,2,1300,0.049046,0.087834,0.051024,0.079113,0.048719,0.085851
71,100,2,1400,0.049187,0.087575,0.050922,0.078123,0.048202,0.086262
81,100,2,100,0.07638,0.12412,0.063418,0.103378,0.06031,0.108678
81,100,2,200,0.061923,0.108979,0.062057,0.100661,0.059896,0.10954
81,100,2,300,0.060661,0.108952,0.077978,0.102163,0.060131,0.10755
81,100,2,400,0.062983,0.108178,0.062173,0.100571,0.061126,0.106798
81,100,2,500,0.060272,0.109119,0.062283,0.102351,0.060578,0.110715
81,100,2,600,0.060922,0.109782,0.063541,0.101656,0.060278,0.109823
81,100,2,700,0.060894,0.109511,0.063014,0.101454,0.059893,0.108562
81,100,2,800,0.05997,0.111294,0.06336,0.100877,0.061319,0.116315
81,100,2,900,0.061531,0.108859,0.06341,0.102476,0.059674,0.110224
81,100,2,1000,0.062604,0.112703,0.062322,0.101173,0.061144,0.109999
81,100,2,1100,0.060579,0.110439,0.063478,0.103832,0.060004,0.108021
81,100,2,1200,0.062292,0.109193,0.063285,0.100826,0.060634,0.110329
81,100,2,1300,0.060357,0.109877,0.063436,0.102166,0.060364,0.110618
81,100,2,1400,0.061562,0.109089,0.062779,0.100434,0.060185,0.108624
91,100,2,100,0.073121,0.134499,0.074298,0.126417,0.074307,0.134828
91,100,2,200,0.073603,0.136462,0.075715,0.126652,0.072495,0.134354
91,100,2,300,0.075005,0.138626,0.073956,0.125511,0.072319,0.133682
91,100,2,400,0.073736,0.136876,0.074544,0.127406,0.073006,0.136272
91,100,2,500,0.073426,0.137503,0.07436,0.12456,0.072608,0.135057
91,100,2,600,0.07489,0.136886,0.074542,0.125408,0.076818,0.135173
91,100,2,700,0.073317,0.135726,0.076051,0.125298,0.072019,0.135067
91,100,2,800,0.075299,0.137067,0.074683,0.124803,0.072298,0.135343
91,100,2,900,0.07398,0.1377,0.074736,0.128057,0.072415,0.135474
91,100,2,1000,0.073307,0.138881,0.075175,0.124745,0.072272,0.134822
91,100,2,1100,0.07369,0.134827,0.074868,0.125369,0.073886,0.134059
91,100,2,1200,0.073997,0.134663,0.073994,0.124827,0.072397,0.136892
91,100,2,1300,0.073616,0.136299,0.075807,0.12472,0.072306,0.137527
91,100,2,1400,0.074378,0.136654,0.074164,0.125122,0.07247,0.135316
101,100,2,100,0.088271,0.164526,0.088324,0.1526,0.086335,0.163464
101,100,2,200,0.087354,0.167074,0.088318,0.157693,0.086265,0.163094
101,100,2,300,0.08892,0.164213,0.089509,0.152523,0.086362,0.163449
101,100,2,400,0.090915,0.165551,0.088517,0.151882,0.086546,0.162451
101,100,2,500,0.087681,0.164536,0.088072,0.15246,0.086655,0.163452
101,100,2,600,0.088055,0.165935,0.095565,0.153931,0.086625,0.163947
101,100,2,700,0.087512,0.164841,0.087683,0.151865,0.085961,0.163866
101,100,2,800,0.086895,0.16515,0.088993,0.152224,0.08567,0.163227
101,100,2,900,0.090678,0.164966,0.089093,0.153514,0.086397,0.16385
101,100,2,1000,0.089977,0.164643,0.088222,0.152209,0.086969,0.164153
101,100,2,1100,0.088618,0.165857,0.088564,0.151211,0.087093,0.165691
101,100,2,1200,0.09061,0.165098,0.088151,0.152028,0.086177,0.162768
101,100,2,1300,0.0868,0.164879,0.088104,0.151331,0.085836,0.163393
101,100,2,1400,0.087313,0.165068,0.08928,0.152004,0.087983,0.162997
1,100,2,100,0.005817,0.000431,0.004664,0.000274,0.006733,0.000675
1,100,2,200,0.005957,0.000478,0.005358,0.000242,0.005551,0.000559
1,100,2,300,0.007555,0.000771,0.004505,0.000163,0.006725,0.000612
1,100,2,400,0.006337,0.000782,0.005733,0.000244,0.006941,0.001074
1,100,2,500,0.005647,0.000748,0.005719,0.000199,0.005763,0.000865
1,100,2,600,0.006405,0.000887,0.00514,0.000239,0.005538,0.001055
1,100,2,700,0.007088,0.001079,0.004466,0.000171,0.006231,0.001148
1,100,2,800,0.006204,0.001035,0.004581,0.000161,0.007009,0.001478
1,100,2,900,0.005689,0.001194,0.005816,0.000216,0.005699,0.001256
1,100,2,1000,0.006703,0.001963,0.00466,0.000184,0.005637,0.001521
1,100,2,1100,0.007037,0.001606,0.004462,0.000176,0.00724,0.001776
1,100,2,1200,0.005707,0.001575,0.005762,0.00026,0.006052,0.00165
1,100,2,1300,0.006767,0.002087,0.004664,0.000179,0.006665,0.002211
1,100,2,1400,0.006249,0.001764,0.00457,0.000172,0.007326,0.002407
11,100,2,100,0.014164,0.004344,0.006794,0.001631,0.004917,0.002371
11,100,2,200,0.004784,0.001774,0.006999,0.001651,0.004472,0.00181
11,100,2,300,0.005125,0.002591,0.005488,0.001538,0.006018,0.001877
11,100,2,400,0.005519,0.00275,0.005652,0.001614,0.005497,0.002082
11,100,2,500,0.014852,0.004757,0.006276,0.001647,0.004446,0.002082
11,100,2,600,0.005649,0.002511,0.005508,0.002136,0.004966,0.002091
11,100,2,700,0.006321,0.002283,0.005629,0.001516,0.004711,0.002762
11,100,2,800,0.004704,0.002053,0.006641,0.001545,0.005249,0.002668
11,100,2,900,0.005774,0.002152,0.007334,0.001565,0.004722,0.003494
11,100,2,1000,0.005373,0.002191,0.007124,0.001744,0.004774,0.002485
11,100,2,1100,0.006403,0.002356,0.006558,0.001764,0.004668,0.002371
11,100,2,1200,0.010924,0.004183,0.005934,0.002144,0.004405,0.002374
11,100,2,1300,0.01617,0.00659,0.006473,0.001676,0.004711,0.002338
11,100,2,1400,0.009498,0.004888,0.006685,0.001675,0.004501,0.003706
21,100,2,100,0.007809,0.006011,0.009268,0.004718,0.007871,0.005427
21,100,2,200,0.007586,0.006132,0.008366,0.006026,0.00813,0.005555
21,100,2,300,0.00726,0.006235,0.007958,0.005415,0.007385,0.005755
21,100,2,400,0.007402,0.006333,0.008751,0.005009,0.007627,0.005503
21,100,2,500,0.006876,0.00646,0.008933,0.005466,0.007291,0.006418
21,100,2,600,0.008155,0.005897,0.008338,0.004611,0.006696,0.007294
21,100,2,700,0.008078,0.008306,0.008944,0.004868,0.007249,0.006182
21,100,2,800,0.006935,0.007049,0.009078,0.005815,0.007914,0.006674
21,100,2,900,0.008168,0.006199,0.008031,0.005721,0.007218,0.008222
21,100,2,1000,0.008025,0.006549,0.008454,0.004678,0.006779,0.007113
21,100,2,1100,0.008406,0.006676,0.008478,0.004931,0.007239,0.006504
21,100,2,1200,0.006999,0.007266,0.008497,0.004798,0.007295,0.007963
21,100,2,1300,0.007875,0.007223,0.007916,0.00465,0.006922,0.007349
21,100,2,1400,0.007364,0.008452,0.009015,0.004739,0.006893,0.007115
31,100,2,100,0.013326,0.010938,0.012522,0.009692,0.010518,0.010974
31,100,2,200,0.012614,0.011524,0.011716,0.011122,0.010237,0.012617
31,100,2,300,0.011129,0.011525,0.012157,0.010691,0.010302,0.011148
31,100,2,400,0.010815,0.012018,0.011018,0.011128,0.010227,0.012977
31,100,2,500,0.01083,0.012967,0.012577,0.010066,0.011373,0.012542
31,100,2,600,0.010229,0.013067,0.011618,0.011487,0.010285,0.012834
31,100,2,700,0.011333,0.01219,0.011542,0.009762,0.010178,0.013442
31,100,2,800,0.010557,0.013426,0.011255,0.01047,0.011101,0.012386
31,100,2,900,0.011424,0.013097,0.011374,0.009591,0.010187,0.012602
31,100,2,1000,0.010391,0.013451,0.011725,0.010912,0.010112,0.015249
31,100,2,1100,0.010742,0.01275,0.011328,0.009665,0.01047,0.013939
31,100,2,1200,0.01065,0.01304,0.011778,0.010789,0.010503,0.012912
31,100,2,1300,0.010612,0.01398,0.011095,0.010803,0.010549,0.01431
31,100,2,1400,0.010386,0.01394,0.011638,0.010134,0.011256,0.013876
41,100,2,100,0.014626,0.022477,0.016738,0.019067,0.016649,0.020615
41,100,2,200,0.015171,0.020814,0.016895,0.019154,0.015922,0.02275
41,100,2,300,0.014917,0.019616,0.016309,0.018325,0.014468,0.021108
41,100,2,400,0.01498,0.021009,0.015723,0.018042,0.015134,0.022073
41,100,2,500,0.015547,0.021114,0.016216,0.018188,0.014939,0.022232
41,100,2,600,0.01601,0.020583,0.015854,0.018841,0.015174,0.022364
41,100,2,700,0.02359,0.032172,0.029992,0.029695,0.020868,0.023008
41,100,2,800,0.017368,0.025935,0.017337,0.025959,0.021884,0.022264
41,100,2,900,0.016205,0.023678,0.020522,0.022341,0.01912,0.022435
41,100,2,1000,0.016414,0.022443,0.017423,0.01928,0.017233,0.031791
41,100,2,1100,0.021132,0.024436,0.01641,0.021278,0.015415,0.023718
41,100,2,1200,0.016551,0.024193,0.021525,0.02293,0.016351,0.032265
41,100,2,1300,0.015334,0.023197,0.016153,0.019194,0.019739,0.044013
41,100,2,1400,0.015897,0.023954,0.01752,0.019262,0.016684,0.023455
51,100,2,100,0.028404,0.043833,0.022483,0.030551,0.020545,0.030971
51,100,2,200,0.020987,0.03186,0.026549,0.029451,0.03134,0.049202
51,100,2,300,0.021062,0.031748,0.03169,0.030063,0.027481,0.030785
51,100,2,400,0.019955,0.030772,0.020909,0.02813,0.019669,0.030742
51,100,2,500,0.019877,0.031286,0.021653,0.027165,0.020969,0.030698
51,100,2,600,0.021045,0.030516,0.021671,0.027225,0.020479,0.030773
51,100,2,700,0.020204,0.032054,0.02496,0.030031,0.021042,0.033075
51,100,2,800,0.020723,0.032536,0.022069,0.028742,0.026356,0.032589
51,100,2,900,0.027721,0.032072,0.023688,0.032195,0.020347,0.033122
51,100,2,1000,0.021539,0.03646,0.021502,0.035992,0.023264,0.039499
51,100,2,1100,0.020321,0.031516,0.0216,0.027282,0.019601,0.031306
51,100,2,1200,0.019981,0.032122,0.021639,0.026961,0.020506,0.031083
51,100,2,1300,0.021314,0.031664,0.021543,0.027463,0.021185,0.03218
51,100,2,1400,0.020001,0.031824,0.020533,0.027933,0.0201,0.032513
61,100,2,100,0.025754,0.041266,0.02859,0.037696,0.025937,0.04241
61,100,2,200,0.025759,0.042957,0.027555,0.038789,0.025545,0.041717
61,100,2,300,0.026022,0.043391,0.027464,0.037874,0.025486,0.042947
61,100,2,400,0.026473,0.043067,0.027328,0.037654,0.025676,0.041517
61,100,2,500,0.026298,0.043272,0.027622,0.037547,0.026191,0.041363
61,100,2,600,0.026117,0.043591,0.027356,0.037629,0.025671,0.044429
61,100,2,700,0.026222,0.044606,0.02734,0.039037,0.025984,0.042085
61,100,2,800,0.026203,0.043855,0.027765,0.037815,0.025576,0.043091
61,100,2,900,0.027376,0.044329,0.028139,0.038086,0.02555,0.042365
61,100,2,1000,0.025753,0.043667,0.028194,0.03763,0.025897,0.043594
61,100,2,1100,0.026267,0.044362,0.02756,0.038426,0.025704,0.043376
61,100,2,1200,0.027016,0.044953,0.027712,0.037985,0.0256,0.043587
61,100,2,1300,0.025761,0.045026,0.027593,0.037837,0.025907,0.043598
61,100,2,1400,0.026125,0.046808,0.026678,0.038025,0.025614,0.044141
71,100,2,100,0.033105,0.056945,0.033358,0.051084,0.03361,0.054801
71,100,2,200,0.033452,0.056239,0.033723,0.049931,0.032199,0.054601
71,100,2,300,0.033368,0.056205,0.033262,0.049736,0.032815,0.055059
71,100,2,400,0.033111,0.05556,0.034115,0.05353,0.033411,0.055342
71,100,2,500,0.033229,0.055951,0.033503,0.049552,0.033376,0.054794
71,100,2,600,0.043837,0.056284,0.034019,0.051549,0.032654,0.056165
71,100,2,700,0.034006,0.057317,0.033519,0.051184,0.032803,0.056148
71,100,2,800,0.03331,0.058607,0.034159,0.050437,0.032802,0.055638
71,100,2,900,0.033713,0.05736,0.033467,0.050435,0.032585,0.055892
71,100,2,1000,0.033926,0.057384,0.033763,0.050147,0.032396,0.057383
71,100,2,1100,0.033042,0.057908,0.033798,0.050675,0.032466,0.057667
71,100,2,1200,0.032892,0.060177,0.034642,0.050721,0.032685,0.056981
71,100,2,1300,0.033455,0.059135,0.033329,0.05152,0.032356,0.056249
71,100,2,1400,0.033209,0.058781,0.033646,0.050388,0.032403,0.058807
81,100,2,100,0.041709,0.070275,0.040777,0.064452,0.040103,0.069416
81,100,2,200,0.041077,0.070126,0.041028,0.066891,0.040272,0.069482
81,100,2,300,0.040985,0.070235,0.041772,0.064979,0.040594,0.070187
81,100,2,400,0.040596,0.070733,0.041421,0.066071,0.040562,0.070137
81,100,2,500,0.056141,0.083275,0.04141,0.065274,0.040535,0.070579
81,100,2,600,0.041962,0.071147,0.042024,0.064442,0.040348,0.070861
81,100,2,700,0.042502,0.071221,0.041304,0.065169,0.040246,0.071805
81,100,2,800,0.040798,0.073492,0.042523,0.064857,0.040421,0.071141
81,100,2,900,0.040893,0.071909,0.042441,0.064823,0.040601,0.071266
81,100,2,1000,0.040305,0.07174,0.041773,0.06482,0.04047,0.071616
81,100,2,1100,0.040744,0.072206,0.040991,0.0654,0.040065,0.071859
81,100,2,1200,0.040845,0.072159,0.041877,0.064898,0.040803,0.072062
81,100,2,1300,0.041784,0.07202,0.042738,0.065,0.040492,0.072187
81,100,2,1400,0.040516,0.07353,0.040811,0.066147,0.040364,0.071952
91,100,2,100,0.050132,0.086636,0.049699,0.080287,0.048285,0.085751
91,100,2,200,0.048909,0.08712,0.050455,0.080238,0.048314,0.087048
91,100,2,300,0.050216,0.087392,0.049613,0.080059,0.048021,0.086746
91,100,2,400,0.049876,0.088445,0.049614,0.080231,0.048381,0.0886
91,100,2,500,0.049448,0.089931,0.050024,0.079931,0.048767,0.087157
91,100,2,600,0.05004,0.088139,0.049836,0.079616,0.04928,0.087498
91,100,2,700,0.049775,0.089231,0.049706,0.080008,0.048079,0.087596
91,100,2,800,0.049199,0.087743,0.049514,0.081096,0.05236,0.096137
91,100,2,900,0.050162,0.089199,0.05,0.080033,0.049541,0.096217
91,100,2,1000,0.050012,0.091252,0.050161,0.079363,0.048502,0.089445
91,100,2,1100,0.049141,0.090695,0.049788,0.079393,0.048893,0.090262
91,100,2,1200,0.05005,0.089898,0.050268,0.081164,0.048262,0.089879
91,100,2,1300,0.049911,0.090733,0.0502,0.079886,0.048991,0.089115
91,100,2,1400,0.049535,0.091169,0.049991,0.079647,0.048631,0.089563
101,100,2,100,0.058664,0.105599,0.059306,0.097345,0.057825,0.104582
101,100,2,200,0.058972,0.106697,0.059029,0.096682,0.058084,0.106135
101,100,2,300,0.059334,0.106578,0.061045,0.099023,0.057865,0.105664
101,100,2,400,0.059166,0.10588,0.060875,0.098825,0.058604,0.105292
101,100,2,500,0.058898,0.106314,0.060296,0.096976,0.057645,0.10667
101,100,2,600,0.058164,0.107096,0.058945,0.098371,0.057686,0.106422
101,100,2,700,0.059065,0.108405,0.059596,0.097803,0.057986,0.108065
101,100,2,800,0.059404,0.108935,0.059371,0.098559,0.058017,0.107006
101,100,2,900,0.058688,0.109145,0.059748,0.0985,0.057826,0.110878
101,100,2,1000,0.058475,0.108898,0.060355,0.097971,0.05766,0.107453
101,100,2,1100,0.057892,0.108954,0.059133,0.096614,0.057644,0.107635
101,100,2,1200,0.059814,0.108964,0.059371,0.097606,0.057671,0.107933
101,100,2,1300,0.058664,0.107536,0.059241,0.096666,0.057891,0.107723
101,100,2,1400,0.060118,0.109353,0.05891,0.097005,0.058689,0.115859
1,100,2,100,0.007229,0.000473,0.005373,0.000179,0.005536,0.000361
1,100,2,200,0.00568,0.000467,0.005888,0.000188,0.0047,0.000333
1,100,2,300,0.006122,0.000531,0.005159,0.000228,0.004776,0.000416
1,100,2,400,0.006551,0.000552,0.005256,0.000183,0.006425,0.000675
1,100,2,500,0.005671,0.000427,0.004931,0.000264,0.005469,0.00055
1,100,2,600,0.005402,0.000353,0.005093,0.000208,0.005598,0.000517
1,100,2,700,0.005392,0.000408,0.004983,0.000163,0.004879,0.000381
1,100,2,800,0.005014,0.000358,0.004937,0.00016,0.006178,0.000399
1,100,2,900,0.004727,0.000347,0.005166,0.000363,0.005492,0.00045
1,100,2,1000,0.004997,0.000348,0.005492,0.000197,0.005214,0.000393
1,100,2,1100,0.005019,0.000346,0.005021,0.000173,0.004935,0.00035
1,100,2,1200,0.007558,0.000474,0.006039,0.000187,0.005008,0.000444
1,100,2,1300,0.005237,0.000357,0.004993,0.000163,0.004696,0.00035
1,100,2,1400,0.005896,0.000384,0.005788,0.000224,0.00472,0.000362
11,100,2,100,0.00522,0.001936,0.005058,0.001593,0.005771,0.002221
11,100,2,200,0.005094,0.002959,0.005276,0.001623,0.006068,0.002157
11,100,2,300,0.00497,0.002568,0.005526,0.002369,0.004764,0.002111
11,100,2,400,0.005295,0.002259,0.00588,0.001673,0.004922,0.002352
11,100,2,500,0.005499,0.002441,0.005032,0.001504,0.005416,0.002841
11,100,2,600,0.004601,0.0035,0.005232,0.001574,0.006004,0.002699
11,100,2,700,0.005091,0.002558,0.005871,0.00206,0.004825,0.003951
11,100,2,800,0.005153,0.002833,0.005859,0.001943,0.005072,0.002758
11,100,2,900,0.006369,0.002772,0.005785,0.001771,0.005239,0.003404
11,100,2,1000,0.004975,0.003393,0.007992,0.002688,0.005176,0.003122
11,100,2,1100,0.005068,0.004307,0.005005,0.001937,0.005151,0.003416
11,100,2,1200,0.005117,0.003402,0.005572,0.001514,0.005723,0.003376
11,100,2,1300,0.005908,0.003361,0.005117,0.001516,0.005635,0.003729
11,100,2,1400,0.005915,0.003687,0.00528,0.00161,0.005179,0.005151
21,100,2,100,0.007267,0.005073,0.008614,0.004976,0.007767,0.005708
21,100,2,200,0.007981,0.006483,0.008573,0.004752,0.007122,0.0053
21,100,2,300,0.006997,0.006635,0.008196,0.005628,0.007634,0.006375
21,100,2,400,0.008365,0.005959,0.007482,0.004877,0.007053,0.006506
21,100,2,500,0.008416,0.008149,0.008347,0.004987,0.007333,0.005851
21,100,2,600,0.007408,0.006291,0.008016,0.004832,0.007661,0.00689
21,100,2,700,0.008367,0.006996,0.0075,0.00466,0.007239,0.006619
21,100,2,800,0.008073,0.006811,0.007992,0.005426,0.008413,0.006121
21,100,2,900,0.007062,0.007907,0.008017,0.004943,0.007891,0.007213
21,100,2,1000,0.007746,0.00613,0.007726,0.004617,0.006891,0.007015
21,100,2,1100,0.008323,0.008966,0.008034,0.005075,0.00738,0.006499
21,100,2,1200,0.007137,0.007701,0.008451,0.005202,0.008159,0.00694
21,100,2,1300,0.007363,0.006347,0.007319,0.005816,0.007953,0.00763
21,100,2,1400,0.008073,0.006879,0.007721,0.004683,0.006999,0.007485
31,100,2,100,0.012214,0.010596,0.011226,0.010815,0.010317,0.010667
31,100,2,200,0.012054,0.012211,0.010615,0.011085,0.01012,0.012148
31,100,2,300,0.011907,0.011511,0.012411,0.011319,0.01073,0.011064
31,100,2,400,0.010331,0.012531,0.010338,0.011491,0.01057,0.012809
31,100,2,500,0.010913,0.013293,0.011745,0.009677,0.010655,0.012378
31,100,2,600,0.010374,0.011616,0.01068,0.011391,0.010799,0.012352
31,100,2,700,0.010501,0.012204,0.012022,0.00972,0.011072,0.012053
31,100,2,800,0.01062,0.012302,0.010749,0.010479,0.010314,0.013181
31,100,2,900,0.010545,0.012783,0.010556,0.010697,0.011499,0.012522
31,100,2,1000,0.011894,0.013135,0.010498,0.009631,0.010616,0.013677
31,100,2,1100,0.011382,0.01287,0.011849,0.010228,0.011345,0.012253
31,100,2,1200,0.010707,0.013149,0.01023,0.011117,0.010537,0.014088
31,100,2,1300,0.010571,0.013188,0.01114,0.009839,0.010806,0.013381
31,100,2,1400,0.010273,0.0136,0.010803,0.011378,0.011367,0.014383
41,100,2,100,0.014403,0.021785,0.015488,0.01814,0.015087,0.021338
41,100,2,200,0.015214,0.020629,0.016779,0.018015,0.01521,0.022607
41,100,2,300,0.015235,0.019526,0.01531,0.01867,0.015282,0.021215
41,100,2,400,0.015008,0.020418,0.015961,0.018259,0.015787,0.021264
41,100,2,500,0.015354,0.020112,0.015759,0.01795,0.015317,0.022426
41,100,2,600,0.015372,0.020274,0.015546,0.018543,0.015595,0.022259
41,100,2,700,0.015084,0.020994,0.015584,0.018313,0.014812,0.022645
41,100,2,800,0.014994,0.021103,0.015507,0.018688,0.015117,0.022558
41,100,2,900,0.015396,0.021515,0.01582,0.018598,0.016298,0.022714
41,100,2,1000,0.015538,0.021526,0.015438,0.01892,0.015296,0.022665
41,100,2,1100,0.014915,0.021719,0.015707,0.018405,0.015207,0.022437
41,100,2,1200,0.01556,0.021555,0.015443,0.019052,0.01619,0.022157
41,100,2,1300,0.01467,0.023067,0.015779,0.018545,0.016554,0.023926
41,100,2,1400,0.016335,0.02355,0.017162,0.019948,0.01599,0.021773
51,100,2,100,0.019988,0.030232,0.020001,0.02786,0.019914,0.030211
51,100,2,200,0.020114,0.029867,0.020041,0.027538,0.0201,0.029889
51,100,2,300,0.020333,0.03022,0.020333,0.027046,0.0203,0.029009
51,100,2,400,0.020838,0.031079,0.021711,0.028321,0.020093,0.030206
51,100,2,500,0.020433,0.030574,0.02041,0.027338,0.02018,0.029633
51,100,2,600,0.020658,0.031434,0.021352,0.027468,0.019956,0.029989
51,100,2,700,0.020191,0.030914,0.020274,0.027528,0.019712,0.029841
51,100,2,800,0.019535,0.031186,0.020739,0.027954,0.019776,0.030352
51,100,2,900,0.020396,0.031287,0.020164,0.028343,0.019801,0.030708
51,100,2,1000,0.019928,0.031187,0.02107,0.027551,0.020288,0.030532
51,100,2,1100,0.0206,0.032124,0.021171,0.02737,0.020223,0.030846
51,100,2,1200,0.020885,0.031254,0.020955,0.027327,0.020312,0.030556
51,100,2,1300,0.02093,0.032081,0.02008,0.027433,0.019754,0.032302
51,100,2,1400,0.019691,0.0319,0.020123,0.027382,0.019771,0.030891
61,100,2,100,0.025425,0.040476,0.027036,0.038403,0.02605,0.04025
61,100,2,200,0.025876,0.042217,0.02771,0.038239,0.025451,0.041242
61,100,2,300,0.026491,0.041819,0.027515,0.038219,0.027049,0.041564
61,100,2,400,0.025632,0.041962,0.026997,0.038071,0.025831,0.041146
61,100,2,500,0.02588,0.042091,0.030048,0.039817,0.025787,0.041313
61,100,2,600,0.026046,0.0423,0.02788,0.036768,0.025785,0.041358
61,100,2,700,0.026168,0.041805,0.027955,0.038233,0.026082,0.041472
61,100,2,800,0.025748,0.041459,0.02676,0.037412,0.026036,0.042075
61,100,2,900,0.026034,0.042599,0.026763,0.037885,0.025506,0.041624
61,100,2,1000,0.026169,0.042403,0.026584,0.03724,0.025708,0.041733
61,100,2,1100,0.025686,0.042145,0.026912,0.037755,0.025595,0.041556
61,100,2,1200,0.02625,0.043048,0.026703,0.039125,0.025301,0.042954
61,100,2,1300,0.026076,0.042912,0.026784,0.037241,0.025529,0.042281
61,100,2,1400,0.025701,0.042486,0.026836,0.038428,0.025595,0.041988
71,100,2,100,0.032956,0.056646,0.032814,0.049574,0.032374,0.053165
71,100,2,200,0.033716,0.054537,0.032806,0.049982,0.032375,0.054166
71,100,2,300,0.033826,0.055978,0.032854,0.050022,0.032566,0.05392
71,100,2,400,0.03378,0.055214,0.033842,0.050381,0.032298,0.053929
71,100,2,500,0.033169,0.056175,0.03286,0.051375,0.033043,0.05685
71,100,2,600,0.032291,0.056679,0.032806,0.050139,0.032282,0.054901
71,100,2,700,0.033099,0.057233,0.032307,0.050155,0.032704,0.054999
71,100,2,800,0.033042,0.056713,0.032625,0.050273,0.033146,0.055134
71,100,2,900,0.033739,0.056328,0.032374,0.050525,0.032217,0.056581
71,100,2,1000,0.033834,0.057118,0.032791,0.050276,0.032374,0.055347
71,100,2,1100,0.032667,0.057254,0.033658,0.050075,0.032437,0.055065
71,100,2,1200,0.032795,0.055566,0.032757,0.04966,0.032382,0.055884
71,100,2,1300,0.032395,0.057902,0.032648,0.049922,0.03261,0.0562
71,100,2,1400,0.032842,0.056792,0.032768,0.050186,0.032085,0.056124
81,100,2,100,0.043343,0.071147,0.040509,0.064989,0.039896,0.069405
81,100,2,200,0.041184,0.072183,0.041167,0.064556,0.039942,0.069587
81,100,2,300,0.041075,0.069692,0.040172,0.067369,0.040429,0.069626
81,100,2,400,0.041321,0.07049,0.04056,0.065487,0.040616,0.070853
81,100,2,500,0.04093,0.070881,0.040396,0.064333,0.040587,0.07025
81,100,2,600,0.041696,0.070368,0.042864,0.065142,0.040553,0.070619
81,100,2,700,0.041431,0.070389,0.04053,0.072957,0.040145,0.070237
81,100,2,800,0.040468,0.070121,0.040296,0.06412,0.040239,0.070677
81,100,2,900,0.0406,0.070175,0.040548,0.064494,0.040365,0.070595
81,100,2,1000,0.04089,0.07075,0.04024,0.06486,0.040409,0.070821
81,100,2,1100,0.041189,0.070117,0.040121,0.064709,0.040389,0.073287
81,100,2,1200,0.054929,0.083479,0.041285,0.064734,0.041099,0.072118
81,100,2,1300,0.042158,0.071824,0.04036,0.064528,0.039914,0.072174
81,100,2,1400,0.040719,0.071352,0.040742,0.064457,0.040111,0.070824
91,100,2,100,0.049656,0.086094,0.049103,0.079727,0.04908,0.086206
91,100,2,200,0.049428,0.086545,0.048619,0.07899,0.049372,0.08616
91,100,2,300,0.049125,0.086883,0.050166,0.08031,0.048565,0.08566
91,100,2,400,0.049229,0.086989,0.04943,0.081215,0.048376,0.087796
91,100,2,500,0.050147,0.088661,0.048978,0.079224,0.048425,0.08615
91,100,2,600,0.050047,0.087939,0.048598,0.079921,0.049132,0.087507
91,100,2,700,0.049902,0.087271,0.04849,0.080079,0.048602,0.08672
91,100,2,800,0.049816,0.087225,0.049145,0.081112,0.049852,0.087908
91,100,2,900,0.049175,0.087809,0.050266,0.080088,0.048442,0.08678
91,100,2,1000,0.050115,0.08822,0.048907,0.0797,0.048878,0.087457
91,100,2,1100,0.049484,0.089066,0.048727,0.079688,0.048592,0.087642
91,100,2,1200,0.049673,0.090492,0.04864,0.079207,0.049273,0.087673
91,100,2,1300,0.049195,0.088153,0.048869,0.07939,0.048679,0.088248
91,100,2,1400,0.049237,0.09016,0.048897,0.089241,0.048903,0.088025
101,100,2,100,0.058174,0.104667,0.059681,0.097367,0.057542,0.104889
101,100,2,200,0.059209,0.113099,0.058775,0.098016,0.058028,0.105535
101,100,2,300,0.058893,0.106639,0.058176,0.098717,0.058127,0.105226
101,100,2,400,0.061644,0.10697,0.058822,0.096804,0.057809,0.105367
101,100,2,500,0.058836,0.105619,0.059027,0.098954,0.058434,0.105289
101,100,2,600,0.058775,0.107166,0.058221,0.097013,0.057429,0.106213
101,100,2,700,0.059157,0.106354,0.058156,0.097124,0.057736,0.105695
101,100,2,800,0.058728,0.106811,0.058279,0.097371,0.057832,0.105994
101,100,2,900,0.058687,0.10727,0.058506,0.097324,0.059129,0.106992
101,100,2,1000,0.058472,0.108391,0.058338,0.099877,0.057589,0.10607
101,100,2,1100,0.059329,0.109045,0.058484,0.096935,0.057549,0.10803
101,100,2,1200,0.058476,0.107589,0.058584,0.0979,0.057797,0.106439
101,100,2,1300,0.058163,0.108522,0.058313,0.09892,0.057577,0.107799
101,100,2,1400,0.058818,0.108181,0.058701,0.098245,0.057715,0.106508
1,100,2,100,0.00307,0.000205,0.003269,0.000104,0.002555,0.000207
1,100,2,200,0.002959,0.000254,0.00453,0.00014,0.002856,0.000255
1,100,2,300,0.003239,0.000293,0.00322,0.00012,0.002619,0.000314
1,100,2,400,0.004121,0.000413,0.003487,0.000104,0.002517,0.000368
1,100,2,500,0.003106,0.000333,0.00412,0.000156,0.002919,0.000408
1,100,2,600,0.003187,0.000389,0.003318,0.000108,0.0026,0.000414
1,100,2,700,0.004799,0.000531,0.003887,0.000123,0.002637,0.000386
1,100,2,800,0.003412,0.000493,0.003863,0.000185,0.0027,0.00038
1,100,2,900,0.003126,0.000342,0.003302,0.000103,0.003318,0.000526
1,100,2,1000,0.003521,0.000366,0.003271,0.000112,0.002597,0.000389
1,100,2,1100,0.003834,0.000463,0.003796,0.000142,0.00269,0.00036
1,100,2,1200,0.003413,0.000335,0.00328,0.000103,0.004025,0.000543
1,100,2,1300,0.003458,0.000367,0.003345,0.000111,0.002641,0.000414
1,100,2,1400,0.004382,0.000912,0.003418,0.000112,0.002573,0.000409
11,100,2,100,0.004559,0.001977,0.004794,0.001551,0.004213,0.001894
11,100,2,200,0.004466,0.001718,0.005178,0.001919,0.003913,0.001709
11,100,2,300,0.00475,0.00206,0.004897,0.001586,0.0044,0.002404
11,100,2,400,0.00427,0.001923,0.005815,0.001789,0.003941,0.001981
11,100,2,500,0.004877,0.002106,0.004699,0.001485,0.004916,0.002023
11,100,2,600,0.004594,0.001947,0.005827,0.001571,0.003875,0.001971
11,100,2,700,0.00471,0.003835,0.004697,0.001513,0.004489,0.002103
11,100,2,800,0.004412,0.002008,0.00586,0.001602,0.003953,0.002785
11,100,2,900,0.004208,0.002166,0.005397,0.001723,0.00421,0.002262
11,100,2,1000,0.005044,0.002295,0.004764,0.001564,0.004959,0.002308
11,100,2,1100,0.004722,0.002213,0.005363,0.00172,0.003818,0.002269
11,100,2,1200,0.005118,0.00276,0.005349,0.002465,0.005085,0.002444
11,100,2,1300,0.005251,0.00286,0.004796,0.001503,0.00457,0.002505
11,100,2,1400,0.004319,0.002377,0.005237,0.001617,0.003863,0.002492
21,100,2,100,0.006607,0.005325,0.008226,0.005023,0.007468,0.006713
21,100,2,200,0.007413,0.005289,0.007917,0.004741,0.00641,0.005027
21,100,2,300,0.007291,0.005934,0.008337,0.004802,0.006606,0.006176
21,100,2,400,0.006948,0.005638,0.00792,0.004671,0.006793,0.005287
21,100,2,500,0.007635,0.005256,0.007211,0.005509,0.00721,0.005512
21,100,2,600,0.007216,0.006825,0.008177,0.004864,0.007025,0.005401
21,100,2,700,0.007338,0.005285,0.007128,0.005607,0.006572,0.005785
21,100,2,800,0.007543,0.005807,0.007525,0.005563,0.006597,0.006028
21,100,2,900,0.008204,0.005632,0.007527,0.004662,0.006211,0.006832
21,100,2,1000,0.007785,0.006278,0.008312,0.005165,0.007497,0.005768
21,100,2,1100,0.006996,0.005635,0.007178,0.004624,0.006965,0.005924
21,100,2,1200,0.006986,0.006853,0.008043,0.004993,0.00721,0.006277
21,100,2,1300,0.007021,0.005699,0.007343,0.005122,0.006646,0.006246
21,100,2,1400,0.006964,0.00702,0.008151,0.004956,0.007243,0.006244
31,100,2,100,0.010192,0.012792,0.010347,0.012052,0.011083,0.010855
31,100,2,200,0.011999,0.011264,0.010777,0.009877,0.010116,0.010449
31,100,2,300,0.010646,0.011129,0.010339,0.010775,0.009289,0.012077
31,100,2,400,0.011364,0.012127,0.010288,0.011809,0.009782,0.011192
31,100,2,500,0.011262,0.011694,0.011736,0.009936,0.010415,0.012158
31,100,2,600,0.011634,0.010876,0.011288,0.010014,0.010199,0.01192
31,100,2,700,0.01032,0.011929,0.010293,0.01181,0.009937,0.012282
31,100,2,800,0.013147,0.011715,0.011815,0.011084,0.010002,0.010948
31,100,2,900,0.010706,0.01296,0.010104,0.009944,0.009523,0.012336
31,100,2,1000,0.010768,0.012305,0.010305,0.011795,0.009947,0.011387
31,100,2,1100,0.011524,0.012405,0.010558,0.00982,0.010439,0.011794
31,100,2,1200,0.011016,0.011189,0.010714,0.010335,0.009408,0.012017
31,100,2,1300,0.010682,0.012019,0.010389,0.01118,0.009544,0.013014
31,100,2,1400,0.011223,0.01183,0.011228,0.011196,0.00979,0.012176
41,100,2,100,0.014207,0.019786,0.015803,0.01855,0.015155,0.019779
41,100,2,200,0.014638,0.020829,0.016413,0.017803,0.014424,0.020544
41,100,2,300,0.014438,0.020357,0.015904,0.018157,0.014396,0.020994
41,100,2,400,0.015354,0.019629,0.015504,0.018737,0.014619,0.021325
41,100,2,500,0.015053,0.020632,0.015629,0.018518,0.014371,0.020763
41,100,2,600,0.014404,0.021013,0.016474,0.018222,0.014108,0.021778
41,100,2,700,0.015609,0.020217,0.014949,0.018562,0.014606,0.021164
41,100,2,800,0.015092,0.020069,0.015219,0.018868,0.015036,0.021472
41,100,2,900,0.015496,0.020626,0.015929,0.018451,0.0145,0.021384
41,100,2,1000,0.01547,0.021182,0.015918,0.018332,0.014367,0.022303
41,100,2,1100,0.015315,0.020208,0.015873,0.018978,0.014149,0.02262
41,100,2,1200,0.015106,0.020482,0.015302,0.019332,0.014967,0.021491
41,100,2,1300,0.014801,0.021952,0.016461,0.018091,0.014375,0.022737
41,100,2,1400,0.015389,0.020212,0.015318,0.018155,0.014276,0.022536
51,100,2,100,0.01973,0.02864,0.020761,0.026566,0.019534,0.02869
51,100,2,200,0.020073,0.029065,0.020336,0.027248,0.019545,0.028858
51,100,2,300,0.019082,0.029492,0.020076,0.02745,0.018761,0.029477
51,100,2,400,0.020117,0.029657,0.020388,0.026728,0.019628,0.028853
51,100,2,500,0.020659,0.029257,0.021073,0.026597,0.019046,0.029062
51,100,2,600,0.019228,0.030007,0.020354,0.027699,0.018876,0.029097
51,100,2,700,0.019476,0.030983,0.020206,0.028009,0.019146,0.030414
51,100,2,800,0.019793,0.03019,0.022375,0.02789,0.019398,0.029611
51,100,2,900,0.019194,0.030197,0.020063,0.027763,0.018601,0.030251
51,100,2,1000,0.020646,0.029803,0.020871,0.027245,0.019381,0.029844
51,100,2,1100,0.019956,0.029548,0.019864,0.027155,0.018754,0.030017
51,100,2,1200,0.019184,0.030136,0.020054,0.026764,0.019231,0.03014
51,100,2,1300,0.019926,0.030613,0.02071,0.027132,0.019904,0.029687
51,100,2,1400,0.020336,0.030451,0.020996,0.026394,0.019368,0.02975
61,100,2,100,0.025925,0.04173,0.027003,0.037754,0.02471,0.040555
61,100,2,200,0.025688,0.041202,0.027293,0.037459,0.024935,0.040814
61,100,2,300,0.025317,0.040417,0.027084,0.037262,0.024978,0.040065
61,100,2,400,0.025428,0.040497,0.026862,0.037429,0.025656,0.0401
61,100,2,500,0.025699,0.041425,0.027621,0.037522,0.025343,0.040266
61,100,2,600,0.025389,0.041079,0.026559,0.041234,0.024855,0.040766
61,100,2,700,0.025301,0.041289,0.026645,0.038316,0.025373,0.041101
61,100,2,800,0.025519,0.042337,0.02737,0.037659,0.024714,0.041372
61,100,2,900,0.025551,0.041907,0.027627,0.038442,0.025335,0.04159
61,100,2,1000,0.026573,0.042199,0.026969,0.037555,0.025003,0.040756
61,100,2,1100,0.025636,0.042089,0.027226,0.037823,0.024827,0.042828
61,100,2,1200,0.025306,0.042103,0.026795,0.037786,0.024702,0.041041
61,100,2,1300,0.025344,0.041614,0.027315,0.03775,0.024645,0.041069
61,100,2,1400,0.025205,0.042374,0.026839,0.037909,0.024967,0.041169
71,100,2,100,0.03356,0.055331,0.032831,0.050191,0.031766,0.053738
71,100,2,200,0.032465,0.056119,0.033677,0.05042,0.032038,0.053982
71,100,2,300,0.032194,0.056066,0.032961,0.050425,0.031908,0.054372
71,100,2,400,0.032823,0.055483,0.032695,0.049684,0.032311,0.054611
71,100,2,500,0.032383,0.057018,0.032811,0.049968,0.032104,0.054527
71,100,2,600,0.032679,0.054871,0.032801,0.050473,0.031606,0.053884
71,100,2,700,0.032751,0.056474,0.033141,0.04978,0.032011,0.05469
71,100,2,800,0.032695,0.055424,0.032815,0.050499,0.032009,0.054139
71,100,2,900,0.032859,0.061173,0.033697,0.049738,0.031756,0.054273
71,100,2,1000,0.032469,0.056081,0.032857,0.050682,0.032481,0.055433
71,100,2,1100,0.032381,0.056809,0.032908,0.050539,0.032239,0.054328
71,100,2,1200,0.033366,0.057226,0.032741,0.05017,0.031865,0.055094
71,100,2,1300,0.033535,0.055521,0.032875,0.050671,0.032065,0.054259
71,100,2,1400,0.031962,0.055995,0.032808,0.051105,0.032695,0.055602
81,100,2,100,0.040682,0.069966,0.040869,0.064311,0.039594,0.069709
81,100,2,200,0.040019,0.069054,0.040701,0.064877,0.040111,0.070386
81,100,2,300,0.040577,0.069244,0.040219,0.064201,0.039351,0.068979
81,100,2,400,0.040044,0.069615,0.040331,0.064378,0.039526,0.068521
81,100,2,500,0.040786,0.07029,0.041002,0.064864,0.039273,0.069139
81,100,2,600,0.040482,0.071107,0.040566,0.065047,0.039887,0.070542
81,100,2,700,0.041069,0.070176,0.040816,0.065619,0.039545,0.068629
81,100,2,800,0.040782,0.07105,0.040158,0.064732,0.039645,0.06959
81,100,2,900,0.041742,0.06893,0.040896,0.06546,0.039562,0.069429
81,100,2,1000,0.040846,0.069221,0.042001,0.063868,0.039157,0.068895
81,100,2,1100,0.039432,0.07018,0.040503,0.065085,0.039204,0.069299
81,100,2,1200,0.040498,0.069431,0.040748,0.064104,0.03973,0.069687
81,100,2,1300,0.040611,0.070269,0.04054,0.066885,0.03942,0.070415
81,100,2,1400,0.040406,0.069519,0.041392,0.06496,0.040134,0.069416
91,100,2,100,0.05044,0.087386,0.050051,0.079432,0.047572,0.085983
91,100,2,200,0.048663,0.086178,0.049063,0.081216,0.047703,0.085112
91,100,2,300,0.048765,0.08679,0.048911,0.080298,0.048287,0.086187
91,100,2,400,0.049037,0.086695,0.049039,0.079912,0.048188,0.086608
91,100,2,500,0.052984,0.093285,0.049735,0.081323,0.04793,0.086006
91,100,2,600,0.049876,0.086193,0.048732,0.079737,0.047582,0.085823
91,100,2,700,0.049405,0.085723,0.048855,0.080204,0.047475,0.087029
91,100,2,800,0.049413,0.086862,0.050745,0.080668,0.047759,0.086616
91,100,2,900,0.048501,0.086727,0.049439,0.080218,0.047984,0.086889
91,100,2,1000,0.08759,0.11422,0.05158,0.085172,0.07516,0.099763
91,100,2,1100,0.063429,0.10389,0.05172,0.112663,0.051591,0.116433
91,100,2,1200,0.051638,0.094493,0.052204,0.098437,0.060323,0.11011
91,100,2,1300,0.06266,0.090467,0.04914,0.08053,0.048843,0.087973
91,100,2,1400,0.049715,0.090818,0.051828,0.086237,0.074046,0.107478
101,100,2,100,0.065635,0.115339,0.075057,0.110334,0.0585,0.109754
101,100,2,200,0.059892,0.109253,0.061153,0.100477,0.058171,0.10598
101,100,2,300,0.059759,0.106764,0.059209,0.097779,0.058463,0.105688
101,100,2,400,0.058305,0.105444,0.058668,0.099173,0.057063,0.105331
101,100,2,500,0.058791,0.1076,0.059123,0.09811,0.057259,0.106637
101,100,2,600,0.058949,0.106333,0.058836,0.099394,0.058364,0.105652
101,100,2,700,0.05906,0.108366,0.059963,0.097474,0.057823,0.106084
101,100,2,800,0.088688,0.166733,0.058986,0.098917,0.058219,0.105856
101,100,2,900,0.058874,0.107455,0.058935,0.097449,0.057297,0.10549
101,100,2,1000,0.058777,0.105407,0.059379,0.097511,0.057276,0.105607
101,100,2,1100,0.058851,0.106791,0.058423,0.098321,0.057966,0.106205
101,100,2,1200,0.059185,0.108106,0.058635,0.098032,0.057411,0.105731
101,100,2,1300,0.058487,0.106955,0.059165,0.097156,0.05743,0.105498
101,100,2,1400,0.058642,0.10693,0.058823,0.098414,0.058635,0.105702
1,100,2,100,0.002907,0.000241,0.00262,0.000157,0.00261,0.000169
1,100,2,200,0.002985,0.000197,0.003654,0.000188,0.002902,0.000238
1,100,2,300,0.002798,0.000239,0.002613,0.000108,0.002734,0.00023
1,100,2,400,0.002907,0.00027,0.003321,0.000155,0.002749,0.0003
1,100,2,500,0.002826,0.000316,0.003266,0.00012,0.003292,0.00034
1,100,2,600,0.00281,0.000299,0.002603,0.000138,0.002555,0.00032
1,100,2,700,0.00355,0.000728,0.002921,0.000177,0.003166,0.000583
1,100,2,800,0.003102,0.0004,0.002612,0.000131,0.003977,0.000469
1,100,2,900,0.002799,0.000369,0.00267,0.000109,0.002576,0.000396
1,100,2,1000,0.003241,0.00044,0.003313,0.000136,0.002755,0.000406
1,100,2,1100,0.002759,0.000351,0.002593,0.000129,0.003086,0.000487
1,100,2,1200,0.003112,0.000416,0.00276,0.000105,0.002576,0.00037
1,100,2,1300,0.002834,0.000358,0.003506,0.000155,0.002969,0.000466
1,100,2,1400,0.002879,0.000397,0.002572,0.000103,0.0026,0.000403
11,100,2,100,0.007985,0.00324,0.009674,0.002553,0.008358,0.003092
11,100,2,200,0.007823,0.003208,0.009597,0.003006,0.007169,0.002873
11,100,2,300,0.008081,0.003129,0.00987,0.00269,0.006581,0.002913
11,100,2,400,0.008681,0.003173,0.009665,0.002732,0.007017,0.002945
11,100,2,500,0.008209,0.00386,0.009593,0.002939,0.006905,0.003006
11,100,2,600,0.007454,0.003466,0.010417,0.002841,0.007075,0.003268
11,100,2,700,0.008496,0.003146,0.009948,0.002631,0.007065,0.00351
11,100,2,800,0.008175,0.003391,0.009815,0.002939,0.006855,0.004277
11,100,2,900,0.008015,0.003312,0.009621,0.002466,0.006709,0.003682
11,100,2,1000,0.008044,0.003309,0.00983,0.002661,0.007403,0.004549
11,100,2,1100,0.007826,0.004017,0.009917,0.00243,0.007095,0.003949
11,100,2,1200,0.007676,0.003712,0.009879,0.002525,0.006902,0.004008
11,100,2,1300,0.008041,0.004042,0.009349,0.002512,0.007059,0.003792
11,100,2,1400,0.008121,0.004054,0.009608,0.002623,0.007125,0.003989
21,100,2,100,0.011762,0.008638,0.014007,0.007752,0.010616,0.008922
21,100,2,200,0.010703,0.008434,0.013513,0.008435,0.010797,0.008177
21,100,2,300,0.011786,0.008742,0.014223,0.008391,0.01114,0.009095
21,100,2,400,0.013232,0.009046,0.013557,0.007597,0.0113,0.008893
21,100,2,500,0.012089,0.009632,0.014592,0.008125,0.011344,0.009252
21,100,2,600,0.011294,0.009468,0.01293,0.008114,0.011157,0.008759
21,100,2,700,0.011593,0.008786,0.014546,0.007845,0.011305,0.008845
21,100,2,800,0.012479,0.008785,0.01427,0.007715,0.011294,0.010574
21,100,2,900,0.012091,0.010621,0.013806,0.008696,0.010952,0.009031
21,100,2,1000,0.011534,0.010053,0.013026,0.007988,0.010868,0.00946
21,100,2,1100,0.012155,0.00984,0.014021,0.007722,0.011238,0.009258
21,100,2,1200,0.012273,0.01078,0.014376,0.007937,0.011911,0.009824
21,100,2,1300,0.012379,0.010066,0.014084,0.007578,0.011875,0.009565
21,100,2,1400,0.012712,0.010248,0.01374,0.007565,0.011313,0.01003
31,100,2,100,0.016065,0.019111,0.018366,0.01672,0.015212,0.01782
31,100,2,200,0.016149,0.017927,0.018908,0.016131,0.016191,0.017476
31,100,2,300,0.015602,0.020118,0.018544,0.01561,0.016732,0.018384
31,100,2,400,0.015979,0.017287,0.018876,0.016452,0.015659,0.01825
31,100,2,500,0.016291,0.019228,0.018207,0.017393,0.016251,0.020998
31,100,2,600,0.016652,0.018418,0.018212,0.0165,0.015707,0.019133
31,100,2,700,0.016844,0.017968,0.022129,0.029531,0.020193,0.028681
31,100,2,800,0.016786,0.017565,0.018278,0.015674,0.015789,0.018144
31,100,2,900,0.016566,0.018085,0.017988,0.016193,0.016084,0.01885
31,100,2,1000,0.01618,0.017277,0.018786,0.016574,0.016562,0.019357
31,100,2,1100,0.016616,0.018922,0.018841,0.016256,0.015406,0.019684
31,100,2,1200,0.01775,0.019144,0.018974,0.016477,0.016108,0.020671
31,100,2,1300,0.016647,0.018904,0.018108,0.016218,0.015622,0.019717
31,100,2,1400,0.016361,0.020785,0.018294,0.01669,0.01569,0.021705
41,100,2,100,0.022351,0.033515,0.027023,0.029882,0.023987,0.031648
41,100,2,200,0.022757,0.032204,0.028991,0.039129,0.021769,0.032489
41,100,2,300,0.023711,0.031651,0.027316,0.02952,0.030724,0.035531
41,100,2,400,0.026633,0.036241,0.03159,0.032801,0.022918,0.030482
41,100,2,500,0.023323,0.031927,0.027105,0.028574,0.022297,0.031235
41,100,2,600,0.023872,0.030999,0.026906,0.029411,0.022854,0.030627
41,100,2,700,0.022875,0.032805,0.027801,0.029261,0.02226,0.032208
41,100,2,800,0.024083,0.031698,0.027166,0.030665,0.023204,0.032053
41,100,2,900,0.022893,0.032731,0.027804,0.029632,0.023976,0.031607
41,100,2,1000,0.023277,0.031752,0.026528,0.028965,0.022289,0.031812
41,100,2,1100,0.023353,0.031777,0.02592,0.029368,0.022458,0.031704
41,100,2,1200,0.022666,0.032444,0.026809,0.030891,0.022258,0.033446
41,100,2,1300,0.02372,0.031602,0.025021,0.030785,0.022387,0.032284
41,100,2,1400,0.023104,0.032355,0.030102,0.028699,0.022674,0.03394
51,100,2,100,0.030337,0.047562,0.033048,0.044041,0.029698,0.04702
51,100,2,200,0.029993,0.047199,0.03255,0.043779,0.029811,0.048406
51,100,2,300,0.030515,0.047198,0.032436,0.043534,0.029466,0.046541
51,100,2,400,0.030706,0.045823,0.032808,0.043782,0.029342,0.046282
51,100,2,500,0.030664,0.046662,0.032796,0.044242,0.03003,0.046602
51,100,2,600,0.029308,0.04932,0.032715,0.042684,0.029232,0.046442
51,100,2,700,0.030767,0.047952,0.032697,0.046214,0.029402,0.047241
51,100,2,800,0.03011,0.04704,0.032678,0.042205,0.029723,0.047447
51,100,2,900,0.031047,0.048437,0.03356,0.042465,0.030174,0.046461
51,100,2,1000,0.030065,0.045825,0.033574,0.043986,0.029649,0.048312
51,100,2,1100,0.030789,0.049029,0.032797,0.0442,0.030449,0.047892
51,100,2,1200,0.030547,0.047198,0.032582,0.042859,0.030421,0.048203
51,100,2,1300,0.037626,0.053067,0.033803,0.043867,0.030147,0.047244
51,100,2,1400,0.031829,0.048798,0.03277,0.043279,0.032646,0.053549
61,100,2,100,0.039308,0.065378,0.041505,0.060881,0.038103,0.064662
61,100,2,200,0.03935,0.065679,0.041446,0.059828,0.039078,0.063328
61,100,2,300,0.040103,0.065576,0.041638,0.058858,0.039004,0.063572
61,100,2,400,0.039115,0.066018,0.041221,0.058961,0.038989,0.064131
61,100,2,500,0.039638,0.065281,0.042336,0.059191,0.038881,0.064035
61,100,2,600,0.038613,0.065671,0.041632,0.061073,0.03935,0.063739
61,100,2,700,0.038974,0.065335,0.041644,0.059663,0.039238,0.063272
61,100,2,800,0.039355,0.064545,0.041264,0.059474,0.039848,0.062997
61,100,2,900,0.039327,0.064405,0.041262,0.059605,0.039282,0.065872
61,100,2,1000,0.039225,0.065093,0.04141,0.060509,0.039523,0.064796
61,100,2,1100,0.039779,0.064813,0.041412,0.059985,0.039874,0.064524
61,100,2,1200,0.038916,0.066101,0.042063,0.059116,0.039023,0.065715
61,100,2,1300,0.039021,0.065801,0.042415,0.060243,0.038645,0.064026
61,100,2,1400,0.040135,0.065732,0.041716,0.058662,0.038747,0.069252
71,100,2,100,0.050339,0.08657,0.052067,0.079472,0.048599,0.085897
71,100,2,200,0.050017,0.08526,0.052315,0.079744,0.048494,0.085791
71,100,2,300,0.049936,0.085277,0.052475,0.078586,0.049879,0.086271
71,100,2,400,0.050347,0.084525,0.052262,0.078623,0.049596,0.084774
71,100,2,500,0.049488,0.086322,0.052347,0.080799,0.049424,0.086467
71,100,2,600,0.04987,0.085511,0.052513,0.079381,0.048883,0.08629
71,100,2,700,0.050322,0.087299,0.052615,0.080493,0.049311,0.086196
71,100,2,800,0.050444,0.085597,0.052718,0.079597,0.04816,0.085315
71,100,2,900,0.049459,0.086384,0.052752,0.078247,0.048665,0.086766
71,100,2,1000,0.050395,0.086226,0.052297,0.081069,0.049833,0.085238
71,100,2,1100,0.050283,0.085679,0.052661,0.079076,0.04842,0.086107
71,100,2,1200,0.049509,0.084939,0.052882,0.081054,0.048729,0.084543
71,100,2,1300,0.050498,0.086312,0.052065,0.078308,0.048756,0.085726
71,100,2,1400,0.049651,0.085234,0.052225,0.07836,0.049458,0.085456
81,100,2,100,0.061096,0.108695,0.063775,0.100868,0.060197,0.107901
81,100,2,200,0.061247,0.107417,0.063381,0.101762,0.06019,0.109338
81,100,2,300,0.061399,0.108117,0.063776,0.10206,0.060081,0.108666
81,100,2,400,0.06183,0.110571,0.063752,0.101753,0.059963,0.11031
81,100,2,500,0.060675,0.111575,0.063995,0.102831,0.060351,0.109488
81,100,2,600,0.062061,0.109954,0.06344,0.100665,0.059862,0.110952
81,100,2,700,0.06279,0.109314,0.064152,0.101938,0.06047,0.109137
81,100,2,800,0.0614,0.110384,0.063655,0.100641,0.060345,0.111263
81,100,2,900,0.061828,0.108986,0.064578,0.103657,0.060298,0.108692
81,100,2,1000,0.065543,0.109492,0.064949,0.101443,0.060106,0.109498
81,100,2,1100,0.062172,0.108966,0.063775,0.10174,0.059252,0.107783
81,100,2,1200,0.062219,0.109606,0.063266,0.100345,0.061959,0.109253
81,100,2,1300,0.061541,0.109059,0.064731,0.101008,0.063256,0.111254
81,100,2,1400,0.064193,0.109363,0.064512,0.101526,0.06189,0.109945
91,100,2,100,0.07358,0.133259,0.076482,0.125807,0.074883,0.134513
91,100,2,200,0.075242,0.137513,0.077449,0.126227,0.07399,0.135204
91,100,2,300,0.07518,0.135734,0.07671,0.125319,0.073136,0.133408
91,100,2,400,0.077861,0.140676,0.0767,0.125627,0.072983,0.13577
91,100,2,500,0.074882,0.135183,0.07597,0.127895,0.072724,0.134845
91,100,2,600,0.074683,0.136796,0.076536,0.125774,0.074307,0.134739
91,100,2,700,0.07467,0.135639,0.076021,0.12635,0.073184,0.135394
91,100,2,800,0.075336,0.137331,0.075871,0.124969,0.072677,0.136891
91,100,2,900,0.076381,0.136317,0.078166,0.127378,0.073145,0.135885
91,100,2,1000,0.075684,0.137521,0.076357,0.125884,0.072817,0.134675
91,100,2,1100,0.074558,0.135265,0.076246,0.126003,0.072713,0.134816
91,100,2,1200,0.076194,0.136413,0.076953,0.124145,0.072795,0.134697
91,100,2,1300,0.07506,0.13507,0.076284,0.12531,0.073117,0.13574
91,100,2,1400,0.075327,0.136794,0.076868,0.124431,0.073546,0.13487
101,100,2,100,0.088369,0.16691,0.119614,0.171646,0.0923,0.189661
101,100,2,200,0.106264,0.18606,0.09586,0.182475,0.097069,0.175168
101,100,2,300,0.089096,0.166297,0.093061,0.173295,0.127899,0.203157
101,100,2,400,0.114678,0.213649,0.11053,0.207184,0.088328,0.1651
101,100,2,500,0.090744,0.16789,0.093274,0.156058,0.088532,0.167255
101,100,2,600,0.090435,0.168065,0.091287,0.155265,0.088635,0.164946
101,100,2,700,0.090104,0.167622,0.095624,0.155025,0.088656,0.168669
101,100,2,800,0.091626,0.166968,0.092121,0.154836,0.088717,0.165432
101,100,2,900,0.089352,0.167515,0.092204,0.154868,0.088955,0.16696
101,100,2,1000,0.091067,0.166189,0.09165,0.154641,0.087678,0.164663
101,100,2,1100,0.090751,0.167284,0.091002,0.15375,0.08771,0.164719
101,100,2,1200,0.089597,0.168617,0.090336,0.154779,0.087819,0.166656
101,100,2,1300,0.090203,0.165374,0.091252,0.154985,0.087702,0.165798
101,100,2,1400,0.090808,0.16535,0.091033,0.152733,0.08773,0.167723
1,100,2,100,0.002665,0.000234,0.003028,0.000105,0.002335,0.000182
1,100,2,200,0.002439,0.000263,0.004124,0.000205,0.002637,0.000274
1,100,2,300,0.002573,0.000296,0.002971,0.000125,0.002308,0.000312
1,100,2,400,0.002583,0.000325,0.003641,0.000115,0.002492,0.000386
1,100,2,500,0.002685,0.000367,0.002969,0.000101,0.003122,0.000685
1,100,2,600,0.003602,0.000777,0.003026,0.000102,0.002313,0.00046
1,100,2,700,0.002696,0.000577,0.004853,0.000186,0.003415,0.000729
1,100,2,800,0.002545,0.000495,0.00307,0.000131,0.003536,0.000804
1,100,2,900,0.002891,0.000589,0.002973,0.000152,0.002383,0.000723
1,100,2,1000,0.00407,0.000858,0.003455,0.00011,0.002387,0.000674
1,100,2,1100,0.002769,0.000675,0.003545,0.000203,0.003043,0.00091
1,100,2,1200,0.003054,0.000752,0.00301,0.000124,0.002348,0.000929
1,100,2,1300,0.004279,0.001117,0.00303,0.000159,0.002295,0.000894
1,100,2,1400,0.00299,0.001004,0.004322,0.000236,0.00269,0.000918
11,100,2,100,0.003619,0.001657,0.005667,0.00176,0.003562,0.001664
11,100,2,200,0.005218,0.001781,0.004276,0.001821,0.004437,0.001899
11,100,2,300,0.003696,0.001837,0.004967,0.001516,0.003606,0.001795
11,100,2,400,0.005364,0.001849,0.004349,0.001859,0.004242,0.002072
11,100,2,500,0.003759,0.001889,0.004946,0.001597,0.003689,0.001887
11,100,2,600,0.00444,0.002105,0.00442,0.002063,0.004236,0.00216
11,100,2,700,0.004095,0.002637,0.005491,0.001754,0.004353,0.002523
11,100,2,800,0.004279,0.001973,0.005395,0.001685,0.003807,0.00203
11,100,2,900,0.004751,0.002175,0.00445,0.001526,0.004605,0.002623
11,100,2,1000,0.003981,0.002104,0.00553,0.001639,0.003631,0.002279
11,100,2,1100,0.004795,0.002813,0.004325,0.00152,0.004448,0.002716
11,100,2,1200,0.00506,0.002943,0.004298,0.001505,0.004393,0.002567
11,100,2,1300,0.003693,0.002247,0.005298,0.001531,0.003787,0.002825
11,100,2,1400,0.004615,0.002478,0.004363,0.002176,0.004017,0.002519
21,100,2,100,0.006094,0.005025,0.006746,0.005546,0.007577,0.005342
21,100,2,200,0.006793,0.005761,0.006946,0.005833,0.007151,0.005857
21,100,2,300,0.008477,0.005115,0.006713,0.004673,0.006109,0.005658
21,100,2,400,0.006859,0.005636,0.007593,0.004803,0.00624,0.006127
21,100,2,500,0.007096,0.007122,0.007221,0.004974,0.006442,0.005363
21,100,2,600,0.006145,0.005667,0.006558,0.005958,0.006705,0.005774
21,100,2,700,0.008181,0.006818,0.007484,0.005136,0.006604,0.005528
21,100,2,800,0.006417,0.005545,0.006637,0.005598,0.006902,0.005684
21,100,2,900,0.008534,0.00665,0.007414,0.004942,0.007091,0.005845
21,100,2,1000,0.006405,0.00559,0.006826,0.004876,0.006152,0.00656
21,100,2,1100,0.008277,0.006601,0.006893,0.005818,0.0071,0.005896
21,100,2,1200,0.006587,0.005777,0.006735,0.004956,0.006176,0.006935
21,100,2,1300,0.007666,0.006318,0.006819,0.005208,0.006857,0.006308
21,100,2,1400,0.007303,0.005833,0.006792,0.004735,0.006089,0.006312
31,100,2,100,0.010344,0.011632,0.010561,0.010067,0.010247,0.010627
31,100,2,200,0.010493,0.012526,0.010957,0.009628,0.009688,0.010738
31,100,2,300,0.010189,0.012212,0.010116,0.00987,0.009728,0.010742
31,100,2,400,0.010388,0.011369,0.009795,0.010545,0.009176,0.012483
31,100,2,500,0.010463,0.012308,0.009864,0.011975,0.009626,0.011982
31,100,2,600,0.010307,0.011739,0.010648,0.010375,0.00977,0.012691
31,100,2,700,0.011835,0.01228,0.010383,0.009835,0.009361,0.011823
31,100,2,800,0.009706,0.011999,0.009841,0.011744,0.009306,0.012318
31,100,2,900,0.011998,0.012704,0.011768,0.009882,0.010153,0.011491
31,100,2,1000,0.011298,0.011049,0.010744,0.010835,0.009494,0.011152
31,100,2,1100,0.011222,0.011649,0.010054,0.010484,0.009254,0.01235
31,100,2,1200,0.01138,0.012478,0.009906,0.011114,0.009984,0.012343
31,100,2,1300,0.010569,0.012218,0.01187,0.009996,0.010122,0.011709
31,100,2,1400,0.012544,0.011134,0.010417,0.009526,0.009698,0.011821
41,100,2,100,0.013396,0.021038,0.014996,0.019293,0.01483,0.021101
41,100,2,200,0.014233,0.020368,0.01554,0.019237,0.014298,0.021288
41,100,2,300,0.014848,0.019917,0.014919,0.018772,0.01439,0.022817
41,100,2,400,0.014237,0.019749,0.015164,0.018589,0.014624,0.020662
41,100,2,500,0.014314,0.019801,0.014484,0.018253,0.014442,0.020661
41,100,2,600,0.013972,0.020322,0.014683,0.018632,0.014568,0.020211
41,100,2,700,0.014428,0.020555,0.015146,0.018505,0.014281,0.023152
41,100,2,800,0.014374,0.02023,0.014564,0.017966,0.013694,0.022782
41,100,2,900,0.014698,0.019538,0.014845,0.018757,0.014556,0.021903
41,100,2,1000,0.01453,0.020514,0.014503,0.019091,0.014904,0.021292
41,100,2,1100,0.014143,0.022038,0.01461,0.019474,0.015619,0.021363
41,100,2,1200,0.014011,0.021947,0.014595,0.017829,0.014953,0.022603
41,100,2,1300,0.014104,0.019798,0.014347,0.018274,0.013755,0.021954
41,100,2,1400,0.014517,0.020025,0.014113,0.018367,0.014352,0.021477
51,100,2,100,0.019327,0.02902,0.019831,0.026684,0.019324,0.02849
51,100,2,200,0.018805,0.028798,0.019798,0.026984,0.018898,0.028488
51,100,2,300,0.020572,0.030035,0.019334,0.027063,0.019735,0.029365
51,100,2,400,0.022736,0.029782,0.019911,0.026443,0.019407,0.029394
51,100,2,500,0.018762,0.029087,0.019969,0.026833,0.018566,0.02945
51,100,2,600,0.019592,0.02918,0.02121,0.027449,0.019046,0.029732
51,100,2,700,0.020006,0.029897,0.021313,0.026701,0.019412,0.029232
51,100,2,800,0.018955,0.029716,0.019449,0.026813,0.018677,0.030239
51,100,2,900,0.018988,0.030147,0.019602,0.02761,0.018779,0.029734
51,100,2,1000,0.020339,0.030877,0.019597,0.027708,0.019583,0.030016
51,100,2,1100,0.020115,0.030565,0.019645,0.028265,0.019164,0.030308
51,100,2,1200,0.019853,0.03079,0.019842,0.027842,0.01913,0.029921
51,100,2,1300,0.019566,0.030435,0.019457,0.027541,0.018981,0.029509
51,100,2,1400,0.019253,0.030214,0.019289,0.027325,0.019344,0.029757
61,100,2,100,0.025581,0.041507,0.026321,0.038278,0.025994,0.040525
61,100,2,200,0.024689,0.040411,0.026304,0.037365,0.024918,0.041031
61,100,2,300,0.024908,0.04092,0.026851,0.038062,0.024732,0.040659
61,100,2,400,0.02546,0.042097,0.025976,0.037868,0.024714,0.040929
61,100,2,500,0.025971,0.042749,0.026383,0.038897,0.027027,0.042605
61,100,2,600,0.025446,0.042062,0.026928,0.038003,0.025162,0.041769
61,100,2,700,0.025712,0.040956,0.027201,0.045201,0.028227,0.041749
61,100,2,800,0.025418,0.042977,0.026185,0.038318,0.024914,0.042329
61,100,2,900,0.025187,0.041655,0.026703,0.037915,0.024734,0.041152
61,100,2,1000,0.025355,0.04202,0.026867,0.037875,0.025289,0.041444
61,100,2,1100,0.026499,0.042698,0.027465,0.038223,0.025824,0.040757
61,100,2,1200,0.025546,0.042358,0.026159,0.037248,0.024698,0.040788
61,100,2,1300,0.025253,0.042228,0.026325,0.037756,0.024664,0.041885
61,100,2,1400,0.024967,0.042013,0.026215,0.037957,0.024801,0.041877
71,100,2,100,0.031968,0.05631,0.032084,0.050565,0.031473,0.053525
71,100,2,200,0.032433,0.055392,0.03229,0.049587,0.031503,0.054895
71,100,2,300,0.031824,0.056099,0.032102,0.0498,0.031796,0.054071
71,100,2,400,0.032299,0.055903,0.032162,0.04984,0.031677,0.054017
71,100,2,500,0.0319,0.055958,0.032261,0.049645,0.032026,0.054615
71,100,2,600,0.031895,0.05659,0.032159,0.049871,0.032305,0.054153
71,100,2,700,0.03181,0.05746,0.032657,0.049924,0.031481,0.054115
71,100,2,800,0.032135,0.055135,0.032115,0.050299,0.032466,0.054028
71,100,2,900,0.031825,0.056337,0.03234,0.050434,0.03173,0.060468
71,100,2,1000,0.032265,0.056236,0.032164,0.049676,0.031616,0.054391
71,100,2,1100,0.03208,0.056497,0.032108,0.050137,0.031646,0.054514
71,100,2,1200,0.032033,0.056898,0.032367,0.049523,0.032248,0.05472
71,100,2,1300,0.033401,0.055474,0.031847,0.050256,0.031457,0.054117
71,100,2,1400,0.032128,0.057616,0.032767,0.049934,0.032019,0.054139
81,100,2,100,0.043827,0.072152,0.039835,0.06441,0.03942,0.06932
81,100,2,200,0.039687,0.069227,0.041111,0.064753,0.039245,0.069553
81,100,2,300,0.039754,0.068849,0.039946,0.065508,0.039698,0.069095
81,100,2,400,0.040196,0.069819,0.039541,0.064559,0.040399,0.071624
81,100,2,500,0.040985,0.069382,0.041226,0.065808,0.03957,0.070162
81,100,2,600,0.040627,0.069983,0.039725,0.066661,0.04014,0.070604
81,100,2,700,0.039942,0.069496,0.040142,0.066182,0.039985,0.069902
81,100,2,800,0.04132,0.069463,0.040271,0.064626,0.039721,0.071161
81,100,2,900,0.040437,0.070381,0.040228,0.0673,0.039745,0.069834
81,100,2,1000,0.040524,0.07003,0.039803,0.064669,0.04087,0.069529
81,100,2,1100,0.040458,0.070521,0.03999,0.065478,0.039153,0.070199
81,100,2,1200,0.040284,0.069809,0.039556,0.064477,0.039293,0.069885
81,100,2,1300,0.039345,0.069862,0.039738,0.06548,0.048529,0.111839
81,100,2,1400,0.044449,0.074218,0.040941,0.068636,0.039389,0.069772
91,100,2,100,0.048575,0.087154,0.04816,0.079365,0.048197,0.085819
91,100,2,200,0.04883,0.085788,0.048384,0.080058,0.050251,0.086763
91,100,2,300,0.048563,0.087008,0.050257,0.080675,0.047627,0.085473
91,100,2,400,0.05124,0.087628,0.048576,0.081629,0.048382,0.086177
91,100,2,500,0.048779,0.088215,0.048301,0.08009,0.047977,0.086574
91,100,2,600,0.049024,0.086008,0.04856,0.079643,0.047926,0.087022
91,100,2,700,0.049242,0.087308,0.048383,0.079858,0.048042,0.08622
91,100,2,800,0.048679,0.086035,0.048335,0.080689,0.049622,0.08597
91,100,2,900,0.048774,0.086054,0.050287,0.08055,0.047915,0.086516
91,100,2,1000,0.049411,0.087,0.048322,0.08139,0.047591,0.086664
91,100,2,1100,0.058708,0.088773,0.049945,0.080326,0.048015,0.085958
91,100,2,1200,0.04972,0.087986,0.04859,0.080747,0.049929,0.086417
91,100,2,1300,0.049068,0.08899,0.049083,0.080347,0.048001,0.087287
91,100,2,1400,0.048949,0.086039,0.048607,0.080172,0.04766,0.086646
101,100,2,100,0.058419,0.105694,0.059702,0.096699,0.057077,0.104527
101,100,2,200,0.058214,0.1072,0.058728,0.097888,0.056852,0.105824
101,100,2,300,0.057871,0.106699,0.058012,0.100304,0.057391,0.10441
101,100,2,400,0.057953,0.106691,0.057612,0.097079,0.057056,0.105415
101,100,2,500,0.05813,0.105514,0.057641,0.096482,0.057272,0.105242
101,100,2,600,0.058867,0.105476,0.057977,0.097995,0.057075,0.104783
101,100,2,700,0.058758,0.105667,0.057876,0.096868,0.060487,0.106194
101,100,2,800,0.057953,0.105654,0.059381,0.096901,0.056801,0.1046
101,100,2,900,0.057843,0.106477,0.058578,0.09727,0.05778,0.104873
101,100,2,1000,0.057862,0.106293,0.058138,0.097714,0.057033,0.106355
101,100,2,1100,0.058085,0.106705,0.057538,0.097892,0.056789,0.105811
101,100,2,1200,0.057848,0.106313,0.057698,0.098923,0.057008,0.105602
101,100,2,1300,0.05851,0.108619,0.057821,0.097031,0.056876,0.10537
101,100,2,1400,0.057214,0.104989,0.057633,0.097686,0.061611,0.109254
1,100,2,100,0.002783,0.000216,0.002741,0.000108,0.002518,0.000193
1,100,2,200,0.002647,0.000251,0.002855,0.000142,0.002924,0.00037
1,100,2,300,0.003249,0.000314,0.00267,0.000135,0.002555,0.000326
1,100,2,400,0.002649,0.000355,0.002563,0.000132,0.003538,0.000562
1,100,2,500,0.002715,0.00045,0.002534,0.000111,0.002524,0.000434
1,100,2,600,0.003516,0.000485,0.003263,0.000176,0.002717,0.00052
1,100,2,700,0.002707,0.000459,0.002597,0.000102,0.003809,0.000921
1,100,2,800,0.003507,0.000559,0.002506,0.00013,0.002537,0.000543
1,100,2,900,0.002624,0.000893,0.003242,0.000127,0.002592,0.000735
1,100,2,1000,0.002732,0.000566,0.002567,0.000102,0.002708,0.00136
1,100,2,1100,0.003337,0.000802,0.002556,0.000124,0.002666,0.000653
1,100,2,1200,0.002615,0.000631,0.003554,0.00022,0.002842,0.000778
1,100,2,1300,0.002644,0.000702,0.002555,0.000111,0.002642,0.000862
1,100,2,1400,0.003981,0.000772,0.002617,0.00015,0.002631,0.000737
11,100,2,100,0.007278,0.002812,0.009731,0.00247,0.007494,0.002854
11,100,2,200,0.006388,0.002815,0.009697,0.00247,0.007427,0.002704
11,100,2,300,0.007568,0.00278,0.009691,0.002583,0.006915,0.00294
11,100,2,400,0.007693,0.003447,0.009352,0.002677,0.006783,0.002959
11,100,2,500,0.007709,0.003434,0.009826,0.002438,0.007528,0.003348
11,100,2,600,0.007358,0.003606,0.010052,0.002529,0.00686,0.00365
11,100,2,700,0.007868,0.004343,0.009381,0.002831,0.006762,0.003331
11,100,2,800,0.00758,0.00362,0.009953,0.002422,0.00707,0.003568
11,100,2,900,0.007736,0.003398,0.010535,0.002481,0.00718,0.003962
11,100,2,1000,0.007712,0.004358,0.009941,0.003694,0.006724,0.003476
11,100,2,1100,0.008315,0.003557,0.010224,0.003641,0.007622,0.003758
11,100,2,1200,0.007218,0.0042,0.010187,0.002433,0.007622,0.003817
11,100,2,1300,0.007881,0.00412,0.009807,0.002595,0.007031,0.003943
11,100,2,1400,0.007986,0.00384,0.009751,0.002706,0.006601,0.004865
21,100,2,100,0.028066,0.021008,0.013809,0.007843,0.028641,0.022727
21,100,2,200,0.029113,0.021608,0.013524,0.009237,0.027418,0.022195
21,100,2,300,0.030538,0.021438,0.014273,0.007903,0.02939,0.021659
21,100,2,400,0.030488,0.023354,0.013888,0.009027,0.029387,0.022407
21,100,2,500,0.031698,0.021414,0.013853,0.00789,0.029723,0.021692
21,100,2,600,0.031632,0.021564,0.014088,0.007736,0.029144,0.023364
21,100,2,700,0.031834,0.022213,0.013482,0.008313,0.030258,0.021953
21,100,2,800,0.03081,0.022167,0.014279,0.007364,0.029912,0.022749
21,100,2,900,0.032778,0.02264,0.014588,0.007944,0.029267,0.025464
21,100,2,1000,0.031585,0.023561,0.013844,0.008667,0.028962,0.023958
21,100,2,1100,0.031914,0.023948,0.013583,0.00876,0.027829,0.024889
21,100,2,1200,0.031173,0.023452,0.014342,0.007611,0.029854,0.024301
21,100,2,1300,0.031419,0.023516,0.014024,0.007769,0.028696,0.024263
21,100,2,1400,0.031788,0.023559,0.014503,0.007358,0.028641,0.023925
31,100,2,100,0.015806,0.017982,0.018834,0.01589,0.014908,0.018864
31,100,2,200,0.016377,0.018326,0.018543,0.015845,0.015143,0.018714
31,100,2,300,0.015367,0.018938,0.018675,0.016793,0.015139,0.017744
31,100,2,400,0.016167,0.017723,0.018622,0.016421,0.014722,0.018875
31,100,2,500,0.016653,0.017061,0.01849,0.016387,0.015678,0.017629
31,100,2,600,0.016385,0.01755,0.018847,0.016981,0.016548,0.018533
31,100,2,700,0.016691,0.018018,0.019146,0.017017,0.015321,0.017488
31,100,2,800,0.016572,0.018485,0.018793,0.015738,0.015099,0.018724
31,100,2,900,0.016332,0.018991,0.018603,0.017245,0.01524,0.018985
31,100,2,1000,0.016476,0.019052,0.018266,0.016194,0.015147,0.019907
31,100,2,1100,0.015828,0.019933,0.01848,0.016546,0.015209,0.019612
31,100,2,1200,0.016117,0.019541,0.018313,0.016407,0.01565,0.018984
31,100,2,1300,0.017099,0.019554,0.018578,0.016084,0.015572,0.019858
31,100,2,1400,0.016192,0.019275,0.018037,0.017901,0.015004,0.021706
41,100,2,100,0.055664,0.077032,0.025637,0.030258,0.061633,0.079427
41,100,2,200,0.055194,0.0782,0.024809,0.02921,0.055284,0.077203
41,100,2,300,0.055297,0.080925,0.025478,0.030442,0.055983,0.077201
41,100,2,400,0.056467,0.082638,0.025366,0.029846,0.055694,0.076818
41,100,2,500,0.057785,0.078764,0.026035,0.030494,0.055738,0.077192
41,100,2,600,0.056286,0.077747,0.024437,0.028981,0.054602,0.076829
41,100,2,700,0.058101,0.079207,0.024554,0.029368,0.054333,0.076386
41,100,2,800,0.059174,0.079276,0.025666,0.029152,0.054083,0.078876
41,100,2,900,0.057627,0.080038,0.025376,0.029001,0.054743,0.08007
41,100,2,1000,0.058217,0.078764,0.025112,0.028707,0.054034,0.080605
41,100,2,1100,0.057153,0.079628,0.025233,0.02804,0.054618,0.081388
41,100,2,1200,0.056718,0.080656,0.027024,0.029518,0.054153,0.080314
41,100,2,1300,0.056258,0.081146,0.024678,0.028416,0.055144,0.078442
41,100,2,1400,0.058675,0.080013,0.025267,0.029286,0.056141,0.084952
51,100,2,100,0.074267,0.115625,0.033441,0.043248,0.072299,0.112555
51,100,2,200,0.074335,0.117348,0.031698,0.044311,0.073585,0.116181
51,100,2,300,0.076003,0.116273,0.03166,0.0432,0.073107,0.111829
51,100,2,400,0.074862,0.116413,0.032915,0.042971,0.073364,0.112949
51,100,2,500,0.076135,0.114648,0.032633,0.042558,0.072682,0.113055
51,100,2,600,0.075183,0.114787,0.0327,0.042004,0.072866,0.113955
51,100,2,700,0.074818,0.113555,0.031725,0.04289,0.072055,0.11739
51,100,2,800,0.076947,0.11977,0.032876,0.043702,0.072577,0.119381
51,100,2,900,0.076865,0.124439,0.031685,0.042087,0.073025,0.110944
51,100,2,1000,0.076697,0.115744,0.032758,0.042591,0.072281,0.115467
51,100,2,1100,0.075368,0.117246,0.032167,0.042478,0.07265,0.115179
51,100,2,1200,0.075438,0.117662,0.032841,0.043867,0.07222,0.115593
51,100,2,1300,0.076073,0.11897,0.03236,0.042364,0.072768,0.116844
51,100,2,1400,0.077384,0.118308,0.031931,0.042964,0.073831,0.115784
61,100,2,100,0.040762,0.064469,0.041164,0.059426,0.038106,0.063642
61,100,2,200,0.041467,0.06463,0.04191,0.059865,0.038381,0.063533
61,100,2,300,0.039506,0.063912,0.042002,0.060824,0.038,0.064436
61,100,2,400,0.039255,0.065934,0.042587,0.060233,0.03777,0.06432
61,100,2,500,0.040432,0.06545,0.041924,0.060904,0.037829,0.063995
61,100,2,600,0.039622,0.064568,0.040695,0.060424,0.037815,0.064173
61,100,2,700,0.039643,0.065301,0.041798,0.060476,0.039304,0.064774
61,100,2,800,0.041181,0.064289,0.041399,0.060807,0.038108,0.065737
61,100,2,900,0.038815,0.065671,0.041145,0.059712,0.038204,0.063838
61,100,2,1000,0.03939,0.065041,0.040664,0.060591,0.038411,0.064066
61,100,2,1100,0.039616,0.066463,0.040571,0.060052,0.038506,0.065091
61,100,2,1200,0.039195,0.065568,0.040656,0.059156,0.038317,0.064961
61,100,2,1300,0.038888,0.065283,0.041154,0.059783,0.038653,0.065255
61,100,2,1400,0.039946,0.067133,0.041177,0.059619,0.038528,0.06444
71,100,2,100,0.049786,0.08571,0.051629,0.078277,0.048775,0.084198
71,100,2,200,0.049397,0.085224,0.051804,0.079413,0.048931,0.084377
71,100,2,300,0.049318,0.084653,0.051602,0.079985,0.048581,0.086208
71,100,2,400,0.049368,0.084909,0.05185,0.078717,0.049264,0.085491
71,100,2,500,0.049698,0.084554,0.051588,0.078337,0.049421,0.084609
71,100,2,600,0.049707,0.084889,0.051828,0.079006,0.048601,0.084565
71,100,2,700,0.049298,0.085063,0.052915,0.078452,0.048353,0.084237
71,100,2,800,0.049396,0.085226,0.051742,0.078786,0.048308,0.08547
71,100,2,900,0.049621,0.085579,0.051794,0.078295,0.048849,0.084866
71,100,2,1000,0.049045,0.087021,0.05261,0.078982,0.048634,0.086237
71,100,2,1100,0.049606,0.085727,0.053726,0.078535,0.04988,0.084984
71,100,2,1200,0.049581,0.085351,0.052267,0.07927,0.048865,0.085755
71,100,2,1300,0.049992,0.085402,0.052515,0.078376,0.048527,0.091045
71,100,2,1400,0.049243,0.086752,0.052111,0.078561,0.05014,0.08769
81,100,2,100,0.060138,0.108054,0.063778,0.101281,0.06008,0.108803
81,100,2,200,0.060387,0.108253,0.064205,0.101763,0.060139,0.108271
81,100,2,300,0.061726,0.110619,0.063744,0.101205,0.060967,0.109414
81,100,2,400,0.061683,0.108834,0.06472,0.10219,0.060161,0.109343
81,100,2,500,0.060792,0.110167,0.063759,0.102078,0.061051,0.108219
81,100,2,600,0.063127,0.108342,0.064349,0.101405,0.060348,0.108384
81,100,2,700,0.062046,0.110272,0.063837,0.102574,0.061443,0.108779
81,100,2,800,0.060341,0.109596,0.064925,0.100865,0.06024,0.10964
81,100,2,900,0.062926,0.109565,0.066243,0.10293,0.060007,0.108873
81,100,2,1000,0.062112,0.109655,0.064297,0.100897,0.060864,0.10877
81,100,2,1100,0.06133,0.108942,0.064733,0.101454,0.060648,0.108233
81,100,2,1200,0.063612,0.110656,0.064555,0.101557,0.060783,0.110529
81,100,2,1300,0.061564,0.108354,0.06333,0.10071,0.061432,0.109127
81,100,2,1400,0.061112,0.110885,0.064401,0.101912,0.060429,0.109535
91,100,2,100,0.073397,0.136538,0.07537,0.126447,0.072533,0.134541
91,100,2,200,0.07338,0.134032,0.075535,0.125888,0.072171,0.13365
91,100,2,300,0.073805,0.135349,0.075349,0.125887,0.073654,0.134472
91,100,2,400,0.074832,0.135925,0.075487,0.126195,0.072341,0.135575
91,100,2,500,0.073857,0.136806,0.075803,0.127647,0.072636,0.135389
91,100,2,600,0.073909,0.137029,0.075501,0.126223,0.073258,0.13453
91,100,2,700,0.084844,0.135517,0.076675,0.126522,0.072708,0.137296
91,100,2,800,0.074376,0.137982,0.076449,0.125754,0.072926,0.135517
91,100,2,900,0.075157,0.138274,0.07605,0.125035,0.073891,0.135695
91,100,2,1000,0.074417,0.136369,0.075731,0.125666,0.073238,0.136235
91,100,2,1100,0.074234,0.138909,0.075945,0.126364,0.072791,0.136294
91,100,2,1200,0.074348,0.137208,0.07606,0.126843,0.073414,0.13609
91,100,2,1300,0.074865,0.137528,0.07588,0.125728,0.073583,0.138231
91,100,2,1400,0.074378,0.137019,0.075728,0.126003,0.073727,0.13504
101,100,2,100,0.087375,0.164966,0.090741,0.154758,0.086825,0.163467
101,100,2,200,0.08811,0.16486,0.092191,0.152456,0.086465,0.16381
101,100,2,300,0.08817,0.165731,0.089454,0.154097,0.095824,0.163414
101,100,2,400,0.088157,0.165276,0.089968,0.152913,0.087102,0.163531
101,100,2,500,0.089817,0.165306,0.089938,0.153802,0.086218,0.163986
101,100,2,600,0.088572,0.166276,0.090107,0.153012,0.086177,0.164574
101,100,2,700,0.087925,0.168448,0.089256,0.153385,0.087259,0.168486
101,100,2,800,0.087922,0.165664,0.090188,0.152738,0.086769,0.164537
101,100,2,900,0.089294,0.166184,0.092595,0.154683,0.087223,0.164435
101,100,2,1000,0.087584,0.16492,0.089107,0.154405,0.087682,0.165591
101,100,2,1100,0.088519,0.166322,0.089401,0.153636,0.087865,0.163958
101,100,2,1200,0.088176,0.165041,0.089934,0.154729,0.087993,0.165887
101,100,2,1300,0.088695,0.165405,0.089437,0.153101,0.086687,0.165543
101,100,2,1400,0.088102,0.164774,0.089466,0.152629,0.086548,0.165603
1,100,2,100,0.004122,0.000383,0.0049,0.000222,0.004465,0.000465
1,100,2,200,0.004128,0.000381,0.005421,0.000206,0.00406,0.000453
1,100,2,300,0.004457,0.000383,0.006221,0.000322,0.004643,0.000429
1,100,2,400,0.003844,0.000491,0.006189,0.000253,0.004625,0.000712
1,100,2,500,0.004456,0.000542,0.0066,0.000328,0.0047,0.000658
1,100,2,600,0.007097,0.000881,0.005018,0.000249,0.004387,0.000744
1,100,2,700,0.005631,0.001001,0.004759,0.000179,0.004458,0.000751
1,100,2,800,0.005658,0.000778,0.004809,0.000162,0.00439,0.000794
1,100,2,900,0.004745,0.000823,0.004645,0.00017,0.004435,0.000814
1,100,2,1000,0.004679,0.000872,0.004646,0.000206,0.004452,0.000901
1,100,2,1100,0.004683,0.000873,0.004694,0.000236,0.0044,0.000991
1,100,2,1200,0.004758,0.000979,0.004631,0.000185,0.004613,0.000991
1,100,2,1300,0.004375,0.000938,0.004598,0.000222,0.004447,0.001073
1,100,2,1400,0.004639,0.001011,0.004675,0.000177,0.004494,0.001115
11,100,2,100,0.005238,0.001945,0.0053,0.00153,0.005532,0.001749
11,100,2,200,0.005276,0.002293,0.005439,0.001605,0.005461,0.001852
11,100,2,300,0.00452,0.001845,0.006396,0.001612,0.004406,0.001838
11,100,2,400,0.00578,0.002168,0.005223,0.001487,0.005218,0.001867
11,100,2,500,0.004871,0.002275,0.005736,0.001529,0.004794,0.002313
11,100,2,600,0.004887,0.002022,0.006657,0.001627,0.004411,0.001996
11,100,2,700,0.005249,0.002168,0.005095,0.001531,0.005386,0.002149
11,100,2,800,0.00437,0.003196,0.005398,0.001531,0.005087,0.002245
11,100,2,900,0.004946,0.002076,0.006009,0.001631,0.004359,0.002094
11,100,2,1000,0.005543,0.002306,0.005238,0.002191,0.004879,0.002225
11,100,2,1100,0.004973,0.002721,0.00537,0.001526,0.005228,0.002319
11,100,2,1200,0.005028,0.002169,0.005986,0.001789,0.004657,0.002681
11,100,2,1300,0.005121,0.002197,0.005783,0.001748,0.005083,0.002252
11,100,2,1400,0.005428,0.002361,0.005158,0.001529,0.005092,0.00286
21,100,2,100,0.006948,0.005075,0.007426,0.004868,0.007314,0.005804
21,100,2,200,0.007977,0.006064,0.00805,0.005351,0.007885,0.005357
21,100,2,300,0.007785,0.005308,0.007514,0.004815,0.007054,0.005909
21,100,2,400,0.007949,0.006051,0.007901,0.005108,0.007939,0.005648
21,100,2,500,0.007205,0.005547,0.007411,0.005316,0.007045,0.006242
21,100,2,600,0.007567,0.006966,0.008188,0.005146,0.007364,0.005828
21,100,2,700,0.006849,0.00632,0.008401,0.004987,0.008029,0.006652
21,100,2,800,0.008018,0.006046,0.007611,0.004632,0.006674,0.006766
21,100,2,900,0.007702,0.008384,0.008378,0.004941,0.00738,0.006132
21,100,2,1000,0.006897,0.006752,0.008066,0.004896,0.007229,0.007405
21,100,2,1100,0.008702,0.007253,0.007745,0.004621,0.006576,0.007432
21,100,2,1200,0.007803,0.007564,0.007994,0.005281,0.007782,0.006652
21,100,2,1300,0.007158,0.007558,0.007724,0.005119,0.00732,0.007561
21,100,2,1400,0.008069,0.007039,0.008026,0.004609,0.006663,0.007259
31,100,2,100,0.012103,0.010856,0.011044,0.010271,0.010197,0.010604
31,100,2,200,0.011435,0.011237,0.010821,0.010891,0.00977,0.012586
31,100,2,300,0.010781,0.012233,0.01062,0.011401,0.016646,0.015651
31,100,2,400,0.012633,0.011945,0.010617,0.009486,0.009635,0.012344
31,100,2,500,0.010977,0.012675,0.010469,0.011132,0.011029,0.012083
31,100,2,600,0.011436,0.011912,0.011711,0.009558,0.010572,0.012115
31,100,2,700,0.010715,0.011559,0.010748,0.01098,0.009824,0.013505
31,100,2,800,0.012949,0.013833,0.010738,0.009975,0.009744,0.012668
31,100,2,900,0.010254,0.012976,0.011203,0.010652,0.009906,0.013069
31,100,2,1000,0.011834,0.012213,0.010966,0.009598,0.009928,0.013118
31,100,2,1100,0.010506,0.013957,0.011122,0.011224,0.009751,0.014308
31,100,2,1200,0.011226,0.012602,0.010784,0.011023,0.010087,0.014163
31,100,2,1300,0.01008,0.014067,0.011918,0.010175,0.010541,0.013249
31,100,2,1400,0.01021,0.012594,0.010745,0.010547,0.009816,0.013916
41,100,2,100,0.01439,0.019849,0.01519,0.017759,0.014555,0.020621
41,100,2,200,0.015297,0.020367,0.015271,0.019146,0.015192,0.021514
41,100,2,300,0.014922,0.019918,0.01519,0.018479,0.014917,0.020887
41,100,2,400,0.015267,0.020679,0.015511,0.01794,0.01457,0.021522
41,100,2,500,0.015417,0.021433,0.016462,0.018514,0.015239,0.022274
41,100,2,600,0.015189,0.020479,0.015666,0.019626,0.01552,0.021204
41,100,2,700,0.015309,0.021755,0.016019,0.018228,0.015254,0.022587
41,100,2,800,0.015446,0.021108,0.015798,0.018783,0.015617,0.021266
41,100,2,900,0.014806,0.022325,0.016022,0.018818,0.01526,0.022995
41,100,2,1000,0.01554,0.021497,0.015679,0.019042,0.015449,0.0231
41,100,2,1100,0.015072,0.022161,0.015453,0.017903,0.014967,0.023166
41,100,2,1200,0.015598,0.022225,0.015194,0.018518,0.015068,0.023205
41,100,2,1300,0.015339,0.022559,0.017039,0.018871,0.015621,0.02329
41,100,2,1400,0.015647,0.02172,0.016016,0.018647,0.016635,0.023281
51,100,2,100,0.020584,0.029686,0.022022,0.027931,0.020748,0.0305
51,100,2,200,0.021001,0.030432,0.022186,0.027634,0.019521,0.02937
51,100,2,300,0.020116,0.030378,0.02052,0.027696,0.019852,0.030005
51,100,2,400,0.019736,0.029971,0.021103,0.027127,0.019852,0.030962
51,100,2,500,0.019832,0.029584,0.020918,0.026911,0.02044,0.030208
51,100,2,600,0.020335,0.030245,0.020837,0.027736,0.020565,0.031387
51,100,2,700,0.021512,0.031279,0.021167,0.026982,0.020317,0.030406
51,100,2,800,0.020869,0.032298,0.020352,0.027449,0.019997,0.030341
51,100,2,900,0.019525,0.031578,0.020217,0.02738,0.019232,0.031208
51,100,2,1000,0.019767,0.03124,0.034394,0.041635,0.031099,0.042896
51,100,2,1100,0.022415,0.038921,0.024015,0.030784,0.02046,0.034705
51,100,2,1200,0.022191,0.034403,0.028358,0.03287,0.021113,0.033521
51,100,2,1300,0.02049,0.041542,0.027622,0.029666,0.021257,0.032983
51,100,2,1400,0.020749,0.033165,0.026358,0.04444,0.020569,0.034247
61,100,2,100,0.0342,0.069,0.029087,0.041111,0.027496,0.044938
61,100,2,200,0.041016,0.053175,0.028308,0.04067,0.026974,0.043573
61,100,2,300,0.027687,0.052835,0.029046,0.048158,0.030761,0.056625
61,100,2,400,0.026623,0.042581,0.028262,0.038688,0.026037,0.042028
61,100,2,500,0.02657,0.043817,0.027674,0.038228,0.025526,0.041961
61,100,2,600,0.026168,0.042604,0.0294,0.041779,0.02813,0.044445
61,100,2,700,0.028372,0.045587,0.028512,0.046,0.028748,0.052903
61,100,2,800,0.028042,0.049077,0.028762,0.043756,0.035943,0.0581
61,100,2,900,0.027062,0.052225,0.026656,0.038642,0.026426,0.043459
61,100,2,1000,0.026412,0.042799,0.027373,0.037951,0.026527,0.043054
61,100,2,1100,0.025931,0.043967,0.027797,0.038391,0.026531,0.043794
61,100,2,1200,0.026053,0.0452,0.027811,0.038739,0.025795,0.043837
61,100,2,1300,0.026262,0.044344,0.028525,0.039331,0.026468,0.042811
61,100,2,1400,0.026404,0.04348,0.027834,0.038838,0.026007,0.04363
71,100,2,100,0.034198,0.057784,0.033664,0.05097,0.032808,0.054854
71,100,2,200,0.033435,0.056285,0.03521,0.050862,0.032548,0.054414
71,100,2,300,0.033527,0.056179,0.035919,0.051404,0.034262,0.055756
71,100,2,400,0.033537,0.058989,0.034104,0.05144,0.032901,0.055607
71,100,2,500,0.03373,0.058404,0.03358,0.051365,0.032744,0.056108
71,100,2,600,0.033394,0.057618,0.034015,0.050529,0.032695,0.055667
71,100,2,700,0.032816,0.05638,0.033105,0.050471,0.033295,0.056406
71,100,2,800,0.032968,0.05754,0.033215,0.050872,0.032746,0.05713
71,100,2,900,0.033665,0.057559,0.033746,0.051037,0.032507,0.055472
71,100,2,1000,0.033483,0.056896,0.033973,0.051046,0.032411,0.056773
71,100,2,1100,0.033456,0.057575,0.033323,0.051009,0.033196,0.056854
71,100,2,1200,0.032805,0.057411,0.033332,0.050767,0.032612,0.055914
71,100,2,1300,0.034339,0.058371,0.033285,0.050584,0.032621,0.057348
71,100,2,1400,0.032447,0.058484,0.033577,0.050779,0.032963,0.056499
81,100,2,100,0.041899,0.070581,0.040958,0.064987,0.04054,0.068906
81,100,2,200,0.041149,0.069781,0.041011,0.065529,0.040239,0.069858
81,100,2,300,0.041168,0.069718,0.041064,0.065141,0.040844,0.07029
81,100,2,400,0.042434,0.069605,0.04076,0.066253,0.04073,0.069989
81,100,2,500,0.041197,0.069888,0.041122,0.064871,0.04011,0.070481
81,100,2,600,0.040935,0.070238,0.040931,0.064861,0.04055,0.070123
81,100,2,700,0.041008,0.070592,0.041155,0.065653,0.04084,0.070613
81,100,2,800,0.041264,0.071927,0.041042,0.065466,0.040609,0.072869
81,100,2,900,0.040789,0.071867,0.041356,0.06497,0.040572,0.072429
81,100,2,1000,0.04206,0.070828,0.040823,0.064758,0.042944,0.071044
81,100,2,1100,0.042027,0.070512,0.040758,0.064434,0.039899,0.071568
81,100,2,1200,0.041014,0.071975,0.040941,0.065651,0.040071,0.071077
81,100,2,1300,0.040485,0.07292,0.040784,0.06552,0.040219,0.071853
81,100,2,1400,0.041002,0.079788,0.041127,0.064505,0.040082,0.071912
91,100,2,100,0.051336,0.087668,0.049776,0.079253,0.049341,0.086074
91,100,2,200,0.04966,0.0882,0.049411,0.080174,0.048726,0.087318
91,100,2,300,0.050338,0.087017,0.049549,0.080023,0.048607,0.08598
91,100,2,400,0.049929,0.086647,0.049453,0.079785,0.048614,0.091088
91,100,2,500,0.049439,0.086852,0.049332,0.080664,0.048327,0.087331
91,100,2,600,0.049495,0.08836,0.050171,0.07929,0.049085,0.087655
91,100,2,700,0.050573,0.08923,0.049501,0.081405,0.049482,0.08674
91,100,2,800,0.049891,0.090318,0.049353,0.080223,0.048463,0.089518
91,100,2,900,0.049746,0.088683,0.049818,0.080063,0.048724,0.088548
91,100,2,1000,0.049356,0.089697,0.049057,0.080647,0.048654,0.088631
91,100,2,1100,0.049868,0.089039,0.049567,0.080194,0.048578,0.08777
91,100,2,1200,0.049357,0.089051,0.049755,0.079809,0.04832,0.088628
91,100,2,1300,0.049448,0.089405,0.049621,0.080245,0.049017,0.108154
91,100,2,1400,0.062202,0.097994,0.049669,0.081834,0.048604,0.089059
101,100,2,100,0.059564,0.106882,0.058629,0.097771,0.05779,0.105378
101,100,2,200,0.058634,0.107043,0.059669,0.097623,0.058449,0.105682
101,100,2,300,0.058622,0.106573,0.059202,0.098442,0.058241,0.106082
101,100,2,400,0.05933,0.108734,0.059007,0.098129,0.058451,0.108741
101,100,2,500,0.06008,0.107362,0.059016,0.098979,0.057924,0.105305
101,100,2,600,0.059344,0.108852,0.058998,0.097874,0.05851,0.107322
101,100,2,700,0.058327,0.107416,0.059153,0.098047,0.057807,0.105914
101,100,2,800,0.058936,0.107647,0.058637,0.097909,0.058322,0.106632
101,100,2,900,0.058106,0.108444,0.058919,0.097931,0.057877,0.107139
101,100,2,1000,0.057782,0.108946,0.059351,0.096858,0.057918,0.10655
101,100,2,1100,0.058887,0.108352,0.058667,0.097935,0.058459,0.106726
101,100,2,1200,0.058785,0.108085,0.059815,0.098423,0.057707,0.108711
101,100,2,1300,0.058589,0.109028,0.05888,0.098256,0.057948,0.107688
101,100,2,1400,0.061604,0.110229,0.059226,0.0988,0.057353,0.107191
1,100,2,100,0.002538,0.000208,0.002903,0.000103,0.002171,0.00019
1,100,2,200,0.002265,0.000214,0.003361,0.000151,0.003657,0.000375
1,100,2,300,0.002421,0.00035,0.002886,0.000102,0.002174,0.00029
1,100,2,400,0.002283,0.0003,0.004354,0.000184,0.002392,0.000342
1,100,2,500,0.002225,0.000344,0.002888,0.000102,0.002221,0.000421
1,100,2,600,0.003063,0.000845,0.003254,0.000102,0.002176,0.000459
1,100,2,700,0.002214,0.000437,0.002922,0.000101,0.002998,0.000699
1,100,2,800,0.003647,0.000812,0.003154,0.000124,0.002215,0.000625
1,100,2,900,0.002309,0.000571,0.004323,0.000123,0.002376,0.000682
1,100,2,1000,0.002254,0.000623,0.002859,0.00011,0.002251,0.001176
1,100,2,1100,0.003155,0.000768,0.002998,0.000112,0.00221,0.000834
1,100,2,1200,0.002292,0.000663,0.004146,0.000131,0.002522,0.000849
1,100,2,1300,0.002344,0.000701,0.002891,0.000119,0.002158,0.000801
1,100,2,1400,0.003071,0.001331,0.003067,0.000166,0.002333,0.000884
11,100,2,100,0.003527,0.001994,0.004373,0.001508,0.00355,0.001632
11,100,2,200,0.005068,0.001761,0.004083,0.001496,0.004165,0.001681
11,100,2,300,0.003616,0.001845,0.00487,0.001942,0.003458,0.001773
11,100,2,400,0.004068,0.002485,0.004073,0.001568,0.004039,0.002738
11,100,2,500,0.003508,0.001786,0.00472,0.001901,0.003577,0.001882
11,100,2,600,0.004701,0.002115,0.004076,0.001566,0.003898,0.002689
11,100,2,700,0.003796,0.001985,0.00437,0.002248,0.003504,0.002081
11,100,2,800,0.003816,0.003268,0.004129,0.001508,0.00382,0.002941
11,100,2,900,0.003478,0.00197,0.004419,0.002128,0.003465,0.002208
11,100,2,1000,0.004433,0.003004,0.004052,0.001574,0.004507,0.003159
11,100,2,1100,0.003528,0.002089,0.004678,0.001669,0.003472,0.002174
11,100,2,1200,0.004298,0.0026,0.004072,0.001488,0.00424,0.00269
11,100,2,1300,0.003535,0.002221,0.004794,0.001607,0.003502,0.002311
11,100,2,1400,0.003937,0.00289,0.004117,0.001489,0.003889,0.002996
21,100,2,100,0.010123,0.008399,0.01068,0.008468,0.010021,0.007979
21,100,2,200,0.009949,0.008284,0.012318,0.007186,0.009017,0.009208
21,100,2,300,0.010698,0.008459,0.01187,0.008252,0.010694,0.008409
21,100,2,400,0.009984,0.009393,0.012245,0.00898,0.009643,0.009569
21,100,2,500,0.010326,0.00847,0.011072,0.009224,0.01031,0.008778
21,100,2,600,0.010294,0.009029,0.011135,0.008771,0.009521,0.008655
21,100,2,700,0.009805,0.008912,0.011277,0.007871,0.009595,0.009898
21,100,2,800,0.009947,0.009321,0.011049,0.009121,0.010012,0.009137
21,100,2,900,0.010146,0.009548,0.011776,0.008005,0.010384,0.009874
21,100,2,1000,0.009856,0.009155,0.011151,0.008988,0.009858,0.009306
21,100,2,1100,0.010035,0.009203,0.012051,0.009158,0.010404,0.009464
21,100,2,1200,0.009901,0.010323,0.012762,0.009109,0.009703,0.010104
21,100,2,1300,0.009419,0.010942,0.011975,0.008684,0.010662,0.009717
21,100,2,1400,0.009623,0.010296,0.012435,0.007668,0.009445,0.010403
31,100,2,100,0.009135,0.011889,0.009664,0.011979,0.009223,0.012195
31,100,2,200,0.00977,0.012494,0.00991,0.010027,0.009099,0.011776
31,100,2,300,0.009428,0.013705,0.010178,0.011519,0.010872,0.010961
31,100,2,400,0.010667,0.011692,0.009954,0.009599,0.009968,0.011726
31,100,2,500,0.009535,0.011972,0.010632,0.011133,0.009537,0.011761
31,100,2,600,0.011889,0.012124,0.009504,0.011408,0.009215,0.012076
31,100,2,700,0.009472,0.011722,0.010608,0.010849,0.00905,0.012063
31,100,2,800,0.010472,0.012643,0.011336,0.010162,0.010572,0.011078
31,100,2,900,0.010994,0.011714,0.010291,0.009929,0.009947,0.011438
31,100,2,1000,0.010675,0.012386,0.009597,0.011323,0.009572,0.013204
31,100,2,1100,0.009235,0.012406,0.011027,0.01029,0.009443,0.01283
31,100,2,1200,0.01112,0.011129,0.011099,0.010403,0.009676,0.011185
31,100,2,1300,0.010248,0.01171,0.009466,0.010958,0.009149,0.012696
31,100,2,1400,0.010661,0.013286,0.009586,0.011053,0.009583,0.012939
41,100,2,100,0.020809,0.031517,0.022758,0.029397,0.021441,0.031358
41,100,2,200,0.021181,0.033613,0.025018,0.02886,0.020926,0.03294
41,100,2,300,0.021026,0.032146,0.023372,0.029114,0.020902,0.030897
41,100,2,400,0.021205,0.031377,0.024014,0.028247,0.020784,0.031788
41,100,2,500,0.02101,0.03096,0.024307,0.029392,0.020867,0.032156
41,100,2,600,0.023428,0.032442,0.023896,0.032016,0.024022,0.031229
41,100,2,700,0.020606,0.032502,0.023611,0.02875,0.020992,0.038432
41,100,2,800,0.020634,0.032072,0.023593,0.030511,0.02127,0.031627
41,100,2,900,0.021056,0.033263,0.023428,0.029806,0.021583,0.031882
41,100,2,1000,0.020767,0.032548,0.023711,0.029416,0.021154,0.033027
41,100,2,1100,0.021284,0.033155,0.022919,0.031081,0.022149,0.033547
41,100,2,1200,0.021495,0.034934,0.0243,0.030419,0.022365,0.03419
41,100,2,1300,0.022303,0.033489,0.024404,0.030314,0.021457,0.03215
41,100,2,1400,0.020847,0.032579,0.023163,0.029304,0.021233,0.03242
51,100,2,100,0.029209,0.046542,0.029877,0.043219,0.028213,0.049284
51,100,2,200,0.028448,0.047364,0.029691,0.043587,0.028672,0.046163
51,100,2,300,0.02893,0.04584,0.029693,0.04205,0.028455,0.045747
51,100,2,400,0.029764,0.046358,0.03091,0.043798,0.029071,0.048545
51,100,2,500,0.029322,0.047282,0.030621,0.044688,0.028286,0.046099
51,100,2,600,0.028545,0.04773,0.029851,0.043731,0.028415,0.046092
51,100,2,700,0.028912,0.045198,0.030239,0.041967,0.028414,0.047147
51,100,2,800,0.028204,0.045883,0.029777,0.041946,0.028849,0.046785
51,100,2,900,0.028458,0.046447,0.029545,0.043825,0.028681,0.048396
51,100,2,1000,0.039632,0.054359,0.03013,0.044249,0.029947,0.046596
51,100,2,1100,0.028438,0.047647,0.029806,0.044127,0.028362,0.048732
51,100,2,1200,0.029594,0.047895,0.029586,0.043838,0.029475,0.048133
51,100,2,1300,0.029239,0.047424,0.030239,0.042795,0.028412,0.049453
51,100,2,1400,0.028771,0.046365,0.029717,0.042981,0.028263,0.047435
61,100,2,100,0.038136,0.063639,0.039464,0.059278,0.037117,0.063899
61,100,2,200,0.038124,0.064409,0.039208,0.060307,0.037156,0.0652
61,100,2,300,0.037412,0.063602,0.03921,0.060341,0.037221,0.064679
61,100,2,400,0.037092,0.065016,0.039208,0.059708,0.037809,0.06899
61,100,2,500,0.03837,0.065265,0.039021,0.060226,0.037142,0.065193
61,100,2,600,0.0371,0.06434,0.038734,0.060205,0.037111,0.065216
61,100,2,700,0.037515,0.065674,0.038697,0.059915,0.03691,0.065731
61,100,2,800,0.037052,0.064799,0.038834,0.061371,0.037228,0.065802
61,100,2,900,0.037814,0.06398,0.039487,0.06062,0.037179,0.064402
61,100,2,1000,0.037362,0.063952,0.038841,0.058944,0.03765,0.065934
61,100,2,1100,0.037265,0.066487,0.039044,0.060123,0.037569,0.064207
61,100,2,1200,0.0373,0.066563,0.039267,0.059139,0.037699,0.063924
61,100,2,1300,0.03732,0.066036,0.039259,0.060505,0.037683,0.065848
61,100,2,1400,0.037427,0.065141,0.03865,0.059558,0.037134,0.064588
71,100,2,100,0.049171,0.084663,0.04853,0.07897,0.047208,0.083396
71,100,2,200,0.047233,0.085004,0.050973,0.081008,0.047815,0.084908
71,100,2,300,0.047338,0.085083,0.050779,0.078218,0.04771,0.083925
71,100,2,400,0.047606,0.084979,0.049854,0.07767,0.047671,0.084035
71,100,2,500,0.047876,0.086806,0.049774,0.079629,0.047413,0.085796
71,100,2,600,0.048415,0.086573,0.050101,0.07903,0.046932,0.084914
71,100,2,700,0.048598,0.084697,0.051776,0.07969,0.047541,0.085533
71,100,2,800,0.050634,0.084763,0.050203,0.079789,0.047724,0.08507
71,100,2,900,0.047786,0.086057,0.05067,0.079741,0.047397,0.085501
71,100,2,1000,0.048464,0.086344,0.050059,0.079387,0.047333,0.086097
71,100,2,1100,0.048197,0.084278,0.04967,0.08071,0.048019,0.086756
71,100,2,1200,0.048723,0.086192,0.050353,0.079715,0.04781,0.086646
71,100,2,1300,0.047734,0.085778,0.049858,0.078412,0.047464,0.084825
71,100,2,1400,0.048469,0.085339,0.050248,0.078708,0.047597,0.085416
81,100,2,100,0.0607,0.10816,0.061944,0.101271,0.058734,0.107151
81,100,2,200,0.059964,0.107158,0.061372,0.101069,0.059871,0.115219
81,100,2,300,0.06048,0.108366,0.061342,0.100653,0.05908,0.108459
81,100,2,400,0.059258,0.109634,0.061148,0.100562,0.05902,0.107943
81,100,2,500,0.080909,0.157639,0.078966,0.127199,0.063722,0.115483
81,100,2,600,0.07344,0.127069,0.099695,0.130994,0.063857,0.129413
81,100,2,700,0.085873,0.127266,0.076193,0.130354,0.06014,0.112399
81,100,2,800,0.061684,0.110839,0.064489,0.113486,0.067973,0.136793
81,100,2,900,0.073898,0.123268,0.064867,0.114018,0.060783,0.111053
81,100,2,1000,0.061852,0.111781,0.062563,0.105162,0.060135,0.111234
81,100,2,1100,0.061085,0.110047,0.061963,0.103308,0.060179,0.112154
81,100,2,1200,0.061206,0.111967,0.062682,0.103895,0.060284,0.110968
81,100,2,1300,0.061503,0.114145,0.062184,0.103779,0.06138,0.112012
81,100,2,1400,0.062043,0.111716,0.063025,0.103444,0.060344,0.110892
91,100,2,100,0.073757,0.135378,0.074554,0.129845,0.073495,0.135264
91,100,2,200,0.073741,0.137625,0.074428,0.128023,0.07265,0.135365
91,100,2,300,0.074343,0.136402,0.073842,0.127164,0.073346,0.135455
91,100,2,400,0.073342,0.135639,0.074692,0.126988,0.073483,0.135453
91,100,2,500,0.073204,0.136866,0.07396,0.127262,0.073452,0.13497
91,100,2,600,0.096242,0.175688,0.077007,0.146187,0.109426,0.212245
91,100,2,700,0.129412,0.201956,0.113383,0.17765,0.074068,0.13729
91,100,2,800,0.073515,0.136238,0.075348,0.12709,0.074046,0.136273
91,100,2,900,0.073554,0.137916,0.073969,0.12634,0.073071,0.135311
91,100,2,1000,0.07309,0.137278,0.073819,0.127535,0.072486,0.135649
91,100,2,1100,0.073866,0.136503,0.075237,0.126422,0.074018,0.136321
91,100,2,1200,0.073104,0.136666,0.074403,0.125336,0.072633,0.136403
91,100,2,1300,0.073449,0.139121,0.073549,0.127536,0.072654,0.144921
91,100,2,1400,0.08974,0.150009,0.076948,0.137851,0.073831,0.136872
101,100,2,100,0.088873,0.16697,0.088906,0.154364,0.087518,0.164521
101,100,2,200,0.087294,0.167312,0.088245,0.152801,0.086836,0.16706
101,100,2,300,0.088265,0.166079,0.089745,0.153662,0.087451,0.176322
101,100,2,400,0.08753,0.169905,0.090567,0.164873,0.087783,0.166388
101,100,2,500,0.089309,0.167539,0.088903,0.155462,0.086935,0.164229
101,100,2,600,0.087621,0.166416,0.088534,0.156995,0.087102,0.165745
101,100,2,700,0.088296,0.165765,0.090279,0.154203,0.086812,0.165077
101,100,2,800,0.087379,0.166365,0.087623,0.173472,0.086459,0.164495
101,100,2,900,0.0874,0.165693,0.088,0.153955,0.088414,0.166292
101,100,2,1000,0.087661,0.165271,0.089038,0.153324,0.086733,0.164726
101,100,2,1100,0.087183,0.165312,0.087909,0.152122,0.085946,0.1642
101,100,2,1200,0.086446,0.164856,0.087437,0.153456,0.086144,0.165697
101,100,2,1300,0.086814,0.166603,0.087978,0.154202,0.086224,0.167144
101,100,2,1400,0.088102,0.166114,0.088357,0.154438,0.089562,0.173519
1,100,2,100,0.00285,0.000245,0.00252,0.000106,0.002609,0.000194
1,100,2,200,0.002762,0.000239,0.003295,0.000192,0.002671,0.000301
1,100,2,300,0.003215,0.000346,0.00333,0.000151,0.002655,0.000385
1,100,2,400,0.002503,0.000392,0.002469,0.000102,0.002515,0.000473
1,100,2,500,0.003946,0.000622,0.002635,0.000107,0.002542,0.000441
1,100,2,600,0.002568,0.000531,0.003407,0.000193,0.003056,0.000584
1,100,2,700,0.002666,0.000568,0.002505,0.00015,0.002803,0.000799
1,100,2,800,0.004472,0.001025,0.002651,0.000157,0.002596,0.000619
1,100,2,900,0.002505,0.000638,0.003365,0.000141,0.00335,0.000752
1,100,2,1000,0.00267,0.000659,0.002506,0.000102,0.002516,0.000781
1,100,2,1100,0.003999,0.000834,0.002648,0.000138,0.002646,0.00086
1,100,2,1200,0.002567,0.000806,0.002837,0.000114,0.003043,0.001005
1,100,2,1300,0.002845,0.000917,0.00252,0.000138,0.00264,0.000974
1,100,2,1400,0.003315,0.001296,0.003599,0.000184,0.00359,0.00131
11,100,2,100,0.006542,0.002695,0.008966,0.002937,0.006788,0.002694
11,100,2,200,0.00616,0.002978,0.009265,0.002445,0.007277,0.002828
11,100,2,300,0.007762,0.002795,0.009069,0.00316,0.007234,0.003993
11,100,2,400,0.007292,0.004786,0.009775,0.002693,0.006706,0.00332
11,100,2,500,0.006981,0.003269,0.009339,0.002971,0.006229,0.003217
11,100,2,600,0.006952,0.003821,0.00956,0.0026,0.006848,0.003499
11,100,2,700,0.006908,0.003172,0.009473,0.002398,0.006219,0.00326
11,100,2,800,0.007055,0.003298,0.009986,0.002632,0.006306,0.004182
11,100,2,900,0.007453,0.003493,0.009025,0.003088,0.006778,0.003434
11,100,2,1000,0.006397,0.00442,0.009138,0.002869,0.006789,0.004119
11,100,2,1100,0.007177,0.00364,0.009376,0.002462,0.006801,0.004108
11,100,2,1200,0.006738,0.004022,0.009371,0.002694,0.006952,0.003966
11,100,2,1300,0.00623,0.003873,0.009142,0.002412,0.007106,0.004093
11,100,2,1400,0.006632,0.004778,0.009856,0.002531,0.00736,0.004142
21,100,2,100,0.014359,0.011225,0.013442,0.008216,0.015153,0.011313
21,100,2,200,0.015604,0.011255,0.018501,0.009549,0.014953,0.01103
21,100,2,300,0.016784,0.011735,0.013821,0.007719,0.018327,0.015314
21,100,2,400,0.014732,0.013318,0.013429,0.008736,0.019548,0.015943
21,100,2,500,0.019532,0.014684,0.013844,0.007916,0.019977,0.017435
21,100,2,600,0.014666,0.012107,0.013222,0.008085,0.019751,0.018424
21,100,2,700,0.019947,0.01595,0.014157,0.007568,0.018987,0.01664
21,100,2,800,0.020364,0.018091,0.014262,0.00873,0.019961,0.016061
21,100,2,900,0.019781,0.01674,0.013304,0.008068,0.020245,0.017262
21,100,2,1000,0.019606,0.018348,0.013639,0.008182,0.021171,0.019514
21,100,2,1100,0.019392,0.017046,0.013705,0.007862,0.019276,0.018678
21,100,2,1200,0.019988,0.016747,0.013983,0.007926,0.019794,0.017518
21,100,2,1300,0.019394,0.017035,0.013274,0.008115,0.020339,0.01852
21,100,2,1400,0.019573,0.017116,0.01377,0.007613,0.020003,0.018439
31,100,2,100,0.014688,0.018457,0.017972,0.016311,0.014833,0.017723
31,100,2,200,0.015177,0.016966,0.018553,0.017269,0.015215,0.017815
31,100,2,300,0.014931,0.017771,0.017585,0.017602,0.016648,0.017505
31,100,2,400,0.015535,0.018018,0.017363,0.018253,0.014829,0.017114
31,100,2,500,0.015757,0.018413,0.017686,0.016234,0.015172,0.017044
31,100,2,600,0.015488,0.019862,0.017348,0.017955,0.014762,0.017116
31,100,2,700,0.01606,0.018224,0.017933,0.015698,0.015235,0.018974
31,100,2,800,0.014845,0.018976,0.018067,0.0165,0.015068,0.018669
31,100,2,900,0.014972,0.019251,0.018245,0.016226,0.015993,0.019022
31,100,2,1000,0.015575,0.017899,0.017987,0.01657,0.01528,0.018981
31,100,2,1100,0.015201,0.019405,0.018662,0.016739,0.015045,0.018494
31,100,2,1200,0.015673,0.019725,0.018548,0.01647,0.014979,0.019612
31,100,2,1300,0.014943,0.01965,0.018028,0.017043,0.01527,0.01819
31,100,2,1400,0.01552,0.018426,0.01769,0.016252,0.014851,0.01939
41,100,2,100,0.030351,0.042234,0.025714,0.028467,0.029313,0.041857
41,100,2,200,0.029981,0.043961,0.025074,0.029491,0.030577,0.043111
41,100,2,300,0.029907,0.041791,0.025835,0.02964,0.030074,0.04224
41,100,2,400,0.031077,0.044053,0.025011,0.030403,0.0304,0.044802
41,100,2,500,0.029938,0.043663,0.025647,0.029086,0.03014,0.04447
41,100,2,600,0.030108,0.044728,0.024929,0.030482,0.030002,0.044005
41,100,2,700,0.029459,0.044433,0.025512,0.02904,0.029594,0.04414
41,100,2,800,0.030165,0.042932,0.024893,0.02991,0.030062,0.045092
41,100,2,900,0.030617,0.045164,0.025314,0.03095,0.031119,0.043837
41,100,2,1000,0.029771,0.044969,0.025529,0.029381,0.029507,0.046198
41,100,2,1100,0.03178,0.045602,0.025004,0.029926,0.02971,0.044576
41,100,2,1200,0.031023,0.042366,0.025327,0.029413,0.030623,0.042868
41,100,2,1300,0.041376,0.055185,0.039324,0.050005,0.038367,0.057789
41,100,2,1400,0.041028,0.062026,0.027953,0.03594,0.03174,0.048953
51,100,2,100,0.058171,0.08811,0.039723,0.057922,0.053324,0.098538
51,100,2,200,0.059517,0.094662,0.043418,0.054432,0.053917,0.087351
51,100,2,300,0.06724,0.1019,0.037702,0.051856,0.052586,0.082387
51,100,2,400,0.052315,0.082836,0.033395,0.042668,0.05216,0.080055
51,100,2,500,0.054527,0.088124,0.035293,0.053548,0.070253,0.102589
51,100,2,600,0.032471,0.052384,0.040736,0.071648,0.030883,0.048565
51,100,2,700,0.052495,0.084449,0.033141,0.044354,0.029861,0.047739
51,100,2,800,0.041315,0.065404,0.033663,0.043817,0.0306,0.047608
51,100,2,900,0.031353,0.048495,0.033341,0.044604,0.03065,0.047344
51,100,2,1000,0.041184,0.064313,0.03349,0.043017,0.030012,0.047547
51,100,2,1100,0.040355,0.066308,0.032765,0.043179,0.029452,0.048355
51,100,2,1200,0.041466,0.066424,0.032496,0.044043,0.029849,0.048065
51,100,2,1300,0.041024,0.067534,0.03256,0.04369,0.030527,0.04957
51,100,2,1400,0.041258,0.066745,0.033308,0.043773,0.031704,0.048734
61,100,2,100,0.052493,0.088797,0.041131,0.061327,0.052073,0.087895
61,100,2,200,0.052634,0.08832,0.041685,0.061341,0.052125,0.088215
61,100,2,300,0.052169,0.087518,0.041606,0.060534,0.052004,0.089699
61,100,2,400,0.052708,0.088389,0.043234,0.060384,0.052114,0.088252
61,100,2,500,0.053082,0.088194,0.041599,0.059848,0.051843,0.088406
61,100,2,600,0.054196,0.088886,0.041257,0.0599,0.051947,0.087759
61,100,2,700,0.052976,0.088953,0.041523,0.060219,0.05188,0.087879
61,100,2,800,0.052953,0.08977,0.04119,0.060356,0.051598,0.088048
61,100,2,900,0.053699,0.089398,0.041415,0.060289,0.053026,0.088533
61,100,2,1000,0.055106,0.088505,0.041356,0.059856,0.052063,0.088927
61,100,2,1100,0.05206,0.089371,0.041653,0.059637,0.053184,0.0892
61,100,2,1200,0.053377,0.089896,0.041632,0.060642,0.051939,0.089425
61,100,2,1300,0.052711,0.089458,0.041054,0.060145,0.051753,0.090031
61,100,2,1400,0.052611,0.092586,0.041593,0.061676,0.052176,0.089913
71,100,2,100,0.082874,0.146939,0.051777,0.080468,0.082989,0.147909
71,100,2,200,0.084709,0.148438,0.051895,0.080394,0.08307,0.146455
71,100,2,300,0.083628,0.148815,0.051712,0.081086,0.084662,0.148646
71,100,2,400,0.084147,0.147699,0.051484,0.08115,0.083123,0.147005
71,100,2,500,0.082876,0.148187,0.051386,0.085783,0.084342,0.147219
71,100,2,600,0.083002,0.146228,0.051477,0.079975,0.083193,0.147867
71,100,2,700,0.08415,0.147269,0.051343,0.079041,0.084251,0.14826
71,100,2,800,0.085592,0.147664,0.051212,0.080706,0.082906,0.147559
71,100,2,900,0.084841,0.148354,0.051451,0.078253,0.083618,0.146526
71,100,2,1000,0.121439,0.209969,0.051935,0.07836,0.082545,0.146645
71,100,2,1100,0.084218,0.14855,0.051518,0.080156,0.084705,0.151594
71,100,2,1200,0.087105,0.147762,0.060151,0.079919,0.085119,0.150551
71,100,2,1300,0.086918,0.155936,0.051822,0.079053,0.08339,0.150374
71,100,2,1400,0.086099,0.148436,0.051378,0.079086,0.083683,0.149234
81,100,2,100,0.10299,0.189786,0.063078,0.101005,0.101857,0.191719
81,100,2,200,0.103359,0.188402,0.062938,0.102349,0.102485,0.189431
81,100,2,300,0.103202,0.188712,0.063373,0.101882,0.101719,0.187521
81,100,2,400,0.104021,0.187423,0.063145,0.100328,0.102478,0.188248
81,100,2,500,0.103094,0.186889,0.064572,0.101885,0.103517,0.185998
81,100,2,600,0.102969,0.187415,0.063086,0.101022,0.1024,0.191044
81,100,2,700,0.102948,0.18923,0.063907,0.103249,0.10346,0.187361
81,100,2,800,0.103287,0.18775,0.063435,0.101256,0.102591,0.187973
81,100,2,900,0.103779,0.188582,0.062868,0.101547,0.102734,0.190679
81,100,2,1000,0.104466,0.188669,0.06332,0.102216,0.102805,0.189567
81,100,2,1100,0.103662,0.190527,0.062928,0.100657,0.10194,0.190297
81,100,2,1200,0.104503,0.188777,0.063268,0.101479,0.101981,0.189282
81,100,2,1300,0.126677,0.227402,0.062995,0.100429,0.105147,0.188794
81,100,2,1400,0.104378,0.188965,0.062958,0.100609,0.102423,0.189606
91,100,2,100,0.124873,0.232916,0.077534,0.125398,0.123041,0.231809
91,100,2,200,0.125876,0.234196,0.077117,0.125983,0.123428,0.231545
91,100,2,300,0.124087,0.231521,0.077805,0.125022,0.124046,0.232073
91,100,2,400,0.125029,0.233303,0.075526,0.125682,0.124889,0.232701
91,100,2,500,0.125304,0.234242,0.075846,0.126125,0.124983,0.232364
91,100,2,600,0.125111,0.236357,0.076292,0.126778,0.123728,0.233601
91,100,2,700,0.12524,0.231848,0.076367,0.126869,0.124689,0.233198
91,100,2,800,0.176775,0.330236,0.075625,0.126549,0.123449,0.24814
91,100,2,900,0.125264,0.236324,0.078237,0.12916,0.12498,0.233323
91,100,2,1000,0.143713,0.242842,0.076497,0.126755,0.124164,0.233849
91,100,2,1100,0.125442,0.235127,0.075932,0.125298,0.124993,0.237377
91,100,2,1200,0.127965,0.237273,0.076292,0.125786,0.123985,0.238627
91,100,2,1300,0.12575,0.236728,0.076537,0.125666,0.125051,0.236158
91,100,2,1400,0.126785,0.236307,0.076132,0.125647,0.127318,0.247334
101,100,2,100,0.149666,0.284078,0.089954,0.153037,0.146902,0.281192
101,100,2,200,0.150206,0.289686,0.09034,0.154469,0.147879,0.282362
101,100,2,300,0.148161,0.299722,0.09088,0.154678,0.148377,0.289209
101,100,2,400,0.147615,0.283882,0.091694,0.15661,0.146473,0.283399
101,100,2,500,0.149629,0.283865,0.090914,0.154139,0.148231,0.283867
101,100,2,600,0.148416,0.28364,0.089772,0.153523,0.147224,0.284079
101,100,2,700,0.149095,0.284351,0.090451,0.154277,0.149558,0.290955
101,100,2,800,0.177282,0.320675,0.096663,0.162283,0.160907,0.359012
101,100,2,900,0.200918,0.343292,0.09796,0.157348,0.182642,0.303978
101,100,2,1000,0.15591,0.313021,0.091855,0.156503,0.150724,0.287449
101,100,2,1100,0.15159,0.28988,0.091298,0.155741,0.150394,0.288821
101,100,2,1200,0.152676,0.287585,0.092153,0.157554,0.15056,0.287637
101,100,2,1300,0.168475,0.288823,0.090903,0.155479,0.148803,0.289163
101,100,2,1400,0.210888,0.408236,0.09094,0.157206,0.148736,0.28775
1,100,2,100,0.002821,0.000288,0.002553,0.00012,0.002526,0.00023
1,100,2,200,0.002564,0.000254,0.002991,0.00012,0.003379,0.00031
1,100,2,300,0.002572,0.00034,0.002513,0.000104,0.002432,0.000314
1,100,2,400,0.002603,0.000367,0.003693,0.000111,0.002749,0.00042
1,100,2,500,0.002559,0.000411,0.00246,0.000101,0.002441,0.000385
1,100,2,600,0.003335,0.000482,0.002701,0.000165,0.002489,0.000472
1,100,2,700,0.002518,0.000437,0.002498,0.000101,0.003867,0.000771
1,100,2,800,0.003651,0.000484,0.002546,0.000126,0.002442,0.0005
1,100,2,900,0.002835,0.000606,0.003141,0.000133,0.002583,0.000542
1,100,2,1000,0.002628,0.000538,0.002524,0.000132,0.002948,0.000708
1,100,2,1100,0.002981,0.000741,0.00254,0.000112,0.002491,0.000691
1,100,2,1200,0.002559,0.000577,0.003725,0.00014,0.002872,0.000788
1,100,2,1300,0.002584,0.000605,0.002472,0.0001,0.002437,0.00065
1,100,2,1400,0.002632,0.000866,0.002714,0.000139,0.002474,0.000728
11,100,2,100,0.004085,0.002244,0.004954,0.001524,0.003989,0.00258
11,100,2,200,0.004275,0.001721,0.005541,0.001958,0.004102,0.001817
11,100,2,300,0.004764,0.00183,0.004734,0.001576,0.004501,0.002073
11,100,2,400,0.004349,0.001769,0.005753,0.001722,0.004293,0.001835
11,100,2,500,0.004763,0.002176,0.004562,0.001536,0.004488,0.00226
11,100,2,600,0.004117,0.001901,0.005321,0.001724,0.004002,0.002019
11,100,2,700,0.005128,0.002305,0.004482,0.001607,0.00478,0.002598
11,100,2,800,0.00481,0.002573,0.004739,0.001693,0.003859,0.002597
11,100,2,900,0.004646,0.002102,0.004858,0.00168,0.004128,0.002234
11,100,2,1000,0.00447,0.002357,0.004875,0.001585,0.005213,0.002687
11,100,2,1100,0.004504,0.002195,0.005349,0.001579,0.003917,0.002282
11,100,2,1200,0.004818,0.002792,0.004628,0.001525,0.004748,0.002663
11,100,2,1300,0.004229,0.00252,0.005256,0.001526,0.003879,0.003223
11,100,2,1400,0.004463,0.002589,0.005349,0.001644,0.004185,0.002517
21,100,2,100,0.006491,0.006121,0.00747,0.00496,0.006899,0.005572
21,100,2,200,0.007033,0.006451,0.008254,0.004761,0.006711,0.005136
21,100,2,300,0.007156,0.005495,0.007317,0.005276,0.007539,0.005361
21,100,2,400,0.007651,0.00598,0.007739,0.005014,0.006883,0.005511
21,100,2,500,0.006915,0.005466,0.006914,0.005068,0.006712,0.005598
21,100,2,600,0.007971,0.005521,0.007309,0.005418,0.006897,0.005836
21,100,2,700,0.007298,0.005586,0.007314,0.004693,0.006522,0.005409
21,100,2,800,0.00725,0.006331,0.00753,0.005022,0.006483,0.006133
21,100,2,900,0.007431,0.006116,0.007748,0.004713,0.006615,0.005585
21,100,2,1000,0.007581,0.005489,0.007629,0.005172,0.007182,0.006105
21,100,2,1100,0.007307,0.006474,0.007884,0.004989,0.006951,0.005685
21,100,2,1200,0.00693,0.005757,0.007338,0.005114,0.007139,0.006205
21,100,2,1300,0.007028,0.00659,0.007409,0.00505,0.007308,0.006157
21,100,2,1400,0.006699,0.006136,0.007644,0.005071,0.006683,0.006785
31,100,2,100,0.009711,0.011779,0.010288,0.011719,0.009656,0.012413
31,100,2,200,0.009361,0.012832,0.010824,0.011499,0.010685,0.012484
31,100,2,300,0.010673,0.011217,0.010638,0.010976,0.009855,0.013194
31,100,2,400,0.010329,0.012555,0.010188,0.01154,0.009835,0.01143
31,100,2,500,0.01164,0.011869,0.011377,0.010179,0.009983,0.011658
31,100,2,600,0.011099,0.011204,0.010148,0.011124,0.009449,0.012963
31,100,2,700,0.010087,0.012436,0.011001,0.011073,0.010882,0.011328
31,100,2,800,0.011234,0.012151,0.010831,0.010185,0.010178,0.011256
31,100,2,900,0.010824,0.013105,0.010139,0.012155,0.010016,0.012385
31,100,2,1000,0.010069,0.012545,0.012339,0.009852,0.010195,0.011843
31,100,2,1100,0.010795,0.011229,0.010311,0.00991,0.009461,0.0117
31,100,2,1200,0.009594,0.012083,0.01041,0.010818,0.009279,0.01263
31,100,2,1300,0.011683,0.012448,0.010709,0.010313,0.01089,0.011804
31,100,2,1400,0.012004,0.013103,0.010813,0.010057,0.009731,0.012431
41,100,2,100,0.014697,0.021362,0.015227,0.018362,0.014879,0.021408
41,100,2,200,0.015128,0.020141,0.01502,0.01958,0.015224,0.022152
41,100,2,300,0.014396,0.020472,0.015418,0.018545,0.014276,0.020476
41,100,2,400,0.015394,0.020774,0.016649,0.01817,0.014155,0.020992
41,100,2,500,0.015128,0.020081,0.014592,0.019037,0.014417,0.021471
41,100,2,600,0.015023,0.019697,0.015015,0.018635,0.014462,0.020354
41,100,2,700,0.014651,0.021019,0.015491,0.019182,0.015389,0.020985
41,100,2,800,0.014535,0.020606,0.015752,0.018377,0.014556,0.021354
41,100,2,900,0.015526,0.02056,0.01528,0.019168,0.014574,0.020874
41,100,2,1000,0.015375,0.020795,0.015371,0.019392,0.015078,0.021353
41,100,2,1100,0.014872,0.020674,0.015349,0.017917,0.01392,0.021766
41,100,2,1200,0.014764,0.021538,0.014867,0.018965,0.014594,0.020653
41,100,2,1300,0.014586,0.021719,0.015491,0.018644,0.014701,0.021847
41,100,2,1400,0.015019,0.021146,0.01555,0.018167,0.015592,0.022142
51,100,2,100,0.019417,0.029911,0.02058,0.027039,0.019931,0.028559
51,100,2,200,0.020322,0.029383,0.020624,0.027408,0.019714,0.029825
51,100,2,300,0.019594,0.029477,0.020184,0.027016,0.019044,0.029327
51,100,2,400,0.019414,0.029693,0.020265,0.027564,0.018998,0.029166
51,100,2,500,0.019607,0.029711,0.019888,0.026953,0.020035,0.030602
51,100,2,600,0.019959,0.030273,0.020167,0.027078,0.020189,0.029248
51,100,2,700,0.021065,0.031242,0.019997,0.027154,0.022131,0.029871
51,100,2,800,0.020556,0.030792,0.020812,0.028668,0.019208,0.030091
51,100,2,900,0.02048,0.030454,0.020409,0.028416,0.019877,0.029901
51,100,2,1000,0.021015,0.0307,0.02076,0.027924,0.020392,0.029884
51,100,2,1100,0.02016,0.030504,0.020112,0.027227,0.022899,0.029729
51,100,2,1200,0.019667,0.030949,0.020259,0.027597,0.020761,0.030108
51,100,2,1300,0.019446,0.032547,0.019958,0.027332,0.019635,0.030421
51,100,2,1400,0.019645,0.030277,0.020558,0.027493,0.01991,0.030898
61,100,2,100,0.025956,0.041672,0.027201,0.038563,0.02516,0.041199
61,100,2,200,0.025576,0.040547,0.02674,0.037937,0.025446,0.041113
61,100,2,300,0.026349,0.041767,0.027393,0.038888,0.025365,0.040806
61,100,2,400,0.025658,0.042184,0.027039,0.037888,0.02535,0.042853
61,100,2,500,0.02607,0.042716,0.026933,0.038468,0.025564,0.04079
61,100,2,600,0.025449,0.042422,0.026651,0.037848,0.026472,0.042258
61,100,2,700,0.025632,0.042136,0.026504,0.039135,0.024965,0.040902
61,100,2,800,0.025714,0.04259,0.027294,0.038084,0.025067,0.040771
61,100,2,900,0.025658,0.041365,0.026692,0.03774,0.02518,0.040651
61,100,2,1000,0.02551,0.043324,0.02631,0.039048,0.02534,0.040974
61,100,2,1100,0.025698,0.042059,0.026724,0.038394,0.025232,0.041485
61,100,2,1200,0.026282,0.042534,0.02655,0.037719,0.025271,0.042313
61,100,2,1300,0.025479,0.04203,0.027244,0.038751,0.025091,0.04252
61,100,2,1400,0.025498,0.042815,0.027143,0.038256,0.02519,0.041669
71,100,2,100,0.034629,0.055876,0.033848,0.051255,0.032059,0.055234
71,100,2,200,0.033583,0.055333,0.033263,0.051511,0.033499,0.054879
71,100,2,300,0.033496,0.056348,0.035949,0.050915,0.032861,0.05474
71,100,2,400,0.032768,0.057385,0.034143,0.051156,0.032587,0.055456
71,100,2,500,0.032154,0.055424,0.033473,0.050366,0.032355,0.053761
71,100,2,600,0.03736,0.056793,0.036696,0.051603,0.032196,0.054045
71,100,2,700,0.032277,0.055811,0.032732,0.049853,0.031838,0.054459
71,100,2,800,0.033076,0.055555,0.032327,0.049873,0.032156,0.054207
71,100,2,900,0.032295,0.055551,0.032395,0.050177,0.032104,0.054677
71,100,2,1000,0.032348,0.056544,0.032968,0.050537,0.032733,0.05464
71,100,2,1100,0.032557,0.055443,0.032655,0.050384,0.031855,0.055136
71,100,2,1200,0.032986,0.056681,0.032464,0.050623,0.032249,0.054694
71,100,2,1300,0.032869,0.056301,0.033183,0.050985,0.031856,0.054478
71,100,2,1400,0.032505,0.056451,0.03252,0.050625,0.033181,0.056445
81,100,2,100,0.041501,0.069682,0.040999,0.064522,0.039527,0.069587
81,100,2,200,0.040217,0.069999,0.040715,0.064464,0.040509,0.07041
81,100,2,300,0.040002,0.069947,0.040433,0.064634,0.03935,0.070364
81,100,2,400,0.041097,0.069114,0.039944,0.065806,0.039688,0.069543
81,100,2,500,0.041263,0.071284,0.040115,0.064522,0.039439,0.070024
81,100,2,600,0.040107,0.071286,0.040006,0.065727,0.03966,0.069789
81,100,2,700,0.040424,0.070006,0.040199,0.06532,0.039654,0.070078
81,100,2,800,0.041522,0.069184,0.041866,0.06456,0.039541,0.069225
81,100,2,900,0.039604,0.071226,0.040194,0.065549,0.03967,0.070148
81,100,2,1000,0.040657,0.070026,0.040465,0.065688,0.039681,0.070302
81,100,2,1100,0.040631,0.070484,0.041817,0.065309,0.039774,0.070474
81,100,2,1200,0.040518,0.069276,0.040252,0.065619,0.039576,0.070185
81,100,2,1300,0.040512,0.069254,0.040003,0.065174,0.040138,0.070525
81,100,2,1400,0.040866,0.071628,0.041923,0.065872,0.039723,0.069999
91,100,2,100,0.04862,0.086696,0.048799,0.079696,0.048661,0.085777
91,100,2,200,0.048963,0.085272,0.049467,0.079781,0.048333,0.086367
91,100,2,300,0.050874,0.086273,0.049572,0.079644,0.048266,0.086324
91,100,2,400,0.04921,0.087352,0.048608,0.079769,0.048066,0.087177
91,100,2,500,0.049042,0.087608,0.048671,0.080375,0.048316,0.086059
91,100,2,600,0.04895,0.086927,0.048401,0.08069,0.048355,0.086282
91,100,2,700,0.049447,0.085562,0.048685,0.079294,0.048177,0.085864
91,100,2,800,0.048925,0.086238,0.048885,0.081188,0.048225,0.085882
91,100,2,900,0.06005,0.086784,0.050218,0.080202,0.049207,0.086627
91,100,2,1000,0.049483,0.087028,0.048819,0.080309,0.048723,0.087656
91,100,2,1100,0.04894,0.086897,0.049187,0.079689,0.04805,0.087419
91,100,2,1200,0.048983,0.086846,0.048699,0.080991,0.047576,0.086425
91,100,2,1300,0.049357,0.086328,0.048566,0.079523,0.047845,0.08623
91,100,2,1400,0.049373,0.090897,0.048762,0.080744,0.047917,0.086786
101,100,2,100,0.058919,0.106081,0.059303,0.097042,0.057761,0.10499
101,100,2,200,0.058752,0.106301,0.059166,0.097471,0.057566,0.105431
101,100,2,300,0.05867,0.105983,0.059352,0.097904,0.057421,0.106029
101,100,2,400,0.058503,0.106437,0.059866,0.098163,0.057468,0.104991
101,100,2,500,0.058721,0.106549,0.059029,0.097645,0.057563,0.105034
101,100,2,600,0.057422,0.106292,0.058464,0.097443,0.057826,0.104901
101,100,2,700,0.059108,0.107682,0.058388,0.097884,0.057066,0.106456
101,100,2,800,0.058685,0.105786,0.058279,0.098332,0.057162,0.104954
101,100,2,900,0.058317,0.109541,0.05856,0.097565,0.057531,0.106835
101,100,2,1000,0.058969,0.10672,0.058365,0.097402,0.058071,0.105556
101,100,2,1100,0.059006,0.108091,0.059284,0.097839,0.05727,0.104772
101,100,2,1200,0.059315,0.10645,0.059945,0.097685,0.058099,0.10616
101,100,2,1300,0.058559,0.106822,0.059278,0.097501,0.057564,0.10658
101,100,2,1400,0.05999,0.107605,0.05991,0.098017,0.05838,0.105976
1,100,2,100,0.002954,0.00023,0.003325,0.000114,0.002522,0.000235
1,100,2,200,0.00256,0.00026,0.004851,0.000152,0.002801,0.00022
1,100,2,300,0.0026,0.000256,0.003193,0.000103,0.002571,0.000261
1,100,2,400,0.002761,0.000333,0.004679,0.000155,0.002714,0.000311
1,100,2,500,0.002634,0.000349,0.003288,0.000115,0.002595,0.000461
1,100,2,600,0.002816,0.000381,0.003262,0.000104,0.002516,0.000419
1,100,2,700,0.002601,0.000432,0.004577,0.000157,0.003902,0.000644
1,100,2,800,0.002525,0.000435,0.003214,0.000107,0.002506,0.000568
1,100,2,900,0.003368,0.000652,0.003399,0.000185,0.002501,0.000581
1,100,2,1000,0.002597,0.000518,0.003637,0.00015,0.002927,0.000737
1,100,2,1100,0.002712,0.000615,0.003649,0.000132,0.002911,0.001325
1,100,2,1200,0.003424,0.000992,0.003268,0.000106,0.002586,0.000688
1,100,2,1300,0.003341,0.000845,0.003629,0.000144,0.002604,0.000805
1,100,2,1400,0.002578,0.000731,0.0038,0.000116,0.003346,0.000943
11,100,2,100,0.003757,0.001671,0.006017,0.001567,0.003846,0.001635
11,100,2,200,0.00427,0.001962,0.004659,0.001492,0.004043,0.002817
11,100,2,300,0.003754,0.001711,0.005087,0.002412,0.003699,0.001747
11,100,2,400,0.004755,0.002413,0.00461,0.001476,0.004757,0.00236
11,100,2,500,0.003711,0.001825,0.005805,0.001886,0.003786,0.001791
11,100,2,600,0.005102,0.002038,0.004648,0.001531,0.005373,0.00198
11,100,2,700,0.003808,0.002147,0.005347,0.001747,0.004026,0.002404
11,100,2,800,0.004215,0.001969,0.005042,0.001758,0.00406,0.00228
11,100,2,900,0.004102,0.002397,0.004785,0.00158,0.004363,0.002562
11,100,2,1000,0.003958,0.00204,0.005506,0.001571,0.003901,0.002101
11,100,2,1100,0.005007,0.00227,0.004815,0.001475,0.004476,0.002269
11,100,2,1200,0.003832,0.002057,0.005675,0.00157,0.003752,0.002209
11,100,2,1300,0.00424,0.002257,0.004723,0.0015,0.004131,0.00261
11,100,2,1400,0.003799,0.002204,0.005182,0.00174,0.003747,0.002405
21,100,2,100,0.006572,0.005125,0.007921,0.005504,0.00629,0.005871
21,100,2,200,0.006594,0.005484,0.009164,0.00482,0.006291,0.005082
21,100,2,300,0.006385,0.005223,0.007287,0.00522,0.006438,0.005532
21,100,2,400,0.007704,0.006659,0.007899,0.00494,0.00672,0.005551
21,100,2,500,0.006888,0.005463,0.007649,0.00474,0.006307,0.005154
21,100,2,600,0.006914,0.005951,0.007553,0.004857,0.006689,0.005669
21,100,2,700,0.006446,0.006215,0.007754,0.005331,0.00673,0.005685
21,100,2,800,0.006774,0.006249,0.007305,0.00473,0.006199,0.006113
21,100,2,900,0.0066,0.005606,0.008001,0.005098,0.006362,0.00625
21,100,2,1000,0.007133,0.006488,0.008511,0.004768,0.006511,0.005553
21,100,2,1100,0.006192,0.006279,0.008551,0.005275,0.006327,0.006787
21,100,2,1200,0.007401,0.005711,0.007841,0.004632,0.006286,0.006048
21,100,2,1300,0.006376,0.006344,0.007985,0.005253,0.00615,0.006901
21,100,2,1400,0.007259,0.006077,0.007568,0.004744,0.006119,0.006592
31,100,2,100,0.010902,0.010678,0.011609,0.010562,0.009691,0.010596
31,100,2,200,0.009763,0.01067,0.01131,0.009611,0.009441,0.011034
31,100,2,300,0.010878,0.012029,0.011128,0.011005,0.00923,0.012316
31,100,2,400,0.011587,0.011409,0.011362,0.010443,0.010653,0.010666
31,100,2,500,0.011482,0.011456,0.01103,0.009817,0.009764,0.011046
31,100,2,600,0.011,0.011097,0.010593,0.010658,0.009316,0.012477
31,100,2,700,0.018023,0.021257,0.011691,0.013142,0.01758,0.020721
31,100,2,800,0.012659,0.012045,0.018933,0.014981,0.010095,0.013586
31,100,2,900,0.013372,0.013453,0.01239,0.0108,0.009821,0.012892
31,100,2,1000,0.010328,0.013792,0.011894,0.012259,0.01023,0.011879
31,100,2,1100,0.010278,0.012611,0.011809,0.010799,0.012904,0.01804
31,100,2,1200,0.011873,0.01313,0.012532,0.011223,0.010503,0.011806
31,100,2,1300,0.010296,0.014806,0.011398,0.01129,0.010752,0.011973
31,100,2,1400,0.011796,0.019336,0.012174,0.01498,0.011631,0.017841
41,100,2,100,0.016527,0.02466,0.016576,0.019177,0.015492,0.02159
41,100,2,200,0.017936,0.026554,0.017492,0.020864,0.015969,0.021503
41,100,2,300,0.01543,0.021819,0.025309,0.029926,0.021814,0.02551
41,100,2,400,0.021497,0.029223,0.016027,0.022796,0.015215,0.021158
41,100,2,500,0.021545,0.029689,0.018464,0.020568,0.015692,0.021604
41,100,2,600,0.015166,0.021658,0.01669,0.019779,0.017668,0.021636
41,100,2,700,0.014749,0.022844,0.026261,0.030173,0.01565,0.021227
41,100,2,800,0.01534,0.022346,0.018023,0.023014,0.014768,0.024078
41,100,2,900,0.015095,0.02441,0.015899,0.019496,0.017535,0.021234
41,100,2,1000,0.01453,0.020622,0.015733,0.017984,0.014415,0.022619
41,100,2,1100,0.01443,0.02005,0.015365,0.019468,0.015371,0.021083
41,100,2,1200,0.013814,0.021811,0.015339,0.018291,0.013978,0.021956
41,100,2,1300,0.014282,0.020312,0.015782,0.018227,0.014516,0.021569
41,100,2,1400,0.015301,0.022341,0.015721,0.019249,0.015549,0.022257
51,100,2,100,0.021094,0.031119,0.023688,0.02991,0.023003,0.041896
51,100,2,200,0.020327,0.037467,0.030513,0.044503,0.022184,0.033107
51,100,2,300,0.020663,0.032702,0.022287,0.031264,0.019715,0.038943
51,100,2,400,0.020898,0.036931,0.020543,0.028107,0.019106,0.029889
51,100,2,500,0.019574,0.030162,0.020641,0.027694,0.019256,0.029653
51,100,2,600,0.019336,0.030086,0.0203,0.027722,0.01921,0.029748
51,100,2,700,0.019201,0.030517,0.020686,0.027421,0.019814,0.03004
51,100,2,800,0.019817,0.031266,0.02056,0.028346,0.019641,0.030116
51,100,2,900,0.019149,0.030731,0.020307,0.027419,0.019799,0.029368
51,100,2,1000,0.020372,0.030211,0.021159,0.027567,0.019754,0.030089
51,100,2,1100,0.020057,0.031168,0.020738,0.02708,0.019786,0.029495
51,100,2,1200,0.020025,0.030508,0.021159,0.027993,0.020012,0.029674
51,100,2,1300,0.020027,0.031112,0.021161,0.027506,0.019721,0.029671
51,100,2,1400,0.020009,0.031506,0.020964,0.027876,0.020338,0.030119
61,100,2,100,0.025604,0.041445,0.028172,0.038194,0.025543,0.040512
61,100,2,200,0.025716,0.042506,0.027515,0.038886,0.025289,0.042548
61,100,2,300,0.025168,0.041809,0.028186,0.038336,0.025855,0.040832
61,100,2,400,0.025105,0.041448,0.028115,0.038242,0.025146,0.040707
61,100,2,500,0.025287,0.041204,0.027414,0.038278,0.02555,0.041197
61,100,2,600,0.026017,0.041436,0.027636,0.038727,0.025471,0.041104
61,100,2,700,0.025323,0.042089,0.027552,0.038176,0.025502,0.041148
61,100,2,800,0.026222,0.041795,0.026568,0.039105,0.024797,0.040936
61,100,2,900,0.025026,0.040932,0.027609,0.037849,0.025477,0.042021
61,100,2,1000,0.025059,0.041657,0.027234,0.03804,0.025055,0.041183
61,100,2,1100,0.025219,0.041958,0.027194,0.038173,0.024782,0.041111
61,100,2,1200,0.02525,0.042039,0.027636,0.038719,0.025682,0.042303
61,100,2,1300,0.025129,0.043828,0.028531,0.037747,0.025107,0.042181
61,100,2,1400,0.025097,0.042857,0.027645,0.038321,0.025347,0.041705
71,100,2,100,0.032202,0.057165,0.0335,0.050793,0.032118,0.054592
71,100,2,200,0.032478,0.056077,0.033283,0.051047,0.032412,0.054319
71,100,2,300,0.03224,0.055987,0.034013,0.05041,0.033379,0.055309
71,100,2,400,0.032411,0.055882,0.033131,0.050099,0.031937,0.054392
71,100,2,500,0.033377,0.056019,0.033052,0.051631,0.031993,0.054383
71,100,2,600,0.033665,0.055833,0.03368,0.050269,0.032166,0.055617
71,100,2,700,0.03257,0.056456,0.03351,0.051163,0.034081,0.054408
71,100,2,800,0.032343,0.056347,0.033227,0.049747,0.032415,0.054308
71,100,2,900,0.032256,0.056982,0.033227,0.050547,0.032157,0.054544
71,100,2,1000,0.032009,0.055695,0.03301,0.050562,0.032001,0.054402
71,100,2,1100,0.032759,0.055214,0.033287,0.050333,0.032144,0.056836
71,100,2,1200,0.032468,0.056298,0.033108,0.050417,0.032078,0.055303
71,100,2,1300,0.031917,0.057444,0.033047,0.051211,0.032262,0.055627
71,100,2,1400,0.032499,0.056589,0.033236,0.051327,0.031961,0.054552
81,100,2,100,0.041026,0.069779,0.041085,0.065514,0.039921,0.069339
81,100,2,200,0.040824,0.070005,0.040851,0.064914,0.041289,0.0696
81,100,2,300,0.03987,0.069745,0.040935,0.064521,0.039923,0.069945
81,100,2,400,0.041107,0.069185,0.041197,0.064965,0.040161,0.069518
81,100,2,500,0.040432,0.069908,0.041299,0.064814,0.039906,0.070021
81,100,2,600,0.040202,0.069806,0.040517,0.064945,0.039713,0.071076
81,100,2,700,0.040084,0.069974,0.040483,0.065089,0.03996,0.070644
81,100,2,800,0.040689,0.070186,0.040444,0.064972,0.062543,0.080517
81,100,2,900,0.041821,0.070967,0.041512,0.065062,0.040059,0.070322
81,100,2,1000,0.040421,0.070742,0.041169,0.064641,0.04037,0.07101
81,100,2,1100,0.040593,0.070627,0.041297,0.06612,0.039733,0.070103
81,100,2,1200,0.039968,0.071058,0.04067,0.06489,0.039556,0.069784
81,100,2,1300,0.040757,0.071341,0.040766,0.064936,0.04005,0.070698
81,100,2,1400,0.040027,0.071933,0.040723,0.064744,0.039582,0.070351
91,100,2,100,0.049234,0.087369,0.049421,0.080268,0.049148,0.086842
91,100,2,200,0.049438,0.087318,0.049236,0.080599,0.048341,0.086298
91,100,2,300,0.049449,0.087555,0.049561,0.081401,0.048404,0.085738
91,100,2,400,0.048825,0.086847,0.048992,0.080031,0.049041,0.086492
91,100,2,500,0.049042,0.086198,0.049562,0.080448,0.04837,0.086821
91,100,2,600,0.049123,0.088331,0.051191,0.089669,0.048114,0.08654
91,100,2,700,0.048948,0.087368,0.053998,0.083625,0.048974,0.087447
91,100,2,800,0.049831,0.089598,0.049548,0.080707,0.049243,0.086766
91,100,2,900,0.049971,0.089037,0.049272,0.080593,0.04831,0.091702
91,100,2,1000,0.050047,0.087496,0.050952,0.081197,0.048897,0.087025
91,100,2,1100,0.049598,0.088776,0.049187,0.082523,0.048785,0.086392
91,100,2,1200,0.049522,0.08769,0.049912,0.082433,0.049108,0.087483
91,100,2,1300,0.049232,0.09051,0.049244,0.082034,0.048021,0.086565
91,100,2,1400,0.049829,0.087758,0.049598,0.080761,0.048298,0.08735
101,100,2,100,0.059103,0.106501,0.060094,0.097793,0.057239,0.104376
101,100,2,200,0.058244,0.106618,0.060173,0.097049,0.057428,0.105216
101,100,2,300,0.060404,0.12092,0.058928,0.099666,0.058752,0.105696
101,100,2,400,0.057881,0.107531,0.060386,0.099082,0.057564,0.108907
101,100,2,500,0.059242,0.107467,0.060536,0.098649,0.057589,0.104965
101,100,2,600,0.058332,0.10626,0.058959,0.098081,0.05746,0.106587
101,100,2,700,0.058711,0.107211,0.059174,0.098608,0.057907,0.105255
101,100,2,800,0.058578,0.106598,0.059495,0.097796,0.057779,0.105517
101,100,2,900,0.05869,0.106393,0.058769,0.097631,0.057231,0.105095
101,100,2,1000,0.058395,0.107223,0.059722,0.097814,0.057736,0.105202
101,100,2,1100,0.059457,0.106888,0.059269,0.097887,0.059013,0.105343
101,100,2,1200,0.058487,0.105919,0.059684,0.097518,0.057232,0.105229
101,100,2,1300,0.058457,0.106148,0.064477,0.09743,0.057608,0.104906
101,100,2,1400,0.058306,0.106516,0.059506,0.09852,0.057494,0.105099
1,100,2,100,0.002508,0.000215,0.002829,0.000105,0.002188,0.00022
1,100,2,200,0.002332,0.000248,0.003268,0.000149,0.003491,0.000274
1,100,2,300,0.0024,0.000356,0.002915,0.000104,0.002256,0.000328
1,100,2,400,0.002336,0.000364,0.003106,0.000155,0.002343,0.000398
1,100,2,500,0.002337,0.000422,0.002811,0.000103,0.002245,0.000454
1,100,2,600,0.003101,0.000555,0.003086,0.000108,0.002248,0.000565
1,100,2,700,0.002349,0.00055,0.002859,0.000167,0.003211,0.000757
1,100,2,800,0.002563,0.000981,0.003561,0.000166,0.002246,0.000658
1,100,2,900,0.00265,0.000739,0.003414,0.000132,0.002353,0.000721
1,100,2,1000,0.002249,0.000758,0.00287,0.000117,0.003599,0.001004
1,100,2,1100,0.002608,0.000867,0.002852,0.000111,0.002264,0.000865
1,100,2,1200,0.002345,0.000969,0.003924,0.00014,0.002455,0.001007
1,100,2,1300,0.002372,0.000888,0.002815,0.000117,0.002518,0.001228
1,100,2,1400,0.002849,0.001129,0.002808,0.000109,0.002253,0.001066
11,100,2,100,0.007024,0.002754,0.007682,0.002512,0.005702,0.003302
11,100,2,200,0.006234,0.002851,0.007256,0.002968,0.006242,0.003266
11,100,2,300,0.006126,0.003029,0.006975,0.002505,0.007213,0.003077
11,100,2,400,0.006891,0.002933,0.007251,0.002487,0.005772,0.003708
11,100,2,500,0.005829,0.003143,0.0078,0.003174,0.006421,0.003086
11,100,2,600,0.006091,0.00337,0.007498,0.002805,0.005921,0.003178
11,100,2,700,0.00623,0.003681,0.00844,0.002696,0.006012,0.003501
11,100,2,800,0.006156,0.003691,0.007051,0.002531,0.006243,0.003804
11,100,2,900,0.00662,0.003795,0.00743,0.00251,0.005814,0.004246
11,100,2,1000,0.006455,0.003484,0.008128,0.002485,0.006085,0.004375
11,100,2,1100,0.006331,0.004082,0.008019,0.002918,0.007708,0.004318
11,100,2,1200,0.005821,0.00448,0.007038,0.002525,0.006738,0.004392
11,100,2,1300,0.006237,0.003982,0.007765,0.003132,0.006199,0.004119
11,100,2,1400,0.00583,0.004528,0.007146,0.002538,0.006608,0.00453
21,100,2,100,0.017076,0.015716,0.011648,0.007604,0.018455,0.016105
21,100,2,200,0.018565,0.014468,0.01109,0.008021,0.01838,0.015125
21,100,2,300,0.018016,0.015575,0.011513,0.008211,0.01826,0.016562
21,100,2,400,0.018213,0.015108,0.011876,0.008088,0.019069,0.014825
21,100,2,500,0.017421,0.015585,0.011432,0.00766,0.01908,0.015062
21,100,2,600,0.016745,0.015747,0.011723,0.008074,0.017423,0.016145
21,100,2,700,0.017307,0.016135,0.011873,0.007432,0.017156,0.016145
21,100,2,800,0.018003,0.016879,0.011398,0.008393,0.018681,0.017876
21,100,2,900,0.017673,0.015917,0.011725,0.008322,0.018639,0.016185
21,100,2,1000,0.017402,0.015808,0.011681,0.007871,0.017188,0.015637
21,100,2,1100,0.01729,0.016938,0.011796,0.007872,0.017609,0.01736
21,100,2,1200,0.017945,0.017379,0.011516,0.008089,0.017573,0.016818
21,100,2,1300,0.017242,0.016771,0.011796,0.007749,0.017034,0.01717
21,100,2,1400,0.018231,0.016961,0.010806,0.008063,0.01982,0.018319
31,100,2,100,0.01466,0.018883,0.016612,0.016709,0.015358,0.016762
31,100,2,200,0.014296,0.018159,0.016762,0.016891,0.014512,0.017656
31,100,2,300,0.014504,0.016878,0.015993,0.016823,0.015595,0.017964
31,100,2,400,0.014871,0.017009,0.01611,0.016075,0.015607,0.018625
31,100,2,500,0.014622,0.018253,0.016183,0.015512,0.014566,0.018254
31,100,2,600,0.014961,0.018308,0.016639,0.016112,0.014512,0.018759
31,100,2,700,0.01522,0.018256,0.017564,0.01537,0.014575,0.018114
31,100,2,800,0.014658,0.01998,0.016697,0.017327,0.014786,0.018962
31,100,2,900,0.015145,0.019609,0.017368,0.015523,0.015465,0.021797
31,100,2,1000,0.016529,0.017766,0.015892,0.01606,0.014747,0.018991
31,100,2,1100,0.014636,0.019568,0.016807,0.015906,0.014504,0.01891
31,100,2,1200,0.014531,0.019421,0.016746,0.016307,0.014627,0.019624
31,100,2,1300,0.014847,0.019153,0.016429,0.016442,0.014586,0.01962
31,100,2,1400,0.014457,0.019688,0.016463,0.016603,0.014617,0.021099
41,100,2,100,0.028524,0.042077,0.02395,0.03043,0.029245,0.043648
41,100,2,200,0.02904,0.053868,0.023154,0.028906,0.029377,0.04151
41,100,2,300,0.028537,0.042169,0.023996,0.028547,0.029004,0.041973
41,100,2,400,0.029363,0.044041,0.023117,0.028835,0.028262,0.042825
41,100,2,500,0.029726,0.042598,0.023605,0.028546,0.028714,0.043551
41,100,2,600,0.029468,0.043715,0.024364,0.029393,0.029399,0.042734
41,100,2,700,0.029472,0.045661,0.024187,0.028877,0.029627,0.044804
41,100,2,800,0.029534,0.042702,0.022817,0.029442,0.028956,0.042974
41,100,2,900,0.029823,0.043717,0.024002,0.028734,0.028317,0.044009
41,100,2,1000,0.030115,0.043486,0.023348,0.028818,0.028743,0.044151
41,100,2,1100,0.030632,0.046019,0.0236,0.029998,0.02982,0.04621
41,100,2,1200,0.029148,0.043445,0.022928,0.030321,0.029481,0.045948
41,100,2,1300,0.028996,0.046568,0.023485,0.028636,0.028962,0.04407
41,100,2,1400,0.030026,0.044364,0.022707,0.0291,0.029257,0.044065
51,100,2,100,0.049886,0.079702,0.030752,0.042431,0.049473,0.08056
51,100,2,200,0.050685,0.082283,0.030788,0.043727,0.050154,0.081298
51,100,2,300,0.050038,0.082661,0.03053,0.042773,0.049769,0.079636
51,100,2,400,0.049846,0.07882,0.031983,0.042622,0.050772,0.079205
51,100,2,500,0.049232,0.084184,0.030242,0.04371,0.050881,0.083302
51,100,2,600,0.049626,0.081034,0.030977,0.044432,0.051416,0.083271
51,100,2,700,0.050435,0.083418,0.031324,0.043687,0.050205,0.082553
51,100,2,800,0.050826,0.082749,0.033972,0.043921,0.049731,0.080117
51,100,2,900,0.049967,0.080947,0.031255,0.043782,0.049447,0.081394
51,100,2,1000,0.049096,0.080762,0.031905,0.042282,0.050041,0.080605
51,100,2,1100,0.049367,0.080893,0.030851,0.042809,0.059791,0.097273
51,100,2,1200,0.050673,0.082905,0.03149,0.044226,0.060947,0.099005
51,100,2,1300,0.049489,0.085723,0.031441,0.043098,0.060751,0.09995
51,100,2,1400,0.059589,0.101347,0.030324,0.043045,0.060664,0.09838
61,100,2,100,0.052197,0.088381,0.040256,0.06005,0.050697,0.089223
61,100,2,200,0.052049,0.08754,0.039814,0.059501,0.05119,0.085786
61,100,2,300,0.051924,0.08631,0.039524,0.060973,0.054743,0.092545
61,100,2,400,0.051154,0.086765,0.039009,0.059826,0.050586,0.086312
61,100,2,500,0.051277,0.088021,0.038639,0.059852,0.049929,0.087417
61,100,2,600,0.05094,0.090786,0.038751,0.061383,0.051434,0.088516
61,100,2,700,0.050937,0.089229,0.038723,0.060693,0.050245,0.088746
61,100,2,800,0.051276,0.087417,0.038647,0.060015,0.050642,0.089182
61,100,2,900,0.050456,0.088265,0.038634,0.061099,0.05012,0.090786
61,100,2,1000,0.050906,0.088706,0.038825,0.059757,0.05061,0.089039
61,100,2,1100,0.05076,0.089284,0.039008,0.060743,0.049976,0.089382
61,100,2,1200,0.051609,0.089489,0.039127,0.060869,0.049762,0.089657
61,100,2,1300,0.052667,0.088925,0.038882,0.060275,0.050097,0.088467
61,100,2,1400,0.052323,0.089771,0.038854,0.057795,0.050011,0.088852
71,100,2,100,0.11307,0.205951,0.049054,0.078428,0.112612,0.20681
71,100,2,200,0.11366,0.203922,0.048906,0.078239,0.112127,0.205555
71,100,2,300,0.113545,0.21213,0.049051,0.077679,0.113934,0.206625
71,100,2,400,0.114425,0.207407,0.049083,0.077939,0.113666,0.204918
71,100,2,500,0.113812,0.210682,0.049032,0.079874,0.113195,0.215197
71,100,2,600,0.113891,0.211518,0.048747,0.079748,0.04811,0.098938
71,100,2,700,0.048042,0.084777,0.050679,0.078499,0.047749,0.084583
71,100,2,800,0.048276,0.085112,0.051058,0.078703,0.047357,0.085068
71,100,2,900,0.131446,0.236159,0.062191,0.109453,0.05132,0.094523
71,100,2,1000,0.123239,0.244261,0.052797,0.117144,0.051381,0.09904
71,100,2,1100,0.150678,0.234208,0.049652,0.079759,0.048735,0.086922
71,100,2,1200,0.04921,0.08634,0.054492,0.08654,0.058592,0.101689
71,100,2,1300,0.13488,0.224647,0.050421,0.080629,0.048374,0.08676
71,100,2,1400,0.115343,0.211542,0.049659,0.080377,0.04788,0.08637
81,100,2,100,0.142986,0.268031,0.062698,0.102389,0.141727,0.263695
81,100,2,200,0.143375,0.266621,0.062365,0.102456,0.14182,0.266834
81,100,2,300,0.141797,0.268327,0.062174,0.102151,0.143517,0.267645
81,100,2,400,0.142979,0.269864,0.062456,0.100603,0.142244,0.266751
81,100,2,500,0.142106,0.267504,0.060936,0.102855,0.141868,0.268263
81,100,2,600,0.142506,0.266882,0.061146,0.101394,0.059135,0.108573
81,100,2,700,0.142357,0.267261,0.061519,0.101207,0.059702,0.110079
81,100,2,800,0.143476,0.266975,0.06108,0.100783,0.05953,0.109955
81,100,2,900,0.143182,0.267149,0.061463,0.100135,0.060593,0.110034
81,100,2,1000,0.060735,0.109247,0.061918,0.101225,0.059285,0.109569
81,100,2,1100,0.143075,0.2679,0.060531,0.100104,0.058973,0.108784
81,100,2,1200,0.062114,0.109056,0.06196,0.10056,0.059239,0.109487
81,100,2,1300,0.142008,0.269781,0.060549,0.100431,0.059779,0.109728
81,100,2,1400,0.142703,0.268517,0.060319,0.101779,0.059813,0.110335
91,100,2,100,0.220595,0.423929,0.073985,0.124727,0.221964,0.425416
91,100,2,200,0.222437,0.437846,0.075578,0.126238,0.221813,0.430395
91,100,2,300,0.220963,0.425987,0.074173,0.12594,0.219926,0.427781
91,100,2,400,0.221969,0.433685,0.073442,0.126032,0.219826,0.425375
91,100,2,500,0.22039,0.422376,0.07369,0.127467,0.219483,0.426319
91,100,2,600,0.218803,0.428341,0.073195,0.125014,0.071582,0.134682
91,100,2,700,0.07192,0.136497,0.073191,0.12541,0.072263,0.135945
91,100,2,800,0.21995,0.431702,0.073139,0.125348,0.071386,0.139623
91,100,2,900,0.219538,0.426215,0.073057,0.126584,0.071726,0.137176
91,100,2,1000,0.219421,0.43097,0.07336,0.125044,0.073456,0.135985
91,100,2,1100,0.072278,0.135768,0.073742,0.126335,0.07137,0.135721
91,100,2,1200,0.071845,0.135943,0.073567,0.126229,0.071434,0.136089
91,100,2,1300,0.219969,0.431654,0.073438,0.125576,0.071378,0.137028
91,100,2,1400,0.231854,0.427102,0.073793,0.125895,0.073397,0.155959
101,100,2,100,0.29635,0.638491,0.100412,0.165209,0.287783,0.563236
101,100,2,200,0.287133,0.553266,0.08965,0.154614,0.285585,0.525513
101,100,2,300,0.269502,0.525512,0.087893,0.155071,0.263683,0.524985
101,100,2,400,0.265168,0.521244,0.089773,0.154337,0.264086,0.51449
101,100,2,500,0.263347,0.517011,0.087456,0.152413,0.261149,0.517007
101,100,2,600,0.086856,0.163909,0.087016,0.152634,0.085868,0.165735
101,100,2,700,0.264376,0.516471,0.087861,0.153203,0.086105,0.166325
101,100,2,800,0.264215,0.518396,0.08908,0.153984,0.086281,0.16409
101,100,2,900,0.205938,0.400107,0.087511,0.152459,0.085782,0.163599
101,100,2,1000,0.205691,0.40126,0.087581,0.152167,0.086312,0.163494
101,100,2,1100,0.204795,0.401633,0.087928,0.152715,0.085659,0.163945
101,100,2,1200,0.088893,0.176126,0.089204,0.154899,0.093044,0.166216
101,100,2,1300,0.209879,0.402629,0.088247,0.152814,0.086515,0.16548
101,100,2,1400,0.206175,0.401419,0.088226,0.153145,0.08674,0.165207
1,100,2,100,0.004335,0.00037,0.004562,0.000169,0.004596,0.000356
1,100,2,200,0.004626,0.000414,0.004522,0.000185,0.005038,0.000578
1,100,2,300,0.004642,0.000422,0.004646,0.000168,0.005446,0.000789
1,100,2,400,0.004922,0.000486,0.004703,0.000188,0.005787,0.000634
1,100,2,500,0.005833,0.000596,0.005057,0.000179,0.005228,0.000844
1,100,2,600,0.004618,0.000643,0.004753,0.000171,0.004423,0.000689
1,100,2,700,0.004715,0.000686,0.005421,0.000256,0.004691,0.000724
1,100,2,800,0.004569,0.000807,0.00572,0.000279,0.004276,0.000918
1,100,2,900,0.005032,0.000865,0.005537,0.00035,0.004384,0.000948
1,100,2,1000,0.004977,0.001108,0.006774,0.000302,0.004357,0.000869
1,100,2,1100,0.005037,0.00091,0.004858,0.000178,0.004102,0.000993
1,100,2,1200,0.004862,0.001467,0.005014,0.00026,0.004206,0.001085
1,100,2,1300,0.006115,0.001203,0.004784,0.000177,0.004092,0.001068
1,100,2,1400,0.006336,0.001047,0.004518,0.000213,0.004218,0.00114
11,100,2,100,0.006045,0.001936,0.004986,0.001589,0.004872,0.001777
11,100,2,200,0.005868,0.002133,0.005022,0.001509,0.005228,0.003165
11,100,2,300,0.005044,0.002829,0.005338,0.001599,0.005889,0.002262
11,100,2,400,0.005039,0.002201,0.006085,0.001775,0.00484,0.002248
11,100,2,500,0.005711,0.002554,0.006015,0.001634,0.004953,0.002414
11,100,2,600,0.005404,0.0035,0.005116,0.00178,0.005664,0.002928
11,100,2,700,0.005734,0.003156,0.005097,0.001516,0.005113,0.003496
11,100,2,800,0.005045,0.003452,0.005523,0.00155,0.005841,0.003208
11,100,2,900,0.005374,0.002739,0.00602,0.001861,0.00535,0.003584
11,100,2,1000,0.005102,0.002872,0.005836,0.00164,0.004739,0.002827
11,100,2,1100,0.005718,0.003102,0.006027,0.001933,0.00487,0.003017
11,100,2,1200,0.005301,0.003965,0.006878,0.00194,0.004991,0.003116
11,100,2,1300,0.00564,0.002992,0.005164,0.001617,0.005249,0.003416
11,100,2,1400,0.005185,0.003201,0.005115,0.001612,0.00517,0.003644
21,100,2,100,0.00751,0.00511,0.00748,0.004729,0.007549,0.006457
21,100,2,200,0.007364,0.006408,0.008455,0.005044,0.007694,0.00539
21,100,2,300,0.007255,0.005386,0.007805,0.005028,0.00767,0.007168
21,100,2,400,0.008286,0.005628,0.007702,0.004937,0.007009,0.005521
21,100,2,500,0.009272,0.005775,0.008149,0.00466,0.007174,0.005585
21,100,2,600,0.007136,0.006675,0.008016,0.005128,0.007429,0.007042
21,100,2,700,0.007518,0.00697,0.007396,0.004781,0.007752,0.006462
21,100,2,800,0.007881,0.007236,0.008217,0.004984,0.007001,0.006029
21,100,2,900,0.008378,0.007153,0.007698,0.005878,0.008375,0.006223
21,100,2,1000,0.007213,0.006121,0.007474,0.005677,0.0081,0.007651
21,100,2,1100,0.009021,0.006917,0.007639,0.004729,0.007153,0.007335
21,100,2,1200,0.007868,0.007392,0.008173,0.005074,0.007464,0.006528
21,100,2,1300,0.007893,0.007629,0.008372,0.005689,0.009191,0.007928
21,100,2,1400,0.00801,0.006822,0.008686,0.006533,0.007707,0.008519
31,100,2,100,0.01042,0.011721,0.010487,0.010498,0.010416,0.011683
31,100,2,200,0.011372,0.01167,0.011467,0.009966,0.011326,0.011835
31,100,2,300,0.01277,0.011051,0.010457,0.01045,0.010229,0.012065
31,100,2,400,0.010627,0.012749,0.011302,0.011441,0.011413,0.011799
31,100,2,500,0.011199,0.012568,0.010639,0.009841,0.010258,0.013605
31,100,2,600,0.011373,0.012256,0.011911,0.010727,0.011395,0.011706
31,100,2,700,0.01106,0.012442,0.01053,0.010987,0.010284,0.012755
31,100,2,800,0.010677,0.012845,0.011926,0.009838,0.011067,0.012253
31,100,2,900,0.011495,0.012502,0.010688,0.011435,0.010352,0.013077
31,100,2,1000,0.010886,0.013713,0.012026,0.00993,0.011827,0.012494
31,100,2,1100,0.010637,0.013121,0.01091,0.011356,0.010262,0.014224
31,100,2,1200,0.011757,0.012794,0.010566,0.011088,0.010017,0.013875
31,100,2,1300,0.010189,0.013,0.011908,0.010182,0.010629,0.012959
31,100,2,1400,0.010763,0.013055,0.010485,0.010438,0.009987,0.014689
41,100,2,100,0.015482,0.021506,0.01596,0.018407,0.014838,0.020414
41,100,2,200,0.015102,0.019762,0.014886,0.018461,0.015221,0.020819
41,100,2,300,0.014953,0.020323,0.01629,0.01789,0.015132,0.02156
41,100,2,400,0.015569,0.020181,0.015644,0.017532,0.015282,0.022038
41,100,2,500,0.015239,0.020024,0.014898,0.018475,0.015269,0.021144
41,100,2,600,0.015204,0.021198,0.016299,0.018572,0.016265,0.02192
41,100,2,700,0.015458,0.021231,0.016555,0.018938,0.014621,0.022221
41,100,2,800,0.015341,0.020472,0.015219,0.019692,0.014832,0.022156
41,100,2,900,0.015178,0.021961,0.015605,0.018619,0.016393,0.022485
41,100,2,1000,0.015058,0.021302,0.015869,0.01949,0.017223,0.021914
41,100,2,1100,0.014468,0.022276,0.016153,0.019842,0.016393,0.020804
41,100,2,1200,0.015189,0.021769,0.015366,0.018587,0.014912,0.023622
41,100,2,1300,0.015159,0.022013,0.015945,0.018965,0.015732,0.022854
41,100,2,1400,0.01541,0.021859,0.015044,0.018242,0.015191,0.023814
51,100,2,100,0.02067,0.029422,0.020733,0.027423,0.020191,0.029402
51,100,2,200,0.019731,0.030126,0.020043,0.02784,0.019217,0.029336
51,100,2,300,0.02017,0.029243,0.02166,0.029883,0.020229,0.029854
51,100,2,400,0.020767,0.030037,0.020648,0.027051,0.020126,0.029738
51,100,2,500,0.020195,0.029272,0.020665,0.027786,0.020107,0.029971
51,100,2,600,0.020066,0.030145,0.020695,0.026757,0.020952,0.031911
51,100,2,700,0.021335,0.030999,0.020206,0.027698,0.019788,0.031956
51,100,2,800,0.020118,0.03128,0.019954,0.027876,0.019366,0.030187
51,100,2,900,0.020086,0.030491,0.020344,0.027512,0.019812,0.030281
51,100,2,1000,0.019852,0.031382,0.020175,0.027513,0.019484,0.030755
51,100,2,1100,0.019679,0.031179,0.02022,0.027723,0.020418,0.031
51,100,2,1200,0.020084,0.031735,0.02035,0.027021,0.020505,0.030277
51,100,2,1300,0.020935,0.030706,0.020373,0.026803,0.02017,0.03161
51,100,2,1400,0.02013,0.032807,0.020659,0.026962,0.020846,0.030841
61,100,2,100,0.025789,0.040955,0.027258,0.03745,0.02544,0.04038
61,100,2,200,0.025838,0.041754,0.028326,0.037907,0.026198,0.040984
61,100,2,300,0.02574,0.041156,0.026884,0.038278,0.025643,0.039968
61,100,2,400,0.025672,0.041144,0.026876,0.038215,0.025166,0.041299
61,100,2,500,0.025613,0.042039,0.027097,0.037665,0.025615,0.041487
61,100,2,600,0.026024,0.044112,0.027047,0.038145,0.025679,0.041993
61,100,2,700,0.026088,0.043166,0.02695,0.038202,0.025579,0.042057
61,100,2,800,0.025807,0.042557,0.028238,0.038227,0.02552,0.041622
61,100,2,900,0.025573,0.04155,0.027189,0.037102,0.025319,0.04149
61,100,2,1000,0.026326,0.042468,0.026739,0.038089,0.026046,0.041845
61,100,2,1100,0.025506,0.043888,0.02776,0.038013,0.025983,0.042684
61,100,2,1200,0.025992,0.042562,0.02715,0.038264,0.025532,0.042078
61,100,2,1300,0.025614,0.044109,0.028194,0.037344,0.025644,0.04239
61,100,2,1400,0.026031,0.043568,0.027198,0.038898,0.025534,0.043239
71,100,2,100,0.033236,0.057412,0.032697,0.050018,0.032139,0.053199
71,100,2,200,0.033384,0.055682,0.032868,0.050359,0.03235,0.053444
71,100,2,300,0.032268,0.05521,0.03246,0.049383,0.032146,0.054751
71,100,2,400,0.032748,0.056606,0.032561,0.050014,0.032028,0.054348
71,100,2,500,0.033372,0.055092,0.032669,0.050364,0.032717,0.0547
71,100,2,600,0.033243,0.057556,0.032587,0.049913,0.032648,0.054864
71,100,2,700,0.033491,0.055816,0.032779,0.049756,0.032434,0.054848
71,100,2,800,0.032382,0.056887,0.032876,0.049312,0.032132,0.054918
71,100,2,900,0.032932,0.056044,0.032761,0.050842,0.032395,0.055656
71,100,2,1000,0.033136,0.056346,0.033002,0.050435,0.033243,0.055282
71,100,2,1100,0.032112,0.056314,0.032914,0.050243,0.03379,0.055152
71,100,2,1200,0.032232,0.056459,0.032807,0.049687,0.032529,0.055334
71,100,2,1300,0.034619,0.057793,0.032442,0.049428,0.033045,0.055557
71,100,2,1400,0.033375,0.056675,0.03291,0.049855,0.032326,0.056201
81,100,2,100,0.042056,0.069633,0.040786,0.064106,0.040985,0.069538
81,100,2,200,0.040828,0.0699,0.040272,0.066065,0.040708,0.069588
81,100,2,300,0.039831,0.068852,0.039916,0.064126,0.0404,0.069606
81,100,2,400,0.041965,0.069557,0.040333,0.064333,0.040098,0.070301
81,100,2,500,0.040988,0.07054,0.039994,0.063874,0.039897,0.070002
81,100,2,600,0.040165,0.07114,0.039944,0.065481,0.039788,0.070151
81,100,2,700,0.040183,0.070868,0.040893,0.064199,0.040089,0.069435
81,100,2,800,0.041473,0.070179,0.040409,0.065311,0.040139,0.06992
81,100,2,900,0.040643,0.07185,0.04031,0.064198,0.039552,0.071154
81,100,2,1000,0.040742,0.070815,0.040886,0.063902,0.040247,0.070432
81,100,2,1100,0.040055,0.070804,0.040316,0.065627,0.039713,0.070558
81,100,2,1200,0.039735,0.072875,0.040155,0.065256,0.040135,0.071307
81,100,2,1300,0.040091,0.071201,0.040406,0.063826,0.039895,0.071278
81,100,2,1400,0.040738,0.072129,0.040394,0.065728,0.040708,0.071565
91,100,2,100,0.049556,0.08708,0.04962,0.079964,0.048463,0.086739
91,100,2,200,0.050082,0.086291,0.04972,0.080932,0.048092,0.085932
91,100,2,300,0.04841,0.088274,0.048455,0.079186,0.048218,0.086764
91,100,2,400,0.048803,0.086298,0.04881,0.078683,0.048083,0.086928
91,100,2,500,0.049506,0.104661,0.048851,0.079913,0.04836,0.086773
91,100,2,600,0.049554,0.087637,0.050283,0.079807,0.049924,0.087027
91,100,2,700,0.049388,0.087216,0.049551,0.0796,0.048363,0.086528
91,100,2,800,0.049862,0.088053,0.048775,0.079885,0.048515,0.087293
91,100,2,900,0.049652,0.088718,0.048869,0.079411,0.048228,0.086565
91,100,2,1000,0.047763,0.086688,0.048409,0.078945,0.048321,0.086878
91,100,2,1100,0.049587,0.08868,0.049384,0.079157,0.049136,0.087365
91,100,2,1200,0.048616,0.088057,0.049029,0.079248,0.048595,0.088536
91,100,2,1300,0.050868,0.088838,0.048991,0.079522,0.048759,0.088591
91,100,2,1400,0.048939,0.088169,0.048395,0.078481,0.048362,0.087271
101,100,2,100,0.058601,0.105637,0.058451,0.096355,0.058334,0.104915
101,100,2,200,0.05953,0.105779,0.058897,0.097839,0.057359,0.104029
101,100,2,300,0.057742,0.106047,0.058759,0.096163,0.057461,0.103995
101,100,2,400,0.058725,0.104701,0.058797,0.096667,0.058041,0.104464
101,100,2,500,0.058127,0.116699,0.05764,0.096881,0.057264,0.104915
101,100,2,600,0.059306,0.106355,0.058389,0.096959,0.057929,0.104586
101,100,2,700,0.05757,0.105715,0.058645,0.097909,0.057551,0.105266
101,100,2,800,0.058331,0.106695,0.058436,0.096624,0.057797,0.106095
101,100,2,900,0.059296,0.106047,0.058156,0.096817,0.057595,0.105403
101,100,2,1000,0.056903,0.106191,0.057818,0.096129,0.05723,0.105453
101,100,2,1100,0.057637,0.106639,0.057701,0.09677,0.056929,0.105962
101,100,2,1200,0.058106,0.107243,0.058857,0.096871,0.057469,0.109916
101,100,2,1300,0.057875,0.106998,0.059231,0.096699,0.057318,0.106935
101,100,2,1400,0.059595,0.107324,0.058937,0.096219,0.057819,0.106903
1,100,2,100,0.002813,0.000188,0.002648,0.000112,0.002492,0.000201
1,100,2,200,0.002562,0.000216,0.002922,0.000133,0.003024,0.000243
1,100,2,300,0.003305,0.000376,0.002745,0.000115,0.00261,0.000289
1,100,2,400,0.002599,0.000357,0.003077,0.000118,0.003172,0.000479
1,100,2,500,0.002736,0.000355,0.002541,0.000116,0.002553,0.00038
1,100,2,600,0.003444,0.000652,0.003247,0.000171,0.002622,0.000453
1,100,2,700,0.002555,0.000437,0.002688,0.00011,0.004029,0.000614
1,100,2,800,0.003484,0.000533,0.002604,0.000112,0.002579,0.000515
1,100,2,900,0.002609,0.000593,0.003862,0.000229,0.002595,0.000648
1,100,2,1000,0.002558,0.000529,0.002578,0.000103,0.003374,0.00088
1,100,2,1100,0.003233,0.000716,0.002583,0.000109,0.002625,0.000724
1,100,2,1200,0.002672,0.000656,0.004163,0.000185,0.002719,0.000825
1,100,2,1300,0.002642,0.000676,0.002561,0.000122,0.003204,0.001145
1,100,2,1400,0.003019,0.000925,0.002522,0.000157,0.002502,0.000849
11,100,2,100,0.00665,0.002719,0.009839,0.002906,0.006489,0.002742
11,100,2,200,0.00611,0.002786,0.009964,0.002524,0.00751,0.002902
11,100,2,300,0.006612,0.002886,0.009812,0.00316,0.006432,0.003121
11,100,2,400,0.006133,0.003562,0.009498,0.002889,0.006423,0.002833
11,100,2,500,0.006279,0.0046,0.009955,0.002507,0.006863,0.00332
11,100,2,600,0.006548,0.00343,0.010372,0.002524,0.006553,0.003534
11,100,2,700,0.007366,0.003178,0.010239,0.002534,0.00612,0.003094
11,100,2,800,0.007565,0.003188,0.010169,0.002644,0.00626,0.003895
11,100,2,900,0.006839,0.00374,0.010016,0.002497,0.007077,0.003357
11,100,2,1000,0.006224,0.003695,0.010057,0.002497,0.006952,0.004157
11,100,2,1100,0.007074,0.003754,0.010268,0.002672,0.007374,0.003648
11,100,2,1200,0.006982,0.003835,0.010119,0.002461,0.007106,0.003578
11,100,2,1300,0.006387,0.004023,0.009571,0.003106,0.006731,0.003755
11,100,2,1400,0.007382,0.003865,0.010862,0.002907,0.006633,0.004756
21,100,2,100,0.010922,0.008812,0.014491,0.008612,0.010953,0.008166
21,100,2,200,0.010415,0.009027,0.014814,0.008705,0.010577,0.008385
21,100,2,300,0.010757,0.008498,0.01409,0.008248,0.01077,0.008644
21,100,2,400,0.010662,0.008989,0.014894,0.007586,0.010338,0.00895
21,100,2,500,0.01064,0.008718,0.014465,0.008227,0.010411,0.008654
21,100,2,600,0.010807,0.008624,0.014299,0.008065,0.010472,0.008868
21,100,2,700,0.010805,0.00881,0.014331,0.008732,0.010139,0.009291
21,100,2,800,0.01076,0.008612,0.014407,0.008633,0.011002,0.008729
21,100,2,900,0.010559,0.00915,0.015362,0.007416,0.010335,0.009747
21,100,2,1000,0.010528,0.009408,0.014626,0.008418,0.010044,0.009345
21,100,2,1100,0.010954,0.008909,0.014921,0.007697,0.010826,0.009013
21,100,2,1200,0.010567,0.008853,0.015144,0.007593,0.010717,0.010308
21,100,2,1300,0.010593,0.009005,0.015475,0.008724,0.010297,0.00979
21,100,2,1400,0.01062,0.009529,0.014724,0.007347,0.010699,0.00969
31,100,2,100,0.015939,0.017113,0.018456,0.015361,0.01537,0.018102
31,100,2,200,0.015148,0.017622,0.019415,0.015965,0.015434,0.017581
31,100,2,300,0.015647,0.017523,0.018512,0.015744,0.014918,0.018304
31,100,2,400,0.015339,0.018197,0.018844,0.015949,0.015511,0.018649
31,100,2,500,0.015616,0.018163,0.018839,0.015504,0.01516,0.018339
31,100,2,600,0.015556,0.018183,0.019109,0.01594,0.014907,0.018413
31,100,2,700,0.01543,0.018869,0.019556,0.01773,0.014982,0.018461
31,100,2,800,0.015136,0.017895,0.018471,0.016376,0.014865,0.018361
31,100,2,900,0.015356,0.018585,0.018418,0.015546,0.014758,0.019215
31,100,2,1000,0.015204,0.018431,0.018896,0.015803,0.015001,0.018256
31,100,2,1100,0.015914,0.019036,0.019142,0.015647,0.014637,0.019086
31,100,2,1200,0.01549,0.018706,0.019869,0.015734,0.015931,0.019783
31,100,2,1300,0.015478,0.018044,0.018215,0.016418,0.015057,0.023441
31,100,2,1400,0.0156,0.017633,0.018587,0.015705,0.016539,0.019099
41,100,2,100,0.021765,0.031744,0.025972,0.029879,0.021899,0.029925
41,100,2,200,0.022056,0.031651,0.025897,0.029477,0.021387,0.031318
41,100,2,300,0.021902,0.0318,0.025698,0.029192,0.0229,0.030913
41,100,2,400,0.021894,0.030487,0.025821,0.030267,0.021945,0.030676
41,100,2,500,0.02182,0.032605,0.026127,0.030963,0.021395,0.032915
41,100,2,600,0.022216,0.032254,0.026566,0.031626,0.02124,0.030898
41,100,2,700,0.021571,0.033166,0.02655,0.030151,0.022044,0.032485
41,100,2,800,0.025066,0.031842,0.025988,0.032217,0.02255,0.03306
41,100,2,900,0.022647,0.031484,0.026251,0.029863,0.02234,0.03253
41,100,2,1000,0.021879,0.03185,0.026325,0.029724,0.022367,0.031856
41,100,2,1100,0.021992,0.032765,0.026778,0.030559,0.021702,0.032462
41,100,2,1200,0.022131,0.033274,0.026029,0.029314,0.022413,0.032121
41,100,2,1300,0.022764,0.031424,0.025581,0.030933,0.02221,0.031807
41,100,2,1400,0.022165,0.033422,0.02643,0.030247,0.022263,0.033802
51,100,2,100,0.030199,0.047411,0.032425,0.043902,0.029402,0.045657
51,100,2,200,0.030381,0.04661,0.032853,0.0421,0.029609,0.046923
51,100,2,300,0.029499,0.046043,0.03237,0.043392,0.029016,0.047289
51,100,2,400,0.02968,0.046946,0.032591,0.043267,0.029411,0.046545
51,100,2,500,0.030532,0.046668,0.033729,0.04277,0.031051,0.047572
51,100,2,600,0.030092,0.046285,0.032756,0.043634,0.029797,0.047342
51,100,2,700,0.029894,0.048061,0.032778,0.043997,0.029129,0.046615
51,100,2,800,0.029122,0.047069,0.032547,0.043589,0.029035,0.047677
51,100,2,900,0.029785,0.048783,0.032262,0.042492,0.029456,0.04905
51,100,2,1000,0.030781,0.047105,0.033139,0.042546,0.030122,0.047924
51,100,2,1100,0.029902,0.047834,0.033729,0.041756,0.029742,0.046744
51,100,2,1200,0.029354,0.048989,0.03212,0.043784,0.028786,0.047605
51,100,2,1300,0.029253,0.048525,0.03237,0.045244,0.028771,0.047983
51,100,2,1400,0.029267,0.046176,0.032928,0.043204,0.029526,0.046073
61,100,2,100,0.038445,0.065548,0.041212,0.059665,0.037668,0.064945
61,100,2,200,0.038132,0.063425,0.041413,0.058215,0.037385,0.063846
61,100,2,300,0.038434,0.064336,0.041076,0.060053,0.037884,0.063763
61,100,2,400,0.038916,0.063076,0.041444,0.059313,0.038202,0.063626
61,100,2,500,0.037823,0.063636,0.040914,0.059209,0.038532,0.065769
61,100,2,600,0.039132,0.06493,0.040827,0.059635,0.037976,0.063749
61,100,2,700,0.037941,0.064512,0.04093,0.060371,0.053988,0.08751
61,100,2,800,0.042405,0.07141,0.043414,0.072941,0.04073,0.069273
61,100,2,900,0.046523,0.071438,0.057019,0.070202,0.040563,0.068689
61,100,2,1000,0.049408,0.088935,0.043853,0.087919,0.040343,0.069267
61,100,2,1100,0.048637,0.074243,0.048221,0.081055,0.039283,0.077614
61,100,2,1200,0.039381,0.064208,0.041977,0.060635,0.038371,0.06592
61,100,2,1300,0.038649,0.064073,0.044524,0.063949,0.040355,0.069819
61,100,2,1400,0.06194,0.099957,0.046455,0.066296,0.048165,0.0947
71,100,2,100,0.049931,0.086107,0.053212,0.08112,0.049868,0.091833
71,100,2,200,0.048641,0.085761,0.052669,0.080819,0.049402,0.085741
71,100,2,300,0.049411,0.085553,0.052355,0.079309,0.048206,0.084262
71,100,2,400,0.048874,0.085056,0.052324,0.080546,0.047992,0.087589
71,100,2,500,0.048593,0.085698,0.052314,0.079124,0.048176,0.085724
71,100,2,600,0.048753,0.085883,0.052583,0.079844,0.04858,0.085532
71,100,2,700,0.049147,0.08535,0.052189,0.078944,0.048275,0.084843
71,100,2,800,0.048172,0.085426,0.052006,0.079109,0.049095,0.08741
71,100,2,900,0.048755,0.085119,0.052081,0.080334,0.049004,0.085974
71,100,2,1000,0.04884,0.086,0.053385,0.080061,0.048227,0.085946
71,100,2,1100,0.04893,0.089425,0.051993,0.079546,0.048578,0.087324
71,100,2,1200,0.049916,0.086783,0.051918,0.080529,0.049049,0.086034
71,100,2,1300,0.049288,0.087804,0.051831,0.078551,0.048084,0.085622
71,100,2,1400,0.049182,0.085071,0.051504,0.078758,0.049381,0.086953
81,100,2,100,0.060058,0.108282,0.063094,0.102105,0.059737,0.107751
81,100,2,200,0.060905,0.109692,0.063342,0.101178,0.059956,0.109842
81,100,2,300,0.060938,0.109228,0.063226,0.102754,0.060063,0.109547
81,100,2,400,0.059668,0.111706,0.063627,0.101491,0.059726,0.109944
81,100,2,500,0.060292,0.108855,0.063586,0.10342,0.059557,0.109386
81,100,2,600,0.062523,0.10946,0.063033,0.102164,0.059784,0.110679
81,100,2,700,0.060343,0.10851,0.063116,0.102951,0.059476,0.109001
81,100,2,800,0.060612,0.110309,0.062656,0.100064,0.060526,0.109828
81,100,2,900,0.060509,0.108907,0.063027,0.103786,0.060486,0.108978
81,100,2,1000,0.060802,0.11043,0.063101,0.100312,0.061437,0.113433
81,100,2,1100,0.059875,0.108946,0.062837,0.103378,0.061224,0.110368
81,100,2,1200,0.060317,0.110632,0.062809,0.101875,0.060304,0.110605
81,100,2,1300,0.059935,0.1087,0.063631,0.10359,0.059364,0.109801
81,100,2,1400,0.059525,0.111889,0.062763,0.101548,0.060046,0.109847
91,100,2,100,0.074528,0.137155,0.075292,0.127303,0.07315,0.135245
91,100,2,200,0.074986,0.137281,0.075649,0.127722,0.073714,0.134964
91,100,2,300,0.073562,0.134653,0.076116,0.126162,0.074649,0.144315
91,100,2,400,0.073304,0.135487,0.076837,0.128765,0.073461,0.136789
91,100,2,500,0.073271,0.135171,0.077279,0.12548,0.072687,0.134497
91,100,2,600,0.07321,0.13626,0.076602,0.126043,0.073203,0.134573
91,100,2,700,0.072785,0.135164,0.076332,0.126779,0.072231,0.134875
91,100,2,800,0.072172,0.142235,0.076377,0.126333,0.071936,0.135632
91,100,2,900,0.073481,0.135546,0.075918,0.125795,0.077247,0.134773
91,100,2,1000,0.072885,0.136252,0.075581,0.126138,0.072677,0.134549
91,100,2,1100,0.072257,0.135991,0.075101,0.124727,0.072125,0.135454
91,100,2,1200,0.072155,0.135041,0.075355,0.125491,0.072337,0.134746
91,100,2,1300,0.073565,0.135819,0.075395,0.125584,0.07204,0.134837
91,100,2,1400,0.072922,0.134907,0.075404,0.124444,0.078071,0.13541
101,100,2,100,0.086756,0.164491,0.090398,0.151137,0.086467,0.16274
101,100,2,200,0.087222,0.17583,0.089025,0.151531,0.086153,0.162823
101,100,2,300,0.086301,0.166494,0.090218,0.152358,0.086871,0.164417
101,100,2,400,0.087623,0.165153,0.090537,0.15207,0.087078,0.165398
101,100,2,500,0.087084,0.167559,0.090729,0.153627,0.086555,0.163449
101,100,2,600,0.08718,0.1641,0.090315,0.151473,0.086886,0.163023
101,100,2,700,0.08671,0.164547,0.089748,0.152354,0.088,0.165181
101,100,2,800,0.087609,0.166053,0.090179,0.152793,0.088046,0.164027
101,100,2,900,0.087771,0.165099,0.09067,0.152057,0.085833,0.164436
101,100,2,1000,0.087074,0.164739,0.089563,0.151891,0.086271,0.164698
101,100,2,1100,0.08835,0.166668,0.089472,0.15285,0.086004,0.165
101,100,2,1200,0.118223,0.224325,0.089114,0.152201,0.087223,0.164674
101,100,2,1300,0.087117,0.164664,0.089531,0.1511,0.085695,0.162572
101,100,2,1400,0.087521,0.1637,0.090056,0.151568,0.085739,0.165419
1,100,2,100,0.00716,0.000503,0.004779,0.000165,0.005712,0.000472
1,100,2,200,0.005903,0.000461,0.004881,0.000206,0.005859,0.000489
1,100,2,300,0.005073,0.00042,0.00518,0.000212,0.004676,0.000552
1,100,2,400,0.004712,0.000469,0.005204,0.000196,0.004596,0.00064
1,100,2,500,0.007251,0.000738,0.005575,0.000211,0.004173,0.000587
1,100,2,600,0.004759,0.000593,0.005952,0.00021,0.004271,0.000692
1,100,2,700,0.004811,0.000633,0.006641,0.000281,0.004129,0.000753
1,100,2,800,0.007462,0.001117,0.00492,0.000227,0.00411,0.000769
1,100,2,900,0.006117,0.001104,0.004973,0.00018,0.004195,0.000859
1,100,2,1000,0.005595,0.000983,0.0047,0.000192,0.004302,0.001621
1,100,2,1100,0.00558,0.000943,0.004668,0.000177,0.005483,0.001119
1,100,2,1200,0.004873,0.000941,0.004782,0.000215,0.005534,0.001207
1,100,2,1300,0.004848,0.000811,0.004731,0.000192,0.005271,0.001032
1,100,2,1400,0.006745,0.001013,0.004919,0.000215,0.005386,0.001232
11,100,2,100,0.004528,0.001791,0.005213,0.001539,0.005402,0.002599
11,100,2,200,0.004707,0.001932,0.006839,0.001717,0.004427,0.001986
11,100,2,300,0.005031,0.002811,0.005254,0.002223,0.004744,0.002142
11,100,2,400,0.00554,0.002643,0.005271,0.001525,0.005331,0.002439
11,100,2,500,0.004587,0.002322,0.006092,0.001689,0.004459,0.00243
11,100,2,600,0.005338,0.00252,0.006064,0.001603,0.004675,0.00257
11,100,2,700,0.005466,0.003095,0.005145,0.00151,0.005499,0.002727
11,100,2,800,0.005321,0.003251,0.00526,0.001529,0.005092,0.002887
11,100,2,900,0.005123,0.002883,0.006184,0.001724,0.004489,0.003945
11,100,2,1000,0.005195,0.002845,0.006168,0.001694,0.004474,0.002895
11,100,2,1100,0.005644,0.003081,0.005979,0.00162,0.004618,0.003198
11,100,2,1200,0.005102,0.003017,0.006062,0.001681,0.005124,0.003263
11,100,2,1300,0.005242,0.003407,0.005347,0.001596,0.005239,0.003176
11,100,2,1400,0.004703,0.002983,0.006227,0.001843,0.004482,0.003875
21,100,2,100,0.007189,0.005634,0.007934,0.004777,0.007954,0.005072
21,100,2,200,0.006985,0.00512,0.007399,0.005156,0.007195,0.005756
21,100,2,300,0.008321,0.007401,0.008133,0.004941,0.007753,0.005402
21,100,2,400,0.007175,0.005515,0.007358,0.005744,0.007802,0.005644
21,100,2,500,0.007574,0.006225,0.008243,0.004715,0.007409,0.005634
21,100,2,600,0.006835,0.005783,0.008478,0.004897,0.007731,0.006268
21,100,2,700,0.008196,0.006043,0.008917,0.004774,0.006881,0.00642
21,100,2,800,0.007898,0.006541,0.007681,0.005533,0.007905,0.006001
21,100,2,900,0.007561,0.006787,0.007379,0.00588,0.0077,0.006745
21,100,2,1000,0.008045,0.006629,0.00811,0.004681,0.006991,0.006129
21,100,2,1100,0.006952,0.008589,0.007686,0.005072,0.00737,0.006939
21,100,2,1200,0.007481,0.006398,0.007633,0.004629,0.006775,0.007055
21,100,2,1300,0.008211,0.008634,0.008585,0.004656,0.007109,0.00644
21,100,2,1400,0.006645,0.007661,0.008272,0.004729,0.007152,0.007653
31,100,2,100,0.010852,0.011602,0.010647,0.011334,0.00976,0.011836
31,100,2,200,0.011391,0.011679,0.010664,0.011029,0.011584,0.011009
31,100,2,300,0.011989,0.012082,0.011223,0.009852,0.010339,0.011927
31,100,2,400,0.011334,0.012088,0.011268,0.011178,0.009762,0.012602
31,100,2,500,0.011477,0.012191,0.011548,0.010443,0.01097,0.01135
31,100,2,600,0.01029,0.012669,0.01054,0.011131,0.010186,0.013285
31,100,2,700,0.010522,0.012967,0.012746,0.009866,0.01165,0.012083
31,100,2,800,0.01075,0.011519,0.010727,0.010528,0.009744,0.013249
31,100,2,900,0.010624,0.013123,0.010717,0.010886,0.011599,0.012008
31,100,2,1000,0.011802,0.012437,0.010718,0.009769,0.010136,0.012432
31,100,2,1100,0.010128,0.012825,0.010962,0.010731,0.009783,0.013429
31,100,2,1200,0.011346,0.012643,0.011689,0.010139,0.010171,0.012385
31,100,2,1300,0.010066,0.013437,0.010555,0.010423,0.010008,0.01388
31,100,2,1400,0.01018,0.013504,0.01178,0.009878,0.010686,0.013189
41,100,2,100,0.01498,0.021917,0.015168,0.018427,0.014489,0.022373
41,100,2,200,0.015922,0.020029,0.014982,0.018385,0.014689,0.022912
41,100,2,300,0.015183,0.019615,0.015456,0.01863,0.015054,0.020767
41,100,2,400,0.014905,0.020898,0.015628,0.018512,0.014886,0.021305
41,100,2,500,0.014992,0.020712,0.01565,0.017839,0.015494,0.022351
41,100,2,600,0.015026,0.020078,0.015279,0.018438,0.014657,0.022176
41,100,2,700,0.015233,0.020661,0.015437,0.018718,0.015278,0.021392
41,100,2,800,0.015263,0.021406,0.016614,0.018186,0.015011,0.023187
41,100,2,900,0.016687,0.020618,0.015052,0.019357,0.014793,0.022695
41,100,2,1000,0.015882,0.022016,0.016129,0.018141,0.014399,0.023983
41,100,2,1100,0.016142,0.02154,0.015872,0.019265,0.015154,0.022127
41,100,2,1200,0.01504,0.022196,0.016253,0.018033,0.014632,0.023453
41,100,2,1300,0.015288,0.022398,0.016759,0.019368,0.015642,0.021796
41,100,2,1400,0.014924,0.021317,0.015428,0.017805,0.014679,0.022244
51,100,2,100,0.020348,0.029087,0.020011,0.027097,0.019284,0.029055
51,100,2,200,0.01946,0.030346,0.020276,0.02668,0.020464,0.029079
51,100,2,300,0.020661,0.030842,0.020794,0.026936,0.020383,0.02922
51,100,2,400,0.02106,0.030514,0.021202,0.026738,0.020133,0.029541
51,100,2,500,0.020273,0.029627,0.020907,0.026594,0.019463,0.029586
51,100,2,600,0.020091,0.030444,0.02038,0.027326,0.019494,0.032651
51,100,2,700,0.020205,0.030646,0.022492,0.028116,0.019361,0.030999
51,100,2,800,0.02001,0.031062,0.020062,0.027922,0.019474,0.030885
51,100,2,900,0.020113,0.03278,0.020105,0.026867,0.019874,0.03141
51,100,2,1000,0.020161,0.030982,0.020831,0.027533,0.02044,0.03065
51,100,2,1100,0.020918,0.03047,0.021,0.026976,0.021014,0.030894
51,100,2,1200,0.020943,0.030724,0.020752,0.026806,0.020397,0.030616
51,100,2,1300,0.019807,0.030763,0.020772,0.027126,0.019776,0.032236
51,100,2,1400,0.021221,0.031545,0.021494,0.027293,0.02012,0.031147
61,100,2,100,0.025716,0.040901,0.028044,0.037911,0.025675,0.040458
61,100,2,200,0.025096,0.040912,0.027056,0.03766,0.025252,0.040709
61,100,2,300,0.025465,0.040791,0.026841,0.038268,0.02595,0.040538
61,100,2,400,0.02577,0.040368,0.02714,0.037373,0.02734,0.042347
61,100,2,500,0.025511,0.041551,0.027278,0.037151,0.025263,0.041584
61,100,2,600,0.025324,0.041788,0.026801,0.038334,0.025543,0.041781
61,100,2,700,0.026028,0.042372,0.027282,0.037435,0.025386,0.040854
61,100,2,800,0.025749,0.042763,0.027335,0.03799,0.025079,0.042498
61,100,2,900,0.025586,0.043217,0.026987,0.037473,0.025221,0.042492
61,100,2,1000,0.025762,0.04199,0.027176,0.038226,0.025865,0.043353
61,100,2,1100,0.025806,0.043457,0.027099,0.038687,0.026158,0.042092
61,100,2,1200,0.025764,0.043152,0.02701,0.03791,0.025968,0.042656
61,100,2,1300,0.025496,0.043049,0.02713,0.038054,0.025338,0.043229
61,100,2,1400,0.026019,0.043902,0.027287,0.037838,0.025274,0.042316
71,100,2,100,0.032646,0.056605,0.033129,0.050625,0.032668,0.053604
71,100,2,200,0.03224,0.054727,0.033288,0.049574,0.031999,0.053911
71,100,2,300,0.032605,0.055988,0.033347,0.050362,0.032657,0.054495
71,100,2,400,0.032666,0.057007,0.033183,0.05044,0.031973,0.055094
71,100,2,500,0.03359,0.057499,0.032812,0.049898,0.03233,0.054873
71,100,2,600,0.032159,0.055746,0.033515,0.04987,0.03212,0.055265
71,100,2,700,0.033499,0.057751,0.032853,0.049863,0.03233,0.055033
71,100,2,800,0.032396,0.056684,0.035775,0.051055,0.032003,0.05556
71,100,2,900,0.03301,0.056251,0.033009,0.050685,0.032608,0.055896
71,100,2,1000,0.032559,0.05682,0.033499,0.050124,0.032577,0.055356
71,100,2,1100,0.032589,0.058458,0.033858,0.050672,0.032794,0.055572
71,100,2,1200,0.032691,0.057935,0.033377,0.05115,0.032815,0.055958
71,100,2,1300,0.032568,0.058086,0.032766,0.050019,0.032275,0.057259
71,100,2,1400,0.032166,0.057899,0.032876,0.049692,0.032096,0.056073
81,100,2,100,0.041579,0.069882,0.040868,0.064374,0.039862,0.069527
81,100,2,200,0.040323,0.070938,0.04055,0.064914,0.039378,0.069005
81,100,2,300,0.04054,0.069128,0.041504,0.068267,0.040866,0.070165
81,100,2,400,0.041456,0.06939,0.040658,0.06404,0.040064,0.070833
81,100,2,500,0.04001,0.069606,0.040554,0.064217,0.040013,0.0696
81,100,2,600,0.040443,0.069717,0.045721,0.065751,0.039321,0.069215
81,100,2,700,0.039872,0.0704,0.040293,0.063925,0.040764,0.070098
81,100,2,800,0.040331,0.070074,0.040577,0.064583,0.040338,0.070686
81,100,2,900,0.040434,0.069954,0.040461,0.06505,0.039846,0.070375
81,100,2,1000,0.040196,0.069851,0.040651,0.063837,0.040257,0.071334
81,100,2,1100,0.039981,0.071205,0.040433,0.064552,0.040036,0.07198
81,100,2,1200,0.04005,0.071417,0.040354,0.063988,0.039883,0.07079
81,100,2,1300,0.041645,0.071723,0.041749,0.065422,0.039682,0.071331
81,100,2,1400,0.040182,0.071366,0.040589,0.065557,0.039545,0.072068
91,100,2,100,0.049966,0.08797,0.049024,0.079908,0.048322,0.086393
91,100,2,200,0.048833,0.085845,0.048578,0.080042,0.048601,0.086188
91,100,2,300,0.049206,0.086737,0.049023,0.078788,0.049229,0.086606
91,100,2,400,0.049429,0.086459,0.04992,0.080532,0.047917,0.087536
91,100,2,500,0.049118,0.08588,0.048784,0.080843,0.047764,0.08661
91,100,2,600,0.049258,0.089228,0.048978,0.079506,0.047991,0.086162
91,100,2,700,0.050812,0.087997,0.049126,0.079625,0.048618,0.087117
91,100,2,800,0.049346,0.089521,0.048915,0.079281,0.048136,0.089
91,100,2,900,0.04839,0.087385,0.048839,0.079716,0.048055,0.087958
91,100,2,1000,0.049732,0.087759,0.048992,0.079481,0.048434,0.086766
91,100,2,1100,0.048171,0.087912,0.048511,0.079705,0.047893,0.08628
91,100,2,1200,0.048047,0.087497,0.049118,0.07889,0.048265,0.087679
91,100,2,1300,0.049193,0.090085,0.048266,0.078745,0.047895,0.087159
91,100,2,1400,0.04832,0.087725,0.050967,0.081673,0.048282,0.087709
101,100,2,100,0.058444,0.1052,0.059003,0.096452,0.05804,0.104517
101,100,2,200,0.057501,0.106058,0.059631,0.097241,0.05724,0.104479
101,100,2,300,0.059509,0.107291,0.061643,0.096588,0.057074,0.104874
101,100,2,400,0.057966,0.106045,0.059179,0.097642,0.057012,0.105499
101,100,2,500,0.058984,0.106973,0.058509,0.096277,0.056869,0.104551
101,100,2,600,0.058061,0.105624,0.057731,0.096703,0.057187,0.104444
101,100,2,700,0.058775,0.107435,0.058564,0.096573,0.057204,0.105735
101,100,2,800,0.057406,0.105668,0.058903,0.096698,0.057076,0.105846
101,100,2,900,0.057972,0.118619,0.064483,0.097423,0.05717,0.105853
101,100,2,1000,0.057335,0.106473,0.058442,0.099197,0.05973,0.107054
101,100,2,1100,0.058113,0.108823,0.058979,0.096349,0.057859,0.107891
101,100,2,1200,0.058643,0.107105,0.059057,0.097042,0.05791,0.106892
101,100,2,1300,0.05864,0.10751,0.059171,0.096453,0.05715,0.107018
101,100,2,1400,0.059195,0.108513,0.05849,0.097228,0.05886,0.107576
1,100,2,100,0.004939,0.000272,0.004637,0.000177,0.005027,0.000286
1,100,2,200,0.005702,0.000456,0.004746,0.000163,0.004478,0.000257
1,100,2,300,0.006182,0.000385,0.004902,0.000207,0.004638,0.00031
1,100,2,400,0.00567,0.000356,0.004644,0.000194,0.004582,0.000253
1,100,2,500,0.006895,0.000395,0.004705,0.000176,0.004575,0.000347
1,100,2,600,0.006528,0.000413,0.004873,0.000263,0.00452,0.000357
1,100,2,700,0.004913,0.000245,0.004621,0.000158,0.005328,0.000286
1,100,2,800,0.005369,0.000342,0.004674,0.000213,0.005587,0.000294
1,100,2,900,0.004933,0.00035,0.004545,0.000159,0.004625,0.000279
1,100,2,1000,0.004633,0.000269,0.004606,0.000164,0.00456,0.000273
1,100,2,1100,0.006431,0.000376,0.004905,0.000178,0.004557,0.000303
1,100,2,1200,0.00532,0.000252,0.004613,0.000174,0.004629,0.000405
1,100,2,1300,0.005511,0.000427,0.004593,0.000162,0.004759,0.000631
1,100,2,1400,0.005624,0.000373,0.004609,0.000179,0.005225,0.000362
11,100,2,100,0.004796,0.001825,0.0051,0.001707,0.00561,0.002059
11,100,2,200,0.00523,0.002133,0.005063,0.001472,0.004924,0.00212
11,100,2,300,0.005121,0.002183,0.006779,0.001523,0.004481,0.002533
11,100,2,400,0.004925,0.002294,0.006146,0.001641,0.004589,0.002228
11,100,2,500,0.005368,0.002876,0.005146,0.001544,0.006395,0.002486
11,100,2,600,0.006288,0.002604,0.005217,0.001549,0.005098,0.002784
11,100,2,700,0.005226,0.002852,0.005724,0.001584,0.005732,0.002922
11,100,2,800,0.005156,0.002719,0.005525,0.002377,0.00448,0.002739
11,100,2,900,0.005506,0.002898,0.006266,0.001555,0.004623,0.0029
11,100,2,1000,0.005466,0.003341,0.005083,0.001535,0.005162,0.003331
11,100,2,1100,0.00548,0.003423,0.00518,0.001547,0.004886,0.003327
11,100,2,1200,0.004997,0.003438,0.006647,0.001574,0.005193,0.003305
11,100,2,1300,0.004854,0.003299,0.006144,0.001908,0.004601,0.004372
11,100,2,1400,0.005027,0.003655,0.005444,0.001799,0.00456,0.00359
21,100,2,100,0.007259,0.005826,0.007744,0.004984,0.00808,0.005703
21,100,2,200,0.007148,0.00521,0.007564,0.004817,0.006803,0.006158
21,100,2,300,0.008677,0.005883,0.007483,0.005377,0.007642,0.005586
21,100,2,400,0.007572,0.005578,0.007486,0.004588,0.006821,0.006189
21,100,2,500,0.007652,0.006186,0.008088,0.00569,0.007739,0.005801
21,100,2,600,0.007128,0.005779,0.007369,0.005494,0.007715,0.006458
21,100,2,700,0.007926,0.007316,0.008267,0.004887,0.007028,0.006084
21,100,2,800,0.007825,0.006597,0.007511,0.006165,0.007541,0.006228
21,100,2,900,0.007657,0.007196,0.007224,0.005214,0.007345,0.006714
21,100,2,1000,0.007651,0.006502,0.008024,0.004705,0.007022,0.006507
21,100,2,1100,0.007245,0.007696,0.008469,0.005369,0.007824,0.006837
21,100,2,1200,0.007602,0.006594,0.007352,0.005237,0.00726,0.007124
21,100,2,1300,0.00888,0.006853,0.008262,0.00477,0.006998,0.006559
21,100,2,1400,0.0067,0.007595,0.007618,0.005643,0.007943,0.007032
31,100,2,100,0.011346,0.012372,0.010951,0.011474,0.010685,0.012421
31,100,2,200,0.012077,0.010894,0.011396,0.010075,0.01065,0.010926
31,100,2,300,0.012194,0.011469,0.010551,0.009849,0.010262,0.011647
31,100,2,400,0.011772,0.011774,0.010344,0.010964,0.010524,0.012606
31,100,2,500,0.011693,0.012904,0.011493,0.009788,0.010554,0.011987
31,100,2,600,0.010607,0.012383,0.010554,0.010813,0.010347,0.013551
31,100,2,700,0.011319,0.012662,0.0117,0.010502,0.010186,0.011642
31,100,2,800,0.011046,0.012588,0.010526,0.010681,0.010043,0.013147
31,100,2,900,0.010456,0.013242,0.012178,0.010119,0.011095,0.013045
31,100,2,1000,0.010293,0.013466,0.010408,0.0114,0.01016,0.014009
31,100,2,1100,0.011079,0.01237,0.011614,0.010472,0.010176,0.01239
31,100,2,1200,0.010555,0.013108,0.01074,0.010928,0.009818,0.013437
31,100,2,1300,0.010972,0.012671,0.01189,0.009998,0.01021,0.012336
31,100,2,1400,0.010639,0.013147,0.010472,0.010996,0.01013,0.013984
41,100,2,100,0.015319,0.020728,0.015709,0.018257,0.014766,0.021727
41,100,2,200,0.014815,0.020731,0.015473,0.01909,0.016005,0.02156
41,100,2,300,0.014605,0.021109,0.016146,0.018509,0.016409,0.022529
41,100,2,400,0.014723,0.020554,0.01593,0.01974,0.014729,0.020935
41,100,2,500,0.014843,0.02153,0.016298,0.018622,0.015212,0.02144
41,100,2,600,0.015344,0.020502,0.016227,0.019124,0.014055,0.022615
41,100,2,700,0.015195,0.021667,0.016073,0.018472,0.014593,0.022424
41,100,2,800,0.015147,0.021507,0.015866,0.018229,0.015124,0.023002
41,100,2,900,0.015427,0.021324,0.015944,0.019851,0.016343,0.021756
41,100,2,1000,0.014644,0.022157,0.016033,0.01845,0.015172,0.022523
41,100,2,1100,0.015331,0.021263,0.015266,0.019121,0.015278,0.022296
41,100,2,1200,0.015683,0.022759,0.016208,0.01857,0.014374,0.022354
41,100,2,1300,0.015348,0.020929,0.014997,0.018839,0.014764,0.02243
41,100,2,1400,0.01538,0.022354,0.015886,0.01894,0.014551,0.022424
51,100,2,100,0.020758,0.028747,0.020758,0.027232,0.019502,0.028667
51,100,2,200,0.019729,0.029179,0.020178,0.026914,0.01939,0.028973
51,100,2,300,0.021082,0.03063,0.020531,0.027317,0.019514,0.029416
51,100,2,400,0.020801,0.03062,0.020811,0.026883,0.020735,0.030304
51,100,2,500,0.019333,0.030846,0.020758,0.027697,0.019518,0.030368
51,100,2,600,0.019472,0.030184,0.020127,0.027104,0.019371,0.029736
51,100,2,700,0.0198,0.031079,0.020041,0.026885,0.01993,0.030514
51,100,2,800,0.020033,0.030017,0.020034,0.026971,0.01968,0.030784
51,100,2,900,0.020484,0.030828,0.020323,0.02783,0.020178,0.030701
51,100,2,1000,0.019732,0.030455,0.020363,0.027251,0.019478,0.030345
51,100,2,1100,0.019299,0.031316,0.020142,0.027942,0.020049,0.031911
51,100,2,1200,0.020049,0.031412,0.020204,0.027448,0.019511,0.031937
51,100,2,1300,0.019971,0.031364,0.019995,0.027235,0.019378,0.03134
51,100,2,1400,0.02047,0.031546,0.02085,0.02701,0.020217,0.030954
61,100,2,100,0.026974,0.040916,0.02874,0.037684,0.02542,0.041654
61,100,2,200,0.025719,0.041715,0.027234,0.037504,0.02558,0.040851
61,100,2,300,0.025269,0.040715,0.027107,0.037477,0.025086,0.040827
61,100,2,400,0.026511,0.041934,0.027797,0.038108,0.025279,0.04081
61,100,2,500,0.025106,0.042384,0.026774,0.037888,0.025255,0.041768
61,100,2,600,0.025336,0.041409,0.027018,0.037616,0.025474,0.041617
61,100,2,700,0.025381,0.041237,0.028204,0.038144,0.02531,0.041014
61,100,2,800,0.025709,0.042115,0.027014,0.037321,0.025033,0.041336
61,100,2,900,0.025824,0.042389,0.028149,0.037159,0.025302,0.041718
61,100,2,1000,0.025625,0.041322,0.027572,0.037118,0.025189,0.041166
61,100,2,1100,0.02554,0.042108,0.026687,0.037006,0.02508,0.042418
61,100,2,1200,0.026062,0.042258,0.02812,0.037659,0.025779,0.042811
61,100,2,1300,0.02565,0.042213,0.026701,0.037405,0.025205,0.042181
61,100,2,1400,0.025468,0.042112,0.026705,0.03744,0.025138,0.043963
71,100,2,100,0.032522,0.055763,0.032834,0.050025,0.032326,0.053612
71,100,2,200,0.032435,0.05492,0.032933,0.049562,0.032627,0.053933
71,100,2,300,0.032298,0.055474,0.032855,0.051032,0.032229,0.053945
71,100,2,400,0.032751,0.055193,0.032633,0.049955,0.032051,0.053799
71,100,2,500,0.033187,0.055501,0.03272,0.049165,0.031835,0.053925
71,100,2,600,0.032591,0.055953,0.033015,0.050345,0.032105,0.054807
71,100,2,700,0.032169,0.05595,0.032669,0.049707,0.033134,0.054864
71,100,2,800,0.034111,0.056201,0.032637,0.049599,0.032141,0.055003
71,100,2,900,0.034815,0.057166,0.03281,0.050321,0.032093,0.054954
71,100,2,1000,0.032661,0.058076,0.034174,0.050482,0.032219,0.05526
71,100,2,1100,0.032655,0.057779,0.03329,0.050636,0.032103,0.056936
71,100,2,1200,0.032131,0.056428,0.032648,0.05004,0.032087,0.055215
71,100,2,1300,0.032329,0.058105,0.032547,0.049685,0.032871,0.056917
71,100,2,1400,0.032936,0.057434,0.033079,0.051223,0.032266,0.056582
81,100,2,100,0.042434,0.069593,0.040912,0.064955,0.03975,0.068868
81,100,2,200,0.039796,0.0695,0.040397,0.063903,0.040329,0.06909
81,100,2,300,0.040299,0.06971,0.040419,0.063861,0.039516,0.070956
81,100,2,400,0.040069,0.069794,0.040186,0.064058,0.039487,0.077426
81,100,2,500,0.040375,0.069451,0.040082,0.063506,0.040701,0.069124
81,100,2,600,0.040157,0.069719,0.040389,0.063852,0.039326,0.070697
81,100,2,700,0.040594,0.070285,0.04009,0.06385,0.039341,0.069701
81,100,2,800,0.041555,0.069878,0.040106,0.06499,0.039582,0.069972
81,100,2,900,0.040556,0.071064,0.040172,0.063818,0.039436,0.069745
81,100,2,1000,0.039731,0.070789,0.040412,0.063971,0.039665,0.070369
81,100,2,1100,0.040593,0.070332,0.040806,0.064674,0.039651,0.070336
81,100,2,1200,0.041456,0.071347,0.041252,0.065837,0.039801,0.071374
81,100,2,1300,0.040828,0.071589,0.040176,0.064262,0.039934,0.07086
81,100,2,1400,0.040469,0.074047,0.040212,0.063767,0.039906,0.077588
91,100,2,100,0.049317,0.086375,0.048722,0.080494,0.0481,0.086239
91,100,2,200,0.048914,0.08801,0.049656,0.080262,0.048403,0.086964
91,100,2,300,0.048898,0.087525,0.049192,0.08005,0.058394,0.144147
91,100,2,400,0.081023,0.10786,0.053995,0.084518,0.051979,0.096451
91,100,2,500,0.063009,0.103801,0.068659,0.115042,0.052351,0.118812
91,100,2,600,0.051659,0.093443,0.052264,0.085788,0.060303,0.105018
91,100,2,700,0.049472,0.087857,0.051037,0.081648,0.048652,0.091862
91,100,2,800,0.060314,0.095935,0.060789,0.115432,0.054838,0.09277
91,100,2,900,0.056611,0.103959,0.050113,0.08407,0.049061,0.089272
91,100,2,1000,0.050469,0.090557,0.049647,0.081375,0.04901,0.089529
91,100,2,1100,0.051943,0.089946,0.050217,0.081435,0.049944,0.089015
91,100,2,1200,0.049952,0.089875,0.050075,0.082997,0.04884,0.089106
91,100,2,1300,0.050006,0.092055,0.049784,0.08237,0.049116,0.087974
91,100,2,1400,0.049435,0.090563,0.049206,0.080999,0.048904,0.090472
101,100,2,100,0.059191,0.106687,0.059602,0.097465,0.058618,0.104751
101,100,2,200,0.05947,0.107244,0.060522,0.099955,0.059736,0.105768
101,100,2,300,0.057913,0.106136,0.058715,0.098024,0.058348,0.105417
101,100,2,400,0.059058,0.10736,0.060098,0.097633,0.058267,0.105422
101,100,2,500,0.060023,0.107407,0.058738,0.097192,0.058778,0.105745
101,100,2,600,0.05934,0.107127,0.059914,0.099034,0.058029,0.106927
101,100,2,700,0.059975,0.107458,0.058888,0.09784,0.058035,0.106362
101,100,2,800,0.058657,0.106831,0.059636,0.098241,0.057999,0.106324
101,100,2,900,0.05929,0.10785,0.058383,0.097182,0.057311,0.106193
101,100,2,1000,0.059169,0.106928,0.058588,0.097274,0.058186,0.106095
101,100,2,1100,0.058574,0.108706,0.058954,0.097481,0.057643,0.107104
101,100,2,1200,0.059121,0.107019,0.059272,0.098797,0.057394,0.106359
101,100,2,1300,0.058798,0.109311,0.058942,0.097017,0.057985,0.107953
101,100,2,1400,0.05926,0.108125,0.059832,0.098049,0.05727,0.107343
1,100,2,100,0.004145,0.00031,0.004506,0.000194,0.00453,0.000353
1,100,2,200,0.004467,0.000417,0.005048,0.000212,0.004534,0.000458
1,100,2,300,0.004038,0.000432,0.005296,0.000313,0.004728,0.00055
1,100,2,400,0.003854,0.000444,0.004645,0.000261,0.005144,0.000672
1,100,2,500,0.003937,0.0005,0.005288,0.000224,0.004762,0.00069
1,100,2,600,0.003928,0.000616,0.004527,0.000175,0.00423,0.000837
1,100,2,700,0.004086,0.000611,0.004489,0.000161,0.004136,0.000819
1,100,2,800,0.004971,0.000953,0.004695,0.00016,0.003879,0.000772
1,100,2,900,0.004063,0.000847,0.004453,0.000177,0.004877,0.000978
1,100,2,1000,0.004628,0.000945,0.004485,0.000158,0.00454,0.001215
1,100,2,1100,0.004232,0.001209,0.00451,0.000167,0.003995,0.001162
1,100,2,1200,0.004125,0.000915,0.004537,0.000171,0.003936,0.00107
1,100,2,1300,0.004945,0.001351,0.004597,0.000191,0.003874,0.001257
1,100,2,1400,0.004332,0.001166,0.004496,0.00018,0.003953,0.001277
11,100,2,100,0.008411,0.003161,0.005225,0.001771,0.00858,0.002823
11,100,2,200,0.008247,0.003236,0.004855,0.001591,0.032737,0.009318
11,100,2,300,0.008966,0.003262,0.006277,0.001634,0.033529,0.008159
11,100,2,400,0.00856,0.003677,0.004708,0.001487,0.0333,0.009473
11,100,2,500,0.020953,0.007377,0.005665,0.002097,0.04535,0.0156
11,100,2,600,0.014681,0.006909,0.008136,0.003272,0.041137,0.015004
11,100,2,700,0.028466,0.009394,0.005048,0.002395,0.031567,0.011289
11,100,2,800,0.023872,0.007676,0.004883,0.001555,0.03175,0.011643
11,100,2,900,0.036559,0.011333,0.004973,0.002045,0.032046,0.012618
11,100,2,1000,0.009168,0.00502,0.004755,0.001598,0.03222,0.012944
11,100,2,1100,0.022199,0.00942,0.004786,0.001566,0.033108,0.012373
11,100,2,1200,0.021237,0.009662,0.00482,0.001543,0.033007,0.01354
11,100,2,1300,0.023605,0.010183,0.005696,0.001704,0.033626,0.01299
11,100,2,1400,0.030453,0.011415,0.00542,0.001597,0.032146,0.013192
21,100,2,100,0.008262,0.005511,0.007653,0.004722,0.006883,0.00602
21,100,2,200,0.007305,0.00578,0.008474,0.005401,0.007844,0.006221
21,100,2,300,0.007032,0.005506,0.008233,0.004878,0.007069,0.005857
21,100,2,400,0.007787,0.006241,0.008183,0.005793,0.006853,0.005206
21,100,2,500,0.007021,0.00616,0.008188,0.006273,0.0075,0.005925
21,100,2,600,0.007851,0.005581,0.007558,0.004812,0.006811,0.006223
21,100,2,700,0.007922,0.006304,0.00821,0.005122,0.007867,0.00552
21,100,2,800,0.007013,0.005449,0.007426,0.005393,0.007602,0.00554
21,100,2,900,0.007811,0.00689,0.008512,0.004887,0.007354,0.005413
21,100,2,1000,0.007203,0.006735,0.008299,0.00493,0.006862,0.007184
21,100,2,1100,0.008167,0.006493,0.007426,0.004963,0.006997,0.006027
21,100,2,1200,0.007391,0.006632,0.008373,0.00555,0.007685,0.006144
21,100,2,1300,0.008036,0.008105,0.007845,0.005336,0.006936,0.006655
21,100,2,1400,0.00809,0.00575,0.007905,0.004777,0.0067,0.006716
31,100,2,100,0.033891,0.02985,0.011892,0.010737,0.009881,0.01212
31,100,2,200,0.02555,0.025079,0.010566,0.010212,0.010013,0.011983
31,100,2,300,0.010499,0.011896,0.010398,0.012314,0.011359,0.01169
31,100,2,400,0.033408,0.034025,0.011656,0.009841,0.010389,0.011787
31,100,2,500,0.010281,0.012962,0.01085,0.011275,0.009998,0.01217
31,100,2,600,0.012008,0.01134,0.011727,0.011159,0.010059,0.011947
31,100,2,700,0.036293,0.033125,0.010774,0.010572,0.01141,0.012102
31,100,2,800,0.011138,0.012509,0.010991,0.010095,0.010111,0.013093
31,100,2,900,0.01058,0.012994,0.01155,0.011055,0.011807,0.011572
31,100,2,1000,0.010864,0.013683,0.010606,0.01051,0.0098,0.013571
31,100,2,1100,0.034366,0.033683,0.011768,0.010701,0.010222,0.012224
31,100,2,1200,0.010211,0.013163,0.011253,0.011176,0.010718,0.013548
31,100,2,1300,0.011973,0.013197,0.010453,0.010895,0.01058,0.013366
31,100,2,1400,0.024699,0.030061,0.012351,0.010007,0.011341,0.013283
41,100,2,100,0.014744,0.02105,0.01516,0.018854,0.014729,0.021491
41,100,2,200,0.014963,0.020778,0.015774,0.018752,0.014623,0.021856
41,100,2,300,0.015156,0.020128,0.015164,0.018416,0.014729,0.022444
41,100,2,400,0.015483,0.02116,0.015406,0.018535,0.01467,0.021465
41,100,2,500,0.014668,0.021002,0.01522,0.01815,0.014494,0.023355
41,100,2,600,0.015026,0.021811,0.015302,0.018253,0.014931,0.022559
41,100,2,700,0.015338,0.022816,0.016504,0.018453,0.015606,0.022192
41,100,2,800,0.015577,0.0221,0.015153,0.019114,0.0152,0.022046
41,100,2,900,0.014879,0.022152,0.015442,0.018169,0.014725,0.024144
41,100,2,1000,0.015586,0.022186,0.015376,0.018613,0.014961,0.022776
41,100,2,1100,0.015003,0.022262,0.015981,0.018552,0.014774,0.023975
41,100,2,1200,0.015461,0.02227,0.015611,0.018605,0.015217,0.023072
41,100,2,1300,0.015229,0.023609,0.015792,0.018692,0.014687,0.024184
41,100,2,1400,0.015452,0.022987,0.015893,0.01894,0.015415,0.023375
51,100,2,100,0.020099,0.029153,0.021152,0.02771,0.021744,0.03035
51,100,2,200,0.02093,0.030223,0.020826,0.027059,0.01997,0.030166
51,100,2,300,0.019924,0.030403,0.020482,0.028588,0.019969,0.030307
51,100,2,400,0.02124,0.032289,0.020772,0.028401,0.019274,0.031048
51,100,2,500,0.019877,0.029821,0.02065,0.027732,0.019563,0.030537
51,100,2,600,0.020335,0.031212,0.020627,0.027662,0.019639,0.03119
51,100,2,700,0.019999,0.031408,0.020006,0.028129,0.0202,0.030609
51,100,2,800,0.020464,0.032401,0.020818,0.027938,0.020281,0.031592
51,100,2,900,0.019938,0.03094,0.020228,0.02724,0.019473,0.030928
51,100,2,1000,0.019586,0.03474,0.02048,0.028391,0.020789,0.032438
51,100,2,1100,0.020735,0.032336,0.021134,0.028028,0.019743,0.031511
51,100,2,1200,0.020871,0.03261,0.021914,0.027551,0.019543,0.032264
51,100,2,1300,0.020093,0.032693,0.021146,0.028132,0.02009,0.032544
51,100,2,1400,0.020457,0.033487,0.02019,0.027457,0.019491,0.03288
61,100,2,100,0.025198,0.042203,0.027587,0.039281,0.025409,0.041761
61,100,2,200,0.025379,0.040609,0.027117,0.038209,0.025093,0.041047
61,100,2,300,0.025036,0.042072,0.027847,0.039394,0.025891,0.040547
61,100,2,400,0.025605,0.042892,0.026386,0.038273,0.025364,0.041782
61,100,2,500,0.026015,0.041945,0.026946,0.03756,0.025054,0.042459
61,100,2,600,0.025391,0.04144,0.026918,0.037512,0.025221,0.042133
61,100,2,700,0.025979,0.041886,0.026338,0.037396,0.025108,0.04127
61,100,2,800,0.025619,0.042905,0.026953,0.037638,0.025269,0.042192
61,100,2,900,0.025725,0.04242,0.026607,0.037349,0.025432,0.042639
61,100,2,1000,0.025742,0.04264,0.026631,0.0374,0.025671,0.04302
61,100,2,1100,0.025783,0.043397,0.026744,0.037916,0.025012,0.042687
61,100,2,1200,0.025489,0.043107,0.027975,0.037708,0.025116,0.043561
61,100,2,1300,0.026573,0.044102,0.026587,0.038039,0.0251,0.043208
61,100,2,1400,0.025799,0.046252,0.026608,0.037267,0.025339,0.043531
71,100,2,100,0.0322,0.055784,0.03298,0.050133,0.032067,0.05381
71,100,2,200,0.032147,0.054696,0.032877,0.049909,0.032221,0.054651
71,100,2,300,0.032863,0.056244,0.032647,0.050313,0.032064,0.054438
71,100,2,400,0.032191,0.056896,0.033131,0.050209,0.0323,0.05714
71,100,2,500,0.032394,0.055426,0.033292,0.04998,0.032688,0.054591
71,100,2,600,0.033011,0.056196,0.032507,0.049872,0.031991,0.055042
71,100,2,700,0.032751,0.057134,0.032822,0.049814,0.032237,0.055069
71,100,2,800,0.031903,0.056792,0.037323,0.051973,0.03212,0.057727
71,100,2,900,0.032746,0.057305,0.032746,0.050216,0.031982,0.05671
71,100,2,1000,0.032044,0.058212,0.032723,0.051728,0.032195,0.057103
71,100,2,1100,0.033235,0.059083,0.032832,0.049828,0.032101,0.057016
71,100,2,1200,0.033188,0.057806,0.033326,0.050587,0.032162,0.057085
71,100,2,1300,0.032712,0.057994,0.032691,0.050074,0.032915,0.056977
71,100,2,1400,0.032207,0.057972,0.0326,0.050603,0.032136,0.057384
81,100,2,100,0.041464,0.070202,0.040429,0.065122,0.040119,0.069804
81,100,2,200,0.040554,0.071973,0.040455,0.066156,0.039923,0.069605
81,100,2,300,0.039717,0.069266,0.040219,0.064809,0.039473,0.069409
81,100,2,400,0.040795,0.069411,0.040472,0.064946,0.039214,0.069833
81,100,2,500,0.040748,0.071041,0.040395,0.064518,0.039637,0.072409
81,100,2,600,0.041052,0.070689,0.042887,0.065193,0.039867,0.070445
81,100,2,700,0.040942,0.070777,0.040153,0.064725,0.039366,0.070332
81,100,2,800,0.040384,0.071876,0.040057,0.06393,0.039372,0.071762
81,100,2,900,0.040214,0.071663,0.04063,0.064602,0.039131,0.072224
81,100,2,1000,0.039566,0.071814,0.04028,0.068276,0.039718,0.071999
81,100,2,1100,0.039614,0.072304,0.040215,0.064451,0.039819,0.072707
81,100,2,1200,0.04033,0.072537,0.040495,0.065364,0.040504,0.071896
81,100,2,1300,0.040316,0.073298,0.040296,0.065955,0.039164,0.074453
81,100,2,1400,0.040212,0.073363,0.039797,0.065514,0.039954,0.073697
91,100,2,100,0.049227,0.087055,0.048584,0.080036,0.047963,0.086298
91,100,2,200,0.049591,0.087183,0.048798,0.07975,0.049188,0.087642
91,100,2,300,0.048418,0.086996,0.049365,0.080222,0.047872,0.086643
91,100,2,400,0.048267,0.086891,0.048788,0.07941,0.047841,0.087001
91,100,2,500,0.049618,0.088172,0.048783,0.079623,0.048148,0.087009
91,100,2,600,0.048568,0.087514,0.048645,0.0799,0.047909,0.087085
91,100,2,700,0.0494,0.088693,0.04904,0.080905,0.048815,0.089241
91,100,2,800,0.07309,0.102457,0.053285,0.098497,0.051746,0.095032
91,100,2,900,0.051787,0.09556,0.075338,0.088985,0.080407,0.095514
91,100,2,1000,0.058391,0.126795,0.053025,0.121959,0.05166,0.107915
91,100,2,1100,0.05189,0.092431,0.050383,0.081683,0.04855,0.089148
91,100,2,1200,0.05214,0.093491,0.055771,0.087921,0.061607,0.100216
91,100,2,1300,0.053011,0.100709,0.050896,0.093683,0.049372,0.09072
91,100,2,1400,0.04939,0.092465,0.049792,0.082471,0.050227,0.090652
101,100,2,100,0.060002,0.107925,0.059378,0.099024,0.060878,0.106412
101,100,2,200,0.062396,0.119041,0.058188,0.097963,0.057711,0.106983
101,100,2,300,0.057966,0.106701,0.059646,0.09912,0.057252,0.106122
101,100,2,400,0.057898,0.108769,0.059527,0.097821,0.057821,0.107251
101,100,2,500,0.058311,0.106931,0.059355,0.097834,0.05743,0.10646
101,100,2,600,0.059131,0.107398,0.058969,0.096885,0.057197,0.106539
101,100,2,700,0.059008,0.107332,0.058998,0.096733,0.057062,0.1067
101,100,2,800,0.058335,0.108437,0.058503,0.09782,0.05721,0.107209
101,100,2,900,0.06113,0.110795,0.058629,0.097914,0.059534,0.108467
101,100,2,1000,0.059687,0.109006,0.060889,0.097923,0.057179,0.10797
101,100,2,1100,0.059282,0.109101,0.058356,0.096819,0.058496,0.108736
101,100,2,1200,0.0582,0.109645,0.060429,0.097512,0.05756,0.10882
101,100,2,1300,0.059717,0.110938,0.059502,0.097231,0.057654,0.109544
101,100,2,1400,0.058968,0.110576,0.059583,0.098836,0.080899,0.128219
1,100,2,100,0.005889,0.000267,0.005579,0.00016,0.006489,0.000312
1,100,2,200,0.005837,0.000296,0.007282,0.000227,0.005757,0.000301
1,100,2,300,0.006435,0.000426,0.005878,0.000215,0.005851,0.000378
1,100,2,400,0.006912,0.000411,0.006784,0.000251,0.006701,0.000383
1,100,2,500,0.005882,0.000295,0.006079,0.000186,0.006616,0.000421
1,100,2,600,0.005704,0.000295,0.006803,0.00025,0.005901,0.000314
1,100,2,700,0.006544,0.000423,0.00586,0.000182,0.005803,0.000327
1,100,2,800,0.006939,0.000345,0.005636,0.000157,0.006804,0.000425
1,100,2,900,0.006139,0.000322,0.005608,0.000153,0.007267,0.000535
1,100,2,1000,0.00574,0.000326,0.006274,0.000206,0.005871,0.000301
1,100,2,1100,0.005669,0.000382,0.006957,0.000281,0.005677,0.000344
1,100,2,1200,0.007189,0.000448,0.005773,0.000191,0.006393,0.000446
1,100,2,1300,0.006124,0.000345,0.005548,0.000164,0.007214,0.000432
1,100,2,1400,0.005642,0.000339,0.007104,0.000213,0.006098,0.00036
11,100,2,100,0.005559,0.002217,0.005442,0.001561,0.006344,0.001854
11,100,2,200,0.005856,0.001986,0.006221,0.001766,0.004839,0.002089
11,100,2,300,0.005612,0.002179,0.00614,0.001609,0.004794,0.002135
11,100,2,400,0.005256,0.002737,0.005239,0.001515,0.00574,0.002336
11,100,2,500,0.005516,0.00282,0.005455,0.00149,0.005862,0.002502
11,100,2,600,0.005068,0.002437,0.006123,0.001814,0.004906,0.003691
11,100,2,700,0.005143,0.002612,0.006546,0.001625,0.004755,0.002677
11,100,2,800,0.005859,0.00314,0.006325,0.002033,0.004924,0.002749
11,100,2,900,0.005257,0.003452,0.005431,0.001577,0.005426,0.003205
11,100,2,1000,0.006337,0.003123,0.005372,0.001534,0.005582,0.003481
11,100,2,1100,0.005659,0.003509,0.005884,0.002023,0.005206,0.004086
11,100,2,1200,0.00531,0.00371,0.005547,0.001478,0.005549,0.003404
11,100,2,1300,0.005079,0.004008,0.005843,0.001552,0.006079,0.0036
11,100,2,1400,0.005319,0.003481,0.006104,0.00159,0.005361,0.004074
21,100,2,100,0.007757,0.005345,0.0083,0.00482,0.007509,0.005086
21,100,2,200,0.006988,0.005838,0.008007,0.004839,0.007652,0.006042
21,100,2,300,0.008744,0.005481,0.008251,0.004746,0.007327,0.005374
21,100,2,400,0.007012,0.006113,0.008337,0.005452,0.008247,0.006335
21,100,2,500,0.007651,0.005936,0.00763,0.00477,0.007417,0.005895
21,100,2,600,0.007532,0.00652,0.008229,0.005084,0.007804,0.005913
21,100,2,700,0.007468,0.005804,0.00783,0.005158,0.007609,0.007297
21,100,2,800,0.008127,0.00615,0.008298,0.004623,0.007056,0.006527
21,100,2,900,0.007925,0.007654,0.008194,0.005259,0.008579,0.006172
21,100,2,1000,0.007141,0.006583,0.007685,0.005274,0.008077,0.007175
21,100,2,1100,0.009061,0.00691,0.007822,0.004717,0.006989,0.007304
21,100,2,1200,0.007909,0.007436,0.008103,0.005058,0.007261,0.006915
21,100,2,1300,0.007552,0.008239,0.008305,0.005206,0.008459,0.006986
21,100,2,1400,0.007486,0.006782,0.007506,0.005074,0.007388,0.007747
31,100,2,100,0.011135,0.011905,0.010468,0.010636,0.010299,0.012398
31,100,2,200,0.01203,0.011632,0.010821,0.01041,0.011444,0.011433
31,100,2,300,0.011854,0.011981,0.011358,0.009862,0.010472,0.012165
31,100,2,400,0.010797,0.012088,0.010624,0.011338,0.01139,0.011732
31,100,2,500,0.012223,0.011627,0.011552,0.010639,0.010515,0.011264
31,100,2,600,0.010913,0.012629,0.011287,0.01124,0.010326,0.012672
31,100,2,700,0.011663,0.011837,0.011725,0.010118,0.010647,0.011574
31,100,2,800,0.01109,0.012968,0.011421,0.010162,0.011482,0.011832
31,100,2,900,0.012054,0.013028,0.010657,0.010232,0.010846,0.01353
31,100,2,1000,0.010809,0.013428,0.012076,0.009827,0.011291,0.012975
31,100,2,1100,0.010572,0.012758,0.011194,0.011526,0.010471,0.013431
31,100,2,1200,0.01134,0.012651,0.011298,0.010109,0.010903,0.012432
31,100,2,1300,0.010843,0.01308,0.010972,0.01068,0.010547,0.013592
31,100,2,1400,0.011377,0.012913,0.01176,0.009955,0.010456,0.012719
41,100,2,100,0.014846,0.021801,0.016413,0.017871,0.014958,0.020912
41,100,2,200,0.015021,0.020136,0.015338,0.018595,0.01531,0.020916
41,100,2,300,0.01518,0.020776,0.01551,0.01811,0.015267,0.020831
41,100,2,400,0.015355,0.021772,0.015917,0.018931,0.014821,0.022023
41,100,2,500,0.015583,0.020713,0.01546,0.019133,0.015459,0.021568
41,100,2,600,0.014966,0.020776,0.015528,0.018759,0.015454,0.021243
41,100,2,700,0.015234,0.021749,0.016098,0.01812,0.014886,0.022213
41,100,2,800,0.016421,0.020446,0.016556,0.018792,0.015002,0.022482
41,100,2,900,0.015805,0.021026,0.015961,0.017867,0.014917,0.02226
41,100,2,1000,0.016288,0.023428,0.015698,0.018691,0.0162,0.02198
41,100,2,1100,0.015344,0.022435,0.015997,0.01834,0.015825,0.022822
41,100,2,1200,0.015319,0.021338,0.015683,0.019494,0.016052,0.021978
41,100,2,1300,0.015358,0.022544,0.016226,0.018449,0.015501,0.023132
41,100,2,1400,0.015879,0.021776,0.015543,0.019552,0.016447,0.022409
51,100,2,100,0.020904,0.02901,0.020246,0.027341,0.019478,0.029728
51,100,2,200,0.019847,0.030227,0.020201,0.027569,0.019639,0.029648
51,100,2,300,0.020035,0.029785,0.020819,0.027133,0.020731,0.031184
51,100,2,400,0.019904,0.0302,0.020838,0.026647,0.020184,0.030434
51,100,2,500,0.021144,0.03031,0.020969,0.027613,0.020284,0.029382
51,100,2,600,0.020843,0.030693,0.021457,0.027231,0.02038,0.030366
51,100,2,700,0.021375,0.030299,0.022681,0.02764,0.019548,0.03001
51,100,2,800,0.019756,0.030952,0.020202,0.027778,0.019552,0.030121
51,100,2,900,0.020012,0.030217,0.020703,0.027402,0.019992,0.037953
51,100,2,1000,0.03712,0.061965,0.021166,0.028226,0.02131,0.032451
51,100,2,1100,0.028082,0.04328,0.020947,0.030486,0.020914,0.031643
51,100,2,1200,0.020671,0.032406,0.021776,0.027283,0.020109,0.031568
51,100,2,1300,0.0203,0.032252,0.020758,0.027176,0.020308,0.031414
51,100,2,1400,0.020462,0.031654,0.021029,0.027749,0.020286,0.031905
61,100,2,100,0.027117,0.041615,0.027376,0.03815,0.025828,0.040897
61,100,2,200,0.025937,0.042447,0.026915,0.038065,0.025646,0.041081
61,100,2,300,0.026174,0.042398,0.027554,0.038573,0.025854,0.040686
61,100,2,400,0.026042,0.042522,0.027319,0.037851,0.026134,0.041866
61,100,2,500,0.025829,0.041784,0.027333,0.037965,0.025528,0.041526
61,100,2,600,0.026504,0.042064,0.028647,0.03773,0.025564,0.041847
61,100,2,700,0.02588,0.043019,0.027783,0.038137,0.025484,0.04225
61,100,2,800,0.026314,0.045124,0.028539,0.038045,0.025615,0.042494
61,100,2,900,0.025639,0.043949,0.027986,0.039076,0.027018,0.042982
61,100,2,1000,0.025854,0.043265,0.028532,0.038147,0.025813,0.042369
61,100,2,1100,0.025827,0.043614,0.028941,0.03919,0.026541,0.051256
61,100,2,1200,0.026309,0.044225,0.027521,0.038431,0.026595,0.042329
61,100,2,1300,0.02615,0.044154,0.027353,0.039025,0.025944,0.042944
61,100,2,1400,0.02611,0.04341,0.026859,0.038502,0.02581,0.042657
71,100,2,100,0.032996,0.056218,0.034271,0.052011,0.032501,0.053766
71,100,2,200,0.033219,0.054637,0.032808,0.052921,0.032517,0.05442
71,100,2,300,0.033619,0.054828,0.032999,0.050363,0.032903,0.054126
71,100,2,400,0.03267,0.055391,0.0335,0.050294,0.032557,0.054612
71,100,2,500,0.03487,0.055731,0.032829,0.050553,0.032969,0.055227
71,100,2,600,0.032802,0.056814,0.033799,0.051014,0.032899,0.054955
71,100,2,700,0.033567,0.057083,0.03298,0.049667,0.033412,0.05623
71,100,2,800,0.032504,0.057136,0.033271,0.050222,0.033321,0.059766
71,100,2,900,0.033965,0.057453,0.032749,0.050741,0.032713,0.055917
71,100,2,1000,0.032885,0.056783,0.034852,0.052399,0.032559,0.056137
71,100,2,1100,0.032883,0.057038,0.03282,0.05018,0.033924,0.055152
71,100,2,1200,0.033058,0.056495,0.033318,0.050527,0.032612,0.055325
71,100,2,1300,0.03366,0.058023,0.033018,0.050401,0.032948,0.055924
71,100,2,1400,0.032985,0.058413,0.033559,0.051577,0.033239,0.056853
81,100,2,100,0.043361,0.070781,0.04137,0.064856,0.040532,0.070411
81,100,2,200,0.040633,0.068964,0.040282,0.066433,0.040022,0.069939
81,100,2,300,0.040574,0.070353,0.040693,0.064105,0.040239,0.069249
81,100,2,400,0.0407,0.070079,0.040973,0.065821,0.041053,0.069907
81,100,2,500,0.040232,0.069208,0.040505,0.064789,0.040915,0.070939
81,100,2,600,0.040513,0.070624,0.040571,0.064895,0.040242,0.069795
81,100,2,700,0.041188,0.070119,0.040663,0.064178,0.040131,0.07016
81,100,2,800,0.041329,0.071213,0.040562,0.06427,0.040259,0.073052
81,100,2,900,0.040553,0.070552,0.040896,0.065708,0.040352,0.072443
81,100,2,1000,0.041947,0.071144,0.041185,0.064709,0.040637,0.07208
81,100,2,1100,0.041163,0.072693,0.040651,0.06652,0.040426,0.071853
81,100,2,1200,0.040526,0.0713,0.040568,0.065159,0.040221,0.07099
81,100,2,1300,0.040585,0.072222,0.041739,0.066554,0.040356,0.071971
81,100,2,1400,0.040401,0.071168,0.040799,0.066588,0.040915,0.071448
91,100,2,100,0.049611,0.086007,0.049343,0.082773,0.048906,0.085744
91,100,2,200,0.049253,0.089176,0.049317,0.079648,0.048214,0.086122
91,100,2,300,0.048233,0.086847,0.04908,0.079522,0.049284,0.087073
91,100,2,400,0.049941,0.08786,0.049364,0.079673,0.048579,0.086995
91,100,2,500,0.048754,0.087083,0.049137,0.080255,0.048781,0.088537
91,100,2,600,0.048203,0.086828,0.048951,0.080954,0.048854,0.086755
91,100,2,700,0.049066,0.08827,0.049473,0.080553,0.048877,0.08726
91,100,2,800,0.049493,0.089211,0.049773,0.080211,0.048717,0.087374
91,100,2,900,0.048439,0.086852,0.04913,0.079139,0.048475,0.086899
91,100,2,1000,0.049342,0.088926,0.049173,0.080791,0.048417,0.087976
91,100,2,1100,0.048875,0.08781,0.048836,0.079587,0.048098,0.088246
91,100,2,1200,0.048694,0.088403,0.049419,0.079306,0.048735,0.087936
91,100,2,1300,0.049155,0.088604,0.048602,0.079028,0.048412,0.087439
91,100,2,1400,0.049091,0.088979,0.050585,0.079254,0.048289,0.088365
101,100,2,100,0.058632,0.104856,0.058876,0.096154,0.058597,0.10369
101,100,2,200,0.057644,0.105332,0.060088,0.096412,0.058079,0.104696
101,100,2,300,0.058209,0.105989,0.05983,0.09752,0.057727,0.105307
101,100,2,400,0.057874,0.10559,0.059435,0.099316,0.058449,0.105815
101,100,2,500,0.059345,0.109167,0.058583,0.097699,0.057601,0.105199
101,100,2,600,0.059454,0.107771,0.058507,0.097224,0.058718,0.105083
101,100,2,700,0.058461,0.107406,0.058798,0.097285,0.05773,0.105981
101,100,2,800,0.057778,0.107767,0.059448,0.096858,0.057102,0.106328
101,100,2,900,0.058427,0.105715,0.059063,0.097445,0.057761,0.10575
101,100,2,1000,0.058837,0.107615,0.059571,0.0985,0.057788,0.105399
101,100,2,1100,0.059208,0.106861,0.058478,0.096507,0.057609,0.105779
101,100,2,1200,0.05871,0.107593,0.058373,0.097806,0.057846,0.127516
101,100,2,1300,0.058747,0.107124,0.058186,0.096409,0.057662,0.106297
101,100,2,1400,0.058119,0.107493,0.05814,0.096973,0.057726,0.107322
1,100,2,100,0.006491,0.000376,0.005386,0.000168,0.007007,0.000432
1,100,2,200,0.007278,0.000566,0.005313,0.000177,0.007811,0.000556
1,100,2,300,0.006594,0.000577,0.005374,0.000294,0.007435,0.000831
1,100,2,400,0.007535,0.000883,0.005968,0.000165,0.006181,0.000652
1,100,2,500,0.007971,0.001028,0.005196,0.000159,0.007763,0.001355
1,100,2,600,0.00637,0.000788,0.007004,0.000316,0.006205,0.000867
1,100,2,700,0.00791,0.001187,0.005267,0.00021,0.007864,0.001216
1,100,2,800,0.007021,0.000925,0.006906,0.000223,0.006487,0.001201
1,100,2,900,0.007366,0.001444,0.005592,0.000172,0.007727,0.001446
1,100,2,1000,0.006622,0.001331,0.006204,0.000272,0.007176,0.001549
1,100,2,1100,0.004642,0.001034,0.006864,0.000268,0.004611,0.001056
1,100,2,1200,0.00776,0.001766,0.005307,0.000175,0.006186,0.001368
1,100,2,1300,0.006474,0.001513,0.005919,0.000229,0.005463,0.001369
1,100,2,1400,0.004657,0.001124,0.006677,0.000284,0.004843,0.001369
11,100,2,100,0.00615,0.001791,0.004504,0.001502,0.00471,0.002565
11,100,2,200,0.00461,0.001673,0.005329,0.001665,0.004613,0.002023
11,100,2,300,0.004953,0.002213,0.005392,0.001676,0.004778,0.001735
11,100,2,400,0.005229,0.001934,0.005386,0.001525,0.006005,0.002285
11,100,2,500,0.0045,0.001837,0.004811,0.001883,0.004458,0.001939
11,100,2,600,0.006127,0.001974,0.004705,0.00239,0.004919,0.001948
11,100,2,700,0.005113,0.002352,0.004763,0.001489,0.005656,0.002021
11,100,2,800,0.005092,0.001965,0.005317,0.001954,0.004439,0.001992
11,100,2,900,0.005114,0.002232,0.004562,0.001543,0.005647,0.002096
11,100,2,1000,0.004761,0.003139,0.004908,0.001677,0.005741,0.002829
11,100,2,1100,0.004466,0.002049,0.005228,0.001784,0.004372,0.002264
11,100,2,1200,0.005415,0.002379,0.004611,0.002051,0.005241,0.002237
11,100,2,1300,0.005711,0.003088,0.004724,0.001484,0.005162,0.002595
11,100,2,1400,0.004987,0.002161,0.005313,0.001977,0.004507,0.002327
21,100,2,100,0.00733,0.006652,0.008608,0.005573,0.007068,0.005132
21,100,2,200,0.006491,0.006269,0.008193,0.005031,0.007481,0.006683
21,100,2,300,0.008185,0.006118,0.007597,0.004831,0.007535,0.006146
21,100,2,400,0.007271,0.007201,0.009068,0.004705,0.006837,0.005612
21,100,2,500,0.008434,0.006817,0.00817,0.006173,0.007794,0.006027
21,100,2,600,0.007826,0.005903,0.007461,0.005761,0.008024,0.00773
21,100,2,700,0.00888,0.006079,0.007687,0.004629,0.006574,0.007146
21,100,2,800,0.007964,0.008286,0.008258,0.005067,0.00714,0.006267
21,100,2,900,0.008079,0.008012,0.00798,0.005862,0.008129,0.006872
21,100,2,1000,0.007115,0.006588,0.008178,0.005613,0.007876,0.008095
21,100,2,1100,0.011634,0.012567,0.01273,0.009316,0.011408,0.012986
21,100,2,1200,0.012686,0.011294,0.00994,0.007002,0.00745,0.00808
21,100,2,1300,0.007779,0.007366,0.007992,0.004772,0.006608,0.010353
21,100,2,1400,0.008433,0.007615,0.007833,0.004743,0.006726,0.008992
31,100,2,100,0.010195,0.011002,0.010585,0.011333,0.009842,0.012469
31,100,2,200,0.010481,0.012145,0.010712,0.011337,0.010879,0.011597
31,100,2,300,0.012104,0.012042,0.011089,0.009812,0.010774,0.011293
31,100,2,400,0.011263,0.012288,0.010652,0.011012,0.009964,0.013672
31,100,2,500,0.010638,0.013091,0.012471,0.009697,0.010387,0.012085
31,100,2,600,0.010758,0.011668,0.010764,0.010091,0.010419,0.013821
31,100,2,700,0.011336,0.013268,0.011512,0.010248,0.011086,0.011999
31,100,2,800,0.011411,0.012282,0.010852,0.0107,0.010678,0.013963
31,100,2,900,0.010698,0.013223,0.011822,0.009813,0.010596,0.012862
31,100,2,1000,0.010426,0.01291,0.010513,0.011524,0.01041,0.014371
31,100,2,1100,0.010446,0.021903,0.011631,0.010379,0.010652,0.013348
31,100,2,1200,0.010744,0.014041,0.011096,0.010951,0.009991,0.017748
31,100,2,1300,0.012395,0.018348,0.012273,0.011937,0.014558,0.022144
31,100,2,1400,0.02009,0.02225,0.012164,0.011702,0.012515,0.01587
41,100,2,100,0.015978,0.021775,0.016262,0.02097,0.017042,0.021268
41,100,2,200,0.017208,0.025742,0.018049,0.022213,0.016875,0.021917
41,100,2,300,0.016684,0.022245,0.016268,0.021159,0.022877,0.022515
41,100,2,400,0.017663,0.023062,0.017412,0.019038,0.017209,0.022897
41,100,2,500,0.016081,0.023587,0.025394,0.022959,0.016788,0.023181
41,100,2,600,0.016235,0.021643,0.016706,0.019657,0.019182,0.039223
41,100,2,700,0.017396,0.024479,0.016597,0.021441,0.016141,0.023671
41,100,2,800,0.022458,0.035958,0.017946,0.019851,0.016296,0.023061
41,100,2,900,0.016473,0.022762,0.017122,0.019381,0.016164,0.023387
41,100,2,1000,0.016165,0.02376,0.027741,0.034792,0.017272,0.023311
41,100,2,1100,0.01665,0.026626,0.021654,0.023684,0.015083,0.027962
41,100,2,1200,0.019804,0.026026,0.01557,0.02004,0.014638,0.023365
41,100,2,1300,0.015697,0.021842,0.015419,0.018459,0.015382,0.023278
41,100,2,1400,0.014722,0.022259,0.016205,0.018084,0.014614,0.023976
51,100,2,100,0.020731,0.029619,0.020896,0.027685,0.019719,0.029347
51,100,2,200,0.020041,0.030363,0.021656,0.028445,0.022455,0.03492
51,100,2,300,0.020757,0.033536,0.022714,0.044073,0.02899,0.047968
51,100,2,400,0.028247,0.0386,0.023801,0.031928,0.021665,0.033018
51,100,2,500,0.023889,0.0345,0.024981,0.035745,0.023796,0.039012
51,100,2,600,0.021132,0.032456,0.021521,0.027828,0.020678,0.031359
51,100,2,700,0.020155,0.031459,0.020702,0.027778,0.020356,0.031177
51,100,2,800,0.019975,0.03227,0.021183,0.028042,0.020225,0.031874
51,100,2,900,0.020753,0.032966,0.020606,0.027544,0.019906,0.031738
51,100,2,1000,0.01972,0.032488,0.020518,0.027858,0.020049,0.031522
51,100,2,1100,0.019862,0.031441,0.020374,0.027509,0.019422,0.031926
51,100,2,1200,0.019859,0.03247,0.020494,0.027952,0.020092,0.032376
51,100,2,1300,0.020912,0.032694,0.020925,0.027348,0.019554,0.03311
51,100,2,1400,0.019965,0.031819,0.020361,0.028098,0.020181,0.032992
61,100,2,100,0.026687,0.042513,0.027648,0.038277,0.025555,0.041535
61,100,2,200,0.025353,0.042336,0.027434,0.038551,0.025919,0.041408
61,100,2,300,0.025911,0.042312,0.027949,0.038575,0.026075,0.041529
61,100,2,400,0.026085,0.042632,0.02767,0.037938,0.02538,0.041311
61,100,2,500,0.026071,0.042461,0.026837,0.038993,0.025649,0.041929
61,100,2,600,0.02611,0.043562,0.026978,0.037625,0.025762,0.041954
61,100,2,700,0.026917,0.045083,0.027537,0.038531,0.025504,0.043894
61,100,2,800,0.026079,0.043735,0.02749,0.038246,0.026019,0.043001
61,100,2,900,0.025727,0.042803,0.027684,0.038342,0.02564,0.043074
61,100,2,1000,0.025976,0.043205,0.028816,0.038146,0.027209,0.043253
61,100,2,1100,0.026663,0.043586,0.027367,0.039044,0.025984,0.043285
61,100,2,1200,0.025575,0.043767,0.028809,0.038355,0.025686,0.04323
61,100,2,1300,0.025815,0.044357,0.027332,0.037959,0.026043,0.043658
61,100,2,1400,0.025554,0.044709,0.027363,0.037911,0.025771,0.046478
71,100,2,100,0.033009,0.056706,0.033551,0.051995,0.032767,0.054947
71,100,2,200,0.033523,0.056851,0.033432,0.050635,0.033166,0.05602
71,100,2,300,0.033222,0.056736,0.035541,0.051595,0.032276,0.055283
71,100,2,400,0.032399,0.057578,0.033343,0.051057,0.032452,0.055699
71,100,2,500,0.032769,0.056865,0.033005,0.051823,0.032527,0.055228
71,100,2,600,0.032682,0.05663,0.033027,0.05019,0.03224,0.055526
71,100,2,700,0.0333,0.057445,0.032841,0.050154,0.032583,0.055132
71,100,2,800,0.032794,0.058499,0.033068,0.051863,0.032479,0.056156
71,100,2,900,0.032553,0.058351,0.033265,0.05176,0.032552,0.056174
71,100,2,1000,0.032984,0.058087,0.033142,0.050237,0.032295,0.057487
71,100,2,1100,0.032269,0.05767,0.032946,0.05011,0.032618,0.056639
71,100,2,1200,0.033137,0.058647,0.033142,0.050074,0.032993,0.056903
71,100,2,1300,0.033218,0.058269,0.033189,0.050272,0.032593,0.057242
71,100,2,1400,0.032684,0.058554,0.032882,0.050023,0.032252,0.057786
81,100,2,100,0.042139,0.069271,0.041192,0.063982,0.039749,0.071141
81,100,2,200,0.041552,0.070148,0.040377,0.064769,0.039867,0.0697
81,100,2,300,0.040481,0.069868,0.040464,0.06436,0.039992,0.069846
81,100,2,400,0.040635,0.069902,0.040748,0.065218,0.040021,0.070351
81,100,2,500,0.041796,0.070678,0.04074,0.064591,0.042085,0.072581
81,100,2,600,0.04051,0.072198,0.040517,0.065024,0.039812,0.070606
81,100,2,700,0.039919,0.070562,0.040467,0.067076,0.039541,0.070696
81,100,2,800,0.041271,0.071338,0.040685,0.064537,0.039782,0.070507
81,100,2,900,0.040025,0.071465,0.040847,0.06482,0.040135,0.072891
81,100,2,1000,0.041375,0.071325,0.040764,0.06596,0.039818,0.071556
81,100,2,1100,0.039659,0.07192,0.04126,0.064658,0.039786,0.072082
81,100,2,1200,0.040443,0.072396,0.040495,0.06467,0.040788,0.072111
81,100,2,1300,0.039676,0.072248,0.041774,0.064208,0.040524,0.073794
81,100,2,1400,0.041035,0.072291,0.040639,0.064469,0.039887,0.071753
91,100,2,100,0.049803,0.086458,0.048933,0.07934,0.049512,0.086521
91,100,2,200,0.049974,0.087825,0.0505,0.082021,0.048394,0.087425
91,100,2,300,0.048836,0.087399,0.049277,0.080733,0.048535,0.088383
91,100,2,400,0.049306,0.088459,0.048835,0.080074,0.048028,0.087013
91,100,2,500,0.048367,0.087653,0.048462,0.07949,0.048067,0.087296
91,100,2,600,0.049514,0.087836,0.049288,0.079459,0.04839,0.089497
91,100,2,700,0.05146,0.096951,0.04969,0.080591,0.049485,0.089103
91,100,2,800,0.053772,0.090278,0.049373,0.081237,0.048623,0.087965
91,100,2,900,0.04947,0.090878,0.050095,0.07996,0.04841,0.088168
91,100,2,1000,0.049082,0.089491,0.049515,0.080992,0.048398,0.088697
91,100,2,1100,0.050162,0.090439,0.049994,0.079738,0.048621,0.089256
91,100,2,1200,0.04861,0.090699,0.049037,0.080363,0.049127,0.089491
91,100,2,1300,0.050618,0.090942,0.049657,0.080529,0.048451,0.090093
91,100,2,1400,0.048902,0.090522,0.048946,0.081571,0.050228,0.090319
101,100,2,100,0.05942,0.10777,0.060089,0.099589,0.057317,0.105229
101,100,2,200,0.05808,0.106494,0.059079,0.096856,0.057267,0.105045
101,100,2,300,0.057479,0.106495,0.058277,0.097648,0.057866,0.105878
101,100,2,400,0.05818,0.106996,0.058495,0.097395,0.057563,0.105172
101,100,2,500,0.057928,0.107188,0.058358,0.096814,0.057316,0.105259
101,100,2,600,0.059253,0.107316,0.058495,0.097186,0.059127,0.106726
101,100,2,700,0.05762,0.107652,0.059751,0.097299,0.057294,0.106745
101,100,2,800,0.058206,0.107589,0.058183,0.096933,0.057463,0.10854
101,100,2,900,0.057646,0.107528,0.060021,0.096377,0.058267,0.10659
101,100,2,1000,0.058846,0.108081,0.060211,0.097072,0.057788,0.107577
101,100,2,1100,0.059049,0.109529,0.058723,0.09715,0.057943,0.10802
101,100,2,1200,0.058956,0.109402,0.05843,0.096667,0.056982,0.107077
101,100,2,1300,0.057563,0.109266,0.058227,0.09617,0.057086,0.108773
101,100,2,1400,0.057267,0.108948,0.058192,0.097537,0.057359,0.107621
1,100,2,100,0.004832,0.000267,0.004504,0.000161,0.005481,0.00039
1,100,2,200,0.004792,0.000326,0.004533,0.000161,0.006583,0.000456
1,100,2,300,0.004617,0.000269,0.005448,0.000181,0.005114,0.000368
1,100,2,400,0.004664,0.000263,0.005562,0.000197,0.005049,0.000395
1,100,2,500,0.005086,0.000314,0.005104,0.000208,0.004721,0.000362
1,100,2,600,0.004485,0.000259,0.004658,0.000165,0.005477,0.000384
1,100,2,700,0.00469,0.000317,0.004538,0.000175,0.005007,0.000267
1,100,2,800,0.004603,0.000275,0.004502,0.000163,0.004528,0.000265
1,100,2,900,0.004534,0.000328,0.004493,0.00018,0.004783,0.000379
1,100,2,1000,0.006051,0.000481,0.004609,0.000175,0.004463,0.000308
1,100,2,1100,0.004563,0.000259,0.004484,0.000157,0.005417,0.000384
1,100,2,1200,0.00479,0.000288,0.004636,0.000207,0.005253,0.000551
1,100,2,1300,0.004868,0.000311,0.004461,0.000247,0.00446,0.000267
1,100,2,1400,0.005991,0.000452,0.004728,0.000204,0.004332,0.000267
11,100,2,100,0.004573,0.001821,0.005746,0.002039,0.004532,0.001894
11,100,2,200,0.005405,0.001971,0.005131,0.001488,0.004838,0.001935
11,100,2,300,0.005154,0.001998,0.005989,0.001853,0.00444,0.002163
11,100,2,400,0.005203,0.002413,0.006295,0.001718,0.004497,0.00217
11,100,2,500,0.005562,0.002576,0.005062,0.001508,0.005728,0.002427
11,100,2,600,0.005311,0.003449,0.005271,0.001522,0.004996,0.002609
11,100,2,700,0.004661,0.002471,0.006064,0.001689,0.004452,0.00363
11,100,2,800,0.004896,0.002824,0.006538,0.001562,0.004508,0.002677
11,100,2,900,0.005852,0.003214,0.005147,0.002257,0.004558,0.002876
11,100,2,1000,0.006318,0.003003,0.005247,0.001519,0.005126,0.003485
11,100,2,1100,0.004756,0.004199,0.00528,0.001594,0.005586,0.00321
11,100,2,1200,0.005086,0.003196,0.006109,0.001706,0.005146,0.003496
11,100,2,1300,0.005207,0.003268,0.006424,0.001896,0.004697,0.003648
11,100,2,1400,0.004744,0.003348,0.005815,0.001616,0.004422,0.003434
21,100,2,100,0.007511,0.005607,0.007425,0.006066,0.007663,0.00563
21,100,2,200,0.007422,0.005227,0.007493,0.004741,0.007346,0.006097
21,100,2,300,0.007728,0.006183,0.007975,0.004894,0.007546,0.005482
21,100,2,400,0.007093,0.005572,0.007345,0.004995,0.007476,0.006036
21,100,2,500,0.008369,0.006411,0.008927,0.004722,0.006817,0.005546
21,100,2,600,0.006841,0.006584,0.008075,0.004715,0.007159,0.006572
21,100,2,700,0.007941,0.006706,0.007799,0.004741,0.006825,0.006005
21,100,2,800,0.006999,0.006793,0.007952,0.00559,0.00748,0.006422
21,100,2,900,0.00728,0.006083,0.007384,0.004681,0.007319,0.006799
21,100,2,1000,0.007507,0.007216,0.008602,0.004738,0.006832,0.006221
21,100,2,1100,0.00678,0.007944,0.008767,0.00549,0.007627,0.006841
21,100,2,1200,0.007579,0.006293,0.007394,0.004671,0.006598,0.007119
21,100,2,1300,0.008092,0.008428,0.008103,0.004665,0.007076,0.006527
21,100,2,1400,0.00705,0.007064,0.00815,0.004828,0.006933,0.007674
31,100,2,100,0.010628,0.011759,0.010572,0.010887,0.01004,0.012193
31,100,2,200,0.011491,0.012063,0.012405,0.010182,0.010715,0.011383
31,100,2,300,0.014676,0.016205,0.01792,0.018571,0.016056,0.022588
31,100,2,400,0.010725,0.012364,0.011853,0.010854,0.010113,0.011266
31,100,2,500,0.010335,0.012056,0.010902,0.010905,0.009915,0.012834
31,100,2,600,0.011712,0.012378,0.011243,0.0104,0.010825,0.011633
31,100,2,700,0.011146,0.01171,0.01074,0.010705,0.009687,0.013817
31,100,2,800,0.010981,0.012926,0.011577,0.01041,0.01169,0.01192
31,100,2,900,0.010411,0.013011,0.010453,0.010987,0.01079,0.014572
31,100,2,1000,0.011356,0.012835,0.011327,0.010165,0.010218,0.012004
31,100,2,1100,0.010962,0.013361,0.011055,0.011003,0.009826,0.013116
31,100,2,1200,0.011508,0.012386,0.011535,0.010384,0.01073,0.013806
31,100,2,1300,0.010996,0.013792,0.011064,0.010862,0.01114,0.01302
31,100,2,1400,0.011225,0.014465,0.010574,0.010244,0.010007,0.015181
41,100,2,100,0.015687,0.020202,0.015269,0.01861,0.014164,0.021735
41,100,2,200,0.014964,0.020253,0.01527,0.018676,0.01514,0.020217
41,100,2,300,0.01488,0.022361,0.016916,0.018515,0.014781,0.021586
41,100,2,400,0.015861,0.020151,0.015604,0.021761,0.015561,0.020251
41,100,2,500,0.014832,0.021143,0.015868,0.01935,0.014733,0.02242
41,100,2,600,0.015284,0.020728,0.015528,0.019204,0.014731,0.022619
41,100,2,700,0.015489,0.020576,0.016082,0.019536,0.015331,0.021203
41,100,2,800,0.015127,0.021729,0.015964,0.018763,0.016259,0.0209
41,100,2,900,0.014766,0.020515,0.015171,0.018646,0.015208,0.021237
41,100,2,1000,0.014937,0.021428,0.015614,0.017838,0.01478,0.022306
41,100,2,1100,0.015999,0.021273,0.015538,0.02114,0.016479,0.02126
41,100,2,1200,0.014942,0.022162,0.016274,0.019134,0.01457,0.02331
41,100,2,1300,0.015081,0.02146,0.015284,0.018902,0.01485,0.022116
41,100,2,1400,0.015978,0.02285,0.016435,0.018265,0.015832,0.02349
51,100,2,100,0.019818,0.029156,0.020343,0.027272,0.020327,0.029375
51,100,2,200,0.021173,0.030213,0.021078,0.026769,0.019853,0.029422
51,100,2,300,0.020865,0.030507,0.021237,0.028386,0.020496,0.030104
51,100,2,400,0.020237,0.02981,0.021118,0.027826,0.020284,0.029396
51,100,2,500,0.020527,0.030292,0.020813,0.026707,0.020072,0.029431
51,100,2,600,0.019817,0.029738,0.021503,0.028085,0.019773,0.02945
51,100,2,700,0.020223,0.030534,0.027958,0.027877,0.019609,0.030175
51,100,2,800,0.020177,0.030426,0.02071,0.026972,0.020112,0.029678
51,100,2,900,0.020426,0.030727,0.020695,0.02742,0.020522,0.030352
51,100,2,1000,0.020781,0.0301,0.020564,0.027359,0.019788,0.031705
51,100,2,1100,0.020377,0.031174,0.021242,0.027124,0.020601,0.031366
51,100,2,1200,0.021588,0.03142,0.02144,0.027555,0.01965,0.031086
51,100,2,1300,0.02004,0.031561,0.020512,0.027311,0.019758,0.031315
51,100,2,1400,0.020137,0.030958,0.021465,0.027748,0.019316,0.030768
61,100,2,100,0.025581,0.041959,0.027283,0.03759,0.025112,0.041882
61,100,2,200,0.025813,0.04235,0.027286,0.037782,0.025106,0.040926
61,100,2,300,0.025501,0.042335,0.027324,0.038519,0.025305,0.041507
61,100,2,400,0.025099,0.042729,0.02673,0.038105,0.025573,0.040554
61,100,2,500,0.025624,0.041798,0.027221,0.03794,0.025148,0.042125
61,100,2,600,0.02548,0.041706,0.027101,0.038266,0.025774,0.041891
61,100,2,700,0.025163,0.041146,0.02725,0.038134,0.025173,0.041126
61,100,2,800,0.02549,0.042304,0.026917,0.039515,0.025223,0.042045
61,100,2,900,0.025232,0.042675,0.027317,0.037691,0.025511,0.041616
61,100,2,1000,0.025332,0.041761,0.02679,0.037656,0.025172,0.042257
61,100,2,1100,0.025944,0.042499,0.026946,0.038238,0.025933,0.043086
61,100,2,1200,0.026704,0.043019,0.026851,0.038008,0.025745,0.042337
61,100,2,1300,0.025592,0.043714,0.027117,0.038191,0.025473,0.042623
61,100,2,1400,0.02643,0.043616,0.02798,0.037998,0.02584,0.043013
71,100,2,100,0.032529,0.055725,0.033413,0.049818,0.032298,0.054221
71,100,2,200,0.032631,0.054645,0.032827,0.050908,0.032709,0.055117
71,100,2,300,0.032423,0.055365,0.033452,0.050093,0.032108,0.054091
71,100,2,400,0.032738,0.056129,0.032742,0.050543,0.032198,0.054726
71,100,2,500,0.03229,0.056312,0.03393,0.050767,0.032058,0.054323
71,100,2,600,0.032186,0.057147,0.032959,0.049976,0.032322,0.055093
71,100,2,700,0.032495,0.056582,0.032802,0.049292,0.032317,0.055165
71,100,2,800,0.033118,0.05878,0.033566,0.050992,0.032368,0.054967
71,100,2,900,0.032093,0.056523,0.032739,0.050189,0.032465,0.055002
71,100,2,1000,0.032395,0.055906,0.033436,0.055627,0.032108,0.056829
71,100,2,1100,0.032499,0.056669,0.032717,0.049791,0.031886,0.05596
71,100,2,1200,0.03211,0.056547,0.032956,0.052002,0.032178,0.055428
71,100,2,1300,0.032653,0.056661,0.032838,0.050038,0.032654,0.055745
71,100,2,1400,0.032692,0.057643,0.033362,0.050974,0.032556,0.055797
81,100,2,100,0.041981,0.070143,0.041038,0.064074,0.04019,0.069063
81,100,2,200,0.040317,0.069437,0.040099,0.067009,0.039687,0.069836
81,100,2,300,0.041581,0.070556,0.041282,0.065454,0.040214,0.069313
81,100,2,400,0.040472,0.070124,0.04052,0.06394,0.039573,0.070137
81,100,2,500,0.042318,0.070081,0.040265,0.064728,0.03972,0.070304
81,100,2,600,0.040731,0.071139,0.04069,0.064509,0.039796,0.071034
81,100,2,700,0.040498,0.070823,0.042291,0.065612,0.040842,0.070019
81,100,2,800,0.04084,0.070922,0.040219,0.065349,0.039807,0.069975
81,100,2,900,0.040276,0.070487,0.040835,0.064752,0.039628,0.070645
81,100,2,1000,0.040255,0.070502,0.041565,0.064037,0.039697,0.071128
81,100,2,1100,0.040498,0.070357,0.040545,0.066745,0.040241,0.07104
81,100,2,1200,0.03986,0.072296,0.040657,0.065359,0.040757,0.070988
81,100,2,1300,0.040793,0.071378,0.040511,0.064782,0.039649,0.071621
81,100,2,1400,0.040657,0.071579,0.040625,0.064042,0.040028,0.071191
91,100,2,100,0.049048,0.08579,0.049246,0.079702,0.048595,0.085904
91,100,2,200,0.048483,0.086367,0.049216,0.079078,0.048571,0.086036
91,100,2,300,0.048747,0.086399,0.049145,0.081282,0.048626,0.086906
91,100,2,400,0.048986,0.087159,0.049231,0.081446,0.048465,0.08691
91,100,2,500,0.050007,0.093236,0.048824,0.079235,0.047904,0.086694
91,100,2,600,0.049231,0.087049,0.048926,0.079755,0.048144,0.087347
91,100,2,700,0.049484,0.087353,0.048862,0.079553,0.049272,0.086737
91,100,2,800,0.049076,0.089009,0.049082,0.079748,0.04833,0.088413
91,100,2,900,0.049519,0.088118,0.049891,0.081058,0.048091,0.0873
91,100,2,1000,0.048462,0.087212,0.048665,0.080176,0.048279,0.087947
91,100,2,1100,0.048678,0.090247,0.05063,0.079857,0.04835,0.087719
91,100,2,1200,0.048669,0.087758,0.049283,0.080537,0.048693,0.089092
91,100,2,1300,0.049741,0.090409,0.049351,0.080215,0.0499,0.089249
91,100,2,1400,0.051665,0.090022,0.049396,0.080788,0.049382,0.08981
101,100,2,100,0.058618,0.105031,0.05852,0.096928,0.057191,0.10466
101,100,2,200,0.057292,0.107028,0.058488,0.098156,0.057459,0.106889
101,100,2,300,0.058091,0.105882,0.058702,0.098611,0.058073,0.106249
101,100,2,400,0.059813,0.108289,0.058609,0.09881,0.057454,0.10502
101,100,2,500,0.059616,0.106867,0.059838,0.096547,0.058049,0.106701
101,100,2,600,0.058955,0.106843,0.060021,0.096408,0.05811,0.105138
101,100,2,700,0.058564,0.107109,0.067675,0.100528,0.058892,0.108691
101,100,2,800,0.059744,0.108255,0.061338,0.097274,0.058076,0.106581
101,100,2,900,0.06005,0.109364,0.059495,0.097571,0.059691,0.106841
101,100,2,1000,0.059236,0.107835,0.060178,0.097811,0.057399,0.106299
101,100,2,1100,0.059959,0.108178,0.058763,0.097348,0.057821,0.107629
101,100,2,1200,0.057808,0.10747,0.058133,0.097866,0.057398,0.106017
101,100,2,1300,0.059183,0.108532,0.058135,0.098527,0.058007,0.107759
101,100,2,1400,0.058605,0.107154,0.058517,0.09893,0.05784,0.106999
1,100,2,100,0.002752,0.000198,0.003211,0.000157,0.002543,0.000215
1,100,2,200,0.003286,0.000291,0.003972,0.000154,0.002768,0.000239
1,100,2,300,0.002579,0.00025,0.003542,0.000124,0.00297,0.000389
1,100,2,400,0.002684,0.000287,0.003171,0.000104,0.00253,0.000305
1,100,2,500,0.003404,0.000476,0.003837,0.000145,0.002646,0.000396
1,100,2,600,0.002542,0.000357,0.003335,0.0001,0.003425,0.000518
1,100,2,700,0.002639,0.000487,0.003487,0.00018,0.003157,0.000472
1,100,2,800,0.003105,0.000577,0.003622,0.000152,0.002594,0.000538
1,100,2,900,0.002635,0.000516,0.003289,0.000102,0.00336,0.000794
1,100,2,1000,0.002775,0.000599,0.00334,0.000105,0.002533,0.000662
1,100,2,1100,0.003458,0.000875,0.003773,0.000105,0.002487,0.000669
1,100,2,1200,0.002551,0.0006,0.003376,0.000138,0.003676,0.001091
1,100,2,1300,0.002715,0.000771,0.003233,0.000111,0.002569,0.000771
1,100,2,1400,0.003835,0.000908,0.003403,0.000105,0.002613,0.000821
11,100,2,100,0.006567,0.003157,0.00913,0.002524,0.006023,0.002983
11,100,2,200,0.006638,0.00278,0.008601,0.002558,0.006708,0.003012
11,100,2,300,0.007251,0.002804,0.008742,0.002705,0.005904,0.002787
11,100,2,400,0.006818,0.002968,0.008948,0.002591,0.006375,0.002959
11,100,2,500,0.006738,0.003618,0.008395,0.002425,0.006446,0.002909
11,100,2,600,0.006899,0.003288,0.0091,0.003068,0.006306,0.003518
11,100,2,700,0.00654,0.00336,0.008327,0.00279,0.0064,0.003173
11,100,2,800,0.006406,0.003697,0.009706,0.00256,0.006176,0.00396
11,100,2,900,0.006758,0.0037,0.008388,0.003095,0.006069,0.003335
11,100,2,1000,0.006718,0.003525,0.009866,0.002698,0.007146,0.004066
11,100,2,1100,0.00666,0.003377,0.008991,0.002597,0.006216,0.003918
11,100,2,1200,0.006505,0.003343,0.008833,0.002596,0.006729,0.00363
11,100,2,1300,0.006524,0.003927,0.009041,0.002497,0.005903,0.004182
11,100,2,1400,0.006183,0.003608,0.008622,0.002575,0.006454,0.003851
21,100,2,100,0.011515,0.009123,0.013316,0.007524,0.010475,0.009639
21,100,2,200,0.010921,0.008491,0.013615,0.00804,0.010332,0.008863
21,100,2,300,0.010666,0.008508,0.013409,0.008741,0.011086,0.008762
21,100,2,400,0.010788,0.009576,0.013641,0.007961,0.01062,0.0083
21,100,2,500,0.010246,0.009028,0.013895,0.008116,0.010656,0.008715
21,100,2,600,0.011054,0.009284,0.013995,0.007588,0.010215,0.009385
21,100,2,700,0.011219,0.008903,0.014037,0.007645,0.010079,0.009766
21,100,2,800,0.010979,0.008619,0.013707,0.008641,0.010491,0.009315
21,100,2,900,0.010692,0.008966,0.014532,0.007714,0.010875,0.00913
21,100,2,1000,0.009953,0.009351,0.01343,0.008128,0.011033,0.008983
21,100,2,1100,0.010709,0.009431,0.013438,0.00967,0.010647,0.009593
21,100,2,1200,0.010547,0.009827,0.014439,0.008107,0.010254,0.009301
21,100,2,1300,0.010268,0.009356,0.013413,0.008472,0.010609,0.009761
21,100,2,1400,0.010893,0.00911,0.014198,0.00775,0.010982,0.009931
31,100,2,100,0.015027,0.018703,0.017666,0.015918,0.0154,0.019414
31,100,2,200,0.025257,0.031382,0.021527,0.021797,0.015458,0.018072
31,100,2,300,0.015484,0.017679,0.017445,0.016712,0.015467,0.019745
31,100,2,400,0.015228,0.016773,0.016914,0.016315,0.015612,0.019027
31,100,2,500,0.015813,0.017519,0.01726,0.015996,0.015176,0.01798
31,100,2,600,0.015086,0.017731,0.018692,0.016625,0.014975,0.018459
31,100,2,700,0.015558,0.017526,0.017239,0.01617,0.015383,0.017545
31,100,2,800,0.015372,0.018242,0.017334,0.016344,0.014827,0.017909
31,100,2,900,0.01535,0.017585,0.017695,0.016302,0.01513,0.019809
31,100,2,1000,0.015308,0.019478,0.017487,0.016942,0.015723,0.022267
31,100,2,1100,0.015273,0.01816,0.017196,0.016599,0.015618,0.018484
31,100,2,1200,0.015174,0.018709,0.017317,0.015957,0.015524,0.018841
31,100,2,1300,0.015372,0.019091,0.017693,0.016124,0.015029,0.018654
31,100,2,1400,0.015768,0.018829,0.017631,0.01601,0.015238,0.018517
41,100,2,100,0.021777,0.031152,0.025325,0.028448,0.021801,0.031697
41,100,2,200,0.02245,0.030729,0.025486,0.031346,0.023186,0.03143
41,100,2,300,0.022477,0.032053,0.025352,0.029133,0.022476,0.031577
41,100,2,400,0.022124,0.031389,0.025364,0.029674,0.021834,0.031753
41,100,2,500,0.022369,0.031443,0.025002,0.030672,0.022252,0.03131
41,100,2,600,0.021481,0.033665,0.025376,0.0305,0.021406,0.030756
41,100,2,700,0.021517,0.031178,0.025591,0.028606,0.021266,0.03369
41,100,2,800,0.021715,0.031049,0.025418,0.029707,0.021768,0.031277
41,100,2,900,0.022511,0.031337,0.024798,0.029839,0.022982,0.031381
41,100,2,1000,0.021655,0.03279,0.026212,0.030857,0.02201,0.032726
41,100,2,1100,0.022129,0.03163,0.025022,0.03102,0.021929,0.032044
41,100,2,1200,0.021836,0.033517,0.025205,0.02991,0.021484,0.032753
41,100,2,1300,0.022189,0.032465,0.025698,0.031889,0.022888,0.033184
41,100,2,1400,0.023485,0.033503,0.025069,0.030682,0.023184,0.033117
51,100,2,100,0.074859,0.106636,0.032612,0.043784,0.050162,0.080564
51,100,2,200,0.049659,0.080642,0.032418,0.043998,0.049516,0.081399
51,100,2,300,0.050594,0.078482,0.032943,0.04376,0.050133,0.078106
51,100,2,400,0.049255,0.079541,0.03234,0.044256,0.050447,0.079222
51,100,2,500,0.049482,0.078394,0.031728,0.041642,0.04986,0.080383
51,100,2,600,0.049863,0.081181,0.03163,0.044787,0.050097,0.080937
51,100,2,700,0.049697,0.081641,0.033213,0.043489,0.05008,0.08007
51,100,2,800,0.049094,0.07876,0.032121,0.042185,0.050028,0.079186
51,100,2,900,0.049345,0.078811,0.032338,0.042389,0.050297,0.079978
51,100,2,1000,0.049493,0.083609,0.031599,0.042773,0.049269,0.081318
51,100,2,1100,0.049653,0.082531,0.033065,0.042437,0.049952,0.080351
51,100,2,1200,0.049526,0.083511,0.031959,0.042627,0.050629,0.080237
51,100,2,1300,0.049449,0.080954,0.031463,0.042949,0.049808,0.081858
51,100,2,1400,0.051018,0.084145,0.032859,0.043375,0.050629,0.082507
61,100,2,100,0.066589,0.109946,0.042754,0.059754,0.064474,0.11029
61,100,2,200,0.065623,0.112884,0.041911,0.06015,0.064068,0.109357
61,100,2,300,0.065609,0.111554,0.041481,0.059263,0.065231,0.113046
61,100,2,400,0.065489,0.11142,0.041549,0.059206,0.06396,0.111106
61,100,2,500,0.064912,0.109793,0.041361,0.059552,0.064679,0.110497
61,100,2,600,0.065543,0.11026,0.041647,0.059542,0.064423,0.110214
61,100,2,700,0.065129,0.111517,0.041294,0.059427,0.06563,0.111625
61,100,2,800,0.06658,0.113382,0.041905,0.060265,0.064514,0.110976
61,100,2,900,0.065035,0.111367,0.041648,0.060007,0.064746,0.111
61,100,2,1000,0.065349,0.113658,0.042135,0.059695,0.064669,0.110981
61,100,2,1100,0.065224,0.110044,0.041139,0.059819,0.064123,0.11242
61,100,2,1200,0.066754,0.113565,0.04189,0.063027,0.064652,0.112132
61,100,2,1300,0.065415,0.11051,0.040906,0.059999,0.064038,0.111195
61,100,2,1400,0.066537,0.111624,0.040511,0.059008,0.064258,0.111702
71,100,2,100,0.08189,0.144573,0.067147,0.089207,0.106013,0.195383
71,100,2,200,0.088892,0.17196,0.054613,0.084066,0.095535,0.157168
71,100,2,300,0.096382,0.190749,0.058247,0.099537,0.083564,0.149967
71,100,2,400,0.083593,0.151105,0.053157,0.087851,0.104395,0.16544
71,100,2,500,0.097167,0.189596,0.052078,0.07979,0.082684,0.149903
71,100,2,600,0.082698,0.149704,0.051187,0.079859,0.082205,0.146797
71,100,2,700,0.082568,0.147535,0.050716,0.079748,0.081867,0.150146
71,100,2,800,0.082312,0.149499,0.050824,0.079449,0.081938,0.147294
71,100,2,900,0.082241,0.146789,0.051056,0.079394,0.081433,0.147215
71,100,2,1000,0.083431,0.147378,0.051743,0.081851,0.081728,0.149483
71,100,2,1100,0.082868,0.149115,0.051285,0.081045,0.082465,0.147208
71,100,2,1200,0.082568,0.148416,0.050905,0.080165,0.083693,0.150001
71,100,2,1300,0.08268,0.148187,0.051047,0.079324,0.081509,0.148636
71,100,2,1400,0.083898,0.14996,0.050435,0.078064,0.080877,0.146438
81,100,2,100,0.081936,0.14732,0.06247,0.102102,0.081192,0.146935
81,100,2,200,0.080559,0.147656,0.062256,0.102676,0.080177,0.148661
81,100,2,300,0.080391,0.150943,0.0619,0.102,0.079806,0.150178
81,100,2,400,0.0802,0.149321,0.062313,0.102232,0.080346,0.14776
81,100,2,500,0.079978,0.147689,0.063114,0.102648,0.080494,0.149048
81,100,2,600,0.080684,0.150686,0.063061,0.101749,0.079921,0.148709
81,100,2,700,0.081096,0.148981,0.062284,0.104384,0.080164,0.148953
81,100,2,800,0.080111,0.151051,0.064042,0.101872,0.079869,0.149881
81,100,2,900,0.080377,0.150029,0.062051,0.100471,0.081288,0.149937
81,100,2,1000,0.08067,0.149886,0.062158,0.100543,0.079738,0.150587
81,100,2,1100,0.080641,0.146752,0.062617,0.10076,0.080251,0.14823
81,100,2,1200,0.081038,0.14823,0.063442,0.103496,0.080657,0.148986
81,100,2,1300,0.081148,0.148507,0.06216,0.101356,0.080282,0.147955
81,100,2,1400,0.080919,0.14886,0.06618,0.1088,0.080173,0.149212
91,100,2,100,0.099735,0.189213,0.07585,0.127342,0.097312,0.181581
91,100,2,200,0.098024,0.183861,0.074886,0.124709,0.097444,0.183435
91,100,2,300,0.09777,0.185282,0.075419,0.126357,0.098368,0.182534
91,100,2,400,0.097813,0.183459,0.075064,0.128423,0.098274,0.184958
91,100,2,500,0.100076,0.186525,0.074769,0.125691,0.097271,0.184339
91,100,2,600,0.098823,0.185074,0.075771,0.127874,0.098617,0.184877
91,100,2,700,0.097554,0.183588,0.074963,0.127314,0.098128,0.183073
91,100,2,800,0.098767,0.186184,0.075784,0.125759,0.097095,0.183308
91,100,2,900,0.097048,0.186758,0.076058,0.124824,0.098362,0.185328
91,100,2,1000,0.098164,0.184207,0.074791,0.125575,0.098361,0.183494
91,100,2,1100,0.099366,0.184364,0.075054,0.129387,0.097092,0.184208
91,100,2,1200,0.097557,0.186498,0.082842,0.151027,0.126769,0.245239
91,100,2,1300,0.132353,0.204531,0.089565,0.170662,0.104382,0.22227
91,100,2,1400,0.104514,0.200621,0.075715,0.126134,0.103159,0.212984
101,100,2,100,0.190017,0.325051,0.090469,0.154959,0.148036,0.281659
101,100,2,200,0.15006,0.287022,0.090753,0.155652,0.149212,0.28536
101,100,2,300,0.147861,0.285869,0.09079,0.1555,0.148739,0.308908
101,100,2,400,0.149211,0.286106,0.090101,0.154492,0.145783,0.285443
101,100,2,500,0.147459,0.28364,0.090913,0.153381,0.14745,0.28178
101,100,2,600,0.147821,0.287083,0.089163,0.153084,0.146557,0.286214
101,100,2,700,0.147653,0.285002,0.089033,0.154382,0.147154,0.285999
101,100,2,800,0.149011,0.286453,0.088636,0.152645,0.146604,0.284241
101,100,2,900,0.146992,0.292382,0.089199,0.153847,0.146619,0.284645
101,100,2,1000,0.146259,0.288014,0.088975,0.153062,0.147051,0.283719
101,100,2,1100,0.151954,0.283916,0.089103,0.152782,0.146035,0.28336
101,100,2,1200,0.148421,0.284783,0.089228,0.153359,0.145845,0.284154
101,100,2,1300,0.147068,0.284145,0.089359,0.158511,0.149088,0.289127
101,100,2,1400,0.148365,0.286933,0.088917,0.152336,0.146703,0.280267
1,100,2,100,0.002743,0.000253,0.003322,0.000114,0.002561,0.000216
1,100,2,200,0.002585,0.000264,0.004595,0.000157,0.00296,0.000276
1,100,2,300,0.002605,0.000375,0.004018,0.000162,0.003192,0.000421
1,100,2,400,0.002635,0.000352,0.003326,0.000104,0.002576,0.00037
1,100,2,500,0.003635,0.000672,0.003854,0.000103,0.002545,0.000438
1,100,2,600,0.002735,0.00047,0.004022,0.000112,0.003207,0.000606
1,100,2,700,0.0027,0.000578,0.004038,0.000123,0.002543,0.000563
1,100,2,800,0.003382,0.000776,0.003563,0.000112,0.002621,0.000776
1,100,2,900,0.002667,0.000667,0.004792,0.000176,0.002838,0.000737
1,100,2,1000,0.002649,0.000678,0.003311,0.00011,0.003488,0.001157
1,100,2,1100,0.003166,0.000841,0.003371,0.000123,0.002517,0.000877
1,100,2,1200,0.003504,0.001328,0.003847,0.000167,0.00263,0.00092
1,100,2,1300,0.002622,0.000887,0.004133,0.000157,0.002855,0.001112
1,100,2,1400,0.002783,0.000966,0.003326,0.000107,0.002876,0.001614
11,100,2,100,0.004636,0.001668,0.005757,0.001916,0.003971,0.001696
11,100,2,200,0.004332,0.002271,0.00496,0.001557,0.004754,0.001863
11,100,2,300,0.004035,0.001786,0.006408,0.001852,0.004027,0.001785
11,100,2,400,0.004513,0.002021,0.004775,0.001697,0.004137,0.002246
11,100,2,500,0.003981,0.001916,0.005192,0.001814,0.004084,0.001987
11,100,2,600,0.004139,0.00304,0.004956,0.001572,0.005328,0.002476
11,100,2,700,0.004719,0.002988,0.005092,0.001533,0.004359,0.002924
11,100,2,800,0.00403,0.002094,0.006087,0.001626,0.003968,0.002121
11,100,2,900,0.004707,0.002241,0.004841,0.001538,0.004145,0.002953
11,100,2,1000,0.00396,0.002205,0.005841,0.001723,0.004031,0.00243
11,100,2,1100,0.004714,0.002369,0.005465,0.002141,0.00401,0.002493
11,100,2,1200,0.004787,0.002581,0.005284,0.001516,0.004521,0.002589
11,100,2,1300,0.003908,0.002387,0.005259,0.002047,0.004016,0.002533
11,100,2,1400,0.004979,0.002748,0.005076,0.001973,0.004214,0.002706
21,100,2,100,0.006281,0.006009,0.007807,0.005,0.007104,0.005389
21,100,2,200,0.006749,0.006033,0.00801,0.005327,0.00781,0.005095
21,100,2,300,0.007225,0.00519,0.007206,0.005506,0.007062,0.005486
21,100,2,400,0.007209,0.00595,0.008543,0.00509,0.007127,0.005352
21,100,2,500,0.007268,0.005312,0.007336,0.005571,0.007186,0.005566
21,100,2,600,0.006632,0.00653,0.007921,0.004926,0.007305,0.005667
21,100,2,700,0.007031,0.005364,0.007362,0.005137,0.00697,0.005835
21,100,2,800,0.006939,0.006931,0.008233,0.005388,0.007306,0.005761
21,100,2,900,0.006486,0.005534,0.007347,0.005532,0.007258,0.005939
21,100,2,1000,0.006655,0.006965,0.007958,0.004784,0.007104,0.005824
21,100,2,1100,0.00636,0.005734,0.007395,0.00518,0.007152,0.006185
21,100,2,1200,0.006544,0.006403,0.008083,0.005109,0.00776,0.005933
21,100,2,1300,0.006809,0.006017,0.007995,0.005316,0.007576,0.006862
21,100,2,1400,0.006777,0.006768,0.008742,0.004714,0.00644,0.006076
31,100,2,100,0.01111,0.011787,0.011629,0.010518,0.010645,0.010609
31,100,2,200,0.011795,0.010561,0.010798,0.010815,0.00944,0.012032
31,100,2,300,0.010097,0.012103,0.010396,0.012428,0.011106,0.011437
31,100,2,400,0.0106,0.011875,0.011978,0.010075,0.010147,0.011683
31,100,2,500,0.012221,0.015798,0.0183,0.018717,0.014632,0.015397
31,100,2,600,0.01277,0.016342,0.01105,0.01061,0.010027,0.01244
31,100,2,700,0.009808,0.011865,0.010737,0.009928,0.009787,0.012622
31,100,2,800,0.009583,0.012228,0.011175,0.010262,0.009365,0.012457
31,100,2,900,0.011385,0.011534,0.011327,0.010287,0.009933,0.011242
31,100,2,1000,0.01099,0.01182,0.010718,0.009809,0.009746,0.011459
31,100,2,1100,0.010821,0.012534,0.010543,0.011538,0.009385,0.012111
31,100,2,1200,0.011305,0.012409,0.011064,0.010698,0.009903,0.01214
31,100,2,1300,0.010505,0.011375,0.010828,0.011166,0.009654,0.01361
31,100,2,1400,0.010102,0.013238,0.01103,0.010608,0.009656,0.012232
41,100,2,100,0.014628,0.02023,0.015949,0.019224,0.015101,0.0211
41,100,2,200,0.014005,0.01974,0.015319,0.018259,0.014227,0.021569
41,100,2,300,0.014098,0.020583,0.016295,0.018099,0.014159,0.022429
41,100,2,400,0.01443,0.019789,0.015247,0.018189,0.014174,0.020685
41,100,2,500,0.014563,0.019516,0.015528,0.019032,0.014508,0.02217
41,100,2,600,0.014513,0.02065,0.01584,0.018492,0.014969,0.021728
41,100,2,700,0.014363,0.021485,0.015978,0.018924,0.016108,0.02214
41,100,2,800,0.014256,0.020497,0.016327,0.019523,0.015003,0.021716
41,100,2,900,0.01466,0.0207,0.01545,0.018514,0.01416,0.021451
41,100,2,1000,0.014627,0.020059,0.015923,0.017734,0.0141,0.022852
41,100,2,1100,0.014566,0.020129,0.015797,0.01912,0.015093,0.021892
41,100,2,1200,0.014974,0.021929,0.015481,0.018372,0.014362,0.022962
41,100,2,1300,0.014622,0.020685,0.01529,0.017933,0.014263,0.022154
41,100,2,1400,0.014517,0.020235,0.015359,0.018508,0.014607,0.021876
51,100,2,100,0.019151,0.031102,0.019944,0.027232,0.018946,0.02903
51,100,2,200,0.019434,0.032415,0.020036,0.027241,0.01922,0.030435
51,100,2,300,0.019702,0.030768,0.020067,0.027866,0.018984,0.03058
51,100,2,400,0.019291,0.029316,0.020663,0.026802,0.020405,0.029589
51,100,2,500,0.020059,0.03005,0.02129,0.027933,0.019629,0.029496
51,100,2,600,0.019762,0.029732,0.02079,0.027466,0.019441,0.029532
51,100,2,700,0.020411,0.031716,0.020265,0.028709,0.019793,0.029795
51,100,2,800,0.01966,0.029834,0.020882,0.027391,0.02028,0.029905
51,100,2,900,0.019869,0.031183,0.020592,0.027521,0.020675,0.030178
51,100,2,1000,0.020004,0.030058,0.020924,0.027331,0.02038,0.029917
51,100,2,1100,0.020156,0.030914,0.020876,0.027101,0.019967,0.030076
51,100,2,1200,0.019124,0.03036,0.020166,0.027249,0.019834,0.030501
51,100,2,1300,0.019167,0.031086,0.020317,0.028039,0.019959,0.030039
51,100,2,1400,0.019087,0.030599,0.020312,0.027821,0.020357,0.03096
61,100,2,100,0.026135,0.042065,0.027938,0.037898,0.025092,0.040805
61,100,2,200,0.024979,0.040986,0.029012,0.038055,0.025208,0.040859
61,100,2,300,0.025403,0.041898,0.026665,0.038782,0.02529,0.041577
61,100,2,400,0.025488,0.04214,0.027947,0.037933,0.025187,0.041542
61,100,2,500,0.025352,0.042938,0.027315,0.038741,0.025079,0.041235
61,100,2,600,0.024966,0.040397,0.027155,0.038617,0.025096,0.040888
61,100,2,700,0.025181,0.041565,0.026906,0.03791,0.025923,0.041253
61,100,2,800,0.025171,0.041234,0.026813,0.038558,0.025103,0.040814
61,100,2,900,0.025257,0.041583,0.026719,0.037783,0.025147,0.04271
61,100,2,1000,0.025141,0.041388,0.027007,0.037403,0.025056,0.041539
61,100,2,1100,0.02511,0.042134,0.026877,0.038893,0.025051,0.041486
61,100,2,1200,0.025586,0.043333,0.026946,0.037377,0.025128,0.041478
61,100,2,1300,0.025081,0.041707,0.026998,0.037158,0.024995,0.041154
61,100,2,1400,0.025066,0.041943,0.026344,0.03742,0.02491,0.041299
71,100,2,100,0.032356,0.055503,0.032906,0.050502,0.031789,0.053608
71,100,2,200,0.031417,0.056048,0.033752,0.050375,0.032042,0.053995
71,100,2,300,0.031587,0.054949,0.032798,0.04956,0.031988,0.054159
71,100,2,400,0.031722,0.054729,0.032503,0.050307,0.031963,0.053945
71,100,2,500,0.032751,0.055674,0.032619,0.050314,0.032159,0.056447
71,100,2,600,0.032085,0.055292,0.033292,0.051704,0.031917,0.054751
71,100,2,700,0.032005,0.063447,0.032739,0.05144,0.031723,0.055541
71,100,2,800,0.031922,0.056204,0.033545,0.050468,0.031916,0.054674
71,100,2,900,0.031922,0.056646,0.033077,0.05071,0.032092,0.054095
71,100,2,1000,0.03226,0.055647,0.032516,0.050526,0.031848,0.054457
71,100,2,1100,0.031851,0.05529,0.032971,0.050405,0.033895,0.055267
71,100,2,1200,0.031612,0.056924,0.032997,0.050533,0.031633,0.054558
71,100,2,1300,0.032238,0.055638,0.032583,0.049784,0.031807,0.055023
71,100,2,1400,0.031823,0.055615,0.03301,0.05027,0.032612,0.055088
81,100,2,100,0.040883,0.069661,0.040981,0.06416,0.039882,0.070802
81,100,2,200,0.039359,0.069242,0.040496,0.064754,0.039186,0.069657
81,100,2,300,0.039254,0.068973,0.0404,0.064113,0.040104,0.069381
81,100,2,400,0.040081,0.069851,0.041136,0.065487,0.040178,0.069221
81,100,2,500,0.057666,0.135126,0.048671,0.072725,0.041872,0.074409
81,100,2,600,0.042865,0.092972,0.045751,0.074495,0.047,0.092532
81,100,2,700,0.045381,0.075013,0.043648,0.09237,0.04315,0.074496
81,100,2,800,0.042242,0.108477,0.05336,0.086554,0.04108,0.082246
81,100,2,900,0.061135,0.110571,0.042691,0.064875,0.040145,0.070924
81,100,2,1000,0.041534,0.07572,0.048282,0.071873,0.041888,0.10163
81,100,2,1100,0.043887,0.076564,0.045397,0.100728,0.043348,0.078469
81,100,2,1200,0.041288,0.071522,0.042554,0.06598,0.039846,0.071197
81,100,2,1300,0.041608,0.071279,0.042166,0.065367,0.039934,0.071137
81,100,2,1400,0.040177,0.07111,0.041159,0.067823,0.04093,0.070702
91,100,2,100,0.048979,0.106281,0.050103,0.081071,0.04813,0.086679
91,100,2,200,0.04861,0.089761,0.050028,0.080561,0.048428,0.08756
91,100,2,300,0.04872,0.087971,0.049663,0.083312,0.048305,0.086466
91,100,2,400,0.048315,0.086405,0.049693,0.080031,0.04922,0.086644
91,100,2,500,0.048756,0.086411,0.05018,0.080315,0.048189,0.086186
91,100,2,600,0.049201,0.088889,0.049247,0.081123,0.047798,0.086134
91,100,2,700,0.049356,0.087468,0.049034,0.080438,0.048145,0.08684
91,100,2,800,0.04857,0.08737,0.049646,0.080662,0.048385,0.087433
91,100,2,900,0.049406,0.089297,0.049951,0.080308,0.049374,0.088129
91,100,2,1000,0.049796,0.088214,0.049276,0.079926,0.048702,0.088211
91,100,2,1100,0.048311,0.086568,0.04957,0.08429,0.048186,0.087179
91,100,2,1200,0.048617,0.08728,0.049694,0.080313,0.048002,0.086995
91,100,2,1300,0.048165,0.086973,0.049749,0.080859,0.048019,0.087026
91,100,2,1400,0.048911,0.087941,0.049348,0.08044,0.048412,0.087645
101,100,2,100,0.060169,0.107757,0.059291,0.097813,0.058435,0.105937
101,100,2,200,0.05874,0.106318,0.059724,0.098444,0.057931,0.10598
101,100,2,300,0.057667,0.109091,0.058268,0.09762,0.057163,0.106407
101,100,2,400,0.057865,0.106079,0.058565,0.099162,0.057732,0.105496
101,100,2,500,0.05743,0.107262,0.059391,0.098862,0.057255,0.105302
101,100,2,600,0.058862,0.106245,0.058654,0.098238,0.057681,0.104909
101,100,2,700,0.05776,0.106565,0.058232,0.09685,0.056874,0.10515
101,100,2,800,0.057004,0.105147,0.058379,0.09724,0.057125,0.104436
101,100,2,900,0.057926,0.105607,0.058357,0.096585,0.057018,0.105369
101,100,2,1000,0.057892,0.106528,0.058276,0.09735,0.057887,0.105052
101,100,2,1100,0.058468,0.105777,0.059226,0.096684,0.057235,0.105436
101,100,2,1200,0.057821,0.105934,0.058401,0.097987,0.057257,0.106399
101,100,2,1300,0.057402,0.106529,0.058203,0.097717,0.057181,0.105336
101,100,2,1400,0.057412,0.106637,0.058242,0.097787,0.057044,0.105161
1,100,2,100,0.003139,0.000231,0.002939,0.000108,0.002256,0.000222
1,100,2,200,0.003254,0.000231,0.003496,0.000117,0.002449,0.000273
1,100,2,300,0.002845,0.000219,0.003326,0.000153,0.002795,0.000294
1,100,2,400,0.002844,0.000273,0.002984,0.000114,0.002253,0.000249
1,100,2,500,0.003542,0.000291,0.003719,0.000131,0.002291,0.000238
1,100,2,600,0.002521,0.000229,0.002928,0.000102,0.002553,0.000347
1,100,2,700,0.003137,0.000226,0.003142,0.000104,0.00226,0.000234
1,100,2,800,0.003668,0.000329,0.003932,0.000188,0.002581,0.000271
1,100,2,900,0.002949,0.00022,0.002919,0.000102,0.002304,0.000217
1,100,2,1000,0.003822,0.000341,0.003293,0.000129,0.002305,0.000231
1,100,2,1100,0.003016,0.000228,0.002973,0.000102,0.003314,0.000337
1,100,2,1200,0.003454,0.000321,0.003028,0.000104,0.002226,0.000226
1,100,2,1300,0.002769,0.000225,0.004057,0.000155,0.002406,0.00028
1,100,2,1400,0.003089,0.000224,0.003005,0.000109,0.002253,0.000222
11,100,2,100,0.004999,0.001775,0.004287,0.001597,0.004458,0.001726
11,100,2,200,0.003914,0.001837,0.005549,0.001777,0.003716,0.001821
11,100,2,300,0.005506,0.002026,0.004396,0.001852,0.004328,0.001866
11,100,2,400,0.003956,0.002286,0.00471,0.001503,0.003616,0.002053
11,100,2,500,0.004617,0.002238,0.00434,0.001615,0.003995,0.002126
11,100,2,600,0.004484,0.002381,0.004564,0.001557,0.003823,0.002538
11,100,2,700,0.004565,0.002216,0.005207,0.001652,0.00382,0.002305
11,100,2,800,0.004874,0.002511,0.004369,0.001565,0.004361,0.002647
11,100,2,900,0.004312,0.002307,0.005329,0.001542,0.003678,0.002435
11,100,2,1000,0.00412,0.002919,0.004308,0.00159,0.004063,0.00397
11,100,2,1100,0.003928,0.002442,0.005294,0.001568,0.00363,0.002741
11,100,2,1200,0.00482,0.002638,0.004536,0.002106,0.004033,0.002732
11,100,2,1300,0.005278,0.002871,0.004328,0.00155,0.004301,0.002995
11,100,2,1400,0.004376,0.002744,0.005038,0.002162,0.003666,0.002904
21,100,2,100,0.006923,0.005702,0.006882,0.005621,0.006408,0.005437
21,100,2,200,0.007016,0.005425,0.007865,0.004719,0.006382,0.005134
21,100,2,300,0.006399,0.005707,0.006662,0.005078,0.00665,0.005464
21,100,2,400,0.006806,0.007965,0.007113,0.005438,0.006745,0.005511
21,100,2,500,0.0066,0.005387,0.006871,0.004747,0.00613,0.005563
21,100,2,600,0.007534,0.006312,0.006998,0.004988,0.006583,0.006427
21,100,2,700,0.006862,0.006331,0.007479,0.004908,0.006901,0.005628
21,100,2,800,0.007628,0.006125,0.007223,0.005159,0.006675,0.006936
21,100,2,900,0.007411,0.006015,0.00734,0.004999,0.00654,0.005817
21,100,2,1000,0.00634,0.006375,0.00783,0.005037,0.006451,0.006895
21,100,2,1100,0.008067,0.006159,0.007051,0.004863,0.006375,0.006344
21,100,2,1200,0.007084,0.006806,0.006834,0.005613,0.006952,0.006307
21,100,2,1300,0.007299,0.00609,0.006677,0.004751,0.006126,0.007018
21,100,2,1400,0.00739,0.008137,0.007367,0.005007,0.006747,0.006535
31,100,2,100,0.010018,0.012122,0.00977,0.013103,0.009724,0.011337
31,100,2,200,0.010753,0.011638,0.01158,0.01027,0.010225,0.010792
31,100,2,300,0.01125,0.011182,0.009972,0.009818,0.010351,0.01208
31,100,2,400,0.015222,0.016733,0.010393,0.011733,0.011857,0.020257
31,100,2,500,0.009289,0.010943,0.009875,0.010286,0.009112,0.012893
31,100,2,600,0.009933,0.01283,0.009924,0.010876,0.009657,0.011297
31,100,2,700,0.010481,0.012436,0.010879,0.009988,0.009752,0.011706
31,100,2,800,0.011564,0.011338,0.010517,0.010677,0.009646,0.011442
31,100,2,900,0.011662,0.012886,0.01008,0.010892,0.009147,0.013512
31,100,2,1000,0.010132,0.012401,0.010126,0.011715,0.01052,0.01213
31,100,2,1100,0.010872,0.013208,0.010299,0.01508,0.010663,0.011816
31,100,2,1200,0.010006,0.012754,0.010121,0.010476,0.009786,0.01173
31,100,2,1300,0.012485,0.017531,0.017245,0.018793,0.013257,0.023645
31,100,2,1400,0.013169,0.013157,0.009963,0.011646,0.009976,0.013204
41,100,2,100,0.014576,0.020105,0.014626,0.018593,0.013802,0.021534
41,100,2,200,0.014608,0.019529,0.014469,0.018709,0.014339,0.020154
41,100,2,300,0.014268,0.019966,0.014233,0.018446,0.014599,0.02
41,100,2,400,0.015226,0.019921,0.014759,0.019061,0.01456,0.020455
41,100,2,500,0.014334,0.021036,0.015018,0.018458,0.014158,0.020781
41,100,2,600,0.01428,0.020502,0.014914,0.01793,0.014011,0.022712
41,100,2,700,0.014322,0.025998,0.014953,0.019024,0.01587,0.020345
41,100,2,800,0.014268,0.020836,0.014637,0.018433,0.014628,0.021279
41,100,2,900,0.023571,0.030266,0.022381,0.022197,0.027495,0.04144
41,100,2,1000,0.015423,0.022069,0.022244,0.030315,0.014785,0.021856
41,100,2,1100,0.015798,0.021555,0.015268,0.028631,0.015561,0.023053
41,100,2,1200,0.015334,0.022261,0.015381,0.019408,0.016865,0.021394
41,100,2,1300,0.018588,0.025525,0.023812,0.021462,0.014984,0.022368
41,100,2,1400,0.015952,0.022292,0.015486,0.020182,0.021323,0.031238
51,100,2,100,0.020655,0.031927,0.02042,0.029224,0.024479,0.035613
51,100,2,200,0.021812,0.032141,0.020523,0.030107,0.027123,0.041378
51,100,2,300,0.020507,0.03154,0.020936,0.029676,0.019877,0.031803
51,100,2,400,0.020312,0.032911,0.027511,0.04402,0.020939,0.036366
51,100,2,500,0.024626,0.036785,0.020391,0.029756,0.019527,0.03
51,100,2,600,0.020273,0.030268,0.020136,0.028036,0.019184,0.02984
51,100,2,700,0.020131,0.03056,0.020951,0.027349,0.018837,0.029518
51,100,2,800,0.020813,0.030445,0.020342,0.028013,0.01903,0.030544
51,100,2,900,0.027207,0.031053,0.020637,0.031003,0.019963,0.03167
51,100,2,1000,0.022141,0.032835,0.032858,0.034981,0.027869,0.039507
51,100,2,1100,0.024936,0.036459,0.020552,0.029372,0.0216,0.033626
51,100,2,1200,0.020701,0.032572,0.029037,0.038589,0.01973,0.031362
51,100,2,1300,0.020493,0.031246,0.019844,0.027755,0.01891,0.030697
51,100,2,1400,0.019565,0.031337,0.019543,0.027866,0.019043,0.030735
61,100,2,100,0.026131,0.041436,0.026313,0.039155,0.02521,0.041174
61,100,2,200,0.025402,0.041894,0.026318,0.038323,0.025292,0.042258
61,100,2,300,0.025816,0.04145,0.025941,0.038208,0.025093,0.041069
61,100,2,400,0.025267,0.041985,0.026146,0.038187,0.024761,0.041214
61,100,2,500,0.025458,0.043069,0.026375,0.038391,0.024857,0.041547
61,100,2,600,0.025508,0.043674,0.026622,0.038615,0.025196,0.040997
61,100,2,700,0.02532,0.042439,0.026465,0.038476,0.0248,0.041916
61,100,2,800,0.025236,0.04246,0.026106,0.038505,0.024985,0.041745
61,100,2,900,0.026156,0.041694,0.025956,0.037675,0.024867,0.041281
61,100,2,1000,0.025327,0.041797,0.026065,0.038175,0.024858,0.041349
61,100,2,1100,0.025601,0.042191,0.026663,0.039211,0.026616,0.042596
61,100,2,1200,0.025761,0.043299,0.026572,0.038964,0.025185,0.042108
61,100,2,1300,0.025028,0.04368,0.026496,0.039304,0.025204,0.041637
61,100,2,1400,0.025493,0.044187,0.026281,0.038021,0.024679,0.041727
71,100,2,100,0.033689,0.059097,0.032461,0.052537,0.032204,0.054592
71,100,2,200,0.032116,0.055416,0.032627,0.0519,0.031771,0.054189
71,100,2,300,0.03213,0.055819,0.032242,0.052746,0.032622,0.055712
71,100,2,400,0.031852,0.056204,0.032518,0.051732,0.03184,0.054833
71,100,2,500,0.032155,0.055725,0.032003,0.050104,0.03179,0.054689
71,100,2,600,0.032495,0.055325,0.033027,0.05086,0.031707,0.054366
71,100,2,700,0.032074,0.056301,0.032084,0.049913,0.032097,0.055235
71,100,2,800,0.032191,0.056503,0.03236,0.051911,0.032207,0.05568
71,100,2,900,0.03306,0.055958,0.032019,0.05063,0.031989,0.055058
71,100,2,1000,0.032136,0.056244,0.03291,0.050898,0.032024,0.054939
71,100,2,1100,0.031966,0.056337,0.032359,0.050203,0.031863,0.055002
71,100,2,1200,0.032549,0.056169,0.03241,0.050799,0.031993,0.054933
71,100,2,1300,0.03306,0.056385,0.032393,0.050936,0.03208,0.054765
71,100,2,1400,0.032438,0.056639,0.034872,0.051579,0.032043,0.054825
81,100,2,100,0.04111,0.070982,0.039981,0.064805,0.040633,0.0695
81,100,2,200,0.039843,0.070042,0.039641,0.066693,0.03926,0.071268
81,100,2,300,0.040662,0.070925,0.039915,0.065649,0.039324,0.069491
81,100,2,400,0.039834,0.070542,0.039899,0.065683,0.040488,0.069639
81,100,2,500,0.040291,0.069642,0.040322,0.065615,0.039638,0.070404
81,100,2,600,0.040672,0.06983,0.039985,0.064405,0.039347,0.070097
81,100,2,700,0.041329,0.070539,0.039758,0.064821,0.039374,0.069926
81,100,2,800,0.040139,0.071573,0.040431,0.065027,0.039212,0.070119
81,100,2,900,0.039698,0.071451,0.040341,0.066435,0.039669,0.0704
81,100,2,1000,0.040256,0.071427,0.042117,0.065584,0.039838,0.06978
81,100,2,1100,0.039953,0.07092,0.039632,0.066352,0.03915,0.07147
81,100,2,1200,0.040079,0.070533,0.039879,0.066001,0.039242,0.070547
81,100,2,1300,0.040114,0.070965,0.04074,0.065957,0.039607,0.071368
81,100,2,1400,0.040213,0.072258,0.039782,0.066786,0.039317,0.07643
91,100,2,100,0.048821,0.087493,0.049029,0.080489,0.048143,0.086444
91,100,2,200,0.049034,0.088055,0.049425,0.081076,0.048169,0.087363
91,100,2,300,0.049125,0.088275,0.048277,0.079915,0.048309,0.086173
91,100,2,400,0.049853,0.087349,0.048207,0.080151,0.047811,0.086151
91,100,2,500,0.047714,0.086729,0.048261,0.079804,0.047708,0.086304
91,100,2,600,0.048036,0.085923,0.04858,0.080544,0.048604,0.086846
91,100,2,700,0.047796,0.086963,0.048953,0.080908,0.047449,0.086709
91,100,2,800,0.048879,0.086761,0.048388,0.080284,0.047801,0.087487
91,100,2,900,0.048519,0.088023,0.048747,0.080447,0.054939,0.088737
91,100,2,1000,0.04846,0.087174,0.048493,0.080204,0.048101,0.088364
91,100,2,1100,0.04878,0.087916,0.048682,0.080735,0.048279,0.087969
91,100,2,1200,0.049634,0.088851,0.048237,0.080094,0.048284,0.087723
91,100,2,1300,0.047687,0.087692,0.048016,0.081502,0.048373,0.087265
91,100,2,1400,0.048876,0.087477,0.047918,0.080403,0.051437,0.105229
101,100,2,100,0.059306,0.106349,0.057843,0.097502,0.05813,0.10516
101,100,2,200,0.057665,0.106574,0.059325,0.09779,0.057075,0.104304
101,100,2,300,0.058225,0.106511,0.057968,0.097058,0.057188,0.105211
101,100,2,400,0.057207,0.106175,0.059054,0.099125,0.05695,0.105257
101,100,2,500,0.057635,0.106565,0.058945,0.098308,0.056822,0.105149
101,100,2,600,0.058568,0.106465,0.05931,0.097585,0.0624,0.104964
101,100,2,700,0.057674,0.10677,0.058423,0.097569,0.057268,0.108393
101,100,2,800,0.06015,0.107119,0.058494,0.098171,0.059055,0.106196
101,100,2,900,0.057458,0.10623,0.060969,0.097589,0.057195,0.10545
101,100,2,1000,0.059916,0.106266,0.058606,0.098221,0.057375,0.105156
101,100,2,1100,0.057989,0.106432,0.058075,0.098682,0.056638,0.106817
101,100,2,1200,0.057409,0.108068,0.058145,0.097177,0.056723,0.106987
101,100,2,1300,0.057384,0.106406,0.058643,0.097769,0.056506,0.105772
101,100,2,1400,0.057405,0.106327,0.058524,0.097804,0.057177,0.105712
1,100,2,100,0.005908,0.000268,0.005622,0.000169,0.006113,0.000285
1,100,2,200,0.006598,0.000311,0.005587,0.000194,0.007023,0.000377
1,100,2,300,0.005733,0.000217,0.006191,0.000429,0.006626,0.000295
1,100,2,400,0.005563,0.000247,0.00808,0.000206,0.005587,0.000231
1,100,2,500,0.007305,0.000308,0.005886,0.00018,0.006522,0.000318
1,100,2,600,0.006388,0.000305,0.005619,0.000194,0.007605,0.000324
1,100,2,700,0.00564,0.000248,0.00617,0.000282,0.005966,0.000269
1,100,2,800,0.005553,0.000242,0.007122,0.000279,0.005503,0.000255
1,100,2,900,0.009574,0.000493,0.005676,0.000201,0.006979,0.000256
1,100,2,1000,0.00625,0.000295,0.005611,0.000175,0.007582,0.000382
1,100,2,1100,0.005709,0.000243,0.006792,0.000345,0.00569,0.000242
1,100,2,1200,0.006374,0.00023,0.006681,0.000195,0.005445,0.000223
1,100,2,1300,0.009242,0.000425,0.005737,0.000175,0.007226,0.00031
1,100,2,1400,0.005907,0.000212,0.006222,0.000183,0.006568,0.000279
11,100,2,100,0.004623,0.001744,0.005778,0.001604,0.005806,0.002335
11,100,2,200,0.004936,0.001932,0.005883,0.00156,0.00479,0.001923
11,100,2,300,0.005919,0.002756,0.005283,0.002576,0.004943,0.002094
11,100,2,400,0.005096,0.0023,0.00519,0.001623,0.005217,0.002227
11,100,2,500,0.004838,0.002346,0.005926,0.001981,0.005073,0.003052
11,100,2,600,0.004965,0.002465,0.006498,0.001681,0.004676,0.002506
11,100,2,700,0.005855,0.003035,0.005162,0.001939,0.004952,0.002616
11,100,2,800,0.005619,0.00295,0.005048,0.001558,0.005382,0.003665
11,100,2,900,0.00534,0.003194,0.005471,0.00157,0.005941,0.003063
11,100,2,1000,0.004776,0.002781,0.007074,0.001953,0.005068,0.003056
11,100,2,1100,0.006401,0.003402,0.004986,0.001548,0.005209,0.004243
11,100,2,1200,0.005224,0.003678,0.005428,0.001504,0.005568,0.003432
11,100,2,1300,0.004892,0.0039,0.005656,0.001721,0.005379,0.003613
11,100,2,1400,0.004852,0.003364,0.00596,0.00158,0.005489,0.003814
21,100,2,100,0.007319,0.005707,0.008475,0.004831,0.007226,0.005372
21,100,2,200,0.007056,0.006115,0.007942,0.004939,0.007288,0.006466
21,100,2,300,0.008216,0.005665,0.007855,0.004761,0.007114,0.006396
21,100,2,400,0.007545,0.00619,0.007993,0.005564,0.007878,0.005612
21,100,2,500,0.007182,0.005612,0.007471,0.005063,0.007705,0.005905
21,100,2,600,0.007411,0.006656,0.008426,0.005035,0.007307,0.005703
21,100,2,700,0.006933,0.007202,0.008037,0.005672,0.008298,0.006414
21,100,2,800,0.007608,0.005919,0.007728,0.004854,0.007353,0.006465
21,100,2,900,0.009663,0.007578,0.008465,0.004942,0.008002,0.006253
21,100,2,1000,0.007339,0.006693,0.007582,0.005671,0.007742,0.006718
21,100,2,1100,0.008508,0.006188,0.007874,0.005179,0.008104,0.007943
21,100,2,1200,0.007963,0.006358,0.007711,0.004762,0.007064,0.007433
21,100,2,1300,0.007976,0.007238,0.008363,0.00491,0.007189,0.006473
21,100,2,1400,0.00709,0.007169,0.007686,0.004895,0.007125,0.007197
31,100,2,100,0.010755,0.012223,0.010672,0.011204,0.010031,0.013298
31,100,2,200,0.0115,0.01133,0.011798,0.010017,0.01056,0.01087
31,100,2,300,0.01028,0.012002,0.010529,0.011394,0.009939,0.011605
31,100,2,400,0.011186,0.011725,0.010915,0.010657,0.010585,0.011355
31,100,2,500,0.01127,0.012044,0.010896,0.009715,0.010903,0.011434
31,100,2,600,0.011533,0.012436,0.010589,0.011523,0.01021,0.012926
31,100,2,700,0.010327,0.012328,0.011259,0.009971,0.010635,0.011683
31,100,2,800,0.011107,0.011589,0.011014,0.010114,0.010141,0.012431
31,100,2,900,0.011733,0.012829,0.010586,0.010563,0.010892,0.012361
31,100,2,1000,0.011384,0.012739,0.010838,0.010172,0.010375,0.012329
31,100,2,1100,0.010496,0.013172,0.01086,0.01055,0.010025,0.014108
31,100,2,1200,0.01098,0.012669,0.011944,0.010173,0.010304,0.013472
31,100,2,1300,0.010571,0.014057,0.010651,0.010677,0.010643,0.013041
31,100,2,1400,0.010917,0.012983,0.0107,0.010303,0.010268,0.012556
41,100,2,100,0.015323,0.021224,0.01604,0.018563,0.014965,0.022017
41,100,2,200,0.014814,0.020548,0.015212,0.018513,0.015318,0.02081
41,100,2,300,0.014948,0.020662,0.015926,0.018299,0.015198,0.021242
41,100,2,400,0.015207,0.021445,0.016366,0.019309,0.021999,0.035033
41,100,2,500,0.020212,0.02707,0.015666,0.019601,0.015248,0.02011
41,100,2,600,0.015127,0.021246,0.016294,0.018964,0.015829,0.020919
41,100,2,700,0.016006,0.020342,0.01507,0.018817,0.014685,0.022133
41,100,2,800,0.015109,0.021393,0.01586,0.01862,0.015031,0.021056
41,100,2,900,0.014763,0.021069,0.015891,0.018674,0.014918,0.022902
41,100,2,1000,0.015391,0.020302,0.015328,0.018414,0.015044,0.021554
41,100,2,1100,0.015088,0.021274,0.015889,0.018617,0.015408,0.023206
41,100,2,1200,0.015591,0.022558,0.015904,0.019082,0.015294,0.023727
41,100,2,1300,0.015164,0.021614,0.01584,0.018454,0.014899,0.02262
41,100,2,1400,0.016346,0.021584,0.016201,0.020111,0.016854,0.021823
51,100,2,100,0.020349,0.029064,0.020865,0.027789,0.01983,0.035983
51,100,2,200,0.020207,0.030681,0.020474,0.028032,0.020164,0.03095
51,100,2,300,0.019724,0.029878,0.020318,0.027002,0.019794,0.029313
51,100,2,400,0.019739,0.030267,0.023381,0.02827,0.019896,0.029693
51,100,2,500,0.021141,0.029441,0.020479,0.0279,0.019878,0.030718
51,100,2,600,0.020006,0.030726,0.020575,0.02695,0.019715,0.029962
51,100,2,700,0.019765,0.030506,0.020373,0.027847,0.019706,0.030291
51,100,2,800,0.019714,0.03108,0.020257,0.027906,0.02021,0.030225
51,100,2,900,0.020029,0.030648,0.020411,0.027783,0.020431,0.031332
51,100,2,1000,0.020582,0.030747,0.020733,0.027917,0.020216,0.030918
51,100,2,1100,0.020093,0.030578,0.020297,0.027551,0.020948,0.030621
51,100,2,1200,0.019856,0.031268,0.020305,0.027652,0.020033,0.030258
51,100,2,1300,0.019799,0.031086,0.020382,0.027427,0.019849,0.031931
51,100,2,1400,0.019632,0.030729,0.020302,0.026886,0.019818,0.030768
61,100,2,100,0.026373,0.042513,0.027828,0.037934,0.02601,0.04163
61,100,2,200,0.026015,0.041222,0.026677,0.037891,0.026109,0.041097
61,100,2,300,0.025631,0.042443,0.027225,0.038091,0.026467,0.04263
61,100,2,400,0.026549,0.044599,0.027639,0.038823,0.026697,0.041699
61,100,2,500,0.026015,0.043189,0.027394,0.038398,0.026013,0.041442
61,100,2,600,0.026027,0.043582,0.026805,0.037711,0.025599,0.041956
61,100,2,700,0.026784,0.041437,0.027038,0.037894,0.0262,0.041142
61,100,2,800,0.025589,0.042177,0.027129,0.038904,0.025705,0.041884
61,100,2,900,0.026275,0.042276,0.0274,0.038658,0.026091,0.042635
61,100,2,1000,0.025808,0.0437,0.027172,0.037894,0.025875,0.041699
61,100,2,1100,0.026131,0.042119,0.027944,0.038805,0.026014,0.04232
61,100,2,1200,0.025679,0.042059,0.027292,0.037914,0.025919,0.043299
61,100,2,1300,0.026167,0.043248,0.027481,0.037814,0.025826,0.042078
61,100,2,1400,0.025631,0.042619,0.0271,0.038501,0.026319,0.043038
71,100,2,100,0.032876,0.05535,0.033277,0.050309,0.032732,0.053791
71,100,2,200,0.032786,0.057953,0.032992,0.050588,0.032869,0.054567
71,100,2,300,0.032524,0.059342,0.033136,0.050911,0.032912,0.055717
71,100,2,400,0.032532,0.05718,0.032983,0.050756,0.03232,0.056204
71,100,2,500,0.032993,0.055614,0.03298,0.050917,0.032521,0.05552
71,100,2,600,0.033172,0.057222,0.033337,0.050544,0.032249,0.055058
71,100,2,700,0.033462,0.055889,0.033207,0.052257,0.032426,0.054876
71,100,2,800,0.032415,0.05679,0.032856,0.050657,0.0324,0.056248
71,100,2,900,0.032742,0.056748,0.033333,0.050233,0.032851,0.054743
71,100,2,1000,0.032856,0.057306,0.033636,0.051431,0.032947,0.055949
71,100,2,1100,0.03217,0.056483,0.032948,0.049655,0.032955,0.055299
71,100,2,1200,0.032842,0.056526,0.032939,0.05053,0.032909,0.055972
71,100,2,1300,0.033293,0.057448,0.033128,0.049938,0.033075,0.055765
71,100,2,1400,0.03237,0.057744,0.033117,0.050486,0.034265,0.075242
81,100,2,100,0.056082,0.083346,0.047592,0.069424,0.043047,0.074216
81,100,2,200,0.053101,0.086468,0.050635,0.070962,0.060946,0.080829
81,100,2,300,0.044477,0.078593,0.055504,0.090234,0.042346,0.076029
81,100,2,400,0.064594,0.082671,0.049624,0.071848,0.052449,0.070886
81,100,2,500,0.04183,0.071179,0.040851,0.06421,0.040163,0.069846
81,100,2,600,0.042262,0.07569,0.050312,0.071768,0.059718,0.084456
81,100,2,700,0.050966,0.079402,0.043619,0.079249,0.042558,0.078035
81,100,2,800,0.040643,0.070857,0.044468,0.065431,0.040459,0.072393
81,100,2,900,0.040508,0.071105,0.040641,0.065944,0.040445,0.07118
81,100,2,1000,0.04103,0.071832,0.040989,0.064867,0.040813,0.072084
81,100,2,1100,0.041804,0.071386,0.041567,0.065746,0.040513,0.071902
81,100,2,1200,0.040761,0.073194,0.041693,0.065442,0.040032,0.071852
81,100,2,1300,0.04122,0.07188,0.041055,0.064917,0.040802,0.071661
81,100,2,1400,0.041921,0.072236,0.041814,0.065367,0.040604,0.072071
91,100,2,100,0.051167,0.09,0.049486,0.08127,0.049352,0.087656
91,100,2,200,0.049122,0.089072,0.050462,0.080771,0.05024,0.0878
91,100,2,300,0.050141,0.091919,0.049376,0.080342,0.049404,0.087031
91,100,2,400,0.049663,0.0872,0.049352,0.081035,0.049222,0.087359
91,100,2,500,0.049991,0.088841,0.049321,0.080245,0.048861,0.087239
91,100,2,600,0.049629,0.088858,0.050292,0.080996,0.049099,0.088212
91,100,2,700,0.050429,0.088925,0.050352,0.081268,0.048924,0.08905
91,100,2,800,0.049995,0.090405,0.049026,0.080179,0.048911,0.089213
91,100,2,900,0.048968,0.088362,0.049419,0.080011,0.048653,0.089425
91,100,2,1000,0.049513,0.092646,0.051835,0.082003,0.049158,0.088379
91,100,2,1100,0.048868,0.089172,0.04958,0.083042,0.050496,0.090463
91,100,2,1200,0.049392,0.091237,0.04955,0.080739,0.048864,0.090114
91,100,2,1300,0.049572,0.088799,0.049551,0.080315,0.048919,0.088368
91,100,2,1400,0.050509,0.089492,0.049238,0.080726,0.04859,0.088184
101,100,2,100,0.059859,0.105968,0.060341,0.09857,0.058577,0.105974
101,100,2,200,0.057994,0.107835,0.058718,0.097359,0.058839,0.108172
101,100,2,300,0.058517,0.10587,0.058877,0.098448,0.058245,0.10561
101,100,2,400,0.059167,0.109091,0.058264,0.097661,0.058253,0.107186
101,100,2,500,0.058522,0.107218,0.059843,0.099665,0.058385,0.10686
101,100,2,600,0.059527,0.108728,0.059325,0.098047,0.058477,0.107584
101,100,2,700,0.057841,0.107503,0.059175,0.099633,0.058725,0.107271
101,100,2,800,0.058069,0.108162,0.0601,0.097526,0.057814,0.10602
101,100,2,900,0.058398,0.107005,0.058653,0.097527,0.058852,0.107064
101,100,2,1000,0.058796,0.107298,0.059999,0.097523,0.058909,0.106539
101,100,2,1100,0.060049,0.108406,0.058888,0.09718,0.05906,0.107329
101,100,2,1200,0.059658,0.108297,0.060803,0.09849,0.058232,0.107877
101,100,2,1300,0.059073,0.10941,0.058838,0.097489,0.059193,0.107318
101,100,2,1400,0.05829,0.110204,0.059475,0.097814,0.059393,0.115698
1,100,2,100,0.005491,0.000384,0.005309,0.00018,0.004015,0.000323
1,100,2,200,0.00295,0.000266,0.003388,0.000125,0.00246,0.00033
1,100,2,300,0.003951,0.00033,0.00315,0.000141,0.002356,0.000282
1,100,2,400,0.002407,0.000307,0.003032,0.000146,0.003666,0.000533
1,100,2,500,0.002647,0.00034,0.002909,0.000106,0.002338,0.000378
1,100,2,600,0.003344,0.000488,0.003517,0.00011,0.002677,0.000485
1,100,2,700,0.003345,0.000544,0.002999,0.000105,0.00346,0.000593
1,100,2,800,0.002622,0.000538,0.002975,0.000107,0.002408,0.000525
1,100,2,900,0.002372,0.000557,0.003939,0.000195,0.00253,0.000695
1,100,2,1000,0.002526,0.000564,0.002932,0.000103,0.002297,0.000867
1,100,2,1100,0.003591,0.000753,0.00298,0.000136,0.002315,0.000693
1,100,2,1200,0.002441,0.000686,0.004237,0.000216,0.002827,0.000898
1,100,2,1300,0.002571,0.000714,0.002901,0.000109,0.002473,0.001192
1,100,2,1400,0.003187,0.000985,0.002982,0.000104,0.002364,0.0009
11,100,2,100,0.004693,0.001936,0.004414,0.00154,0.004676,0.001993
11,100,2,200,0.003753,0.001663,0.005244,0.001827,0.003801,0.001796
11,100,2,300,0.004317,0.002208,0.004527,0.00149,0.00473,0.002248
11,100,2,400,0.003781,0.001836,0.00513,0.001696,0.004095,0.001828
11,100,2,500,0.00434,0.002179,0.00457,0.001605,0.004211,0.002445
11,100,2,600,0.004013,0.00183,0.00531,0.001836,0.00379,0.001988
11,100,2,700,0.004306,0.002381,0.004395,0.001535,0.004839,0.00231
11,100,2,800,0.003914,0.002045,0.004956,0.00162,0.003898,0.002073
11,100,2,900,0.004466,0.00254,0.004411,0.001543,0.004555,0.002337
11,100,2,1000,0.004015,0.00206,0.005115,0.001689,0.004042,0.002323
11,100,2,1100,0.004402,0.002243,0.004334,0.001558,0.004178,0.002437
11,100,2,1200,0.003766,0.002177,0.004695,0.0017,0.0037,0.002278
11,100,2,1300,0.003966,0.003125,0.004345,0.001525,0.003951,0.003334
11,100,2,1400,0.003775,0.002299,0.005229,0.001762,0.003721,0.00246
21,100,2,100,0.006482,0.005125,0.006911,0.00515,0.006144,0.005835
21,100,2,200,0.006594,0.005726,0.00826,0.005054,0.006254,0.00532
21,100,2,300,0.006259,0.005126,0.006595,0.00522,0.006437,0.005435
21,100,2,400,0.006709,0.006854,0.00692,0.005676,0.006478,0.005859
21,100,2,500,0.006964,0.005595,0.007009,0.004979,0.006166,0.005356
21,100,2,600,0.007527,0.006246,0.007193,0.005316,0.006564,0.006311
21,100,2,700,0.007019,0.005649,0.007649,0.004802,0.00637,0.005369
21,100,2,800,0.006104,0.006441,0.007781,0.004852,0.006502,0.006331
21,100,2,900,0.006478,0.006429,0.007532,0.005103,0.006393,0.005657
21,100,2,1000,0.007304,0.005546,0.007113,0.005055,0.006684,0.005728
21,100,2,1100,0.006367,0.006476,0.007179,0.005097,0.006754,0.005945
21,100,2,1200,0.007725,0.005713,0.006898,0.004747,0.00607,0.006972
21,100,2,1300,0.006968,0.006279,0.0068,0.00579,0.007415,0.006409
21,100,2,1400,0.007012,0.005859,0.006984,0.00464,0.006056,0.006905
31,100,2,100,0.01075,0.010669,0.010765,0.0104,0.010175,0.010494
31,100,2,200,0.009856,0.010557,0.010002,0.009775,0.009564,0.011599
31,100,2,300,0.010345,0.012271,0.010198,0.011999,0.009177,0.012683
31,100,2,400,0.011333,0.01167,0.00989,0.010688,0.010404,0.011152
31,100,2,500,0.009657,0.012539,0.011386,0.009869,0.010039,0.011382
31,100,2,600,0.010641,0.011106,0.010447,0.01011,0.009701,0.011011
31,100,2,700,0.010466,0.011041,0.010099,0.009942,0.009459,0.011126
31,100,2,800,0.009928,0.011536,0.010313,0.010425,0.009209,0.012027
31,100,2,900,0.009829,0.012147,0.009801,0.010877,0.009232,0.013164
31,100,2,1000,0.010272,0.012332,0.009939,0.011343,0.010146,0.012099
31,100,2,1100,0.009895,0.012616,0.010942,0.009877,0.010016,0.012087
31,100,2,1200,0.011042,0.011554,0.010453,0.00973,0.009501,0.011471
31,100,2,1300,0.010193,0.012092,0.009777,0.010931,0.009186,0.013099
31,100,2,1400,0.010536,0.012715,0.009986,0.010784,0.010146,0.012199
41,100,2,100,0.01446,0.019117,0.014478,0.018754,0.014189,0.020537
41,100,2,200,0.01464,0.019302,0.014589,0.018435,0.013838,0.020716
41,100,2,300,0.014303,0.019438,0.014707,0.018559,0.014303,0.021139
41,100,2,400,0.014244,0.019654,0.014604,0.018964,0.014437,0.020478
41,100,2,500,0.014087,0.020122,0.014513,0.019015,0.014401,0.020748
41,100,2,600,0.014047,0.020376,0.014948,0.018903,0.014331,0.020753
41,100,2,700,0.014143,0.020593,0.015266,0.018558,0.014482,0.023953
41,100,2,800,0.014666,0.020086,0.015432,0.019135,0.015438,0.020641
41,100,2,900,0.014159,0.019737,0.014758,0.019075,0.0201,0.032126
41,100,2,1000,0.020013,0.027097,0.015465,0.020106,0.014455,0.020546
41,100,2,1100,0.014028,0.020179,0.014717,0.019121,0.014512,0.020831
41,100,2,1200,0.014259,0.020867,0.014754,0.018598,0.014305,0.021123
41,100,2,1300,0.014687,0.021245,0.015249,0.018405,0.014066,0.023101
41,100,2,1400,0.01465,0.020215,0.014927,0.018994,0.015764,0.021659
51,100,2,100,0.019477,0.030105,0.019883,0.027188,0.019415,0.028922
51,100,2,200,0.019774,0.029889,0.020252,0.027463,0.019412,0.029245
51,100,2,300,0.019673,0.029782,0.020246,0.027752,0.018921,0.029357
51,100,2,400,0.01933,0.029918,0.020241,0.028256,0.018668,0.029451
51,100,2,500,0.019006,0.029807,0.019406,0.028387,0.018796,0.030168
51,100,2,600,0.018812,0.030298,0.019763,0.027316,0.01968,0.029347
51,100,2,700,0.020079,0.030601,0.021572,0.027954,0.019711,0.029675
51,100,2,800,0.020664,0.030754,0.020368,0.027469,0.019844,0.030253
51,100,2,900,0.019898,0.030897,0.020081,0.027207,0.019247,0.029489
51,100,2,1000,0.020043,0.03019,0.020437,0.027189,0.019412,0.029576
51,100,2,1100,0.019295,0.030082,0.01941,0.027589,0.018988,0.030336
51,100,2,1200,0.019063,0.030056,0.019722,0.027854,0.023363,0.02968
51,100,2,1300,0.018985,0.030424,0.024153,0.028235,0.019946,0.030748
51,100,2,1400,0.020642,0.030559,0.020199,0.027117,0.019568,0.031172
61,100,2,100,0.025384,0.041334,0.026589,0.037728,0.024643,0.040829
61,100,2,200,0.024821,0.041822,0.026261,0.037925,0.025498,0.041114
61,100,2,300,0.024564,0.041719,0.026215,0.037771,0.025028,0.041597
61,100,2,400,0.024858,0.041226,0.026264,0.039142,0.024766,0.041376
61,100,2,500,0.025153,0.040887,0.02601,0.038249,0.024735,0.041225
61,100,2,600,0.024761,0.043164,0.027134,0.039605,0.025068,0.041981
61,100,2,700,0.024488,0.041346,0.026326,0.038362,0.024966,0.041175
61,100,2,800,0.024661,0.041649,0.026109,0.038117,0.024784,0.041136
61,100,2,900,0.024881,0.04084,0.02671,0.037921,0.025139,0.041251
61,100,2,1000,0.025757,0.042166,0.026451,0.037864,0.024869,0.040888
61,100,2,1100,0.025057,0.041488,0.02609,0.038391,0.024863,0.042516
61,100,2,1200,0.024698,0.040974,0.026386,0.037704,0.024797,0.041358
61,100,2,1300,0.024702,0.040744,0.026401,0.037845,0.025368,0.041522
61,100,2,1400,0.025019,0.041697,0.026143,0.037663,0.025041,0.041094
71,100,2,100,0.032726,0.05614,0.032573,0.050554,0.031617,0.054206
71,100,2,200,0.033029,0.055276,0.032532,0.053054,0.03175,0.053926
71,100,2,300,0.032079,0.055664,0.032546,0.050961,0.031694,0.055517
71,100,2,400,0.031659,0.054698,0.032258,0.051167,0.032451,0.053805
71,100,2,500,0.03186,0.057038,0.032702,0.051574,0.031644,0.054652
71,100,2,600,0.03157,0.055296,0.031957,0.04962,0.031821,0.054758
71,100,2,700,0.031435,0.056636,0.031992,0.050476,0.03149,0.05436
71,100,2,800,0.031971,0.055138,0.032409,0.050376,0.031654,0.054151
71,100,2,900,0.031725,0.055738,0.032809,0.051435,0.031535,0.055094
71,100,2,1000,0.031743,0.055045,0.032293,0.05055,0.031878,0.054699
71,100,2,1100,0.031629,0.055905,0.032263,0.050611,0.031489,0.054422
71,100,2,1200,0.031923,0.056028,0.032317,0.049845,0.031802,0.054488
71,100,2,1300,0.031779,0.056574,0.032425,0.050098,0.031826,0.055084
71,100,2,1400,0.031645,0.056203,0.032188,0.049814,0.0318,0.054887
81,100,2,100,0.040493,0.06947,0.040154,0.064237,0.039434,0.071499
81,100,2,200,0.03984,0.069684,0.040074,0.064979,0.039479,0.069284
81,100,2,300,0.040051,0.070686,0.039629,0.065165,0.039249,0.069186
81,100,2,400,0.039184,0.071083,0.039689,0.064576,0.039485,0.069766
81,100,2,500,0.040485,0.070138,0.039641,0.06443,0.039017,0.069689
81,100,2,600,0.040544,0.069681,0.040246,0.065584,0.039178,0.070153
81,100,2,700,0.040616,0.071436,0.039903,0.06498,0.045714,0.070343
81,100,2,800,0.039699,0.071147,0.039879,0.064859,0.039699,0.069793
81,100,2,900,0.041059,0.06975,0.040839,0.064496,0.039101,0.069598
81,100,2,1000,0.039797,0.068973,0.039701,0.06379,0.039488,0.06922
81,100,2,1100,0.03912,0.070413,0.040435,0.064529,0.039312,0.070142
81,100,2,1200,0.039962,0.069623,0.040671,0.065798,0.038865,0.068951
81,100,2,1300,0.039187,0.069503,0.039655,0.063988,0.039748,0.070452
81,100,2,1400,0.041068,0.069622,0.040354,0.064209,0.03999,0.070598
91,100,2,100,0.049855,0.086781,0.048113,0.079606,0.047746,0.086112
91,100,2,200,0.047024,0.085074,0.048174,0.079297,0.047592,0.086077
91,100,2,300,0.047185,0.085947,0.049612,0.079641,0.047526,0.085632
91,100,2,400,0.047958,0.086481,0.048141,0.080035,0.04807,0.086652
91,100,2,500,0.047482,0.085763,0.048105,0.07908,0.04759,0.085498
91,100,2,600,0.049087,0.087623,0.047963,0.079993,0.047628,0.086331
91,100,2,700,0.048614,0.08765,0.048106,0.079766,0.047766,0.08608
91,100,2,800,0.047584,0.085728,0.049143,0.079746,0.047774,0.085833
91,100,2,900,0.048374,0.087222,0.048311,0.080097,0.047663,0.08592
91,100,2,1000,0.04825,0.08775,0.050541,0.080612,0.047758,0.086621
91,100,2,1100,0.050495,0.087754,0.048241,0.080293,0.04743,0.087724
91,100,2,1200,0.048393,0.089942,0.048552,0.079522,0.048032,0.087027
91,100,2,1300,0.048346,0.087251,0.048628,0.080366,0.047626,0.08732
91,100,2,1400,0.047169,0.086827,0.048489,0.08173,0.04976,0.085964
101,100,2,100,0.057923,0.105616,0.057865,0.098998,0.05679,0.103909
101,100,2,200,0.057861,0.106045,0.058712,0.097655,0.057209,0.105364
101,100,2,300,0.058061,0.105641,0.058183,0.097809,0.056562,0.105711
101,100,2,400,0.057712,0.105971,0.057731,0.097314,0.057098,0.110644
101,100,2,500,0.05759,0.105875,0.058982,0.096475,0.05691,0.10554
101,100,2,600,0.058173,0.10528,0.05872,0.097245,0.057417,0.104359
101,100,2,700,0.056497,0.105453,0.05818,0.09898,0.056462,0.105172
101,100,2,800,0.05783,0.107747,0.057606,0.097864,0.05709,0.107183
101,100,2,900,0.057393,0.105439,0.058632,0.096937,0.056938,0.104895
101,100,2,1000,0.057972,0.105221,0.058076,0.096863,0.056996,0.105015
101,100,2,1100,0.057669,0.106098,0.057772,0.096869,0.057612,0.105514
101,100,2,1200,0.057299,0.105758,0.058653,0.098314,0.05643,0.105399
101,100,2,1300,0.058579,0.107835,0.059097,0.097681,0.057533,0.107057
101,100,2,1400,0.057494,0.106444,0.05837,0.09755,0.056884,0.105962
1,100,2,100,0.002598,0.000243,0.002887,0.000115,0.002344,0.000204
1,100,2,200,0.002462,0.00025,0.00398,0.000169,0.002443,0.000322
1,100,2,300,0.00249,0.000324,0.002901,0.000111,0.00416,0.000377
1,100,2,400,0.002648,0.000358,0.002881,0.000119,0.002371,0.000372
1,100,2,500,0.002668,0.000446,0.004463,0.000152,0.002548,0.000536
1,100,2,600,0.002802,0.000423,0.002905,0.000138,0.003157,0.000521
1,100,2,700,0.003522,0.000504,0.002901,0.000107,0.003155,0.00071
1,100,2,800,0.002646,0.000668,0.004063,0.000146,0.002465,0.00058
1,100,2,900,0.002623,0.000601,0.003064,0.000148,0.003016,0.000698
1,100,2,1000,0.003394,0.000883,0.002961,0.000103,0.002408,0.000729
1,100,2,1100,0.002869,0.000847,0.004173,0.000181,0.002487,0.000805
1,100,2,1200,0.002949,0.000743,0.002911,0.000119,0.002743,0.00103
1,100,2,1300,0.003195,0.000946,0.002888,0.000109,0.00239,0.00102
1,100,2,1400,0.00337,0.001223,0.0035,0.000207,0.002495,0.000985
11,100,2,100,0.003789,0.001637,0.005048,0.001626,0.003706,0.001727
11,100,2,200,0.00426,0.002426,0.00425,0.00154,0.004378,0.001695
11,100,2,300,0.003784,0.001828,0.005433,0.001894,0.003632,0.001811
11,100,2,400,0.004792,0.001934,0.004217,0.001563,0.004315,0.001963
11,100,2,500,0.003956,0.002004,0.005306,0.001544,0.003662,0.002081
11,100,2,600,0.004395,0.001915,0.004275,0.002361,0.004064,0.00212
11,100,2,700,0.004567,0.002704,0.004401,0.001541,0.005674,0.002119
11,100,2,800,0.004126,0.002055,0.005913,0.001719,0.003675,0.002077
11,100,2,900,0.004639,0.002364,0.004158,0.001553,0.004061,0.003148
11,100,2,1000,0.004025,0.002109,0.005127,0.001916,0.003696,0.002201
11,100,2,1100,0.005168,0.002346,0.004224,0.001536,0.004386,0.002449
11,100,2,1200,0.004099,0.002637,0.004979,0.001538,0.003866,0.003229
11,100,2,1300,0.004169,0.002358,0.004847,0.001689,0.003893,0.002413
11,100,2,1400,0.00428,0.003096,0.004359,0.001706,0.005187,0.002881
21,100,2,100,0.007336,0.005121,0.007235,0.004741,0.00633,0.005483
21,100,2,200,0.006229,0.006653,0.008401,0.004951,0.006383,0.006588
21,100,2,300,0.006746,0.005616,0.007791,0.0052,0.006467,0.005343
21,100,2,400,0.006838,0.005627,0.007302,0.005067,0.00729,0.005447
21,100,2,500,0.006419,0.006435,0.007379,0.004999,0.007295,0.005422
21,100,2,600,0.00779,0.005598,0.006622,0.005275,0.007469,0.005737
21,100,2,700,0.006696,0.005932,0.006975,0.005926,0.006929,0.006
21,100,2,800,0.008259,0.005645,0.006784,0.004587,0.006069,0.006172
21,100,2,900,0.007065,0.006045,0.00747,0.005474,0.006529,0.006473
21,100,2,1000,0.00847,0.005799,0.006905,0.0047,0.006112,0.006767
21,100,2,1100,0.007074,0.006325,0.006939,0.005242,0.006751,0.00677
21,100,2,1200,0.007518,0.005706,0.00708,0.00468,0.006456,0.005688
21,100,2,1300,0.006303,0.006222,0.006842,0.004928,0.006729,0.006059
21,100,2,1400,0.006943,0.007867,0.007893,0.005219,0.006476,0.005948
31,100,2,100,0.009542,0.011789,0.009708,0.01182,0.010717,0.011218
31,100,2,200,0.010238,0.011106,0.010816,0.009967,0.010508,0.011866
31,100,2,300,0.01081,0.011134,0.009952,0.009895,0.009564,0.011049
31,100,2,400,0.01028,0.012697,0.010001,0.010932,0.009077,0.012359
31,100,2,500,0.011071,0.011452,0.010443,0.01049,0.010832,0.011045
31,100,2,600,0.01042,0.012225,0.010557,0.010025,0.009703,0.010753
31,100,2,700,0.010821,0.011837,0.009793,0.011694,0.009134,0.013214
31,100,2,800,0.009807,0.012198,0.011057,0.01156,0.010841,0.011204
31,100,2,900,0.01139,0.012572,0.009853,0.009774,0.009511,0.011919
31,100,2,1000,0.009781,0.012692,0.010243,0.011225,0.00916,0.013504
31,100,2,1100,0.012007,0.01177,0.010907,0.010531,0.010192,0.011207
31,100,2,1200,0.011594,0.012129,0.01011,0.010734,0.009261,0.012698
31,100,2,1300,0.010203,0.012694,0.00968,0.011492,0.009669,0.012152
31,100,2,1400,0.011132,0.012704,0.010773,0.009829,0.010416,0.011403
41,100,2,100,0.013932,0.020546,0.014252,0.018972,0.013944,0.02055
41,100,2,200,0.014414,0.020015,0.015131,0.018428,0.01406,0.022113
41,100,2,300,0.014816,0.021492,0.014883,0.018752,0.014568,0.021054
41,100,2,400,0.014639,0.019609,0.014484,0.018395,0.013972,0.021371
41,100,2,500,0.01436,0.019617,0.014626,0.018415,0.014247,0.021964
41,100,2,600,0.015447,0.019641,0.014607,0.020501,0.01532,0.021728
41,100,2,700,0.01456,0.021681,0.015556,0.018022,0.013937,0.021781
41,100,2,800,0.014972,0.019608,0.014643,0.018528,0.014358,0.021429
41,100,2,900,0.014752,0.01979,0.015127,0.01954,0.015528,0.021036
41,100,2,1000,0.014224,0.020831,0.015268,0.018103,0.013897,0.021147
41,100,2,1100,0.014705,0.020613,0.014846,0.018425,0.015543,0.022941
41,100,2,1200,0.014694,0.020222,0.015262,0.01865,0.014474,0.022574
41,100,2,1300,0.01425,0.021039,0.014939,0.019455,0.014911,0.022397
41,100,2,1400,0.014548,0.021049,0.014634,0.017901,0.01375,0.021871
51,100,2,100,0.0195,0.028714,0.027389,0.048216,0.023129,0.03854
51,100,2,200,0.019182,0.044866,0.019697,0.027791,0.018831,0.029777
51,100,2,300,0.018897,0.029582,0.019518,0.026993,0.018562,0.02912
51,100,2,400,0.019519,0.029777,0.020239,0.02792,0.021248,0.030131
51,100,2,500,0.019269,0.029366,0.020168,0.027094,0.019793,0.02899
51,100,2,600,0.020023,0.029343,0.020284,0.029289,0.01964,0.029667
51,100,2,700,0.022927,0.046455,0.019629,0.028097,0.019462,0.029166
51,100,2,800,0.019151,0.029541,0.020034,0.026911,0.018801,0.030211
51,100,2,900,0.01959,0.02976,0.019332,0.02734,0.018669,0.029448
51,100,2,1000,0.019424,0.030756,0.019903,0.027965,0.019684,0.029758
51,100,2,1100,0.019458,0.030104,0.021145,0.027793,0.019966,0.030972
51,100,2,1200,0.02049,0.030246,0.020281,0.027431,0.02,0.030766
51,100,2,1300,0.019975,0.030307,0.020608,0.027128,0.019932,0.029723
51,100,2,1400,0.020216,0.030564,0.020542,0.026782,0.019176,0.029149
61,100,2,100,0.025056,0.040536,0.025923,0.037414,0.024989,0.040508
61,100,2,200,0.02483,0.043143,0.026174,0.037639,0.024938,0.041441
61,100,2,300,0.025032,0.040937,0.026759,0.03848,0.024903,0.041239
61,100,2,400,0.025145,0.040969,0.026023,0.038391,0.025033,0.040455
61,100,2,500,0.024881,0.041955,0.025938,0.037403,0.025195,0.039761
61,100,2,600,0.024883,0.041776,0.025769,0.037833,0.025182,0.041038
61,100,2,700,0.025286,0.04133,0.026697,0.038486,0.02491,0.040985
61,100,2,800,0.02598,0.041532,0.026694,0.038369,0.0249,0.040819
61,100,2,900,0.0255,0.041425,0.026704,0.038549,0.025268,0.040946
61,100,2,1000,0.025123,0.041776,0.026313,0.037983,0.025594,0.040908
61,100,2,1100,0.026229,0.0415,0.026472,0.0385,0.024865,0.042295
61,100,2,1200,0.025265,0.042033,0.026037,0.038414,0.024935,0.0414
61,100,2,1300,0.024971,0.041286,0.026407,0.038447,0.024885,0.040914
61,100,2,1400,0.025477,0.041637,0.02624,0.037863,0.025017,0.041159
71,100,2,100,0.031732,0.056173,0.032334,0.051005,0.03194,0.054069
71,100,2,200,0.032529,0.054265,0.032299,0.05072,0.031542,0.054087
71,100,2,300,0.031655,0.056,0.032703,0.050727,0.033676,0.054305
71,100,2,400,0.03229,0.054748,0.032127,0.050896,0.032582,0.054728
71,100,2,500,0.031958,0.056064,0.032263,0.050817,0.032397,0.054568
71,100,2,600,0.032135,0.056303,0.032174,0.050312,0.031931,0.053651
71,100,2,700,0.031969,0.056228,0.032551,0.051481,0.031674,0.055221
71,100,2,800,0.032135,0.055403,0.032366,0.051046,0.031897,0.054561
71,100,2,900,0.032558,0.055506,0.032634,0.049835,0.031845,0.05473
71,100,2,1000,0.032522,0.055867,0.03195,0.050387,0.031902,0.054337
71,100,2,1100,0.032043,0.056704,0.032399,0.05129,0.031892,0.054887
71,100,2,1200,0.031748,0.056403,0.032241,0.051684,0.03201,0.055125
71,100,2,1300,0.032271,0.057761,0.032622,0.051123,0.031549,0.05501
71,100,2,1400,0.031984,0.055973,0.03203,0.049968,0.031608,0.055146
81,100,2,100,0.041434,0.070138,0.040682,0.06644,0.039386,0.069985
81,100,2,200,0.039779,0.069823,0.040258,0.065723,0.040642,0.070008
81,100,2,300,0.039452,0.070099,0.040837,0.065341,0.039264,0.068877
81,100,2,400,0.040148,0.07085,0.040171,0.066259,0.039461,0.070629
81,100,2,500,0.039631,0.068928,0.04002,0.064245,0.040487,0.06971
81,100,2,600,0.039401,0.070256,0.039782,0.065629,0.039711,0.07019
81,100,2,700,0.039541,0.070846,0.039833,0.064903,0.039444,0.069054
81,100,2,800,0.044529,0.069401,0.03971,0.064431,0.039272,0.069295
81,100,2,900,0.040024,0.069048,0.039487,0.064141,0.039505,0.071702
81,100,2,1000,0.039922,0.069748,0.039684,0.064752,0.039618,0.070324
81,100,2,1100,0.040172,0.070367,0.039909,0.065098,0.039287,0.069895
81,100,2,1200,0.039129,0.070947,0.039715,0.065493,0.039292,0.069183
81,100,2,1300,0.039666,0.069828,0.039957,0.064177,0.039911,0.069703
81,100,2,1400,0.041179,0.070011,0.040067,0.064581,0.039102,0.069972
91,100,2,100,0.048887,0.086134,0.04865,0.07935,0.04731,0.086009
91,100,2,200,0.04908,0.087946,0.048369,0.080197,0.047588,0.086228
91,100,2,300,0.048486,0.087148,0.048479,0.079991,0.047872,0.086699
91,100,2,400,0.047912,0.085574,0.04853,0.080163,0.048451,0.08629
91,100,2,500,0.047595,0.08559,0.048924,0.080597,0.047587,0.086131
91,100,2,600,0.049006,0.087341,0.048251,0.081097,0.04779,0.086617
91,100,2,700,0.049314,0.088548,0.048409,0.082884,0.047796,0.087216
91,100,2,800,0.048574,0.087332,0.048622,0.079743,0.047404,0.085484
91,100,2,900,0.049078,0.086257,0.048378,0.07936,0.048083,0.086418
91,100,2,1000,0.048426,0.085997,0.048494,0.079588,0.047336,0.087104
91,100,2,1100,0.048276,0.087092,0.049339,0.081856,0.047974,0.087466
91,100,2,1200,0.047982,0.08646,0.048325,0.079566,0.047967,0.086749
91,100,2,1300,0.047857,0.086932,0.049179,0.079984,0.04779,0.086861
91,100,2,1400,0.047627,0.086651,0.048346,0.08135,0.04764,0.087035
101,100,2,100,0.058101,0.106696,0.057853,0.097625,0.057219,0.104693
101,100,2,200,0.05752,0.105134,0.057965,0.104242,0.057177,0.104435
101,100,2,300,0.057722,0.107138,0.058208,0.09663,0.056838,0.105178
101,100,2,400,0.057667,0.105572,0.057694,0.096818,0.056789,0.104994
101,100,2,500,0.057265,0.104933,0.058937,0.097601,0.057121,0.104989
101,100,2,600,0.057983,0.105673,0.057464,0.098174,0.057288,0.10476
101,100,2,700,0.064151,0.105404,0.057445,0.097719,0.056282,0.104502
101,100,2,800,0.057073,0.106467,0.057558,0.097251,0.056758,0.104473
101,100,2,900,0.057633,0.106686,0.060528,0.098101,0.056675,0.104921
101,100,2,1000,0.057785,0.105641,0.05784,0.097118,0.057366,0.105825
101,100,2,1100,0.057901,0.105991,0.058176,0.097467,0.058059,0.105927
101,100,2,1200,0.058867,0.110496,0.058195,0.097631,0.056888,0.110084
101,100,2,1300,0.057095,0.106853,0.057823,0.097837,0.056426,0.105797
101,100,2,1400,0.057146,0.106953,0.058016,0.096648,0.056825,0.105378
1,100,2,100,0.006336,0.000451,0.005185,0.000222,0.007922,0.000542
1,100,2,200,0.006121,0.000484,0.005667,0.000216,0.006422,0.000487
1,100,2,300,0.007493,0.000667,0.005343,0.000191,0.007583,0.000718
1,100,2,400,0.007427,0.00071,0.005217,0.000259,0.0074,0.000866
1,100,2,500,0.006203,0.000766,0.006727,0.000259,0.00611,0.000753
1,100,2,600,0.007661,0.001092,0.005229,0.000196,0.00776,0.001
1,100,2,700,0.006295,0.000828,0.00661,0.000264,0.00663,0.00098
1,100,2,800,0.007249,0.00108,0.005576,0.000164,0.006067,0.001086
1,100,2,900,0.007723,0.001324,0.00516,0.000186,0.008195,0.001463
1,100,2,1000,0.006223,0.001055,0.006368,0.000291,0.006217,0.001321
1,100,2,1100,0.007707,0.001513,0.00513,0.000194,0.008421,0.001737
1,100,2,1200,0.006181,0.001237,0.006594,0.000223,0.006136,0.001462
1,100,2,1300,0.007281,0.001775,0.005581,0.00019,0.007075,0.001928
1,100,2,1400,0.006222,0.001543,0.006197,0.00027,0.007133,0.001722
11,100,2,100,0.014752,0.005012,0.005427,0.001509,0.014716,0.004308
11,100,2,200,0.009819,0.003554,0.005421,0.001521,0.005893,0.001851
11,100,2,300,0.010819,0.003448,0.005235,0.00152,0.007099,0.002326
11,100,2,400,0.008805,0.003791,0.005604,0.00257,0.004803,0.002026
11,100,2,500,0.010301,0.003566,0.006857,0.00161,0.004679,0.002039
11,100,2,600,0.006019,0.002626,0.005551,0.002137,0.005035,0.002186
11,100,2,700,0.020398,0.007608,0.005956,0.001669,0.004884,0.002166
11,100,2,800,0.024304,0.00848,0.005574,0.001563,0.005918,0.002411
11,100,2,900,0.021328,0.00806,0.005384,0.001513,0.006472,0.002526
11,100,2,1000,0.009626,0.004391,0.006012,0.001732,0.004803,0.002564
11,100,2,1100,0.016597,0.00606,0.005603,0.00191,0.005746,0.002912
11,100,2,1200,0.024024,0.008168,0.006414,0.0016,0.005181,0.002974
11,100,2,1300,0.010022,0.004712,0.005337,0.00157,0.00512,0.002994
11,100,2,1400,0.004953,0.003042,0.005808,0.001534,0.005584,0.003199
21,100,2,100,0.00807,0.005208,0.007747,0.004662,0.007125,0.005593
21,100,2,200,0.007293,0.005765,0.008371,0.005764,0.008242,0.005644
21,100,2,300,0.008038,0.00552,0.007871,0.005641,0.007897,0.006019
21,100,2,400,0.007035,0.006533,0.008308,0.004903,0.00821,0.005782
21,100,2,500,0.007122,0.007806,0.00853,0.005611,0.007999,0.006169
21,100,2,600,0.008049,0.005905,0.007978,0.004694,0.007526,0.006776
21,100,2,700,0.008821,0.007178,0.00874,0.00481,0.007255,0.006111
21,100,2,800,0.00739,0.006818,0.007944,0.005941,0.008382,0.006609
21,100,2,900,0.008133,0.006878,0.008337,0.004981,0.007202,0.007666
21,100,2,1000,0.008187,0.006701,0.007764,0.004748,0.006948,0.00736
21,100,2,1100,0.009425,0.007568,0.008373,0.004739,0.006892,0.006725
21,100,2,1200,0.007246,0.007179,0.007853,0.005286,0.007513,0.007119
21,100,2,1300,0.007603,0.007563,0.007477,0.005318,0.007641,0.007779
21,100,2,1400,0.007577,0.007384,0.007987,0.004698,0.00691,0.007705
31,100,2,100,0.012216,0.011037,0.011502,0.009929,0.010236,0.011934
31,100,2,200,0.010643,0.012623,0.010965,0.011648,0.010226,0.012153
31,100,2,300,0.011665,0.011325,0.01132,0.010187,0.010288,0.011627
31,100,2,400,0.011767,0.012161,0.011082,0.010813,0.009971,0.013238
31,100,2,500,0.011316,0.012815,0.011416,0.010783,0.011329,0.011605
31,100,2,600,0.010983,0.012257,0.010859,0.009844,0.010331,0.013877
31,100,2,700,0.011157,0.013168,0.010909,0.010289,0.010014,0.013538
31,100,2,800,0.011343,0.013231,0.0121,0.010841,0.01071,0.012337
31,100,2,900,0.010789,0.01363,0.011308,0.011547,0.010111,0.013354
31,100,2,1000,0.011792,0.013026,0.011194,0.009873,0.010325,0.013925
31,100,2,1100,0.010707,0.014025,0.010663,0.012948,0.01156,0.01323
31,100,2,1200,0.010419,0.014593,0.011145,0.011995,0.010367,0.014105
31,100,2,1300,0.011399,0.013545,0.01113,0.010203,0.010363,0.014528
31,100,2,1400,0.01025,0.014353,0.0113,0.010306,0.011125,0.01488
41,100,2,100,0.014264,0.021657,0.015696,0.018053,0.015037,0.022177
41,100,2,200,0.016707,0.020183,0.016248,0.019361,0.015268,0.020473
41,100,2,300,0.015988,0.022022,0.016531,0.018665,0.014859,0.022132
41,100,2,400,0.015896,0.020638,0.016154,0.018264,0.015121,0.021602
41,100,2,500,0.015377,0.020183,0.015393,0.019062,0.015483,0.020985
41,100,2,600,0.014782,0.023046,0.016268,0.01886,0.01529,0.021887
41,100,2,700,0.016103,0.0212,0.015678,0.019194,0.016782,0.021884
41,100,2,800,0.015621,0.022712,0.016673,0.018968,0.015412,0.022813
41,100,2,900,0.016357,0.022163,0.015964,0.018913,0.016514,0.021581
41,100,2,1000,0.015307,0.0213,0.015504,0.018481,0.014667,0.023279
41,100,2,1100,0.015943,0.021536,0.016575,0.019732,0.022711,0.031861
41,100,2,1200,0.020798,0.030713,0.017641,0.018963,0.015541,0.022629
41,100,2,1300,0.016161,0.021829,0.015389,0.018678,0.015272,0.023334
41,100,2,1400,0.01525,0.022974,0.015934,0.01805,0.015054,0.024212
51,100,2,100,0.02027,0.029583,0.021029,0.026827,0.020557,0.030252
51,100,2,200,0.020871,0.030685,0.020745,0.027578,0.019651,0.029844
51,100,2,300,0.020528,0.030296,0.020877,0.026597,0.020237,0.029806
51,100,2,400,0.020805,0.030632,0.021301,0.02672,0.020274,0.029673
51,100,2,500,0.020532,0.029891,0.020852,0.027044,0.02012,0.030305
51,100,2,600,0.020642,0.030229,0.021071,0.027223,0.020043,0.03022
51,100,2,700,0.020133,0.030417,0.021125,0.026775,0.019802,0.030482
51,100,2,800,0.01984,0.031278,0.020891,0.026943,0.019613,0.031017
51,100,2,900,0.021246,0.030767,0.027793,0.027536,0.019448,0.031017
51,100,2,1000,0.019665,0.03053,0.020279,0.02732,0.01947,0.031166
51,100,2,1100,0.020338,0.031454,0.020591,0.027493,0.019657,0.031747
51,100,2,1200,0.019967,0.031788,0.020641,0.027422,0.019488,0.03161
51,100,2,1300,0.019492,0.032016,0.020785,0.027196,0.019614,0.032344
51,100,2,1400,0.019754,0.031942,0.020958,0.027207,0.020258,0.032503
61,100,2,100,0.027153,0.041616,0.027861,0.037538,0.025023,0.041437
61,100,2,200,0.025575,0.041316,0.027368,0.037529,0.02533,0.040743
61,100,2,300,0.025575,0.041269,0.028232,0.038148,0.025836,0.041394
61,100,2,400,0.026031,0.04158,0.027002,0.037742,0.025215,0.04141
61,100,2,500,0.025801,0.042242,0.027414,0.038057,0.025305,0.041809
61,100,2,600,0.025574,0.043001,0.027602,0.03773,0.025316,0.04206
61,100,2,700,0.025747,0.042921,0.027571,0.037544,0.025612,0.042357
61,100,2,800,0.026427,0.042537,0.027466,0.037658,0.025817,0.042844
61,100,2,900,0.026464,0.044324,0.027849,0.038295,0.025117,0.043282
61,100,2,1000,0.025778,0.043231,0.027656,0.038665,0.026481,0.04259
61,100,2,1100,0.026031,0.04319,0.027358,0.038023,0.025745,0.043406
61,100,2,1200,0.025709,0.044034,0.029655,0.038107,0.025537,0.048443
61,100,2,1300,0.042455,0.057553,0.02641,0.038714,0.025493,0.044359
61,100,2,1400,0.025885,0.044292,0.027465,0.039234,0.025756,0.043779
71,100,2,100,0.033377,0.055457,0.033373,0.050137,0.0326,0.054354
71,100,2,200,0.032996,0.056516,0.033278,0.050987,0.033257,0.054941
71,100,2,300,0.032816,0.056895,0.033244,0.053424,0.032738,0.055231
71,100,2,400,0.052523,0.111597,0.046468,0.06763,0.038203,0.0676
71,100,2,500,0.043467,0.06834,0.036822,0.053029,0.055011,0.087743
71,100,2,600,0.034742,0.060552,0.041632,0.054733,0.051667,0.092797
71,100,2,700,0.034822,0.061319,0.043463,0.073,0.034458,0.059935
71,100,2,800,0.037793,0.090743,0.035641,0.055593,0.043055,0.06515
71,100,2,900,0.036573,0.05757,0.033519,0.052002,0.033233,0.057755
71,100,2,1000,0.033104,0.059082,0.034006,0.053209,0.034242,0.058112
71,100,2,1100,0.035548,0.06361,0.035042,0.054242,0.056469,0.065139
71,100,2,1200,0.036268,0.064702,0.036195,0.054711,0.043832,0.060596
71,100,2,1300,0.034719,0.061036,0.033994,0.051287,0.033116,0.057908
71,100,2,1400,0.033157,0.059443,0.034208,0.050918,0.036509,0.067674
81,100,2,100,0.043085,0.070202,0.041323,0.06609,0.040644,0.069841
81,100,2,200,0.041847,0.071056,0.041769,0.065263,0.041407,0.070928
81,100,2,300,0.040451,0.071102,0.04121,0.065598,0.041099,0.072023
81,100,2,400,0.040889,0.070744,0.041257,0.065516,0.040122,0.071531
81,100,2,500,0.041139,0.071059,0.041513,0.065392,0.040474,0.071165
81,100,2,600,0.040284,0.071653,0.044503,0.078616,0.047581,0.089977
81,100,2,700,0.04196,0.072046,0.041862,0.066217,0.040844,0.071843
81,100,2,800,0.042121,0.072189,0.042234,0.065109,0.040616,0.07171
81,100,2,900,0.042646,0.07216,0.041862,0.064957,0.041452,0.0723
81,100,2,1000,0.040634,0.07222,0.040738,0.065451,0.041195,0.073525
81,100,2,1100,0.040605,0.073087,0.041285,0.065501,0.040467,0.072796
81,100,2,1200,0.0414,0.073452,0.042146,0.064566,0.040434,0.072849
81,100,2,1300,0.041265,0.073497,0.040755,0.065491,0.04041,0.073181
81,100,2,1400,0.041352,0.07465,0.042951,0.065106,0.040717,0.074034
91,100,2,100,0.049873,0.089876,0.05015,0.081337,0.049315,0.08953
91,100,2,200,0.050959,0.089659,0.04971,0.081442,0.049349,0.088648
91,100,2,300,0.05085,0.090347,0.049797,0.081955,0.051066,0.087149
91,100,2,400,0.050186,0.088618,0.050826,0.080088,0.048916,0.088298
91,100,2,500,0.048885,0.087821,0.049092,0.080519,0.048901,0.087895
91,100,2,600,0.048848,0.08932,0.049083,0.079938,0.04881,0.087505
91,100,2,700,0.05014,0.089422,0.049807,0.080529,0.049662,0.088414
91,100,2,800,0.050384,0.091238,0.049864,0.08143,0.049018,0.088486
91,100,2,900,0.05045,0.091366,0.052485,0.080645,0.050263,0.088867
91,100,2,1000,0.050437,0.091271,0.049992,0.081894,0.04926,0.089535
91,100,2,1100,0.050622,0.091586,0.050879,0.079586,0.049444,0.088776
91,100,2,1200,0.049864,0.090798,0.049224,0.08051,0.048495,0.089405
91,100,2,1300,0.048572,0.090921,0.049223,0.079502,0.04815,0.090135
91,100,2,1400,0.049029,0.090685,0.049506,0.080189,0.048534,0.091088
101,100,2,100,0.058705,0.106388,0.06007,0.097891,0.058437,0.105244
101,100,2,200,0.059337,0.107069,0.061356,0.099728,0.058322,0.105744
101,100,2,300,0.059386,0.107472,0.060107,0.098629,0.057968,0.105742
101,100,2,400,0.058951,0.109027,0.058868,0.097519,0.058033,0.106698
101,100,2,500,0.06143,0.108095,0.058701,0.098255,0.057889,0.106508
101,100,2,600,0.05823,0.10797,0.058865,0.097467,0.057543,0.107936
101,100,2,700,0.058566,0.107761,0.059256,0.098833,0.057918,0.107741
101,100,2,800,0.05961,0.120473,0.058933,0.097893,0.058004,0.1108
101,100,2,900,0.061143,0.116393,0.059268,0.099821,0.058912,0.108886
101,100,2,1000,0.058277,0.109215,0.059693,0.09854,0.058302,0.10915
101,100,2,1100,0.059337,0.10902,0.059978,0.099191,0.059408,0.108158
101,100,2,1200,0.059018,0.110268,0.059994,0.097867,0.05829,0.1096
101,100,2,1300,0.058561,0.109647,0.059554,0.09958,0.058103,0.108829
101,100,2,1400,0.059165,0.111716,0.058963,0.097595,0.058396,0.109746
1,100,2,100,0.002747,0.000188,0.002474,0.000125,0.002445,0.000182
1,100,2,200,0.002619,0.000241,0.002909,0.000141,0.002732,0.00028
1,100,2,300,0.002619,0.000281,0.00244,0.000106,0.003113,0.00038
1,100,2,400,0.002821,0.000427,0.002476,0.000107,0.002478,0.00038
1,100,2,500,0.002584,0.000385,0.003834,0.000208,0.002953,0.000466
1,100,2,600,0.00257,0.000461,0.002441,0.000101,0.002436,0.000469
1,100,2,700,0.003521,0.000956,0.002744,0.000168,0.00247,0.000584
1,100,2,800,0.003388,0.000739,0.00286,0.000191,0.003436,0.000768
1,100,2,900,0.002961,0.000613,0.002464,0.0001,0.002489,0.000715
1,100,2,1000,0.00323,0.000976,0.003131,0.000166,0.002671,0.000736
1,100,2,1100,0.00253,0.000765,0.00255,0.000144,0.003799,0.001217
1,100,2,1200,0.002691,0.000818,0.002487,0.000107,0.00251,0.000852
1,100,2,1300,0.004039,0.001111,0.002748,0.000173,0.002628,0.000906
1,100,2,1400,0.002537,0.000997,0.002674,0.000133,0.003578,0.001183
11,100,2,100,0.003802,0.001611,0.005852,0.001744,0.003895,0.001677
11,100,2,200,0.004578,0.00202,0.004854,0.001543,0.004102,0.002496
11,100,2,300,0.003966,0.001795,0.005122,0.002061,0.003844,0.001904
11,100,2,400,0.00479,0.00232,0.004815,0.001701,0.005512,0.002677
11,100,2,500,0.003884,0.003042,0.005152,0.001617,0.004386,0.002117
11,100,2,600,0.003972,0.002001,0.00547,0.001684,0.004069,0.002104
11,100,2,700,0.005289,0.002232,0.004936,0.001689,0.00423,0.002326
11,100,2,800,0.003966,0.002027,0.005308,0.002038,0.003873,0.002096
11,100,2,900,0.004677,0.002533,0.004943,0.001556,0.004938,0.002494
11,100,2,1000,0.003865,0.002156,0.00531,0.001532,0.004054,0.003608
11,100,2,1100,0.004012,0.002235,0.005359,0.001643,0.003963,0.002274
11,100,2,1200,0.004546,0.002624,0.00496,0.001563,0.00418,0.00281
11,100,2,1300,0.003882,0.002285,0.005232,0.00194,0.003856,0.002508
11,100,2,1400,0.004965,0.002565,0.004907,0.001896,0.004572,0.002573
21,100,2,100,0.006379,0.005072,0.007119,0.005399,0.008572,0.00751
21,100,2,200,0.007025,0.00653,0.00817,0.004728,0.006625,0.005244
21,100,2,300,0.006449,0.006286,0.008014,0.005062,0.006577,0.006189
21,100,2,400,0.007577,0.005691,0.008078,0.004805,0.006572,0.005306
21,100,2,500,0.006346,0.005337,0.00725,0.005718,0.007371,0.005602
21,100,2,600,0.00732,0.006431,0.008198,0.006036,0.007204,0.005507
21,100,2,700,0.006379,0.005443,0.007268,0.005792,0.007319,0.005753
21,100,2,800,0.00661,0.006615,0.008204,0.004797,0.006731,0.005757
21,100,2,900,0.006417,0.005533,0.007254,0.005868,0.007206,0.005839
21,100,2,1000,0.006815,0.006323,0.008151,0.004784,0.007212,0.00583
21,100,2,1100,0.006565,0.005722,0.007612,0.005961,0.007251,0.005895
21,100,2,1200,0.007737,0.006926,0.007918,0.004705,0.006369,0.006162
21,100,2,1300,0.006479,0.006673,0.008284,0.005431,0.006691,0.006465
21,100,2,1400,0.006838,0.006205,0.007789,0.004765,0.00633,0.006983
31,100,2,100,0.010278,0.010743,0.011124,0.010332,0.009878,0.010578
31,100,2,200,0.009797,0.0106,0.012095,0.009899,0.009686,0.01204
31,100,2,300,0.010591,0.012171,0.012913,0.011826,0.009822,0.011546
31,100,2,400,0.010371,0.011305,0.010501,0.009895,0.009756,0.010929
31,100,2,500,0.010381,0.011012,0.010492,0.010705,0.009673,0.011247
31,100,2,600,0.01011,0.011142,0.010504,0.011094,0.009647,0.012162
31,100,2,700,0.010323,0.013019,0.011204,0.010896,0.010959,0.011872
31,100,2,800,0.01048,0.011646,0.010807,0.009834,0.010102,0.011671
31,100,2,900,0.010248,0.01217,0.010137,0.011898,0.009546,0.012549
31,100,2,1000,0.010902,0.012034,0.010481,0.011697,0.011112,0.011477
31,100,2,1100,0.012812,0.012661,0.010554,0.010666,0.009502,0.012756
31,100,2,1200,0.010037,0.013005,0.010413,0.012553,0.010159,0.01224
31,100,2,1300,0.010622,0.012333,0.011607,0.01006,0.010624,0.012491
31,100,2,1400,0.009546,0.013909,0.010557,0.011367,0.009504,0.013727
41,100,2,100,0.014686,0.019887,0.01531,0.018777,0.015241,0.019913
41,100,2,200,0.014229,0.01992,0.015283,0.018533,0.014742,0.021601
41,100,2,300,0.015152,0.021252,0.015829,0.018384,0.014022,0.020866
41,100,2,400,0.014514,0.019756,0.015008,0.018195,0.014914,0.020872
41,100,2,500,0.015593,0.019643,0.015659,0.018395,0.015169,0.021649
41,100,2,600,0.014586,0.02019,0.015349,0.019272,0.014891,0.021965
41,100,2,700,0.014129,0.021307,0.016076,0.018629,0.014757,0.02218
41,100,2,800,0.014612,0.020031,0.01526,0.018121,0.014048,0.022309
41,100,2,900,0.015961,0.021531,0.020227,0.024984,0.01461,0.021519
41,100,2,1000,0.014363,0.021337,0.015721,0.018252,0.014217,0.022211
41,100,2,1100,0.014604,0.020389,0.015054,0.018305,0.014275,0.023036
41,100,2,1200,0.014791,0.020339,0.015469,0.020174,0.015526,0.021284
41,100,2,1300,0.014638,0.021352,0.015817,0.018257,0.014098,0.022903
41,100,2,1400,0.015639,0.020625,0.015365,0.018884,0.01486,0.021549
51,100,2,100,0.019316,0.029226,0.020148,0.02703,0.020145,0.02984
51,100,2,200,0.020329,0.030727,0.020741,0.027248,0.020068,0.029609
51,100,2,300,0.02014,0.029354,0.027934,0.039096,0.02666,0.039629
51,100,2,400,0.01941,0.030175,0.020832,0.028059,0.019275,0.029764
51,100,2,500,0.019321,0.030742,0.020102,0.027534,0.018994,0.029018
51,100,2,600,0.019435,0.030216,0.021323,0.027909,0.019725,0.029401
51,100,2,700,0.021096,0.030382,0.020454,0.027065,0.019821,0.029546
51,100,2,800,0.020203,0.030046,0.020638,0.027662,0.020469,0.030648
51,100,2,900,0.020275,0.031313,0.02071,0.027273,0.02004,0.029342
51,100,2,1000,0.02014,0.030266,0.020631,0.026924,0.020294,0.02988
51,100,2,1100,0.019475,0.030573,0.021001,0.027242,0.01976,0.030036
51,100,2,1200,0.019332,0.030121,0.019973,0.027652,0.019244,0.030264
51,100,2,1300,0.019234,0.030041,0.020206,0.027144,0.019299,0.030065
51,100,2,1400,0.019784,0.030396,0.020065,0.027369,0.019891,0.030527
61,100,2,100,0.025374,0.042159,0.026982,0.037925,0.025184,0.041233
61,100,2,200,0.025104,0.042016,0.026028,0.038903,0.024945,0.040368
61,100,2,300,0.025265,0.040254,0.026957,0.038566,0.025096,0.041225
61,100,2,400,0.025106,0.041315,0.026677,0.038179,0.024757,0.040956
61,100,2,500,0.025866,0.041345,0.027272,0.037687,0.025363,0.040609
61,100,2,600,0.025403,0.040835,0.026636,0.038153,0.025078,0.040784
61,100,2,700,0.02581,0.04254,0.027431,0.038379,0.024897,0.041373
61,100,2,800,0.025244,0.041882,0.027228,0.038657,0.025082,0.041666
61,100,2,900,0.025284,0.042644,0.027162,0.03833,0.025134,0.041443
61,100,2,1000,0.025517,0.040976,0.026388,0.038357,0.025256,0.041703
61,100,2,1100,0.02549,0.04213,0.026879,0.038725,0.025032,0.041835
61,100,2,1200,0.025508,0.042177,0.028355,0.039215,0.025041,0.041879
61,100,2,1300,0.025118,0.041814,0.027975,0.037705,0.025172,0.041394
61,100,2,1400,0.025057,0.041648,0.027121,0.038004,0.025053,0.041577
71,100,2,100,0.031764,0.055615,0.03292,0.049754,0.031889,0.054232
71,100,2,200,0.031954,0.055456,0.032696,0.051021,0.03198,0.053385
71,100,2,300,0.032265,0.056102,0.032779,0.050025,0.032503,0.053633
71,100,2,400,0.03307,0.056229,0.033718,0.050742,0.03211,0.054504
71,100,2,500,0.032527,0.055094,0.033026,0.050541,0.033038,0.055364
71,100,2,600,0.032406,0.056405,0.033635,0.050726,0.032212,0.054724
71,100,2,700,0.031968,0.05673,0.03282,0.050363,0.031903,0.054609
71,100,2,800,0.032716,0.054956,0.032933,0.050578,0.03256,0.054533
71,100,2,900,0.032258,0.056667,0.033639,0.050994,0.032469,0.056319
71,100,2,1000,0.032304,0.057198,0.033278,0.050689,0.032534,0.053834
71,100,2,1100,0.032249,0.057565,0.032773,0.050332,0.032089,0.05432
71,100,2,1200,0.032125,0.055851,0.0326,0.051017,0.032501,0.056667
71,100,2,1300,0.055603,0.095145,0.035134,0.054406,0.033735,0.060234
71,100,2,1400,0.038068,0.067037,0.03477,0.067972,0.03613,0.05936
81,100,2,100,0.042707,0.073776,0.043276,0.108197,0.042355,0.074353
81,100,2,200,0.053413,0.085156,0.043003,0.068951,0.061728,0.080934
81,100,2,300,0.049266,0.078422,0.041585,0.068297,0.040287,0.071266
81,100,2,400,0.040265,0.070012,0.041236,0.06702,0.04285,0.078451
81,100,2,500,0.045366,0.073627,0.053634,0.08548,0.045064,0.074983
81,100,2,600,0.042808,0.077679,0.04383,0.066628,0.041028,0.073229
81,100,2,700,0.040167,0.072971,0.040882,0.067016,0.040408,0.070369
81,100,2,800,0.040617,0.069901,0.041109,0.065593,0.040499,0.070798
81,100,2,900,0.040051,0.069923,0.041097,0.065318,0.040839,0.073251
81,100,2,1000,0.041174,0.07074,0.041445,0.065572,0.040097,0.071666
81,100,2,1100,0.04151,0.070494,0.042241,0.065702,0.040668,0.071106
81,100,2,1200,0.039999,0.07215,0.041282,0.066955,0.039524,0.070565
81,100,2,1300,0.040432,0.071537,0.040705,0.064678,0.040535,0.071639
81,100,2,1400,0.040966,0.070468,0.041017,0.065733,0.040208,0.071477
91,100,2,100,0.049147,0.086624,0.049485,0.08029,0.048562,0.08704
91,100,2,200,0.048922,0.088071,0.049386,0.081227,0.048843,0.086455
91,100,2,300,0.048256,0.086267,0.049424,0.080322,0.048463,0.087324
91,100,2,400,0.048307,0.086061,0.049572,0.081487,0.04838,0.087626
91,100,2,500,0.049401,0.088716,0.049289,0.080385,0.048398,0.086064
91,100,2,600,0.049321,0.088238,0.049481,0.080285,0.04931,0.087961
91,100,2,700,0.049632,0.088197,0.052344,0.080583,0.049142,0.086614
91,100,2,800,0.048329,0.086709,0.048987,0.082783,0.049109,0.087038
91,100,2,900,0.049152,0.087716,0.04995,0.080715,0.048305,0.08601
91,100,2,1000,0.048963,0.086734,0.048923,0.081114,0.047933,0.087226
91,100,2,1100,0.048285,0.087363,0.04912,0.080525,0.048342,0.087112
91,100,2,1200,0.048576,0.086506,0.048958,0.080765,0.048127,0.087414
91,100,2,1300,0.049873,0.088248,0.049151,0.080228,0.04871,0.087215
91,100,2,1400,0.04919,0.087452,0.049041,0.080957,0.048658,0.088668
101,100,2,100,0.058239,0.10573,0.059155,0.097995,0.057474,0.107611
101,100,2,200,0.057519,0.105865,0.059271,0.098216,0.057434,0.105224
101,100,2,300,0.057562,0.105805,0.059625,0.09763,0.0578,0.104791
101,100,2,400,0.058988,0.105591,0.05991,0.09717,0.058273,0.105122
101,100,2,500,0.058524,0.105102,0.058956,0.097926,0.057551,0.104612
101,100,2,600,0.058212,0.105747,0.058607,0.097252,0.057478,0.105275
101,100,2,700,0.057752,0.108666,0.059234,0.099036,0.057365,0.10536
101,100,2,800,0.058695,0.106772,0.059028,0.097536,0.057532,0.106908
101,100,2,900,0.057611,0.105564,0.059534,0.09752,0.056627,0.104347
101,100,2,1000,0.057736,0.105704,0.058675,0.096631,0.057555,0.104786
101,100,2,1100,0.058794,0.107317,0.059123,0.097078,0.057233,0.104835
101,100,2,1200,0.057192,0.105154,0.059677,0.09682,0.056953,0.10485
101,100,2,1300,0.059396,0.106506,0.059632,0.10832,0.058029,0.105341
101,100,2,1400,0.05829,0.108094,0.060873,0.098966,0.05798,0.104855
1,100,2,100,0.002893,0.000226,0.003457,0.000115,0.002627,0.000252
1,100,2,200,0.002989,0.000395,0.003905,0.000133,0.003123,0.000279
1,100,2,300,0.003302,0.000541,0.003402,0.000111,0.002679,0.000396
1,100,2,400,0.002768,0.000375,0.0048,0.000173,0.003065,0.000421
1,100,2,500,0.003089,0.000426,0.003643,0.000113,0.003558,0.000844
1,100,2,600,0.003394,0.000465,0.003363,0.000118,0.002675,0.000486
1,100,2,700,0.004987,0.000899,0.003734,0.000118,0.00255,0.000563
1,100,2,800,0.003113,0.000582,0.004955,0.000134,0.002766,0.000639
1,100,2,900,0.00315,0.000567,0.003918,0.000164,0.004014,0.00093
1,100,2,1000,0.003584,0.000606,0.003402,0.00013,0.00259,0.000613
1,100,2,1100,0.00422,0.000747,0.003457,0.000109,0.002669,0.000616
1,100,2,1200,0.003297,0.000594,0.004702,0.000208,0.002928,0.000709
1,100,2,1300,0.003309,0.000533,0.003466,0.000112,0.003615,0.000927
1,100,2,1400,0.003013,0.000565,0.00497,0.000166,0.002937,0.000966
11,100,2,100,0.004524,0.001679,0.00494,0.002366,0.004582,0.00168
11,100,2,200,0.004296,0.002513,0.005362,0.001562,0.004593,0.002115
11,100,2,300,0.004418,0.001744,0.005988,0.001738,0.004049,0.00176
11,100,2,400,0.005253,0.001953,0.004981,0.001554,0.004386,0.002005
11,100,2,500,0.004349,0.001986,0.006192,0.001867,0.003971,0.001935
11,100,2,600,0.005104,0.002036,0.005017,0.001827,0.004442,0.002
11,100,2,700,0.004814,0.003421,0.005188,0.001553,0.005138,0.002135
11,100,2,800,0.004094,0.002059,0.005887,0.001715,0.00386,0.00213
11,100,2,900,0.005153,0.003192,0.005255,0.002022,0.004329,0.002485
11,100,2,1000,0.005291,0.002446,0.005143,0.001587,0.004825,0.002305
11,100,2,1100,0.0046,0.002269,0.005485,0.001658,0.003852,0.002385
11,100,2,1200,0.005243,0.002714,0.004885,0.001561,0.00456,0.002502
11,100,2,1300,0.005094,0.002817,0.004941,0.001585,0.0051,0.002579
11,100,2,1400,0.004316,0.002453,0.005756,0.001665,0.003823,0.002533
21,100,2,100,0.007262,0.005561,0.008971,0.005736,0.007254,0.005363
21,100,2,200,0.007143,0.005353,0.008126,0.004774,0.007058,0.005708
21,100,2,300,0.007638,0.006305,0.00807,0.0049,0.007157,0.005349
21,100,2,400,0.006839,0.005248,0.007398,0.005551,0.006957,0.005785
21,100,2,500,0.007654,0.006455,0.010427,0.00744,0.006464,0.006238
21,100,2,600,0.007617,0.005539,0.007638,0.005746,0.007069,0.005817
21,100,2,700,0.008412,0.005537,0.007315,0.004678,0.006406,0.005976
21,100,2,800,0.006911,0.005772,0.008029,0.005706,0.007054,0.006449
21,100,2,900,0.008083,0.005709,0.007332,0.00549,0.007029,0.006122
21,100,2,1000,0.007367,0.006685,0.008033,0.004982,0.007417,0.005746
21,100,2,1100,0.006798,0.005584,0.00733,0.005172,0.007335,0.006582
21,100,2,1200,0.007199,0.006552,0.008083,0.004836,0.006932,0.005782
21,100,2,1300,0.006783,0.005797,0.007633,0.005028,0.00754,0.00696
21,100,2,1400,0.007691,0.006224,0.008063,0.004659,0.006703,0.006166
31,100,2,100,0.011248,0.011123,0.01186,0.010611,0.009856,0.010499
31,100,2,200,0.011271,0.010821,0.0107,0.010533,0.009417,0.013006
31,100,2,300,0.010549,0.012906,0.010506,0.010951,0.011226,0.011608
31,100,2,400,0.01154,0.01155,0.011246,0.010134,0.010476,0.011045
31,100,2,500,0.011394,0.011989,0.0106,0.011319,0.010107,0.012356
31,100,2,600,0.009856,0.012452,0.012175,0.010185,0.010429,0.011203
31,100,2,700,0.011781,0.011154,0.011252,0.010813,0.00933,0.012424
31,100,2,800,0.010345,0.011776,0.010553,0.011513,0.01149,0.011739
31,100,2,900,0.011525,0.011852,0.010956,0.010037,0.010586,0.011122
31,100,2,1000,0.01116,0.011607,0.010707,0.011211,0.009783,0.012988
31,100,2,1100,0.010575,0.012707,0.011546,0.011179,0.010693,0.011588
31,100,2,1200,0.010348,0.012378,0.010607,0.010816,0.00958,0.013086
31,100,2,1300,0.010616,0.012477,0.01116,0.011341,0.010515,0.012081
31,100,2,1400,0.010786,0.012593,0.010734,0.012593,0.009701,0.012904
41,100,2,100,0.01486,0.021097,0.015808,0.019261,0.017059,0.019951
41,100,2,200,0.021123,0.033613,0.018645,0.029136,0.020369,0.029586
41,100,2,300,0.015368,0.025906,0.023677,0.030843,0.015822,0.021407
41,100,2,400,0.016286,0.021457,0.01642,0.019701,0.02264,0.024506
41,100,2,500,0.015479,0.022402,0.01738,0.019715,0.015861,0.021572
41,100,2,600,0.016198,0.021284,0.021639,0.027689,0.015869,0.022141
41,100,2,700,0.016328,0.021613,0.016779,0.020439,0.016817,0.030283
41,100,2,800,0.022358,0.029031,0.016321,0.020488,0.015437,0.021559
41,100,2,900,0.016242,0.022778,0.028535,0.030114,0.015982,0.021577
41,100,2,1000,0.016281,0.021338,0.01742,0.019886,0.020519,0.027076
41,100,2,1100,0.017125,0.02955,0.016721,0.02061,0.015661,0.022376
41,100,2,1200,0.015632,0.022686,0.016356,0.020005,0.017314,0.022226
41,100,2,1300,0.024559,0.029111,0.016248,0.019259,0.01546,0.021407
41,100,2,1400,0.018454,0.024544,0.020247,0.02256,0.021836,0.02192
51,100,2,100,0.020143,0.030371,0.020526,0.027983,0.019412,0.030723
51,100,2,200,0.019832,0.030638,0.021545,0.0283,0.019961,0.030711
51,100,2,300,0.021084,0.03584,0.020544,0.028083,0.018949,0.02954
51,100,2,400,0.020164,0.029398,0.021665,0.029468,0.020787,0.032619
51,100,2,500,0.021005,0.031995,0.022815,0.031173,0.031015,0.035587
51,100,2,600,0.024319,0.047757,0.022468,0.042679,0.021687,0.031293
51,100,2,700,0.021345,0.033645,0.022266,0.029277,0.022235,0.045676
51,100,2,800,0.028183,0.031162,0.02897,0.041238,0.025168,0.041403
51,100,2,900,0.020612,0.03023,0.020584,0.028022,0.019458,0.030063
51,100,2,1000,0.019943,0.030241,0.020469,0.027361,0.020263,0.031039
51,100,2,1100,0.020648,0.030563,0.020939,0.027951,0.020254,0.030442
51,100,2,1200,0.020256,0.030051,0.020479,0.02757,0.019765,0.030372
51,100,2,1300,0.020317,0.030679,0.020577,0.027355,0.019415,0.031161
51,100,2,1400,0.019837,0.03048,0.020417,0.027791,0.019022,0.030367
61,100,2,100,0.025531,0.041319,0.028672,0.038597,0.025106,0.040874
61,100,2,200,0.025546,0.040943,0.027201,0.039002,0.025111,0.040463
61,100,2,300,0.025626,0.041053,0.026859,0.038464,0.024999,0.040911
61,100,2,400,0.025349,0.041201,0.026738,0.038178,0.025518,0.041815
61,100,2,500,0.026175,0.041575,0.027051,0.038041,0.024966,0.041039
61,100,2,600,0.025671,0.041781,0.027222,0.037966,0.024952,0.041812
61,100,2,700,0.025381,0.041767,0.02705,0.037704,0.025448,0.041542
61,100,2,800,0.026022,0.041371,0.027462,0.037967,0.024689,0.041511
61,100,2,900,0.025759,0.042648,0.027394,0.037829,0.025647,0.040946
61,100,2,1000,0.026648,0.042758,0.026979,0.038243,0.025174,0.040991
61,100,2,1100,0.025893,0.041212,0.027329,0.039855,0.026278,0.042075
61,100,2,1200,0.026537,0.042381,0.027375,0.039049,0.025619,0.041355
61,100,2,1300,0.025902,0.043201,0.026937,0.038757,0.025576,0.042417
61,100,2,1400,0.025866,0.042118,0.027264,0.039251,0.0256,0.042473
71,100,2,100,0.032074,0.056418,0.033063,0.050823,0.031743,0.05411
71,100,2,200,0.032729,0.055132,0.032556,0.051448,0.032214,0.055459
71,100,2,300,0.032333,0.055897,0.033753,0.0507,0.03205,0.055211
71,100,2,400,0.032493,0.056829,0.033538,0.050492,0.032255,0.05487
71,100,2,500,0.032595,0.055447,0.033223,0.052104,0.031751,0.053991
71,100,2,600,0.03307,0.054991,0.033666,0.050628,0.032301,0.054523
71,100,2,700,0.033515,0.055877,0.033212,0.04996,0.032163,0.054256
71,100,2,800,0.032671,0.056558,0.033855,0.050959,0.032493,0.055153
71,100,2,900,0.03247,0.056941,0.032971,0.051231,0.032454,0.054966
71,100,2,1000,0.032683,0.056844,0.03307,0.051308,0.032088,0.055464
71,100,2,1100,0.033238,0.056429,0.033249,0.050434,0.03199,0.054972
71,100,2,1200,0.032884,0.056068,0.033866,0.050822,0.032378,0.055212
71,100,2,1300,0.031999,0.056126,0.032921,0.050367,0.032158,0.055537
71,100,2,1400,0.032632,0.056925,0.032877,0.05104,0.032046,0.055198
81,100,2,100,0.040577,0.071701,0.040814,0.064893,0.039592,0.069882
81,100,2,200,0.040353,0.071433,0.041282,0.066198,0.039362,0.070216
81,100,2,300,0.040217,0.070039,0.040728,0.066035,0.039511,0.069723
81,100,2,400,0.039987,0.068944,0.040438,0.064847,0.040461,0.071652
81,100,2,500,0.040603,0.069853,0.041188,0.066214,0.039709,0.069133
81,100,2,600,0.041402,0.069899,0.041447,0.064596,0.039347,0.07002
81,100,2,700,0.039978,0.06973,0.04194,0.065657,0.040148,0.069258
81,100,2,800,0.040417,0.071187,0.040351,0.065782,0.03944,0.069708
81,100,2,900,0.040053,0.069984,0.040638,0.06475,0.039413,0.069528
81,100,2,1000,0.04092,0.069698,0.040338,0.065261,0.040157,0.069535
81,100,2,1100,0.040121,0.070545,0.040282,0.064554,0.040692,0.069805
81,100,2,1200,0.039808,0.069668,0.040309,0.0646,0.039712,0.069765
81,100,2,1300,0.040303,0.069851,0.040677,0.064627,0.039865,0.070899
81,100,2,1400,0.041338,0.070914,0.040368,0.065502,0.039752,0.07321
91,100,2,100,0.049165,0.087579,0.049744,0.080997,0.048479,0.086617
91,100,2,200,0.049635,0.087519,0.049285,0.082444,0.04825,0.086506
91,100,2,300,0.049367,0.087071,0.049422,0.080754,0.048006,0.086145
91,100,2,400,0.04921,0.087037,0.05058,0.080373,0.048711,0.086162
91,100,2,500,0.049338,0.087377,0.049819,0.08058,0.048849,0.087158
91,100,2,600,0.048171,0.086888,0.048797,0.080124,0.047971,0.088189
91,100,2,700,0.049185,0.086237,0.048786,0.080708,0.048288,0.091062
91,100,2,800,0.051622,0.088013,0.049833,0.08192,0.049945,0.0925
91,100,2,900,0.049651,0.088539,0.049839,0.08008,0.048082,0.094126
91,100,2,1000,0.048991,0.087866,0.049718,0.082437,0.048033,0.086723
91,100,2,1100,0.049195,0.087823,0.049297,0.080559,0.048279,0.087069
91,100,2,1200,0.049295,0.087935,0.049315,0.080155,0.048213,0.087788
91,100,2,1300,0.048418,0.087422,0.048954,0.08014,0.047951,0.087892
91,100,2,1400,0.048703,0.087857,0.049179,0.07988,0.048257,0.0869
101,100,2,100,0.058846,0.105286,0.059457,0.097643,0.057665,0.104521
101,100,2,200,0.060289,0.105813,0.059266,0.097025,0.058038,0.104503
101,100,2,300,0.058363,0.105445,0.058891,0.099146,0.057815,0.105708
101,100,2,400,0.058052,0.107281,0.059282,0.098366,0.057419,0.105396
101,100,2,500,0.058598,0.106199,0.058923,0.103247,0.057399,0.105197
101,100,2,600,0.057798,0.106851,0.059625,0.097613,0.058455,0.106188
101,100,2,700,0.059051,0.106916,0.059669,0.100099,0.057963,0.105998
101,100,2,800,0.058655,0.106961,0.059914,0.097872,0.057545,0.104935
101,100,2,900,0.058706,0.106859,0.059334,0.097592,0.058052,0.105394
101,100,2,1000,0.05759,0.107603,0.059922,0.09783,0.057477,0.10504
101,100,2,1100,0.059499,0.105679,0.059327,0.098069,0.059255,0.114291
101,100,2,1200,0.059091,0.107095,0.058563,0.099521,0.058181,0.105712
101,100,2,1300,0.058237,0.10647,0.058904,0.097837,0.057146,0.106102
101,100,2,1400,0.058967,0.107073,0.05873,0.0977,0.057886,0.106224
1,100,2,100,0.00488,0.00027,0.00469,0.000173,0.005733,0.000292
1,100,2,200,0.005401,0.000419,0.004723,0.000168,0.004825,0.000348
1,100,2,300,0.004782,0.00032,0.00468,0.000162,0.005899,0.00048
1,100,2,400,0.004795,0.000333,0.004606,0.000169,0.005737,0.000411
1,100,2,500,0.005672,0.000423,0.004601,0.000159,0.005001,0.000489
1,100,2,600,0.007771,0.000615,0.004842,0.000188,0.004791,0.000413
1,100,2,700,0.004575,0.000401,0.005438,0.000268,0.005132,0.00046
1,100,2,800,0.004815,0.000358,0.005977,0.000354,0.004704,0.000386
1,100,2,900,0.004627,0.000392,0.0062,0.000309,0.004728,0.000363
1,100,2,1000,0.004768,0.000375,0.005418,0.000243,0.004698,0.000337
1,100,2,1100,0.006843,0.000545,0.006012,0.000354,0.004987,0.00038
1,100,2,1200,0.004703,0.000449,0.005374,0.000242,0.004663,0.00034
1,100,2,1300,0.005807,0.000577,0.004889,0.00023,0.00466,0.00041
1,100,2,1400,0.006298,0.000379,0.00478,0.000255,0.004662,0.000395
11,100,2,100,0.006037,0.001781,0.005385,0.002139,0.004935,0.001844
11,100,2,200,0.005047,0.002284,0.005418,0.001552,0.005376,0.001974
11,100,2,300,0.004726,0.002049,0.00558,0.002047,0.004809,0.002089
11,100,2,400,0.00605,0.00233,0.005628,0.001735,0.004819,0.002246
11,100,2,500,0.00626,0.002513,0.005264,0.001551,0.005228,0.002757
11,100,2,600,0.004833,0.003098,0.005422,0.001579,0.005045,0.002664
11,100,2,700,0.004919,0.002595,0.007937,0.002586,0.008877,0.00629
11,100,2,800,0.010138,0.008785,0.005966,0.001885,0.005435,0.003438
11,100,2,900,0.005064,0.003435,0.006958,0.001546,0.005355,0.00363
11,100,2,1000,0.008749,0.005978,0.00575,0.002153,0.008949,0.006129
11,100,2,1100,0.010204,0.006263,0.009767,0.003154,0.006378,0.004691
11,100,2,1200,0.00639,0.003972,0.007211,0.001611,0.006395,0.005068
11,100,2,1300,0.006627,0.005437,0.006294,0.001959,0.005023,0.004861
11,100,2,1400,0.00542,0.00386,0.005966,0.002283,0.006043,0.004196
21,100,2,100,0.009926,0.005753,0.011257,0.006522,0.008274,0.00596
21,100,2,200,0.007895,0.00573,0.009106,0.005103,0.009473,0.006618
21,100,2,300,0.007695,0.00603,0.007896,0.005902,0.007731,0.00714
21,100,2,400,0.008512,0.006138,0.008195,0.00513,0.008271,0.006171
21,100,2,500,0.008657,0.006492,0.008361,0.006462,0.014195,0.012216
21,100,2,600,0.009347,0.008907,0.009926,0.005418,0.008521,0.006558
21,100,2,700,0.007645,0.006398,0.007932,0.005256,0.008112,0.007683
21,100,2,800,0.007737,0.006494,0.008117,0.00514,0.007501,0.006737
21,100,2,900,0.007881,0.008062,0.008325,0.005002,0.007917,0.006728
21,100,2,1000,0.010334,0.01214,0.014601,0.010846,0.013696,0.011115
21,100,2,1100,0.007988,0.007626,0.008359,0.005214,0.007515,0.008099
21,100,2,1200,0.008974,0.007452,0.008491,0.005007,0.00786,0.007359
21,100,2,1300,0.008866,0.00815,0.008765,0.005106,0.00729,0.007459
21,100,2,1400,0.008334,0.008572,0.008772,0.005131,0.007598,0.010087
31,100,2,100,0.019951,0.018849,0.012388,0.011278,0.01363,0.015645
31,100,2,200,0.011046,0.014069,0.011996,0.011342,0.011978,0.013363
31,100,2,300,0.012863,0.023346,0.018379,0.022838,0.012368,0.016014
31,100,2,400,0.012256,0.013315,0.011553,0.010935,0.012003,0.012507
31,100,2,500,0.011782,0.014491,0.011362,0.011829,0.016261,0.019389
31,100,2,600,0.012924,0.017097,0.012067,0.011523,0.015766,0.018571
31,100,2,700,0.02622,0.035933,0.028496,0.022076,0.027445,0.020457
31,100,2,800,0.01154,0.015306,0.011864,0.011549,0.011513,0.014588
31,100,2,900,0.014314,0.020203,0.022285,0.020021,0.020509,0.026687
31,100,2,1000,0.024412,0.021162,0.012214,0.010971,0.015453,0.01637
31,100,2,1100,0.012604,0.017971,0.013426,0.010698,0.016016,0.015658
31,100,2,1200,0.011434,0.014195,0.010949,0.011412,0.010771,0.013197
31,100,2,1300,0.010663,0.013857,0.01101,0.010461,0.010331,0.012941
31,100,2,1400,0.011056,0.013742,0.011483,0.011554,0.011149,0.013404
41,100,2,100,0.014837,0.021888,0.01656,0.01888,0.016308,0.021278
41,100,2,200,0.015723,0.021233,0.015473,0.019847,0.016435,0.020592
41,100,2,300,0.015781,0.021569,0.016328,0.018457,0.015606,0.02145
41,100,2,400,0.01843,0.021859,0.01684,0.02097,0.016831,0.021936
41,100,2,500,0.015783,0.022702,0.017138,0.0207,0.016473,0.021458
41,100,2,600,0.025288,0.028223,0.017845,0.020278,0.019837,0.031
41,100,2,700,0.017174,0.024071,0.017851,0.020522,0.015778,0.023598
41,100,2,800,0.016653,0.024395,0.016331,0.020582,0.020469,0.023324
41,100,2,900,0.016757,0.022757,0.021701,0.022334,0.014966,0.021793
41,100,2,1000,0.015651,0.021375,0.015553,0.018931,0.015607,0.022915
41,100,2,1100,0.015106,0.021691,0.015602,0.018439,0.015098,0.023906
41,100,2,1200,0.014992,0.022369,0.015934,0.01892,0.015751,0.022226
41,100,2,1300,0.01542,0.021743,0.015552,0.018805,0.016352,0.021717
41,100,2,1400,0.015418,0.022529,0.016966,0.018391,0.016149,0.022294
51,100,2,100,0.019965,0.03006,0.020482,0.027486,0.01993,0.029472
51,100,2,200,0.019991,0.02988,0.020627,0.027724,0.019937,0.029835
51,100,2,300,0.020015,0.030425,0.020634,0.027871,0.019739,0.029984
51,100,2,400,0.020346,0.030486,0.020763,0.027764,0.01977,0.030345
51,100,2,500,0.020232,0.030414,0.021197,0.028847,0.020409,0.030377
51,100,2,600,0.021113,0.030692,0.021024,0.027273,0.020892,0.0305
51,100,2,700,0.020912,0.030156,0.020509,0.027729,0.019539,0.030666
51,100,2,800,0.020003,0.031339,0.020428,0.027513,0.01974,0.030739
51,100,2,900,0.019918,0.030697,0.02062,0.027353,0.019724,0.030504
51,100,2,1000,0.019905,0.030944,0.028077,0.039931,0.02707,0.042233
51,100,2,1100,0.02133,0.034361,0.020954,0.027237,0.020497,0.031196
51,100,2,1200,0.020606,0.03523,0.02063,0.028268,0.019734,0.031557
51,100,2,1300,0.02015,0.031775,0.021522,0.027625,0.020607,0.031042
51,100,2,1400,0.020758,0.032656,0.020532,0.027852,0.019909,0.034228
61,100,2,100,0.026481,0.042252,0.027449,0.038085,0.025973,0.04099
61,100,2,200,0.026259,0.041269,0.027727,0.039507,0.027572,0.042354
61,100,2,300,0.026041,0.042295,0.027039,0.03845,0.025893,0.041251
61,100,2,400,0.026821,0.042867,0.027971,0.038467,0.0258,0.041229
61,100,2,500,0.026035,0.043456,0.026888,0.038018,0.026137,0.041739
61,100,2,600,0.026338,0.043827,0.026948,0.038402,0.025917,0.042369
61,100,2,700,0.026167,0.043368,0.027162,0.038373,0.02625,0.042385
61,100,2,800,0.026646,0.042727,0.027308,0.038586,0.025992,0.044788
61,100,2,900,0.026368,0.044148,0.027767,0.038657,0.02586,0.04241
61,100,2,1000,0.026016,0.043663,0.027827,0.038049,0.025937,0.042861
61,100,2,1100,0.02572,0.044342,0.027266,0.037605,0.025441,0.042921
61,100,2,1200,0.025768,0.042609,0.027708,0.038695,0.026241,0.044324
61,100,2,1300,0.026058,0.044211,0.027505,0.038261,0.025757,0.04311
61,100,2,1400,0.025846,0.043784,0.027772,0.038024,0.025938,0.045164
71,100,2,100,0.033251,0.05661,0.033469,0.050315,0.032666,0.054299
71,100,2,200,0.032969,0.056398,0.033298,0.050463,0.032976,0.055009
71,100,2,300,0.032953,0.056865,0.033175,0.050993,0.0328,0.054297
71,100,2,400,0.032684,0.055904,0.032971,0.050712,0.032541,0.05432
71,100,2,500,0.032895,0.056378,0.033199,0.050944,0.032552,0.054494
71,100,2,600,0.033552,0.056721,0.033172,0.051188,0.032939,0.0551
71,100,2,700,0.033222,0.057536,0.033043,0.050979,0.032714,0.055572
71,100,2,800,0.033239,0.058449,0.033566,0.05157,0.032478,0.05611
71,100,2,900,0.03345,0.057127,0.033384,0.050909,0.03218,0.055602
71,100,2,1000,0.033273,0.057755,0.033027,0.050399,0.032571,0.055761
71,100,2,1100,0.032484,0.056861,0.032896,0.050643,0.033071,0.056606
71,100,2,1200,0.033379,0.057697,0.038197,0.050541,0.032144,0.057904
71,100,2,1300,0.032636,0.058008,0.033011,0.050137,0.032184,0.056175
71,100,2,1400,0.032949,0.05883,0.032648,0.050702,0.032854,0.056686
81,100,2,100,0.041733,0.069726,0.040851,0.064651,0.041127,0.070201
81,100,2,200,0.040246,0.070235,0.041432,0.065554,0.040239,0.070255
81,100,2,300,0.040899,0.069992,0.040657,0.065954,0.040167,0.071482
81,100,2,400,0.042268,0.069867,0.040627,0.065769,0.041188,0.070147
81,100,2,500,0.041789,0.070593,0.040763,0.065212,0.041241,0.070546
81,100,2,600,0.040276,0.070567,0.04088,0.065769,0.040332,0.070712
81,100,2,700,0.040379,0.070563,0.040767,0.064934,0.040229,0.070647
81,100,2,800,0.041524,0.07186,0.040672,0.064969,0.041255,0.071265
81,100,2,900,0.04083,0.071587,0.041307,0.066852,0.040565,0.072432
81,100,2,1000,0.040525,0.071175,0.04083,0.065824,0.040048,0.07091
81,100,2,1100,0.040588,0.070704,0.042583,0.067803,0.039922,0.071605
81,100,2,1200,0.040418,0.071565,0.041409,0.064972,0.04031,0.07118
81,100,2,1300,0.040876,0.072098,0.040575,0.065018,0.039881,0.071216
81,100,2,1400,0.041454,0.072302,0.04061,0.065215,0.04051,0.071785
91,100,2,100,0.050929,0.088352,0.04913,0.081264,0.048424,0.087143
91,100,2,200,0.049135,0.08884,0.049574,0.080481,0.048405,0.088222
91,100,2,300,0.049136,0.090754,0.051982,0.081171,0.049758,0.087788
91,100,2,400,0.051361,0.092463,0.050126,0.082086,0.04903,0.087133
91,100,2,500,0.04901,0.089601,0.050194,0.081054,0.04936,0.088357
91,100,2,600,0.049247,0.090558,0.049419,0.08173,0.049654,0.088601
91,100,2,700,0.049649,0.089787,0.05007,0.080491,0.049913,0.089172
91,100,2,800,0.050404,0.090193,0.048898,0.080458,0.048982,0.087273
91,100,2,900,0.050063,0.089113,0.049098,0.080072,0.048456,0.088154
91,100,2,1000,0.048524,0.088427,0.050279,0.080634,0.049574,0.088577
91,100,2,1100,0.04908,0.090644,0.049666,0.081595,0.048563,0.088089
91,100,2,1200,0.050026,0.091893,0.050249,0.081312,0.049266,0.088423
91,100,2,1300,0.050331,0.094149,0.056724,0.08063,0.048825,0.090058
91,100,2,1400,0.050312,0.090686,0.049596,0.080109,0.049022,0.088856
101,100,2,100,0.059322,0.107099,0.059575,0.098218,0.060019,0.105916
101,100,2,200,0.059467,0.107954,0.058601,0.097452,0.057714,0.10721
101,100,2,300,0.059509,0.107609,0.058894,0.098787,0.057819,0.105378
101,100,2,400,0.058611,0.107362,0.059453,0.097469,0.057626,0.106089
101,100,2,500,0.058334,0.106108,0.05892,0.098155,0.057858,0.10551
101,100,2,600,0.058737,0.107607,0.058683,0.097118,0.06522,0.121211
101,100,2,700,0.058432,0.107105,0.058557,0.097482,0.057761,0.106434
101,100,2,800,0.05841,0.107914,0.058785,0.097269,0.058134,0.106382
101,100,2,900,0.059641,0.107344,0.058851,0.096792,0.059206,0.106322
101,100,2,1000,0.058098,0.10777,0.059472,0.097048,0.057594,0.106414
101,100,2,1100,0.05937,0.108305,0.058782,0.097132,0.058959,0.107211
101,100,2,1200,0.058994,0.108604,0.060118,0.097364,0.0581,0.107557
101,100,2,1300,0.059049,0.108077,0.059028,0.097753,0.057547,0.108496
101,100,2,1400,0.057929,0.108047,0.05948,0.098705,0.057619,0.107057
1,100,2,100,0.00419,0.000348,0.004656,0.000184,0.004667,0.000433
1,100,2,200,0.005123,0.000436,0.00496,0.000189,0.003857,0.000443
1,100,2,300,0.004827,0.000639,0.005024,0.000249,0.003779,0.000452
1,100,2,400,0.004631,0.000754,0.004957,0.000194,0.003817,0.000583
1,100,2,500,0.004754,0.000574,0.006043,0.000246,0.00384,0.00062
1,100,2,600,0.003843,0.00066,0.005535,0.000192,0.004044,0.000731
1,100,2,700,0.003797,0.000733,0.005004,0.000201,0.00382,0.000894
1,100,2,800,0.003823,0.000836,0.005645,0.000259,0.003918,0.000846
1,100,2,900,0.003961,0.000887,0.004792,0.000223,0.003931,0.001078
1,100,2,1000,0.003862,0.000912,0.005154,0.000315,0.004545,0.001311
1,100,2,1100,0.003876,0.001045,0.005017,0.000216,0.003958,0.001191
1,100,2,1200,0.003871,0.001098,0.005894,0.000443,0.003918,0.001307
1,100,2,1300,0.003792,0.001197,0.005513,0.000202,0.003994,0.001332
1,100,2,1400,0.003981,0.001188,0.005209,0.000205,0.00416,0.001518
11,100,2,100,0.01946,0.005019,0.005142,0.001533,0.025471,0.006377
11,100,2,200,0.019541,0.006145,0.005262,0.001593,0.023129,0.009341
11,100,2,300,0.024128,0.008922,0.006648,0.00181,0.012575,0.004926
11,100,2,400,0.019134,0.006577,0.00525,0.002149,0.013007,0.005522
11,100,2,500,0.019521,0.006841,0.005265,0.002165,0.013186,0.00516
11,100,2,600,0.019863,0.007216,0.005035,0.001531,0.013994,0.005936
11,100,2,700,0.013375,0.005701,0.006278,0.001768,0.011904,0.006569
11,100,2,800,0.026543,0.009772,0.005913,0.001746,0.012319,0.007857
11,100,2,900,0.021526,0.008064,0.005646,0.001756,0.012757,0.006163
11,100,2,1000,0.008922,0.00484,0.006029,0.001736,0.018825,0.009291
11,100,2,1100,0.018033,0.008887,0.00562,0.001911,0.018878,0.009275
11,100,2,1200,0.015987,0.00661,0.00559,0.001979,0.019659,0.008955
11,100,2,1300,0.014431,0.007604,0.005421,0.001615,0.02062,0.009313
11,100,2,1400,0.01562,0.007774,0.005274,0.002403,0.020001,0.010335
21,100,2,100,0.007816,0.005298,0.007998,0.004749,0.007476,0.005283
21,100,2,200,0.007982,0.005633,0.007875,0.005709,0.007363,0.005685
21,100,2,300,0.008022,0.005517,0.007625,0.004698,0.006928,0.006065
21,100,2,400,0.007985,0.006082,0.007637,0.006612,0.008053,0.005769
21,100,2,500,0.006989,0.005694,0.007981,0.005259,0.007896,0.006271
21,100,2,600,0.008502,0.006806,0.008248,0.00484,0.006839,0.006142
21,100,2,700,0.007758,0.006629,0.007617,0.00644,0.008046,0.006002
21,100,2,800,0.007015,0.007461,0.007956,0.00518,0.008143,0.007291
21,100,2,900,0.00854,0.006315,0.007957,0.00476,0.006826,0.007198
21,100,2,1000,0.008709,0.007539,0.008505,0.004894,0.007192,0.006352
21,100,2,1100,0.007026,0.00655,0.007794,0.005319,0.007691,0.007772
21,100,2,1200,0.00874,0.006965,0.007469,0.00467,0.006817,0.007619
21,100,2,1300,0.008362,0.007688,0.008281,0.004857,0.00727,0.006743
21,100,2,1400,0.007538,0.007941,0.008395,0.005115,0.007298,0.007178
31,100,2,100,0.010132,0.011943,0.010787,0.011776,0.009846,0.011784
31,100,2,200,0.01086,0.01147,0.010698,0.010549,0.01108,0.011297
31,100,2,300,0.011524,0.011418,0.011912,0.00984,0.010654,0.011406
31,100,2,400,0.011209,0.012257,0.010766,0.01058,0.010054,0.012993
31,100,2,500,0.011216,0.01255,0.010394,0.010958,0.011563,0.012445
31,100,2,600,0.011741,0.01159,0.010875,0.010211,0.010131,0.012613
31,100,2,700,0.010637,0.013114,0.010661,0.011563,0.011318,0.012072
31,100,2,800,0.011488,0.011967,0.010951,0.009855,0.010317,0.012577
31,100,2,900,0.010525,0.012789,0.01138,0.011055,0.010378,0.013551
31,100,2,1000,0.011641,0.011724,0.010992,0.010152,0.010012,0.012277
31,100,2,1100,0.010647,0.01229,0.01073,0.011823,0.011485,0.012014
31,100,2,1200,0.011497,0.011908,0.011005,0.010001,0.010078,0.012816
31,100,2,1300,0.010625,0.012648,0.011347,0.010527,0.010007,0.013014
31,100,2,1400,0.011095,0.012007,0.012186,0.010296,0.010049,0.011996
41,100,2,100,0.014763,0.023396,0.015434,0.018444,0.01538,0.020809
41,100,2,200,0.015465,0.020569,0.015668,0.019798,0.014775,0.021383
41,100,2,300,0.014732,0.021215,0.016152,0.018136,0.014943,0.022397
41,100,2,400,0.015402,0.020462,0.015505,0.019336,0.015211,0.022635
41,100,2,500,0.014993,0.022086,0.015922,0.018548,0.015631,0.022501
41,100,2,600,0.015632,0.021411,0.015681,0.018547,0.01501,0.021472
41,100,2,700,0.015102,0.020841,0.016077,0.018187,0.014862,0.021172
41,100,2,800,0.014959,0.021192,0.01633,0.018623,0.014681,0.022634
41,100,2,900,0.015686,0.020678,0.016137,0.019157,0.015755,0.022081
41,100,2,1000,0.015479,0.02124,0.015749,0.018007,0.014681,0.022701
41,100,2,1100,0.015582,0.021468,0.015788,0.01803,0.014917,0.022166
41,100,2,1200,0.01582,0.021937,0.016272,0.018676,0.015415,0.021449
41,100,2,1300,0.014847,0.026608,0.015153,0.018144,0.016391,0.021304
41,100,2,1400,0.015092,0.022142,0.015874,0.01787,0.014477,0.023107
51,100,2,100,0.020049,0.029035,0.020785,0.027526,0.019999,0.030215
51,100,2,200,0.020457,0.029102,0.021131,0.027653,0.019522,0.029938
51,100,2,300,0.019715,0.029941,0.020636,0.02773,0.019271,0.030325
51,100,2,400,0.020312,0.030114,0.020402,0.027635,0.019511,0.029881
51,100,2,500,0.019825,0.030283,0.02021,0.027535,0.019654,0.029445
51,100,2,600,0.019762,0.030097,0.020435,0.026747,0.019566,0.030494
51,100,2,700,0.019916,0.030533,0.021023,0.027057,0.019923,0.030332
51,100,2,800,0.020253,0.031554,0.028874,0.039108,0.027647,0.039412
51,100,2,900,0.019998,0.032234,0.02089,0.028282,0.020229,0.030612
51,100,2,1000,0.021726,0.032531,0.020462,0.027287,0.019779,0.030747
51,100,2,1100,0.021635,0.031651,0.021448,0.029328,0.019714,0.031726
51,100,2,1200,0.019921,0.03173,0.020392,0.028155,0.020093,0.031884
51,100,2,1300,0.02017,0.032385,0.021131,0.028138,0.020368,0.031893
51,100,2,1400,0.019709,0.03234,0.020598,0.02733,0.019719,0.031825
61,100,2,100,0.025552,0.04151,0.027097,0.038482,0.025533,0.041602
61,100,2,200,0.025895,0.040614,0.027586,0.037791,0.025676,0.042033
61,100,2,300,0.025829,0.041763,0.026748,0.037432,0.025267,0.040965
61,100,2,400,0.025444,0.042161,0.026619,0.03866,0.025598,0.041919
61,100,2,500,0.025558,0.04303,0.027177,0.039331,0.025297,0.041348
61,100,2,600,0.025946,0.041117,0.027173,0.039168,0.025446,0.041489
61,100,2,700,0.026298,0.04222,0.027516,0.037578,0.025551,0.041368
61,100,2,800,0.02649,0.042987,0.027171,0.038678,0.026578,0.042892
61,100,2,900,0.026475,0.04408,0.027178,0.038252,0.025528,0.041901
61,100,2,1000,0.025648,0.042708,0.026996,0.038254,0.025877,0.041981
61,100,2,1100,0.025607,0.042772,0.027112,0.037772,0.025458,0.04295
61,100,2,1200,0.025771,0.041796,0.027904,0.038994,0.025531,0.042493
61,100,2,1300,0.025398,0.044108,0.027674,0.038336,0.0256,0.042781
61,100,2,1400,0.025784,0.044822,0.027289,0.03796,0.025634,0.042922
71,100,2,100,0.032235,0.057231,0.033402,0.050139,0.03258,0.05529
71,100,2,200,0.032822,0.054866,0.033183,0.049765,0.03256,0.053345
71,100,2,300,0.032816,0.057979,0.033405,0.050641,0.032442,0.053988
71,100,2,400,0.033687,0.05567,0.033685,0.050905,0.032598,0.055005
71,100,2,500,0.032951,0.057076,0.033065,0.051227,0.032328,0.056081
71,100,2,600,0.032716,0.055378,0.032693,0.049893,0.032682,0.054585
71,100,2,700,0.032598,0.056206,0.033431,0.050739,0.032415,0.055183
71,100,2,800,0.032854,0.055917,0.032772,0.051166,0.032432,0.056076
71,100,2,900,0.032442,0.056514,0.032818,0.05065,0.032112,0.056606
71,100,2,1000,0.033187,0.057221,0.032922,0.051413,0.032522,0.057252
71,100,2,1100,0.032798,0.058657,0.032993,0.051298,0.032342,0.055593
71,100,2,1200,0.032959,0.058767,0.032908,0.051553,0.03243,0.056189
71,100,2,1300,0.032219,0.056694,0.032486,0.050879,0.032347,0.055591
71,100,2,1400,0.033033,0.058943,0.032991,0.051037,0.032429,0.056485
81,100,2,100,0.04191,0.070515,0.040213,0.063754,0.039946,0.069464
81,100,2,200,0.040492,0.069625,0.04009,0.067669,0.039722,0.069689
81,100,2,300,0.040288,0.070891,0.04061,0.065083,0.040148,0.069531
81,100,2,400,0.04102,0.069821,0.041766,0.065834,0.039802,0.06951
81,100,2,500,0.040464,0.070036,0.040572,0.066379,0.040188,0.070108
81,100,2,600,0.041144,0.070267,0.040636,0.064539,0.039842,0.070472
81,100,2,700,0.040403,0.070245,0.041794,0.063901,0.040045,0.069762
81,100,2,800,0.041842,0.070835,0.040627,0.064156,0.039965,0.069589
81,100,2,900,0.040214,0.070459,0.040359,0.064783,0.041185,0.071258
81,100,2,1000,0.040906,0.071224,0.040781,0.065019,0.040177,0.072752
81,100,2,1100,0.040702,0.072019,0.041424,0.065469,0.039849,0.071251
81,100,2,1200,0.040021,0.070805,0.040504,0.066076,0.040474,0.071353
81,100,2,1300,0.040616,0.07069,0.040406,0.065399,0.04005,0.073384
81,100,2,1400,0.041494,0.071724,0.040939,0.064894,0.040142,0.074017
91,100,2,100,0.049418,0.086346,0.049277,0.080336,0.048577,0.086131
91,100,2,200,0.04968,0.087021,0.049006,0.080012,0.049139,0.086284
91,100,2,300,0.049374,0.087037,0.049773,0.080575,0.048396,0.085951
91,100,2,400,0.049436,0.086186,0.049236,0.080369,0.048106,0.085023
91,100,2,500,0.049101,0.087066,0.049511,0.080337,0.048576,0.086451
91,100,2,600,0.04992,0.088174,0.049268,0.080034,0.048434,0.087159
91,100,2,700,0.049893,0.090718,0.049561,0.080452,0.048692,0.089263
91,100,2,800,0.049132,0.088197,0.049238,0.082012,0.048657,0.087161
91,100,2,900,0.048801,0.087347,0.049583,0.080381,0.049325,0.08816
91,100,2,1000,0.048997,0.088978,0.048754,0.080209,0.047928,0.08759
91,100,2,1100,0.049045,0.087287,0.048578,0.079906,0.047969,0.088225
91,100,2,1200,0.04931,0.08867,0.049492,0.079548,0.048408,0.087249
91,100,2,1300,0.048546,0.090386,0.048664,0.079731,0.048488,0.088227
91,100,2,1400,0.049832,0.08934,0.049258,0.07961,0.048476,0.088298
101,100,2,100,0.058518,0.105705,0.059713,0.097177,0.057474,0.104826
101,100,2,200,0.058261,0.106743,0.059039,0.097666,0.057779,0.105384
101,100,2,300,0.058818,0.105872,0.059236,0.098038,0.057616,0.105752
101,100,2,400,0.058802,0.108114,0.05976,0.097008,0.059775,0.107746
101,100,2,500,0.058231,0.10634,0.059324,0.098877,0.058057,0.105211
101,100,2,600,0.05878,0.107414,0.058571,0.096974,0.057213,0.105883
101,100,2,700,0.059617,0.106567,0.058454,0.096774,0.058858,0.105359
101,100,2,800,0.058145,0.10712,0.05878,0.096893,0.057476,0.10548
101,100,2,900,0.057723,0.107431,0.058819,0.096342,0.057161,0.106425
101,100,2,1000,0.058744,0.106977,0.059275,0.098236,0.058349,0.106644
101,100,2,1100,0.058653,0.108831,0.058824,0.097246,0.057425,0.106633
101,100,2,1200,0.058878,0.107972,0.058776,0.09806,0.057856,0.107374
101,100,2,1300,0.057983,0.108812,0.059104,0.097574,0.058083,0.107497
101,100,2,1400,0.058189,0.109713,0.059543,0.097634,0.057969,0.107641
1,100,2,100,0.004329,0.000298,0.004601,0.000173,0.004222,0.00034
1,100,2,200,0.005263,0.000496,0.004989,0.000214,0.006728,0.000685
1,100,2,300,0.007467,0.000817,0.005822,0.000199,0.004932,0.000485
1,100,2,400,0.004249,0.000497,0.00454,0.000174,0.005301,0.000683
1,100,2,500,0.004681,0.00068,0.004596,0.000185,0.004969,0.001286
1,100,2,600,0.004766,0.000652,0.004628,0.000178,0.004371,0.000743
1,100,2,700,0.004394,0.000678,0.004638,0.000166,0.004608,0.000782
1,100,2,800,0.004019,0.000712,0.004555,0.000159,0.004346,0.000937
1,100,2,900,0.00436,0.000819,0.004655,0.000162,0.004367,0.000917
1,100,2,1000,0.005463,0.00115,0.004697,0.000159,0.004265,0.000984
1,100,2,1100,0.005204,0.00107,0.004612,0.000159,0.004841,0.002063
1,100,2,1200,0.004626,0.001006,0.004616,0.000169,0.005893,0.00162
1,100,2,1300,0.004525,0.001012,0.005332,0.000171,0.005297,0.001317
1,100,2,1400,0.004578,0.001045,0.005393,0.000272,0.004631,0.001261
11,100,2,100,0.004562,0.002382,0.004702,0.001581,0.00465,0.002386
11,100,2,200,0.004691,0.001976,0.005968,0.001734,0.004408,0.00168
11,100,2,300,0.005617,0.001871,0.004457,0.001497,0.005702,0.002295
11,100,2,400,0.004398,0.001794,0.005453,0.001532,0.004461,0.002593
11,100,2,500,0.004918,0.001897,0.004581,0.00292,0.004578,0.001927
11,100,2,600,0.004987,0.002201,0.004498,0.0016,0.005769,0.002096
11,100,2,700,0.004519,0.001929,0.004771,0.002239,0.004425,0.002195
11,100,2,800,0.00502,0.002609,0.004428,0.001521,0.005586,0.002238
11,100,2,900,0.004466,0.003184,0.0049,0.00157,0.005215,0.002563
11,100,2,1000,0.00442,0.002193,0.005359,0.001643,0.004582,0.002072
11,100,2,1100,0.005032,0.002571,0.004439,0.001537,0.005387,0.002547
11,100,2,1200,0.004377,0.002234,0.00514,0.001665,0.004438,0.00282
11,100,2,1300,0.004667,0.002204,0.004725,0.001682,0.00477,0.002583
11,100,2,1400,0.00495,0.002372,0.004367,0.00151,0.004941,0.002705
21,100,2,100,0.006914,0.005297,0.00758,0.004681,0.007347,0.005702
21,100,2,200,0.007822,0.005777,0.008042,0.005285,0.007992,0.0055
21,100,2,300,0.008013,0.005507,0.007468,0.005513,0.007354,0.005815
21,100,2,400,0.007047,0.006684,0.008407,0.004854,0.008006,0.005711
21,100,2,500,0.007127,0.005798,0.007938,0.005231,0.007278,0.006984
21,100,2,600,0.008364,0.006773,0.008463,0.00478,0.006862,0.007139
21,100,2,700,0.009286,0.006774,0.008092,0.004742,0.007147,0.005996
21,100,2,800,0.006915,0.006639,0.008056,0.004931,0.007089,0.007223
21,100,2,900,0.008141,0.007261,0.007828,0.004696,0.00675,0.007193
21,100,2,1000,0.007821,0.008192,0.008076,0.004903,0.007078,0.006504
21,100,2,1100,0.007488,0.00761,0.008138,0.004885,0.007079,0.007511
21,100,2,1200,0.008102,0.006693,0.007617,0.00495,0.007343,0.007345
21,100,2,1300,0.008917,0.007632,0.008098,0.00492,0.00698,0.007275
21,100,2,1400,0.007537,0.007491,0.008145,0.005431,0.007632,0.006997
31,100,2,100,0.011716,0.011526,0.011561,0.010628,0.011311,0.010806
31,100,2,200,0.012006,0.011539,0.010837,0.009979,0.010099,0.012466
31,100,2,300,0.010945,0.011925,0.010666,0.012025,0.010848,0.0116
31,100,2,400,0.01132,0.012741,0.010998,0.010079,0.010406,0.011335
31,100,2,500,0.011145,0.012455,0.01081,0.011134,0.010357,0.01249
31,100,2,600,0.010266,0.012547,0.012126,0.009932,0.010969,0.012408
31,100,2,700,0.01084,0.013231,0.01067,0.010909,0.010118,0.013476
31,100,2,800,0.010661,0.013645,0.012223,0.009957,0.010752,0.01245
31,100,2,900,0.010314,0.012359,0.010663,0.010283,0.010268,0.013634
31,100,2,1000,0.010265,0.01327,0.01163,0.010263,0.011224,0.012562
31,100,2,1100,0.010699,0.013913,0.010545,0.011412,0.010235,0.013838
31,100,2,1200,0.010731,0.014277,0.011055,0.009891,0.010417,0.014813
31,100,2,1300,0.010441,0.01391,0.012551,0.010393,0.011206,0.014117
31,100,2,1400,0.010318,0.01388,0.011646,0.011076,0.010016,0.016061
41,100,2,100,0.014975,0.021583,0.016574,0.018795,0.015487,0.022013
41,100,2,200,0.015603,0.020282,0.015766,0.018867,0.014884,0.020965
41,100,2,300,0.015694,0.019852,0.015446,0.019072,0.0152,0.021161
41,100,2,400,0.015131,0.021114,0.015661,0.01831,0.014542,0.021493
41,100,2,500,0.015364,0.020596,0.015814,0.019031,0.014446,0.02233
41,100,2,600,0.016147,0.021118,0.015826,0.018819,0.01645,0.021342
41,100,2,700,0.015115,0.022251,0.016142,0.018851,0.01555,0.02311
41,100,2,800,0.015262,0.021716,0.015725,0.020068,0.016108,0.022805
41,100,2,900,0.014707,0.021246,0.01599,0.019375,0.015465,0.022851
41,100,2,1000,0.015272,0.021392,0.015545,0.018638,0.015014,0.023076
41,100,2,1100,0.014966,0.021488,0.015299,0.018546,0.015186,0.023487
41,100,2,1200,0.015423,0.021997,0.015889,0.018224,0.015369,0.023192
41,100,2,1300,0.015625,0.021568,0.015861,0.019616,0.016588,0.022716
41,100,2,1400,0.015423,0.022983,0.016447,0.018572,0.015894,0.02389
51,100,2,100,0.020237,0.030304,0.020727,0.027552,0.01933,0.029411
51,100,2,200,0.020194,0.029978,0.030159,0.037971,0.01965,0.0293
51,100,2,300,0.020932,0.030081,0.020668,0.029176,0.019886,0.031414
51,100,2,400,0.021212,0.030212,0.021288,0.027161,0.020158,0.030066
51,100,2,500,0.021006,0.030624,0.020524,0.027559,0.020229,0.030142
51,100,2,600,0.020238,0.030598,0.020709,0.027992,0.019964,0.030572
51,100,2,700,0.019979,0.030309,0.020897,0.027868,0.019762,0.030584
51,100,2,800,0.020012,0.030237,0.021897,0.028113,0.019964,0.030797
51,100,2,900,0.020299,0.031046,0.020264,0.027047,0.019957,0.030501
51,100,2,1000,0.020287,0.030339,0.020869,0.027746,0.019438,0.031731
51,100,2,1100,0.019831,0.031701,0.020099,0.027708,0.019346,0.031033
51,100,2,1200,0.019471,0.031234,0.020165,0.027355,0.019314,0.03133
51,100,2,1300,0.019379,0.031528,0.028343,0.039156,0.026507,0.039611
51,100,2,1400,0.01986,0.032144,0.02017,0.028282,0.019413,0.031973
61,100,2,100,0.025641,0.042148,0.027566,0.037819,0.025566,0.040579
61,100,2,200,0.025837,0.042131,0.027193,0.037954,0.025456,0.041264
61,100,2,300,0.025501,0.043371,0.027101,0.037908,0.025586,0.041694
61,100,2,400,0.025786,0.042776,0.026856,0.037671,0.025415,0.041403
61,100,2,500,0.025774,0.041135,0.026913,0.037731,0.025453,0.041228
61,100,2,600,0.025448,0.041541,0.026975,0.037444,0.027079,0.041689
61,100,2,700,0.025908,0.042897,0.026587,0.037781,0.02655,0.041524
61,100,2,800,0.025413,0.041729,0.026903,0.039112,0.025493,0.042081
61,100,2,900,0.02618,0.04389,0.027189,0.03817,0.025332,0.042553
61,100,2,1000,0.025752,0.042456,0.026949,0.037828,0.025456,0.043149
61,100,2,1100,0.025671,0.044049,0.02683,0.037569,0.025225,0.043812
61,100,2,1200,0.026304,0.044142,0.027137,0.038259,0.025152,0.042604
61,100,2,1300,0.02556,0.044669,0.027074,0.03878,0.025743,0.043652
61,100,2,1400,0.026284,0.043971,0.026629,0.037515,0.025387,0.043317
71,100,2,100,0.033062,0.058733,0.032781,0.050203,0.032161,0.054107
71,100,2,200,0.032651,0.055083,0.032962,0.050393,0.032521,0.054602
71,100,2,300,0.032686,0.055151,0.032901,0.04972,0.032464,0.054384
71,100,2,400,0.032722,0.057043,0.03293,0.050876,0.032538,0.055098
71,100,2,500,0.032463,0.05608,0.033077,0.05084,0.033081,0.054566
71,100,2,600,0.033088,0.055987,0.033344,0.050842,0.032544,0.056439
71,100,2,700,0.032816,0.056296,0.033157,0.049897,0.032906,0.055219
71,100,2,800,0.032853,0.056849,0.033406,0.050492,0.032534,0.055622
71,100,2,900,0.032884,0.057146,0.032809,0.050031,0.032261,0.055378
71,100,2,1000,0.032636,0.056839,0.032866,0.050358,0.0327,0.055814
71,100,2,1100,0.032783,0.056956,0.03331,0.050144,0.03273,0.056246
71,100,2,1200,0.032621,0.058153,0.03272,0.050323,0.032218,0.056841
71,100,2,1300,0.032586,0.057287,0.033481,0.050313,0.032107,0.056273
71,100,2,1400,0.032645,0.0584,0.033138,0.050752,0.031994,0.056563
81,100,2,100,0.040786,0.070278,0.040967,0.064315,0.039555,0.070629
81,100,2,200,0.041146,0.070003,0.040458,0.065671,0.040916,0.069745
81,100,2,300,0.041109,0.06999,0.04127,0.064304,0.039703,0.070057
81,100,2,400,0.040125,0.072955,0.040503,0.065614,0.039798,0.070568
81,100,2,500,0.039837,0.07099,0.040397,0.065051,0.039681,0.070206
81,100,2,600,0.040285,0.071025,0.040535,0.065797,0.039876,0.070329
81,100,2,700,0.041217,0.071265,0.040454,0.064146,0.039678,0.070697
81,100,2,800,0.040504,0.072031,0.040997,0.064956,0.040163,0.07155
81,100,2,900,0.042525,0.07118,0.041961,0.064054,0.039566,0.070372
81,100,2,1000,0.040382,0.070943,0.040765,0.065961,0.040302,0.070978
81,100,2,1100,0.040338,0.074296,0.041301,0.06454,0.040629,0.072269
81,100,2,1200,0.040464,0.072208,0.040615,0.064983,0.040038,0.071229
81,100,2,1300,0.040665,0.072726,0.041367,0.065494,0.039971,0.072693
81,100,2,1400,0.040628,0.074909,0.040658,0.066109,0.040069,0.072603
91,100,2,100,0.05005,0.087637,0.051113,0.080019,0.048454,0.085966
91,100,2,200,0.048571,0.087112,0.049209,0.081167,0.048355,0.086737
91,100,2,300,0.048973,0.08901,0.048898,0.080167,0.04813,0.089161
91,100,2,400,0.049264,0.088108,0.049244,0.079902,0.04807,0.087958
91,100,2,500,0.04985,0.089308,0.049417,0.080295,0.048203,0.087365
91,100,2,600,0.04936,0.089012,0.049822,0.081002,0.051017,0.087199
91,100,2,700,0.050248,0.088693,0.050184,0.080606,0.04822,0.087515
91,100,2,800,0.048954,0.088493,0.049395,0.080669,0.048355,0.088232
91,100,2,900,0.049321,0.090098,0.049142,0.079639,0.048728,0.088394
91,100,2,1000,0.048778,0.089301,0.048919,0.079999,0.047956,0.088324
91,100,2,1100,0.049843,0.088383,0.049236,0.080063,0.048175,0.088583
91,100,2,1200,0.049203,0.089391,0.049057,0.080032,0.048037,0.088627
91,100,2,1300,0.048207,0.08863,0.048944,0.079835,0.04823,0.08826
91,100,2,1400,0.049049,0.088886,0.04889,0.079317,0.048698,0.08773
101,100,2,100,0.059642,0.107373,0.060075,0.096948,0.05749,0.105203
101,100,2,200,0.058447,0.105373,0.059027,0.096474,0.057433,0.104552
101,100,2,300,0.058758,0.106546,0.059749,0.096638,0.057503,0.105314
101,100,2,400,0.059783,0.1068,0.059359,0.097809,0.060671,0.105263
101,100,2,500,0.058148,0.107896,0.060305,0.097196,0.057859,0.106984
101,100,2,600,0.05872,0.108015,0.059009,0.097514,0.058489,0.105782
101,100,2,700,0.059459,0.108402,0.060904,0.097503,0.057225,0.105976
101,100,2,800,0.058798,0.107337,0.059487,0.097174,0.057332,0.10714
101,100,2,900,0.059589,0.107442,0.058578,0.097774,0.057705,0.106748
101,100,2,1000,0.058271,0.108222,0.059445,0.097653,0.058061,0.109451
101,100,2,1100,0.058964,0.108242,0.059338,0.100483,0.057483,0.108197
101,100,2,1200,0.059259,0.109413,0.059089,0.097596,0.058549,0.107938
101,100,2,1300,0.058485,0.108575,0.059073,0.09891,0.05754,0.106609
101,100,2,1400,0.058929,0.109879,0.058472,0.098538,0.057875,0.109214
1,100,2,100,0.005542,0.000306,0.005406,0.000193,0.00618,0.000386
1,100,2,200,0.005439,0.000339,0.006255,0.000298,0.006263,0.0004
1,100,2,300,0.005395,0.000329,0.007219,0.000258,0.005319,0.000364
1,100,2,400,0.005817,0.000409,0.005845,0.00018,0.006567,0.000462
1,100,2,500,0.006485,0.000389,0.005352,0.000173,0.006289,0.000416
1,100,2,600,0.006015,0.00031,0.005347,0.000205,0.006512,0.000419
1,100,2,700,0.005373,0.000289,0.005919,0.000193,0.006117,0.000333
1,100,2,800,0.005402,0.000297,0.006167,0.000194,0.005272,0.000337
1,100,2,900,0.005266,0.000293,0.006467,0.000202,0.005284,0.000302
1,100,2,1000,0.005355,0.000293,0.006633,0.00025,0.005288,0.000295
1,100,2,1100,0.005399,0.000291,0.0055,0.000158,0.005158,0.000292
1,100,2,1200,0.006316,0.00042,0.005487,0.000187,0.005272,0.000726
1,100,2,1300,0.006414,0.000377,0.005334,0.000164,0.006328,0.000483
1,100,2,1400,0.005245,0.000333,0.005396,0.000195,0.00669,0.000387
11,100,2,100,0.004837,0.001801,0.006051,0.001981,0.004172,0.001776
11,100,2,200,0.005389,0.002364,0.006159,0.001885,0.004611,0.002001
11,100,2,300,0.005477,0.002152,0.005272,0.0015,0.005136,0.002588
11,100,2,400,0.00479,0.002231,0.006026,0.00172,0.004953,0.002763
11,100,2,500,0.005044,0.002383,0.005989,0.001563,0.004257,0.00236
11,100,2,600,0.005145,0.00284,0.005295,0.001567,0.005249,0.003206
11,100,2,700,0.005202,0.003008,0.005354,0.001494,0.00564,0.002856
11,100,2,800,0.004559,0.002658,0.006591,0.001578,0.004313,0.003978
11,100,2,900,0.004869,0.002893,0.006473,0.001611,0.004318,0.002839
11,100,2,1000,0.005487,0.003332,0.006158,0.001858,0.004604,0.003144
11,100,2,1100,0.005016,0.00334,0.006469,0.001833,0.004186,0.003122
11,100,2,1200,0.00626,0.003416,0.006243,0.001816,0.004507,0.003276
11,100,2,1300,0.005043,0.004351,0.005253,0.00233,0.004627,0.003509
11,100,2,1400,0.00534,0.003736,0.005186,0.001534,0.005129,0.004024
21,100,2,100,0.006829,0.005891,0.008341,0.005413,0.007252,0.00607
21,100,2,200,0.007731,0.005841,0.008413,0.004777,0.007357,0.005243
21,100,2,300,0.007027,0.006333,0.00847,0.005033,0.006926,0.006961
21,100,2,400,0.008421,0.005703,0.00882,0.006114,0.00779,0.005697
21,100,2,500,0.007937,0.007416,0.008866,0.004804,0.006817,0.005714
21,100,2,600,0.006951,0.006817,0.007991,0.00505,0.006937,0.007126
21,100,2,700,0.008129,0.006564,0.007548,0.004765,0.006728,0.006932
21,100,2,800,0.007794,0.006978,0.008475,0.005136,0.007484,0.006188
21,100,2,900,0.007378,0.008392,0.008982,0.005794,0.007462,0.006757
21,100,2,1000,0.007476,0.006267,0.007591,0.004806,0.007227,0.006955
21,100,2,1100,0.00804,0.007104,0.008575,0.004854,0.006924,0.006513
21,100,2,1200,0.007288,0.007714,0.008309,0.005856,0.007644,0.00692
21,100,2,1300,0.007696,0.006836,0.007844,0.005363,0.008064,0.007919
21,100,2,1400,0.007789,0.007131,0.007848,0.004791,0.006592,0.007797
31,100,2,100,0.010749,0.010977,0.010962,0.010352,0.010206,0.011908
31,100,2,200,0.011436,0.011814,0.010677,0.011996,0.011312,0.01138
31,100,2,300,0.011142,0.012035,0.011603,0.009821,0.010572,0.011185
31,100,2,400,0.01039,0.013031,0.011121,0.011547,0.009826,0.01349
31,100,2,500,0.011603,0.0116,0.011408,0.010495,0.009999,0.01139
31,100,2,600,0.01053,0.01257,0.010828,0.011199,0.009808,0.01297
31,100,2,700,0.01129,0.012134,0.011849,0.010234,0.010489,0.011505
31,100,2,800,0.011436,0.012768,0.011409,0.012248,0.01114,0.013434
31,100,2,900,0.011491,0.012628,0.011101,0.010033,0.010084,0.01225
31,100,2,1000,0.010093,0.013093,0.01081,0.011479,0.010097,0.013913
31,100,2,1100,0.011667,0.012265,0.011031,0.009838,0.009945,0.013202
31,100,2,1200,0.010767,0.014408,0.011557,0.011879,0.011252,0.012517
31,100,2,1300,0.011572,0.013905,0.011144,0.010716,0.010072,0.015134
31,100,2,1400,0.011616,0.013348,0.010776,0.010689,0.009816,0.014683
41,100,2,100,0.015523,0.021831,0.016171,0.018381,0.014834,0.022072
41,100,2,200,0.015259,0.020334,0.015667,0.018988,0.01577,0.021396
41,100,2,300,0.014595,0.021125,0.016253,0.018415,0.015938,0.02157
41,100,2,400,0.014884,0.019851,0.015745,0.018158,0.015199,0.021002
41,100,2,500,0.015152,0.020771,0.015333,0.018838,0.015192,0.021087
41,100,2,600,0.015014,0.021346,0.015695,0.018061,0.014549,0.02196
41,100,2,700,0.014839,0.020544,0.0166,0.019011,0.014377,0.023413
41,100,2,800,0.014696,0.020803,0.015622,0.018111,0.015269,0.022003
41,100,2,900,0.014772,0.021434,0.016599,0.017675,0.01518,0.022253
41,100,2,1000,0.015663,0.020445,0.015069,0.018181,0.015157,0.021733
41,100,2,1100,0.014869,0.023242,0.016095,0.018118,0.015418,0.023383
41,100,2,1200,0.015039,0.021441,0.016325,0.019411,0.016684,0.021594
41,100,2,1300,0.014828,0.022478,0.016257,0.018633,0.015164,0.023977
41,100,2,1400,0.015741,0.022376,0.014805,0.020038,0.015668,0.024029
51,100,2,100,0.020327,0.029639,0.020475,0.027593,0.019912,0.029117
51,100,2,200,0.019574,0.029083,0.020163,0.02654,0.020016,0.028925
51,100,2,300,0.019623,0.029738,0.020483,0.02691,0.019489,0.029653
51,100,2,400,0.020207,0.029676,0.021247,0.027223,0.02033,0.029564
51,100,2,500,0.020909,0.030781,0.021347,0.028267,0.020089,0.030003
51,100,2,600,0.020442,0.030912,0.021725,0.02773,0.01976,0.030116
51,100,2,700,0.01976,0.030345,0.020946,0.027564,0.020559,0.031416
51,100,2,800,0.020815,0.031095,0.021226,0.027174,0.020165,0.030303
51,100,2,900,0.020379,0.030924,0.02141,0.027762,0.020686,0.030501
51,100,2,1000,0.020746,0.031499,0.020503,0.027507,0.019569,0.030483
51,100,2,1100,0.020607,0.030722,0.026511,0.033825,0.020382,0.030661
51,100,2,1200,0.020188,0.030939,0.021184,0.027461,0.020356,0.03095
51,100,2,1300,0.020904,0.032054,0.021314,0.026798,0.020824,0.031202
51,100,2,1400,0.020986,0.03207,0.020421,0.027553,0.019483,0.031605
61,100,2,100,0.025743,0.040899,0.028311,0.037714,0.026368,0.040757
61,100,2,200,0.026013,0.041484,0.02785,0.038712,0.025613,0.041414
61,100,2,300,0.026289,0.041948,0.027609,0.038526,0.025368,0.041437
61,100,2,400,0.025224,0.043991,0.053431,0.068949,0.043304,0.047969
61,100,2,500,0.030564,0.046575,0.04964,0.069209,0.027095,0.054521
61,100,2,600,0.027415,0.044211,0.031433,0.044135,0.029709,0.050868
61,100,2,700,0.027967,0.061341,0.035876,0.040952,0.027237,0.054217
61,100,2,800,0.035525,0.05041,0.027739,0.041662,0.034385,0.060739
61,100,2,900,0.027986,0.045213,0.028449,0.0411,0.034776,0.047694
61,100,2,1000,0.043601,0.053094,0.031489,0.055022,0.028468,0.043863
61,100,2,1100,0.026691,0.0442,0.028052,0.039558,0.026923,0.043036
61,100,2,1200,0.026283,0.045798,0.027109,0.03829,0.026202,0.043838
61,100,2,1300,0.028346,0.046408,0.028707,0.043257,0.028051,0.048155
61,100,2,1400,0.044072,0.060065,0.028508,0.046332,0.028248,0.048782
71,100,2,100,0.035354,0.058923,0.044936,0.072267,0.03333,0.056422
71,100,2,200,0.034244,0.056585,0.033664,0.051017,0.032385,0.054484
71,100,2,300,0.032896,0.057638,0.033096,0.050417,0.033001,0.055966
71,100,2,400,0.033987,0.056268,0.033604,0.051698,0.032533,0.055
71,100,2,500,0.033312,0.056572,0.033191,0.050911,0.032719,0.05601
71,100,2,600,0.032821,0.056696,0.033121,0.050554,0.032539,0.055477
71,100,2,700,0.033177,0.057438,0.033037,0.050097,0.0323,0.05516
71,100,2,800,0.033004,0.05695,0.033611,0.051033,0.033311,0.056813
71,100,2,900,0.033034,0.057739,0.033261,0.05089,0.032696,0.056331
71,100,2,1000,0.033935,0.05669,0.03345,0.051632,0.032259,0.055851
71,100,2,1100,0.034123,0.057525,0.033719,0.051256,0.032545,0.056869
71,100,2,1200,0.03261,0.058332,0.034417,0.051086,0.032655,0.056691
71,100,2,1300,0.033833,0.059605,0.033546,0.052109,0.034108,0.057895
71,100,2,1400,0.032818,0.058403,0.033346,0.051665,0.032424,0.056718
81,100,2,100,0.041577,0.070817,0.040734,0.065078,0.040014,0.069556
81,100,2,200,0.04163,0.070468,0.040702,0.065083,0.039985,0.069683
81,100,2,300,0.040516,0.07112,0.041159,0.065513,0.040126,0.070525
81,100,2,400,0.041249,0.071037,0.042048,0.065868,0.04021,0.070585
81,100,2,500,0.041133,0.070366,0.041338,0.065848,0.040713,0.070551
81,100,2,600,0.042024,0.070872,0.042032,0.066163,0.040718,0.070537
81,100,2,700,0.040215,0.071137,0.04112,0.06516,0.040465,0.070925
81,100,2,800,0.039948,0.07141,0.042109,0.065765,0.040166,0.07122
81,100,2,900,0.041399,0.071637,0.04268,0.065442,0.040125,0.070805
81,100,2,1000,0.041346,0.071994,0.041049,0.065586,0.041298,0.072099
81,100,2,1100,0.040505,0.071971,0.040578,0.065441,0.041329,0.071724
81,100,2,1200,0.04071,0.071951,0.041243,0.064952,0.040452,0.07257
81,100,2,1300,0.040469,0.071679,0.041256,0.064898,0.040103,0.071372
81,100,2,1400,0.040633,0.072287,0.040717,0.064817,0.040559,0.07208
91,100,2,100,0.049621,0.088819,0.049642,0.080397,0.048373,0.085891
91,100,2,200,0.049778,0.087438,0.0497,0.079996,0.050074,0.087091
91,100,2,300,0.04887,0.087513,0.048923,0.080405,0.048782,0.088489
91,100,2,400,0.049169,0.088349,0.050178,0.080061,0.049123,0.087917
91,100,2,500,0.050218,0.088938,0.049215,0.08029,0.049113,0.087292
91,100,2,600,0.049838,0.089516,0.049665,0.08002,0.049348,0.089424
91,100,2,700,0.049466,0.089429,0.049212,0.079976,0.048592,0.087677
91,100,2,800,0.048125,0.08726,0.04909,0.080004,0.049074,0.087179
91,100,2,900,0.048337,0.087945,0.049138,0.080328,0.048466,0.087515
91,100,2,1000,0.049182,0.087927,0.04984,0.079875,0.048522,0.087437
91,100,2,1100,0.050198,0.089696,0.049216,0.079858,0.048422,0.088119
91,100,2,1200,0.049224,0.090031,0.049732,0.079493,0.048249,0.090065
91,100,2,1300,0.048947,0.088616,0.048991,0.079921,0.048146,0.088405
91,100,2,1400,0.048196,0.090848,0.049196,0.079916,0.049346,0.088861
101,100,2,100,0.05879,0.105413,0.058387,0.097731,0.057648,0.104792
101,100,2,200,0.058693,0.107021,0.058439,0.096733,0.058426,0.112347
101,100,2,300,0.058204,0.10683,0.058578,0.102583,0.059024,0.114802
101,100,2,400,0.05956,0.106624,0.059105,0.097539,0.057759,0.106404
101,100,2,500,0.057589,0.106103,0.058995,0.099372,0.057794,0.106261
101,100,2,600,0.058095,0.108407,0.058579,0.097513,0.057467,0.108175
101,100,2,700,0.058619,0.107007,0.058427,0.098713,0.057911,0.106217
101,100,2,800,0.058244,0.10906,0.058606,0.097489,0.057577,0.107975
101,100,2,900,0.059112,0.107851,0.058716,0.097465,0.058199,0.106652
101,100,2,1000,0.058908,0.107645,0.060061,0.09811,0.058525,0.106566
101,100,2,1100,0.058945,0.107576,0.058675,0.096817,0.05874,0.107457
101,100,2,1200,0.058381,0.108474,0.059834,0.097555,0.057661,0.108176
101,100,2,1300,0.059185,0.108566,0.058648,0.097125,0.058548,0.107717
101,100,2,1400,0.057948,0.108341,0.059882,0.099056,0.059858,0.107272
