KCRDKL,1,100,2,500,1,0.008852,0.008062,0.000647
KCUD,1,100,2,500,1,0.004117,0.003865,0.000131
KCRDKL,1,100,2,1000,1,0.005849,0.004288,0.001365
KCUD,1,100,2,1000,1,0.00437,0.00408,0.000142
KCRDKL,1,100,2,1500,1,0.00547,0.003725,0.001563
KCUD,1,100,2,1500,1,0.00394,0.003677,0.000136
KCRDKL,11,100,2,500,1,0.011516,0.006985,0.002852
KCUD,11,100,2,500,1,0.013489,0.008434,0.00193
KCRDKL,11,100,2,1000,1,0.013164,0.007274,0.003627
KCUD,11,100,2,1000,1,0.012149,0.007885,0.001877
KCRDKL,11,100,2,1500,1,0.012885,0.006441,0.004368
KCUD,11,100,2,1500,1,0.012146,0.008231,0.002076
KCRDKL,21,100,2,500,1,0.031116,0.012344,0.009719
KCUD,21,100,2,500,1,0.03117,0.014598,0.008066
KCRDKL,21,100,2,1000,1,0.033168,0.013693,0.010839
KCUD,21,100,2,1000,1,0.030838,0.014861,0.007706
KCRDKL,21,100,2,1500,1,0.032067,0.013415,0.010194
KCUD,21,100,2,1500,1,0.028812,0.014005,0.007617
KCRDKL,31,100,2,500,1,0.064679,0.023698,0.020593
KCUD,31,100,2,500,1,0.062868,0.024625,0.018167
KCRDKL,31,100,2,1000,1,0.066408,0.021464,0.023708
KCUD,31,100,2,1000,1,0.061764,0.024675,0.017395
KCRDKL,31,100,2,1500,1,0.065711,0.023202,0.022441
KCUD,31,100,2,1500,1,0.062294,0.023754,0.01821
KCRDKL,41,100,2,500,1,0.097008,0.032792,0.032931
KCUD,41,100,2,500,1,0.091789,0.032172,0.028632
KCRDKL,41,100,2,1000,1,0.09601,0.031139,0.032712
KCUD,41,100,2,1000,1,0.092157,0.031364,0.029592
KCRDKL,41,100,2,1500,1,0.087468,0.027427,0.031398
KCUD,41,100,2,1500,1,0.052624,0.01914,0.016441
KCRDKL,51,100,2,500,1,0.114132,0.029163,0.040307
KCUD,51,100,2,500,1,0.12512,0.048366,0.037803
KCRDKL,51,100,2,1000,1,0.137087,0.041632,0.047009
KCUD,51,100,2,1000,1,0.132135,0.04388,0.041554
KCRDKL,51,100,2,1500,1,0.15102,0.046513,0.053945
KCUD,51,100,2,1500,1,0.143683,0.046615,0.044517
KCRDKL,61,100,2,500,1,0.199488,0.069314,0.058633
KCUD,61,100,2,500,1,0.194633,0.065112,0.05808
KCRDKL,61,100,2,1000,1,0.096295,0.028241,0.032118
KCUD,61,100,2,1000,1,0.182284,0.056122,0.060211
KCRDKL,61,100,2,1500,1,0.19271,0.05873,0.067725
KCUD,61,100,2,1500,1,0.196618,0.061982,0.062668
KCRDKL,71,100,2,500,1,0.272205,0.075927,0.101802
KCUD,71,100,2,500,1,0.257277,0.078555,0.08089
KCRDKL,71,100,2,1000,1,0.159404,0.050081,0.055352
KCUD,71,100,2,1000,1,0.231835,0.064428,0.080967
KCRDKL,71,100,2,1500,1,0.263121,0.076044,0.092247
KCUD,71,100,2,1500,1,0.257252,0.082495,0.078042
KCRDKL,81,100,2,500,1,0.361395,0.098542,0.137971
KCUD,81,100,2,500,1,0.272532,0.079399,0.075958
KCRDKL,81,100,2,1000,1,0.321472,0.088021,0.110807
KCUD,81,100,2,1000,1,0.326146,0.107341,0.094797
KCRDKL,81,100,2,1500,1,0.340116,0.096714,0.118864
KCUD,81,100,2,1500,1,0.307584,0.089921,0.094631
KCRDKL,91,100,2,500,1,0.410184,0.121323,0.135646
KCUD,91,100,2,500,1,0.406198,0.121759,0.129107
KCRDKL,91,100,2,1000,1,0.417475,0.122229,0.13914
KCUD,91,100,2,1000,1,0.294158,0.09186,0.088967
KCRDKL,91,100,2,1500,1,0.423737,0.121669,0.146871
KCUD,91,100,2,1500,1,0.40622,0.117731,0.132333
KCRDKL,101,100,2,500,1,0.421168,0.102185,0.147176
KCUD,101,100,2,500,1,0.477282,0.145322,0.152847
KCRDKL,101,100,2,1000,1,0.506041,0.146791,0.170218
KCUD,101,100,2,1000,1,0.379389,0.104452,0.126657
KCRDKL,101,100,2,1500,1,0.506896,0.140272,0.177112
KCUD,101,100,2,1500,1,0.490401,0.149864,0.150099
KCRDKL,1,100,2,500,1,0.006968,0.003624,0.003192
KCUD,1,100,2,500,1,0.003973,0.003677,0.000128
KCRDKL,1,100,2,1000,1,0.00391,0.003046,0.000759
KCUD,1,100,2,1000,1,0.003441,0.003174,0.000109
KCRDKL,1,100,2,1500,1,0.004166,0.003184,0.000853
KCUD,1,100,2,1500,1,0.002871,0.002659,0.0001
KCRDKL,11,100,2,500,2,0.012909,0.007669,0.002886
KCUD,11,100,2,500,2,0.014615,0.009486,0.002371
KCRDKL,11,100,2,1000,2,0.014315,0.00765,0.004267
KCUD,11,100,2,1000,2,0.014674,0.010106,0.002172
KCRDKL,11,100,2,1500,2,0.015227,0.007337,0.004661
KCUD,11,100,2,1500,2,0.015002,0.009772,0.002276
KCRDKL,21,100,2,500,3,0.053839,0.02351,0.014009
KCUD,21,100,2,500,2,0.041327,0.019185,0.009203
KCRDKL,21,100,2,1000,3,0.061446,0.024347,0.017318
KCUD,21,100,2,1000,2,0.042466,0.018764,0.010634
KCRDKL,21,100,2,1500,3,0.06329,0.022467,0.020237
KCUD,21,100,2,1500,2,0.043376,0.020767,0.010107
KCRDKL,31,100,2,500,2,0.093907,0.033854,0.029915
KCUD,31,100,2,500,2,0.09194,0.039024,0.022139
KCRDKL,31,100,2,1000,2,0.102873,0.035263,0.027641
KCUD,31,100,2,1000,2,0.09269,0.036367,0.027559
KCRDKL,31,100,2,1500,2,0.095269,0.032768,0.035274
KCUD,31,100,2,1500,2,0.095225,0.037761,0.021352
KCRDKL,41,100,2,500,3,0.219748,0.072337,0.064315
KCUD,41,100,2,500,2,0.086028,0.026197,0.021611
KCRDKL,41,100,2,1000,3,0.220235,0.069235,0.066643
KCUD,41,100,2,1000,2,0.168718,0.053963,0.043148
KCRDKL,41,100,2,1500,3,0.230972,0.075263,0.070286
KCUD,41,100,2,1500,2,0.173555,0.055688,0.044434
KCRDKL,51,100,2,500,2,0.238583,0.073107,0.075745
KCUD,51,100,2,500,2,0.251179,0.077955,0.067248
KCRDKL,51,100,2,1000,2,0.146582,0.047039,0.050711
KCUD,51,100,2,1000,2,0.21725,0.072058,0.056903
KCRDKL,51,100,2,1500,2,0.248266,0.075003,0.079107
KCUD,51,100,2,1500,2,0.251014,0.081481,0.062307
KCRDKL,61,100,2,500,2,0.343202,0.105754,0.108299
KCUD,61,100,2,500,2,0.358681,0.105715,0.09757
KCRDKL,61,100,2,1000,2,0.332492,0.07877,0.107959
KCUD,61,100,2,1000,2,0.321708,0.100548,0.095444
KCRDKL,61,100,2,1500,2,0.340634,0.102284,0.106699
KCUD,61,100,2,1500,2,0.36092,0.106888,0.10974
KCRDKL,71,100,2,500,2,0.354165,0.105701,0.117401
KCUD,71,100,2,500,2,0.413125,0.121791,0.125298
KCRDKL,71,100,2,1000,2,0.471603,0.124337,0.142761
KCUD,71,100,2,1000,2,0.415265,0.122806,0.124389
KCRDKL,71,100,2,1500,2,0.449358,0.122392,0.130842
KCUD,71,100,2,1500,2,0.457398,0.129757,0.127549
KCRDKL,81,100,2,500,2,0.476394,0.126207,0.143794
KCUD,81,100,2,500,2,0.518989,0.147077,0.158403
KCRDKL,81,100,2,1000,2,0.596062,0.161409,0.176035
KCUD,81,100,2,1000,2,0.483281,0.126371,0.128463
KCRDKL,81,100,2,1500,2,0.560896,0.157533,0.177563
KCUD,81,100,2,1500,2,0.581952,0.163196,0.158237
KCRDKL,91,100,2,500,2,0.664768,0.186446,0.231234
KCUD,91,100,2,500,2,0.747198,0.207665,0.203983
KCRDKL,91,100,2,1000,2,0.689263,0.201049,0.200728
KCUD,91,100,2,1000,2,0.688373,0.198755,0.202666
KCRDKL,91,100,2,1500,2,0.643297,0.16287,0.212422
KCUD,91,100,2,1500,2,0.682658,0.201166,0.196818
KCRDKL,101,100,2,500,2,0.727508,0.207354,0.218162
KCUD,101,100,2,500,2,0.894609,0.246589,0.246261
KCRDKL,101,100,2,1000,2,0.887882,0.231228,0.267683
KCUD,101,100,2,1000,2,0.887311,0.257557,0.255697
KCRDKL,101,100,2,1500,2,0.911685,0.25019,0.256176
KCUD,101,100,2,1500,2,0.795436,0.233073,0.216356
KCRDKL,1,100,2,500,1,0.007323,0.003407,0.00374
KCUD,1,100,2,500,1,0.003609,0.003336,0.000115
KCRDKL,1,100,2,1000,1,0.003029,0.002416,0.000486
KCUD,1,100,2,1000,1,0.002701,0.002473,9.7e-05
KCRDKL,1,100,2,1500,1,0.003262,0.002371,0.000778
KCUD,1,100,2,1500,1,0.002366,0.002169,9.5e-05
KCRDKL,11,100,2,500,2,0.013252,0.007613,0.002978
KCUD,11,100,2,500,2,0.014301,0.009606,0.00229
KCRDKL,11,100,2,1000,2,0.01379,0.0076,0.003728
KCUD,11,100,2,1000,2,0.013687,0.008985,0.002229
KCRDKL,11,100,2,1500,2,0.014785,0.007391,0.004697
KCUD,11,100,2,1500,2,0.013971,0.008838,0.002082
KCRDKL,21,100,2,500,2,0.039096,0.016009,0.01071
KCUD,21,100,2,500,2,0.040491,0.019626,0.010603
KCRDKL,21,100,2,1000,2,0.041394,0.017143,0.014077
KCUD,21,100,2,1000,2,0.037792,0.018612,0.008061
KCRDKL,21,100,2,1500,2,0.044475,0.016087,0.012901
KCUD,21,100,2,1500,2,0.042452,0.018333,0.009952
KCRDKL,31,100,2,500,2,0.093083,0.035313,0.026978
KCUD,31,100,2,500,2,0.098226,0.035933,0.023183
KCRDKL,31,100,2,1000,2,0.100668,0.035901,0.027878
KCUD,31,100,2,1000,2,0.088374,0.034035,0.023906
KCRDKL,31,100,2,1500,2,0.092381,0.025242,0.027381
KCUD,31,100,2,1500,2,0.069644,0.024003,0.016702
KCRDKL,41,100,2,500,2,0.106969,0.03262,0.033567
KCUD,41,100,2,500,2,0.147104,0.04481,0.046861
KCRDKL,41,100,2,1000,2,0.172994,0.052396,0.047573
KCUD,41,100,2,1000,2,0.165911,0.054855,0.043339
KCRDKL,41,100,2,1500,2,0.180552,0.055077,0.052768
KCUD,41,100,2,1500,2,0.171129,0.056472,0.043235
KCRDKL,51,100,2,500,2,0.239854,0.073101,0.076055
KCUD,51,100,2,500,2,0.247988,0.074303,0.073384
KCRDKL,51,100,2,1000,2,0.148941,0.048436,0.0437
KCUD,51,100,2,1000,2,0.218765,0.070289,0.062269
KCRDKL,51,100,2,1500,2,0.251212,0.069942,0.075685
KCUD,51,100,2,1500,2,0.251228,0.077348,0.066741
KCRDKL,61,100,2,500,2,0.34022,0.107178,0.103411
KCUD,61,100,2,500,2,0.359683,0.105568,0.098652
KCRDKL,61,100,2,1000,2,0.322875,0.076448,0.098355
KCUD,61,100,2,1000,2,0.351019,0.101455,0.095476
KCRDKL,61,100,2,1500,2,0.364021,0.100835,0.111791
KCUD,61,100,2,1500,2,0.36169,0.11025,0.093567
KCRDKL,71,100,2,500,2,0.338872,0.092324,0.118114
KCUD,71,100,2,500,2,0.404249,0.115928,0.119998
KCRDKL,71,100,2,1000,2,0.431148,0.116442,0.140008
KCUD,71,100,2,1000,2,0.428703,0.115509,0.137908
KCRDKL,71,100,2,1500,2,0.422731,0.118826,0.134675
KCUD,71,100,2,1500,2,0.422703,0.118988,0.126474
KCRDKL,81,100,2,500,2,0.524617,0.155592,0.168693
KCUD,81,100,2,500,2,0.471675,0.132367,0.130203
KCRDKL,81,100,2,1000,2,0.604371,0.162853,0.181394
KCUD,81,100,2,1000,2,0.539319,0.147129,0.137288
KCRDKL,81,100,2,1500,2,0.556832,0.157343,0.193038
KCUD,81,100,2,1500,2,0.549708,0.171147,0.153254
KCRDKL,91,100,2,500,2,0.660241,0.193864,0.205251
KCUD,91,100,2,500,2,0.740692,0.207219,0.196885
KCRDKL,91,100,2,1000,2,0.646082,0.161039,0.194947
KCUD,91,100,2,1000,2,0.733294,0.205446,0.198314
KCRDKL,91,100,2,1500,2,0.618953,0.162527,0.185619
KCUD,91,100,2,1500,2,0.674477,0.207365,0.186279
KCRDKL,101,100,2,500,2,0.715353,0.213289,0.242859
KCUD,101,100,2,500,2,0.886636,0.24106,0.239973
KCRDKL,101,100,2,1000,2,0.854877,0.231004,0.254106
KCUD,101,100,2,1000,2,0.89359,0.244217,0.242259
KCRDKL,101,100,2,1500,2,0.89754,0.250139,0.262128
KCUD,101,100,2,1500,2,0.877027,0.25008,0.223846
KCRDKL,1,100,2,500,1,0.012572,0.008404,0.003999
KCUD,1,100,2,500,1,0.004719,0.004448,0.000123
KCRDKL,1,100,2,1000,1,0.004444,0.003689,0.000632
KCUD,1,100,2,1000,1,0.003715,0.003461,0.00013
KCRDKL,1,100,2,1500,1,0.003516,0.002776,0.000618
KCUD,1,100,2,1500,1,0.00335,0.003147,0.000102
KCRDKL,11,100,2,500,1,0.009222,0.00554,0.001974
KCUD,11,100,2,500,1,0.008432,0.005733,0.001236
KCRDKL,11,100,2,1000,1,0.008554,0.004939,0.002399
KCUD,11,100,2,1000,1,0.011967,0.008645,0.001398
KCRDKL,11,100,2,1500,1,0.010334,0.005479,0.003004
KCUD,11,100,2,1500,1,0.008672,0.005732,0.001361
KCRDKL,21,100,2,500,1,0.024062,0.01025,0.008518
KCUD,21,100,2,500,1,0.022732,0.01163,0.005917
KCRDKL,21,100,2,1000,1,0.02411,0.010546,0.008316
KCUD,21,100,2,1000,1,0.026057,0.011515,0.005508
KCRDKL,21,100,2,1500,1,0.025654,0.011149,0.009067
KCUD,21,100,2,1500,1,0.026374,0.011516,0.005906
KCRDKL,31,100,2,500,1,0.052335,0.020319,0.016366
KCUD,31,100,2,500,1,0.060859,0.021975,0.016042
KCRDKL,31,100,2,1000,1,0.051856,0.019483,0.017606
KCUD,31,100,2,1000,1,0.051264,0.021029,0.016574
KCRDKL,31,100,2,1500,1,0.053864,0.019279,0.019309
KCUD,31,100,2,1500,1,0.050983,0.02061,0.016035
KCRDKL,41,100,2,500,1,0.09371,0.030599,0.032865
KCUD,41,100,2,500,1,0.089425,0.031649,0.028638
KCRDKL,41,100,2,1000,1,0.090538,0.031141,0.031994
KCUD,41,100,2,1000,1,0.077293,0.028426,0.020926
KCRDKL,41,100,2,1500,1,0.043144,0.012774,0.01766
KCUD,41,100,2,1500,1,0.081657,0.026641,0.027501
KCRDKL,51,100,2,500,1,0.139567,0.047949,0.04523
KCUD,51,100,2,500,1,0.129834,0.042248,0.04374
KCRDKL,51,100,2,1000,1,0.13732,0.047666,0.044089
KCUD,51,100,2,1000,1,0.135998,0.047818,0.044413
KCRDKL,51,100,2,1500,1,0.141178,0.048124,0.046069
KCUD,51,100,2,1500,1,0.136274,0.046882,0.043637
KCRDKL,61,100,2,500,1,0.19581,0.064217,0.065802
KCUD,61,100,2,500,1,0.188995,0.061174,0.062219
KCRDKL,61,100,2,1000,1,0.133005,0.048166,0.044817
KCUD,61,100,2,1000,1,0.17835,0.067558,0.056835
KCRDKL,61,100,2,1500,1,0.188425,0.058521,0.068004
KCUD,61,100,2,1500,1,0.190891,0.066134,0.061437
KCRDKL,71,100,2,500,1,0.25138,0.074224,0.089533
KCUD,71,100,2,500,1,0.274974,0.07679,0.083263
KCRDKL,71,100,2,1000,1,0.178027,0.042576,0.063612
KCUD,71,100,2,1000,1,0.216434,0.061867,0.080942
KCRDKL,71,100,2,1500,1,0.275549,0.074259,0.091775
KCUD,71,100,2,1500,1,0.276415,0.077302,0.084226
KCRDKL,81,100,2,500,1,0.331588,0.096957,0.115977
KCUD,81,100,2,500,1,0.302928,0.092426,0.092458
KCRDKL,81,100,2,1000,1,0.320151,0.101184,0.110338
KCUD,81,100,2,1000,1,0.309606,0.094762,0.099952
KCRDKL,81,100,2,1500,1,0.327685,0.09911,0.111854
KCUD,81,100,2,1500,1,0.317257,0.096089,0.104186
KCRDKL,91,100,2,500,1,0.391777,0.111495,0.126643
KCUD,91,100,2,500,1,0.398077,0.120201,0.128353
KCRDKL,91,100,2,1000,1,0.421754,0.123295,0.144606
KCUD,91,100,2,1000,1,0.294755,0.078082,0.101492
KCRDKL,91,100,2,1500,1,0.411565,0.118551,0.142809
KCUD,91,100,2,1500,1,0.404932,0.118805,0.132012
KCRDKL,101,100,2,500,1,0.396254,0.110667,0.164231
KCUD,101,100,2,500,1,0.501337,0.144504,0.176848
KCRDKL,101,100,2,1000,1,0.510884,0.147088,0.187619
KCUD,101,100,2,1000,1,0.379595,0.093536,0.138314
KCRDKL,101,100,2,1500,1,0.513382,0.147979,0.176863
KCUD,101,100,2,1500,1,0.521703,0.146277,0.186923
KCRDKL,1,100,2,500,1,0.004448,0.003844,0.000444
KCUD,1,100,2,500,1,0.003014,0.002798,0.000102
KCRDKL,1,100,2,1000,1,0.003238,0.002577,0.000538
KCUD,1,100,2,1000,1,0.003265,0.003025,0.000105
KCRDKL,1,100,2,1500,1,0.003349,0.002433,0.000807
KCUD,1,100,2,1500,1,0.002483,0.002278,9.6e-05
KCRDKL,11,100,2,500,2,0.013583,0.007747,0.003311
KCUD,11,100,2,500,2,0.014304,0.008995,0.002124
KCRDKL,11,100,2,1000,2,0.014259,0.007769,0.003743
KCUD,11,100,2,1000,2,0.013703,0.008558,0.002168
KCRDKL,11,100,2,1500,2,0.011721,0.005841,0.003717
KCUD,11,100,2,1500,2,0.010593,0.006614,0.001777
KCRDKL,21,100,2,500,2,0.03063,0.011114,0.009061
KCUD,21,100,2,500,2,0.038782,0.016899,0.00971
KCRDKL,21,100,2,1000,2,0.039822,0.016097,0.012434
KCUD,21,100,2,1000,2,0.038186,0.015592,0.008955
KCRDKL,21,100,2,1500,2,0.040892,0.016112,0.012926
KCUD,21,100,2,1500,2,0.039905,0.019189,0.009384
KCRDKL,31,100,2,500,2,0.086465,0.026353,0.027551
KCUD,31,100,2,500,2,0.085803,0.033352,0.022973
KCRDKL,31,100,2,1000,2,0.101543,0.032664,0.030949
KCUD,31,100,2,1000,2,0.098267,0.034899,0.02357
KCRDKL,31,100,2,1500,2,0.093314,0.033947,0.029792
KCUD,31,100,2,1500,2,0.09451,0.032867,0.026378
KCRDKL,41,100,2,500,2,0.183629,0.060249,0.058717
KCUD,41,100,2,500,2,0.189295,0.063097,0.060264
KCRDKL,41,100,2,1000,2,0.143902,0.046035,0.048006
KCUD,41,100,2,1000,2,0.096039,0.032368,0.034486
KCRDKL,41,100,2,1500,2,0.153741,0.042971,0.049092
KCUD,41,100,2,1500,2,0.162407,0.043205,0.042237
KCRDKL,51,100,2,500,2,0.241253,0.073578,0.076479
KCUD,51,100,2,500,2,0.232225,0.074207,0.067409
KCRDKL,51,100,2,1000,2,0.256566,0.076687,0.074708
KCUD,51,100,2,1000,2,0.229945,0.075584,0.064644
KCRDKL,51,100,2,1500,2,0.151314,0.044308,0.052006
KCUD,51,100,2,1500,2,0.156397,0.043526,0.051879
KCRDKL,61,100,2,500,2,0.337352,0.093377,0.113398
KCUD,61,100,2,500,2,0.328347,0.106241,0.087421
KCRDKL,61,100,2,1000,2,0.337422,0.10265,0.107145
KCUD,61,100,2,1000,2,0.267845,0.076866,0.075657
KCRDKL,61,100,2,1500,2,0.350645,0.097304,0.101981
KCUD,61,100,2,1500,2,0.32493,0.107613,0.0906
KCRDKL,71,100,2,500,2,0.43406,0.13199,0.131145
KCUD,71,100,2,500,2,0.371544,0.097852,0.102167
KCRDKL,71,100,2,1000,2,0.460256,0.125327,0.143816
KCUD,71,100,2,1000,2,0.424839,0.135151,0.117847
KCRDKL,71,100,2,1500,2,0.39419,0.109306,0.11725
KCUD,71,100,2,1500,2,0.377511,0.103245,0.120551
KCRDKL,81,100,2,500,2,0.561262,0.157888,0.179017
KCUD,81,100,2,500,2,0.58792,0.161926,0.164725
KCRDKL,81,100,2,1000,2,0.577711,0.160932,0.195995
KCUD,81,100,2,1000,2,0.607041,0.163082,0.182503
KCRDKL,81,100,2,1500,2,0.462436,0.120035,0.1398
KCUD,81,100,2,1500,2,0.559554,0.157337,0.163159
KCRDKL,91,100,2,500,2,0.70367,0.207479,0.205412
KCUD,91,100,2,500,2,0.603858,0.165341,0.159808
KCRDKL,91,100,2,1000,2,0.762625,0.205294,0.224095
KCUD,91,100,2,1000,2,0.550615,0.181881,0.171666
KCRDKL,91,100,2,1500,2,0.759918,0.204189,0.22114
KCUD,91,100,2,1500,2,0.591783,0.147135,0.161965
KCRDKL,101,100,2,500,2,0.855199,0.24823,0.258637
KCUD,101,100,2,500,2,0.68544,0.204853,0.224887
KCRDKL,101,100,2,1000,2,0.761784,0.195364,0.223646
KCUD,101,100,2,1000,2,0.836248,0.226513,0.233839
KCRDKL,101,100,2,1500,2,0.716981,0.176733,0.223001
KCUD,101,100,2,1500,2,0.865962,0.252003,0.230167
KCRDKL,1,100,2,500,2,0.004985,0.004589,0.000257
KCUD,1,100,2,500,2,0.004635,0.00435,0.000145
KCRDKL,1,100,2,1000,2,0.004608,0.004234,0.000229
KCUD,1,100,2,1000,2,0.004579,0.004298,0.000143
KCRDKL,1,100,2,1500,2,0.00464,0.004235,0.000242
KCUD,1,100,2,1500,2,0.004522,0.004231,0.000143
KCRDKL,11,100,2,500,1,0.007355,0.004262,0.002038
KCUD,11,100,2,500,1,0.006844,0.004594,0.0012
KCRDKL,11,100,2,1000,1,0.008257,0.004378,0.002835
KCUD,11,100,2,1000,1,0.008756,0.005998,0.001481
KCRDKL,11,100,2,1500,1,0.011871,0.006174,0.004233
KCUD,11,100,2,1500,1,0.009002,0.006076,0.001492
KCRDKL,21,100,2,500,1,0.021571,0.009377,0.006493
KCUD,21,100,2,500,1,0.024666,0.01062,0.005613
KCRDKL,21,100,2,1000,1,0.023377,0.010151,0.007327
KCUD,21,100,2,1000,1,0.014921,0.007554,0.004008
KCRDKL,21,100,2,1500,1,0.029442,0.010907,0.009033
KCUD,21,100,2,1500,1,0.023206,0.011539,0.005954
KCRDKL,31,100,2,500,1,0.048342,0.018255,0.016335
KCUD,31,100,2,500,1,0.047831,0.018442,0.014839
KCRDKL,31,100,2,1000,1,0.062369,0.02003,0.018583
KCUD,31,100,2,1000,1,0.055565,0.019101,0.014282
KCRDKL,31,100,2,1500,1,0.06102,0.020217,0.017592
KCUD,31,100,2,1500,1,0.059915,0.021285,0.013536
KCRDKL,41,100,2,500,1,0.099255,0.033056,0.037101
KCUD,41,100,2,500,1,0.091612,0.033225,0.029433
KCRDKL,41,100,2,1000,1,0.108498,0.032712,0.031967
KCUD,41,100,2,1000,1,0.102255,0.03348,0.028222
KCRDKL,41,100,2,1500,1,0.109849,0.034753,0.032572
KCUD,41,100,2,1500,1,0.090283,0.033719,0.027407
KCRDKL,51,100,2,500,1,0.138442,0.044884,0.048114
KCUD,51,100,2,500,1,0.125292,0.042538,0.042667
KCRDKL,51,100,2,1000,1,0.097583,0.038532,0.027455
KCUD,51,100,2,1000,1,0.11378,0.03656,0.035919
KCRDKL,51,100,2,1500,1,0.163391,0.04363,0.057434
KCUD,51,100,2,1500,1,0.125136,0.041353,0.040286
KCRDKL,61,100,2,500,1,0.198193,0.060988,0.071409
KCUD,61,100,2,500,1,0.215938,0.063782,0.060609
KCRDKL,61,100,2,1000,1,0.227358,0.064076,0.071947
KCUD,61,100,2,1000,1,0.219447,0.062628,0.062873
KCRDKL,61,100,2,1500,1,0.135549,0.046979,0.049384
KCUD,61,100,2,1500,1,0.194704,0.065291,0.060376
KCRDKL,71,100,2,500,1,0.243549,0.073383,0.091066
KCUD,71,100,2,500,1,0.247627,0.077454,0.082549
KCRDKL,71,100,2,1000,1,0.28366,0.078406,0.091867
KCUD,71,100,2,1000,1,0.276082,0.077792,0.08376
KCRDKL,71,100,2,1500,1,0.218575,0.055832,0.088608
KCUD,71,100,2,1500,1,0.237286,0.079205,0.0753
KCRDKL,81,100,2,500,1,0.325154,0.101196,0.115614
KCUD,81,100,2,500,1,0.316013,0.098603,0.105242
KCRDKL,81,100,2,1000,1,0.290242,0.095257,0.088854
KCUD,81,100,2,1000,1,0.254729,0.075458,0.081003
KCRDKL,81,100,2,1500,1,0.324847,0.09788,0.112557
KCUD,81,100,2,1500,1,0.315602,0.100007,0.100632
KCRDKL,91,100,2,500,1,0.400022,0.11483,0.13338
KCUD,91,100,2,500,1,0.321733,0.085598,0.102149
KCRDKL,91,100,2,1000,1,0.434954,0.120658,0.162632
KCUD,91,100,2,1000,1,0.40021,0.122091,0.128858
KCRDKL,91,100,2,1500,1,0.334785,0.084092,0.115246
KCUD,91,100,2,1500,1,0.383793,0.113667,0.125967
KCRDKL,101,100,2,500,1,0.504942,0.142896,0.173438
KCUD,101,100,2,500,1,0.381641,0.094489,0.117942
KCRDKL,101,100,2,1000,1,0.505784,0.143536,0.174542
KCUD,101,100,2,1000,1,0.485546,0.143037,0.154548
KCRDKL,101,100,2,1500,1,0.469414,0.128505,0.168931
KCUD,101,100,2,1500,1,0.483988,0.142255,0.153977
KCRDKL,1,100,2,500,1,0.004712,0.003789,0.000738
KCUD,1,100,2,500,1,0.004226,0.00396,0.000124
KCRDKL,1,100,2,1000,1,0.003675,0.002701,0.000815
KCUD,1,100,2,1000,1,0.004084,0.00379,0.000134
KCRDKL,1,100,2,1500,1,0.004027,0.002667,0.00123
KCUD,1,100,2,1500,1,0.003965,0.003709,0.000109
KCRDKL,11,100,2,500,1,0.007913,0.00477,0.001911
KCUD,11,100,2,500,1,0.007815,0.005157,0.001465
KCRDKL,11,100,2,1000,1,0.008634,0.004536,0.002813
KCUD,11,100,2,1000,1,0.008904,0.005527,0.00137
KCRDKL,11,100,2,1500,1,0.009158,0.004429,0.003233
KCUD,11,100,2,1500,1,0.008754,0.005713,0.001412
KCRDKL,21,100,2,500,1,0.023755,0.011356,0.006113
KCUD,21,100,2,500,1,0.022459,0.010467,0.00542
KCRDKL,21,100,2,1000,1,0.026123,0.009721,0.007797
KCUD,21,100,2,1000,1,0.021692,0.009344,0.006126
KCRDKL,21,100,2,1500,1,0.023512,0.01018,0.007648
KCUD,21,100,2,1500,1,0.018804,0.008631,0.005594
KCRDKL,31,100,2,500,1,0.041701,0.01535,0.013357
KCUD,31,100,2,500,1,0.024681,0.0091,0.007688
KCRDKL,31,100,2,1000,1,0.023227,0.007965,0.008317
KCUD,31,100,2,1000,1,0.037549,0.016093,0.011543
KCRDKL,31,100,2,1500,1,0.049788,0.018248,0.01624
KCUD,31,100,2,1500,1,0.047777,0.014803,0.011838
KCRDKL,41,100,2,500,1,0.088371,0.030185,0.032381
KCUD,41,100,2,500,1,0.087607,0.0335,0.026136
KCRDKL,41,100,2,1000,1,0.10093,0.029555,0.03043
KCUD,41,100,2,1000,1,0.087963,0.030229,0.028261
KCRDKL,41,100,2,1500,1,0.093578,0.0324,0.032959
KCUD,41,100,2,1500,1,0.090181,0.033285,0.028179
KCRDKL,51,100,2,500,1,0.134977,0.044395,0.047901
KCUD,51,100,2,500,1,0.149629,0.045338,0.042454
KCRDKL,51,100,2,1000,1,0.154242,0.045067,0.04607
KCUD,51,100,2,1000,1,0.133757,0.045479,0.044489
KCRDKL,51,100,2,1500,1,0.061827,0.018482,0.022728
KCUD,51,100,2,1500,1,0.115336,0.032601,0.035459
KCRDKL,61,100,2,500,1,0.190274,0.065686,0.067356
KCUD,61,100,2,500,1,0.180234,0.061322,0.060031
KCRDKL,61,100,2,1000,1,0.197044,0.061584,0.069006
KCUD,61,100,2,1000,1,0.188498,0.061991,0.061791
KCRDKL,61,100,2,1500,1,0.198936,0.061256,0.071715
KCUD,61,100,2,1500,1,0.190484,0.063057,0.06295
KCRDKL,71,100,2,500,1,0.208894,0.057468,0.078482
KCUD,71,100,2,500,1,0.238791,0.074411,0.084956
KCRDKL,71,100,2,1000,1,0.257226,0.077499,0.091746
KCUD,71,100,2,1000,1,0.24399,0.076707,0.08128
KCRDKL,71,100,2,1500,1,0.254194,0.080008,0.086404
KCUD,71,100,2,1500,1,0.222017,0.07518,0.06708
KCRDKL,81,100,2,500,1,0.305801,0.077631,0.11544
KCUD,81,100,2,500,1,0.30671,0.095719,0.102749
KCRDKL,81,100,2,1000,1,0.325721,0.093775,0.116666
KCUD,81,100,2,1000,1,0.318597,0.098186,0.105557
KCRDKL,81,100,2,1500,1,0.296967,0.089326,0.109364
KCUD,81,100,2,1500,1,0.301254,0.098523,0.091889
KCRDKL,91,100,2,500,1,0.411432,0.122414,0.140818
KCUD,91,100,2,500,1,0.400325,0.120999,0.129932
KCRDKL,91,100,2,1000,2,0.668562,0.180521,0.237039
KCUD,91,100,2,1000,1,0.447517,0.122103,0.127755
KCRDKL,91,100,2,1500,1,0.35743,0.113448,0.104089
KCUD,91,100,2,1500,1,0.368231,0.102109,0.119597
KCRDKL,101,100,2,500,1,0.501678,0.143299,0.168482
KCUD,101,100,2,500,1,0.488848,0.145377,0.15595
KCRDKL,101,100,2,1000,1,0.488347,0.140526,0.160904
KCUD,101,100,2,1000,1,0.487699,0.146488,0.153074
KCRDKL,101,100,2,1500,1,0.392649,0.109379,0.159569
KCUD,101,100,2,1500,1,0.473152,0.145234,0.146818
KCRDKL,1,100,2,500,1,0.004589,0.003964,0.000439
KCUD,1,100,2,500,1,0.0034,0.003147,0.00012
KCRDKL,1,100,2,1000,1,0.003206,0.002594,0.000484
KCUD,1,100,2,1000,1,0.002848,0.002599,9.5e-05
KCRDKL,1,100,2,1500,1,0.003005,0.002527,0.00038
KCUD,1,100,2,1500,1,0.002624,0.00241,9.4e-05
KCRDKL,11,100,2,500,2,0.014914,0.009203,0.003157
KCUD,11,100,2,500,2,0.015798,0.01101,0.002088
KCRDKL,11,100,2,1000,2,0.01577,0.008641,0.003979
KCUD,11,100,2,1000,2,0.015626,0.010885,0.002192
KCRDKL,11,100,2,1500,2,0.017008,0.009056,0.004551
KCUD,11,100,2,1500,2,0.016034,0.010682,0.002136
KCRDKL,21,100,2,500,2,0.041721,0.016493,0.011871
KCUD,21,100,2,500,2,0.041407,0.017904,0.00989
KCRDKL,21,100,2,1000,2,0.04334,0.019044,0.012797
KCUD,21,100,2,1000,2,0.043094,0.018119,0.009786
KCRDKL,21,100,2,1500,2,0.047168,0.017058,0.014424
KCUD,21,100,2,1500,2,0.041216,0.020468,0.009857
KCRDKL,31,100,2,500,2,0.089836,0.029428,0.027405
KCUD,31,100,2,500,2,0.088513,0.033362,0.020293
KCRDKL,31,100,2,1000,2,0.040698,0.013551,0.012713
KCUD,31,100,2,1000,2,0.05925,0.023988,0.016722
KCRDKL,31,100,2,1500,2,0.078533,0.026563,0.022641
KCUD,31,100,2,1500,2,0.100965,0.036724,0.02503
KCRDKL,41,100,2,500,2,0.156722,0.051209,0.048857
KCUD,41,100,2,500,2,0.166512,0.055155,0.043576
KCRDKL,41,100,2,1000,2,0.175474,0.054886,0.049526
KCUD,41,100,2,1000,2,0.171565,0.057748,0.041116
KCRDKL,41,100,2,1500,2,0.177935,0.056856,0.048097
KCUD,41,100,2,1500,2,0.171211,0.05735,0.043076
KCRDKL,51,100,2,500,2,0.175071,0.056655,0.056313
KCUD,51,100,2,500,2,0.158607,0.043504,0.04802
KCRDKL,51,100,2,1000,2,0.244882,0.071598,0.073816
KCUD,51,100,2,1000,2,0.229462,0.078307,0.065254
KCRDKL,51,100,2,1500,2,0.253824,0.07598,0.076711
KCUD,51,100,2,1500,2,0.248042,0.077598,0.065716
KCRDKL,61,100,2,500,2,0.274228,0.080464,0.080651
KCUD,61,100,2,500,2,0.27253,0.08217,0.07431
KCRDKL,61,100,2,1000,2,0.364735,0.103159,0.108863
KCUD,61,100,2,1000,2,0.356136,0.109463,0.091371
KCRDKL,61,100,2,1500,2,0.365081,0.096689,0.104724
KCUD,61,100,2,1500,2,0.226688,0.07691,0.064503
KCRDKL,71,100,2,500,2,0.426502,0.124529,0.137203
KCUD,71,100,2,500,2,0.454274,0.125857,0.127089
KCRDKL,71,100,2,1000,2,0.378862,0.099459,0.122344
KCUD,71,100,2,1000,2,0.393601,0.120076,0.108255
KCRDKL,71,100,2,1500,2,0.47116,0.128022,0.141411
KCUD,71,100,2,1500,2,0.455102,0.127664,0.12995
KCRDKL,81,100,2,500,2,0.492835,0.131402,0.159793
KCUD,81,100,2,500,2,0.573804,0.161474,0.160188
KCRDKL,81,100,2,1000,2,0.531271,0.133453,0.147156
KCUD,81,100,2,1000,2,0.510153,0.132792,0.159492
KCRDKL,81,100,2,1500,2,0.597424,0.160945,0.199043
KCUD,81,100,2,1500,2,0.506619,0.135045,0.127701
KCRDKL,91,100,2,500,2,0.700668,0.199272,0.218795
KCUD,91,100,2,500,2,0.734822,0.204046,0.201506
KCRDKL,91,100,2,1000,2,0.743523,0.206571,0.21044
KCUD,91,100,2,1000,2,0.737107,0.200981,0.204073
KCRDKL,91,100,2,1500,2,0.694378,0.197721,0.219978
KCUD,91,100,2,1500,2,0.682632,0.202355,0.199028
KCRDKL,101,100,2,500,2,0.838438,0.241552,0.249319
KCUD,101,100,2,500,2,0.899696,0.247252,0.241043
KCRDKL,101,100,2,1000,2,0.913467,0.250047,0.29031
KCUD,101,100,2,1000,2,0.762478,0.193937,0.220811
KCRDKL,101,100,2,1500,2,0.912663,0.253059,0.257687
KCUD,101,100,2,1500,2,0.740847,0.200574,0.224463
KCRDKL,1,100,2,500,2,0.010544,0.009767,0.000493
KCUD,1,100,2,500,2,0.012213,0.011742,0.000227
KCRDKL,1,100,2,1000,2,0.006075,0.005493,0.000324
KCUD,1,100,2,1000,2,0.006352,0.005896,0.00021
KCRDKL,1,100,2,1500,2,0.006266,0.005646,0.000363
KCUD,1,100,2,1500,2,0.005609,0.005284,0.000146
KCRDKL,11,100,2,500,1,0.009202,0.00541,0.002403
KCUD,11,100,2,500,1,0.00992,0.006755,0.001453
KCRDKL,11,100,2,1000,1,0.009755,0.005399,0.003142
KCUD,11,100,2,1000,1,0.009238,0.005791,0.001458
KCRDKL,11,100,2,1500,1,0.011971,0.005722,0.004421
KCUD,11,100,2,1500,1,0.010232,0.006831,0.001392
KCRDKL,21,100,2,500,1,0.023089,0.009903,0.007728
KCUD,21,100,2,500,1,0.022248,0.010323,0.005729
KCRDKL,21,100,2,1000,1,0.026278,0.011296,0.009066
KCUD,21,100,2,1000,1,0.022329,0.011036,0.00608
KCRDKL,21,100,2,1500,1,0.028295,0.011123,0.008729
KCUD,21,100,2,1500,1,0.027825,0.01161,0.005983
KCRDKL,31,100,2,500,1,0.052173,0.021253,0.016907
KCUD,31,100,2,500,1,0.059535,0.021192,0.013857
KCRDKL,31,100,2,1000,1,0.061476,0.019913,0.018655
KCUD,31,100,2,1000,1,0.050479,0.022565,0.013958
KCRDKL,31,100,2,1500,1,0.026855,0.008722,0.009615
KCUD,31,100,2,1500,1,0.025435,0.009271,0.007739
KCRDKL,41,100,2,500,1,0.084124,0.029587,0.030332
KCUD,41,100,2,500,1,0.083793,0.022147,0.021803
KCRDKL,41,100,2,1000,1,0.101819,0.032276,0.03064
KCUD,41,100,2,1000,1,0.088495,0.032497,0.027904
KCRDKL,41,100,2,1500,1,0.105506,0.032247,0.032689
KCUD,41,100,2,1500,1,0.105906,0.032611,0.029154
KCRDKL,51,100,2,500,1,0.139387,0.044849,0.049655
KCUD,51,100,2,500,1,0.149275,0.045244,0.042091
KCRDKL,51,100,2,1000,1,0.142128,0.046143,0.050576
KCUD,51,100,2,1000,1,0.135218,0.04491,0.043114
KCRDKL,51,100,2,1500,1,0.135658,0.043278,0.047667
KCUD,51,100,2,1500,1,0.088814,0.029092,0.031227
KCRDKL,61,100,2,500,1,0.170588,0.051977,0.058511
KCUD,61,100,2,500,1,0.210267,0.066435,0.061362
KCRDKL,61,100,2,1000,1,0.224928,0.063981,0.070704
KCUD,61,100,2,1000,1,0.218094,0.062825,0.061931
KCRDKL,61,100,2,1500,1,0.22683,0.061905,0.071382
KCUD,61,100,2,1500,1,0.191279,0.063505,0.062295
KCRDKL,71,100,2,500,1,0.150814,0.051456,0.055129
KCUD,71,100,2,500,1,0.222643,0.064161,0.07812
KCRDKL,71,100,2,1000,1,0.249839,0.083116,0.083794
KCUD,71,100,2,1000,1,0.247579,0.078294,0.083609
KCRDKL,71,100,2,1500,1,0.260038,0.076205,0.096491
KCUD,71,100,2,1500,1,0.246764,0.079394,0.081768
KCRDKL,81,100,2,500,1,0.272608,0.07046,0.105755
KCUD,81,100,2,500,1,0.303409,0.090599,0.098929
KCRDKL,81,100,2,1000,1,0.325024,0.093337,0.117825
KCUD,81,100,2,1000,1,0.317691,0.098246,0.104817
KCRDKL,81,100,2,1500,1,0.23022,0.074299,0.08815
KCUD,81,100,2,1500,1,0.304639,0.095898,0.103712
KCRDKL,91,100,2,500,1,0.441154,0.122422,0.166477
KCUD,91,100,2,500,1,0.403359,0.122971,0.128908
KCRDKL,91,100,2,1000,1,0.384524,0.121225,0.129377
KCUD,91,100,2,1000,1,0.390455,0.120696,0.126177
KCRDKL,91,100,2,1500,1,0.416409,0.126228,0.139381
KCUD,91,100,2,1500,1,0.328748,0.088217,0.098084
KCRDKL,101,100,2,500,1,0.495861,0.143585,0.169198
KCUD,101,100,2,500,1,0.491995,0.148629,0.158469
KCRDKL,101,100,2,1000,1,0.418777,0.104175,0.148198
KCUD,101,100,2,1000,1,0.47192,0.152799,0.13797
KCRDKL,101,100,2,1500,1,0.502692,0.143026,0.169613
KCUD,101,100,2,1500,1,0.38942,0.102821,0.130385
KCRDKL,1,100,2,500,2,0.007117,0.006448,0.000377
KCUD,1,100,2,500,2,0.005561,0.00515,0.00017
KCRDKL,1,100,2,1000,2,0.004936,0.004487,0.000241
KCUD,1,100,2,1000,2,0.004814,0.004454,0.000148
KCRDKL,1,100,2,1500,2,0.005545,0.005066,0.000263
KCUD,1,100,2,1500,2,0.005487,0.005077,0.000166
KCRDKL,11,100,2,500,1,0.010614,0.006765,0.002359
KCUD,11,100,2,500,1,0.009102,0.006281,0.001438
KCRDKL,11,100,2,1000,1,0.010207,0.005981,0.003142
KCUD,11,100,2,1000,1,0.009064,0.006279,0.001384
KCRDKL,11,100,2,1500,1,0.012095,0.006094,0.004153
KCUD,11,100,2,1500,1,0.009039,0.005922,0.001306
KCRDKL,21,100,2,500,1,0.024445,0.011109,0.007299
KCUD,21,100,2,500,1,0.024089,0.011017,0.006072
KCRDKL,21,100,2,1000,1,0.024789,0.010841,0.008197
KCUD,21,100,2,1000,1,0.023611,0.011382,0.006843
KCRDKL,21,100,2,1500,1,0.026355,0.011113,0.009674
KCUD,21,100,2,1500,1,0.023366,0.011146,0.007103
KCRDKL,31,100,2,500,1,0.052291,0.019093,0.018099
KCUD,31,100,2,500,1,0.059112,0.021676,0.014235
KCRDKL,31,100,2,1000,1,0.063926,0.020565,0.018234
KCUD,31,100,2,1000,1,0.050654,0.021169,0.014042
KCRDKL,31,100,2,1500,1,0.056125,0.020906,0.020447
KCUD,31,100,2,1500,1,0.04989,0.020663,0.015241
KCRDKL,41,100,2,500,1,0.094009,0.033878,0.032296
KCUD,41,100,2,500,1,0.08131,0.030356,0.026724
KCRDKL,41,100,2,1000,1,0.040762,0.012911,0.015266
KCUD,41,100,2,1000,1,0.073121,0.025651,0.021124
KCRDKL,41,100,2,1500,1,0.083845,0.031699,0.027465
KCUD,41,100,2,1500,1,0.083937,0.031966,0.025286
KCRDKL,51,100,2,500,1,0.130592,0.042788,0.04619
KCUD,51,100,2,500,1,0.146243,0.044373,0.043187
KCRDKL,51,100,2,1000,1,0.15554,0.04506,0.048025
KCUD,51,100,2,1000,1,0.150857,0.045319,0.044799
KCRDKL,51,100,2,1500,1,0.156648,0.043496,0.052362
KCUD,51,100,2,1500,1,0.150818,0.045184,0.043166
KCRDKL,61,100,2,500,1,0.188074,0.059536,0.064495
KCUD,61,100,2,500,1,0.087977,0.027624,0.030742
KCRDKL,61,100,2,1000,1,0.195288,0.059868,0.069808
KCUD,61,100,2,1000,1,0.183481,0.058893,0.061076
KCRDKL,61,100,2,1500,1,0.203098,0.064403,0.073684
KCUD,61,100,2,1500,1,0.190963,0.062934,0.061461
KCRDKL,71,100,2,500,1,0.256269,0.082506,0.083844
KCUD,71,100,2,500,1,0.272171,0.077003,0.079948
KCRDKL,71,100,2,1000,1,0.23376,0.074212,0.090564
KCUD,71,100,2,1000,1,0.238321,0.074599,0.078856
KCRDKL,71,100,2,1500,1,0.259801,0.077688,0.095613
KCUD,71,100,2,1500,1,0.24547,0.079318,0.079081
KCRDKL,81,100,2,500,1,0.319891,0.100123,0.104124
KCUD,81,100,2,500,1,0.223086,0.074784,0.080396
KCRDKL,81,100,2,1000,1,0.318664,0.096453,0.112197
KCUD,81,100,2,1000,1,0.318586,0.100006,0.104881
KCRDKL,81,100,2,1500,1,0.330732,0.097303,0.11829
KCUD,81,100,2,1500,1,0.206013,0.058045,0.081447
KCRDKL,91,100,2,500,1,0.403742,0.119231,0.142851
KCUD,91,100,2,500,1,0.400524,0.123685,0.12536
KCRDKL,91,100,2,1000,1,0.357872,0.113136,0.103532
KCUD,91,100,2,1000,1,0.35971,0.113328,0.124212
KCRDKL,91,100,2,1500,1,0.438309,0.121166,0.164352
KCUD,91,100,2,1500,1,0.403397,0.121356,0.1303
KCRDKL,101,100,2,500,1,0.458104,0.135968,0.149484
KCUD,101,100,2,500,1,0.479898,0.14063,0.153021
KCRDKL,101,100,2,1000,1,0.482035,0.137799,0.156049
KCUD,101,100,2,1000,1,0.418012,0.124025,0.137756
KCRDKL,101,100,2,1500,1,0.505756,0.143696,0.186201
KCUD,101,100,2,1500,1,0.484582,0.145642,0.151207
KCRDKL,1,100,2,500,2,0.007436,0.00621,0.000955
KCUD,1,100,2,500,2,0.005625,0.005216,0.000181
KCRDKL,1,100,2,1000,2,0.00645,0.004965,0.001249
KCUD,1,100,2,1000,2,0.005583,0.005178,0.000172
KCRDKL,1,100,2,1500,2,0.006878,0.00501,0.001661
KCUD,1,100,2,1500,2,0.005265,0.004873,0.000161
KCRDKL,11,100,2,500,1,0.009313,0.005945,0.001809
KCUD,11,100,2,500,1,0.008525,0.005763,0.00141
KCRDKL,11,100,2,1000,1,0.009294,0.005734,0.002272
KCUD,11,100,2,1000,1,0.008642,0.005751,0.001296
KCRDKL,11,100,2,1500,1,0.009854,0.005441,0.002542
KCUD,11,100,2,1500,1,0.008849,0.005965,0.001411
KCRDKL,21,100,2,500,1,0.022543,0.009628,0.007259
KCUD,21,100,2,500,1,0.021915,0.010901,0.005724
KCRDKL,21,100,2,1000,1,0.023874,0.009855,0.007873
KCUD,21,100,2,1000,1,0.022542,0.010905,0.006527
KCRDKL,21,100,2,1500,1,0.028445,0.010689,0.009609
KCUD,21,100,2,1500,1,0.02535,0.010763,0.005897
KCRDKL,31,100,2,500,1,0.051692,0.020093,0.016035
KCUD,31,100,2,500,1,0.050367,0.02028,0.014896
KCRDKL,31,100,2,1000,1,0.063819,0.020288,0.01827
KCUD,31,100,2,1000,1,0.060302,0.021546,0.014519
KCRDKL,31,100,2,1500,1,0.058994,0.020648,0.023003
KCUD,31,100,2,1500,1,0.048449,0.021189,0.012098
KCRDKL,41,100,2,500,1,0.093217,0.032404,0.032819
KCUD,41,100,2,500,1,0.090496,0.033657,0.029031
KCRDKL,41,100,2,1000,1,0.09632,0.033532,0.033627
KCUD,41,100,2,1000,1,0.090797,0.034188,0.028319
KCRDKL,41,100,2,1500,1,0.086645,0.030143,0.033328
KCUD,41,100,2,1500,1,0.041236,0.014281,0.013901
KCRDKL,51,100,2,500,1,0.122119,0.038182,0.046006
KCUD,51,100,2,500,1,0.123509,0.038532,0.04255
KCRDKL,51,100,2,1000,1,0.152146,0.044012,0.045694
KCUD,51,100,2,1000,1,0.143827,0.043254,0.042411
KCRDKL,51,100,2,1500,1,0.157813,0.045945,0.051
KCUD,51,100,2,1500,1,0.148992,0.045775,0.042254
KCRDKL,61,100,2,500,1,0.198148,0.065179,0.068825
KCUD,61,100,2,500,1,0.194264,0.063213,0.064363
KCRDKL,61,100,2,1000,1,0.129901,0.038905,0.051134
KCUD,61,100,2,1000,1,0.141195,0.04816,0.039065
KCRDKL,61,100,2,1500,1,0.196983,0.062907,0.069471
KCUD,61,100,2,1500,1,0.185261,0.061893,0.06187
KCRDKL,71,100,2,500,1,0.255057,0.079267,0.089252
KCUD,71,100,2,500,1,0.274944,0.078995,0.081324
KCRDKL,71,100,2,1000,1,0.23194,0.077395,0.075696
KCUD,71,100,2,1000,1,0.177102,0.05836,0.057191
KCRDKL,71,100,2,1500,1,0.247328,0.075254,0.090724
KCUD,71,100,2,1500,1,0.247729,0.077601,0.082733
KCRDKL,81,100,2,500,1,0.325533,0.094846,0.11642
KCUD,81,100,2,500,1,0.318582,0.100652,0.102908
KCRDKL,81,100,2,1000,1,0.282395,0.085696,0.107762
KCUD,81,100,2,1000,1,0.31069,0.096163,0.103018
KCRDKL,81,100,2,1500,1,0.323905,0.09698,0.116071
KCUD,81,100,2,1500,1,0.316773,0.097093,0.10507
KCRDKL,91,100,2,500,1,0.348013,0.080159,0.133104
KCUD,91,100,2,500,1,0.386807,0.11705,0.126659
KCRDKL,91,100,2,1000,1,0.415573,0.120798,0.145402
KCUD,91,100,2,1000,1,0.37949,0.113554,0.116553
KCRDKL,91,100,2,1500,1,0.403946,0.118528,0.142811
KCUD,91,100,2,1500,1,0.402793,0.123163,0.129187
KCRDKL,101,100,2,500,1,0.428935,0.120389,0.129131
KCUD,101,100,2,500,1,0.456199,0.12796,0.149669
KCRDKL,101,100,2,1000,1,0.499253,0.157211,0.156111
KCUD,101,100,2,1000,1,0.450329,0.137728,0.125754
KCRDKL,101,100,2,1500,1,0.495003,0.140449,0.171728
KCUD,101,100,2,1500,1,0.489481,0.144171,0.159895
KCRDKL,1,100,2,500,2,0.005843,0.005501,0.000196
KCUD,1,100,2,500,2,0.005606,0.005317,0.000147
KCRDKL,1,100,2,1000,3,0.007494,0.007032,0.000236
KCUD,1,100,2,1000,2,0.005609,0.005321,0.000144
KCRDKL,1,100,2,1500,2,0.005633,0.005312,0.000175
KCUD,1,100,2,1500,2,0.005567,0.005244,0.000148
KCRDKL,11,100,2,500,1,0.009401,0.00568,0.002217
KCUD,11,100,2,500,1,0.00886,0.005947,0.001369
KCRDKL,11,100,2,1000,1,0.01048,0.005748,0.002838
KCUD,11,100,2,1000,1,0.008377,0.005773,0.001304
KCRDKL,11,100,2,1500,1,0.011249,0.005441,0.004135
KCUD,11,100,2,1500,1,0.008689,0.005489,0.00133
KCRDKL,21,100,2,500,1,0.022893,0.010522,0.006814
KCUD,21,100,2,500,1,0.022719,0.011288,0.005558
KCRDKL,21,100,2,1000,1,0.016132,0.007548,0.005381
KCUD,21,100,2,1000,1,0.025537,0.011554,0.005594
KCRDKL,21,100,2,1500,1,0.028625,0.010768,0.01068
KCUD,21,100,2,1500,1,0.022863,0.010584,0.00582
KCRDKL,31,100,2,500,1,0.047955,0.019596,0.016485
KCUD,31,100,2,500,1,0.058917,0.020651,0.014815
KCRDKL,31,100,2,1000,1,0.060946,0.018892,0.020399
KCUD,31,100,2,1000,1,0.048584,0.019777,0.014973
KCRDKL,31,100,2,1500,1,0.055162,0.020813,0.020121
KCUD,31,100,2,1500,1,0.059253,0.021273,0.015225
KCRDKL,41,100,2,500,1,0.093934,0.032792,0.03279
KCUD,41,100,2,500,1,0.103792,0.032243,0.028711
KCRDKL,41,100,2,1000,1,0.104953,0.032958,0.031373
KCUD,41,100,2,1000,1,0.104332,0.034252,0.028587
KCRDKL,41,100,2,1500,1,0.110605,0.032537,0.03571
KCUD,41,100,2,1500,1,0.088644,0.032022,0.028117
KCRDKL,51,100,2,500,1,0.135887,0.044322,0.04602
KCUD,51,100,2,500,1,0.107431,0.03428,0.028848
KCRDKL,51,100,2,1000,1,0.121186,0.03903,0.045591
KCUD,51,100,2,1000,1,0.11756,0.043775,0.041787
KCRDKL,51,100,2,1500,1,0.134731,0.042909,0.048378
KCUD,51,100,2,1500,1,0.127698,0.042751,0.042823
KCRDKL,61,100,2,500,1,0.19651,0.063028,0.068684
KCUD,61,100,2,500,1,0.187665,0.057506,0.063461
KCRDKL,61,100,2,1000,1,0.19759,0.062292,0.069891
KCUD,61,100,2,1000,1,0.189154,0.062407,0.062082
KCRDKL,61,100,2,1500,1,0.14599,0.047551,0.04968
KCUD,61,100,2,1500,1,0.179564,0.063845,0.052415
KCRDKL,71,100,2,500,1,0.248916,0.074778,0.089479
KCUD,71,100,2,500,1,0.247068,0.078767,0.082224
KCRDKL,71,100,2,1000,1,0.257287,0.078326,0.091932
KCUD,71,100,2,1000,1,0.246545,0.078169,0.08133
KCRDKL,71,100,2,1500,1,0.206723,0.066128,0.071136
KCUD,71,100,2,1500,1,0.237536,0.077344,0.082738
KCRDKL,81,100,2,500,1,0.325841,0.100105,0.110846
KCUD,81,100,2,500,1,0.312004,0.096193,0.103729
KCRDKL,81,100,2,1000,1,0.268072,0.081625,0.081686
KCUD,81,100,2,1000,1,0.263006,0.067832,0.096345
KCRDKL,81,100,2,1500,1,0.326412,0.096811,0.116948
KCUD,81,100,2,1500,1,0.313019,0.095935,0.103702
KCRDKL,91,100,2,500,1,0.380533,0.111254,0.119875
KCUD,91,100,2,500,1,0.337941,0.085607,0.12041
KCRDKL,91,100,2,1000,1,0.413791,0.119869,0.143724
KCUD,91,100,2,1000,1,0.400025,0.121652,0.12902
KCRDKL,91,100,2,1500,1,0.347999,0.087208,0.1279
KCUD,91,100,2,1500,1,0.386856,0.11564,0.127424
KCRDKL,101,100,2,500,1,0.506997,0.145167,0.173711
KCUD,101,100,2,500,1,0.378777,0.096683,0.128807
KCRDKL,101,100,2,1000,1,0.503758,0.142932,0.172391
KCUD,101,100,2,1000,1,0.485314,0.143959,0.156375
KCRDKL,101,100,2,1500,1,0.483951,0.141871,0.158431
KCUD,101,100,2,1500,1,0.486927,0.153168,0.14388
KCRDKL,1,100,2,500,2,0.006722,0.005562,0.000864
KCUD,1,100,2,500,2,0.005379,0.004979,0.000177
KCRDKL,1,100,2,1000,2,0.005926,0.00486,0.000879
KCUD,1,100,2,1000,2,0.005428,0.005018,0.000175
KCRDKL,1,100,2,1500,2,0.006804,0.005191,0.001393
KCUD,1,100,2,1500,2,0.005136,0.00479,0.000152
KCRDKL,11,100,2,500,1,0.009516,0.005893,0.00198
KCUD,11,100,2,500,1,0.009218,0.006433,0.0014
KCRDKL,11,100,2,1000,1,0.010074,0.005522,0.002605
KCUD,11,100,2,1000,1,0.009134,0.005998,0.00132
KCRDKL,11,100,2,1500,1,0.009823,0.005595,0.002479
KCUD,11,100,2,1500,1,0.008671,0.00611,0.001298
KCRDKL,21,100,2,500,1,0.023867,0.01076,0.007856
KCUD,21,100,2,500,1,0.027292,0.011561,0.006533
KCRDKL,21,100,2,1000,1,0.024194,0.010635,0.008039
KCUD,21,100,2,1000,1,0.025259,0.011161,0.005366
KCRDKL,21,100,2,1500,1,0.030203,0.011483,0.00973
KCUD,21,100,2,1500,1,0.020633,0.010147,0.004667
KCRDKL,31,100,2,500,1,0.024545,0.008899,0.008676
KCUD,31,100,2,500,1,0.025144,0.009174,0.007521
KCRDKL,31,100,2,1000,1,0.052739,0.020254,0.017418
KCUD,31,100,2,1000,1,0.049129,0.019467,0.013515
KCRDKL,31,100,2,1500,1,0.039109,0.017569,0.013605
KCUD,31,100,2,1500,1,0.061632,0.020168,0.016156
KCRDKL,41,100,2,500,1,0.092571,0.031495,0.033389
KCUD,41,100,2,500,1,0.088405,0.032875,0.027132
KCRDKL,41,100,2,1000,1,0.094147,0.031234,0.032547
KCUD,41,100,2,1000,1,0.089845,0.031455,0.028381
KCRDKL,41,100,2,1500,1,0.111132,0.033748,0.033949
KCUD,41,100,2,1500,1,0.105097,0.034813,0.028101
KCRDKL,51,100,2,500,1,0.140147,0.045548,0.049633
KCUD,51,100,2,500,1,0.13575,0.047345,0.043481
KCRDKL,51,100,2,1000,1,0.141304,0.046393,0.049938
KCUD,51,100,2,1000,1,0.127083,0.042826,0.04042
KCRDKL,51,100,2,1500,1,0.092361,0.033083,0.037083
KCUD,51,100,2,1500,1,0.116549,0.040273,0.034068
KCRDKL,61,100,2,500,1,0.195568,0.063807,0.067021
KCUD,61,100,2,500,1,0.185621,0.06181,0.062322
KCRDKL,61,100,2,1000,1,0.199796,0.061362,0.072341
KCUD,61,100,2,1000,1,0.189851,0.062594,0.062564
KCRDKL,61,100,2,1500,1,0.198809,0.062479,0.071023
KCUD,61,100,2,1500,1,0.179539,0.054426,0.062682
KCRDKL,71,100,2,500,1,0.225256,0.058155,0.091007
KCUD,71,100,2,500,1,0.238345,0.075576,0.077731
KCRDKL,71,100,2,1000,1,0.258251,0.078213,0.093187
KCUD,71,100,2,1000,1,0.259829,0.078663,0.097923
KCRDKL,71,100,2,1500,1,0.260513,0.077067,0.096186
KCUD,71,100,2,1500,1,0.162386,0.047142,0.05851
KCRDKL,81,100,2,500,1,0.318226,0.102219,0.106575
KCUD,81,100,2,500,1,0.314699,0.097038,0.103191
KCRDKL,81,100,2,1000,1,0.332125,0.099859,0.117014
KCUD,81,100,2,1000,1,0.316448,0.098771,0.10264
KCRDKL,81,100,2,1500,1,0.306884,0.084819,0.10499
KCUD,81,100,2,1500,1,0.30534,0.096138,0.102367
KCRDKL,91,100,2,500,1,0.411658,0.119811,0.140425
KCUD,91,100,2,500,1,0.392794,0.120675,0.121822
KCRDKL,91,100,2,1000,1,0.399906,0.110701,0.137543
KCUD,91,100,2,1000,1,0.405453,0.120932,0.132451
KCRDKL,91,100,2,1500,1,0.423129,0.122698,0.145763
KCUD,91,100,2,1500,1,0.305164,0.092163,0.097909
KCRDKL,101,100,2,500,1,0.519101,0.149485,0.174903
KCUD,101,100,2,500,1,0.499443,0.146522,0.159079
KCRDKL,101,100,2,1000,1,0.490825,0.14379,0.167502
KCUD,101,100,2,1000,1,0.510295,0.152532,0.155436
KCRDKL,101,100,2,1500,1,0.419664,0.109017,0.138158
KCUD,101,100,2,1500,1,0.484368,0.141424,0.155224
KCRDKL,1,100,2,500,2,0.006603,0.005447,0.000868
KCUD,1,100,2,500,2,0.005,0.004672,0.00015
KCRDKL,1,100,2,1000,2,0.005422,0.004021,0.001167
KCUD,1,100,2,1000,2,0.005764,0.005341,0.00017
KCRDKL,1,100,2,1500,2,0.005524,0.003656,0.001681
KCUD,1,100,2,1500,2,0.004749,0.004456,0.000152
KCRDKL,11,100,2,500,4,0.032726,0.020414,0.006544
KCUD,11,100,2,500,1,0.009378,0.006458,0.001493
KCRDKL,11,100,2,1000,3,0.026416,0.015498,0.006338
KCUD,11,100,2,1000,1,0.008976,0.005775,0.001433
KCRDKL,11,100,2,1500,3,0.027836,0.014388,0.008521
KCUD,11,100,2,1500,1,0.008378,0.005506,0.00129
KCRDKL,21,100,2,500,1,0.023739,0.010616,0.007479
KCUD,21,100,2,500,1,0.018416,0.009219,0.005093
KCRDKL,21,100,2,1000,1,0.024313,0.009911,0.009711
KCUD,21,100,2,1000,1,0.020955,0.009888,0.005869
KCRDKL,21,100,2,1500,1,0.026533,0.009872,0.007679
KCUD,21,100,2,1500,1,0.022184,0.012084,0.0056
KCRDKL,31,100,2,500,1,0.049806,0.01933,0.016847
KCUD,31,100,2,500,1,0.050528,0.019664,0.015478
KCRDKL,31,100,2,1000,1,0.052351,0.020941,0.017293
KCUD,31,100,2,1000,1,0.046636,0.019847,0.012643
KCRDKL,31,100,2,1500,1,0.055604,0.02041,0.019591
KCUD,31,100,2,1500,1,0.052003,0.023051,0.015209
KCRDKL,41,100,2,500,1,0.084368,0.025176,0.031803
KCUD,41,100,2,500,1,0.065149,0.018903,0.016585
KCRDKL,41,100,2,1000,1,0.060917,0.022017,0.023851
KCUD,41,100,2,1000,1,0.091962,0.028565,0.025445
KCRDKL,41,100,2,1500,1,0.115572,0.029064,0.038278
KCUD,41,100,2,1500,1,0.085587,0.030333,0.026153
KCRDKL,51,100,2,500,1,0.126809,0.04018,0.044407
KCUD,51,100,2,500,1,0.136092,0.047147,0.044285
KCRDKL,51,100,2,1000,1,0.14818,0.045741,0.057883
KCUD,51,100,2,1000,1,0.130646,0.044387,0.040738
KCRDKL,51,100,2,1500,1,0.142324,0.049019,0.047943
KCUD,51,100,2,1500,1,0.135031,0.045799,0.043212
KCRDKL,61,100,2,500,1,0.176985,0.063735,0.055895
KCUD,61,100,2,500,1,0.105815,0.027121,0.039244
KCRDKL,61,100,2,1000,1,0.19205,0.066756,0.068924
KCUD,61,100,2,1000,1,0.181926,0.062043,0.060583
KCRDKL,61,100,2,1500,1,0.229087,0.062009,0.072639
KCUD,61,100,2,1500,1,0.188816,0.067109,0.057483
KCRDKL,71,100,2,500,1,0.267235,0.081282,0.105663
KCUD,71,100,2,500,1,0.232699,0.07087,0.076159
KCRDKL,71,100,2,1000,1,0.232134,0.079128,0.076971
KCUD,71,100,2,1000,1,0.241605,0.07681,0.078721
KCRDKL,71,100,2,1500,1,0.259324,0.07875,0.094529
KCUD,71,100,2,1500,1,0.24286,0.075855,0.080622
KCRDKL,81,100,2,500,1,0.318297,0.091703,0.113457
KCUD,81,100,2,500,1,0.224297,0.070663,0.079283
KCRDKL,81,100,2,1000,1,0.321014,0.094972,0.115113
KCUD,81,100,2,1000,1,0.317014,0.101884,0.100734
KCRDKL,81,100,2,1500,1,0.331098,0.097761,0.117922
KCUD,81,100,2,1500,1,0.205026,0.058752,0.081539
KCRDKL,91,100,2,500,1,0.397016,0.126196,0.128938
KCUD,91,100,2,500,1,0.401048,0.122137,0.127634
KCRDKL,91,100,2,1000,1,0.367681,0.113244,0.10956
KCUD,91,100,2,1000,1,0.345094,0.105685,0.110768
KCRDKL,91,100,2,1500,1,0.417139,0.132988,0.13415
KCUD,91,100,2,1500,1,0.401754,0.12069,0.130574
KCRDKL,101,100,2,500,1,0.452375,0.125915,0.161139
KCUD,101,100,2,500,1,0.482135,0.143032,0.153611
KCRDKL,101,100,2,1000,1,0.494876,0.142917,0.175714
KCUD,101,100,2,1000,1,0.411667,0.123967,0.123648
KCRDKL,101,100,2,1500,1,0.507451,0.144853,0.176074
KCUD,101,100,2,1500,1,0.484433,0.146516,0.148177
KCRDKL,1,100,2,500,2,0.007079,0.005947,0.000853
KCUD,1,100,2,500,2,0.005335,0.004966,0.000161
KCRDKL,1,100,2,1000,2,0.005837,0.004658,0.000956
KCUD,1,100,2,1000,2,0.005165,0.004805,0.000145
KCRDKL,1,100,2,1500,2,0.00632,0.004623,0.001463
KCUD,1,100,2,1500,2,0.005047,0.004674,0.000158
KCRDKL,11,100,2,500,1,0.008052,0.00476,0.001854
KCUD,11,100,2,500,1,0.00892,0.006274,0.001386
KCRDKL,11,100,2,1000,1,0.008899,0.005494,0.001975
KCUD,11,100,2,1000,1,0.009152,0.005926,0.00144
KCRDKL,11,100,2,1500,1,0.009893,0.005605,0.00262
KCUD,11,100,2,1500,1,0.008661,0.00598,0.001402
KCRDKL,21,100,2,500,1,0.022979,0.010408,0.007412
KCUD,21,100,2,500,1,0.02252,0.010659,0.005559
KCRDKL,21,100,2,1000,1,0.027621,0.011556,0.007807
KCUD,21,100,2,1000,1,0.025867,0.01073,0.005766
KCRDKL,21,100,2,1500,1,0.026095,0.011809,0.008856
KCUD,21,100,2,1500,1,0.023953,0.013045,0.005833
KCRDKL,31,100,2,500,1,0.054111,0.020491,0.019385
KCUD,31,100,2,500,1,0.060788,0.020516,0.016169
KCRDKL,31,100,2,1000,1,0.064061,0.020835,0.017515
KCUD,31,100,2,1000,1,0.05105,0.020907,0.01514
KCRDKL,31,100,2,1500,1,0.065399,0.020325,0.021071
KCUD,31,100,2,1500,1,0.047023,0.018456,0.015553
KCRDKL,41,100,2,500,1,0.093876,0.032474,0.033065
KCUD,41,100,2,500,1,0.089321,0.031628,0.029747
KCRDKL,41,100,2,1000,1,0.093351,0.030843,0.033485
KCUD,41,100,2,1000,1,0.090705,0.033089,0.029269
KCRDKL,41,100,2,1500,1,0.087145,0.030225,0.032746
KCUD,41,100,2,1500,1,0.047486,0.018682,0.01455
KCRDKL,51,100,2,500,1,0.111689,0.030068,0.03954
KCUD,51,100,2,500,1,0.130123,0.038135,0.040362
KCRDKL,51,100,2,1000,1,0.153143,0.045467,0.047366
KCUD,51,100,2,1000,1,0.126142,0.043134,0.0402
KCRDKL,51,100,2,1500,1,0.158238,0.044716,0.051665
KCUD,51,100,2,1500,1,0.150775,0.046069,0.041791
KCRDKL,61,100,2,500,1,0.197963,0.06223,0.069531
KCUD,61,100,2,500,1,0.218794,0.063087,0.062363
KCRDKL,61,100,2,1000,1,0.155496,0.034853,0.050961
KCUD,61,100,2,1000,1,0.148584,0.046923,0.044951
KCRDKL,61,100,2,1500,1,0.196312,0.062573,0.068965
KCUD,61,100,2,1500,1,0.214137,0.062906,0.062806
KCRDKL,71,100,2,500,1,0.255151,0.083997,0.084454
KCUD,71,100,2,500,1,0.275999,0.079199,0.082083
KCRDKL,71,100,2,1000,1,0.258654,0.077062,0.074461
KCUD,71,100,2,1000,1,0.176541,0.059074,0.056733
KCRDKL,71,100,2,1500,1,0.276272,0.075459,0.091594
KCUD,71,100,2,1500,1,0.277067,0.077923,0.082982
KCRDKL,81,100,2,500,1,0.327553,0.098941,0.117755
KCUD,81,100,2,500,1,0.317797,0.098386,0.104849
KCRDKL,81,100,2,1000,1,0.301065,0.097233,0.104794
KCUD,81,100,2,1000,1,0.305749,0.096515,0.101784
KCRDKL,81,100,2,1500,1,0.327792,0.097017,0.119447
KCUD,81,100,2,1500,1,0.320618,0.09986,0.105801
KCRDKL,91,100,2,500,1,0.347396,0.084147,0.135277
KCUD,91,100,2,500,1,0.38923,0.117236,0.12826
KCRDKL,91,100,2,1000,1,0.417227,0.124587,0.142154
KCUD,91,100,2,1000,1,0.372718,0.111365,0.112437
KCRDKL,91,100,2,1500,1,0.405725,0.11692,0.145042
KCUD,91,100,2,1500,1,0.402652,0.120516,0.130332
KCRDKL,101,100,2,500,1,0.430477,0.119919,0.129396
KCUD,101,100,2,500,1,0.45657,0.130337,0.148261
KCRDKL,101,100,2,1000,1,0.501674,0.156312,0.156936
KCUD,101,100,2,1000,1,0.449185,0.140107,0.121075
KCRDKL,101,100,2,1500,1,0.504532,0.144119,0.172873
KCUD,101,100,2,1500,1,0.489186,0.146194,0.156619
KCRDKL,1,100,2,500,1,0.003511,0.003153,0.000276
KCUD,1,100,2,500,1,0.003358,0.003186,9.1e-05
KCRDKL,1,100,2,1000,1,0.003522,0.003172,0.000253
KCUD,1,100,2,1000,1,0.0034,0.003203,9.5e-05
KCRDKL,1,100,2,1500,1,0.003227,0.002871,0.000257
KCUD,1,100,2,1500,1,0.003353,0.003163,9.3e-05
KCRDKL,11,100,2,500,1,0.007211,0.004307,0.001789
KCUD,11,100,2,500,1,0.007683,0.005057,0.001389
KCRDKL,11,100,2,1000,1,0.009537,0.005345,0.002726
KCUD,11,100,2,1000,1,0.008652,0.005842,0.001285
KCRDKL,11,100,2,1500,1,0.009596,0.005083,0.003127
KCUD,11,100,2,1500,1,0.008295,0.005514,0.001536
KCRDKL,21,100,2,500,1,0.020488,0.008048,0.006732
KCUD,21,100,2,500,1,0.022128,0.009892,0.006157
KCRDKL,21,100,2,1000,1,0.023986,0.010128,0.005986
KCUD,21,100,2,1000,1,0.013539,0.006664,0.003671
KCRDKL,21,100,2,1500,1,0.025954,0.009965,0.008185
KCUD,21,100,2,1500,1,0.021778,0.0102,0.006867
KCRDKL,31,100,2,500,1,0.046837,0.018554,0.014697
KCUD,31,100,2,500,1,0.050102,0.0205,0.015141
KCRDKL,31,100,2,1000,1,0.052345,0.020884,0.016841
KCUD,31,100,2,1000,1,0.047255,0.019201,0.014099
KCRDKL,31,100,2,1500,1,0.053696,0.020826,0.018553
KCUD,31,100,2,1500,1,0.050281,0.020824,0.014554
KCRDKL,41,100,2,500,1,0.093829,0.032209,0.032074
KCUD,41,100,2,500,1,0.105384,0.035052,0.027632
KCRDKL,41,100,2,1000,1,0.108263,0.031183,0.031337
KCUD,41,100,2,1000,1,0.104249,0.032625,0.028463
KCRDKL,41,100,2,1500,1,0.109431,0.032911,0.032085
KCUD,41,100,2,1500,1,0.105088,0.031544,0.029394
KCRDKL,51,100,2,500,1,0.137987,0.045176,0.048578
KCUD,51,100,2,500,1,0.123802,0.041363,0.042719
KCRDKL,51,100,2,1000,1,0.099861,0.035055,0.033137
KCUD,51,100,2,1000,1,0.111457,0.036536,0.035246
KCRDKL,51,100,2,1500,1,0.137988,0.047721,0.044735
KCUD,51,100,2,1500,1,0.125734,0.042216,0.041081
KCRDKL,61,100,2,500,1,0.199371,0.063332,0.071451
KCUD,61,100,2,500,1,0.190426,0.064597,0.061502
KCRDKL,61,100,2,1000,1,0.201311,0.063912,0.073038
KCUD,61,100,2,1000,1,0.193728,0.065149,0.064227
KCRDKL,61,100,2,1500,1,0.108731,0.027768,0.052019
KCUD,61,100,2,1500,1,0.169086,0.046953,0.062165
KCRDKL,71,100,2,500,1,0.243779,0.074071,0.088637
KCUD,71,100,2,500,1,0.24904,0.07706,0.083982
KCRDKL,71,100,2,1000,1,0.257199,0.077924,0.09165
KCUD,71,100,2,1000,1,0.247121,0.07886,0.081813
KCRDKL,71,100,2,1500,1,0.183145,0.055579,0.067616
KCUD,71,100,2,1500,1,0.230347,0.065628,0.072513
KCRDKL,81,100,2,500,1,0.326917,0.105319,0.107598
KCUD,81,100,2,500,1,0.314357,0.098976,0.106094
KCRDKL,81,100,2,1000,1,0.314076,0.091705,0.110316
KCUD,81,100,2,1000,1,0.226186,0.06848,0.078337
KCRDKL,81,100,2,1500,1,0.320577,0.094547,0.115145
KCUD,81,100,2,1500,1,0.318575,0.098208,0.105851
KCRDKL,91,100,2,500,1,0.408675,0.119759,0.137108
KCUD,91,100,2,500,1,0.288939,0.091549,0.090077
KCRDKL,91,100,2,1000,1,0.416827,0.120617,0.145594
KCUD,91,100,2,1000,1,0.398888,0.119897,0.127655
KCRDKL,91,100,2,1500,1,0.294348,0.088541,0.098304
KCUD,91,100,2,1500,1,0.385844,0.111849,0.124156
KCRDKL,101,100,2,500,1,0.5043,0.144123,0.171515
KCUD,101,100,2,500,1,0.417946,0.116882,0.120634
KCRDKL,101,100,2,1000,1,0.504334,0.143064,0.172973
KCUD,101,100,2,1000,1,0.490706,0.144923,0.157878
KCRDKL,101,100,2,1500,1,0.468857,0.137665,0.161594
KCUD,101,100,2,1500,1,0.481797,0.143165,0.15335
KCRDKL,1,100,2,500,1,0.004355,0.003575,0.000616
KCUD,1,100,2,500,1,0.003378,0.003163,0.000113
KCRDKL,1,100,2,1000,1,0.003613,0.002546,0.00095
KCUD,1,100,2,1000,1,0.003596,0.003365,0.000114
KCRDKL,1,100,2,1500,1,0.003573,0.002292,0.001187
KCUD,1,100,2,1500,1,0.003312,0.00309,9.8e-05
KCRDKL,11,100,2,500,2,0.011594,0.006222,0.003139
KCUD,11,100,2,500,2,0.013208,0.008554,0.001982
KCRDKL,11,100,2,1000,2,0.013779,0.007426,0.003794
KCUD,11,100,2,1000,2,0.013318,0.008058,0.002202
KCRDKL,11,100,2,1500,2,0.015393,0.007013,0.004854
KCUD,11,100,2,1500,2,0.01281,0.008248,0.002072
KCRDKL,21,100,2,500,4,0.070862,0.027495,0.021748
KCUD,21,100,2,500,2,0.037144,0.016095,0.009534
KCRDKL,21,100,2,1000,4,0.066077,0.026399,0.018784
KCUD,21,100,2,1000,2,0.039556,0.016068,0.009699
KCRDKL,21,100,2,1500,4,0.037718,0.014495,0.011723
KCUD,21,100,2,1500,2,0.021709,0.009557,0.006358
KCRDKL,31,100,2,500,2,0.080465,0.030119,0.024459
KCUD,31,100,2,500,2,0.077684,0.025342,0.018392
KCRDKL,31,100,2,1000,2,0.086994,0.030581,0.026024
KCUD,31,100,2,1000,2,0.095834,0.032466,0.024632
KCRDKL,31,100,2,1500,2,0.096622,0.032489,0.026748
KCUD,31,100,2,1500,2,0.087121,0.031204,0.02429
KCRDKL,41,100,2,500,3,0.227205,0.074536,0.067437
KCUD,41,100,2,500,2,0.166768,0.054172,0.043034
KCRDKL,41,100,2,1000,3,0.245666,0.073803,0.070924
KCUD,41,100,2,1000,2,0.156142,0.055325,0.044088
KCRDKL,41,100,2,1500,3,0.132874,0.040399,0.038636
KCUD,41,100,2,1500,2,0.144486,0.040007,0.045318
KCRDKL,51,100,2,500,4,0.424171,0.125413,0.123759
KCUD,51,100,2,500,2,0.24962,0.075225,0.068155
KCRDKL,51,100,2,1000,4,0.437261,0.131505,0.133203
KCUD,51,100,2,1000,2,0.152123,0.039867,0.041569
KCRDKL,51,100,2,1500,5,0.541858,0.158168,0.153088
KCUD,51,100,2,1500,2,0.257849,0.075721,0.076836
KCRDKL,61,100,2,500,3,0.446863,0.134518,0.125037
KCUD,61,100,2,500,2,0.229452,0.068301,0.078771
KCRDKL,61,100,2,1000,3,0.49655,0.143791,0.15839
KCUD,61,100,2,1000,2,0.32729,0.108543,0.103207
KCRDKL,61,100,2,1500,3,0.329276,0.089785,0.121148
KCUD,61,100,2,1500,2,0.332779,0.094426,0.093964
KCRDKL,71,100,2,500,6,1.1394,0.321547,0.311023
KCUD,71,100,2,500,2,0.325328,0.096253,0.101243
KCRDKL,71,100,2,1000,6,1.05408,0.278281,0.316444
KCUD,71,100,2,1000,2,0.40581,0.120954,0.122939
KCRDKL,71,100,2,1500,6,1.0789,0.291314,0.303057
KCUD,71,100,2,1500,2,0.385835,0.102386,0.121504
KCRDKL,81,100,2,500,6,1.36146,0.365468,0.407388
KCUD,81,100,2,500,2,0.548255,0.157339,0.149543
KCRDKL,81,100,2,1000,7,1.61892,0.455239,0.461761
KCUD,81,100,2,1000,2,0.580156,0.159843,0.157907
KCRDKL,81,100,2,1500,6,1.5347,0.4053,0.446299
KCUD,81,100,2,1500,2,0.408695,0.126097,0.131001
KCRDKL,91,100,2,500,8,2.29454,0.627896,0.657488
KCUD,91,100,2,500,2,0.73253,0.200838,0.203681
KCRDKL,91,100,2,1000,2,0.646685,0.160637,0.175148
KCUD,91,100,2,1000,2,0.642698,0.192753,0.183957
KCRDKL,91,100,2,1500,8,2.29146,0.648829,0.690563
KCUD,91,100,2,1500,2,0.662177,0.165811,0.171643
KCRDKL,101,100,2,500,8,2.8172,0.784585,0.76421
KCUD,101,100,2,500,2,0.863803,0.23588,0.220528
KCRDKL,101,100,2,1000,2,0.841683,0.232776,0.261922
KCUD,101,100,2,1000,2,0.823124,0.225906,0.203454
KCRDKL,101,100,2,1500,6,2.17783,0.575346,0.634426
KCUD,101,100,2,1500,2,0.89107,0.243025,0.2447
KCRDKL,1,100,2,500,2,0.014142,0.013435,0.000443
KCUD,1,100,2,500,2,0.007039,0.006591,0.000196
KCRDKL,1,100,2,1000,2,0.007338,0.006733,0.000385
KCUD,1,100,2,1000,2,0.007031,0.006563,0.000201
KCRDKL,1,100,2,1500,2,0.0062,0.005691,0.000308
KCUD,1,100,2,1500,2,0.005832,0.005496,0.000143
KCRDKL,11,100,2,500,1,0.010066,0.005985,0.002653
KCUD,11,100,2,500,1,0.008718,0.005943,0.001298
KCRDKL,11,100,2,1000,1,0.010258,0.005675,0.003152
KCUD,11,100,2,1000,1,0.008813,0.005926,0.001394
KCRDKL,11,100,2,1500,1,0.011407,0.006073,0.003862
KCUD,11,100,2,1500,1,0.009418,0.006289,0.001538
KCRDKL,21,100,2,500,1,0.023779,0.010544,0.007253
KCUD,21,100,2,500,1,0.022364,0.011195,0.005818
KCRDKL,21,100,2,1000,1,0.023884,0.010227,0.008083
KCUD,21,100,2,1000,1,0.022229,0.011302,0.005792
KCRDKL,21,100,2,1500,1,0.025359,0.01043,0.009329
KCUD,21,100,2,1500,1,0.02243,0.011768,0.005537
KCRDKL,31,100,2,500,1,0.052262,0.020742,0.016073
KCUD,31,100,2,500,1,0.051808,0.020333,0.016193
KCRDKL,31,100,2,1000,1,0.064346,0.019853,0.019478
KCUD,31,100,2,1000,1,0.060602,0.020737,0.015897
KCRDKL,31,100,2,1500,1,0.056923,0.019719,0.020906
KCUD,31,100,2,1500,1,0.050567,0.021332,0.014767
KCRDKL,41,100,2,500,1,0.094374,0.032069,0.032115
KCUD,41,100,2,500,1,0.104592,0.033713,0.027919
KCRDKL,41,100,2,1000,1,0.110457,0.032653,0.033181
KCUD,41,100,2,1000,1,0.105331,0.033432,0.02809
KCRDKL,41,100,2,1500,1,0.093903,0.03202,0.032245
KCUD,41,100,2,1500,1,0.082097,0.030753,0.023596
KCRDKL,51,100,2,500,1,0.088652,0.024515,0.044138
KCUD,51,100,2,500,1,0.12038,0.038806,0.040745
KCRDKL,51,100,2,1000,1,0.138142,0.045436,0.048501
KCUD,51,100,2,1000,1,0.132542,0.042538,0.048043
KCRDKL,51,100,2,1500,1,0.140992,0.048349,0.04728
KCUD,51,100,2,1500,1,0.135004,0.0456,0.044579
KCRDKL,61,100,2,500,1,0.19777,0.062375,0.069388
KCUD,61,100,2,500,1,0.22001,0.063495,0.065229
KCRDKL,61,100,2,1000,1,0.190039,0.054634,0.050256
KCUD,61,100,2,1000,1,0.109835,0.034038,0.046719
KCRDKL,61,100,2,1500,1,0.220969,0.060975,0.068457
KCUD,61,100,2,1500,1,0.180082,0.060424,0.058157
KCRDKL,71,100,2,500,1,0.256975,0.077889,0.092412
KCUD,71,100,2,500,1,0.246722,0.075043,0.083006
KCRDKL,71,100,2,1000,1,0.250635,0.075922,0.087509
KCUD,71,100,2,1000,1,0.134633,0.036989,0.055196
KCRDKL,71,100,2,1500,1,0.251608,0.075108,0.090774
KCUD,71,100,2,1500,1,0.242715,0.083294,0.073385
KCRDKL,81,100,2,500,1,0.324065,0.098029,0.114854
KCUD,81,100,2,500,1,0.308472,0.097887,0.10321
KCRDKL,81,100,2,1000,1,0.265136,0.066569,0.104664
KCUD,81,100,2,1000,1,0.294418,0.094785,0.093261
KCRDKL,81,100,2,1500,1,0.318343,0.094336,0.113655
KCUD,81,100,2,1500,1,0.314004,0.097793,0.10491
KCRDKL,91,100,2,500,1,0.292971,0.092316,0.105044
KCUD,91,100,2,500,1,0.421107,0.124294,0.12249
KCRDKL,91,100,2,1000,1,0.408149,0.121031,0.142102
KCUD,91,100,2,1000,1,0.447566,0.124841,0.129057
KCRDKL,91,100,2,1500,1,0.425685,0.124237,0.139055
KCUD,91,100,2,1500,1,0.445592,0.123928,0.129587
KCRDKL,101,100,2,500,1,0.497934,0.146125,0.163137
KCUD,101,100,2,500,1,0.39681,0.102685,0.126156
KCRDKL,101,100,2,1000,1,0.499414,0.151006,0.166196
KCUD,101,100,2,1000,1,0.489302,0.147334,0.155737
KCRDKL,101,100,2,1500,1,0.4922,0.144252,0.172137
KCUD,101,100,2,1500,1,0.483405,0.140567,0.155757
KCRDKL,1,100,2,500,1,0.004387,0.00359,0.000615
KCUD,1,100,2,500,1,0.002697,0.002481,0.000104
KCRDKL,1,100,2,1000,1,0.00345,0.002541,0.00077
KCUD,1,100,2,1000,1,0.002635,0.002406,0.000102
KCRDKL,1,100,2,1500,1,0.003631,0.002425,0.001111
KCUD,1,100,2,1500,1,0.002651,0.002436,9.3e-05
KCRDKL,11,100,2,500,2,0.013869,0.007649,0.003401
KCUD,11,100,2,500,2,0.013837,0.009043,0.002143
KCRDKL,11,100,2,1000,2,0.009663,0.004883,0.002672
KCUD,11,100,2,1000,2,0.010911,0.00688,0.001815
KCRDKL,11,100,2,1500,2,0.01055,0.005046,0.003418
KCUD,11,100,2,1500,2,0.010868,0.006827,0.001837
KCRDKL,21,100,2,500,2,0.02075,0.008559,0.006132
KCUD,21,100,2,500,2,0.02985,0.013962,0.007262
KCRDKL,21,100,2,1000,2,0.038354,0.014987,0.011291
KCUD,21,100,2,1000,2,0.038334,0.018259,0.008259
KCRDKL,21,100,2,1500,2,0.029222,0.011291,0.010187
KCUD,21,100,2,1500,2,0.035297,0.016663,0.009622
KCRDKL,31,100,2,500,2,0.07875,0.026595,0.024333
KCUD,31,100,2,500,2,0.096424,0.034867,0.02297
KCRDKL,31,100,2,1000,2,0.093767,0.030658,0.025654
KCUD,31,100,2,1000,2,0.096109,0.034563,0.023291
KCRDKL,31,100,2,1500,2,0.100542,0.033275,0.029624
KCUD,31,100,2,1500,2,0.096815,0.032419,0.023471
KCRDKL,41,100,2,500,2,0.155112,0.051773,0.048123
KCUD,41,100,2,500,2,0.16965,0.060154,0.038552
KCRDKL,41,100,2,1000,2,0.174812,0.052096,0.052083
KCUD,41,100,2,1000,2,0.168145,0.056448,0.040471
KCRDKL,41,100,2,1500,2,0.069211,0.020487,0.022155
KCUD,41,100,2,1500,2,0.143338,0.049255,0.040247
KCRDKL,51,100,2,500,2,0.22558,0.07004,0.070152
KCUD,51,100,2,500,2,0.23732,0.071534,0.064653
KCRDKL,51,100,2,1000,2,0.250713,0.07531,0.076946
KCUD,51,100,2,1000,2,0.24704,0.073969,0.068714
KCRDKL,51,100,2,1500,2,0.235248,0.06888,0.076922
KCUD,51,100,2,1500,2,0.147575,0.041909,0.041686
KCRDKL,61,100,2,500,2,0.331955,0.099449,0.106076
KCUD,61,100,2,500,2,0.323153,0.103064,0.09414
KCRDKL,61,100,2,1000,2,0.364231,0.104135,0.107441
KCUD,61,100,2,1000,2,0.3572,0.10412,0.097162
KCRDKL,61,100,2,1500,2,0.340368,0.103212,0.090713
KCUD,61,100,2,1500,2,0.339885,0.102029,0.0936
KCRDKL,71,100,2,500,2,0.436566,0.123678,0.141002
KCUD,71,100,2,500,2,0.456223,0.135785,0.119492
KCRDKL,71,100,2,1000,2,0.440843,0.124383,0.123512
KCUD,71,100,2,1000,2,0.450272,0.126489,0.126724
KCRDKL,71,100,2,1500,2,0.439518,0.131612,0.137564
KCUD,71,100,2,1500,2,0.320105,0.073898,0.102045
KCRDKL,81,100,2,500,2,0.544768,0.154957,0.176641
KCUD,81,100,2,500,2,0.540667,0.162806,0.161009
KCRDKL,81,100,2,1000,2,0.52433,0.126017,0.18808
KCUD,81,100,2,1000,2,0.533337,0.157349,0.1629
KCRDKL,81,100,2,1500,2,0.493746,0.134837,0.165328
KCUD,81,100,2,1500,2,0.496175,0.128054,0.153039
KCRDKL,91,100,2,500,2,0.700545,0.197753,0.229764
KCUD,91,100,2,500,2,0.609023,0.167545,0.16361
KCRDKL,91,100,2,1000,2,0.754126,0.197225,0.24601
KCUD,91,100,2,1000,2,0.600964,0.156895,0.185368
KCRDKL,91,100,2,1500,2,0.747674,0.201124,0.217699
KCUD,91,100,2,1500,2,0.636684,0.159817,0.165426
KCRDKL,101,100,2,500,2,0.863934,0.24693,0.268352
KCUD,101,100,2,500,2,0.772014,0.227107,0.219203
KCRDKL,101,100,2,1000,2,0.923533,0.246141,0.267009
KCUD,101,100,2,1000,2,0.75774,0.220891,0.20413
KCRDKL,101,100,2,1500,2,0.913421,0.239648,0.247796
KCUD,101,100,2,1500,2,0.681423,0.184757,0.204108
KCRDKL,1,100,2,500,2,0.011679,0.006502,0.004857
KCUD,1,100,2,500,2,0.005959,0.005558,0.000189
KCRDKL,1,100,2,1000,2,0.007921,0.00664,0.000956
KCUD,1,100,2,1000,2,0.006526,0.006068,0.000195
KCRDKL,1,100,2,1500,2,0.006189,0.0053,0.000664
KCUD,1,100,2,1500,2,0.006186,0.005773,0.000169
KCRDKL,11,100,2,500,1,0.010773,0.006566,0.002611
KCUD,11,100,2,500,1,0.009406,0.00662,0.001443
KCRDKL,11,100,2,1000,1,0.01124,0.00594,0.003678
KCUD,11,100,2,1000,1,0.011202,0.007153,0.001594
KCRDKL,11,100,2,1500,1,0.011284,0.00585,0.003638
KCUD,11,100,2,1500,1,0.010364,0.006993,0.001787
KCRDKL,21,100,2,500,1,0.02401,0.011072,0.00742
KCUD,21,100,2,500,1,0.021862,0.01125,0.004753
KCRDKL,21,100,2,1000,1,0.022295,0.008831,0.00851
KCUD,21,100,2,1000,1,0.022635,0.010155,0.007508
KCRDKL,21,100,2,1500,1,0.026286,0.008638,0.007912
KCUD,21,100,2,1500,1,0.023334,0.012554,0.004296
KCRDKL,31,100,2,500,1,0.044014,0.019066,0.011984
KCUD,31,100,2,500,1,0.041858,0.012924,0.015957
KCRDKL,31,100,2,1000,1,0.047091,0.020499,0.015348
KCUD,31,100,2,1000,1,0.042137,0.018633,0.013323
KCRDKL,31,100,2,1500,1,0.042791,0.012023,0.016798
KCUD,31,100,2,1500,1,0.039902,0.017378,0.012207
KCRDKL,41,100,2,500,1,0.073796,0.022163,0.026103
KCUD,41,100,2,500,1,0.072369,0.025863,0.028217
KCRDKL,41,100,2,1000,1,0.075179,0.0246,0.029356
KCUD,41,100,2,1000,1,0.074457,0.026953,0.022184
KCRDKL,41,100,2,1500,1,0.078205,0.028435,0.023513
KCUD,41,100,2,1500,1,0.066214,0.021913,0.022356
KCRDKL,51,100,2,500,1,0.100158,0.0316,0.035296
KCUD,51,100,2,500,1,0.09647,0.034596,0.031298
KCRDKL,51,100,2,1000,1,0.077535,0.026245,0.027836
KCUD,51,100,2,1000,1,0.06597,0.02102,0.022922
KCRDKL,51,100,2,1500,1,0.097415,0.030375,0.034473
KCUD,51,100,2,1500,1,0.096585,0.033637,0.033343
KCRDKL,61,100,2,500,1,0.140342,0.046145,0.049304
KCUD,61,100,2,500,1,0.149853,0.048922,0.055756
KCRDKL,61,100,2,1000,1,0.151428,0.050033,0.048295
KCUD,61,100,2,1000,1,0.154671,0.051634,0.052275
KCRDKL,61,100,2,1500,1,0.157384,0.047909,0.057676
KCUD,61,100,2,1500,1,0.152558,0.045901,0.051724
KCRDKL,71,100,2,500,1,0.221432,0.07076,0.069138
KCUD,71,100,2,500,1,0.209727,0.063702,0.068801
KCRDKL,71,100,2,1000,1,0.143977,0.045523,0.054728
KCUD,71,100,2,1000,1,0.188021,0.06059,0.066628
KCRDKL,71,100,2,1500,1,0.20939,0.06008,0.079531
KCUD,71,100,2,1500,1,0.184327,0.058103,0.064744
KCRDKL,81,100,2,500,1,0.303236,0.089337,0.111492
KCUD,81,100,2,500,1,0.296584,0.091185,0.098342
KCRDKL,81,100,2,1000,1,0.275956,0.090331,0.082753
KCUD,81,100,2,1000,1,0.262063,0.083624,0.084227
KCRDKL,81,100,2,1500,1,0.325446,0.095164,0.117185
KCUD,81,100,2,1500,1,0.314178,0.099239,0.10239
KCRDKL,91,100,2,500,1,0.400887,0.114517,0.134883
KCUD,91,100,2,500,1,0.323952,0.087223,0.101851
KCRDKL,91,100,2,1000,1,0.420801,0.122258,0.146928
KCUD,91,100,2,1000,1,0.401501,0.121849,0.130896
KCRDKL,91,100,2,1500,1,0.328852,0.095595,0.109602
KCUD,91,100,2,1500,1,0.386164,0.113701,0.138868
KCRDKL,101,100,2,500,1,0.509404,0.145443,0.174178
KCUD,101,100,2,500,1,0.398786,0.099032,0.119878
KCRDKL,101,100,2,1000,1,0.5069,0.151063,0.167302
KCUD,101,100,2,1000,1,0.493119,0.148811,0.156248
KCRDKL,101,100,2,1500,1,0.478756,0.134172,0.165453
KCUD,101,100,2,1500,1,0.48722,0.146089,0.153595
KCRDKL,1,100,2,500,1,0.004183,0.00345,0.000568
KCUD,1,100,2,500,1,0.003027,0.002793,0.000114
KCRDKL,1,100,2,1000,1,0.003714,0.002825,0.000751
KCUD,1,100,2,1000,1,0.002723,0.002524,0.000105
KCRDKL,1,100,2,1500,1,0.003563,0.002592,0.000857
KCUD,1,100,2,1500,1,0.0026,0.00243,8.7e-05
KCRDKL,11,100,2,500,2,0.014401,0.008444,0.003235
KCUD,11,100,2,500,2,0.015237,0.010202,0.002269
KCRDKL,11,100,2,1000,2,0.01557,0.008993,0.003753
KCUD,11,100,2,1000,2,0.015261,0.010531,0.002203
KCRDKL,11,100,2,1500,2,0.016124,0.008042,0.005457
KCUD,11,100,2,1500,2,0.015337,0.010607,0.002335
KCRDKL,21,100,2,500,6,0.10793,0.045345,0.027745
KCUD,21,100,2,500,2,0.037272,0.017818,0.008626
KCRDKL,21,100,2,1000,6,0.065639,0.028828,0.017406
KCUD,21,100,2,1000,2,0.023005,0.011206,0.005703
KCRDKL,21,100,2,1500,6,0.110279,0.044241,0.031207
KCUD,21,100,2,1500,2,0.026008,0.013591,0.006301
KCRDKL,31,100,2,500,2,0.086804,0.026184,0.027675
KCUD,31,100,2,500,2,0.089504,0.035152,0.025296
KCRDKL,31,100,2,1000,2,0.09674,0.032667,0.030279
KCUD,31,100,2,1000,2,0.098203,0.034765,0.024274
KCRDKL,31,100,2,1500,2,0.094598,0.036584,0.030851
KCUD,31,100,2,1500,2,0.099959,0.036636,0.023788
KCRDKL,41,100,2,500,6,0.434337,0.141687,0.117693
KCUD,41,100,2,500,2,0.159433,0.055976,0.044385
KCRDKL,41,100,2,1000,6,0.325188,0.106782,0.093561
KCUD,41,100,2,1000,2,0.151084,0.054837,0.041138
KCRDKL,41,100,2,1500,6,0.440393,0.141422,0.129198
KCUD,41,100,2,1500,2,0.17265,0.054865,0.04505
KCRDKL,51,100,2,500,6,0.485241,0.146325,0.135197
KCUD,51,100,2,500,2,0.231284,0.080676,0.065504
KCRDKL,51,100,2,1000,6,0.665215,0.197909,0.198805
KCUD,51,100,2,1000,2,0.251637,0.076012,0.068905
KCRDKL,51,100,2,1500,6,0.649686,0.192943,0.189358
KCUD,51,100,2,1500,2,0.250489,0.077845,0.065646
KCRDKL,61,100,2,500,2,0.334262,0.099278,0.105201
KCUD,61,100,2,500,2,0.208535,0.065416,0.063244
KCRDKL,61,100,2,1000,2,0.333112,0.103494,0.105475
KCUD,61,100,2,1000,2,0.338776,0.108961,0.099132
KCRDKL,61,100,2,1500,2,0.348896,0.106393,0.111266
KCUD,61,100,2,1500,2,0.250066,0.079299,0.073818
KCRDKL,71,100,2,500,2,0.423238,0.121861,0.146814
KCUD,71,100,2,500,2,0.460636,0.129787,0.129882
KCRDKL,71,100,2,1000,2,0.468041,0.123994,0.142203
KCUD,71,100,2,1000,2,0.297863,0.08525,0.091269
KCRDKL,71,100,2,1500,2,0.472934,0.131361,0.142216
KCUD,71,100,2,1500,2,0.458087,0.132675,0.130023
KCRDKL,81,100,2,500,2,0.427922,0.120229,0.152544
KCUD,81,100,2,500,2,0.563374,0.156707,0.157313
KCRDKL,81,100,2,1000,2,0.60059,0.162558,0.178734
KCUD,81,100,2,1000,2,0.46349,0.111143,0.158006
KCRDKL,81,100,2,1500,2,0.606213,0.164644,0.183302
KCUD,81,100,2,1500,2,0.586866,0.16592,0.162299
KCRDKL,91,100,2,500,2,0.700405,0.196556,0.221244
KCUD,91,100,2,500,2,0.746229,0.208553,0.202877
KCRDKL,91,100,2,1000,2,0.751183,0.208118,0.212795
KCUD,91,100,2,1000,2,0.688654,0.202304,0.201754
KCRDKL,91,100,2,1500,2,0.724161,0.197666,0.236212
KCUD,91,100,2,1500,2,0.745213,0.208835,0.205314
KCRDKL,101,100,2,500,2,0.812214,0.235525,0.241879
KCUD,101,100,2,500,2,0.905855,0.248302,0.244233
KCRDKL,101,100,2,1000,2,0.871795,0.237688,0.315852
KCUD,101,100,2,1000,2,0.830661,0.249059,0.236671
KCRDKL,101,100,2,1500,2,0.928527,0.239713,0.2945
KCUD,101,100,2,1500,2,0.695705,0.193967,0.225259
KCRDKL,1,100,2,500,1,0.010383,0.004624,0.005584
KCUD,1,100,2,500,1,0.004704,0.004399,0.000131
KCRDKL,1,100,2,1000,1,0.003741,0.00287,0.000752
KCUD,1,100,2,1000,1,0.003608,0.003364,0.000111
KCRDKL,1,100,2,1500,1,0.003879,0.002663,0.001086
KCUD,1,100,2,1500,1,0.0035,0.003263,0.000104
KCRDKL,11,100,2,500,2,0.013438,0.007816,0.003014
KCUD,11,100,2,500,2,0.014784,0.009745,0.002279
KCRDKL,11,100,2,1000,2,0.014429,0.007974,0.003894
KCUD,11,100,2,1000,2,0.014793,0.009755,0.002419
KCRDKL,11,100,2,1500,2,0.015914,0.008285,0.00521
KCUD,11,100,2,1500,2,0.015234,0.009988,0.002241
KCRDKL,21,100,2,500,2,0.039649,0.015797,0.011999
KCUD,21,100,2,500,2,0.038701,0.018714,0.009007
KCRDKL,21,100,2,1000,2,0.041875,0.016319,0.013225
KCUD,21,100,2,1000,2,0.038311,0.018814,0.009997
KCRDKL,21,100,2,1500,2,0.045202,0.016301,0.013442
KCUD,21,100,2,1500,2,0.040883,0.019816,0.009546
KCRDKL,31,100,2,500,2,0.091027,0.030473,0.029225
KCUD,31,100,2,500,2,0.087168,0.029932,0.023326
KCRDKL,31,100,2,1000,2,0.087377,0.031842,0.027736
KCUD,31,100,2,1000,2,0.081318,0.030271,0.024282
KCRDKL,31,100,2,1500,2,0.040077,0.013094,0.013081
KCUD,31,100,2,1500,2,0.061684,0.022709,0.019364
KCRDKL,41,100,2,500,2,0.143818,0.044859,0.052465
KCUD,41,100,2,500,2,0.163983,0.040718,0.048421
KCRDKL,41,100,2,1000,2,0.170121,0.054722,0.048632
KCUD,41,100,2,1000,2,0.156183,0.054017,0.044743
KCRDKL,41,100,2,1500,2,0.162698,0.057066,0.055868
KCUD,41,100,2,1500,2,0.174725,0.057981,0.045074
KCRDKL,51,100,2,500,2,0.238344,0.074815,0.07426
KCUD,51,100,2,500,2,0.224087,0.066384,0.051474
KCRDKL,51,100,2,1000,2,0.229082,0.068279,0.065517
KCUD,51,100,2,1000,2,0.23574,0.075968,0.059221
KCRDKL,51,100,2,1500,2,0.256881,0.07543,0.075925
KCUD,51,100,2,1500,2,0.24551,0.075804,0.06386
KCRDKL,61,100,2,500,2,0.341241,0.102959,0.108687
KCUD,61,100,2,500,2,0.254231,0.078413,0.065317
KCRDKL,61,100,2,1000,2,0.346278,0.096858,0.108942
KCUD,61,100,2,1000,2,0.354158,0.103936,0.10718
KCRDKL,61,100,2,1500,2,0.343615,0.105847,0.107691
KCUD,61,100,2,1500,2,0.33032,0.100522,0.097048
KCRDKL,71,100,2,500,2,0.251656,0.069668,0.100744
KCUD,71,100,2,500,2,0.439334,0.121394,0.12654
KCRDKL,71,100,2,1000,2,0.449015,0.125433,0.144447
KCUD,71,100,2,1000,2,0.412707,0.123665,0.121397
KCRDKL,71,100,2,1500,2,0.415726,0.127645,0.127443
KCUD,71,100,2,1500,2,0.422693,0.13501,0.120369
KCRDKL,81,100,2,500,2,0.512909,0.153715,0.148046
KCUD,81,100,2,500,2,0.485121,0.131595,0.139712
KCRDKL,81,100,2,1000,2,0.590685,0.158713,0.180317
KCUD,81,100,2,1000,2,0.52598,0.143353,0.136066
KCRDKL,81,100,2,1500,2,0.550514,0.15478,0.181949
KCUD,81,100,2,1500,2,0.577921,0.167776,0.153665
KCRDKL,91,100,2,500,2,0.634352,0.179097,0.203957
KCUD,91,100,2,500,2,0.731009,0.198879,0.203493
KCRDKL,91,100,2,1000,2,0.6001,0.168053,0.205723
KCUD,91,100,2,1000,2,0.728107,0.201319,0.199101
KCRDKL,91,100,2,1500,2,0.611154,0.179513,0.180882
KCUD,91,100,2,1500,2,0.719378,0.198733,0.197964
KCRDKL,101,100,2,500,2,0.694724,0.215857,0.248256
KCUD,101,100,2,500,2,0.915396,0.253125,0.238672
KCRDKL,101,100,2,1000,2,0.86212,0.237145,0.268835
KCUD,101,100,2,1000,2,0.817656,0.249659,0.227855
KCRDKL,101,100,2,1500,2,0.835636,0.23972,0.28978
KCUD,101,100,2,1500,2,0.822284,0.240178,0.240554
KCRDKL,1,100,2,500,2,0.015615,0.010507,0.004797
KCUD,1,100,2,500,2,0.006216,0.005791,0.000187
KCRDKL,1,100,2,1000,2,0.006055,0.005422,0.000412
KCUD,1,100,2,1000,2,0.005774,0.005365,0.000176
KCRDKL,1,100,2,1500,2,0.005887,0.005321,0.000351
KCUD,1,100,2,1500,2,0.005701,0.005294,0.000164
KCRDKL,11,100,2,500,1,0.010345,0.006205,0.002502
KCUD,11,100,2,500,1,0.009044,0.006091,0.00142
KCRDKL,11,100,2,1000,1,0.010275,0.005886,0.00305
KCUD,11,100,2,1000,1,0.009249,0.006054,0.00147
KCRDKL,11,100,2,1500,1,0.011374,0.005821,0.004294
KCUD,11,100,2,1500,1,0.009011,0.005702,0.001526
KCRDKL,21,100,2,500,1,0.024527,0.01197,0.007265
KCUD,21,100,2,500,1,0.023306,0.011564,0.00634
KCRDKL,21,100,2,1000,1,0.026425,0.011582,0.008371
KCUD,21,100,2,1000,1,0.023449,0.010305,0.006292
KCRDKL,21,100,2,1500,1,0.028729,0.011012,0.008568
KCUD,21,100,2,1500,1,0.028045,0.012358,0.005519
KCRDKL,31,100,2,500,1,0.052624,0.020594,0.01794
KCUD,31,100,2,500,1,0.049272,0.018952,0.015382
KCRDKL,31,100,2,1000,1,0.053508,0.021123,0.017006
KCUD,31,100,2,1000,1,0.05111,0.020072,0.015993
KCRDKL,31,100,2,1500,1,0.06688,0.020773,0.020966
KCUD,31,100,2,1500,1,0.051384,0.021853,0.014854
KCRDKL,41,100,2,500,1,0.093874,0.032663,0.031655
KCUD,41,100,2,500,1,0.090449,0.033031,0.028433
KCRDKL,41,100,2,1000,1,0.109959,0.032175,0.034121
KCUD,41,100,2,1000,1,0.106594,0.032998,0.029606
KCRDKL,41,100,2,1500,1,0.04333,0.012099,0.015076
KCUD,41,100,2,1500,1,0.043191,0.012444,0.015486
KCRDKL,51,100,2,500,1,0.122296,0.044255,0.04513
KCUD,51,100,2,500,1,0.146578,0.050252,0.036566
KCRDKL,51,100,2,1000,1,0.148423,0.041863,0.048972
KCUD,51,100,2,1000,1,0.155208,0.048059,0.044246
KCRDKL,51,100,2,1500,1,0.158695,0.046475,0.049379
KCUD,51,100,2,1500,1,0.146119,0.045096,0.043317
KCRDKL,61,100,2,500,1,0.19613,0.06566,0.066359
KCUD,61,100,2,500,1,0.216731,0.062991,0.060662
KCRDKL,61,100,2,1000,1,0.113625,0.03399,0.051112
KCUD,61,100,2,1000,1,0.163649,0.044085,0.061122
KCRDKL,61,100,2,1500,1,0.185808,0.058985,0.06576
KCUD,61,100,2,1500,1,0.189726,0.063499,0.062369
KCRDKL,71,100,2,500,1,0.248939,0.076618,0.088956
KCUD,71,100,2,500,1,0.245535,0.077207,0.081976
KCRDKL,71,100,2,1000,1,0.183624,0.045946,0.064397
KCUD,71,100,2,1000,1,0.215439,0.069039,0.069449
KCRDKL,71,100,2,1500,1,0.245395,0.073285,0.091171
KCUD,71,100,2,1500,1,0.278782,0.080498,0.082245
KCRDKL,81,100,2,500,1,0.325635,0.097697,0.11569
KCUD,81,100,2,500,1,0.31358,0.095713,0.103162
KCRDKL,81,100,2,1000,1,0.315274,0.095061,0.119038
KCUD,81,100,2,1000,1,0.304542,0.094948,0.101449
KCRDKL,81,100,2,1500,1,0.32693,0.094696,0.117779
KCUD,81,100,2,1500,1,0.315422,0.106431,0.094873
KCRDKL,91,100,2,500,1,0.376986,0.106491,0.134918
KCUD,91,100,2,500,1,0.392293,0.11946,0.126259
KCRDKL,91,100,2,1000,1,0.440382,0.123021,0.166966
KCUD,91,100,2,1000,1,0.299577,0.078635,0.096527
KCRDKL,91,100,2,1500,1,0.406708,0.119348,0.140977
KCUD,91,100,2,1500,1,0.402593,0.120515,0.131541
KCRDKL,101,100,2,500,1,0.387424,0.094174,0.154914
KCUD,101,100,2,500,1,0.466566,0.129625,0.157096
KCRDKL,101,100,2,1000,1,0.509008,0.150346,0.169108
KCUD,101,100,2,1000,1,0.381551,0.093776,0.12459
KCRDKL,101,100,2,1500,1,0.508144,0.154462,0.165487
KCUD,101,100,2,1500,1,0.484898,0.154405,0.141251
KCRDKL,1,100,2,500,2,0.007354,0.006235,0.000841
KCUD,1,100,2,500,2,0.005405,0.005046,0.000169
KCRDKL,1,100,2,1000,2,0.006222,0.005016,0.001004
KCUD,1,100,2,1000,2,0.005181,0.004836,0.000164
KCRDKL,1,100,2,1500,2,0.005923,0.004689,0.001027
KCUD,1,100,2,1500,2,0.005392,0.005012,0.000167
KCRDKL,11,100,2,500,1,0.009473,0.005598,0.002428
KCUD,11,100,2,500,1,0.008943,0.006088,0.001307
KCRDKL,11,100,2,1000,1,0.010145,0.006095,0.002875
KCUD,11,100,2,1000,1,0.009159,0.00623,0.001326
KCRDKL,11,100,2,1500,1,0.008628,0.004773,0.002739
KCUD,11,100,2,1500,1,0.007109,0.004734,0.001167
KCRDKL,21,100,2,500,1,0.025053,0.011499,0.006693
KCUD,21,100,2,500,1,0.022108,0.010675,0.005134
KCRDKL,21,100,2,1000,1,0.025703,0.012039,0.007804
KCUD,21,100,2,1000,1,0.02232,0.010976,0.00585
KCRDKL,21,100,2,1500,1,0.024287,0.010352,0.00854
KCUD,21,100,2,1500,1,0.023302,0.011152,0.005967
KCRDKL,31,100,2,500,1,0.053639,0.021061,0.01787
KCUD,31,100,2,500,1,0.056688,0.01952,0.013799
KCRDKL,31,100,2,1000,1,0.060154,0.019757,0.018018
KCUD,31,100,2,1000,1,0.057885,0.020792,0.015213
KCRDKL,31,100,2,1500,1,0.064752,0.021365,0.020407
KCUD,31,100,2,1500,1,0.051284,0.02089,0.015055
KCRDKL,41,100,2,500,1,0.094207,0.033848,0.032185
KCUD,41,100,2,500,1,0.10454,0.03276,0.028864
KCRDKL,41,100,2,1000,1,0.114631,0.033331,0.038762
KCUD,41,100,2,1000,1,0.090238,0.034078,0.028691
KCRDKL,41,100,2,1500,1,0.09588,0.033077,0.033942
KCUD,41,100,2,1500,1,0.08772,0.032836,0.027159
KCRDKL,51,100,2,500,1,0.128996,0.041374,0.047979
KCUD,51,100,2,500,1,0.072548,0.019464,0.022204
KCRDKL,51,100,2,1000,1,0.135556,0.035648,0.047145
KCUD,51,100,2,1000,1,0.126896,0.042532,0.04176
KCRDKL,51,100,2,1500,1,0.146671,0.04211,0.047119
KCUD,51,100,2,1500,1,0.150171,0.047369,0.042257
KCRDKL,61,100,2,500,1,0.197634,0.063796,0.067294
KCUD,61,100,2,500,1,0.18889,0.061471,0.061601
KCRDKL,61,100,2,1000,1,0.199477,0.061831,0.072014
KCUD,61,100,2,1000,1,0.178441,0.059153,0.057411
KCRDKL,61,100,2,1500,1,0.18275,0.055446,0.067059
KCUD,61,100,2,1500,1,0.18314,0.060232,0.065465
KCRDKL,71,100,2,500,1,0.255733,0.077263,0.096822
KCUD,71,100,2,500,1,0.277083,0.076948,0.082951
KCRDKL,71,100,2,1000,1,0.28519,0.0771,0.09142
KCUD,71,100,2,1000,1,0.270125,0.075224,0.079499
KCRDKL,71,100,2,1500,1,0.233532,0.072815,0.09045
KCUD,71,100,2,1500,1,0.237305,0.074551,0.077233
KCRDKL,81,100,2,500,1,0.329032,0.096874,0.116798
KCUD,81,100,2,500,1,0.312708,0.094878,0.104082
KCRDKL,81,100,2,1000,1,0.212908,0.059154,0.085848
KCUD,81,100,2,1000,1,0.289197,0.096618,0.096606
KCRDKL,81,100,2,1500,1,0.331365,0.096284,0.120396
KCUD,81,100,2,1500,1,0.314954,0.097743,0.105688
KCRDKL,91,100,2,500,1,0.333794,0.084803,0.105674
KCUD,91,100,2,500,1,0.373676,0.120957,0.115988
KCRDKL,91,100,2,1000,1,0.414007,0.121576,0.143078
KCUD,91,100,2,1000,1,0.400271,0.122352,0.127481
KCRDKL,91,100,2,1500,1,0.388946,0.123512,0.131189
KCUD,91,100,2,1500,1,0.390484,0.121859,0.126604
KCRDKL,101,100,2,500,1,0.507232,0.144677,0.172628
KCUD,101,100,2,500,1,0.37614,0.110804,0.142654
KCRDKL,101,100,2,1000,1,0.504765,0.154253,0.161161
KCUD,101,100,2,1000,1,0.489852,0.145429,0.156445
KCRDKL,101,100,2,1500,1,0.482049,0.12972,0.169789
KCUD,101,100,2,1500,1,0.491112,0.150316,0.150764
KCRDKL,1,100,2,500,3,0.009529,0.007932,0.001237
KCUD,1,100,2,500,2,0.006381,0.006002,0.000175
KCRDKL,1,100,2,1000,3,0.007996,0.006306,0.001362
KCUD,1,100,2,1000,2,0.005739,0.005379,0.000141
KCRDKL,1,100,2,1500,3,0.009284,0.006797,0.002219
KCUD,1,100,2,1500,2,0.005836,0.00545,0.000169
KCRDKL,11,100,2,500,4,0.033782,0.022375,0.006122
KCUD,11,100,2,500,1,0.009467,0.006487,0.001445
KCRDKL,11,100,2,1000,4,0.036833,0.023731,0.00826
KCUD,11,100,2,1000,1,0.009675,0.006306,0.00166
KCRDKL,11,100,2,1500,3,0.028723,0.017117,0.007151
KCUD,11,100,2,1500,1,0.009501,0.006295,0.001435
KCRDKL,21,100,2,500,1,0.025297,0.01253,0.007235
KCUD,21,100,2,500,1,0.021737,0.008753,0.004613
KCRDKL,21,100,2,1000,1,0.014173,0.00594,0.005041
KCUD,21,100,2,1000,1,0.013183,0.006292,0.003698
KCRDKL,21,100,2,1500,1,0.014784,0.005934,0.005693
KCUD,21,100,2,1500,1,0.013173,0.006318,0.003697
KCRDKL,31,100,2,500,1,0.048973,0.017969,0.016828
KCUD,31,100,2,500,1,0.054966,0.019349,0.014739
KCRDKL,31,100,2,1000,1,0.050032,0.015806,0.01622
KCUD,31,100,2,1000,1,0.060311,0.023154,0.012907
KCRDKL,31,100,2,1500,1,0.065697,0.022067,0.019805
KCUD,31,100,2,1500,1,0.05796,0.020704,0.014757
KCRDKL,41,100,2,500,1,0.089694,0.030832,0.03134
KCUD,41,100,2,500,1,0.088161,0.032466,0.027812
KCRDKL,41,100,2,1000,1,0.095719,0.033108,0.032405
KCUD,41,100,2,1000,1,0.097009,0.03189,0.0354
KCRDKL,41,100,2,1500,1,0.095504,0.029368,0.038289
KCUD,41,100,2,1500,1,0.090754,0.033689,0.027492
KCRDKL,51,100,2,500,1,0.139348,0.046117,0.047532
KCUD,51,100,2,500,1,0.150168,0.046502,0.041745
KCRDKL,51,100,2,1000,1,0.141427,0.047669,0.038701
KCUD,51,100,2,1000,1,0.061426,0.019383,0.021452
KCRDKL,51,100,2,1500,1,0.123958,0.0389,0.051482
KCUD,51,100,2,1500,1,0.144767,0.043228,0.042993
KCRDKL,61,100,2,500,1,0.18952,0.067204,0.061738
KCUD,61,100,2,500,1,0.219542,0.064549,0.062544
KCRDKL,61,100,2,1000,1,0.222936,0.059752,0.070302
KCUD,61,100,2,1000,1,0.217708,0.063104,0.06233
KCRDKL,61,100,2,1500,1,0.190497,0.059077,0.068984
KCUD,61,100,2,1500,1,0.09178,0.027439,0.034686
KCRDKL,71,100,2,500,1,0.247935,0.083983,0.082113
KCUD,71,100,2,500,1,0.263706,0.074113,0.080629
KCRDKL,71,100,2,1000,1,0.282838,0.075332,0.093391
KCUD,71,100,2,1000,1,0.275967,0.076141,0.083291
KCRDKL,71,100,2,1500,1,0.217783,0.05021,0.062502
KCUD,71,100,2,1500,1,0.214347,0.059246,0.069587
KCRDKL,81,100,2,500,1,0.317481,0.096186,0.113384
KCUD,81,100,2,500,1,0.315799,0.097652,0.104852
KCRDKL,81,100,2,1000,1,0.330714,0.097936,0.119184
KCUD,81,100,2,1000,1,0.230897,0.062415,0.073834
KCRDKL,81,100,2,1500,1,0.315251,0.088412,0.115499
KCUD,81,100,2,1500,1,0.317185,0.097557,0.105303
KCRDKL,91,100,2,500,1,0.41705,0.1218,0.14422
KCUD,91,100,2,500,1,0.296997,0.079345,0.095611
KCRDKL,91,100,2,1000,1,0.40605,0.118928,0.140847
KCUD,91,100,2,1000,1,0.40224,0.120687,0.131604
KCRDKL,91,100,2,1500,1,0.306263,0.07731,0.107221
KCUD,91,100,2,1500,1,0.367944,0.106033,0.124201
KCRDKL,101,100,2,500,1,0.528822,0.159106,0.183478
KCUD,101,100,2,500,1,0.489036,0.14515,0.156045
KCRDKL,101,100,2,1000,1,0.521595,0.14703,0.197133
KCUD,101,100,2,1000,1,0.486691,0.142295,0.156508
KCRDKL,101,100,2,1500,1,0.398129,0.127129,0.133802
KCUD,101,100,2,1500,1,0.470306,0.146353,0.143909
KCRDKL,1,100,2,500,1,0.005016,0.004152,0.000695
KCUD,1,100,2,500,1,0.00283,0.002624,0.0001
KCRDKL,1,100,2,1000,1,0.004184,0.002968,0.001069
KCUD,1,100,2,1000,1,0.002775,0.00257,0.000102
KCRDKL,1,100,2,1500,1,0.00396,0.002427,0.001426
KCUD,1,100,2,1500,1,0.003311,0.003056,0.000103
KCRDKL,11,100,2,500,2,0.012653,0.007523,0.002958
KCUD,11,100,2,500,2,0.014113,0.009654,0.001977
KCRDKL,11,100,2,1000,2,0.014154,0.007858,0.003729
KCUD,11,100,2,1000,2,0.015321,0.010267,0.00232
KCRDKL,11,100,2,1500,2,0.015422,0.007756,0.004787
KCUD,11,100,2,1500,2,0.015531,0.010105,0.002196
KCRDKL,21,100,2,500,4,0.072337,0.028843,0.019537
KCUD,21,100,2,500,2,0.042778,0.019177,0.008522
KCRDKL,21,100,2,1000,4,0.07567,0.031461,0.022048
KCUD,21,100,2,1000,2,0.039808,0.017967,0.01026
KCRDKL,21,100,2,1500,4,0.075724,0.02986,0.022517
KCUD,21,100,2,1500,2,0.037803,0.017268,0.00841
KCRDKL,31,100,2,500,2,0.038776,0.013031,0.012993
KCUD,31,100,2,500,2,0.071572,0.029599,0.018171
KCRDKL,31,100,2,1000,2,0.071346,0.02943,0.023109
KCUD,31,100,2,1000,2,0.098938,0.037116,0.023631
KCRDKL,31,100,2,1500,2,0.100803,0.033772,0.030672
KCUD,31,100,2,1500,2,0.082519,0.032813,0.021743
KCRDKL,41,100,2,500,3,0.228863,0.075316,0.06806
KCUD,41,100,2,500,2,0.17959,0.055708,0.050802
KCRDKL,41,100,2,1000,3,0.240195,0.074606,0.06572
KCUD,41,100,2,1000,2,0.173133,0.05759,0.042936
KCRDKL,41,100,2,1500,3,0.15398,0.046728,0.041435
KCUD,41,100,2,1500,2,0.105527,0.03594,0.027382
KCRDKL,51,100,2,500,4,0.417096,0.123172,0.130432
KCUD,51,100,2,500,2,0.256359,0.077112,0.070876
KCRDKL,51,100,2,1000,2,0.240639,0.075032,0.083485
KCUD,51,100,2,1000,2,0.249682,0.079462,0.06313
KCRDKL,51,100,2,1500,2,0.150371,0.047919,0.045039
KCUD,51,100,2,1500,2,0.232186,0.067463,0.065085
KCRDKL,61,100,2,500,3,0.479274,0.144087,0.143396
KCUD,61,100,2,500,2,0.333754,0.108341,0.095516
KCRDKL,61,100,2,1000,3,0.374759,0.120813,0.10905
KCUD,61,100,2,1000,2,0.308567,0.101157,0.09846
KCRDKL,61,100,2,1500,3,0.512205,0.14484,0.145604
KCUD,61,100,2,1500,2,0.365877,0.108534,0.0981
KCRDKL,71,100,2,500,4,0.758918,0.213161,0.217797
KCUD,71,100,2,500,2,0.456996,0.136327,0.122773
KCRDKL,71,100,2,1000,4,0.670108,0.19617,0.192895
KCUD,71,100,2,1000,2,0.445407,0.12609,0.12489
KCRDKL,71,100,2,1500,4,0.65784,0.171311,0.189553
KCUD,71,100,2,1500,2,0.443077,0.137708,0.115326
KCRDKL,81,100,2,500,4,0.892942,0.244454,0.264021
KCUD,81,100,2,500,2,0.526924,0.160551,0.179412
KCRDKL,81,100,2,1000,4,0.851772,0.22276,0.291469
KCUD,81,100,2,1000,2,0.570404,0.158263,0.1607
KCRDKL,81,100,2,1500,4,0.907292,0.262119,0.269837
KCUD,81,100,2,1500,2,0.580887,0.163246,0.164046
KCRDKL,91,100,2,500,4,1.26233,0.354172,0.376244
KCUD,91,100,2,500,2,0.711246,0.197132,0.183615
KCRDKL,91,100,2,1000,4,1.16509,0.33885,0.344637
KCUD,91,100,2,1000,2,0.700437,0.211364,0.191253
KCRDKL,91,100,2,1500,4,1.22802,0.324101,0.371541
KCUD,91,100,2,1500,2,0.73288,0.197702,0.203716
KCRDKL,101,100,2,500,4,1.42956,0.384161,0.436168
KCUD,101,100,2,500,2,0.864756,0.261203,0.216301
KCRDKL,101,100,2,1000,6,2.11854,0.592243,0.607014
KCUD,101,100,2,1000,2,0.866406,0.23055,0.238024
KCRDKL,101,100,2,1500,4,1.60894,0.428317,0.487856
KCUD,101,100,2,1500,2,0.731491,0.203546,0.227539
KCRDKL,1,100,2,500,1,0.005937,0.003243,0.002557
KCUD,1,100,2,500,1,0.003272,0.003096,9.1e-05
KCRDKL,1,100,2,1000,1,0.002965,0.0024,0.000484
KCUD,1,100,2,1000,1,0.00325,0.003062,9.3e-05
KCRDKL,1,100,2,1500,1,0.003243,0.002473,0.000688
KCUD,1,100,2,1500,1,0.003276,0.00308,9.8e-05
KCRDKL,11,100,2,500,1,0.006027,0.00337,0.001516
KCUD,11,100,2,500,1,0.006379,0.004112,0.001215
KCRDKL,11,100,2,1000,1,0.006197,0.003366,0.001806
KCUD,11,100,2,1000,1,0.006309,0.004096,0.001187
KCRDKL,11,100,2,1500,1,0.006332,0.003374,0.001942
KCUD,11,100,2,1500,1,0.006447,0.004005,0.001317
KCRDKL,21,100,2,500,1,0.013271,0.005408,0.004591
KCUD,21,100,2,500,1,0.021998,0.009882,0.005995
KCRDKL,21,100,2,1000,1,0.023789,0.010248,0.006192
KCUD,21,100,2,1000,1,0.019525,0.008747,0.005316
KCRDKL,21,100,2,1500,1,0.023242,0.010264,0.00685
KCUD,21,100,2,1500,1,0.019749,0.010229,0.004188
KCRDKL,31,100,2,500,1,0.050585,0.018413,0.015901
KCUD,31,100,2,500,1,0.053693,0.022481,0.013488
KCRDKL,31,100,2,1000,1,0.060559,0.019873,0.017245
KCUD,31,100,2,1000,1,0.058194,0.019817,0.015191
KCRDKL,31,100,2,1500,1,0.050208,0.018872,0.017423
KCUD,31,100,2,1500,1,0.04782,0.019606,0.014325
KCRDKL,41,100,2,500,1,0.09349,0.031635,0.033595
KCUD,41,100,2,500,1,0.091229,0.033452,0.030144
KCRDKL,41,100,2,1000,1,0.093342,0.033199,0.032194
KCUD,41,100,2,1000,1,0.102797,0.033214,0.028058
KCRDKL,41,100,2,1500,1,0.099001,0.03023,0.039793
KCUD,41,100,2,1500,1,0.088543,0.031082,0.029091
KCRDKL,51,100,2,500,1,0.139246,0.044524,0.049275
KCUD,51,100,2,500,1,0.135764,0.046047,0.045082
KCRDKL,51,100,2,1000,1,0.060911,0.018346,0.022186
KCUD,51,100,2,1000,1,0.102952,0.03336,0.031014
KCRDKL,51,100,2,1500,1,0.132972,0.043207,0.04998
KCUD,51,100,2,1500,1,0.130883,0.04525,0.041123
KCRDKL,61,100,2,500,1,0.198173,0.061498,0.069813
KCUD,61,100,2,500,1,0.220186,0.065023,0.062414
KCRDKL,61,100,2,1000,1,0.224044,0.068084,0.064234
KCUD,61,100,2,1000,1,0.220056,0.063555,0.064308
KCRDKL,61,100,2,1500,1,0.118474,0.038186,0.046279
KCUD,61,100,2,1500,1,0.151986,0.046682,0.047272
KCRDKL,71,100,2,500,1,0.245545,0.072335,0.087708
KCUD,71,100,2,500,1,0.269363,0.078348,0.079152
KCRDKL,71,100,2,1000,1,0.282359,0.074831,0.090813
KCUD,71,100,2,1000,1,0.276387,0.079253,0.081619
KCRDKL,71,100,2,1500,1,0.143648,0.047397,0.051708
KCUD,71,100,2,1500,1,0.243701,0.058381,0.079465
KCRDKL,81,100,2,500,1,0.32042,0.098328,0.111025
KCUD,81,100,2,500,1,0.314013,0.097671,0.102894
KCRDKL,81,100,2,1000,1,0.325783,0.094343,0.116025
KCUD,81,100,2,1000,1,0.203887,0.062341,0.082215
KCRDKL,81,100,2,1500,1,0.311911,0.092399,0.114357
KCUD,81,100,2,1500,1,0.317111,0.097509,0.105219
KCRDKL,91,100,2,500,1,0.41595,0.12101,0.143292
KCUD,91,100,2,500,1,0.277338,0.079721,0.11541
KCRDKL,91,100,2,1000,1,0.41138,0.118048,0.141902
KCUD,91,100,2,1000,1,0.401765,0.124711,0.129186
KCRDKL,91,100,2,1500,1,0.291406,0.075086,0.132174
KCUD,91,100,2,1500,1,0.379367,0.110443,0.125332
KCRDKL,101,100,2,500,1,0.501098,0.155161,0.157641
KCUD,101,100,2,500,1,0.48624,0.142787,0.154942
KCRDKL,101,100,2,1000,1,0.494076,0.144961,0.168599
KCUD,101,100,2,1000,1,0.485792,0.159028,0.142367
KCRDKL,101,100,2,1500,1,0.401851,0.106787,0.134286
KCUD,101,100,2,1500,1,0.478696,0.143688,0.156946
KCRDKL,1,100,2,500,1,0.004809,0.004016,0.000629
KCUD,1,100,2,500,1,0.003781,0.003543,0.000117
KCRDKL,1,100,2,1000,1,0.003613,0.002764,0.000735
KCUD,1,100,2,1000,1,0.003289,0.003061,0.000105
KCRDKL,1,100,2,1500,1,0.004463,0.003245,0.001114
KCUD,1,100,2,1500,1,0.003524,0.003299,0.000101
KCRDKL,11,100,2,500,1,0.008212,0.004576,0.001942
KCUD,11,100,2,500,1,0.008426,0.00543,0.001265
KCRDKL,11,100,2,1000,1,0.008447,0.004695,0.002208
KCUD,11,100,2,1000,1,0.00825,0.005458,0.001385
KCRDKL,11,100,2,1500,1,0.01111,0.006353,0.003203
KCUD,11,100,2,1500,1,0.00806,0.005474,0.001276
KCRDKL,21,100,2,500,1,0.023401,0.0098,0.007617
KCUD,21,100,2,500,1,0.022445,0.00963,0.006698
KCRDKL,21,100,2,1000,1,0.026473,0.009981,0.007361
KCUD,21,100,2,1000,1,0.022755,0.010557,0.006272
KCRDKL,21,100,2,1500,1,0.028332,0.010612,0.009375
KCUD,21,100,2,1500,1,0.021793,0.010384,0.005704
KCRDKL,31,100,2,500,1,0.052411,0.019867,0.01867
KCUD,31,100,2,500,1,0.048888,0.020056,0.014445
KCRDKL,31,100,2,1000,1,0.05097,0.019833,0.017103
KCUD,31,100,2,1000,1,0.035293,0.011911,0.008571
KCRDKL,31,100,2,1500,1,0.024881,0.008174,0.008269
KCUD,31,100,2,1500,1,0.022624,0.008358,0.007545
KCRDKL,41,100,2,500,1,0.079853,0.026048,0.029294
KCUD,41,100,2,500,1,0.084202,0.024953,0.027823
KCRDKL,41,100,2,1000,1,0.090527,0.030213,0.031897
KCUD,41,100,2,1000,1,0.087544,0.03179,0.026787
KCRDKL,41,100,2,1500,2,0.174533,0.051007,0.053706
KCUD,41,100,2,1500,1,0.103876,0.033159,0.029241
KCRDKL,51,100,2,500,1,0.137891,0.044741,0.047369
KCUD,51,100,2,500,1,0.13025,0.044166,0.04367
KCRDKL,51,100,2,1000,1,0.138588,0.045244,0.048017
KCUD,51,100,2,1000,1,0.133084,0.046058,0.042163
KCRDKL,51,100,2,1500,1,0.128799,0.046333,0.04336
KCUD,51,100,2,1500,1,0.06686,0.018516,0.022097
KCRDKL,61,100,2,500,1,0.179548,0.063885,0.067692
KCUD,61,100,2,500,1,0.209718,0.059636,0.060033
KCRDKL,61,100,2,1000,1,0.22264,0.066979,0.064001
KCUD,61,100,2,1000,1,0.220552,0.065261,0.063642
KCRDKL,61,100,2,1500,1,0.224197,0.06816,0.064456
KCUD,61,100,2,1500,1,0.218825,0.06218,0.062319
KCRDKL,71,100,2,500,1,0.13624,0.034871,0.059617
KCUD,71,100,2,500,1,0.222723,0.069215,0.083478
KCRDKL,71,100,2,1000,1,0.25069,0.076023,0.089074
KCUD,71,100,2,1000,1,0.249016,0.085128,0.076545
KCRDKL,71,100,2,1500,1,0.258147,0.076366,0.093667
KCUD,71,100,2,1500,1,0.244534,0.077911,0.080826
KCRDKL,81,100,2,500,1,0.298354,0.089585,0.106365
KCUD,81,100,2,500,1,0.304664,0.087756,0.101967
KCRDKL,81,100,2,1000,1,0.326931,0.095469,0.117074
KCUD,81,100,2,1000,1,0.319244,0.095885,0.105656
KCRDKL,81,100,2,1500,1,0.244151,0.068032,0.094332
KCUD,81,100,2,1500,1,0.311447,0.098718,0.107493
KCRDKL,91,100,2,500,1,0.414358,0.120086,0.141237
KCUD,91,100,2,500,1,0.404508,0.123199,0.130025
KCRDKL,91,100,2,1000,1,0.378589,0.124681,0.125142
KCUD,91,100,2,1000,1,0.390864,0.119654,0.127533
KCRDKL,91,100,2,1500,1,0.419596,0.120707,0.144276
KCUD,91,100,2,1500,1,0.340952,0.099843,0.09744
KCRDKL,101,100,2,500,1,0.497372,0.143095,0.170939
KCUD,101,100,2,500,1,0.488291,0.145464,0.156604
KCRDKL,101,100,2,1000,1,0.407304,0.100363,0.1404
KCUD,101,100,2,1000,1,0.479634,0.143036,0.158669
KCRDKL,101,100,2,1500,1,0.505767,0.145766,0.17215
KCUD,101,100,2,1500,1,0.372194,0.10752,0.121526
KCRDKL,1,100,2,500,1,0.006109,0.003982,0.001922
KCUD,1,100,2,500,1,0.00347,0.003259,0.000112
KCRDKL,1,100,2,1000,1,0.003633,0.002618,0.000842
KCUD,1,100,2,1000,1,0.003617,0.003383,0.000112
KCRDKL,1,100,2,1500,1,0.004216,0.002485,0.001583
KCUD,1,100,2,1500,1,0.003171,0.002958,9.5e-05
KCRDKL,11,100,2,500,1,0.007531,0.004361,0.001858
KCUD,11,100,2,500,1,0.007503,0.004708,0.00127
KCRDKL,11,100,2,1000,1,0.008979,0.004178,0.002846
KCUD,11,100,2,1000,1,0.007867,0.005251,0.001381
KCRDKL,11,100,2,1500,1,0.009293,0.004734,0.003001
KCUD,11,100,2,1500,1,0.007823,0.004681,0.001437
KCRDKL,21,100,2,500,2,0.036591,0.012784,0.010441
KCUD,21,100,2,500,2,0.041238,0.017829,0.009589
KCRDKL,21,100,2,1000,2,0.039112,0.016107,0.01206
KCUD,21,100,2,1000,2,0.037831,0.018543,0.008152
KCRDKL,21,100,2,1500,2,0.042233,0.016026,0.014285
KCUD,21,100,2,1500,2,0.039788,0.018114,0.009581
KCRDKL,31,100,2,500,2,0.08884,0.033174,0.026893
KCUD,31,100,2,500,2,0.087495,0.031898,0.023501
KCRDKL,31,100,2,1000,2,0.08869,0.034893,0.025163
KCUD,31,100,2,1000,2,0.096909,0.03473,0.023087
KCRDKL,31,100,2,1500,2,0.092227,0.030175,0.026766
KCUD,31,100,2,1500,2,0.064595,0.021645,0.0151
KCRDKL,41,100,2,500,2,0.106231,0.031147,0.034384
KCUD,41,100,2,500,2,0.1485,0.043186,0.05081
KCRDKL,41,100,2,1000,2,0.177615,0.051965,0.053823
KCUD,41,100,2,1000,2,0.151045,0.051078,0.045094
KCRDKL,41,100,2,1500,2,0.175299,0.045198,0.050266
KCUD,41,100,2,1500,2,0.168462,0.054809,0.041625
KCRDKL,51,100,2,500,2,0.237072,0.071589,0.07561
KCUD,51,100,2,500,2,0.248515,0.074502,0.0665
KCRDKL,51,100,2,1000,2,0.132186,0.041723,0.046837
KCUD,51,100,2,1000,2,0.219968,0.070622,0.061214
KCRDKL,51,100,2,1500,2,0.242353,0.065615,0.071975
KCUD,51,100,2,1500,2,0.249472,0.078712,0.064161
KCRDKL,61,100,2,500,2,0.341682,0.107106,0.10474
KCUD,61,100,2,500,2,0.329327,0.104644,0.096482
KCRDKL,61,100,2,1000,2,0.338832,0.098646,0.086621
KCUD,61,100,2,1000,2,0.340798,0.101685,0.092872
KCRDKL,61,100,2,1500,2,0.367292,0.103151,0.107758
KCUD,61,100,2,1500,2,0.357597,0.108795,0.093418
KCRDKL,71,100,2,500,2,0.333173,0.091779,0.109871
KCUD,71,100,2,500,2,0.43248,0.120077,0.12338
KCRDKL,71,100,2,1000,2,0.45919,0.122951,0.137622
KCUD,71,100,2,1000,2,0.446376,0.121967,0.13942
KCRDKL,71,100,2,1500,2,0.452592,0.127677,0.147423
KCUD,71,100,2,1500,2,0.458669,0.127526,0.128668
KCRDKL,81,100,2,500,2,0.523612,0.155479,0.150074
KCUD,81,100,2,500,2,0.499489,0.134745,0.143454
KCRDKL,81,100,2,1000,2,0.603249,0.163711,0.178985
KCUD,81,100,2,1000,2,0.489193,0.14098,0.132243
KCRDKL,81,100,2,1500,2,0.605631,0.161752,0.187109
KCUD,81,100,2,1500,2,0.561146,0.169035,0.16825
KCRDKL,91,100,2,500,2,0.649,0.187276,0.207089
KCUD,91,100,2,500,2,0.741503,0.205206,0.203815
KCRDKL,91,100,2,1000,2,0.642289,0.167533,0.186485
KCUD,91,100,2,1000,2,0.726859,0.200324,0.197103
KCRDKL,91,100,2,1500,2,0.576101,0.156757,0.189766
KCUD,91,100,2,1500,2,0.728098,0.199168,0.199815
KCRDKL,101,100,2,500,2,0.713081,0.214802,0.241366
KCUD,101,100,2,500,2,0.895309,0.241892,0.245286
KCRDKL,101,100,2,1000,2,0.883005,0.235773,0.257932
KCUD,101,100,2,1000,2,0.826736,0.241139,0.243695
KCRDKL,101,100,2,1500,2,0.843993,0.239329,0.264457
KCUD,101,100,2,1500,2,0.818196,0.238965,0.232107
KCRDKL,1,100,2,500,1,0.004724,0.003917,0.000652
KCUD,1,100,2,500,1,0.004231,0.003967,0.000121
KCRDKL,1,100,2,1000,1,0.003334,0.002523,0.000672
KCUD,1,100,2,1000,1,0.003661,0.003369,0.000138
KCRDKL,1,100,2,1500,1,0.003723,0.002527,0.001063
KCUD,1,100,2,1500,1,0.003609,0.00339,0.000113
KCRDKL,11,100,2,500,2,0.012976,0.00716,0.00306
KCUD,11,100,2,500,2,0.014345,0.00958,0.002064
KCRDKL,11,100,2,1000,2,0.013367,0.007615,0.003569
KCUD,11,100,2,1000,2,0.013795,0.009316,0.002026
KCRDKL,11,100,2,1500,2,0.015089,0.007646,0.004656
KCUD,11,100,2,1500,2,0.014616,0.009764,0.002225
KCRDKL,21,100,2,500,2,0.037863,0.014913,0.010745
KCUD,21,100,2,500,2,0.040063,0.018591,0.009757
KCRDKL,21,100,2,1000,2,0.041654,0.017213,0.013311
KCUD,21,100,2,1000,2,0.041366,0.019275,0.008888
KCRDKL,21,100,2,1500,2,0.040697,0.01716,0.012895
KCUD,21,100,2,1500,2,0.043247,0.018958,0.009727
KCRDKL,31,100,2,500,2,0.088731,0.032151,0.026287
KCUD,31,100,2,500,2,0.101393,0.035875,0.02677
KCRDKL,31,100,2,1000,2,0.100653,0.031593,0.028706
KCUD,31,100,2,1000,2,0.098679,0.034887,0.024178
KCRDKL,31,100,2,1500,2,0.090326,0.033117,0.028087
KCUD,31,100,2,1500,2,0.089925,0.03382,0.019696
KCRDKL,41,100,2,500,2,0.066553,0.020136,0.022684
KCUD,41,100,2,500,2,0.1593,0.052502,0.038345
KCRDKL,41,100,2,1000,2,0.170599,0.051837,0.048713
KCUD,41,100,2,1000,2,0.161797,0.053392,0.040895
KCRDKL,41,100,2,1500,2,0.182431,0.054407,0.054272
KCUD,41,100,2,1500,2,0.157165,0.05439,0.043164
KCRDKL,51,100,2,500,4,0.440297,0.138312,0.125695
KCUD,51,100,2,500,2,0.235853,0.077818,0.067145
KCRDKL,51,100,2,1000,4,0.430091,0.127826,0.130841
KCUD,51,100,2,1000,2,0.241167,0.073515,0.064398
KCRDKL,51,100,2,1500,4,0.456256,0.137487,0.128143
KCUD,51,100,2,1500,2,0.251929,0.075751,0.069128
KCRDKL,61,100,2,500,4,0.588897,0.16427,0.168943
KCUD,61,100,2,500,2,0.358092,0.106792,0.094451
KCRDKL,61,100,2,1000,4,0.492728,0.133949,0.139503
KCUD,61,100,2,1000,2,0.140165,0.040657,0.041217
KCRDKL,61,100,2,1500,4,0.25176,0.066195,0.083335
KCUD,61,100,2,1500,2,0.130623,0.039039,0.041578
KCRDKL,71,100,2,500,4,0.646708,0.201446,0.179534
KCUD,71,100,2,500,2,0.451015,0.126926,0.12863
KCRDKL,71,100,2,1000,4,0.646562,0.169545,0.182555
KCUD,71,100,2,1000,2,0.429868,0.114117,0.12894
KCRDKL,71,100,2,1500,4,0.774664,0.197992,0.217335
KCUD,71,100,2,1500,2,0.382797,0.113341,0.113633
KCRDKL,81,100,2,500,3,0.802362,0.229055,0.241795
KCUD,81,100,2,500,2,0.428464,0.113274,0.129731
KCRDKL,81,100,2,1000,3,0.909762,0.259206,0.280769
KCUD,81,100,2,1000,2,0.535516,0.146471,0.155018
KCRDKL,81,100,2,1500,3,0.856117,0.238619,0.259431
KCUD,81,100,2,1500,2,0.608313,0.170152,0.177301
KCRDKL,91,100,2,500,3,1.03846,0.292288,0.323001
KCUD,91,100,2,500,2,0.679483,0.198459,0.197071
KCRDKL,91,100,2,1000,3,0.840132,0.21806,0.271752
KCUD,91,100,2,1000,2,0.714049,0.195389,0.216259
KCRDKL,91,100,2,1500,3,0.871497,0.229077,0.28963
KCUD,91,100,2,1500,2,0.64729,0.191643,0.210017
KCRDKL,101,100,2,500,4,1.53524,0.422549,0.479734
KCUD,101,100,2,500,2,0.761516,0.224394,0.238383
KCRDKL,101,100,2,1000,4,1.51337,0.43648,0.415327
KCUD,101,100,2,1000,2,0.820532,0.237481,0.258197
KCRDKL,101,100,2,1500,4,1.44554,0.369406,0.424798
KCUD,101,100,2,1500,2,0.901333,0.230219,0.284775
KCRDKL,1,100,2,500,2,0.016637,0.011818,0.004431
KCUD,1,100,2,500,2,0.00633,0.005914,0.00019
KCRDKL,1,100,2,1000,2,0.006495,0.005825,0.000421
KCUD,1,100,2,1000,2,0.007262,0.006713,0.000221
KCRDKL,1,100,2,1500,2,0.006606,0.0059,0.000423
KCUD,1,100,2,1500,2,0.006374,0.00588,0.000207
KCRDKL,11,100,2,500,1,0.011905,0.007239,0.00305
KCUD,11,100,2,500,1,0.011962,0.008271,0.001552
KCRDKL,11,100,2,1000,1,0.013214,0.006564,0.004289
KCUD,11,100,2,1000,1,0.009773,0.006643,0.001533
KCRDKL,11,100,2,1500,1,0.010307,0.005236,0.00376
KCUD,11,100,2,1500,1,0.008246,0.005555,0.001428
KCRDKL,21,100,2,500,1,0.017008,0.007669,0.005354
KCUD,21,100,2,500,1,0.016629,0.008019,0.004561
KCRDKL,21,100,2,1000,1,0.019067,0.007516,0.006144
KCUD,21,100,2,1000,1,0.022114,0.010649,0.006358
KCRDKL,21,100,2,1500,1,0.030444,0.010281,0.011912
KCUD,21,100,2,1500,1,0.024396,0.011646,0.00711
KCRDKL,31,100,2,500,1,0.053285,0.01765,0.019014
KCUD,31,100,2,500,1,0.062642,0.017837,0.016787
KCRDKL,31,100,2,1000,1,0.051342,0.01761,0.018477
KCUD,31,100,2,1000,1,0.058197,0.018799,0.018873
KCRDKL,31,100,2,1500,1,0.060823,0.02356,0.022298
KCUD,31,100,2,1500,1,0.053966,0.022783,0.014632
KCRDKL,41,100,2,500,1,0.096592,0.032725,0.034684
KCUD,41,100,2,500,1,0.112734,0.03221,0.031921
KCRDKL,41,100,2,1000,1,0.111756,0.03952,0.038254
KCUD,41,100,2,1000,1,0.096548,0.029457,0.034581
KCRDKL,41,100,2,1500,1,0.098905,0.03552,0.034545
KCUD,41,100,2,1500,1,0.093235,0.032209,0.031629
KCRDKL,51,100,2,500,1,0.142449,0.045905,0.051285
KCUD,51,100,2,500,1,0.140349,0.046419,0.04959
KCRDKL,51,100,2,1000,1,0.168864,0.049495,0.059645
KCUD,51,100,2,1000,1,0.137729,0.044511,0.045863
KCRDKL,51,100,2,1500,1,0.174987,0.050538,0.057049
KCUD,51,100,2,1500,1,0.146693,0.053648,0.044303
KCRDKL,61,100,2,500,1,0.129531,0.035331,0.055857
KCUD,61,100,2,500,1,0.21764,0.0613,0.063248
KCRDKL,61,100,2,1000,1,0.225571,0.061207,0.069253
KCUD,61,100,2,1000,1,0.206945,0.05204,0.063155
KCRDKL,61,100,2,1500,1,0.212197,0.058181,0.069792
KCUD,61,100,2,1500,1,0.201749,0.058673,0.060323
KCRDKL,71,100,2,500,1,0.242339,0.072369,0.088937
KCUD,71,100,2,500,1,0.233047,0.073252,0.079696
KCRDKL,71,100,2,1000,1,0.260233,0.080892,0.095259
KCUD,71,100,2,1000,1,0.24466,0.07363,0.086951
KCRDKL,71,100,2,1500,1,0.173729,0.051088,0.06837
KCUD,71,100,2,1500,1,0.236609,0.081198,0.071951
KCRDKL,81,100,2,500,1,0.323002,0.101864,0.109698
KCUD,81,100,2,500,1,0.335197,0.093315,0.09609
KCRDKL,81,100,2,1000,1,0.358295,0.093255,0.117431
KCUD,81,100,2,1000,1,0.345499,0.088013,0.109472
KCRDKL,81,100,2,1500,1,0.352636,0.095895,0.112087
KCUD,81,100,2,1500,1,0.304058,0.10221,0.091289
KCRDKL,91,100,2,500,1,0.392237,0.118786,0.131866
KCUD,91,100,2,500,1,0.38188,0.112071,0.129103
KCRDKL,91,100,2,1000,1,0.388227,0.1119,0.134265
KCUD,91,100,2,1000,1,0.392895,0.117213,0.124779
KCRDKL,91,100,2,1500,1,0.405777,0.110051,0.145994
KCUD,91,100,2,1500,1,0.38783,0.113281,0.125279
KCRDKL,101,100,2,500,1,0.493602,0.123184,0.178206
KCUD,101,100,2,500,1,0.47239,0.141344,0.150672
KCRDKL,101,100,2,1000,1,0.495416,0.138285,0.172973
KCUD,101,100,2,1000,1,0.505597,0.134545,0.183847
KCRDKL,101,100,2,1500,1,0.408422,0.11914,0.139554
KCUD,101,100,2,1500,1,0.486199,0.141874,0.154249
KCRDKL,1,100,2,500,1,0.004743,0.003935,0.000589
KCUD,1,100,2,500,1,0.004201,0.00388,0.000143
KCRDKL,1,100,2,1000,1,0.004166,0.003315,0.000675
KCUD,1,100,2,1000,1,0.003033,0.002807,0.000112
KCRDKL,1,100,2,1500,1,0.003932,0.002868,0.000953
KCUD,1,100,2,1500,1,0.003661,0.003357,0.00013
KCRDKL,11,100,2,500,1,0.009612,0.005633,0.002596
KCUD,11,100,2,500,1,0.011592,0.007851,0.001755
KCRDKL,11,100,2,1000,1,0.010522,0.005813,0.00324
KCUD,11,100,2,1000,1,0.010028,0.006358,0.001613
KCRDKL,11,100,2,1500,1,0.009716,0.00509,0.003307
KCUD,11,100,2,1500,1,0.009796,0.006376,0.001678
KCRDKL,21,100,2,500,1,0.023349,0.010058,0.006814
KCUD,21,100,2,500,1,0.025866,0.011984,0.005384
KCRDKL,21,100,2,1000,1,0.026297,0.011993,0.006956
KCUD,21,100,2,1000,1,0.022252,0.010533,0.005601
KCRDKL,21,100,2,1500,1,0.028884,0.0107,0.009954
KCUD,21,100,2,1500,1,0.024592,0.011463,0.006266
KCRDKL,31,100,2,500,1,0.050468,0.021946,0.015443
KCUD,31,100,2,500,1,0.056567,0.018739,0.015317
KCRDKL,31,100,2,1000,1,0.06284,0.016881,0.019977
KCUD,31,100,2,1000,1,0.051738,0.018739,0.016374
KCRDKL,31,100,2,1500,1,0.053061,0.019048,0.019876
KCUD,31,100,2,1500,1,0.049821,0.019878,0.013811
KCRDKL,41,100,2,500,1,0.093511,0.033924,0.030564
KCUD,41,100,2,500,1,0.101194,0.032034,0.029098
KCRDKL,41,100,2,1000,1,0.109753,0.032372,0.033048
KCUD,41,100,2,1000,1,0.091932,0.032018,0.030259
KCRDKL,41,100,2,1500,1,0.106845,0.034547,0.030253
KCUD,41,100,2,1500,1,0.103083,0.036191,0.026343
KCRDKL,51,100,2,500,1,0.126593,0.041617,0.045133
KCUD,51,100,2,500,1,0.111906,0.030535,0.034842
KCRDKL,51,100,2,1000,1,0.128852,0.041188,0.04558
KCUD,51,100,2,1000,1,0.114188,0.038687,0.033673
KCRDKL,51,100,2,1500,1,0.139296,0.04261,0.051466
KCUD,51,100,2,1500,1,0.12543,0.041433,0.040332
KCRDKL,61,100,2,500,1,0.178501,0.054451,0.065583
KCUD,61,100,2,500,1,0.203461,0.058576,0.063281
KCRDKL,61,100,2,1000,1,0.213054,0.064017,0.067813
KCUD,61,100,2,1000,1,0.178521,0.064778,0.056372
KCRDKL,61,100,2,1500,1,0.189401,0.061355,0.068608
KCUD,61,100,2,1500,1,0.19224,0.062693,0.070966
KCRDKL,71,100,2,500,1,0.249993,0.070899,0.092213
KCUD,71,100,2,500,1,0.245906,0.077496,0.081017
KCRDKL,71,100,2,1000,1,0.205058,0.060072,0.071482
KCUD,71,100,2,1000,1,0.22914,0.071444,0.082395
KCRDKL,71,100,2,1500,1,0.237013,0.0719,0.081905
KCUD,71,100,2,1500,1,0.245414,0.074331,0.088159
KCRDKL,81,100,2,500,1,0.322723,0.094878,0.113399
KCUD,81,100,2,500,1,0.310486,0.096075,0.104979
KCRDKL,81,100,2,1000,1,0.318632,0.093866,0.112344
KCUD,81,100,2,1000,1,0.299097,0.090849,0.098014
KCRDKL,81,100,2,1500,1,0.298918,0.090903,0.102049
KCUD,81,100,2,1500,1,0.303397,0.096243,0.09942
KCRDKL,91,100,2,500,1,0.430364,0.12293,0.15002
KCUD,91,100,2,500,1,0.405683,0.116336,0.134912
KCRDKL,91,100,2,1000,1,0.430338,0.124296,0.147737
KCUD,91,100,2,1000,1,0.394159,0.116188,0.128736
KCRDKL,91,100,2,1500,1,0.446877,0.130352,0.15958
KCUD,91,100,2,1500,1,0.403474,0.116176,0.13579
KCRDKL,101,100,2,500,1,0.550364,0.158783,0.188774
KCUD,101,100,2,500,1,0.529368,0.156757,0.17136
KCRDKL,101,100,2,1000,1,0.545904,0.155738,0.193134
KCUD,101,100,2,1000,1,0.493749,0.145041,0.15709
KCRDKL,101,100,2,1500,1,0.531834,0.147994,0.184867
KCUD,101,100,2,1500,1,0.508922,0.14743,0.159165
KCRDKL,1,100,2,500,2,0.008613,0.00734,0.000931
KCUD,1,100,2,500,2,0.007644,0.007116,0.000225
KCRDKL,1,100,2,1000,3,0.010128,0.008335,0.001464
KCUD,1,100,2,1000,2,0.006813,0.006305,0.000209
KCRDKL,1,100,2,1500,3,0.010577,0.008457,0.001724
KCUD,1,100,2,1500,2,0.007109,0.006581,0.000218
KCRDKL,11,100,2,500,1,0.011876,0.007024,0.003088
KCUD,11,100,2,500,1,0.010123,0.007116,0.001648
KCRDKL,11,100,2,1000,1,0.013005,0.007025,0.003753
KCUD,11,100,2,1000,1,0.010074,0.007031,0.001619
KCRDKL,11,100,2,1500,1,0.013388,0.007617,0.003421
KCUD,11,100,2,1500,1,0.011277,0.007321,0.001829
KCRDKL,21,100,2,500,1,0.029009,0.014813,0.007337
KCUD,21,100,2,500,1,0.026275,0.01283,0.006399
KCRDKL,21,100,2,1000,1,0.029151,0.013421,0.008371
KCUD,21,100,2,1000,1,0.024506,0.012429,0.005387
KCRDKL,21,100,2,1500,1,0.034241,0.014231,0.009929
KCUD,21,100,2,1500,1,0.027374,0.013748,0.006698
KCRDKL,31,100,2,500,1,0.06324,0.025156,0.021792
KCUD,31,100,2,500,1,0.057818,0.024685,0.01741
KCRDKL,31,100,2,1000,1,0.060544,0.025093,0.021011
KCUD,31,100,2,1000,1,0.056195,0.022262,0.015896
KCRDKL,31,100,2,1500,1,0.070043,0.022235,0.019157
KCUD,31,100,2,1500,1,0.056802,0.020989,0.018567
KCRDKL,41,100,2,500,1,0.106358,0.039946,0.035445
KCUD,41,100,2,500,1,0.098954,0.037758,0.030972
KCRDKL,41,100,2,1000,1,0.102107,0.033152,0.037295
KCUD,41,100,2,1000,1,0.110787,0.03335,0.03205
KCRDKL,41,100,2,1500,1,0.116586,0.036556,0.034442
KCUD,41,100,2,1500,1,0.110758,0.032818,0.032884
KCRDKL,51,100,2,500,1,0.151507,0.051703,0.052183
KCUD,51,100,2,500,1,0.145447,0.051257,0.046565
KCRDKL,51,100,2,1000,1,0.101693,0.029512,0.04527
KCUD,51,100,2,1000,1,0.14415,0.047502,0.048842
KCRDKL,51,100,2,1500,1,0.144556,0.05173,0.048447
KCUD,51,100,2,1500,1,0.138456,0.047744,0.045612
KCRDKL,61,100,2,500,1,0.210516,0.067639,0.074535
KCUD,61,100,2,500,1,0.20652,0.063718,0.069255
KCRDKL,61,100,2,1000,1,0.2132,0.067518,0.074748
KCUD,61,100,2,1000,1,0.196398,0.061222,0.065691
KCRDKL,61,100,2,1500,1,0.196788,0.064575,0.070527
KCUD,61,100,2,1500,1,0.187127,0.059489,0.05955
KCRDKL,71,100,2,500,1,0.232836,0.078205,0.073324
KCUD,71,100,2,500,1,0.199883,0.068701,0.067292
KCRDKL,71,100,2,1000,1,0.262671,0.077802,0.096572
KCUD,71,100,2,1000,1,0.249653,0.077777,0.082231
KCRDKL,71,100,2,1500,1,0.273195,0.078035,0.101428
KCUD,71,100,2,1500,1,0.252245,0.075282,0.085626
KCRDKL,81,100,2,500,1,0.338287,0.097985,0.118844
KCUD,81,100,2,500,1,0.328982,0.095779,0.111778
KCRDKL,81,100,2,1000,1,0.307571,0.085466,0.111363
KCUD,81,100,2,1000,1,0.332446,0.103251,0.111876
KCRDKL,81,100,2,1500,1,0.332259,0.097846,0.118588
KCUD,81,100,2,1500,1,0.319277,0.094308,0.107231
KCRDKL,91,100,2,500,1,0.406853,0.114107,0.143856
KCUD,91,100,2,500,1,0.399019,0.120448,0.124254
KCRDKL,91,100,2,1000,1,0.407598,0.116639,0.15158
KCUD,91,100,2,1000,1,0.406929,0.124806,0.128785
KCRDKL,91,100,2,1500,1,0.417196,0.119993,0.146967
KCUD,91,100,2,1500,1,0.402087,0.11942,0.132142
KCRDKL,101,100,2,500,1,0.416178,0.113961,0.132918
KCUD,101,100,2,500,1,0.471274,0.147988,0.140197
KCRDKL,101,100,2,1000,1,0.558918,0.15353,0.19119
KCUD,101,100,2,1000,1,0.54522,0.156455,0.17564
KCRDKL,101,100,2,1500,1,0.50309,0.137318,0.179089
KCUD,101,100,2,1500,1,0.496485,0.145526,0.161917
KCRDKL,1,100,2,500,1,0.004696,0.003341,0.001179
KCUD,1,100,2,500,1,0.003501,0.003226,0.000126
KCRDKL,1,100,2,1000,1,0.003584,0.002806,0.000619
KCUD,1,100,2,1000,1,0.003103,0.002857,0.000115
KCRDKL,1,100,2,1500,1,0.003163,0.002503,0.000561
KCUD,1,100,2,1500,1,0.002698,0.002457,0.000115
KCRDKL,11,100,2,500,2,0.015041,0.008489,0.003448
KCUD,11,100,2,500,2,0.01754,0.011333,0.002729
KCRDKL,11,100,2,1000,2,0.016215,0.008848,0.004706
KCUD,11,100,2,1000,2,0.014874,0.009591,0.002373
KCRDKL,11,100,2,1500,2,0.016949,0.008572,0.005518
KCUD,11,100,2,1500,2,0.015762,0.009921,0.002479
KCRDKL,21,100,2,500,2,0.037999,0.015959,0.012031
KCUD,21,100,2,500,2,0.042381,0.020091,0.007922
KCRDKL,21,100,2,1000,2,0.038257,0.016371,0.012151
KCUD,21,100,2,1000,2,0.044365,0.020741,0.009085
KCRDKL,21,100,2,1500,2,0.041997,0.016859,0.01411
KCUD,21,100,2,1500,2,0.040311,0.016018,0.009361
KCRDKL,31,100,2,500,2,0.086261,0.030352,0.031495
KCUD,31,100,2,500,2,0.091223,0.032659,0.023571
KCRDKL,31,100,2,1000,2,0.087831,0.034224,0.024999
KCUD,31,100,2,1000,2,0.097165,0.033405,0.025119
KCRDKL,31,100,2,1500,2,0.081299,0.028465,0.030064
KCUD,31,100,2,1500,2,0.088042,0.03427,0.021946
KCRDKL,41,100,2,500,2,0.121327,0.042999,0.037488
KCUD,41,100,2,500,2,0.160844,0.049587,0.050416
KCRDKL,41,100,2,1000,2,0.17124,0.052826,0.051087
KCUD,41,100,2,1000,2,0.175695,0.055615,0.04769
KCRDKL,41,100,2,1500,2,0.181139,0.058232,0.05528
KCUD,41,100,2,1500,2,0.173887,0.052104,0.048012
KCRDKL,51,100,2,500,2,0.247046,0.076652,0.075594
KCUD,51,100,2,500,2,0.249345,0.077909,0.065354
KCRDKL,51,100,2,1000,2,0.257446,0.073604,0.087546
KCUD,51,100,2,1000,2,0.252074,0.077599,0.073015
KCRDKL,51,100,2,1500,2,0.198338,0.058023,0.055909
KCUD,51,100,2,1500,2,0.206693,0.068293,0.056495
KCRDKL,61,100,2,500,2,0.338362,0.102958,0.107274
KCUD,61,100,2,500,2,0.359707,0.107018,0.108602
KCRDKL,61,100,2,1000,2,0.33858,0.100142,0.118808
KCUD,61,100,2,1000,2,0.347425,0.094712,0.097157
KCRDKL,61,100,2,1500,2,0.36601,0.097814,0.115143
KCUD,61,100,2,1500,2,0.263033,0.086929,0.087017
KCRDKL,71,100,2,500,2,0.423637,0.122954,0.129646
KCUD,71,100,2,500,2,0.443785,0.125934,0.130738
KCRDKL,71,100,2,1000,2,0.462102,0.123772,0.143489
KCUD,71,100,2,1000,2,0.446894,0.126111,0.125012
KCRDKL,71,100,2,1500,2,0.363878,0.092585,0.124927
KCUD,71,100,2,1500,2,0.410949,0.129716,0.121438
KCRDKL,81,100,2,500,2,0.584244,0.163868,0.191314
KCUD,81,100,2,500,2,0.602894,0.164409,0.169506
KCRDKL,81,100,2,1000,2,0.497622,0.131987,0.155474
KCUD,81,100,2,1000,2,0.56743,0.167249,0.174601
KCRDKL,81,100,2,1500,2,0.603371,0.154184,0.186849
KCUD,81,100,2,1500,2,0.550684,0.161601,0.163455
KCRDKL,91,100,2,500,2,0.662651,0.179523,0.210768
KCUD,91,100,2,500,2,0.786796,0.20844,0.220191
KCRDKL,91,100,2,1000,2,0.695974,0.172862,0.195771
KCUD,91,100,2,1000,2,0.66859,0.177783,0.203847
KCRDKL,91,100,2,1500,2,0.758461,0.20617,0.244603
KCUD,91,100,2,1500,2,0.751952,0.213529,0.213346
KCRDKL,101,100,2,500,2,0.866513,0.233302,0.273282
KCUD,101,100,2,500,2,0.927883,0.253172,0.257489
KCRDKL,101,100,2,1000,2,0.881553,0.245139,0.261997
KCUD,101,100,2,1000,2,0.868993,0.227344,0.250378
KCRDKL,101,100,2,1500,2,0.795767,0.186451,0.26264
KCUD,101,100,2,1500,2,0.876592,0.22521,0.251699
KCRDKL,1,100,2,500,1,0.012816,0.007352,0.005272
KCUD,1,100,2,500,1,0.004595,0.00427,0.00014
KCRDKL,1,100,2,1000,1,0.004331,0.00384,0.000324
KCUD,1,100,2,1000,1,0.004641,0.004349,0.000135
KCRDKL,1,100,2,1500,1,0.003814,0.003333,0.000295
KCUD,1,100,2,1500,1,0.003741,0.003483,0.000122
KCRDKL,11,100,2,500,1,0.011945,0.007167,0.002729
KCUD,11,100,2,500,1,0.008388,0.005629,0.001418
KCRDKL,11,100,2,1000,1,0.011128,0.005741,0.003212
KCUD,11,100,2,1000,1,0.008674,0.005435,0.001639
KCRDKL,11,100,2,1500,1,0.010357,0.005618,0.003309
KCUD,11,100,2,1500,1,0.010296,0.006412,0.001794
KCRDKL,21,100,2,500,1,0.024531,0.010764,0.009008
KCUD,21,100,2,500,1,0.027131,0.009538,0.006666
KCRDKL,21,100,2,1000,1,0.028906,0.010833,0.008688
KCUD,21,100,2,1000,1,0.022562,0.010533,0.006803
KCRDKL,21,100,2,1500,1,0.029908,0.01062,0.012439
KCUD,21,100,2,1500,1,0.024749,0.011768,0.007418
KCRDKL,31,100,2,500,1,0.054061,0.021058,0.019264
KCUD,31,100,2,500,1,0.052158,0.017987,0.018833
KCRDKL,31,100,2,1000,1,0.055359,0.021034,0.018519
KCUD,31,100,2,1000,1,0.050926,0.020538,0.015224
KCRDKL,31,100,2,1500,1,0.055491,0.020409,0.021106
KCUD,31,100,2,1500,1,0.0315,0.012325,0.010049
KCRDKL,41,100,2,500,1,0.065084,0.020153,0.027632
KCUD,41,100,2,500,1,0.100598,0.033239,0.027588
KCRDKL,41,100,2,1000,1,0.086048,0.032075,0.030275
KCUD,41,100,2,1000,1,0.105266,0.032468,0.027358
KCRDKL,41,100,2,1500,1,0.100193,0.030687,0.036773
KCUD,41,100,2,1500,1,0.094163,0.035635,0.028941
KCRDKL,51,100,2,500,1,0.139615,0.048523,0.04502
KCUD,51,100,2,500,1,0.147941,0.044636,0.054479
KCRDKL,51,100,2,1000,1,0.144697,0.045886,0.053546
KCUD,51,100,2,1000,1,0.134993,0.043354,0.049473
KCRDKL,51,100,2,1500,1,0.152458,0.044641,0.060829
KCUD,51,100,2,1500,1,0.133214,0.043818,0.041124
KCRDKL,61,100,2,500,1,0.192989,0.060286,0.068028
KCUD,61,100,2,500,1,0.215037,0.057369,0.066946
KCRDKL,61,100,2,1000,1,0.184169,0.064575,0.06055
KCUD,61,100,2,1000,1,0.119324,0.034287,0.04692
KCRDKL,61,100,2,1500,1,0.191799,0.062016,0.064883
KCUD,61,100,2,1500,1,0.191071,0.06263,0.060661
KCRDKL,71,100,2,500,1,0.245084,0.077665,0.084889
KCUD,71,100,2,500,1,0.267445,0.070893,0.087649
KCRDKL,71,100,2,1000,1,0.27843,0.072031,0.095383
KCUD,71,100,2,1000,1,0.278563,0.073366,0.08698
KCRDKL,71,100,2,1500,1,0.279474,0.068648,0.097107
KCUD,71,100,2,1500,1,0.234933,0.069487,0.084247
KCRDKL,81,100,2,500,1,0.294897,0.070717,0.117855
KCUD,81,100,2,500,1,0.294767,0.08613,0.10349
KCRDKL,81,100,2,1000,1,0.313601,0.089701,0.114182
KCUD,81,100,2,1000,1,0.309532,0.095941,0.106713
KCRDKL,81,100,2,1500,1,0.328478,0.094754,0.1297
KCUD,81,100,2,1500,1,0.308442,0.092679,0.105417
KCRDKL,91,100,2,500,1,0.322888,0.091821,0.114757
KCUD,91,100,2,500,1,0.364343,0.097839,0.130074
KCRDKL,91,100,2,1000,1,0.425339,0.121797,0.150015
KCUD,91,100,2,1000,1,0.407566,0.117995,0.137132
KCRDKL,91,100,2,1500,1,0.403092,0.109311,0.146412
KCUD,91,100,2,1500,1,0.309982,0.08472,0.10771
KCRDKL,101,100,2,500,1,0.485733,0.126168,0.169403
KCUD,101,100,2,500,1,0.463566,0.131746,0.152191
KCRDKL,101,100,2,1000,1,0.469479,0.137239,0.158517
KCUD,101,100,2,1000,1,0.436642,0.121976,0.140082
KCRDKL,101,100,2,1500,1,0.454836,0.131029,0.15546
KCUD,101,100,2,1500,1,0.445126,0.126383,0.147778
KCRDKL,1,100,2,500,1,0.004811,0.003888,0.000693
KCUD,1,100,2,500,1,0.003892,0.003622,0.000131
KCRDKL,1,100,2,1000,1,0.004276,0.003251,0.000846
KCUD,1,100,2,1000,1,0.003934,0.00364,0.000139
KCRDKL,1,100,2,1500,1,0.004641,0.003283,0.001192
KCUD,1,100,2,1500,1,0.003145,0.002955,9.6e-05
KCRDKL,11,100,2,500,1,0.008427,0.004681,0.002266
KCUD,11,100,2,500,1,0.01032,0.007549,0.001562
KCRDKL,11,100,2,1000,1,0.010006,0.005575,0.002854
KCUD,11,100,2,1000,1,0.009087,0.00587,0.001464
KCRDKL,11,100,2,1500,1,0.010823,0.005608,0.003218
KCUD,11,100,2,1500,1,0.008352,0.0055,0.001544
KCRDKL,21,100,2,500,1,0.019537,0.009631,0.005662
KCUD,21,100,2,500,1,0.020023,0.010147,0.005765
KCRDKL,21,100,2,1000,1,0.022616,0.010037,0.007408
KCUD,21,100,2,1000,1,0.023769,0.011641,0.005333
KCRDKL,21,100,2,1500,1,0.024912,0.008503,0.00922
KCUD,21,100,2,1500,1,0.023661,0.012497,0.006725
KCRDKL,31,100,2,500,1,0.048827,0.014084,0.019137
KCUD,31,100,2,500,1,0.047406,0.020114,0.014753
KCRDKL,31,100,2,1000,1,0.04855,0.020275,0.016013
KCUD,31,100,2,1000,1,0.043843,0.013375,0.014754
KCRDKL,31,100,2,1500,1,0.050171,0.014488,0.019829
KCUD,31,100,2,1500,1,0.048834,0.021455,0.013153
KCRDKL,41,100,2,500,1,0.089288,0.028737,0.030336
KCUD,41,100,2,500,1,0.094341,0.032031,0.025399
KCRDKL,41,100,2,1000,1,0.080826,0.031028,0.026907
KCUD,41,100,2,1000,1,0.075818,0.021008,0.021192
KCRDKL,41,100,2,1500,1,0.076695,0.025382,0.028887
KCUD,41,100,2,1500,1,0.076509,0.026409,0.025595
KCRDKL,51,100,2,500,1,0.119955,0.031044,0.045256
KCUD,51,100,2,500,1,0.118026,0.038772,0.041618
KCRDKL,51,100,2,1000,1,0.153934,0.042767,0.055134
KCUD,51,100,2,1000,1,0.115421,0.037443,0.038955
KCRDKL,51,100,2,1500,1,0.142862,0.040099,0.044409
KCUD,51,100,2,1500,1,0.133939,0.039123,0.04044
KCRDKL,61,100,2,500,1,0.180841,0.061578,0.063127
KCUD,61,100,2,500,1,0.200556,0.059389,0.060253
KCRDKL,61,100,2,1000,1,0.184155,0.056506,0.064888
KCUD,61,100,2,1000,1,0.202921,0.062298,0.055561
KCRDKL,61,100,2,1500,1,0.209833,0.059649,0.067625
KCUD,61,100,2,1500,1,0.16982,0.059032,0.055066
KCRDKL,71,100,2,500,1,0.222282,0.06824,0.078
KCUD,71,100,2,500,1,0.225219,0.073178,0.073488
KCRDKL,71,100,2,1000,1,0.224956,0.06667,0.079777
KCUD,71,100,2,1000,1,0.229234,0.078197,0.068868
KCRDKL,71,100,2,1500,1,0.234774,0.0728,0.078851
KCUD,71,100,2,1500,1,0.228911,0.073838,0.074832
KCRDKL,81,100,2,500,1,0.309005,0.085146,0.113187
KCUD,81,100,2,500,1,0.289681,0.085276,0.096103
KCRDKL,81,100,2,1000,1,0.286263,0.083483,0.107475
KCUD,81,100,2,1000,1,0.290391,0.084737,0.100503
KCRDKL,81,100,2,1500,1,0.324568,0.093484,0.123124
KCUD,81,100,2,1500,1,0.299706,0.08872,0.104102
KCRDKL,91,100,2,500,1,0.386083,0.109025,0.132142
KCUD,91,100,2,500,1,0.368395,0.102938,0.122266
KCRDKL,91,100,2,1000,1,0.373888,0.105229,0.137246
KCUD,91,100,2,1000,1,0.361777,0.104831,0.115828
KCRDKL,91,100,2,1500,1,0.384972,0.113466,0.129546
KCUD,91,100,2,1500,1,0.369035,0.127803,0.101742
KCRDKL,101,100,2,500,1,0.449791,0.123644,0.153193
KCUD,101,100,2,500,1,0.370589,0.104391,0.120166
KCRDKL,101,100,2,1000,1,0.444539,0.121097,0.155034
KCUD,101,100,2,1000,1,0.449595,0.127695,0.151462
KCRDKL,101,100,2,1500,1,0.46529,0.129594,0.159194
KCUD,101,100,2,1500,1,0.416583,0.128042,0.125499
KCRDKL,1,100,2,500,2,0.008178,0.007525,0.000314
KCUD,1,100,2,500,2,0.007224,0.00672,0.000217
KCRDKL,1,100,2,1000,2,0.007114,0.006566,0.000291
KCUD,1,100,2,1000,2,0.007286,0.006778,0.000204
KCRDKL,1,100,2,1500,2,0.007118,0.006539,0.00028
KCUD,1,100,2,1500,2,0.007273,0.006768,0.000221
KCRDKL,11,100,2,500,1,0.009729,0.005721,0.002353
KCUD,11,100,2,500,1,0.009198,0.006306,0.001441
KCRDKL,11,100,2,1000,1,0.012048,0.006921,0.003438
KCUD,11,100,2,1000,1,0.008998,0.005635,0.001712
KCRDKL,11,100,2,1500,1,0.010497,0.005417,0.003925
KCUD,11,100,2,1500,1,0.009952,0.006498,0.001458
KCRDKL,21,100,2,500,1,0.022717,0.011327,0.00533
KCUD,21,100,2,500,1,0.02295,0.010481,0.006018
KCRDKL,21,100,2,1000,1,0.026694,0.010085,0.007066
KCUD,21,100,2,1000,1,0.025447,0.011137,0.006423
KCRDKL,21,100,2,1500,1,0.029433,0.012468,0.010335
KCUD,21,100,2,1500,1,0.017546,0.00904,0.004532
KCRDKL,31,100,2,500,1,0.05061,0.019915,0.017983
KCUD,31,100,2,500,1,0.054088,0.019594,0.015048
KCRDKL,31,100,2,1000,1,0.054555,0.020583,0.018538
KCUD,31,100,2,1000,1,0.05057,0.022219,0.014112
KCRDKL,31,100,2,1500,1,0.053559,0.022874,0.019922
KCUD,31,100,2,1500,1,0.048326,0.019744,0.017168
KCRDKL,41,100,2,500,1,0.083504,0.028898,0.030005
KCUD,41,100,2,500,1,0.095242,0.032536,0.026408
KCRDKL,41,100,2,1000,1,0.088311,0.029962,0.03478
KCUD,41,100,2,1000,1,0.082444,0.028846,0.026915
KCRDKL,41,100,2,1500,1,0.098042,0.032053,0.027891
KCUD,41,100,2,1500,1,0.094735,0.031814,0.024543
KCRDKL,51,100,2,500,1,0.122729,0.041504,0.039721
KCUD,51,100,2,500,1,0.129424,0.039248,0.039795
KCRDKL,51,100,2,1000,1,0.136477,0.041222,0.042779
KCUD,51,100,2,1000,1,0.135791,0.03849,0.041752
KCRDKL,51,100,2,1500,1,0.132329,0.037849,0.041157
KCUD,51,100,2,1500,1,0.083671,0.024628,0.026997
KCRDKL,61,100,2,500,1,0.171359,0.051472,0.061935
KCUD,61,100,2,500,1,0.177287,0.05343,0.05728
KCRDKL,61,100,2,1000,1,0.169916,0.04588,0.061871
KCUD,61,100,2,1000,1,0.170412,0.052559,0.061284
KCRDKL,61,100,2,1500,1,0.179633,0.057134,0.063199
KCUD,61,100,2,1500,1,0.1765,0.057762,0.062212
KCRDKL,71,100,2,500,1,0.229859,0.07115,0.079984
KCUD,71,100,2,500,1,0.220815,0.068646,0.074316
KCRDKL,71,100,2,1000,1,0.229591,0.065833,0.081438
KCUD,71,100,2,1000,1,0.217593,0.068777,0.076463
KCRDKL,71,100,2,1500,1,0.210352,0.061823,0.078925
KCUD,71,100,2,1500,1,0.211744,0.063063,0.070185
KCRDKL,81,100,2,500,1,0.289646,0.077594,0.106462
KCUD,81,100,2,500,1,0.290839,0.086306,0.098241
KCRDKL,81,100,2,1000,1,0.299519,0.088047,0.110138
KCUD,81,100,2,1000,1,0.288534,0.085984,0.098555
KCRDKL,81,100,2,1500,1,0.290507,0.082201,0.105793
KCUD,81,100,2,1500,1,0.206816,0.059965,0.07528
KCRDKL,91,100,2,500,1,0.356327,0.103349,0.128067
KCUD,91,100,2,500,1,0.340562,0.097128,0.1138
KCRDKL,91,100,2,1000,1,0.368253,0.107325,0.122723
KCUD,91,100,2,1000,1,0.348302,0.098715,0.114045
KCRDKL,91,100,2,1500,1,0.377069,0.103763,0.130935
KCUD,91,100,2,1500,1,0.305558,0.085302,0.102608
KCRDKL,101,100,2,500,1,0.456674,0.133411,0.156473
KCUD,101,100,2,500,1,0.441021,0.126578,0.143364
KCRDKL,101,100,2,1000,1,0.465588,0.126417,0.161027
KCUD,101,100,2,1000,1,0.432796,0.125822,0.137519
KCRDKL,101,100,2,1500,1,0.449232,0.126413,0.149555
KCUD,101,100,2,1500,1,0.443038,0.128181,0.140546
KCRDKL,1,100,2,500,1,0.00568,0.004233,0.001283
KCUD,1,100,2,500,1,0.004043,0.00374,0.000153
KCRDKL,1,100,2,1000,1,0.004446,0.003784,0.0005
KCUD,1,100,2,1000,1,0.004362,0.004085,0.000122
KCRDKL,1,100,2,1500,1,0.003642,0.003167,0.000361
KCUD,1,100,2,1500,1,0.003668,0.003412,0.000109
KCRDKL,11,100,2,500,1,0.010431,0.006304,0.00224
KCUD,11,100,2,500,1,0.008782,0.005669,0.001497
KCRDKL,11,100,2,1000,1,0.007901,0.004476,0.002331
KCUD,11,100,2,1000,1,0.008819,0.005497,0.001415
KCRDKL,11,100,2,1500,1,0.010345,0.005706,0.002967
KCUD,11,100,2,1500,1,0.008317,0.005277,0.001277
KCRDKL,21,100,2,500,1,0.019203,0.008686,0.005552
KCUD,21,100,2,500,1,0.020046,0.008311,0.006567
KCRDKL,21,100,2,1000,1,0.022759,0.008331,0.008707
KCUD,21,100,2,1000,1,0.019159,0.009834,0.0051
KCRDKL,21,100,2,1500,1,0.024387,0.011836,0.006066
KCUD,21,100,2,1500,1,0.020129,0.009795,0.005813
KCRDKL,31,100,2,500,1,0.045113,0.020416,0.013194
KCUD,31,100,2,500,1,0.053463,0.017003,0.017494
KCRDKL,31,100,2,1000,1,0.052215,0.019036,0.016022
KCUD,31,100,2,1000,1,0.04404,0.018606,0.01558
KCRDKL,31,100,2,1500,1,0.047595,0.017589,0.015959
KCUD,31,100,2,1500,1,0.044895,0.022176,0.011884
KCRDKL,41,100,2,500,1,0.083195,0.028552,0.031618
KCUD,41,100,2,500,1,0.088369,0.027875,0.025822
KCRDKL,41,100,2,1000,1,0.074953,0.029504,0.023285
KCUD,41,100,2,1000,1,0.076644,0.018654,0.020825
KCRDKL,41,100,2,1500,1,0.064903,0.023979,0.022551
KCUD,41,100,2,1500,1,0.071696,0.023982,0.025047
KCRDKL,51,100,2,500,1,0.109591,0.040663,0.040104
KCUD,51,100,2,500,1,0.116658,0.039016,0.038852
KCRDKL,51,100,2,1000,1,0.116526,0.037253,0.040113
KCUD,51,100,2,1000,1,0.108953,0.040188,0.035975
KCRDKL,51,100,2,1500,1,0.123052,0.042131,0.041847
KCUD,51,100,2,1500,1,0.115834,0.036673,0.040913
KCRDKL,61,100,2,500,1,0.1724,0.049827,0.06408
KCUD,61,100,2,500,1,0.169564,0.055331,0.056127
KCRDKL,61,100,2,1000,1,0.172341,0.050002,0.066144
KCUD,61,100,2,1000,1,0.1628,0.056129,0.052814
KCRDKL,61,100,2,1500,1,0.171823,0.052426,0.062789
KCUD,61,100,2,1500,1,0.166362,0.053805,0.053852
KCRDKL,71,100,2,500,1,0.164017,0.045991,0.07025
KCUD,71,100,2,500,1,0.199629,0.062645,0.064761
KCRDKL,71,100,2,1000,1,0.222153,0.067812,0.083289
KCUD,71,100,2,1000,1,0.206204,0.062607,0.072163
KCRDKL,71,100,2,1500,1,0.231108,0.06685,0.090084
KCUD,71,100,2,1500,1,0.219916,0.068184,0.076452
KCRDKL,81,100,2,500,1,0.290454,0.081753,0.105023
KCUD,81,100,2,500,1,0.293498,0.085725,0.101043
KCRDKL,81,100,2,1000,1,0.22078,0.060962,0.083163
KCUD,81,100,2,1000,1,0.261154,0.078295,0.087288
KCRDKL,81,100,2,1500,1,0.283189,0.070173,0.105175
KCUD,81,100,2,1500,1,0.28015,0.080288,0.098975
KCRDKL,91,100,2,500,1,0.366592,0.10958,0.120119
KCUD,91,100,2,500,1,0.349661,0.103099,0.114474
KCRDKL,91,100,2,1000,1,0.359788,0.100532,0.126919
KCUD,91,100,2,1000,1,0.298106,0.082427,0.099435
KCRDKL,91,100,2,1500,1,0.356949,0.102968,0.124779
KCUD,91,100,2,1500,1,0.361718,0.104958,0.116997
KCRDKL,101,100,2,500,1,0.463921,0.124671,0.165005
KCUD,101,100,2,500,1,0.452782,0.130969,0.144782
KCRDKL,101,100,2,1000,1,0.436473,0.114941,0.157498
KCUD,101,100,2,1000,1,0.423369,0.120373,0.140967
KCRDKL,101,100,2,1500,1,0.462469,0.131582,0.158391
KCUD,101,100,2,1500,1,0.463657,0.131514,0.146947
KCRDKL,1,100,2,500,3,0.007475,0.006395,0.000829
KCUD,1,100,2,500,2,0.005104,0.004779,0.000159
KCRDKL,1,100,2,1000,3,0.007442,0.005987,0.001196
KCUD,1,100,2,1000,2,0.005073,0.004752,0.000164
KCRDKL,1,100,2,1500,3,0.008917,0.006868,0.001773
KCUD,1,100,2,1500,2,0.005032,0.004711,0.000156
KCRDKL,11,100,2,500,3,0.026568,0.017224,0.00518
KCUD,11,100,2,500,1,0.010705,0.007142,0.001621
KCRDKL,11,100,2,1000,3,0.025019,0.015604,0.005197
KCUD,11,100,2,1000,1,0.009778,0.006687,0.001447
KCRDKL,11,100,2,1500,3,0.030332,0.018121,0.007639
KCUD,11,100,2,1500,1,0.009377,0.006658,0.001532
KCRDKL,21,100,2,500,1,0.024697,0.011011,0.006746
KCUD,21,100,2,500,1,0.021897,0.012055,0.005841
KCRDKL,21,100,2,1000,1,0.023536,0.010539,0.008681
KCUD,21,100,2,1000,1,0.017369,0.008687,0.004106
KCRDKL,21,100,2,1500,1,0.023819,0.008771,0.010203
KCUD,21,100,2,1500,1,0.021744,0.010484,0.006346
KCRDKL,31,100,2,500,1,0.062057,0.027095,0.017738
KCUD,31,100,2,500,1,0.053168,0.022249,0.016282
KCRDKL,31,100,2,1000,1,0.058379,0.022698,0.01979
KCUD,31,100,2,1000,1,0.056326,0.023358,0.018661
KCRDKL,31,100,2,1500,1,0.065654,0.022564,0.019777
KCUD,31,100,2,1500,1,0.056495,0.022236,0.017508
KCRDKL,41,100,2,500,1,0.092663,0.032996,0.031054
KCUD,41,100,2,500,1,0.09378,0.03225,0.032659
KCRDKL,41,100,2,1000,1,0.097036,0.031511,0.036539
KCUD,41,100,2,1000,1,0.084171,0.03021,0.026242
KCRDKL,41,100,2,1500,1,0.084347,0.031096,0.029567
KCUD,41,100,2,1500,1,0.080115,0.028617,0.022945
KCRDKL,51,100,2,500,1,0.11863,0.039227,0.042993
KCUD,51,100,2,500,1,0.1193,0.040391,0.03929
KCRDKL,51,100,2,1000,1,0.122423,0.041173,0.04384
KCUD,51,100,2,1000,1,0.113327,0.036418,0.036914
KCRDKL,51,100,2,1500,1,0.12091,0.038796,0.042916
KCUD,51,100,2,1500,1,0.113349,0.036453,0.038447
KCRDKL,61,100,2,500,1,0.137503,0.036754,0.053823
KCUD,61,100,2,500,1,0.136687,0.054627,0.041647
KCRDKL,61,100,2,1000,1,0.170617,0.064874,0.0524
KCUD,61,100,2,1000,1,0.161362,0.05512,0.046758
KCRDKL,61,100,2,1500,1,0.178848,0.05195,0.071009
KCUD,61,100,2,1500,1,0.171979,0.056569,0.056445
KCRDKL,71,100,2,500,1,0.21943,0.065153,0.079823
KCUD,71,100,2,500,1,0.215235,0.066852,0.073825
KCRDKL,71,100,2,1000,1,0.219198,0.062387,0.083088
KCUD,71,100,2,1000,1,0.217092,0.063271,0.076077
KCRDKL,71,100,2,1500,1,0.197407,0.062708,0.069749
KCUD,71,100,2,1500,1,0.165355,0.055262,0.062693
KCRDKL,81,100,2,500,1,0.273313,0.080824,0.096041
KCUD,81,100,2,500,1,0.259067,0.070254,0.091061
KCRDKL,81,100,2,1000,1,0.280409,0.076062,0.105036
KCUD,81,100,2,1000,1,0.277327,0.082576,0.093655
KCRDKL,81,100,2,1500,1,0.292432,0.082345,0.110059
KCUD,81,100,2,1500,1,0.271362,0.084615,0.09152
KCRDKL,91,100,2,500,1,0.294686,0.078665,0.106818
KCUD,91,100,2,500,1,0.33164,0.091498,0.108103
KCRDKL,91,100,2,1000,1,0.373091,0.104262,0.129477
KCUD,91,100,2,1000,1,0.352952,0.101342,0.120391
KCRDKL,91,100,2,1500,1,0.370206,0.103344,0.133655
KCUD,91,100,2,1500,1,0.353008,0.102858,0.113142
KCRDKL,101,100,2,500,1,0.438539,0.115362,0.157945
KCUD,101,100,2,500,1,0.404708,0.12508,0.130585
KCRDKL,101,100,2,1000,1,0.452613,0.119549,0.163747
KCUD,101,100,2,1000,1,0.439325,0.124268,0.14583
KCRDKL,101,100,2,1500,1,0.377786,0.103593,0.130671
KCUD,101,100,2,1500,1,0.436549,0.130352,0.140172
KCRDKL,1,100,2,500,2,0.007963,0.005373,0.002285
KCUD,1,100,2,500,2,0.006239,0.005782,0.000181
KCRDKL,1,100,2,1000,2,0.007152,0.005317,0.00153
KCUD,1,100,2,1000,2,0.005491,0.005113,0.000164
KCRDKL,1,100,2,1500,2,0.0067,0.004629,0.001768
KCUD,1,100,2,1500,2,0.00672,0.006219,0.0002
KCRDKL,11,100,2,500,6,0.057829,0.039419,0.010263
KCUD,11,100,2,500,1,0.010158,0.006574,0.001863
KCRDKL,11,100,2,1000,6,0.058991,0.039996,0.011645
KCUD,11,100,2,1000,1,0.008135,0.005232,0.001489
KCRDKL,11,100,2,1500,2,0.019111,0.00958,0.006579
KCUD,11,100,2,1500,1,0.010269,0.006924,0.001517
KCRDKL,21,100,2,500,1,0.021836,0.00984,0.006881
KCUD,21,100,2,500,1,0.023437,0.013208,0.006088
KCRDKL,21,100,2,1000,1,0.022393,0.008928,0.008016
KCUD,21,100,2,1000,1,0.023682,0.010241,0.005001
KCRDKL,21,100,2,1500,1,0.0216,0.010608,0.006383
KCUD,21,100,2,1500,1,0.021855,0.010406,0.004831
KCRDKL,31,100,2,500,1,0.043625,0.018026,0.012009
KCUD,31,100,2,500,1,0.052215,0.020401,0.011499
KCRDKL,31,100,2,1000,3,0.127183,0.043825,0.03733
KCUD,31,100,2,1000,1,0.054339,0.018561,0.013534
KCRDKL,31,100,2,1500,4,0.179887,0.064785,0.051699
KCUD,31,100,2,1500,1,0.04894,0.019011,0.013436
KCRDKL,41,100,2,500,1,0.081202,0.031068,0.025644
KCUD,41,100,2,500,1,0.07948,0.026598,0.025189
KCRDKL,41,100,2,1000,1,0.08957,0.028839,0.029137
KCUD,41,100,2,1000,1,0.074577,0.026685,0.021789
KCRDKL,41,100,2,1500,1,0.060188,0.017204,0.021124
KCUD,41,100,2,1500,1,0.073269,0.024716,0.021987
KCRDKL,51,100,2,500,1,0.116476,0.040024,0.039976
KCUD,51,100,2,500,1,0.118279,0.037676,0.038799
KCRDKL,51,100,2,1000,1,0.11866,0.037559,0.042088
KCUD,51,100,2,1000,1,0.111324,0.036049,0.035962
KCRDKL,51,100,2,1500,1,0.117491,0.037014,0.043053
KCUD,51,100,2,1500,1,0.115027,0.040421,0.037863
KCRDKL,61,100,2,500,1,0.177149,0.058007,0.064167
KCUD,61,100,2,500,1,0.163688,0.056604,0.054639
KCRDKL,61,100,2,1000,1,0.172665,0.053888,0.064928
KCUD,61,100,2,1000,1,0.167211,0.053034,0.061093
KCRDKL,61,100,2,1500,1,0.174718,0.057877,0.062301
KCUD,61,100,2,1500,1,0.16013,0.057772,0.048845
KCRDKL,71,100,2,500,1,0.171153,0.050613,0.062351
KCUD,71,100,2,500,1,0.199644,0.050492,0.066332
KCRDKL,71,100,2,1000,1,0.231762,0.062772,0.079734
KCUD,71,100,2,1000,1,0.22917,0.057967,0.072987
KCRDKL,71,100,2,1500,1,0.250966,0.0658,0.08551
KCUD,71,100,2,1500,1,0.244123,0.063209,0.081269
KCRDKL,81,100,2,500,1,0.279709,0.081974,0.095988
KCUD,81,100,2,500,1,0.267408,0.079845,0.085852
KCRDKL,81,100,2,1000,1,0.275039,0.077817,0.095503
KCUD,81,100,2,1000,1,0.20639,0.057612,0.078112
KCRDKL,81,100,2,1500,1,0.287445,0.087762,0.101282
KCUD,81,100,2,1500,1,0.264148,0.079771,0.088139
KCRDKL,91,100,2,500,1,0.364631,0.103118,0.128133
KCUD,91,100,2,500,1,0.345082,0.10135,0.110337
KCRDKL,91,100,2,1000,1,0.372396,0.106334,0.129385
KCUD,91,100,2,1000,1,0.315074,0.085757,0.095559
KCRDKL,91,100,2,1500,1,0.386673,0.107211,0.144871
KCUD,91,100,2,1500,1,0.342393,0.095042,0.114929
KCRDKL,101,100,2,500,1,0.452588,0.120466,0.165529
KCUD,101,100,2,500,1,0.425262,0.119849,0.139905
KCRDKL,101,100,2,1000,1,0.403108,0.123924,0.13908
KCUD,101,100,2,1000,1,0.432264,0.128796,0.139514
KCRDKL,101,100,2,1500,1,0.456315,0.124132,0.161644
KCUD,101,100,2,1500,1,0.428499,0.124443,0.136903
KCRDKL,1,100,2,500,3,0.010804,0.009246,0.001086
KCUD,1,100,2,500,2,0.006415,0.005955,0.000214
KCRDKL,1,100,2,1000,2,0.008683,0.006433,0.001936
KCUD,1,100,2,1000,2,0.0068,0.006389,0.000167
KCRDKL,1,100,2,1500,2,0.008523,0.006223,0.001992
KCUD,1,100,2,1500,2,0.007589,0.007083,0.000219
KCRDKL,11,100,2,500,1,0.009768,0.005625,0.002191
KCUD,11,100,2,500,1,0.009585,0.006875,0.001514
KCRDKL,11,100,2,1000,1,0.009838,0.005711,0.002447
KCUD,11,100,2,1000,1,0.010439,0.006788,0.001354
KCRDKL,11,100,2,1500,1,0.011031,0.006548,0.002578
KCUD,11,100,2,1500,1,0.010049,0.006749,0.001559
KCRDKL,21,100,2,500,1,0.021976,0.009313,0.006819
KCUD,21,100,2,500,1,0.022444,0.01046,0.005689
KCRDKL,21,100,2,1000,1,0.024823,0.010534,0.007376
KCUD,21,100,2,1000,1,0.019367,0.008963,0.005489
KCRDKL,21,100,2,1500,1,0.025914,0.010606,0.010439
KCUD,21,100,2,1500,1,0.023801,0.010106,0.00511
KCRDKL,31,100,2,500,1,0.030825,0.012032,0.010461
KCUD,31,100,2,500,1,0.029518,0.012031,0.009277
KCRDKL,31,100,2,1000,1,0.047608,0.016442,0.015288
KCUD,31,100,2,1000,1,0.049865,0.018746,0.011191
KCRDKL,31,100,2,1500,1,0.054683,0.015808,0.018003
KCUD,31,100,2,1500,1,0.048883,0.018096,0.014359
KCRDKL,41,100,2,500,1,0.081563,0.02674,0.031017
KCUD,41,100,2,500,1,0.078536,0.033495,0.02012
KCRDKL,41,100,2,1000,1,0.090004,0.026863,0.030152
KCUD,41,100,2,1000,1,0.087966,0.025833,0.02784
KCRDKL,41,100,2,1500,1,0.081117,0.028286,0.02992
KCUD,41,100,2,1500,1,0.077166,0.029311,0.023189
KCRDKL,51,100,2,500,1,0.123311,0.035813,0.043327
KCUD,51,100,2,500,1,0.123095,0.042299,0.041068
KCRDKL,51,100,2,1000,1,0.119727,0.03757,0.04428
KCUD,51,100,2,1000,1,0.115951,0.038993,0.039903
KCRDKL,51,100,2,1500,1,0.127484,0.043231,0.046809
KCUD,51,100,2,1500,1,0.117515,0.039329,0.037747
KCRDKL,61,100,2,500,1,0.187728,0.056042,0.07062
KCUD,61,100,2,500,1,0.168694,0.054483,0.055712
KCRDKL,61,100,2,1000,1,0.172407,0.053929,0.067092
KCUD,61,100,2,1000,1,0.109163,0.034669,0.037708
KCRDKL,61,100,2,1500,1,0.15497,0.044375,0.064133
KCUD,61,100,2,1500,1,0.161241,0.054104,0.058173
KCRDKL,71,100,2,500,1,0.217927,0.065771,0.077326
KCUD,71,100,2,500,1,0.221074,0.066656,0.077042
KCRDKL,71,100,2,1000,1,0.227842,0.072794,0.079308
KCUD,71,100,2,1000,1,0.218905,0.065445,0.076101
KCRDKL,71,100,2,1500,1,0.230802,0.069104,0.083779
KCUD,71,100,2,1500,1,0.214599,0.065605,0.073842
KCRDKL,81,100,2,500,1,0.225624,0.057349,0.089395
KCUD,81,100,2,500,1,0.265551,0.083921,0.087106
KCRDKL,81,100,2,1000,1,0.284535,0.074036,0.102222
KCUD,81,100,2,1000,1,0.278096,0.085209,0.089632
KCRDKL,81,100,2,1500,1,0.288772,0.083008,0.104296
KCUD,81,100,2,1500,1,0.281646,0.081596,0.096138
KCRDKL,91,100,2,500,1,0.364047,0.097469,0.128139
KCUD,91,100,2,500,1,0.28326,0.07448,0.093998
KCRDKL,91,100,2,1000,1,0.365266,0.100465,0.128441
KCUD,91,100,2,1000,1,0.350438,0.101234,0.117014
KCRDKL,91,100,2,1500,1,0.368708,0.102599,0.133734
KCUD,91,100,2,1500,1,0.357125,0.107879,0.113595
KCRDKL,101,100,2,500,1,0.388018,0.086261,0.149917
KCUD,101,100,2,500,1,0.414813,0.121861,0.132691
KCRDKL,101,100,2,1000,1,0.442801,0.134713,0.141341
KCUD,101,100,2,1000,1,0.436878,0.119232,0.146283
KCRDKL,101,100,2,1500,1,0.445311,0.127922,0.148048
KCUD,101,100,2,1500,1,0.349259,0.092113,0.133327
KCRDKL,1,100,2,500,2,0.007928,0.006513,0.001028
KCUD,1,100,2,500,2,0.005964,0.005555,0.000176
KCRDKL,1,100,2,1000,2,0.006388,0.004883,0.001246
KCUD,1,100,2,1000,2,0.005632,0.005227,0.000172
KCRDKL,1,100,2,1500,2,0.006752,0.004931,0.001555
KCUD,1,100,2,1500,2,0.005587,0.005187,0.000163
KCRDKL,11,100,2,500,1,0.009934,0.006073,0.002046
KCUD,11,100,2,500,1,0.007247,0.004864,0.001254
KCRDKL,11,100,2,1000,1,0.008617,0.004879,0.001919
KCUD,11,100,2,1000,1,0.008391,0.005518,0.001563
KCRDKL,11,100,2,1500,1,0.009622,0.005196,0.002711
KCUD,11,100,2,1500,1,0.007752,0.005018,0.001415
KCRDKL,21,100,2,500,1,0.021916,0.0107,0.007368
KCUD,21,100,2,500,1,0.021779,0.010602,0.005508
KCRDKL,21,100,2,1000,1,0.020515,0.008085,0.007744
KCUD,21,100,2,1000,1,0.019477,0.010985,0.004687
KCRDKL,21,100,2,1500,1,0.022444,0.009898,0.008993
KCUD,21,100,2,1500,1,0.019372,0.009461,0.005177
KCRDKL,31,100,2,500,1,0.046343,0.017785,0.01477
KCUD,31,100,2,500,1,0.054688,0.018575,0.017372
KCRDKL,31,100,2,1000,1,0.051406,0.021719,0.016331
KCUD,31,100,2,1000,1,0.050277,0.021703,0.014686
KCRDKL,31,100,2,1500,1,0.05762,0.016693,0.016393
KCUD,31,100,2,1500,1,0.052122,0.01588,0.013613
KCRDKL,41,100,2,500,1,0.079165,0.028063,0.027065
KCUD,41,100,2,500,1,0.075867,0.027941,0.02416
KCRDKL,41,100,2,1000,1,0.092142,0.029723,0.025576
KCUD,41,100,2,1000,1,0.093416,0.028156,0.026371
KCRDKL,41,100,2,1500,1,0.098399,0.032185,0.033656
KCUD,41,100,2,1500,1,0.0767,0.026625,0.027679
KCRDKL,51,100,2,500,1,0.118772,0.037354,0.046038
KCUD,51,100,2,500,1,0.12454,0.034798,0.036836
KCRDKL,51,100,2,1000,1,0.120753,0.040002,0.042462
KCUD,51,100,2,1000,1,0.133161,0.042922,0.03898
KCRDKL,51,100,2,1500,1,0.126506,0.040471,0.048814
KCUD,51,100,2,1500,1,0.075533,0.024285,0.026395
KCRDKL,61,100,2,500,1,0.161328,0.04569,0.05875
KCUD,61,100,2,500,1,0.176766,0.048206,0.057113
KCRDKL,61,100,2,1000,1,0.190717,0.051891,0.062098
KCUD,61,100,2,1000,1,0.159356,0.050412,0.054568
KCRDKL,61,100,2,1500,1,0.19207,0.061139,0.057275
KCUD,61,100,2,1500,1,0.182273,0.051341,0.057758
KCRDKL,71,100,2,500,1,0.229069,0.065023,0.091048
KCUD,71,100,2,500,1,0.216782,0.065691,0.076568
KCRDKL,71,100,2,1000,1,0.246976,0.067901,0.082631
KCUD,71,100,2,1000,1,0.210919,0.064209,0.074527
KCRDKL,71,100,2,1500,1,0.177502,0.04941,0.068854
KCUD,71,100,2,1500,1,0.198899,0.063917,0.063336
KCRDKL,81,100,2,500,1,0.27252,0.076906,0.097209
KCUD,81,100,2,500,1,0.271763,0.078864,0.094243
KCRDKL,81,100,2,1000,1,0.292404,0.084348,0.10322
KCUD,81,100,2,1000,1,0.276347,0.080645,0.097055
KCRDKL,81,100,2,1500,1,0.285031,0.084119,0.10413
KCUD,81,100,2,1500,1,0.264356,0.0841,0.080436
KCRDKL,91,100,2,500,1,0.352824,0.097121,0.133683
KCUD,91,100,2,500,1,0.349763,0.10238,0.113764
KCRDKL,91,100,2,1000,1,0.369046,0.100856,0.129738
KCUD,91,100,2,1000,1,0.357905,0.107642,0.113063
KCRDKL,91,100,2,1500,1,0.366055,0.101431,0.130916
KCUD,91,100,2,1500,1,0.313342,0.084158,0.094879
KCRDKL,101,100,2,500,1,0.435787,0.123649,0.149133
KCUD,101,100,2,500,1,0.436764,0.115787,0.158206
KCRDKL,101,100,2,1000,1,0.435242,0.115607,0.154934
KCUD,101,100,2,1000,1,0.427578,0.122656,0.141792
KCRDKL,101,100,2,1500,1,0.406334,0.103947,0.142955
KCUD,101,100,2,1500,1,0.4166,0.117281,0.132265
KCRDKL,1,100,2,500,1,0.007618,0.004291,0.002965
KCUD,1,100,2,500,1,0.003258,0.003042,0.0001
KCRDKL,1,100,2,1000,1,0.003514,0.002608,0.000791
KCUD,1,100,2,1000,1,0.003419,0.00318,0.000108
KCRDKL,1,100,2,1500,1,0.005156,0.003343,0.00163
KCUD,1,100,2,1500,1,0.004036,0.003745,0.000124
KCRDKL,11,100,2,500,1,0.007725,0.00411,0.002193
KCUD,11,100,2,500,1,0.008264,0.005495,0.00146
KCRDKL,11,100,2,1000,1,0.008298,0.004416,0.00212
KCUD,11,100,2,1000,1,0.008361,0.005034,0.001582
KCRDKL,11,100,2,1500,1,0.008049,0.004099,0.00256
KCUD,11,100,2,1500,1,0.008903,0.005588,0.001623
KCRDKL,21,100,2,500,1,0.02026,0.00836,0.00697
KCUD,21,100,2,500,1,0.024403,0.010499,0.008255
KCRDKL,21,100,2,1000,1,0.018477,0.007721,0.005415
KCUD,21,100,2,1000,1,0.023177,0.007848,0.00576
KCRDKL,21,100,2,1500,1,0.022755,0.008141,0.010291
KCUD,21,100,2,1500,1,0.024297,0.009347,0.005903
KCRDKL,31,100,2,500,1,0.045849,0.019869,0.015676
KCUD,31,100,2,500,1,0.043915,0.018395,0.01453
KCRDKL,31,100,2,1000,1,0.045356,0.020529,0.01297
KCUD,31,100,2,1000,1,0.050634,0.019503,0.01378
KCRDKL,31,100,2,1500,1,0.046911,0.02146,0.013167
KCUD,31,100,2,1500,1,0.043474,0.01937,0.012449
KCRDKL,41,100,2,500,1,0.081243,0.028818,0.026187
KCUD,41,100,2,500,1,0.078233,0.02812,0.025573
KCRDKL,41,100,2,1000,1,0.089798,0.027142,0.023681
KCUD,41,100,2,1000,1,0.089428,0.027847,0.026056
KCRDKL,41,100,2,1500,1,0.081933,0.028355,0.027819
KCUD,41,100,2,1500,1,0.078873,0.027002,0.029288
KCRDKL,51,100,2,500,1,0.114286,0.03618,0.042624
KCUD,51,100,2,500,1,0.084099,0.025562,0.029961
KCRDKL,51,100,2,1000,1,0.112824,0.038882,0.040943
KCUD,51,100,2,1000,1,0.107938,0.034768,0.035891
KCRDKL,51,100,2,1500,1,0.110136,0.034784,0.039757
KCUD,51,100,2,1500,1,0.120912,0.041669,0.042939
KCRDKL,61,100,2,500,1,0.164371,0.053554,0.057961
KCUD,61,100,2,500,1,0.167258,0.055227,0.058948
KCRDKL,61,100,2,1000,1,0.17208,0.055731,0.060242
KCUD,61,100,2,1000,1,0.169024,0.051315,0.059417
KCRDKL,61,100,2,1500,1,0.173927,0.050739,0.06446
KCUD,61,100,2,1500,1,0.168629,0.05642,0.058027
KCRDKL,71,100,2,500,1,0.223036,0.067155,0.079205
KCUD,71,100,2,500,1,0.213023,0.065914,0.072136
KCRDKL,71,100,2,1000,1,0.211492,0.061324,0.080472
KCUD,71,100,2,1000,1,0.21555,0.067626,0.072798
KCRDKL,71,100,2,1500,1,0.224847,0.068189,0.079344
KCUD,71,100,2,1500,1,0.228213,0.068221,0.078997
KCRDKL,81,100,2,500,1,0.299791,0.089853,0.104759
KCUD,81,100,2,500,1,0.280973,0.087246,0.088812
KCRDKL,81,100,2,1000,1,0.295712,0.084164,0.105839
KCUD,81,100,2,1000,1,0.251931,0.08052,0.077561
KCRDKL,81,100,2,1500,1,0.276539,0.081993,0.091775
KCUD,81,100,2,1500,1,0.282618,0.082294,0.099688
KCRDKL,91,100,2,500,1,0.36578,0.100432,0.128232
KCUD,91,100,2,500,1,0.358497,0.107171,0.115571
KCRDKL,91,100,2,1000,1,0.368617,0.101247,0.130154
KCUD,91,100,2,1000,1,0.34125,0.104482,0.103602
KCRDKL,91,100,2,1500,1,0.366803,0.098056,0.136016
KCUD,91,100,2,1500,1,0.344305,0.105562,0.108999
KCRDKL,101,100,2,500,1,0.452048,0.124731,0.15574
KCUD,101,100,2,500,1,0.446592,0.128803,0.145382
KCRDKL,101,100,2,1000,1,0.367596,0.103121,0.147907
KCUD,101,100,2,1000,1,0.419391,0.115759,0.14108
KCRDKL,101,100,2,1500,1,0.452444,0.128077,0.15515
KCUD,101,100,2,1500,1,0.437737,0.125752,0.146398
KCRDKL,1,100,2,500,1,0.005907,0.003682,0.002005
KCUD,1,100,2,500,1,0.003308,0.003074,0.000107
KCRDKL,1,100,2,1000,1,0.003466,0.002446,0.000869
KCUD,1,100,2,1000,1,0.003822,0.003496,0.000147
KCRDKL,1,100,2,1500,1,0.003259,0.002311,0.000835
KCUD,1,100,2,1500,1,0.003362,0.003091,0.000117
KCRDKL,11,100,2,500,1,0.009557,0.005463,0.002086
KCUD,11,100,2,500,1,0.006523,0.004071,0.00137
KCRDKL,11,100,2,1000,1,0.007554,0.004157,0.002272
KCUD,11,100,2,1000,1,0.008755,0.005555,0.001509
KCRDKL,11,100,2,1500,1,0.008505,0.004165,0.003044
KCUD,11,100,2,1500,1,0.009841,0.00606,0.001589
KCRDKL,21,100,2,500,2,0.034304,0.012744,0.010547
KCUD,21,100,2,500,2,0.036132,0.016839,0.008058
KCRDKL,21,100,2,1000,2,0.036941,0.013812,0.01191
KCUD,21,100,2,1000,2,0.035164,0.015776,0.008468
KCRDKL,21,100,2,1500,2,0.038393,0.016088,0.011652
KCUD,21,100,2,1500,2,0.038044,0.017542,0.01052
KCRDKL,31,100,2,500,1,0.029259,0.010783,0.009902
KCUD,31,100,2,500,1,0.029229,0.011091,0.009629
KCRDKL,31,100,2,1000,1,0.04865,0.021541,0.01347
KCUD,31,100,2,1000,1,0.050635,0.015176,0.014915
KCRDKL,31,100,2,1500,1,0.057932,0.01579,0.017895
KCUD,31,100,2,1500,1,0.044908,0.018147,0.015242
KCRDKL,41,100,2,500,2,0.135867,0.046893,0.044292
KCUD,41,100,2,500,2,0.148702,0.046933,0.042827
KCRDKL,41,100,2,1000,2,0.135375,0.047045,0.045667
KCUD,41,100,2,1000,2,0.150879,0.049472,0.036002
KCRDKL,41,100,2,1500,2,0.158593,0.046847,0.045366
KCUD,41,100,2,1500,2,0.153543,0.048096,0.042128
KCRDKL,51,100,2,500,2,0.217508,0.063719,0.077944
KCUD,51,100,2,500,2,0.207293,0.064949,0.066552
KCRDKL,51,100,2,1000,2,0.226859,0.066375,0.079972
KCUD,51,100,2,1000,2,0.216687,0.060342,0.063423
KCRDKL,51,100,2,1500,2,0.177665,0.055613,0.062178
KCUD,51,100,2,1500,2,0.160881,0.04715,0.050263
KCRDKL,61,100,2,500,2,0.288954,0.079977,0.09271
KCUD,61,100,2,500,2,0.289489,0.094095,0.083585
KCRDKL,61,100,2,1000,2,0.322544,0.091237,0.096319
KCUD,61,100,2,1000,2,0.292468,0.093965,0.088826
KCRDKL,61,100,2,1500,2,0.313236,0.086938,0.100146
KCUD,61,100,2,1500,2,0.30521,0.0878,0.086684
KCRDKL,71,100,2,500,2,0.294418,0.091547,0.101114
KCUD,71,100,2,500,2,0.366467,0.100194,0.110856
KCRDKL,71,100,2,1000,2,0.409767,0.111907,0.126356
KCUD,71,100,2,1000,2,0.402597,0.113028,0.116786
KCRDKL,71,100,2,1500,2,0.402698,0.114814,0.118588
KCUD,71,100,2,1500,2,0.396575,0.113031,0.115463
KCRDKL,81,100,2,500,2,0.457073,0.117558,0.167144
KCUD,81,100,2,500,2,0.501897,0.13584,0.144085
KCRDKL,81,100,2,1000,2,0.529566,0.140946,0.159806
KCUD,81,100,2,1000,2,0.512464,0.140111,0.142874
KCRDKL,81,100,2,1500,2,0.449431,0.12117,0.138836
KCUD,81,100,2,1500,2,0.515357,0.139563,0.148638
KCRDKL,91,100,2,500,2,0.644174,0.17665,0.203041
KCUD,91,100,2,500,2,0.65398,0.171695,0.186244
KCRDKL,91,100,2,1000,2,0.653793,0.174148,0.207964
KCUD,91,100,2,1000,2,0.630078,0.176104,0.173854
KCRDKL,91,100,2,1500,2,0.650425,0.168787,0.196724
KCUD,91,100,2,1500,2,0.585405,0.1539,0.156885
KCRDKL,101,100,2,500,2,0.728132,0.202617,0.232561
KCUD,101,100,2,500,2,0.807845,0.213684,0.232279
KCRDKL,101,100,2,1000,2,0.709579,0.161547,0.251974
KCUD,101,100,2,1000,2,0.678783,0.201332,0.203399
KCRDKL,101,100,2,1500,2,0.803603,0.205292,0.256545
KCUD,101,100,2,1500,2,0.631691,0.167087,0.189246
KCRDKL,1,100,2,500,1,0.008522,0.004353,0.003882
KCUD,1,100,2,500,1,0.00452,0.004235,0.000122
KCRDKL,1,100,2,1000,1,0.003828,0.002945,0.000751
KCUD,1,100,2,1000,1,0.004016,0.00376,0.000125
KCRDKL,1,100,2,1500,1,0.00444,0.002862,0.001434
KCUD,1,100,2,1500,1,0.003841,0.003611,0.000104
KCRDKL,11,100,2,500,1,0.00812,0.004926,0.00188
KCUD,11,100,2,500,1,0.008759,0.005909,0.00162
KCRDKL,11,100,2,1000,1,0.009154,0.004903,0.002675
KCUD,11,100,2,1000,1,0.008394,0.005717,0.001499
KCRDKL,11,100,2,1500,1,0.009193,0.004564,0.002881
KCUD,11,100,2,1500,1,0.008865,0.006039,0.001584
KCRDKL,21,100,2,500,1,0.018704,0.007813,0.006195
KCUD,21,100,2,500,1,0.021557,0.011223,0.005756
KCRDKL,21,100,2,1000,1,0.022735,0.008969,0.007411
KCUD,21,100,2,1000,1,0.022811,0.010802,0.005306
KCRDKL,21,100,2,1500,1,0.022804,0.008417,0.00793
KCUD,21,100,2,1500,1,0.0186,0.008597,0.004979
KCRDKL,31,100,2,500,1,0.045311,0.020261,0.014137
KCUD,31,100,2,500,1,0.039877,0.017904,0.010195
KCRDKL,31,100,2,1000,1,0.048772,0.019271,0.017844
KCUD,31,100,2,1000,1,0.043931,0.018821,0.011519
KCRDKL,31,100,2,1500,1,0.049951,0.01713,0.01755
KCUD,31,100,2,1500,1,0.045648,0.016559,0.014242
KCRDKL,41,100,2,500,1,0.084049,0.029393,0.030338
KCUD,41,100,2,500,1,0.078372,0.02861,0.025958
KCRDKL,41,100,2,1000,1,0.086331,0.026711,0.032676
KCUD,41,100,2,1000,1,0.079893,0.030003,0.025772
KCRDKL,41,100,2,1500,1,0.08241,0.028655,0.03035
KCUD,41,100,2,1500,1,0.077438,0.026712,0.027055
KCRDKL,51,100,2,500,1,0.121847,0.03934,0.041939
KCUD,51,100,2,500,1,0.116628,0.038476,0.036925
KCRDKL,51,100,2,1000,1,0.120322,0.039608,0.042696
KCUD,51,100,2,1000,1,0.114722,0.034715,0.04244
KCRDKL,51,100,2,1500,1,0.102869,0.034114,0.041403
KCUD,51,100,2,1500,1,0.112195,0.03726,0.039335
KCRDKL,61,100,2,500,1,0.164671,0.045395,0.061242
KCUD,61,100,2,500,1,0.184467,0.050856,0.056403
KCRDKL,61,100,2,1000,1,0.173002,0.054633,0.066276
KCUD,61,100,2,1000,1,0.168354,0.056036,0.058382
KCRDKL,61,100,2,1500,1,0.171013,0.05291,0.063208
KCUD,61,100,2,1500,1,0.191903,0.052067,0.05619
KCRDKL,71,100,2,500,1,0.225032,0.069801,0.081073
KCUD,71,100,2,500,1,0.217907,0.067679,0.072082
KCRDKL,71,100,2,1000,1,0.223548,0.063447,0.082682
KCUD,71,100,2,1000,1,0.17727,0.047946,0.061351
KCRDKL,71,100,2,1500,1,0.202238,0.067751,0.076153
KCUD,71,100,2,1500,1,0.208645,0.067154,0.073702
KCRDKL,81,100,2,500,1,0.277513,0.089705,0.092829
KCUD,81,100,2,500,1,0.27712,0.085047,0.095209
KCRDKL,81,100,2,1000,1,0.286974,0.082048,0.100977
KCUD,81,100,2,1000,1,0.28262,0.08671,0.097595
KCRDKL,81,100,2,1500,1,0.280737,0.079702,0.102216
KCUD,81,100,2,1500,1,0.218194,0.073172,0.077845
KCRDKL,91,100,2,500,1,0.382254,0.105997,0.140898
KCUD,91,100,2,500,1,0.369837,0.106385,0.127117
KCRDKL,91,100,2,1000,1,0.377548,0.107632,0.135859
KCUD,91,100,2,1000,1,0.354698,0.109652,0.111779
KCRDKL,91,100,2,1500,1,0.292742,0.075112,0.125248
KCUD,91,100,2,1500,1,0.337222,0.095778,0.112972
KCRDKL,101,100,2,500,1,0.456283,0.126742,0.154209
KCUD,101,100,2,500,1,0.458169,0.123743,0.167853
KCRDKL,101,100,2,1000,1,0.449078,0.121927,0.155701
KCUD,101,100,2,1000,1,0.360435,0.090731,0.128448
KCRDKL,101,100,2,1500,1,0.436112,0.118567,0.153257
KCUD,101,100,2,1500,1,0.446622,0.130372,0.139573
KCRDKL,1,100,2,500,1,0.0038,0.003155,0.000509
KCUD,1,100,2,500,1,0.003929,0.003705,0.000109
KCRDKL,1,100,2,1000,1,0.003608,0.002834,0.000666
KCUD,1,100,2,1000,1,0.003556,0.003314,0.000113
KCRDKL,1,100,2,1500,1,0.005016,0.003445,0.001375
KCUD,1,100,2,1500,1,0.003939,0.003691,0.000107
KCRDKL,11,100,2,500,1,0.007748,0.004329,0.001983
KCUD,11,100,2,500,1,0.010284,0.006942,0.001544
KCRDKL,11,100,2,1000,1,0.008189,0.004729,0.002268
KCUD,11,100,2,1000,1,0.008445,0.005414,0.001319
KCRDKL,11,100,2,1500,1,0.008331,0.00397,0.002892
KCUD,11,100,2,1500,1,0.009311,0.006049,0.00177
KCRDKL,21,100,2,500,1,0.021222,0.007617,0.006576
KCUD,21,100,2,500,1,0.019343,0.009643,0.005816
KCRDKL,21,100,2,1000,1,0.0208,0.008111,0.008015
KCUD,21,100,2,1000,1,0.019526,0.009102,0.005538
KCRDKL,21,100,2,1500,1,0.02038,0.007633,0.007841
KCUD,21,100,2,1500,1,0.021726,0.01007,0.007226
KCRDKL,31,100,2,500,1,0.046199,0.020873,0.014827
KCUD,31,100,2,500,1,0.045528,0.019657,0.012886
KCRDKL,31,100,2,1000,1,0.045761,0.021181,0.012384
KCUD,31,100,2,1000,1,0.044392,0.019158,0.01298
KCRDKL,31,100,2,1500,1,0.052887,0.012812,0.014816
KCUD,31,100,2,1500,1,0.05591,0.015246,0.01875
KCRDKL,41,100,2,500,1,0.078944,0.031101,0.022569
KCUD,41,100,2,500,1,0.091961,0.030662,0.02518
KCRDKL,41,100,2,1000,1,0.051423,0.01676,0.018476
KCUD,41,100,2,1000,1,0.08584,0.031764,0.025184
KCRDKL,41,100,2,1500,1,0.090995,0.027343,0.028417
KCUD,41,100,2,1500,1,0.072157,0.021261,0.02386
KCRDKL,51,100,2,500,1,0.117087,0.03876,0.040967
KCUD,51,100,2,500,1,0.116723,0.037279,0.039217
KCRDKL,51,100,2,1000,1,0.139635,0.040152,0.045647
KCUD,51,100,2,1000,1,0.121997,0.040795,0.04003
KCRDKL,51,100,2,1500,1,0.137936,0.037904,0.055164
KCUD,51,100,2,1500,1,0.125775,0.04424,0.039335
KCRDKL,61,100,2,500,1,0.179261,0.057,0.059854
KCUD,61,100,2,500,1,0.176854,0.064729,0.051004
KCRDKL,61,100,2,1000,1,0.182664,0.055212,0.066062
KCUD,61,100,2,1000,1,0.179376,0.057501,0.063595
KCRDKL,61,100,2,1500,1,0.175956,0.049904,0.070747
KCUD,61,100,2,1500,1,0.117602,0.039982,0.040176
KCRDKL,71,100,2,500,1,0.211189,0.070355,0.079602
KCUD,71,100,2,500,1,0.205306,0.065907,0.071341
KCRDKL,71,100,2,1000,1,0.218626,0.066639,0.079559
KCUD,71,100,2,1000,1,0.215613,0.062744,0.074529
KCRDKL,71,100,2,1500,1,0.217409,0.070029,0.073768
KCUD,71,100,2,1500,1,0.216931,0.070323,0.070211
KCRDKL,81,100,2,500,1,0.28126,0.093094,0.091083
KCUD,81,100,2,500,1,0.273457,0.085725,0.092275
KCRDKL,81,100,2,1000,1,0.258044,0.065916,0.099554
KCUD,81,100,2,1000,1,0.270416,0.082744,0.085305
KCRDKL,81,100,2,1500,1,0.278011,0.079227,0.101619
KCUD,81,100,2,1500,1,0.288096,0.087074,0.096597
KCRDKL,91,100,2,500,1,0.364378,0.098933,0.1252
KCUD,91,100,2,500,1,0.354942,0.108282,0.113973
KCRDKL,91,100,2,1000,1,0.287642,0.073579,0.116944
KCUD,91,100,2,1000,1,0.354862,0.109483,0.120287
KCRDKL,91,100,2,1500,1,0.379576,0.111459,0.128762
KCUD,91,100,2,1500,1,0.3664,0.116576,0.110178
KCRDKL,101,100,2,500,1,0.459641,0.133741,0.151675
KCUD,101,100,2,500,1,0.435165,0.123881,0.138439
KCRDKL,101,100,2,1000,1,0.452547,0.127048,0.154568
KCUD,101,100,2,1000,1,0.442017,0.129961,0.143383
KCRDKL,101,100,2,1500,1,0.464777,0.135083,0.153168
KCUD,101,100,2,1500,1,0.466492,0.144856,0.133747
KCRDKL,1,100,2,500,2,0.006796,0.005749,0.000797
KCUD,1,100,2,500,2,0.006511,0.006082,0.000199
KCRDKL,1,100,2,1000,2,0.006657,0.005206,0.001182
KCUD,1,100,2,1000,2,0.006485,0.006021,0.000191
KCRDKL,1,100,2,1500,2,0.007351,0.005346,0.001755
KCUD,1,100,2,1500,2,0.005921,0.00551,0.00016
KCRDKL,11,100,2,500,1,0.01113,0.007287,0.002216
KCUD,11,100,2,500,1,0.00918,0.00656,0.001366
KCRDKL,11,100,2,1000,1,0.010141,0.006275,0.002167
KCUD,11,100,2,1000,1,0.009134,0.005667,0.001465
KCRDKL,11,100,2,1500,1,0.009532,0.005514,0.002391
KCUD,11,100,2,1500,1,0.007824,0.005201,0.001499
KCRDKL,21,100,2,500,1,0.019705,0.009449,0.005763
KCUD,21,100,2,500,1,0.023181,0.011,0.005529
KCRDKL,21,100,2,1000,1,0.025027,0.008978,0.008807
KCUD,21,100,2,1000,1,0.025299,0.011024,0.006283
KCRDKL,21,100,2,1500,1,0.023472,0.009836,0.008486
KCUD,21,100,2,1500,1,0.025923,0.01104,0.006025
KCRDKL,31,100,2,500,1,0.049434,0.018628,0.017994
KCUD,31,100,2,500,1,0.042374,0.017108,0.012091
KCRDKL,31,100,2,1000,1,0.056513,0.018042,0.016011
KCUD,31,100,2,1000,1,0.042498,0.01855,0.0125
KCRDKL,31,100,2,1500,1,0.051511,0.019353,0.020341
KCUD,31,100,2,1500,1,0.051835,0.019415,0.013533
KCRDKL,41,100,2,500,1,0.083234,0.028543,0.029345
KCUD,41,100,2,500,1,0.084913,0.02935,0.028139
KCRDKL,41,100,2,1000,1,0.084699,0.030364,0.030407
KCUD,41,100,2,1000,1,0.08095,0.02724,0.031537
KCRDKL,41,100,2,1500,1,0.085353,0.028829,0.030812
KCUD,41,100,2,1500,1,0.08172,0.029449,0.026832
KCRDKL,51,100,2,500,1,0.120636,0.039058,0.043915
KCUD,51,100,2,500,1,0.130882,0.041889,0.038908
KCRDKL,51,100,2,1000,1,0.124797,0.039819,0.044384
KCUD,51,100,2,1000,1,0.13153,0.042581,0.037122
KCRDKL,51,100,2,1500,1,0.149361,0.037732,0.054673
KCUD,51,100,2,1500,1,0.118455,0.041466,0.037199
KCRDKL,61,100,2,500,1,0.118934,0.039401,0.043428
KCUD,61,100,2,500,1,0.161801,0.043388,0.064787
KCRDKL,61,100,2,1000,1,0.166242,0.049572,0.058887
KCUD,61,100,2,1000,1,0.163976,0.054307,0.052853
KCRDKL,61,100,2,1500,1,0.172086,0.052153,0.064305
KCUD,61,100,2,1500,1,0.171315,0.050936,0.055661
KCRDKL,71,100,2,500,1,0.229528,0.066279,0.089231
KCUD,71,100,2,500,1,0.216212,0.069829,0.072515
KCRDKL,71,100,2,1000,1,0.228107,0.06991,0.084308
KCUD,71,100,2,1000,1,0.218695,0.069034,0.074844
KCRDKL,71,100,2,1500,1,0.183073,0.0465,0.071335
KCUD,71,100,2,1500,1,0.200282,0.05413,0.074179
KCRDKL,81,100,2,500,1,0.287383,0.087978,0.093827
KCUD,81,100,2,500,1,0.269366,0.08074,0.089584
KCRDKL,81,100,2,1000,1,0.294731,0.083489,0.106444
KCUD,81,100,2,1000,1,0.278265,0.086961,0.089314
KCRDKL,81,100,2,1500,1,0.299399,0.084324,0.112884
KCUD,81,100,2,1500,1,0.285388,0.082741,0.099099
KCRDKL,91,100,2,500,1,0.350762,0.091951,0.131044
KCUD,91,100,2,500,1,0.356778,0.101347,0.119568
KCRDKL,91,100,2,1000,1,0.370635,0.102974,0.132655
KCUD,91,100,2,1000,1,0.362335,0.107352,0.116553
KCRDKL,91,100,2,1500,1,0.372197,0.104678,0.130144
KCUD,91,100,2,1500,1,0.294463,0.076537,0.095578
KCRDKL,101,100,2,500,1,0.445562,0.121425,0.156654
KCUD,101,100,2,500,1,0.437025,0.122578,0.138424
KCRDKL,101,100,2,1000,1,0.453306,0.124212,0.158081
KCUD,101,100,2,1000,1,0.434723,0.130259,0.135714
KCRDKL,101,100,2,1500,1,0.432752,0.133035,0.140042
KCUD,101,100,2,1500,1,0.420301,0.117418,0.138606
KCRDKL,1,100,2,500,2,0.009639,0.006817,0.002433
KCUD,1,100,2,500,2,0.005418,0.005044,0.000173
KCRDKL,1,100,2,1000,3,0.009642,0.007963,0.00131
KCUD,1,100,2,1000,2,0.005169,0.004831,0.000155
KCRDKL,1,100,2,1500,2,0.006867,0.005237,0.001337
KCUD,1,100,2,1500,2,0.0057,0.005336,0.000167
KCRDKL,11,100,2,500,1,0.011467,0.00702,0.002534
KCUD,11,100,2,500,1,0.007959,0.005327,0.001424
KCRDKL,11,100,2,1000,1,0.010606,0.005527,0.003529
KCUD,11,100,2,1000,1,0.008583,0.005954,0.001301
KCRDKL,11,100,2,1500,1,0.012207,0.006682,0.003405
KCUD,11,100,2,1500,1,0.007926,0.005487,0.001322
KCRDKL,21,100,2,500,1,0.020719,0.008328,0.007484
KCUD,21,100,2,500,1,0.020593,0.008962,0.00606
KCRDKL,21,100,2,1000,1,0.02192,0.009636,0.008259
KCUD,21,100,2,1000,1,0.022547,0.009303,0.004737
KCRDKL,21,100,2,1500,1,0.023927,0.009148,0.009146
KCUD,21,100,2,1500,1,0.020222,0.010027,0.005505
KCRDKL,31,100,2,500,1,0.049254,0.019683,0.017526
KCUD,31,100,2,500,1,0.044342,0.019483,0.015132
KCRDKL,31,100,2,1000,1,0.051233,0.020126,0.019239
KCUD,31,100,2,1000,1,0.045508,0.022128,0.012977
KCRDKL,31,100,2,1500,1,0.052354,0.016809,0.019355
KCUD,31,100,2,1500,1,0.048326,0.021295,0.013313
KCRDKL,41,100,2,500,1,0.08251,0.028545,0.025285
KCUD,41,100,2,500,1,0.079675,0.030483,0.026272
KCRDKL,41,100,2,1000,1,0.081674,0.024746,0.030933
KCUD,41,100,2,1000,1,0.080222,0.034048,0.019031
KCRDKL,41,100,2,1500,1,0.077914,0.028671,0.027835
KCUD,41,100,2,1500,1,0.069337,0.027361,0.017958
KCRDKL,51,100,2,500,1,0.106686,0.034373,0.037644
KCUD,51,100,2,500,1,0.11407,0.039353,0.037884
KCRDKL,51,100,2,1000,1,0.124427,0.03607,0.044726
KCUD,51,100,2,1000,1,0.112807,0.04148,0.033683
KCRDKL,51,100,2,1500,1,0.11429,0.038735,0.043182
KCUD,51,100,2,1500,1,0.115015,0.038568,0.03797
KCRDKL,61,100,2,500,1,0.173731,0.054078,0.061803
KCUD,61,100,2,500,1,0.165789,0.05355,0.055894
KCRDKL,61,100,2,1000,1,0.170554,0.050266,0.064105
KCUD,61,100,2,1000,1,0.171297,0.055983,0.061946
KCRDKL,61,100,2,1500,1,0.176718,0.059777,0.062367
KCUD,61,100,2,1500,1,0.16771,0.052077,0.057621
KCRDKL,71,100,2,500,1,0.210976,0.066534,0.074165
KCUD,71,100,2,500,1,0.15995,0.049522,0.062938
KCRDKL,71,100,2,1000,1,0.229374,0.064531,0.095065
KCUD,71,100,2,1000,1,0.216366,0.063178,0.074994
KCRDKL,71,100,2,1500,1,0.232788,0.064801,0.086534
KCUD,71,100,2,1500,1,0.219422,0.076105,0.070725
KCRDKL,81,100,2,500,1,0.309209,0.090604,0.110666
KCUD,81,100,2,500,1,0.28883,0.088252,0.092234
KCRDKL,81,100,2,1000,1,0.275762,0.085907,0.090307
KCUD,81,100,2,1000,1,0.246171,0.067414,0.07932
KCRDKL,81,100,2,1500,1,0.281759,0.085304,0.095969
KCUD,81,100,2,1500,1,0.282567,0.091724,0.085568
KCRDKL,91,100,2,500,1,0.374543,0.107481,0.128736
KCUD,91,100,2,500,1,0.360787,0.101769,0.122436
KCRDKL,91,100,2,1000,1,0.344299,0.104059,0.111139
KCUD,91,100,2,1000,1,0.319657,0.09439,0.097461
KCRDKL,91,100,2,1500,1,0.375417,0.111462,0.124306
KCUD,91,100,2,1500,1,0.377301,0.110925,0.121307
KCRDKL,101,100,2,500,1,0.455428,0.122349,0.162037
KCUD,101,100,2,500,1,0.466566,0.130504,0.165147
KCRDKL,101,100,2,1000,1,0.452595,0.131441,0.155795
KCUD,101,100,2,1000,1,0.430922,0.11807,0.142371
KCRDKL,101,100,2,1500,1,0.45343,0.128753,0.154484
KCUD,101,100,2,1500,1,0.443051,0.135267,0.134858
KCRDKL,1,100,2,500,1,0.004173,0.002922,0.001143
KCUD,1,100,2,500,1,0.002946,0.002743,0.000108
KCRDKL,1,100,2,1000,1,0.003841,0.002861,0.000854
KCUD,1,100,2,1000,1,0.002946,0.00272,0.000101
KCRDKL,1,100,2,1500,1,0.003643,0.002678,0.000838
KCUD,1,100,2,1500,1,0.002859,0.002644,0.000118
KCRDKL,11,100,2,500,2,0.012593,0.006984,0.00301
KCUD,11,100,2,500,2,0.016502,0.011163,0.002468
KCRDKL,11,100,2,1000,2,0.01452,0.007906,0.003865
KCUD,11,100,2,1000,2,0.015296,0.010318,0.00226
KCRDKL,11,100,2,1500,2,0.014056,0.00764,0.003686
KCUD,11,100,2,1500,2,0.016089,0.01057,0.002424
KCRDKL,21,100,2,500,2,0.035589,0.015869,0.010952
KCUD,21,100,2,500,2,0.040039,0.016349,0.008686
KCRDKL,21,100,2,1000,2,0.028365,0.0106,0.0084
KCUD,21,100,2,1000,2,0.037545,0.019103,0.007772
KCRDKL,21,100,2,1500,2,0.039307,0.016579,0.010941
KCUD,21,100,2,1500,2,0.037843,0.017123,0.009653
KCRDKL,31,100,2,500,2,0.075639,0.028005,0.022952
KCUD,31,100,2,500,2,0.086018,0.028602,0.021971
KCRDKL,31,100,2,1000,2,0.084238,0.024601,0.024133
KCUD,31,100,2,1000,2,0.083002,0.028614,0.02064
KCRDKL,31,100,2,1500,2,0.082029,0.025112,0.026335
KCUD,31,100,2,1500,2,0.089512,0.03275,0.020166
KCRDKL,41,100,2,500,2,0.141762,0.045862,0.044727
KCUD,41,100,2,500,2,0.150941,0.046426,0.037938
KCRDKL,41,100,2,1000,2,0.144107,0.046325,0.041843
KCUD,41,100,2,1000,2,0.150436,0.044583,0.039936
KCRDKL,41,100,2,1500,2,0.154915,0.046597,0.046161
KCUD,41,100,2,1500,2,0.164686,0.052646,0.050033
KCRDKL,51,100,2,500,2,0.220422,0.066655,0.074934
KCUD,51,100,2,500,2,0.204055,0.065773,0.061768
KCRDKL,51,100,2,1000,2,0.185626,0.058759,0.055239
KCUD,51,100,2,1000,2,0.207672,0.067989,0.059371
KCRDKL,51,100,2,1500,2,0.211481,0.063438,0.068785
KCUD,51,100,2,1500,2,0.211274,0.065725,0.0593
KCRDKL,61,100,2,500,2,0.296567,0.091151,0.095413
KCUD,61,100,2,500,2,0.314583,0.094717,0.084493
KCRDKL,61,100,2,1000,2,0.32383,0.09098,0.095228
KCUD,61,100,2,1000,2,0.322601,0.097411,0.094127
KCRDKL,61,100,2,1500,2,0.248334,0.064109,0.081422
KCUD,61,100,2,1500,2,0.309015,0.094795,0.082432
KCRDKL,71,100,2,500,2,0.39522,0.110581,0.131348
KCUD,71,100,2,500,2,0.414265,0.11502,0.11822
KCRDKL,71,100,2,1000,2,0.403589,0.104729,0.124594
KCUD,71,100,2,1000,2,0.38961,0.117398,0.107007
KCRDKL,71,100,2,1500,2,0.366606,0.085984,0.125107
KCUD,71,100,2,1500,2,0.382503,0.108547,0.117011
KCRDKL,81,100,2,500,2,0.479817,0.131055,0.157917
KCUD,81,100,2,500,2,0.502192,0.134401,0.141002
KCRDKL,81,100,2,1000,2,0.518238,0.135975,0.159113
KCUD,81,100,2,1000,2,0.428611,0.124062,0.128346
KCRDKL,81,100,2,1500,2,0.498682,0.133692,0.159193
KCUD,81,100,2,1500,2,0.500523,0.143012,0.139902
KCRDKL,91,100,2,500,2,0.617481,0.169295,0.196221
KCUD,91,100,2,500,2,0.557115,0.141393,0.161326
KCRDKL,91,100,2,1000,2,0.617524,0.168282,0.194977
KCUD,91,100,2,1000,2,0.589833,0.17965,0.16646
KCRDKL,91,100,2,1500,2,0.573239,0.155817,0.180019
KCUD,91,100,2,1500,2,0.62113,0.174668,0.18209
KCRDKL,101,100,2,500,2,0.787261,0.223201,0.241689
KCUD,101,100,2,500,2,0.817336,0.221198,0.224461
KCRDKL,101,100,2,1000,2,0.817036,0.212364,0.242866
KCUD,101,100,2,1000,2,0.809312,0.217177,0.224788
KCRDKL,101,100,2,1500,3,1.02447,0.280961,0.288214
KCUD,101,100,2,1500,2,0.797396,0.217829,0.225802
KCRDKL,1,100,2,500,3,0.018678,0.008714,0.006754
KCUD,1,100,2,500,2,0.006085,0.005721,0.000166
KCRDKL,1,100,2,1000,3,0.008415,0.006775,0.001331
KCUD,1,100,2,1000,2,0.00714,0.006622,0.000207
KCRDKL,1,100,2,1500,3,0.009527,0.007038,0.002176
KCUD,1,100,2,1500,2,0.005863,0.005529,0.000164
KCRDKL,11,100,2,500,1,0.009253,0.005829,0.001737
KCUD,11,100,2,500,1,0.007999,0.005299,0.001285
KCRDKL,11,100,2,1000,1,0.008343,0.005206,0.001954
KCUD,11,100,2,1000,1,0.008547,0.005562,0.001417
KCRDKL,11,100,2,1500,1,0.009773,0.005752,0.002285
KCUD,11,100,2,1500,1,0.008539,0.005417,0.001512
KCRDKL,21,100,2,500,1,0.021091,0.008763,0.007498
KCUD,21,100,2,500,1,0.023064,0.011367,0.004945
KCRDKL,21,100,2,1000,1,0.021639,0.008285,0.008376
KCUD,21,100,2,1000,1,0.019306,0.00909,0.005233
KCRDKL,21,100,2,1500,1,0.023458,0.009526,0.008371
KCUD,21,100,2,1500,1,0.02126,0.011403,0.005521
KCRDKL,31,100,2,500,1,0.044634,0.016856,0.015732
KCUD,31,100,2,500,1,0.049126,0.018333,0.012425
KCRDKL,31,100,2,1000,1,0.05504,0.018384,0.015436
KCUD,31,100,2,1000,1,0.030055,0.011445,0.009005
KCRDKL,31,100,2,1500,1,0.03522,0.011669,0.012002
KCUD,31,100,2,1500,1,0.042021,0.017516,0.012564
KCRDKL,41,100,2,500,1,0.078646,0.029609,0.026209
KCUD,41,100,2,500,1,0.087847,0.026991,0.023767
KCRDKL,41,100,2,1000,1,0.082154,0.022586,0.030265
KCUD,41,100,2,1000,1,0.0752,0.026594,0.024019
KCRDKL,41,100,2,1500,1,0.084513,0.027217,0.033304
KCUD,41,100,2,1500,1,0.079148,0.032585,0.023243
KCRDKL,51,100,2,500,1,0.11861,0.038894,0.040712
KCUD,51,100,2,500,1,0.119667,0.040182,0.043078
KCRDKL,51,100,2,1000,1,0.123258,0.040888,0.04301
KCUD,51,100,2,1000,1,0.122603,0.044955,0.035157
KCRDKL,51,100,2,1500,1,0.127387,0.033307,0.049943
KCUD,51,100,2,1500,1,0.12477,0.044524,0.040363
KCRDKL,61,100,2,500,1,0.180449,0.055669,0.065845
KCUD,61,100,2,500,1,0.166985,0.057275,0.055332
KCRDKL,61,100,2,1000,1,0.175688,0.056222,0.063231
KCUD,61,100,2,1000,1,0.159123,0.053611,0.054176
KCRDKL,61,100,2,1500,1,0.18192,0.050786,0.062892
KCUD,61,100,2,1500,1,0.173596,0.052684,0.055411
KCRDKL,71,100,2,500,1,0.221318,0.063389,0.081307
KCUD,71,100,2,500,1,0.213315,0.070484,0.070551
KCRDKL,71,100,2,1000,1,0.22697,0.067513,0.085229
KCUD,71,100,2,1000,1,0.215404,0.068338,0.072586
KCRDKL,71,100,2,1500,1,0.227214,0.063884,0.085348
KCUD,71,100,2,1500,1,0.219974,0.064179,0.077095
KCRDKL,81,100,2,500,1,0.287455,0.081464,0.108234
KCUD,81,100,2,500,1,0.213932,0.072751,0.073591
KCRDKL,81,100,2,1000,1,0.301126,0.086296,0.108556
KCUD,81,100,2,1000,1,0.28312,0.09403,0.087928
KCRDKL,81,100,2,1500,1,0.304154,0.084412,0.111904
KCUD,81,100,2,1500,1,0.30052,0.083232,0.110954
KCRDKL,91,100,2,500,1,0.377142,0.109814,0.128192
KCUD,91,100,2,500,1,0.300417,0.079061,0.096993
KCRDKL,91,100,2,1000,1,0.373881,0.107442,0.129392
KCUD,91,100,2,1000,1,0.357539,0.106479,0.114576
KCRDKL,91,100,2,1500,1,0.37028,0.106081,0.128405
KCUD,91,100,2,1500,1,0.363456,0.107238,0.118985
KCRDKL,101,100,2,500,1,0.373584,0.088539,0.148854
KCUD,101,100,2,500,1,0.423913,0.125677,0.139488
KCRDKL,101,100,2,1000,1,0.456258,0.121796,0.164731
KCUD,101,100,2,1000,1,0.457878,0.124432,0.163437
KCRDKL,101,100,2,1500,1,0.460892,0.125514,0.161153
KCUD,101,100,2,1500,1,0.376937,0.102829,0.121744
